# Dielectric function: real and imaginary components
#        Energy (eV)          Re_eps_x          Re_eps_y          Re_eps_z          Im_eps_x          Im_eps_y          Im_eps_z
    0.0000000000e+00  7.4085677230e+00  7.8350458350e+00  7.6136068910e+00  0.0000000000e+00  0.0000000000e+00  0.0000000000e+00
    1.0000000000e-02  7.4086597710e+00  7.8351500900e+00  7.6137097510e+00  2.8294030000e-03  3.2049900000e-03  3.1744500000e-03
    2.0000000000e-02  7.4089359450e+00  7.8354628890e+00  7.6140183660e+00  5.6596960000e-03  6.4109940000e-03  6.3500580000e-03
    3.0000000000e-02  7.4093963250e+00  7.8359843230e+00  7.6145328400e+00  8.4917710000e-03  9.6190280000e-03  9.5279850000e-03
    4.0000000000e-02  7.4100410490e+00  7.8367145510e+00  7.6152533480e+00  1.1326522000e-02  1.2830108000e-02  1.2709392000e-02
    5.0000000000e-02  7.4108703070e+00  7.8376537890e+00  7.6161801350e+00  1.4164844000e-02  1.6045256000e-02  1.5895446000e-02
    6.0000000000e-02  7.4118843470e+00  7.8388023210e+00  7.6173135170e+00  1.7007637000e-02  1.9265495000e-02  1.9087321000e-02
    7.0000000000e-02  7.4130834710e+00  7.8401604920e+00  7.6186538790e+00  1.9855807000e-02  2.2491854000e-02  2.2286196000e-02
    8.0000000000e-02  7.4144680350e+00  7.8417287100e+00  7.6202016770e+00  2.2710262000e-02  2.5725370000e-02  2.5493260000e-02
    9.0000000000e-02  7.4160384530e+00  7.8435074460e+00  7.6219574420e+00  2.5571919000e-02  2.8967084000e-02  2.8709710000e-02
    1.0000000000e-01  7.4177951940e+00  7.8454972390e+00  7.6239217740e+00  2.8441702000e-02  3.2218048000e-02  3.1936758000e-02
    1.1000000000e-01  7.4197387850e+00  7.8476986890e+00  7.6260953470e+00  3.1320544000e-02  3.5479321000e-02  3.5175626000e-02
    1.2000000000e-01  7.4218698080e+00  7.8501124620e+00  7.6284789080e+00  3.4209387000e-02  3.8751973000e-02  3.8427554000e-02
    1.3000000000e-01  7.4241889060e+00  7.8527392920e+00  7.6310732790e+00  3.7109183000e-02  4.2037086000e-02  4.1693796000e-02
    1.4000000000e-01  7.4266967760e+00  7.8555799760e+00  7.6338793580e+00  4.0020896000e-02  4.5335755000e-02  4.4975625000e-02
    1.5000000000e-01  7.4293941790e+00  7.8586353830e+00  7.6368981170e+00  4.2945504000e-02  4.8649087000e-02  4.8274334000e-02
    1.6000000000e-01  7.4322819310e+00  7.8619064450e+00  7.6401306070e+00  4.5883996000e-02  5.1978205000e-02  5.1591237000e-02
    1.7000000000e-01  7.4353609110e+00  7.8653941660e+00  7.6435779590e+00  4.8837378000e-02  5.5324249000e-02  5.4927673000e-02
    1.8000000000e-01  7.4386320590e+00  7.8690996200e+00  7.6472413800e+00  5.1806672000e-02  5.8688376000e-02  5.8285005000e-02
    1.9000000000e-01  7.4420963770e+00  7.8730239500e+00  7.6511221610e+00  5.4792917000e-02  6.2071760000e-02  6.1664623000e-02
    2.0000000000e-01  7.4457549310e+00  7.8771683720e+00  7.6552216750e+00  5.7797170000e-02  6.5475597000e-02  6.5067949000e-02
    2.1000000000e-01  7.4496088500e+00  7.8815341760e+00  7.6595413780e+00  6.0820508000e-02  6.8901103000e-02  6.8496435000e-02
    2.2000000000e-01  7.4536593280e+00  7.8861227250e+00  7.6640828140e+00  6.3864030000e-02  7.2349520000e-02  7.1951565000e-02
    2.3000000000e-01  7.4579076280e+00  7.8909354570e+00  7.6688476130e+00  6.6928858000e-02  7.5822110000e-02  7.5434863000e-02
    2.4000000000e-01  7.4623550770e+00  7.8959738890e+00  7.6738374940e+00  7.0016136000e-02  7.9320165000e-02  7.8947888000e-02
    2.5000000000e-01  7.4670030750e+00  7.9012396140e+00  7.6790542670e+00  7.3127035000e-02  8.2845000000e-02  8.2492242000e-02
    2.6000000000e-01  7.4718530900e+00  7.9067343070e+00  7.6844998390e+00  7.6262753000e-02  8.6397965000e-02  8.6069573000e-02
    2.7000000000e-01  7.4769066620e+00  7.9124597240e+00  7.6901762080e+00  7.9424518000e-02  8.9980435000e-02  8.9681571000e-02
    2.8000000000e-01  7.4821654060e+00  7.9184177030e+00  7.6960854740e+00  8.2613586000e-02  9.3593822000e-02  9.3329979000e-02
    2.9000000000e-01  7.4876310100e+00  7.9246101690e+00  7.7022298350e+00  8.5831247000e-02  9.7239570000e-02  9.7016592000e-02
    3.0000000000e-01  7.4933052400e+00  7.9310391320e+00  7.7086115940e+00  8.9078826000e-02  1.0091916100e-01  1.0074326100e-01
    3.1000000000e-01  7.4991899410e+00  7.9377066930e+00  7.7152331590e+00  9.2357682000e-02  1.0463411600e-01  1.0451189800e-01
    3.2000000000e-01  7.5052870390e+00  7.9446150420e+00  7.7220970460e+00  9.5669214000e-02  1.0838599400e-01  1.0832447600e-01
    3.3000000000e-01  7.5115985420e+00  7.9517664650e+00  7.7292058860e+00  9.9014861000e-02  1.1217640100e-01  1.1218303700e-01
    3.4000000000e-01  7.5181265410e+00  7.9591633410e+00  7.7365624230e+00  1.0239610500e-01  1.1600698600e-01  1.1608969400e-01
    3.5000000000e-01  7.5248732180e+00  7.9668081480e+00  7.7441695210e+00  1.0581447300e-01  1.1987944600e-01  1.2004663500e-01
    3.6000000000e-01  7.5318408410e+00  7.9747034660e+00  7.7520301650e+00  1.0927153900e-01  1.2379552700e-01  1.2405612900e-01
    3.7000000000e-01  7.5390317710e+00  7.9828519770e+00  7.7601474670e+00  1.1276892900e-01  1.2775703300e-01  1.2812053200e-01
    3.8000000000e-01  7.5464484650e+00  7.9912564690e+00  7.7685246700e+00  1.1630832200e-01  1.3176581800e-01  1.3224228700e-01
    3.9000000000e-01  7.5540934740e+00  7.9999198400e+00  7.7771651500e+00  1.1989145200e-01  1.3582380000e-01  1.3642393700e-01
    4.0000000000e-01  7.5619694510e+00  8.0088451010e+00  7.7860724210e+00  1.2352011400e-01  1.3993295700e-01  1.4066812500e-01
    4.1000000000e-01  7.5700791520e+00  8.0180353760e+00  7.7952501450e+00  1.2719616400e-01  1.4409533200e-01  1.4497760400e-01
    4.2000000000e-01  7.5784254400e+00  8.0274939100e+00  7.8047021260e+00  1.3092152800e-01  1.4831304000e-01  1.4935524200e-01
    4.3000000000e-01  7.5870112850e+00  8.0372240710e+00  7.8144323250e+00  1.3469819700e-01  1.5258826600e-01  1.5380402900e-01
    4.4000000000e-01  7.5958397730e+00  8.0472293530e+00  7.8244448620e+00  1.3852824100e-01  1.5692327400e-01  1.5832708800e-01
    4.5000000000e-01  7.6049141040e+00  8.0575133790e+00  7.8347440210e+00  1.4241380600e-01  1.6132040800e-01  1.6292767900e-01
    4.6000000000e-01  7.6142376000e+00  8.0680799080e+00  7.8453342540e+00  1.4635712100e-01  1.6578209800e-01  1.6760920900e-01
    4.7000000000e-01  7.6238137060e+00  8.0789328380e+00  7.8562201920e+00  1.5036050500e-01  1.7031086500e-01  1.7237524600e-01
    4.8000000000e-01  7.6336459970e+00  8.0900762080e+00  7.8674066480e+00  1.5442636600e-01  1.7490932400e-01  1.7722952400e-01
    4.9000000000e-01  7.6437381810e+00  8.1015142080e+00  7.8788986240e+00  1.5855721500e-01  1.7958019200e-01  1.8217595500e-01
    5.0000000000e-01  7.6540941020e+00  8.1132511800e+00  7.8907013200e+00  1.6275566300e-01  1.8432629300e-01  1.8721864400e-01
    5.1000000000e-01  7.6647177480e+00  8.1252916230e+00  7.9028201380e+00  1.6702443600e-01  1.8915056000e-01  1.9236189900e-01
    5.2000000000e-01  7.6756132520e+00  8.1376402020e+00  7.9152606940e+00  1.7136637300e-01  1.9405604800e-01  1.9761024600e-01
    5.3000000000e-01  7.6867849030e+00  8.1503017500e+00  7.9280288230e+00  1.7578444000e-01  1.9904593700e-01  2.0296844400e-01
    5.4000000000e-01  7.6982371460e+00  8.1632812760e+00  7.9411305860e+00  1.8028173400e-01  2.0412353900e-01  2.0844150200e-01
    5.5000000000e-01  7.7099745900e+00  8.1765839700e+00  7.9545722840e+00  1.8486149100e-01  2.0929230600e-01  2.1403469200e-01
    5.6000000000e-01  7.7220020140e+00  8.1902152120e+00  7.9683604620e+00  1.8952710000e-01  2.1455583900e-01  2.1975357700e-01
    5.7000000000e-01  7.7343243740e+00  8.2041805750e+00  7.9825019210e+00  1.9428210300e-01  2.1991789800e-01  2.2560402200e-01
    5.8000000000e-01  7.7469468070e+00  8.2184858360e+00  7.9970037250e+00  1.9913021300e-01  2.2538240900e-01  2.3159222100e-01
    5.9000000000e-01  7.7598746420e+00  8.2331369820e+00  8.0118732150e+00  2.0407532300e-01  2.3095347400e-01  2.3772472300e-01
    6.0000000000e-01  7.7731134040e+00  8.2481402170e+00  8.0271180180e+00  2.0912151700e-01  2.3663538400e-01  2.4400845200e-01
    6.1000000000e-01  7.7866688210e+00  8.2635019700e+00  8.0427460530e+00  2.1427307900e-01  2.4243262800e-01  2.5045074500e-01
    6.2000000000e-01  7.8005468350e+00  8.2792289070e+00  8.0587655490e+00  2.1953451500e-01  2.4834990900e-01  2.5705937100e-01
    6.3000000000e-01  7.8147536080e+00  8.2953279360e+00  8.0751850510e+00  2.2491056000e-01  2.5439215300e-01  2.6384257800e-01
    6.4000000000e-01  7.8292955300e+00  8.3118062190e+00  8.0920134340e+00  2.3040619700e-01  2.6056452600e-01  2.7080911900e-01
    6.5000000000e-01  7.8441792290e+00  8.3286711790e+00  8.1092599110e+00  2.3602667300e-01  2.6687244700e-01  2.7796829900e-01
    6.6000000000e-01  7.8594115790e+00  8.3459305150e+00  8.1269340450e+00  2.4177752100e-01  2.7332160800e-01  2.8533001800e-01
    6.7000000000e-01  7.8749997110e+00  8.3635922080e+00  8.1450457640e+00  2.4766457300e-01  2.7991798900e-01  2.9290481700e-01
    6.8000000000e-01  7.8909510210e+00  8.3816645320e+00  8.1636053660e+00  2.5369399000e-01  2.8666787800e-01  3.0070393400e-01
    6.9000000000e-01  7.9072731820e+00  8.4001560720e+00  8.1826235290e+00  2.5987227800e-01  2.9357789100e-01  3.0873936000e-01
    7.0000000000e-01  7.9239741500e+00  8.4190757280e+00  8.2021113260e+00  2.6620632100e-01  3.0065499600e-01  3.1702390400e-01
    7.1000000000e-01  7.9410621820e+00  8.4384327310e+00  8.2220802260e+00  2.7270340100e-01  3.0790653500e-01  3.2557126300e-01
    7.2000000000e-01  7.9585458390e+00  8.4582366570e+00  8.2425421040e+00  2.7937123600e-01  3.1534025100e-01  3.3439609900e-01
    7.3000000000e-01  7.9764340000e+00  8.4784974400e+00  8.2635092460e+00  2.8621800600e-01  3.2296431600e-01  3.4351412100e-01
    7.4000000000e-01  7.9947358750e+00  8.4992253830e+00  8.2849943480e+00  2.9325239500e-01  3.3078736200e-01  3.5294218300e-01
    7.5000000000e-01  8.0134610140e+00  8.5204311760e+00  8.3070105180e+00  3.0048362700e-01  3.3881851500e-01  3.6269838300e-01
    7.6000000000e-01  8.0326193140e+00  8.5421259070e+00  8.3295712670e+00  3.0792150800e-01  3.4706742800e-01  3.7280218000e-01
    7.7000000000e-01  8.0522210370e+00  8.5643210810e+00  8.3526905030e+00  3.1557647700e-01  3.5554432400e-01  3.8327451500e-01
    7.8000000000e-01  8.0722768140e+00  8.5870286290e+00  8.3763825090e+00  3.2345965400e-01  3.6426003500e-01  3.9413795200e-01
    7.9000000000e-01  8.0927976570e+00  8.6102609310e+00  8.4006619220e+00  3.3158289700e-01  3.7322605000e-01  4.0541683000e-01
    8.0000000000e-01  8.1137949660e+00  8.6340308240e+00  8.4255436960e+00  3.3995886700e-01  3.8245456600e-01  4.1713742800e-01
    8.1000000000e-01  8.1352805360e+00  8.6583516220e+00  8.4510430590e+00  3.4860109000e-01  3.9195854200e-01  4.2932815700e-01
    8.2000000000e-01  8.1572665610e+00  8.6832371270e+00  8.4771754450e+00  3.5752403600e-01  4.0175176100e-01  4.4201976100e-01
    8.3000000000e-01  8.1797656420e+00  8.7087016460e+00  8.5039564200e+00  3.6674320000e-01  4.1184889100e-01  4.5524554200e-01
    8.4000000000e-01  8.2027907810e+00  8.7347600050e+00  8.5314015770e+00  3.7627519100e-01  4.2226556300e-01  4.6904161300e-01
    8.5000000000e-01  8.2263553780e+00  8.7614275550e+00  8.5595264100e+00  3.8613783200e-01  4.3301844500e-01  4.8344716800e-01
    8.6000000000e-01  8.2504732250e+00  8.7887201910e+00  8.5883461460e+00  3.9635027100e-01  4.4412532800e-01  4.9850478500e-01
    8.7000000000e-01  8.2751584920e+00  8.8166543540e+00  8.6178755450e+00  4.0693309500e-01  4.5560522300e-01  5.1426075400e-01
    8.8000000000e-01  8.3004257020e+00  8.8452470380e+00  8.6481286510e+00  4.1790847100e-01  4.6747846100e-01  5.3076543600e-01
    8.9000000000e-01  8.3262897040e+00  8.8745157920e+00  8.6791184710e+00  4.2930028100e-01  4.7976680600e-01  5.4807364700e-01
    9.0000000000e-01  8.3527656280e+00  8.9044787160e+00  8.7108565990e+00  4.4113429200e-01  4.9249358100e-01  5.6624508100e-01
    9.1000000000e-01  8.3798688330e+00  8.9351544520e+00  8.7433527350e+00  4.5343832400e-01  5.0568379800e-01  5.8534475100e-01
    9.2000000000e-01  8.4076148330e+00  8.9665621660e+00  8.7766141120e+00  4.6624244500e-01  5.1936431200e-01  6.0544345800e-01
    9.3000000000e-01  8.4360192070e+00  8.9987215230e+00  8.8106447840e+00  4.7957918400e-01  5.3356397600e-01  6.2661827400e-01
    9.4000000000e-01  8.4650974760e+00  9.0316526460e+00  8.8454447720e+00  4.9348375500e-01  5.4831382200e-01  6.4895302800e-01
    9.5000000000e-01  8.4948649610e+00  9.0653760700e+00  8.8810090190e+00  5.0799431000e-01  5.6364724700e-01  6.7253878400e-01
    9.6000000000e-01  8.5253365960e+00  9.0999126640e+00  8.9173261420e+00  5.2315220700e-01  5.7960022600e-01  6.9747426800e-01
    9.7000000000e-01  8.5565266970e+00  9.1352835490e+00  8.9543769280e+00  5.3900229900e-01  5.9621153000e-01  7.2386623000e-01
    9.8000000000e-01  8.5884486790e+00  9.1715099730e+00  8.9921325480e+00  5.5559323800e-01  6.1352296900e-01  7.5182966300e-01
    9.9000000000e-01  8.6211147100e+00  9.2086131740e+00  9.0305524480e+00  5.7297780100e-01  6.3157964700e-01  7.8148783900e-01
    1.0000000000e+00  8.6545352790e+00  9.2466141890e+00  9.0695818910e+00  5.9121321300e-01  6.5043023000e-01  8.1297203900e-01
    1.0100000000e+00  8.6887186860e+00  9.2855336340e+00  9.1091491220e+00  6.1036148600e-01  6.7012722800e-01  8.4642087200e-01
    1.0200000000e+00  8.7236704120e+00  9.3253914300e+00  9.1491621700e+00  6.3048973500e-01  6.9072728400e-01  8.8197902600e-01
    1.0300000000e+00  8.7593923700e+00  9.3662064710e+00  9.1895053180e+00  6.5167047400e-01  7.1229145500e-01  9.1979524700e-01
    1.0400000000e+00  8.7958820110e+00  9.4079962320e+00  9.2300353500e+00  6.7398185100e-01  7.3488549800e-01  9.6001933400e-01
    1.0500000000e+00  8.8331312780e+00  9.4507763120e+00  9.2705777540e+00  6.9750780800e-01  7.5858012400e-01  1.0027978810e+00
    1.0600000000e+00  8.8711253710e+00  9.4945598970e+00  9.3109231840e+00  7.2233810000e-01  7.8345122200e-01  1.0482685000e+00
    1.0700000000e+00  8.9098413510e+00  9.5393571620e+00  9.3508246420e+00  7.4856813500e-01  8.0958003200e-01  1.0965523060e+00
    1.0800000000e+00  8.9492465540e+00  9.5851745990e+00  9.3899960120e+00  7.7629855900e-01  8.3705323900e-01  1.1477445140e+00
    1.0900000000e+00  8.9892968650e+00  9.6320142950e+00  9.4281127710e+00  8.0563449000e-01  8.6596297900e-01  1.2019032130e+00
    1.1000000000e+00  9.0299348840e+00  9.6798731740e+00  9.4648158580e+00  8.3668432400e-01  8.9640672700e-01  1.2590366960e+00
    1.1100000000e+00  9.0710880990e+00  9.7287422360e+00  9.4997196950e+00  8.6955799900e-01  9.2848706900e-01  1.3190901700e+00
    1.1200000000e+00  9.1126671810e+00  9.7786058230e+00  9.5324252370e+00  9.0436461100e-01  9.6231132400e-01  1.3819332780e+00
    1.1300000000e+00  9.1545646420e+00  9.8294409560e+00  9.5625383780e+00  9.4120934500e-01  9.9799106300e-01  1.4473504010e+00
    1.1400000000e+00  9.1966540890e+00  9.8812167860e+00  9.5896932120e+00  9.8018967500e-01  1.0356415100e+00  1.5150362020e+00
    1.1500000000e+00  9.2387904310e+00  9.9338941720e+00  9.6135784190e+00  1.0213909560e+00  1.0753808910e+00  1.5845988000e+00
    1.1600000000e+00  9.2808113600e+00  9.9874254270e+00  9.6339637210e+00  1.0648816200e+00  1.1173297590e+00  1.6555723460e+00
    1.1700000000e+00  9.3225404340e+00  1.0041754228e+01  9.6507223760e+00  1.1107084100e+00  1.1616103580e+00  1.7274392260e+00
    1.1800000000e+00  9.3637919050e+00  1.0096815678e+01  9.6638455900e+00  1.1588922540e+00  1.2083460730e+00  1.7996600590e+00
    1.1900000000e+00  9.4043772250e+00  1.0152536534e+01  9.6734458800e+00  1.2094255400e+00  1.2576610440e+00  1.8717076070e+00
    1.2000000000e+00  9.4441127580e+00  1.0208835549e+01  9.6797487740e+00  1.2622716060e+00  1.3096800000e+00  1.9430995140e+00
    1.2100000000e+00  9.4828278330e+00  1.0265623897e+01  9.6830749350e+00  1.3173670780e+00  1.3645284590e+00  2.0134252950e+00
    1.2200000000e+00  9.5203718780e+00  1.0322805533e+01  9.6838167450e+00  1.3746273230e+00  1.4223333940e+00  2.0823649690e+00
    1.2300000000e+00  9.5566192230e+00  1.0380277246e+01  9.6824135910e+00  1.4339546570e+00  1.4832244850e+00  2.1496995640e+00
    1.2400000000e+00  9.5914703030e+00  1.0437928055e+01  9.6793284230e+00  1.4952482430e+00  1.5473359040e+00  2.2153157720e+00
    1.2500000000e+00  9.6248485330e+00  1.0495637561e+01  9.6750257120e+00  1.5584139860e+00  1.6148084340e+00  2.2792073500e+00
    1.2600000000e+00  9.6566929840e+00  1.0553272972e+01  9.6699491490e+00  1.6233723970e+00  1.6857914200e+00  2.3414742970e+00
    1.2700000000e+00  9.6869479660e+00  1.0610684772e+01  9.6644974440e+00  1.6900625510e+00  1.7604439260e+00  2.4023185290e+00
    1.2800000000e+00  9.7155515000e+00  1.0667701368e+01  9.6589984660e+00  1.7584408720e+00  1.8389344560e+00  2.4620332170e+00
    1.2900000000e+00  9.7424251610e+00  1.0724123357e+01  9.6536845270e+00  1.8284744800e+00  1.9214388230e+00  2.5209832350e+00
    1.3000000000e+00  9.7674677310e+00  1.0779718176e+01  9.6486733840e+00  1.9001300610e+00  2.0081361700e+00  2.5795763630e+00
    1.3100000000e+00  9.7905545370e+00  1.0834215778e+01  9.6439595200e+00  1.9733602740e+00  2.0992035060e+00  2.6382277490e+00
    1.3200000000e+00  9.8115432510e+00  1.0887305581e+01  9.6394183970e+00  2.0480904480e+00  2.1948093950e+00  2.6973225200e+00
    1.3300000000e+00  9.8302856080e+00  1.0938634506e+01  9.6348235390e+00  2.1242084950e+00  2.2951073650e+00  2.7571821920e+00
    1.3400000000e+00  9.8466432450e+00  1.0987805601e+01  9.6298736600e+00  2.2015604570e+00  2.4002292360e+00  2.8180396710e+00
    1.3500000000e+00  9.8605048820e+00  1.1034376713e+01  9.6242254490e+00  2.2799531020e+00  2.5102780800e+00  2.8800256320e+00
    1.3600000000e+00  9.8718017580e+00  1.1077859021e+01  9.6175272700e+00  2.3591636400e+00  2.6253200220e+00  2.9431669120e+00
    1.3700000000e+00  9.8805185050e+00  1.1117715887e+01  9.6094495730e+00  2.4389552490e+00  2.7453738970e+00  3.0073957180e+00
    1.3800000000e+00  9.8866974990e+00  1.1153363223e+01  9.5997089040e+00  2.5190961430e+00  2.8703979600e+00  3.0725672860e+00
    1.3900000000e+00  9.8904359150e+00  1.1184173250e+01  9.5880834700e+00  2.5993793390e+00  3.0002735390e+00  3.1384829860e+00
    1.4000000000e+00  9.8918758280e+00  1.1209483733e+01  9.5744193640e+00  2.6796404100e+00  3.1347865500e+00  3.2049155040e+00
    1.4100000000e+00  9.8911887040e+00  1.1228614453e+01  9.5586277040e+00  2.7597709220e+00  3.2736090000e+00  3.2716327160e+00
    1.4200000000e+00  9.8885561890e+00  1.1240891688e+01  9.5406741650e+00  2.8397260350e+00  3.4162835800e+00  3.3384171660e+00
    1.4300000000e+00  9.8841494380e+00  1.1245680001e+01  9.5205634300e+00  2.9195255490e+00  3.5622149170e+00  3.4050789290e+00
    1.4400000000e+00  9.8781091340e+00  1.1242418958e+01  9.4983217100e+00  2.9992484800e+00  3.7106708020e+00  3.4714609030e+00
    1.4500000000e+00  9.8705281210e+00  1.1230660911e+01  9.4739803500e+00  3.0790219090e+00  3.8607955430e+00  3.5374369590e+00
    1.4600000000e+00  9.8614380480e+00  1.1210105129e+01  9.4475629160e+00  3.1590053250e+00  4.0116359160e+00  3.6029044740e+00
    1.4700000000e+00  9.8508009450e+00  1.1180623582e+01  9.4190771210e+00  3.2393718870e+00  4.1621780820e+00  3.6677733010e+00
    1.4800000000e+00  9.8385061900e+00  1.1142274609e+01  9.3885120720e+00  3.3202880710e+00  4.3113920620e+00  3.7319532880e+00
    1.4900000000e+00  9.8243729960e+00  1.1095302328e+01  9.3558406900e+00  3.4018930820e+00  4.4582790760e+00  3.7953422390e+00
    1.5000000000e+00  9.8081583200e+00  1.1040121618e+01  9.3210266770e+00  3.4842794270e+00  4.6019166420e+00  3.8578159960e+00
    1.5100000000e+00  9.7895697890e+00  1.0977290355e+01  9.2840349800e+00  3.5674759980e+00  4.7414967310e+00  3.9192221100e+00
    1.5200000000e+00  9.7682828830e+00  1.0907472068e+01  9.2448441800e+00  3.6514350320e+00  4.8763532610e+00  3.9793782490e+00
    1.5300000000e+00  9.7439611510e+00  1.0831393159e+01  9.2034587410e+00  3.7360240600e+00  5.0059766410e+00  4.0380758320e+00
    1.5400000000e+00  9.7162778300e+00  1.0749799203e+01  9.1599188750e+00  3.8210235610e+00  5.1300146050e+00  4.0950884460e+00
    1.5500000000e+00  9.6849370770e+00  1.0663414738e+01  9.1143061010e+00  3.9061303240e+00  5.2482600980e+00  4.1501835260e+00
    1.5600000000e+00  9.6496932230e+00  1.0572910337e+01  9.0667435580e+00  3.9909658940e+00  5.3606283480e+00  4.2031349730e+00
    1.5700000000e+00  9.6103669510e+00  1.0478879772e+01  9.0173913520e+00  4.0750889850e+00  5.4671262880e+00  4.2537341850e+00
    1.5800000000e+00  9.5668579570e+00  1.0381828826e+01  8.9664384890e+00  4.1580106560e+00  5.5678180910e+00  4.3017975240e+00
    1.5900000000e+00  9.5191540520e+00  1.0282176060e+01  8.9140935830e+00  4.2392113430e+00  5.6627907640e+00  4.3471693510e+00
    1.6000000000e+00  9.4673368330e+00  1.0180264630e+01  8.8605765230e+00  4.3181591970e+00  5.7521235230e+00  4.3897209610e+00
    1.6100000000e+00  9.4115837390e+00  1.0076383259e+01  8.8061126060e+00  4.3943294680e+00  5.8358642140e+00  4.4293466430e+00
    1.6200000000e+00  9.3521660440e+00  9.9707935290e+00  8.7509298480e+00  4.4672244730e+00  5.9140153930e+00  4.4659583810e+00
    1.6300000000e+00  9.2894422010e+00  9.8637598650e+00  8.6952595010e+00  4.5363932940e+00  5.9865317120e+00  4.4994806080e+00
    1.6400000000e+00  9.2238462820e+00  9.7555780430e+00  8.6393395180e+00  4.6014497970e+00  6.0533289530e+00  4.5298462100e+00
    1.6500000000e+00  9.1558719360e+00  9.6465980870e+00  8.5834204060e+00  4.6620873400e+00  6.1143034670e+00  4.5569949390e+00
    1.6600000000e+00  9.0860530100e+00  9.5372381220e+00  8.5277725390e+00  4.7180887490e+00  6.1693592190e+00  4.5808753910e+00
    1.6700000000e+00  9.0149425210e+00  9.4279871810e+00  8.4726932630e+00  4.7693306920e+00  6.2184386140e+00  4.6014514410e+00
    1.6800000000e+00  8.9430918270e+00  9.3193965310e+00  8.4185115270e+00  4.8157823250e+00  6.2615529280e+00  4.6187132460e+00
    1.6900000000e+00  8.8710316850e+00  9.2120605660e+00  8.3655876690e+00  4.8574986980e+00  6.2988085960e+00  4.6326916000e+00
    1.7000000000e+00  8.7992565580e+00  9.1065893030e+00  8.3143067370e+00  4.8946099080e+00  6.3304263000e+00  4.6434732090e+00
    1.7100000000e+00  8.7282131700e+00  9.0035751510e+00  8.2650651680e+00  4.9273072790e+00  6.3567506650e+00  4.6512137240e+00
    1.7200000000e+00  8.6582937990e+00  8.9035571180e+00  8.2182523060e+00  4.9558281140e+00  6.3782491650e+00  4.6561457010e+00
    1.7300000000e+00  8.5898343050e+00  8.8069859550e+00  8.1742293800e+00  4.9804406220e+00  6.3954998100e+00  4.6585797800e+00
    1.7400000000e+00  8.5231162650e+00  8.7141938510e+00  8.1333088510e+00  5.0014305170e+00  6.4091683730e+00  4.6588988810e+00
    1.7500000000e+00  8.4583721130e+00  8.6253718360e+00  8.0957364940e+00  5.0190904150e+00  6.4199771900e+00  4.6575464890e+00
    1.7600000000e+00  8.3957918250e+00  8.5405570250e+00  8.0616776000e+00  5.0337125520e+00  6.4286686090e+00  4.6550106660e+00
    1.7700000000e+00  8.3355297370e+00  8.4596304490e+00  8.0312077660e+00  5.0455846830e+00  6.4359664830e+00  4.6518054060e+00
    1.7800000000e+00  8.2777103990e+00  8.3823249630e+00  8.0043082810e+00  5.0549884660e+00  6.4425388070e+00  4.6484504960e+00
    1.7900000000e+00  8.2224329230e+00  8.3082419850e+00  7.9808660890e+00  5.0621993010e+00  6.4489637540e+00  4.6454506520e+00
    1.8000000000e+00  8.1697739000e+00  8.2368757100e+00  7.9606785550e+00  5.0674866940e+00  6.4557006300e+00  4.6432746180e+00
    1.8100000000e+00  8.1197893070e+00  8.1676437000e+00  7.9434634210e+00  5.0711145740e+00  6.4630668800e+00  4.6423352360e+00
    1.8200000000e+00  8.0725158970e+00  8.0999228670e+00  7.9288741230e+00  5.0733414450e+00  6.4712224530e+00  4.6429719510e+00
    1.8300000000e+00  8.0279722810e+00  8.0330895320e+00  7.9165200740e+00  5.0744205540e+00  6.4801631490e+00  4.6454376040e+00
    1.8400000000e+00  7.9861595650e+00  7.9665613560e+00  7.9059906390e+00  5.0746002180e+00  6.4897246530e+00  4.6498913780e+00
    1.8500000000e+00  7.9470612650e+00  7.8998378640e+00  7.8968806520e+00  5.0741241810e+00  6.4995982900e+00  4.6563992930e+00
    1.8600000000e+00  7.9106423370e+00  7.8325356070e+00  7.8888147260e+00  5.0732314720e+00  6.5093581420e+00  4.6649427320e+00
    1.8700000000e+00  7.8768476200e+00  7.7644142110e+00  7.8814673880e+00  5.0721551910e+00  6.5184974320e+00  4.6754343230e+00
    1.8800000000e+00  7.8456004010e+00  7.6953907070e+00  7.8745765160e+00  5.0711197850e+00  6.5264706110e+00  4.6877392000e+00
    1.8900000000e+00  7.8168020350e+00  7.6255412280e+00  7.8679484890e+00  5.0703369830e+00  6.5327369450e+00  4.7016987670e+00
    1.9000000000e+00  7.7903333510e+00  7.5550908510e+00  7.8614549070e+00  5.0700010440e+00  6.5368017110e+00  4.7171535540e+00
    1.9100000000e+00  7.7660580520e+00  7.4843934320e+00  7.8550221380e+00  5.0702843920e+00  6.5382520510e+00  4.7339621220e+00
    1.9200000000e+00  7.7438276910e+00  7.4139036750e+00  7.8486161650e+00  5.0713345710e+00  6.5367855830e+00  4.7520138880e+00
    1.9300000000e+00  7.7234873190e+00  7.3441435830e+00  7.8422256120e+00  5.0732730560e+00  6.5322305980e+00  4.7712351300e+00
    1.9400000000e+00  7.7048809010e+00  7.2756652900e+00  7.8358456000e+00  5.0761958100e+00  6.5245570070e+00  4.7915887520e+00
    1.9500000000e+00  7.6878558990e+00  7.2090123780e+00  7.8294642290e+00  5.0801749980e+00  6.5138772820e+00  4.8130691870e+00
    1.9600000000e+00  7.6722669720e+00  7.1446822050e+00  7.8230525790e+00  5.0852611740e+00  6.5004368670e+00  4.8356941120e+00
    1.9700000000e+00  7.6579792470e+00  7.0830923230e+00  7.8165584470e+00  5.0914854770e+00  6.4845941850e+00  4.8594943300e+00
    1.9800000000e+00  7.6448717390e+00  7.0245543590e+00  7.8099037600e+00  5.0988619400e+00  6.4667915020e+00  4.8845029270e+00
    1.9900000000e+00  7.6328412870e+00  6.9692583870e+00  7.8029855940e+00  5.1073905310e+00  6.4475193940e+00  4.9107445600e+00
    2.0000000000e+00  7.6218067700e+00  6.9172696720e+00  7.7956806770e+00  5.1170617750e+00  6.4272788840e+00  4.9382258590e+00
    2.0100000000e+00  7.6117127090e+00  6.8685377550e+00  7.7878529990e+00  5.1278636410e+00  6.4065459850e+00  4.9669280530e+00
    2.0200000000e+00  7.6025309340e+00  6.8229157820e+00  7.7793636730e+00  5.1397907930e+00  6.3857429720e+00  4.9968029150e+00
    2.0300000000e+00  7.5942588720e+00  6.7801863290e+00  7.7700816360e+00  5.1528554820e+00  6.3652192970e+00  5.0277727880e+00
    2.0400000000e+00  7.5869134640e+00  6.7400893220e+00  7.7598935130e+00  5.1670986220e+00  6.3452429800e+00  5.0597348040e+00
    2.0500000000e+00  7.5805204470e+00  6.7023481470e+00  7.7487109350e+00  5.1825990570e+00  6.3260013820e+00  5.0925686310e+00
    2.0600000000e+00  7.5750997210e+00  6.6666913240e+00  7.7364740820e+00  5.1994790010e+00  6.3076089580e+00  5.1261464010e+00
    2.0700000000e+00  7.5706484160e+00  6.6328686920e+00  7.7231508920e+00  5.2179039910e+00  6.2901192810e+00  5.1603430060e+00
    2.0800000000e+00  7.5671239650e+00  6.6006622050e+00  7.7087322400e+00  5.2380765330e+00  6.2735390770e+00  5.1950449390e+00
    2.0900000000e+00  7.5644297140e+00  6.5698920090e+00  7.6932241260e+00  5.2602236830e+00  6.2578428340e+00  5.2301561520e+00
    2.1000000000e+00  7.5624052850e+00  6.5404183390e+00  7.6766384450e+00  5.2845798580e+00  6.2429871550e+00  5.2656000530e+00
    2.1100000000e+00  7.5608231670e+00  6.5121395340e+00  7.6589840670e+00  5.3113670420e+00  6.2289241800e+00  5.3013174890e+00
    2.1200000000e+00  7.5593919400e+00  6.4849863750e+00  7.6402598430e+00  5.3407748630e+00  6.2156131730e+00  5.3372612920e+00
    2.1300000000e+00  7.5577654870e+00  6.4589133180e+00  7.6204507250e+00  5.3729428750e+00  6.2030291180e+00  5.3733885680e+00
    2.1400000000e+00  7.5555567270e+00  6.4338878550e+00  7.5995275980e+00  5.4079467380e+00  6.1911673030e+00  5.4096522780e+00
    2.1500000000e+00  7.5523541190e+00  6.4098797070e+00  7.5774506670e+00  5.4457891280e+00  6.1800435200e+00  5.4459937710e+00
    2.1600000000e+00  7.5477392270e+00  6.3868515800e+00  7.5541755250e+00  5.4863954280e+00  6.1696903450e+00  5.4823376870e+00
    2.1700000000e+00  7.5413041790e+00  6.3647527150e+00  7.5296604420e+00  5.5296137390e+00  6.1601507060e+00  5.5185900270e+00
    2.1800000000e+00  7.5326682490e+00  6.3435156950e+00  7.5038732560e+00  5.5752186760e+00  6.1514702090e+00  5.5546393890e+00
    2.1900000000e+00  7.5214931530e+00  6.3230563120e+00  7.4767965200e+00  5.6229185860e+00  6.1436894890e+00  5.5903605150e+00
    2.2000000000e+00  7.5074965430e+00  6.3032759430e+00  7.4484302670e+00  5.6723660800e+00  6.1368374650e+00  5.6256187720e+00
    2.2100000000e+00  7.4904629270e+00  6.2840658310e+00  7.4187926300e+00  5.7231717850e+00  6.1309259830e+00  5.6602741450e+00
    2.2200000000e+00  7.4702509130e+00  6.2653127750e+00  7.3879193200e+00  5.7749209130e+00  6.1259461530e+00  5.6941837410e+00
    2.2300000000e+00  7.4467955900e+00  6.2469057650e+00  7.3558633200e+00  5.8271916690e+00  6.1218666310e+00  5.7272026530e+00
    2.2400000000e+00  7.4201051700e+00  6.2287430570e+00  7.3226959830e+00  5.8795737770e+00  6.1186340940e+00  5.7591838760e+00
    2.2500000000e+00  7.3902517830e+00  6.2107390210e+00  7.2885100680e+00  5.9316848630e+00  6.1161761290e+00  5.7899785990e+00
    2.2600000000e+00  7.3573574240e+00  6.1928299340e+00  7.2534243390e+00  5.9831823380e+00  6.1144064990e+00  5.8194383620e+00
    2.2700000000e+00  7.3215772020e+00  6.1749777800e+00  7.2175884680e+00  6.0337688680e+00  6.1132324750e+00  5.8474201290e+00
    2.2800000000e+00  7.2830829760e+00  6.1571712200e+00  7.1811865120e+00  6.0831906830e+00  6.1125634380e+00  5.8737944920e+00
    2.2900000000e+00  7.2420506350e+00  6.1394231950e+00  7.1444372580e+00  6.1312295680e+00  6.1123195640e+00  5.8984562100e+00
    2.3000000000e+00  7.1986536640e+00  6.1217652190e+00  7.1075903660e+00  6.1776909800e+00  6.1124391040e+00  5.9213354210e+00
    2.3100000000e+00  7.1530641080e+00  6.1042391600e+00  7.0709182030e+00  6.2223918820e+00  6.1128828320e+00  5.9424075210e+00
    2.3200000000e+00  7.1054600800e+00  6.0868879870e+00  7.0347043340e+00  6.2651520880e+00  6.1136347590e+00  5.9616998910e+00
    2.3300000000e+00  7.0560371050e+00  6.0697472910e+00  6.9992303260e+00  6.3057919850e+00  6.1146989780e+00  5.9792943840e+00
    2.3400000000e+00  7.0050194490e+00  6.0528392380e+00  6.9647628000e+00  6.3441377980e+00  6.1160935070e+00  5.9953254740e+00
    2.3500000000e+00  6.9526675460e+00  6.0361699520e+00  6.9315423100e+00  6.3800333540e+00  6.1178426430e+00  6.0099748390e+00
    2.3600000000e+00  6.8992786940e+00  6.0197303970e+00  6.8997749420e+00  6.4133555680e+00  6.1199696130e+00  6.0234636910e+00
    2.3700000000e+00  6.8451800100e+00  6.0034999550e+00  6.8696267720e+00  6.4440298390e+00  6.1224909780e+00  6.0360442030e+00
    2.3800000000e+00  6.7907146580e+00  5.9874513900e+00  6.8412206920e+00  6.4720416840e+00  6.1254135420e+00  6.0479910490e+00
    2.3900000000e+00  6.7362238890e+00  5.9715558450e+00  6.8146349350e+00  6.4974420080e+00  6.1287337620e+00  6.0595935550e+00
    2.4000000000e+00  6.6820282010e+00  5.9557868960e+00  6.7899026410e+00  6.5203450020e+00  6.1324390180e+00  6.0711484960e+00
    2.4100000000e+00  6.6284108290e+00  5.9401232180e+00  6.7670121590e+00  6.5409192690e+00  6.1365099000e+00  6.0829533210e+00
    2.4200000000e+00  6.5756059180e+00  5.9245499120e+00  6.7459080400e+00  6.5593740350e+00  6.1409227390e+00  6.0952995720e+00
    2.4300000000e+00  6.5237926460e+00  5.9090587970e+00  6.7264928960e+00  6.5759429520e+00  6.1456518620e+00  6.1084664200e+00
    2.4400000000e+00  6.4730952880e+00  5.8936480280e+00  6.7086303150e+00  6.5908680850e+00  6.1506713250e+00  6.1227145010e+00
    2.4500000000e+00  6.4235882280e+00  5.8783214330e+00  6.6921489210e+00  6.6043862620e+00  6.1559560180e+00  6.1382803690e+00
    2.4600000000e+00  6.3753041410e+00  5.8630878680e+00  6.6768473800e+00  6.6167192030e+00  6.1614822080e+00  6.1553719990e+00
    2.4700000000e+00  6.3282433130e+00  5.8479608890e+00  6.6624999950e+00  6.6280678160e+00  6.1672276580e+00  6.1741656120e+00
    2.4800000000e+00  6.2823822760e+00  5.8329588960e+00  6.6488623240e+00  6.6386100580e+00  6.1731716520e+00  6.1948039290e+00
    2.4900000000e+00  6.2376806330e+00  5.8181057330e+00  6.6356763000e+00  6.6485010210e+00  6.1792952420e+00  6.2173955900e+00
    2.5000000000e+00  6.1940860160e+00  5.8034314880e+00  6.6226745380e+00  6.6578736790e+00  6.1855820060e+00  6.2420152610e+00
    2.5100000000e+00  6.1515379570e+00  5.7889731850e+00  6.6095838340e+00  6.6668392020e+00  6.1920193450e+00  6.2687038130e+00
    2.5200000000e+00  6.1099719370e+00  5.7747750820e+00  6.5961282940e+00  6.6754866230e+00  6.1986001820e+00  6.2974681190e+00
    2.5300000000e+00  6.0693246050e+00  5.7608885300e+00  6.5820326650e+00  6.6838826060e+00  6.2053247630e+00  6.3282803720e+00
    2.5400000000e+00  6.0295403690e+00  5.7473715490e+00  6.5670264500e+00  6.6920726220e+00  6.2122024310e+00  6.3610772670e+00
    2.5500000000e+00  5.9905785890e+00  5.7342883330e+00  6.5508489790e+00  6.7000847850e+00  6.2192534280e+00  6.3957596620e+00
    2.5600000000e+00  5.9524198830e+00  5.7217087250e+00  6.5332552390e+00  6.7079369880e+00  6.2265110350e+00  6.4321933540e+00
    2.5700000000e+00  5.9150697730e+00  5.7097073430e+00  6.5140219250e+00  6.7156470570e+00  6.2340244080e+00  6.4702113420e+00
    2.5800000000e+00  5.8785581490e+00  5.6983617300e+00  6.4929530950e+00  6.7232447240e+00  6.2418621400e+00  6.5096176020e+00
    2.5900000000e+00  5.8429336680e+00  5.6877488550e+00  6.4698849730e+00  6.7307835280e+00  6.2501161070e+00  6.5501921090e+00
    2.6000000000e+00  5.8082531120e+00  5.6779396360e+00  6.4446896880e+00  6.7383503940e+00  6.2589047100e+00  6.5916967210e+00
    2.6100000000e+00  5.7745667890e+00  5.6689917460e+00  6.4172779790e+00  6.7460706550e+00  6.2683744920e+00  6.6338816850e+00
    2.6200000000e+00  5.7419020770e+00  5.6609415390e+00  6.3876009120e+00  6.7541068960e+00  6.2786994010e+00  6.6764926990e+00
    2.6300000000e+00  5.7102479300e+00  5.6537961340e+00  6.3556504880e+00  6.7626510160e+00  6.2900775820e+00  6.7192786640e+00
    2.6400000000e+00  5.6795432740e+00  5.6475264970e+00  6.3214587480e+00  6.7719103620e+00  6.3027261080e+00  6.7620002070e+00
    2.6500000000e+00  5.6496715660e+00  5.6420618950e+00  6.2850946710e+00  6.7820900950e+00  6.3168743220e+00  6.8044387950e+00
    2.6600000000e+00  5.6204624730e+00  5.6372856360e+00  6.2466581480e+00  6.7933748100e+00  6.3327563340e+00  6.8464057330e+00
    2.6700000000e+00  5.5917001020e+00  5.6330317710e+00  6.2062705580e+00  6.8059124240e+00  6.3506028030e+00  6.8877497710e+00
    2.6800000000e+00  5.5631359290e+00  5.6290826650e+00  6.1640622050e+00  6.8198026100e+00  6.3706317520e+00  6.9283616150e+00
    2.6900000000e+00  5.5345039830e+00  5.6251676880e+00  6.1201578900e+00  6.8350908000e+00  6.3930379730e+00  6.9681736590e+00
    2.7000000000e+00  5.5055358810e+00  5.6209638240e+00  6.0746628360e+00  6.8517675980e+00  6.4179807690e+00  7.0071539560e+00
    2.7100000000e+00  5.4759739460e+00  5.6160992880e+00  6.0276517770e+00  6.8697725280e+00  6.4455702510e+00  7.0452947070e+00
    2.7200000000e+00  5.4455813690e+00  5.6101612590e+00  5.9791636280e+00  6.8890006370e+00  6.4758531250e+00  7.0825971040e+00
    2.7300000000e+00  5.4141491790e+00  5.6027083860e+00  5.9292030130e+00  6.9093104100e+00  6.5087995060e+00  7.1190555070e+00
    2.7400000000e+00  5.3815004590e+00  5.5932880110e+00  5.8777481160e+00  6.9305316840e+00  6.5442927470e+00  7.1546442850e+00
    2.7500000000e+00  5.3474926550e+00  5.5814570780e+00  5.8247626830e+00  6.9524727580e+00  6.5821241780e+00  7.1893098570e+00
    2.7600000000e+00  5.3120190570e+00  5.5668048680e+00  5.7702090660e+00  6.9749265780e+00  6.6219941620e+00  7.2229689280e+00
    2.7700000000e+00  5.2750102150e+00  5.5489751980e+00  5.7140592690e+00  6.9976764970e+00  6.6635199850e+00  7.2555121610e+00
    2.7800000000e+00  5.2364354610e+00  5.5276856670e+00  5.6563020070e+00  7.0205025540e+00  6.7062500580e+00  7.2868111590e+00
    2.7900000000e+00  5.1963039050e+00  5.5027419930e+00  5.5969452340e+00  7.0431890580e+00  6.7496829900e+00  7.3167261310e+00
    2.8000000000e+00  5.1546637310e+00  5.4740462170e+00  5.5360150090e+00  7.0655337170e+00  6.7932895060e+00  7.3451119660e+00
    2.8100000000e+00  5.1115985300e+00  5.4415985140e+00  5.4735524660e+00  7.0873576440e+00  6.8365349900e+00  7.3718213560e+00
    2.8200000000e+00  5.0672198710e+00  5.4054931020e+00  5.4096109230e+00  7.1085148060e+00  6.8789006340e+00  7.3967047770e+00
    2.8300000000e+00  5.0216561810e+00  5.3659093810e+00  5.3442548110e+00  7.1288991140e+00  6.9199016630e+00  7.4196081180e+00
    2.8400000000e+00  4.9750389460e+00  5.3230997910e+00  5.2775614790e+00  7.1484474550e+00  6.9591016720e+00  7.4403694500e+00
    2.8500000000e+00  4.9274879410e+00  5.2773758890e+00  5.2096260290e+00  7.1671375840e+00  6.9961228140e+00  7.4588166590e+00
    2.8600000000e+00  4.8790976140e+00  5.2290940180e+00  5.1405685310e+00  7.1849805810e+00  7.0306520860e+00  7.4747676170e+00
    2.8700000000e+00  4.8299267120e+00  5.1786415030e+00  5.0705422010e+00  7.2020084840e+00  7.0624444070e+00  7.4880340770e+00
    2.8800000000e+00  4.7799929120e+00  5.1264238030e+00  4.9997406230e+00  7.2182584780e+00  7.0913233010e+00  7.4984297690e+00
    2.8900000000e+00  4.7292736200e+00  5.0728525780e+00  4.9284018850e+00  7.2337556960e+00  7.1171798180e+00  7.5057821770e+00
    2.9000000000e+00  4.6777132410e+00  5.0183344180e+00  4.8568079080e+00  7.2484970270e+00  7.1399699190e+00  7.5099463720e+00
    2.9100000000e+00  4.6252362620e+00  4.9632600930e+00  4.7852781390e+00  7.2624384060e+00  7.1597101050e+00  7.5108184320e+00
    2.9200000000e+00  4.5717644850e+00  4.9079946970e+00  4.7141582490e+00  7.2754876470e+00  7.1764708480e+00  7.5083457270e+00
    2.9300000000e+00  4.5172360400e+00  4.8528695880e+00  4.6438059210e+00  7.2875040490e+00  7.1903676450e+00  7.5025319560e+00
    2.9400000000e+00  4.4616234690e+00  4.7981773570e+00  4.5745766900e+00  7.2983049750e+00  7.2015501890e+00  7.4934362770e+00
    2.9500000000e+00  4.4049483940e+00  4.7441707810e+00  4.5068127590e+00  7.3076784570e+00  7.2101910390e+00  7.4811676740e+00
    2.9600000000e+00  4.3472908840e+00  4.6910658160e+00  4.4408364440e+00  7.3154000480e+00  7.2164757920e+00  7.4658771350e+00
    2.9700000000e+00  4.2887926020e+00  4.6390474530e+00  4.3769481220e+00  7.3212516310e+00  7.2205967050e+00  7.4477506210e+00
    2.9800000000e+00  4.2296537520e+00  4.5882761350e+00  4.3154268080e+00  7.3250398720e+00  7.2227508270e+00  7.4270050700e+00
    2.9900000000e+00  4.1701246940e+00  4.5388920330e+00  4.2565306380e+00  7.3266123950e+00  7.2231421830e+00  7.4038879950e+00
    3.0000000000e+00  4.1104935600e+00  4.4910151210e+00  4.2004948520e+00  7.3258703930e+00  7.2219859800e+00  7.3786794750e+00
    3.0100000000e+00  4.0510713250e+00  4.4447404730e+00  4.1475262100e+00  7.3227770400e+00  7.2195118050e+00  7.3516942140e+00
    3.0200000000e+00  3.9921756120e+00  4.4001301020e+00  4.0977943570e+00  7.3173615690e+00  7.2159629280e+00  7.3232812330e+00
    3.0300000000e+00  3.9341142830e+00  4.3572041740e+00  4.0514219570e+00  7.3097190920e+00  7.2115899620e+00  7.2938196450e+00
    3.0400000000e+00  3.8771697610e+00  4.3159350190e+00  4.0084758310e+00  7.3000063090e+00  7.2066390320e+00  7.2637103040e+00
    3.0500000000e+00  3.8215850480e+00  4.2762467820e+00  3.9689609030e+00  7.2884333760e+00  7.2013364890e+00  7.2333643100e+00
    3.0600000000e+00  3.7675524750e+00  4.2380220600e+00  3.9328178480e+00  7.2752524820e+00  7.1958734290e+00  7.2031899790e+00
    3.0700000000e+00  3.7152060160e+00  4.2011149650e+00  3.8999243790e+00  7.2607440600e+00  7.1903935070e+00  7.1735798330e+00
    3.0800000000e+00  3.6646176440e+00  4.1653683960e+00  3.8700995070e+00  7.2452018760e+00  7.1849867050e+00  7.1448986580e+00
    3.0900000000e+00  3.6157976440e+00  4.1306323940e+00  3.8431100200e+00  7.2289182440e+00  7.1796902160e+00  7.1174730650e+00
    3.1000000000e+00  3.5686984430e+00  4.0967804610e+00  3.8186786350e+00  7.2121703730e+00  7.1744959280e+00  7.0915826280e+00
    3.1100000000e+00  3.5232213010e+00  4.0637215650e+00  3.7964936380e+00  7.1952085430e+00  7.1693627530e+00  7.0674525920e+00
    3.1200000000e+00  3.4792252540e+00  4.0314067620e+00  3.7762199290e+00  7.1782465260e+00  7.1642314400e+00  7.0452483670e+00
    3.1300000000e+00  3.4365377440e+00  3.9998305470e+00  3.7575113490e+00  7.1614546010e+00  7.1590396340e+00  7.0250722390e+00
    3.1400000000e+00  3.3949663110e+00  3.9690278190e+00  3.7400238710e+00  7.1449554610e+00  7.1537355860e+00  7.0069627940e+00
    3.1500000000e+00  3.3543106060e+00  3.9390675890e+00  3.7234289330e+00  7.1288232490e+00  7.1482896240e+00  6.9908974810e+00
    3.1600000000e+00  3.3143738120e+00  3.9100444520e+00  3.7074260260e+00  7.1130857170e+00  7.1427030770e+00  6.9767984220e+00
    3.1700000000e+00  3.2749725410e+00  3.8820685170e+00  3.6917535810e+00  7.0977292040e+00  7.1370145880e+00  6.9645412770e+00
    3.1800000000e+00  3.2359443980e+00  3.8552543200e+00  3.6761972850e+00  7.0827057160e+00  7.1313037550e+00  6.9539666340e+00
    3.1900000000e+00  3.1971527220e+00  3.8297092010e+00  3.6605951580e+00  7.0679410960e+00  7.1256919400e+00  6.9448931590e+00
    3.2000000000e+00  3.1584885360e+00  3.8055217900e+00  3.6448389220e+00  7.0533431480e+00  7.1203401150e+00  6.9371315180e+00
    3.2100000000e+00  3.1198702400e+00  3.7827513590e+00  3.6288715320e+00  7.0388087290e+00  7.1154437690e+00  6.9304979570e+00
    3.2200000000e+00  3.0812419740e+00  3.7614188510e+00  3.6126810860e+00  7.0242292530e+00  7.1112251960e+00  6.9248263320e+00
    3.2300000000e+00  3.0425716660e+00  3.7415002240e+00  3.5962917950e+00  7.0094946860e+00  7.1079237240e+00  6.9199774750e+00
    3.2400000000e+00  3.0038494220e+00  3.7229225660e+00  3.5797531210e+00  6.9944966220e+00  7.1057846310e+00  6.9158450770e+00
    3.2500000000e+00  2.9650863570e+00  3.7055631310e+00  3.5631284560e+00  6.9791312820e+00  7.1050475540e+00  6.9123577480e+00
    3.2600000000e+00  2.9263133030e+00  3.6892512850e+00  3.5464847920e+00  6.9633030510e+00  7.1059351470e+00  6.9094775560e+00
    3.2700000000e+00  2.8875785050e+00  3.6737731560e+00  3.5298844830e+00  6.9469285910e+00  7.1086427350e+00  6.9071959160e+00
    3.2800000000e+00  2.8489434900e+00  3.6588785940e+00  3.5133797200e+00  6.9299407880e+00  7.1133296360e+00  6.9055280650e+00
    3.2900000000e+00  2.8104769340e+00  3.6442898260e+00  3.4970096530e+00  6.9122912970e+00  7.1201127590e+00  6.9045074510e+00
    3.3000000000e+00  2.7722472150e+00  3.6297109560e+00  3.4807995560e+00  6.8939503210e+00  7.1290627880e+00  6.9041810680e+00
    3.3100000000e+00  2.7343151790e+00  3.6148373790e+00  3.4647610030e+00  6.8749027640e+00  7.1402029050e+00  6.9046063390e+00
    3.3200000000e+00  2.6967291360e+00  3.5993643280e+00  3.4488919870e+00  6.8551408510e+00  7.1535095840e+00  6.9058494810e+00
    3.3300000000e+00  2.6595239650e+00  3.5829941550e+00  3.4331760940e+00  6.8346544750e+00  7.1689146750e+00  6.9079847680e+00
    3.3400000000e+00  2.6227253850e+00  3.5654424370e+00  3.4175803980e+00  6.8134214970e+00  7.1863080520e+00  6.9110936880e+00
    3.3500000000e+00  2.5863592130e+00  3.5464433480e+00  3.4020523480e+00  6.7914006680e+00  7.2055403590e+00  6.9152629820e+00
    3.3600000000e+00  2.5504640310e+00  3.5257548810e+00  3.3865165500e+00  6.7685295500e+00  7.2264258240e+00  6.9205808870e+00
    3.3700000000e+00  2.5151046120e+00  3.5031642980e+00  3.3708725810e+00  6.7447288150e+00  7.2487455720e+00  6.9271315830e+00
    3.3800000000e+00  2.4803830400e+00  3.4784937540e+00  3.3549948020e+00  6.7199128770e+00  7.2722520320e+00  6.9349884970e+00
    3.3900000000e+00  2.4464447350e+00  3.4516056150e+00  3.3387345810e+00  6.6940053650e+00  7.2966749590e+00  6.9442076210e+00
    3.4000000000e+00  2.4134775840e+00  3.4224065910e+00  3.3219246110e+00  6.6669567950e+00  7.3217292140e+00  6.9548219740e+00
    3.4100000000e+00  2.3817037660e+00  3.3908498340e+00  3.3043844310e+00  6.6387612420e+00  7.3471238820e+00  6.9668379090e+00
    3.4200000000e+00  2.3513653230e+00  3.3569343740e+00  3.2859261360e+00  6.6094689650e+00  7.3725718380e+00  6.9802333510e+00
    3.4300000000e+00  2.3227057950e+00  3.3207018890e+00  3.2663595020e+00  6.5791927500e+00  7.3977986330e+00  6.9949574310e+00
    3.4400000000e+00  2.2959509420e+00  3.2822313640e+00  3.2454962970e+00  6.5481070660e+00  7.4225496960e+00  7.0109308040e+00
    3.4500000000e+00  2.2712915420e+00  3.2416325950e+00  3.2231540360e+00  6.5164405730e+00  7.4465953560e+00  7.0280460280e+00
    3.4600000000e+00  2.2488705810e+00  3.1990395290e+00  3.1991597090e+00  6.4844637730e+00  7.4697337430e+00  7.0461678320e+00
    3.4700000000e+00  2.2287759140e+00  3.1546040780e+00  3.1733539350e+00  6.4524742630e+00  7.4917920610e+00  7.0651334840e+00
    3.4800000000e+00  2.2110382620e+00  3.1084906160e+00  3.1455957070e+00  6.4207820630e+00  7.5126268590e+00  7.0847537600e+00
    3.4900000000e+00  2.1956333530e+00  3.0608709750e+00  3.1157675220e+00  6.3896968720e+00  7.5321236530e+00  7.1048150120e+00
    3.5000000000e+00  2.1824865280e+00  3.0119197350e+00  3.0837804040e+00  6.3595181910e+00  7.5501959700e+00  7.1250826530e+00
    3.5100000000e+00  2.1714781320e+00  2.9618097860e+00  3.0495782040e+00  6.3305282690e+00  7.5667836170e+00  7.1453060690e+00
    3.5200000000e+00  2.1624485390e+00  2.9107084320e+00  3.0131406260e+00  6.3029871070e+00  7.5818500230e+00  7.1652246170e+00
    3.5300000000e+00  2.1552023180e+00  2.8587744710e+00  2.9744846360e+00  6.2771284050e+00  7.5953787600e+00  7.1845742150e+00
    3.5400000000e+00  2.1495118380e+00  2.8061566540e+00  2.9336641920e+00  6.2531554660e+00  7.6073696190e+00  7.2030938370e+00
    3.5500000000e+00  2.1451210910e+00  2.7529936540e+00  2.8907685320e+00  6.2312365130e+00  7.6178348820e+00  7.2205313430e+00
    3.5600000000e+00  2.1417506670e+00  2.6994153740e+00  2.8459195330e+00  6.2114995360e+00  7.6267964400e+00  7.2366482150e+00
    3.5700000000e+00  2.1391045760e+00  2.6455451140e+00  2.7992687960e+00  6.1940274190e+00  7.6342843090e+00  7.2512231050e+00
    3.5800000000e+00  2.1368790330e+00  2.5915019010e+00  2.7509950570e+00  6.1788544360e+00  7.6403368540e+00  7.2640544950e+00
    3.5900000000e+00  2.1347726570e+00  2.5374021390e+00  2.7013022530e+00  6.1659651840e+00  7.6450027300e+00  7.2749630890e+00
    3.6000000000e+00  2.1324969330e+00  2.4833597620e+00  2.6504180990e+00  6.1552966150e+00  7.6483441740e+00  7.2837946530e+00
    3.6100000000e+00  2.1297855620e+00  2.4294842180e+00  2.5985925490e+00  6.1467431200e+00  7.6504408950e+00  7.2904238130e+00
    3.6200000000e+00  2.1264015510e+00  2.3758759700e+00  2.5460952940e+00  6.1401638740e+00  7.6513935350e+00  7.2947588480e+00
    3.6300000000e+00  2.1221414430e+00  2.3226196710e+00  2.4932114820e+00  6.1353912040e+00  7.6513254930e+00  7.2967469220e+00
    3.6400000000e+00  2.1168368930e+00  2.2697756940e+00  2.4402353220e+00  6.1322386880e+00  7.6503820490e+00  7.2963788400e+00
    3.6500000000e+00  2.1103543670e+00  2.2173711600e+00  2.3874617060e+00  6.1305081070e+00  7.6487259910e+00  7.2936922910e+00
    3.6600000000e+00  2.1025939180e+00  2.1653918990e+00  2.3351765080e+00  6.1299950390e+00  7.6465294540e+00  7.2887727460e+00
    3.6700000000e+00  2.0934878140e+00  2.1137768930e+00  2.2836464840e+00  6.1304933840e+00  7.6439622570e+00  7.2817515450e+00
    3.6800000000e+00  2.0829993030e+00  2.0624166800e+00  2.2331097860e+00  6.1317994190e+00  7.6411775880e+00  7.2728011020e+00
    3.6900000000e+00  2.0711213850e+00  2.0111568660e+00  2.1837681000e+00  6.1337158580e+00  7.6382965630e+00  7.2621275110e+00
    3.7000000000e+00  2.0578752610e+00  1.9598073460e+00  2.1357812930e+00  6.1360561220e+00  7.6353936730e+00  7.2499612160e+00
    3.7100000000e+00  2.0433080930e+00  1.9081569320e+00  2.0892651950e+00  6.1386487860e+00  7.6324854760e+00  7.2365467800e+00
    3.7200000000e+00  2.0274898320e+00  1.8559920200e+00  2.0442926730e+00  6.1413419720e+00  7.6295247910e+00  7.2221330720e+00
    3.7300000000e+00  2.0105089630e+00  1.8031168940e+00  2.0008974700e+00  6.1440074210e+00  7.6264019980e+00  7.2069652310e+00
    3.7400000000e+00  1.9924670580e+00  1.7493725520e+00  1.9590796350e+00  6.1465438600e+00  7.6229538280e+00  7.1912793880e+00
    3.7500000000e+00  1.9734721780e+00  1.6946509380e+00  1.9188109190e+00  6.1488792040e+00  7.6189785710e+00  7.1753004110e+00
    3.7600000000e+00  1.9536313660e+00  1.6389021980e+00  1.8800386080e+00  6.1509709800e+00  7.6142551740e+00  7.1592419610e+00
    3.7700000000e+00  1.9330428410e+00  1.5821340330e+00  1.8426868430e+00  6.1528044660e+00  7.6085628320e+00  7.1433074060e+00
    3.7800000000e+00  1.9117888520e+00  1.5244039240e+00  1.8066555510e+00  6.1543882940e+00  7.6016976100e+00  7.1276897820e+00
    3.7900000000e+00  1.8899302670e+00  1.4658065700e+00  1.7718180940e+00  6.1557478270e+00  7.5934835150e+00  7.1125693500e+00
    3.8000000000e+00  1.8675037380e+00  1.4064596750e+00  1.7380195270e+00  6.1569171470e+00  7.5837769170e+00  7.0981082140e+00
    3.8100000000e+00  1.8445217630e+00  1.3464911800e+00  1.7050773210e+00  6.1579308830e+00  7.5724648900e+00  7.0844426590e+00
    3.8200000000e+00  1.8209752840e+00  1.2860301620e+00  1.6727857940e+00  6.1588170180e+00  7.5594592760e+00  7.0716748680e+00
    3.8300000000e+00  1.7968379850e+00  1.2252023370e+00  1.6409243450e+00  6.1595914000e+00  7.5446888910e+00  7.0598661700e+00
    3.8400000000e+00  1.7720713700e+00  1.1641299630e+00  1.6092683390e+00  6.1602541010e+00  7.5280920940e+00  7.0490336790e+00
    3.8500000000e+00  1.7466299740e+00  1.1029350460e+00  1.5776006880e+00  6.1607873080e+00  7.5096114000e+00  7.0391512970e+00
    3.8600000000e+00  1.7204665100e+00  1.0417444450e+00  1.5457219680e+00  6.1611543330e+00  7.4891910450e+00  7.0301547920e+00
    3.8700000000e+00  1.6935370280e+00  9.8069538200e-01  1.5134574790e+00  6.1612995400e+00  7.4667777750e+00  7.0219496510e+00
    3.8800000000e+00  1.6658062420e+00  9.1994000600e-01  1.4806606610e+00  6.1611493290e+00  7.4423245880e+00  7.0144198300e+00
    3.8900000000e+00  1.6372528730e+00  8.5964786600e-01  1.4472133390e+00  6.1606145330e+00  7.4157967340e+00  7.0074357200e+00
    3.9000000000e+00  1.6078745140e+00  8.0000550200e-01  1.4130239390e+00  6.1595945740e+00  7.3871788630e+00  7.0008602970e+00
    3.9100000000e+00  1.5776912330e+00  7.4121290100e-01  1.3780249610e+00  6.1579834040e+00  7.3564819030e+00  6.9945532630e+00
    3.9200000000e+00  1.5467470220e+00  6.8347728100e-01  1.3421706640e+00  6.1556768210e+00  7.3237483020e+00  6.9883735980e+00
    3.9300000000e+00  1.5151084230e+00  6.2700532200e-01  1.3054354450e+00  6.1525802470e+00  7.2890546390e+00  6.9821811830e+00
    3.9400000000e+00  1.4828600910e+00  5.7199527700e-01  1.2678129900e+00  6.1486156720e+00  7.2525114450e+00  6.9758381140e+00
    3.9500000000e+00  1.4500977580e+00  5.1863011900e-01  1.2293160770e+00  6.1437263770e+00  7.2142608630e+00  6.9692101980e+00
    3.9600000000e+00  1.4169197620e+00  4.6707218700e-01  1.1899767940e+00  6.1378782930e+00  7.1744732550e+00  6.9621689750e+00
    3.9700000000e+00  1.3834188370e+00  4.1745890300e-01  1.1498468360e+00  6.1310575330e+00  7.1333436940e+00  6.9545946230e+00
    3.9800000000e+00  1.3496759940e+00  3.6989870600e-01  1.1089973160e+00  6.1232645520e+00  7.0910885740e+00  6.9463799070e+00
    3.9900000000e+00  1.3157579180e+00  3.2446649900e-01  1.0675174180e+00  6.1145062650e+00  7.0479417350e+00  6.9374351020e+00
    4.0000000000e+00  1.2817184950e+00  2.8119869200e-01  1.0255112010e+00  6.1047880600e+00  7.0041490120e+00  6.9276934190e+00
    4.0100000000e+00  1.2476040480e+00  2.4008886200e-01  9.8309215200e-01  6.0941077190e+00  6.9599603580e+00  6.9171161080e+00
    4.0200000000e+00  1.2134609280e+00  2.0108560200e-01  9.4037543600e-01  6.0824528300e+00  6.9156195220e+00  6.9056962310e+00
    4.0300000000e+00  1.1793434880e+00  1.6409407000e-01  8.9746825800e-01  6.0698024200e+00  6.8713523600e+00  6.8934601200e+00
    4.0400000000e+00  1.1453203600e+00  1.2898188700e-01  8.5445908600e-01  6.0561325100e+00  6.8273556790e+00  6.8804656800e+00
    4.0500000000e+00  1.1114773710e+00  9.5588925000e-02  8.1140683100e-01  6.0414243280e+00  6.7837886720e+00  6.8667969190e+00
    4.0600000000e+00  1.0779162000e+00  6.3739441000e-02  7.6833136200e-01  6.0256733000e+00  6.7407685010e+00  6.8525544620e+00
    4.0700000000e+00  1.0447489290e+00  3.3254522000e-02  7.2520696300e-01  6.0088967480e+00  6.6983705410e+00  6.8378422970e+00
    4.0800000000e+00  1.0120895550e+00  3.9628710000e-03  6.8196038900e-01  5.9911385940e+00  6.6566327930e+00  6.8227517480e+00
    4.0900000000e+00  9.8004413300e-01 -2.4291462000e-02  6.3847472800e-01  5.9724701030e+00  6.6155631590e+00  6.8073444590e+00
    4.1000000000e+00  9.4870141700e-01 -5.1644961000e-02  5.9459951500e-01  5.9529866130e+00  6.5751479430e+00  6.7916367730e+00
    4.1100000000e+00  9.1812551500e-01 -7.8213968000e-02  5.5016636900e-01  5.9328009470e+00  6.5353600430e+00  6.7755879970e+00
    4.1200000000e+00  8.8835156500e-01 -1.0409671400e-01  5.0500835300e-01  5.9120347300e+00  6.4961656160e+00  6.7590945520e+00
    4.1300000000e+00  8.5938480300e-01 -1.2937701300e-01  4.5898056900e-01  5.8908089200e+00  6.4575285250e+00  6.7419910270e+00
    4.1400000000e+00  8.3120290200e-01 -1.5412846600e-01  4.1197942100e-01  5.8692348100e+00  6.4194122930e+00  6.7240580040e+00
    4.1500000000e+00  8.0376113000e-01 -1.7841806400e-01  3.6395837000e-01  5.8474064960e+00  6.3817798300e+00  6.7050356000e+00
    4.1600000000e+00  7.7699965600e-01 -2.0230827800e-01  3.1493873400e-01  5.8253956520e+00  6.3445916150e+00  6.6846411210e+00
    4.1700000000e+00  7.5085211900e-01 -2.2585720800e-01  2.6501468800e-01  5.8032491790e+00  6.3078033780e+00  6.6625890560e+00
    4.1800000000e+00  7.2525437300e-01 -2.4911688800e-01  2.1435217400e-01  5.7809901070e+00  6.2713644140e+00  6.6386116190e+00
    4.1900000000e+00  7.0015216400e-01 -2.7213049200e-01  1.6318179900e-01  5.7586216350e+00  6.2352174400e+00  6.6124780750e+00
    4.2000000000e+00  6.7550655200e-01 -2.9492951900e-01  1.1178631200e-01  5.7361337440e+00  6.1993003170e+00  6.5840110680e+00
    4.2100000000e+00  6.5129617500e-01 -3.1753204700e-01  6.0483764000e-02  5.7135112690e+00  6.1635493350e+00  6.5530983200e+00
    4.2200000000e+00  6.2751599100e-01 -3.3994272300e-01  9.6081180000e-03  5.6907420280e+00  6.1279031770e+00  6.5196984660e+00
    4.2300000000e+00  6.0417279100e-01 -3.6215456100e-01 -4.0510545000e-02  5.6678235510e+00  6.0923065230e+00  6.4838405030e+00
    4.2400000000e+00  5.8127831600e-01 -3.8415204800e-01 -8.9563979000e-02  5.6447671980e+00  6.0567124500e+00  6.4456171780e+00
    4.2500000000e+00  5.5884124200e-01 -4.0591471900e-01 -1.3727995100e-01  5.6215989250e+00  6.0210832230e+00  6.4051735310e+00
    4.2600000000e+00  5.3685947100e-01 -4.2742040200e-01 -1.8343138200e-01  5.5983564710e+00  5.9853895820e+00  6.3626923770e+00
    4.2700000000e+00  5.1531415400e-01 -4.4864757000e-01 -2.2784002300e-01  5.5750833310e+00  5.9496089730e+00  6.3183787900e+00
    4.2800000000e+00  4.9416665900e-01 -4.6957656900e-01 -2.7037498100e-01  5.5518203940e+00  5.9137232680e+00  6.2724455030e+00
    4.2900000000e+00  4.7335931000e-01 -4.9018973500e-01 -3.1094706600e-01  5.5285965430e+00  5.8777164780e+00  6.2251008110e+00
    4.3000000000e+00  4.5282015900e-01 -5.1047057200e-01 -3.4950029300e-01  5.5054198410e+00  5.8415728320e+00  6.1765399950e+00
    4.3100000000e+00  4.3247142200e-01 -5.3040221200e-01 -3.8600204800e-01  5.4822709290e+00  5.8052755100e+00  6.1269407610e+00
    4.3200000000e+00  4.1224048800e-01 -5.4996545100e-01 -4.2043339600e-01  5.4591001180e+00  5.7688062360e+00  6.0764626370e+00
    4.3300000000e+00  3.9207186500e-01 -5.6913673100e-01 -4.5278085200e-01  5.4358290730e+00  5.7321458500e+00  6.0252498230e+00
    4.3400000000e+00  3.7193806100e-01 -5.8788643700e-01 -4.8303062600e-01  5.4123572750e+00  5.6952758260e+00  5.9734365930e+00
    4.3500000000e+00  3.5184750000e-01 -6.0617792600e-01 -5.1116601800e-01  5.3885725070e+00  5.6581805670e+00  5.9211541600e+00
    4.3600000000e+00  3.3184803400e-01 -6.2396756100e-01 -5.3716823200e-01  5.3643638490e+00  5.6208501310e+00  5.8685376880e+00
    4.3700000000e+00  3.1202545200e-01 -6.4120589300e-01 -5.6102046100e-01  5.3396352160e+00  5.5832829350e+00  5.8157321300e+00
    4.3800000000e+00  2.9249728400e-01 -6.5783995400e-01 -5.8271457200e-01  5.3143174770e+00  5.5454879320e+00  5.7628956020e+00
    4.3900000000e+00  2.7340294500e-01 -6.7381634000e-01 -6.0225920900e-01  5.2883776100e+00  5.5074857860e+00  5.7101992610e+00
    4.4000000000e+00  2.5489162400e-01 -6.8908456200e-01 -6.1968765400e-01  5.2618239870e+00  5.4693087240e+00  5.6578232310e+00
    4.4100000000e+00  2.3710942900e-01 -7.0359997700e-01 -6.3506364500e-01  5.2347075290e+00  5.4309990750e+00  5.6059488860e+00
    4.4200000000e+00  2.2018705700e-01 -7.1732569000e-01 -6.4848360300e-01  5.2071189490e+00  5.3926068900e+00  5.5547486740e+00
    4.4300000000e+00  2.0422906300e-01 -7.3023308800e-01 -6.6007439100e-01  5.1791825850e+00  5.3541873340e+00  5.5043753050e+00
    4.4400000000e+00  1.8930551300e-01 -7.4230119000e-01 -6.6998671900e-01  5.1510475160e+00  5.3157986650e+00  5.4549523370e+00
    4.4500000000e+00  1.7544664300e-01 -7.5351537400e-01 -6.7838521000e-01  5.1228767740e+00  5.2775013710e+00  5.4065679400e+00
    4.4600000000e+00  1.6264091500e-01 -7.6386637200e-01 -6.8543679300e-01  5.0948356090e+00  5.2393585910e+00  5.3592728700e+00
    4.4700000000e+00  1.5083660000e-01 -7.7335029800e-01 -6.9129929400e-01  5.0670798620e+00  5.2014374000e+00  5.3130828930e+00
    4.4800000000e+00  1.3994664700e-01 -7.8197009100e-01 -6.9611192200e-01  5.0397455310e+00  5.1638101590e+00  5.2679850610e+00
    4.4900000000e+00  1.2985623400e-01 -7.8973827500e-01 -6.9998885500e-01  5.0129405210e+00  5.1265550620e+00  5.2239467380e+00
    4.5000000000e+00  1.2043206700e-01 -7.9668044800e-01 -7.0301660500e-01  4.9867392330e+00  5.0897552160e+00  5.1809259380e+00
    4.5100000000e+00  1.1153230100e-01 -8.0283873200e-01 -7.0525522800e-01  4.9611802540e+00  5.0534959970e+00  5.1388815040e+00
    4.5200000000e+00  1.0301604800e-01 -8.0827443300e-01 -7.0674294200e-01  4.9362669020e+00  5.0178607930e+00  5.0977817860e+00
    4.5300000000e+00  9.4751707000e-02 -8.1306930600e-01 -7.0750328100e-01  4.9119700470e+00  4.9829255020e+00  5.0576107180e+00
    4.5400000000e+00  8.6623758000e-02 -8.1732499900e-01 -7.0755356900e-01  4.8882324660e+00  4.9487522910e+00  5.0183706770e+00
    4.5500000000e+00  7.8538068000e-02 -8.2116041300e-01 -7.0691338700e-01  4.8649741030e+00  4.9153832050e+00  4.9800819850e+00
    4.5600000000e+00  7.0425867000e-02 -8.2470681900e-01 -7.0561182800e-01  4.8420979130e+00  4.8828343470e+00  4.9427794710e+00
    4.5700000000e+00  6.2246578000e-02 -8.2810085100e-01 -7.0369262800e-01  4.8194961530e+00  4.8510914440e+00  4.9065069390e+00
    4.5800000000e+00  5.3989436000e-02 -8.3147581300e-01 -7.0121677100e-01  4.7970571500e+00  4.8201076290e+00  4.8713105820e+00
    4.5900000000e+00  4.5673716000e-02 -8.3495210000e-01 -6.9826260100e-01  4.7746724450e+00  4.7898041500e+00  4.8372323600e+00
    4.6000000000e+00  3.7347307000e-02 -8.3862785600e-01 -6.9492385300e-01  4.7522440610e+00  4.7600743090e+00  4.8043041150e+00
    4.6100000000e+00  2.9083501000e-02 -8.4257107700e-01 -6.9130612900e-01  4.7296914350e+00  4.7307905170e+00  4.7725429220e+00
    4.6200000000e+00  2.0976009000e-02 -8.4681427800e-01 -6.8752240200e-01  4.7069575050e+00  4.7018138310e+00  4.7419478850e+00
    4.6300000000e+00  1.3132463000e-02 -8.5135253200e-01 -6.8368800400e-01  4.6840134260e+00  4.6730049450e+00  4.7124984440e+00
    4.6400000000e+00  5.6667840000e-03 -8.5614525800e-01 -6.7991554200e-01  4.6608614850e+00  4.6442353580e+00  4.6841541700e+00
    4.6500000000e+00 -1.3090250000e-03 -8.6112166100e-01 -6.7631010300e-01  4.6375359280e+00  4.6153973620e+00  4.6568559260e+00
    4.6600000000e+00 -7.6930540000e-03 -8.6618918900e-01 -6.7296513100e-01  4.6141015980e+00  4.5864115730e+00  4.6305282380e+00
    4.6700000000e+00 -1.3401005000e-02 -8.7124392900e-01 -6.6995924100e-01  4.5906504850e+00  4.5572310320e+00  4.6050825310e+00
    4.6800000000e+00 -1.8372518000e-02 -8.7618148400e-01 -6.6735413600e-01  4.5672964840e+00  4.5278413960e+00  4.5804208610e+00
    4.6900000000e+00 -2.2575902000e-02 -8.8090679100e-01 -6.6519354800e-01  4.5441687960e+00  4.4982573730e+00  4.5564397360e+00
    4.7000000000e+00 -2.6011046000e-02 -8.8534151500e-01 -6.6350301600e-01  4.5214044490e+00  4.4685162550e+00  4.5330337900e+00
    4.7100000000e+00 -2.8710397000e-02 -8.8942825300e-01 -6.6229029300e-01  4.4991404310e+00  4.4386698890e+00  4.5100992330e+00
    4.7200000000e+00 -3.0738033000e-02 -8.9313145100e-01 -6.6154626600e-01  4.4775058830e+00  4.4087765550e+00  4.4875371200e+00
    4.7300000000e+00 -3.2186910000e-02 -8.9643564800e-01 -6.6124643500e-01  4.4566147950e+00  4.3788939750e+00  4.4652565090e+00
    4.7400000000e+00 -3.3174457000e-02 -8.9934201000e-01 -6.6135312100e-01  4.4365595820e+00  4.3490741690e+00  4.4431774020e+00
    4.7500000000e+00 -3.3836769000e-02 -9.0186416300e-01 -6.6181847300e-01  4.4174059100e+00  4.3193602630e+00  4.4212332060e+00
    4.7600000000e+00 -3.4321682000e-02 -9.0402413100e-01 -6.6258820900e-01  4.3991890540e+00  4.2897849590e+00  4.3993723430e+00
    4.7700000000e+00 -3.4781118000e-02 -9.0584877200e-01 -6.6360574600e-01  4.3819120520e+00  4.2603701530e+00  4.3775586690e+00
    4.7800000000e+00 -3.5363089000e-02 -9.0736684100e-01 -6.6481622400e-01  4.3655458520e+00  4.2311272190e+00  4.3557705780e+00
    4.7900000000e+00 -3.6203884000e-02 -9.0860654900e-01 -6.6616991000e-01  4.3500316010e+00  4.2020576060e+00  4.3339989560e+00
    4.8000000000e+00 -3.7421056000e-02 -9.0959341000e-01 -6.6762465300e-01  4.3352851020e+00  4.1731535820e+00  4.3122443510e+00
    4.8100000000e+00 -3.9107955000e-02 -9.1034818400e-01 -6.6914726800e-01  4.3212032870e+00  4.1443991450e+00  4.2905137950e+00
    4.8200000000e+00 -4.1330572000e-02 -9.1088478200e-01 -6.7071396000e-01  4.3076721780e+00  4.1157712560e+00  4.2688176420e+00
    4.8300000000e+00 -4.4127277000e-02 -9.1120819200e-01 -6.7230996000e-01  4.2945754380e+00  4.0872416240e+00  4.2471666160e+00
    4.8400000000e+00 -4.7511616000e-02 -9.1131264000e-01 -6.7392852200e-01  4.2818023010e+00  4.0587792730e+00  4.2255691520e+00
    4.8500000000e+00 -5.1477715000e-02 -9.1118042800e-01 -6.7556932300e-01  4.2692536110e+00  4.0303539520e+00  4.2040290430e+00
    4.8600000000e+00 -5.6007246000e-02 -9.1078192300e-01 -6.7723623200e-01  4.2568449950e+00  4.0019402080e+00  4.1825434950e+00
    4.8700000000e+00 -6.1076515000e-02 -9.1007713700e-01 -6.7893442400e-01  4.2445068200e+00  3.9735216220e+00  4.1611018170e+00
    4.8800000000e+00 -6.6662232000e-02 -9.0901902400e-01 -6.8066693500e-01  4.2321813060e+00  3.9450944550e+00  4.1396850640e+00
    4.8900000000e+00 -7.2744925000e-02 -9.0755822300e-01 -6.8243101100e-01  4.2198178240e+00  3.9166698830e+00  4.1182670200e+00
    4.9000000000e+00 -7.9309588000e-02 -9.0564854500e-01 -6.8421483300e-01  4.2073677190e+00  3.8882741820e+00  4.0968166780e+00
    4.9100000000e+00 -8.6343879000e-02 -9.0325220500e-01 -6.8599539300e-01  4.1947799570e+00  3.8599466200e+00  4.0753020900e+00
    4.9200000000e+00 -9.3834681000e-02 -9.0034378700e-01 -6.8773813300e-01  4.1819984790e+00  3.8317353340e+00  4.0536949480e+00
    4.9300000000e+00 -1.0176409400e-01 -8.9691210600e-01 -6.8939861900e-01  4.1689616190e+00  3.8036919340e+00  4.0319749680e+00
    4.9400000000e+00 -1.1010580500e-01 -8.9295963800e-01 -6.9092589800e-01  4.1556033650e+00  3.7758658830e+00  4.0101330780e+00
    4.9500000000e+00 -1.1882246800e-01 -8.8849962200e-01 -6.9226668700e-01  4.1418559180e+00  3.7482997540e+00  3.9881727410e+00
    4.9600000000e+00 -1.2786430600e-01 -8.8355149200e-01 -6.9336932900e-01  4.1276528780e+00  3.7210262740e+00  3.9661093760e+00
    4.9700000000e+00 -1.3716881500e-01 -8.7813555500e-01 -6.9418660400e-01  4.1129325450e+00  3.6940677170e+00  3.9439684000e+00
    4.9800000000e+00 -1.4666131300e-01 -8.7226802800e-01 -6.9467700900e-01  4.0976410940e+00  3.6674377040e+00  3.9217828260e+00
    4.9900000000e+00 -1.5625618000e-01 -8.6595740900e-01 -6.9480470400e-01  4.0817355880e+00  3.6411450400e+00  3.8995913640e+00
    5.0000000000e+00 -1.6585882100e-01 -8.5920295100e-01 -6.9453880800e-01  4.0651868470e+00  3.6151988200e+00  3.8774376180e+00
    5.0100000000e+00 -1.7536854200e-01 -8.5199557500e-01 -6.9385292900e-01  4.0479820220e+00  3.5896137790e+00  3.8553704950e+00
    5.0200000000e+00 -1.8468242800e-01 -8.4432111900e-01 -6.9272568100e-01  4.0301264520e+00  3.5644148600e+00  3.8334453950e+00
    5.0300000000e+00 -1.9370002900e-01 -8.3616540400e-01 -6.9114263000e-01  4.0116442260e+00  3.5396400540e+00  3.8117254010e+00
    5.0400000000e+00 -2.0232824800e-01 -8.2752024700e-01 -6.8909954400e-01  3.9925770160e+00  3.5153409090e+00  3.7902815410e+00
    5.0500000000e+00 -2.1048554600e-01 -8.1838940100e-01 -6.8660638000e-01  3.9729810940e+00  3.4915805060e+00  3.7691913300e+00
    5.0600000000e+00 -2.1810465100e-01 -8.0879338900e-01 -6.8369102000e-01  3.9529230300e+00  3.4684291310e+00  3.7485352410e+00
    5.0700000000e+00 -2.2513328500e-01 -7.9877242400e-01 -6.8040164400e-01  3.9324749430e+00  3.4459582530e+00  3.7283912290e+00
    5.0800000000e+00 -2.3153303500e-01 -7.8838691400e-01 -6.7680683200e-01  3.9117102840e+00  3.4242336950e+00  3.7088280890e+00
    5.0900000000e+00 -2.3727692800e-01 -7.7771541800e-01 -6.7299290400e-01  3.8907009450e+00  3.4033089690e+00  3.6898987750e+00
    5.1000000000e+00 -2.4234660900e-01 -7.6685033300e-01 -6.6905865500e-01  3.8695159890e+00  3.3832197200e+00  3.6716349770e+00
    5.1100000000e+00 -2.4672994000e-01 -7.5589189700e-01 -6.6510826500e-01  3.8482218020e+00  3.3639800300e+00  3.6540440440e+00
    5.1200000000e+00 -2.5041960200e-01 -7.4494134500e-01 -6.6124357900e-01  3.8268831280e+00  3.3455810380e+00  3.6371088130e+00
    5.1300000000e+00 -2.5341281900e-01 -7.3409413400e-01 -6.5755707900e-01  3.8055642660e+00  3.3279919780e+00  3.6207903070e+00
    5.1400000000e+00 -2.5571200500e-01 -7.2343410900e-01 -6.5412665300e-01  3.7843298240e+00  3.3111633550e+00  3.6050326230e+00
    5.1500000000e+00 -2.5732585000e-01 -7.1302927300e-01 -6.5101278800e-01  3.7632446960e+00  3.2950316870e+00  3.5897689730e+00
    5.1600000000e+00 -2.5827031000e-01 -7.0292950900e-01 -6.4825827100e-01  3.7423732280e+00  3.2795250530e+00  3.5749277190e+00
    5.1700000000e+00 -2.5856915800e-01 -6.9316626500e-01 -6.4588994400e-01  3.7217778350e+00  3.2645686520e+00  3.5604374100e+00
    5.1800000000e+00 -2.5825389500e-01 -6.8375389800e-01 -6.4392173900e-01  3.7015174070e+00  3.2500896950e+00  3.5462302310e+00
    5.1900000000e+00 -2.5736312500e-01 -6.7469213300e-01 -6.4235811800e-01  3.6816458290e+00  3.2360212030e+00  3.5322436630e+00
    5.2000000000e+00 -2.5594154700e-01 -6.6596906800e-01 -6.4119712500e-01  3.6622107750e+00  3.2223046150e+00  3.5184206190e+00
    5.2100000000e+00 -2.5403874700e-01 -6.5756423900e-01 -6.4043252800e-01  3.6432528250e+00  3.2088913720e+00  3.5047085560e+00
    5.2200000000e+00 -2.5170789000e-01 -6.4945154400e-01 -6.4005489300e-01  3.6248048620e+00  3.1957437720e+00  3.4910582040e+00
    5.2300000000e+00 -2.4900436000e-01 -6.4160201700e-01 -6.4005168700e-01  3.6068917020e+00  3.1828353850e+00  3.4774224770e+00
    5.2400000000e+00 -2.4598435600e-01 -6.3398663600e-01 -6.4040680600e-01  3.5895299610e+00  3.1701511090e+00  3.4637559380e+00
    5.2500000000e+00 -2.4270347000e-01 -6.2657929900e-01 -6.4109994600e-01  3.5727281360e+00  3.1576867260e+00  3.4500149370e+00
    5.2600000000e+00 -2.3921524100e-01 -6.1935991200e-01 -6.4210624100e-01  3.5564869290e+00  3.1454476890e+00  3.4361582930e+00
    5.2700000000e+00 -2.3556969100e-01 -6.1231731000e-01 -6.4339636700e-01  3.5407998140e+00  3.1334469050e+00  3.4221481950e+00
    5.2800000000e+00 -2.3181183400e-01 -6.0545153000e-01 -6.4493710500e-01  3.5256539420e+00  3.1217014360e+00  3.4079509790e+00
    5.2900000000e+00 -2.2798022600e-01 -5.9877493300e-01 -6.4669212900e-01  3.5110314990e+00  3.1102283700e+00  3.3935375460e+00
    5.3000000000e+00 -2.2410572500e-01 -5.9231182100e-01 -6.4862271700e-01  3.4969116670e+00  3.0990403410e+00  3.3788833970e+00
    5.3100000000e+00 -2.2021080100e-01 -5.8609644300e-01 -6.5068813200e-01  3.4832732360e+00  3.0881413540e+00  3.3639684790e+00
    5.3200000000e+00 -2.1630978800e-01 -5.8016963100e-01 -6.5284563600e-01  3.4700977040e+00  3.0775235170e+00  3.3487771660e+00
    5.3300000000e+00 -2.1241042900e-01 -5.7457452900e-01 -6.5505034400e-01  3.4573724590e+00  3.0671651340e+00  3.3332986580e+00
    5.3400000000e+00 -2.0851682500e-01 -5.6935197700e-01 -6.5725524800e-01  3.4450934230e+00  3.0570303420e+00  3.3175278790e+00
    5.3500000000e+00 -2.0463355700e-01 -5.6453611500e-01 -6.5941181100e-01  3.4332664460e+00  3.0470702340e+00  3.3014667370e+00
    5.3600000000e+00 -2.0077038000e-01 -5.6015064300e-01 -6.6147131600e-01  3.4219069320e+00  3.0372252610e+00  3.2851253590e+00
    5.3700000000e+00 -1.9694666900e-01 -5.5620605500e-01 -6.6338695900e-01  3.4110374930e+00  3.0274285890e+00  3.2685228500e+00
    5.3800000000e+00 -1.9319474900e-01 -5.5269806100e-01 -6.6511638300e-01  3.4006838480e+00  3.0176100400e+00  3.2516872180e+00
    5.3900000000e+00 -1.8956146600e-01 -5.4960729700e-01 -6.6662422200e-01  3.3908695650e+00  3.0077002280e+00  3.2346542910e+00
    5.4000000000e+00 -1.8610766700e-01 -5.4690027300e-01 -6.6788419200e-01  3.3816104640e+00  2.9976344460e+00  3.2174657130e+00
    5.4100000000e+00 -1.8290565600e-01 -5.4453139000e-01 -6.6888040700e-01  3.3729095150e+00  2.9873558980e+00  3.2001662930e+00
    5.4200000000e+00 -1.8003503600e-01 -5.4244566200e-01 -6.6960773900e-01  3.3647529250e+00  2.9768179910e+00  3.1828010650e+00
    5.4300000000e+00 -1.7757751900e-01 -5.4058170900e-01 -6.7007121800e-01  3.3571078670e+00  2.9659855420e+00  3.1654124430e+00
    5.4400000000e+00 -1.7561138800e-01 -5.3887458600e-01 -6.7028460600e-01  3.3499219670e+00  2.9548349960e+00  3.1480377940e+00
    5.4500000000e+00 -1.7420618400e-01 -5.3725809800e-01 -6.7026838200e-01  3.3431244440e+00  2.9433538990e+00  3.1307076700e+00
    5.4600000000e+00 -1.7341805600e-01 -5.3566641900e-01 -6.7004744100e-01  3.3366286280e+00  2.9315400320e+00  3.1134448190e+00
    5.4700000000e+00 -1.7328601700e-01 -5.3403508400e-01 -6.6964881900e-01  3.3303355340e+00  2.9194006110e+00  3.0962639590e+00
    5.4800000000e+00 -1.7382926500e-01 -5.3230159300e-01 -6.6909967800e-01  3.3241381910e+00  2.9069518710e+00  3.0791721640e+00
    5.4900000000e+00 -1.7504568000e-01 -5.3040606900e-01 -6.6842571200e-01  3.3179264810e+00  2.8942191640e+00  3.0621696630e+00
    5.5000000000e+00 -1.7691156500e-01 -5.2829237100e-01 -6.6764995600e-01  3.3115921890e+00  2.8812374110e+00  3.0452508130e+00
    5.5100000000e+00 -1.7938272000e-01 -5.2590998000e-01 -6.6679194600e-01  3.3050339500e+00  2.8680514890e+00  3.0284051180e+00
    5.5200000000e+00 -1.8239676100e-01 -5.2321661300e-01 -6.6586710700e-01  3.2981616900e+00  2.8547159960e+00  3.0116182170e+00
    5.5300000000e+00 -1.8587647100e-01 -5.2018122600e-01 -6.6488629900e-01  3.2909001820e+00  2.8412938880e+00  2.9948728460e+00
    5.5400000000e+00 -1.8973380200e-01 -5.1678673400e-01 -6.6385547700e-01  3.2831914790e+00  2.8278537300e+00  2.9781498050e+00
    5.5500000000e+00 -1.9387411400e-01 -5.1303172100e-01 -6.6277546400e-01  3.2749961520e+00  2.8144657510e+00  2.9614289550e+00
    5.5600000000e+00 -1.9820026500e-01 -5.0893057100e-01 -6.6164185300e-01  3.2662934620e+00  2.8011972520e+00  2.9446902800e+00
    5.5700000000e+00 -2.0261632700e-01 -5.0451183100e-01 -6.6044508400e-01  3.2570806760e+00  2.7881081780e+00  2.9279150230e+00
    5.5800000000e+00 -2.0703083900e-01 -4.9981508100e-01 -6.5917077300e-01  3.2473717670e+00  2.7752476470e+00  2.9110868820e+00
    5.5900000000e+00 -2.1135957000e-01 -4.9488690400e-01 -6.5780036600e-01  3.2371956490e+00  2.7626519490e+00  2.8941931930e+00
    5.6000000000e+00 -2.1552780100e-01 -4.8977671300e-01 -6.5631217900e-01  3.2265940540e+00  2.7503441490e+00  2.8772259770e+00
    5.6100000000e+00 -2.1947212000e-01 -4.8453306300e-01 -6.5468279100e-01  3.2156191510e+00  2.7383350630e+00  2.8601826550e+00
    5.6200000000e+00 -2.2314170200e-01 -4.7920083300e-01 -6.5288865600e-01  3.2043309510e+00  2.7266251700e+00  2.8430662850e+00
    5.6300000000e+00 -2.2649910200e-01 -4.7381941900e-01 -6.5090771100e-01  3.1927946100e+00  2.7152069910e+00  2.8258852140e+00
    5.6400000000e+00 -2.2952052000e-01 -4.6842185200e-01 -6.4872074200e-01  3.1810776630e+00  2.7040675510e+00  2.8086522000e+00
    5.6500000000e+00 -2.3219553700e-01 -4.6303471400e-01 -6.4631228200e-01  3.1692472540e+00  2.6931906460e+00  2.7913831590e+00
    5.6600000000e+00 -2.3452625900e-01 -4.5767864900e-01 -6.4367095800e-01  3.1573674410e+00  2.6825587500e+00  2.7740957820e+00
    5.6700000000e+00 -2.3652579800e-01 -4.5236930100e-01 -6.4078932800e-01  3.1454967410e+00  2.6721544440e+00  2.7568082750e+00
    5.6800000000e+00 -2.3821611200e-01 -4.4711848100e-01 -6.3766334300e-01  3.1336861370e+00  2.6619613030e+00  2.7395384040e+00
    5.6900000000e+00 -2.3962533200e-01 -4.4193534600e-01 -6.3429165700e-01  3.1219778260e+00  2.6519642210e+00  2.7223029310e+00
    5.7000000000e+00 -2.4078485000e-01 -4.3682736900e-01 -6.3067496800e-01  3.1104049210e+00  2.6421492650e+00  2.7051174130e+00
    5.7100000000e+00 -2.4172655900e-01 -4.3180095300e-01 -6.2681554900e-01  3.0989921870e+00  2.6325032130e+00  2.6879962320e+00
    5.7200000000e+00 -2.4248068500e-01 -4.2686159500e-01 -6.2271701500e-01  3.0877577170e+00  2.6230129900e+00  2.6709527150e+00
    5.7300000000e+00 -2.4307455400e-01 -4.2201365500e-01 -6.1838428200e-01  3.0767152520e+00  2.6136652540e+00  2.6539991780e+00
    5.7400000000e+00 -2.4353253200e-01 -4.1725985000e-01 -6.1382362300e-01  3.0658766870e+00  2.6044462830e+00  2.6371468030e+00
    5.7500000000e+00 -2.4387712100e-01 -4.1260069700e-01 -6.0904267300e-01  3.0552542480e+00  2.5953422950e+00  2.6204053280e+00
    5.7600000000e+00 -2.4413098700e-01 -4.0803412600e-01 -6.0405027200e-01  3.0448618290e+00  2.5863401690e+00  2.6037826260e+00
    5.7700000000e+00 -2.4431944500e-01 -4.0355548300e-01 -5.9885609200e-01  3.0347151520e+00  2.5774284640e+00  2.5872842600e+00
    5.7800000000e+00 -2.4447281900e-01 -3.9915808000e-01 -5.9347004200e-01  3.0248306390e+00  2.5685985390e+00  2.5709131400e+00
    5.7900000000e+00 -2.4462812200e-01 -3.9483435100e-01 -5.8790152200e-01  3.0152231870e+00  2.5598454600e+00  2.5546693790e+00
    5.8000000000e+00 -2.4482963100e-01 -3.9057752100e-01 -5.8215860200e-01  3.0059032660e+00  2.5511683960e+00  2.5385504050e+00
    5.8100000000e+00 -2.4512821300e-01 -3.8638352200e-01 -5.7624723300e-01  2.9968738880e+00  2.5425702170e+00  2.5225513430e+00
    5.8200000000e+00 -2.4557949700e-01 -3.8225277400e-01 -5.7017059100e-01  2.9881279540e+00  2.5340561610e+00  2.5066656430e+00
    5.8300000000e+00 -2.4624119100e-01 -3.7819133300e-01 -5.6392863600e-01  2.9796463620e+00  2.5256316560e+00  2.4908859010e+00
    5.8400000000e+00 -2.4716990500e-01 -3.7421102600e-01 -5.5751794000e-01  2.9713970790e+00  2.5172996010e+00  2.4752047660e+00
    5.8500000000e+00 -2.4841785700e-01 -3.7032831600e-01 -5.5093178200e-01  2.9633351960e+00  2.5090576400e+00  2.4596158260e+00
    5.8600000000e+00 -2.5002976200e-01 -3.6656196900e-01 -5.4416044300e-01  2.9554038940e+00  2.5008960260e+00  2.4441144070e+00
    5.8700000000e+00 -2.5204013400e-01 -3.6292985900e-01 -5.3719166400e-01  2.9475361510e+00  2.4927966290e+00  2.4286982410e+00
    5.8800000000e+00 -2.5447116000e-01 -3.5944552700e-01 -5.3001118000e-01  2.9396569940e+00  2.4847334080e+00  2.4133680120e+00
    5.8900000000e+00 -2.5733116900e-01 -3.5611520700e-01 -5.2260332600e-01  2.9316860570e+00  2.4766743160e+00  2.3981278040e+00
    5.9000000000e+00 -2.6061368100e-01 -3.5293592100e-01 -5.1495173900e-01  2.9235402930e+00  2.4685842920e+00  2.3829854720e+00
    5.9100000000e+00 -2.6429692300e-01 -3.4989503600e-01 -5.0704016500e-01  2.9151367230e+00  2.4604286700e+00  2.3679528840e+00
    5.9200000000e+00 -2.6834376000e-01 -3.4697122600e-01 -4.9885335900e-01  2.9063952260e+00  2.4521763030e+00  2.3530459940e+00
    5.9300000000e+00 -2.7270205200e-01 -3.4413648700e-01 -4.9037804600e-01  2.8972413820e+00  2.4438017760e+00  2.3382846710e+00
    5.9400000000e+00 -2.7730548800e-01 -3.4135856500e-01 -4.8160383200e-01  2.8876093750e+00  2.4352864230e+00  2.3236922780e+00
    5.9500000000e+00 -2.8207502800e-01 -3.3860313100e-01 -4.7252399900e-01  2.8774448610e+00  2.4266182110e+00  2.3092949940e+00
    5.9600000000e+00 -2.8692099200e-01 -3.3583524400e-01 -4.6313608800e-01  2.8667076390e+00  2.4177909220e+00  2.2951209500e+00
    5.9700000000e+00 -2.9174579200e-01 -3.3301993000e-01 -4.5344224100e-01  2.8553739510e+00  2.4088031870e+00  2.2811992400e+00
    5.9800000000e+00 -2.9644723000e-01 -3.3012206900e-01 -4.4344926700e-01  2.8434382160e+00  2.3996579120e+00  2.2675588840e+00
    5.9900000000e+00 -3.0092221300e-01 -3.2710605300e-01 -4.3316844100e-01  2.8309140820e+00  2.3903624000e+00  2.2542278260e+00
    6.0000000000e+00 -3.0507078900e-01 -3.2393572900e-01 -4.2261505600e-01  2.8178346750e+00  2.3809291540e+00  2.2412320340e+00
    6.0100000000e+00 -3.0880031900e-01 -3.2057504900e-01 -4.1180774900e-01  2.8042519470e+00  2.3713770270e+00  2.2285947600e+00
    6.0200000000e+00 -3.1202961300e-01 -3.1698957100e-01 -4.0076767600e-01  2.7902350100e+00  2.3617322230e+00  2.2163360410e+00
    6.0300000000e+00 -3.1469273300e-01 -3.1314866200e-01 -3.8951758300e-01  2.7758673640e+00  2.3520286360e+00  2.2044724650e+00
    6.0400000000e+00 -3.1674207600e-01 -3.0902794800e-01 -3.7808088800e-01  2.7612430590e+00  2.3423071780e+00  2.1930172510e+00
    6.0500000000e+00 -3.1815033300e-01 -3.0461148700e-01 -3.6648088000e-01  2.7464619750e+00  2.3326140350e+00  2.1819806300e+00
    6.0600000000e+00 -3.1891097800e-01 -2.9989311900e-01 -3.5474015300e-01  2.7316246510e+00  2.3229981110e+00  2.1713704610e+00
    6.0700000000e+00 -3.1903714300e-01 -2.9487670900e-01 -3.4288036700e-01  2.7168272390e+00  2.3135081240e+00  2.1611929770e+00
    6.0800000000e+00 -3.1855903500e-01 -2.8957524700e-01 -3.3092234700e-01  2.7021572050e+00  2.3041899470e+00  2.1514534990e+00
    6.0900000000e+00 -3.1752034200e-01 -2.8400909400e-01 -3.1888648000e-01  2.6876902880e+00  2.2950846710e+00  2.1421569910e+00
    6.1000000000e+00 -3.1597424200e-01 -2.7820387400e-01 -3.0679331600e-01  2.6734889440e+00  2.2862276920e+00  2.1333083490e+00
    6.1100000000e+00 -3.1397968900e-01 -2.7218854700e-01 -2.9466425500e-01  2.6596021640e+00  2.2776487530e+00  2.1249123680e+00
    6.1200000000e+00 -3.1159842400e-01 -2.6599411400e-01 -2.8252219200e-01  2.6460662810e+00  2.2693726730e+00  2.1169733700e+00
    6.1300000000e+00 -3.0889294300e-01 -2.5965313400e-01 -2.7039199000e-01  2.6329062160e+00  2.2614202400e+00  2.1094945020e+00
    6.1400000000e+00 -3.0592527900e-01 -2.5319995100e-01 -2.5830065800e-01  2.6201366560e+00  2.2538088110e+00  2.1024767850e+00
    6.1500000000e+00 -3.0275628700e-01 -2.4667130200e-01 -2.4627709600e-01  2.6077628230e+00  2.2465522490e+00  2.0959179960e+00
    6.1600000000e+00 -2.9944500600e-01 -2.4010682600e-01 -2.3435132100e-01  2.5957807590e+00  2.2396601060e+00  2.0898115930e+00
    6.1700000000e+00 -2.9604772900e-01 -2.3354902000e-01 -2.2255316900e-01  2.5841772680e+00  2.2331361790e+00  2.0841459150e+00
    6.1800000000e+00 -2.9261659300e-01 -2.2704231400e-01 -2.1091059000e-01  2.5729298530e+00  2.2269768410e+00  2.0789039060e+00
    6.1900000000e+00 -2.8919769000e-01 -2.2063117900e-01 -1.9944777100e-01  2.5620070030e+00  2.2211696320e+00  2.0740635770e+00
    6.2000000000e+00 -2.8582892800e-01 -2.1435742800e-01 -1.8818345900e-01  2.5513691370e+00  2.2156926470e+00  2.0695992720e+00
    6.2100000000e+00 -2.8253798600e-01 -2.0825715700e-01 -1.7712983900e-01  2.5409703590e+00  2.2105150830e+00  2.0654836160e+00
    6.2200000000e+00 -2.7934072000e-01 -2.0235792100e-01 -1.6629227400e-01  2.5307609620e+00  2.2055990950e+00  2.0616898590e+00
    6.2300000000e+00 -2.7624035800e-01 -1.9667674800e-01 -1.5567000800e-01  2.5206904940e+00  2.2009027420e+00  2.0581941760e+00
    6.2400000000e+00 -2.7322765600e-01 -1.9121942200e-01 -1.4525773700e-01  2.5107110590e+00  2.1963835640e+00  2.0549775100e+00
    6.2500000000e+00 -2.7028206000e-01 -1.8598120400e-01 -1.3504772900e-01  2.5007804740e+00  2.1920021540e+00  2.0520266090e+00
    6.2600000000e+00 -2.6737378600e-01 -1.8094879800e-01 -1.2503207400e-01  2.4908649630e+00  2.1877251030e+00  2.0493341470e+00
    6.2700000000e+00 -2.6446659300e-01 -1.7610312300e-01 -1.1520465300e-01  2.4809410820e+00  2.1835268990e+00  2.0468980400e+00
    6.2800000000e+00 -2.6152095900e-01 -1.7142236300e-01 -1.0556256600e-01  2.4709967050e+00  2.1793906300e+00  2.0447202050e+00
    6.2900000000e+00 -2.5849731900e-01 -1.6688477000e-01 -9.6106910000e-02  2.4610309970e+00  2.1753076090e+00  2.0428051310e+00
    6.3000000000e+00 -2.5535902600e-01 -1.6247091600e-01 -8.6843051000e-02  2.4510534330e+00  2.1712762460e+00  2.0411585510e+00
    6.3100000000e+00 -2.5207473900e-01 -1.5816529000e-01 -7.7780581000e-02  2.4410820480e+00  2.1673005050e+00  2.0397863500e+00
    6.3200000000e+00 -2.4862005900e-01 -1.5395730500e-01 -6.8933209000e-02  2.4311411750e+00  2.1633882270e+00  2.0386937180e+00
    6.3300000000e+00 -2.4497832400e-01 -1.4984186400e-01 -6.0318728000e-02  2.4212589800e+00  2.1595494450e+00  2.0378843790e+00
    6.3400000000e+00 -2.4114061100e-01 -1.4581957400e-01 -5.1959056000e-02  2.4114650790e+00  2.1557946870e+00  2.0373596930e+00
    6.3500000000e+00 -2.3710507400e-01 -1.4189658900e-01 -4.3880172000e-02  2.4017884850e+00  2.1521332410e+00  2.0371174900e+00
    6.3600000000e+00 -2.3287583500e-01 -1.3808399400e-01 -3.6111721000e-02  2.3922560190e+00  2.1485714190e+00  2.0371506080e+00
    6.3700000000e+00 -2.2846162300e-01 -1.3439661200e-01 -2.8686024000e-02  2.3828912580e+00  2.1451109730e+00  2.0374453190e+00
    6.3800000000e+00 -2.2387435700e-01 -1.3085124200e-01 -2.1636394000e-02  2.3737139720e+00  2.1417479300e+00  2.0379799390e+00
    6.3900000000e+00 -2.1912781800e-01 -1.2746449000e-01 -1.4994820000e-02  2.3647399810e+00  2.1384721240e+00  2.0387239930e+00
    6.4000000000e+00 -2.1423645300e-01 -1.2425051200e-01 -8.7892800000e-03  2.3559813300e+00  2.1352676080e+00  2.0396382060e+00
    6.4100000000e+00 -2.0921436600e-01 -1.2121908400e-01 -3.0410680000e-03  2.3474467060e+00  2.1321139470e+00  2.0406754600e+00
    6.4200000000e+00 -2.0407448700e-01 -1.1837438400e-01  2.2374780000e-03  2.3391420540e+00  2.1289881860e+00  2.0417826420e+00
    6.4300000000e+00 -1.9882794800e-01 -1.1571473800e-01  7.0445240000e-03  2.3310713410e+00  2.1258670900e+00  2.0429031550e+00
    6.4400000000e+00 -1.9348368400e-01 -1.1323334800e-01  1.1389405000e-02  2.3232374570e+00  2.1227291700e+00  2.0439797410e+00
    6.4500000000e+00 -1.8804829900e-01 -1.1091977300e-01  1.5292399000e-02  2.3156431820e+00  2.1195560470e+00  2.0449572700e+00
    6.4600000000e+00 -1.8252618800e-01 -1.0876170500e-01  1.8783771000e-02  2.3082921760e+00  2.1163328760e+00  2.0457852220e+00
    6.4700000000e+00 -1.7691994600e-01 -1.0674652600e-01  2.1902272000e-02  2.3011899410e+00  2.1130478580e+00  2.0464196750e+00
    6.4800000000e+00 -1.7123105600e-01 -1.0486218400e-01  2.4693339000e-02  2.2943446940e+00  2.1096911160e+00  2.0468247500e+00
    6.4900000000e+00 -1.6546086600e-01 -1.0309721800e-01  2.7207167000e-02  2.2877680960e+00  2.1062534540e+00  2.0469735400e+00
    6.5000000000e+00 -1.5961188500e-01 -1.0144003500e-01  2.9496787000e-02  2.2814757410e+00  2.1027254900e+00  2.0468485930e+00
    6.5100000000e+00 -1.5368935100e-01 -9.9877836000e-02  3.1616196000e-02  2.2754872630e+00  2.0990975030e+00  2.0464420450e+00
    6.5200000000e+00 -1.4770298900e-01 -9.8395695000e-02  3.3618554000e-02  2.2698259010e+00  2.0953600400e+00  2.0457554330e+00
    6.5300000000e+00 -1.4166875800e-01 -9.6976188000e-02  3.5554450000e-02  2.2645173810e+00  2.0915049980e+00  2.0447992190e+00
    6.5400000000e+00 -1.3561027800e-01 -9.5599737000e-02  3.7470274000e-02  2.2595880650e+00  2.0875267520e+00  2.0435919770e+00
    6.5500000000e+00 -1.2955961300e-01 -9.4245498000e-02  3.9406772000e-02  2.2550624690e+00  2.0834228850e+00  2.0421592430e+00
    6.5600000000e+00 -1.2355711600e-01 -9.2892453000e-02  4.1397882000e-02  2.2509604480e+00  2.0791943190e+00  2.0405320460e+00
    6.5700000000e+00 -1.1765022000e-01 -9.1520247000e-02  4.3469978000e-02  2.2472944480e+00  2.0748448620e+00  2.0387451910e+00
    6.5800000000e+00 -1.1189125900e-01 -9.0109540000e-02  4.5641580000e-02  2.2440672750e+00  2.0703805010e+00  2.0368354290e+00
    6.5900000000e+00 -1.0633461200e-01 -8.8641788000e-02  4.7923549000e-02  2.2412707440e+00  2.0658088090e+00  2.0348396830e+00
    6.6000000000e+00 -1.0103356900e-01 -8.7098707000e-02  5.0319712000e-02  2.2388853620e+00  2.0611388040e+00  2.0327934440e+00
    6.6100000000e+00 -9.6037351000e-02 -8.5461759000e-02  5.2827827000e-02  2.2368810470e+00  2.0563813960e+00  2.0307294760e+00
    6.6200000000e+00 -9.1388614000e-02 -8.3712045000e-02  5.5440775000e-02  2.2352186840e+00  2.0515503120e+00  2.0286768560e+00
    6.6300000000e+00 -8.7121631000e-02 -8.1830884000e-02  5.8147875000e-02  2.2338522330e+00  2.0466631990e+00  2.0266603900e+00
    6.6400000000e+00 -8.3261252000e-02 -7.9801104000e-02  6.0936242000e-02  2.2327311220e+00  2.0417424790e+00  2.0247004160e+00
    6.6500000000e+00 -7.9822577000e-02 -7.7608897000e-02  6.3792076000e-02  2.2318026410e+00  2.0368155690e+00  2.0228129720e+00
    6.6600000000e+00 -7.6811256000e-02 -7.5245841000e-02  6.6701789000e-02  2.2310141550e+00  2.0319142090e+00  2.0210103360e+00
    6.6700000000e+00 -7.4224288000e-02 -7.2710649000e-02  6.9652848000e-02  2.2303149820e+00  2.0270728500e+00  2.0193018490e+00
    6.6800000000e+00 -7.2051136000e-02 -7.0010189000e-02  7.2634246000e-02  2.2296578620e+00  2.0223263160e+00  2.0176949290e+00
    6.6900000000e+00 -7.0275019000e-02 -6.7159511000e-02  7.5636566000e-02  2.2289999900e+00  2.0177071100e+00  2.0161961140e+00
    6.7000000000e+00 -6.8874224000e-02 -6.4180799000e-02  7.8651663000e-02  2.2283036310e+00  2.0132428620e+00  2.0148120020e+00
    6.7100000000e+00 -6.7823321000e-02 -6.1101417000e-02  8.1672031000e-02  2.2275364160e+00  2.0089543430e+00  2.0135499720e+00
    6.7200000000e+00 -6.7094239000e-02 -5.7951381000e-02  8.4689947000e-02  2.2266713870e+00  2.0048543690e+00  2.0124186050e+00
    6.7300000000e+00 -6.6657159000e-02 -5.4760664000e-02  8.7696471000e-02  2.2256869050e+00  2.0009477160e+00  2.0114277510e+00
    6.7400000000e+00 -6.6481257000e-02 -5.1556753000e-02  9.0680422000e-02  2.2245664790e+00  1.9972319750e+00  2.0105881900e+00
    6.7500000000e+00 -6.6535297000e-02 -4.8362739000e-02  9.3627456000e-02  2.2232985850e+00  1.9936991580e+00  2.0099108440e+00
    6.7600000000e+00 -6.6788114000e-02 -4.5196161000e-02  9.6519430000e-02  2.2218765350e+00  1.9903377700e+00  2.0094055570e+00
    6.7700000000e+00 -6.7209075000e-02 -4.2068660000e-02  9.9334260000e-02  2.2202984640e+00  1.9871350470e+00  2.0090795300e+00
    6.7800000000e+00 -6.7768612000e-02 -3.8986421000e-02  1.0204643000e-01  2.2185674160e+00  1.9840790670e+00  2.0089356220e+00
    6.7900000000e+00 -6.8438974000e-02 -3.5951284000e-02  1.0462823800e-01  2.2166915120e+00  1.9811604900e+00  2.0089707890e+00
    6.8000000000e+00 -6.9195277000e-02 -3.2962326000e-02  1.0705170600e-01  2.2146839990e+00  1.9783737220e+00  2.0091749700e+00
    6.8100000000e+00 -7.0016874000e-02 -3.0017679000e-02  1.0929099200e-01  2.2125630040e+00  1.9757174060e+00  2.0095307250e+00
    6.8200000000e+00 -7.0888874000e-02 -2.7116302000e-02  1.1132498400e-01  2.2103507260e+00  1.9731942200e+00  2.0100137970e+00
    6.8300000000e+00 -7.1803556000e-02 -2.4259490000e-02  1.1313969000e-01  2.2080719590e+00  1.9708100780e+00  2.0105947000e+00
    6.8400000000e+00 -7.2761308000e-02 -2.1451911000e-02  1.1473001800e-01  2.2057519380e+00  1.9685729040e+00  2.0112412290e+00
    6.8500000000e+00 -7.3770756000e-02 -1.8702104000e-02  1.1610056200e-01  2.2034137430e+00  1.9664912050e+00  2.0119216280e+00
    6.8600000000e+00 -7.4847877000e-02 -1.6022441000e-02  1.1726514900e-01  2.2010756350e+00  1.9645726480e+00  2.0126079830e+00
    6.8700000000e+00 -7.6014089000e-02 -1.3428630000e-02  1.1824511500e-01  2.1987487840e+00  1.9628228410e+00  2.0132793160e+00
    6.8800000000e+00 -7.7293537000e-02 -1.0938914000e-02  1.1906651100e-01  2.1964358540e+00  1.9612444100e+00  2.0139238850e+00
    6.8900000000e+00 -7.8710007000e-02 -8.5730920000e-03  1.1975662500e-01  2.1941307190e+00  1.9598364300e+00  2.0145403140e+00
    6.9000000000e+00 -8.0283989000e-02 -6.3514940000e-03  1.2034036300e-01  2.1918194210e+00  1.9585941900e+00  2.0151373990e+00
    6.9100000000e+00 -8.2030443000e-02 -4.2940020000e-03  1.2083697600e-01  2.1894821610e+00  1.9575092720e+00  2.0157326850e+00
    6.9200000000e+00 -8.3957629000e-02 -2.4191920000e-03  1.2125754800e-01  2.1870959140e+00  1.9565698910e+00  2.0163500730e+00
    6.9300000000e+00 -8.6067172000e-02 -7.4365900000e-04  1.2160348600e-01  2.1846370920e+00  1.9557614610e+00  2.0170168450e+00
    6.9400000000e+00 -8.8355179000e-02  7.1838400000e-04  1.2186604900e-01  2.1820836830e+00  1.9550672900e+00  2.0177605220e+00
    6.9500000000e+00 -9.0814004000e-02  1.9552190000e-03  1.2202681700e-01  2.1794164590e+00  1.9544693040e+00  2.0186058840e+00
    6.9600000000e+00 -9.3434070000e-02  2.9574700000e-03  1.2205892500e-01  2.1766191040e+00  1.9539486440e+00  2.0195723910e+00
    6.9700000000e+00 -9.6205215000e-02  3.7177730000e-03  1.2192883600e-01  2.1736774530e+00  1.9534860490e+00  2.0206721280e+00
    6.9800000000e+00 -9.9117176000e-02  4.2304490000e-03  1.2159847300e-01  2.1705782640e+00  1.9530619640e+00  2.0219083100e+00
    6.9900000000e+00 -1.0215914100e-01  4.4912980000e-03  1.2102760200e-01  2.1673081030e+00  1.9526564750e+00  2.0232743600e+00
    7.0000000000e+00 -1.0531861600e-01  4.4975740000e-03  1.2017635300e-01  2.1638528230e+00  1.9522491780e+00  2.0247535570e+00
    7.0100000000e+00 -1.0858005800e-01  4.2481010000e-03  1.1900778900e-01  2.1601979470e+00  1.9518191190e+00  2.0263193400e+00
    7.0200000000e+00 -1.1192382100e-01  3.7434140000e-03  1.1749036000e-01  2.1563299330e+00  1.9513448330e+00  2.0279362940e+00
    7.0300000000e+00 -1.1532587600e-01  2.9858520000e-03  1.1560000500e-01  2.1522380300e+00  1.9508044370e+00  2.0295618260e+00
    7.0400000000e+00 -1.1875849400e-01  1.9795980000e-03  1.1332165300e-01  2.1479162450e+00  1.9501756560e+00  2.0311484230e+00
    7.0500000000e+00 -1.2219185200e-01  7.3077800000e-04  1.1064990500e-01  2.1433649220e+00  1.9494357300e+00  2.0326462300e+00
    7.0600000000e+00 -1.2559624600e-01 -7.5222300000e-04  1.0758880700e-01  2.1385915440e+00  1.9485612610e+00  2.0340056110e+00
    7.0700000000e+00 -1.2894450500e-01 -2.4581640000e-03  1.0415082400e-01  2.1336105960e+00  1.9475281470e+00  2.0351793080e+00
    7.0800000000e+00 -1.3221419100e-01 -4.3720970000e-03  1.0035525400e-01  2.1284425230e+00  1.9463118530e+00  2.0361239070e+00
    7.0900000000e+00 -1.3538926800e-01 -6.4744580000e-03  9.6226503000e-02  2.1231119910e+00  1.9448881620e+00  2.0368004680e+00
    7.1000000000e+00 -1.3846107400e-01 -8.7403800000e-03  9.1792596000e-02  2.1176457110e+00  1.9432344800e+00  2.0371744100e+00
    7.1100000000e+00 -1.4142853200e-01 -1.1139504000e-02  8.7084258000e-02  2.1120700990e+00  1.9413315570e+00  2.0372149070e+00
    7.1200000000e+00 -1.4429761900e-01 -1.3636480000e-02  8.2134669000e-02  2.1064090300e+00  1.9391654110e+00  2.0368941840e+00
    7.1300000000e+00 -1.4708017600e-01 -1.6192247000e-02  7.6979818000e-02  2.1006818770e+00  1.9367291140e+00  2.0361871020e+00
    7.1400000000e+00 -1.4979218800e-01 -1.8765989000e-02  7.1659166000e-02  2.0949020240e+00  1.9340241540e+00  2.0350713100e+00
    7.1500000000e+00 -1.5245169500e-01 -2.1317600000e-02  6.6216252000e-02  2.0890759990e+00  1.9310610840e+00  2.0335280310e+00
    7.1600000000e+00 -1.5507656200e-01 -2.3810357000e-02  6.0698889000e-02  2.0832032860e+00  1.9278593050e+00  2.0315433860e+00
    7.1700000000e+00 -1.5768230300e-01 -2.6213445000e-02  5.5158739000e-02  2.0772768420e+00  1.9244459240e+00  2.0291099650e+00
    7.1800000000e+00 -1.6028018800e-01 -2.8504014000e-02  4.9650180000e-02  2.0712842600e+00  1.9208538120e+00  2.0262283350e+00
    7.1900000000e+00 -1.6287581700e-01 -3.0668471000e-02  4.4228588000e-02  2.0652094620e+00  1.9171190710e+00  2.0229081830e+00
    7.2000000000e+00 -1.6546829100e-01 -3.2702899000e-02  3.8948204000e-02  2.0590347670e+00  1.9132782740e+00  2.0191689060e+00
    7.2100000000e+00 -1.6805012300e-01 -3.4612596000e-02  3.3859831000e-02  2.0527431310e+00  1.9093657770e+00  2.0150395400e+00
    7.2200000000e+00 -1.7060791100e-01 -3.6410887000e-02  2.9008559000e-02  2.0463202950e+00  1.9054113920e+00  2.0105580320e+00
    7.2300000000e+00 -1.7312373300e-01 -3.8117421000e-02  2.4431731000e-02  2.0397565560e+00  1.9014385500e+00  2.0057698930e+00
    7.2400000000e+00 -1.7557707300e-01 -3.9756096000e-02  2.0157295000e-02  2.0330478960e+00  1.8974630210e+00  2.0007263450e+00
    7.2500000000e+00 -1.7794698100e-01 -4.1352770000e-02  1.6202669000e-02  2.0261962980e+00  1.8934922050e+00  1.9954820600e+00
    7.2600000000e+00 -1.8021410800e-01 -4.2932840000e-02  1.2574209000e-02  2.0192092360e+00  1.8895250630e+00  1.9900926700e+00
    7.2700000000e+00 -1.8236231300e-01 -4.4518873000e-02  9.2673230000e-03  2.0120984950e+00  1.8855527400e+00  1.9846121850e+00
    7.2800000000e+00 -1.8437962800e-01 -4.6128502000e-02  6.2672420000e-03  2.0048785670e+00  1.8815599050e+00  1.9790905160e+00
    7.2900000000e+00 -1.8625853100e-01 -4.7772894000e-02  3.5504080000e-03  1.9975649410e+00  1.8775267090e+00  1.9735712430e+00
    7.3000000000e+00 -1.8799559300e-01 -4.9455995000e-02  1.0864070000e-03  1.9901725330e+00  1.8734310890e+00  1.9680898280e+00
    7.3100000000e+00 -1.8959062400e-01 -5.1174637000e-02 -1.1596870000e-03  1.9827144460e+00  1.8692510630e+00  1.9626723850e+00
    7.3200000000e+00 -1.9104549700e-01 -5.2919358000e-02 -3.2247240000e-03  1.9752011960e+00  1.8649666560e+00  1.9573351280e+00
    7.3300000000e+00 -1.9236282700e-01 -5.4675672000e-02 -5.1448280000e-03  1.9676404570e+00  1.8605612480e+00  1.9520845660e+00
    7.3400000000e+00 -1.9354469700e-01 -5.6425437000e-02 -6.9529340000e-03  1.9600373490e+00  1.8560223150e+00  1.9469184210e+00
    7.3500000000e+00 -1.9459165200e-01 -5.8148112000e-02 -8.6766940000e-03  1.9523952240e+00  1.8513417020e+00  1.9418272400e+00
    7.3600000000e+00 -1.9550213900e-01 -5.9821775000e-02 -1.0337009000e-02  1.9447168010e+00  1.8465156170e+00  1.9367965440e+00
    7.3700000000e+00 -1.9627254500e-01 -6.1423954000e-02 -1.1947319000e-02  1.9370054390e+00  1.8415445210e+00  1.9318093030e+00
    7.3800000000e+00 -1.9689783200e-01 -6.2932348000e-02 -1.3513776000e-02  1.9292662530e+00  1.8364329710e+00  1.9268484540e+00
    7.3900000000e+00 -1.9737266600e-01 -6.4325506000e-02 -1.5036247000e-02  1.9215067930e+00  1.8311894050e+00  1.9218991190e+00
    7.4000000000e+00 -1.9769276000e-01 -6.5583458000e-02 -1.6510000000e-02  1.9137370980e+00  1.8258258140e+00  1.9169502340e+00
    7.4100000000e+00 -1.9785611600e-01 -6.6688241000e-02 -1.7927764000e-02  1.9059690640e+00  1.8203572940e+00  1.9119953540e+00
    7.4200000000e+00 -1.9786383900e-01 -6.7624252000e-02 -1.9281797000e-02  1.8982152680e+00  1.8148015190e+00  1.9070325640e+00
    7.4300000000e+00 -1.9772031800e-01 -6.8378405000e-02 -2.0565584000e-02  1.8904875010e+00  1.8091782360e+00  1.9020635890e+00
    7.4400000000e+00 -1.9743270000e-01 -6.8940148000e-02 -2.1774856000e-02  1.8827953380e+00  1.8035088890e+00  1.8970923730e+00
    7.4500000000e+00 -1.9700974500e-01 -6.9301451000e-02 -2.2907798000e-02  1.8751450600e+00  1.7978164200e+00  1.8921234920e+00
    7.4600000000e+00 -1.9646029500e-01 -6.9456895000e-02 -2.3964497000e-02  1.8675391690e+00  1.7921252230e+00  1.8871608150e+00
    7.4700000000e+00 -1.9579163400e-01 -6.9403966000e-02 -2.4945854000e-02  1.8599766160e+00  1.7864611450e+00  1.8822066970e+00
    7.4800000000e+00 -1.9500808300e-01 -6.9143572000e-02 -2.5852314000e-02  1.8524537120e+00  1.7808513760e+00  1.8772618920e+00
    7.4900000000e+00 -1.9411008400e-01 -6.8680709000e-02 -2.6682773000e-02  1.8449655500e+00  1.7753240810e+00  1.8723261390e+00
    7.5000000000e+00 -1.9309395200e-01 -6.8025117000e-02 -2.7433957000e-02  1.8375076910e+00  1.7699076680e+00  1.8673992230e+00
    7.5100000000e+00 -1.9195230600e-01 -6.7191736000e-02 -2.8100412000e-02  1.8300777690e+00  1.7646297130e+00  1.8624822240e+00
    7.5200000000e+00 -1.9067507900e-01 -6.6200778000e-02 -2.8675105000e-02  1.8226767860e+00  1.7595156360e+00  1.8575786500e+00
    7.5300000000e+00 -1.8925087400e-01 -6.5077335000e-02 -2.9150504000e-02  1.8153098850e+00  1.7545873180e+00  1.8526951820e+00
    7.5400000000e+00 -1.8766843200e-01 -6.3850507000e-02 -2.9519894000e-02  1.8079865880e+00  1.7498618780e+00  1.8478418820e+00
    7.5500000000e+00 -1.8591800000e-01 -6.2552183000e-02 -2.9778677000e-02  1.8007205290e+00  1.7453507820e+00  1.8430318110e+00
    7.5600000000e+00 -1.8399246600e-01 -6.1215629000e-02 -2.9925382000e-02  1.7935288230e+00  1.7410593730e+00  1.8382801440e+00
    7.5700000000e+00 -1.8188820200e-01 -5.9874063000e-02 -2.9962217000e-02  1.7864312020e+00  1.7369868250e+00  1.8336029570e+00
    7.5800000000e+00 -1.7960560100e-01 -5.8559341000e-02 -2.9895036000e-02  1.7794490280e+00  1.7331264610e+00  1.8290159430e+00
    7.5900000000e+00 -1.7714935600e-01 -5.7300817000e-02 -2.9732800000e-02  1.7726042640e+00  1.7294663460e+00  1.8245333460e+00
    7.6000000000e+00 -1.7452851100e-01 -5.6124416000e-02 -2.9486696000e-02  1.7659184620e+00  1.7259900880e+00  1.8201673220e+00
    7.6100000000e+00 -1.7175629900e-01 -5.5051944000e-02 -2.9169208000e-02  1.7594117510e+00  1.7226778010e+00  1.8159278330e+00
    7.6200000000e+00 -1.6884977500e-01 -5.4100653000e-02 -2.8793436000e-02  1.7531018780e+00  1.7195071800e+00  1.8118229670e+00
    7.6300000000e+00 -1.6582921500e-01 -5.3283118000e-02 -2.8372848000e-02  1.7470032920e+00  1.7164546080e+00  1.8078594720e+00
    7.6400000000e+00 -1.6271724100e-01 -5.2607410000e-02 -2.7921480000e-02  1.7411263620e+00  1.7134962070e+00  1.8040431640e+00
    7.6500000000e+00 -1.5953769900e-01 -5.2077535000e-02 -2.7454415000e-02  1.7354768270e+00  1.7106087230e+00  1.8003789610e+00
    7.6600000000e+00 -1.5631432500e-01 -5.1694034000e-02 -2.6988224000e-02  1.7300555970e+00  1.7077701710e+00  1.7968704440e+00
    7.6700000000e+00 -1.5306935100e-01 -5.1454659000e-02 -2.6541060000e-02  1.7248590120e+00  1.7049602340e+00  1.7935190290e+00
    7.6800000000e+00 -1.4982222400e-01 -5.1355029000e-02 -2.6132215000e-02  1.7198795820e+00  1.7021604280e+00  1.7903230470e+00
    7.6900000000e+00 -1.4658863600e-01 -5.1389197000e-02 -2.5781139000e-02  1.7151071680e+00  1.6993540750e+00  1.7872770580e+00
    7.7000000000e+00 -1.4338002300e-01 -5.1550104000e-02 -2.5506132000e-02  1.7105304540e+00  1.6965261430e+00  1.7843716850e+00
    7.7100000000e+00 -1.4020364100e-01 -5.1829889000e-02 -2.5323012000e-02  1.7061385250e+00  1.6936629880e+00  1.7815940760e+00
    7.7200000000e+00 -1.3706321000e-01 -5.2220019000e-02 -2.5244106000e-02  1.7019223180e+00  1.6907520700e+00  1.7789289290e+00
    7.7300000000e+00 -1.3396006500e-01 -5.2711272000e-02 -2.5277781000e-02  1.6978757260e+00  1.6877816980e+00  1.7763598400e+00
    7.7400000000e+00 -1.3089462900e-01 -5.3293580000e-02 -2.5428574000e-02  1.6939962070e+00  1.6847408770e+00  1.7738706650e+00
    7.7500000000e+00 -1.2786801100e-01 -5.3955804000e-02 -2.5697839000e-02  1.6902847920e+00  1.6816192980e+00  1.7714466230e+00
    7.7600000000e+00 -1.2488348900e-01 -5.4685513000e-02 -2.6084683000e-02  1.6867455090e+00  1.6784074830e+00  1.7690749830e+00
    7.7700000000e+00 -1.2194769600e-01 -5.5468819000e-02 -2.6586951000e-02  1.6833843100e+00  1.6750970690e+00  1.7667453000e+00
    7.7800000000e+00 -1.1907135800e-01 -5.6290339000e-02 -2.7202106000e-02  1.6802076400e+00  1.6716811990e+00  1.7644493030e+00
    7.7900000000e+00 -1.1626950300e-01 -5.7133303000e-02 -2.7927896000e-02  1.6772208090e+00  1.6681549510e+00  1.7621805780e+00
    7.8000000000e+00 -1.1356111100e-01 -5.7979831000e-02 -2.8762862000e-02  1.6744263440e+00  1.6645157640e+00  1.7599341630e+00
    7.8100000000e+00 -1.1096820800e-01 -5.8811360000e-02 -2.9706732000e-02  1.6718224780e+00  1.6607637650e+00  1.7577060840e+00
    7.8200000000e+00 -1.0851441700e-01 -5.9609180000e-02 -3.0760751000e-02  1.6694019640e+00  1.6569019450e+00  1.7554928030e+00
    7.8300000000e+00 -1.0622309900e-01 -6.0354972000e-02 -3.1927883000e-02  1.6671514130e+00  1.6529361630e+00  1.7532905100e+00
    7.8400000000e+00 -1.0411524700e-01 -6.1031285000e-02 -3.3212793000e-02  1.6650513330e+00  1.6488749870e+00  1.7510942650e+00
    7.8500000000e+00 -1.0220744700e-01 -6.1621883000e-02 -3.4621467000e-02  1.6630769630e+00  1.6447294660e+00  1.7488970730e+00
    7.8600000000e+00 -1.0051022000e-01 -6.2111970000e-02 -3.6160411000e-02  1.6611998500e+00  1.6405129110e+00  1.7466890580e+00
    7.8700000000e+00 -9.9027056000e-02 -6.2488358000e-02 -3.7835471000e-02  1.6593899780e+00  1.6362407570e+00  1.7444569670e+00
    7.8800000000e+00 -9.7754303000e-02 -6.2739656000e-02 -3.9650428000e-02  1.6576180950e+00  1.6319305140e+00  1.7421841620e+00
    7.8900000000e+00 -9.6681905000e-02 -6.2856574000e-02 -4.1605585000e-02  1.6558578890e+00  1.6276017740e+00  1.7398511840e+00
    7.9000000000e+00 -9.5794821000e-02 -6.2832374000e-02 -4.3696599000e-02  1.6540876980e+00  1.6232761670e+00  1.7374368840e+00
    7.9100000000e+00 -9.5074875000e-02 -6.2663467000e-02 -4.5913777000e-02  1.6522915740e+00  1.6189771730e+00  1.7349199820e+00
    7.9200000000e+00 -9.4502753000e-02 -6.2350059000e-02 -4.8241994000e-02  1.6504596370e+00  1.6147296720e+00  1.7322808440e+00
    7.9300000000e+00 -9.4059919000e-02 -6.1896714000e-02 -5.0661275000e-02  1.6485877850e+00  1.6105592170e+00  1.7295032040e+00
    7.9400000000e+00 -9.3730263000e-02 -6.1312688000e-02 -5.3147982000e-02  1.6466768190e+00  1.6064910580e+00  1.7265755680e+00
    7.9500000000e+00 -9.3501351000e-02 -6.0611924000e-02 -5.5676393000e-02  1.6447311420e+00  1.6025490550e+00  1.7234920790e+00
    7.9600000000e+00 -9.3365156000e-02 -5.9812712000e-02 -5.8220435000e-02  1.6427571260e+00  1.5987546460e+00  1.7202527460e+00
    7.9700000000e+00 -9.3318185000e-02 -5.8937082000e-02 -6.0755277000e-02  1.6407613530e+00  1.5951259970e+00  1.7168630750e+00
    7.9800000000e+00 -9.3360953000e-02 -5.8010069000e-02 -6.3258590000e-02  1.6387489230e+00  1.5916773850e+00  1.7133332470e+00
    7.9900000000e+00 -9.3496863000e-02 -5.7058963000e-02 -6.5711348000e-02  1.6367220910e+00  1.5884187750e+00  1.7096770510e+00
    8.0000000000e+00 -9.3730625000e-02 -5.6112576000e-02 -6.8098207000e-02  1.6346794520e+00  1.5853555030e+00  1.7059108050e+00
    8.0100000000e+00 -9.4066477000e-02 -5.5200464000e-02 -7.0407530000e-02  1.6326158570e+00  1.5824879870e+00  1.7020523920e+00
    8.0200000000e+00 -9.4506535000e-02 -5.4352040000e-02 -7.2631222000e-02  1.6305230780e+00  1.5798115180e+00  1.6981205230e+00
    8.0300000000e+00 -9.5049583000e-02 -5.3595504000e-02 -7.4764480000e-02  1.6283911390e+00  1.5773162000e+00  1.6941342020e+00
    8.0400000000e+00 -9.5690567000e-02 -5.2956649000e-02 -7.6805581000e-02  1.6262100420e+00  1.5749872160e+00  1.6901123510e+00
    8.0500000000e+00 -9.6420907000e-02 -5.2457706000e-02 -7.8755734000e-02  1.6239715530e+00  1.5728055010e+00  1.6860735220e+00
    8.0600000000e+00 -9.7229561000e-02 -5.2116413000e-02 -8.0618999000e-02  1.6216706730e+00  1.5707488330e+00  1.6820355940e+00
    8.0700000000e+00 -9.8104635000e-02 -5.1945542000e-02 -8.2402225000e-02  1.6193065040e+00  1.5687932110e+00  1.6780154400e+00
    8.0800000000e+00 -9.9035208000e-02 -5.1952945000e-02 -8.4114959000e-02  1.6168823510e+00  1.5669142800e+00  1.6740285180e+00
    8.0900000000e+00 -1.0001304000e-01 -5.2142114000e-02 -8.5769288000e-02  1.6144050500e+00  1.5650885790e+00  1.6700884330e+00
    8.1000000000e+00 -1.0103387600e-01 -5.2513092000e-02 -8.7379578000e-02  1.6118836620e+00  1.5632943930e+00  1.6662064760e+00
    8.1100000000e+00 -1.0209813000e-01 -5.3063508000e-02 -8.8962122000e-02  1.6093277460e+00  1.5615121450e+00  1.6623911740e+00
    8.1200000000e+00 -1.0321086200e-01 -5.3789551000e-02 -9.0534674000e-02  1.6067454830e+00  1.5597243570e+00  1.6586478640e+00
    8.1300000000e+00 -1.0438103500e-01 -5.4686710000e-02 -9.2115858000e-02  1.6041419210e+00  1.5579152810e+00  1.6549783050e+00
    8.1400000000e+00 -1.0562015100e-01 -5.5750220000e-02 -9.3724419000e-02  1.6015176060e+00  1.5560703420e+00  1.6513803910e+00
    8.1500000000e+00 -1.0694046600e-01 -5.6975202000e-02 -9.5378312000e-02  1.5988678170e+00  1.5541755340e+00  1.6478480120e+00
    8.1600000000e+00 -1.0835304300e-01 -5.8356523000e-02 -9.7093677000e-02  1.5961824980e+00  1.5522168620e+00  1.6443711830e+00
    8.1700000000e+00 -1.0986593400e-01 -5.9888411000e-02 -9.8883764000e-02  1.5934469030e+00  1.5501799160e+00  1.6409365040e+00
    8.1800000000e+00 -1.1148272700e-01 -6.1563897000e-02 -1.0075798200e-01  1.5906428010e+00  1.5480496420e+00  1.6375279910e+00
    8.1900000000e+00 -1.1320162200e-01 -6.3374133000e-02 -1.0272117900e-01  1.5877500530e+00  1.5458103740e+00  1.6341282550e+00
    8.2000000000e+00 -1.1501507800e-01 -6.5307684000e-02 -1.0477332600e-01  1.5847483370e+00  1.5434461550e+00  1.6307199380e+00
    8.2100000000e+00 -1.1690998300e-01 -6.7349890000e-02 -1.0690968000e-01  1.5816188130e+00  1.5409413900e+00  1.6272872560e+00
    8.2200000000e+00 -1.1886827800e-01 -6.9482423000e-02 -1.0912146300e-01  1.5783456100e+00  1.5382818040e+00  1.6238174840e+00
    8.2300000000e+00 -1.2086789600e-01 -7.1683175000e-02 -1.1139704200e-01  1.5749170320e+00  1.5354556660e+00  1.6203022030e+00
    8.2400000000e+00 -1.2288395100e-01 -7.3926602000e-02 -1.1372352400e-01  1.5713264700e+00  1.5324551600e+00  1.6167381400e+00
    8.2500000000e+00 -1.2489006300e-01 -7.6184608000e-02 -1.1608863500e-01  1.5675729790e+00  1.5292777110e+00  1.6131274610e+00
    8.2600000000e+00 -1.2685978200e-01 -7.8427980000e-02 -1.1848268000e-01  1.5636615440e+00  1.5259270480e+00  1.6094774020e+00
    8.2700000000e+00 -1.2876803300e-01 -8.0628250000e-02 -1.2090037900e-01  1.5596030050e+00  1.5224137560e+00  1.6057992240e+00
    8.2800000000e+00 -1.3059254100e-01 -8.2759772000e-02 -1.2334230000e-01  1.5554136500e+00  1.5187551410e+00  1.6021065090e+00
    8.2900000000e+00 -1.3231516000e-01 -8.4801704000e-02 -1.2581567300e-01  1.5511144590e+00  1.5149743620e+00  1.5984129830e+00
    8.3000000000e+00 -1.3392301500e-01 -8.6739628000e-02 -1.2833439700e-01  1.5467299860e+00  1.5110989110e+00  1.5947300760e+00
    8.3100000000e+00 -1.3540934200e-01 -8.8566586000e-02 -1.3091818600e-01  1.5422869220e+00  1.5071586360e+00  1.5910645590e+00
    8.3200000000e+00 -1.3677390000e-01 -9.0283431000e-02 -1.3359090000e-01  1.5378124240e+00  1.5031835630e+00  1.5874165620e+00
    8.3300000000e+00 -1.3802287500e-01 -9.1898510000e-02 -1.3637828800e-01  1.5333323380e+00  1.4992017570e+00  1.5837782770e+00
    8.3400000000e+00 -1.3916823100e-01 -9.3426758000e-02 -1.3930542000e-01  1.5288695290e+00  1.4952374060e+00  1.5801334900e+00
    8.3500000000e+00 -1.4022659100e-01 -9.4888316000e-02 -1.4239416600e-01  1.5244424940e+00  1.4913092980e+00  1.5764579700e+00
    8.3600000000e+00 -1.4121775600e-01 -9.6306838000e-02 -1.4566099300e-01  1.5200644180e+00  1.4874297620e+00  1.5727205790e+00
    8.3700000000e+00 -1.4216308900e-01 -9.7707625000e-02 -1.4911526800e-01  1.5157427730e+00  1.4836041420e+00  1.5688848980e+00
    8.3800000000e+00 -1.4308394300e-01 -9.9115762000e-02 -1.5275810600e-01  1.5114794330e+00  1.4798307850e+00  1.5649111270e+00
    8.3900000000e+00 -1.4400034700e-01 -1.0055440600e-01 -1.5658173100e-01  1.5072712240e+00  1.4761015040e+00  1.5607580910e+00
    8.4000000000e+00 -1.4493004700e-01 -1.0204330900e-01 -1.6056926000e-01  1.5031107330e+00  1.4724023810e+00  1.5563852590e+00
    8.4100000000e+00 -1.4588792200e-01 -1.0359762100e-01 -1.6469486300e-01  1.4989871830e+00  1.4687148340e+00  1.5517547550e+00
    8.4200000000e+00 -1.4688569500e-01 -1.0522694200e-01 -1.6892429500e-01  1.4948872070e+00  1.4650168480e+00  1.5468333550e+00
    8.4300000000e+00 -1.4793177500e-01 -1.0693461400e-01 -1.7321587300e-01  1.4907954500e+00  1.4612843770e+00  1.5415944340e+00
    8.4400000000e+00 -1.4903107700e-01 -1.0871728400e-01 -1.7752194400e-01  1.4866950110e+00  1.4574929170e+00  1.5360197690e+00
    8.4500000000e+00 -1.5018470500e-01 -1.1056480900e-01 -1.8179087300e-01  1.4825678700e+00  1.4536192510e+00  1.5301010060e+00
    8.4600000000e+00 -1.5138951000e-01 -1.1246063600e-01 -1.8596948500e-01  1.4783954600e+00  1.4496433080e+00  1.5238406180e+00
    8.4700000000e+00 -1.5263763200e-01 -1.1438276000e-01 -1.9000577800e-01  1.4741595140e+00  1.4455499650e+00  1.5172521470e+00
    8.4800000000e+00 -1.5391622400e-01 -1.1630526200e-01 -1.9385167400e-01  1.4698432540e+00  1.4413305580e+00  1.5103596560e+00
    8.4900000000e+00 -1.5520754400e-01 -1.1820035100e-01 -1.9746551700e-01  1.4654328250e+00  1.4369838760e+00  1.5031963820e+00
    8.5000000000e+00 -1.5648956900e-01 -1.2004066400e-01 -2.0081405600e-01  1.4609188340e+00  1.4325164290e+00  1.4958027400e+00
    8.5100000000e+00 -1.5773718200e-01 -1.2180154500e-01 -2.0387372900e-01  1.4562977430e+00  1.4279419290e+00  1.4882238730e+00
    8.5200000000e+00 -1.5892387600e-01 -1.2346299400e-01 -2.0663116900e-01  1.4515728810e+00  1.4232800420e+00  1.4805070590e+00
    8.5300000000e+00 -1.6002382200e-01 -1.2501102200e-01 -2.0908298200e-01  1.4467548770e+00  1.4185546090e+00  1.4726992050e+00
    8.5400000000e+00 -1.6101406500e-01 -1.2643830300e-01 -2.1123491800e-01  1.4418613710e+00  1.4137916230e+00  1.4648446610e+00
    8.5500000000e+00 -1.6187655800e-01 -1.2774411500e-01 -2.1310064400e-01  1.4369159710e+00  1.4090172500e+00  1.4569834540e+00
    8.5600000000e+00 -1.6259975900e-01 -1.2893370900e-01 -2.1470028200e-01  1.4319465560e+00  1.4042561240e+00  1.4491499540e+00
    8.5700000000e+00 -1.6317953100e-01 -1.3001728500e-01 -2.1605884700e-01  1.4269831270e+00  1.3995300780e+00  1.4413719140e+00
    8.5800000000e+00 -1.6361923600e-01 -1.3100878300e-01 -2.1720462800e-01  1.4220555200e+00  1.3948573290e+00  1.4336698050e+00
    8.5900000000e+00 -1.6392902800e-01 -1.3192465700e-01 -2.1816748500e-01  1.4171913220e+00  1.3902521020e+00  1.4260564130e+00
    8.6000000000e+00 -1.6412452500e-01 -1.3278274400e-01 -2.1897701600e-01  1.4124143010e+00  1.3857246150e+00  1.4185367210e+00
    8.6100000000e+00 -1.6422515900e-01 -1.3360130700e-01 -2.1966061000e-01  1.4077435270e+00  1.3812813550e+00  1.4111082000e+00
    8.6200000000e+00 -1.6425256000e-01 -1.3439832600e-01 -2.2024147600e-01  1.4031932220e+00  1.3769255510e+00  1.4037616400e+00
    8.6300000000e+00 -1.6422928100e-01 -1.3519105500e-01 -2.2073684800e-01  1.3987731660e+00  1.3726577450e+00  1.3964825890e+00
    8.6400000000e+00 -1.6417805000e-01 -1.3599586700e-01 -2.2115662500e-01  1.3944893860e+00  1.3684763610e+00  1.3892534150e+00
    8.6500000000e+00 -1.6412154400e-01 -1.3682833300e-01 -2.2150272700e-01  1.3903447990e+00  1.3643781390e+00  1.3820558010e+00
    8.6600000000e+00 -1.6408252700e-01 -1.3770346900e-01 -2.2176930800e-01  1.3863395360e+00  1.3603583490e+00  1.3748733920e+00
    8.6700000000e+00 -1.6408407100e-01 -1.3863598600e-01 -2.2194387700e-01  1.3824708270e+00  1.3564107280e+00  1.3676942540e+00
    8.6800000000e+00 -1.6414956700e-01 -1.3964042100e-01 -2.2200917000e-01  1.3787324820e+00  1.3525271500e+00  1.3605128080e+00
    8.6900000000e+00 -1.6430229700e-01 -1.4073097700e-01 -2.2194553300e-01  1.3751141650e+00  1.3486971410e+00  1.3533310100e+00
    8.7000000000e+00 -1.6456447100e-01 -1.4192101700e-01 -2.2173348700e-01  1.3716007320e+00  1.3449073750e+00  1.3461586900e+00
    8.7100000000e+00 -1.6495580300e-01 -1.4322219200e-01 -2.2135621400e-01  1.3681719520e+00  1.3411413760e+00  1.3390130870e+00
    8.7200000000e+00 -1.6549181500e-01 -1.4464330700e-01 -2.2080171700e-01  1.3648028300e+00  1.3373795940e+00  1.3319176680e+00
    8.7300000000e+00 -1.6618220400e-01 -1.4618912600e-01 -2.2006449800e-01  1.3614646570e+00  1.3336000150e+00  1.3249004200e+00
    8.7400000000e+00 -1.6702958200e-01 -1.4785938500e-01 -2.1914665700e-01  1.3581267410e+00  1.3297793230e+00  1.3179917310e+00
    8.7500000000e+00 -1.6802890700e-01 -1.4964827500e-01 -2.1805831200e-01  1.3547585900e+00  1.3258945000e+00  1.3112220740e+00
    8.7600000000e+00 -1.6916773200e-01 -1.5154458700e-01 -2.1681730000e-01  1.3513322580e+00  1.3219246360e+00  1.3046196590e+00
    8.7700000000e+00 -1.7042728400e-01 -1.5353258700e-01 -2.1544816500e-01  1.3478244740e+00  1.3178526150e+00  1.2982083020e+00
    8.7800000000e+00 -1.7178420700e-01 -1.5559350700e-01 -2.1398052600e-01  1.3442182590e+00  1.3136663670e+00  1.2920057480e+00
    8.7900000000e+00 -1.7321271000e-01 -1.5770740200e-01 -2.1244700900e-01  1.3405038310e+00  1.3093594520e+00  1.2860226470e+00
    8.8000000000e+00 -1.7468680400e-01 -1.5985504600e-01 -2.1088103200e-01  1.3366787460e+00  1.3049308850e+00  1.2802623120e+00
    8.8100000000e+00 -1.7618237200e-01 -1.6201956000e-01 -2.0931475500e-01  1.3327473220e+00  1.3003843000e+00  1.2747212410e+00
    8.8200000000e+00 -1.7767883900e-01 -1.6418752600e-01 -2.0777746600e-01  1.3287195030e+00  1.2957266470e+00  1.2693902550e+00
    8.8300000000e+00 -1.7916032100e-01 -1.6634951100e-01 -2.0629459800e-01  1.3246093580e+00  1.2909666980e+00  1.2642559890e+00
    8.8400000000e+00 -1.8061621300e-01 -1.6850003000e-01 -2.0488741300e-01  1.3204334400e+00  1.2861136110e+00  1.2593024370e+00
    8.8500000000e+00 -1.8204123200e-01 -1.7063708600e-01 -2.0357324200e-01  1.3162091810e+00  1.2811757280e+00  1.2545122800e+00
    8.8600000000e+00 -1.8343503000e-01 -1.7276142600e-01 -2.0236610500e-01  1.3119535110e+00  1.2761596960e+00  1.2498678090e+00
    8.8700000000e+00 -1.8480149200e-01 -1.7487567700e-01 -2.0127743900e-01  1.3076817910e+00  1.2710699220e+00  1.2453513930e+00
    8.8800000000e+00 -1.8614791000e-01 -1.7698347200e-01 -2.0031674900e-01  1.3034070980e+00  1.2659083330e+00  1.2409455490e+00
    8.8900000000e+00 -1.8748415300e-01 -1.7908862300e-01 -1.9949201700e-01  1.2991398420e+00  1.2606743890e+00  1.2366327500e+00
    8.9000000000e+00 -1.8882194300e-01 -1.8119441300e-01 -1.9880983000e-01  1.2948876030e+00  1.2553652880e+00  1.2323951340e+00
    8.9100000000e+00 -1.9017429400e-01 -1.8330300600e-01 -1.9827525000e-01  1.2906550960e+00  1.2499763300e+00  1.2282142650e+00
    8.9200000000e+00 -1.9155505600e-01 -1.8541501700e-01 -1.9789150200e-01  1.2864441480e+00  1.2445013820e+00  1.2240710440e+00
    8.9300000000e+00 -1.9297852600e-01 -1.8752925200e-01 -1.9765957700e-01  1.2822536250e+00  1.2389334060e+00  1.2199458330e+00
    8.9400000000e+00 -1.9445899700e-01 -1.8964260400e-01 -1.9757784900e-01  1.2780793080e+00  1.2332649820e+00  1.2158188000e+00
    8.9500000000e+00 -1.9601019900e-01 -1.9175010600e-01 -1.9764180000e-01  1.2739137850e+00  1.2274887840e+00  1.2116704740e+00
    8.9600000000e+00 -1.9764460400e-01 -1.9384507100e-01 -1.9784395800e-01  1.2697464470e+00  1.2215979650e+00  1.2074824610e+00
    8.9700000000e+00 -1.9937263500e-01 -1.9591928400e-01 -1.9817410100e-01  1.2655636890e+00  1.2155864250e+00  1.2032382260e+00
    8.9800000000e+00 -2.0120187700e-01 -1.9796316300e-01 -1.9861978100e-01  1.2613493870e+00  1.2094490070e+00  1.1989238240e+00
    8.9900000000e+00 -2.0313642000e-01 -1.9996587200e-01 -1.9916713400e-01  1.2570856580e+00  1.2031816460e+00  1.1945284210e+00
    9.0000000000e+00 -2.0517645500e-01 -2.0191538900e-01 -1.9980186400e-01  1.2527538380e+00  1.1967815560e+00  1.1900444990e+00
    9.0100000000e+00 -2.0731822000e-01 -2.0379855600e-01 -2.0051027200e-01  1.2483355960e+00  1.1902474810e+00  1.1854676650e+00
    9.0200000000e+00 -2.0955432100e-01 -2.0560120000e-01 -2.0128012700e-01  1.2438140000e+00  1.1835800520e+00  1.1807960690e+00
    9.0300000000e+00 -2.1187440700e-01 -2.0730837800e-01 -2.0210124700e-01  1.2391744150e+00  1.1767822050e+00  1.1760295510e+00
    9.0400000000e+00 -2.1426609200e-01 -2.0890481800e-01 -2.0296569100e-01  1.2344050940e+00  1.1698596080e+00  1.1711686280e+00
    9.0500000000e+00 -2.1671599000e-01 -2.1037557900e-01 -2.0386753000e-01  1.2294974050e+00  1.1628209890e+00  1.1662135160e+00
    9.0600000000e+00 -2.1921072000e-01 -2.1170689000e-01 -2.0480225700e-01  1.2244456730e+00  1.1556782760e+00  1.1611633390e+00
    9.0700000000e+00 -2.2173774400e-01 -2.1288709700e-01 -2.0576591900e-01  1.2192467100e+00  1.1484464370e+00  1.1560156580e+00
    9.0800000000e+00 -2.2428594600e-01 -2.1390760600e-01 -2.0675411900e-01  1.2138990980e+00  1.1411429880e+00  1.1507664000e+00
    9.0900000000e+00 -2.2684588600e-01 -2.1476367200e-01 -2.0776106400e-01  1.2084023670e+00  1.1337871530e+00  1.1454102290e+00
    9.1000000000e+00 -2.2940974100e-01 -2.1545492000e-01 -2.0877881900e-01  1.2027561630e+00  1.1263987400e+00  1.1399413340e+00
    9.1100000000e+00 -2.3197094000e-01 -2.1598546300e-01 -2.0979694800e-01  1.1969595330e+00  1.1189968310e+00  1.1343545070e+00
    9.1200000000e+00 -2.3452356600e-01 -2.1636356600e-01 -2.1080265800e-01  1.1910104220e+00  1.1115984450e+00  1.1286463660e+00
    9.1300000000e+00 -2.3706162400e-01 -2.1660083500e-01 -2.1178148700e-01  1.1849054260e+00  1.1042173530e+00  1.1228164900e+00
    9.1400000000e+00 -2.3957825500e-01 -2.1671102100e-01 -2.1271849900e-01  1.1786398510e+00  1.0968632260e+00  1.1168682190e+00
    9.1500000000e+00 -2.4206502200e-01 -2.1670856800e-01 -2.1359980200e-01  1.1722080590e+00  1.0895412790e+00  1.1108089200e+00
    9.1600000000e+00 -2.4451133900e-01 -2.1660714100e-01 -2.1441415800e-01  1.1656040740e+00  1.0822524540e+00  1.1046495810e+00
    9.1700000000e+00 -2.4690413600e-01 -2.1641835400e-01 -2.1515437200e-01  1.1588223850e+00  1.0749941500e+00  1.0984037200e+00
    9.1800000000e+00 -2.4922782300e-01 -2.1615090700e-01 -2.1581817200e-01  1.1518588720e+00  1.0677613260e+00  1.0920857560e+00
    9.1900000000e+00 -2.5146458700e-01 -2.1581023100e-01 -2.1640836700e-01  1.1447117430e+00  1.0605477920e+00  1.0857090820e+00
    9.2000000000e+00 -2.5359503600e-01 -2.1539866200e-01 -2.1693222300e-01  1.1373823710e+00  1.0533474440e+00  1.0792841930e+00
    9.2100000000e+00 -2.5559916400e-01 -2.1491603300e-01 -2.1740014700e-01  1.1298758960e+00  1.0461552360e+00  1.0728171820e+00
    9.2200000000e+00 -2.5745753800e-01 -2.1436051400e-01 -2.1782390100e-01  1.1222014470e+00  1.0389677760e+00  1.0663088540e+00
    9.2300000000e+00 -2.5915255800e-01 -2.1372951000e-01 -2.1821465100e-01  1.1143719050e+00  1.0317835150e+00  1.0597545710e+00
    9.2400000000e+00 -2.6066956800e-01 -2.1302046000e-01 -2.1858114500e-01  1.1064031640e+00  1.0246025740e+00  1.0531447890e+00
    9.2500000000e+00 -2.6199761100e-01 -2.1223141400e-01 -2.1892824900e-01  1.0983129720e+00  1.0174263200e+00  1.0464661440e+00
    9.2600000000e+00 -2.6312963300e-01 -2.1136135100e-01 -2.1925598100e-01  1.0901195640e+00  1.0102568070e+00  1.0397028940e+00
    9.2700000000e+00 -2.6406209100e-01 -2.1041020800e-01 -2.1955906100e-01  1.0818403390e+00  1.0030962070e+00  1.0328384790e+00
    9.2800000000e+00 -2.6479403500e-01 -2.0937868600e-01 -2.1982693600e-01  1.0734908850e+00  9.9594633000e-01  1.0258570670e+00
    9.2900000000e+00 -2.6532591700e-01 -2.0826787300e-01 -2.2004419700e-01  1.0650845490e+00  9.8880831700e-01  1.0187449410e+00
    9.3000000000e+00 -2.6565839300e-01 -2.0707880100e-01 -2.2019130600e-01  1.0566326110e+00  9.8168256400e-01  1.0114916940e+00
    9.3100000000e+00 -2.6579143500e-01 -2.0581204500e-01 -2.2024556400e-01  1.0481449690e+00  9.7456887500e-01  1.0040911640e+00
    9.3200000000e+00 -2.6572392800e-01 -2.0446748000e-01 -2.2018225400e-01  1.0396311150e+00  9.6746678700e-01  9.9654210200e-01
    9.3300000000e+00 -2.6545379800e-01 -2.0304425800e-01 -2.1997591800e-01  1.0311011170e+00  9.6037595300e-01  9.8884851900e-01
    9.3400000000e+00 -2.6497859800e-01 -2.0154099900e-01 -2.1960166500e-01  1.0225663590e+00  9.5329645400e-01  9.8101969200e-01
    9.3500000000e+00 -2.6429633500e-01 -1.9995610400e-01 -2.1903641200e-01  1.0140398990e+00  9.4622891700e-01  9.7306980700e-01
    9.3600000000e+00 -2.6340633800e-01 -1.9828806900e-01 -2.1825996700e-01  1.0055363900e+00  9.3917441700e-01  9.6501728500e-01
    9.3700000000e+00 -2.6230997800e-01 -1.9653564000e-01 -2.1725582400e-01  9.9707165100e-01  9.3213418500e-01  9.5688385300e-01
    9.3800000000e+00 -2.6101113700e-01 -1.9469772900e-01 -2.1601163600e-01  9.8866201900e-01  9.2510926900e-01  9.4869348000e-01
    9.3900000000e+00 -2.5951639600e-01 -1.9277308000e-01 -2.1451933100e-01  9.8032359200e-01  9.1810029600e-01  9.4047129500e-01
    9.4000000000e+00 -2.5783497200e-01 -1.9075978500e-01 -2.1277491700e-01  9.7207148500e-01  9.1110748100e-01  9.3224261800e-01
    9.4100000000e+00 -2.5597842700e-01 -1.8865479800e-01 -2.1077804900e-01  9.6391915800e-01  9.0413095600e-01  9.2403220000e-01
    9.4200000000e+00 -2.5396020300e-01 -1.8645365000e-01 -2.0853147800e-01  9.5587785700e-01  8.9717139500e-01  9.1586372300e-01
    9.4300000000e+00 -2.5179500200e-01 -1.8415049500e-01 -2.0604049600e-01  9.4795622200e-01  8.9023080300e-01  9.0775957100e-01
    9.4400000000e+00 -2.4949808000e-01 -1.8173856700e-01 -2.0331250800e-01  9.4016009200e-01  8.8331327500e-01  8.9974081000e-01
    9.4500000000e+00 -2.4708450900e-01 -1.7921099400e-01 -2.0035678900e-01  9.3249255700e-01  8.7642553600e-01  8.9182726800e-01
    9.4600000000e+00 -2.4456850800e-01 -1.7656183100e-01 -1.9718443600e-01  9.2495424100e-01  8.6957707700e-01  8.8403759900e-01
    9.4700000000e+00 -2.4196293300e-01 -1.7378709200e-01 -1.9380845500e-01  9.1754378400e-01  8.6277984600e-01  8.7638920200e-01
    9.4800000000e+00 -2.3927899300e-01 -1.7088558500e-01 -1.9024386000e-01  9.1025843600e-01  8.5604753700e-01  8.6889794900e-01
    9.4900000000e+00 -2.3652619600e-01 -1.6785938900e-01 -1.8650765000e-01  9.0309465900e-01  8.4939462600e-01  8.6157773200e-01
    9.5000000000e+00 -2.3371250600e-01 -1.6471393000e-01 -1.8261857200e-01  8.9604864200e-01  8.4283535100e-01  8.5443992500e-01
    9.5100000000e+00 -2.3084462800e-01 -1.6145770900e-01 -1.7859662400e-01  8.8911666400e-01  8.3638280800e-01  8.4749289500e-01
    9.5200000000e+00 -2.2792834300e-01 -1.5810181500e-01 -1.7446234500e-01  8.8229529300e-01  8.3004827300e-01  8.4074168100e-01
    9.5300000000e+00 -2.2496882500e-01 -1.5465936300e-01 -1.7023598800e-01  8.7558144400e-01  8.2384075800e-01  8.3418794200e-01
    9.5400000000e+00 -2.2197090200e-01 -1.5114495100e-01 -1.6593671300e-01  8.6897232200e-01  8.1776674100e-01  8.2783020500e-01
    9.5500000000e+00 -2.1893924100e-01 -1.4757417100e-01 -1.6158189800e-01  8.6246531300e-01  8.1182999000e-01  8.2166436600e-01
    9.5600000000e+00 -2.1587846800e-01 -1.4396313700e-01 -1.5718669500e-01  8.5605781800e-01  8.0603140500e-01  8.1568438100e-01
    9.5700000000e+00 -2.1279319500e-01 -1.4032797600e-01 -1.5276384500e-01  8.4974707500e-01  8.0036889000e-01  8.0988304100e-01
    9.5800000000e+00 -2.0968797400e-01 -1.3668423300e-01 -1.4832378700e-01  8.4352997800e-01  7.9483727500e-01  8.0425270500e-01
    9.5900000000e+00 -2.0656714600e-01 -1.3304621300e-01 -1.4387498300e-01  8.3740293200e-01  7.8942836500e-01  7.9878588500e-01
    9.6000000000e+00 -2.0343461700e-01 -1.2942626700e-01 -1.3942439400e-01  8.3136178900e-01  7.8413114900e-01  7.9347562300e-01
    9.6100000000e+00 -2.0029360500e-01 -1.2583411000e-01 -1.3497798500e-01  8.2540190900e-01  7.7893220800e-01  7.8831562900e-01
    9.6200000000e+00 -1.9714640600e-01 -1.2227620600e-01 -1.3054115400e-01  8.1951835500e-01  7.7381631800e-01  7.8330020000e-01
    9.6300000000e+00 -1.9399428200e-01 -1.1875530200e-01 -1.2611902500e-01  8.1370619500e-01  7.6876724200e-01  7.7842400900e-01
    9.6400000000e+00 -1.9083748800e-01 -1.1527016300e-01 -1.2171655700e-01  8.0796085200e-01  7.6376867500e-01  7.7368184200e-01
    9.6500000000e+00 -1.8767546600e-01 -1.1181557900e-01 -1.1733850900e-01  8.0227840300e-01  7.5880528700e-01  7.6906836800e-01
    9.6600000000e+00 -1.8450715800e-01 -1.0838269700e-01 -1.1298928400e-01  7.9665576300e-01  7.5386378400e-01  7.6457800500e-01
    9.6700000000e+00 -1.8133135300e-01 -1.0495968700e-01 -1.0867274800e-01  7.9109070300e-01  7.4893384700e-01  7.6020492200e-01
    9.6800000000e+00 -1.7814699400e-01 -1.0153270700e-01 -1.0439206600e-01  7.8558170200e-01  7.4400882100e-01  7.5594314900e-01
    9.6900000000e+00 -1.7495334600e-01 -9.8087038000e-02 -1.0014964400e-01  7.8012767600e-01  7.3908605100e-01  7.5178678700e-01
    9.7000000000e+00 -1.7174999800e-01 -9.4608241000e-02 -9.5947176000e-02  7.7472768300e-01  7.3416680000e-01  7.4773023200e-01
    9.7100000000e+00 -1.6853669100e-01 -9.1083155000e-02 -9.1785836000e-02  7.6938069300e-01  7.2925580400e-01  7.4376835000e-01
    9.7200000000e+00 -1.6531304100e-01 -8.7500630000e-02 -8.7666531000e-02  7.6408550300e-01  7.2436057500e-01  7.3989653900e-01
    9.7300000000e+00 -1.6207825100e-01 -8.3851927000e-02 -8.3590174000e-02  7.5884085000e-01  7.1949059000e-01  7.3611063200e-01
    9.7400000000e+00 -1.5883090300e-01 -8.0130827000e-02 -7.9557862000e-02  7.5364570100e-01  7.1465652300e-01  7.3240666600e-01
    9.7500000000e+00 -1.5556895000e-01 -7.6333528000e-02 -7.5570903000e-02  7.4849965400e-01  7.0986959300e-01  7.2878056300e-01
    9.7600000000e+00 -1.5228992100e-01 -7.2458429000e-02 -7.1630654000e-02  7.4340336300e-01  7.0514107400e-01  7.2522783700e-01
    9.7700000000e+00 -1.4899136300e-01 -6.8505866000e-02 -6.7738205000e-02  7.3835883300e-01  7.0048192600e-01  7.2174340500e-01
    9.7800000000e+00 -1.4567142100e-01 -6.4477835000e-02 -6.3893980000e-02  7.3336951500e-01  6.9590253300e-01  7.1832159900e-01
    9.7900000000e+00 -1.4232945800e-01 -6.0377705000e-02 -6.0097368000e-02  7.2844012100e-01  6.9141250700e-01  7.1495637200e-01
    9.8000000000e+00 -1.3896657600e-01 -5.6209915000e-02 -5.6346473000e-02  7.2357616500e-01  6.8702058500e-01  7.1164167400e-01
    9.8100000000e+00 -1.3558592400e-01 -5.1979683000e-02 -5.2638066000e-02  7.1878331300e-01  6.8273460700e-01  7.0837192200e-01
    9.8200000000e+00 -1.3219272800e-01 -4.7692758000e-02 -4.8967729000e-02  7.1406663400e-01  6.7856159300e-01  7.0514243800e-01
    9.8300000000e+00 -1.2879403200e-01 -4.3355264000e-02 -4.5330171000e-02  7.0942989300e-01  6.7450788500e-01  7.0194978600e-01
    9.8400000000e+00 -1.2539819500e-01 -3.8973634000e-02 -4.1719623000e-02  7.0487499200e-01  6.7057930300e-01  6.9879194400e-01
    9.8500000000e+00 -1.2201424400e-01 -3.4554654000e-02 -3.8130228000e-02  7.0040162900e-01  6.6678125600e-01  6.9566830100e-01
    9.8600000000e+00 -1.1865116200e-01 -3.0105531000e-02 -3.4556344000e-02  6.9600720800e-01  6.6311878600e-01  6.9257952800e-01
    9.8700000000e+00 -1.1531722900e-01 -2.5633976000e-02 -3.0992725000e-02  6.9168698500e-01  6.5959652800e-01  6.8952740400e-01
    9.8800000000e+00 -1.1201946500e-01 -2.1148240000e-02 -2.7434603000e-02  6.8743439700e-01  6.5621862800e-01  6.8651464900e-01
    9.8900000000e+00 -1.0876324900e-01 -1.6657096000e-02 -2.3877694000e-02  6.8324151000e-01  6.5298862900e-01  6.8354484300e-01
    9.9000000000e+00 -1.0555207900e-01 -1.2169778000e-02 -2.0318223000e-02  6.7909950700e-01  6.4990937300e-01  6.8062242500e-01
    9.9100000000e+00 -1.0238748900e-01 -7.6958780000e-03 -1.6753005000e-02  6.7499918200e-01  6.4698292900e-01  6.7775274300e-01
    9.9200000000e+00 -9.9269067000e-02 -3.2452160000e-03 -1.3179623000e-02  6.7093138600e-01  6.4421054800e-01  6.7494210900e-01
    9.9300000000e+00 -9.6194550000e-02  1.1722950000e-03 -9.5966880000e-03  6.6688744200e-01  6.4159269000e-01  6.7219779400e-01
    9.9400000000e+00 -9.3159983000e-02  5.5467710000e-03 -6.0041470000e-03  6.6285951400e-01  6.3912908900e-01  6.6952790200e-01
    9.9500000000e+00 -9.0159930000e-02  9.8684330000e-03 -2.4035640000e-03  6.5884094600e-01  6.3681888400e-01  6.6694112300e-01
    9.9600000000e+00 -8.7187746000e-02  1.4127603000e-02  1.2016680000e-03  6.5482657800e-01  6.3466077700e-01  6.6444636700e-01
    9.9700000000e+00 -8.4235924000e-02  1.8314597000e-02  4.8062410000e-03  6.5081300400e-01  6.3265318200e-01  6.6205232300e-01
    9.9800000000e+00 -8.1296516000e-02  2.2419525000e-02  8.4030070000e-03  6.4679878000e-01  6.3079429900e-01  6.5976700500e-01
    9.9900000000e+00 -7.8361627000e-02  2.6432023000e-02  1.1983186000e-02  6.4278452400e-01  6.2908207400e-01  6.5759733600e-01
    1.0000000000e+01 -7.5423946000e-02  3.0340998000e-02  1.5536700000e-02  6.3877289100e-01  6.2751398900e-01  6.5554883600e-01
    1.0010000000e+01 -7.2477293000e-02  3.4134445000e-02  1.9052561000e-02  6.3476837700e-01  6.2608670300e-01  6.5362544900e-01
    1.0020000000e+01 -6.9517097000e-02  3.7799438000e-02  2.2519274000e-02  6.3077697300e-01  6.2479557000e-01  6.5182949700e-01
    1.0030000000e+01 -6.6540756000e-02  4.1322348000e-02  2.5925185000e-02  6.2680566300e-01  6.2363412200e-01  6.5016177200e-01
    1.0040000000e+01 -6.3547838000e-02  4.4689293000e-02  2.9258756000e-02  6.2286184200e-01  6.2259363900e-01  6.4862170400e-01
    1.0050000000e+01 -6.0540087000e-02  4.7886787000e-02  3.2508740000e-02  6.1895269800e-01  6.2166291600e-01  6.4720757600e-01
    1.0060000000e+01 -5.7521259000e-02  5.0902438000e-02  3.5664272000e-02  6.1508463500e-01  6.2082831300e-01  6.4591676500e-01
    1.0070000000e+01 -5.4496804000e-02  5.3725582000e-02  3.8714866000e-02  6.1126277900e-01  6.2007407800e-01  6.4474595900e-01
    1.0080000000e+01 -5.1473445000e-02  5.6347699000e-02  4.1650344000e-02  6.0749059400e-01  6.1938287600e-01  6.4369135900e-01
    1.0090000000e+01 -4.8458666000e-02  5.8762573000e-02  4.4460693000e-02  6.0376964400e-01  6.1873635400e-01  6.4274882800e-01
    1.0100000000e+01 -4.5460173000e-02  6.0966222000e-02  4.7135864000e-02  6.0009949000e-01  6.1811563200e-01  6.4191399500e-01
    1.0110000000e+01 -4.2485355000e-02  6.2956734000e-02  4.9665512000e-02  5.9647775900e-01  6.1750160600e-01  6.4118226600e-01
    1.0120000000e+01 -3.9540796000e-02  6.4734111000e-02  5.2038703000e-02  5.9290035000e-01  6.1687508800e-01  6.4054874300e-01
    1.0130000000e+01 -3.6631886000e-02  6.6300247000e-02  5.4243603000e-02  5.8936177800e-01  6.1621686400e-01  6.4000800700e-01
    1.0140000000e+01 -3.3762570000e-02  6.7659017000e-02  5.6267185000e-02  5.8585559500e-01  6.1550778900e-01  6.3955374800e-01
    1.0150000000e+01 -3.0935254000e-02  6.8816419000e-02  5.8095037000e-02  5.8237484600e-01  6.1472899800e-01  6.3917820100e-01
    1.0160000000e+01 -2.8150849000e-02  6.9780682000e-02  5.9711347000e-02  5.7891249400e-01  6.1386225800e-01  6.3887142900e-01
    1.0170000000e+01 -2.5408949000e-02  7.0562225000e-02  6.1099159000e-02  5.7546176900e-01  6.1289042400e-01  6.3862048300e-01
    1.0180000000e+01 -2.2708082000e-02  7.1173439000e-02  6.2240974000e-02  5.7201640800e-01  6.1179788200e-01  6.3840857200e-01
    1.0190000000e+01 -2.0045989000e-02  7.1628300000e-02  6.3119709000e-02  5.6857076600e-01  6.1057091400e-01  6.3821436900e-01
    1.0200000000e+01 -1.7419882000e-02  7.1941883000e-02  6.3719959000e-02  5.6511980900e-01  6.0919788000e-01  6.3801161100e-01
    1.0210000000e+01 -1.4826620000e-02  7.2129872000e-02  6.4029459000e-02  5.6165899500e-01  6.0766921000e-01  6.3776910800e-01
    1.0220000000e+01 -1.2262774000e-02  7.2208162000e-02  6.4040585000e-02  5.5818412500e-01  6.0597722700e-01  6.3745121900e-01
    1.0230000000e+01 -9.7245630000e-03  7.2192619000e-02  6.3751741000e-02  5.5469120000e-01  6.0411587200e-01  6.3701881600e-01
    1.0240000000e+01 -7.2076990000e-03  7.2099011000e-02  6.3168459000e-02  5.5117637000e-01  6.0208043400e-01  6.3643067300e-01
    1.0250000000e+01 -4.7071860000e-03  7.1943068000e-02  6.2304101000e-02  5.4763600400e-01  5.9986738400e-01  6.3564518000e-01
    1.0260000000e+01 -2.2171620000e-03  7.1740593000e-02  6.1180056000e-02  5.4406690100e-01  5.9747433000e-01  6.3462225200e-01
    1.0270000000e+01  2.6916300000e-04  7.1507517000e-02  5.9825389000e-02  5.4046660000e-01  5.9490011600e-01  6.3332527100e-01
    1.0280000000e+01  2.7594130000e-03  7.1259843000e-02  5.8275949000e-02  5.3683372200e-01  5.9214497800e-01  6.3172287300e-01
    1.0290000000e+01  5.2618300000e-03  7.1013469000e-02  5.6573008000e-02  5.3316827800e-01  5.8921068700e-01  6.2979043200e-01
    1.0300000000e+01  7.7849410000e-03  7.0783910000e-02  5.4761551000e-02  5.2947188800e-01  5.8610058200e-01  6.2751109300e-01
    1.0310000000e+01  1.0337183000e-02  7.0586025000e-02  5.2888394000e-02  5.2574788400e-01  5.8281947500e-01  6.2487627500e-01
    1.0320000000e+01  1.2926517000e-02  7.0433831000e-02  5.1000320000e-02  5.2200130300e-01  5.7937343400e-01  6.2188564200e-01
    1.0330000000e+01  1.5560086000e-02  7.0340457000e-02  4.9142387000e-02  5.1823879600e-01  5.7576954300e-01  6.1854661100e-01
    1.0340000000e+01  1.8243906000e-02  7.0318240000e-02  4.7356538000e-02  5.1446847700e-01  5.7201573800e-01  6.1487353100e-01
    1.0350000000e+01  2.0982596000e-02  7.0378871000e-02  4.5680525000e-02  5.1069974400e-01  5.6812079600e-01  6.1088666200e-01
    1.0360000000e+01  2.3779130000e-02  7.0533479000e-02  4.4147125000e-02  5.0694307400e-01  5.6409450500e-01  6.0661107700e-01
    1.0370000000e+01  2.6634590000e-02  7.0792527000e-02  4.2783596000e-02  5.0320978200e-01  5.5994794400e-01  6.0207552900e-01
    1.0380000000e+01  2.9547923000e-02  7.1165466000e-02  4.1611321000e-02  4.9951171400e-01  5.5569373300e-01  5.9731130200e-01
    1.0390000000e+01  3.2515738000e-02  7.1660171000e-02  4.0645657000e-02  4.9586087300e-01  5.5134611300e-01  5.9235102800e-01
    1.0400000000e+01  3.5532157000e-02  7.2282279000e-02  3.9896013000e-02  4.9226894100e-01  5.4692072300e-01  5.8722748300e-01
    1.0410000000e+01  3.8588782000e-02  7.3034601000e-02  3.9366192000e-02  4.8874673900e-01  5.4243405300e-01  5.8197242900e-01
    1.0420000000e+01  4.1674805000e-02  7.3916759000e-02  3.9055019000e-02  4.8530364700e-01  5.3790261700e-01  5.7661558200e-01
    1.0430000000e+01  4.4777270000e-02  7.4925189000e-02  3.8957187000e-02  4.8194704400e-01  5.3334198700e-01  5.7118380800e-01
    1.0440000000e+01  4.7881479000e-02  7.6053512000e-02  3.9064243000e-02  4.7868181100e-01  5.2876586700e-01  5.6570061700e-01
    1.0450000000e+01  5.0971512000e-02  7.7293245000e-02  3.9365589000e-02  4.7550994600e-01  5.2418535900e-01  5.6018596900e-01
    1.0460000000e+01  5.4030808000e-02  7.8634726000e-02  3.9849393000e-02  4.7243028900e-01  5.1960854400e-01  5.5465636400e-01
    1.0470000000e+01  5.7042798000e-02  8.0068099000e-02  4.0503334000e-02  4.6943837200e-01  5.1504043100e-01  5.4912512500e-01
    1.0480000000e+01  5.9991562000e-02  8.1584212000e-02  4.1315146000e-02  4.6652637000e-01  5.1048324600e-01  5.4360281700e-01
    1.0490000000e+01  6.2862514000e-02  8.3175322000e-02  4.2272966000e-02  4.6368316400e-01  5.0593699000e-01  5.3809767800e-01
    1.0500000000e+01  6.5643119000e-02  8.4835523000e-02  4.3365525000e-02  4.6089453800e-01  5.0140016000e-01  5.3261602800e-01
    1.0510000000e+01  6.8323626000e-02  8.6560875000e-02  4.4582228000e-02  4.5814353200e-01  4.9687051600e-01  5.2716260600e-01
    1.0520000000e+01  7.0897768000e-02  8.8349260000e-02  4.5913184000e-02  4.5541101100e-01  4.9234577500e-01  5.2174083700e-01
    1.0530000000e+01  7.3363359000e-02  9.0200015000e-02  4.7349208000e-02  4.5267645400e-01  4.8782414600e-01  5.1635303000e-01
    1.0540000000e+01  7.5722693000e-02  9.2113448000e-02  4.8881826000e-02  4.4991896600e-01  4.8330462100e-01  5.1100054700e-01
    1.0550000000e+01  7.7982647000e-02  9.4090347000e-02  5.0503264000e-02  4.4711843000e-01  4.7878702000e-01  5.0568394500e-01
    1.0560000000e+01  8.0154427000e-02  9.6131601000e-02  5.2206441000e-02  4.4425670800e-01  4.7427182500e-01  5.0040310300e-01
    1.0570000000e+01  8.2252950000e-02  9.8238017000e-02  5.3984956000e-02  4.4131875700e-01  4.6975989300e-01  4.9515732100e-01
    1.0580000000e+01  8.4295890000e-02  1.0041035300e-01  5.5833060000e-02  4.3829352000e-01  4.6525215700e-01  4.8994542100e-01
    1.0590000000e+01  8.6302481000e-02  1.0264953100e-01  5.7745647000e-02  4.3517450300e-01  4.6074945700e-01  4.8476582100e-01
    1.0600000000e+01  8.8292216000e-02  1.0495694300e-01  5.9718222000e-02  4.3195995700e-01  4.5625256000e-01  4.7961661000e-01
    1.0610000000e+01  9.0283551000e-02  1.0733472000e-01  6.1746878000e-02  4.2865266700e-01  4.5176238900e-01  4.7449560600e-01
    1.0620000000e+01  9.2292750000e-02  1.0978585100e-01  6.3828264000e-02  4.2525937900e-01  4.4728043200e-01  4.6940040300e-01
    1.0630000000e+01  9.4332967000e-02  1.1231409400e-01  6.5959549000e-02  4.2178993600e-01  4.4280922500e-01  4.6432839700e-01
    1.0640000000e+01  9.6413620000e-02  1.1492364300e-01  6.8138405000e-02  4.1825620400e-01  4.3835280000e-01  4.5927678300e-01
    1.0650000000e+01  9.8540104000e-02  1.1761858300e-01  7.0363021000e-02  4.1467087800e-01  4.3391698600e-01  4.5424253900e-01
    1.0660000000e+01  1.0071385800e-01  1.2040222800e-01  7.2632147000e-02  4.1104627800e-01  4.2950949600e-01  4.4922240500e-01
    1.0670000000e+01  1.0293278100e-01  1.2327642900e-01  7.4945188000e-02  4.0739321100e-01  4.2513973500e-01  4.4421288800e-01
    1.0680000000e+01  1.0519197500e-01  1.2624095300e-01  7.7302332000e-02  4.0372002900e-01  4.2081836600e-01  4.3921030000e-01
    1.0690000000e+01  1.0748472300e-01  1.2929305200e-01  7.9704694000e-02  4.0003196500e-01  4.1655664900e-01  4.3421087000e-01
    1.0700000000e+01  1.0980362500e-01  1.3242726000e-01  8.2154439000e-02  3.9633082100e-01  4.1236565000e-01  4.2921092900e-01
    1.0710000000e+01  1.1214173400e-01  1.3563549200e-01  8.4654854000e-02  3.9261502600e-01  4.0825540700e-01  4.2420715800e-01
    1.0720000000e+01  1.1449359000e-01  1.3890741800e-01  8.7210344000e-02  3.8888004900e-01  4.0423417100e-01  4.1919689400e-01
    1.0730000000e+01  1.1685603800e-01  1.4223108400e-01  8.9826314000e-02  3.8511908300e-01  4.0030782200e-01  4.1417843600e-01
    1.0740000000e+01  1.1922876700e-01  1.4559368300e-01  9.2508955000e-02  3.8132390700e-01  3.9647954800e-01  4.0915131900e-01
    1.0750000000e+01  1.2161457300e-01  1.4898235900e-01  9.5264948000e-02  3.7748582000e-01  3.9274982300e-01  4.0411653500e-01
    1.0760000000e+01  1.2401933200e-01  1.5238492000e-01  9.8101108000e-02  3.7359657300e-01  3.8911665400e-01  3.9907663600e-01
    1.0770000000e+01  1.2645174500e-01  1.5579035800e-01  1.0102400300e-01  3.6964921700e-01  3.8557603200e-01  3.9403575400e-01
    1.0780000000e+01  1.2892287400e-01  1.5918912500e-01  1.0403960600e-01  3.6563883900e-01  3.8212245400e-01  3.8899949400e-01
    1.0790000000e+01  1.3144551700e-01  1.6257319500e-01  1.0715298100e-01  3.6156312800e-01  3.7874942400e-01  3.8397474900e-01
    1.0800000000e+01  1.3403347500e-01  1.6593596200e-01  1.1036806900e-01  3.5742274600e-01  3.7544981500e-01  3.7896944200e-01
    1.0810000000e+01  1.3670075500e-01  1.6927209100e-01  1.1368755600e-01  3.5322149000e-01  3.7221608400e-01  3.7399224300e-01
    1.0820000000e+01  1.3946079300e-01  1.7257740000e-01  1.1711284600e-01  3.4896623600e-01  3.6904034300e-01  3.6905230300e-01
    1.0830000000e+01  1.4232573800e-01  1.7584885500e-01  1.2064409400e-01  3.4466668500e-01  3.6591436700e-01  3.6415904900e-01
    1.0840000000e+01  1.4530584900e-01  1.7908466700e-01  1.2428026000e-01  3.4033495900e-01  3.6282960800e-01  3.5932204300e-01
    1.0850000000e+01  1.4840904700e-01  1.8228448600e-01  1.2801914200e-01  3.3598507500e-01  3.5977731000e-01  3.5455091100e-01
    1.0860000000e+01  1.5164061200e-01  1.8544959500e-01  1.3185733300e-01  3.3163236900e-01  3.5674874300e-01  3.4985529400e-01
    1.0870000000e+01  1.5500303000e-01  1.8858305300e-01  1.3579012200e-01  3.2729289900e-01  3.5373557700e-01  3.4524476300e-01
    1.0880000000e+01  1.5849597300e-01  1.9168971800e-01  1.3981134700e-01  3.2298286900e-01  3.5073034900e-01  3.4072865000e-01
    1.0890000000e+01  1.6211638400e-01  1.9477609600e-01  1.4391328500e-01  3.1871807800e-01  3.4772697500e-01  3.3631575600e-01
    1.0900000000e+01  1.6585866300e-01  1.9785002100e-01  1.4808663800e-01  3.1451342400e-01  3.4472123800e-01  3.3201397600e-01
    1.0910000000e+01  1.6971493300e-01  2.0092017700e-01  1.5232067300e-01  3.1038246000e-01  3.4171118800e-01  3.2782988600e-01
    1.0920000000e+01  1.7367539000e-01  2.0399547600e-01  1.5660352300e-01  3.0633701200e-01  3.3869741100e-01  3.2376838400e-01
    1.0930000000e+01  1.7772871500e-01  2.0708435100e-01  1.6092260600e-01  3.0238688700e-01  3.3568311000e-01  3.1983245600e-01
    1.0940000000e+01  1.8186254600e-01  2.1019402800e-01  1.6526508300e-01  2.9853969000e-01  3.3267398900e-01  3.1602311200e-01
    1.0950000000e+01  1.8606395400e-01  2.1332980700e-01  1.6961827700e-01  2.9480075400e-01  3.2967793200e-01  3.1233948500e-01
    1.0960000000e+01  1.9031990700e-01  2.1649444100e-01  1.7396998100e-01  2.9117319500e-01  3.2670447700e-01  3.0877903400e-01
    1.0970000000e+01  1.9461767100e-01  2.1968763700e-01  1.7830863100e-01  2.8765806500e-01  3.2376412000e-01  3.0533779700e-01
    1.0980000000e+01  1.9894512500e-01  2.2290573300e-01  1.8262335600e-01  2.8425457800e-01  3.2086746400e-01  3.0201059700e-01
    1.0990000000e+01  2.0329098900e-01  2.2614159800e-01  1.8690395300e-01  2.8096036400e-01  3.1802426000e-01  2.9879116400e-01
    1.1000000000e+01  2.0764496300e-01  2.2938480200e-01  1.9114084500e-01  2.7777171800e-01  3.1524237300e-01  2.9567215500e-01
    1.1010000000e+01  2.1199781400e-01  2.3262208400e-01  1.9532510500e-01  2.7468381900e-01  3.1252676400e-01  2.9264506200e-01
    1.1020000000e+01  2.1634143600e-01  2.3583815500e-01  1.9944856400e-01  2.7169090200e-01  3.0987857300e-01  2.8970007400e-01
    1.1030000000e+01  2.2066891600e-01  2.3901681700e-01  2.0350407900e-01  2.6878641200e-01  3.0729442300e-01  2.8682592900e-01
    1.1040000000e+01  2.2497462700e-01  2.4214232600e-01  2.0748592600e-01  2.6596314700e-01  3.0476606600e-01  2.8400984900e-01
    1.1050000000e+01  2.2925434700e-01  2.4520089800e-01  2.1139031500e-01  2.6321344200e-01  3.0228048100e-01  2.8123761300e-01
    1.1060000000e+01  2.3350536200e-01  2.4818217700e-01  2.1521594900e-01  2.6052942300e-01  2.9982047000e-01  2.7849384900e-01
    1.1070000000e+01  2.3772652800e-01  2.5108048900e-01  2.1896454900e-01  2.5790333400e-01  2.9736574400e-01  2.7576257600e-01
    1.1080000000e+01  2.4191820900e-01  2.5389569400e-01  2.2264120300e-01  2.5532791400e-01  2.9489439200e-01  2.7302797200e-01
    1.1090000000e+01  2.4608209600e-01  2.5663351500e-01  2.2625446100e-01  2.5279677900e-01  2.9238458600e-01  2.7027532700e-01
    1.1100000000e+01  2.5022086800e-01  2.5930529300e-01  2.2981607500e-01  2.5030472600e-01  2.8981628600e-01  2.6749204700e-01
    1.1110000000e+01  2.5433776500e-01  2.6192721500e-01  2.3334038000e-01  2.4784790800e-01  2.8717276400e-01  2.6466855400e-01
    1.1120000000e+01  2.5843612100e-01  2.6451912100e-01  2.3684336900e-01  2.4542383600e-01  2.8444175200e-01  2.6179895800e-01
    1.1130000000e+01  2.6251893600e-01  2.6710308900e-01  2.4034158100e-01  2.4303120600e-01  2.8161614200e-01  2.5888136300e-01
    1.1140000000e+01  2.6658856300e-01  2.6970195300e-01  2.4385096100e-01  2.4066959400e-01  2.7869419700e-01  2.5591778200e-01
    1.1150000000e+01  2.7064654500e-01  2.7233792000e-01  2.4738584000e-01  2.3833906700e-01  2.7567934200e-01  2.5291368900e-01
    1.1160000000e+01  2.7469361300e-01  2.7503140800e-01  2.5095816600e-01  2.3603978700e-01  2.7257961300e-01  2.4987728800e-01
    1.1170000000e+01  2.7872984000e-01  2.7780014800e-01  2.5457704000e-01  2.3377166000e-01  2.6940689100e-01  2.4681863900e-01
    1.1180000000e+01  2.8275491500e-01  2.8065858000e-01  2.5824856000e-01  2.3153410000e-01  2.6617602000e-01  2.4374875800e-01
    1.1190000000e+01  2.8676847100e-01  2.8361749200e-01  2.6197594200e-01  2.2932592700e-01  2.6290391300e-01  2.4067879900e-01
    1.1200000000e+01  2.9077042500e-01  2.8668388200e-01  2.6575982000e-01  2.2714541900e-01  2.5960868100e-01  2.3761938800e-01
    1.1210000000e+01  2.9476125100e-01  2.8986097400e-01  2.6959866200e-01  2.2499050000e-01  2.5630883900e-01  2.3458012000e-01
    1.1220000000e+01  2.9874215000e-01  2.9314835300e-01  2.7348922600e-01  2.2285902900e-01  2.5302256200e-01  2.3156922300e-01
    1.1230000000e+01  3.0271507900e-01  2.9654221700e-01  2.7742701900e-01  2.2074913400e-01  2.4976700900e-01  2.2859334500e-01
    1.1240000000e+01  3.0668263900e-01  3.0003572800e-01  2.8140673200e-01  2.1865953300e-01  2.4655769900e-01  2.2565742500e-01
    1.1250000000e+01  3.1064783900e-01  3.0361948300e-01  2.8542269200e-01  2.1658978900e-01  2.4340794500e-01  2.2276463700e-01
    1.1260000000e+01  3.1461377000e-01  3.0728211600e-01  2.8946931600e-01  2.1454044700e-01  2.4032841000e-01  2.1991642100e-01
    1.1270000000e+01  3.1858324300e-01  3.1101100100e-01  2.9354157800e-01  2.1251304800e-01  2.3732680100e-01  2.1711260800e-01
    1.1280000000e+01  3.2255844300e-01  3.1479302200e-01  2.9763545100e-01  2.1050998200e-01  2.3440776500e-01  2.1435170500e-01
    1.1290000000e+01  3.2654065200e-01  3.1861534000e-01  3.0174825700e-01  2.0853422300e-01  2.3157300600e-01  2.1163130700e-01
    1.1300000000e+01  3.3053011200e-01  3.2246607800e-01  3.0587886200e-01  2.0658896700e-01  2.2882161500e-01  2.0894863000e-01
    1.1310000000e+01  3.3452602800e-01  3.2633484200e-01  3.1002766700e-01  2.0467723500e-01  2.2615057700e-01  2.0630108300e-01
    1.1320000000e+01  3.3852674400e-01  3.3021304800e-01  3.1419639800e-01  2.0280151900e-01  2.2355536800e-01  2.0368679400e-01
    1.1330000000e+01  3.4253004000e-01  3.3409403200e-01  3.1838773100e-01  2.0096353600e-01  2.2103057800e-01  2.0110500700e-01
    1.1340000000e+01  3.4653349500e-01  3.3797296500e-01  3.2260481400e-01  1.9916412300e-01  2.1857046400e-01  1.9855631000e-01
    1.1350000000e+01  3.5053485200e-01  3.4184664100e-01  3.2685078100e-01  1.9740330000e-01  2.1616939500e-01  1.9604266800e-01
    1.1360000000e+01  3.5453230800e-01  3.4571318400e-01  3.3112831600e-01  1.9568045600e-01  2.1382215400e-01  1.9356730800e-01
    1.1370000000e+01  3.5852470000e-01  3.4957175600e-01  3.3543931600e-01  1.9399464700e-01  2.1152411900e-01  1.9113447700e-01
    1.1380000000e+01  3.6251154400e-01  3.5342228300e-01  3.3978467500e-01  1.9234491100e-01  2.0927134400e-01  1.8874915100e-01
    1.1390000000e+01  3.6649295500e-01  3.5726522700e-01  3.4416416900e-01  1.9073057800e-01  2.0706058300e-01  1.8641673700e-01
    1.1400000000e+01  3.7046944200e-01  3.6110139700e-01  3.4857642100e-01  1.8915151200e-01  2.0488928300e-01  1.8414279200e-01
    1.1410000000e+01  3.7444164400e-01  3.6493177700e-01  3.5301892500e-01  1.8760824600e-01  2.0275557000e-01  1.8193276700e-01
    1.1420000000e+01  3.7841001900e-01  3.6875736000e-01  3.5748810700e-01  1.8610201000e-01  2.0065819700e-01  1.7979179400e-01
    1.1430000000e+01  3.8237456500e-01  3.7257899900e-01  3.6197940500e-01  1.8463463200e-01  1.9859647200e-01  1.7772448200e-01
    1.1440000000e+01  3.8633458400e-01  3.7639727000e-01  3.6648738500e-01  1.8320835500e-01  1.9657014400e-01  1.7573474200e-01
    1.1450000000e+01  3.9028854600e-01  3.8021238000e-01  3.7100587100e-01  1.8182557300e-01  1.9457925100e-01  1.7382562300e-01
    1.1460000000e+01  3.9423402600e-01  3.8402413700e-01  3.7552811300e-01  1.8048855100e-01  1.9262394500e-01  1.7199916600e-01
    1.1470000000e+01  3.9816776000e-01  3.8783196700e-01  3.8004698400e-01  1.7919913100e-01  1.9070433400e-01  1.7025629300e-01
    1.1480000000e+01  4.0208576900e-01  3.9163500200e-01  3.8455520800e-01  1.7795847900e-01  1.8882033400e-01  1.6859672300e-01
    1.1490000000e+01  4.0598356600e-01  3.9543219000e-01  3.8904561600e-01  1.7676687300e-01  1.8697157400e-01  1.6701895100e-01
    1.1500000000e+01  4.0985640900e-01  3.9922244100e-01  3.9351140800e-01  1.7562357000e-01  1.8515735600e-01  1.6552028100e-01
    1.1510000000e+01  4.1369959200e-01  4.0300475600e-01  3.9794640800e-01  1.7452674400e-01  1.8337665100e-01  1.6409693500e-01
    1.1520000000e+01  4.1750873200e-01  4.0677835700e-01  4.0234527800e-01  1.7347352000e-01  1.8162815600e-01  1.6274422500e-01
    1.1530000000e+01  4.2128003900e-01  4.1054278300e-01  4.0670368300e-01  1.7246008300e-01  1.7991037400e-01  1.6145678000e-01
    1.1540000000e+01  4.2501052900e-01  4.1429795200e-01  4.1101838300e-01  1.7148186200e-01  1.7822172900e-01  1.6022879600e-01
    1.1550000000e+01  4.2869818200e-01  4.1804419000e-01  4.1528724900e-01  1.7053375100e-01  1.7656069300e-01  1.5905429600e-01
    1.1560000000e+01  4.3234202900e-01  4.2178220800e-01  4.1950921900e-01  1.6961036000e-01  1.7492591300e-01  1.5792736300e-01
    1.1570000000e+01  4.3594216800e-01  4.2551305100e-01  4.2368419500e-01  1.6870625800e-01  1.7331633000e-01  1.5684234600e-01
    1.1580000000e+01  4.3949973500e-01  4.2923800300e-01  4.2781291900e-01  1.6781622000e-01  1.7173127100e-01  1.5579401200e-01
    1.1590000000e+01  4.4301682500e-01  4.3295847900e-01  4.3189681900e-01  1.6693543200e-01  1.7017051300e-01  1.5477764600e-01
    1.1600000000e+01  4.4649636500e-01  4.3667590000e-01  4.3593787200e-01  1.6605969600e-01  1.6863431300e-01  1.5378911700e-01
    1.1610000000e+01  4.4994195800e-01  4.4039156800e-01  4.3993848200e-01  1.6518558900e-01  1.6712340700e-01  1.5282490400e-01
    1.1620000000e+01  4.5335768200e-01  4.4410654200e-01  4.4390137400e-01  1.6431059700e-01  1.6563898000e-01  1.5188210600e-01
    1.1630000000e+01  4.5674786600e-01  4.4782152100e-01  4.4782952100e-01  1.6343319900e-01  1.6418260800e-01  1.5095846200e-01
    1.1640000000e+01  4.6011683000e-01  4.5153674300e-01  4.5172606000e-01  1.6255288700e-01  1.6275616800e-01  1.5005237900e-01
    1.1650000000e+01  4.6346863200e-01  4.5525189500e-01  4.5559421200e-01  1.6167011900e-01  1.6136173100e-01  1.4916297600e-01
    1.1660000000e+01  4.6680681900e-01  4.5896604800e-01  4.5943715200e-01  1.6078619200e-01  1.6000142000e-01  1.4829014000e-01
    1.1670000000e+01  4.7013424300e-01  4.6267762700e-01  4.6325784000e-01  1.5990303900e-01  1.5867724900e-01  1.4743456000e-01
    1.1680000000e+01  4.7345294200e-01  4.6638441800e-01  4.6705881100e-01  1.5902298100e-01  1.5739093800e-01  1.4659770400e-01
    1.1690000000e+01  4.7676412200e-01  4.7008363600e-01  4.7084194400e-01  1.5814844600e-01  1.5614372600e-01  1.4578173000e-01
    1.1700000000e+01  4.8006822900e-01  4.7377205600e-01  4.7460825600e-01  1.5728172200e-01  1.5493618800e-01  1.4498929400e-01
    1.1710000000e+01  4.8336510300e-01  4.7744620200e-01  4.7835776500e-01  1.5642475600e-01  1.5376810300e-01  1.4422328800e-01
    1.1720000000e+01  4.8665417900e-01  4.8110259400e-01  4.8208944800e-01  1.5557903200e-01  1.5263836700e-01  1.4348653100e-01
    1.1730000000e+01  4.8993470200e-01  4.8473801300e-01  4.8580131400e-01  1.5474553700e-01  1.5154501400e-01  1.4278146800e-01
    1.1740000000e+01  4.9320591200e-01  4.8834975800e-01  4.8949056800e-01  1.5392480700e-01  1.5048530300e-01  1.4210991100e-01
    1.1750000000e+01  4.9646719300e-01  4.9193586200e-01  4.9315384100e-01  1.5311701900e-01  1.4945590500e-01  1.4147287000e-01
    1.1760000000e+01  4.9971815900e-01  4.9549523600e-01  4.9678744400e-01  1.5232213000e-01  1.4845314500e-01  1.4087046800e-01
    1.1770000000e+01  5.0295868500e-01  4.9902773200e-01  5.0038760100e-01  1.5154001000e-01  1.4747327500e-01  1.4030194600e-01
    1.1780000000e+01  5.0618888100e-01  5.0253411600e-01  5.0395064200e-01  1.5077056900e-01  1.4651276000e-01  1.3976571800e-01
    1.1790000000e+01  5.0940903800e-01  5.0601594600e-01  5.0747313900e-01  1.5001385800e-01  1.4556853900e-01  1.3925946600e-01
    1.1800000000e+01  5.1261953300e-01  5.0947537700e-01  5.1095199300e-01  1.4927014200e-01  1.4463823400e-01  1.3878022800e-01
    1.1810000000e+01  5.1582072900e-01  5.1291488800e-01  5.1438448800e-01  1.4853992200e-01  1.4372028700e-01  1.3832445200e-01
    1.1820000000e+01  5.1901286100e-01  5.1633699000e-01  5.1776833400e-01  1.4782393400e-01  1.4281397900e-01  1.3788802200e-01
    1.1830000000e+01  5.2219593700e-01  5.1974393300e-01  5.2110175800e-01  1.4712308100e-01  1.4191933500e-01  1.3746624300e-01
    1.1840000000e+01  5.2536967100e-01  5.2313749200e-01  5.2438364700e-01  1.4643834000e-01  1.4103691500e-01  1.3705382600e-01
    1.1850000000e+01  5.2853346900e-01  5.2651887000e-01  5.2761377500e-01  1.4577063500e-01  1.4016754000e-01  1.3664492200e-01
    1.1860000000e+01  5.3168646600e-01  5.2988874100e-01  5.3079307000e-01  1.4512071800e-01  1.3931201500e-01  1.3623326200e-01
    1.1870000000e+01  5.3482763600e-01  5.3324742200e-01  5.3392387700e-01  1.4448908400e-01  1.3847092200e-01  1.3581243400e-01
    1.1880000000e+01  5.3795591100e-01  5.3659511100e-01  5.3701013400e-01  1.4387594200e-01  1.3764454500e-01  1.3537631900e-01
    1.1890000000e+01  5.4107031600e-01  5.3993212000e-01  5.4005737300e-01  1.4328125700e-01  1.3683293600e-01  1.3491961300e-01
    1.1900000000e+01  5.4417006000e-01  5.4325902100e-01  5.4307251200e-01  1.4270485400e-01  1.3603609500e-01  1.3443838600e-01
    1.1910000000e+01  5.4725455900e-01  5.4657666900e-01  5.4606342800e-01  1.4214655100e-01  1.3525421300e-01  1.3393054900e-01
    1.1920000000e+01  5.5032340100e-01  5.4988607800e-01  5.4903834800e-01  1.4160630000e-01  1.3448788100e-01  1.3339615800e-01
    1.1930000000e+01  5.5337624100e-01  5.5318820200e-01  5.5200515900e-01  1.4108429000e-01  1.3373821500e-01  1.3283747700e-01
    1.1940000000e+01  5.5641265700e-01  5.5648367300e-01  5.5497073500e-01  1.4058100400e-01  1.3300686400e-01  1.3225879000e-01
    1.1950000000e+01  5.5943198200e-01  5.5977255700e-01  5.5794036700e-01  1.4009721900e-01  1.3229588200e-01  1.3166600600e-01
    1.1960000000e+01  5.6243314700e-01  5.6305417700e-01  5.6091736700e-01  1.3963393600e-01  1.3160751800e-01  1.3106610100e-01
    1.1970000000e+01  5.6541453100e-01  5.6632703800e-01  5.6390288500e-01  1.3919225200e-01  1.3094394600e-01  1.3046649600e-01
    1.1980000000e+01  5.6837385400e-01  5.6958884300e-01  5.6689591100e-01  1.3877318700e-01  1.3030698400e-01  1.2987443400e-01
    1.1990000000e+01  5.7130811500e-01  5.7283661000e-01  5.6989344700e-01  1.3837744900e-01  1.2969783200e-01  1.2929642000e-01
    1.2000000000e+01  5.7421360200e-01  5.7606685500e-01  5.7289079700e-01  1.3800516400e-01  1.2911685100e-01  1.2873774800e-01
    1.2010000000e+01  5.7708599700e-01  5.7927585400e-01  5.7588195300e-01  1.3765558400e-01  1.2856339900e-01  1.2820212900e-01
    1.2020000000e+01  5.7992059100e-01  5.8245995200e-01  5.7886002300e-01  1.3732681000e-01  1.2803574800e-01  1.2769142700e-01
    1.2030000000e+01  5.8271261700e-01  5.8561590000e-01  5.8181771100e-01  1.3701556400e-01  1.2753110000e-01  1.2720548400e-01
    1.2040000000e+01  5.8545767400e-01  5.8874119900e-01  5.8474781900e-01  1.3671707800e-01  1.2704571800e-01  1.2674206000e-01
    1.2050000000e+01  5.8815221900e-01  5.9183438200e-01  5.8764376600e-01  1.3642512400e-01  1.2657517300e-01  1.2629687200e-01
    1.2060000000e+01  5.9079405300e-01  5.9489521300e-01  5.9050009900e-01  1.3613222600e-01  1.2611468500e-01  1.2586375500e-01
    1.2070000000e+01  5.9338273500e-01  5.9792475200e-01  5.9331297900e-01  1.3583003700e-01  1.2565951800e-01  1.2543494700e-01
    1.2080000000e+01  5.9591986800e-01  6.0092529300e-01  5.9608060900e-01  1.3550986700e-01  1.2520536900e-01  1.2500149800e-01
    1.2090000000e+01  5.9840919200e-01  6.0390016000e-01  5.9880356900e-01  1.3516329200e-01  1.2474871400e-01  1.2455381400e-01
    1.2100000000e+01  6.0085647500e-01  6.0685343500e-01  6.0148500700e-01  1.3478277700e-01  1.2428705300e-01  1.2408229600e-01
    1.2110000000e+01  6.0326919400e-01  6.0978962000e-01  6.0413064700e-01  1.3436223600e-01  1.2381905800e-01  1.2357807000e-01
    1.2120000000e+01  6.0565605400e-01  6.1271329900e-01  6.0674857000e-01  1.3389745400e-01  1.2334459600e-01  1.2303371600e-01
    1.2130000000e+01  6.0802641000e-01  6.1562883300e-01  6.0934876300e-01  1.3338631800e-01  1.2286467400e-01  1.2244393800e-01
    1.2140000000e+01  6.1038966200e-01  6.1854009900e-01  6.1194244300e-01  1.3282885000e-01  1.2238129300e-01  1.2180606900e-01
    1.2150000000e+01  6.1275470800e-01  6.2145029700e-01  6.1454124600e-01  1.3222704600e-01  1.2189727400e-01  1.2112032900e-01
    1.2160000000e+01  6.1512951500e-01  6.2436182900e-01  6.1715636200e-01  1.3158457800e-01  1.2141604500e-01  1.2038980000e-01
    1.2170000000e+01  6.1752083300e-01  6.2727623200e-01  6.1979775200e-01  1.3090642200e-01  1.2094145000e-01  1.1962011700e-01
    1.2180000000e+01  6.1993405300e-01  6.3019415700e-01  6.2247352800e-01  1.3019847600e-01  1.2047757000e-01  1.1881892000e-01
    1.2190000000e+01  6.2237316600e-01  6.3311536700e-01  6.2518957700e-01  1.2946721100e-01  1.2002857500e-01  1.1799517600e-01
    1.2200000000e+01  6.2484079800e-01  6.3603873400e-01  6.2794944700e-01  1.2871939000e-01  1.1959859400e-01  1.1715846200e-01
    1.2210000000e+01  6.2733825800e-01  6.3896223000e-01  6.3075445600e-01  1.2796183100e-01  1.1919158300e-01  1.1631831100e-01
    1.2220000000e+01  6.2986559800e-01  6.4188291200e-01  6.3360398000e-01  1.2720120900e-01  1.1881116900e-01  1.1548368800e-01
    1.2230000000e+01  6.3242167600e-01  6.4479692200e-01  6.3649583100e-01  1.2644385700e-01  1.1846046200e-01  1.1466262900e-01
    1.2240000000e+01  6.3500423100e-01  6.4769953800e-01  6.3942667100e-01  1.2569555500e-01  1.1814181900e-01  1.1386203900e-01
    1.2250000000e+01  6.3761001300e-01  6.5058529400e-01  6.4239240300e-01  1.2496131800e-01  1.1785659900e-01  1.1308762600e-01
    1.2260000000e+01  6.4023496500e-01  6.5344819600e-01  6.4538850400e-01  1.2424519100e-01  1.1760491600e-01  1.1234393400e-01
    1.2270000000e+01  6.4287447000e-01  6.5628202800e-01  6.4841029300e-01  1.2355009000e-01  1.1738545800e-01  1.1163445400e-01
    1.2280000000e+01  6.4552365200e-01  6.5908073400e-01  6.5145312000e-01  1.2287770900e-01  1.1719538900e-01  1.1096176400e-01
    1.2290000000e+01  6.4817768900e-01  6.6183884000e-01  6.5451249700e-01  1.2222851100e-01  1.1703038200e-01  1.1032768000e-01
    1.2300000000e+01  6.5083213100e-01  6.6455185200e-01  6.5758416200e-01  1.2160181600e-01  1.1688478800e-01  1.0973340300e-01
    1.2310000000e+01  6.5348317100e-01  6.6721659900e-01  6.6066411200e-01  1.2099596900e-01  1.1675192100e-01  1.0917964000e-01
    1.2320000000e+01  6.5612786300e-01  6.6983146900e-01  6.6374861100e-01  1.2040858400e-01  1.1662444800e-01  1.0866670700e-01
    1.2330000000e+01  6.5876426200e-01  6.7239651300e-01  6.6683418400e-01  1.1983682700e-01  1.1649481600e-01  1.0819460400e-01
    1.2340000000e+01  6.6139147300e-01  6.7491341900e-01  6.6991761700e-01  1.1927773600e-01  1.1635568500e-01  1.0776308000e-01
    1.2350000000e+01  6.6400961500e-01  6.7738536800e-01  6.7299594800e-01  1.1872853400e-01  1.1620032200e-01  1.0737170500e-01
    1.2360000000e+01  6.6661969300e-01  6.7981679300e-01  6.7606645000e-01  1.1818692500e-01  1.1602291400e-01  1.0701992900e-01
    1.2370000000e+01  6.6922339100e-01  6.8221308600e-01  6.7912659500e-01  1.1765134100e-01  1.1581880100e-01  1.0670715300e-01
    1.2380000000e+01  6.7182279200e-01  6.8458027600e-01  6.8217398900e-01  1.1712112600e-01  1.1558461100e-01  1.0643278100e-01
    1.2390000000e+01  6.7442005100e-01  6.8692469900e-01  6.8520629100e-01  1.1659662000e-01  1.1531831300e-01  1.0619624500e-01
    1.2400000000e+01  6.7701703800e-01  6.8925268700e-01  6.8822111300e-01  1.1607915200e-01  1.1501919700e-01  1.0599699000e-01
    1.2410000000e+01  6.7961499800e-01  6.9157027100e-01  6.9121594200e-01  1.1557090000e-01  1.1468778000e-01  1.0583441100e-01
    1.2420000000e+01  6.8221425100e-01  6.9388292700e-01  6.9418808900e-01  1.1507464000e-01  1.1432565500e-01  1.0570774600e-01
    1.2430000000e+01  6.8481400200e-01  6.9619536500e-01  6.9713469600e-01  1.1459339700e-01  1.1393527700e-01  1.0561595000e-01
    1.2440000000e+01  6.8741227300e-01  6.9851138700e-01  7.0005280500e-01  1.1413003400e-01  1.1351970300e-01  1.0555757900e-01
    1.2450000000e+01  6.9000598900e-01  7.0083382800e-01  7.0293948900e-01  1.1368683100e-01  1.1308230200e-01  1.0553070100e-01
    1.2460000000e+01  6.9259121900e-01  7.0316458800e-01  7.0579199900e-01  1.1326512300e-01  1.1262647200e-01  1.0553288400e-01
    1.2470000000e+01  6.9516351400e-01  7.0550475500e-01  7.0860791700e-01  1.1286504100e-01  1.1215539300e-01  1.0556123400e-01
    1.2480000000e+01  6.9771833000e-01  7.0785478800e-01  7.1138527800e-01  1.1248539100e-01  1.1167183600e-01  1.0561250800e-01
    1.2490000000e+01  7.0025144400e-01  7.1021474100e-01  7.1412263100e-01  1.1212368200e-01  1.1117806300e-01  1.0568324200e-01
    1.2500000000e+01  7.0275933300e-01  7.1258449100e-01  7.1681904100e-01  1.1177629100e-01  1.1067580700e-01  1.0576989200e-01
    1.2510000000e+01  7.0523946100e-01  7.1496394400e-01  7.1947405000e-01  1.1143873500e-01  1.1016632200e-01  1.0586895100e-01
    1.2520000000e+01  7.0769046000e-01  7.1735320200e-01  7.2208760300e-01  1.1110599500e-01  1.0965049800e-01  1.0597702100e-01
    1.2530000000e+01  7.1011218400e-01  7.1975267300e-01  7.2465997000e-01  1.1077287000e-01  1.0912901700e-01  1.0609084800e-01
    1.2540000000e+01  7.1250566900e-01  7.2216311900e-01  7.2719168600e-01  1.1043430000e-01  1.0860252300e-01  1.0620731700e-01
    1.2550000000e+01  7.1487299800e-01  7.2458565100e-01  7.2968351800e-01  1.1008563700e-01  1.0807180600e-01  1.0632343000e-01
    1.2560000000e+01  7.1721712400e-01  7.2702165300e-01  7.3213646500e-01  1.0972284400e-01  1.0753796300e-01  1.0643628200e-01
    1.2570000000e+01  7.1954166700e-01  7.2947266400e-01  7.3455178700e-01  1.0934262200e-01  1.0700253200e-01  1.0654305500e-01
    1.2580000000e+01  7.2185071900e-01  7.3194020800e-01  7.3693105100e-01  1.0894248000e-01  1.0646758100e-01  1.0664104400e-01
    1.2590000000e+01  7.2414867400e-01  7.3442560800e-01  7.3927616500e-01  1.0852075400e-01  1.0593574000e-01  1.0672773200e-01
    1.2600000000e+01  7.2644006900e-01  7.3692978300e-01  7.4158937600e-01  1.0807661400e-01  1.0541015800e-01  1.0680089600e-01
    1.2610000000e+01  7.2872945000e-01  7.3945306700e-01  7.4387321400e-01  1.0761005400e-01  1.0489440900e-01  1.0685872300e-01
    1.2620000000e+01  7.3102122600e-01  7.4199506200e-01  7.4613036800e-01  1.0712186800e-01  1.0439232600e-01  1.0689991300e-01
    1.2630000000e+01  7.3331952700e-01  7.4455454500e-01  7.4836351800e-01  1.0661361600e-01  1.0390779400e-01  1.0692371700e-01
    1.2640000000e+01  7.3562806400e-01  7.4712944500e-01  7.5057514100e-01  1.0608755100e-01  1.0344452100e-01  1.0692990500e-01
    1.2650000000e+01  7.3794999400e-01  7.4971690000e-01  7.5276735000e-01  1.0554651700e-01  1.0300580300e-01  1.0691863500e-01
    1.2660000000e+01  7.4028781500e-01  7.5231338100e-01  7.5494179500e-01  1.0499381300e-01  1.0259432300e-01  1.0689027000e-01
    1.2670000000e+01  7.4264329500e-01  7.5491487600e-01  7.5709965700e-01  1.0443303200e-01  1.0221199600e-01  1.0684516100e-01
    1.2680000000e+01  7.4501744300e-01  7.5751709800e-01  7.5924173100e-01  1.0386789200e-01  1.0185988800e-01  1.0678345000e-01
    1.2690000000e+01  7.4741052300e-01  7.6011571500e-01  7.6136859100e-01  1.0330205500e-01  1.0153819500e-01  1.0670492200e-01
    1.2700000000e+01  7.4982210900e-01  7.6270654900e-01  7.6348079300e-01  1.0273897200e-01  1.0124629400e-01  1.0660894600e-01
    1.2710000000e+01  7.5225118400e-01  7.6528574700e-01  7.6557909200e-01  1.0218173300e-01  1.0098284500e-01  1.0649450000e-01
    1.2720000000e+01  7.5469626700e-01  7.6784990400e-01  7.6766462600e-01  1.0163295500e-01  1.0074592000e-01  1.0636027800e-01
    1.2730000000e+01  7.5715557100e-01  7.7039614000e-01  7.6973905100e-01  1.0109471200e-01  1.0053315400e-01  1.0620487100e-01
    1.2740000000e+01  7.5962717300e-01  7.7292212000e-01  7.7180459700e-01  1.0056850800e-01  1.0034189300e-01  1.0602698400e-01
    1.2750000000e+01  7.6210918300e-01  7.7542603600e-01  7.7386403700e-01  1.0005531300e-01  1.0016932300e-01  1.0582566900e-01
    1.2760000000e+01  7.6459988500e-01  7.7790656400e-01  7.7592056100e-01  9.9555646000e-02  1.0001256900e-01  1.0560054000e-01
    1.2770000000e+01  7.6709783600e-01  7.8036279700e-01  7.7797758000e-01  9.9069694000e-02  9.9868758000e-02  1.0535191600e-01
    1.2780000000e+01  7.6960192400e-01  7.8279419300e-01  7.8003847900e-01  9.8597452000e-02  9.9735050000e-02  1.0508090000e-01
    1.2790000000e+01  7.7211136100e-01  7.8520053600e-01  7.8210635800e-01  9.8138873000e-02  9.9608638000e-02  1.0478934500e-01
    1.2800000000e+01  7.7462564200e-01  7.8758192800e-01  7.8418380400e-01  9.7693985000e-02  9.9486751000e-02  1.0447972600e-01
    1.2810000000e+01  7.7714445600e-01  7.8993879500e-01  7.8627272300e-01  9.7263000000e-02  9.9366657000e-02  1.0415495300e-01
    1.2820000000e+01  7.7966757800e-01  7.9227191200e-01  7.8837425800e-01  9.6846370000e-02  9.9245690000e-02  1.0381812300e-01
    1.2830000000e+01  7.8219474100e-01  7.9458242400e-01  7.9048880500e-01  9.6444808000e-02  9.9121295000e-02  1.0347227700e-01
    1.2840000000e+01  7.8472551200e-01  7.9687185400e-01  7.9261609900e-01  9.6059257000e-02  9.8991093000e-02  1.0312019200e-01
    1.2850000000e+01  7.8725918500e-01  7.9914209300e-01  7.9475536900e-01  9.5690818000e-02  9.8852960000e-02  1.0276421100e-01
    1.2860000000e+01  7.8979471100e-01  8.0139536500e-01  7.9690552800e-01  9.5340634000e-02  9.8705098000e-02  1.0240615400e-01
    1.2870000000e+01  7.9233066800e-01  8.0363418200e-01  7.9906537100e-01  9.5009754000e-02  9.8546113000e-02  1.0204729000e-01
    1.2880000000e+01  7.9486529900e-01  8.0586126900e-01  8.0123376700e-01  9.4698998000e-02  9.8375082000e-02  1.0168838500e-01
    1.2890000000e+01  7.9739659100e-01  8.0807947900e-01  8.0340981300e-01  9.4408841000e-02  9.8191610000e-02  1.0132979900e-01
    1.2900000000e+01  7.9992239700e-01  8.1029167800e-01  8.0559295200e-01  9.4139338000e-02  9.7995872000e-02  1.0097164800e-01
    1.2910000000e+01  8.0244057300e-01  8.1250062100e-01  8.0778300600e-01  9.3890105000e-02  9.7788628000e-02  1.0061398100e-01
    1.2920000000e+01  8.0494910500e-01  8.1470880800e-01  8.0998014300e-01  9.3660348000e-02  9.7571203000e-02  1.0025697000e-01
    1.2930000000e+01  8.0744621100e-01  8.1691834900e-01  8.1218476700e-01  9.3448935000e-02  9.7345419000e-02  9.9901066000e-02
    1.2940000000e+01  8.0993040700e-01  8.1913084900e-01  8.1439733700e-01  9.3254491000e-02  9.7113500000e-02  9.9547090000e-02
    1.2950000000e+01  8.1240052400e-01  8.2134732400e-01  8.1661817400e-01  9.3075494000e-02  9.6877940000e-02  9.9196240000e-02
    1.2960000000e+01  8.1485571200e-01  8.2356815900e-01  8.1884727600e-01  9.2910368000e-02  9.6641358000e-02  9.8850001000e-02
    1.2970000000e+01  8.1729540200e-01  8.2579309100e-01  8.2108419100e-01  9.2757550000e-02  9.6406364000e-02  9.8509987000e-02
    1.2980000000e+01  8.1971927500e-01  8.2802122500e-01  8.2332797600e-01  9.2615553000e-02  9.6175416000e-02  9.8177739000e-02
    1.2990000000e+01  8.2212721600e-01  8.3025106000e-01  8.2557724400e-01  9.2483006000e-02  9.5950695000e-02  9.7854526000e-02
    1.3000000000e+01  8.2451925900e-01  8.3248054000e-01  8.2783029300e-01  9.2358689000e-02  9.5733969000e-02  9.7541182000e-02
    1.3010000000e+01  8.2689552700e-01  8.3470712700e-01  8.3008528400e-01  9.2241562000e-02  9.5526449000e-02  9.7238016000e-02
    1.3020000000e+01  8.2925615700e-01  8.3692791800e-01  8.3234044000e-01  9.2130762000e-02  9.5328649000e-02  9.6944795000e-02
    1.3030000000e+01  8.3160121600e-01  8.3913982200e-01  8.3459423600e-01  9.2025584000e-02  9.5140263000e-02  9.6660808000e-02
    1.3040000000e+01  8.3393063700e-01  8.4133978200e-01  8.3684553900e-01  9.1925417000e-02  9.4960084000e-02  9.6384990000e-02
    1.3050000000e+01  8.3624416800e-01  8.4352504300e-01  8.3909370200e-01  9.1829652000e-02  9.4786003000e-02  9.6116088000e-02
    1.3060000000e+01  8.3854137500e-01  8.4569341500e-01  8.4133858900e-01  9.1737573000e-02  9.4615095000e-02  9.5852847000e-02
    1.3070000000e+01  8.4082169000e-01  8.4784351300e-01  8.4358053300e-01  9.1648240000e-02  9.4443795000e-02  9.5594194000e-02
    1.3080000000e+01  8.4308450700e-01  8.4997492100e-01  8.4582022700e-01  9.1560408000e-02  9.4268144000e-02  9.5339387000e-02
    1.3090000000e+01  8.4532931900e-01  8.5208827700e-01  8.4805857800e-01  9.1472474000e-02  9.4084076000e-02  9.5088129000e-02
    1.3100000000e+01  8.4755586000e-01  8.5418526400e-01  8.5029652700e-01  9.1382493000e-02  9.3887714000e-02  9.4840610000e-02
    1.3110000000e+01  8.4976426400e-01  8.5626852200e-01  8.5253485900e-01  9.1288240000e-02  9.3675642000e-02  9.4597488000e-02
    1.3120000000e+01  8.5195517900e-01  8.5834148400e-01  8.5477404600e-01  9.1187338000e-02  9.3445140000e-02  9.4359811000e-02
    1.3130000000e+01  8.5412984300e-01  8.6040816300e-01  8.5701411900e-01  9.1077433000e-02  9.3194360000e-02  9.4128881000e-02
    1.3140000000e+01  8.5629009300e-01  8.6247290700e-01  8.5925459400e-01  9.0956398000e-02  9.2922436000e-02  9.3906093000e-02
    1.3150000000e+01  8.5843828600e-01  8.6454012800e-01  8.6149445200e-01  9.0822543000e-02  9.2629527000e-02  9.3692761000e-02
    1.3160000000e+01  8.6057714600e-01  8.6661404200e-01  8.6373218100e-01  9.0674778000e-02  9.2316783000e-02  9.3489942000e-02
    1.3170000000e+01  8.6270954300e-01  8.6869842600e-01  8.6596586000e-01  9.0512727000e-02  9.1986241000e-02  9.3298286000e-02
    1.3180000000e+01  8.6483824400e-01  8.7079641800e-01  8.6819328900e-01  9.0336731000e-02  9.1640664000e-02  9.3117919000e-02
    1.3190000000e+01  8.6696567700e-01  8.7291037400e-01  8.7041214800e-01  9.0147764000e-02  9.1283328000e-02  9.2948367000e-02
    1.3200000000e+01  8.6909374900e-01  8.7504179700e-01  8.7262016600e-01  8.9947257000e-02  9.0917792000e-02  9.2788532000e-02
    1.3210000000e+01  8.7122375400e-01  8.7719133300e-01  8.7481529100e-01  8.9736873000e-02  9.0547655000e-02  9.2636714000e-02
    1.3220000000e+01  8.7335636600e-01  8.7935883900e-01  8.7699584100e-01  8.9518268000e-02  9.0176341000e-02  9.2490687000e-02
    1.3230000000e+01  8.7549173600e-01  8.8154349900e-01  8.7916062300e-01  8.9292890000e-02  8.9806920000e-02  9.2347796000e-02
    1.3240000000e+01  8.7762963700e-01  8.8374398800e-01  8.8130903000e-01  8.9061828000e-02  8.9441975000e-02  9.2205078000e-02
    1.3250000000e+01  8.7976964800e-01  8.8595865200e-01  8.8344109800e-01  8.8825743000e-02  8.9083533000e-02  9.2059398000e-02
    1.3260000000e+01  8.8191133100e-01  8.8818569300e-01  8.8555754800e-01  8.8584867000e-02  8.8733053000e-02  9.1907598000e-02
    1.3270000000e+01  8.8405438500e-01  8.9042333900e-01  8.8765979600e-01  8.8339062000e-02  8.8391475000e-02  9.1746643000e-02
    1.3280000000e+01  8.8619875700e-01  8.9266997000e-01  8.8974992200e-01  8.8087923000e-02  8.8059316000e-02  9.1573796000e-02
    1.3290000000e+01  8.8834470200e-01  8.9492420200e-01  8.9183060300e-01  8.7830895000e-02  8.7736797000e-02  9.1386768000e-02
    1.3300000000e+01  8.9049280900e-01  8.9718491200e-01  8.9390499600e-01  8.7567399000e-02  8.7423969000e-02  9.1183873000e-02
    1.3310000000e+01  8.9264397600e-01  8.9945120800e-01  8.9597658300e-01  8.7296943000e-02  8.7120843000e-02  9.0964134000e-02
    1.3320000000e+01  8.9479936500e-01  9.0172237000e-01  8.9804897500e-01  8.7019218000e-02  8.6827469000e-02  9.0727347000e-02
    1.3330000000e+01  8.9696032900e-01  9.0399775200e-01  9.0012571700e-01  8.6734171000e-02  8.6543984000e-02  9.0474082000e-02
    1.3340000000e+01  8.9912833300e-01  9.0627670400e-01  9.0221009600e-01  8.6442049000e-02  8.6270611000e-02  9.0205632000e-02
    1.3350000000e+01  9.0130485900e-01  9.0855849100e-01  9.0430498200e-01  8.6143422000e-02  8.6007616000e-02  8.9923894000e-02
    1.3360000000e+01  9.0349132500e-01  9.1084226500e-01  9.0641271600e-01  8.5839169000e-02  8.5755249000e-02  8.9631235000e-02
    1.3370000000e+01  9.0568900300e-01  9.1312705400e-01  9.0853504900e-01  8.5530456000e-02  8.5513669000e-02  8.9330326000e-02
    1.3380000000e+01  9.0789896100e-01  9.1541179400e-01  9.1067313300e-01  8.5218684000e-02  8.5282888000e-02  8.9023997000e-02
    1.3390000000e+01  9.1012201800e-01  9.1769537700e-01  9.1282754500e-01  8.4905433000e-02  8.5062734000e-02  8.8715099000e-02
    1.3400000000e+01  9.1235871400e-01  9.1997670800e-01  9.1499832900e-01  8.4592400000e-02  8.4852829000e-02  8.8406399000e-02
    1.3410000000e+01  9.1460929900e-01  9.2225475500e-01  9.1718505800e-01  8.4281335000e-02  8.4652606000e-02  8.8100497000e-02
    1.3420000000e+01  9.1687373500e-01  9.2452859600e-01  9.1938689000e-01  8.3973974000e-02  8.4461327000e-02  8.7799755000e-02
    1.3430000000e+01  9.1915171600e-01  9.2679744100e-01  9.2160263000e-01  8.3671984000e-02  8.4278118000e-02  8.7506240000e-02
    1.3440000000e+01  9.2144270200e-01  9.2906064700e-01  9.2383079800e-01  8.3376902000e-02  8.4101994000e-02  8.7221673000e-02
    1.3450000000e+01  9.2374596100e-01  9.3131772400e-01  9.2606970800e-01  8.3090106000e-02  8.3931891000e-02  8.6947384000e-02
    1.3460000000e+01  9.2606063200e-01  9.3356833500e-01  9.2831755400e-01  8.2812782000e-02  8.3766679000e-02  8.6684284000e-02
    1.3470000000e+01  9.2838577300e-01  9.3581230200e-01  9.3057250900e-01  8.2545936000e-02  8.3605168000e-02  8.6432853000e-02
    1.3480000000e+01  9.3072040700e-01  9.3804962100e-01  9.3283283200e-01  8.2290402000e-02  8.3446121000e-02  8.6193155000e-02
    1.3490000000e+01  9.3306355100e-01  9.4028048900e-01  9.3509696500e-01  8.2046873000e-02  8.3288267000e-02  8.5964876000e-02
    1.3500000000e+01  9.3541422700e-01  9.4250533200e-01  9.3736362700e-01  8.1815933000e-02  8.3130331000e-02  8.5747397000e-02
    1.3510000000e+01  9.3777145300e-01  9.4472483300e-01  9.3963188000e-01  8.1598070000e-02  8.2971089000e-02  8.5539890000e-02
    1.3520000000e+01  9.4013424500e-01  9.4693993500e-01  9.4190116700e-01  8.1393690000e-02  8.2809434000e-02  8.5341429000e-02
    1.3530000000e+01  9.4250160100e-01  9.4915182500e-01  9.4417132100e-01  8.1203110000e-02  8.2644456000e-02  8.5151118000e-02
    1.3540000000e+01  9.4487251600e-01  9.5136188200e-01  9.4644252200e-01  8.1026551000e-02  8.2475512000e-02  8.4968209000e-02
    1.3550000000e+01  9.4724598500e-01  9.5357159700e-01  9.4871523100e-01  8.0864129000e-02  8.2302283000e-02  8.4792209000e-02
    1.3560000000e+01  9.4962103000e-01  9.5578248200e-01  9.5099008400e-01  8.0715860000e-02  8.2124799000e-02  8.4622960000e-02
    1.3570000000e+01  9.5199671000e-01  9.5799596100e-01  9.5326776900e-01  8.0581666000e-02  8.1943430000e-02  8.4460686000e-02
    1.3580000000e+01  9.5437214100e-01  9.6021327800e-01  9.5554888800e-01  8.0461392000e-02  8.1758839000e-02  8.4305987000e-02
    1.3590000000e+01  9.5674649500e-01  9.6243542900e-01  9.5783383000e-01  8.0354828000e-02  8.1571905000e-02  8.4159808000e-02
    1.3600000000e+01  9.5911900600e-01  9.6466311700e-01  9.6012266200e-01  8.0261726000e-02  8.1383633000e-02  8.4023344000e-02
    1.3610000000e+01  9.6148895200e-01  9.6689675400e-01  9.6241505100e-01  8.0181820000e-02  8.1195051000e-02  8.3897936000e-02
    1.3620000000e+01  9.6385564300e-01  9.6913648900e-01  9.6471022800e-01  8.0114840000e-02  8.1007127000e-02  8.3784939000e-02
    1.3630000000e+01  9.6621839600e-01  9.7138226200e-01  9.6700699700e-01  8.0060514000e-02  8.0820696000e-02  8.3685590000e-02
    1.3640000000e+01  9.6857651200e-01  9.7363387600e-01  9.6930376900e-01  8.0018562000e-02  8.0636421000e-02  8.3600886000e-02
    1.3650000000e+01  9.7092925400e-01  9.7589107200e-01  9.7159864500e-01  7.9988673000e-02  8.0454778000e-02  8.3531488000e-02
    1.3660000000e+01  9.7327583600e-01  9.7815360100e-01  9.7388949900e-01  7.9970471000e-02  8.0276067000e-02  8.3477643000e-02
    1.3670000000e+01  9.7561544100e-01  9.8042129000e-01  9.7617409200e-01  7.9963480000e-02  8.0100444000e-02  8.3439135000e-02
    1.3680000000e+01  9.7794724500e-01  9.8269407700e-01  9.7845017200e-01  7.9967084000e-02  7.9927978000e-02  8.3415271000e-02
    1.3690000000e+01  9.8027046200e-01  9.8497203800e-01  9.8071559200e-01  7.9980519000e-02  7.9758713000e-02  8.3404875000e-02
    1.3700000000e+01  9.8258439800e-01  9.8725537700e-01  9.8296841400e-01  8.0002877000e-02  7.9592730000e-02  8.3406324000e-02
    1.3710000000e+01  9.8488849100e-01  9.8954440000e-01  9.8520700500e-01  8.0033128000e-02  7.9430205000e-02  8.3417594000e-02
    1.3720000000e+01  9.8718233800e-01  9.9183946900e-01  9.8743012100e-01  8.0070165000e-02  7.9271445000e-02  8.3436329000e-02
    1.3730000000e+01  9.8946571200e-01  9.9414094600e-01  9.8963698300e-01  8.0112848000e-02  7.9116905000e-02  8.3459934000e-02
    1.3740000000e+01  9.9173855000e-01  9.9644914600e-01  9.9182732300e-01  8.0160048000e-02  7.8967193000e-02  8.3485682000e-02
    1.3750000000e+01  9.9400093700e-01  9.9876428900e-01  9.9400141000e-01  8.0210691000e-02  7.8823049000e-02  8.3510833000e-02
    1.3760000000e+01  9.9625307400e-01  1.0010864570e+00  9.9616003400e-01  8.0263782000e-02  7.8685330000e-02  8.3532766000e-02
    1.3770000000e+01  9.9849523700e-01  1.0034155680e+00  9.9830445900e-01  8.0318425000e-02  7.8554972000e-02  8.3549105000e-02
    1.3780000000e+01  1.0007277380e+00  1.0057513380e+00  1.0004363360e+00  8.0373827000e-02  7.8432958000e-02  8.3557819000e-02
    1.3790000000e+01  1.0029508740e+00  1.0080932660e+00  1.0025575830e+00  8.0429272000e-02  7.8320273000e-02  8.3557296000e-02
    1.3800000000e+01  1.0051649040e+00  1.0104406160e+00  1.0046702570e+00  8.0484090000e-02  7.8217847000e-02  8.3546366000e-02
    1.3810000000e+01  1.0073700320e+00  1.0127924180e+00  1.0067764250e+00  8.0537604000e-02  7.8126495000e-02  8.3524284000e-02
    1.3820000000e+01  1.0095664260e+00  1.0151474820e+00  1.0088780660e+00  8.0589074000e-02  7.8046850000e-02  8.3490660000e-02
    1.3830000000e+01  1.0117542630e+00  1.0175044430e+00  1.0109770030e+00  8.0637658000e-02  7.7979294000e-02  8.3445375000e-02
    1.3840000000e+01  1.0139337880e+00  1.0198618180e+00  1.0130748900e+00  8.0682392000e-02  7.7923903000e-02  8.3388487000e-02
    1.3850000000e+01  1.0161053870e+00  1.0222180910e+00  1.0151732310e+00  8.0722204000e-02  7.7880410000e-02  8.3320147000e-02
    1.3860000000e+01  1.0182696430e+00  1.0245718090e+00  1.0172734350e+00  8.0755965000e-02  7.7848195000e-02  8.3240549000e-02
    1.3870000000e+01  1.0204273610e+00  1.0269216790e+00  1.0193768730e+00  8.0782554000e-02  7.7826306000e-02  8.3149922000e-02
    1.3880000000e+01  1.0225795690e+00  1.0292666520e+00  1.0214849290e+00  8.0800930000e-02  7.7813514000e-02  8.3048548000e-02
    1.3890000000e+01  1.0247274870e+00  1.0316059840e+00  1.0235990260e+00  8.0810194000e-02  7.7808389000e-02  8.2936816000e-02
    1.3900000000e+01  1.0268724770e+00  1.0339392720e+00  1.0257206200e+00  8.0809625000e-02  7.7809391000e-02  8.2815274000e-02
    1.3910000000e+01  1.0290160020e+00  1.0362664570e+00  1.0278511580e+00  8.0798697000e-02  7.7814958000e-02  8.2684679000e-02
    1.3920000000e+01  1.0311595850e+00  1.0385878030e+00  1.0299920250e+00  8.0777080000e-02  7.7823589000e-02  8.2546029000e-02
    1.3930000000e+01  1.0333047840e+00  1.0409038600e+00  1.0321444640e+00  8.0744635000e-02  7.7833910000e-02  8.2400563000e-02
    1.3940000000e+01  1.0354531710e+00  1.0432154120e+00  1.0343095150e+00  8.0701416000e-02  7.7844725000e-02  8.2249739000e-02
    1.3950000000e+01  1.0376063210e+00  1.0455234230e+00  1.0364879480e+00  8.0647678000e-02  7.7855046000e-02  8.2095185000e-02
    1.3960000000e+01  1.0397657760e+00  1.0478289850e+00  1.0386802240e+00  8.0583892000e-02  7.7864111000e-02  8.1938642000e-02
    1.3970000000e+01  1.0419330150e+00  1.0501332630e+00  1.0408864690e+00  8.0510751000e-02  7.7871391000e-02  8.1781889000e-02
    1.3980000000e+01  1.0441093990e+00  1.0524374570e+00  1.0431064650e+00  8.0429177000e-02  7.7876586000e-02  8.1626671000e-02
    1.3990000000e+01  1.0462961120e+00  1.0547427530e+00  1.0453396580e+00  8.0340298000e-02  7.7879621000e-02  8.1474626000e-02
    1.4000000000e+01  1.0484941110e+00  1.0570502880e+00  1.0475851780e+00  8.0245414000e-02  7.7880635000e-02  8.1327211000e-02
    1.4010000000e+01  1.0507040810e+00  1.0593611050e+00  1.0498418790e+00  8.0145936000e-02  7.7879961000e-02  8.1185629000e-02
    1.4020000000e+01  1.0529264140e+00  1.0616761110e+00  1.0521083880e+00  8.0043314000e-02  7.7878097000e-02  8.1050759000e-02
    1.4030000000e+01  1.0551612110e+00  1.0639960460e+00  1.0543831940e+00  7.9938961000e-02  7.7875667000e-02  8.0923096000e-02
    1.4040000000e+01  1.0574083100e+00  1.0663214660e+00  1.0566647440e+00  7.9834188000e-02  7.7873359000e-02  8.0802716000e-02
    1.4050000000e+01  1.0596673280e+00  1.0686527420e+00  1.0589515560e+00  7.9730146000e-02  7.7871871000e-02  8.0689268000e-02
    1.4060000000e+01  1.0619377110e+00  1.0709900910e+00  1.0612423400e+00  7.9627790000e-02  7.7871859000e-02  8.0582009000e-02
    1.4070000000e+01  1.0642187930e+00  1.0733336190e+00  1.0635360930e+00  7.9527860000e-02  7.7873896000e-02  8.0479864000e-02
    1.4080000000e+01  1.0665098420e+00  1.0756833730e+00  1.0658321810e+00  7.9430869000e-02  7.7878472000e-02  8.0381530000e-02
    1.4090000000e+01  1.0688101140e+00  1.0780393880e+00  1.0681303730e+00  7.9337108000e-02  7.7885998000e-02  8.0285578000e-02
    1.4100000000e+01  1.0711188920e+00  1.0804017170e+00  1.0704308500e+00  7.9246655000e-02  7.7896851000e-02  8.0190576000e-02
    1.4110000000e+01  1.0734355320e+00  1.0827704360e+00  1.0727341770e+00  7.9159385000e-02  7.7911410000e-02  8.0095182000e-02
    1.4120000000e+01  1.0757595040e+00  1.0851456280e+00  1.0750412540e+00  7.9074997000e-02  7.7930094000e-02  7.9998241000e-02
    1.4130000000e+01  1.0780904190e+00  1.0875273480e+00  1.0773532460e+00  7.8993043000e-02  7.7953390000e-02  7.9898839000e-02
    1.4140000000e+01  1.0804280670e+00  1.0899155800e+00  1.0796715120e+00  7.8912961000e-02  7.7981852000e-02  7.9796352000e-02
    1.4150000000e+01  1.0827724290e+00  1.0923101910e+00  1.0819975340e+00  7.8834118000e-02  7.8016093000e-02  7.9690467000e-02
    1.4160000000e+01  1.0851236980e+00  1.0947108950e+00  1.0843328380e+00  7.8755857000e-02  7.8056744000e-02  7.9581192000e-02
    1.4170000000e+01  1.0874822770e+00  1.0971172250e+00  1.0866789290e+00  7.8677546000e-02  7.8104411000e-02  7.9468855000e-02
    1.4180000000e+01  1.0898487700e+00  1.0995285290e+00  1.0890372110e+00  7.8598628000e-02  7.8159614000e-02  7.9354082000e-02
    1.4190000000e+01  1.0922239590e+00  1.1019439740e+00  1.0914089270e+00  7.8518677000e-02  7.8222722000e-02  7.9237759000e-02
    1.4200000000e+01  1.0946087630e+00  1.1043625870e+00  1.0937950930e+00  7.8437435000e-02  7.8293892000e-02  7.9120978000e-02
    1.4210000000e+01  1.0970041880e+00  1.1067833030e+00  1.0961964690e+00  7.8354844000e-02  7.8373014000e-02  7.9004960000e-02
    1.4220000000e+01  1.0994112670e+00  1.1092050440e+00  1.0986135500e+00  7.8271054000e-02  7.8459677000e-02  7.8890970000e-02
    1.4230000000e+01  1.1018310020e+00  1.1116268030e+00  1.1010465880e+00  7.8186416000e-02  7.8553155000e-02  7.8780244000e-02
    1.4240000000e+01  1.1042643210e+00  1.1140477290e+00  1.1034956410e+00  7.8101451000e-02  7.8652426000e-02  7.8673935000e-02
    1.4250000000e+01  1.1067120430e+00  1.1164672090e+00  1.1059606350e+00  7.8016814000e-02  7.8756209000e-02  7.8573081000e-02
    1.4260000000e+01  1.1091748660e+00  1.1188849380e+00  1.1084414190e+00  7.7933251000e-02  7.8863026000e-02  7.8478608000e-02
    1.4270000000e+01  1.1116533710e+00  1.1213009620e+00  1.1109378060e+00  7.7851565000e-02  7.8971277000e-02  7.8391356000e-02
    1.4280000000e+01  1.1141480290e+00  1.1237157150e+00  1.1134495920e+00  7.7772589000e-02  7.9079331000e-02  7.8312108000e-02
    1.4290000000e+01  1.1166592180e+00  1.1261300220e+00  1.1159765530e+00  7.7697168000e-02  7.9185620000e-02  7.8241626000e-02
    1.4300000000e+01  1.1191872320e+00  1.1285450850e+00  1.1185184220e+00  7.7626158000e-02  7.9288739000e-02  7.8180668000e-02
    1.4310000000e+01  1.1217322920e+00  1.1309624350e+00  1.1210748610e+00  7.7560418000e-02  7.9387535000e-02  7.8129983000e-02
    1.4320000000e+01  1.1242945440e+00  1.1333838700e+00  1.1236454430e+00  7.7500813000e-02  7.9481193000e-02  7.8090296000e-02
    1.4330000000e+01  1.1268740590e+00  1.1358113540e+00  1.1262296380e+00  7.7448213000e-02  7.9569294000e-02  7.8062274000e-02
    1.4340000000e+01  1.1294708210e+00  1.1382469180e+00  1.1288268240e+00  7.7403491000e-02  7.9651851000e-02  7.8046496000e-02
    1.4350000000e+01  1.1320847220e+00  1.1406925390e+00  1.1314363060e+00  7.7367505000e-02  7.9729304000e-02  7.8043418000e-02
    1.4360000000e+01  1.1347155500e+00  1.1431500360e+00  1.1340573520e+00  7.7341090000e-02  7.9802489000e-02  7.8053364000e-02
    1.4370000000e+01  1.1373629880e+00  1.1456209790e+00  1.1366892210e+00  7.7325024000e-02  7.9872577000e-02  7.8076511000e-02
    1.4380000000e+01  1.1400266220e+00  1.1481066130e+00  1.1393312050e+00  7.7320002000e-02  7.9940993000e-02  7.8112905000e-02
    1.4390000000e+01  1.1427059620e+00  1.1506078210e+00  1.1419826480e+00  7.7326610000e-02  8.0009313000e-02  7.8162475000e-02
    1.4400000000e+01  1.1454004680e+00  1.1531251040e+00  1.1446429680e+00  7.7345302000e-02  8.0079167000e-02  7.8225058000e-02
    1.4410000000e+01  1.1481095930e+00  1.1556585970e+00  1.1473116590e+00  7.7376392000e-02  8.0152134000e-02  7.8300425000e-02
    1.4420000000e+01  1.1508328160e+00  1.1582081120e+00  1.1499882830e+00  7.7420060000e-02  8.0229654000e-02  7.8388300000e-02
    1.4430000000e+01  1.1535696750e+00  1.1607731980e+00  1.1526724550e+00  7.7476369000e-02  8.0312952000e-02  7.8488371000e-02
    1.4440000000e+01  1.1563197850e+00  1.1633532250e+00  1.1553638360e+00  7.7545288000e-02  8.0402993000e-02  7.8600284000e-02
    1.4450000000e+01  1.1590828520e+00  1.1659474640e+00  1.1580621240e+00  7.7626714000e-02  8.0500460000e-02  7.8723628000e-02
    1.4460000000e+01  1.1618586810e+00  1.1685551720e+00  1.1607670640e+00  7.7720493000e-02  8.0605757000e-02  7.8857922000e-02
    1.4470000000e+01  1.1646471730e+00  1.1711756580e+00  1.1634784720e+00  7.7826441000e-02  8.0719037000e-02  7.9002599000e-02
    1.4480000000e+01  1.1674483350e+00  1.1738083420e+00  1.1661962630e+00  7.7944356000e-02  8.0840235000e-02  7.9157005000e-02
    1.4490000000e+01  1.1702622820e+00  1.1764527980e+00  1.1689204890e+00  7.8074041000e-02  8.0969119000e-02  7.9320411000e-02
    1.4500000000e+01  1.1730892350e+00  1.1791087750e+00  1.1716513690e+00  7.8215326000e-02  8.1105342000e-02  7.9492044000e-02
    1.4510000000e+01  1.1759295140e+00  1.1817762120e+00  1.1743893040e+00  7.8368098000e-02  8.1248494000e-02  7.9671126000e-02
    1.4520000000e+01  1.1787835170e+00  1.1844552330e+00  1.1771348770e+00  7.8532326000e-02  8.1398160000e-02  7.9856920000e-02
    1.4530000000e+01  1.1816516880e+00  1.1871461290e+00  1.1798888390e+00  7.8708080000e-02  8.1553960000e-02  8.0048762000e-02
    1.4540000000e+01  1.1845344760e+00  1.1898493210e+00  1.1826520860e+00  7.8895526000e-02  8.1715588000e-02  8.0246095000e-02
    1.4550000000e+01  1.1874322970e+00  1.1925653280e+00  1.1854256320e+00  7.9094914000e-02  8.1882831000e-02  8.0448479000e-02
    1.4560000000e+01  1.1903455120e+00  1.1952947250e+00  1.1882105890e+00  7.9306540000e-02  8.2055566000e-02  8.0655598000e-02
    1.4570000000e+01  1.1932744190e+00  1.1980381140e+00  1.1910081500e+00  7.9530695000e-02  8.2233754000e-02  8.0867263000e-02
    1.4580000000e+01  1.1962192800e+00  1.2007960990e+00  1.1938195840e+00  7.9767625000e-02  8.2417412000e-02  8.1083412000e-02
    1.4590000000e+01  1.1991803600e+00  1.2035692880e+00  1.1966462250e+00  8.0017500000e-02  8.2606589000e-02  8.1304121000e-02
    1.4600000000e+01  1.2021579880e+00  1.2063582940e+00  1.1994894680e+00  8.0280407000e-02  8.2801336000e-02  8.1529607000e-02
    1.4610000000e+01  1.2051526090e+00  1.2091637630e+00  1.2023507550e+00  8.0556372000e-02  8.3001685000e-02  8.1760245000e-02
    1.4620000000e+01  1.2081648340e+00  1.2119864080e+00  1.2052315710e+00  8.0845412000e-02  8.3207640000e-02  8.1996583000e-02
    1.4630000000e+01  1.2111954500e+00  1.2148270580e+00  1.2081334170e+00  8.1147596000e-02  8.3419183000e-02  8.2239352000e-02
    1.4640000000e+01  1.2142454170e+00  1.2176866980e+00  1.2110577960e+00  8.1463118000e-02  8.3636314000e-02  8.2489485000e-02
    1.4650000000e+01  1.2173158270e+00  1.2205665020e+00  1.2140061780e+00  8.1792353000e-02  8.3859100000e-02  8.2748132000e-02
    1.4660000000e+01  1.2204078430e+00  1.2234678370e+00  1.2169799590e+00  8.2135898000e-02  8.4087756000e-02  8.3016665000e-02
    1.4670000000e+01  1.2235226310e+00  1.2263922370e+00  1.2199804140e+00  8.2494586000e-02  8.4322718000e-02  8.3296678000e-02
    1.4680000000e+01  1.2266612960e+00  1.2293413450e+00  1.2230086460e+00  8.2869462000e-02  8.4564711000e-02  8.3589960000e-02
    1.4690000000e+01  1.2298248310e+00  1.2323168330e+00  1.2260655340e+00  8.3261748000e-02  8.4814790000e-02  8.3898456000e-02
    1.4700000000e+01  1.2330140890e+00  1.2353203000e+00  1.2291517090e+00  8.3672785000e-02  8.5074347000e-02  8.4224204000e-02
    1.4710000000e+01  1.2362297860e+00  1.2383531880e+00  1.2322675390e+00  8.4103972000e-02  8.5345086000e-02  8.4569266000e-02
    1.4720000000e+01  1.2394725300e+00  1.2414167080e+00  1.2354131530e+00  8.4556716000e-02  8.5628963000e-02  8.4935649000e-02
    1.4730000000e+01  1.2427428690e+00  1.2445117880e+00  1.2385884860e+00  8.5032403000e-02  8.5928117000e-02  8.5325244000e-02
    1.4740000000e+01  1.2460413510e+00  1.2476390550e+00  1.2417933480e+00  8.5532392000e-02  8.6244784000e-02  8.5739783000e-02
    1.4750000000e+01  1.2493685860e+00  1.2507988470e+00  1.2450275110e+00  8.6058042000e-02  8.6581221000e-02  8.6180824000e-02
    1.4760000000e+01  1.2527252870e+00  1.2539912380e+00  1.2482907910e+00  8.6610770000e-02  8.6939635000e-02  8.6649768000e-02
    1.4770000000e+01  1.2561122900e+00  1.2572160910e+00  1.2515831300e+00  8.7192124000e-02  8.7322137000e-02  8.7147918000e-02
    1.4780000000e+01  1.2595305400e+00  1.2604731130e+00  1.2549046400e+00  8.7803868000e-02  8.7730708000e-02  8.7676553000e-02
    1.4790000000e+01  1.2629810430e+00  1.2637619190e+00  1.2582556320e+00  8.8448060000e-02  8.8167196000e-02  8.8237030000e-02
    1.4800000000e+01  1.2664647910e+00  1.2670820900e+00  1.2616365890e+00  8.9127113000e-02  8.8633332000e-02  8.8830892000e-02
    1.4810000000e+01  1.2699826650e+00  1.2704332160e+00  1.2650481070e+00  8.9843829000e-02  8.9130763000e-02  8.9459960000e-02
    1.4820000000e+01  1.2735353300e+00  1.2738149170e+00  1.2684908070e+00  9.0601405000e-02  8.9661105000e-02  9.0126402000e-02
    1.4830000000e+01  1.2771231230e+00  1.2772268490e+00  1.2719652090e+00  9.1403403000e-02  9.0225990000e-02  9.0832763000e-02
    1.4840000000e+01  1.2807459650e+00  1.2806686810e+00  1.2754716160e+00  9.2253690000e-02  9.0827117000e-02  9.1581953000e-02
    1.4850000000e+01  1.2844032810e+00  1.2841400580e+00  1.2790100120e+00  9.3156355000e-02  9.1466278000e-02  9.2377185000e-02
    1.4860000000e+01  1.2880939540e+00  1.2876405590e+00  1.2825799820e+00  9.4115611000e-02  9.2145379000e-02  9.3221889000e-02
    1.4870000000e+01  1.2918163020e+00  1.2911696550e+00  1.2861806810e+00  9.5135689000e-02  9.2866433000e-02  9.4119612000e-02
    1.4880000000e+01  1.2955680830e+00  1.2947266630e+00  1.2898108390e+00  9.6220737000e-02  9.3631543000e-02  9.5073921000e-02
    1.4890000000e+01  1.2993465200e+00  1.2983107230e+00  1.2934687880e+00  9.7374730000e-02  9.4442883000e-02  9.6088331000e-02
    1.4900000000e+01  1.3031483380e+00  1.3019207710e+00  1.2971525120e+00  9.8601389000e-02  9.5302656000e-02  9.7166250000e-02
    1.4910000000e+01  1.3069698140e+00  1.3055555320e+00  1.3008596870e+00  9.9904117000e-02  9.6213068000e-02  9.8310966000e-02
    1.4920000000e+01  1.3108068220e+00  1.3092135130e+00  1.3045877130e+00  1.0128594100e-01  9.7176290000e-02  9.9525633000e-02
    1.4930000000e+01  1.3146548890e+00  1.3128930080e+00  1.3083337350e+00  1.0274946000e-01  9.8194430000e-02  1.0081328000e-01
    1.4940000000e+01  1.3185092570e+00  1.3165921070e+00  1.3120946380e+00  1.0429679800e-01  9.9269499000e-02  1.0217681200e-01
    1.4950000000e+01  1.3223649520e+00  1.3203087090e+00  1.3158670490e+00  1.0592955500e-01  1.0040339000e-01  1.0361900100e-01
    1.4960000000e+01  1.3262168770e+00  1.3240405350e+00  1.3196473160e+00  1.0764878000e-01  1.0159786300e-01  1.0514247700e-01
    1.4970000000e+01  1.3300599130e+00  1.3277851450e+00  1.3234315000e+00  1.0945495300e-01  1.0285452500e-01  1.0674969700e-01
    1.4980000000e+01  1.3338890230e+00  1.3315399460e+00  1.3272153700e+00  1.1134800400e-01  1.0417482100e-01  1.0844291200e-01
    1.4990000000e+01  1.3376993590e+00  1.3353022020e+00  1.3309943980e+00  1.1332735800e-01  1.0556002700e-01  1.1022412200e-01
    1.5000000000e+01  1.3414863460e+00  1.3390690330e+00  1.3347637770e+00  1.1539201300e-01  1.0701123100e-01  1.1209502300e-01
    1.5010000000e+01  1.3452457400e+00  1.3428374170e+00  1.3385184460e+00  1.1754063600e-01  1.0852931700e-01  1.1405695700e-01
    1.5020000000e+01  1.3489736500e+00  1.3466041980e+00  1.3422531460e+00  1.1977167500e-01  1.1011493600e-01  1.1611086000e-01
    1.5030000000e+01  1.3526665220e+00  1.3503660850e+00  1.3459624820e+00  1.2208345900e-01  1.1176847500e-01  1.1825723300e-01
    1.5040000000e+01  1.3563211030e+00  1.3541196690e+00  1.3496410120e+00  1.2447429300e-01  1.1349001800e-01  1.2049612800e-01
    1.5050000000e+01  1.3599343630e+00  1.3578614440e+00  1.3532833310e+00  1.2694252300e-01  1.1527929200e-01  1.2282718100e-01
    1.5060000000e+01  1.3635034160e+00  1.3615878450e+00  1.3568841400e+00  1.2948657900e-01  1.1713562200e-01  1.2524967200e-01
    1.5070000000e+01  1.3670254220e+00  1.3652952970e+00  1.3604382860e+00  1.3210497700e-01  1.1905787000e-01  1.2776262500e-01
    1.5080000000e+01  1.3704974960e+00  1.3689802990e+00  1.3639407360e+00  1.3479628800e-01  1.2104437700e-01  1.3036491900e-01
    1.5090000000e+01  1.3739166410e+00  1.3726395180e+00  1.3673865050e+00  1.3755906300e-01  1.2309292000e-01  1.3305538200e-01
    1.5100000000e+01  1.3772797030e+00  1.3762699340e+00  1.3707705220e+00  1.4039173800e-01  1.2520068200e-01  1.3583284300e-01
    1.5110000000e+01  1.3805833900e+00  1.3798689900e+00  1.3740874680e+00  1.4329251500e-01  1.2736425700e-01  1.3869612400e-01
    1.5120000000e+01  1.3838243290e+00  1.3834347710e+00  1.3773316140e+00  1.4625925600e-01  1.2957970200e-01  1.4164394300e-01
    1.5130000000e+01  1.3869991800e+00  1.3869661850e+00  1.3804966900e+00  1.4928940800e-01  1.3184263700e-01  1.4467474500e-01
    1.5140000000e+01  1.3901047740e+00  1.3904631260e+00  1.3835758130e+00  1.5237996900e-01  1.3414841100e-01  1.4778647600e-01
    1.5150000000e+01  1.3931382610e+00  1.3939266120e+00  1.3865615030e+00  1.5552752300e-01  1.3649231800e-01  1.5097630700e-01
    1.5160000000e+01  1.3960972530e+00  1.3973588650e+00  1.3894457800e+00  1.5872832000e-01  1.3886986800e-01  1.5424035300e-01
    1.5170000000e+01  1.3989799220e+00  1.4007633260e+00  1.3922203790e+00  1.6197841300e-01  1.4127709600e-01  1.5757340900e-01
    1.5180000000e+01  1.4017850590e+00  1.4041445900e+00  1.3948770500e+00  1.6527383500e-01  1.4371089000e-01  1.6096873900e-01
    1.5190000000e+01  1.4045120680e+00  1.4075082390e+00  1.3974079460e+00  1.6861078800e-01  1.4616931600e-01  1.6441795600e-01
    1.5200000000e+01  1.4071608830e+00  1.4108605790e+00  1.3998060550e+00  1.7198584100e-01  1.4865190700e-01  1.6791102500e-01
    1.5210000000e+01  1.4097318180e+00  1.4142082950e+00  1.4020656360e+00  1.7539609300e-01  1.5115988000e-01  1.7143640300e-01
    1.5220000000e+01  1.4122253460e+00  1.4175580330e+00  1.4041826010e+00  1.7883927100e-01  1.5369625300e-01  1.7498130600e-01
    1.5230000000e+01  1.4146418550e+00  1.4209159560e+00  1.4061548130e+00  1.8231373500e-01  1.5626583500e-01  1.7853208500e-01
    1.5240000000e+01  1.4169814080e+00  1.4242873370e+00  1.4079822680e+00  1.8581838800e-01  1.5887508500e-01  1.8207465900e-01
    1.5250000000e+01  1.4192435700e+00  1.4276762130e+00  1.4096671470e+00  1.8935248300e-01  1.6153187000e-01  1.8559497800e-01
    1.5260000000e+01  1.4214273390e+00  1.4310851450e+00  1.4112137670e+00  1.9291538500e-01  1.6424516400e-01  1.8907947000e-01
    1.5270000000e+01  1.4235311850e+00  1.4345150760e+00  1.4126284300e+00  1.9650634600e-01  1.6702473300e-01  1.9251545300e-01
    1.5280000000e+01  1.4255531850e+00  1.4379652660e+00  1.4139191880e+00  2.0012434000e-01  1.6988084600e-01  1.9589149900e-01
    1.5290000000e+01  1.4274912010e+00  1.4414332700e+00  1.4150955460e+00  2.0376800700e-01  1.7282402600e-01  1.9919773400e-01
    1.5300000000e+01  1.4293430220e+00  1.4449149260e+00  1.4161681020e+00  2.0743569600e-01  1.7586483600e-01  2.0242606400e-01
    1.5310000000e+01  1.4311064390e+00  1.4484043390e+00  1.4171481550e+00  2.1112558700e-01  1.7901366700e-01  2.0557031500e-01
    1.5320000000e+01  1.4327792040e+00  1.4518938660e+00  1.4180472820e+00  2.1483581800e-01  1.8228053000e-01  2.0862628300e-01
    1.5330000000e+01  1.4343589060e+00  1.4553741070e+00  1.4188769320e+00  2.1856457100e-01  1.8567480800e-01  2.1159167900e-01
    1.5340000000e+01  1.4358427790e+00  1.4588339390e+00  1.4196480360e+00  2.2231005800e-01  1.8920500300e-01  2.1446597700e-01
    1.5350000000e+01  1.4372275110e+00  1.4622605690e+00  1.4203706780e+00  2.2607040500e-01  1.9287845800e-01  2.1725017000e-01
    1.5360000000e+01  1.4385091080e+00  1.4656396530e+00  1.4210538510e+00  2.2984342800e-01  1.9670108000e-01  2.1994646400e-01
    1.5370000000e+01  1.4396828290e+00  1.4689554410e+00  1.4217053040e+00  2.3362634700e-01  2.0067706900e-01  2.2255791500e-01
    1.5380000000e+01  1.4407432260e+00  1.4721909690e+00  1.4223314990e+00  2.3741545900e-01  2.0480864700e-01  2.2508806800e-01
    1.5390000000e+01  1.4416842830e+00  1.4753283020e+00  1.4229376670e+00  2.4120580100e-01  2.0909580500e-01  2.2754060600e-01
    1.5400000000e+01  1.4424996680e+00  1.4783488270e+00  1.4235279400e+00  2.4499082300e-01  2.1353605100e-01  2.2991905200e-01
    1.5410000000e+01  1.4431830970e+00  1.4812336110e+00  1.4241055570e+00  2.4876210000e-01  2.1812419700e-01  2.3222652200e-01
    1.5420000000e+01  1.4437288320e+00  1.4839638230e+00  1.4246731070e+00  2.5250911700e-01  2.2285216800e-01  2.3446555900e-01
    1.5430000000e+01  1.4441322980e+00  1.4865212380e+00  1.4252328010e+00  2.5621919300e-01  2.2770889200e-01  2.3663802000e-01
    1.5440000000e+01  1.4443907760e+00  1.4888888070e+00  1.4257867720e+00  2.5987760300e-01  2.3268026300e-01  2.3874505800e-01
    1.5450000000e+01  1.4445041070e+00  1.4910512830e+00  1.4263373660e+00  2.6346794200e-01  2.3774923600e-01  2.4078716900e-01
    1.5460000000e+01  1.4444752860e+00  1.4929958880e+00  1.4268874250e+00  2.6697275300e-01  2.4289607800e-01  2.4276434700e-01
    1.5470000000e+01  1.4443108540e+00  1.4947129560e+00  1.4274405250e+00  2.7037436700e-01  2.4809880400e-01  2.4467631900e-01
    1.5480000000e+01  1.4440210090e+00  1.4961965050e+00  1.4280011280e+00  2.7365586100e-01  2.5333381800e-01  2.4652288700e-01
    1.5490000000e+01  1.4436193820e+00  1.4974446490e+00  1.4285746120e+00  2.7680203500e-01  2.5857675100e-01  2.4830431400e-01
    1.5500000000e+01  1.4431225240e+00  1.4984597870e+00  1.4291671550e+00  2.7980025700e-01  2.6380344000e-01  2.5002174400e-01
    1.5510000000e+01  1.4425491640e+00  1.4992484840e+00  1.4297854440e+00  2.8264110800e-01  2.6899099000e-01  2.5167755600e-01
    1.5520000000e+01  1.4419193330e+00  1.4998210350e+00  1.4304362590e+00  2.8531874500e-01  2.7411879400e-01  2.5327561400e-01
    1.5530000000e+01  1.4412534570e+00  1.5001907070e+00  1.4311259640e+00  2.8783099000e-01  2.7916940500e-01  2.5482133400e-01
    1.5540000000e+01  1.4405715310e+00  1.5003727270e+00  1.4318600070e+00  2.9017914900e-01  2.8412913500e-01  2.5632155600e-01
    1.5550000000e+01  1.4398924300e+00  1.5003831310e+00  1.4326424960e+00  2.9236761900e-01  2.8898830700e-01  2.5778424500e-01
    1.5560000000e+01  1.4392334340e+00  1.5002375960e+00  1.4334759220e+00  2.9440338200e-01  2.9374112800e-01  2.5921805000e-01
    1.5570000000e+01  1.4386099680e+00  1.4999503980e+00  1.4343610640e+00  2.9629544900e-01  2.9838519400e-01  2.6063183400e-01
    1.5580000000e+01  1.4380355300e+00  1.4995336050e+00  1.4352970580e+00  2.9805437000e-01  3.0292071400e-01  2.6203421700e-01
    1.5590000000e+01  1.4375217490e+00  1.4989965840e+00  1.4362816000e+00  2.9969186900e-01  3.0734955700e-01  2.6343321400e-01
    1.5600000000e+01  1.4370784640e+00  1.4983458420e+00  1.4373112120e+00  3.0122061300e-01  3.1167422200e-01  2.6483599000e-01
    1.5610000000e+01  1.4367137730e+00  1.4975851930e+00  1.4383815240e+00  3.0265410600e-01  3.1589686700e-01  2.6624873100e-01
    1.5620000000e+01  1.4364339620e+00  1.4967161920e+00  1.4394875220e+00  3.0400662900e-01  3.2001847100e-01  2.6767660300e-01
    1.5630000000e+01  1.4362433340e+00  1.4957387860e+00  1.4406237380e+00  3.0529314000e-01  3.2403819600e-01  2.6912375300e-01
    1.5640000000e+01  1.4361439740e+00  1.4946520950e+00  1.4417843990e+00  3.0652907500e-01  3.2795297800e-01  2.7059333000e-01
    1.5650000000e+01  1.4361355130e+00  1.4934552690e+00  1.4429635490e+00  3.0773000400e-01  3.3175739000e-01  2.7208747600e-01
    1.5660000000e+01  1.4362149770e+00  1.4921483370e+00  1.4441551770e+00  3.0891114800e-01  3.3544375700e-01  2.7360730800e-01
    1.5670000000e+01  1.4363767960e+00  1.4907329760e+00  1.4453533900e+00  3.1008681200e-01  3.3900253800e-01  2.7515289300e-01
    1.5680000000e+01  1.4366129820e+00  1.4892131210e+00  1.4465526170e+00  3.1126979200e-01  3.4242293100e-01  2.7672326800e-01
    1.5690000000e+01  1.4369135060e+00  1.4875953490e+00  1.4477478380e+00  3.1247083600e-01  3.4569364900e-01  2.7831653000e-01
    1.5700000000e+01  1.4372668310e+00  1.4858889820e+00  1.4489347860e+00  3.1369822900e-01  3.4880377900e-01  2.7993000200e-01
    1.5710000000e+01  1.4376605450e+00  1.4841058910e+00  1.4501100810e+00  3.1495755000e-01  3.5174362000e-01  2.8156047700e-01
    1.5720000000e+01  1.4380820370e+00  1.4822600400e+00  1.4512712660e+00  3.1625164300e-01  3.5450539300e-01  2.8320449100e-01
    1.5730000000e+01  1.4385191210e+00  1.4803668100e+00  1.4524167410e+00  3.1758076800e-01  3.5708374000e-01  2.8485856300e-01
    1.5740000000e+01  1.4389605580e+00  1.4784422330e+00  1.4535456250e+00  3.1894293400e-01  3.5947592800e-01  2.8651937800e-01
    1.5750000000e+01  1.4393964120e+00  1.4765022370e+00  1.4546575880e+00  3.2033432300e-01  3.6168177100e-01  2.8818387200e-01
    1.5760000000e+01  1.4398182450e+00  1.4745620340e+00  1.4557527100e+00  3.2174974600e-01  3.6370329700e-01  2.8984924200e-01
    1.5770000000e+01  1.4402191560e+00  1.4726357230e+00  1.4568313910e+00  3.2318305900e-01  3.6554424600e-01  2.9151289500e-01
    1.5780000000e+01  1.4405937300e+00  1.4707361530e+00  1.4578943360e+00  3.2462748700e-01  3.6720953900e-01  2.9317240200e-01
    1.5790000000e+01  1.4409379490e+00  1.4688750160e+00  1.4589425890e+00  3.2607585500e-01  3.6870480900e-01  2.9482547300e-01
    1.5800000000e+01  1.4412491240e+00  1.4670630960e+00  1.4599775970e+00  3.2752073800e-01  3.7003609500e-01  2.9646999000e-01
    1.5810000000e+01  1.4415258840e+00  1.4653105700e+00  1.4610012630e+00  3.2895459000e-01  3.7120974500e-01  2.9810411500e-01
    1.5820000000e+01  1.4417681940e+00  1.4636272620e+00  1.4620159430e+00  3.3036989000e-01  3.7223248800e-01  2.9972643400e-01
    1.5830000000e+01  1.4419773920e+00  1.4620227760e+00  1.4630243770e+00  3.3175934700e-01  3.7311164000e-01  3.0133613800e-01
    1.5840000000e+01  1.4421561770e+00  1.4605064660e+00  1.4640295300e+00  3.3311616700e-01  3.7385534600e-01  3.0293317400e-01
    1.5850000000e+01  1.4423085150e+00  1.4590872690e+00  1.4650343540e+00  3.3443436800e-01  3.7447278600e-01  3.0451833700e-01
    1.5860000000e+01  1.4424394250e+00  1.4577734360e+00  1.4660415330e+00  3.3570907800e-01  3.7497427500e-01  3.0609326000e-01
    1.5870000000e+01  1.4425546630e+00  1.4565722270e+00  1.4670532210e+00  3.3693678000e-01  3.7537125200e-01  3.0766030800e-01
    1.5880000000e+01  1.4426603120e+00  1.4554896360e+00  1.4680708660e+00  3.3811543200e-01  3.7567614700e-01  3.0922237300e-01
    1.5890000000e+01  1.4427623490e+00  1.4545301700e+00  1.4690951190e+00  3.3924445600e-01  3.7590217900e-01  3.1078262500e-01
    1.5900000000e+01  1.4428662460e+00  1.4536967170e+00  1.4701258560e+00  3.4032455800e-01  3.7606311700e-01  3.1234427600e-01
    1.5910000000e+01  1.4429766690e+00  1.4529904550e+00  1.4711622870e+00  3.4135742700e-01  3.7617306400e-01  3.1391039800e-01
    1.5920000000e+01  1.4430973250e+00  1.4524107970e+00  1.4722031000e+00  3.4234536700e-01  3.7624624800e-01  3.1548383600e-01
    1.5930000000e+01  1.4432309720e+00  1.4519553220e+00  1.4732465930e+00  3.4329092800e-01  3.7629684000e-01  3.1706721000e-01
    1.5940000000e+01  1.4433795460e+00  1.4516196690e+00  1.4742907400e+00  3.4419662100e-01  3.7633873700e-01  3.1866298100e-01
    1.5950000000e+01  1.4435443710e+00  1.4513974220e+00  1.4753331790e+00  3.4506474000e-01  3.7638528800e-01  3.2027355100e-01
    1.5960000000e+01  1.4437263520e+00  1.4512800150e+00  1.4763711000e+00  3.4589732300e-01  3.7644890900e-01  3.2190132500e-01
    1.5970000000e+01  1.4439261070e+00  1.4512567200e+00  1.4774010590e+00  3.4669618000e-01  3.7654059300e-01  3.2354870400e-01
    1.5980000000e+01  1.4441440090e+00  1.4513147850e+00  1.4784187620e+00  3.4746295100e-01  3.7666934400e-01  3.2521796200e-01
    1.5990000000e+01  1.4443801680e+00  1.4514397700e+00  1.4794188650e+00  3.4819911400e-01  3.7684157600e-01  3.2691097900e-01
    1.6000000000e+01  1.4446343950e+00  1.4516161070e+00  1.4803948810e+00  3.4890592500e-01  3.7706058400e-01  3.2862885200e-01
    1.6010000000e+01  1.4449062210e+00  1.4518278550e+00  1.4813392390e+00  3.4958429200e-01  3.7732615800e-01  3.3037140400e-01
    1.6020000000e+01  1.4451949940e+00  1.4520596120e+00  1.4822435590e+00  3.5023463500e-01  3.7763443300e-01  3.3213668500e-01
    1.6030000000e+01  1.4455000820e+00  1.4522974800e+00  1.4830991510e+00  3.5085678900e-01  3.7797802000e-01  3.3392055500e-01
    1.6040000000e+01  1.4458211220e+00  1.4525299960e+00  1.4838976930e+00  3.5145000700e-01  3.7834644400e-01  3.3571645000e-01
    1.6050000000e+01  1.4461582740e+00  1.4527489140e+00  1.4846320090e+00  3.5201308900e-01  3.7872686600e-01  3.3751540000e-01
    1.6060000000e+01  1.4465124020e+00  1.4529497440e+00  1.4852968340e+00  3.5254463000e-01  3.7910503600e-01  3.3930634900e-01
    1.6070000000e+01  1.4468851340e+00  1.4531319720e+00  1.4858894430e+00  3.5304333700e-01  3.7946637100e-01  3.4107673600e-01
    1.6080000000e+01  1.4472787750e+00  1.4532989320e+00  1.4864100470e+00  3.5350835500e-01  3.7979705800e-01  3.4281327400e-01
    1.6090000000e+01  1.4476960800e+00  1.4534573500e+00  1.4868618990e+00  3.5393953100e-01  3.8008503500e-01  3.4450282000e-01
    1.6100000000e+01  1.4481399360e+00  1.4536166220e+00  1.4872511060e+00  3.5433755500e-01  3.8032075500e-01  3.4613321400e-01
    1.6110000000e+01  1.4486130160e+00  1.4537879410e+00  1.4875862050e+00  3.5470396000e-01  3.8049765700e-01  3.4769397900e-01
    1.6120000000e+01  1.4491174710e+00  1.4539833990e+00  1.4878775590e+00  3.5504098800e-01  3.8061233000e-01  3.4917683600e-01
    1.6130000000e+01  1.4496547020e+00  1.4542151690e+00  1.4881366880e+00  3.5535135000e-01  3.8066443400e-01  3.5057599800e-01
    1.6140000000e+01  1.4502252410e+00  1.4544948160e+00  1.4883755850e+00  3.5563795400e-01  3.8065643400e-01  3.5188826500e-01
    1.6150000000e+01  1.4508287200e+00  1.4548327570e+00  1.4886060620e+00  3.5590361300e-01  3.8059324900e-01  3.5311295400e-01
    1.6160000000e+01  1.4514639150e+00  1.4552378380e+00  1.4888391610e+00  3.5615077900e-01  3.8048184400e-01  3.5425167700e-01
    1.6170000000e+01  1.4521288380e+00  1.4557169890e+00  1.4890846270e+00  3.5638128900e-01  3.8033079300e-01  3.5530799300e-01
    1.6180000000e+01  1.4528208910e+00  1.4562749550e+00  1.4893504860e+00  3.5659612800e-01  3.8014980600e-01  3.5628691400e-01
    1.6190000000e+01  1.4535370720e+00  1.4569141040e+00  1.4896427780e+00  3.5679520200e-01  3.7994917300e-01  3.5719429200e-01
    1.6200000000e+01  1.4542742810e+00  1.4576343640e+00  1.4899654990e+00  3.5697714300e-01  3.7973915900e-01  3.5803613300e-01
    1.6210000000e+01  1.4550297000e+00  1.4584333310e+00  1.4903207940e+00  3.5713918800e-01  3.7952935400e-01  3.5881791500e-01
    1.6220000000e+01  1.4558012590e+00  1.4593065780e+00  1.4907094080e+00  3.5727717700e-01  3.7932806200e-01  3.5954402700e-01
    1.6230000000e+01  1.4565881240e+00  1.4602481610e+00  1.4911312990e+00  3.5738571800e-01  3.7914181100e-01  3.6021743400e-01
    1.6240000000e+01  1.4573911470e+00  1.4612512650e+00  1.4915863340e+00  3.5745852500e-01  3.7897505800e-01  3.6083963200e-01
    1.6250000000e+01  1.4582132000e+00  1.4623089050e+00  1.4920748990e+00  3.5748892600e-01  3.7883014700e-01  3.6141087700e-01
    1.6260000000e+01  1.4590593230e+00  1.4634145590e+00  1.4925983330e+00  3.5747048600e-01  3.7870751300e-01  3.6193064500e-01
    1.6270000000e+01  1.4599366600e+00  1.4645626640e+00  1.4931591080e+00  3.5739765200e-01  3.7860609100e-01  3.6239818100e-01
    1.6280000000e+01  1.4608541790e+00  1.4657488770e+00  1.4937607490e+00  3.5726635300e-01  3.7852382600e-01  3.6281303600e-01
    1.6290000000e+01  1.4618222300e+00  1.4669701230e+00  1.4944075590e+00  3.5707447400e-01  3.7845819400e-01  3.6317547800e-01
    1.6300000000e+01  1.4628519780e+00  1.4682244500e+00  1.4951042230e+00  3.5682215800e-01  3.7840662800e-01  3.6348670800e-01
    1.6310000000e+01  1.4639548190e+00  1.4695107670e+00  1.4958554060e+00  3.5651191000e-01  3.7836680100e-01  3.6374888900e-01
    1.6320000000e+01  1.4651418210e+00  1.4708285500e+00  1.4966654140e+00  3.5614854600e-01  3.7833673700e-01  3.6396500100e-01
    1.6330000000e+01  1.4664232440e+00  1.4721776040e+00  1.4975379810e+00  3.5573900400e-01  3.7831478600e-01  3.6413860100e-01
    1.6340000000e+01  1.4678081710e+00  1.4735579120e+00  1.4984761870e+00  3.5529207700e-01  3.7829951200e-01  3.6427354200e-01
    1.6350000000e+01  1.4693042290e+00  1.4749696070e+00  1.4994825030e+00  3.5481812600e-01  3.7828956900e-01  3.6437372000e-01
    1.6360000000e+01  1.4709173870e+00  1.4764130310e+00  1.5005589170e+00  3.5432878800e-01  3.7828360900e-01  3.6444287100e-01
    1.6370000000e+01  1.4726517860e+00  1.4778888350e+00  1.5017071310e+00  3.5383670600e-01  3.7828028700e-01  3.6448445700e-01
    1.6380000000e+01  1.4745095780e+00  1.4793980760e+00  1.5029287800e+00  3.5335525400e-01  3.7827835400e-01  3.6450164000e-01
    1.6390000000e+01  1.4764907640e+00  1.4809422350e+00  1.5042256550e+00  3.5289821900e-01  3.7827680600e-01  3.6449735300e-01
    1.6400000000e+01  1.4785930620e+00  1.4825231460e+00  1.5055998710e+00  3.5247943000e-01  3.7827507400e-01  3.6447447800e-01
    1.6410000000e+01  1.4808118300e+00  1.4841428180e+00  1.5070539670e+00  3.5211230000e-01  3.7827315000e-01  3.6443610300e-01
    1.6420000000e+01  1.4831401030e+00  1.4858031890e+00  1.5085908580e+00  3.5180930600e-01  3.7827163100e-01  3.6438582800e-01
    1.6430000000e+01  1.4855687890e+00  1.4875058610e+00  1.5102136560e+00  3.5158144500e-01  3.7827162900e-01  3.6432804500e-01
    1.6440000000e+01  1.4880870220e+00  1.4892519050e+00  1.5119253450e+00  3.5143773000e-01  3.7827455000e-01  3.6426813600e-01
    1.6450000000e+01  1.4906826810e+00  1.4910417750e+00  1.5137283810e+00  3.5138478200e-01  3.7828178700e-01  3.6421251000e-01
    1.6460000000e+01  1.4933430270e+00  1.4928753860e+00  1.5156242940e+00  3.5142659100e-01  3.7829438900e-01  3.6416847300e-01
    1.6470000000e+01  1.4960553980e+00  1.4947523500e+00  1.5176133520e+00  3.5156446700e-01  3.7831278700e-01  3.6414393900e-01
    1.6480000000e+01  1.4988078940e+00  1.4966723230e+00  1.5196943740e+00  3.5179721000e-01  3.7833665500e-01  3.6414702400e-01
    1.6490000000e+01  1.5015899760e+00  1.4986354060e+00  1.5218646950e+00  3.5212148600e-01  3.7836493800e-01  3.6418561000e-01
    1.6500000000e+01  1.5043929110e+00  1.5006424930e+00  1.5241202940e+00  3.5253235200e-01  3.7839607100e-01  3.6426693700e-01
    1.6510000000e+01  1.5072100240e+00  1.5026954990e+00  1.5264560380e+00  3.5302389000e-01  3.7842832400e-01  3.6439727700e-01
    1.6520000000e+01  1.5100367350e+00  1.5047974250e+00  1.5288659940e+00  3.5358986100e-01  3.7846023000e-01  3.6458171500e-01
    1.6530000000e+01  1.5128703910e+00  1.5069522330e+00  1.5313437720e+00  3.5422430100e-01  3.7849098500e-01  3.6482405300e-01
    1.6540000000e+01  1.5157099320e+00  1.5091645770e+00  1.5338828440e+00  3.5492201600e-01  3.7852077000e-01  3.6512681300e-01
    1.6550000000e+01  1.5185554450e+00  1.5114394460e+00  1.5364768270e+00  3.5567891600e-01  3.7855092100e-01  3.6549132100e-01
    1.6560000000e+01  1.5214076560e+00  1.5137817890e+00  1.5391196940e+00  3.5649217300e-01  3.7858395900e-01  3.6591784600e-01
    1.6570000000e+01  1.5242674370e+00  1.5161961720e+00  1.5418059290e+00  3.5736020400e-01  3.7862347500e-01  3.6640576000e-01
    1.6580000000e+01  1.5271353610e+00  1.5186865330e+00  1.5445306190e+00  3.5828248600e-01  3.7867392400e-01  3.6695369700e-01
    1.6590000000e+01  1.5300113890e+00  1.5212560280e+00  1.5472895020e+00  3.5925923900e-01  3.7874036200e-01  3.6755968800e-01
    1.6600000000e+01  1.5328946960e+00  1.5239069940e+00  1.5500790080e+00  3.6029103800e-01  3.7882817200e-01  3.6822127000e-01
    1.6610000000e+01  1.5357836780e+00  1.5266410010e+00  1.5528962930e+00  3.6137840000e-01  3.7894281500e-01  3.6893555700e-01
    1.6620000000e+01  1.5386761150e+00  1.5294589840e+00  1.5557393150e+00  3.6252143400e-01  3.7908962800e-01  3.6969931900e-01
    1.6630000000e+01  1.5415694570e+00  1.5323614440e+00  1.5586069290e+00  3.6371960200e-01  3.7927369900e-01  3.7050907100e-01
    1.6640000000e+01  1.5444611650e+00  1.5353486710e+00  1.5614990110e+00  3.6497162600e-01  3.7949983300e-01  3.7136123100e-01
    1.6650000000e+01  1.5473490500e+00  1.5384209690e+00  1.5644165390e+00  3.6627554200e-01  3.7977262200e-01  3.7225233600e-01
    1.6660000000e+01  1.5502315500e+00  1.5415788400e+00  1.5673616360e+00  3.6762888400e-01  3.8009662900e-01  3.7317932700e-01
    1.6670000000e+01  1.5531079140e+00  1.5448230590e+00  1.5703374950e+00  3.6902894600e-01  3.8047664300e-01  3.7413986400e-01
    1.6680000000e+01  1.5559782840e+00  1.5481546310e+00  1.5733482110e+00  3.7047308800e-01  3.8091798400e-01  3.7513263100e-01
    1.6690000000e+01  1.5588436740e+00  1.5515745930e+00  1.5763985040e+00  3.7195905700e-01  3.8142678400e-01  3.7615758500e-01
    1.6700000000e+01  1.5617058520e+00  1.5550836820e+00  1.5794933640e+00  3.7348530900e-01  3.8201017500e-01  3.7721611300e-01
    1.6710000000e+01  1.5645671080e+00  1.5586819160e+00  1.5826376630e+00  3.7505129400e-01  3.8267632700e-01  3.7831106700e-01
    1.6720000000e+01  1.5674299110e+00  1.5623681590e+00  1.5858357810e+00  3.7665768300e-01  3.8343430600e-01  3.7944667600e-01
    1.6730000000e+01  1.5702964670e+00  1.5661397610e+00  1.5890912940e+00  3.7830647900e-01  3.8429375100e-01  3.8062834800e-01
    1.6740000000e+01  1.5731682190e+00  1.5699923430e+00  1.5924067450e+00  3.8000095500e-01  3.8526441600e-01  3.8186241600e-01
    1.6750000000e+01  1.5760453500e+00  1.5739197620e+00  1.5957835260e+00  3.8174541000e-01  3.8635566800e-01  3.8315584700e-01
    1.6760000000e+01  1.5789263920e+00  1.5779142750e+00  1.5992218370e+00  3.8354472100e-01  3.8757600300e-01  3.8451598100e-01
    1.6770000000e+01  1.5818079980e+00  1.5819668390e+00  1.6027207020e+00  3.8540375700e-01  3.8893266800e-01  3.8595030400e-01
    1.6780000000e+01  1.5846849330e+00  1.5860675140e+00  1.6062780010e+00  3.8732672500e-01  3.9043142300e-01  3.8746626100e-01
    1.6790000000e+01  1.5875502950e+00  1.5902058880e+00  1.6098905140e+00  3.8931652600e-01  3.9207644500e-01  3.8907108200e-01
    1.6800000000e+01  1.5903959520e+00  1.5943714830e+00  1.6135539590e+00  3.9137421300e-01  3.9387037800e-01  3.9077161500e-01
    1.6810000000e+01  1.5932131310e+00  1.5985541080e+00  1.6172630760e+00  3.9349859500e-01  3.9581449100e-01  3.9257413000e-01
    1.6820000000e+01  1.5959931300e+00  1.6027441140e+00  1.6210117420e+00  3.9568604700e-01  3.9790892400e-01  3.9448413200e-01
    1.6830000000e+01  1.5987280660e+00  1.6069325580e+00  1.6247931730e+00  3.9793055100e-01  4.0015297900e-01  3.9650619200e-01
    1.6840000000e+01  1.6014116010e+00  1.6111112450e+00  1.6286001730e+00  4.0022396100e-01  4.0254543500e-01  3.9864383700e-01
    1.6850000000e+01  1.6040395600e+00  1.6152726730e+00  1.6324254220e+00  4.0255650400e-01  4.0508483800e-01  4.0089953000e-01
    1.6860000000e+01  1.6066103750e+00  1.6194098630e+00  1.6362617610e+00  4.0491745300e-01  4.0776972300e-01  4.0327476300e-01
    1.6870000000e+01  1.6091252980e+00  1.6235161510e+00  1.6401024230e+00  4.0729592000e-01  4.1059874900e-01  4.0577023900e-01
    1.6880000000e+01  1.6115883560e+00  1.6275849450e+00  1.6439411650e+00  4.0968166900e-01  4.1357072300e-01  4.0838613300e-01
    1.6890000000e+01  1.6140060640e+00  1.6316095290e+00  1.6477723060e+00  4.1206586600e-01  4.1668452700e-01  4.1112237200e-01
    1.6900000000e+01  1.6163869450e+00  1.6355829200e+00  1.6515906270e+00  4.1444169500e-01  4.1993897100e-01  4.1397890300e-01
    1.6910000000e+01  1.6187409170e+00  1.6394978230e+00  1.6553912030e+00  4.1680479200e-01  4.2333262700e-01  4.1695589200e-01
    1.6920000000e+01  1.6210786340e+00  1.6433466530e+00  1.6591691530e+00  4.1915349100e-01  4.2686367600e-01  4.2005384300e-01
    1.6930000000e+01  1.6234108140e+00  1.6471216110e+00  1.6629193740e+00  4.2148891300e-01  4.3052979800e-01  4.2327360500e-01
    1.6940000000e+01  1.6257475960e+00  1.6508147620e+00  1.6666362930e+00  4.2381491000e-01  4.3432812300e-01  4.2661628500e-01
    1.6950000000e+01  1.6280979260e+00  1.6544180950e+00  1.6703136510e+00  4.2613791300e-01  4.3825521500e-01  4.3008307700e-01
    1.6960000000e+01  1.6304689470e+00  1.6579235540e+00  1.6739443610e+00  4.2846666300e-01  4.4230706100e-01  4.3367501700e-01
    1.6970000000e+01  1.6328654190e+00  1.6613230210e+00  1.6775204410e+00  4.3081181700e-01  4.4647904200e-01  4.3739270200e-01
    1.6980000000e+01  1.6352891700e+00  1.6646083140e+00  1.6810330460e+00  4.3318537200e-01  4.5076585300e-01  4.4123598500e-01
    1.6990000000e+01  1.6377386790e+00  1.6677711970e+00  1.6844725770e+00  4.3559989600e-01  4.5516137200e-01  4.4520368300e-01
    1.7000000000e+01  1.6402088800e+00  1.6708034660e+00  1.6878288890e+00  4.3806758200e-01  4.5965849800e-01  4.4929331900e-01
    1.7010000000e+01  1.6426912750e+00  1.6736971130e+00  1.6910915630e+00  4.4059921700e-01  4.6424898000e-01  4.5350092300e-01
    1.7020000000e+01  1.6451744030e+00  1.6764445830e+00  1.6942502280e+00  4.4320318200e-01  4.6892329200e-01  4.5782091100e-01
    1.7030000000e+01  1.6476446420e+00  1.6790391020e+00  1.6972949130e+00  4.4588465800e-01  4.7367058900e-01  4.6224604700e-01
    1.7040000000e+01  1.6500872320e+00  1.6814750570e+00  1.7002163930e+00  4.4864513100e-01  4.7847877900e-01  4.6676749500e-01
    1.7050000000e+01  1.6524873980e+00  1.6837483510e+00  1.7030065140e+00  4.5148228200e-01  4.8333473400e-01  4.7137495500e-01
    1.7060000000e+01  1.6548313970e+00  1.6858567020e+00  1.7056584700e+00  4.5439023800e-01  4.8822462800e-01  4.7605684600e-01
    1.7070000000e+01  1.6571073950e+00  1.6877998270e+00  1.7081670450e+00  4.5736012800e-01  4.9313438700e-01  4.8080053900e-01
    1.7080000000e+01  1.6593060740e+00  1.6895794570e+00  1.7105288190e+00  4.6038082400e-01  4.9805018300e-01  4.8559261700e-01
    1.7090000000e+01  1.6614209650e+00  1.6911991970e+00  1.7127423500e+00  4.6343978100e-01  5.0295891700e-01  4.9041917400e-01
    1.7100000000e+01  1.6634485250e+00  1.6926642290e+00  1.7148083370e+00  4.6652386700e-01  5.0784863100e-01  4.9526617200e-01
    1.7110000000e+01  1.6653879630e+00  1.6939809010e+00  1.7167297290e+00  4.6962013000e-01  5.1270879500e-01  5.0011988300e-01
    1.7120000000e+01  1.6672408950e+00  1.6951562610e+00  1.7185117220e+00  4.7271643400e-01  5.1753044100e-01  5.0496742100e-01
    1.7130000000e+01  1.6690108290e+00  1.6961975720e+00  1.7201615980e+00  4.7580194500e-01  5.2230615600e-01  5.0979733700e-01
    1.7140000000e+01  1.6707025650e+00  1.6971118640e+00  1.7216883280e+00  4.7886740500e-01  5.2702990500e-01  5.1460019700e-01
    1.7150000000e+01  1.6723215550e+00  1.6979055540e+00  1.7231019600e+00  4.8190517300e-01  5.3169673300e-01  5.1936903800e-01
    1.7160000000e+01  1.6738733160e+00  1.6985841810e+00  1.7244128180e+00  4.8490903100e-01  5.3630232900e-01  5.2409960600e-01
    1.7170000000e+01  1.6753630150e+00  1.6991522980e+00  1.7256306260e+00  4.8787377000e-01  5.4084249900e-01  5.2879028600e-01
    1.7180000000e+01  1.6767952740e+00  1.6996135810e+00  1.7267636800e+00  4.9079466200e-01  5.4531259800e-01  5.3344170200e-01
    1.7190000000e+01  1.6781742710e+00  1.6999711620e+00  1.7278182190e+00  4.9366691800e-01  5.4970699200e-01  5.3805602500e-01
    1.7200000000e+01  1.6795040730e+00  1.7002281990e+00  1.7287980790e+00  4.9648527000e-01  5.5401866800e-01  5.4263608000e-01
    1.7210000000e+01  1.6807891470e+00  1.7003886070e+00  1.7297047310e+00  4.9924378500e-01  5.5823906500e-01  5.4718438900e-01
    1.7220000000e+01  1.6820349020e+00  1.7004578720e+00  1.7305376560e+00  5.0193594400e-01  5.6235821900e-01  5.5170230900e-01
    1.7230000000e+01  1.6832481360e+00  1.7004438030e+00  1.7312950280e+00  5.0455498100e-01  5.6636522700e-01  5.5618938600e-01
    1.7240000000e+01  1.6844372950e+00  1.7003571080e+00  1.7319745510e+00  5.0709439200e-01  5.7024901500e-01  5.6064304200e-01
    1.7250000000e+01  1.6856124810e+00  1.7002116650e+00  1.7325743260e+00  5.0954850600e-01  5.7399930500e-01  5.6505859800e-01
    1.7260000000e+01  1.6867852400e+00  1.7000244410e+00  1.7330935800e+00  5.1191300700e-01  5.7760767800e-01  5.6942961800e-01
    1.7270000000e+01  1.6879681750e+00  1.6998150390e+00  1.7335331660e+00  5.1418531000e-01  5.8106857900e-01  5.7374844900e-01
    1.7280000000e+01  1.6891744820e+00  1.6996049050e+00  1.7338957940e+00  5.1636476000e-01  5.8438012700e-01  5.7800682700e-01
    1.7290000000e+01  1.6904175000e+00  1.6994163120e+00  1.7341860250e+00  5.1845265100e-01  5.8754463600e-01  5.8219642300e-01
    1.7300000000e+01  1.6917103220e+00  1.6992712220e+00  1.7344101360e+00  5.2045211700e-01  5.9056876100e-01  5.8630924200e-01
    1.7310000000e+01  1.6930655280e+00  1.6991902040e+00  1.7345759740e+00  5.2236794100e-01  5.9346329400e-01  5.9033788600e-01
    1.7320000000e+01  1.6944950040e+00  1.6991914980e+00  1.7346928620e+00  5.2420635800e-01  5.9624264700e-01  5.9427573300e-01
    1.7330000000e+01  1.6960098530e+00  1.6992903400e+00  1.7347715950e+00  5.2597487200e-01  5.9892414300e-01  5.9811715000e-01
    1.7340000000e+01  1.6976203490e+00  1.6994985260e+00  1.7348244420e+00  5.2768212700e-01  6.0152723500e-01  6.0185781400e-01
    1.7350000000e+01  1.6993358990e+00  1.6998242110e+00  1.7348650430e+00  5.2933783100e-01  6.0407272600e-01  6.0549515100e-01
    1.7360000000e+01  1.7011649780e+00  1.7002718420e+00  1.7349081180e+00  5.3095271800e-01  6.0658206000e-01  6.0902883200e-01
    1.7370000000e+01  1.7031150340e+00  1.7008422040e+00  1.7349689290e+00  5.3253852100e-01  6.0907665800e-01  6.1246118100e-01
    1.7380000000e+01  1.7051923270e+00  1.7015325240e+00  1.7350625760e+00  5.3410792700e-01  6.1157728200e-01  6.1579738100e-01
    1.7390000000e+01  1.7074017570e+00  1.7023366780e+00  1.7352032300e+00  5.3567447000e-01  6.1410340500e-01  6.1904538600e-01
    1.7400000000e+01  1.7097466950e+00  1.7032455080e+00  1.7354034730e+00  5.3725235800e-01  6.1667259000e-01  6.2221555900e-01
    1.7410000000e+01  1.7122288720e+00  1.7042472990e+00  1.7356738440e+00  5.3885624900e-01  6.1929991500e-01  6.2532011000e-01
    1.7420000000e+01  1.7148483210e+00  1.7053284050e+00  1.7360226640e+00  5.4050100600e-01  6.2199751400e-01  6.2837248000e-01
    1.7430000000e+01  1.7176033940e+00  1.7064740000e+00  1.7364561010e+00  5.4220146500e-01  6.2477427800e-01  6.3138680100e-01
    1.7440000000e+01  1.7204908040e+00  1.7076688930e+00  1.7369783890e+00  5.4397225100e-01  6.2763579000e-01  6.3437752300e-01
    1.7450000000e+01  1.7235056660e+00  1.7088983210e+00  1.7375920940e+00  5.4582761700e-01  6.3058448100e-01  6.3735926200e-01
    1.7460000000e+01  1.7266415220e+00  1.7101486440e+00  1.7382982960e+00  5.4778130400e-01  6.3362001100e-01  6.4034683500e-01
    1.7470000000e+01  1.7298903430e+00  1.7114078720e+00  1.7390966050e+00  5.4984637500e-01  6.3673980900e-01  6.4335540700e-01
    1.7480000000e+01  1.7332425360e+00  1.7126659850e+00  1.7399849470e+00  5.5203501200e-01  6.3993970000e-01  6.4640064600e-01
    1.7490000000e+01  1.7366869870e+00  1.7139150530e+00  1.7409591490e+00  5.5435826500e-01  6.4321454400e-01  6.4949873300e-01
    1.7500000000e+01  1.7402111600e+00  1.7151491710e+00  1.7420124100e+00  5.5682576200e-01  6.4655880900e-01  6.5266611900e-01
    1.7510000000e+01  1.7438012850e+00  1.7163642890e+00  1.7431347890e+00  5.5944541800e-01  6.4996704600e-01  6.5591896600e-01
    1.7520000000e+01  1.7474426390e+00  1.7175579660e+00  1.7443128960e+00  5.6222316200e-01  6.5343425500e-01  6.5927228600e-01
    1.7530000000e+01  1.7511199090e+00  1.7187291200e+00  1.7455299310e+00  5.6516272400e-01  6.5695618000e-01  6.6273888500e-01
    1.7540000000e+01  1.7548176200e+00  1.7198777460e+00  1.7467661540e+00  5.6826550600e-01  6.6052954500e-01  6.6632828100e-01
    1.7550000000e+01  1.7585206050e+00  1.7210046100e+00  1.7479997730e+00  5.7153055700e-01  6.6415225700e-01  6.7004581300e-01
    1.7560000000e+01  1.7622144930e+00  1.7221108750e+00  1.7492081410e+00  5.7495465000e-01  6.6782355800e-01  6.7389210300e-01
    1.7570000000e+01  1.7658861890e+00  1.7231976820e+00  1.7503690800e+00  5.7853249100e-01  6.7154407300e-01  6.7786297000e-01
    1.7580000000e+01  1.7695243200e+00  1.7242657020e+00  1.7514621300e+00  5.8225704800e-01  6.7531572600e-01  6.8194980700e-01
    1.7590000000e+01  1.7731196050e+00  1.7253147360e+00  1.7524695510e+00  5.8612000600e-01  6.7914149600e-01  6.8614032100e-01
    1.7600000000e+01  1.7766651080e+00  1.7263434340e+00  1.7533769870e+00  5.9011234600e-01  6.8302503700e-01  6.9041948100e-01
    1.7610000000e+01  1.7801563280e+00  1.7273492030e+00  1.7541737760e+00  5.9422500500e-01  6.8697023300e-01  6.9477053100e-01
    1.7620000000e+01  1.7835910780e+00  1.7283283210e+00  1.7548529730e+00  5.9844957700e-01  6.9098078800e-01  6.9917593700e-01
    1.7630000000e+01  1.7869691510e+00  1.7292762020e+00  1.7554111510e+00  6.0277897200e-01  6.9505995300e-01  7.0361820900e-01
    1.7640000000e+01  1.7902917590e+00  1.7301877360e+00  1.7558480650e+00  6.0720796600e-01  6.9921048100e-01  7.0808058400e-01
    1.7650000000e+01  1.7935608010e+00  1.7310575450e+00  1.7561662270e+00  6.1173355400e-01  7.0343478900e-01  7.1254757900e-01
    1.7660000000e+01  1.7967780220e+00  1.7318800420e+00  1.7563704000e+00  6.1635504000e-01  7.0773528300e-01  7.1700542000e-01
    1.7670000000e+01  1.7999441690e+00  1.7326492220e+00  1.7564670280e+00  6.2107383800e-01  7.1211469600e-01  7.2144234300e-01
    1.7680000000e+01  1.8030582440e+00  1.7333581940e+00  1.7564636220e+00  6.2589297800e-01  7.1657627400e-01  7.2584874800e-01
    1.7690000000e+01  1.8061169650e+00  1.7339985500e+00  1.7563681320e+00  6.3081638100e-01  7.2112369500e-01  7.3021716500e-01
    1.7700000000e+01  1.8091145030e+00  1.7345597360e+00  1.7561883750e+00  6.3584798200e-01  7.2576062600e-01  7.3454204900e-01
    1.7710000000e+01  1.8120425330e+00  1.7350285870e+00  1.7559315730e+00  6.4099082000e-01  7.3048995300e-01  7.3881939800e-01
    1.7720000000e+01  1.8148905720e+00  1.7353891820e+00  1.7556040750e+00  6.4624620300e-01  7.3531277900e-01  7.4304625500e-01
    1.7730000000e+01  1.8176465570e+00  1.7356230790e+00  1.7552112820e+00  6.5161303500e-01  7.4022732300e-01  7.4722018100e-01
    1.7740000000e+01  1.8202975720e+00  1.7357099670e+00  1.7547577820e+00  6.5708737000e-01  7.4522789900e-01  7.5133876800e-01
    1.7750000000e+01  1.8228306390e+00  1.7356286580e+00  1.7542476330e+00  6.6266218800e-01  7.5030409000e-01  7.5539927500e-01
    1.7760000000e+01  1.8252335010e+00  1.7353583450e+00  1.7536847310e+00  6.6832738200e-01  7.5544023800e-01  7.5939842400e-01
    1.7770000000e+01  1.8274953660e+00  1.7348800300e+00  1.7530731990e+00  6.7406990900e-01  7.6061529800e-01  7.6333234000e-01
    1.7780000000e+01  1.8296075890e+00  1.7341780030e+00  1.7524177420e+00  6.7987406100e-01  7.6580309300e-01  7.6719661300e-01
    1.7790000000e+01  1.8315643290e+00  1.7332412780e+00  1.7517239640e+00  6.8572186000e-01  7.7097299800e-01  7.7098645900e-01
    1.7800000000e+01  1.8333631600e+00  1.7320648750e+00  1.7509986410e+00  6.9159357400e-01  7.7609103400e-01  7.7469693800e-01
    1.7810000000e+01  1.8350056500e+00  1.7306508120e+00  1.7502499590e+00  6.9746840600e-01  7.8112137100e-01  7.7832325700e-01
    1.7820000000e+01  1.8364978210e+00  1.7290086600e+00  1.7494876980e+00  7.0332538900e-01  7.8602814800e-01  7.8186115700e-01
    1.7830000000e+01  1.8378504310e+00  1.7271555360e+00  1.7487233280e+00  7.0914448700e-01  7.9077749000e-01  7.8530739400e-01
    1.7840000000e+01  1.8390789430e+00  1.7251154660e+00  1.7479699770e+00  7.1490787600e-01  7.9533949700e-01  7.8866030000e-01
    1.7850000000e+01  1.8402031010e+00  1.7229181040e+00  1.7472422200e+00  7.2060128900e-01  7.9968998400e-01  7.9192039700e-01
    1.7860000000e+01  1.8412460650e+00  1.7205969590e+00  1.7465556610e+00  7.2621529600e-01  8.0381174100e-01  7.9509099600e-01
    1.7870000000e+01  1.8422331040e+00  1.7181873040e+00  1.7459262890e+00  7.3174633200e-01  8.0769514000e-01  7.9817871100e-01
    1.7880000000e+01  1.8431899550e+00  1.7157240500e+00  1.7453696300e+00  7.3719732500e-01  8.1133803600e-01  8.0119381400e-01
    1.7890000000e+01  1.8441409730e+00  1.7132398310e+00  1.7448997350e+00  7.4257778700e-01  8.1474499400e-01  8.0415032500e-01
    1.7900000000e+01  1.8451072960e+00  1.7107635330e+00  1.7445280950e+00  7.4790332700e-01  8.1792598800e-01  8.0706579200e-01
    1.7910000000e+01  1.8461052120e+00  1.7083194020e+00  1.7442625930e+00  7.5319459300e-01  8.2089478700e-01  8.0996070000e-01
    1.7920000000e+01  1.8471449300e+00  1.7059267870e+00  1.7441066450e+00  7.5847576300e-01  8.2366727100e-01  8.1285754700e-01
    1.7930000000e+01  1.8482298640e+00  1.7036004510e+00  1.7440586290e+00  7.6377276000e-01  8.2625992100e-01  8.1577964100e-01
    1.7940000000e+01  1.8493564810e+00  1.7013513140e+00  1.7441117070e+00  7.6911137900e-01  8.2868867500e-01  8.1874974300e-01
    1.7950000000e+01  1.8505146600e+00  1.6991874000e+00  1.7442540630e+00  7.7451552000e-01  8.3096824100e-01  8.2178870100e-01
    1.7960000000e+01  1.8516884620e+00  1.6971147910e+00  1.7444695400e+00  7.8000564500e-01  8.3311187700e-01  8.2491420500e-01
    1.7970000000e+01  1.8528572030e+00  1.6951383820e+00  1.7447386130e+00  7.8559752800e-01  8.3513152000e-01  8.2813978900e-01
    1.7980000000e+01  1.8539967210e+00  1.6932623600e+00  1.7450395830e+00  7.9130131200e-01  8.3703810000e-01  8.3147417300e-01
    1.7990000000e+01  1.8550807670e+00  1.6914903950e+00  1.7453498780e+00  7.9712085300e-01  8.3884187100e-01  8.3492098000e-01
    1.8000000000e+01  1.8560825180e+00  1.6898256480e+00  1.7456473240e+00  8.0305334600e-01  8.4055261000e-01  8.3847882000e-01
    1.8010000000e+01  1.8569761540e+00  1.6882707320e+00  1.7459112890e+00  8.0908926600e-01  8.4217964900e-01  8.4214169900e-01
    1.8020000000e+01  1.8577384970e+00  1.6868277500e+00  1.7461236200e+00  8.1521264800e-01  8.4373178100e-01  8.4589965000e-01
    1.8030000000e+01  1.8583506110e+00  1.6854984810e+00  1.7462693640e+00  8.2140179500e-01  8.4521714500e-01  8.4973951700e-01
    1.8040000000e+01  1.8587992420e+00  1.6842846920e+00  1.7463372840e+00  8.2763040800e-01  8.4664320800e-01  8.5364580500e-01
    1.8050000000e+01  1.8590779440e+00  1.6831884890e+00  1.7463202160e+00  8.3386911900e-01  8.4801694400e-01  8.5760158800e-01
    1.8060000000e+01  1.8591877810e+00  1.6822125830e+00  1.7462152490e+00  8.4008732800e-01  8.4934519100e-01  8.6158948100e-01
    1.8070000000e+01  1.8591374780e+00  1.6813603530e+00  1.7460237240e+00  8.4625519300e-01  8.5063515100e-01  8.6559267400e-01
    1.8080000000e+01  1.8589430330e+00  1.6806356720e+00  1.7457509620e+00  8.5234559900e-01  8.5189488300e-01  8.6959600100e-01
    1.8090000000e+01  1.8586268050e+00  1.6800425080e+00  1.7454056980e+00  8.5833594600e-01  8.5313366800e-01  8.7358697100e-01
    1.8100000000e+01  1.8582161750e+00  1.6795844150e+00  1.7449991930e+00  8.6420961400e-01  8.5436217300e-01  8.7755663400e-01
    1.8110000000e+01  1.8577418840e+00  1.6792640270e+00  1.7445440750e+00  8.6995702100e-01  8.5559237900e-01  8.8150017000e-01
    1.8120000000e+01  1.8572361940e+00  1.6790826520e+00  1.7440530370e+00  8.7557620900e-01  8.5683734800e-01  8.8541709400e-01
    1.8130000000e+01  1.8567309810e+00  1.6790400020e+00  1.7435374930e+00  8.8107296200e-01  8.5811091000e-01  8.8931105600e-01
    1.8140000000e+01  1.8562558900e+00  1.6791340560e+00  1.7430063460e+00  8.8646044800e-01  8.5942734000e-01  8.9318922300e-01
    1.8150000000e+01  1.8558366380e+00  1.6793609790e+00  1.7424649860e+00  8.9175845300e-01  8.6080107700e-01  8.9706129300e-01
    1.8160000000e+01  1.8554935550e+00  1.6797150760e+00  1.7419146360e+00  8.9699223100e-01  8.6224647600e-01  9.0093821600e-01
    1.8170000000e+01  1.8552404350e+00  1.6801887330e+00  1.7413521390e+00  9.0219104200e-01  8.6377754800e-01  9.0483074100e-01
    1.8180000000e+01  1.8550837600e+00  1.6807723750e+00  1.7407702550e+00  9.0738642900e-01  8.6540767400e-01  9.0874793500e-01
    1.8190000000e+01  1.8550223770e+00  1.6814544720e+00  1.7401584600e+00  9.1261032500e-01  8.6714926000e-01  9.1269588900e-01
    1.8200000000e+01  1.8550476930e+00  1.6822216280e+00  1.7395041450e+00  9.1789309300e-01  8.6901337400e-01  9.1667678300e-01
    1.8210000000e+01  1.8551444300e+00  1.6830587660e+00  1.7387940680e+00  9.2326166600e-01  8.7100939900e-01  9.2068843700e-01
    1.8220000000e+01  1.8552919050e+00  1.6839493940e+00  1.7380158290e+00  9.2873798400e-01  8.7314474800e-01  9.2472442600e-01
    1.8230000000e+01  1.8554657340e+00  1.6848758810e+00  1.7371591530e+00  9.3433789500e-01  8.7542466500e-01  9.2877467000e-01
    1.8240000000e+01  1.8556397520e+00  1.6858197230e+00  1.7362168430e+00  9.4007067200e-01  8.7785208000e-01  9.3282641400e-01
    1.8250000000e+01  1.8557879330e+00  1.6867617520e+00  1.7351852850e+00  9.4593916700e-01  8.8042746500e-01  9.3686539300e-01
    1.8260000000e+01  1.8558860570e+00  1.6876823260e+00  1.7340645180e+00  9.5194054500e-01  8.8314861700e-01  9.4087701900e-01
    1.8270000000e+01  1.8559129770e+00  1.6885615940e+00  1.7328578990e+00  9.5806745400e-01  8.8601033500e-01  9.4484743300e-01
    1.8280000000e+01  1.8558513740e+00  1.6893799420e+00  1.7315714790e+00  9.6430943300e-01  8.8900402700e-01  9.4876428600e-01
    1.8290000000e+01  1.8556879910e+00  1.6901186990e+00  1.7302132280e+00  9.7065438500e-01  8.9211734200e-01  9.5261719600e-01
    1.8300000000e+01  1.8554133780e+00  1.6907611240e+00  1.7287922400e+00  9.7708993600e-01  8.9533400300e-01  9.5639785300e-01
    1.8310000000e+01  1.8550212380e+00  1.6912935770e+00  1.7273180770e+00  9.8360453100e-01  8.9863400500e-01  9.6009983400e-01
    1.8320000000e+01  1.8545074800e+00  1.6917067030e+00  1.7258003370e+00  9.9018817600e-01  9.0199426300e-01  9.6371822800e-01
    1.8330000000e+01  1.8538691530e+00  1.6919964080e+00  1.7242484850e+00  9.9683273200e-01  9.0538971600e-01  9.6724920400e-01
    1.8340000000e+01  1.8531034010e+00  1.6921644560e+00  1.7226719170e+00  1.0035317760e+00  9.0879477700e-01  9.7068965700e-01
    1.8350000000e+01  1.8522066400e+00  1.6922185670e+00  1.7210801740e+00  1.0102800650e+00  9.1218495200e-01  9.7403700200e-01
    1.8360000000e+01  1.8511740590e+00  1.6921719950e+00  1.7194831880e+00  1.0170727470e+00  9.1553844500e-01  9.7728917400e-01
    1.8370000000e+01  1.8499995160e+00  1.6920426290e+00  1.7178914740e+00  1.0239044640e+00  9.1883756100e-01  9.8044476800e-01
    1.8380000000e+01  1.8486758140e+00  1.6918517220e+00  1.7163162110e+00  1.0307685190e+00  9.2206977900e-01  9.8350328600e-01
    1.8390000000e+01  1.8471952890e+00  1.6916223550e+00  1.7147691930e+00  1.0376562350e+00  9.2522840700e-01  9.8646539600e-01
    1.8400000000e+01  1.8455506010e+00  1.6913777880e+00  1.7132626880e+00  1.0445565880e+00  9.2831274200e-01  9.8933316200e-01
    1.8410000000e+01  1.8437356270e+00  1.6911398610e+00  1.7118092390e+00  1.0514561640e+00  9.3132772800e-01  9.9211021500e-01
    1.8420000000e+01  1.8417463260e+00  1.6909276040e+00  1.7104214360e+00  1.0583394300e+00  9.3428314300e-01  9.9480186800e-01
    1.8430000000e+01  1.8395814950e+00  1.6907562260e+00  1.7091116900e+00  1.0651893170e+00  9.3719242500e-01  9.9741520500e-01
    1.8440000000e+01  1.8372433090e+00  1.6906365850e+00  1.7078919780e+00  1.0719880490e+00  9.4007130700e-01  9.9995915000e-01
    1.8450000000e+01  1.8347375550e+00  1.6905751460e+00  1.7067735540e+00  1.0787181610e+00  9.4293646400e-01  1.0024445070e+00
    1.8460000000e+01  1.8320734970e+00  1.6905743590e+00  1.7057666100e+00  1.0853635710e+00  9.4580435900e-01  1.0048839550e+00
    1.8470000000e+01  1.8292633660e+00  1.6906333220e+00  1.7048799120e+00  1.0919105690e+00  9.4869041200e-01  1.0072919380e+00
    1.8480000000e+01  1.8263215130e+00  1.6907485370e+00  1.7041204580e+00  1.0983485820e+00  9.5160853800e-01  1.0096844520e+00
    1.8490000000e+01  1.8232633270e+00  1.6909146010e+00  1.7034932260e+00  1.1046705850e+00  9.5457101200e-01  1.0120787350e+00
    1.8500000000e+01  1.8201040910e+00  1.6911247370e+00  1.7030010390e+00  1.1108730890e+00  9.5758855700e-01  1.0144929370e+00
    1.8510000000e+01  1.8168579290e+00  1.6913710810e+00  1.7026445440e+00  1.1169557080e+00  9.6067053000e-01  1.0169458460e+00
    1.8520000000e+01  1.8135370090e+00  1.6916447910e+00  1.7024222170e+00  1.1229203810e+00  9.6382507900e-01  1.0194567270e+00
    1.8530000000e+01  1.8101511210e+00  1.6919360070e+00  1.7023302860e+00  1.1287703610e+00  9.6705918200e-01  1.0220452720e+00
    1.8540000000e+01  1.8067076820e+00  1.6922337780e+00  1.7023624940e+00  1.1345091410e+00  9.7037852300e-01  1.0247315650e+00
    1.8550000000e+01  1.8032121720e+00  1.6925260570e+00  1.7025096760e+00  1.1401394780e+00  9.7378721100e-01  1.0275359170e+00
    1.8560000000e+01  1.7996689570e+00  1.6927998560e+00  1.7027592480e+00  1.1456626830e+00  9.7728739100e-01  1.0304784400e+00
    1.8570000000e+01  1.7960823660e+00  1.6930416180e+00  1.7030947750e+00  1.1510783170e+00  9.8087885600e-01  1.0335782990e+00
    1.8580000000e+01  1.7924578570e+00  1.6932378180e+00  1.7034957890e+00  1.1563844230e+00  9.8455878800e-01  1.0368526780e+00
    1.8590000000e+01  1.7888030160e+00  1.6933756870e+00  1.7039379960e+00  1.1615783050e+00  9.8832174900e-01  1.0403156030e+00
    1.8600000000e+01  1.7851281370e+00  1.6934439390e+00  1.7043939140e+00  1.1666577680e+00  9.9215999500e-01  1.0439767900e+00
    1.8610000000e+01  1.7814461700e+00  1.6934333200e+00  1.7048339230e+00  1.1716226010e+00  9.9606406400e-01  1.0478406870e+00
    1.8620000000e+01  1.7777719780e+00  1.6933368460e+00  1.7052276300e+00  1.1764759640e+00  1.0000235360e+00  1.0519058530e+00
    1.8630000000e+01  1.7741209780e+00  1.6931497020e+00  1.7055454470e+00  1.1812253800e+00  1.0040277770e+00  1.0561647700e+00
    1.8640000000e+01  1.7705074380e+00  1.6928688610e+00  1.7057602120e+00  1.1858830660e+00  1.0080665070e+00  1.0606041690e+00
    1.8650000000e+01  1.7669427510e+00  1.6924925470e+00  1.7058487010e+00  1.1904655350e+00  1.0121300850e+00  1.0652058750e+00
    1.8660000000e+01  1.7634339900e+00  1.6920197180e+00  1.7057928100e+00  1.1949925590e+00  1.0162095060e+00  1.0699481470e+00
    1.8670000000e+01  1.7599829890e+00  1.6914496830e+00  1.7055802450e+00  1.1994856730e+00  1.0202961600e+00  1.0748073760e+00
    1.8680000000e+01  1.7565860340e+00  1.6907819400e+00  1.7052045820e+00  1.2039665070e+00  1.0243814850e+00  1.0797599220e+00
    1.8690000000e+01  1.7532341470e+00  1.6900162220e+00  1.7046646760e+00  1.2084551890e+00  1.0284566060e+00  1.0847838550e+00
    1.8700000000e+01  1.7499138480e+00  1.6891527360e+00  1.7039635140e+00  1.2129690280e+00  1.0325120570e+00  1.0898603350e+00
    1.8710000000e+01  1.7466082340e+00  1.6881925090e+00  1.7031066960e+00  1.2175215960e+00  1.0365376360e+00  1.0949744540e+00
    1.8720000000e+01  1.7432981600e+00  1.6871378230e+00  1.7021008030e+00  1.2221222740e+00  1.0405224240e+00  1.1001154590e+00
    1.8730000000e+01  1.7399633600e+00  1.6859926420e+00  1.7009518810e+00  1.2267762040e+00  1.0444549810e+00  1.1052764000e+00
    1.8740000000e+01  1.7365833460e+00  1.6847629990e+00  1.6996642260e+00  1.2314845610e+00  1.0483237290e+00  1.1104533250e+00
    1.8750000000e+01  1.7331380110e+00  1.6834572570e+00  1.6982395720e+00  1.2362449800e+00  1.0521175040e+00  1.1156441830e+00
    1.8760000000e+01  1.7296079430e+00  1.6820861640e+00  1.6966766930e+00  1.2410519630e+00  1.0558262390e+00  1.1208476040e+00
    1.8770000000e+01  1.7259745400e+00  1.6806626680e+00  1.6949714180e+00  1.2458971350e+00  1.0594416740e+00  1.1260616560e+00
    1.8780000000e+01  1.7222200800e+00  1.6792014650e+00  1.6931169990e+00  1.2507692770e+00  1.0629580120e+00  1.1312827000e+00
    1.8790000000e+01  1.7183279090e+00  1.6777183290e+00  1.6911048240e+00  1.2556541620e+00  1.0663723970e+00  1.1365043970e+00
    1.8800000000e+01  1.7142828700e+00  1.6762293130e+00  1.6889254160e+00  1.2605343150e+00  1.0696851480e+00  1.1417169800e+00
    1.8810000000e+01  1.7100720040e+00  1.6747499210e+00  1.6865696450e+00  1.2653888860e+00  1.0728997340e+00  1.1469068580e+00
    1.8820000000e+01  1.7056854430e+00  1.6732943420e+00  1.6840300480e+00  1.2701937730e+00  1.0760225110e+00  1.1520566470e+00
    1.8830000000e+01  1.7011173390e+00  1.6718748020e+00  1.6813020920e+00  1.2749221160e+00  1.0790622750e+00  1.1571456360e+00
    1.8840000000e+01  1.6963666470e+00  1.6705010550e+00  1.6783852240e+00  1.2795451400e+00  1.0820296700e+00  1.1621506690e+00
    1.8850000000e+01  1.6914376020e+00  1.6691800400e+00  1.6752835760e+00  1.2840332480e+00  1.0849365030e+00  1.1670473120e+00
    1.8860000000e+01  1.6863398400e+00  1.6679156910e+00  1.6720062540e+00  1.2883572050e+00  1.0877949680e+00  1.1718111790e+00
    1.8870000000e+01  1.6810881550e+00  1.6667089710e+00  1.6685671910e+00  1.2924892560e+00  1.0906168070e+00  1.1764192380e+00
    1.8880000000e+01  1.6757020190e+00  1.6655581460e+00  1.6649846310e+00  1.2964040460e+00  1.0934124790e+00  1.1808509710e+00
    1.8890000000e+01  1.6702049640e+00  1.6644593340e+00  1.6612803360e+00  1.3000793280e+00  1.0961904030e+00  1.1850892720e+00
    1.8900000000e+01  1.6646239370e+00  1.6634072960e+00  1.6574786260e+00  1.3034964610e+00  1.0989564000e+00  1.1891210440e+00
    1.8910000000e+01  1.6589887090e+00  1.6623964100e+00  1.6536053750e+00  1.3066407800e+00  1.1017134250e+00  1.1929374860e+00
    1.8920000000e+01  1.6533313050e+00  1.6614216840e+00  1.6496870520e+00  1.3095019250e+00  1.1044616560e+00  1.1965340920e+00
    1.8930000000e+01  1.6476854290e+00  1.6604796820e+00  1.6457498800e+00  1.3120741580e+00  1.1071989270e+00  1.1999104380e+00
    1.8940000000e+01  1.6420858100e+00  1.6595692260e+00  1.6418191640e+00  1.3143566810e+00  1.1099214480e+00  1.2030697870e+00
    1.8950000000e+01  1.6365674210e+00  1.6586917990e+00  1.6379188000e+00  1.3163538870e+00  1.1126246900e+00  1.2060186280e+00
    1.8960000000e+01  1.6311645680e+00  1.6578516310e+00  1.6340709820e+00  1.3180754810e+00  1.1153043240e+00  1.2087661830e+00
    1.8970000000e+01  1.6259098780e+00  1.6570554820e+00  1.6302960440e+00  1.3195363710e+00  1.1179570760e+00  1.2113239810e+00
    1.8980000000e+01  1.6208332900e+00  1.6563122020e+00  1.6266124090e+00  1.3207562890e+00  1.1205814250e+00  1.2137055110e+00
    1.8990000000e+01  1.6159611540e+00  1.6556321650e+00  1.6230365680e+00  1.3217591060e+00  1.1231780860e+00  1.2159259820e+00
    1.9000000000e+01  1.6113155680e+00  1.6550266840e+00  1.6195830470e+00  1.3225719330e+00  1.1257502990e+00  1.2180021700e+00
    1.9010000000e+01  1.6069140190e+00  1.6545074590e+00  1.6162643100e+00  1.3232240750e+00  1.1283039780e+00  1.2199523120e+00
    1.9020000000e+01  1.6027693630e+00  1.6540860760e+00  1.6130905890e+00  1.3237460030e+00  1.1308477930e+00  1.2217960240e+00
    1.9030000000e+01  1.5988900830e+00  1.6537735080e+00  1.6100696280e+00  1.3241684550e+00  1.1333932480e+00  1.2235541610e+00
    1.9040000000e+01  1.5952807390e+00  1.6535795470e+00  1.6072063530e+00  1.3245217680e+00  1.1359547240e+00  1.2252485900e+00
    1.9050000000e+01  1.5919424930e+00  1.6535121250e+00  1.6045025350e+00  1.3248354430e+00  1.1385494200e+00  1.2269018090e+00
    1.9060000000e+01  1.5888735880e+00  1.6535765630e+00  1.6019565010e+00  1.3251379380e+00  1.1411970990e+00  1.2285363950e+00
    1.9070000000e+01  1.5860697320e+00  1.6537748460e+00  1.5995630060e+00  1.3254566210e+00  1.1439195530e+00  1.2301742890e+00
    1.9080000000e+01  1.5835243320e+00  1.6541050760e+00  1.5973133380e+00  1.3258177820e+00  1.1467398220e+00  1.2318359930e+00
    1.9090000000e+01  1.5812286030e+00  1.6545612080e+00  1.5951957100e+00  1.3262466600e+00  1.1496812400e+00  1.2335397920e+00
    1.9100000000e+01  1.5791715740e+00  1.6551331280e+00  1.5931959240e+00  1.3267673840e+00  1.1527664840e+00  1.2353011290e+00
    1.9110000000e+01  1.5773400600e+00  1.6558070270e+00  1.5912982140e+00  1.3274028160e+00  1.1560167600e+00  1.2371322640e+00
    1.9120000000e+01  1.5757186710e+00  1.6565659380e+00  1.5894861270e+00  1.3281742850e+00  1.1594512560e+00  1.2390422770e+00
    1.9130000000e+01  1.5742899200e+00  1.6573902990e+00  1.5877432660e+00  1.3291012320e+00  1.1630868530e+00  1.2410374060e+00
    1.9140000000e+01  1.5730344690e+00  1.6582583940e+00  1.5860537500e+00  1.3302008450e+00  1.1669380580e+00  1.2431215880e+00
    1.9150000000e+01  1.5719315330e+00  1.6591466060e+00  1.5844023270e+00  1.3314877360e+00  1.1710170320e+00  1.2452970590e+00
    1.9160000000e+01  1.5709593970e+00  1.6600294740e+00  1.5827741710e+00  1.3329737580e+00  1.1753335630e+00  1.2475648010e+00
    1.9170000000e+01  1.5700960050e+00  1.6608796190e+00  1.5811544880e+00  1.3346679830e+00  1.1798948870e+00  1.2499246940e+00
    1.9180000000e+01  1.5693195310e+00  1.6616676660e+00  1.5795281270e+00  1.3365768910e+00  1.1847052710e+00  1.2523753160e+00
    1.9190000000e+01  1.5686088680e+00  1.6623623120e+00  1.5778793970e+00  1.3387047460e+00  1.1897653420e+00  1.2549134320e+00
    1.9200000000e+01  1.5679439550e+00  1.6629307010e+00  1.5761922550e+00  1.3410541260e+00  1.1950712700e+00  1.2575333210e+00
    1.9210000000e+01  1.5673058840e+00  1.6633392020e+00  1.5744509050e+00  1.3436265660e+00  1.2006139460e+00  1.2602261730e+00
    1.9220000000e+01  1.5666767310e+00  1.6635546010e+00  1.5726407640e+00  1.3464232130e+00  1.2063783760e+00  1.2629797730e+00
    1.9230000000e+01  1.5660391120e+00  1.6635455980e+00  1.5707495820e+00  1.3494453820e+00  1.2123435070e+00  1.2657786540e+00
    1.9240000000e+01  1.5653754780e+00  1.6632844060e+00  1.5687684740e+00  1.3526949140e+00  1.2184826130e+00  1.2686047400e+00
    1.9250000000e+01  1.5646672360e+00  1.6627481650e+00  1.5666926130e+00  1.3561742050e+00  1.2247642670e+00  1.2714383940e+00
    1.9260000000e+01  1.5638938330e+00  1.6619199370e+00  1.5645214370e+00  1.3598858240e+00  1.2311537800e+00  1.2742596400e+00
    1.9270000000e+01  1.5630319660e+00  1.6607890980e+00  1.5622583740e+00  1.3638317110e+00  1.2376148650e+00  1.2770492860e+00
    1.9280000000e+01  1.5620551160e+00  1.6593511110e+00  1.5599102160e+00  1.3680119860e+00  1.2441112400e+00  1.2797897600e+00
    1.9290000000e+01  1.5609335520e+00  1.6576067840e+00  1.5574863690e+00  1.3724235230e+00  1.2506079150e+00  1.2824655470e+00
    1.9300000000e+01  1.5596349070e+00  1.6555612350e+00  1.5549981850e+00  1.3770584880e+00  1.2570719790e+00  1.2850632900e+00
    1.9310000000e+01  1.5581253130e+00  1.6532228400e+00  1.5524585350e+00  1.3819030770e+00  1.2634728570e+00  1.2875716950e+00
    1.9320000000e+01  1.5563709830e+00  1.6506024020e+00  1.5498816180e+00  1.3869366460e+00  1.2697821290e+00  1.2899814350e+00
    1.9330000000e+01  1.5543400710e+00  1.6477126990e+00  1.5472829430e+00  1.3921314040e+00  1.2759731120e+00  1.2922852170e+00
    1.9340000000e+01  1.5520045750e+00  1.6445684450e+00  1.5446792790e+00  1.3974526860e+00  1.2820204490e+00  1.2944780720e+00
    1.9350000000e+01  1.5493421010e+00  1.6411865550e+00  1.5420884360e+00  1.4028597860e+00  1.2878998990e+00  1.2965578150e+00
    1.9360000000e+01  1.5463373280e+00  1.6375865470e+00  1.5395287200e+00  1.4083072390e+00  1.2935884630e+00  1.2985255290e+00
    1.9370000000e+01  1.5429830850e+00  1.6337908760e+00  1.5370181130e+00  1.4137464310e+00  1.2990648360e+00  1.3003858570e+00
    1.9380000000e+01  1.5392810050e+00  1.6298250490e+00  1.5345732610e+00  1.4191274060e+00  1.3043100870e+00  1.3021469410e+00
    1.9390000000e+01  1.5352417400e+00  1.6257174430e+00  1.5322085100e+00  1.4244007740e+00  1.3093084400e+00  1.3038199380e+00
    1.9400000000e+01  1.5308847450e+00  1.6214988400e+00  1.5299351890e+00  1.4295196210e+00  1.3140480060e+00  1.3054181820e+00
    1.9410000000e+01  1.5262376280e+00  1.6172017280e+00  1.5277612760e+00  1.4344413350e+00  1.3185213740e+00  1.3069561320e+00
    1.9420000000e+01  1.5213351120e+00  1.6128594380e+00  1.5256914930e+00  1.4391292520e+00  1.3227260000e+00  1.3084483450e+00
    1.9430000000e+01  1.5162176250e+00  1.6085052020e+00  1.5237277400e+00  1.4435540430e+00  1.3266643640e+00  1.3099086230e+00
    1.9440000000e+01  1.5109296150e+00  1.6041711800e+00  1.5218697390e+00  1.4476947430e+00  1.3303438950e+00  1.3113494490e+00
    1.9450000000e+01  1.5055176500e+00  1.5998875370e+00  1.5201157220e+00  1.4515393830e+00  1.3337766660e+00  1.3127817330e+00
    1.9460000000e+01  1.5000284170e+00  1.5956816140e+00  1.5184630590e+00  1.4550851670e+00  1.3369788720e+00  1.3142147960e+00
    1.9470000000e+01  1.4945067170e+00  1.5915772550e+00  1.5169087520e+00  1.4583381750e+00  1.3399701430e+00  1.3156565290e+00
    1.9480000000e+01  1.4889935750e+00  1.5875943270e+00  1.5154497810e+00  1.4613125900e+00  1.3427727250e+00  1.3171136320e+00
    1.9490000000e+01  1.4835245900e+00  1.5837484430e+00  1.5140833290e+00  1.4640294760e+00  1.3454106010e+00  1.3185918620e+00
    1.9500000000e+01  1.4781286550e+00  1.5800509070e+00  1.5128069200e+00  1.4665151820e+00  1.3479085950e+00  1.3200962680e+00
    1.9510000000e+01  1.4728271440e+00  1.5765088640e+00  1.5116185080e+00  1.4687994700e+00  1.3502915140e+00  1.3216313990e+00
    1.9520000000e+01  1.4676336460e+00  1.5731256490e+00  1.5105165610e+00  1.4709135550e+00  1.3525833890e+00  1.3232014950e+00
    1.9530000000e+01  1.4625542200e+00  1.5699012900e+00  1.5095001220e+00  1.4728882070e+00  1.3548068510e+00  1.3248107010e+00
    1.9540000000e+01  1.4575881080e+00  1.5668331320e+00  1.5085688430e+00  1.4747520750e+00  1.3569827100e+00  1.3264633190e+00
    1.9550000000e+01  1.4527287920e+00  1.5639164910e+00  1.5077229640e+00  1.4765303570e+00  1.3591297450e+00  1.3281640890e+00
    1.9560000000e+01  1.4479652300e+00  1.5611452700e+00  1.5069631960e+00  1.4782438320e+00  1.3612647050e+00  1.3299184940e+00
    1.9570000000e+01  1.4432831690e+00  1.5585124560e+00  1.5062905230e+00  1.4799082490e+00  1.3634024820e+00  1.3317330430e+00
    1.9580000000e+01  1.4386664500e+00  1.5560104550e+00  1.5057059000e+00  1.4815340110e+00  1.3655563780e+00  1.3336155230e+00
    1.9590000000e+01  1.4340982660e+00  1.5536312600e+00  1.5052098800e+00  1.4831260930e+00  1.3677383970e+00  1.3355751880e+00
    1.9600000000e+01  1.4295623930e+00  1.5513664660e+00  1.5048021360e+00  1.4846841690e+00  1.3699594850e+00  1.3376228610e+00
    1.9610000000e+01  1.4250443890e+00  1.5492071820e+00  1.5044809240e+00  1.4862029380e+00  1.3722296600e+00  1.3397709260e+00
    1.9620000000e+01  1.4205327540e+00  1.5471439120e+00  1.5042424780e+00  1.4876726940e+00  1.3745579970e+00  1.3420331480e+00
    1.9630000000e+01  1.4160199940e+00  1.5451664970e+00  1.5040804250e+00  1.4890801680e+00  1.3769524770e+00  1.3444242970e+00
    1.9640000000e+01  1.4115035090e+00  1.5432641950e+00  1.5039852640e+00  1.4904096660e+00  1.3794197450e+00  1.3469595730e+00
    1.9650000000e+01  1.4069861760e+00  1.5414259440e+00  1.5039439900e+00  1.4916444570e+00  1.3819648930e+00  1.3496538460e+00
    1.9660000000e+01  1.4024765470e+00  1.5396407810e+00  1.5039399100e+00  1.4927683320e+00  1.3845913740e+00  1.3525207620e+00
    1.9670000000e+01  1.3979885910e+00  1.5378983240e+00  1.5039526740e+00  1.4937671920e+00  1.3873011450e+00  1.3555717390e+00
    1.9680000000e+01  1.3935409970e+00  1.5361891720e+00  1.5039585820e+00  1.4946305100e+00  1.3900950710e+00  1.3588149100e+00
    1.9690000000e+01  1.3891561200e+00  1.5345050780e+00  1.5039312080e+00  1.4953525500e+00  1.3929735230e+00  1.3622540440e+00
    1.9700000000e+01  1.3848586410e+00  1.5328387830e+00  1.5038423960e+00  1.4959332750e+00  1.3959370390e+00  1.3658875750e+00
    1.9710000000e+01  1.3806740580e+00  1.5311835060e+00  1.5036636570e+00  1.4963788910e+00  1.3989868400e+00  1.3697078720e+00
    1.9720000000e+01  1.3766270750e+00  1.5295321730e+00  1.5033678870e+00  1.4967020290e+00  1.4021250440e+00  1.3737009340e+00
    1.9730000000e+01  1.3727399430e+00  1.5278765900e+00  1.5029312660e+00  1.4969215410e+00  1.4053544330e+00  1.3778466840e+00
    1.9740000000e+01  1.3690308450e+00  1.5262067650e+00  1.5023350960e+00  1.4970618750e+00  1.4086777930e+00  1.3821199290e+00
    1.9750000000e+01  1.3655124200e+00  1.5245106100e+00  1.5015672970e+00  1.4971520260e+00  1.4120969300e+00  1.3864920070e+00
    1.9760000000e+01  1.3621905620e+00  1.5227741550e+00  1.5006232970e+00  1.4972240730e+00  1.4156115710e+00  1.3909329460e+00
    1.9770000000e+01  1.3590636110e+00  1.5209822590e+00  1.4995060970e+00  1.4973113580e+00  1.4192184260e+00  1.3954139030e+00
    1.9780000000e+01  1.3561220920e+00  1.5191197260e+00  1.4982254340e+00  1.4974464350e+00  1.4229106220e+00  1.3999095200e+00
    1.9790000000e+01  1.3533490530e+00  1.5171725780e+00  1.4967961210e+00  1.4976589510e+00  1.4266776510e+00  1.4043998400e+00
    1.9800000000e+01  1.3507210560e+00  1.5151292620e+00  1.4952357890e+00  1.4979736740e+00  1.4305058550e+00  1.4088714690e+00
    1.9810000000e+01  1.3482097460e+00  1.5129815470e+00  1.4935623980e+00  1.4984088840e+00  1.4343793330e+00  1.4133178070e+00
    1.9820000000e+01  1.3457838540e+00  1.5107249960e+00  1.4917918980e+00  1.4989753430e+00  1.4382810980e+00  1.4177383430e+00
    1.9830000000e+01  1.3434113860e+00  1.5083589520e+00  1.4899363940e+00  1.4996759530e+00  1.4421942580e+00  1.4221371890e+00
    1.9840000000e+01  1.3410617390e+00  1.5058861270e+00  1.4880030440e+00  1.5005061180e+00  1.4461030270e+00  1.4265211150e+00
    1.9850000000e+01  1.3387074930e+00  1.5033119390e+00  1.4859937620e+00  1.5014546980e+00  1.4499934430e+00  1.4308974420e+00
    1.9860000000e+01  1.3363257290e+00  1.5006437460e+00  1.4839056900e+00  1.5025053600e+00  1.4538537660e+00  1.4352720760e+00
    1.9870000000e+01  1.3338988260e+00  1.4978901330e+00  1.4817322600e+00  1.5036381170e+00  1.4576745990e+00  1.4396479500e+00
    1.9880000000e+01  1.3314147650e+00  1.4950603280e+00  1.4794646400e+00  1.5048308770e+00  1.4614488360e+00  1.4440239950e+00
    1.9890000000e+01  1.3288670370e+00  1.4921637260e+00  1.4770933130e+00  1.5060608730e+00  1.4651715480e+00  1.4483946870e+00
    1.9900000000e+01  1.3262542020e+00  1.4892094980e+00  1.4746096000e+00  1.5073059150e+00  1.4688398550e+00  1.4527501100e+00
    1.9910000000e+01  1.3235791890e+00  1.4862061790e+00  1.4720069990e+00  1.5085453840e+00  1.4724528030e+00  1.4570764210e+00
    1.9920000000e+01  1.3208484030e+00  1.4831612130e+00  1.4692822760e+00  1.5097609180e+00  1.4760111720e+00  1.4613565890e+00
    1.9930000000e+01  1.3180707520e+00  1.4800804560e+00  1.4664363260e+00  1.5109367200e+00  1.4795171380e+00  1.4655713170e+00
    1.9940000000e+01  1.3152567630e+00  1.4769677080e+00  1.4634748340e+00  1.5120594720e+00  1.4829737220e+00  1.4697001050e+00
    1.9950000000e+01  1.3124179560e+00  1.4738244180e+00  1.4604087290e+00  1.5131179370e+00  1.4863839850e+00  1.4737224760e+00
    1.9960000000e+01  1.3095666200e+00  1.4706496730e+00  1.4572543900e+00  1.5141024050e+00  1.4897500490e+00  1.4776193810e+00
    1.9970000000e+01  1.3067160170e+00  1.4674406130e+00  1.4540334750e+00  1.5150042400e+00  1.4930720540e+00  1.4813747540e+00
    1.9980000000e+01  1.3038808950e+00  1.4641933020e+00  1.4507722720e+00  1.5158157500e+00  1.4963472490e+00  1.4849771250e+00
    1.9990000000e+01  1.3010781060e+00  1.4609040110e+00  1.4475004840e+00  1.5165305280e+00  1.4995694320e+00  1.4884210830e+00
    2.0000000000e+01  1.2983270170e+00  1.4575707690e+00  1.4442494910e+00  1.5171442770e+00  1.5027289460e+00  1.4917083640e+00
