# Dielectric function: real and imaginary components
#        Energy (eV)          Re_eps_x          Re_eps_y          Re_eps_z          Im_eps_x          Im_eps_y          Im_eps_z
    0.0000000000e+00  9.9072521980e+00  9.9072525100e+00  9.9072520500e+00  0.0000000000e+00  0.0000000000e+00  0.0000000000e+00
    1.0000000000e-02  9.9073400360e+00  9.9073403480e+00  9.9073398890e+00  2.6665080000e-03  2.6665080000e-03  2.6665080000e-03
    2.0000000000e-02  9.9076035640e+00  9.9076038760e+00  9.9076034170e+00  5.3334310000e-03  5.3334310000e-03  5.3334310000e-03
    3.0000000000e-02  9.9080428220e+00  9.9080431340e+00  9.9080426750e+00  8.0011830000e-03  8.0011830000e-03  8.0011830000e-03
    4.0000000000e-02  9.9086578770e+00  9.9086581880e+00  9.9086577290e+00  1.0670180000e-02  1.0670180000e-02  1.0670180000e-02
    5.0000000000e-02  9.9094488210e+00  9.9094491330e+00  9.9094486730e+00  1.3340838000e-02  1.3340838000e-02  1.3340838000e-02
    6.0000000000e-02  9.9104157750e+00  9.9104160860e+00  9.9104156270e+00  1.6013573000e-02  1.6013573000e-02  1.6013573000e-02
    7.0000000000e-02  9.9115588850e+00  9.9115591970e+00  9.9115587370e+00  1.8688802000e-02  1.8688802000e-02  1.8688802000e-02
    8.0000000000e-02  9.9128783260e+00  9.9128786370e+00  9.9128781780e+00  2.1366946000e-02  2.1366946000e-02  2.1366946000e-02
    9.0000000000e-02  9.9143742970e+00  9.9143746090e+00  9.9143741490e+00  2.4048423000e-02  2.4048423000e-02  2.4048423000e-02
    1.0000000000e-01  9.9160470270e+00  9.9160473380e+00  9.9160468790e+00  2.6733656000e-02  2.6733656000e-02  2.6733656000e-02
    1.1000000000e-01  9.9178967700e+00  9.9178970810e+00  9.9178966220e+00  2.9423069000e-02  2.9423069000e-02  2.9423069000e-02
    1.2000000000e-01  9.9199238080e+00  9.9199241190e+00  9.9199236600e+00  3.2117087000e-02  3.2117087000e-02  3.2117087000e-02
    1.3000000000e-01  9.9221284500e+00  9.9221287620e+00  9.9221283020e+00  3.4816138000e-02  3.4816138000e-02  3.4816138000e-02
    1.4000000000e-01  9.9245110340e+00  9.9245113460e+00  9.9245108860e+00  3.7520653000e-02  3.7520653000e-02  3.7520653000e-02
    1.5000000000e-01  9.9270719240e+00  9.9270722350e+00  9.9270717760e+00  4.0231064000e-02  4.0231064000e-02  4.0231064000e-02
    1.6000000000e-01  9.9298115120e+00  9.9298118230e+00  9.9298113640e+00  4.2947807000e-02  4.2947807000e-02  4.2947807000e-02
    1.7000000000e-01  9.9327302190e+00  9.9327305300e+00  9.9327300710e+00  4.5671323000e-02  4.5671323000e-02  4.5671323000e-02
    1.8000000000e-01  9.9358284930e+00  9.9358288040e+00  9.9358283450e+00  4.8402052000e-02  4.8402052000e-02  4.8402052000e-02
    1.9000000000e-01  9.9391068110e+00  9.9391071230e+00  9.9391066640e+00  5.1140440000e-02  5.1140441000e-02  5.1140440000e-02
    2.0000000000e-01  9.9425656800e+00  9.9425659920e+00  9.9425655320e+00  5.3886939000e-02  5.3886939000e-02  5.3886939000e-02
    2.1000000000e-01  9.9462056340e+00  9.9462059450e+00  9.9462054860e+00  5.6642001000e-02  5.6642001000e-02  5.6642001000e-02
    2.2000000000e-01  9.9500272360e+00  9.9500275470e+00  9.9500270880e+00  5.9406084000e-02  5.9406084000e-02  5.9406084000e-02
    2.3000000000e-01  9.9540310790e+00  9.9540313910e+00  9.9540309320e+00  6.2179650000e-02  6.2179651000e-02  6.2179650000e-02
    2.4000000000e-01  9.9582177880e+00  9.9582181000e+00  9.9582176400e+00  6.4963168000e-02  6.4963169000e-02  6.4963168000e-02
    2.5000000000e-01  9.9625880140e+00  9.9625883260e+00  9.9625878660e+00  6.7757110000e-02  6.7757110000e-02  6.7757110000e-02
    2.6000000000e-01  9.9671424410e+00  9.9671427520e+00  9.9671422930e+00  7.0561953000e-02  7.0561953000e-02  7.0561952000e-02
    2.7000000000e-01  9.9718817820e+00  9.9718820940e+00  9.9718816340e+00  7.3378179000e-02  7.3378179000e-02  7.3378179000e-02
    2.8000000000e-01  9.9768067830e+00  9.9768070940e+00  9.9768066350e+00  7.6206279000e-02  7.6206279000e-02  7.6206279000e-02
    2.9000000000e-01  9.9819182190e+00  9.9819185310e+00  9.9819180710e+00  7.9046748000e-02  7.9046748000e-02  7.9046748000e-02
    3.0000000000e-01  9.9872168980e+00  9.9872172100e+00  9.9872167510e+00  8.1900086000e-02  8.1900086000e-02  8.1900086000e-02
    3.1000000000e-01  9.9927036610e+00  9.9927039730e+00  9.9927035140e+00  8.4766803000e-02  8.4766803000e-02  8.4766803000e-02
    3.2000000000e-01  9.9983793800e+00  9.9983796920e+00  9.9983792320e+00  8.7647413000e-02  8.7647413000e-02  8.7647413000e-02
    3.3000000000e-01  1.0004244960e+01  1.0004245272e+01  1.0004244813e+01  9.0542438000e-02  9.0542438000e-02  9.0542438000e-02
    3.4000000000e-01  1.0010301341e+01  1.0010301653e+01  1.0010301193e+01  9.3452410000e-02  9.3452410000e-02  9.3452410000e-02
    3.5000000000e-01  1.0016549494e+01  1.0016549806e+01  1.0016549347e+01  9.6377866000e-02  9.6377866000e-02  9.6377866000e-02
    3.6000000000e-01  1.0022990428e+01  1.0022990740e+01  1.0022990281e+01  9.9319353000e-02  9.9319353000e-02  9.9319353000e-02
    3.7000000000e-01  1.0029625185e+01  1.0029625496e+01  1.0029625037e+01  1.0227742600e-01  1.0227742600e-01  1.0227742600e-01
    3.8000000000e-01  1.0036454841e+01  1.0036455153e+01  1.0036454693e+01  1.0525264800e-01  1.0525264800e-01  1.0525264800e-01
    3.9000000000e-01  1.0043480510e+01  1.0043480822e+01  1.0043480363e+01  1.0824559400e-01  1.0824559400e-01  1.0824559400e-01
    4.0000000000e-01  1.0050703343e+01  1.0050703655e+01  1.0050703195e+01  1.1125684700e-01  1.1125684700e-01  1.1125684700e-01
    4.1000000000e-01  1.0058124526e+01  1.0058124838e+01  1.0058124379e+01  1.1428700000e-01  1.1428700100e-01  1.1428700000e-01
    4.2000000000e-01  1.0065745285e+01  1.0065745597e+01  1.0065745137e+01  1.1733665800e-01  1.1733665800e-01  1.1733665800e-01
    4.3000000000e-01  1.0073566882e+01  1.0073567194e+01  1.0073566735e+01  1.2040643600e-01  1.2040643600e-01  1.2040643600e-01
    4.4000000000e-01  1.0081590621e+01  1.0081590933e+01  1.0081590473e+01  1.2349695900e-01  1.2349696000e-01  1.2349695900e-01
    4.5000000000e-01  1.0089817843e+01  1.0089818155e+01  1.0089817695e+01  1.2660886800e-01  1.2660886800e-01  1.2660886800e-01
    4.6000000000e-01  1.0098249931e+01  1.0098250243e+01  1.0098249783e+01  1.2974281200e-01  1.2974281200e-01  1.2974281200e-01
    4.7000000000e-01  1.0106888309e+01  1.0106888620e+01  1.0106888161e+01  1.3289945600e-01  1.3289945600e-01  1.3289945600e-01
    4.8000000000e-01  1.0115734442e+01  1.0115734754e+01  1.0115734295e+01  1.3607947600e-01  1.3607947600e-01  1.3607947600e-01
    4.9000000000e-01  1.0124789841e+01  1.0124790153e+01  1.0124789693e+01  1.3928356500e-01  1.3928356500e-01  1.3928356500e-01
    5.0000000000e-01  1.0134056057e+01  1.0134056369e+01  1.0134055909e+01  1.4251242600e-01  1.4251242600e-01  1.4251242600e-01
    5.1000000000e-01  1.0143534687e+01  1.0143534999e+01  1.0143534539e+01  1.4576678200e-01  1.4576678200e-01  1.4576678200e-01
    5.2000000000e-01  1.0153227374e+01  1.0153227686e+01  1.0153227226e+01  1.4904736800e-01  1.4904736800e-01  1.4904736800e-01
    5.3000000000e-01  1.0163135807e+01  1.0163136119e+01  1.0163135659e+01  1.5235493600e-01  1.5235493600e-01  1.5235493600e-01
    5.4000000000e-01  1.0173261721e+01  1.0173262033e+01  1.0173261573e+01  1.5569025700e-01  1.5569025700e-01  1.5569025700e-01
    5.5000000000e-01  1.0183606902e+01  1.0183607214e+01  1.0183606754e+01  1.5905411600e-01  1.5905411600e-01  1.5905411600e-01
    5.6000000000e-01  1.0194173184e+01  1.0194173496e+01  1.0194173036e+01  1.6244732000e-01  1.6244732000e-01  1.6244732000e-01
    5.7000000000e-01  1.0204962450e+01  1.0204962762e+01  1.0204962303e+01  1.6587069100e-01  1.6587069100e-01  1.6587069100e-01
    5.8000000000e-01  1.0215976638e+01  1.0215976950e+01  1.0215976490e+01  1.6932507500e-01  1.6932507500e-01  1.6932507500e-01
    5.9000000000e-01  1.0227217736e+01  1.0227218047e+01  1.0227217588e+01  1.7281133400e-01  1.7281133500e-01  1.7281133400e-01
    6.0000000000e-01  1.0238687786e+01  1.0238688098e+01  1.0238687638e+01  1.7633035600e-01  1.7633035600e-01  1.7633035600e-01
    6.1000000000e-01  1.0250388887e+01  1.0250389199e+01  1.0250388739e+01  1.7988304700e-01  1.7988304700e-01  1.7988304600e-01
    6.2000000000e-01  1.0262323194e+01  1.0262323506e+01  1.0262323046e+01  1.8347033800e-01  1.8347033800e-01  1.8347033800e-01
    6.3000000000e-01  1.0274492919e+01  1.0274493231e+01  1.0274492771e+01  1.8709318400e-01  1.8709318400e-01  1.8709318400e-01
    6.4000000000e-01  1.0286900334e+01  1.0286900646e+01  1.0286900186e+01  1.9075256400e-01  1.9075256400e-01  1.9075256400e-01
    6.5000000000e-01  1.0299547772e+01  1.0299548084e+01  1.0299547624e+01  1.9444948500e-01  1.9444948500e-01  1.9444948500e-01
    6.6000000000e-01  1.0312437627e+01  1.0312437939e+01  1.0312437479e+01  1.9818497900e-01  1.9818497900e-01  1.9818497900e-01
    6.7000000000e-01  1.0325572358e+01  1.0325572670e+01  1.0325572210e+01  2.0196010700e-01  2.0196010700e-01  2.0196010700e-01
    6.8000000000e-01  1.0338954489e+01  1.0338954801e+01  1.0338954341e+01  2.0577595900e-01  2.0577595900e-01  2.0577595900e-01
    6.9000000000e-01  1.0352586611e+01  1.0352586923e+01  1.0352586463e+01  2.0963365600e-01  2.0963365600e-01  2.0963365500e-01
    7.0000000000e-01  1.0366471385e+01  1.0366471697e+01  1.0366471237e+01  2.1353434900e-01  2.1353435000e-01  2.1353434900e-01
    7.1000000000e-01  1.0380611541e+01  1.0380611853e+01  1.0380611393e+01  2.1747922600e-01  2.1747922600e-01  2.1747922600e-01
    7.2000000000e-01  1.0395009883e+01  1.0395010195e+01  1.0395009735e+01  2.2146950600e-01  2.2146950600e-01  2.2146950600e-01
    7.3000000000e-01  1.0409669289e+01  1.0409669601e+01  1.0409669141e+01  2.2550644500e-01  2.2550644500e-01  2.2550644500e-01
    7.4000000000e-01  1.0424592713e+01  1.0424593025e+01  1.0424592565e+01  2.2959133800e-01  2.2959133800e-01  2.2959133800e-01
    7.5000000000e-01  1.0439783188e+01  1.0439783500e+01  1.0439783040e+01  2.3372551700e-01  2.3372551700e-01  2.3372551700e-01
    7.6000000000e-01  1.0455243828e+01  1.0455244140e+01  1.0455243680e+01  2.3791035700e-01  2.3791035700e-01  2.3791035700e-01
    7.7000000000e-01  1.0470977832e+01  1.0470978144e+01  1.0470977684e+01  2.4214727500e-01  2.4214727500e-01  2.4214727500e-01
    7.8000000000e-01  1.0486988481e+01  1.0486988793e+01  1.0486988333e+01  2.4643773200e-01  2.4643773200e-01  2.4643773200e-01
    7.9000000000e-01  1.0503279147e+01  1.0503279459e+01  1.0503278999e+01  2.5078323700e-01  2.5078323700e-01  2.5078323700e-01
    8.0000000000e-01  1.0519853291e+01  1.0519853603e+01  1.0519853143e+01  2.5518534600e-01  2.5518534700e-01  2.5518534600e-01
    8.1000000000e-01  1.0536714467e+01  1.0536714779e+01  1.0536714319e+01  2.5964566900e-01  2.5964567000e-01  2.5964566900e-01
    8.2000000000e-01  1.0553866328e+01  1.0553866640e+01  1.0553866180e+01  2.6416586700e-01  2.6416586800e-01  2.6416586700e-01
    8.3000000000e-01  1.0571312621e+01  1.0571312933e+01  1.0571312473e+01  2.6874765800e-01  2.6874765800e-01  2.6874765800e-01
    8.4000000000e-01  1.0589057200e+01  1.0589057512e+01  1.0589057052e+01  2.7339281800e-01  2.7339281800e-01  2.7339281800e-01
    8.5000000000e-01  1.0607104021e+01  1.0607104333e+01  1.0607103873e+01  2.7810318400e-01  2.7810318500e-01  2.7810318400e-01
    8.6000000000e-01  1.0625457148e+01  1.0625457460e+01  1.0625457000e+01  2.8288065900e-01  2.8288066000e-01  2.8288065900e-01
    8.7000000000e-01  1.0644120759e+01  1.0644121072e+01  1.0644120611e+01  2.8772721200e-01  2.8772721300e-01  2.8772721200e-01
    8.8000000000e-01  1.0663099146e+01  1.0663099459e+01  1.0663098998e+01  2.9264488400e-01  2.9264488400e-01  2.9264488400e-01
    8.9000000000e-01  1.0682396720e+01  1.0682397032e+01  1.0682396572e+01  2.9763578800e-01  2.9763578800e-01  2.9763578800e-01
    9.0000000000e-01  1.0702018013e+01  1.0702018326e+01  1.0702017865e+01  3.0270211800e-01  3.0270211800e-01  3.0270211700e-01
    9.1000000000e-01  1.0721967688e+01  1.0721968000e+01  1.0721967540e+01  3.0784614700e-01  3.0784614700e-01  3.0784614700e-01
    9.2000000000e-01  1.0742250534e+01  1.0742250846e+01  1.0742250385e+01  3.1307023700e-01  3.1307023700e-01  3.1307023700e-01
    9.3000000000e-01  1.0762871477e+01  1.0762871790e+01  1.0762871329e+01  3.1837683900e-01  3.1837683900e-01  3.1837683900e-01
    9.4000000000e-01  1.0783835585e+01  1.0783835898e+01  1.0783835437e+01  3.2376850000e-01  3.2376850000e-01  3.2376850000e-01
    9.5000000000e-01  1.0805148068e+01  1.0805148380e+01  1.0805147920e+01  3.2924786700e-01  3.2924786800e-01  3.2924786700e-01
    9.6000000000e-01  1.0826814284e+01  1.0826814596e+01  1.0826814136e+01  3.3481769400e-01  3.3481769500e-01  3.3481769400e-01
    9.7000000000e-01  1.0848839747e+01  1.0848840060e+01  1.0848839599e+01  3.4048084600e-01  3.4048084700e-01  3.4048084600e-01
    9.8000000000e-01  1.0871230132e+01  1.0871230444e+01  1.0871229984e+01  3.4624030600e-01  3.4624030600e-01  3.4624030600e-01
    9.9000000000e-01  1.0893991276e+01  1.0893991588e+01  1.0893991128e+01  3.5209918100e-01  3.5209918100e-01  3.5209918100e-01
    1.0000000000e+00  1.0917129188e+01  1.0917129500e+01  1.0917129039e+01  3.5806071000e-01  3.5806071000e-01  3.5806071000e-01
    1.0100000000e+00  1.0940650053e+01  1.0940650366e+01  1.0940649905e+01  3.6412827200e-01  3.6412827200e-01  3.6412827200e-01
    1.0200000000e+00  1.0964560241e+01  1.0964560554e+01  1.0964560093e+01  3.7030539100e-01  3.7030539100e-01  3.7030539100e-01
    1.0300000000e+00  1.0988866310e+01  1.0988866622e+01  1.0988866162e+01  3.7659574900e-01  3.7659575000e-01  3.7659574900e-01
    1.0400000000e+00  1.1013575012e+01  1.1013575325e+01  1.1013574864e+01  3.8300319300e-01  3.8300319300e-01  3.8300319300e-01
    1.0500000000e+00  1.1038693305e+01  1.1038693617e+01  1.1038693156e+01  3.8953174300e-01  3.8953174300e-01  3.8953174300e-01
    1.0600000000e+00  1.1064228354e+01  1.1064228666e+01  1.1064228206e+01  3.9618560700e-01  3.9618560700e-01  3.9618560700e-01
    1.0700000000e+00  1.1090187544e+01  1.1090187856e+01  1.1090187395e+01  4.0296919000e-01  4.0296919000e-01  4.0296919000e-01
    1.0800000000e+00  1.1116578482e+01  1.1116578795e+01  1.1116578334e+01  4.0988710600e-01  4.0988710600e-01  4.0988710600e-01
    1.0900000000e+00  1.1143409012e+01  1.1143409325e+01  1.1143408864e+01  4.1694419300e-01  4.1694419400e-01  4.1694419300e-01
    1.1000000000e+00  1.1170687215e+01  1.1170687527e+01  1.1170687066e+01  4.2414552800e-01  4.2414552800e-01  4.2414552800e-01
    1.1100000000e+00  1.1198421422e+01  1.1198421735e+01  1.1198421274e+01  4.3149643800e-01  4.3149643800e-01  4.3149643800e-01
    1.1200000000e+00  1.1226620224e+01  1.1226620537e+01  1.1226620076e+01  4.3900252300e-01  4.3900252300e-01  4.3900252300e-01
    1.1300000000e+00  1.1255292477e+01  1.1255292790e+01  1.1255292329e+01  4.4666967100e-01  4.4666967100e-01  4.4666967100e-01
    1.1400000000e+00  1.1284447311e+01  1.1284447624e+01  1.1284447163e+01  4.5450407700e-01  4.5450407700e-01  4.5450407700e-01
    1.1500000000e+00  1.1314094144e+01  1.1314094456e+01  1.1314093995e+01  4.6251226700e-01  4.6251226700e-01  4.6251226600e-01
    1.1600000000e+00  1.1344242682e+01  1.1344242995e+01  1.1344242534e+01  4.7070111700e-01  4.7070111700e-01  4.7070111700e-01
    1.1700000000e+00  1.1374902938e+01  1.1374903251e+01  1.1374902790e+01  4.7907788200e-01  4.7907788300e-01  4.7907788200e-01
    1.1800000000e+00  1.1406085235e+01  1.1406085548e+01  1.1406085087e+01  4.8765022300e-01  4.8765022300e-01  4.8765022300e-01
    1.1900000000e+00  1.1437800213e+01  1.1437800526e+01  1.1437800065e+01  4.9642623100e-01  4.9642623100e-01  4.9642623100e-01
    1.2000000000e+00  1.1470058845e+01  1.1470059158e+01  1.1470058697e+01  5.0541446500e-01  5.0541446500e-01  5.0541446400e-01
    1.2100000000e+00  1.1502872437e+01  1.1502872750e+01  1.1502872289e+01  5.1462398300e-01  5.1462398300e-01  5.1462398300e-01
    1.2200000000e+00  1.1536252640e+01  1.1536252953e+01  1.1536252492e+01  5.2406438100e-01  5.2406438100e-01  5.2406438000e-01
    1.2300000000e+00  1.1570211458e+01  1.1570211771e+01  1.1570211310e+01  5.3374583200e-01  5.3374583200e-01  5.3374583100e-01
    1.2400000000e+00  1.1604761249e+01  1.1604761562e+01  1.1604761100e+01  5.4367913100e-01  5.4367913100e-01  5.4367913100e-01
    1.2500000000e+00  1.1639914734e+01  1.1639915047e+01  1.1639914586e+01  5.5387574300e-01  5.5387574400e-01  5.5387574300e-01
    1.2600000000e+00  1.1675685000e+01  1.1675685313e+01  1.1675684852e+01  5.6434785500e-01  5.6434785500e-01  5.6434785500e-01
    1.2700000000e+00  1.1712085500e+01  1.1712085813e+01  1.1712085352e+01  5.7510843000e-01  5.7510843000e-01  5.7510843000e-01
    1.2800000000e+00  1.1749130053e+01  1.1749130366e+01  1.1749129904e+01  5.8617127000e-01  5.8617127000e-01  5.8617127000e-01
    1.2900000000e+00  1.1786832842e+01  1.1786833155e+01  1.1786832693e+01  5.9755108100e-01  5.9755108100e-01  5.9755108100e-01
    1.3000000000e+00  1.1825208408e+01  1.1825208721e+01  1.1825208260e+01  6.0926354500e-01  6.0926354600e-01  6.0926354500e-01
    1.3100000000e+00  1.1864271646e+01  1.1864271959e+01  1.1864271497e+01  6.2132539800e-01  6.2132539900e-01  6.2132539800e-01
    1.3200000000e+00  1.1904037788e+01  1.1904038101e+01  1.1904037639e+01  6.3375451600e-01  6.3375451700e-01  6.3375451600e-01
    1.3300000000e+00  1.1944522394e+01  1.1944522707e+01  1.1944522245e+01  6.4657001000e-01  6.4657001100e-01  6.4657001000e-01
    1.3400000000e+00  1.1985741328e+01  1.1985741641e+01  1.1985741180e+01  6.5979233700e-01  6.5979233800e-01  6.5979233700e-01
    1.3500000000e+00  1.2027710730e+01  1.2027711043e+01  1.2027710582e+01  6.7344342100e-01  6.7344342100e-01  6.7344342000e-01
    1.3600000000e+00  1.2070446972e+01  1.2070447285e+01  1.2070446824e+01  6.8754679000e-01  6.8754679100e-01  6.8754679000e-01
    1.3700000000e+00  1.2113966594e+01  1.2113966907e+01  1.2113966445e+01  7.0212773900e-01  7.0212773900e-01  7.0212773800e-01
    1.3800000000e+00  1.2158286213e+01  1.2158286526e+01  1.2158286064e+01  7.1721349200e-01  7.1721349200e-01  7.1721349100e-01
    1.3900000000e+00  1.2203422400e+01  1.2203422713e+01  1.2203422252e+01  7.3283339100e-01  7.3283339100e-01  7.3283339100e-01
    1.4000000000e+00  1.2249391518e+01  1.2249391831e+01  1.2249391370e+01  7.4901908200e-01  7.4901908200e-01  7.4901908200e-01
    1.4100000000e+00  1.2296209509e+01  1.2296209822e+01  1.2296209360e+01  7.6580469900e-01  7.6580469900e-01  7.6580469900e-01
    1.4200000000e+00  1.2343891642e+01  1.2343891955e+01  1.2343891493e+01  7.8322704000e-01  7.8322704000e-01  7.8322704000e-01
    1.4300000000e+00  1.2392452213e+01  1.2392452526e+01  1.2392452065e+01  8.0132572200e-01  8.0132572200e-01  8.0132572200e-01
    1.4400000000e+00  1.2441904197e+01  1.2441904510e+01  1.2441904048e+01  8.2014331800e-01  8.2014331800e-01  8.2014331800e-01
    1.4500000000e+00  1.2492258845e+01  1.2492259158e+01  1.2492258696e+01  8.3972545900e-01  8.3972545900e-01  8.3972545900e-01
    1.4600000000e+00  1.2543525233e+01  1.2543525546e+01  1.2543525084e+01  8.6012090500e-01  8.6012090500e-01  8.6012090500e-01
    1.4700000000e+00  1.2595709741e+01  1.2595710055e+01  1.2595709593e+01  8.8138156700e-01  8.8138156800e-01  8.8138156700e-01
    1.4800000000e+00  1.2648815462e+01  1.2648815776e+01  1.2648815314e+01  9.0356247000e-01  9.0356247100e-01  9.0356247000e-01
    1.4900000000e+00  1.2702841522e+01  1.2702841836e+01  1.2702841374e+01  9.2672161900e-01  9.2672161900e-01  9.2672161900e-01
    1.5000000000e+00  1.2757782315e+01  1.2757782629e+01  1.2757782167e+01  9.5091974400e-01  9.5091974400e-01  9.5091974300e-01
    1.5100000000e+00  1.2813626653e+01  1.2813626966e+01  1.2813626504e+01  9.7621986700e-01  9.7621986700e-01  9.7621986700e-01
    1.5200000000e+00  1.2870356846e+01  1.2870357160e+01  1.2870356697e+01  1.0026866280e+00  1.0026866280e+00  1.0026866270e+00
    1.5300000000e+00  1.2927947768e+01  1.2927948081e+01  1.2927947619e+01  1.0303852940e+00  1.0303852940e+00  1.0303852940e+00
    1.5400000000e+00  1.2986365967e+01  1.2986366280e+01  1.2986365818e+01  1.0593803770e+00  1.0593803770e+00  1.0593803770e+00
    1.5500000000e+00  1.3045568966e+01  1.3045569279e+01  1.3045568817e+01  1.0897337730e+00  1.0897337730e+00  1.0897337720e+00
    1.5600000000e+00  1.3105504928e+01  1.3105505241e+01  1.3105504779e+01  1.1215023710e+00  1.1215023710e+00  1.1215023700e+00
    1.5700000000e+00  1.3166112940e+01  1.3166113254e+01  1.3166112791e+01  1.1547351350e+00  1.1547351350e+00  1.1547351340e+00
    1.5800000000e+00  1.3227324239e+01  1.3227324553e+01  1.3227324090e+01  1.1894697440e+00  1.1894697440e+00  1.1894697430e+00
    1.5900000000e+00  1.3289064723e+01  1.3289065036e+01  1.3289064574e+01  1.2257290400e+00  1.2257290410e+00  1.2257290400e+00
    1.6000000000e+00  1.3351259082e+01  1.3351259396e+01  1.3351258934e+01  1.2635177310e+00  1.2635177320e+00  1.2635177310e+00
    1.6100000000e+00  1.3413836760e+01  1.3413837074e+01  1.3413836611e+01  1.3028200220e+00  1.3028200220e+00  1.3028200210e+00
    1.6200000000e+00  1.3476739653e+01  1.3476739967e+01  1.3476739505e+01  1.3435990930e+00  1.3435990930e+00  1.3435990930e+00
    1.6300000000e+00  1.3539931050e+01  1.3539931364e+01  1.3539930902e+01  1.3857994560e+00  1.3857994570e+00  1.3857994560e+00
    1.6400000000e+00  1.3603404683e+01  1.3603404997e+01  1.3603404534e+01  1.4293530960e+00  1.4293530960e+00  1.4293530960e+00
    1.6500000000e+00  1.3667192178e+01  1.3667192491e+01  1.3667192029e+01  1.4741898600e+00  1.4741898610e+00  1.4741898600e+00
    1.6600000000e+00  1.3731366807e+01  1.3731367121e+01  1.3731366659e+01  1.5202516890e+00  1.5202516890e+00  1.5202516890e+00
    1.6700000000e+00  1.3796041546e+01  1.3796041860e+01  1.3796041397e+01  1.5675091010e+00  1.5675091010e+00  1.5675091000e+00
    1.6800000000e+00  1.3861360257e+01  1.3861360571e+01  1.3861360109e+01  1.6159772870e+00  1.6159772870e+00  1.6159772870e+00
    1.6900000000e+00  1.3927482309e+01  1.3927482623e+01  1.3927482161e+01  1.6657285420e+00  1.6657285430e+00  1.6657285420e+00
    1.7000000000e+00  1.3994562643e+01  1.3994562957e+01  1.3994562494e+01  1.7168981220e+00  1.7168981220e+00  1.7168981220e+00
    1.7100000000e+00  1.4062730691e+01  1.4062731005e+01  1.4062730542e+01  1.7696819290e+00  1.7696819300e+00  1.7696819290e+00
    1.7200000000e+00  1.4132071963e+01  1.4132072277e+01  1.4132071814e+01  1.8243263820e+00  1.8243263820e+00  1.8243263820e+00
    1.7300000000e+00  1.4202615404e+01  1.4202615719e+01  1.4202615255e+01  1.8811126900e+00  1.8811126900e+00  1.8811126890e+00
    1.7400000000e+00  1.4274328012e+01  1.4274328327e+01  1.4274327863e+01  1.9403388990e+00  1.9403388990e+00  1.9403388990e+00
    1.7500000000e+00  1.4347116349e+01  1.4347116663e+01  1.4347116200e+01  2.0023031710e+00  2.0023031710e+00  2.0023031710e+00
    1.7600000000e+00  1.4420833084e+01  1.4420833398e+01  1.4420832935e+01  2.0672909100e+00  2.0672909110e+00  2.0672909100e+00
    1.7700000000e+00  1.4495285921e+01  1.4495286235e+01  1.4495285772e+01  2.1355670260e+00  2.1355670260e+00  2.1355670250e+00
    1.7800000000e+00  1.4570246205e+01  1.4570246519e+01  1.4570246056e+01  2.2073732320e+00  2.2073732330e+00  2.2073732320e+00
    1.7900000000e+00  1.4645455074e+01  1.4645455388e+01  1.4645454925e+01  2.2829292210e+00  2.2829292210e+00  2.2829292210e+00
    1.8000000000e+00  1.4720625780e+01  1.4720626094e+01  1.4720625631e+01  2.3624358200e+00  2.3624358200e+00  2.3624358190e+00
    1.8100000000e+00  1.4795441762e+01  1.4795442076e+01  1.4795441613e+01  2.4460780090e+00  2.4460780090e+00  2.4460780090e+00
    1.8200000000e+00  1.4869550900e+01  1.4869551214e+01  1.4869550751e+01  2.5340256670e+00  2.5340256670e+00  2.5340256670e+00
    1.8300000000e+00  1.4942557179e+01  1.4942557493e+01  1.4942557030e+01  2.6264302480e+00  2.6264302490e+00  2.6264302480e+00
    1.8400000000e+00  1.5014011637e+01  1.5014011951e+01  1.5014011488e+01  2.7234161230e+00  2.7234161230e+00  2.7234161220e+00
    1.8500000000e+00  1.5083404927e+01  1.5083405241e+01  1.5083404777e+01  2.8250660360e+00  2.8250660370e+00  2.8250660360e+00
    1.8600000000e+00  1.5150164046e+01  1.5150164361e+01  1.5150163897e+01  2.9314010220e+00  2.9314010220e+00  2.9314010210e+00
    1.8700000000e+00  1.5213655736e+01  1.5213656050e+01  1.5213655586e+01  3.0423560650e+00  3.0423560660e+00  3.0423560650e+00
    1.8800000000e+00  1.5273198628e+01  1.5273198943e+01  1.5273198479e+01  3.1577538390e+00  3.1577538390e+00  3.1577538390e+00
    1.8900000000e+00  1.5328085416e+01  1.5328085731e+01  1.5328085267e+01  3.2772796850e+00  3.2772796860e+00  3.2772796850e+00
    1.9000000000e+00  1.5377615094e+01  1.5377615409e+01  1.5377614945e+01  3.4004616380e+00  3.4004616390e+00  3.4004616380e+00
    1.9100000000e+00  1.5421133897e+01  1.5421134212e+01  1.5421133748e+01  3.5266593530e+00  3.5266593540e+00  3.5266593530e+00
    1.9200000000e+00  1.5458082044e+01  1.5458082358e+01  1.5458081894e+01  3.6550653440e+00  3.6550653440e+00  3.6550653430e+00
    1.9300000000e+00  1.5488042134e+01  1.5488042449e+01  1.5488041985e+01  3.7847208790e+00  3.7847208790e+00  3.7847208780e+00
    1.9400000000e+00  1.5510784176e+01  1.5510784490e+01  1.5510784026e+01  3.9145473730e+00  3.9145473730e+00  3.9145473720e+00
    1.9500000000e+00  1.5526301900e+01  1.5526302215e+01  1.5526301751e+01  4.0433922970e+00  4.0433922980e+00  4.0433922970e+00
    1.9600000000e+00  1.5534835408e+01  1.5534835723e+01  1.5534835259e+01  4.1700867410e+00  4.1700867420e+00  4.1700867410e+00
    1.9700000000e+00  1.5536876173e+01  1.5536876488e+01  1.5536876024e+01  4.2935099880e+00  4.2935099880e+00  4.2935099870e+00
    1.9800000000e+00  1.5533152095e+01  1.5533152410e+01  1.5533151946e+01  4.4126550400e+00  4.4126550400e+00  4.4126550390e+00
    1.9900000000e+00  1.5524592488e+01  1.5524592802e+01  1.5524592338e+01  4.5266881560e+00  4.5266881570e+00  4.5266881560e+00
    2.0000000000e+00  1.5512275526e+01  1.5512275841e+01  1.5512275377e+01  4.6349953270e+00  4.6349953280e+00  4.6349953270e+00
    2.0100000000e+00  1.5497363584e+01  1.5497363900e+01  1.5497363435e+01  4.7372096580e+00  4.7372096590e+00  4.7372096580e+00
    2.0200000000e+00  1.5481034379e+01  1.5481034695e+01  1.5481034230e+01  4.8332160770e+00  4.8332160780e+00  4.8332160770e+00
    2.0300000000e+00  1.5464417104e+01  1.5464417419e+01  1.5464416955e+01  4.9231335560e+00  4.9231335560e+00  4.9231335550e+00
    2.0400000000e+00  1.5448541847e+01  1.5448542162e+01  1.5448541697e+01  5.0072792630e+00  5.0072792630e+00  5.0072792630e+00
    2.0500000000e+00  1.5434307522e+01  1.5434307837e+01  1.5434307372e+01  5.0861224540e+00  5.0861224550e+00  5.0861224540e+00
    2.0600000000e+00  1.5422469070e+01  1.5422469385e+01  1.5422468920e+01  5.1602370770e+00  5.1602370770e+00  5.1602370760e+00
    2.0700000000e+00  1.5413640391e+01  1.5413640706e+01  1.5413640241e+01  5.2302607250e+00  5.2302607250e+00  5.2302607240e+00
    2.0800000000e+00  1.5408306795e+01  1.5408307110e+01  1.5408306646e+01  5.2968642680e+00  5.2968642680e+00  5.2968642680e+00
    2.0900000000e+00  1.5406840332e+01  1.5406840647e+01  1.5406840182e+01  5.3607325960e+00  5.3607325960e+00  5.3607325950e+00
    2.1000000000e+00  1.5409512998e+01  1.5409513313e+01  1.5409512848e+01  5.4225537760e+00  5.4225537760e+00  5.4225537760e+00
    2.1100000000e+00  1.5416505591e+01  1.5416505906e+01  1.5416505441e+01  5.4830123840e+00  5.4830123840e+00  5.4830123840e+00
    2.1200000000e+00  1.5427912852e+01  1.5427913168e+01  1.5427912703e+01  5.5427830210e+00  5.5427830210e+00  5.5427830210e+00
    2.1300000000e+00  1.5443747555e+01  1.5443747870e+01  1.5443747405e+01  5.6025218110e+00  5.6025218120e+00  5.6025218110e+00
    2.1400000000e+00  1.5463946649e+01  1.5463946965e+01  1.5463946500e+01  5.6628561440e+00  5.6628561440e+00  5.6628561430e+00
    2.1500000000e+00  1.5488381433e+01  1.5488381748e+01  1.5488381283e+01  5.7243750880e+00  5.7243750880e+00  5.7243750870e+00
    2.1600000000e+00  1.5516871366e+01  1.5516871682e+01  1.5516871217e+01  5.7876237910e+00  5.7876237920e+00  5.7876237910e+00
    2.1700000000e+00  1.5549198858e+01  1.5549199174e+01  1.5549198709e+01  5.8531043140e+00  5.8531043140e+00  5.8531043140e+00
    2.1800000000e+00  1.5585121008e+01  1.5585121324e+01  1.5585120858e+01  5.9212831540e+00  5.9212831550e+00  5.9212831540e+00
    2.1900000000e+00  1.5624374706e+01  1.5624375022e+01  1.5624374557e+01  5.9926031760e+00  5.9926031760e+00  5.9926031760e+00
    2.2000000000e+00  1.5666673307e+01  1.5666673622e+01  1.5666673157e+01  6.0674958130e+00  6.0674958130e+00  6.0674958120e+00
    2.2100000000e+00  1.5711695568e+01  1.5711695884e+01  1.5711695419e+01  6.1463890200e+00  6.1463890210e+00  6.1463890200e+00
    2.2200000000e+00  1.5759069821e+01  1.5759070137e+01  1.5759069671e+01  6.2297073710e+00  6.2297073710e+00  6.2297073700e+00
    2.2300000000e+00  1.5808357693e+01  1.5808358009e+01  1.5808357544e+01  6.3178625540e+00  6.3178625540e+00  6.3178625540e+00
    2.2400000000e+00  1.5859042140e+01  1.5859042456e+01  1.5859041990e+01  6.4112347640e+00  6.4112347640e+00  6.4112347630e+00
    2.2500000000e+00  1.5910523865e+01  1.5910524181e+01  1.5910523715e+01  6.5101476200e+00  6.5101476210e+00  6.5101476200e+00
    2.2600000000e+00  1.5962128688e+01  1.5962129004e+01  1.5962128538e+01  6.6148410220e+00  6.6148410220e+00  6.6148410210e+00
    2.2700000000e+00  1.6013126075e+01  1.6013126391e+01  1.6013125925e+01  6.7254472710e+00  6.7254472720e+00  6.7254472710e+00
    2.2800000000e+00  1.6062756335e+01  1.6062756651e+01  1.6062756186e+01  6.8419755050e+00  6.8419755050e+00  6.8419755040e+00
    2.2900000000e+00  1.6110261567e+01  1.6110261883e+01  1.6110261417e+01  6.9643077190e+00  6.9643077190e+00  6.9643077190e+00
    2.3000000000e+00  1.6154914209e+01  1.6154914525e+01  1.6154914059e+01  7.0922067010e+00  7.0922067010e+00  7.0922067000e+00
    2.3100000000e+00  1.6196037592e+01  1.6196037908e+01  1.6196037442e+01  7.2253327670e+00  7.2253327680e+00  7.2253327670e+00
    2.3200000000e+00  1.6233015340e+01  1.6233015656e+01  1.6233015190e+01  7.3632634840e+00  7.3632634840e+00  7.3632634840e+00
    2.3300000000e+00  1.6265290227e+01  1.6265290543e+01  1.6265290077e+01  7.5055095040e+00  7.5055095050e+00  7.5055095040e+00
    2.3400000000e+00  1.6292356988e+01  1.6292357305e+01  1.6292356839e+01  7.6515209760e+00  7.6515209760e+00  7.6515209760e+00
    2.3500000000e+00  1.6313756228e+01  1.6313756544e+01  1.6313756078e+01  7.8006822810e+00  7.8006822810e+00  7.8006822800e+00
    2.3600000000e+00  1.6329076966e+01  1.6329077282e+01  1.6329076816e+01  7.9522973340e+00  7.9522973340e+00  7.9522973330e+00
    2.3700000000e+00  1.6337973207e+01  1.6337973524e+01  1.6337973057e+01  8.1055716800e+00  8.1055716810e+00  8.1055716800e+00
    2.3800000000e+00  1.6340195862e+01  1.6340196178e+01  1.6340195712e+01  8.2595998590e+00  8.2595998590e+00  8.2595998580e+00
    2.3900000000e+00  1.6335636800e+01  1.6335637117e+01  1.6335636650e+01  8.4133662490e+00  8.4133662500e+00  8.4133662490e+00
    2.4000000000e+00  1.6324378190e+01  1.6324378507e+01  1.6324378040e+01  8.5657651890e+00  8.5657651900e+00  8.5657651890e+00
    2.4100000000e+00  1.6306738308e+01  1.6306738624e+01  1.6306738158e+01  8.7156424820e+00  8.7156424830e+00  8.7156424820e+00
    2.4200000000e+00  1.6283304869e+01  1.6283305185e+01  1.6283304719e+01  8.8618565630e+00  8.8618565640e+00  8.8618565630e+00
    2.4300000000e+00  1.6254948178e+01  1.6254948495e+01  1.6254948028e+01  9.0033541090e+00  9.0033541090e+00  9.0033541080e+00
    2.4400000000e+00  1.6222808847e+01  1.6222809163e+01  1.6222808696e+01  9.1392520780e+00  9.1392520780e+00  9.1392520770e+00
    2.4500000000e+00  1.6188258302e+01  1.6188258618e+01  1.6188258152e+01  9.2689164810e+00  9.2689164810e+00  9.2689164810e+00
    2.4600000000e+00  1.6152834362e+01  1.6152834679e+01  1.6152834212e+01  9.3920280720e+00  9.3920280730e+00  9.3920280720e+00
    2.4700000000e+00  1.6118157823e+01  1.6118158140e+01  1.6118157673e+01  9.5086269860e+00  9.5086269860e+00  9.5086269850e+00
    2.4800000000e+00  1.6085838265e+01  1.6085838582e+01  1.6085838115e+01  9.6191315250e+00  9.6191315260e+00  9.6191315250e+00
    2.4900000000e+00  1.6057377707e+01  1.6057378024e+01  1.6057377557e+01  9.7243297240e+00  9.7243297240e+00  9.7243297230e+00
    2.5000000000e+00  1.6034079865e+01  1.6034080182e+01  1.6034079714e+01  9.8253449190e+00  9.8253449190e+00  9.8253449180e+00
    2.5100000000e+00  1.6016971616e+01  1.6016971933e+01  1.6016971466e+01  9.9235781540e+00  9.9235781550e+00  9.9235781540e+00
    2.5200000000e+00  1.6006742410e+01  1.6006742727e+01  1.6006742259e+01  1.0020631411e+01  1.0020631411e+01  1.0020631411e+01
    2.5300000000e+00  1.6003706547e+01  1.6003706864e+01  1.6003706397e+01  1.0118217060e+01  1.0118217061e+01  1.0118217060e+01
    2.5400000000e+00  1.6007791908e+01  1.6007792225e+01  1.6007791758e+01  1.0218060642e+01  1.0218060643e+01  1.0218060642e+01
    2.5500000000e+00  1.6018556193e+01  1.6018556510e+01  1.6018556042e+01  1.0321805436e+01  1.0321805437e+01  1.0321805436e+01
    2.5600000000e+00  1.6035228539e+01  1.6035228857e+01  1.6035228389e+01  1.0430927457e+01  1.0430927457e+01  1.0430927456e+01
    2.5700000000e+00  1.6056771211e+01  1.6056771529e+01  1.6056771061e+01  1.0546668057e+01  1.0546668058e+01  1.0546668057e+01
    2.5800000000e+00  1.6081953946e+01  1.6081954264e+01  1.6081953796e+01  1.0669988523e+01  1.0669988523e+01  1.0669988522e+01
    2.5900000000e+00  1.6109433110e+01  1.6109433427e+01  1.6109432959e+01  1.0801547736e+01  1.0801547736e+01  1.0801547735e+01
    2.6000000000e+00  1.6137828834e+01  1.6137829152e+01  1.6137828684e+01  1.0941701240e+01  1.0941701241e+01  1.0941701240e+01
    2.6100000000e+00  1.6165795221e+01  1.6165795539e+01  1.6165795071e+01  1.1090518356e+01  1.1090518357e+01  1.1090518356e+01
    2.6200000000e+00  1.6192080593e+01  1.6192080911e+01  1.6192080443e+01  1.1247813583e+01  1.1247813583e+01  1.1247813582e+01
    2.6300000000e+00  1.6215576140e+01  1.6215576457e+01  1.6215575989e+01  1.1413188818e+01  1.1413188819e+01  1.1413188818e+01
    2.6400000000e+00  1.6235351959e+01  1.6235352276e+01  1.6235351808e+01  1.1586083486e+01  1.1586083487e+01  1.1586083486e+01
    2.6500000000e+00  1.6250679718e+01  1.6250680036e+01  1.6250679567e+01  1.1765829952e+01  1.1765829952e+01  1.1765829951e+01
    2.6600000000e+00  1.6261041165e+01  1.6261041482e+01  1.6261041014e+01  1.1951711616e+01  1.1951711617e+01  1.1951711616e+01
    2.6700000000e+00  1.6266121834e+01  1.6266122152e+01  1.6266121683e+01  1.2143020702e+01  1.2143020703e+01  1.2143020702e+01
    2.6800000000e+00  1.6265789750e+01  1.6265790067e+01  1.6265789599e+01  1.2339112110e+01  1.2339112110e+01  1.2339112109e+01
    2.6900000000e+00  1.6260059947e+01  1.6260060265e+01  1.6260059796e+01  1.2539449099e+01  1.2539449100e+01  1.2539449099e+01
    2.7000000000e+00  1.6249047288e+01  1.6249047606e+01  1.6249047137e+01  1.2743636433e+01  1.2743636434e+01  1.2743636433e+01
    2.7100000000e+00  1.6232911895e+01  1.6232912213e+01  1.6232911744e+01  1.2951437423e+01  1.2951437423e+01  1.2951437422e+01
    2.7200000000e+00  1.6211802862e+01  1.6211803180e+01  1.6211802712e+01  1.3162773201e+01  1.3162773202e+01  1.3162773201e+01
    2.7300000000e+00  1.6185806153e+01  1.6185806471e+01  1.6185806002e+01  1.3377704897e+01  1.3377704898e+01  1.3377704897e+01
    2.7400000000e+00  1.6154901617e+01  1.6154901935e+01  1.6154901466e+01  1.3596401457e+01  1.3596401458e+01  1.3596401457e+01
    2.7500000000e+00  1.6118932529e+01  1.6118932847e+01  1.6118932378e+01  1.3819097097e+01  1.3819097098e+01  1.3819097097e+01
    2.7600000000e+00  1.6077589412e+01  1.6077589730e+01  1.6077589261e+01  1.4046042724e+01  1.4046042724e+01  1.4046042723e+01
    2.7700000000e+00  1.6030408679e+01  1.6030408997e+01  1.6030408528e+01  1.4277455639e+01  1.4277455640e+01  1.4277455639e+01
    2.7800000000e+00  1.5976785521e+01  1.5976785840e+01  1.5976785370e+01  1.4513471582e+01  1.4513471583e+01  1.4513471582e+01
    2.7900000000e+00  1.5915999415e+01  1.5915999734e+01  1.5915999264e+01  1.4754102774e+01  1.4754102775e+01  1.4754102774e+01
    2.8000000000e+00  1.5847249664e+01  1.5847249983e+01  1.5847249513e+01  1.4999204793e+01  1.4999204794e+01  1.4999204793e+01
    2.8100000000e+00  1.5769697942e+01  1.5769698261e+01  1.5769697791e+01  1.5248453888e+01  1.5248453888e+01  1.5248453887e+01
    2.8200000000e+00  1.5682515122e+01  1.5682515440e+01  1.5682514971e+01  1.5501335162e+01  1.5501335162e+01  1.5501335161e+01
    2.8300000000e+00  1.5584930588e+01  1.5584930906e+01  1.5584930437e+01  1.5757141607e+01  1.5757141608e+01  1.5757141607e+01
    2.8400000000e+00  1.5476282967e+01  1.5476283285e+01  1.5476282815e+01  1.6014984521e+01  1.6014984521e+01  1.6014984520e+01
    2.8500000000e+00  1.5356070864e+01  1.5356071183e+01  1.5356070713e+01  1.6273817033e+01  1.6273817034e+01  1.6273817033e+01
    2.8600000000e+00  1.5224000476e+01  1.5224000794e+01  1.5224000324e+01  1.6532473228e+01  1.6532473229e+01  1.6532473228e+01
    2.8700000000e+00  1.5080024347e+01  1.5080024666e+01  1.5080024196e+01  1.6789724468e+01  1.6789724469e+01  1.6789724468e+01
    2.8800000000e+00  1.4924363562e+01  1.4924363881e+01  1.4924363411e+01  1.7044351720e+01  1.7044351720e+01  1.7044351719e+01
    2.8900000000e+00  1.4757505445e+01  1.4757505764e+01  1.4757505294e+01  1.7295228375e+01  1.7295228376e+01  1.7295228375e+01
    2.9000000000e+00  1.4580171356e+01  1.4580171675e+01  1.4580171205e+01  1.7541403836e+01  1.7541403837e+01  1.7541403836e+01
    2.9100000000e+00  1.4393253860e+01  1.4393254179e+01  1.4393253709e+01  1.7782175366e+01  1.7782175367e+01  1.7782175366e+01
    2.9200000000e+00  1.4197728444e+01  1.4197728763e+01  1.4197728293e+01  1.8017135630e+01  1.8017135631e+01  1.8017135629e+01
    2.9300000000e+00  1.3994550686e+01  1.3994551005e+01  1.3994550535e+01  1.8246186160e+01  1.8246186161e+01  1.8246186160e+01
    2.9400000000e+00  1.3784553667e+01  1.3784553986e+01  1.3784553516e+01  1.8469512606e+01  1.8469512607e+01  1.8469512606e+01
    2.9500000000e+00  1.3568361272e+01  1.3568361591e+01  1.3568361121e+01  1.8687524883e+01  1.8687524884e+01  1.8687524882e+01
    2.9600000000e+00  1.3346329793e+01  1.3346330112e+01  1.3346329642e+01  1.8900772458e+01  1.8900772459e+01  1.8900772458e+01
    2.9700000000e+00  1.3118523479e+01  1.3118523798e+01  1.3118523328e+01  1.9109849431e+01  1.9109849432e+01  1.9109849431e+01
    2.9800000000e+00  1.2884721473e+01  1.2884721792e+01  1.2884721321e+01  1.9315303840e+01  1.9315303841e+01  1.9315303839e+01
    2.9900000000e+00  1.2644447270e+01  1.2644447589e+01  1.2644447119e+01  1.9517560601e+01  1.9517560602e+01  1.9517560601e+01
    3.0000000000e+00  1.2397010277e+01  1.2397010596e+01  1.2397010125e+01  1.9716859932e+01  1.9716859932e+01  1.9716859931e+01
    3.0100000000e+00  1.2141552798e+01  1.2141553117e+01  1.2141552646e+01  1.9913206779e+01  1.9913206780e+01  1.9913206778e+01
    3.0200000000e+00  1.1877102702e+01  1.1877103022e+01  1.1877102551e+01  2.0106325169e+01  2.0106325169e+01  2.0106325168e+01
    3.0300000000e+00  1.1602638012e+01  1.1602638332e+01  1.1602637861e+01  2.0295615377e+01  2.0295615378e+01  2.0295615376e+01
    3.0400000000e+00  1.1317170905e+01  1.1317171224e+01  1.1317170753e+01  2.0480119567e+01  2.0480119568e+01  2.0480119567e+01
    3.0500000000e+00  1.1019853535e+01  1.1019853855e+01  1.1019853384e+01  2.0658508713e+01  2.0658508714e+01  2.0658508713e+01
    3.0600000000e+00  1.0710098339e+01  1.0710098659e+01  1.0710098187e+01  2.0829105869e+01  2.0829105870e+01  2.0829105869e+01
    3.0700000000e+00  1.0387695353e+01  1.0387695673e+01  1.0387695202e+01  2.0989955890e+01  2.0989955891e+01  2.0989955890e+01
    3.0800000000e+00  1.0052903612e+01  1.0052903932e+01  1.0052903461e+01  2.1138940497e+01  2.1138940498e+01  2.1138940497e+01
    3.0900000000e+00  9.7064960670e+00  9.7064963870e+00  9.7064959160e+00  2.1273924425e+01  2.1273924426e+01  2.1273924425e+01
    3.1000000000e+00  9.3497476310e+00  9.3497479510e+00  9.3497474800e+00  2.1392908606e+01  2.1392908607e+01  2.1392908606e+01
    3.1100000000e+00  8.9843701970e+00  8.9843705170e+00  8.9843700460e+00  2.1494164229e+01  2.1494164230e+01  2.1494164229e+01
    3.1200000000e+00  8.6124113230e+00  8.6124116430e+00  8.6124111720e+00  2.1576328048e+01  2.1576328049e+01  2.1576328048e+01
    3.1300000000e+00  8.2361397430e+00  8.2361400630e+00  8.2361395910e+00  2.1638451773e+01  2.1638451774e+01  2.1638451773e+01
    3.1400000000e+00  7.8579388220e+00  7.8579391420e+00  7.8579386710e+00  2.1680011649e+01  2.1680011650e+01  2.1680011649e+01
    3.1500000000e+00  7.4802201430e+00  7.4802204640e+00  7.4802199920e+00  2.1700893026e+01  2.1700893027e+01  2.1700893026e+01
    3.1600000000e+00  7.1053580340e+00  7.1053583540e+00  7.1053578820e+00  2.1701366021e+01  2.1701366022e+01  2.1701366020e+01
    3.1700000000e+00  6.7356372360e+00  6.7356375560e+00  6.7356370840e+00  2.1682062792e+01  2.1682062793e+01  2.1682062792e+01
    3.1800000000e+00  6.3732032200e+00  6.3732035400e+00  6.3732030680e+00  2.1643958206e+01  2.1643958206e+01  2.1643958205e+01
    3.1900000000e+00  6.0200079950e+00  6.0200083160e+00  6.0200078440e+00  2.1588348181e+01  2.1588348182e+01  2.1588348181e+01
    3.2000000000e+00  5.6777510330e+00  5.6777513540e+00  5.6777508820e+00  2.1516816907e+01  2.1516816908e+01  2.1516816907e+01
    3.2100000000e+00  5.3478215900e+00  5.3478219110e+00  5.3478214380e+00  2.1431185988e+01  2.1431185989e+01  2.1431185988e+01
    3.2200000000e+00  5.0312525610e+00  5.0312528820e+00  5.0312524090e+00  2.1333444002e+01  2.1333444003e+01  2.1333444001e+01
    3.2300000000e+00  4.7286958420e+00  4.7286961630e+00  4.7286956900e+00  2.1225661445e+01  2.1225661445e+01  2.1225661444e+01
    3.2400000000e+00  4.4404252570e+00  4.4404255780e+00  4.4404251050e+00  2.1109901273e+01  2.1109901274e+01  2.1109901273e+01
    3.2500000000e+00  4.1663669220e+00  4.1663672430e+00  4.1663667700e+00  2.0988137353e+01  2.0988137354e+01  2.0988137353e+01
    3.2600000000e+00  3.9061505120e+00  3.9061508330e+00  3.9061503600e+00  2.0862191398e+01  2.0862191399e+01  2.0862191398e+01
    3.2700000000e+00  3.6591706790e+00  3.6591710000e+00  3.6591705270e+00  2.0733694028e+01  2.0733694029e+01  2.0733694027e+01
    3.2800000000e+00  3.4246470850e+00  3.4246474060e+00  3.4246469330e+00  2.0604069272e+01  2.0604069273e+01  2.0604069272e+01
    3.2900000000e+00  3.2016742530e+00  3.2016745740e+00  3.2016741010e+00  2.0474536532e+01  2.0474536533e+01  2.0474536531e+01
    3.3000000000e+00  2.9892572220e+00  2.9892575430e+00  2.9892570690e+00  2.0346121219e+01  2.0346121220e+01  2.0346121219e+01
    3.3100000000e+00  2.7863340370e+00  2.7863343580e+00  2.7863338850e+00  2.0219665495e+01  2.0219665496e+01  2.0219665494e+01
    3.3200000000e+00  2.5917900070e+00  2.5917903280e+00  2.5917898550e+00  2.0095833038e+01  2.0095833039e+01  2.0095833037e+01
    3.3300000000e+00  2.4044705610e+00  2.4044708820e+00  2.4044704090e+00  1.9975105688e+01  1.9975105689e+01  1.9975105688e+01
    3.3400000000e+00  2.2231992150e+00  2.2231995360e+00  2.2231990630e+00  1.9857773936e+01  1.9857773937e+01  1.9857773936e+01
    3.3500000000e+00  2.0468047150e+00  2.0468050360e+00  2.0468045620e+00  1.9743926557e+01  1.9743926558e+01  1.9743926557e+01
    3.3600000000e+00  1.8741574870e+00  1.8741578090e+00  1.8741573350e+00  1.9633446101e+01  1.9633446102e+01  1.9633446101e+01
    3.3700000000e+00  1.7042114980e+00  1.7042118190e+00  1.7042113460e+00  1.9526015785e+01  1.9526015786e+01  1.9526015785e+01
    3.3800000000e+00  1.5360450370e+00  1.5360453580e+00  1.5360448840e+00  1.9421139971e+01  1.9421139972e+01  1.9421139970e+01
    3.3900000000e+00  1.3688940900e+00  1.3688944110e+00  1.3688939370e+00  1.9318176152e+01  1.9318176153e+01  1.9318176151e+01
    3.4000000000e+00  1.2021747300e+00  1.2021750520e+00  1.2021745780e+00  1.9216373306e+01  1.9216373307e+01  1.9216373305e+01
    3.4100000000e+00  1.0354949830e+00  1.0354953040e+00  1.0354948300e+00  1.9114911059e+01  1.9114911060e+01  1.9114911059e+01
    3.4200000000e+00  8.6865963200e-01  8.6865995400e-01  8.6865948000e-01  1.9012936547e+01  1.9012936548e+01  1.9012936547e+01
    3.4300000000e+00  7.0167177700e-01  7.0167209900e-01  7.0167162500e-01  1.8909599642e+01  1.8909599643e+01  1.8909599642e+01
    3.4400000000e+00  5.3473224400e-01  5.3473256600e-01  5.3473209100e-01  1.8804090035e+01  1.8804090036e+01  1.8804090035e+01
    3.4500000000e+00  3.6823387900e-01  3.6823420100e-01  3.6823372600e-01  1.8695679538e+01  1.8695679539e+01  1.8695679538e+01
    3.4600000000e+00  2.0274465800e-01  2.0274498100e-01  2.0274450600e-01  1.8583769601e+01  1.8583769602e+01  1.8583769601e+01
    3.4700000000e+00  3.8973732000e-02  3.8974054000e-02  3.8973579000e-02  1.8467938947e+01  1.8467938948e+01  1.8467938947e+01
    3.4800000000e+00 -1.2228169900e-01 -1.2228137700e-01 -1.2228185200e-01  1.8347982132e+01  1.8347982133e+01  1.8347982132e+01
    3.4900000000e+00 -2.8020474400e-01 -2.8020442100e-01 -2.8020489600e-01  1.8223928958e+01  1.8223928959e+01  1.8223928957e+01
    3.5000000000e+00 -4.3403295600e-01 -4.3403263300e-01 -4.3403310800e-01  1.8096037736e+01  1.8096037737e+01  1.8096037736e+01
    3.5100000000e+00 -5.8312596000e-01 -5.8312563700e-01 -5.8312611200e-01  1.7964761204e+01  1.7964761205e+01  1.7964761204e+01
    3.5200000000e+00 -7.2701511700e-01 -7.2701479500e-01 -7.2701527000e-01  1.7830690238e+01  1.7830690239e+01  1.7830690238e+01
    3.5300000000e+00 -8.6542778500e-01 -8.6542746200e-01 -8.6542793800e-01  1.7694485290e+01  1.7694485291e+01  1.7694485290e+01
    3.5400000000e+00 -9.9828432700e-01 -9.9828400400e-01 -9.9828448000e-01  1.7556807460e+01  1.7556807461e+01  1.7556807460e+01
    3.5500000000e+00 -1.1256716470e+00 -1.1256713250e+00 -1.1256718000e+00  1.7418260060e+01  1.7418260061e+01  1.7418260059e+01
    3.5600000000e+00 -1.2478010780e+00 -1.2478007560e+00 -1.2478012310e+00  1.7279347999e+01  1.7279348000e+01  1.7279347998e+01
    3.5700000000e+00 -1.3649600600e+00 -1.3649597370e+00 -1.3649602130e+00  1.7140457553e+01  1.7140457554e+01  1.7140457552e+01
    3.5800000000e+00 -1.4774660110e+00 -1.4774656880e+00 -1.4774661640e+00  1.7001854623e+01  1.7001854624e+01  1.7001854623e+01
    3.5900000000e+00 -1.5856279250e+00 -1.5856276020e+00 -1.5856280780e+00  1.6863696774e+01  1.6863696775e+01  1.6863696773e+01
    3.6000000000e+00 -1.6897179970e+00 -1.6897176740e+00 -1.6897181500e+00  1.6726053709e+01  1.6726053710e+01  1.6726053708e+01
    3.6100000000e+00 -1.7899531990e+00 -1.7899528760e+00 -1.7899533520e+00  1.6588931784e+01  1.6588931785e+01  1.6588931783e+01
    3.6200000000e+00 -1.8864857600e+00 -1.8864854370e+00 -1.8864859130e+00  1.6452299605e+01  1.6452299606e+01  1.6452299604e+01
    3.6300000000e+00 -1.9794013760e+00 -1.9794010530e+00 -1.9794015290e+00  1.6316112733e+01  1.6316112734e+01  1.6316112733e+01
    3.6400000000e+00 -2.0687240450e+00 -2.0687237220e+00 -2.0687241980e+00  1.6180335947e+01  1.6180335948e+01  1.6180335947e+01
    3.6500000000e+00 -2.1544261900e+00 -2.1544258670e+00 -2.1544263430e+00  1.6044961744e+01  1.6044961745e+01  1.6044961744e+01
    3.6600000000e+00 -2.2364424560e+00 -2.2364421320e+00 -2.2364426090e+00  1.5910024238e+01  1.5910024239e+01  1.5910024237e+01
    3.6700000000e+00 -2.3146855530e+00 -2.3146852290e+00 -2.3146857060e+00  1.5775608303e+01  1.5775608304e+01  1.5775608302e+01
    3.6800000000e+00 -2.3890629560e+00 -2.3890626320e+00 -2.3890631090e+00  1.5641854323e+01  1.5641854324e+01  1.5641854322e+01
    3.6900000000e+00 -2.4594937910e+00 -2.4594934680e+00 -2.4594939450e+00  1.5508958956e+01  1.5508958957e+01  1.5508958955e+01
    3.7000000000e+00 -2.5259255100e+00 -2.5259251860e+00 -2.5259256630e+00  1.5377172027e+01  1.5377172028e+01  1.5377172027e+01
    3.7100000000e+00 -2.5883497180e+00 -2.5883493940e+00 -2.5883498710e+00  1.5246789376e+01  1.5246789378e+01  1.5246789376e+01
    3.7200000000e+00 -2.6468161540e+00 -2.6468158300e+00 -2.6468163070e+00  1.5118141614e+01  1.5118141615e+01  1.5118141614e+01
    3.7300000000e+00 -2.7014435740e+00 -2.7014432500e+00 -2.7014437270e+00  1.4991579264e+01  1.4991579265e+01  1.4991579263e+01
    3.7400000000e+00 -2.7524266090e+00 -2.7524262850e+00 -2.7524267620e+00  1.4867455324e+01  1.4867455325e+01  1.4867455323e+01
    3.7500000000e+00 -2.8000382350e+00 -2.8000379110e+00 -2.8000383890e+00  1.4746106514e+01  1.4746106516e+01  1.4746106514e+01
    3.7600000000e+00 -2.8446280270e+00 -2.8446277030e+00 -2.8446281800e+00  1.4627834217e+01  1.4627834218e+01  1.4627834216e+01
    3.7700000000e+00 -2.8866164200e+00 -2.8866160950e+00 -2.8866165730e+00  1.4512885634e+01  1.4512885635e+01  1.4512885633e+01
    3.7800000000e+00 -2.9264848700e+00 -2.9264845460e+00 -2.9264850230e+00  1.4401435502e+01  1.4401435503e+01  1.4401435501e+01
    3.7900000000e+00 -2.9647613820e+00 -2.9647610580e+00 -2.9647615360e+00  1.4293568968e+01  1.4293568969e+01  1.4293568967e+01
    3.8000000000e+00 -3.0020008790e+00 -3.0020005550e+00 -3.0020010330e+00  1.4189266941e+01  1.4189266942e+01  1.4189266941e+01
    3.8100000000e+00 -3.0387604840e+00 -3.0387601600e+00 -3.0387606380e+00  1.4088395876e+01  1.4088395877e+01  1.4088395875e+01
    3.8200000000e+00 -3.0755708190e+00 -3.0755704940e+00 -3.0755709720e+00  1.3990704087e+01  1.3990704088e+01  1.3990704086e+01
    3.8300000000e+00 -3.1129053890e+00 -3.1129050640e+00 -3.1129055430e+00  1.3895826256e+01  1.3895826257e+01  1.3895826255e+01
    3.8400000000e+00 -3.1511507710e+00 -3.1511504460e+00 -3.1511509250e+00  1.3803296876e+01  1.3803296878e+01  1.3803296876e+01
    3.8500000000e+00 -3.1905804600e+00 -3.1905801350e+00 -3.1905806140e+00  1.3712572392e+01  1.3712572393e+01  1.3712572391e+01
    3.8600000000e+00 -3.2313350780e+00 -3.2313347540e+00 -3.2313352320e+00  1.3623060850e+01  1.3623060851e+01  1.3623060849e+01
    3.8700000000e+00 -3.2734112310e+00 -3.2734109060e+00 -3.2734113850e+00  1.3534157082e+01  1.3534157083e+01  1.3534157081e+01
    3.8800000000e+00 -3.3166606830e+00 -3.3166603590e+00 -3.3166608370e+00  1.3445280664e+01  1.3445280665e+01  1.3445280664e+01
    3.8900000000e+00 -3.3608006100e+00 -3.3608002850e+00 -3.3608007640e+00  1.3355913346e+01  1.3355913347e+01  1.3355913345e+01
    3.9000000000e+00 -3.4054344690e+00 -3.4054341440e+00 -3.4054346230e+00  1.3265632366e+01  1.3265632367e+01  1.3265632365e+01
    3.9100000000e+00 -3.4500817660e+00 -3.4500814410e+00 -3.4500819200e+00  1.3174136384e+01  1.3174136386e+01  1.3174136384e+01
    3.9200000000e+00 -3.4942138950e+00 -3.4942135690e+00 -3.4942140490e+00  1.3081261544e+01  1.3081261545e+01  1.3081261544e+01
    3.9300000000e+00 -3.5372925570e+00 -3.5372922320e+00 -3.5372927110e+00  1.2986986332e+01  1.2986986333e+01  1.2986986331e+01
    3.9400000000e+00 -3.5788071280e+00 -3.5788068020e+00 -3.5788072820e+00  1.2891425207e+01  1.2891425208e+01  1.2891425207e+01
    3.9500000000e+00 -3.6183075830e+00 -3.6183072580e+00 -3.6183077370e+00  1.2794812126e+01  1.2794812128e+01  1.2794812126e+01
    3.9600000000e+00 -3.6554302770e+00 -3.6554299520e+00 -3.6554304320e+00  1.2697476073e+01  1.2697476074e+01  1.2697476072e+01
    3.9700000000e+00 -3.6899146860e+00 -3.6899143600e+00 -3.6899148400e+00  1.2599811391e+01  1.2599811392e+01  1.2599811391e+01
    3.9800000000e+00 -3.7216102550e+00 -3.7216099300e+00 -3.7216104100e+00  1.2502246115e+01  1.2502246117e+01  1.2502246115e+01
    3.9900000000e+00 -3.7504735830e+00 -3.7504732570e+00 -3.7504737370e+00  1.2405211550e+01  1.2405211551e+01  1.2405211550e+01
    4.0000000000e+00 -3.7765572070e+00 -3.7765568810e+00 -3.7765573610e+00  1.2309116095e+01  1.2309116096e+01  1.2309116094e+01
    4.0100000000e+00 -3.7999922750e+00 -3.7999919490e+00 -3.7999924290e+00  1.2214325651e+01  1.2214325652e+01  1.2214325650e+01
    4.0200000000e+00 -3.8209680600e+00 -3.8209677340e+00 -3.8209682150e+00  1.2121151948e+01  1.2121151949e+01  1.2121151947e+01
    4.0300000000e+00 -3.8397115600e+00 -3.8397112340e+00 -3.8397117150e+00  1.2029848825e+01  1.2029848826e+01  1.2029848824e+01
    4.0400000000e+00 -3.8564700630e+00 -3.8564697370e+00 -3.8564702170e+00  1.1940615157e+01  1.1940615158e+01  1.1940615156e+01
    4.0500000000e+00 -3.8714985860e+00 -3.8714982600e+00 -3.8714987410e+00  1.1853602084e+01  1.1853602085e+01  1.1853602084e+01
    4.0600000000e+00 -3.8850527580e+00 -3.8850524320e+00 -3.8850529120e+00  1.1768921773e+01  1.1768921775e+01  1.1768921773e+01
    4.0700000000e+00 -3.8973863520e+00 -3.8973860260e+00 -3.8973865070e+00  1.1686655268e+01  1.1686655269e+01  1.1686655268e+01
    4.0800000000e+00 -3.9087518420e+00 -3.9087515150e+00 -3.9087519960e+00  1.1606857921e+01  1.1606857922e+01  1.1606857921e+01
    4.0900000000e+00 -3.9194021110e+00 -3.9194017840e+00 -3.9194022650e+00  1.1529562037e+01  1.1529562039e+01  1.1529562037e+01
    4.1000000000e+00 -3.9295919050e+00 -3.9295915790e+00 -3.9295920600e+00  1.1454777266e+01  1.1454777267e+01  1.1454777265e+01
    4.1100000000e+00 -3.9395783670e+00 -3.9395780400e+00 -3.9395785220e+00  1.1382489691e+01  1.1382489693e+01  1.1382489691e+01
    4.1200000000e+00 -3.9496206930e+00 -3.9496203660e+00 -3.9496208480e+00  1.1312660446e+01  1.1312660448e+01  1.1312660446e+01
    4.1300000000e+00 -3.9599793470e+00 -3.9599790200e+00 -3.9599795010e+00  1.1245224151e+01  1.1245224152e+01  1.1245224151e+01
    4.1400000000e+00 -3.9709151430e+00 -3.9709148170e+00 -3.9709152980e+00  1.1180086953e+01  1.1180086955e+01  1.1180086953e+01
    4.1500000000e+00 -3.9826880580e+00 -3.9826877310e+00 -3.9826882130e+00  1.1117123610e+01  1.1117123611e+01  1.1117123609e+01
    4.1600000000e+00 -3.9955549420e+00 -3.9955546150e+00 -3.9955550970e+00  1.1056173209e+01  1.1056173210e+01  1.1056173209e+01
    4.1700000000e+00 -4.0097649220e+00 -4.0097645950e+00 -4.0097650770e+00  1.0997033802e+01  1.0997033803e+01  1.0997033801e+01
    4.1800000000e+00 -4.0255513210e+00 -4.0255509930e+00 -4.0255514760e+00  1.0939457131e+01  1.0939457132e+01  1.0939457130e+01
    4.1900000000e+00 -4.0431197630e+00 -4.0431194360e+00 -4.0431199180e+00  1.0883145471e+01  1.0883145472e+01  1.0883145470e+01
    4.2000000000e+00 -4.0626333400e+00 -4.0626330120e+00 -4.0626334950e+00  1.0827752776e+01  1.0827752777e+01  1.0827752775e+01
    4.2100000000e+00 -4.0841969750e+00 -4.0841966470e+00 -4.0841971300e+00  1.0772891709e+01  1.0772891710e+01  1.0772891709e+01
    4.2200000000e+00 -4.1078438290e+00 -4.1078435020e+00 -4.1078439850e+00  1.0718146828e+01  1.0718146829e+01  1.0718146827e+01
    4.2300000000e+00 -4.1335264340e+00 -4.1335261060e+00 -4.1335265890e+00  1.0663092699e+01  1.0663092700e+01  1.0663092698e+01
    4.2400000000e+00 -4.1611142980e+00 -4.1611139700e+00 -4.1611144530e+00  1.0607314535e+01  1.0607314536e+01  1.0607314535e+01
    4.2500000000e+00 -4.1903983770e+00 -4.1903980500e+00 -4.1903985330e+00  1.0550428478e+01  1.0550428479e+01  1.0550428478e+01
    4.2600000000e+00 -4.2211014300e+00 -4.2211011020e+00 -4.2211015850e+00  1.0492098906e+01  1.0492098907e+01  1.0492098905e+01
    4.2700000000e+00 -4.2528923100e+00 -4.2528919820e+00 -4.2528924650e+00  1.0432051019e+01  1.0432051020e+01  1.0432051018e+01
    4.2800000000e+00 -4.2854018650e+00 -4.2854015370e+00 -4.2854020210e+00  1.0370078087e+01  1.0370078088e+01  1.0370078086e+01
    4.2900000000e+00 -4.3182382720e+00 -4.3182379440e+00 -4.3182384270e+00  1.0306043877e+01  1.0306043879e+01  1.0306043877e+01
    4.3000000000e+00 -4.3510003680e+00 -4.3510000390e+00 -4.3510005230e+00  1.0239881613e+01  1.0239881614e+01  1.0239881613e+01
    4.3100000000e+00 -4.3832885270e+00 -4.3832881990e+00 -4.3832886830e+00  1.0171591114e+01  1.0171591115e+01  1.0171591113e+01
    4.3200000000e+00 -4.4147135450e+00 -4.4147132160e+00 -4.4147137000e+00  1.0101235471e+01  1.0101235472e+01  1.0101235470e+01
    4.3300000000e+00 -4.4449044740e+00 -4.4449041450e+00 -4.4449046290e+00  1.0028937871e+01  1.0028937872e+01  1.0028937870e+01
    4.3400000000e+00 -4.4735162780e+00 -4.4735159500e+00 -4.4735164340e+00  9.9548784190e+00  9.9548784210e+00  9.9548784190e+00
    4.3500000000e+00 -4.5002376340e+00 -4.5002373050e+00 -4.5002377900e+00  9.8792904300e+00  9.8792904310e+00  9.8792904290e+00
    4.3600000000e+00 -4.5247987410e+00 -4.5247984120e+00 -4.5247988960e+00  9.8024557320e+00  9.8024557330e+00  9.8024557310e+00
    4.3700000000e+00 -4.5469788780e+00 -4.5469785500e+00 -4.5469790340e+00  9.7246989150e+00  9.7246989160e+00  9.7246989140e+00
    4.3800000000e+00 -4.5666136840e+00 -4.5666133550e+00 -4.5666138400e+00  9.6463805370e+00  9.6463805380e+00  9.6463805360e+00
    4.3900000000e+00 -4.5836023400e+00 -4.5836020110e+00 -4.5836024960e+00  9.5678890960e+00  9.5678890970e+00  9.5678890950e+00
    4.4000000000e+00 -4.5979146480e+00 -4.5979143190e+00 -4.5979148040e+00  9.4896310340e+00  9.4896310360e+00  9.4896310340e+00
    4.4100000000e+00 -4.6095972200e+00 -4.6095968910e+00 -4.6095973760e+00  9.4120178680e+00  9.4120178690e+00  9.4120178680e+00
    4.4200000000e+00 -4.6187771350e+00 -4.6187768050e+00 -4.6187772910e+00  9.3354500130e+00  9.3354500150e+00  9.3354500130e+00
    4.4300000000e+00 -4.6256610080e+00 -4.6256606780e+00 -4.6256611640e+00  9.2602980830e+00  9.2602980850e+00  9.2602980830e+00
    4.4400000000e+00 -4.6305280000e+00 -4.6305276700e+00 -4.6305281560e+00  9.1868837570e+00  9.1868837590e+00  9.1868837570e+00
    4.4500000000e+00 -4.6337166650e+00 -4.6337163360e+00 -4.6337168210e+00  9.1154630660e+00  9.1154630670e+00  9.1154630650e+00
    4.4600000000e+00 -4.6356071980e+00 -4.6356068690e+00 -4.6356073550e+00  9.0462146130e+00  9.0462146140e+00  9.0462146120e+00
    4.4700000000e+00 -4.6366017110e+00 -4.6366013820e+00 -4.6366018670e+00  8.9792339740e+00  8.9792339750e+00  8.9792339730e+00
    4.4800000000e+00 -4.6371051930e+00 -4.6371048630e+00 -4.6371053490e+00  8.9145338880e+00  8.9145338900e+00  8.9145338880e+00
    4.4900000000e+00 -4.6375089080e+00 -4.6375085780e+00 -4.6375090640e+00  8.8520487040e+00  8.8520487050e+00  8.8520487030e+00
    4.5000000000e+00 -4.6381766740e+00 -4.6381763440e+00 -4.6381768300e+00  8.7916412270e+00  8.7916412280e+00  8.7916412260e+00
    4.5100000000e+00 -4.6394334500e+00 -4.6394331200e+00 -4.6394336060e+00  8.7331107220e+00  8.7331107240e+00  8.7331107220e+00
    4.5200000000e+00 -4.6415553970e+00 -4.6415550670e+00 -4.6415555530e+00  8.6762017080e+00  8.6762017090e+00  8.6762017070e+00
    4.5300000000e+00 -4.6447609130e+00 -4.6447605830e+00 -4.6447610700e+00  8.6206139440e+00  8.6206139450e+00  8.6206139430e+00
    4.5400000000e+00 -4.6492028870e+00 -4.6492025570e+00 -4.6492030430e+00  8.5660142340e+00  8.5660142350e+00  8.5660142330e+00
    4.5500000000e+00 -4.6549630070e+00 -4.6549626770e+00 -4.6549631640e+00  8.5120503270e+00  8.5120503280e+00  8.5120503260e+00
    4.5600000000e+00 -4.6620492260e+00 -4.6620488960e+00 -4.6620493830e+00  8.4583665750e+00  8.4583665760e+00  8.4583665750e+00
    4.5700000000e+00 -4.6703972750e+00 -4.6703969450e+00 -4.6703974320e+00  8.4046203220e+00  8.4046203240e+00  8.4046203220e+00
    4.5800000000e+00 -4.6798765750e+00 -4.6798762450e+00 -4.6798767320e+00  8.3504975510e+00  8.3504975520e+00  8.3504975500e+00
    4.5900000000e+00 -4.6903001430e+00 -4.6902998120e+00 -4.6903002990e+00  8.2957262150e+00  8.2957262170e+00  8.2957262150e+00
    4.6000000000e+00 -4.7014374190e+00 -4.7014370880e+00 -4.7014375760e+00  8.2400860240e+00  8.2400860260e+00  8.2400860240e+00
    4.6100000000e+00 -4.7130285380e+00 -4.7130282070e+00 -4.7130286950e+00  8.1834140290e+00  8.1834140310e+00  8.1834140290e+00
    4.6200000000e+00 -4.7247985140e+00 -4.7247981830e+00 -4.7247986700e+00  8.1256061000e+00  8.1256061010e+00  8.1256060990e+00
    4.6300000000e+00 -4.7364701400e+00 -4.7364698090e+00 -4.7364702970e+00  8.0666149370e+00  8.0666149390e+00  8.0666149370e+00
    4.6400000000e+00 -4.7477749110e+00 -4.7477745800e+00 -4.7477750680e+00  8.0064455610e+00  8.0064455620e+00  8.0064455600e+00
    4.6500000000e+00 -4.7584617450e+00 -4.7584614140e+00 -4.7584619020e+00  7.9451491740e+00  7.9451491760e+00  7.9451491740e+00
    4.6600000000e+00 -4.7683035920e+00 -4.7683032610e+00 -4.7683037490e+00  7.8828160770e+00  7.8828160780e+00  7.8828160760e+00
    4.6700000000e+00 -4.7771020110e+00 -4.7771016790e+00 -4.7771021680e+00  7.8195680530e+00  7.8195680540e+00  7.8195680520e+00
    4.6800000000e+00 -4.7846897370e+00 -4.7846894050e+00 -4.7846898940e+00  7.7555506410e+00  7.7555506420e+00  7.7555506400e+00
    4.6900000000e+00 -4.7909312590e+00 -4.7909309280e+00 -4.7909314160e+00  7.6909258310e+00  7.6909258330e+00  7.6909258310e+00
    4.7000000000e+00 -4.7957217320e+00 -4.7957214000e+00 -4.7957218890e+00  7.6258658780e+00  7.6258658790e+00  7.6258658770e+00
    4.7100000000e+00 -4.7989849950e+00 -4.7989846630e+00 -4.7989851520e+00  7.5605487240e+00  7.5605487250e+00  7.5605487230e+00
    4.7200000000e+00 -4.8006717270e+00 -4.8006713950e+00 -4.8006718840e+00  7.4951549640e+00  7.4951549660e+00  7.4951549640e+00
    4.7300000000e+00 -4.8007584850e+00 -4.8007581530e+00 -4.8007586420e+00  7.4298655660e+00  7.4298655670e+00  7.4298655650e+00
    4.7400000000e+00 -4.7992475910e+00 -4.7992472590e+00 -4.7992477480e+00  7.3648592290e+00  7.3648592310e+00  7.3648592290e+00
    4.7500000000e+00 -4.7961670000e+00 -4.7961666680e+00 -4.7961671580e+00  7.3003086540e+00  7.3003086560e+00  7.3003086540e+00
    4.7600000000e+00 -4.7915689120e+00 -4.7915685790e+00 -4.7915690690e+00  7.2363758790e+00  7.2363758800e+00  7.2363758780e+00
    4.7700000000e+00 -4.7855263870e+00 -4.7855260540e+00 -4.7855265440e+00  7.1732078240e+00  7.1732078250e+00  7.1732078230e+00
    4.7800000000e+00 -4.7781282590e+00 -4.7781279260e+00 -4.7781284160e+00  7.1109334830e+00  7.1109334840e+00  7.1109334820e+00
    4.7900000000e+00 -4.7694736560e+00 -4.7694733240e+00 -4.7694738140e+00  7.0496636860e+00  7.0496636870e+00  7.0496636850e+00
    4.8000000000e+00 -4.7596678480e+00 -4.7596675150e+00 -4.7596680050e+00  6.9894932210e+00  6.9894932230e+00  6.9894932200e+00
    4.8100000000e+00 -4.7488205900e+00 -4.7488202580e+00 -4.7488207480e+00  6.9305039600e+00  6.9305039620e+00  6.9305039600e+00
    4.8200000000e+00 -4.7370470160e+00 -4.7370466830e+00 -4.7370471740e+00  6.8727671460e+00  6.8727671470e+00  6.8727671450e+00
    4.8300000000e+00 -4.7244698520e+00 -4.7244695190e+00 -4.7244700090e+00  6.8163433800e+00  6.8163433810e+00  6.8163433790e+00
    4.8400000000e+00 -4.7112211090e+00 -4.7112207760e+00 -4.7112212670e+00  6.7612799670e+00  6.7612799680e+00  6.7612799660e+00
    4.8500000000e+00 -4.6974415760e+00 -4.6974412430e+00 -4.6974417330e+00  6.7076065310e+00  6.7076065330e+00  6.7076065310e+00
    4.8600000000e+00 -4.6832773990e+00 -4.6832770650e+00 -4.6832775560e+00  6.6553306520e+00  6.6553306530e+00  6.6553306510e+00
    4.8700000000e+00 -4.6688742660e+00 -4.6688739330e+00 -4.6688744240e+00  6.6044352950e+00  6.6044352960e+00  6.6044352940e+00
    4.8800000000e+00 -4.6543706320e+00 -4.6543702980e+00 -4.6543707900e+00  6.5548791170e+00  6.5548791180e+00  6.5548791160e+00
    4.8900000000e+00 -4.6398916750e+00 -4.6398913420e+00 -4.6398918330e+00  6.5065996350e+00  6.5065996360e+00  6.5065996340e+00
    4.9000000000e+00 -4.6255453150e+00 -4.6255449820e+00 -4.6255454730e+00  6.4595183460e+00  6.4595183480e+00  6.4595183460e+00
    4.9100000000e+00 -4.6114207720e+00 -4.6114204390e+00 -4.6114209300e+00  6.4135464120e+00  6.4135464130e+00  6.4135464110e+00
    4.9200000000e+00 -4.5975893570e+00 -4.5975890230e+00 -4.5975895150e+00  6.3685896000e+00  6.3685896020e+00  6.3685896000e+00
    4.9300000000e+00 -4.5841066030e+00 -4.5841062690e+00 -4.5841067610e+00  6.3245516810e+00  6.3245516820e+00  6.3245516800e+00
    4.9400000000e+00 -4.5710146940e+00 -4.5710143600e+00 -4.5710148520e+00  6.2813360840e+00  6.2813360860e+00  6.2813360840e+00
    4.9500000000e+00 -4.5583443240e+00 -4.5583439900e+00 -4.5583444820e+00  6.2388462070e+00  6.2388462090e+00  6.2388462060e+00
    4.9600000000e+00 -4.5461155600e+00 -4.5461152260e+00 -4.5461157180e+00  6.1969850130e+00  6.1969850150e+00  6.1969850130e+00
    4.9700000000e+00 -4.5343376660e+00 -4.5343373320e+00 -4.5343378250e+00  6.1556545810e+00  6.1556545830e+00  6.1556545810e+00
    4.9800000000e+00 -4.5230081090e+00 -4.5230077750e+00 -4.5230082670e+00  6.1147560560e+00  6.1147560570e+00  6.1147560550e+00
    4.9900000000e+00 -4.5121109990e+00 -4.5121106640e+00 -4.5121111570e+00  6.0741902960e+00  6.0741902980e+00  6.0741902960e+00
    5.0000000000e+00 -4.5016152560e+00 -4.5016149220e+00 -4.5016154150e+00  6.0338594520e+00  6.0338594540e+00  6.0338594520e+00
    5.0100000000e+00 -4.4914728590e+00 -4.4914725240e+00 -4.4914730170e+00  5.9936696890e+00  5.9936696900e+00  5.9936696880e+00
    5.0200000000e+00 -4.4816177500e+00 -4.4816174150e+00 -4.4816179080e+00  5.9535351990e+00  5.9535352000e+00  5.9535351980e+00
    5.0300000000e+00 -4.4719661850e+00 -4.4719658500e+00 -4.4719663430e+00  5.9133833000e+00  5.9133833010e+00  5.9133832990e+00
    5.0400000000e+00 -4.4624191920e+00 -4.4624188570e+00 -4.4624193500e+00  5.8731599150e+00  5.8731599170e+00  5.8731599140e+00
    5.0500000000e+00 -4.4528674020e+00 -4.4528670670e+00 -4.4528675610e+00  5.8328342850e+00  5.8328342860e+00  5.8328342840e+00
    5.0600000000e+00 -4.4431977640e+00 -4.4431974290e+00 -4.4431979230e+00  5.7924016790e+00  5.7924016810e+00  5.7924016780e+00
    5.0700000000e+00 -4.4333009350e+00 -4.4333006000e+00 -4.4333010940e+00  5.7518832830e+00  5.7518832850e+00  5.7518832830e+00
    5.0800000000e+00 -4.4230778390e+00 -4.4230775030e+00 -4.4230779970e+00  5.7113232640e+00  5.7113232650e+00  5.7113232630e+00
    5.0900000000e+00 -4.4124440980e+00 -4.4124437630e+00 -4.4124442570e+00  5.6707839150e+00  5.6707839170e+00  5.6707839140e+00
    5.1000000000e+00 -4.4013318600e+00 -4.4013315240e+00 -4.4013320190e+00  5.6303403660e+00  5.6303403670e+00  5.6303403650e+00
    5.1100000000e+00 -4.3896894810e+00 -4.3896891460e+00 -4.3896896400e+00  5.5900762670e+00  5.5900762690e+00  5.5900762660e+00
    5.1200000000e+00 -4.3774802700e+00 -4.3774799350e+00 -4.3774804290e+00  5.5500812710e+00  5.5500812720e+00  5.5500812700e+00
    5.1300000000e+00 -4.3646816390e+00 -4.3646813030e+00 -4.3646817980e+00  5.5104501820e+00  5.5104501840e+00  5.5104501810e+00
    5.1400000000e+00 -4.3512855900e+00 -4.3512852540e+00 -4.3512857490e+00  5.4712829030e+00  5.4712829040e+00  5.4712829020e+00
    5.1500000000e+00 -4.3373007090e+00 -4.3373003730e+00 -4.3373008680e+00  5.4326839430e+00  5.4326839450e+00  5.4326839430e+00
    5.1600000000e+00 -4.3227550490e+00 -4.3227547130e+00 -4.3227552080e+00  5.3947604780e+00  5.3947604800e+00  5.3947604780e+00
    5.1700000000e+00 -4.3076988280e+00 -4.3076984920e+00 -4.3076989870e+00  5.3576184920e+00  5.3576184940e+00  5.3576184910e+00
    5.1800000000e+00 -4.2922058240e+00 -4.2922054880e+00 -4.2922059830e+00  5.3213572460e+00  5.3213572480e+00  5.3213572450e+00
    5.1900000000e+00 -4.2763726360e+00 -4.2763723000e+00 -4.2763727950e+00  5.2860628790e+00  5.2860628810e+00  5.2860628780e+00
    5.2000000000e+00 -4.2603155610e+00 -4.2603152240e+00 -4.2603157200e+00  5.2518022380e+00  5.2518022400e+00  5.2518022380e+00
    5.2100000000e+00 -4.2441653930e+00 -4.2441650570e+00 -4.2441655530e+00  5.2186180080e+00  5.2186180090e+00  5.2186180070e+00
    5.2200000000e+00 -4.2280609600e+00 -4.2280606230e+00 -4.2280611190e+00  5.1865258910e+00  5.1865258930e+00  5.1865258900e+00
    5.2300000000e+00 -4.2121424210e+00 -4.2121420840e+00 -4.2121425810e+00  5.1555140850e+00  5.1555140870e+00  5.1555140840e+00
    5.2400000000e+00 -4.1965453350e+00 -4.1965449980e+00 -4.1965454940e+00  5.1255447130e+00  5.1255447150e+00  5.1255447120e+00
    5.2500000000e+00 -4.1813960630e+00 -4.1813957260e+00 -4.1813962230e+00  5.0965564470e+00  5.0965564480e+00  5.0965564460e+00
    5.2600000000e+00 -4.1668085660e+00 -4.1668082290e+00 -4.1668087260e+00  5.0684674260e+00  5.0684674270e+00  5.0684674250e+00
    5.2700000000e+00 -4.1528820940e+00 -4.1528817570e+00 -4.1528822540e+00  5.0411778360e+00  5.0411778380e+00  5.0411778360e+00
    5.2800000000e+00 -4.1396990910e+00 -4.1396987530e+00 -4.1396992500e+00  5.0145720220e+00  5.0145720240e+00  5.0145720210e+00
    5.2900000000e+00 -4.1273227930e+00 -4.1273224560e+00 -4.1273229530e+00  4.9885204780e+00  4.9885204800e+00  4.9885204770e+00
    5.3000000000e+00 -4.1157944460e+00 -4.1157941090e+00 -4.1157946060e+00  4.9628823000e+00  4.9628823010e+00  4.9628822990e+00
    5.3100000000e+00 -4.1051304240e+00 -4.1051300860e+00 -4.1051305840e+00  4.9375085120e+00  4.9375085130e+00  4.9375085110e+00
    5.3200000000e+00 -4.0953197200e+00 -4.0953193820e+00 -4.0953198800e+00  4.9122464050e+00  4.9122464070e+00  4.9122464040e+00
    5.3300000000e+00 -4.0863221640e+00 -4.0863218260e+00 -4.0863223240e+00  4.8869447790e+00  4.8869447800e+00  4.8869447780e+00
    5.3400000000e+00 -4.0780675760e+00 -4.0780672380e+00 -4.0780677370e+00  4.8614599440e+00  4.8614599460e+00  4.8614599440e+00
    5.3500000000e+00 -4.0704560800e+00 -4.0704557420e+00 -4.0704562400e+00  4.8356624580e+00  4.8356624600e+00  4.8356624570e+00
    5.3600000000e+00 -4.0633599620e+00 -4.0633596240e+00 -4.0633601220e+00  4.8094445360e+00  4.8094445370e+00  4.8094445350e+00
    5.3700000000e+00 -4.0566277230e+00 -4.0566273850e+00 -4.0566278840e+00  4.7827278700e+00  4.7827278720e+00  4.7827278700e+00
    5.3800000000e+00 -4.0500909300e+00 -4.0500905920e+00 -4.0500910910e+00  4.7554710640e+00  4.7554710660e+00  4.7554710630e+00
    5.3900000000e+00 -4.0435741220e+00 -4.0435737830e+00 -4.0435742820e+00  4.7276753990e+00  4.7276754000e+00  4.7276753980e+00
    5.4000000000e+00 -4.0369072850e+00 -4.0369069460e+00 -4.0369074450e+00  4.6993874230e+00  4.6993874240e+00  4.6993874220e+00
    5.4100000000e+00 -4.0299395700e+00 -4.0299392310e+00 -4.0299397310e+00  4.6706970740e+00  4.6706970760e+00  4.6706970740e+00
    5.4200000000e+00 -4.0225522780e+00 -4.0225519390e+00 -4.0225524380e+00  4.6417307920e+00  4.6417307940e+00  4.6417307920e+00
    5.4300000000e+00 -4.0146689590e+00 -4.0146686200e+00 -4.0146691190e+00  4.6126400720e+00  4.6126400730e+00  4.6126400710e+00
    5.4400000000e+00 -4.0062608770e+00 -4.0062605380e+00 -4.0062610380e+00  4.5835869530e+00  4.5835869540e+00  4.5835869520e+00
    5.4500000000e+00 -3.9973469410e+00 -3.9973466020e+00 -3.9973471020e+00  4.5547285920e+00  4.5547285930e+00  4.5547285910e+00
    5.4600000000e+00 -3.9879883070e+00 -3.9879879680e+00 -3.9879884680e+00  4.5262032110e+00  4.5262032130e+00  4.5262032110e+00
    5.4700000000e+00 -3.9782788280e+00 -3.9782784890e+00 -3.9782789890e+00  4.4981193050e+00  4.4981193060e+00  4.4981193040e+00
    5.4800000000e+00 -3.9683331130e+00 -3.9683327730e+00 -3.9683332730e+00  4.4705491660e+00  4.4705491680e+00  4.4705491650e+00
    5.4900000000e+00 -3.9582740490e+00 -3.9582737090e+00 -3.9582742090e+00  4.4435269270e+00  4.4435269290e+00  4.4435269270e+00
    5.5000000000e+00 -3.9482213470e+00 -3.9482210070e+00 -3.9482215080e+00  4.4170505630e+00  4.4170505640e+00  4.4170505620e+00
    5.5100000000e+00 -3.9382821440e+00 -3.9382818040e+00 -3.9382823050e+00  4.3910869370e+00  4.3910869390e+00  4.3910869360e+00
    5.5200000000e+00 -3.9285442460e+00 -3.9285439060e+00 -3.9285444070e+00  4.3655788580e+00  4.3655788600e+00  4.3655788570e+00
    5.5300000000e+00 -3.9190722260e+00 -3.9190718860e+00 -3.9190723870e+00  4.3404531270e+00  4.3404531280e+00  4.3404531260e+00
    5.5400000000e+00 -3.9099063690e+00 -3.9099060280e+00 -3.9099065300e+00  4.3156286480e+00  4.3156286500e+00  4.3156286470e+00
    5.5500000000e+00 -3.9010641600e+00 -3.9010638200e+00 -3.9010643210e+00  4.2910236880e+00  4.2910236900e+00  4.2910236870e+00
    5.5600000000e+00 -3.8925437800e+00 -3.8925434390e+00 -3.8925439410e+00  4.2665614810e+00  4.2665614830e+00  4.2665614800e+00
    5.5700000000e+00 -3.8843286830e+00 -3.8843283420e+00 -3.8843288440e+00  4.2421736220e+00  4.2421736240e+00  4.2421736210e+00
    5.5800000000e+00 -3.8763921800e+00 -3.8763918390e+00 -3.8763923410e+00  4.2178011300e+00  4.2178011320e+00  4.2178011290e+00
    5.5900000000e+00 -3.8687009480e+00 -3.8687006070e+00 -3.8687011090e+00  4.1933936270e+00  4.1933936290e+00  4.1933936260e+00
    5.6000000000e+00 -3.8612167810e+00 -3.8612164400e+00 -3.8612169420e+00  4.1689075710e+00  4.1689075730e+00  4.1689075700e+00
    5.6100000000e+00 -3.8538964850e+00 -3.8538961440e+00 -3.8538966460e+00  4.1443047210e+00  4.1443047220e+00  4.1443047200e+00
    5.6200000000e+00 -3.8466904920e+00 -3.8466901510e+00 -3.8466906540e+00  4.1195518570e+00  4.1195518590e+00  4.1195518570e+00
    5.6300000000e+00 -3.8395412150e+00 -3.8395408730e+00 -3.8395413760e+00  4.0946223090e+00  4.0946223100e+00  4.0946223080e+00
    5.6400000000e+00 -3.8323822970e+00 -3.8323819560e+00 -3.8323824590e+00  4.0694991710e+00  4.0694991730e+00  4.0694991710e+00
    5.6500000000e+00 -3.8251396880e+00 -3.8251393460e+00 -3.8251398500e+00  4.0441795520e+00  4.0441795540e+00  4.0441795510e+00
    5.6600000000e+00 -3.8177349800e+00 -3.8177346380e+00 -3.8177351420e+00  4.0186787480e+00  4.0186787500e+00  4.0186787470e+00
    5.6700000000e+00 -3.8100908980e+00 -3.8100905560e+00 -3.8100910590e+00  3.9930332260e+00  3.9930332280e+00  3.9930332250e+00
    5.6800000000e+00 -3.8021382780e+00 -3.8021379360e+00 -3.8021384400e+00  3.9673013920e+00  3.9673013940e+00  3.9673013920e+00
    5.6900000000e+00 -3.7938234970e+00 -3.7938231550e+00 -3.7938236590e+00  3.9415615650e+00  3.9415615660e+00  3.9415615640e+00
    5.7000000000e+00 -3.7851150980e+00 -3.7851147560e+00 -3.7851152600e+00  3.9159070230e+00  3.9159070250e+00  3.9159070220e+00
    5.7100000000e+00 -3.7760083850e+00 -3.7760080420e+00 -3.7760085470e+00  3.8904386120e+00  3.8904386140e+00  3.8904386110e+00
    5.7200000000e+00 -3.7665270450e+00 -3.7665267020e+00 -3.7665272070e+00  3.8652558630e+00  3.8652558640e+00  3.8652558620e+00
    5.7300000000e+00 -3.7567213350e+00 -3.7567209920e+00 -3.7567214970e+00  3.8404480020e+00  3.8404480040e+00  3.8404480010e+00
    5.7400000000e+00 -3.7466630480e+00 -3.7466627050e+00 -3.7466632100e+00  3.8160863170e+00  3.8160863190e+00  3.8160863160e+00
    5.7500000000e+00 -3.7364381500e+00 -3.7364378070e+00 -3.7364383120e+00  3.7922191270e+00  3.7922191290e+00  3.7922191260e+00
    5.7600000000e+00 -3.7261384690e+00 -3.7261381260e+00 -3.7261386320e+00  3.7688700520e+00  3.7688700530e+00  3.7688700510e+00
    5.7700000000e+00 -3.7158539820e+00 -3.7158536390e+00 -3.7158541440e+00  3.7460395230e+00  3.7460395240e+00  3.7460395220e+00
    5.7800000000e+00 -3.7056669610e+00 -3.7056666180e+00 -3.7056671240e+00  3.7237087650e+00  3.7237087670e+00  3.7237087640e+00
    5.7900000000e+00 -3.6956487340e+00 -3.6956483900e+00 -3.6956488960e+00  3.7018450160e+00  3.7018450180e+00  3.7018450150e+00
    5.8000000000e+00 -3.6858590510e+00 -3.6858587080e+00 -3.6858592140e+00  3.6804066080e+00  3.6804066100e+00  3.6804066070e+00
    5.8100000000e+00 -3.6763474890e+00 -3.6763471460e+00 -3.6763476520e+00  3.6593467580e+00  3.6593467600e+00  3.6593467570e+00
    5.8200000000e+00 -3.6671558000e+00 -3.6671554560e+00 -3.6671559630e+00  3.6386153760e+00  3.6386153780e+00  3.6386153750e+00
    5.8300000000e+00 -3.6583199730e+00 -3.6583196300e+00 -3.6583201360e+00  3.6181588170e+00  3.6181588190e+00  3.6181588160e+00
    5.8400000000e+00 -3.6498708930e+00 -3.6498705490e+00 -3.6498710550e+00  3.5979181770e+00  3.5979181780e+00  3.5979181760e+00
    5.8500000000e+00 -3.6418329190e+00 -3.6418325750e+00 -3.6418330810e+00  3.5778272360e+00  3.5778272380e+00  3.5778272350e+00
    5.8600000000e+00 -3.6342204470e+00 -3.6342201030e+00 -3.6342206100e+00  3.5578114170e+00  3.5578114190e+00  3.5578114170e+00
    5.8700000000e+00 -3.6270332410e+00 -3.6270328960e+00 -3.6270334040e+00  3.5377889420e+00  3.5377889440e+00  3.5377889410e+00
    5.8800000000e+00 -3.6202519180e+00 -3.6202515740e+00 -3.6202520810e+00  3.5176747900e+00  3.5176747920e+00  3.5176747900e+00
    5.8900000000e+00 -3.6138351950e+00 -3.6138348500e+00 -3.6138353580e+00  3.4973872480e+00  3.4973872500e+00  3.4973872480e+00
    5.9000000000e+00 -3.6077201690e+00 -3.6077198240e+00 -3.6077203320e+00  3.4768559970e+00  3.4768559990e+00  3.4768559960e+00
    5.9100000000e+00 -3.6018262930e+00 -3.6018259480e+00 -3.6018264560e+00  3.4560301150e+00  3.4560301170e+00  3.4560301140e+00
    5.9200000000e+00 -3.5960627970e+00 -3.5960624520e+00 -3.5960629600e+00  3.4348842310e+00  3.4348842330e+00  3.4348842300e+00
    5.9300000000e+00 -3.5903384920e+00 -3.5903381470e+00 -3.5903386550e+00  3.4134213280e+00  3.4134213300e+00  3.4134213270e+00
    5.9400000000e+00 -3.5845723230e+00 -3.5845719780e+00 -3.5845724870e+00  3.3916713650e+00  3.3916713670e+00  3.3916713640e+00
    5.9500000000e+00 -3.5787028080e+00 -3.5787024630e+00 -3.5787029720e+00  3.3696856640e+00  3.3696856660e+00  3.3696856630e+00
    5.9600000000e+00 -3.5726946640e+00 -3.5726943180e+00 -3.5726948270e+00  3.3475278430e+00  3.3475278450e+00  3.3475278420e+00
    5.9700000000e+00 -3.5665414080e+00 -3.5665410620e+00 -3.5665415710e+00  3.3252626930e+00  3.3252626950e+00  3.3252626920e+00
    5.9800000000e+00 -3.5602634230e+00 -3.5602630770e+00 -3.5602635860e+00  3.3029447870e+00  3.3029447890e+00  3.3029447860e+00
    5.9900000000e+00 -3.5539017400e+00 -3.5539013940e+00 -3.5539019040e+00  3.2806086240e+00  3.2806086260e+00  3.2806086230e+00
    6.0000000000e+00 -3.5475084840e+00 -3.5475081380e+00 -3.5475086470e+00  3.2582618070e+00  3.2582618090e+00  3.2582618070e+00
    6.0100000000e+00 -3.5411353630e+00 -3.5411350170e+00 -3.5411355270e+00  3.2358822640e+00  3.2358822660e+00  3.2358822630e+00
    6.0200000000e+00 -3.5348218150e+00 -3.5348214690e+00 -3.5348219790e+00  3.2134198790e+00  3.2134198810e+00  3.2134198780e+00
    6.0300000000e+00 -3.5285843450e+00 -3.5285839990e+00 -3.5285845090e+00  3.1908023900e+00  3.1908023920e+00  3.1908023890e+00
    6.0400000000e+00 -3.5224084730e+00 -3.5224081270e+00 -3.5224086370e+00  3.1679449230e+00  3.1679449250e+00  3.1679449220e+00
    6.0500000000e+00 -3.5162444520e+00 -3.5162441060e+00 -3.5162446160e+00  3.1447621240e+00  3.1447621260e+00  3.1447621230e+00
    6.0600000000e+00 -3.5100076080e+00 -3.5100072610e+00 -3.5100077720e+00  3.1211814950e+00  3.1211814970e+00  3.1211814940e+00
    6.0700000000e+00 -3.5035836530e+00 -3.5035833060e+00 -3.5035838170e+00  3.0971561520e+00  3.0971561540e+00  3.0971561510e+00
    6.0800000000e+00 -3.4968386030e+00 -3.4968382560e+00 -3.4968387670e+00  3.0726750990e+00  3.0726751010e+00  3.0726750980e+00
    6.0900000000e+00 -3.4896321200e+00 -3.4896317730e+00 -3.4896322840e+00  3.0477692560e+00  3.0477692580e+00  3.0477692550e+00
    6.1000000000e+00 -3.4818323290e+00 -3.4818319820e+00 -3.4818324930e+00  3.0225121060e+00  3.0225121080e+00  3.0225121060e+00
    6.1100000000e+00 -3.4733298110e+00 -3.4733294640e+00 -3.4733299760e+00  2.9970147740e+00  2.9970147760e+00  2.9970147730e+00
    6.1200000000e+00 -3.4640485860e+00 -3.4640482380e+00 -3.4640487500e+00  2.9714164030e+00  2.9714164050e+00  2.9714164020e+00
    6.1300000000e+00 -3.4539525550e+00 -3.4539522070e+00 -3.4539527190e+00  2.9458715950e+00  2.9458715970e+00  2.9458715940e+00
    6.1400000000e+00 -3.4430468770e+00 -3.4430465290e+00 -3.4430470420e+00  2.9205370630e+00  2.9205370650e+00  2.9205370620e+00
    6.1500000000e+00 -3.4313747360e+00 -3.4313743880e+00 -3.4313749000e+00  2.8955595460e+00  2.8955595480e+00  2.8955595450e+00
    6.1600000000e+00 -3.4190107590e+00 -3.4190104100e+00 -3.4190109230e+00  2.8710664680e+00  2.8710664700e+00  2.8710664670e+00
    6.1700000000e+00 -3.4060526770e+00 -3.4060523280e+00 -3.4060528410e+00  2.8471599840e+00  2.8471599860e+00  2.8471599830e+00
    6.1800000000e+00 -3.3926127380e+00 -3.3926123890e+00 -3.3926129030e+00  2.8239143230e+00  2.8239143250e+00  2.8239143220e+00
    6.1900000000e+00 -3.3788099730e+00 -3.3788096240e+00 -3.3788101380e+00  2.8013757320e+00  2.8013757340e+00  2.8013757310e+00
    6.2000000000e+00 -3.3647638630e+00 -3.3647635150e+00 -3.3647640280e+00  2.7795640830e+00  2.7795640850e+00  2.7795640820e+00
    6.2100000000e+00 -3.3505894160e+00 -3.3505890670e+00 -3.3505895810e+00  2.7584752870e+00  2.7584752890e+00  2.7584752860e+00
    6.2200000000e+00 -3.3363932890e+00 -3.3363929400e+00 -3.3363934540e+00  2.7380839370e+00  2.7380839390e+00  2.7380839360e+00
    6.2300000000e+00 -3.3222704980e+00 -3.3222701490e+00 -3.3222706630e+00  2.7183460150e+00  2.7183460170e+00  2.7183460140e+00
    6.2400000000e+00 -3.3083013900e+00 -3.3083010410e+00 -3.3083015560e+00  2.6992018690e+00  2.6992018710e+00  2.6992018680e+00
    6.2500000000e+00 -3.2945489100e+00 -3.2945485610e+00 -3.2945490750e+00  2.6805798130e+00  2.6805798150e+00  2.6805798120e+00
    6.2600000000e+00 -3.2810565310e+00 -3.2810561810e+00 -3.2810566960e+00  2.6624005600e+00  2.6624005620e+00  2.6624005590e+00
    6.2700000000e+00 -3.2678474130e+00 -3.2678470640e+00 -3.2678475790e+00  2.6445823860e+00  2.6445823880e+00  2.6445823850e+00
    6.2800000000e+00 -3.2549252340e+00 -3.2549248840e+00 -3.2549254000e+00  2.6270464970e+00  2.6270464990e+00  2.6270464960e+00
    6.2900000000e+00 -3.2422767870e+00 -3.2422764370e+00 -3.2422769520e+00  2.6097217940e+00  2.6097217970e+00  2.6097217930e+00
    6.3000000000e+00 -3.2298759580e+00 -3.2298756080e+00 -3.2298761240e+00  2.5925482730e+00  2.5925482750e+00  2.5925482720e+00
    6.3100000000e+00 -3.2176883140e+00 -3.2176879640e+00 -3.2176884800e+00  2.5754785700e+00  2.5754785730e+00  2.5754785690e+00
    6.3200000000e+00 -3.2056753700e+00 -3.2056750190e+00 -3.2056755350e+00  2.5584776660e+00  2.5584776680e+00  2.5584776650e+00
    6.3300000000e+00 -3.1937977640e+00 -3.1937974130e+00 -3.1937979300e+00  2.5415211990e+00  2.5415212010e+00  2.5415211980e+00
    6.3400000000e+00 -3.1820169320e+00 -3.1820165810e+00 -3.1820170970e+00  2.5245931980e+00  2.5245932000e+00  2.5245931970e+00
    6.3500000000e+00 -3.1702953210e+00 -3.1702949710e+00 -3.1702954870e+00  2.5076840740e+00  2.5076840760e+00  2.5076840730e+00
    6.3600000000e+00 -3.1585956290e+00 -3.1585952780e+00 -3.1585957940e+00  2.4907895580e+00  2.4907895600e+00  2.4907895570e+00
    6.3700000000e+00 -3.1468797800e+00 -3.1468794290e+00 -3.1468799460e+00  2.4739109290e+00  2.4739109310e+00  2.4739109280e+00
    6.3800000000e+00 -3.1351084700e+00 -3.1351081190e+00 -3.1351086360e+00  2.4570564460e+00  2.4570564480e+00  2.4570564450e+00
    6.3900000000e+00 -3.1232419040e+00 -3.1232415530e+00 -3.1232420700e+00  2.4402435170e+00  2.4402435190e+00  2.4402435160e+00
    6.4000000000e+00 -3.1112421050e+00 -3.1112417540e+00 -3.1112422710e+00  2.4235008330e+00  2.4235008350e+00  2.4235008320e+00
    6.4100000000e+00 -3.0990767170e+00 -3.0990763660e+00 -3.0990768840e+00  2.4068696000e+00  2.4068696020e+00  2.4068695990e+00
    6.4200000000e+00 -3.0867237930e+00 -3.0867234410e+00 -3.0867239590e+00  2.3904030890e+00  2.3904030910e+00  2.3904030880e+00
    6.4300000000e+00 -3.0741767120e+00 -3.0741763600e+00 -3.0741768780e+00  2.3741640260e+00  2.3741640280e+00  2.3741640250e+00
    6.4400000000e+00 -3.0614481990e+00 -3.0614478470e+00 -3.0614483660e+00  2.3582198120e+00  2.3582198140e+00  2.3582198110e+00
    6.4500000000e+00 -3.0485724700e+00 -3.0485721180e+00 -3.0485726360e+00  2.3426360580e+00  2.3426360600e+00  2.3426360570e+00
    6.4600000000e+00 -3.0356048620e+00 -3.0356045090e+00 -3.0356050280e+00  2.3274693160e+00  2.3274693180e+00  2.3274693150e+00
    6.4700000000e+00 -3.0226187730e+00 -3.0226184210e+00 -3.0226189400e+00  2.3127601170e+00  2.3127601190e+00  2.3127601160e+00
    6.4800000000e+00 -3.0097002230e+00 -3.0096998700e+00 -3.0097003890e+00  2.2985273480e+00  2.2985273500e+00  2.2985273470e+00
    6.4900000000e+00 -2.9969407300e+00 -2.9969403770e+00 -2.9969408960e+00  2.2847647340e+00  2.2847647360e+00  2.2847647330e+00
    6.5000000000e+00 -2.9844293990e+00 -2.9844290460e+00 -2.9844295660e+00  2.2714398270e+00  2.2714398290e+00  2.2714398260e+00
    6.5100000000e+00 -2.9722450750e+00 -2.9722447220e+00 -2.9722452420e+00  2.2584955290e+00  2.2584955310e+00  2.2584955280e+00
    6.5200000000e+00 -2.9604493280e+00 -2.9604489740e+00 -2.9604494950e+00  2.2458539410e+00  2.2458539430e+00  2.2458539400e+00
    6.5300000000e+00 -2.9490808680e+00 -2.9490805140e+00 -2.9490810350e+00  2.2334221710e+00  2.2334221730e+00  2.2334221700e+00
    6.5400000000e+00 -2.9381519260e+00 -2.9381515730e+00 -2.9381520940e+00  2.2210996260e+00  2.2210996290e+00  2.2210996250e+00
    6.5500000000e+00 -2.9276469990e+00 -2.9276466450e+00 -2.9276471660e+00  2.2087861930e+00  2.2087861960e+00  2.2087861920e+00
    6.5600000000e+00 -2.9175242400e+00 -2.9175238860e+00 -2.9175244070e+00  2.1963905250e+00  2.1963905270e+00  2.1963905240e+00
    6.5700000000e+00 -2.9077195100e+00 -2.9077191560e+00 -2.9077196770e+00  2.1838375110e+00  2.1838375140e+00  2.1838375100e+00
    6.5800000000e+00 -2.8981526800e+00 -2.8981523260e+00 -2.8981528480e+00  2.1710739840e+00  2.1710739860e+00  2.1710739830e+00
    6.5900000000e+00 -2.8887354120e+00 -2.8887350580e+00 -2.8887355800e+00  2.1580719000e+00  2.1580719020e+00  2.1580718990e+00
    6.6000000000e+00 -2.8793793320e+00 -2.8793789770e+00 -2.8793794990e+00  2.1448286570e+00  2.1448286590e+00  2.1448286560e+00
    6.6100000000e+00 -2.8700035040e+00 -2.8700031500e+00 -2.8700036720e+00  2.1313646780e+00  2.1313646810e+00  2.1313646770e+00
    6.6200000000e+00 -2.8605403070e+00 -2.8605399530e+00 -2.8605404750e+00  2.1177188480e+00  2.1177188500e+00  2.1177188470e+00
    6.6300000000e+00 -2.8509391610e+00 -2.8509388060e+00 -2.8509393280e+00  2.1039426120e+00  2.1039426140e+00  2.1039426110e+00
    6.6400000000e+00 -2.8411679450e+00 -2.8411675900e+00 -2.8411681130e+00  2.0900936410e+00  2.0900936440e+00  2.0900936400e+00
    6.6500000000e+00 -2.8312122570e+00 -2.8312119020e+00 -2.8312124250e+00  2.0762298660e+00  2.0762298690e+00  2.0762298650e+00
    6.6600000000e+00 -2.8210728840e+00 -2.8210725290e+00 -2.8210730520e+00  2.0624045420e+00  2.0624045450e+00  2.0624045410e+00
    6.6700000000e+00 -2.8107620370e+00 -2.8107616820e+00 -2.8107622050e+00  2.0486628320e+00  2.0486628350e+00  2.0486628310e+00
    6.6800000000e+00 -2.8002990280e+00 -2.8002986730e+00 -2.8002991960e+00  2.0350401600e+00  2.0350401630e+00  2.0350401590e+00
    6.6900000000e+00 -2.7897060950e+00 -2.7897057390e+00 -2.7897062630e+00  2.0215623370e+00  2.0215623400e+00  2.0215623360e+00
    6.7000000000e+00 -2.7790050330e+00 -2.7790046770e+00 -2.7790052020e+00  2.0082471850e+00  2.0082471870e+00  2.0082471840e+00
    6.7100000000e+00 -2.7682151400e+00 -2.7682147840e+00 -2.7682153080e+00  1.9951071260e+00  1.9951071290e+00  1.9951071250e+00
    6.7200000000e+00 -2.7573526680e+00 -2.7573523120e+00 -2.7573528370e+00  1.9821520740e+00  1.9821520760e+00  1.9821520730e+00
    6.7300000000e+00 -2.7464317140e+00 -2.7464313580e+00 -2.7464318830e+00  1.9693919170e+00  1.9693919190e+00  1.9693919160e+00
    6.7400000000e+00 -2.7354661430e+00 -2.7354657860e+00 -2.7354663120e+00  1.9568380440e+00  1.9568380460e+00  1.9568380430e+00
    6.7500000000e+00 -2.7244719790e+00 -2.7244716220e+00 -2.7244721470e+00  1.9445035640e+00  1.9445035660e+00  1.9445035630e+00
    6.7600000000e+00 -2.7134696090e+00 -2.7134692520e+00 -2.7134697780e+00  1.9324022000e+00  1.9324022020e+00  1.9324021990e+00
    6.7700000000e+00 -2.7024852290e+00 -2.7024848720e+00 -2.7024853980e+00  1.9205460920e+00  1.9205460940e+00  1.9205460910e+00
    6.7800000000e+00 -2.6915511190e+00 -2.6915507620e+00 -2.6915512880e+00  1.9089429670e+00  1.9089429700e+00  1.9089429660e+00
    6.7900000000e+00 -2.6807046010e+00 -2.6807042440e+00 -2.6807047700e+00  1.8975932550e+00  1.8975932570e+00  1.8975932540e+00
    6.8000000000e+00 -2.6699857720e+00 -2.6699854140e+00 -2.6699859410e+00  1.8864876840e+00  1.8864876860e+00  1.8864876830e+00
    6.8100000000e+00 -2.6594342940e+00 -2.6594339360e+00 -2.6594344630e+00  1.8756058310e+00  1.8756058340e+00  1.8756058300e+00
    6.8200000000e+00 -2.6490856780e+00 -2.6490853200e+00 -2.6490858470e+00  1.8649158990e+00  1.8649159020e+00  1.8649158980e+00
    6.8300000000e+00 -2.6389675310e+00 -2.6389671730e+00 -2.6389677000e+00  1.8543758360e+00  1.8543758390e+00  1.8543758350e+00
    6.8400000000e+00 -2.6290962250e+00 -2.6290958660e+00 -2.6290963940e+00  1.8439357630e+00  1.8439357650e+00  1.8439357610e+00
    6.8500000000e+00 -2.6194744450e+00 -2.6194740870e+00 -2.6194746150e+00  1.8335415140e+00  1.8335415170e+00  1.8335415130e+00
    6.8600000000e+00 -2.6100899780e+00 -2.6100896190e+00 -2.6100901470e+00  1.8231389880e+00  1.8231389900e+00  1.8231389870e+00
    6.8700000000e+00 -2.6009160120e+00 -2.6009156530e+00 -2.6009161810e+00  1.8126788330e+00  1.8126788350e+00  1.8126788320e+00
    6.8800000000e+00 -2.5919130740e+00 -2.5919127150e+00 -2.5919132430e+00  1.8021209310e+00  1.8021209330e+00  1.8021209300e+00
    6.8900000000e+00 -2.5830324710e+00 -2.5830321120e+00 -2.5830326400e+00  1.7914380450e+00  1.7914380480e+00  1.7914380440e+00
    6.9000000000e+00 -2.5742208780e+00 -2.5742205180e+00 -2.5742210470e+00  1.7806180890e+00  1.7806180920e+00  1.7806180880e+00
    6.9100000000e+00 -2.5654254680e+00 -2.5654251080e+00 -2.5654256370e+00  1.7696646250e+00  1.7696646280e+00  1.7696646240e+00
    6.9200000000e+00 -2.5565988550e+00 -2.5565984950e+00 -2.5565990250e+00  1.7585954960e+00  1.7585954990e+00  1.7585954950e+00
    6.9300000000e+00 -2.5477031300e+00 -2.5477027700e+00 -2.5477033000e+00  1.7474398220e+00  1.7474398240e+00  1.7474398210e+00
    6.9400000000e+00 -2.5387124380e+00 -2.5387120780e+00 -2.5387126080e+00  1.7362338620e+00  1.7362338640e+00  1.7362338610e+00
    6.9500000000e+00 -2.5296138210e+00 -2.5296134610e+00 -2.5296139910e+00  1.7250164360e+00  1.7250164380e+00  1.7250164340e+00
    6.9600000000e+00 -2.5204063800e+00 -2.5204060200e+00 -2.5204065510e+00  1.7138246190e+00  1.7138246210e+00  1.7138246180e+00
    6.9700000000e+00 -2.5110990740e+00 -2.5110987140e+00 -2.5110992440e+00  1.7026902990e+00  1.7026903010e+00  1.7026902970e+00
    6.9800000000e+00 -2.5017076820e+00 -2.5017073220e+00 -2.5017078530e+00  1.6916379700e+00  1.6916379720e+00  1.6916379690e+00
    6.9900000000e+00 -2.4922515080e+00 -2.4922511470e+00 -2.4922516790e+00  1.6806838710e+00  1.6806838740e+00  1.6806838700e+00
    7.0000000000e+00 -2.4827503350e+00 -2.4827499740e+00 -2.4827505050e+00  1.6698363300e+00  1.6698363330e+00  1.6698363290e+00
    7.0100000000e+00 -2.4732219950e+00 -2.4732216340e+00 -2.4732221650e+00  1.6590970050e+00  1.6590970080e+00  1.6590970040e+00
    7.0200000000e+00 -2.4636807290e+00 -2.4636803680e+00 -2.4636809000e+00  1.6484626720e+00  1.6484626750e+00  1.6484626710e+00
    7.0300000000e+00 -2.4541363380e+00 -2.4541359770e+00 -2.4541365090e+00  1.6379272070e+00  1.6379272090e+00  1.6379272050e+00
    7.0400000000e+00 -2.4445940460e+00 -2.4445936850e+00 -2.4445942170e+00  1.6274835370e+00  1.6274835390e+00  1.6274835350e+00
    7.0500000000e+00 -2.4350549630e+00 -2.4350546010e+00 -2.4350551340e+00  1.6171253790e+00  1.6171253820e+00  1.6171253780e+00
    7.0600000000e+00 -2.4255170390e+00 -2.4255166770e+00 -2.4255172100e+00  1.6068486570e+00  1.6068486590e+00  1.6068486550e+00
    7.0700000000e+00 -2.4159764020e+00 -2.4159760400e+00 -2.4159765730e+00  1.5966524750e+00  1.5966524770e+00  1.5966524740e+00
    7.0800000000e+00 -2.4064289440e+00 -2.4064285820e+00 -2.4064291150e+00  1.5865395640e+00  1.5865395660e+00  1.5865395630e+00
    7.0900000000e+00 -2.3968719630e+00 -2.3968716000e+00 -2.3968721340e+00  1.5765161110e+00  1.5765161130e+00  1.5765161090e+00
    7.1000000000e+00 -2.3873056430e+00 -2.3873052800e+00 -2.3873058140e+00  1.5665909880e+00  1.5665909900e+00  1.5665909860e+00
    7.1100000000e+00 -2.3777341630e+00 -2.3777338000e+00 -2.3777343340e+00  1.5567744820e+00  1.5567744850e+00  1.5567744810e+00
    7.1200000000e+00 -2.3681662920e+00 -2.3681659290e+00 -2.3681664640e+00  1.5470767020e+00  1.5470767050e+00  1.5470767010e+00
    7.1300000000e+00 -2.3586154340e+00 -2.3586150710e+00 -2.3586156050e+00  1.5375058510e+00  1.5375058530e+00  1.5375058500e+00
    7.1400000000e+00 -2.3490991380e+00 -2.3490987750e+00 -2.3490993100e+00  1.5280665340e+00  1.5280665370e+00  1.5280665330e+00
    7.1500000000e+00 -2.3396381340e+00 -2.3396377710e+00 -2.3396383060e+00  1.5187581800e+00  1.5187581830e+00  1.5187581790e+00
    7.1600000000e+00 -2.3302548730e+00 -2.3302545090e+00 -2.3302550450e+00  1.5095736430e+00  1.5095736450e+00  1.5095736420e+00
    7.1700000000e+00 -2.3209715160e+00 -2.3209711520e+00 -2.3209716880e+00  1.5004981010e+00  1.5004981040e+00  1.5004981000e+00
    7.1800000000e+00 -2.3118073320e+00 -2.3118069680e+00 -2.3118075040e+00  1.4915084940e+00  1.4915084970e+00  1.4915084930e+00
    7.1900000000e+00 -2.3027755850e+00 -2.3027752210e+00 -2.3027757570e+00  1.4825738390e+00  1.4825738420e+00  1.4825738380e+00
    7.2000000000e+00 -2.2938802380e+00 -2.2938798730e+00 -2.2938804100e+00  1.4736568120e+00  1.4736568140e+00  1.4736568100e+00
    7.2100000000e+00 -2.2851130570e+00 -2.2851126920e+00 -2.2851132290e+00  1.4647168110e+00  1.4647168140e+00  1.4647168100e+00
    7.2200000000e+00 -2.2764518760e+00 -2.2764515110e+00 -2.2764520480e+00  1.4557144040e+00  1.4557144060e+00  1.4557144030e+00
    7.2300000000e+00 -2.2678607160e+00 -2.2678603510e+00 -2.2678608880e+00  1.4466166190e+00  1.4466166220e+00  1.4466166180e+00
    7.2400000000e+00 -2.2592921690e+00 -2.2592918040e+00 -2.2592923420e+00  1.4374022030e+00  1.4374022050e+00  1.4374022020e+00
    7.2500000000e+00 -2.2506919680e+00 -2.2506916020e+00 -2.2506921400e+00  1.4280657330e+00  1.4280657360e+00  1.4280657320e+00
    7.2600000000e+00 -2.2420050680e+00 -2.2420047030e+00 -2.2420052410e+00  1.4186196520e+00  1.4186196550e+00  1.4186196510e+00
    7.2700000000e+00 -2.2331821930e+00 -2.2331818270e+00 -2.2331823660e+00  1.4090936600e+00  1.4090936620e+00  1.4090936580e+00
    7.2800000000e+00 -2.2241855870e+00 -2.2241852210e+00 -2.2241857600e+00  1.3995315350e+00  1.3995315380e+00  1.3995315340e+00
    7.2900000000e+00 -2.2149929740e+00 -2.2149926080e+00 -2.2149931470e+00  1.3899860220e+00  1.3899860250e+00  1.3899860210e+00
    7.3000000000e+00 -2.2055991250e+00 -2.2055987590e+00 -2.2055992980e+00  1.3805127920e+00  1.3805127940e+00  1.3805127900e+00
    7.3100000000e+00 -2.1960150220e+00 -2.1960146550e+00 -2.1960151950e+00  1.3711645880e+00  1.3711645910e+00  1.3711645870e+00
    7.3200000000e+00 -2.1862650710e+00 -2.1862647040e+00 -2.1862652440e+00  1.3619864720e+00  1.3619864750e+00  1.3619864710e+00
    7.3300000000e+00 -2.1763831050e+00 -2.1763827380e+00 -2.1763832780e+00  1.3530126970e+00  1.3530127000e+00  1.3530126960e+00
    7.3400000000e+00 -2.1664079820e+00 -2.1664076150e+00 -2.1664081550e+00  1.3442653670e+00  1.3442653690e+00  1.3442653650e+00
    7.3500000000e+00 -2.1563794530e+00 -2.1563790860e+00 -2.1563796270e+00  1.3357546790e+00  1.3357546820e+00  1.3357546780e+00
    7.3600000000e+00 -2.1463347730e+00 -2.1463344060e+00 -2.1463349460e+00  1.3274803540e+00  1.3274803570e+00  1.3274803530e+00
    7.3700000000e+00 -2.1363062440e+00 -2.1363058770e+00 -2.1363064180e+00  1.3194337870e+00  1.3194337900e+00  1.3194337860e+00
    7.3800000000e+00 -2.1263197080e+00 -2.1263193410e+00 -2.1263198820e+00  1.3116005380e+00  1.3116005410e+00  1.3116005370e+00
    7.3900000000e+00 -2.1163938740e+00 -2.1163935060e+00 -2.1163940470e+00  1.3039628640e+00  1.3039628660e+00  1.3039628620e+00
    7.4000000000e+00 -2.1065403590e+00 -2.1065399910e+00 -2.1065405330e+00  1.2965021430e+00  1.2965021460e+00  1.2965021420e+00
    7.4100000000e+00 -2.0967643740e+00 -2.0967640060e+00 -2.0967645480e+00  1.2892010750e+00  1.2892010780e+00  1.2892010740e+00
    7.4200000000e+00 -2.0870659730e+00 -2.0870656050e+00 -2.0870661470e+00  1.2820455410e+00  1.2820455430e+00  1.2820455390e+00
    7.4300000000e+00 -2.0774418210e+00 -2.0774414520e+00 -2.0774419950e+00  1.2750259640e+00  1.2750259670e+00  1.2750259630e+00
    7.4400000000e+00 -2.0678873170e+00 -2.0678869480e+00 -2.0678874910e+00  1.2681380220e+00  1.2681380240e+00  1.2681380200e+00
    7.4500000000e+00 -2.0583988580e+00 -2.0583984890e+00 -2.0583990320e+00  1.2613825510e+00  1.2613825540e+00  1.2613825500e+00
    7.4600000000e+00 -2.0489759430e+00 -2.0489755730e+00 -2.0489761170e+00  1.2547646420e+00  1.2547646450e+00  1.2547646400e+00
    7.4700000000e+00 -2.0396228060e+00 -2.0396224370e+00 -2.0396229800e+00  1.2482919800e+00  1.2482919830e+00  1.2482919790e+00
    7.4800000000e+00 -2.0303493500e+00 -2.0303489800e+00 -2.0303495240e+00  1.2419726810e+00  1.2419726840e+00  1.2419726800e+00
    7.4900000000e+00 -2.0211711900e+00 -2.0211708210e+00 -2.0211713650e+00  1.2358128780e+00  1.2358128810e+00  1.2358128770e+00
    7.5000000000e+00 -2.0121088170e+00 -2.0121084470e+00 -2.0121089910e+00  1.2298144310e+00  1.2298144340e+00  1.2298144290e+00
    7.5100000000e+00 -2.0031859400e+00 -2.0031855690e+00 -2.0031861140e+00  1.2239730450e+00  1.2239730480e+00  1.2239730430e+00
    7.5200000000e+00 -1.9944272460e+00 -1.9944268760e+00 -1.9944274210e+00  1.2182770860e+00  1.2182770890e+00  1.2182770840e+00
    7.5300000000e+00 -1.9858558330e+00 -1.9858554630e+00 -1.9858560080e+00  1.2127072290e+00  1.2127072320e+00  1.2127072280e+00
    7.5400000000e+00 -1.9774906340e+00 -1.9774902630e+00 -1.9774908090e+00  1.2072370130e+00  1.2072370160e+00  1.2072370120e+00
    7.5500000000e+00 -1.9693441350e+00 -1.9693437640e+00 -1.9693443100e+00  1.2018342390e+00  1.2018342420e+00  1.2018342380e+00
    7.5600000000e+00 -1.9614206540e+00 -1.9614202830e+00 -1.9614208290e+00  1.1964630660e+00  1.1964630690e+00  1.1964630640e+00
    7.5700000000e+00 -1.9537153760e+00 -1.9537150050e+00 -1.9537155510e+00  1.1910865800e+00  1.1910865830e+00  1.1910865790e+00
    7.5800000000e+00 -1.9462142520e+00 -1.9462138800e+00 -1.9462144270e+00  1.1856695600e+00  1.1856695630e+00  1.1856695590e+00
    7.5900000000e+00 -1.9388947770e+00 -1.9388944050e+00 -1.9388949520e+00  1.1801811470e+00  1.1801811500e+00  1.1801811450e+00
    7.6000000000e+00 -1.9317275690e+00 -1.9317271970e+00 -1.9317277450e+00  1.1745971310e+00  1.1745971340e+00  1.1745971300e+00
    7.6100000000e+00 -1.9246785680e+00 -1.9246781950e+00 -1.9246787430e+00  1.1689016460e+00  1.1689016490e+00  1.1689016450e+00
    7.6200000000e+00 -1.9177116230e+00 -1.9177112510e+00 -1.9177117990e+00  1.1630880800e+00  1.1630880830e+00  1.1630880790e+00
    7.6300000000e+00 -1.9107912130e+00 -1.9107908400e+00 -1.9107913880e+00  1.1571591540e+00  1.1571591570e+00  1.1571591530e+00
    7.6400000000e+00 -1.9038849940e+00 -1.9038846210e+00 -1.9038851690e+00  1.1511261770e+00  1.1511261800e+00  1.1511261760e+00
    7.6500000000e+00 -1.8969659600e+00 -1.8969655870e+00 -1.8969661360e+00  1.1450075970e+00  1.1450076000e+00  1.1450075950e+00
    7.6600000000e+00 -1.8900140120e+00 -1.8900136380e+00 -1.8900141870e+00  1.1388270230e+00  1.1388270260e+00  1.1388270210e+00
    7.6700000000e+00 -1.8830168250e+00 -1.8830164520e+00 -1.8830170010e+00  1.1326109470e+00  1.1326109500e+00  1.1326109460e+00
    7.6800000000e+00 -1.8759699900e+00 -1.8759696160e+00 -1.8759701660e+00  1.1263863920e+00  1.1263863950e+00  1.1263863910e+00
    7.6900000000e+00 -1.8688764410e+00 -1.8688760670e+00 -1.8688766170e+00  1.1201787200e+00  1.1201787230e+00  1.1201787190e+00
    7.7000000000e+00 -1.8617452910e+00 -1.8617449170e+00 -1.8617454680e+00  1.1140098110e+00  1.1140098140e+00  1.1140098100e+00
    7.7100000000e+00 -1.8545902360e+00 -1.8545898610e+00 -1.8545904120e+00  1.1078967880e+00  1.1078967910e+00  1.1078967870e+00
    7.7200000000e+00 -1.8474277580e+00 -1.8474273840e+00 -1.8474279340e+00  1.1018513860e+00  1.1018513890e+00  1.1018513850e+00
    7.7300000000e+00 -1.8402754120e+00 -1.8402750370e+00 -1.8402755880e+00  1.0958799550e+00  1.0958799580e+00  1.0958799540e+00
    7.7400000000e+00 -1.8331504030e+00 -1.8331500280e+00 -1.8331505790e+00  1.0899839740e+00  1.0899839770e+00  1.0899839720e+00
    7.7500000000e+00 -1.8260686080e+00 -1.8260682330e+00 -1.8260687850e+00  1.0841608400e+00  1.0841608430e+00  1.0841608390e+00
    7.7600000000e+00 -1.8190440320e+00 -1.8190436570e+00 -1.8190442090e+00  1.0784047000e+00  1.0784047030e+00  1.0784046980e+00
    7.7700000000e+00 -1.8120885410e+00 -1.8120881660e+00 -1.8120887180e+00  1.0727071190e+00  1.0727071220e+00  1.0727071180e+00
    7.7800000000e+00 -1.8052117060e+00 -1.8052113300e+00 -1.8052118830e+00  1.0670575760e+00  1.0670575790e+00  1.0670575740e+00
    7.7900000000e+00 -1.7984205680e+00 -1.7984201920e+00 -1.7984207450e+00  1.0614438410e+00  1.0614438440e+00  1.0614438400e+00
    7.8000000000e+00 -1.7917193200e+00 -1.7917189440e+00 -1.7917194970e+00  1.0558524440e+00  1.0558524470e+00  1.0558524430e+00
    7.8100000000e+00 -1.7851090080e+00 -1.7851086310e+00 -1.7851091850e+00  1.0502693400e+00  1.0502693430e+00  1.0502693380e+00
    7.8200000000e+00 -1.7785874590e+00 -1.7785870820e+00 -1.7785876360e+00  1.0446807980e+00  1.0446808010e+00  1.0446807970e+00
    7.8300000000e+00 -1.7721496140e+00 -1.7721492370e+00 -1.7721497910e+00  1.0390743470e+00  1.0390743500e+00  1.0390743450e+00
    7.8400000000e+00 -1.7657882800e+00 -1.7657879030e+00 -1.7657884580e+00  1.0334394940e+00  1.0334394970e+00  1.0334394930e+00
    7.8500000000e+00 -1.7594951380e+00 -1.7594947610e+00 -1.7594953150e+00  1.0277679870e+00  1.0277679900e+00  1.0277679850e+00
    7.8600000000e+00 -1.7532616650e+00 -1.7532612870e+00 -1.7532618420e+00  1.0220535030e+00  1.0220535060e+00  1.0220535020e+00
    7.8700000000e+00 -1.7470796600e+00 -1.7470792830e+00 -1.7470798380e+00  1.0162909310e+00  1.0162909340e+00  1.0162909290e+00
    7.8800000000e+00 -1.7409411790e+00 -1.7409408010e+00 -1.7409413570e+00  1.0104755430e+00  1.0104755460e+00  1.0104755410e+00
    7.8900000000e+00 -1.7348379270e+00 -1.7348375480e+00 -1.7348381050e+00  1.0046024650e+00  1.0046024680e+00  1.0046024630e+00
    7.9000000000e+00 -1.7287604040e+00 -1.7287600250e+00 -1.7287605820e+00  9.9866669300e-01  9.9866669600e-01  9.9866669200e-01
    7.9100000000e+00 -1.7226971700e+00 -1.7226967920e+00 -1.7226973480e+00  9.9266372800e-01  9.9266373100e-01  9.9266372600e-01
    7.9200000000e+00 -1.7166345720e+00 -1.7166341940e+00 -1.7166347510e+00  9.8659063700e-01  9.8659064000e-01  9.8659063600e-01
    7.9300000000e+00 -1.7105570910e+00 -1.7105567120e+00 -1.7105572700e+00  9.8044722200e-01  9.8044722600e-01  9.8044722100e-01
    7.9400000000e+00 -1.7044482650e+00 -1.7044478860e+00 -1.7044484440e+00  9.7423695000e-01  9.7423695300e-01  9.7423694800e-01
    7.9500000000e+00 -1.6982919820e+00 -1.6982916020e+00 -1.6982921600e+00  9.6796740800e-01  9.6796741200e-01  9.6796740700e-01
    7.9600000000e+00 -1.6920738740e+00 -1.6920734950e+00 -1.6920740530e+00  9.6165021400e-01  9.6165021700e-01  9.6165021200e-01
    7.9700000000e+00 -1.6857825920e+00 -1.6857822120e+00 -1.6857827710e+00  9.5530039300e-01  9.5530039600e-01  9.5530039200e-01
    7.9800000000e+00 -1.6794107860e+00 -1.6794104060e+00 -1.6794109640e+00  9.4893537700e-01  9.4893538000e-01  9.4893537500e-01
    7.9900000000e+00 -1.6729557110e+00 -1.6729553310e+00 -1.6729558900e+00  9.4257371500e-01  9.4257371800e-01  9.4257371300e-01
    8.0000000000e+00 -1.6664194060e+00 -1.6664190250e+00 -1.6664195850e+00  9.3623364800e-01  9.3623365100e-01  9.3623364600e-01
    8.0100000000e+00 -1.6598083970e+00 -1.6598080170e+00 -1.6598085760e+00  9.2993166400e-01  9.2993166700e-01  9.2993166300e-01
    8.0200000000e+00 -1.6531329360e+00 -1.6531325560e+00 -1.6531331160e+00  9.2368119400e-01  9.2368119800e-01  9.2368119300e-01
    8.0300000000e+00 -1.6464058130e+00 -1.6464054320e+00 -1.6464059920e+00  9.1749160900e-01  9.1749161200e-01  9.1749160700e-01
    8.0400000000e+00 -1.6396408640e+00 -1.6396404830e+00 -1.6396410440e+00  9.1136767100e-01  9.1136767500e-01  9.1136767000e-01
    8.0500000000e+00 -1.6328513700e+00 -1.6328509880e+00 -1.6328515490e+00  9.0530955300e-01  9.0530955700e-01  9.0530955200e-01
    8.0600000000e+00 -1.6260485460e+00 -1.6260481650e+00 -1.6260487260e+00  8.9931341300e-01  8.9931341600e-01  8.9931341100e-01
    8.0700000000e+00 -1.6192403470e+00 -1.6192399650e+00 -1.6192405270e+00  8.9337247400e-01  8.9337247700e-01  8.9337247300e-01
    8.0800000000e+00 -1.6124307210e+00 -1.6124303390e+00 -1.6124309010e+00  8.8747845300e-01  8.8747845600e-01  8.8747845100e-01
    8.0900000000e+00 -1.6056194170e+00 -1.6056190350e+00 -1.6056195970e+00  8.8162315300e-01  8.8162315700e-01  8.8162315200e-01
    8.1000000000e+00 -1.5988023700e+00 -1.5988019870e+00 -1.5988025500e+00  8.7580004600e-01  8.7580004900e-01  8.7580004500e-01
    8.1100000000e+00 -1.5919726240e+00 -1.5919722410e+00 -1.5919728040e+00  8.7000562900e-01  8.7000563200e-01  8.7000562700e-01
    8.1200000000e+00 -1.5851217370e+00 -1.5851213540e+00 -1.5851219170e+00  8.6424039100e-01  8.6424039500e-01  8.6424039000e-01
    8.1300000000e+00 -1.5782414840e+00 -1.5782411000e+00 -1.5782416640e+00  8.5850920800e-01  8.5850921100e-01  8.5850920600e-01
    8.1400000000e+00 -1.5713256540e+00 -1.5713252700e+00 -1.5713258340e+00  8.5282104600e-01  8.5282105000e-01  8.5282104500e-01
    8.1500000000e+00 -1.5643716550e+00 -1.5643712710e+00 -1.5643718360e+00  8.4718798000e-01  8.4718798400e-01  8.4718797900e-01
    8.1600000000e+00 -1.5573816400e+00 -1.5573812560e+00 -1.5573818210e+00  8.4162360600e-01  8.4162361000e-01  8.4162360500e-01
    8.1700000000e+00 -1.5503629520e+00 -1.5503625670e+00 -1.5503631330e+00  8.3614110300e-01  8.3614110600e-01  8.3614110100e-01
    8.1800000000e+00 -1.5433277770e+00 -1.5433273930e+00 -1.5433279580e+00  8.3075121800e-01  8.3075122100e-01  8.3075121600e-01
    8.1900000000e+00 -1.5362920490e+00 -1.5362916640e+00 -1.5362922300e+00  8.2546051400e-01  8.2546051800e-01  8.2546051300e-01
    8.2000000000e+00 -1.5292737390e+00 -1.5292733540e+00 -1.5292739200e+00  8.2027012700e-01  8.2027013100e-01  8.2027012600e-01
    8.2100000000e+00 -1.5222907760e+00 -1.5222903910e+00 -1.5222909570e+00  8.1517524000e-01  8.1517524400e-01  8.1517523900e-01
    8.2200000000e+00 -1.5153588910e+00 -1.5153585050e+00 -1.5153590720e+00  8.1016537000e-01  8.1016537400e-01  8.1016536800e-01
    8.2300000000e+00 -1.5084896770e+00 -1.5084892910e+00 -1.5084898580e+00  8.0522544900e-01  8.0522545300e-01  8.0522544800e-01
    8.2400000000e+00 -1.5016891890e+00 -1.5016888030e+00 -1.5016893700e+00  8.0033758000e-01  8.0033758400e-01  8.0033757900e-01
    8.2500000000e+00 -1.4949572940e+00 -1.4949569070e+00 -1.4949574750e+00  7.9548321000e-01  7.9548321300e-01  7.9548320800e-01
    8.2600000000e+00 -1.4882879090e+00 -1.4882875220e+00 -1.4882880900e+00  7.9064539200e-01  7.9064539500e-01  7.9064539000e-01
    8.2700000000e+00 -1.4816700870e+00 -1.4816697000e+00 -1.4816702680e+00  7.8581077200e-01  7.8581077500e-01  7.8581077000e-01
    8.2800000000e+00 -1.4750897630e+00 -1.4750893760e+00 -1.4750899450e+00  7.8097096800e-01  7.8097097100e-01  7.8097096600e-01
    8.2900000000e+00 -1.4685318470e+00 -1.4685314600e+00 -1.4685320290e+00  7.7612314600e-01  7.7612315000e-01  7.7612314500e-01
    8.3000000000e+00 -1.4619822970e+00 -1.4619819100e+00 -1.4619824790e+00  7.7126973600e-01  7.7126974000e-01  7.7126973500e-01
    8.3100000000e+00 -1.4554298290e+00 -1.4554294410e+00 -1.4554300110e+00  7.6641740100e-01  7.6641740400e-01  7.6641739900e-01
    8.3200000000e+00 -1.4488670260e+00 -1.4488666380e+00 -1.4488672080e+00  7.6157550600e-01  7.6157551000e-01  7.6157550400e-01
    8.3300000000e+00 -1.4422907180e+00 -1.4422903300e+00 -1.4422909010e+00  7.5675439600e-01  7.5675439900e-01  7.5675439400e-01
    8.3400000000e+00 -1.4357016790e+00 -1.4357012910e+00 -1.4357018620e+00  7.5196378400e-01  7.5196378800e-01  7.5196378300e-01
    8.3500000000e+00 -1.4291037850e+00 -1.4291033970e+00 -1.4291039680e+00  7.4721151800e-01  7.4721152200e-01  7.4721151600e-01
    8.3600000000e+00 -1.4225028820e+00 -1.4225024930e+00 -1.4225030640e+00  7.4250285000e-01  7.4250285400e-01  7.4250284900e-01
    8.3700000000e+00 -1.4159056020e+00 -1.4159052130e+00 -1.4159057850e+00  7.3784024400e-01  7.3784024800e-01  7.3784024300e-01
    8.3800000000e+00 -1.4093183600e+00 -1.4093179710e+00 -1.4093185430e+00  7.3322361600e-01  7.3322362000e-01  7.3322361400e-01
    8.3900000000e+00 -1.4027466390e+00 -1.4027462500e+00 -1.4027468220e+00  7.2865085100e-01  7.2865085500e-01  7.2865084900e-01
    8.4000000000e+00 -1.3961946060e+00 -1.3961942170e+00 -1.3961947900e+00  7.2411840700e-01  7.2411841100e-01  7.2411840500e-01
    8.4100000000e+00 -1.3896649900e+00 -1.3896646000e+00 -1.3896651730e+00  7.1962186200e-01  7.1962186600e-01  7.1962186100e-01
    8.4200000000e+00 -1.3831591070e+00 -1.3831587160e+00 -1.3831592900e+00  7.1515632100e-01  7.1515632500e-01  7.1515632000e-01
    8.4300000000e+00 -1.3766769160e+00 -1.3766765250e+00 -1.3766770990e+00  7.1071668200e-01  7.1071668600e-01  7.1071668100e-01
    8.4400000000e+00 -1.3702170200e+00 -1.3702166290e+00 -1.3702172030e+00  7.0629783600e-01  7.0629784000e-01  7.0629783400e-01
    8.4500000000e+00 -1.3637765940e+00 -1.3637762030e+00 -1.3637767780e+00  7.0189488600e-01  7.0189489000e-01  7.0189488400e-01
    8.4600000000e+00 -1.3573512990e+00 -1.3573509080e+00 -1.3573514830e+00  6.9750347300e-01  6.9750347700e-01  6.9750347200e-01
    8.4700000000e+00 -1.3509352670e+00 -1.3509348760e+00 -1.3509354510e+00  6.9312023200e-01  6.9312023600e-01  6.9312023100e-01
    8.4800000000e+00 -1.3445212580e+00 -1.3445208670e+00 -1.3445214420e+00  6.8874333800e-01  6.8874334200e-01  6.8874333700e-01
    8.4900000000e+00 -1.3381010530e+00 -1.3381006610e+00 -1.3381012370e+00  6.8437306200e-01  6.8437306600e-01  6.8437306000e-01
    8.5000000000e+00 -1.3316660870e+00 -1.3316656950e+00 -1.3316662710e+00  6.8001221100e-01  6.8001221500e-01  6.8001220900e-01
    8.5100000000e+00 -1.3252082920e+00 -1.3252079000e+00 -1.3252084770e+00  6.7566635200e-01  6.7566635600e-01  6.7566635000e-01
    8.5200000000e+00 -1.3187210420e+00 -1.3187206490e+00 -1.3187212260e+00  6.7134372000e-01  6.7134372400e-01  6.7134371900e-01
    8.5300000000e+00 -1.3122000820e+00 -1.3121996890e+00 -1.3122002660e+00  6.6705477100e-01  6.6705477500e-01  6.6705477000e-01
    8.5400000000e+00 -1.3056443010e+00 -1.3056439080e+00 -1.3056444860e+00  6.6281137500e-01  6.6281137800e-01  6.6281137300e-01
    8.5500000000e+00 -1.2990561880e+00 -1.2990557940e+00 -1.2990563730e+00  6.5862572000e-01  6.5862572400e-01  6.5862571900e-01
    8.5600000000e+00 -1.2924418570e+00 -1.2924414630e+00 -1.2924420420e+00  6.5450906900e-01  6.5450907300e-01  6.5450906700e-01
    8.5700000000e+00 -1.2858105950e+00 -1.2858102010e+00 -1.2858107800e+00  6.5047053300e-01  6.5047053700e-01  6.5047053100e-01
    8.5800000000e+00 -1.2791739590e+00 -1.2791735640e+00 -1.2791741440e+00  6.4651609600e-01  6.4651610000e-01  6.4651609400e-01
    8.5900000000e+00 -1.2725445560e+00 -1.2725441610e+00 -1.2725447410e+00  6.4264803200e-01  6.4264803600e-01  6.4264803100e-01
    8.6000000000e+00 -1.2659346960e+00 -1.2659343010e+00 -1.2659348820e+00  6.3886484000e-01  6.3886484300e-01  6.3886483800e-01
    8.6100000000e+00 -1.2593551370e+00 -1.2593547420e+00 -1.2593553230e+00  6.3516167400e-01  6.3516167800e-01  6.3516167300e-01
    8.6200000000e+00 -1.2528141100e+00 -1.2528137140e+00 -1.2528142950e+00  6.3153121300e-01  6.3153121700e-01  6.3153121100e-01
    8.6300000000e+00 -1.2463167570e+00 -1.2463163610e+00 -1.2463169430e+00  6.2796477200e-01  6.2796477600e-01  6.2796477000e-01
    8.6400000000e+00 -1.2398650360e+00 -1.2398646400e+00 -1.2398652220e+00  6.2445350900e-01  6.2445351300e-01  6.2445350700e-01
    8.6500000000e+00 -1.2334580450e+00 -1.2334576490e+00 -1.2334582310e+00  6.2098952100e-01  6.2098952500e-01  6.2098951900e-01
    8.6600000000e+00 -1.2270926950e+00 -1.2270922980e+00 -1.2270928810e+00  6.1756670800e-01  6.1756671200e-01  6.1756670600e-01
    8.6700000000e+00 -1.2207645910e+00 -1.2207641950e+00 -1.2207647770e+00  6.1418132100e-01  6.1418132500e-01  6.1418131900e-01
    8.6800000000e+00 -1.2144690220e+00 -1.2144686250e+00 -1.2144692080e+00  6.1083216100e-01  6.1083216500e-01  6.1083215900e-01
    8.6900000000e+00 -1.2082019100e+00 -1.2082015130e+00 -1.2082020960e+00  6.0752043500e-01  6.0752043900e-01  6.0752043300e-01
    8.7000000000e+00 -1.2019606520e+00 -1.2019602550e+00 -1.2019608390e+00  6.0424930600e-01  6.0424931000e-01  6.0424930400e-01
    8.7100000000e+00 -1.1957447460e+00 -1.1957443480e+00 -1.1957449330e+00  6.0102319300e-01  6.0102319700e-01  6.0102319100e-01
    8.7200000000e+00 -1.1895561430e+00 -1.1895557450e+00 -1.1895563300e+00  5.9784690600e-01  5.9784691000e-01  5.9784690400e-01
    8.7300000000e+00 -1.1833992910e+00 -1.1833988930e+00 -1.1833994780e+00  5.9472469700e-01  5.9472470100e-01  5.9472469500e-01
    8.7400000000e+00 -1.1772808390e+00 -1.1772804400e+00 -1.1772810260e+00  5.9165933300e-01  5.9165933700e-01  5.9165933100e-01
    8.7500000000e+00 -1.1712090170e+00 -1.1712086180e+00 -1.1712092040e+00  5.8865131800e-01  5.8865132200e-01  5.8865131600e-01
    8.7600000000e+00 -1.1651927560e+00 -1.1651923570e+00 -1.1651929430e+00  5.8569837200e-01  5.8569837600e-01  5.8569837000e-01
    8.7700000000e+00 -1.1592406420e+00 -1.1592402430e+00 -1.1592408300e+00  5.8279527600e-01  5.8279528000e-01  5.8279527400e-01
    8.7800000000e+00 -1.1533598890e+00 -1.1533594890e+00 -1.1533600760e+00  5.7993413600e-01  5.7993414000e-01  5.7993413400e-01
    8.7900000000e+00 -1.1475554930e+00 -1.1475550930e+00 -1.1475556800e+00  5.7710503100e-01  5.7710503500e-01  5.7710502900e-01
    8.8000000000e+00 -1.1418297480e+00 -1.1418293480e+00 -1.1418299360e+00  5.7429691800e-01  5.7429692300e-01  5.7429691700e-01
    8.8100000000e+00 -1.1361821710e+00 -1.1361817710e+00 -1.1361823590e+00  5.7149860200e-01  5.7149860600e-01  5.7149860000e-01
    8.8200000000e+00 -1.1306097980e+00 -1.1306093970e+00 -1.1306099860e+00  5.6869956400e-01  5.6869956900e-01  5.6869956300e-01
    8.8300000000e+00 -1.1251077280e+00 -1.1251073260e+00 -1.1251079160e+00  5.6589052900e-01  5.6589053300e-01  5.6589052700e-01
    8.8400000000e+00 -1.1196697210e+00 -1.1196693200e+00 -1.1196699090e+00  5.6306370900e-01  5.6306371400e-01  5.6306370800e-01
    8.8500000000e+00 -1.1142887280e+00 -1.1142883260e+00 -1.1142889160e+00  5.6021280100e-01  5.6021280500e-01  5.6021279900e-01
    8.8600000000e+00 -1.1089572410e+00 -1.1089568390e+00 -1.1089574300e+00  5.5733282500e-01  5.5733282900e-01  5.5733282300e-01
    8.8700000000e+00 -1.1036674830e+00 -1.1036670810e+00 -1.1036676710e+00  5.5441993900e-01  5.5441994400e-01  5.5441993700e-01
    8.8800000000e+00 -1.0984114560e+00 -1.0984110530e+00 -1.0984116450e+00  5.5147129500e-01  5.5147130000e-01  5.5147129400e-01
    8.8900000000e+00 -1.0931809400e+00 -1.0931805370e+00 -1.0931811290e+00  5.4848499200e-01  5.4848499700e-01  5.4848499100e-01
    8.9000000000e+00 -1.0879674950e+00 -1.0879670920e+00 -1.0879676840e+00  5.4546011900e-01  5.4546012400e-01  5.4546011700e-01
    8.9100000000e+00 -1.0827625260e+00 -1.0827621220e+00 -1.0827627150e+00  5.4239684800e-01  5.4239685200e-01  5.4239684600e-01
    8.9200000000e+00 -1.0775574260e+00 -1.0775570230e+00 -1.0775576150e+00  5.3929652300e-01  5.3929652700e-01  5.3929652100e-01
    8.9300000000e+00 -1.0723437780e+00 -1.0723433740e+00 -1.0723439670e+00  5.3616169600e-01  5.3616170100e-01  5.3616169500e-01
    8.9400000000e+00 -1.0671135540e+00 -1.0671131500e+00 -1.0671137440e+00  5.3299607600e-01  5.3299608000e-01  5.3299607400e-01
    8.9500000000e+00 -1.0618592780e+00 -1.0618588740e+00 -1.0618594680e+00  5.2980440900e-01  5.2980441300e-01  5.2980440700e-01
    8.9600000000e+00 -1.0565740910e+00 -1.0565736860e+00 -1.0565742800e+00  5.2659234700e-01  5.2659235100e-01  5.2659234500e-01
    8.9700000000e+00 -1.0512517420e+00 -1.0512513360e+00 -1.0512519310e+00  5.2336635800e-01  5.2336636200e-01  5.2336635600e-01
    8.9800000000e+00 -1.0458865620e+00 -1.0458861560e+00 -1.0458867520e+00  5.2013374100e-01  5.2013374500e-01  5.2013373900e-01
    8.9900000000e+00 -1.0404734880e+00 -1.0404730820e+00 -1.0404736780e+00  5.1690274400e-01  5.1690274800e-01  5.1690274200e-01
    9.0000000000e+00 -1.0350082260e+00 -1.0350078200e+00 -1.0350084160e+00  5.1368274200e-01  5.1368274700e-01  5.1368274000e-01
    9.0100000000e+00 -1.0294875850e+00 -1.0294871780e+00 -1.0294877750e+00  5.1048437400e-01  5.1048437800e-01  5.1048437200e-01
    9.0200000000e+00 -1.0239099590e+00 -1.0239095520e+00 -1.0239101490e+00  5.0731954100e-01  5.0731954600e-01  5.0731953900e-01
    9.0300000000e+00 -1.0182758820e+00 -1.0182754750e+00 -1.0182760720e+00  5.0420118300e-01  5.0420118800e-01  5.0420118100e-01
    9.0400000000e+00 -1.0125885360e+00 -1.0125881290e+00 -1.0125887270e+00  5.0114279300e-01  5.0114279700e-01  5.0114279100e-01
    9.0500000000e+00 -1.0068540930e+00 -1.0068536860e+00 -1.0068542840e+00  4.9815770100e-01  4.9815770600e-01  4.9815769900e-01
    9.0600000000e+00 -1.0010817870e+00 -1.0010813790e+00 -1.0010819770e+00  4.9525821900e-01  4.9525822400e-01  4.9525821800e-01
    9.0700000000e+00 -9.9528367400e-01 -9.9528326600e-01 -9.9528386500e-01  4.9245475000e-01  4.9245475400e-01  4.9245474800e-01
    9.0800000000e+00 -9.8947408900e-01 -9.8947368000e-01 -9.8947428000e-01  4.8975500800e-01  4.8975501200e-01  4.8975500600e-01
    9.0900000000e+00 -9.8366884900e-01 -9.8366844000e-01 -9.8366904000e-01  4.8716346000e-01  4.8716346500e-01  4.8716345800e-01
    9.1000000000e+00 -9.7788432900e-01 -9.7788392100e-01 -9.7788452100e-01  4.8468105900e-01  4.8468106300e-01  4.8468105700e-01
    9.1100000000e+00 -9.7213652000e-01 -9.7213611100e-01 -9.7213671200e-01  4.8230528600e-01  4.8230529100e-01  4.8230528400e-01
    9.1200000000e+00 -9.6644017600e-01 -9.6643976600e-01 -9.6644036700e-01  4.8003049000e-01  4.8003049500e-01  4.8003048800e-01
    9.1300000000e+00 -9.6080815000e-01 -9.6080774000e-01 -9.6080834200e-01  4.7784843900e-01  4.7784844400e-01  4.7784843800e-01
    9.1400000000e+00 -9.5525097000e-01 -9.5525055900e-01 -9.5525116200e-01  4.7574901100e-01  4.7574901600e-01  4.7574900900e-01
    9.1500000000e+00 -9.4977665800e-01 -9.4977624800e-01 -9.4977685000e-01  4.7372091800e-01  4.7372092300e-01  4.7372091700e-01
    9.1600000000e+00 -9.4439079300e-01 -9.4439038200e-01 -9.4439098500e-01  4.7175238400e-01  4.7175238900e-01  4.7175238200e-01
    9.1700000000e+00 -9.3909673500e-01 -9.3909632400e-01 -9.3909692700e-01  4.6983168400e-01  4.6983168800e-01  4.6983168200e-01
    9.1800000000e+00 -9.3389596500e-01 -9.3389555400e-01 -9.3389615800e-01  4.6794752800e-01  4.6794753300e-01  4.6794752600e-01
    9.1900000000e+00 -9.2878843400e-01 -9.2878802200e-01 -9.2878862600e-01  4.6608928000e-01  4.6608928500e-01  4.6608927800e-01
    9.2000000000e+00 -9.2377287700e-01 -9.2377246500e-01 -9.2377306900e-01  4.6424704600e-01  4.6424705100e-01  4.6424704400e-01
    9.2100000000e+00 -9.1884706900e-01 -9.1884665600e-01 -9.1884726100e-01  4.6241168400e-01  4.6241168900e-01  4.6241168200e-01
    9.2200000000e+00 -9.1400800500e-01 -9.1400759300e-01 -9.1400819800e-01  4.6057477600e-01  4.6057478100e-01  4.6057477500e-01
    9.2300000000e+00 -9.0925204000e-01 -9.0925162700e-01 -9.0925223300e-01  4.5872859000e-01  4.5872859500e-01  4.5872858800e-01
    9.2400000000e+00 -9.0457498500e-01 -9.0457457100e-01 -9.0457517800e-01  4.5686603800e-01  4.5686604300e-01  4.5686603600e-01
    9.2500000000e+00 -8.9997218500e-01 -8.9997177100e-01 -8.9997237800e-01  4.5498063800e-01  4.5498064200e-01  4.5498063600e-01
    9.2600000000e+00 -8.9543856900e-01 -8.9543815600e-01 -8.9543876300e-01  4.5306646900e-01  4.5306647400e-01  4.5306646700e-01
    9.2700000000e+00 -8.9096867800e-01 -8.9096826400e-01 -8.9096887200e-01  4.5111814300e-01  4.5111814800e-01  4.5111814100e-01
    9.2800000000e+00 -8.8655667000e-01 -8.8655625600e-01 -8.8655686400e-01  4.4913077800e-01  4.4913078200e-01  4.4913077600e-01
    9.2900000000e+00 -8.8219631500e-01 -8.8219590000e-01 -8.8219650800e-01  4.4709999200e-01  4.4709999700e-01  4.4709999000e-01
    9.3000000000e+00 -8.7788097500e-01 -8.7788056000e-01 -8.7788116900e-01  4.4502191700e-01  4.4502192200e-01  4.4502191500e-01
    9.3100000000e+00 -8.7360357400e-01 -8.7360315900e-01 -8.7360376800e-01  4.4289322100e-01  4.4289322600e-01  4.4289321900e-01
    9.3200000000e+00 -8.6935655300e-01 -8.6935613700e-01 -8.6935674700e-01  4.4071117900e-01  4.4071118400e-01  4.4071117700e-01
    9.3300000000e+00 -8.6513182700e-01 -8.6513141100e-01 -8.6513202100e-01  4.3847378500e-01  4.3847379000e-01  4.3847378300e-01
    9.3400000000e+00 -8.6092078000e-01 -8.6092036400e-01 -8.6092097500e-01  4.3617993700e-01  4.3617994200e-01  4.3617993500e-01
    9.3500000000e+00 -8.5671433900e-01 -8.5671392200e-01 -8.5671453400e-01  4.3382966400e-01  4.3382966900e-01  4.3382966200e-01
    9.3600000000e+00 -8.5250316100e-01 -8.5250274400e-01 -8.5250335600e-01  4.3142436600e-01  4.3142437100e-01  4.3142436400e-01
    9.3700000000e+00 -8.4827794300e-01 -8.4827752600e-01 -8.4827813800e-01  4.2896699500e-01  4.2896700000e-01  4.2896699300e-01
    9.3800000000e+00 -8.4402981600e-01 -8.4402939900e-01 -8.4403001100e-01  4.2646211100e-01  4.2646211600e-01  4.2646210900e-01
    9.3900000000e+00 -8.3975075200e-01 -8.3975033400e-01 -8.3975094700e-01  4.2391578400e-01  4.2391578800e-01  4.2391578100e-01
    9.4000000000e+00 -8.3543390500e-01 -8.3543348700e-01 -8.3543410100e-01  4.2133535600e-01  4.2133536100e-01  4.2133535400e-01
    9.4100000000e+00 -8.3107383900e-01 -8.3107342000e-01 -8.3107403400e-01  4.1872911800e-01  4.1872912300e-01  4.1872911600e-01
    9.4200000000e+00 -8.2666661400e-01 -8.2666619500e-01 -8.2666680900e-01  4.1610596000e-01  4.1610596500e-01  4.1610595800e-01
    9.4300000000e+00 -8.2220977400e-01 -8.2220935400e-01 -8.2220996900e-01  4.1347508200e-01  4.1347508700e-01  4.1347508000e-01
    9.4400000000e+00 -8.1770227800e-01 -8.1770185800e-01 -8.1770247300e-01  4.1084578100e-01  4.1084578600e-01  4.1084577900e-01
    9.4500000000e+00 -8.1314445000e-01 -8.1314403000e-01 -8.1314464600e-01  4.0822731000e-01  4.0822731500e-01  4.0822730800e-01
    9.4600000000e+00 -8.0853798800e-01 -8.0853756700e-01 -8.0853818400e-01  4.0562877000e-01  4.0562877500e-01  4.0562876800e-01
    9.4700000000e+00 -8.0388602100e-01 -8.0388560000e-01 -8.0388621700e-01  4.0305896000e-01  4.0305896500e-01  4.0305895800e-01
    9.4800000000e+00 -7.9919319700e-01 -7.9919277600e-01 -7.9919339300e-01  4.0052613600e-01  4.0052614100e-01  4.0052613400e-01
    9.4900000000e+00 -7.9446570700e-01 -7.9446528500e-01 -7.9446590300e-01  3.9803766700e-01  3.9803767200e-01  3.9803766500e-01
    9.5000000000e+00 -7.8971118900e-01 -7.8971076700e-01 -7.8971138500e-01  3.9559960800e-01  3.9559961300e-01  3.9559960600e-01
    9.5100000000e+00 -7.8493845500e-01 -7.8493803300e-01 -7.8493865200e-01  3.9321626200e-01  3.9321626700e-01  3.9321626000e-01
    9.5200000000e+00 -7.8015704600e-01 -7.8015662300e-01 -7.8015724300e-01  3.9088981600e-01  3.9088982100e-01  3.9088981400e-01
    9.5300000000e+00 -7.7537663000e-01 -7.7537620700e-01 -7.7537682700e-01  3.8862013000e-01  3.8862013500e-01  3.8862012800e-01
    9.5400000000e+00 -7.7060634600e-01 -7.7060592300e-01 -7.7060654400e-01  3.8640473800e-01  3.8640474300e-01  3.8640473600e-01
    9.5500000000e+00 -7.6585414800e-01 -7.6585372500e-01 -7.6585434600e-01  3.8423907500e-01  3.8423908000e-01  3.8423907300e-01
    9.5600000000e+00 -7.6112625800e-01 -7.6112583400e-01 -7.6112645500e-01  3.8211691200e-01  3.8211691800e-01  3.8211691000e-01
    9.5700000000e+00 -7.5642678900e-01 -7.5642636500e-01 -7.5642698700e-01  3.8003095100e-01  3.8003095600e-01  3.8003094800e-01
    9.5800000000e+00 -7.5175758300e-01 -7.5175715900e-01 -7.5175778100e-01  3.7797349800e-01  3.7797350300e-01  3.7797349600e-01
    9.5900000000e+00 -7.4711827600e-01 -7.4711785100e-01 -7.4711847400e-01  3.7593715200e-01  3.7593715800e-01  3.7593715000e-01
    9.6000000000e+00 -7.4250657100e-01 -7.4250614500e-01 -7.4250676900e-01  3.7391540800e-01  3.7391541300e-01  3.7391540600e-01
    9.6100000000e+00 -7.3791868200e-01 -7.3791825700e-01 -7.3791888100e-01  3.7190312300e-01  3.7190312800e-01  3.7190312100e-01
    9.6200000000e+00 -7.3334988600e-01 -7.3334946000e-01 -7.3335008400e-01  3.6989680400e-01  3.6989680900e-01  3.6989680200e-01
    9.6300000000e+00 -7.2879509600e-01 -7.2879467000e-01 -7.2879529400e-01  3.6789468600e-01  3.6789469200e-01  3.6789468400e-01
    9.6400000000e+00 -7.2424940600e-01 -7.2424898000e-01 -7.2424960500e-01  3.6589662300e-01  3.6589662800e-01  3.6589662000e-01
    9.6500000000e+00 -7.1970852700e-01 -7.1970810000e-01 -7.1970872600e-01  3.6390381300e-01  3.6390381800e-01  3.6390381100e-01
    9.6600000000e+00 -7.1516907400e-01 -7.1516864700e-01 -7.1516927300e-01  3.6191843500e-01  3.6191844100e-01  3.6191843300e-01
    9.6700000000e+00 -7.1062869900e-01 -7.1062827100e-01 -7.1062889800e-01  3.5994324100e-01  3.5994324600e-01  3.5994323900e-01
    9.6800000000e+00 -7.0608606900e-01 -7.0608564000e-01 -7.0608626800e-01  3.5798118100e-01  3.5798118700e-01  3.5798117900e-01
    9.6900000000e+00 -7.0154074700e-01 -7.0154031800e-01 -7.0154094600e-01  3.5603510300e-01  3.5603510900e-01  3.5603510100e-01
    9.7000000000e+00 -6.9699300700e-01 -6.9699257800e-01 -6.9699320600e-01  3.5410754000e-01  3.5410754600e-01  3.5410753800e-01
    9.7100000000e+00 -6.9244362700e-01 -6.9244319800e-01 -6.9244382700e-01  3.5220058600e-01  3.5220059100e-01  3.5220058400e-01
    9.7200000000e+00 -6.8789369100e-01 -6.8789326100e-01 -6.8789389100e-01  3.5031583700e-01  3.5031584200e-01  3.5031583500e-01
    9.7300000000e+00 -6.8334439200e-01 -6.8334396300e-01 -6.8334459300e-01  3.4845439200e-01  3.4845439700e-01  3.4845438900e-01
    9.7400000000e+00 -6.7879686500e-01 -6.7879643400e-01 -6.7879706500e-01  3.4661690100e-01  3.4661690600e-01  3.4661689800e-01
    9.7500000000e+00 -6.7425202700e-01 -6.7425159700e-01 -6.7425222800e-01  3.4480366900e-01  3.4480367500e-01  3.4480366700e-01
    9.7600000000e+00 -6.6971048800e-01 -6.6971005700e-01 -6.6971068800e-01  3.4301480700e-01  3.4301481200e-01  3.4301480500e-01
    9.7700000000e+00 -6.6517250500e-01 -6.6517207400e-01 -6.6517270600e-01  3.4125040100e-01  3.4125040600e-01  3.4125039900e-01
    9.7800000000e+00 -6.6063802700e-01 -6.6063759500e-01 -6.6063822800e-01  3.3951068800e-01  3.3951069300e-01  3.3951068500e-01
    9.7900000000e+00 -6.5610678500e-01 -6.5610635200e-01 -6.5610698600e-01  3.3779618900e-01  3.3779619400e-01  3.3779618700e-01
    9.8000000000e+00 -6.5157842100e-01 -6.5157798800e-01 -6.5157862200e-01  3.3610780100e-01  3.3610780700e-01  3.3610779900e-01
    9.8100000000e+00 -6.4705263600e-01 -6.4705220300e-01 -6.4705283800e-01  3.3444684600e-01  3.3444685200e-01  3.3444684400e-01
    9.8200000000e+00 -6.4252934400e-01 -6.4252891100e-01 -6.4252954500e-01  3.3281508000e-01  3.3281508600e-01  3.3281507800e-01
    9.8300000000e+00 -6.3800883900e-01 -6.3800840500e-01 -6.3800904000e-01  3.3121466600e-01  3.3121467100e-01  3.3121466300e-01
    9.8400000000e+00 -6.3349198100e-01 -6.3349154700e-01 -6.3349218300e-01  3.2964809200e-01  3.2964809800e-01  3.2964809000e-01
    9.8500000000e+00 -6.2898036800e-01 -6.2897993400e-01 -6.2898057000e-01  3.2811800900e-01  3.2811801500e-01  3.2811800700e-01
    9.8600000000e+00 -6.2447645500e-01 -6.2447602100e-01 -6.2447665700e-01  3.2662698100e-01  3.2662698600e-01  3.2662697800e-01
    9.8700000000e+00 -6.1998357800e-01 -6.1998314300e-01 -6.1998378100e-01  3.2517717200e-01  3.2517717700e-01  3.2517716900e-01
    9.8800000000e+00 -6.1550583700e-01 -6.1550540200e-01 -6.1550604000e-01  3.2377002300e-01  3.2377002800e-01  3.2377002000e-01
    9.8900000000e+00 -6.1104784900e-01 -6.1104741400e-01 -6.1104805200e-01  3.2240598000e-01  3.2240598600e-01  3.2240597700e-01
    9.9000000000e+00 -6.0661439800e-01 -6.0661396100e-01 -6.0661460000e-01  3.2108433900e-01  3.2108434400e-01  3.2108433600e-01
    9.9100000000e+00 -6.0221004700e-01 -6.0220961000e-01 -6.0221024900e-01  3.1980324200e-01  3.1980324800e-01  3.1980324000e-01
    9.9200000000e+00 -5.9783879200e-01 -5.9783835500e-01 -5.9783899500e-01  3.1855982900e-01  3.1855983400e-01  3.1855982600e-01
    9.9300000000e+00 -5.9350380800e-01 -5.9350337100e-01 -5.9350401100e-01  3.1735049000e-01  3.1735049600e-01  3.1735048800e-01
    9.9400000000e+00 -5.8920733000e-01 -5.8920689200e-01 -5.8920753300e-01  3.1617118900e-01  3.1617119500e-01  3.1617118600e-01
    9.9500000000e+00 -5.8495065300e-01 -5.8495021400e-01 -5.8495085600e-01  3.1501775200e-01  3.1501775800e-01  3.1501775000e-01
    9.9600000000e+00 -5.8073423300e-01 -5.8073379500e-01 -5.8073443700e-01  3.1388611800e-01  3.1388612400e-01  3.1388611600e-01
    9.9700000000e+00 -5.7655783000e-01 -5.7655739100e-01 -5.7655803400e-01  3.1277249300e-01  3.1277249800e-01  3.1277249000e-01
    9.9800000000e+00 -5.7242064700e-01 -5.7242020700e-01 -5.7242085100e-01  3.1167344300e-01  3.1167344900e-01  3.1167344000e-01
    9.9900000000e+00 -5.6832146300e-01 -5.6832102300e-01 -5.6832166700e-01  3.1058594700e-01  3.1058595300e-01  3.1058594400e-01
    1.0000000000e+01 -5.6425874200e-01 -5.6425830100e-01 -5.6425894600e-01  3.0950741800e-01  3.0950742400e-01  3.0950741600e-01
    1.0010000000e+01 -5.6023073200e-01 -5.6023029100e-01 -5.6023093600e-01  3.0843572500e-01  3.0843573100e-01  3.0843572200e-01
    1.0020000000e+01 -5.5623556900e-01 -5.5623512800e-01 -5.5623577400e-01  3.0736919300e-01  3.0736919900e-01  3.0736919100e-01
    1.0030000000e+01 -5.5227138900e-01 -5.5227094700e-01 -5.5227159400e-01  3.0630660200e-01  3.0630660800e-01  3.0630659900e-01
    1.0040000000e+01 -5.4833643600e-01 -5.4833599400e-01 -5.4833664100e-01  3.0524713800e-01  3.0524714400e-01  3.0524713600e-01
    1.0050000000e+01 -5.4442917500e-01 -5.4442873300e-01 -5.4442938000e-01  3.0419032500e-01  3.0419033100e-01  3.0419032300e-01
    1.0060000000e+01 -5.4054837200e-01 -5.4054793000e-01 -5.4054857800e-01  3.0313590300e-01  3.0313590900e-01  3.0313590100e-01
    1.0070000000e+01 -5.3669313600e-01 -5.3669269300e-01 -5.3669334200e-01  3.0208367400e-01  3.0208368000e-01  3.0208367100e-01
    1.0080000000e+01 -5.3286288400e-01 -5.3286244100e-01 -5.3286309000e-01  3.0103333200e-01  3.0103333800e-01  3.0103332900e-01
    1.0090000000e+01 -5.2905723400e-01 -5.2905679000e-01 -5.2905744000e-01  2.9998430600e-01  2.9998431200e-01  2.9998430300e-01
    1.0100000000e+01 -5.2527581800e-01 -5.2527537400e-01 -5.2527602400e-01  2.9893566700e-01  2.9893567400e-01  2.9893566500e-01
    1.0110000000e+01 -5.2151805900e-01 -5.2151761500e-01 -5.2151826500e-01  2.9788613100e-01  2.9788613700e-01  2.9788612800e-01
    1.0120000000e+01 -5.1778296000e-01 -5.1778251500e-01 -5.1778316700e-01  2.9683416800e-01  2.9683417400e-01  2.9683416500e-01
    1.0130000000e+01 -5.1406896300e-01 -5.1406851800e-01 -5.1406917000e-01  2.9577821900e-01  2.9577822500e-01  2.9577821600e-01
    1.0140000000e+01 -5.1037391900e-01 -5.1037347300e-01 -5.1037412600e-01  2.9471695700e-01  2.9471696300e-01  2.9471695400e-01
    1.0150000000e+01 -5.0669518100e-01 -5.0669473500e-01 -5.0669538800e-01  2.9364954200e-01  2.9364954800e-01  2.9364954000e-01
    1.0160000000e+01 -5.0302979500e-01 -5.0302934800e-01 -5.0303000200e-01  2.9257581400e-01  2.9257582000e-01  2.9257581100e-01
    1.0170000000e+01 -4.9937475300e-01 -4.9937430600e-01 -4.9937496000e-01  2.9149638800e-01  2.9149639400e-01  2.9149638500e-01
    1.0180000000e+01 -4.9572725400e-01 -4.9572680700e-01 -4.9572746200e-01  2.9041265200e-01  2.9041265800e-01  2.9041264900e-01
    1.0190000000e+01 -4.9208493800e-01 -4.9208449000e-01 -4.9208514600e-01  2.8932666900e-01  2.8932667600e-01  2.8932666700e-01
    1.0200000000e+01 -4.8844606200e-01 -4.8844561400e-01 -4.8844627000e-01  2.8824102800e-01  2.8824103400e-01  2.8824102500e-01
    1.0210000000e+01 -4.8480963000e-01 -4.8480918100e-01 -4.8480983800e-01  2.8715864700e-01  2.8715865300e-01  2.8715864400e-01
    1.0220000000e+01 -4.8117545800e-01 -4.8117500900e-01 -4.8117566600e-01  2.8608257100e-01  2.8608257700e-01  2.8608256800e-01
    1.0230000000e+01 -4.7754419500e-01 -4.7754374600e-01 -4.7754440400e-01  2.8501574600e-01  2.8501575200e-01  2.8501574300e-01
    1.0240000000e+01 -4.7391729000e-01 -4.7391684000e-01 -4.7391749800e-01  2.8396079900e-01  2.8396080500e-01  2.8396079600e-01
    1.0250000000e+01 -4.7029689600e-01 -4.7029644600e-01 -4.7029710500e-01  2.8291981600e-01  2.8291982300e-01  2.8291981400e-01
    1.0260000000e+01 -4.6668572700e-01 -4.6668527600e-01 -4.6668593600e-01  2.8189414500e-01  2.8189415100e-01  2.8189414200e-01
    1.0270000000e+01 -4.6308684000e-01 -4.6308638900e-01 -4.6308704900e-01  2.8088421900e-01  2.8088422600e-01  2.8088421600e-01
    1.0280000000e+01 -4.5950336700e-01 -4.5950291500e-01 -4.5950357600e-01  2.7988944900e-01  2.7988945500e-01  2.7988944600e-01
    1.0290000000e+01 -4.5593818800e-01 -4.5593773600e-01 -4.5593839700e-01  2.7890818200e-01  2.7890818800e-01  2.7890817900e-01
    1.0300000000e+01 -4.5239359200e-01 -4.5239313900e-01 -4.5239380100e-01  2.7793777400e-01  2.7793778100e-01  2.7793777200e-01
    1.0310000000e+01 -4.4887093700e-01 -4.4887048400e-01 -4.4887114700e-01  2.7697477900e-01  2.7697478600e-01  2.7697477600e-01
    1.0320000000e+01 -4.4537037900e-01 -4.4536992600e-01 -4.4537058900e-01  2.7601525800e-01  2.7601526500e-01  2.7601525600e-01
    1.0330000000e+01 -4.4189070400e-01 -4.4189025000e-01 -4.4189091400e-01  2.7505519600e-01  2.7505520200e-01  2.7505519300e-01
    1.0340000000e+01 -4.3842931400e-01 -4.3842885900e-01 -4.3842952400e-01  2.7409097100e-01  2.7409097700e-01  2.7409096800e-01
    1.0350000000e+01 -4.3498238700e-01 -4.3498193200e-01 -4.3498259700e-01  2.7311982900e-01  2.7311983600e-01  2.7311982600e-01
    1.0360000000e+01 -4.3154520800e-01 -4.3154475300e-01 -4.3154541800e-01  2.7214028300e-01  2.7214028900e-01  2.7214028000e-01
    1.0370000000e+01 -4.2811263200e-01 -4.2811217600e-01 -4.2811284200e-01  2.7115236900e-01  2.7115237600e-01  2.7115236700e-01
    1.0380000000e+01 -4.2467961500e-01 -4.2467915800e-01 -4.2467982500e-01  2.7015772900e-01  2.7015773500e-01  2.7015772600e-01
    1.0390000000e+01 -4.2124173900e-01 -4.2124128200e-01 -4.2124195000e-01  2.6915947700e-01  2.6915948400e-01  2.6915947400e-01
    1.0400000000e+01 -4.1779564500e-01 -4.1779518800e-01 -4.1779585600e-01  2.6816190500e-01  2.6816191200e-01  2.6816190300e-01
    1.0410000000e+01 -4.1433931600e-01 -4.1433885800e-01 -4.1433952700e-01  2.6717005800e-01  2.6717006500e-01  2.6717005500e-01
    1.0420000000e+01 -4.1087218000e-01 -4.1087172200e-01 -4.1087239100e-01  2.6618925900e-01  2.6618926600e-01  2.6618925600e-01
    1.0430000000e+01 -4.0739505000e-01 -4.0739459100e-01 -4.0739526100e-01  2.6522466500e-01  2.6522467200e-01  2.6522466200e-01
    1.0440000000e+01 -4.0390991800e-01 -4.0390945900e-01 -4.0391013000e-01  2.6428090500e-01  2.6428091200e-01  2.6428090200e-01
    1.0450000000e+01 -4.0041967700e-01 -4.0041921800e-01 -4.0041988900e-01  2.6336183500e-01  2.6336184200e-01  2.6336183200e-01
    1.0460000000e+01 -3.9692781000e-01 -3.9692735000e-01 -3.9692802200e-01  2.6247042000e-01  2.6247042700e-01  2.6247041800e-01
    1.0470000000e+01 -3.9343810200e-01 -3.9343764200e-01 -3.9343831400e-01  2.6160873200e-01  2.6160873900e-01  2.6160872900e-01
    1.0480000000e+01 -3.8995440800e-01 -3.8995394700e-01 -3.8995462100e-01  2.6077802500e-01  2.6077803200e-01  2.6077802300e-01
    1.0490000000e+01 -3.8648050100e-01 -3.8648003900e-01 -3.8648071400e-01  2.5997886900e-01  2.5997887600e-01  2.5997886600e-01
    1.0500000000e+01 -3.8301999400e-01 -3.8301953200e-01 -3.8302020700e-01  2.5921128200e-01  2.5921129000e-01  2.5921128000e-01
    1.0510000000e+01 -3.7957634000e-01 -3.7957587700e-01 -3.7957655300e-01  2.5847485000e-01  2.5847485700e-01  2.5847484800e-01
    1.0520000000e+01 -3.7615286200e-01 -3.7615239900e-01 -3.7615307600e-01  2.5776877200e-01  2.5776877900e-01  2.5776876900e-01
    1.0530000000e+01 -3.7275279000e-01 -3.7275232700e-01 -3.7275300400e-01  2.5709185100e-01  2.5709185800e-01  2.5709184800e-01
    1.0540000000e+01 -3.6937924100e-01 -3.6937877800e-01 -3.6937945500e-01  2.5644243300e-01  2.5644244000e-01  2.5644243000e-01
    1.0550000000e+01 -3.6603513600e-01 -3.6603467200e-01 -3.6603535000e-01  2.5581833500e-01  2.5581834200e-01  2.5581833200e-01
    1.0560000000e+01 -3.6272303600e-01 -3.6272257100e-01 -3.6272325000e-01  2.5521681800e-01  2.5521682600e-01  2.5521681600e-01
    1.0570000000e+01 -3.5944494700e-01 -3.5944448200e-01 -3.5944516100e-01  2.5463465100e-01  2.5463465900e-01  2.5463464800e-01
    1.0580000000e+01 -3.5620214700e-01 -3.5620168100e-01 -3.5620236100e-01  2.5406828100e-01  2.5406828800e-01  2.5406827800e-01
    1.0590000000e+01 -3.5299509600e-01 -3.5299463000e-01 -3.5299531000e-01  2.5351409200e-01  2.5351409900e-01  2.5351408900e-01
    1.0600000000e+01 -3.4982348200e-01 -3.4982301500e-01 -3.4982369700e-01  2.5296869600e-01  2.5296870400e-01  2.5296869400e-01
    1.0610000000e+01 -3.4668640000e-01 -3.4668593200e-01 -3.4668661500e-01  2.5242917500e-01  2.5242918200e-01  2.5242917200e-01
    1.0620000000e+01 -3.4358262300e-01 -3.4358215600e-01 -3.4358283800e-01  2.5189320700e-01  2.5189321500e-01  2.5189320400e-01
    1.0630000000e+01 -3.4051090500e-01 -3.4051043700e-01 -3.4051112100e-01  2.5135904800e-01  2.5135905500e-01  2.5135904500e-01
    1.0640000000e+01 -3.3747020900e-01 -3.3746974000e-01 -3.3747042500e-01  2.5082536000e-01  2.5082536800e-01  2.5082535700e-01
    1.0650000000e+01 -3.3445981300e-01 -3.3445934400e-01 -3.3446002900e-01  2.5029096700e-01  2.5029097400e-01  2.5029096400e-01
    1.0660000000e+01 -3.3147926600e-01 -3.3147879600e-01 -3.3147948200e-01  2.4975459700e-01  2.4975460400e-01  2.4975459400e-01
    1.0670000000e+01 -3.2852821700e-01 -3.2852774700e-01 -3.2852843300e-01  2.4921470900e-01  2.4921471700e-01  2.4921470600e-01
    1.0680000000e+01 -3.2560619400e-01 -3.2560572300e-01 -3.2560641000e-01  2.4866944900e-01  2.4866945600e-01  2.4866944600e-01
    1.0690000000e+01 -3.2271240200e-01 -3.2271193100e-01 -3.2271261900e-01  2.4811672100e-01  2.4811672800e-01  2.4811671800e-01
    1.0700000000e+01 -3.1984560800e-01 -3.1984513600e-01 -3.1984582500e-01  2.4755435200e-01  2.4755435900e-01  2.4755434900e-01
    1.0710000000e+01 -3.1700412000e-01 -3.1700364800e-01 -3.1700433800e-01  2.4698026400e-01  2.4698027200e-01  2.4698026100e-01
    1.0720000000e+01 -3.1418585500e-01 -3.1418538200e-01 -3.1418607200e-01  2.4639261300e-01  2.4639262000e-01  2.4639261000e-01
    1.0730000000e+01 -3.1138842000e-01 -3.1138794700e-01 -3.1138863800e-01  2.4578985800e-01  2.4578986600e-01  2.4578985500e-01
    1.0740000000e+01 -3.0860919800e-01 -3.0860872400e-01 -3.0860941600e-01  2.4517078400e-01  2.4517079200e-01  2.4517078100e-01
    1.0750000000e+01 -3.0584537400e-01 -3.0584490000e-01 -3.0584559200e-01  2.4453449900e-01  2.4453450700e-01  2.4453449600e-01
    1.0760000000e+01 -3.0309394400e-01 -3.0309347000e-01 -3.0309416200e-01  2.4388045300e-01  2.4388046100e-01  2.4388045000e-01
    1.0770000000e+01 -3.0035171100e-01 -3.0035123500e-01 -3.0035192900e-01  2.4320849400e-01  2.4320850200e-01  2.4320849100e-01
    1.0780000000e+01 -2.9761530300e-01 -2.9761482800e-01 -2.9761552200e-01  2.4251896700e-01  2.4251897500e-01  2.4251896400e-01
    1.0790000000e+01 -2.9488126000e-01 -2.9488078400e-01 -2.9488147800e-01  2.4181283000e-01  2.4181283700e-01  2.4181282700e-01
    1.0800000000e+01 -2.9214617100e-01 -2.9214569400e-01 -2.9214638900e-01  2.4109175900e-01  2.4109176700e-01  2.4109175600e-01
    1.0810000000e+01 -2.8940688800e-01 -2.8940641100e-01 -2.8940710700e-01  2.4035820700e-01  2.4035821400e-01  2.4035820400e-01
    1.0820000000e+01 -2.8666077500e-01 -2.8666029700e-01 -2.8666099400e-01  2.3961537400e-01  2.3961538200e-01  2.3961537100e-01
    1.0830000000e+01 -2.8390595400e-01 -2.8390547600e-01 -2.8390617400e-01  2.3886708800e-01  2.3886709600e-01  2.3886708500e-01
    1.0840000000e+01 -2.8114151900e-01 -2.8114104100e-01 -2.8114173900e-01  2.3811757300e-01  2.3811758100e-01  2.3811757000e-01
    1.0850000000e+01 -2.7836764600e-01 -2.7836716700e-01 -2.7836786600e-01  2.3737114900e-01  2.3737115700e-01  2.3737114600e-01
    1.0860000000e+01 -2.7558559300e-01 -2.7558511300e-01 -2.7558581300e-01  2.3663188600e-01  2.3663189400e-01  2.3663188300e-01
    1.0870000000e+01 -2.7279756100e-01 -2.7279708100e-01 -2.7279778200e-01  2.3590329200e-01  2.3590330000e-01  2.3590328900e-01
    1.0880000000e+01 -2.7000646100e-01 -2.7000598000e-01 -2.7000668200e-01  2.3518807000e-01  2.3518807800e-01  2.3518806700e-01
    1.0890000000e+01 -2.6721561000e-01 -2.6721512900e-01 -2.6721583100e-01  2.3448799800e-01  2.3448800600e-01  2.3448799500e-01
    1.0900000000e+01 -2.6442844000e-01 -2.6442795800e-01 -2.6442866100e-01  2.3380393100e-01  2.3380393900e-01  2.3380392800e-01
    1.0910000000e+01 -2.6164825800e-01 -2.6164777500e-01 -2.6164847900e-01  2.3313589200e-01  2.3313590000e-01  2.3313588900e-01
    1.0920000000e+01 -2.5887809900e-01 -2.5887761600e-01 -2.5887832000e-01  2.3248322700e-01  2.3248323500e-01  2.3248322300e-01
    1.0930000000e+01 -2.5612065400e-01 -2.5612017100e-01 -2.5612087600e-01  2.3184474100e-01  2.3184475000e-01  2.3184473800e-01
    1.0940000000e+01 -2.5337826600e-01 -2.5337778200e-01 -2.5337848800e-01  2.3121880600e-01  2.3121881400e-01  2.3121880300e-01
    1.0950000000e+01 -2.5065292400e-01 -2.5065243900e-01 -2.5065314600e-01  2.3060339400e-01  2.3060340200e-01  2.3060339100e-01
    1.0960000000e+01 -2.4794623300e-01 -2.4794574800e-01 -2.4794645500e-01  2.2999608200e-01  2.2999609100e-01  2.2999607900e-01
    1.0970000000e+01 -2.4525932600e-01 -2.4525884000e-01 -2.4525954800e-01  2.2939404100e-01  2.2939404900e-01  2.2939403800e-01
    1.0980000000e+01 -2.4259271500e-01 -2.4259222900e-01 -2.4259293700e-01  2.2879406800e-01  2.2879407600e-01  2.2879406400e-01
    1.0990000000e+01 -2.3994612000e-01 -2.3994563300e-01 -2.3994634200e-01  2.2819269800e-01  2.2819270700e-01  2.2819269500e-01
    1.1000000000e+01 -2.3731831900e-01 -2.3731783100e-01 -2.3731854200e-01  2.2758641100e-01  2.2758641900e-01  2.2758640800e-01
    1.1010000000e+01 -2.3470707300e-01 -2.3470658500e-01 -2.3470729600e-01  2.2697191000e-01  2.2697191800e-01  2.2697190700e-01
    1.1020000000e+01 -2.3210915400e-01 -2.3210866500e-01 -2.3210937700e-01  2.2634645100e-01  2.2634646000e-01  2.2634644800e-01
    1.1030000000e+01 -2.2952050000e-01 -2.2952001100e-01 -2.2952072400e-01  2.2570815900e-01  2.2570816800e-01  2.2570815600e-01
    1.1040000000e+01 -2.2693647800e-01 -2.2693598900e-01 -2.2693670200e-01  2.2505628100e-01  2.2505629000e-01  2.2505627800e-01
    1.1050000000e+01 -2.2435222000e-01 -2.2435173000e-01 -2.2435244400e-01  2.2439134900e-01  2.2439135800e-01  2.2439134600e-01
    1.1060000000e+01 -2.2176299800e-01 -2.2176250700e-01 -2.2176322300e-01  2.2371522700e-01  2.2371523600e-01  2.2371522400e-01
    1.1070000000e+01 -2.1916459400e-01 -2.1916410300e-01 -2.1916481900e-01  2.2303104700e-01  2.2303105600e-01  2.2303104400e-01
    1.1080000000e+01 -2.1655363400e-01 -2.1655314200e-01 -2.1655385900e-01  2.2234304200e-01  2.2234305100e-01  2.2234303900e-01
    1.1090000000e+01 -2.1392786300e-01 -2.1392737000e-01 -2.1392808800e-01  2.2165630500e-01  2.2165631400e-01  2.2165630200e-01
    1.1100000000e+01 -2.1128635100e-01 -2.1128585700e-01 -2.1128657600e-01  2.2097648000e-01  2.2097648800e-01  2.2097647600e-01
    1.1110000000e+01 -2.0862961600e-01 -2.0862912300e-01 -2.0862984200e-01  2.2030941600e-01  2.2030942500e-01  2.2030941300e-01
    1.1120000000e+01 -2.0595967000e-01 -2.0595917500e-01 -2.0595989500e-01  2.1966079700e-01  2.1966080600e-01  2.1966079300e-01
    1.1130000000e+01 -2.0327996000e-01 -2.0327946500e-01 -2.0328018600e-01  2.1903575300e-01  2.1903576200e-01  2.1903575000e-01
    1.1140000000e+01 -2.0059523300e-01 -2.0059473800e-01 -2.0059545900e-01  2.1843849200e-01  2.1843850000e-01  2.1843848800e-01
    1.1150000000e+01 -1.9791128900e-01 -1.9791079300e-01 -1.9791151600e-01  2.1787194500e-01  2.1787195400e-01  2.1787194200e-01
    1.1160000000e+01 -1.9523463800e-01 -1.9523414100e-01 -1.9523486400e-01  2.1733748600e-01  2.1733749400e-01  2.1733748200e-01
    1.1170000000e+01 -1.9257206100e-01 -1.9257156400e-01 -1.9257228800e-01  2.1683471500e-01  2.1683472400e-01  2.1683471100e-01
    1.1180000000e+01 -1.8993010700e-01 -1.8992960900e-01 -1.8993033400e-01  2.1636138900e-01  2.1636139800e-01  2.1636138500e-01
    1.1190000000e+01 -1.8731453100e-01 -1.8731403200e-01 -1.8731475800e-01  2.1591349500e-01  2.1591350400e-01  2.1591349200e-01
    1.1200000000e+01 -1.8472976900e-01 -1.8472927000e-01 -1.8472999600e-01  2.1548551700e-01  2.1548552600e-01  2.1548551300e-01
    1.1210000000e+01 -1.8217849100e-01 -1.8217799100e-01 -1.8217871900e-01  2.1507087900e-01  2.1507088800e-01  2.1507087600e-01
    1.1220000000e+01 -1.7966131700e-01 -1.7966081700e-01 -1.7966154500e-01  2.1466254900e-01  2.1466255800e-01  2.1466254500e-01
    1.1230000000e+01 -1.7717675900e-01 -1.7717625800e-01 -1.7717698700e-01  2.1425371200e-01  2.1425372100e-01  2.1425370900e-01
    1.1240000000e+01 -1.7472140100e-01 -1.7472090000e-01 -1.7472163000e-01  2.1383844900e-01  2.1383845800e-01  2.1383844600e-01
    1.1250000000e+01 -1.7229031500e-01 -1.7228981300e-01 -1.7229054400e-01  2.1341230300e-01  2.1341231200e-01  2.1341229900e-01
    1.1260000000e+01 -1.6987763800e-01 -1.6987713600e-01 -1.6987786700e-01  2.1297266300e-01  2.1297267200e-01  2.1297266000e-01
    1.1270000000e+01 -1.6747725000e-01 -1.6747674600e-01 -1.6747747900e-01  2.1251892400e-01  2.1251893300e-01  2.1251892000e-01
    1.1280000000e+01 -1.6508343900e-01 -1.6508293500e-01 -1.6508366800e-01  2.1205238700e-01  2.1205239600e-01  2.1205238300e-01
    1.1290000000e+01 -1.6269148400e-01 -1.6269097900e-01 -1.6269171400e-01  2.1157594500e-01  2.1157595500e-01  2.1157594200e-01
    1.1300000000e+01 -1.6029805700e-01 -1.6029755200e-01 -1.6029828700e-01  2.1109359700e-01  2.1109360700e-01  2.1109359400e-01
    1.1310000000e+01 -1.5790141600e-01 -1.5790091000e-01 -1.5790164600e-01  2.1060987000e-01  2.1060987900e-01  2.1060986600e-01
    1.1320000000e+01 -1.5550136900e-01 -1.5550086300e-01 -1.5550160000e-01  2.1012924700e-01  2.1012925600e-01  2.1012924300e-01
    1.1330000000e+01 -1.5309904800e-01 -1.5309854000e-01 -1.5309927800e-01  2.0965569400e-01  2.0965570300e-01  2.0965569000e-01
    1.1340000000e+01 -1.5069654000e-01 -1.5069603200e-01 -1.5069677100e-01  2.0919233000e-01  2.0919234000e-01  2.0919232600e-01
    1.1350000000e+01 -1.4829648600e-01 -1.4829597700e-01 -1.4829671700e-01  2.0874128600e-01  2.0874129500e-01  2.0874128200e-01
    1.1360000000e+01 -1.4590169300e-01 -1.4590118400e-01 -1.4590192500e-01  2.0830372300e-01  2.0830373300e-01  2.0830371900e-01
    1.1370000000e+01 -1.4351484500e-01 -1.4351433600e-01 -1.4351507700e-01  2.0787997800e-01  2.0787998800e-01  2.0787997400e-01
    1.1380000000e+01 -1.4113831500e-01 -1.4113780400e-01 -1.4113854600e-01  2.0746976300e-01  2.0746977300e-01  2.0746975900e-01
    1.1390000000e+01 -1.3877409000e-01 -1.3877357900e-01 -1.3877432200e-01  2.0707238100e-01  2.0707239000e-01  2.0707237700e-01
    1.1400000000e+01 -1.3642378500e-01 -1.3642327300e-01 -1.3642401700e-01  2.0668689900e-01  2.0668690900e-01  2.0668689500e-01
    1.1410000000e+01 -1.3408869500e-01 -1.3408818300e-01 -1.3408892700e-01  2.0631227500e-01  2.0631228500e-01  2.0631227200e-01
    1.1420000000e+01 -1.3176987600e-01 -1.3176936300e-01 -1.3177010900e-01  2.0594742200e-01  2.0594743200e-01  2.0594741900e-01
    1.1430000000e+01 -1.2946821100e-01 -1.2946769700e-01 -1.2946844400e-01  2.0559122300e-01  2.0559123300e-01  2.0559122000e-01
    1.1440000000e+01 -1.2718444600e-01 -1.2718393200e-01 -1.2718467900e-01  2.0524251800e-01  2.0524252800e-01  2.0524251400e-01
    1.1450000000e+01 -1.2491920600e-01 -1.2491869100e-01 -1.2491943900e-01  2.0490007700e-01  2.0490008700e-01  2.0490007400e-01
    1.1460000000e+01 -1.2267296700e-01 -1.2267245100e-01 -1.2267320100e-01  2.0456258600e-01  2.0456259600e-01  2.0456258200e-01
    1.1470000000e+01 -1.2044602300e-01 -1.2044550700e-01 -1.2044625700e-01  2.0422864100e-01  2.0422865100e-01  2.0422863700e-01
    1.1480000000e+01 -1.1823843500e-01 -1.1823791800e-01 -1.1823866900e-01  2.0389678900e-01  2.0389679900e-01  2.0389678500e-01
    1.1490000000e+01 -1.1605000100e-01 -1.1604948300e-01 -1.1605023500e-01  2.0356558100e-01  2.0356559100e-01  2.0356557700e-01
    1.1500000000e+01 -1.1388025200e-01 -1.1387973400e-01 -1.1388048700e-01  2.0323365900e-01  2.0323366900e-01  2.0323365500e-01
    1.1510000000e+01 -1.1172849000e-01 -1.1172797100e-01 -1.1172872500e-01  2.0289984000e-01  2.0289985100e-01  2.0289983700e-01
    1.1520000000e+01 -1.0959386400e-01 -1.0959334400e-01 -1.0959409900e-01  2.0256318700e-01  2.0256319700e-01  2.0256318300e-01
    1.1530000000e+01 -1.0747547900e-01 -1.0747495900e-01 -1.0747571500e-01  2.0222302500e-01  2.0222303500e-01  2.0222302100e-01
    1.1540000000e+01 -1.0537251100e-01 -1.0537199000e-01 -1.0537274600e-01  2.0187891300e-01  2.0187892400e-01  2.0187890900e-01
    1.1550000000e+01 -1.0328427500e-01 -1.0328375300e-01 -1.0328451100e-01  2.0153055600e-01  2.0153056600e-01  2.0153055200e-01
    1.1560000000e+01 -1.0121025100e-01 -1.0120972800e-01 -1.0121048700e-01  2.0117768200e-01  2.0117769200e-01  2.0117767800e-01
    1.1570000000e+01 -9.9150023000e-02 -9.9149500000e-02 -9.9150259000e-02  2.0081994500e-01  2.0081995500e-01  2.0081994100e-01
    1.1580000000e+01 -9.7103176000e-02 -9.7102652000e-02 -9.7103413000e-02  2.0045686600e-01  2.0045687600e-01  2.0045686200e-01
    1.1590000000e+01 -9.5069173000e-02 -9.5068648000e-02 -9.5069410000e-02  2.0008786200e-01  2.0008787200e-01  2.0008785800e-01
    1.1600000000e+01 -9.3047270000e-02 -9.3046745000e-02 -9.3047507000e-02  1.9971233800e-01  1.9971234800e-01  1.9971233400e-01
    1.1610000000e+01 -9.1036503000e-02 -9.1035977000e-02 -9.1036741000e-02  1.9932982600e-01  1.9932983700e-01  1.9932982200e-01
    1.1620000000e+01 -8.9035758000e-02 -8.9035231000e-02 -8.9035996000e-02  1.9894011700e-01  1.9894012800e-01  1.9894011300e-01
    1.1630000000e+01 -8.7043911000e-02 -8.7043383000e-02 -8.7044149000e-02  1.9854333200e-01  1.9854334300e-01  1.9854332800e-01
    1.1640000000e+01 -8.5059999000e-02 -8.5059471000e-02 -8.5060238000e-02  1.9813991300e-01  1.9813992400e-01  1.9813990900e-01
    1.1650000000e+01 -8.3083368000e-02 -8.3082840000e-02 -8.3083607000e-02  1.9773051800e-01  1.9773052900e-01  1.9773051400e-01
    1.1660000000e+01 -8.1113753000e-02 -8.1113223000e-02 -8.1113991000e-02  1.9731585400e-01  1.9731586500e-01  1.9731585000e-01
    1.1670000000e+01 -7.9151263000e-02 -7.9150733000e-02 -7.9151502000e-02  1.9689647900e-01  1.9689649000e-01  1.9689647500e-01
    1.1680000000e+01 -7.7196282000e-02 -7.7195751000e-02 -7.7196522000e-02  1.9647262900e-01  1.9647264000e-01  1.9647262500e-01
    1.1690000000e+01 -7.5249281000e-02 -7.5248750000e-02 -7.5249521000e-02  1.9604410900e-01  1.9604412000e-01  1.9604410500e-01
    1.1700000000e+01 -7.3310605000e-02 -7.3310073000e-02 -7.3310845000e-02  1.9561027300e-01  1.9561028500e-01  1.9561026900e-01
    1.1710000000e+01 -7.1380259000e-02 -7.1379726000e-02 -7.1380499000e-02  1.9517011600e-01  1.9517012700e-01  1.9517011200e-01
    1.1720000000e+01 -6.9457752000e-02 -6.9457218000e-02 -6.9457993000e-02  1.9472243600e-01  1.9472244700e-01  1.9472243200e-01
    1.1730000000e+01 -6.7542027000e-02 -6.7541492000e-02 -6.7542267000e-02  1.9426607400e-01  1.9426608500e-01  1.9426606900e-01
    1.1740000000e+01 -6.5631490000e-02 -6.5630955000e-02 -6.5631731000e-02  1.9380015600e-01  1.9380016700e-01  1.9380015200e-01
    1.1750000000e+01 -6.3724156000e-02 -6.3723620000e-02 -6.3724397000e-02  1.9332431300e-01  1.9332432500e-01  1.9332430900e-01
    1.1760000000e+01 -6.1817858000e-02 -6.1817321000e-02 -6.1818100000e-02  1.9283882000e-01  1.9283883100e-01  1.9283881600e-01
    1.1770000000e+01 -5.9910517000e-02 -5.9909979000e-02 -5.9910759000e-02  1.9234463400e-01  1.9234464600e-01  1.9234463000e-01
    1.1780000000e+01 -5.8000389000e-02 -5.7999851000e-02 -5.8000631000e-02  1.9184333600e-01  1.9184334700e-01  1.9184333200e-01
    1.1790000000e+01 -5.6086278000e-02 -5.6085739000e-02 -5.6086520000e-02  1.9133696000e-01  1.9133697100e-01  1.9133695500e-01
    1.1800000000e+01 -5.4167662000e-02 -5.4167123000e-02 -5.4167905000e-02  1.9082777500e-01  1.9082778700e-01  1.9082777100e-01
    1.1810000000e+01 -5.2244730000e-02 -5.2244190000e-02 -5.2244973000e-02  1.9031802800e-01  1.9031804000e-01  1.9031802400e-01
    1.1820000000e+01 -5.0318317000e-02 -5.0317776000e-02 -5.0318560000e-02  1.8980969600e-01  1.8980970700e-01  1.8980969200e-01
    1.1830000000e+01 -4.8389754000e-02 -4.8389212000e-02 -4.8389998000e-02  1.8930428200e-01  1.8930429400e-01  1.8930427800e-01
    1.1840000000e+01 -4.6460658000e-02 -4.6460115000e-02 -4.6460902000e-02  1.8880269000e-01  1.8880270100e-01  1.8880268500e-01
    1.1850000000e+01 -4.4532688000e-02 -4.4532144000e-02 -4.4532932000e-02  1.8830518100e-01  1.8830519200e-01  1.8830517600e-01
    1.1860000000e+01 -4.2607311000e-02 -4.2606767000e-02 -4.2607556000e-02  1.8781144000e-01  1.8781145200e-01  1.8781143600e-01
    1.1870000000e+01 -4.0685628000e-02 -4.0685082000e-02 -4.0685872000e-02  1.8732071800e-01  1.8732073000e-01  1.8732071400e-01
    1.1880000000e+01 -3.8768264000e-02 -3.8767718000e-02 -3.8768509000e-02  1.8683202500e-01  1.8683203700e-01  1.8683202000e-01
    1.1890000000e+01 -3.6855368000e-02 -3.6854821000e-02 -3.6855614000e-02  1.8634433500e-01  1.8634434600e-01  1.8634433000e-01
    1.1900000000e+01 -3.4946676000e-02 -3.4946128000e-02 -3.4946921000e-02  1.8585676100e-01  1.8585677300e-01  1.8585675700e-01
    1.1910000000e+01 -3.3041635000e-02 -3.3041087000e-02 -3.3041881000e-02  1.8536867400e-01  1.8536868600e-01  1.8536867000e-01
    1.1920000000e+01 -3.1139550000e-02 -3.1139001000e-02 -3.1139796000e-02  1.8487974900e-01  1.8487976100e-01  1.8487974500e-01
    1.1930000000e+01 -2.9239710000e-02 -2.9239160000e-02 -2.9239957000e-02  1.8438995300e-01  1.8438996500e-01  1.8438994900e-01
    1.1940000000e+01 -2.7341492000e-02 -2.7340941000e-02 -2.7341739000e-02  1.8389949100e-01  1.8389950300e-01  1.8389948600e-01
    1.1950000000e+01 -2.5444418000e-02 -2.5443866000e-02 -2.5444665000e-02  1.8340872400e-01  1.8340873600e-01  1.8340871900e-01
    1.1960000000e+01 -2.3548171000e-02 -2.3547618000e-02 -2.3548418000e-02  1.8291809000e-01  1.8291810200e-01  1.8291808500e-01
    1.1970000000e+01 -2.1652582000e-02 -2.1652029000e-02 -2.1652830000e-02  1.8242803600e-01  1.8242804800e-01  1.8242803100e-01
    1.1980000000e+01 -1.9757601000e-02 -1.9757047000e-02 -1.9757849000e-02  1.8193897500e-01  1.8193898700e-01  1.8193897000e-01
    1.1990000000e+01 -1.7863260000e-02 -1.7862705000e-02 -1.7863508000e-02  1.8145126300e-01  1.8145127500e-01  1.8145125800e-01
    1.2000000000e+01 -1.5969648000e-02 -1.5969092000e-02 -1.5969897000e-02  1.8096519000e-01  1.8096520300e-01  1.8096518600e-01
    1.2010000000e+01 -1.4076895000e-02 -1.4076339000e-02 -1.4077144000e-02  1.8048097400e-01  1.8048098700e-01  1.8048097000e-01
    1.2020000000e+01 -1.2185155000e-02 -1.2184597000e-02 -1.2185404000e-02  1.7999874200e-01  1.7999875500e-01  1.7999873800e-01
    1.2030000000e+01 -1.0294575000e-02 -1.0294016000e-02 -1.0294824000e-02  1.7951851300e-01  1.7951852600e-01  1.7951850900e-01
    1.2040000000e+01 -8.4052430000e-03 -8.4046840000e-03 -8.4054930000e-03  1.7904018300e-01  1.7904019600e-01  1.7904017900e-01
    1.2050000000e+01 -6.5171210000e-03 -6.5165610000e-03 -6.5173710000e-03  1.7856353800e-01  1.7856355100e-01  1.7856353300e-01
    1.2060000000e+01 -4.6299710000e-03 -4.6294100000e-03 -4.6302220000e-03  1.7808830700e-01  1.7808832000e-01  1.7808830300e-01
    1.2070000000e+01 -2.7433060000e-03 -2.7427440000e-03 -2.7435560000e-03  1.7761426500e-01  1.7761427800e-01  1.7761426100e-01
    1.2080000000e+01 -8.5639100000e-04 -8.5582800000e-04 -8.5664100000e-04  1.7714135700e-01  1.7714137000e-01  1.7714135200e-01
    1.2090000000e+01  1.0316850000e-03  1.0322490000e-03  1.0314340000e-03  1.7666983300e-01  1.7666984600e-01  1.7666982900e-01
    1.2100000000e+01  2.9218680000e-03  2.9224330000e-03  2.9216170000e-03  1.7620035100e-01  1.7620036400e-01  1.7620034600e-01
    1.2110000000e+01  4.8149530000e-03  4.8155180000e-03  4.8147010000e-03  1.7573400100e-01  1.7573401400e-01  1.7573399600e-01
    1.2120000000e+01  6.7113740000e-03  6.7119400000e-03  6.7111220000e-03  1.7527224200e-01  1.7527225600e-01  1.7527223800e-01
    1.2130000000e+01  8.6110410000e-03  8.6116080000e-03  8.6107880000e-03  1.7481673700e-01  1.7481675000e-01  1.7481673200e-01
    1.2140000000e+01  1.0513253000e-02  1.0513821000e-02  1.0513000000e-02  1.7436910400e-01  1.7436911800e-01  1.7436910000e-01
    1.2150000000e+01  1.2416739000e-02  1.2417308000e-02  1.2416486000e-02  1.7393064800e-01  1.7393066100e-01  1.7393064300e-01
    1.2160000000e+01  1.4319823000e-02  1.4320393000e-02  1.4319570000e-02  1.7350210500e-01  1.7350211900e-01  1.7350210000e-01
    1.2170000000e+01  1.6220707000e-02  1.6221278000e-02  1.6220453000e-02  1.7308349700e-01  1.7308351100e-01  1.7308349200e-01
    1.2180000000e+01  1.8117803000e-02  1.8118374000e-02  1.8117548000e-02  1.7267410600e-01  1.7267412000e-01  1.7267410200e-01
    1.2190000000e+01  2.0010063000e-02  2.0010636000e-02  2.0009809000e-02  1.7227262200e-01  1.7227263600e-01  1.7227261700e-01
    1.2200000000e+01  2.1897226000e-02  2.1897800000e-02  2.1896972000e-02  1.7187742200e-01  1.7187743600e-01  1.7187741700e-01
    1.2210000000e+01  2.3779916000e-02  2.3780490000e-02  2.3779661000e-02  1.7148695600e-01  1.7148697000e-01  1.7148695100e-01
    1.2220000000e+01  2.5659563000e-02  2.5660138000e-02  2.5659307000e-02  1.7110014700e-01  1.7110016000e-01  1.7110014200e-01
    1.2230000000e+01  2.7538156000e-02  2.7538732000e-02  2.7537900000e-02  1.7071673500e-01  1.7071674900e-01  1.7071673000e-01
    1.2240000000e+01  2.9417857000e-02  2.9418434000e-02  2.9417601000e-02  1.7033749100e-01  1.7033750500e-01  1.7033748600e-01
    1.2250000000e+01  3.1300560000e-02  3.1301138000e-02  3.1300304000e-02  1.6996424700e-01  1.6996426100e-01  1.6996424200e-01
    1.2260000000e+01  3.3187459000e-02  3.3188038000e-02  3.3187202000e-02  1.6959975600e-01  1.6959977000e-01  1.6959975100e-01
    1.2270000000e+01  3.5078713000e-02  3.5079293000e-02  3.5078456000e-02  1.6924737800e-01  1.6924739300e-01  1.6924737300e-01
    1.2280000000e+01  3.6973245000e-02  3.6973826000e-02  3.6972988000e-02  1.6891067900e-01  1.6891069400e-01  1.6891067400e-01
    1.2290000000e+01  3.8868711000e-02  3.8869293000e-02  3.8868454000e-02  1.6859296800e-01  1.6859298200e-01  1.6859296300e-01
    1.2300000000e+01  4.0761626000e-02  4.0762209000e-02  4.0761368000e-02  1.6829685800e-01  1.6829687200e-01  1.6829685300e-01
    1.2310000000e+01  4.2647639000e-02  4.2648223000e-02  4.2647380000e-02  1.6802390500e-01  1.6802392000e-01  1.6802390000e-01
    1.2320000000e+01  4.4521921000e-02  4.4522506000e-02  4.4521662000e-02  1.6777435400e-01  1.6777436900e-01  1.6777434900e-01
    1.2330000000e+01  4.6379612000e-02  4.6380198000e-02  4.6379353000e-02  1.6754703500e-01  1.6754705000e-01  1.6754703000e-01
    1.2340000000e+01  4.8216279000e-02  4.8216866000e-02  4.8216020000e-02  1.6733942200e-01  1.6733943700e-01  1.6733941700e-01
    1.2350000000e+01  5.0028321000e-02  5.0028909000e-02  5.0028062000e-02  1.6714784600e-01  1.6714786100e-01  1.6714784100e-01
    1.2360000000e+01  5.1813271000e-02  5.1813859000e-02  5.1813011000e-02  1.6696783000e-01  1.6696784500e-01  1.6696782500e-01
    1.2370000000e+01  5.3569948000e-02  5.3570537000e-02  5.3569687000e-02  1.6679450300e-01  1.6679451700e-01  1.6679449700e-01
    1.2380000000e+01  5.5298459000e-02  5.5299049000e-02  5.5298198000e-02  1.6662301600e-01  1.6662303100e-01  1.6662301100e-01
    1.2390000000e+01  5.7000044000e-02  5.7000636000e-02  5.6999783000e-02  1.6644891200e-01  1.6644892700e-01  1.6644890700e-01
    1.2400000000e+01  5.8676834000e-02  5.8677426000e-02  5.8676572000e-02  1.6626838100e-01  1.6626839600e-01  1.6626837600e-01
    1.2410000000e+01  6.0331556000e-02  6.0332150000e-02  6.0331295000e-02  1.6607839300e-01  1.6607840800e-01  1.6607838700e-01
    1.2420000000e+01  6.1967280000e-02  6.1967875000e-02  6.1967018000e-02  1.6587671100e-01  1.6587672700e-01  1.6587670600e-01
    1.2430000000e+01  6.3587206000e-02  6.3587802000e-02  6.3586944000e-02  1.6566184400e-01  1.6566185900e-01  1.6566183900e-01
    1.2440000000e+01  6.5194535000e-02  6.5195131000e-02  6.5194272000e-02  1.6543295400e-01  1.6543296900e-01  1.6543294900e-01
    1.2450000000e+01  6.6792384000e-02  6.6792981000e-02  6.6792121000e-02  1.6518979200e-01  1.6518980800e-01  1.6518978700e-01
    1.2460000000e+01  6.8383720000e-02  6.8384319000e-02  6.8383457000e-02  1.6493265200e-01  1.6493266800e-01  1.6493264700e-01
    1.2470000000e+01  6.9971282000e-02  6.9971881000e-02  6.9971018000e-02  1.6466233900e-01  1.6466235400e-01  1.6466233300e-01
    1.2480000000e+01  7.1557473000e-02  7.1558074000e-02  7.1557209000e-02  1.6438012400e-01  1.6438014000e-01  1.6438011900e-01
    1.2490000000e+01  7.3144257000e-02  7.3144859000e-02  7.3143992000e-02  1.6408765600e-01  1.6408767200e-01  1.6408765100e-01
    1.2500000000e+01  7.4733061000e-02  7.4733664000e-02  7.4732796000e-02  1.6378682100e-01  1.6378683700e-01  1.6378681600e-01
    1.2510000000e+01  7.6324750000e-02  7.6325354000e-02  7.6324485000e-02  1.6347955800e-01  1.6347957400e-01  1.6347955300e-01
    1.2520000000e+01  7.7919669000e-02  7.7920274000e-02  7.7919404000e-02  1.6316767300e-01  1.6316768900e-01  1.6316766800e-01
    1.2530000000e+01  7.9517766000e-02  7.9518372000e-02  7.9517500000e-02  1.6285268200e-01  1.6285269800e-01  1.6285267600e-01
    1.2540000000e+01  8.1118759000e-02  8.1119367000e-02  8.1118493000e-02  1.6253571700e-01  1.6253573300e-01  1.6253571100e-01
    1.2550000000e+01  8.2722335000e-02  8.2722943000e-02  8.2722068000e-02  1.6221751600e-01  1.6221753200e-01  1.6221751100e-01
    1.2560000000e+01  8.4328317000e-02  8.4328926000e-02  8.4328050000e-02  1.6189848800e-01  1.6189850400e-01  1.6189848200e-01
    1.2570000000e+01  8.5936807000e-02  8.5937417000e-02  8.5936539000e-02  1.6157883700e-01  1.6157885400e-01  1.6157883200e-01
    1.2580000000e+01  8.7548251000e-02  8.7548863000e-02  8.7547983000e-02  1.6125874600e-01  1.6125876300e-01  1.6125874100e-01
    1.2590000000e+01  8.9163437000e-02  8.9164050000e-02  8.9163169000e-02  1.6093856500e-01  1.6093858200e-01  1.6093856000e-01
    1.2600000000e+01  9.0783400000e-02  9.0784014000e-02  9.0783132000e-02  1.6061899900e-01  1.6061901600e-01  1.6061899400e-01
    1.2610000000e+01  9.2409253000e-02  9.2409867000e-02  9.2408984000e-02  1.6030124800e-01  1.6030126500e-01  1.6030124200e-01
    1.2620000000e+01  9.4041960000e-02  9.4042575000e-02  9.4041690000e-02  1.5998705900e-01  1.5998707600e-01  1.5998705300e-01
    1.2630000000e+01  9.5682095000e-02  9.5682712000e-02  9.5681825000e-02  1.5967868600e-01  1.5967870300e-01  1.5967868000e-01
    1.2640000000e+01  9.7329634000e-02  9.7330252000e-02  9.7329364000e-02  1.5937873700e-01  1.5937875400e-01  1.5937873100e-01
    1.2650000000e+01  9.8983822000e-02  9.8984441000e-02  9.8983552000e-02  1.5908995000e-01  1.5908996800e-01  1.5908994500e-01
    1.2660000000e+01  1.0064314200e-01  1.0064376300e-01  1.0064287100e-01  1.5881493700e-01  1.5881495400e-01  1.5881493100e-01
    1.2670000000e+01  1.0230538800e-01  1.0230600900e-01  1.0230511700e-01  1.5855593500e-01  1.5855595200e-01  1.5855592900e-01
    1.2680000000e+01  1.0396780900e-01  1.0396843200e-01  1.0396753800e-01  1.5831461700e-01  1.5831463400e-01  1.5831461100e-01
    1.2690000000e+01  1.0562730900e-01  1.0562793300e-01  1.0562703700e-01  1.5809197600e-01  1.5809199300e-01  1.5809197000e-01
    1.2700000000e+01  1.0728064100e-01  1.0728126600e-01  1.0728036800e-01  1.5788827800e-01  1.5788829500e-01  1.5788827200e-01
    1.2710000000e+01  1.0892459400e-01  1.0892522000e-01  1.0892432100e-01  1.5770308200e-01  1.5770309900e-01  1.5770307600e-01
    1.2720000000e+01  1.1055614300e-01  1.1055677000e-01  1.1055587000e-01  1.5753529700e-01  1.5753531500e-01  1.5753529100e-01
    1.2730000000e+01  1.1217256200e-01  1.1217319000e-01  1.1217228800e-01  1.5738326000e-01  1.5738327800e-01  1.5738325400e-01
    1.2740000000e+01  1.1377151100e-01  1.1377214100e-01  1.1377123700e-01  1.5724481600e-01  1.5724483400e-01  1.5724481100e-01
    1.2750000000e+01  1.1535110900e-01  1.1535174000e-01  1.1535083400e-01  1.5711740000e-01  1.5711741800e-01  1.5711739400e-01
    1.2760000000e+01  1.1690999600e-01  1.1691062800e-01  1.1690972100e-01  1.5699811000e-01  1.5699812900e-01  1.5699810400e-01
    1.2770000000e+01  1.1844740700e-01  1.1844804100e-01  1.1844713200e-01  1.5688380000e-01  1.5688381800e-01  1.5688379400e-01
    1.2780000000e+01  1.1996323900e-01  1.1996387300e-01  1.1996296300e-01  1.5677118900e-01  1.5677120800e-01  1.5677118300e-01
    1.2790000000e+01  1.2145809500e-01  1.2145873100e-01  1.2145781900e-01  1.5665701100e-01  1.5665702900e-01  1.5665700500e-01
    1.2800000000e+01  1.2293330400e-01  1.2293394100e-01  1.2293302800e-01  1.5653818600e-01  1.5653820500e-01  1.5653818000e-01
    1.2810000000e+01  1.2439086600e-01  1.2439150400e-01  1.2439059000e-01  1.5641202000e-01  1.5641203900e-01  1.5641201400e-01
    1.2820000000e+01  1.2583334100e-01  1.2583398100e-01  1.2583306400e-01  1.5627637500e-01  1.5627639300e-01  1.5627636900e-01
    1.2830000000e+01  1.2726367300e-01  1.2726431400e-01  1.2726339600e-01  1.5612980400e-01  1.5612982300e-01  1.5612979800e-01
    1.2840000000e+01  1.2868498300e-01  1.2868562500e-01  1.2868470500e-01  1.5597162200e-01  1.5597164000e-01  1.5597161500e-01
    1.2850000000e+01  1.3010035500e-01  1.3010099800e-01  1.3010007700e-01  1.5580189300e-01  1.5580191200e-01  1.5580188700e-01
    1.2860000000e+01  1.3151264700e-01  1.3151329200e-01  1.3151236800e-01  1.5562136900e-01  1.5562138800e-01  1.5562136200e-01
    1.2870000000e+01  1.3292434500e-01  1.3292499100e-01  1.3292406600e-01  1.5543136300e-01  1.5543138300e-01  1.5543135700e-01
    1.2880000000e+01  1.3433746100e-01  1.3433810800e-01  1.3433718200e-01  1.5523361800e-01  1.5523363700e-01  1.5523361200e-01
    1.2890000000e+01  1.3575348500e-01  1.3575413300e-01  1.3575320500e-01  1.5503014600e-01  1.5503016600e-01  1.5503014000e-01
    1.2900000000e+01  1.3717337600e-01  1.3717402600e-01  1.3717309600e-01  1.5482308700e-01  1.5482310700e-01  1.5482308100e-01
    1.2910000000e+01  1.3859759900e-01  1.3859825000e-01  1.3859731800e-01  1.5461457500e-01  1.5461459500e-01  1.5461456900e-01
    1.2920000000e+01  1.4002618900e-01  1.4002684100e-01  1.4002590800e-01  1.5440663500e-01  1.5440665500e-01  1.5440662900e-01
    1.2930000000e+01  1.4145883200e-01  1.4145948600e-01  1.4145855100e-01  1.5420111500e-01  1.5420113500e-01  1.5420110800e-01
    1.2940000000e+01  1.4289496000e-01  1.4289561500e-01  1.4289467800e-01  1.5399965300e-01  1.5399967300e-01  1.5399964600e-01
    1.2950000000e+01  1.4433381500e-01  1.4433447100e-01  1.4433353200e-01  1.5380368600e-01  1.5380370600e-01  1.5380367900e-01
    1.2960000000e+01  1.4577449900e-01  1.4577515700e-01  1.4577421700e-01  1.5361447300e-01  1.5361449300e-01  1.5361446600e-01
    1.2970000000e+01  1.4721598500e-01  1.4721664400e-01  1.4721570200e-01  1.5343312400e-01  1.5343314400e-01  1.5343311800e-01
    1.2980000000e+01  1.4865709400e-01  1.4865775400e-01  1.4865681000e-01  1.5326060600e-01  1.5326062600e-01  1.5326059900e-01
    1.2990000000e+01  1.5009646900e-01  1.5009713000e-01  1.5009618500e-01  1.5309771100e-01  1.5309773100e-01  1.5309770400e-01
    1.3000000000e+01  1.5153256900e-01  1.5153323200e-01  1.5153228500e-01  1.5294498900e-01  1.5294500900e-01  1.5294498200e-01
    1.3010000000e+01  1.5296370300e-01  1.5296436700e-01  1.5296341800e-01  1.5280265700e-01  1.5280267700e-01  1.5280265000e-01
    1.3020000000e+01  1.5438811600e-01  1.5438878100e-01  1.5438783000e-01  1.5267050900e-01  1.5267053000e-01  1.5267050200e-01
    1.3030000000e+01  1.5580413900e-01  1.5580480600e-01  1.5580385300e-01  1.5254787000e-01  1.5254789100e-01  1.5254786300e-01
    1.3040000000e+01  1.5721036100e-01  1.5721102900e-01  1.5721007400e-01  1.5243361100e-01  1.5243363200e-01  1.5243360500e-01
    1.3050000000e+01  1.5860579400e-01  1.5860646400e-01  1.5860550700e-01  1.5232625700e-01  1.5232627900e-01  1.5232625100e-01
    1.3060000000e+01  1.5998999100e-01  1.5999066200e-01  1.5998970400e-01  1.5222415400e-01  1.5222417500e-01  1.5222414700e-01
    1.3070000000e+01  1.6136307300e-01  1.6136374600e-01  1.6136278600e-01  1.5212568700e-01  1.5212570900e-01  1.5212568000e-01
    1.3080000000e+01  1.6272566800e-01  1.6272634200e-01  1.6272538000e-01  1.5202949400e-01  1.5202951500e-01  1.5202948700e-01
    1.3090000000e+01  1.6407875500e-01  1.6407943100e-01  1.6407846700e-01  1.5193462400e-01  1.5193464500e-01  1.5193461700e-01
    1.3100000000e+01  1.6542347300e-01  1.6542415000e-01  1.6542318400e-01  1.5184061700e-01  1.5184063900e-01  1.5184061000e-01
    1.3110000000e+01  1.6676091300e-01  1.6676159200e-01  1.6676062400e-01  1.5174748800e-01  1.5174750900e-01  1.5174748100e-01
    1.3120000000e+01  1.6809196000e-01  1.6809264000e-01  1.6809167000e-01  1.5165563000e-01  1.5165565200e-01  1.5165562300e-01
    1.3130000000e+01  1.6941720000e-01  1.6941788100e-01  1.6941690900e-01  1.5156567900e-01  1.5156570100e-01  1.5156567200e-01
    1.3140000000e+01  1.7073689800e-01  1.7073758100e-01  1.7073660700e-01  1.5147836300e-01  1.5147838500e-01  1.5147835600e-01
    1.3150000000e+01  1.7205104200e-01  1.7205172600e-01  1.7205075000e-01  1.5139438600e-01  1.5139440900e-01  1.5139437900e-01
    1.3160000000e+01  1.7335940600e-01  1.7336009200e-01  1.7335911400e-01  1.5131435500e-01  1.5131437800e-01  1.5131434800e-01
    1.3170000000e+01  1.7466163000e-01  1.7466231700e-01  1.7466133800e-01  1.5123874700e-01  1.5123877000e-01  1.5123874000e-01
    1.3180000000e+01  1.7595727700e-01  1.7595796600e-01  1.7595698400e-01  1.5116790900e-01  1.5116793200e-01  1.5116790200e-01
    1.3190000000e+01  1.7724587700e-01  1.7724656800e-01  1.7724558400e-01  1.5110207500e-01  1.5110209800e-01  1.5110206800e-01
    1.3200000000e+01  1.7852695300e-01  1.7852764500e-01  1.7852666000e-01  1.5104138200e-01  1.5104140500e-01  1.5104137500e-01
    1.3210000000e+01  1.7980003800e-01  1.7980073200e-01  1.7979974400e-01  1.5098588200e-01  1.5098590500e-01  1.5098587500e-01
    1.3220000000e+01  1.8106470000e-01  1.8106539500e-01  1.8106440500e-01  1.5093556000e-01  1.5093558400e-01  1.5093555300e-01
    1.3230000000e+01  1.8232055700e-01  1.8232125300e-01  1.8232026200e-01  1.5089036000e-01  1.5089038400e-01  1.5089035300e-01
    1.3240000000e+01  1.8356729400e-01  1.8356799300e-01  1.8356699900e-01  1.5085021800e-01  1.5085024200e-01  1.5085021100e-01
    1.3250000000e+01  1.8480465600e-01  1.8480535600e-01  1.8480436000e-01  1.5081511800e-01  1.5081514200e-01  1.5081511100e-01
    1.3260000000e+01  1.8603240700e-01  1.8603310800e-01  1.8603211000e-01  1.5078513900e-01  1.5078516300e-01  1.5078513200e-01
    1.3270000000e+01  1.8725026300e-01  1.8725096600e-01  1.8724996600e-01  1.5076048600e-01  1.5076051100e-01  1.5076047900e-01
    1.3280000000e+01  1.8845780800e-01  1.8845851300e-01  1.8845751100e-01  1.5074148600e-01  1.5074151100e-01  1.5074147900e-01
    1.3290000000e+01  1.8965440400e-01  1.8965511000e-01  1.8965410600e-01  1.5072853700e-01  1.5072856100e-01  1.5072852900e-01
    1.3300000000e+01  1.9083912800e-01  1.9083983600e-01  1.9083883000e-01  1.5072200800e-01  1.5072203300e-01  1.5072200100e-01
    1.3310000000e+01  1.9201075400e-01  1.9201146400e-01  1.9201045500e-01  1.5072211800e-01  1.5072214300e-01  1.5072211100e-01
    1.3320000000e+01  1.9316779700e-01  1.9316850800e-01  1.9316749700e-01  1.5072879400e-01  1.5072881900e-01  1.5072878700e-01
    1.3330000000e+01  1.9430861500e-01  1.9430932800e-01  1.9430831500e-01  1.5074156100e-01  1.5074158600e-01  1.5074155400e-01
    1.3340000000e+01  1.9543156200e-01  1.9543227700e-01  1.9543126200e-01  1.5075947900e-01  1.5075950400e-01  1.5075947100e-01
    1.3350000000e+01  1.9653515500e-01  1.9653587100e-01  1.9653485400e-01  1.5078114900e-01  1.5078117400e-01  1.5078114100e-01
    1.3360000000e+01  1.9761822700e-01  1.9761894500e-01  1.9761792500e-01  1.5080479500e-01  1.5080482100e-01  1.5080478800e-01
    1.3370000000e+01  1.9868002400e-01  1.9868074400e-01  1.9867972200e-01  1.5082840500e-01  1.5082843000e-01  1.5082839700e-01
    1.3380000000e+01  1.9972023500e-01  1.9972095700e-01  1.9971993300e-01  1.5084988500e-01  1.5084991100e-01  1.5084987800e-01
    1.3390000000e+01  2.0073893900e-01  2.0073966200e-01  2.0073863600e-01  1.5086721100e-01  1.5086723700e-01  1.5086720300e-01
    1.3400000000e+01  2.0173650300e-01  2.0173722700e-01  2.0173619900e-01  1.5087851100e-01  1.5087853700e-01  1.5087850300e-01
    1.3410000000e+01  2.0271346900e-01  2.0271419500e-01  2.0271316500e-01  1.5088209300e-01  1.5088211900e-01  1.5088208500e-01
    1.3420000000e+01  2.0367045800e-01  2.0367118700e-01  2.0367015400e-01  1.5087640100e-01  1.5087642800e-01  1.5087639400e-01
    1.3430000000e+01  2.0460813500e-01  2.0460886500e-01  2.0460783000e-01  1.5085993900e-01  1.5085996500e-01  1.5085993100e-01
    1.3440000000e+01  2.0552721900e-01  2.0552795000e-01  2.0552691300e-01  1.5083118900e-01  1.5083121500e-01  1.5083118100e-01
    1.3450000000e+01  2.0642855700e-01  2.0642929000e-01  2.0642825100e-01  1.5078856700e-01  1.5078859400e-01  1.5078856000e-01
    1.3460000000e+01  2.0731320700e-01  2.0731394300e-01  2.0731290100e-01  1.5073042800e-01  1.5073045500e-01  1.5073042000e-01
    1.3470000000e+01  2.0818251700e-01  2.0818325400e-01  2.0818221000e-01  1.5065510600e-01  1.5065513300e-01  1.5065509800e-01
    1.3480000000e+01  2.0903817200e-01  2.0903891100e-01  2.0903786400e-01  1.5056100800e-01  1.5056103500e-01  1.5056100000e-01
    1.3490000000e+01  2.0988220800e-01  2.0988294900e-01  2.0988190000e-01  1.5044670500e-01  1.5044673200e-01  1.5044669700e-01
    1.3500000000e+01  2.1071699500e-01  2.1071773800e-01  2.1071668600e-01  1.5031102400e-01  1.5031105200e-01  1.5031101600e-01
    1.3510000000e+01  2.1154519500e-01  2.1154593900e-01  2.1154488600e-01  1.5015313600e-01  1.5015316400e-01  1.5015312800e-01
    1.3520000000e+01  2.1236971700e-01  2.1237046300e-01  2.1236940700e-01  1.4997262500e-01  1.4997265300e-01  1.4997261700e-01
    1.3530000000e+01  2.1319365300e-01  2.1319440100e-01  2.1319334200e-01  1.4976957000e-01  1.4976959800e-01  1.4976956100e-01
    1.3540000000e+01  2.1402019200e-01  2.1402094200e-01  2.1401988100e-01  1.4954462100e-01  1.4954465000e-01  1.4954461300e-01
    1.3550000000e+01  2.1485249900e-01  2.1485325100e-01  2.1485218800e-01  1.4929907900e-01  1.4929910700e-01  1.4929907000e-01
    1.3560000000e+01  2.1569354600e-01  2.1569430000e-01  2.1569323400e-01  1.4903493700e-01  1.4903496600e-01  1.4903492800e-01
    1.3570000000e+01  2.1654590000e-01  2.1654665600e-01  2.1654558800e-01  1.4875487600e-01  1.4875490500e-01  1.4875486700e-01
    1.3580000000e+01  2.1741151200e-01  2.1741227000e-01  2.1741119900e-01  1.4846217300e-01  1.4846220200e-01  1.4846216400e-01
    1.3590000000e+01  2.1829151500e-01  2.1829227500e-01  2.1829120200e-01  1.4816052500e-01  1.4816055500e-01  1.4816051700e-01
    1.3600000000e+01  2.1918609900e-01  2.1918686000e-01  2.1918578500e-01  1.4785380000e-01  1.4785382900e-01  1.4785379100e-01
    1.3610000000e+01  2.2009447500e-01  2.2009523900e-01  2.2009416100e-01  1.4754573300e-01  1.4754576300e-01  1.4754572400e-01
    1.3620000000e+01  2.2101495600e-01  2.2101572200e-01  2.2101464100e-01  1.4723963300e-01  1.4723966300e-01  1.4723962400e-01
    1.3630000000e+01  2.2194513500e-01  2.2194590300e-01  2.2194481900e-01  1.4693812000e-01  1.4693815000e-01  1.4693811100e-01
    1.3640000000e+01  2.2288214900e-01  2.2288291900e-01  2.2288183300e-01  1.4664294700e-01  1.4664297800e-01  1.4664293800e-01
    1.3650000000e+01  2.2382299000e-01  2.2382376200e-01  2.2382267300e-01  1.4635492700e-01  1.4635495800e-01  1.4635491900e-01
    1.3660000000e+01  2.2476481600e-01  2.2476559000e-01  2.2476449900e-01  1.4607397300e-01  1.4607400400e-01  1.4607396500e-01
    1.3670000000e+01  2.2570522200e-01  2.2570599800e-01  2.2570490400e-01  1.4579924300e-01  1.4579927400e-01  1.4579923400e-01
    1.3680000000e+01  2.2664243600e-01  2.2664321400e-01  2.2664211800e-01  1.4552936900e-01  1.4552940100e-01  1.4552936000e-01
    1.3690000000e+01  2.2757541700e-01  2.2757619700e-01  2.2757509700e-01  1.4526273200e-01  1.4526276400e-01  1.4526272300e-01
    1.3700000000e+01  2.2850384500e-01  2.2850462700e-01  2.2850352500e-01  1.4499773800e-01  1.4499777000e-01  1.4499772900e-01
    1.3710000000e+01  2.2942802400e-01  2.2942880900e-01  2.2942770400e-01  1.4473306600e-01  1.4473309800e-01  1.4473305700e-01
    1.3720000000e+01  2.3034870800e-01  2.3034949500e-01  2.3034838700e-01  1.4446785900e-01  1.4446789100e-01  1.4446785000e-01
    1.3730000000e+01  2.3126688300e-01  2.3126767100e-01  2.3126656100e-01  1.4420183600e-01  1.4420186800e-01  1.4420182700e-01
    1.3740000000e+01  2.3218352800e-01  2.3218431800e-01  2.3218320500e-01  1.4393533100e-01  1.4393536400e-01  1.4393532200e-01
    1.3750000000e+01  2.3309937800e-01  2.3310017000e-01  2.3309905500e-01  1.4366925200e-01  1.4366928500e-01  1.4366924300e-01
    1.3760000000e+01  2.3401470700e-01  2.3401550200e-01  2.3401438400e-01  1.4340495900e-01  1.4340499200e-01  1.4340495000e-01
    1.3770000000e+01  2.3492916300e-01  2.3492996000e-01  2.3492883900e-01  1.4314407100e-01  1.4314410400e-01  1.4314406200e-01
    1.3780000000e+01  2.3584167000e-01  2.3584246900e-01  2.3584134500e-01  1.4288821600e-01  1.4288825000e-01  1.4288820700e-01
    1.3790000000e+01  2.3675043300e-01  2.3675123500e-01  2.3675010800e-01  1.4263875300e-01  1.4263878700e-01  1.4263874400e-01
    1.3800000000e+01  2.3765304600e-01  2.3765385000e-01  2.3765272000e-01  1.4239650800e-01  1.4239654200e-01  1.4239649800e-01
    1.3810000000e+01  2.3854668700e-01  2.3854749300e-01  2.3854636000e-01  1.4216155600e-01  1.4216159100e-01  1.4216154700e-01
    1.3820000000e+01  2.3942838700e-01  2.3942919500e-01  2.3942806000e-01  1.4193309600e-01  1.4193313100e-01  1.4193308700e-01
    1.3830000000e+01  2.4029531700e-01  2.4029612800e-01  2.4029498900e-01  1.4170941600e-01  1.4170945100e-01  1.4170940700e-01
    1.3840000000e+01  2.4114507500e-01  2.4114588800e-01  2.4114474700e-01  1.4148796100e-01  1.4148799600e-01  1.4148795100e-01
    1.3850000000e+01  2.4197592800e-01  2.4197674300e-01  2.4197559900e-01  1.4126548200e-01  1.4126551700e-01  1.4126547200e-01
    1.3860000000e+01  2.4278699500e-01  2.4278781300e-01  2.4278666500e-01  1.4103825200e-01  1.4103828800e-01  1.4103824300e-01
    1.3870000000e+01  2.4357836100e-01  2.4357918100e-01  2.4357803000e-01  1.4080232500e-01  1.4080236100e-01  1.4080231600e-01
    1.3880000000e+01  2.4435110800e-01  2.4435193100e-01  2.4435077700e-01  1.4055380700e-01  1.4055384300e-01  1.4055379700e-01
    1.3890000000e+01  2.4510726600e-01  2.4510809100e-01  2.4510693500e-01  1.4028913200e-01  1.4028916900e-01  1.4028912300e-01
    1.3900000000e+01  2.4584969100e-01  2.4585051800e-01  2.4584935800e-01  1.4000531100e-01  1.4000534800e-01  1.4000530100e-01
    1.3910000000e+01  2.4658187100e-01  2.4658270100e-01  2.4658153800e-01  1.3970012500e-01  1.3970016200e-01  1.3970011600e-01
    1.3920000000e+01  2.4730769600e-01  2.4730852900e-01  2.4730736300e-01  1.3937226800e-01  1.3937230500e-01  1.3937225800e-01
    1.3930000000e+01  2.4803119400e-01  2.4803202900e-01  2.4803086000e-01  1.3902140100e-01  1.3902143900e-01  1.3902139100e-01
    1.3940000000e+01  2.4875626400e-01  2.4875710100e-01  2.4875592900e-01  1.3864814700e-01  1.3864818500e-01  1.3864813700e-01
    1.3950000000e+01  2.4948643000e-01  2.4948726900e-01  2.4948609400e-01  1.3825399500e-01  1.3825403400e-01  1.3825398500e-01
    1.3960000000e+01  2.5022462900e-01  2.5022547100e-01  2.5022429200e-01  1.3784115700e-01  1.3784119600e-01  1.3784114700e-01
    1.3970000000e+01  2.5097305200e-01  2.5097389700e-01  2.5097271500e-01  1.3741235600e-01  1.3741239400e-01  1.3741234600e-01
    1.3980000000e+01  2.5173305200e-01  2.5173390000e-01  2.5173271500e-01  1.3697058500e-01  1.3697062400e-01  1.3697057500e-01
    1.3990000000e+01  2.5250513100e-01  2.5250598100e-01  2.5250479300e-01  1.3651885100e-01  1.3651889100e-01  1.3651884100e-01
    1.4000000000e+01  2.5328900700e-01  2.5328986000e-01  2.5328866800e-01  1.3605992300e-01  1.3605996200e-01  1.3605991200e-01
    1.4010000000e+01  2.5408376500e-01  2.5408462000e-01  2.5408342500e-01  1.3559611800e-01  1.3559615800e-01  1.3559610800e-01
    1.4020000000e+01  2.5488806000e-01  2.5488891800e-01  2.5488771900e-01  1.3512916300e-01  1.3512920400e-01  1.3512915300e-01
    1.4030000000e+01  2.5570035700e-01  2.5570121800e-01  2.5570001600e-01  1.3466013500e-01  1.3466017600e-01  1.3466012500e-01
    1.4040000000e+01  2.5651915800e-01  2.5652002200e-01  2.5651881700e-01  1.3418948600e-01  1.3418952700e-01  1.3418947600e-01
    1.4050000000e+01  2.5734319500e-01  2.5734406100e-01  2.5734285300e-01  1.3371715600e-01  1.3371719700e-01  1.3371714500e-01
    1.4060000000e+01  2.5817155200e-01  2.5817242100e-01  2.5817120900e-01  1.3324272100e-01  1.3324276300e-01  1.3324271100e-01
    1.4070000000e+01  2.5900372300e-01  2.5900459400e-01  2.5900337900e-01  1.3276557300e-01  1.3276561500e-01  1.3276556200e-01
    1.4080000000e+01  2.5983960000e-01  2.5984047400e-01  2.5983925500e-01  1.3228507600e-01  1.3228511900e-01  1.3228506600e-01
    1.4090000000e+01  2.6067941300e-01  2.6068029000e-01  2.6067906700e-01  1.3180070600e-01  1.3180074900e-01  1.3180069500e-01
    1.4100000000e+01  2.6152363400e-01  2.6152451400e-01  2.6152328800e-01  1.3131213600e-01  1.3131217900e-01  1.3131212500e-01
    1.4110000000e+01  2.6237287700e-01  2.6237376000e-01  2.6237253000e-01  1.3081928500e-01  1.3081932900e-01  1.3081927400e-01
    1.4120000000e+01  2.6322778900e-01  2.6322867500e-01  2.6322744200e-01  1.3032233000e-01  1.3032237300e-01  1.3032231900e-01
    1.4130000000e+01  2.6408896600e-01  2.6408985500e-01  2.6408861800e-01  1.2982167600e-01  1.2982172000e-01  1.2982166500e-01
    1.4140000000e+01  2.6495688000e-01  2.6495777200e-01  2.6495653100e-01  1.2931791700e-01  1.2931796100e-01  1.2931790600e-01
    1.4150000000e+01  2.6583182600e-01  2.6583272100e-01  2.6583147600e-01  1.2881177400e-01  1.2881181800e-01  1.2881176300e-01
    1.4160000000e+01  2.6671389500e-01  2.6671479300e-01  2.6671354500e-01  1.2830402100e-01  1.2830406700e-01  1.2830401000e-01
    1.4170000000e+01  2.6760296200e-01  2.6760386300e-01  2.6760261100e-01  1.2779541600e-01  1.2779546100e-01  1.2779540400e-01
    1.4180000000e+01  2.6849870700e-01  2.6849961100e-01  2.6849835500e-01  1.2728660800e-01  1.2728665400e-01  1.2728659700e-01
    1.4190000000e+01  2.6940065600e-01  2.6940156300e-01  2.6940030400e-01  1.2677807500e-01  1.2677812100e-01  1.2677806400e-01
    1.4200000000e+01  2.7030826600e-01  2.7030917600e-01  2.7030791300e-01  1.2627005500e-01  1.2627010100e-01  1.2627004300e-01
    1.4210000000e+01  2.7122102200e-01  2.7122193500e-01  2.7122066800e-01  1.2576252100e-01  1.2576256800e-01  1.2576251000e-01
    1.4220000000e+01  2.7213856000e-01  2.7213947600e-01  2.7213820500e-01  1.2525520200e-01  1.2525524900e-01  1.2525519000e-01
    1.4230000000e+01  2.7306077400e-01  2.7306169300e-01  2.7306041900e-01  1.2474764500e-01  1.2474769200e-01  1.2474763300e-01
    1.4240000000e+01  2.7398790100e-01  2.7398882300e-01  2.7398754500e-01  1.2423933500e-01  1.2423938300e-01  1.2423932300e-01
    1.4250000000e+01  2.7492054700e-01  2.7492147300e-01  2.7492019000e-01  1.2372984800e-01  1.2372989600e-01  1.2372983600e-01
    1.4260000000e+01  2.7585965500e-01  2.7586058400e-01  2.7585929700e-01  1.2321901200e-01  1.2321906100e-01  1.2321900000e-01
    1.4270000000e+01  2.7680639500e-01  2.7680732800e-01  2.7680603700e-01  1.2270705500e-01  1.2270710400e-01  1.2270704300e-01
    1.4280000000e+01  2.7776200000e-01  2.7776293600e-01  2.7776164100e-01  1.2219470100e-01  1.2219475100e-01  1.2219468900e-01
    1.4290000000e+01  2.7872756100e-01  2.7872850000e-01  2.7872720100e-01  1.2168319600e-01  1.2168324600e-01  1.2168318400e-01
    1.4300000000e+01  2.7970382300e-01  2.7970476500e-01  2.7970346200e-01  1.2117424000e-01  1.2117429100e-01  1.2117422800e-01
    1.4310000000e+01  2.8069101800e-01  2.8069196300e-01  2.8069065600e-01  1.2066984700e-01  1.2066989800e-01  1.2066983500e-01
    1.4320000000e+01  2.8168876600e-01  2.8168971500e-01  2.8168840300e-01  1.2017213800e-01  1.2017219000e-01  1.2017212600e-01
    1.4330000000e+01  2.8269606400e-01  2.8269701700e-01  2.8269570100e-01  1.1968311700e-01  1.1968316900e-01  1.1968310500e-01
    1.4340000000e+01  2.8371136900e-01  2.8371232500e-01  2.8371100500e-01  1.1920445300e-01  1.1920450600e-01  1.1920444100e-01
    1.4350000000e+01  2.8473274700e-01  2.8473370600e-01  2.8473238200e-01  1.1873732000e-01  1.1873737400e-01  1.1873730800e-01
    1.4360000000e+01  2.8575807600e-01  2.8575903900e-01  2.8575771100e-01  1.1828230500e-01  1.1828235800e-01  1.1828229300e-01
    1.4370000000e+01  2.8678526400e-01  2.8678623000e-01  2.8678489700e-01  1.1783939900e-01  1.1783945300e-01  1.1783938700e-01
    1.4380000000e+01  2.8781243800e-01  2.8781340800e-01  2.8781207000e-01  1.1740807400e-01  1.1740812900e-01  1.1740806200e-01
    1.4390000000e+01  2.8883809500e-01  2.8883906800e-01  2.8883772700e-01  1.1698742000e-01  1.1698747500e-01  1.1698740700e-01
    1.4400000000e+01  2.8986118200e-01  2.8986215900e-01  2.8986081300e-01  1.1657632000e-01  1.1657637600e-01  1.1657630800e-01
    1.4410000000e+01  2.9088109300e-01  2.9088207400e-01  2.9088072300e-01  1.1617364700e-01  1.1617370400e-01  1.1617363500e-01
    1.4420000000e+01  2.9189759500e-01  2.9189857900e-01  2.9189722400e-01  1.1577842400e-01  1.1577848100e-01  1.1577841200e-01
    1.4430000000e+01  2.9291068900e-01  2.9291167700e-01  2.9291031700e-01  1.1538994100e-01  1.1538999800e-01  1.1538992800e-01
    1.4440000000e+01  2.9392044900e-01  2.9392144100e-01  2.9392007600e-01  1.1500779100e-01  1.1500784800e-01  1.1500777800e-01
    1.4450000000e+01  2.9492685400e-01  2.9492785000e-01  2.9492648100e-01  1.1463183200e-01  1.1463189000e-01  1.1463181900e-01
    1.4460000000e+01  2.9592967700e-01  2.9593067700e-01  2.9592930300e-01  1.1426207900e-01  1.1426213800e-01  1.1426206600e-01
    1.4470000000e+01  2.9692842200e-01  2.9692942600e-01  2.9692804700e-01  1.1389854900e-01  1.1389860800e-01  1.1389853600e-01
    1.4480000000e+01  2.9792236300e-01  2.9792337100e-01  2.9792198700e-01  1.1354110700e-01  1.1354116700e-01  1.1354109400e-01
    1.4490000000e+01  2.9891063600e-01  2.9891164800e-01  2.9891025900e-01  1.1318934000e-01  1.1318940100e-01  1.1318932700e-01
    1.4500000000e+01  2.9989239700e-01  2.9989341200e-01  2.9989201900e-01  1.1284249400e-01  1.1284255500e-01  1.1284248100e-01
    1.4510000000e+01  3.0086698600e-01  3.0086800600e-01  3.0086660700e-01  1.1249949700e-01  1.1249955900e-01  1.1249948300e-01
    1.4520000000e+01  3.0183406700e-01  3.0183509000e-01  3.0183368700e-01  1.1215905500e-01  1.1215911700e-01  1.1215904100e-01
    1.4530000000e+01  3.0279370100e-01  3.0279472900e-01  3.0279332100e-01  1.1181981100e-01  1.1181987400e-01  1.1181979800e-01
    1.4540000000e+01  3.0374634200e-01  3.0374737500e-01  3.0374596100e-01  1.1148051800e-01  1.1148058200e-01  1.1148050500e-01
    1.4550000000e+01  3.0469274000e-01  3.0469377600e-01  3.0469235800e-01  1.1114018700e-01  1.1114025100e-01  1.1114017300e-01
    1.4560000000e+01  3.0563379300e-01  3.0563483400e-01  3.0563341000e-01  1.1079816500e-01  1.1079823000e-01  1.1079815200e-01
    1.4570000000e+01  3.0657038700e-01  3.0657143200e-01  3.0657000300e-01  1.1045413600e-01  1.1045420100e-01  1.1045412200e-01
    1.4580000000e+01  3.0750326000e-01  3.0750430900e-01  3.0750287500e-01  1.1010803200e-01  1.1010809800e-01  1.1010801800e-01
    1.4590000000e+01  3.0843294100e-01  3.0843399500e-01  3.0843255500e-01  1.0975990900e-01  1.0975997600e-01  1.0975989500e-01
    1.4600000000e+01  3.0935976400e-01  3.0936082200e-01  3.0935937700e-01  1.0940980900e-01  1.0940987600e-01  1.0940979500e-01
    1.4610000000e+01  3.1028394600e-01  3.1028500800e-01  3.1028355800e-01  1.0905766400e-01  1.0905773200e-01  1.0905765000e-01
    1.4620000000e+01  3.1120570100e-01  3.1120676800e-01  3.1120531200e-01  1.0870326200e-01  1.0870333100e-01  1.0870324800e-01
    1.4630000000e+01  3.1212534700e-01  3.1212641900e-01  3.1212495800e-01  1.0834628200e-01  1.0834635200e-01  1.0834626800e-01
    1.4640000000e+01  3.1304337400e-01  3.1304445000e-01  3.1304298300e-01  1.0798637900e-01  1.0798644900e-01  1.0798636500e-01
    1.4650000000e+01  3.1396044800e-01  3.1396152900e-01  3.1396005700e-01  1.0762328800e-01  1.0762335900e-01  1.0762327400e-01
    1.4660000000e+01  3.1487737000e-01  3.1487845500e-01  3.1487697700e-01  1.0725692000e-01  1.0725699200e-01  1.0725690500e-01
    1.4670000000e+01  3.1579498100e-01  3.1579607100e-01  3.1579458700e-01  1.0688741300e-01  1.0688748500e-01  1.0688739800e-01
    1.4680000000e+01  3.1671406500e-01  3.1671516100e-01  3.1671367100e-01  1.0651513700e-01  1.0651521000e-01  1.0651512200e-01
    1.4690000000e+01  3.1763526200e-01  3.1763636300e-01  3.1763486700e-01  1.0614064400e-01  1.0614071900e-01  1.0614063000e-01
    1.4700000000e+01  3.1855901600e-01  3.1856012100e-01  3.1855862000e-01  1.0576459600e-01  1.0576467100e-01  1.0576458100e-01
    1.4710000000e+01  3.1948556600e-01  3.1948667600e-01  3.1948516900e-01  1.0538767100e-01  1.0538774700e-01  1.0538765600e-01
    1.4720000000e+01  3.2041498000e-01  3.2041609500e-01  3.2041458200e-01  1.0501049500e-01  1.0501057200e-01  1.0501048000e-01
    1.4730000000e+01  3.2134720800e-01  3.2134832800e-01  3.2134680900e-01  1.0463359400e-01  1.0463367100e-01  1.0463357900e-01
    1.4740000000e+01  3.2228214200e-01  3.2228326700e-01  3.2228174200e-01  1.0425737600e-01  1.0425745500e-01  1.0425736100e-01
    1.4750000000e+01  3.2321967900e-01  3.2322080900e-01  3.2321927800e-01  1.0388214500e-01  1.0388222400e-01  1.0388213000e-01
    1.4760000000e+01  3.2415976100e-01  3.2416089700e-01  3.2415935900e-01  1.0350813300e-01  1.0350821300e-01  1.0350811800e-01
    1.4770000000e+01  3.2510240100e-01  3.2510354200e-01  3.2510199800e-01  1.0313554900e-01  1.0313563000e-01  1.0313553400e-01
    1.4780000000e+01  3.2604767600e-01  3.2604882200e-01  3.2604727100e-01  1.0276463400e-01  1.0276471600e-01  1.0276461900e-01
    1.4790000000e+01  3.2699570000e-01  3.2699685200e-01  3.2699529500e-01  1.0239570400e-01  1.0239578700e-01  1.0239568900e-01
    1.4800000000e+01  3.2794657900e-01  3.2794773600e-01  3.2794617300e-01  1.0202917900e-01  1.0202926300e-01  1.0202916300e-01
    1.4810000000e+01  3.2890034600e-01  3.2890150800e-01  3.2889993800e-01  1.0166558100e-01  1.0166566600e-01  1.0166556500e-01
    1.4820000000e+01  3.2985690800e-01  3.2985807700e-01  3.2985650000e-01  1.0130550800e-01  1.0130559400e-01  1.0130549300e-01
    1.4830000000e+01  3.3081601300e-01  3.3081718700e-01  3.3081560400e-01  1.0094957900e-01  1.0094966600e-01  1.0094956300e-01
    1.4840000000e+01  3.3177723900e-01  3.3177841800e-01  3.3177682800e-01  1.0059836300e-01  1.0059845000e-01  1.0059834700e-01
    1.4850000000e+01  3.3274001900e-01  3.3274120400e-01  3.3273960700e-01  1.0025231900e-01  1.0025240700e-01  1.0025230300e-01
    1.4860000000e+01  3.3370369400e-01  3.3370488600e-01  3.3370328200e-01  9.9911750000e-02  9.9911840000e-02  9.9911734000e-02
    1.4870000000e+01  3.3466757700e-01  3.3466877500e-01  3.3466716400e-01  9.9576788000e-02  9.9576879000e-02  9.9576772000e-02
    1.4880000000e+01  3.3563101000e-01  3.3563221300e-01  3.3563059500e-01  9.9247400000e-02  9.9247492000e-02  9.9247384000e-02
    1.4890000000e+01  3.3659341200e-01  3.3659462200e-01  3.3659299700e-01  9.8923432000e-02  9.8923525000e-02  9.8923416000e-02
    1.4900000000e+01  3.3755430100e-01  3.3755551600e-01  3.3755388400e-01  9.8604651000e-02  9.8604745000e-02  9.8604634000e-02
    1.4910000000e+01  3.3851328600e-01  3.3851450800e-01  3.3851286800e-01  9.8290793000e-02  9.8290888000e-02  9.8290776000e-02
    1.4920000000e+01  3.3947004600e-01  3.3947127400e-01  3.3946962700e-01  9.7981596000e-02  9.7981693000e-02  9.7981580000e-02
    1.4930000000e+01  3.4042429400e-01  3.4042552800e-01  3.4042387300e-01  9.7676811000e-02  9.7676909000e-02  9.7676794000e-02
    1.4940000000e+01  3.4137574500e-01  3.4137698600e-01  3.4137532400e-01  9.7376183000e-02  9.7376282000e-02  9.7376167000e-02
    1.4950000000e+01  3.4232411000e-01  3.4232535700e-01  3.4232368800e-01  9.7079429000e-02  9.7079529000e-02  9.7079412000e-02
    1.4960000000e+01  3.4326909700e-01  3.4327035100e-01  3.4326867300e-01  9.6786197000e-02  9.6786299000e-02  9.6786181000e-02
    1.4970000000e+01  3.4421044800e-01  3.4421170900e-01  3.4421002400e-01  9.6496045000e-02  9.6496148000e-02  9.6496028000e-02
    1.4980000000e+01  3.4514798500e-01  3.4514925300e-01  3.4514756000e-01  9.6208430000e-02  9.6208534000e-02  9.6208413000e-02
    1.4990000000e+01  3.4608166100e-01  3.4608293500e-01  3.4608123400e-01  9.5922726000e-02  9.5922831000e-02  9.5922709000e-02
    1.5000000000e+01  3.4701160300e-01  3.4701288400e-01  3.4701117500e-01  9.5638267000e-02  9.5638374000e-02  9.5638250000e-02
    1.5010000000e+01  3.4793813900e-01  3.4793942700e-01  3.4793770900e-01  9.5354409000e-02  9.5354517000e-02  9.5354391000e-02
    1.5020000000e+01  3.4886179300e-01  3.4886308800e-01  3.4886136200e-01  9.5070600000e-02  9.5070710000e-02  9.5070583000e-02
    1.5030000000e+01  3.4978325700e-01  3.4978455900e-01  3.4978282500e-01  9.4786454000e-02  9.4786565000e-02  9.4786437000e-02
    1.5040000000e+01  3.5070333200e-01  3.5070464100e-01  3.5070289900e-01  9.4501799000e-02  9.4501912000e-02  9.4501782000e-02
    1.5050000000e+01  3.5162285100e-01  3.5162416800e-01  3.5162241700e-01  9.4216708000e-02  9.4216822000e-02  9.4216690000e-02
    1.5060000000e+01  3.5254260600e-01  3.5254393100e-01  3.5254217100e-01  9.3931496000e-02  9.3931612000e-02  9.3931478000e-02
    1.5070000000e+01  3.5346327400e-01  3.5346460700e-01  3.5346283800e-01  9.3646690000e-02  9.3646808000e-02  9.3646673000e-02
    1.5080000000e+01  3.5438537700e-01  3.5438671700e-01  3.5438493900e-01  9.3362980000e-02  9.3363099000e-02  9.3362962000e-02
    1.5090000000e+01  3.5530925300e-01  3.5531060100e-01  3.5530881500e-01  9.3081166000e-02  9.3081286000e-02  9.3081148000e-02
    1.5100000000e+01  3.5623506300e-01  3.5623641800e-01  3.5623462300e-01  9.2802116000e-02  9.2802238000e-02  9.2802098000e-02
    1.5110000000e+01  3.5716278100e-01  3.5716414500e-01  3.5716234000e-01  9.2526742000e-02  9.2526865000e-02  9.2526723000e-02
    1.5120000000e+01  3.5809219700e-01  3.5809356900e-01  3.5809175400e-01  9.2255977000e-02  9.2256103000e-02  9.2255959000e-02
    1.5130000000e+01  3.5902288900e-01  3.5902426900e-01  3.5902244500e-01  9.1990763000e-02  9.1990891000e-02  9.1990745000e-02
    1.5140000000e+01  3.5995419600e-01  3.5995558400e-01  3.5995375100e-01  9.1732005000e-02  9.1732134000e-02  9.1731987000e-02
    1.5150000000e+01  3.6088519100e-01  3.6088658700e-01  3.6088474500e-01  9.1480508000e-02  9.1480639000e-02  9.1480489000e-02
    1.5160000000e+01  3.6181468000e-01  3.6181608500e-01  3.6181423300e-01  9.1236883000e-02  9.1237016000e-02  9.1236865000e-02
    1.5170000000e+01  3.6274124600e-01  3.6274266000e-01  3.6274079800e-01  9.1001449000e-02  9.1001583000e-02  9.1001430000e-02
    1.5180000000e+01  3.6366333700e-01  3.6366476000e-01  3.6366288700e-01  9.0774134000e-02  9.0774270000e-02  9.0774115000e-02
    1.5190000000e+01  3.6457939300e-01  3.6458082500e-01  3.6457894200e-01  9.0554427000e-02  9.0554566000e-02  9.0554409000e-02
    1.5200000000e+01  3.6548799700e-01  3.6548943800e-01  3.6548754500e-01  9.0341374000e-02  9.0341514000e-02  9.0341355000e-02
    1.5210000000e+01  3.6638802300e-01  3.6638947300e-01  3.6638756900e-01  9.0133625000e-02  9.0133768000e-02  9.0133606000e-02
    1.5220000000e+01  3.6727875300e-01  3.6728021200e-01  3.6727829800e-01  8.9929552000e-02  8.9929697000e-02  8.9929533000e-02
    1.5230000000e+01  3.6815995600e-01  3.6816142500e-01  3.6815950000e-01  8.9727381000e-02  8.9727528000e-02  8.9727362000e-02
    1.5240000000e+01  3.6903191000e-01  3.6903338800e-01  3.6903145200e-01  8.9525361000e-02  8.9525511000e-02  8.9525342000e-02
    1.5250000000e+01  3.6989536900e-01  3.6989685700e-01  3.6989491000e-01  8.9321920000e-02  8.9322072000e-02  8.9321901000e-02
    1.5260000000e+01  3.7075148300e-01  3.7075298200e-01  3.7075102300e-01  8.9115805000e-02  8.9115959000e-02  8.9115786000e-02
    1.5270000000e+01  3.7160167700e-01  3.7160318500e-01  3.7160121600e-01  8.8906190000e-02  8.8906347000e-02  8.8906171000e-02
    1.5280000000e+01  3.7244749400e-01  3.7244901300e-01  3.7244703200e-01  8.8692741000e-02  8.8692900000e-02  8.8692721000e-02
    1.5290000000e+01  3.7329043900e-01  3.7329196800e-01  3.7328997500e-01  8.8475622000e-02  8.8475783000e-02  8.8475602000e-02
    1.5300000000e+01  3.7413180800e-01  3.7413334800e-01  3.7413134300e-01  8.8255458000e-02  8.8255622000e-02  8.8255438000e-02
    1.5310000000e+01  3.7497255200e-01  3.7497410200e-01  3.7497208500e-01  8.8033236000e-02  8.8033403000e-02  8.8033216000e-02
    1.5320000000e+01  3.7581316500e-01  3.7581472600e-01  3.7581269800e-01  8.7810164000e-02  8.7810334000e-02  8.7810144000e-02
    1.5330000000e+01  3.7665364400e-01  3.7665521700e-01  3.7665317500e-01  8.7587496000e-02  8.7587668000e-02  8.7587476000e-02
    1.5340000000e+01  3.7749349800e-01  3.7749508100e-01  3.7749302700e-01  8.7366349000e-02  8.7366524000e-02  8.7366329000e-02
    1.5350000000e+01  3.7833183200e-01  3.7833342600e-01  3.7833136000e-01  8.7147534000e-02  8.7147712000e-02  8.7147514000e-02
    1.5360000000e+01  3.7916749000e-01  3.7916909700e-01  3.7916701700e-01  8.6931432000e-02  8.6931613000e-02  8.6931412000e-02
    1.5370000000e+01  3.7999923200e-01  3.8000085000e-01  3.7999875700e-01  8.6717927000e-02  8.6718111000e-02  8.6717907000e-02
    1.5380000000e+01  3.8082591800e-01  3.8082754800e-01  3.8082544200e-01  8.6506411000e-02  8.6506599000e-02  8.6506391000e-02
    1.5390000000e+01  3.8164668300e-01  3.8164832500e-01  3.8164620600e-01  8.6295862000e-02  8.6296053000e-02  8.6295842000e-02
    1.5400000000e+01  3.8246106000e-01  3.8246271500e-01  3.8246058200e-01  8.6084971000e-02  8.6085165000e-02  8.6084951000e-02
    1.5410000000e+01  3.8326904600e-01  3.8327071400e-01  3.8326856700e-01  8.5872308000e-02  8.5872505000e-02  8.5872288000e-02
    1.5420000000e+01  3.8407110100e-01  3.8407278100e-01  3.8407062000e-01  8.5656489000e-02  8.5656690000e-02  8.5656469000e-02
    1.5430000000e+01  3.8486808500e-01  3.8486977900e-01  3.8486760300e-01  8.5436325000e-02  8.5436530000e-02  8.5436305000e-02
    1.5440000000e+01  3.8566115600e-01  3.8566286200e-01  3.8566067200e-01  8.5210923000e-02  8.5211132000e-02  8.5210904000e-02
    1.5450000000e+01  3.8645164400e-01  3.8645336400e-01  3.8645115900e-01  8.4979742000e-02  8.4979955000e-02  8.4979723000e-02
    1.5460000000e+01  3.8724093400e-01  3.8724266800e-01  3.8724044700e-01  8.4742595000e-02  8.4742811000e-02  8.4742575000e-02
    1.5470000000e+01  3.8803036500e-01  3.8803211300e-01  3.8802987700e-01  8.4499612000e-02  8.4499832000e-02  8.4499592000e-02
    1.5480000000e+01  3.8882116700e-01  3.8882292900e-01  3.8882067800e-01  8.4251185000e-02  8.4251410000e-02  8.4251166000e-02
    1.5490000000e+01  3.8961442600e-01  3.8961620200e-01  3.8961393500e-01  8.3997911000e-02  8.3998140000e-02  8.3997892000e-02
    1.5500000000e+01  3.9041106800e-01  3.9041285900e-01  3.9041057600e-01  8.3740534000e-02  8.3740767000e-02  8.3740514000e-02
    1.5510000000e+01  3.9121186400e-01  3.9121367000e-01  3.9121137000e-01  8.3479909000e-02  8.3480147000e-02  8.3479890000e-02
    1.5520000000e+01  3.9201742900e-01  3.9201925000e-01  3.9201693400e-01  8.3216976000e-02  8.3217219000e-02  8.3216957000e-02
    1.5530000000e+01  3.9282822700e-01  3.9283006300e-01  3.9282773000e-01  8.2952735000e-02  8.2952982000e-02  8.2952716000e-02
    1.5540000000e+01  3.9364457000e-01  3.9364642300e-01  3.9364407200e-01  8.2688229000e-02  8.2688481000e-02  8.2688210000e-02
    1.5550000000e+01  3.9446662300e-01  3.9446849200e-01  3.9446612400e-01  8.2424527000e-02  8.2424784000e-02  8.2424507000e-02
    1.5560000000e+01  3.9529440200e-01  3.9529628700e-01  3.9529390200e-01  8.2162706000e-02  8.2162968000e-02  8.2162687000e-02
    1.5570000000e+01  3.9612778000e-01  3.9612968200e-01  3.9612727800e-01  8.1903843000e-02  8.1904111000e-02  8.1903824000e-02
    1.5580000000e+01  3.9696648200e-01  3.9696840100e-01  3.9696597900e-01  8.1648999000e-02  8.1649272000e-02  8.1648980000e-02
    1.5590000000e+01  3.9781008000e-01  3.9781201700e-01  3.9780957600e-01  8.1399206000e-02  8.1399486000e-02  8.1399188000e-02
    1.5600000000e+01  3.9865798600e-01  3.9865994000e-01  3.9865748000e-01  8.1155448000e-02  8.1155733000e-02  8.1155430000e-02
    1.5610000000e+01  3.9950944500e-01  3.9951141800e-01  3.9950893800e-01  8.0918624000e-02  8.0918915000e-02  8.0918605000e-02
    1.5620000000e+01  4.0036354800e-01  4.0036553900e-01  4.0036303900e-01  8.0689511000e-02  8.0689808000e-02  8.0689492000e-02
    1.5630000000e+01  4.0121924700e-01  4.0122125800e-01  4.0121873800e-01  8.0468725000e-02  8.0469029000e-02  8.0468707000e-02
    1.5640000000e+01  4.0207540200e-01  4.0207743200e-01  4.0207489100e-01  8.0256689000e-02  8.0257000000e-02  8.0256671000e-02
    1.5650000000e+01  4.0293082400e-01  4.0293287300e-01  4.0293031100e-01  8.0053612000e-02  8.0053930000e-02  8.0053595000e-02
    1.5660000000e+01  4.0378432300e-01  4.0378639300e-01  4.0378381000e-01  7.9859495000e-02  7.9859820000e-02  7.9859478000e-02
    1.5670000000e+01  4.0463475900e-01  4.0463684900e-01  4.0463424400e-01  7.9674139000e-02  7.9674472000e-02  7.9674123000e-02
    1.5680000000e+01  4.0548106500e-01  4.0548317600e-01  4.0548054900e-01  7.9497171000e-02  7.9497512000e-02  7.9497155000e-02
    1.5690000000e+01  4.0632228100e-01  4.0632441400e-01  4.0632176400e-01  7.9328068000e-02  7.9328416000e-02  7.9328052000e-02
    1.5700000000e+01  4.0715756700e-01  4.0715972200e-01  4.0715704800e-01  7.9166178000e-02  7.9166535000e-02  7.9166162000e-02
    1.5710000000e+01  4.0798622200e-01  4.0798839900e-01  4.0798570200e-01  7.9010752000e-02  7.9011117000e-02  7.9010737000e-02
    1.5720000000e+01  4.0880769900e-01  4.0880989900e-01  4.0880717800e-01  7.8860967000e-02  7.8861342000e-02  7.8860953000e-02
    1.5730000000e+01  4.0962160800e-01  4.0962383200e-01  4.0962108600e-01  7.8715968000e-02  7.8716352000e-02  7.8715954000e-02
    1.5740000000e+01  4.1042771600e-01  4.1042996400e-01  4.1042719300e-01  7.8574899000e-02  7.8575292000e-02  7.8574885000e-02
    1.5750000000e+01  4.1122592500e-01  4.1122819700e-01  4.1122540000e-01  7.8436938000e-02  7.8437341000e-02  7.8436925000e-02
    1.5760000000e+01  4.1201624600e-01  4.1201854300e-01  4.1201572100e-01  7.8301320000e-02  7.8301734000e-02  7.8301308000e-02
    1.5770000000e+01  4.1279877400e-01  4.1280109700e-01  4.1279824800e-01  7.8167343000e-02  7.8167767000e-02  7.8167331000e-02
    1.5780000000e+01  4.1357366300e-01  4.1357601300e-01  4.1357313500e-01  7.8034362000e-02  7.8034798000e-02  7.8034351000e-02
    1.5790000000e+01  4.1434111400e-01  4.1434349100e-01  4.1434058600e-01  7.7901784000e-02  7.7902231000e-02  7.7901774000e-02
    1.5800000000e+01  4.1510137500e-01  4.1510377900e-01  4.1510084600e-01  7.7769055000e-02  7.7769514000e-02  7.7769046000e-02
    1.5810000000e+01  4.1585474300e-01  4.1585717500e-01  4.1585421200e-01  7.7635664000e-02  7.7636136000e-02  7.7635656000e-02
    1.5820000000e+01  4.1660156600e-01  4.1660402700e-01  4.1660103400e-01  7.7501149000e-02  7.7501634000e-02  7.7501142000e-02
    1.5830000000e+01  4.1734223900e-01  4.1734473100e-01  4.1734170700e-01  7.7365110000e-02  7.7365608000e-02  7.7365104000e-02
    1.5840000000e+01  4.1807719500e-01  4.1807971700e-01  4.1807666200e-01  7.7227217000e-02  7.7227730000e-02  7.7227212000e-02
    1.5850000000e+01  4.1880688200e-01  4.1880943500e-01  4.1880634800e-01  7.7087218000e-02  7.7087746000e-02  7.7087215000e-02
    1.5860000000e+01  4.1953175200e-01  4.1953433800e-01  4.1953121800e-01  7.6944935000e-02  7.6945478000e-02  7.6944932000e-02
    1.5870000000e+01  4.2025224900e-01  4.2025486700e-01  4.2025171400e-01  7.6800252000e-02  7.6800811000e-02  7.6800251000e-02
    1.5880000000e+01  4.2096880100e-01  4.2097145300e-01  4.2096826500e-01  7.6653113000e-02  7.6653689000e-02  7.6653113000e-02
    1.5890000000e+01  4.2168182400e-01  4.2168451100e-01  4.2168128800e-01  7.6503511000e-02  7.6504105000e-02  7.6503513000e-02
    1.5900000000e+01  4.2239172000e-01  4.2239444200e-01  4.2239118300e-01  7.6351495000e-02  7.6352107000e-02  7.6351499000e-02
    1.5910000000e+01  4.2309886800e-01  4.2310162700e-01  4.2309833000e-01  7.6197172000e-02  7.6197803000e-02  7.6197178000e-02
    1.5920000000e+01  4.2380361300e-01  4.2380640900e-01  4.2380307500e-01  7.6040710000e-02  7.6041362000e-02  7.6040718000e-02
    1.5930000000e+01  4.2450624600e-01  4.2450908200e-01  4.2450570800e-01  7.5882337000e-02  7.5883010000e-02  7.5882347000e-02
    1.5940000000e+01  4.2520698800e-01  4.2520986400e-01  4.2520645000e-01  7.5722324000e-02  7.5723019000e-02  7.5722336000e-02
    1.5950000000e+01  4.2590597400e-01  4.2590889000e-01  4.2590543600e-01  7.5560965000e-02  7.5561683000e-02  7.5560979000e-02
    1.5960000000e+01  4.2660325400e-01  4.2660621200e-01  4.2660271500e-01  7.5398550000e-02  7.5399292000e-02  7.5398567000e-02
    1.5970000000e+01  4.2729879500e-01  4.2730179600e-01  4.2729825700e-01  7.5235342000e-02  7.5236111000e-02  7.5235363000e-02
    1.5980000000e+01  4.2799250400e-01  4.2799555000e-01  4.2799196600e-01  7.5071557000e-02  7.5072353000e-02  7.5071581000e-02
    1.5990000000e+01  4.2868424000e-01  4.2868733100e-01  4.2868370200e-01  7.4907350000e-02  7.4908175000e-02  7.4907377000e-02
    1.6000000000e+01  4.2937383800e-01  4.2937697700e-01  4.2937330000e-01  7.4742813000e-02  7.4743667000e-02  7.4742844000e-02
    1.6010000000e+01  4.3006112900e-01  4.3006431600e-01  4.3006059200e-01  7.4577976000e-02  7.4578862000e-02  7.4578011000e-02
    1.6020000000e+01  4.3074594900e-01  4.3074918600e-01  4.3074541300e-01  7.4412815000e-02  7.4413735000e-02  7.4412854000e-02
    1.6030000000e+01  4.3142815200e-01  4.3143144100e-01  4.3142761600e-01  7.4247263000e-02  7.4248217000e-02  7.4247306000e-02
    1.6040000000e+01  4.3210761000e-01  4.3211095200e-01  4.3210707500e-01  7.4081212000e-02  7.4082204000e-02  7.4081261000e-02
    1.6050000000e+01  4.3278421800e-01  4.3278761500e-01  4.3278368400e-01  7.3914525000e-02  7.3915557000e-02  7.3914579000e-02
    1.6060000000e+01  4.3345789300e-01  4.3346134600e-01  4.3345736000e-01  7.3747032000e-02  7.3748105000e-02  7.3747092000e-02
    1.6070000000e+01  4.3412858100e-01  4.3413209200e-01  4.3412804900e-01  7.3578534000e-02  7.3579651000e-02  7.3578600000e-02
    1.6080000000e+01  4.3479626000e-01  4.3479983100e-01  4.3479573000e-01  7.3408804000e-02  7.3409968000e-02  7.3408876000e-02
    1.6090000000e+01  4.3546094700e-01  4.3546457900e-01  4.3546041800e-01  7.3237591000e-02  7.3238805000e-02  7.3237670000e-02
    1.6100000000e+01  4.3612270200e-01  4.3612639800e-01  4.3612217500e-01  7.3064621000e-02  7.3065888000e-02  7.3064708000e-02
    1.6110000000e+01  4.3678164000e-01  4.3678540100e-01  4.3678111500e-01  7.2889604000e-02  7.2890927000e-02  7.2889700000e-02
    1.6120000000e+01  4.3743793700e-01  4.3744176500e-01  4.3743741300e-01  7.2712233000e-02  7.2713616000e-02  7.2712338000e-02
    1.6130000000e+01  4.3809184400e-01  4.3809574100e-01  4.3809132200e-01  7.2532197000e-02  7.2533644000e-02  7.2532312000e-02
    1.6140000000e+01  4.3874370800e-01  4.3874767700e-01  4.3874318800e-01  7.2349199000e-02  7.2350714000e-02  7.2349324000e-02
    1.6150000000e+01  4.3939397800e-01  4.3939802000e-01  4.3939346100e-01  7.2162983000e-02  7.2164571000e-02  7.2163120000e-02
    1.6160000000e+01  4.4004320600e-01  4.4004732400e-01  4.4004269100e-01  7.1973376000e-02  7.1975043000e-02  7.1973527000e-02
    1.6170000000e+01  4.4069203000e-01  4.4069622500e-01  4.4069151700e-01  7.1780328000e-02  7.1782078000e-02  7.1780493000e-02
    1.6180000000e+01  4.4134113500e-01  4.4134541000e-01  4.4134062500e-01  7.1583947000e-02  7.1585787000e-02  7.1584127000e-02
    1.6190000000e+01  4.4199120400e-01  4.4199556000e-01  4.4199069700e-01  7.1384522000e-02  7.1386458000e-02  7.1384718000e-02
    1.6200000000e+01  4.4264285600e-01  4.4264729600e-01  4.4264235100e-01  7.1182522000e-02  7.1184560000e-02  7.1182736000e-02
    1.6210000000e+01  4.4329658800e-01  4.4330111200e-01  4.4329608500e-01  7.0978571000e-02  7.0980720000e-02  7.0978805000e-02
    1.6220000000e+01  4.4395272900e-01  4.4395734000e-01  4.4395222800e-01  7.0773407000e-02  7.0775676000e-02  7.0773663000e-02
    1.6230000000e+01  4.4461141600e-01  4.4461611500e-01  4.4461091700e-01  7.0567817000e-02  7.0570214000e-02  7.0568097000e-02
    1.6240000000e+01  4.4527259300e-01  4.4527738000e-01  4.4527209500e-01  7.0362579000e-02  7.0365115000e-02  7.0362884000e-02
    1.6250000000e+01  4.4593603200e-01  4.4594090900e-01  4.4593553500e-01  7.0158400000e-02  7.0161086000e-02  7.0158734000e-02
    1.6260000000e+01  4.4660137500e-01  4.4660634200e-01  4.4660087800e-01  6.9955880000e-02  6.9958728000e-02  6.9956245000e-02
    1.6270000000e+01  4.4726818500e-01  4.4727324000e-01  4.4726768700e-01  6.9755486000e-02  6.9758509000e-02  6.9755885000e-02
    1.6280000000e+01  4.4793599100e-01  4.4794113400e-01  4.4793549100e-01  6.9557555000e-02  6.9560767000e-02  6.9557991000e-02
    1.6290000000e+01  4.4860433600e-01  4.4860956300e-01  4.4860383200e-01  6.9362311000e-02  6.9365728000e-02  6.9362788000e-02
    1.6300000000e+01  4.4927279500e-01  4.4927810400e-01  4.4927228500e-01  6.9169899000e-02  6.9173538000e-02  6.9170420000e-02
    1.6310000000e+01  4.4994098800e-01  4.4994637300e-01  4.4994047000e-01  6.8980416000e-02  6.8984295000e-02  6.8980986000e-02
    1.6320000000e+01  4.5060856700e-01  4.5061402000e-01  4.5060803700e-01  6.8793940000e-02  6.8798079000e-02  6.8794563000e-02
    1.6330000000e+01  4.5127519700e-01  4.5128071000e-01  4.5127465100e-01  6.8610545000e-02  6.8614965000e-02  6.8611226000e-02
    1.6340000000e+01  4.5194053700e-01  4.5194609800e-01  4.5193997200e-01  6.8430300000e-02  6.8435024000e-02  6.8431044000e-02
    1.6350000000e+01  4.5260422700e-01  4.5260981900e-01  4.5260363500e-01  6.8253260000e-02  6.8258311000e-02  6.8254071000e-02
    1.6360000000e+01  4.5326588600e-01  4.5327149000e-01  4.5326526100e-01  6.8079447000e-02  6.8084850000e-02  6.8080331000e-02
    1.6370000000e+01  4.5392511800e-01  4.5393071100e-01  4.5392445100e-01  6.7908847000e-02  6.7914627000e-02  6.7909809000e-02
    1.6380000000e+01  4.5458152500e-01  4.5458707800e-01  4.5458080700e-01  6.7741403000e-02  6.7747586000e-02  6.7742449000e-02
    1.6390000000e+01  4.5523470900e-01  4.5524018600e-01  4.5523392700e-01  6.7577024000e-02  6.7583633000e-02  6.7578158000e-02
    1.6400000000e+01  4.5588427200e-01  4.5588963100e-01  4.5588341200e-01  6.7415583000e-02  6.7422641000e-02  6.7416807000e-02
    1.6410000000e+01  4.5652980800e-01  4.5653500100e-01  4.5652885500e-01  6.7256920000e-02  6.7264447000e-02  6.7258237000e-02
    1.6420000000e+01  4.5717090600e-01  4.5717587700e-01  4.5716984100e-01  6.7100836000e-02  6.7108845000e-02  6.7102246000e-02
    1.6430000000e+01  4.5780714100e-01  4.5781182600e-01  4.5780594400e-01  6.6947080000e-02  6.6955577000e-02  6.6948579000e-02
    1.6440000000e+01  4.5843808700e-01  4.5844241700e-01  4.5843673600e-01  6.6795335000e-02  6.6804317000e-02  6.6796918000e-02
    1.6450000000e+01  4.5906332600e-01  4.5906722500e-01  4.5906179700e-01  6.6645213000e-02  6.6654666000e-02  6.6646869000e-02
    1.6460000000e+01  4.5968245800e-01  4.5968585000e-01  4.5968072800e-01  6.6496246000e-02  6.6506140000e-02  6.6497958000e-02
    1.6470000000e+01  4.6029512200e-01  4.6029792800e-01  4.6029316800e-01  6.6347881000e-02  6.6358172000e-02  6.6349629000e-02
    1.6480000000e+01  4.6090100400e-01  4.6090315200e-01  4.6089880500e-01  6.6199481000e-02  6.6210106000e-02  6.6201236000e-02
    1.6490000000e+01  4.6149985900e-01  4.6150128600e-01  4.6149739900e-01  6.6050317000e-02  6.6061197000e-02  6.6052046000e-02
    1.6500000000e+01  4.6209153400e-01  4.6209218900e-01  4.6208880100e-01  6.5899566000e-02  6.5910607000e-02  6.5901230000e-02
    1.6510000000e+01  4.6267599700e-01  4.6267585000e-01  4.6267298800e-01  6.5746318000e-02  6.5757413000e-02  6.5747874000e-02
    1.6520000000e+01  4.6325338400e-01  4.6325242300e-01  4.6325010200e-01  6.5589585000e-02  6.5600623000e-02  6.5590989000e-02
    1.6530000000e+01  4.6382402800e-01  4.6382226600e-01  4.6382048700e-01  6.5428341000e-02  6.5439207000e-02  6.5429546000e-02
    1.6540000000e+01  4.6438850100e-01  4.6438597300e-01  4.6438472500e-01  6.5261567000e-02  6.5272152000e-02  6.5262530000e-02
    1.6550000000e+01  4.6494762600e-01  4.6494438500e-01  4.6494364500e-01  6.5088327000e-02  6.5098531000e-02  6.5089007000e-02
    1.6560000000e+01  4.6550246200e-01  4.6549858100e-01  4.6549831500e-01  6.4907844000e-02  6.4917582000e-02  6.4908207000e-02
    1.6570000000e+01  4.6605427100e-01  4.6604983400e-01  4.6605000400e-01  6.4719573000e-02  6.4728777000e-02  6.4719593000e-02
    1.6580000000e+01  4.6660444600e-01  4.6659954200e-01  4.6660010800e-01  6.4523271000e-02  6.4531891000e-02  6.4522929000e-02
    1.6590000000e+01  4.6715442300e-01  4.6714914800e-01  4.6715006900e-01  6.4319030000e-02  6.4327034000e-02  6.4318315000e-02
    1.6600000000e+01  4.6770558500e-01  4.6770003100e-01  4.6770126800e-01  6.4107284000e-02  6.4114659000e-02  6.4106198000e-02
    1.6610000000e+01  4.6825915700e-01  4.6825341500e-01  4.6825493100e-01  6.3888790000e-02  6.3895536000e-02  6.3887341000e-02
    1.6620000000e+01  4.6881612400e-01  4.6881027600e-01  4.6881204100e-01  6.3664561000e-02  6.3670695000e-02  6.3662770000e-02
    1.6630000000e+01  4.6937716500e-01  4.6937128600e-01  4.6937327100e-01  6.3435790000e-02  6.3441338000e-02  6.3433684000e-02
    1.6640000000e+01  4.6994262400e-01  4.6993677900e-01  4.6993896000e-01  6.3203743000e-02  6.3208741000e-02  6.3201359000e-02
    1.6650000000e+01  4.7051251300e-01  4.7050675600e-01  4.7050911000e-01  6.2969662000e-02  6.2974153000e-02  6.2967044000e-02
    1.6660000000e+01  4.7108654800e-01  4.7108092400e-01  4.7108343100e-01  6.2734672000e-02  6.2738704000e-02  6.2731866000e-02
    1.6670000000e+01  4.7166421600e-01  4.7165875700e-01  4.7166139800e-01  6.2499709000e-02  6.2503330000e-02  6.2496765000e-02
    1.6680000000e+01  4.7224485000e-01  4.7223958100e-01  4.7224233400e-01  6.2265476000e-02  6.2268736000e-02  6.2262445000e-02
    1.6690000000e+01  4.7282771700e-01  4.7282265100e-01  4.7282549600e-01  6.2032436000e-02  6.2035382000e-02  6.2029364000e-02
    1.6700000000e+01  4.7341209000e-01  4.7340723400e-01  4.7341015100e-01  6.1800826000e-02  6.1803503000e-02  6.1797756000e-02
    1.6710000000e+01  4.7399730600e-01  4.7399266100e-01  4.7399562800e-01  6.1570700000e-02  6.1573148000e-02  6.1567667000e-02
    1.6720000000e+01  4.7458280100e-01  4.7457836200e-01  4.7458135800e-01  6.1341976000e-02  6.1344231000e-02  6.1339012000e-02
    1.6730000000e+01  4.7516811700e-01  4.7516387600e-01  4.7516688100e-01  6.1114491000e-02  6.1116584000e-02  6.1111619000e-02
    1.6740000000e+01  4.7575289300e-01  4.7574883900e-01  4.7575183600e-01  6.0888040000e-02  6.0889996000e-02  6.0885276000e-02
    1.6750000000e+01  4.7633684700e-01  4.7633296900e-01  4.7633594000e-01  6.0662398000e-02  6.0664240000e-02  6.0659753000e-02
    1.6760000000e+01  4.7691975700e-01  4.7691604200e-01  4.7691897300e-01  6.0437339000e-02  6.0439083000e-02  6.0434817000e-02
    1.6770000000e+01  4.7750144000e-01  4.7749787800e-01  4.7750075600e-01  6.0212627000e-02  6.0214288000e-02  6.0210229000e-02
    1.6780000000e+01  4.7808175400e-01  4.7807833400e-01  4.7808114600e-01  5.9988016000e-02  5.9989606000e-02  5.9985742000e-02
    1.6790000000e+01  4.7866059300e-01  4.7865730400e-01  4.7866004200e-01  5.9763245000e-02  5.9764773000e-02  5.9761089000e-02
    1.6800000000e+01  4.7923789700e-01  4.7923473000e-01  4.7923738700e-01  5.9538034000e-02  5.9539508000e-02  5.9535990000e-02
    1.6810000000e+01  4.7981366000e-01  4.7981060700e-01  4.7981317500e-01  5.9312093000e-02  5.9313519000e-02  5.9310154000e-02
    1.6820000000e+01  4.8038793600e-01  4.8038498900e-01  4.8038746400e-01  5.9085132000e-02  5.9086514000e-02  5.9083289000e-02
    1.6830000000e+01  4.8096083800e-01  4.8095799100e-01  4.8096037000e-01  5.8856873000e-02  5.8858216000e-02  5.8855119000e-02
    1.6840000000e+01  4.8153253900e-01  4.8152978500e-01  4.8153206400e-01  5.8627063000e-02  5.8628371000e-02  5.8625388000e-02
    1.6850000000e+01  4.8210326200e-01  4.8210059800e-01  4.8210277500e-01  5.8395483000e-02  5.8396760000e-02  5.8393880000e-02
    1.6860000000e+01  4.8267328300e-01  4.8267070300e-01  4.8267277700e-01  5.8161960000e-02  5.8163208000e-02  5.8160421000e-02
    1.6870000000e+01  4.8324291900e-01  4.8324042000e-01  4.8324239000e-01  5.7926378000e-02  5.7927600000e-02  5.7924893000e-02
    1.6880000000e+01  4.8381252600e-01  4.8381010300e-01  4.8381196900e-01  5.7688692000e-02  5.7689890000e-02  5.7687255000e-02
    1.6890000000e+01  4.8438247400e-01  4.8438012500e-01  4.8438188700e-01  5.7448949000e-02  5.7450126000e-02  5.7447553000e-02
    1.6900000000e+01  4.8495312300e-01  4.8495084400e-01  4.8495250200e-01  5.7207300000e-02  5.7208458000e-02  5.7205936000e-02
    1.6910000000e+01  4.8552477700e-01  4.8552256600e-01  4.8552412100e-01  5.6963996000e-02  5.6965137000e-02  5.6962658000e-02
    1.6920000000e+01  4.8609765000e-01  4.8609550500e-01  4.8609695900e-01  5.6719365000e-02  5.6720492000e-02  5.6718046000e-02
    1.6930000000e+01  4.8667183400e-01  4.8666975200e-01  4.8667110500e-01  5.6473775000e-02  5.6474889000e-02  5.6472469000e-02
    1.6940000000e+01  4.8724729000e-01  4.8724527000e-01  4.8724652300e-01  5.6227571000e-02  5.6228676000e-02  5.6226271000e-02
    1.6950000000e+01  4.8782387500e-01  4.8782191400e-01  4.8782306900e-01  5.5981025000e-02  5.5982122000e-02  5.5979725000e-02
    1.6960000000e+01  4.8840138600e-01  4.8839948300e-01  4.8840054300e-01  5.5734291000e-02  5.5735383000e-02  5.5732985000e-02
    1.6970000000e+01  4.8897963100e-01  4.8897778300e-01  4.8897875100e-01  5.5487397000e-02  5.5488486000e-02  5.5486078000e-02
    1.6980000000e+01  4.8955848600e-01  4.8955669200e-01  4.8955756900e-01  5.5240266000e-02  5.5241355000e-02  5.5238928000e-02
    1.6990000000e+01  4.9013794300e-01  4.9013620000e-01  4.9013699000e-01  5.4992767000e-02  5.4993859000e-02  5.4991403000e-02
    1.7000000000e+01  4.9071812500e-01  4.9071643200e-01  4.9071713900e-01  5.4744781000e-02  5.4745879000e-02  5.4743386000e-02
    1.7010000000e+01  4.9129926900e-01  4.9129762400e-01  4.9129825200e-01  5.4496272000e-02  5.4497377000e-02  5.4494837000e-02
    1.7020000000e+01  4.9188167700e-01  4.9188007600e-01  4.9188063200e-01  5.4247332000e-02  5.4248448000e-02  5.4245852000e-02
    1.7030000000e+01  4.9246565300e-01  4.9246409400e-01  4.9246458300e-01  5.3998212000e-02  5.3999343000e-02  5.3996680000e-02
    1.7040000000e+01  4.9305143300e-01  4.9304991300e-01  4.9305034300e-01  5.3749318000e-02  5.3750466000e-02  5.3747727000e-02
    1.7050000000e+01  4.9363912400e-01  4.9363764100e-01  4.9363802100e-01  5.3501177000e-02  5.3502345000e-02  5.3499519000e-02
    1.7060000000e+01  4.9422866300e-01  4.9422721100e-01  4.9422755300e-01  5.3254388000e-02  5.3255579000e-02  5.3252657000e-02
    1.7070000000e+01  4.9481978700e-01  4.9481836300e-01  4.9481867800e-01  5.3009563000e-02  5.3010780000e-02  5.3007753000e-02
    1.7080000000e+01  4.9541203400e-01  4.9541063300e-01  4.9541093600e-01  5.2767257000e-02  5.2768503000e-02  5.2765362000e-02
    1.7090000000e+01  4.9600475800e-01  4.9600337400e-01  4.9600368100e-01  5.2527906000e-02  5.2529183000e-02  5.2525922000e-02
    1.7100000000e+01  4.9659716700e-01  4.9659579400e-01  4.9659612500e-01  5.2291765000e-02  5.2293075000e-02  5.2289688000e-02
    1.7110000000e+01  4.9718838100e-01  4.9718701200e-01  4.9718738700e-01  5.2058864000e-02  5.2060208000e-02  5.2056693000e-02
    1.7120000000e+01  4.9777750000e-01  4.9777612800e-01  4.9777656900e-01  5.1828980000e-02  5.1830357000e-02  5.1826715000e-02
    1.7130000000e+01  4.9836368400e-01  4.9836230200e-01  4.9836283300e-01  5.1601629000e-02  5.1603038000e-02  5.1599273000e-02
    1.7140000000e+01  4.9894623500e-01  4.9894483500e-01  4.9894547900e-01  5.1376094000e-02  5.1377533000e-02  5.1373653000e-02
    1.7150000000e+01  4.9952466200e-01  4.9952323600e-01  4.9952401700e-01  5.1151470000e-02  5.1152935000e-02  5.1148954000e-02
    1.7160000000e+01  5.0009872900e-01  5.0009727100e-01  5.0009821000e-01  5.0926734000e-02  5.0928219000e-02  5.0924156000e-02
    1.7170000000e+01  5.0066848900e-01  5.0066699300e-01  5.0066810600e-01  5.0700823000e-02  5.0702321000e-02  5.0698199000e-02
    1.7180000000e+01  5.0123427500e-01  5.0123273600e-01  5.0123403800e-01  5.0472723000e-02  5.0474225000e-02  5.0470072000e-02
    1.7190000000e+01  5.0179667700e-01  5.0179509300e-01  5.0179659200e-01  5.0241544000e-02  5.0243043000e-02  5.0238887000e-02
    1.7200000000e+01  5.0235649500e-01  5.0235486500e-01  5.0235656200e-01  5.0006598000e-02  5.0008084000e-02  5.0003956000e-02
    1.7210000000e+01  5.0291466100e-01  5.0291298600e-01  5.0291487500e-01  4.9767441000e-02  4.9768905000e-02  4.9764834000e-02
    1.7220000000e+01  5.0347215600e-01  5.0347044000e-01  5.0347251200e-01  4.9523900000e-02  4.9525333000e-02  4.9521347000e-02
    1.7230000000e+01  5.0402993000e-01  5.0402817700e-01  5.0403041500e-01  4.9276062000e-02  4.9277458000e-02  4.9273581000e-02
    1.7240000000e+01  5.0458881900e-01  5.0458703300e-01  5.0458942000e-01  4.9024240000e-02  4.9025592000e-02  4.9021845000e-02
    1.7250000000e+01  5.0514949200e-01  5.0514768100e-01  5.0515019500e-01  4.8768909000e-02  4.8770213000e-02  4.8766611000e-02
    1.7260000000e+01  5.0571243000e-01  5.0571060000e-01  5.0571321900e-01  4.8510635000e-02  4.8511888000e-02  4.8508441000e-02
    1.7270000000e+01  5.0627792900e-01  5.0627608600e-01  5.0627878800e-01  4.8250002000e-02  4.8251202000e-02  4.8247915000e-02
    1.7280000000e+01  5.0684613000e-01  5.0684428000e-01  5.0684704500e-01  4.7987556000e-02  4.7988702000e-02  4.7985579000e-02
    1.7290000000e+01  5.0741706500e-01  5.0741521500e-01  5.0741802200e-01  4.7723773000e-02  4.7724866000e-02  4.7721904000e-02
    1.7300000000e+01  5.0799071100e-01  5.0798886500e-01  5.0799169700e-01  4.7459050000e-02  4.7460092000e-02  4.7457289000e-02
    1.7310000000e+01  5.0856701900e-01  5.0856518200e-01  5.0856802400e-01  4.7193725000e-02  4.7194717000e-02  4.7192066000e-02
    1.7320000000e+01  5.0914593900e-01  5.0914411500e-01  5.0914695400e-01  4.6928100000e-02  4.6929044000e-02  4.6926539000e-02
    1.7330000000e+01  5.0972741200e-01  5.0972560300e-01  5.0972842800e-01  4.6662470000e-02  4.6663369000e-02  4.6661002000e-02
    1.7340000000e+01  5.1031134600e-01  5.1030955500e-01  5.1031235700e-01  4.6397141000e-02  4.6397997000e-02  4.6395760000e-02
    1.7350000000e+01  5.1089758700e-01  5.1089581700e-01  5.1089858700e-01  4.6132418000e-02  4.6133234000e-02  4.6131118000e-02
    1.7360000000e+01  5.1148589800e-01  5.1148415000e-01  5.1148688300e-01  4.5868576000e-02  4.5869354000e-02  4.5867353000e-02
    1.7370000000e+01  5.1207595700e-01  5.1207423300e-01  5.1207692400e-01  4.5605814000e-02  4.5606558000e-02  4.5604662000e-02
    1.7380000000e+01  5.1266738600e-01  5.1266568700e-01  5.1266833100e-01  4.5344210000e-02  4.5344920000e-02  4.5343123000e-02
    1.7390000000e+01  5.1325979900e-01  5.1325812500e-01  5.1326072000e-01  4.5083683000e-02  4.5084363000e-02  4.5082656000e-02
    1.7400000000e+01  5.1385287300e-01  5.1385122500e-01  5.1385376900e-01  4.4823993000e-02  4.4824645000e-02  4.4823023000e-02
    1.7410000000e+01  5.1444642000e-01  5.1444479800e-01  5.1444728900e-01  4.4564765000e-02  4.4565391000e-02  4.4563847000e-02
    1.7420000000e+01  5.1504044100e-01  5.1503884500e-01  5.1504128300e-01  4.4305548000e-02  4.4306149000e-02  4.4304677000e-02
    1.7430000000e+01  5.1563515300e-01  5.1563358300e-01  5.1563596700e-01  4.4045892000e-02  4.4046470000e-02  4.4045065000e-02
    1.7440000000e+01  5.1623098600e-01  5.1622944200e-01  5.1623177100e-01  4.3785441000e-02  4.3785999000e-02  4.3784655000e-02
    1.7450000000e+01  5.1682853600e-01  5.1682701900e-01  5.1682929300e-01  4.3524014000e-02  4.3524552000e-02  4.3523266000e-02
    1.7460000000e+01  5.1742849700e-01  5.1742700500e-01  5.1742922500e-01  4.3261662000e-02  4.3262182000e-02  4.3260948000e-02
    1.7470000000e+01  5.1803156300e-01  5.1803009700e-01  5.1803226300e-01  4.2998696000e-02  4.2999199000e-02  4.2998014000e-02
    1.7480000000e+01  5.1863833700e-01  5.1863689700e-01  5.1863900900e-01  4.2735683000e-02  4.2736169000e-02  4.2735030000e-02
    1.7490000000e+01  5.1924924200e-01  5.1924782600e-01  5.1924988600e-01  4.2473396000e-02  4.2473868000e-02  4.2472770000e-02
    1.7500000000e+01  5.1986444900e-01  5.1986305800e-01  5.1986506600e-01  4.2212744000e-02  4.2213202000e-02  4.2212144000e-02
    1.7510000000e+01  5.2048385300e-01  5.2048248600e-01  5.2048444200e-01  4.1954676000e-02  4.1955121000e-02  4.1954099000e-02
    1.7520000000e+01  5.2110706600e-01  5.2110572400e-01  5.2110762900e-01  4.1700081000e-02  4.1700515000e-02  4.1699526000e-02
    1.7530000000e+01  5.2173346800e-01  5.2173214900e-01  5.2173400400e-01  4.1449701000e-02  4.1450123000e-02  4.1449165000e-02
    1.7540000000e+01  5.2236226400e-01  5.2236096900e-01  5.2236277500e-01  4.1204060000e-02  4.1204472000e-02  4.1203543000e-02
    1.7550000000e+01  5.2299258000e-01  5.2299130800e-01  5.2299306500e-01  4.0963433000e-02  4.0963836000e-02  4.0962933000e-02
    1.7560000000e+01  5.2362354500e-01  5.2362229600e-01  5.2362400600e-01  4.0727844000e-02  4.0728238000e-02  4.0727360000e-02
    1.7570000000e+01  5.2425437000e-01  5.2425314300e-01  5.2425480500e-01  4.0497095000e-02  4.0497481000e-02  4.0496624000e-02
    1.7580000000e+01  5.2488440200e-01  5.2488319800e-01  5.2488481400e-01  4.0270817000e-02  4.0271195000e-02  4.0270360000e-02
    1.7590000000e+01  5.2551316100e-01  5.2551197800e-01  5.2551354900e-01  4.0048535000e-02  4.0048907000e-02  4.0048091000e-02
    1.7600000000e+01  5.2614034000e-01  5.2613917800e-01  5.2614070400e-01  3.9829731000e-02  3.9830096000e-02  3.9829298000e-02
    1.7610000000e+01  5.2676579400e-01  5.2676465400e-01  5.2676613600e-01  3.9613894000e-02  3.9614253000e-02  3.9613471000e-02
    1.7620000000e+01  5.2738951600e-01  5.2738839600e-01  5.2738983400e-01  3.9400564000e-02  3.9400917000e-02  3.9400150000e-02
    1.7630000000e+01  5.2801159700e-01  5.2801049800e-01  5.2801189300e-01  3.9189358000e-02  3.9189706000e-02  3.9188953000e-02
    1.7640000000e+01  5.2863220000e-01  5.2863112100e-01  5.2863247500e-01  3.8979981000e-02  3.8980324000e-02  3.8979583000e-02
    1.7650000000e+01  5.2925152600e-01  5.2925046800e-01  5.2925177900e-01  3.8772228000e-02  3.8772567000e-02  3.8771837000e-02
    1.7660000000e+01  5.2986979200e-01  5.2986875300e-01  5.2987002400e-01  3.8565984000e-02  3.8566319000e-02  3.8565599000e-02
    1.7670000000e+01  5.3048720900e-01  5.3048618900e-01  5.3048741900e-01  3.8361215000e-02  3.8361546000e-02  3.8360835000e-02
    1.7680000000e+01  5.3110396400e-01  5.3110296400e-01  5.3110415300e-01  3.8157959000e-02  3.8158287000e-02  3.8157584000e-02
    1.7690000000e+01  5.3172020900e-01  5.3171922900e-01  5.3172037800e-01  3.7956319000e-02  3.7956643000e-02  3.7955948000e-02
    1.7700000000e+01  5.3233604700e-01  5.3233508600e-01  5.3233619500e-01  3.7756446000e-02  3.7756768000e-02  3.7756078000e-02
    1.7710000000e+01  5.3295152100e-01  5.3295057800e-01  5.3295164800e-01  3.7558529000e-02  3.7558848000e-02  3.7558163000e-02
    1.7720000000e+01  5.3356660800e-01  5.3356568400e-01  5.3356671600e-01  3.7362775000e-02  3.7363092000e-02  3.7362412000e-02
    1.7730000000e+01  5.3418121900e-01  5.3418031400e-01  5.3418130700e-01  3.7169397000e-02  3.7169713000e-02  3.7169035000e-02
    1.7740000000e+01  5.3479519700e-01  5.3479431100e-01  5.3479526500e-01  3.6978592000e-02  3.6978906000e-02  3.6978230000e-02
    1.7750000000e+01  5.3540832300e-01  5.3540745500e-01  5.3540837100e-01  3.6790524000e-02  3.6790837000e-02  3.6790162000e-02
    1.7760000000e+01  5.3602032900e-01  5.3601948000e-01  5.3602035800e-01  3.6605313000e-02  3.6605625000e-02  3.6604950000e-02
    1.7770000000e+01  5.3663091300e-01  5.3663008300e-01  5.3663092200e-01  3.6423019000e-02  3.6423331000e-02  3.6422654000e-02
    1.7780000000e+01  5.3723975500e-01  5.3723894300e-01  5.3723974500e-01  3.6243642000e-02  3.6243954000e-02  3.6243275000e-02
    1.7790000000e+01  5.3784653200e-01  5.3784573900e-01  5.3784650300e-01  3.6067122000e-02  3.6067436000e-02  3.6066753000e-02
    1.7800000000e+01  5.3845093400e-01  5.3845015900e-01  5.3845088600e-01  3.5893349000e-02  3.5893663000e-02  3.5892975000e-02
    1.7810000000e+01  5.3905266400e-01  5.3905190800e-01  5.3905259600e-01  3.5722167000e-02  3.5722482000e-02  3.5721788000e-02
    1.7820000000e+01  5.3965144300e-01  5.3965070600e-01  5.3965135700e-01  3.5553381000e-02  3.5553698000e-02  3.5552997000e-02
    1.7830000000e+01  5.4024701000e-01  5.4024629100e-01  5.4024690600e-01  3.5386765000e-02  3.5387084000e-02  3.5386373000e-02
    1.7840000000e+01  5.4083912100e-01  5.4083842000e-01  5.4083899800e-01  3.5222053000e-02  3.5222374000e-02  3.5221653000e-02
    1.7850000000e+01  5.4142755100e-01  5.4142686900e-01  5.4142740900e-01  3.5058942000e-02  3.5059267000e-02  3.5058534000e-02
    1.7860000000e+01  5.4201210100e-01  5.4201143700e-01  5.4201194100e-01  3.4897091000e-02  3.4897419000e-02  3.4896673000e-02
    1.7870000000e+01  5.4259260700e-01  5.4259196200e-01  5.4259243000e-01  3.4736113000e-02  3.4736445000e-02  3.4735683000e-02
    1.7880000000e+01  5.4316894800e-01  5.4316832200e-01  5.4316875400e-01  3.4575583000e-02  3.4575919000e-02  3.4575141000e-02
    1.7890000000e+01  5.4374105600e-01  5.4374044800e-01  5.4374084400e-01  3.4415037000e-02  3.4415379000e-02  3.4414581000e-02
    1.7900000000e+01  5.4430892700e-01  5.4430833800e-01  5.4430869900e-01  3.4253982000e-02  3.4254329000e-02  3.4253511000e-02
    1.7910000000e+01  5.4487263300e-01  5.4487206300e-01  5.4487239000e-01  3.4091900000e-02  3.4092253000e-02  3.4091412000e-02
    1.7920000000e+01  5.4543233400e-01  5.4543178300e-01  5.4543207600e-01  3.3928265000e-02  3.3928626000e-02  3.3927758000e-02
    1.7930000000e+01  5.4598828100e-01  5.4598774800e-01  5.4598800900e-01  3.3762562000e-02  3.3762930000e-02  3.3762034000e-02
    1.7940000000e+01  5.4654082000e-01  5.4654030700e-01  5.4654053700e-01  3.3594303000e-02  3.3594679000e-02  3.3593753000e-02
    1.7950000000e+01  5.4709039100e-01  5.4708989700e-01  5.4709009700e-01  3.3423055000e-02  3.3423441000e-02  3.3422482000e-02
    1.7960000000e+01  5.4763751400e-01  5.4763703900e-01  5.4763721200e-01  3.3248457000e-02  3.3248853000e-02  3.3247858000e-02
    1.7970000000e+01  5.4818277800e-01  5.4818232200e-01  5.4818247000e-01  3.3070242000e-02  3.3070648000e-02  3.3069615000e-02
    1.7980000000e+01  5.4872682000e-01  5.4872638200e-01  5.4872650800e-01  3.2888248000e-02  3.2888666000e-02  3.2887593000e-02
    1.7990000000e+01  5.4927030200e-01  5.4926988300e-01  5.4926999000e-01  3.2702438000e-02  3.2702869000e-02  3.2701753000e-02
    1.8000000000e+01  5.4981388200e-01  5.4981348200e-01  5.4981357400e-01  3.2512901000e-02  3.2513345000e-02  3.2512184000e-02
    1.8010000000e+01  5.5035818500e-01  5.5035780300e-01  5.5035788400e-01  3.2319853000e-02  3.2320312000e-02  3.2319105000e-02
    1.8020000000e+01  5.5090376700e-01  5.5090340400e-01  5.5090347800e-01  3.2123629000e-02  3.2124104000e-02  3.2122850000e-02
    1.8030000000e+01  5.5145108900e-01  5.5145074300e-01  5.5145081600e-01  3.1924661000e-02  3.1925153000e-02  3.1923852000e-02
    1.8040000000e+01  5.5200048700e-01  5.5200015900e-01  5.5200023500e-01  3.1723448000e-02  3.1723958000e-02  3.1722610000e-02
    1.8050000000e+01  5.5255216700e-01  5.5255185700e-01  5.5255194100e-01  3.1520514000e-02  3.1521044000e-02  3.1519651000e-02
    1.8060000000e+01  5.5310620400e-01  5.5310591100e-01  5.5310600700e-01  3.1316371000e-02  3.1316921000e-02  3.1315486000e-02
    1.8070000000e+01  5.5366255900e-01  5.5366228300e-01  5.5366239500e-01  3.1111479000e-02  3.1112050000e-02  3.1110576000e-02
    1.8080000000e+01  5.5422111000e-01  5.5422085200e-01  5.5422098200e-01  3.0906217000e-02  3.0906812000e-02  3.0905303000e-02
    1.8090000000e+01  5.5478169100e-01  5.5478144900e-01  5.5478159900e-01  3.0700876000e-02  3.0701494000e-02  3.0699955000e-02
    1.8100000000e+01  5.5534412000e-01  5.5534389400e-01  5.5534406500e-01  3.0495652000e-02  3.0496296000e-02  3.0494732000e-02
    1.8110000000e+01  5.5590823300e-01  5.5590802400e-01  5.5590821400e-01  3.0290669000e-02  3.0291341000e-02  3.0289754000e-02
    1.8120000000e+01  5.5647390300e-01  5.5647371000e-01  5.5647391700e-01  3.0085991000e-02  3.0086693000e-02  3.0085087000e-02
    1.8130000000e+01  5.5704104400e-01  5.5704086600e-01  5.5704108800e-01  2.9881651000e-02  2.9882384000e-02  2.9880762000e-02
    1.8140000000e+01  5.5760961500e-01  5.5760945200e-01  5.5760968500e-01  2.9677661000e-02  2.9678429000e-02  2.9676791000e-02
    1.8150000000e+01  5.5817961700e-01  5.5817946900e-01  5.5817970900e-01  2.9474034000e-02  2.9474840000e-02  2.9473186000e-02
    1.8160000000e+01  5.5875108700e-01  5.5875095200e-01  5.5875119700e-01  2.9270794000e-02  2.9271640000e-02  2.9269969000e-02
    1.8170000000e+01  5.5932409500e-01  5.5932397100e-01  5.5932421800e-01  2.9067981000e-02  2.9068872000e-02  2.9067179000e-02
    1.8180000000e+01  5.5989873700e-01  5.5989862200e-01  5.5989886900e-01  2.8865668000e-02  2.8866607000e-02  2.8864890000e-02
    1.8190000000e+01  5.6047512500e-01  5.6047501600e-01  5.6047526300e-01  2.8663969000e-02  2.8664960000e-02  2.8663214000e-02
    1.8200000000e+01  5.6105337400e-01  5.6105326700e-01  5.6105351400e-01  2.8463049000e-02  2.8464096000e-02  2.8462315000e-02
    1.8210000000e+01  5.6163357800e-01  5.6163347000e-01  5.6163371800e-01  2.8263125000e-02  2.8264231000e-02  2.8262410000e-02
    1.8220000000e+01  5.6221579500e-01  5.6221568000e-01  5.6221593300e-01  2.8064459000e-02  2.8065630000e-02  2.8063763000e-02
    1.8230000000e+01  5.6280002400e-01  5.6279989600e-01  5.6280016000e-01  2.7867351000e-02  2.7868589000e-02  2.7866670000e-02
    1.8240000000e+01  5.6338620000e-01  5.6338605100e-01  5.6338633100e-01  2.7672109000e-02  2.7673419000e-02  2.7671442000e-02
    1.8250000000e+01  5.6397418300e-01  5.6397400500e-01  5.6397431000e-01  2.7479033000e-02  2.7480415000e-02  2.7478377000e-02
    1.8260000000e+01  5.6456377500e-01  5.6456355700e-01  5.6456389800e-01  2.7288385000e-02  2.7289842000e-02  2.7287740000e-02
    1.8270000000e+01  5.6515472900e-01  5.6515446100e-01  5.6515484800e-01  2.7100380000e-02  2.7101911000e-02  2.7099743000e-02
    1.8280000000e+01  5.6574677300e-01  5.6574644400e-01  5.6574688800e-01  2.6915167000e-02  2.6916770000e-02  2.6914537000e-02
    1.8290000000e+01  5.6633963200e-01  5.6633922900e-01  5.6633974500e-01  2.6732835000e-02  2.6734505000e-02  2.6732211000e-02
    1.8300000000e+01  5.6693304800e-01  5.6693256100e-01  5.6693316100e-01  2.6553416000e-02  2.6555147000e-02  2.6552798000e-02
    1.8310000000e+01  5.6752679700e-01  5.6752621500e-01  5.6752691000e-01  2.6376908000e-02  2.6378689000e-02  2.6376296000e-02
    1.8320000000e+01  5.6812068900e-01  5.6812000100e-01  5.6812080300e-01  2.6203285000e-02  2.6205106000e-02  2.6202679000e-02
    1.8330000000e+01  5.6871456900e-01  5.6871376900e-01  5.6871468400e-01  2.6032523000e-02  2.6034370000e-02  2.6031924000e-02
    1.8340000000e+01  5.6930830400e-01  5.6930738800e-01  5.6930842200e-01  2.5864608000e-02  2.5866467000e-02  2.5864019000e-02
    1.8350000000e+01  5.6990177200e-01  5.6990073800e-01  5.6990189200e-01  2.5699548000e-02  2.5701402000e-02  2.5698968000e-02
    1.8360000000e+01  5.7049484600e-01  5.7049369600e-01  5.7049496900e-01  2.5537368000e-02  2.5539201000e-02  2.5536800000e-02
    1.8370000000e+01  5.7108738200e-01  5.7108612000e-01  5.7108750600e-01  2.5378109000e-02  2.5379906000e-02  2.5377553000e-02
    1.8380000000e+01  5.7167920800e-01  5.7167784300e-01  5.7167933300e-01  2.5221819000e-02  2.5223567000e-02  2.5221277000e-02
    1.8390000000e+01  5.7227012400e-01  5.7226866400e-01  5.7227024700e-01  2.5068541000e-02  2.5070228000e-02  2.5068013000e-02
    1.8400000000e+01  5.7285989000e-01  5.7285834600e-01  5.7286001000e-01  2.4918304000e-02  2.4919922000e-02  2.4917791000e-02
    1.8410000000e+01  5.7344823100e-01  5.7344661400e-01  5.7344834700e-01  2.4771110000e-02  2.4772653000e-02  2.4770613000e-02
    1.8420000000e+01  5.7403483600e-01  5.7403315900e-01  5.7403494700e-01  2.4626916000e-02  2.4628379000e-02  2.4626435000e-02
    1.8430000000e+01  5.7461937000e-01  5.7461764300e-01  5.7461947300e-01  2.4485621000e-02  2.4487003000e-02  2.4485154000e-02
    1.8440000000e+01  5.7520148200e-01  5.7519971600e-01  5.7520157600e-01  2.4347046000e-02  2.4348346000e-02  2.4346594000e-02
    1.8450000000e+01  5.7578083300e-01  5.7577903600e-01  5.7578091600e-01  2.4210927000e-02  2.4212147000e-02  2.4210489000e-02
    1.8460000000e+01  5.7635712000e-01  5.7635530200e-01  5.7635719200e-01  2.4076906000e-02  2.4078047000e-02  2.4076481000e-02
    1.8470000000e+01  5.7693011200e-01  5.7692827900e-01  5.7693017200e-01  2.3944541000e-02  2.3945607000e-02  2.3944128000e-02
    1.8480000000e+01  5.7749967500e-01  5.7749783300e-01  5.7749972100e-01  2.3813324000e-02  2.3814319000e-02  2.3812922000e-02
    1.8490000000e+01  5.7806579600e-01  5.7806395000e-01  5.7806582800e-01  2.3682711000e-02  2.3683638000e-02  2.3682320000e-02
    1.8500000000e+01  5.7862859300e-01  5.7862674800e-01  5.7862861000e-01  2.3552160000e-02  2.3553024000e-02  2.3551779000e-02
    1.8510000000e+01  5.7918831100e-01  5.7918646900e-01  5.7918831200e-01  2.3421174000e-02  2.3421977000e-02  2.3420800000e-02
    1.8520000000e+01  5.7974530100e-01  5.7974346600e-01  5.7974528600e-01  2.3289330000e-02  2.3290078000e-02  2.3288964000e-02
    1.8530000000e+01  5.8029999000e-01  5.8029816400e-01  5.8029996000e-01  2.3156314000e-02  2.3157009000e-02  2.3155954000e-02
    1.8540000000e+01  5.8085284800e-01  5.8085103200e-01  5.8085280000e-01  2.3021925000e-02  2.3022572000e-02  2.3021572000e-02
    1.8550000000e+01  5.8140434400e-01  5.8140254000e-01  5.8140428000e-01  2.2886079000e-02  2.2886680000e-02  2.2885731000e-02
    1.8560000000e+01  5.8195492700e-01  5.8195313500e-01  5.8195484600e-01  2.2748791000e-02  2.2749349000e-02  2.2748446000e-02
    1.8570000000e+01  5.8250500100e-01  5.8250322200e-01  5.8250490300e-01  2.2610154000e-02  2.2610672000e-02  2.2609813000e-02
    1.8580000000e+01  5.8305491700e-01  5.8305315000e-01  5.8305480100e-01  2.2470327000e-02  2.2470807000e-02  2.2469988000e-02
    1.8590000000e+01  5.8360497100e-01  5.8360321800e-01  5.8360483800e-01  2.2329506000e-02  2.2329951000e-02  2.2329169000e-02
    1.8600000000e+01  5.8415540600e-01  5.8415366600e-01  5.8415525600e-01  2.2187921000e-02  2.2188333000e-02  2.2187585000e-02
    1.8610000000e+01  5.8470641200e-01  5.8470468500e-01  5.8470624400e-01  2.2045820000e-02  2.2046201000e-02  2.2045484000e-02
    1.8620000000e+01  5.8525813000e-01  5.8525641500e-01  5.8525794300e-01  2.1903462000e-02  2.1903814000e-02  2.1903126000e-02
    1.8630000000e+01  5.8581065000e-01  5.8580894700e-01  5.8581044500e-01  2.1761111000e-02  2.1761434000e-02  2.1760774000e-02
    1.8640000000e+01  5.8636402300e-01  5.8636233200e-01  5.8636380000e-01  2.1619023000e-02  2.1619319000e-02  2.1618684000e-02
    1.8650000000e+01  5.8691826000e-01  5.8691658000e-01  5.8691801800e-01  2.1477447000e-02  2.1477718000e-02  2.1477106000e-02
    1.8660000000e+01  5.8747334100e-01  5.8747167100e-01  5.8747308000e-01  2.1336621000e-02  2.1336867000e-02  2.1336277000e-02
    1.8670000000e+01  5.8802921500e-01  5.8802755500e-01  5.8802893500e-01  2.1196774000e-02  2.1196997000e-02  2.1196426000e-02
    1.8680000000e+01  5.8858580200e-01  5.8858415100e-01  5.8858550300e-01  2.1058123000e-02  2.1058323000e-02  2.1057771000e-02
    1.8690000000e+01  5.8914298500e-01  5.8914134400e-01  5.8914266700e-01  2.0920876000e-02  2.0921054000e-02  2.0920519000e-02
    1.8700000000e+01  5.8970061200e-01  5.8969897800e-01  5.8970027400e-01  2.0785218000e-02  2.0785374000e-02  2.0784855000e-02
    1.8710000000e+01  5.9025848900e-01  5.9025686300e-01  5.9025813100e-01  2.0651298000e-02  2.0651433000e-02  2.0650929000e-02
    1.8720000000e+01  5.9081639700e-01  5.9081477700e-01  5.9081601900e-01  2.0519221000e-02  2.0519336000e-02  2.0518844000e-02
    1.8730000000e+01  5.9137410000e-01  5.9137248600e-01  5.9137370100e-01  2.0389033000e-02  2.0389126000e-02  2.0388647000e-02
    1.8740000000e+01  5.9193137100e-01  5.9192976300e-01  5.9193095200e-01  2.0260719000e-02  2.0260792000e-02  2.0260325000e-02
    1.8750000000e+01  5.9248800700e-01  5.9248640300e-01  5.9248756700e-01  2.0134214000e-02  2.0134266000e-02  2.0133810000e-02
    1.8760000000e+01  5.9304384100e-01  5.9304224100e-01  5.9304337900e-01  2.0009412000e-02  2.0009444000e-02  2.0008997000e-02
    1.8770000000e+01  5.9359875100e-01  5.9359715300e-01  5.9359826700e-01  1.9886186000e-02  1.9886197000e-02  1.9885759000e-02
    1.8780000000e+01  5.9415265600e-01  5.9415106200e-01  5.9415215100e-01  1.9764397000e-02  1.9764387000e-02  1.9763957000e-02
    1.8790000000e+01  5.9470551700e-01  5.9470392400e-01  5.9470499000e-01  1.9643911000e-02  1.9643880000e-02  1.9643457000e-02
    1.8800000000e+01  5.9525732500e-01  5.9525573300e-01  5.9525677500e-01  1.9524604000e-02  1.9524551000e-02  1.9524134000e-02
    1.8810000000e+01  5.9580809700e-01  5.9580650600e-01  5.9580752400e-01  1.9406365000e-02  1.9406290000e-02  1.9405879000e-02
    1.8820000000e+01  5.9635787200e-01  5.9635628000e-01  5.9635727500e-01  1.9289104000e-02  1.9289006000e-02  1.9288600000e-02
    1.8830000000e+01  5.9690670500e-01  5.9690511200e-01  5.9690608400e-01  1.9172750000e-02  1.9172627000e-02  1.9172226000e-02
    1.8840000000e+01  5.9745466200e-01  5.9745306800e-01  5.9745401700e-01  1.9057256000e-02  1.9057108000e-02  1.9056710000e-02
    1.8850000000e+01  5.9800181500e-01  5.9800021900e-01  5.9800114600e-01  1.8942603000e-02  1.8942428000e-02  1.8942033000e-02
    1.8860000000e+01  5.9854823300e-01  5.9854663400e-01  5.9854753900e-01  1.8828799000e-02  1.8828597000e-02  1.8828204000e-02
    1.8870000000e+01  5.9909396900e-01  5.9909236800e-01  5.9909325100e-01  1.8715880000e-02  1.8715649000e-02  1.8715258000e-02
    1.8880000000e+01  5.9963905400e-01  5.9963744900e-01  5.9963831100e-01  1.8603902000e-02  1.8603640000e-02  1.8603249000e-02
    1.8890000000e+01  6.0018348800e-01  6.0018188000e-01  6.0018272100e-01  1.8492928000e-02  1.8492634000e-02  1.8492243000e-02
    1.8900000000e+01  6.0072723900e-01  6.0072562700e-01  6.0072644600e-01  1.8383019000e-02  1.8382690000e-02  1.8382299000e-02
    1.8910000000e+01  6.0127024500e-01  6.0126863000e-01  6.0126942900e-01  1.8274213000e-02  1.8273847000e-02  1.8273455000e-02
    1.8920000000e+01  6.0181243200e-01  6.0181081300e-01  6.0181159200e-01  1.8166522000e-02  1.8166117000e-02  1.8165723000e-02
    1.8930000000e+01  6.0235372100e-01  6.0235209800e-01  6.0235285800e-01  1.8059920000e-02  1.8059473000e-02  1.8059075000e-02
    1.8940000000e+01  6.0289404900e-01  6.0289242500e-01  6.0289316500e-01  1.7954350000e-02  1.7953857000e-02  1.7953456000e-02
    1.8950000000e+01  6.0343338400e-01  6.0343175900e-01  6.0343248000e-01  1.7849731000e-02  1.7849190000e-02  1.7848784000e-02
    1.8960000000e+01  6.0397172900e-01  6.0397010300e-01  6.0397080600e-01  1.7745976000e-02  1.7745382000e-02  1.7744971000e-02
    1.8970000000e+01  6.0450912200e-01  6.0450749900e-01  6.0450818400e-01  1.7643005000e-02  1.7642356000e-02  1.7641937000e-02
    1.8980000000e+01  6.0504563400e-01  6.0504401600e-01  6.0504468300e-01  1.7540764000e-02  1.7540055000e-02  1.7539630000e-02
    1.8990000000e+01  6.0558135200e-01  6.0557974200e-01  6.0558039300e-01  1.7439235000e-02  1.7438463000e-02  1.7438029000e-02
    1.9000000000e+01  6.0611636200e-01  6.0611476400e-01  6.0611540000e-01  1.7338440000e-02  1.7337600000e-02  1.7337156000e-02
    1.9010000000e+01  6.0665073300e-01  6.0664915200e-01  6.0664977400e-01  1.7238436000e-02  1.7237524000e-02  1.7237070000e-02
    1.9020000000e+01  6.0718450600e-01  6.0718294700e-01  6.0718355700e-01  1.7139308000e-02  1.7138320000e-02  1.7137854000e-02
    1.9030000000e+01  6.0771768000e-01  6.0771615100e-01  6.0771674900e-01  1.7041149000e-02  1.7040082000e-02  1.7039604000e-02
    1.9040000000e+01  6.0825021800e-01  6.0824872800e-01  6.0824931600e-01  1.6944050000e-02  1.6942901000e-02  1.6942410000e-02
    1.9050000000e+01  6.0878205100e-01  6.0878060900e-01  6.0878119000e-01  1.6848080000e-02  1.6846846000e-02  1.6846343000e-02
    1.9060000000e+01  6.0931308800e-01  6.0931170400e-01  6.0931227900e-01  1.6753279000e-02  1.6751961000e-02  1.6751444000e-02
    1.9070000000e+01  6.0984323000e-01  6.0984191500e-01  6.0984248700e-01  1.6659655000e-02  1.6658254000e-02  1.6657723000e-02
    1.9080000000e+01  6.1037238000e-01  6.1037114700e-01  6.1037171800e-01  1.6567182000e-02  1.6565700000e-02  1.6565156000e-02
    1.9090000000e+01  6.1090045500e-01  6.1089931500e-01  6.1089988800e-01  1.6475805000e-02  1.6474249000e-02  1.6473692000e-02
    1.9100000000e+01  6.1142739200e-01  6.1142635800e-01  6.1142693600e-01  1.6385446000e-02  1.6383823000e-02  1.6383255000e-02
    1.9110000000e+01  6.1195315700e-01  6.1195223900e-01  6.1195282300e-01  1.6296010000e-02  1.6294330000e-02  1.6293754000e-02
    1.9120000000e+01  6.1247774600e-01  6.1247695400e-01  6.1247754600e-01  1.6207393000e-02  1.6205670000e-02  1.6205087000e-02
    1.9130000000e+01  6.1300119300e-01  6.1300053300e-01  6.1300113400e-01  1.6119492000e-02  1.6117742000e-02  1.6117155000e-02
    1.9140000000e+01  6.1352356800e-01  6.1352304300e-01  6.1352365500e-01  1.6032221000e-02  1.6030459000e-02  1.6029871000e-02
    1.9150000000e+01  6.1404497400e-01  6.1404458600e-01  6.1404520800e-01  1.5945521000e-02  1.5943764000e-02  1.5943179000e-02
    1.9160000000e+01  6.1456553800e-01  6.1456528300e-01  6.1456591500e-01  1.5859376000e-02  1.5857641000e-02  1.5857061000e-02
    1.9170000000e+01  6.1508539000e-01  6.1508526200e-01  6.1508590200e-01  1.5773823000e-02  1.5772126000e-02  1.5771554000e-02
    1.9180000000e+01  6.1560464300e-01  6.1560463400e-01  6.1560528100e-01  1.5688951000e-02  1.5687305000e-02  1.5686744000e-02
    1.9190000000e+01  6.1612337700e-01  6.1612347500e-01  6.1612412800e-01  1.5604896000e-02  1.5603313000e-02  1.5602764000e-02
    1.9200000000e+01  6.1664161600e-01  6.1664181000e-01  6.1664246600e-01  1.5521826000e-02  1.5520313000e-02  1.5519779000e-02
    1.9210000000e+01  6.1715932200e-01  6.1715960000e-01  6.1716025600e-01  1.5439916000e-02  1.5438480000e-02  1.5437961000e-02
    1.9220000000e+01  6.1767639200e-01  6.1767674200e-01  6.1767739600e-01  1.5359328000e-02  1.5357973000e-02  1.5357470000e-02
    1.9230000000e+01  6.1819266800e-01  6.1819307700e-01  6.1819372800e-01  1.5280188000e-02  1.5278915000e-02  1.5278428000e-02
    1.9240000000e+01  6.1870795000e-01  6.1870840800e-01  6.1870905300e-01  1.5202564000e-02  1.5201373000e-02  1.5200902000e-02
    1.9250000000e+01  6.1922202200e-01  6.1922252000e-01  6.1922315600e-01  1.5126459000e-02  1.5125347000e-02  1.5124891000e-02
    1.9260000000e+01  6.1973467600e-01  6.1973520500e-01  6.1973583100e-01  1.5051803000e-02  1.5050769000e-02  1.5050328000e-02
    1.9270000000e+01  6.2024573600e-01  6.2024628800e-01  6.2024690400e-01  1.4978469000e-02  1.4977509000e-02  1.4977082000e-02
    1.9280000000e+01  6.2075507700e-01  6.2075564600e-01  6.2075624900e-01  1.4906283000e-02  1.4905394000e-02  1.4904980000e-02
    1.9290000000e+01  6.2126263400e-01  6.2126321400e-01  6.2126380500e-01  1.4835052000e-02  1.4834229000e-02  1.4833828000e-02
    1.9300000000e+01  6.2176840500e-01  6.2176899300e-01  6.2176956800e-01  1.4764583000e-02  1.4763822000e-02  1.4763431000e-02
    1.9310000000e+01  6.2227244000e-01  6.2227303100e-01  6.2227359200e-01  1.4694703000e-02  1.4694000000e-02  1.4693620000e-02
    1.9320000000e+01  6.2277482900e-01  6.2277542100e-01  6.2277596700e-01  1.4625277000e-02  1.4624628000e-02  1.4624258000e-02
    1.9330000000e+01  6.2327568300e-01  6.2327627400e-01  6.2327680400e-01  1.4556215000e-02  1.4555616000e-02  1.4555254000e-02
    1.9340000000e+01  6.2377511900e-01  6.2377570700e-01  6.2377622000e-01  1.4487468000e-02  1.4486915000e-02  1.4486561000e-02
    1.9350000000e+01  6.2427324100e-01  6.2427382500e-01  6.2427432200e-01  1.4419024000e-02  1.4418515000e-02  1.4418168000e-02
    1.9360000000e+01  6.2477013900e-01  6.2477071800e-01  6.2477119800e-01  1.4350900000e-02  1.4350431000e-02  1.4350090000e-02
    1.9370000000e+01  6.2526587900e-01  6.2526645200e-01  6.2526691400e-01  1.4283130000e-02  1.4282698000e-02  1.4282363000e-02
    1.9380000000e+01  6.2576050500e-01  6.2576107100e-01  6.2576151600e-01  1.4215754000e-02  1.4215357000e-02  1.4215026000e-02
    1.9390000000e+01  6.2625404300e-01  6.2625460200e-01  6.2625503000e-01  1.4148817000e-02  1.4148451000e-02  1.4148125000e-02
    1.9400000000e+01  6.2674650400e-01  6.2674705700e-01  6.2674746700e-01  1.4082358000e-02  1.4082023000e-02  1.4081700000e-02
    1.9410000000e+01  6.2723788800e-01  6.2723843400e-01  6.2723882600e-01  1.4016418000e-02  1.4016110000e-02  1.4015791000e-02
    1.9420000000e+01  6.2772818500e-01  6.2772872400e-01  6.2772909900e-01  1.3951031000e-02  1.3950749000e-02  1.3950432000e-02
    1.9430000000e+01  6.2821737500e-01  6.2821790800e-01  6.2821826500e-01  1.3886232000e-02  1.3885974000e-02  1.3885659000e-02
    1.9440000000e+01  6.2870542800e-01  6.2870595500e-01  6.2870629400e-01  1.3822050000e-02  1.3821815000e-02  1.3821502000e-02
    1.9450000000e+01  6.2919230100e-01  6.2919282200e-01  6.2919314300e-01  1.3758512000e-02  1.3758297000e-02  1.3757986000e-02
    1.9460000000e+01  6.2967793700e-01  6.2967845300e-01  6.2967875600e-01  1.3695633000e-02  1.3695438000e-02  1.3695128000e-02
    1.9470000000e+01  6.3016226900e-01  6.3016278000e-01  6.3016306500e-01  1.3633416000e-02  1.3633240000e-02  1.3632929000e-02
    1.9480000000e+01  6.3064521900e-01  6.3064572500e-01  6.3064599200e-01  1.3571843000e-02  1.3571684000e-02  1.3571374000e-02
    1.9490000000e+01  6.3112670500e-01  6.3112720700e-01  6.3112745500e-01  1.3510871000e-02  1.3510730000e-02  1.3510419000e-02
    1.9500000000e+01  6.3160665200e-01  6.3160715000e-01  6.3160738000e-01  1.3450433000e-02  1.3450307000e-02  1.3449995000e-02
    1.9510000000e+01  6.3208499600e-01  6.3208549200e-01  6.3208570300e-01  1.3390432000e-02  1.3390322000e-02  1.3390009000e-02
    1.9520000000e+01  6.3256170000e-01  6.3256219200e-01  6.3256238500e-01  1.3330752000e-02  1.3330656000e-02  1.3330341000e-02
    1.9530000000e+01  6.3303675300e-01  6.3303724400e-01  6.3303741700e-01  1.3271258000e-02  1.3271176000e-02  1.3270859000e-02
    1.9540000000e+01  6.3351018600e-01  6.3351067400e-01  6.3351082900e-01  1.3211811000e-02  1.3211742000e-02  1.3211423000e-02
    1.9550000000e+01  6.3398206500e-01  6.3398255200e-01  6.3398268700e-01  1.3152279000e-02  1.3152222000e-02  1.3151901000e-02
    1.9560000000e+01  6.3445249500e-01  6.3445298200e-01  6.3445309800e-01  1.3092548000e-02  1.3092504000e-02  1.3092179000e-02
    1.9570000000e+01  6.3492161200e-01  6.3492209800e-01  6.3492219500e-01  1.3032540000e-02  1.3032507000e-02  1.3032179000e-02
    1.9580000000e+01  6.3538956800e-01  6.3539005500e-01  6.3539013100e-01  1.2972214000e-02  1.2972193000e-02  1.2971861000e-02
    1.9590000000e+01  6.3585652000e-01  6.3585700700e-01  6.3585706400e-01  1.2911580000e-02  1.2911569000e-02  1.2911233000e-02
    1.9600000000e+01  6.3632261400e-01  6.3632310200e-01  6.3632313800e-01  1.2850690000e-02  1.2850690000e-02  1.2850350000e-02
    1.9610000000e+01  6.3678796700e-01  6.3678845700e-01  6.3678847300e-01  1.2789639000e-02  1.2789650000e-02  1.2789304000e-02
    1.9620000000e+01  6.3725266200e-01  6.3725315400e-01  6.3725314900e-01  1.2728552000e-02  1.2728573000e-02  1.2728222000e-02
    1.9630000000e+01  6.3771673400e-01  6.3771722800e-01  6.3771720100e-01  1.2667568000e-02  1.2667600000e-02  1.2667243000e-02
    1.9640000000e+01  6.3818016700e-01  6.3818066400e-01  6.3818061700e-01  1.2606830000e-02  1.2606872000e-02  1.2606508000e-02
    1.9650000000e+01  6.3864290500e-01  6.3864340500e-01  6.3864333600e-01  1.2546459000e-02  1.2546511000e-02  1.2546141000e-02
    1.9660000000e+01  6.3910485000e-01  6.3910535400e-01  6.3910526300e-01  1.2486553000e-02  1.2486615000e-02  1.2486238000e-02
    1.9670000000e+01  6.3956588400e-01  6.3956639200e-01  6.3956627800e-01  1.2427167000e-02  1.2427240000e-02  1.2426854000e-02
    1.9680000000e+01  6.4002587700e-01  6.4002639000e-01  6.4002625400e-01  1.2368318000e-02  1.2368401000e-02  1.2368007000e-02
    1.9690000000e+01  6.4048470400e-01  6.4048522200e-01  6.4048506200e-01  1.2309982000e-02  1.2310075000e-02  1.2309672000e-02
    1.9700000000e+01  6.4094225200e-01  6.4094277600e-01  6.4094259200e-01  1.2252101000e-02  1.2252204000e-02  1.2251792000e-02
    1.9710000000e+01  6.4139842800e-01  6.4139895900e-01  6.4139875100e-01  1.2194591000e-02  1.2194704000e-02  1.2194281000e-02
    1.9720000000e+01  6.4185316600e-01  6.4185370300e-01  6.4185347100e-01  1.2137348000e-02  1.2137472000e-02  1.2137038000e-02
    1.9730000000e+01  6.4230642100e-01  6.4230696500e-01  6.4230670800e-01  1.2080257000e-02  1.2080393000e-02  1.2079947000e-02
    1.9740000000e+01  6.4275817600e-01  6.4275872800e-01  6.4275844500e-01  1.2023198000e-02  1.2023344000e-02  1.2022886000e-02
    1.9750000000e+01  6.4320843900e-01  6.4320899900e-01  6.4320869100e-01  1.1966047000e-02  1.1966205000e-02  1.1965734000e-02
    1.9760000000e+01  6.4365724300e-01  6.4365781200e-01  6.4365747700e-01  1.1908688000e-02  1.1908857000e-02  1.1908371000e-02
    1.9770000000e+01  6.4410464300e-01  6.4410522100e-01  6.4410485900e-01  1.1851011000e-02  1.1851193000e-02  1.1850691000e-02
    1.9780000000e+01  6.4455071200e-01  6.4455129900e-01  6.4455090900e-01  1.1792924000e-02  1.1793119000e-02  1.1792601000e-02
    1.9790000000e+01  6.4499553500e-01  6.4499613300e-01  6.4499571500e-01  1.1734354000e-02  1.1734562000e-02  1.1734027000e-02
    1.9800000000e+01  6.4543920700e-01  6.4543981600e-01  6.4543936900e-01  1.1675247000e-02  1.1675468000e-02  1.1674914000e-02
    1.9810000000e+01  6.4588182000e-01  6.4588244000e-01  6.4588196400e-01  1.1615565000e-02  1.1615801000e-02  1.1615228000e-02
    1.9820000000e+01  6.4632346300e-01  6.4632409500e-01  6.4632358800e-01  1.1555290000e-02  1.1555541000e-02  1.1554946000e-02
    1.9830000000e+01  6.4676421800e-01  6.4676486200e-01  6.4676432400e-01  1.1494409000e-02  1.1494675000e-02  1.1494058000e-02
    1.9840000000e+01  6.4720416300e-01  6.4720482000e-01  6.4720425000e-01  1.1432915000e-02  1.1433198000e-02  1.1432556000e-02
    1.9850000000e+01  6.4764337600e-01  6.4764404600e-01  6.4764344400e-01  1.1370805000e-02  1.1371106000e-02  1.1370437000e-02
    1.9860000000e+01  6.4808193600e-01  6.4808262000e-01  6.4808198500e-01  1.1308082000e-02  1.1308401000e-02  1.1307704000e-02
    1.9870000000e+01  6.4851992800e-01  6.4852062700e-01  6.4851995800e-01  1.1244756000e-02  1.1245095000e-02  1.1244368000e-02
    1.9880000000e+01  6.4895743600e-01  6.4895815000e-01  6.4895744600e-01  1.1180854000e-02  1.1181214000e-02  1.1180454000e-02
    1.9890000000e+01  6.4939454100e-01  6.4939527000e-01  6.4939453100e-01  1.1116421000e-02  1.1116803000e-02  1.1116008000e-02
    1.9900000000e+01  6.4983131000e-01  6.4983205400e-01  6.4983128000e-01  1.1051520000e-02  1.1051925000e-02  1.1051093000e-02
    1.9910000000e+01  6.5026778600e-01  6.5026854700e-01  6.5026773700e-01  1.0986227000e-02  1.0986657000e-02  1.0985784000e-02
    1.9920000000e+01  6.5070398700e-01  6.5070476500e-01  6.5070391800e-01  1.0920620000e-02  1.0921077000e-02  1.0920161000e-02
    1.9930000000e+01  6.5113990100e-01  6.5114069600e-01  6.5113981100e-01  1.0854771000e-02  1.0855257000e-02  1.0854293000e-02
    1.9940000000e+01  6.5157549100e-01  6.5157630300e-01  6.5157538100e-01  1.0788726000e-02  1.0789242000e-02  1.0788228000e-02
    1.9950000000e+01  6.5201071100e-01  6.5201154100e-01  6.5201058100e-01  1.0722502000e-02  1.0723052000e-02  1.0721983000e-02
    1.9960000000e+01  6.5244551800e-01  6.5244636500e-01  6.5244536800e-01  1.0656083000e-02  1.0656669000e-02  1.0655540000e-02
    1.9970000000e+01  6.5287988500e-01  6.5288075000e-01  6.5287971500e-01  1.0589423000e-02  1.0590047000e-02  1.0588854000e-02
    1.9980000000e+01  6.5331381600e-01  6.5331469800e-01  6.5331362700e-01  1.0522457000e-02  1.0523122000e-02  1.0521860000e-02
    1.9990000000e+01  6.5374734800e-01  6.5374824700e-01  6.5374714000e-01  1.0455116000e-02  1.0455826000e-02  1.0454488000e-02
    2.0000000000e+01  6.5418055300e-01  6.5418146700e-01  6.5418032600e-01  1.0387341000e-02  1.0388099000e-02  1.0386679000e-02
