# Dielectric function: real and imaginary components
#        Energy (eV)          Re_eps_x          Re_eps_y          Re_eps_z          Im_eps_x          Im_eps_y          Im_eps_z
    0.0000000000e+00  1.1828144970e+01  1.1808150809e+01  1.1224079901e+01  0.0000000000e+00  0.0000000000e+00  0.0000000000e+00
    1.0000000000e-02  1.1828280327e+01  1.1808297419e+01  1.1224197150e+01  4.1454500000e-03  4.4946610000e-03  3.5804890000e-03
    2.0000000000e-02  1.1828686433e+01  1.1808737288e+01  1.1224548921e+01  8.2920140000e-03  8.9905880000e-03  7.1618070000e-03
    3.0000000000e-02  1.1829363390e+01  1.1809470533e+01  1.1225135294e+01  1.2440804000e-02  1.3489048000e-02  1.0744786000e-02
    4.0000000000e-02  1.1830311372e+01  1.1810497352e+01  1.1225956397e+01  1.6592936000e-02  1.7991308000e-02  1.4330256000e-02
    5.0000000000e-02  1.1831530620e+01  1.1811818017e+01  1.1227012415e+01  2.0749531000e-02  2.2498641000e-02  1.7919052000e-02
    6.0000000000e-02  1.1833021445e+01  1.1813432884e+01  1.1228303581e+01  2.4911709000e-02  2.7012326000e-02  2.1512010000e-02
    7.0000000000e-02  1.1834784228e+01  1.1815342385e+01  1.1229830183e+01  2.9080601000e-02  3.1533644000e-02  2.5109969000e-02
    8.0000000000e-02  1.1836819420e+01  1.1817547032e+01  1.1231592561e+01  3.3257340000e-02  3.6063886000e-02  2.8713772000e-02
    9.0000000000e-02  1.1839127541e+01  1.1820047419e+01  1.1233591108e+01  3.7443067000e-02  4.0604349000e-02  3.2324266000e-02
    1.0000000000e-01  1.1841709184e+01  1.1822844218e+01  1.1235826270e+01  4.1638934000e-02  4.5156342000e-02  3.5942306000e-02
    1.1000000000e-01  1.1844565012e+01  1.1825938182e+01  1.1238298548e+01  4.5846098000e-02  4.9721183000e-02  3.9568748000e-02
    1.2000000000e-01  1.1847695759e+01  1.1829330149e+01  1.1241008495e+01  5.0065730000e-02  5.4300202000e-02  4.3204459000e-02
    1.3000000000e-01  1.1851102233e+01  1.1833021035e+01  1.1243956719e+01  5.4299010000e-02  5.8894743000e-02  4.6850311000e-02
    1.4000000000e-01  1.1854785314e+01  1.1837011842e+01  1.1247143882e+01  5.8547135000e-02  6.3506164000e-02  5.0507184000e-02
    1.5000000000e-01  1.1858745958e+01  1.1841303656e+01  1.1250570704e+01  6.2811310000e-02  6.8135839000e-02  5.4175967000e-02
    1.6000000000e-01  1.1862985192e+01  1.1845897647e+01  1.1254237958e+01  6.7092761000e-02  7.2785160000e-02  5.7857559000e-02
    1.7000000000e-01  1.1867504122e+01  1.1850795070e+01  1.1258146474e+01  7.1392726000e-02  7.7455536000e-02  6.1552868000e-02
    1.8000000000e-01  1.1872303929e+01  1.1855997270e+01  1.1262297140e+01  7.5712464000e-02  8.2148398000e-02  6.5262812000e-02
    1.9000000000e-01  1.1877385872e+01  1.1861505678e+01  1.1266690898e+01  8.0053250000e-02  8.6865198000e-02  6.8988324000e-02
    2.0000000000e-01  1.1882751287e+01  1.1867321814e+01  1.1271328754e+01  8.4416382000e-02  9.1607410000e-02  7.2730346000e-02
    2.1000000000e-01  1.1888401593e+01  1.1873447290e+01  1.1276211768e+01  8.8803178000e-02  9.6376535000e-02  7.6489835000e-02
    2.2000000000e-01  1.1894338287e+01  1.1879883811e+01  1.1281341062e+01  9.3214981000e-02  1.0117409800e-01  8.0267763000e-02
    2.3000000000e-01  1.1900562950e+01  1.1886633173e+01  1.1286717819e+01  9.7653156000e-02  1.0600165500e-01  8.4065115000e-02
    2.4000000000e-01  1.1907077246e+01  1.1893697271e+01  1.1292343282e+01  1.0211909600e-01  1.1086078900e-01  8.7882893000e-02
    2.5000000000e-01  1.1913882924e+01  1.1901078092e+01  1.1298218757e+01  1.0661422300e-01  1.1575311500e-01  9.1722116000e-02
    2.6000000000e-01  1.1920981821e+01  1.1908777727e+01  1.1304345614e+01  1.1113998600e-01  1.2068028400e-01  9.5583820000e-02
    2.7000000000e-01  1.1928375861e+01  1.1916798364e+01  1.1310725287e+01  1.1569786600e-01  1.2564398000e-01  9.9469061000e-02
    2.8000000000e-01  1.1936067060e+01  1.1925142296e+01  1.1317359275e+01  1.2028938000e-01  1.3064592600e-01  1.0337891500e-01
    2.9000000000e-01  1.1944057524e+01  1.1933811918e+01  1.1324249145e+01  1.2491607500e-01  1.3568788300e-01  1.0731447800e-01
    3.0000000000e-01  1.1952349454e+01  1.1942809735e+01  1.1331396532e+01  1.2957953800e-01  1.4077165700e-01  1.1127686700e-01
    3.1000000000e-01  1.1960945148e+01  1.1952138360e+01  1.1338803138e+01  1.3428139600e-01  1.4589909400e-01  1.1526722600e-01
    3.2000000000e-01  1.1969846999e+01  1.1961800516e+01  1.1346470737e+01  1.3902331300e-01  1.5107209100e-01  1.1928671900e-01
    3.3000000000e-01  1.1979057504e+01  1.1971799043e+01  1.1354401176e+01  1.4380700100e-01  1.5629259200e-01  1.2333653900e-01
    3.4000000000e-01  1.1988579261e+01  1.1982136898e+01  1.1362596373e+01  1.4863421500e-01  1.6156259200e-01  1.2741790400e-01
    3.5000000000e-01  1.1998414973e+01  1.1992817155e+01  1.1371058323e+01  1.5350675800e-01  1.6688414200e-01  1.3153206200e-01
    3.6000000000e-01  1.2008567453e+01  1.2003843013e+01  1.1379789097e+01  1.5842648600e-01  1.7225935100e-01  1.3568028900e-01
    3.7000000000e-01  1.2019039621e+01  1.2015217797e+01  1.1388790844e+01  1.6339530700e-01  1.7769038800e-01  1.3986389400e-01
    3.8000000000e-01  1.2029834514e+01  1.2026944961e+01  1.1398065792e+01  1.6841518500e-01  1.8317948500e-01  1.4408421700e-01
    3.9000000000e-01  1.2040955284e+01  1.2039028091e+01  1.1407616253e+01  1.7348814400e-01  1.8872894300e-01  1.4834263300e-01
    4.0000000000e-01  1.2052405202e+01  1.2051470910e+01  1.1417444621e+01  1.7861627100e-01  1.9434113100e-01  1.5264055500e-01
    4.1000000000e-01  1.2064187664e+01  1.2064277280e+01  1.1427553378e+01  1.8380171800e-01  2.0001849700e-01  1.5697943000e-01
    4.2000000000e-01  1.2076306192e+01  1.2077451208e+01  1.1437945091e+01  1.8904670700e-01  2.0576356300e-01  1.6136074900e-01
    4.3000000000e-01  1.2088764435e+01  1.2090996850e+01  1.1448622419e+01  1.9435353300e-01  2.1157893600e-01  1.6578604200e-01
    4.4000000000e-01  1.2101566181e+01  1.2104918512e+01  1.1459588113e+01  1.9972456900e-01  2.1746731100e-01  1.7025688400e-01
    4.5000000000e-01  1.2114715352e+01  1.2119220659e+01  1.1470845019e+01  2.0516226700e-01  2.2343147200e-01  1.7477489300e-01
    4.6000000000e-01  1.2128216014e+01  1.2133907917e+01  1.1482396081e+01  2.1066916600e-01  2.2947430200e-01  1.7934174000e-01
    4.7000000000e-01  1.2142072378e+01  1.2148985078e+01  1.1494244342e+01  2.1624789700e-01  2.3559878400e-01  1.8395914200e-01
    4.8000000000e-01  1.2156288809e+01  1.2164457108e+01  1.1506392947e+01  2.2190118400e-01  2.4180801200e-01  1.8862887200e-01
    4.9000000000e-01  1.2170869825e+01  1.2180329148e+01  1.1518845150e+01  2.2763185100e-01  2.4810518900e-01  1.9335275700e-01
    5.0000000000e-01  1.2185820107e+01  1.2196606525e+01  1.1531604310e+01  2.3344282900e-01  2.5449364000e-01  1.9813268300e-01
    5.1000000000e-01  1.2201144499e+01  1.2213294752e+01  1.1544673900e+01  2.3933716300e-01  2.6097681500e-01  2.0297059700e-01
    5.2000000000e-01  1.2216848021e+01  1.2230399539e+01  1.1558057506e+01  2.4531801200e-01  2.6755829700e-01  2.0786851000e-01
    5.3000000000e-01  1.2232935868e+01  1.2247926798e+01  1.1571758835e+01  2.5138866300e-01  2.7424181200e-01  2.1282850200e-01
    5.4000000000e-01  1.2249413418e+01  1.2265882650e+01  1.1585781714e+01  2.5755253400e-01  2.8103123100e-01  2.1785272300e-01
    5.5000000000e-01  1.2266286242e+01  1.2284273430e+01  1.1600130097e+01  2.6381318200e-01  2.8793058300e-01  2.2294339800e-01
    5.6000000000e-01  1.2283560103e+01  1.2303105700e+01  1.1614808067e+01  2.7017431300e-01  2.9494406400e-01  2.2810283100e-01
    5.7000000000e-01  1.2301240971e+01  1.2322386251e+01  1.1629819842e+01  2.7663978700e-01  3.0207604500e-01  2.3333340800e-01
    5.8000000000e-01  1.2319335027e+01  1.2342122113e+01  1.1645169775e+01  2.8321363200e-01  3.0933108000e-01  2.3863760100e-01
    5.9000000000e-01  1.2337848667e+01  1.2362320565e+01  1.1660862364e+01  2.8990004800e-01  3.1671392400e-01  2.4401797700e-01
    6.0000000000e-01  1.2356788516e+01  1.2382989145e+01  1.1676902255e+01  2.9670342400e-01  3.2422953600e-01  2.4947719700e-01
    6.1000000000e-01  1.2376161434e+01  1.2404135656e+01  1.1693294242e+01  3.0362834200e-01  3.3188309800e-01  2.5501802300e-01
    6.2000000000e-01  1.2395974522e+01  1.2425768177e+01  1.1710043280e+01  3.1067959700e-01  3.3968002600e-01  2.6064332500e-01
    6.3000000000e-01  1.2416235135e+01  1.2447895075e+01  1.1727154484e+01  3.1786220300e-01  3.4762598300e-01  2.6635608700e-01
    6.4000000000e-01  1.2436950891e+01  1.2470525014e+01  1.1744633138e+01  3.2518141000e-01  3.5572689500e-01  2.7215941200e-01
    6.5000000000e-01  1.2458129678e+01  1.2493666967e+01  1.1762484698e+01  3.3264272000e-01  3.6398897000e-01  2.7805652600e-01
    6.6000000000e-01  1.2479779667e+01  1.2517330230e+01  1.1780714801e+01  3.4025189800e-01  3.7241871300e-01  2.8405079100e-01
    6.7000000000e-01  1.2501909324e+01  1.2541524428e+01  1.1799329269e+01  3.4801499600e-01  3.8102294500e-01  2.9014570900e-01
    6.8000000000e-01  1.2524527417e+01  1.2566259534e+01  1.1818334117e+01  3.5593836600e-01  3.8980882400e-01  2.9634492900e-01
    6.9000000000e-01  1.2547643032e+01  1.2591545882e+01  1.1837735560e+01  3.6402868200e-01  3.9878386800e-01  3.0265225800e-01
    7.0000000000e-01  1.2571265584e+01  1.2617394177e+01  1.1857540018e+01  3.7229296200e-01  4.0795597700e-01  3.0907167000e-01
    7.1000000000e-01  1.2595404829e+01  1.2643815512e+01  1.1877754127e+01  3.8073859000e-01  4.1733345800e-01  3.1560731500e-01
    7.2000000000e-01  1.2620070879e+01  1.2670821384e+01  1.1898384742e+01  3.8937334100e-01  4.2692505500e-01  3.2226352700e-01
    7.3000000000e-01  1.2645274215e+01  1.2698423709e+01  1.1919438950e+01  3.9820540800e-01  4.3673997900e-01  3.2904484200e-01
    7.4000000000e-01  1.2671025701e+01  1.2726634838e+01  1.1940924077e+01  4.0724343400e-01  4.4678793700e-01  3.3595600400e-01
    7.5000000000e-01  1.2697336600e+01  1.2755467573e+01  1.1962847695e+01  4.1649653900e-01  4.5707916800e-01  3.4300197900e-01
    7.6000000000e-01  1.2724218589e+01  1.2784935186e+01  1.1985217633e+01  4.2597435700e-01  4.6762448400e-01  3.5018797300e-01
    7.7000000000e-01  1.2751683776e+01  1.2815051439e+01  1.2008041987e+01  4.3568707300e-01  4.7843530700e-01  3.5751944200e-01
    7.8000000000e-01  1.2779744713e+01  1.2845830598e+01  1.2031329127e+01  4.4564546500e-01  4.8952371400e-01  3.6500211100e-01
    7.9000000000e-01  1.2808414418e+01  1.2877287455e+01  1.2055087713e+01  4.5586094400e-01  5.0090249000e-01  3.7264199200e-01
    8.0000000000e-01  1.2837706388e+01  1.2909437349e+01  1.2079326699e+01  4.6634560500e-01  5.1258517200e-01  3.8044540000e-01
    8.1000000000e-01  1.2867634620e+01  1.2942296180e+01  1.2104055351e+01  4.7711228100e-01  5.2458611700e-01  3.8841897800e-01
    8.2000000000e-01  1.2898213624e+01  1.2975880438e+01  1.2129283253e+01  4.8817459500e-01  5.3692055400e-01  3.9656971200e-01
    8.3000000000e-01  1.2929458448e+01  1.3010207216e+01  1.2155020321e+01  4.9954702300e-01  5.4960466000e-01  4.0490496200e-01
    8.4000000000e-01  1.2961384686e+01  1.3045294231e+01  1.2181276817e+01  5.1124496900e-01  5.6265563200e-01  4.1343248600e-01
    8.5000000000e-01  1.2994008506e+01  1.3081159849e+01  1.2208063360e+01  5.2328482700e-01  5.7609176400e-01  4.2216046300e-01
    8.6000000000e-01  1.3027346658e+01  1.3117823098e+01  1.2235390939e+01  5.3568407400e-01  5.8993254500e-01  4.3109753100e-01
    8.7000000000e-01  1.3061416493e+01  1.3155303690e+01  1.2263270925e+01  5.4846135200e-01  6.0419874700e-01  4.4025281200e-01
    8.8000000000e-01  1.3096235982e+01  1.3193622037e+01  1.2291715088e+01  5.6163656700e-01  6.1891253900e-01  4.4963595700e-01
    8.9000000000e-01  1.3131823720e+01  1.3232799265e+01  1.2320735609e+01  5.7523099800e-01  6.3409760000e-01  4.5925717600e-01
    9.0000000000e-01  1.3168198945e+01  1.3272857229e+01  1.2350345091e+01  5.8926741200e-01  6.4977924900e-01  4.6912728500e-01
    9.1000000000e-01  1.3205381539e+01  1.3313818520e+01  1.2380556577e+01  6.0377019500e-01  6.6598458800e-01  4.7925775400e-01
    9.2000000000e-01  1.3243392036e+01  1.3355706470e+01  1.2411383560e+01  6.1876549500e-01  6.8274265300e-01  4.8966075300e-01
    9.3000000000e-01  1.3282251618e+01  1.3398545152e+01  1.2442839997e+01  6.3428137400e-01  7.0008459000e-01  5.0034921000e-01
    9.4000000000e-01  1.3321982105e+01  1.3442359373e+01  1.2474940322e+01  6.5034798800e-01  7.1804384100e-01  5.1133687100e-01
    9.5000000000e-01  1.3362605942e+01  1.3487174656e+01  1.2507699454e+01  6.6699776700e-01  7.3665634900e-01  5.2263836600e-01
    9.6000000000e-01  1.3404146171e+01  1.3533017211e+01  1.2541132812e+01  6.8426563300e-01  7.5596079100e-01  5.3426928000e-01
    9.7000000000e-01  1.3446626393e+01  1.3579913898e+01  1.2575256318e+01  7.0218922400e-01  7.7599882100e-01  5.4624623500e-01
    9.8000000000e-01  1.3490070710e+01  1.3627892165e+01  1.2610086404e+01  7.2080914900e-01  7.9681535500e-01  5.5858697100e-01
    9.9000000000e-01  1.3534503657e+01  1.3676979970e+01  1.2645640016e+01  7.4016926500e-01  8.1845886900e-01  5.7131044800e-01
    1.0000000000e+00  1.3579950097e+01  1.3727205677e+01  1.2681934611e+01  7.6031698600e-01  8.4098173200e-01  5.8443694400e-01
    1.0100000000e+00  1.3626435105e+01  1.3778597916e+01  1.2718988149e+01  7.8130361500e-01  8.6444057400e-01  5.9798817400e-01
    1.0200000000e+00  1.3673983795e+01  1.3831185415e+01  1.2756819084e+01  8.0318471200e-01  8.8889668600e-01  6.1198740800e-01
    1.0300000000e+00  1.3722621128e+01  1.3884996772e+01  1.2795446338e+01  8.2602049500e-01  9.1441645200e-01  6.2645961600e-01
    1.0400000000e+00  1.3772371645e+01  1.3940060177e+01  1.2834889275e+01  8.4987627300e-01  9.4107182500e-01  6.4143161000e-01
    1.0500000000e+00  1.3823259155e+01  1.3996403066e+01  1.2875167655e+01  8.7482291600e-01  9.6894084100e-01  6.5693220900e-01
    1.0600000000e+00  1.3875306337e+01  1.4054051688e+01  1.2916301581e+01  9.0093736100e-01  9.9810815900e-01  6.7299241900e-01
    1.0700000000e+00  1.3928534250e+01  1.4113030572e+01  1.2958311421e+01  9.2830314400e-01  1.0286656510e+00  6.8964561900e-01
    1.0800000000e+00  1.3982961743e+01  1.4173361874e+01  1.3001217712e+01  9.5701096300e-01  1.0607130090e+00  7.0692777200e-01
    1.0900000000e+00  1.4038604720e+01  1.4235064580e+01  1.3045041039e+01  9.8715925600e-01  1.0943583710e+00  7.2487764700e-01
    1.1000000000e+00  1.4095475268e+01  1.4298153540e+01  1.3089801880e+01  1.0188547840e+00  1.1297189550e+00  7.4353705000e-01
    1.1100000000e+00  1.4153580592e+01  1.4362638307e+01  1.3135520416e+01  1.0522131950e+00  1.1669216710e+00  7.6295108100e-01
    1.1200000000e+00  1.4212921756e+01  1.4428521742e+01  1.3182216297e+01  1.0873595460e+00  1.2061036770e+00  7.8316838300e-01
    1.1300000000e+00  1.4273492182e+01  1.4495798368e+01  1.3229908357e+01  1.1244287340e+00  1.2474128480e+00  8.0424141300e-01
    1.1400000000e+00  1.4335275907e+01  1.4564452432e+01  1.3278614270e+01  1.1635657980e+00  1.2910080820e+00  8.2622669800e-01
    1.1500000000e+00  1.4398245554e+01  1.4634455669e+01  1.3328350143e+01  1.2049260000e+00  1.3370593760e+00  8.4918509200e-01
    1.1600000000e+00  1.4462360036e+01  1.4705764745e+01  1.3379130035e+01  1.2486746320e+00  1.3857475750e+00  8.7318200100e-01
    1.1700000000e+00  1.4527562007e+01  1.4778318414e+01  1.3430965399e+01  1.2949864070e+00  1.4372636630e+00  8.9828758000e-01
    1.1800000000e+00  1.4593775099e+01  1.4852034429e+01  1.3483864445e+01  1.3440443500e+00  1.4918074750e+00  9.2457686500e-01
    1.1900000000e+00  1.4660901054e+01  1.4926806314e+01  1.3537831428e+01  1.3960380430e+00  1.5495856740e+00  9.5212984300e-01
    1.2000000000e+00  1.4728816895e+01  1.5002500163e+01  1.3592865864e+01  1.4511611200e+00  1.6108088390e+00  9.8103140500e-01
    1.2100000000e+00  1.4797372358e+01  1.5078951719e+01  1.3648961700e+01  1.5096079180e+00  1.6756875630e+00  1.0113711960e+00
    1.2200000000e+00  1.4866387856e+01  1.5155964037e+01  1.3706106444e+01  1.5715692830e+00  1.7444275160e+00  1.0432433160e+00
    1.2300000000e+00  1.4935653311e+01  1.5233306154e+01  1.3764280307e+01  1.6372276070e+00  1.8172235280e+00  1.0767458720e+00
    1.2400000000e+00  1.5004928179e+01  1.5310713150e+01  1.3823455365e+01  1.7067513450e+00  1.8942529440e+00  1.1119803800e+00
    1.2500000000e+00  1.5073942918e+01  1.5387887968e+01  1.3883594799e+01  1.7802894250e+00  1.9756686810e+00  1.1490510260e+00
    1.2600000000e+00  1.5142401989e+01  1.5464505196e+01  1.3944652212e+01  1.8579661010e+00  2.0615926330e+00  1.1880637970e+00
    1.2700000000e+00  1.5209988201e+01  1.5540216680e+01  1.4006571054e+01  1.9398768960e+00  2.1521101680e+00  1.2291255290e+00
    1.2800000000e+00  1.5276367900e+01  1.5614658529e+01  1.4069284141e+01  2.0260861980e+00  2.2472664600e+00  1.2723428690e+00
    1.2900000000e+00  1.5341196175e+01  1.5687458637e+01  1.4132713247e+01  2.1166268140e+00  2.3470651330e+00  1.3178211830e+00
    1.3000000000e+00  1.5404121143e+01  1.5758243690e+01  1.4196768762e+01  2.2115013880e+00  2.4514692350e+00  1.3656633890e+00
    1.3100000000e+00  1.5464786409e+01  1.5826644654e+01  1.4261349384e+01  2.3106850700e+00  2.5604039910e+00  1.4159686620e+00
    1.3200000000e+00  1.5522831164e+01  1.5892300161e+01  1.4326341883e+01  2.4141284390e+00  2.6737603370e+00  1.4688309820e+00
    1.3300000000e+00  1.5577887853e+01  1.5954857832e+01  1.4391620984e+01  2.5217594610e+00  2.7913980120e+00  1.5243374210e+00
    1.3400000000e+00  1.5629577853e+01  1.6013974187e+01  1.4457049510e+01  2.6334832720e+00  2.9131472360e+00  1.5825661330e+00
    1.3500000000e+00  1.5677506079e+01  1.6069314199e+01  1.4522478955e+01  2.7491787580e+00  3.0388084610e+00  1.6435840590e+00
    1.3600000000e+00  1.5721255812e+01  1.6120551617e+01  1.4587750710e+01  2.8686911390e+00  3.1681502850e+00  1.7074444480e+00
    1.3700000000e+00  1.5760385543e+01  1.6167370967e+01  1.4652698116e+01  2.9918201460e+00  3.3009060800e+00  1.7741844640e+00
    1.3800000000e+00  1.5794430027e+01  1.6209471831e+01  1.4717149395e+01  3.1183040360e+00  3.4367701990e+00  1.8438232180e+00
    1.3900000000e+00  1.5822908071e+01  1.6246575658e+01  1.4780931299e+01  3.2478007340e+00  3.5753947740e+00  1.9163606480e+00
    1.4000000000e+00  1.5845339219e+01  1.6278435007e+01  1.4843873162e+01  3.3798688590e+00  3.7163882080e+00  1.9917775350e+00
    1.4100000000e+00  1.5861270363e+01  1.6304844708e+01  1.4905810852e+01  3.5139527740e+00  3.8593165070e+00  2.0700367970e+00
    1.4200000000e+00  1.5870311142e+01  1.6325653915e+01  1.4966590167e+01  3.6493766790e+00  4.0037084510e+00  2.1510859500e+00
    1.4300000000e+00  1.5872174335e+01  1.6340777519e+01  1.5026069281e+01  3.7853523250e+00  4.1490652070e+00  2.2348604420e+00
    1.4400000000e+00  1.5866714975e+01  1.6350205058e+01  1.5084120034e+01  3.9210030230e+00  4.2948743280e+00  2.3212874990e+00
    1.4500000000e+00  1.5853960631e+01  1.6354005258e+01  1.5140627979e+01  4.0554032830e+00  4.4406271860e+00  2.4102900510e+00
    1.4600000000e+00  1.5834125959e+01  1.6352324832e+01  1.5195491238e+01  4.1876295210e+00  4.5858380240e+00  2.5017903790e+00
    1.4700000000e+00  1.5807607446e+01  1.6345381058e+01  1.5248618299e+01  4.3168140620e+00  4.7300622940e+00  2.5957130810e+00
    1.4800000000e+00  1.5774958621e+01  1.6333448778e+01  1.5299925040e+01  4.4421933460e+00  4.8729118950e+00  2.6919870370e+00
    1.4900000000e+00  1.5736850479e+01  1.6316843401e+01  1.5349331386e+01  4.5631425500e+00  5.0140654950e+00  2.7905461110e+00
    1.5000000000e+00  1.5694024934e+01  1.6295902007e+01  1.5396758162e+01  4.6791922970e+00  5.1532730250e+00  2.8913285550e+00
    1.5100000000e+00  1.5647249714e+01  1.6270964606e+01  1.5442124664e+01  4.7900276320e+00  5.2903543720e+00  2.9942753510e+00
    1.5200000000e+00  1.5597281306e+01  1.6242357140e+01  1.5485347288e+01  4.8954731660e+00  5.4251929310e+00  3.0993279970e+00
    1.5300000000e+00  1.5544839324e+01  1.6210377337e+01  1.5526339219e+01  4.9954702300e+00  5.5577248140e+00  3.2064263320e+00
    1.5400000000e+00  1.5490592545e+01  1.6175284325e+01  1.5565010820e+01  5.0900516780e+00  5.6879243880e+00  3.3155068960e+00
    1.5500000000e+00  1.5435154823e+01  1.6137293158e+01  1.5601270149e+01  5.1793185900e+00  5.8157868700e+00  3.4265019120e+00
    1.5600000000e+00  1.5379088342e+01  1.6096575711e+01  1.5635023127e+01  5.2634214860e+00  5.9413092490e+00  3.5393386140e+00
    1.5700000000e+00  1.5322911656e+01  1.6053269273e+01  1.5666173200e+01  5.3425475830e+00  6.0644719370e+00  3.6539382970e+00
    1.5800000000e+00  1.5267109901e+01  1.6007493010e+01  1.5694620904e+01  5.4169150920e+00  6.1852246800e+00  3.7702144950e+00
    1.5900000000e+00  1.5212144085e+01  1.5959370499e+01  1.5720264112e+01  5.4867748860e+00  6.3034807110e+00  3.8880700660e+00
    1.6000000000e+00  1.5158456018e+01  1.5909054211e+01  1.5742999908e+01  5.5524186530e+00  6.4191221690e+00  4.0073935770e+00
    1.6100000000e+00  1.5106465692e+01  1.5856746227e+01  1.5762728674e+01  5.6141908890e+00  6.5320174630e+00  4.1280560040e+00
    1.6200000000e+00  1.5056559410e+01  1.5802709332e+01  1.5779360289e+01  5.6725004120e+00  6.6420481680e+00  4.2499091340e+00
    1.6300000000e+00  1.5009069313e+01  1.5747264348e+01  1.5792821499e+01  5.7278264140e+00  6.7491400210e+00  4.3727868690e+00
    1.6400000000e+00  1.4964247548e+01  1.5690772730e+01  1.5803062806e+01  5.7807147670e+00  6.8532909400e+00  4.4965100470e+00
    1.6500000000e+00  1.4922240167e+01  1.5633607220e+01  1.5810063081e+01  5.8317623110e+00  6.9545891560e+00  4.6208943110e+00
    1.6600000000e+00  1.4883066428e+01  1.5576116490e+01  1.5813830484e+01  5.8815895670e+00  7.0532168340e+00  4.7457596430e+00
    1.6700000000e+00  1.4846608418e+01  1.5518591227e+01  1.5814399333e+01  5.9308049000e+00  7.1494380750e+00  4.8709395060e+00
    1.6800000000e+00  1.4812614001e+01  1.5461238465e+01  1.5811823686e+01  5.9799649830e+00  7.2435739960e+00  4.9962877500e+00
    1.6900000000e+00  1.4780713714e+01  1.5404168597e+01  1.5806169350e+01  6.0295372540e+00  7.3359702510e+00  5.1216822050e+00
    1.7000000000e+00  1.4750449771e+01  1.5347396311e+01  1.5797506091e+01  6.0798695960e+00  7.4269633270e+00  5.2470251200e+00
    1.7100000000e+00  1.4721313459e+01  1.5290853871e+01  1.5785901252e+01  6.1311711300e+00  7.5168512740e+00  5.3722415630e+00
    1.7200000000e+00  1.4692786206e+01  1.5234413319e+01  1.5771414833e+01  6.1835060670e+00  7.6058728570e+00  5.4972771580e+00
    1.7300000000e+00  1.4664379504e+01  1.5177913391e+01  1.5754095199e+01  6.2368005380e+00  7.6941972830e+00  5.6220960030e+00
    1.7400000000e+00  1.4635669655e+01  1.5121186784e+01  1.5733974280e+01  6.2908606950e+00  7.7819250250e+00  5.7466785690e+00
    1.7500000000e+00  1.4606324332e+01  1.5064083603e+01  1.5711061721e+01  6.3453993610e+00  7.8690988310e+00  5.8710185030e+00
    1.7600000000e+00  1.4576119159e+01  1.5006487306e+01  1.5685338406e+01  6.4000678920e+00  7.9557225440e+00  5.9951169570e+00
    1.7700000000e+00  1.4544943611e+01  1.4948320504e+01  1.5656750794e+01  6.4544897460e+00  8.0417839490e+00  6.1189735790e+00
    1.7800000000e+00  1.4512796664e+01  1.4889539783e+01  1.5625207908e+01  6.5082921880e+00  8.1272768170e+00  6.2425742600e+00
    1.7900000000e+00  1.4479773832e+01  1.4830121034e+01  1.5590582565e+01  6.5611329290e+00  8.2122172720e+00  6.3658767490e+00
    1.8000000000e+00  1.4446048390e+01  1.4770038977e+01  1.5552717741e+01  6.6127192510e+00  8.2966507790e+00  6.4887958740e+00
    1.8100000000e+00  1.4411850392e+01  1.4709245807e+01  1.5511438187e+01  6.6628186020e+00  8.3806482590e+00  6.6111902280e+00
    1.8200000000e+00  1.4377447138e+01  1.4647653902e+01  1.5466566755e+01  6.7112613800e+00  8.4642922850e+00  6.7328520450e+00
    1.8300000000e+00  1.4343127837e+01  1.4585126284e+01  1.5417944543e+01  6.7579382480e+00  8.5476562580e+00  6.8535016940e+00
    1.8400000000e+00  1.4309193540e+01  1.4521476800e+01  1.5365453604e+01  6.8027952570e+00  8.6307804240e+00  6.9727880350e+00
    1.8500000000e+00  1.4275951496e+01  1.4456480392e+01  1.5309040647e+01  6.8458298400e+00  8.7136486510e+00  7.0902956630e+00
    1.8600000000e+00  1.4243711655e+01  1.4389892585e+01  1.5248739677e+01  6.8870895620e+00  8.7961695420e+00  7.2055597490e+00
    1.8700000000e+00  1.4212782584e+01  1.4321476437e+01  1.5184691067e+01  6.9266737170e+00  8.8781650650e+00  7.3180885740e+00
    1.8800000000e+00  1.4183464758e+01  1.4251034209e+01  1.5117154292e+01  6.9647362180e+00  8.9593693970e+00  7.4273929430e+00
    1.8900000000e+00  1.4156040634e+01  1.4178439904e+01  1.5046511733e+01  7.0014874060e+00  9.0394398780e+00  7.5330205420e+00
    1.9000000000e+00  1.4130762569e+01  1.4103667914e+01  1.4973261618e+01  7.0371926000e+00  9.1179805500e+00  7.6345921970e+00
    1.9100000000e+00  1.4107840730e+01  1.4026812664e+01  1.4897999429e+01  7.0721663780e+00  9.1945766750e+00  7.7318362790e+00
    1.9200000000e+00  1.4087433228e+01  1.3948094872e+01  1.4821388503e+01  7.1067631230e+00  9.2688363960e+00  7.8246172960e+00
    1.9300000000e+00  1.4069639847e+01  1.3867851888e+01  1.4744122001e+01  7.1413655090e+00  9.3404338480e+00  7.9129552050e+00
    1.9400000000e+00  1.4054499433e+01  1.3786512167e+01  1.4666879471e+01  7.1763729310e+00  9.4091471630e+00  7.9970328510e+00
    1.9500000000e+00  1.4041989847e+01  1.3704556815e+01  1.4590281935e+01  7.2121912490e+00  9.4748852600e+00  8.0771901220e+00
    1.9600000000e+00  1.4032029099e+01  1.3622473538e+01  1.4514849743e+01  7.2492241790e+00  9.5376989830e+00  8.1539046610e+00
    1.9700000000e+00  1.4024476646e+01  1.3540709785e+01  1.4440967491e+01  7.2878657160e+00  9.5977748450e+00  8.2277603230e+00
    1.9800000000e+00  1.4019134651e+01  1.3459631912e+01  1.4368859866e+01  7.3284927170e+00  9.6554126410e+00  8.2994060630e+00
    1.9900000000e+00  1.4015749667e+01  1.3379495953e+01  1.4298581336e+01  7.3714570640e+00  9.7109909370e+00  8.3695093580e+00
    2.0000000000e+00  1.4014015380e+01  1.3300433218e+01  1.4230020850e+01  7.4170773610e+00  9.7649262430e+00  8.4387093750e+00
    2.0100000000e+00  1.4013576861e+01  1.3222451084e+01  1.4162920467e+01  7.4656305790e+00  9.8176322250e+00  8.5075752970e+00
    2.0200000000e+00  1.4014036396e+01  1.3145446729e+01  1.4096904663e+01  7.5173441490e+00  9.8694844840e+00  8.5765742790e+00
    2.0300000000e+00  1.4014960818e+01  1.3069229667e+01  1.4031515484e+01  7.5723888950e+00  9.9207945660e+00  8.6460515870e+00
    2.0400000000e+00  1.4015890158e+01  1.2993548297e+01  1.3966248424e+01  7.6308731060e+00  9.9717945230e+00  8.7162230410e+00
    2.0500000000e+00  1.4016347509e+01  1.2918116105e+01  1.3900584808e+01  7.6928380840e+00  1.0022631154e+01  8.7871777120e+00
    2.0600000000e+00  1.4015849757e+01  1.2842634574e+01  1.3834018158e+01  7.7582555660e+00  1.0073367518e+01  8.8588876230e+00
    2.0700000000e+00  1.4013918623e+01  1.2766811590e+01  1.3766073915e+01  7.8270273090e+00  1.0123988746e+01  8.9312209450e+00
    2.0800000000e+00  1.4010091251e+01  1.2690375725e+01  1.3696323353e+01  7.8989867920e+00  1.0174409561e+01  9.0039559040e+00
    2.0900000000e+00  1.4003929724e+01  1.2613087886e+01  1.3624393308e+01  7.9739024840e+00  1.0224482020e+01  9.0767936470e+00
    2.1000000000e+00  1.3995029412e+01  1.2534751942e+01  1.3549973580e+01  8.0514819360e+00  1.0274003353e+01  9.1493693960e+00
    2.1100000000e+00  1.3983026575e+01  1.2455225360e+01  1.3472823611e+01  8.1313760670e+00  1.0322724974e+01  9.2212621550e+00
    2.1200000000e+00  1.3967605962e+01  1.2374429598e+01  1.3392779556e+01  8.2131836590e+00  1.0370364209e+01  9.2920038370e+00
    2.1300000000e+00  1.3948508883e+01  1.2292358685e+01  1.3309762170e+01  8.2964566300e+00  1.0416619874e+01  9.3610890960e+00
    2.1400000000e+00  1.3925541596e+01  1.2209083614e+01  1.3223785225e+01  8.3807069530e+00  1.0461191542e+01  9.4279870910e+00
    2.1500000000e+00  1.3898583269e+01  1.2124750385e+01  1.3134963517e+01  8.4654157590e+00  1.0503800732e+01  9.4921561570e+00
    2.1600000000e+00  1.3867592543e+01  1.2039570738e+01  1.3043519219e+01  8.5500445520e+00  1.0544211015e+01  9.5530618090e+00
    2.1700000000e+00  1.3832612117e+01  1.1953806428e+01  1.2949785156e+01  8.6340479430e+00  1.0582243762e+01  9.6101980170e+00
    2.1800000000e+00  1.3793771317e+01  1.1867749565e+01  1.2854203650e+01  8.7168872710e+00  1.0617787103e+01  9.6631112070e+00
    2.1900000000e+00  1.3751286956e+01  1.1781702394e+01  1.2757319611e+01  8.7980450160e+00  1.0650797312e+01  9.7114260480e+00
    2.2000000000e+00  1.3705462442e+01  1.1695959690e+01  1.2659766644e+01  8.8770405000e+00  1.0681293638e+01  9.7548715450e+00
    2.2100000000e+00  1.3656684182e+01  1.1610795864e+01  1.2562245279e+01  8.9534474830e+00  1.0709348870e+01  9.7933052880e+00
    2.2200000000e+00  1.3605413414e+01  1.1526457360e+01  1.2465493143e+01  9.0269135080e+00  1.0735078446e+01  9.8267330490e+00
    2.2300000000e+00  1.3552171414e+01  1.1443159513e+01  1.2370248068e+01  9.0971793000e+00  1.0758630501e+01  9.8553205380e+00
    2.2400000000e+00  1.3497516998e+01  1.1361086145e+01  1.2277206592e+01  9.1640949740e+00  1.0780178352e+01  9.8793943200e+00
    2.2500000000e+00  1.3442017269e+01  1.1280389828e+01  1.2186981765e+01  9.2276290220e+00  1.0799915690e+01  9.8994298770e+00
    2.2600000000e+00  1.3386214894e+01  1.1201191157e+01  1.2100065061e+01  9.2878666680e+00  1.0818053654e+01  9.9160265150e+00
    2.2700000000e+00  1.3330596970e+01  1.1123576159e+01  1.2016797275e+01  9.3449961700e+00  1.0834818228e+01  9.9298709680e+00
    2.2800000000e+00  1.3275570901e+01  1.1047592090e+01  1.1937352183e+01  9.3992844110e+00  1.0850446215e+01  9.9416936190e+00
    2.2900000000e+00  1.3221451497e+01  1.0973242883e+01  1.1861734767e+01  9.4510458170e+00  1.0865178515e+01  9.9522225860e+00
    2.3000000000e+00  1.3168461047e+01  1.0900486104e+01  1.1789793282e+01  9.5006102050e+00  1.0879250365e+01  9.9621411540e+00
    2.3100000000e+00  1.3116741163e+01  1.0829233268e+01  1.1721242316e+01  9.5482953130e+00  1.0892879382e+01  9.9720529550e+00
    2.3200000000e+00  1.3066372676e+01  1.0759354672e+01  1.1655692576e+01  9.5943883070e+00  1.0906253207e+01  9.9824573840e+00
    2.3300000000e+00  1.3017398519e+01  1.0690688778e+01  1.1592683050e+01  9.6391382090e+00  1.0919519023e+01  9.9937355690e+00
    2.3400000000e+00  1.2969844475e+01  1.0623054947e+01  1.1531712050e+01  9.6827585520e+00  1.0932776975e+01  1.0006145409e+01
    2.3500000000e+00  1.2923733921e+01  1.0556267390e+01  1.1472265171e+01  9.7254374480e+00  1.0946078614e+01  1.0019823355e+01
    2.3600000000e+00  1.2879094605e+01  1.0490147944e+01  1.1413839706e+01  9.7673510690e+00  1.0959430242e+01  1.0034790578e+01
    2.3700000000e+00  1.2835957626e+01  1.0424535699e+01  1.1355966098e+01  9.8086763690e+00  1.0972799782e+01  1.0050962044e+01
    2.3800000000e+00  1.2794350590e+01  1.0359292609e+01  1.1298227332e+01  9.8495997740e+00  1.0986125050e+01  1.0068158062e+01
    2.3900000000e+00  1.2754288081e+01  1.0294305480e+01  1.1240276631e+01  9.8903200220e+00  1.0999321230e+01  1.0086118864e+01
    2.4000000000e+00  1.2715762799e+01  1.0229485842e+01  1.1181852890e+01  9.9310451890e+00  1.1012286015e+01  1.0104523079e+01
    2.4100000000e+00  1.2678740047e+01  1.0164769826e+01  1.1122792187e+01  9.9719855170e+00  1.1024902041e+01  1.0123010554e+01
    2.4200000000e+00  1.2643156908e+01  1.0100120014e+01  1.1063033183e+01  1.0013344655e+01  1.1037037543e+01  1.0141208818e+01
    2.4300000000e+00  1.2608925880e+01  1.0035530374e+01  1.1002614426e+01  1.0055312009e+01  1.1048547324e+01  1.0158761085e+01
    2.4400000000e+00  1.2575941437e+01  9.9710339260e+00  1.0941662723e+01  1.0098058232e+01  1.1059276638e+01  1.0175352564e+01
    2.4500000000e+00  1.2544087310e+01  9.9067110660e+00  1.0880373390e+01  1.0141734642e+01  1.1069070156e+01  1.0190731458e+01
    2.4600000000e+00  1.2513242371e+01  9.8426952050e+00  1.0818984955e+01  1.0186476147e+01  1.1077786704e+01  1.0204721603e+01
    2.4700000000e+00  1.2483283638e+01  9.7791721540e+00  1.0757752100e+01  1.0232406260e+01  1.1085318280e+01  1.0217225175e+01
    2.4800000000e+00  1.2454085939e+01  9.7163708720e+00  1.0696921000e+01  1.0279642355e+01  1.1091609802e+01  1.0228215763e+01
    2.4900000000e+00  1.2425518783e+01  9.6545455380e+00  1.0636710553e+01  1.0328299506e+01  1.1096674990e+01  1.0237723954e+01
    2.5000000000e+00  1.2397441667e+01  9.5939514350e+00  1.0577301559e+01  1.0378491862e+01  1.1100604301e+01  1.0245818807e+01
    2.5100000000e+00  1.2369699242e+01  9.5348189800e+00  1.0518834102e+01  1.0430331387e+01  1.1103562753e+01  1.0252588871e+01
    2.5200000000e+00  1.2342117468e+01  9.4773305780e+00  1.0461411839e+01  1.0483924487e+01  1.1105777950e+01  1.0258125831e+01
    2.5300000000e+00  1.2314501268e+01  9.4216040170e+00  1.0405111016e+01  1.0539367387e+01  1.1107520768e+01  1.0262512643e+01
    2.5400000000e+00  1.2286633649e+01  9.3676843490e+00  1.0349991939e+01  1.0596741012e+01  1.1109082240e+01  1.0265816835e+01
    2.5500000000e+00  1.2258275998e+01  9.3155444520e+00  1.0296111025e+01  1.0656105766e+01  1.1110750287e+01  1.0268088886e+01
    2.5600000000e+00  1.2229169246e+01  9.2650931800e+00  1.0243531995e+01  1.0717496259e+01  1.1112789295e+01  1.0269365289e+01
    2.5700000000e+00  1.2199035876e+01  9.2161892560e+00  1.0192334877e+01  1.0780915825e+01  1.1115424758e+01  1.0269675874e+01
    2.5800000000e+00  1.2167582952e+01  9.1686586100e+00  1.0142621324e+01  1.0846330700e+01  1.1118834446e+01  1.0269054639e+01
    2.5900000000e+00  1.2134506549e+01  9.1223125010e+00  1.0094514775e+01  1.0913663929e+01  1.1123146789e+01  1.0267552624e+01
    2.6000000000e+00  1.2099497966e+01  9.0769635140e+00  1.0048154567e+01  1.0982789195e+01  1.1128446200e+01  1.0265250482e+01
    2.6100000000e+00  1.2062252144e+01  9.0324366540e+00  1.0003684338e+01  1.1053525022e+01  1.1134783769e+01  1.0262267882e+01
    2.6200000000e+00  1.2022478644e+01  8.9885735740e+00  9.9612365870e+00  1.1125629992e+01  1.1142190481e+01  1.0258767178e+01
    2.6300000000e+00  1.1979915437e+01  8.9452296400e+00  9.9209164810e+00  1.1198799917e+01  1.1150689267e+01  1.0254949957e+01
    2.6400000000e+00  1.1934345438e+01  8.9022654700e+00  9.8827883500e+00  1.1272668286e+01  1.1160302411e+01  1.0251046882e+01
    2.6500000000e+00  1.1885615099e+01  8.8595362950e+00  9.8468676580e+00  1.1346811571e+01  1.1171052175e+01  1.0247302908e+01
    2.6600000000e+00  1.1833653488e+01  8.8168831060e+00  9.8131197040e+00  1.1420760891e+01  1.1182954645e+01  1.0243961069e+01
    2.6700000000e+00  1.1778489341e+01  8.7741288470e+00  9.7814645060e+00  1.1494020951e+01  1.1196008861e+01  1.0241248019e+01
    2.6800000000e+00  1.1720262978e+01  8.7310812710e+00  9.7517858350e+00  1.1566095984e+01  1.1210184597e+01  1.0239363559e+01
    2.6900000000e+00  1.1659230012e+01  8.6875421090e+00  9.7239418440e+00  1.1636520960e+01  1.1225412295e+01  1.0238474847e+01
    2.7000000000e+00  1.1595754515e+01  8.6433206590e+00  9.6977751120e+00  1.1704894870e+01  1.1241577784e+01  1.0238714526e+01
    2.7100000000e+00  1.1530290854e+01  8.5982491230e+00  9.6731210530e+00  1.1770911923e+01  1.1258523118e+01  1.0240181252e+01
    2.7200000000e+00  1.1463355209e+01  8.5521969820e+00  9.6498148200e+00  1.1834386291e+01  1.1276053581e+01  1.0242941184e+01
    2.7300000000e+00  1.1395489581e+01  8.5050820850e+00  9.6276975490e+00  1.1895266685e+01  1.1293949905e+01  1.0247029780e+01
    2.7400000000e+00  1.1327222494e+01  8.4568766940e+00  9.6066227550e+00  1.1953638457e+01  1.1311984057e+01  1.0252454189e+01
    2.7500000000e+00  1.1259031162e+01  8.4076074260e+00  9.5864630440e+00  1.2009712735e+01  1.1329936483e+01  1.0259197107e+01
    2.7600000000e+00  1.1191309819e+01  8.3573488070e+00  9.5671164810e+00  1.2063804048e+01  1.1347612324e+01  1.0267222951e+01
    2.7700000000e+00  1.1124347946e+01  8.3062112200e+00  9.5485112980e+00  1.2116299634e+01  1.1364854076e+01  1.0276486607e+01
    2.7800000000e+00  1.1058320570e+01  8.2543250730e+00  9.5306075450e+00  1.2167624931e+01  1.1381548581e+01  1.0286944125e+01
    2.7900000000e+00  1.0993290756e+01  8.2018239140e+00  9.5133947400e+00  1.2218210270e+01  1.1397627203e+01  1.0298563938e+01
    2.8000000000e+00  1.0929222168e+01  8.1488295060e+00  9.4968854110e+00  1.2268463370e+01  1.1413059401e+01  1.0311336793e+01
    2.8100000000e+00  1.0865997788e+01  8.0954414860e+00  9.4811053740e+00  1.2318750733e+01  1.1427841281e+01  1.0325282708e+01
    2.8200000000e+00  1.0803439899e+01  8.0417331670e+00  9.4660822730e+00  1.2369388796e+01  1.1441981733e+01  1.0340453899e+01
    2.8300000000e+00  1.0741326837e+01  7.9877536690e+00  9.4518341800e+00  1.2420643171e+01  1.1455489115e+01  1.0356933448e+01
    2.8400000000e+00  1.0679403588e+01  7.9335351930e+00  9.4383598390e+00  1.2472732357e+01  1.1468361098e+01  1.0374830304e+01
    2.8500000000e+00  1.0617385744e+01  7.8791032370e+00  9.4256316450e+00  1.2525831419e+01  1.1480579339e+01  1.0394271747e+01
    2.8600000000e+00  1.0554958842e+01  7.8244872180e+00  9.4135918080e+00  1.2580071734e+01  1.1492109349e+01  1.0415394613e+01
    2.8700000000e+00  1.0491776944e+01  7.7697292980e+00  9.4021516490e+00  1.2635534700e+01  1.1502904685e+01  1.0438336574e+01
    2.8800000000e+00  1.0427464850e+01  7.7148901250e+00  9.3911935410e+00  1.2692239906e+01  1.1512913842e+01  1.0463228510e+01
    2.8900000000e+00  1.0361627396e+01  7.6600513010e+00  9.3805746820e+00  1.2750130670e+01  1.1522088101e+01  1.0490188814e+01
    2.9000000000e+00  1.0293867162e+01  7.6053151100e+00  9.3701315900e+00  1.2809061444e+01  1.1530389152e+01  1.0519320041e+01
    2.9100000000e+00  1.0223809256e+01  7.5508022530e+00  9.3596840450e+00  1.2868791744e+01  1.1537795963e+01  1.0550707800e+01
    2.9200000000e+00  1.0151129498e+01  7.4966480290e+00  9.3490373450e+00  1.2928989971e+01  1.1544310870e+01  1.0584421011e+01
    2.9300000000e+00  1.0075581045e+01  7.4429970050e+00  9.3379823650e+00  1.2989248219e+01  1.1549964830e+01  1.0620512101e+01
    2.9400000000e+00  9.9970145750e+00  7.3899961090e+00  9.3262938960e+00  1.3049106521e+01  1.1554821536e+01  1.0659015454e+01
    2.9500000000e+00  9.9153885280e+00  7.3377862300e+00  9.3137287840e+00  1.3108082916e+01  1.1558979774e+01  1.0699942970e+01
    2.9600000000e+00  9.8307680360e+00  7.2864928180e+00  9.3000259920e+00  1.3165704546e+01  1.1562573408e+01  1.0743276690e+01
    2.9700000000e+00  9.7433135450e+00  7.2362162510e+00  9.2849104570e+00  1.3221535136e+01  1.1565768585e+01  1.0788959794e+01
    2.9800000000e+00  9.6532619870e+00  7.1870228830e+00  9.2681016240e+00  1.3275195303e+01  1.1568758090e+01  1.0836888265e+01
    2.9900000000e+00  9.5609044430e+00  7.1389376350e+00  9.2493260650e+00  1.3326374017e+01  1.1571753059e+01  1.0886905724e+01
    3.0000000000e+00  9.4665642700e+00  7.0919389380e+00  9.2283323190e+00  1.3374831495e+01  1.1574972523e+01  1.0938803193e+01
    3.0100000000e+00  9.3705787520e+00  7.0459567160e+00  9.2049055090e+00  1.3420395508e+01  1.1578631492e+01  1.0992324318e+01
    3.0200000000e+00  9.2732857920e+00  7.0008738900e+00  9.1788795270e+00  1.3462953995e+01  1.1582928539e+01  1.1047175280e+01
    3.0300000000e+00  9.1750154640e+00  6.9565315690e+00  9.1501454310e+00  1.3502446809e+01  1.1588034090e+01  1.1103037791e+01
    3.0400000000e+00  9.0760850270e+00  6.9127375950e+00  9.1186557420e+00  1.3538858515e+01  1.1594080690e+01  1.1159583487e+01
    3.0500000000e+00  8.9767955440e+00  6.8692775830e+00  9.0844250430e+00  1.3572212840e+01  1.1601156369e+01  1.1216488470e+01
    3.0600000000e+00  8.8774286820e+00  6.8259271490e+00  9.0475274390e+00  1.3602568225e+01  1.1609301802e+01  1.1273447419e+01
    3.0700000000e+00  8.7782431790e+00  6.7824638200e+00  9.0080911710e+00  1.3630013332e+01  1.1618511337e+01  1.1330187112e+01
    3.0800000000e+00  8.6794714580e+00  6.7386772350e+00  8.9662901530e+00  1.3654661533e+01  1.1628737267e+01  1.1386479227e+01
    3.0900000000e+00  8.5813174090e+00  6.6943767510e+00  8.9223319460e+00  1.3676644102e+01  1.1639896174e+01  1.1442151792e+01
    3.1000000000e+00  8.4839563560e+00  6.6493962490e+00  8.8764418090e+00  1.3696102627e+01  1.1651875982e+01  1.1497098047e+01
    3.1100000000e+00  8.3875377060e+00  6.6035966750e+00  8.8288430980e+00  1.3713181800e+01  1.1664542544e+01  1.1551280946e+01
    3.1200000000e+00  8.2921900660e+00  6.5568672630e+00  8.7797352720e+00  1.3728023864e+01  1.1677745177e+01  1.1604731441e+01
    3.1300000000e+00  8.1980279050e+00  6.5091264280e+00  8.7292717340e+00  1.3740765750e+01  1.1691321240e+01  1.1657539130e+01
    3.1400000000e+00  8.1051585190e+00  6.4603229080e+00  8.6775405400e+00  1.3751539349e+01  1.1705100393e+01  1.1709834828e+01
    3.1500000000e+00  8.0136879480e+00  6.4104371640e+00  8.6245512760e+00  1.3760474768e+01  1.1718909294e+01  1.1761766001e+01
    3.1600000000e+00  7.9237248060e+00  6.3594825290e+00  8.5702310190e+00  1.3767705849e+01  1.1732577321e+01  1.1813467451e+01
    3.1700000000e+00  7.8353814240e+00  6.3075053510e+00  8.5144312050e+00  1.3773376958e+01  1.1745943421e+01  1.1865030952e+01
    3.1800000000e+00  7.7487721480e+00  6.2545834350e+00  8.4569455340e+00  1.3777650054e+01  1.1758863812e+01  1.1916478244e+01
    3.1900000000e+00  7.6640089520e+00  6.2008222230e+00  8.3975370740e+00  1.3780711210e+01  1.1771219939e+01  1.1967741606e+01
    3.2000000000e+00  7.5811945650e+00  6.1463484450e+00  8.3359709990e+00  1.3782776012e+01  1.1782925886e+01  1.2018655107e+01
    3.2100000000e+00  7.5004131940e+00  6.0913011750e+00  8.2720484660e+00  1.3784093257e+01  1.1793934306e+01  1.2068957781e+01
    3.2200000000e+00  7.4217189180e+00  6.0358206630e+00  8.2056371910e+00  1.3784946129e+01  1.1804239777e+01  1.2118307956e+01
    3.2300000000e+00  7.3451221020e+00  5.9800358250e+00  8.1366952730e+00  1.3785649678e+01  1.1813878599e+01  1.2166306346e+01
    3.2400000000e+00  7.2705749150e+00  5.9240517650e+00  8.0652863190e+00  1.3786543179e+01  1.1822924436e+01  1.2212524720e+01
    3.2500000000e+00  7.1979579770e+00  5.8679390140e+00  7.9915852850e+00  1.3787976327e+01  1.1831479901e+01  1.2256536944e+01
    3.2600000000e+00  7.1270710090e+00  5.8117259240e+00  7.9158754680e+00  1.3790289113e+01  1.1839664967e+01  1.2297949691e+01
    3.2700000000e+00  7.0576305520e+00  5.7553951350e+00  7.8385375540e+00  1.3793786828e+01  1.1847603666e+01  1.2336430729e+01
    3.2800000000e+00  6.9892771990e+00  5.6988842220e+00  7.7600318010e+00  1.3798713179e+01  1.1855410654e+01  1.2371733102e+01
    3.2900000000e+00  6.9215932050e+00  5.6420900080e+00  7.6808746500e+00  1.3805225797e+01  1.1863178979e+01  1.2403713789e+01
    3.3000000000e+00  6.8541292170e+00  5.5848756270e+00  7.6016112560e+00  1.3813378640e+01  1.1870969895e+01  1.2432345585e+01
    3.3100000000e+00  6.7864366840e+00  5.5270794080e+00  7.5227858840e+00  1.3823114969e+01  1.1878804994e+01  1.2457721315e+01
    3.3200000000e+00  6.7181010380e+00  5.4685248930e+00  7.4449123480e+00  1.3834272566e+01  1.1886660576e+01  1.2480049993e+01
    3.3300000000e+00  6.6487704410e+00  5.4090316580e+00  7.3684467730e+00  1.3846600389e+01  1.1894464035e+01  1.2499645271e+01
    3.3400000000e+00  6.5781759730e+00  5.3484269250e+00  7.2937648260e+00  1.3859783480e+01  1.1902092233e+01  1.2516907147e+01
    3.3500000000e+00  6.5061412440e+00  5.2865579960e+00  7.2211451740e+00  1.3873471604e+01  1.1909372165e+01  1.2532298568e+01
    3.3600000000e+00  6.4325817820e+00  5.2233052850e+00  7.1507604480e+00  1.3887307005e+01  1.1916084583e+01  1.2546319072e+01
    3.3700000000e+00  6.3574965200e+00  5.1585951840e+00  7.0826762370e+00  1.3900947835e+01  1.1921971342e+01  1.2559478089e+01
    3.3800000000e+00  6.2809545460e+00  5.0924113790e+00  7.0168575880e+00  1.3914085639e+01  1.1926746874e+01  1.2572270698e+01
    3.3900000000e+00  6.2030800170e+00  5.0248029030e+00  6.9531812850e+00  1.3926457100e+01  1.1930113568e+01  1.2585158311e+01
    3.4000000000e+00  6.1240369780e+00  4.9558872740e+00  6.8914511390e+00  1.3937851313e+01  1.1931779866e+01  1.2598555710e+01
    3.4100000000e+00  6.0440145000e+00  4.8858476250e+00  6.8314132000e+00  1.3948113947e+01  1.1931479166e+01  1.2612824311e+01
    3.4200000000e+00  5.9632116400e+00  4.8149236540e+00  6.7727684070e+00  1.3957148879e+01  1.1928987158e+01  1.2628269911e+01
    3.4300000000e+00  5.8818218130e+00  4.7433973010e+00  6.7151817130e+00  1.3964916779e+01  1.1924135285e+01  1.2645142285e+01
    3.4400000000e+00  5.8000169650e+00  4.6715749360e+00  6.6582884460e+00  1.3971429501e+01  1.1916818565e+01  1.2663634106e+01
    3.4500000000e+00  5.7179331530e+00  4.5997684400e+00  6.6016999280e+00  1.3976739322e+01  1.1906996888e+01  1.2683877849e+01
    3.4600000000e+00  5.6356598510e+00  4.5282777080e+00  6.5450106540e+00  1.3980923093e+01  1.1894689924e+01  1.2705940971e+01
    3.4700000000e+00  5.5532353310e+00  4.4573768590e+00  6.4878085430e+00  1.3984062730e+01  1.1879966769e+01  1.2729821019e+01
    3.4800000000e+00  5.4706495800e+00  4.3873057480e+00  6.4296883780e+00  1.3986224632e+01  1.1862932248e+01  1.2755442952e+01
    3.4900000000e+00  5.3878550030e+00  4.3182675440e+00  6.3702671830e+00  1.3987441076e+01  1.1843712282e+01  1.2782660565e+01
    3.5000000000e+00  5.3047838020e+00  4.2504320540e+00  6.3091993830e+00  1.3987696570e+01  1.1822440816e+01  1.2811262880e+01
    3.5100000000e+00  5.2213699550e+00  4.1839435340e+00  6.2461895350e+00  1.3986921487e+01  1.1799250468e+01  1.2840985090e+01
    3.5200000000e+00  5.1375728930e+00  4.1189309030e+00  6.1810009720e+00  1.3984994537e+01  1.1774268385e+01  1.2871522607e+01
    3.5300000000e+00  5.0533994780e+00  4.0555178140e+00  6.1134596880e+00  1.3981754533e+01  1.1747617806e+01  1.2902546284e+01
    3.5400000000e+00  4.9689206180e+00  3.9938299670e+00  6.0434537460e+00  1.3977020640e+01  1.1719424675e+01  1.2933716966e+01
    3.5500000000e+00  4.8842791450e+00  3.9339975180e+00  5.9709291760e+00  1.3970618724e+01  1.1689827483e+01  1.2964698013e+01
    3.5600000000e+00  4.7996866870e+00  3.8761514540e+00  5.8958836280e+00  1.3962409884e+01  1.1658987618e+01  1.2995165127e+01
    3.5700000000e+00  4.7154091420e+00  3.8204142620e+00  5.8183589830e+00  1.3952316342e+01  1.1627097168e+01  1.3024813424e+01
    3.5800000000e+00  4.6317427320e+00  3.7668866910e+00  5.7384338510e+00  1.3940339965e+01  1.1594381585e+01  1.3053362142e+01
    3.5900000000e+00  4.5489846280e+00  3.7156335180e+00  5.6562164100e+00  1.3926570099e+01  1.1561095823e+01  1.3080557614e+01
    3.6000000000e+00  4.4674032290e+00  3.6666715130e+00  5.5718376360e+00  1.3911179666e+01  1.1527514199e+01  1.3106175064e+01
    3.6100000000e+00  4.3872128390e+00  3.6199621610e+00  5.4854446190e+00  1.3894410955e+01  1.1493915739e+01  1.3130019467e+01
    3.6200000000e+00  4.3085560400e+00  3.5754104300e+00  5.3971936950e+00  1.3876554370e+01  1.1460567675e+01  1.3151925220e+01
    3.6300000000e+00  4.2314950000e+00  3.5328693650e+00  5.3072435770e+00  1.3857924090e+01  1.1427709747e+01  1.3171754031e+01
    3.6400000000e+00  4.1560110970e+00  3.4921492140e+00  5.2157492890e+00  1.3838834188e+01  1.1395541283e+01  1.3189390538e+01
    3.6500000000e+00  4.0820111360e+00  3.4530293840e+00  5.1228582170e+00  1.3819577607e+01  1.1364211901e+01  1.3204735841e+01
    3.6600000000e+00  4.0093381490e+00  3.4152718080e+00  5.0287094050e+00  1.3800409108e+01  1.1333815791e+01  1.3217700084e+01
    3.6700000000e+00  3.9377851750e+00  3.3786349670e+00  4.9334363700e+00  1.3781532462e+01  1.1304389175e+01  1.3228195933e+01
    3.6800000000e+00  3.8671109680e+00  3.3428884090e+00  4.8371724920e+00  1.3763091842e+01  1.1275910739e+01  1.3236134684e+01
    3.6900000000e+00  3.7970569150e+00  3.3078276650e+00  4.7400571400e+00  1.3745167555e+01  1.1248305407e+01  1.3241425861e+01
    3.7000000000e+00  3.7273642730e+00  3.2732890060e+00  4.6422405920e+00  1.3727776549e+01  1.1221452294e+01  1.3243979905e+01
    3.7100000000e+00  3.6577903070e+00  3.2391626310e+00  4.5438865620e+00  1.3710878045e+01  1.1195197613e+01  1.3243712493e+01
    3.7200000000e+00  3.5881213470e+00  3.2054021050e+00  4.4451723150e+00  1.3694384044e+01  1.1169372595e+01  1.3240548850e+01
    3.7300000000e+00  3.5181807800e+00  3.1720276370e+00  4.3462873010e+00  1.3678173343e+01  1.1143815248e+01  1.3234426904e+01
    3.7400000000e+00  3.4478306280e+00  3.1391212890e+00  4.2474315700e+00  1.3662106593e+01  1.1118393474e+01  1.3225299117e+01
    3.7500000000e+00  3.3769667690e+00  3.1068134980e+00  4.1488148840e+00  1.3646039301e+01  1.1093026107e+01  1.3213133679e+01
    3.7600000000e+00  3.3055095120e+00  3.0752618920e+00  4.0506566450e+00  1.3629829869e+01  1.1067698219e+01  1.3197916140e+01
    3.7700000000e+00  3.2333926260e+00  3.0446250810e+00  3.9531859740e+00  1.3613340960e+01  1.1042467641e+01  1.3179652344e+01
    3.7800000000e+00  3.1605545460e+00  3.0150353360e+00  3.8566407420e+00  1.3596434286e+01  1.1017461018e+01  1.3158372920e+01
    3.7900000000e+00  3.0869349710e+00  2.9865745650e+00  3.7612643690e+00  1.3578960945e+01  1.0992859622e+01  1.3134138732e+01
    3.8000000000e+00  3.0124785210e+00  2.9592575670e+00  3.6672995880e+00  1.3560750846e+01  1.0968877063e+01  1.3107045967e+01
    3.8100000000e+00  2.9371449710e+00  2.9330251720e+00  3.5749792660e+00  1.3541605179e+01  1.0945732620e+01  1.3077229159e+01
    3.8200000000e+00  2.8609235580e+00  2.9077479830e+00  3.4845153150e+00  1.3521294977e+01  1.0923624633e+01  1.3044860525e+01
    3.8300000000e+00  2.7838477560e+00  2.8832394290e+00  3.3960875920e+00  1.3499567020e+01  1.0902708113e+01  1.3010144693e+01
    3.8400000000e+00  2.7060069300e+00  2.8592752930e+00  3.3098350730e+00  1.3476156290e+01  1.0883079582e+01  1.2973308988e+01
    3.8500000000e+00  2.6275523950e+00  2.8356161200e+00  3.2258512670e+00  1.3450802698e+01  1.0864770582e+01  1.2934590665e+01
    3.8600000000e+00  2.5486969240e+00  2.8120289390e+00  3.1441849000e+00  1.3423269151e+01  1.0847749594e+01  1.2894223356e+01
    3.8700000000e+00  2.4697080980e+00  2.7883054230e+00  3.0648455670e+00  1.3393358306e+01  1.0831930900e+01  1.2852425214e+01
    3.8800000000e+00  2.3908968110e+00  2.7642746460e+00  2.9878128790e+00  1.3360926034e+01  1.0817188064e+01  1.2809390668e+01
    3.8900000000e+00  2.3126026150e+00  2.7398096940e+00  2.9130469380e+00  1.3325890409e+01  1.0803369484e+01  1.2765286625e+01
    3.9000000000e+00  2.2351777040e+00  2.7148284270e+00  2.8404980740e+00  1.3288235735e+01  1.0790313609e+01  1.2720252751e+01
    3.9100000000e+00  2.1589713290e+00  2.6892894630e+00  2.7701144060e+00  1.3248011746e+01  1.0777861896e+01  1.2674404577e+01
    3.9200000000e+00  2.0843162150e+00  2.6631849930e+00  2.7018467670e+00  1.3205328745e+01  1.0765868310e+01  1.2627837840e+01
    3.9300000000e+00  2.0115180930e+00  2.6365321780e+00  2.6356513810e+00  1.3160350090e+01  1.0754204959e+01  1.2580632734e+01
    3.9400000000e+00  1.9408486190e+00  2.6093647020e+00  2.5714911600e+00  1.3113283754e+01  1.0742764177e+01  1.2532857346e+01
    3.9500000000e+00  1.8725409290e+00  2.5817255740e+00  2.5093365220e+00  1.3064374516e+01  1.0731457931e+01  1.2484570212e+01
    3.9600000000e+00  1.8067863690e+00  2.5536616990e+00  2.4491662950e+00  1.3013897526e+01  1.0720215586e+01  1.2435822383e+01
    3.9700000000e+00  1.7437308080e+00  2.5252201500e+00  2.3909688720e+00  1.2962152743e+01  1.0708980974e+01  1.2386659531e+01
    3.9800000000e+00  1.6834697540e+00  2.4964457980e+00  2.3347434190e+00  1.2909458727e+01  1.0697709338e+01  1.2337124497e+01
    3.9900000000e+00  1.6260428740e+00  2.4673798820e+00  2.2805007820e+00  1.2856143929e+01  1.0686364324e+01  1.2287260456e+01
    4.0000000000e+00  1.5714298700e+00  2.4380594000e+00  2.2282637290e+00  1.2802534360e+01  1.0674914933e+01  1.2237114688e+01
    4.0100000000e+00  1.5195503190e+00  2.4085174750e+00  2.1780662020e+00  1.2748938021e+01  1.0663332442e+01  1.2186742753e+01
    4.0200000000e+00  1.4702695930e+00  2.3787849900e+00  2.1299513090e+00  1.2695628226e+01  1.0651587580e+01  1.2136212750e+01
    4.0300000000e+00  1.4234114870e+00  2.3488935700e+00  2.0839679460e+00  1.2642829052e+01  1.0639648658e+01  1.2085609251e+01
    4.0400000000e+00  1.3787762680e+00  2.3188794730e+00  2.0401660720e+00  1.2590706171e+01  1.0627481439e+01  1.2035036378e+01
    4.0500000000e+00  1.3361612370e+00  2.2887874270e+00  1.9985908650e+00  1.2539365282e+01  1.0615051261e+01  1.1984619578e+01
    4.0600000000e+00  1.2953802140e+00  2.2586731760e+00  1.9592761670e+00  1.2488858601e+01  1.0602327304e+01  1.1934505650e+01
    4.0700000000e+00  1.2562785550e+00  2.2286036570e+00  1.9222377370e+00  1.2439198113e+01  1.0589288208e+01  1.1884860774e+01
    4.0800000000e+00  1.2187414340e+00  2.1986542670e+00  1.8874669740e+00  1.2390372973e+01  1.0575927724e+01  1.1835866395e+01
    4.0900000000e+00  1.1826944830e+00  2.1689033890e+00  1.8549258330e+00  1.2342367790e+01  1.0562258963e+01  1.1787713036e+01
    4.1000000000e+00  1.1480974600e+00  2.1394250090e+00  1.8245437360e+00  1.2295178601e+01  1.0548316029e+01  1.1740592398e+01
    4.1100000000e+00  1.1149328290e+00  2.1102807450e+00  1.7962171670e+00  1.2248824053e+01  1.0534152303e+01  1.1694688488e+01
    4.1200000000e+00  1.0831920040e+00  2.0815128080e+00  1.7698123200e+00  1.2203350452e+01  1.0519835290e+01  1.1650168850e+01
    4.1300000000e+00  1.0528621620e+00  2.0531393610e+00  1.7451706310e+00  1.2158830839e+01  1.0505438584e+01  1.1607177158e+01
    4.1400000000e+00  1.0239158920e+00  2.0251534340e+00  1.7221164290e+00  1.2115359516e+01  1.0491032150e+01  1.1565828247e+01
    4.1500000000e+00  9.9630482200e-01  1.9975259200e+00  1.7004654950e+00  1.2073044212e+01  1.0476672505e+01  1.1526206195e+01
    4.1600000000e+00  9.6995701300e-01  1.9702124900e+00  1.6800332060e+00  1.2031997991e+01  1.0462394553e+01  1.1488365385e+01
    4.1700000000e+00  9.4477706600e-01  1.9431635100e+00  1.6606411930e+00  1.1992332310e+01  1.0448206542e+01  1.1452333898e+01
    4.1800000000e+00  9.2064760500e-01  1.9163355430e+00  1.6421220350e+00  1.1954151614e+01  1.0434089176e+01  1.1418118231e+01
    4.1900000000e+00  8.9743120000e-01  1.8897027650e+00  1.6243220310e+00  1.1917549192e+01  1.0419999233e+01  1.1385708425e+01
    4.2000000000e+00  8.7497233500e-01  1.8632666190e+00  1.6071025020e+00  1.1882603686e+01  1.0405877423e+01  1.1355083045e+01
    4.2100000000e+00  8.5309949000e-01  1.8370622580e+00  1.5903400400e+00  1.1849375838e+01  1.0391659683e+01  1.1326213908e+01
    4.2200000000e+00  8.3162757200e-01  1.8111606380e+00  1.5739258580e+00  1.1817905286e+01  1.0377290625e+01  1.1299070703e+01
    4.2300000000e+00  8.1036095600e-01  1.7856655950e+00  1.5577640300e+00  1.1788207448e+01  1.0362737542e+01  1.1273625570e+01
    4.2400000000e+00  7.8909729600e-01  1.7607058160e+00  1.5417682560e+00  1.1760270659e+01  1.0348003111e+01  1.1249857374e+01
    4.2500000000e+00  7.6763230500e-01  1.7364222620e+00  1.5258569520e+00  1.1734053837e+01  1.0333134951e+01  1.1227754997e+01
    4.2600000000e+00  7.4576551100e-01  1.7129523460e+00  1.5099469280e+00  1.1709485161e+01  1.0318230394e+01  1.1207318789e+01
    4.2700000000e+00  7.2330674700e-01  1.6904127610e+00  1.4939464480e+00  1.1686462380e+01  1.0303435379e+01  1.1188559440e+01
    4.2800000000e+00  7.0008261700e-01  1.6688832560e+00  1.4777488400e+00  1.1664855253e+01  1.0288937177e+01  1.1171494040e+01
    4.2900000000e+00  6.7594181600e-01  1.6483936390e+00  1.4612278730e+00  1.1644510182e+01  1.0274951614e+01  1.1156139733e+01
    4.3000000000e+00  6.5075814300e-01  1.6289159140e+00  1.4442357130e+00  1.1625256262e+01  1.0261706286e+01  1.1142505930e+01
    4.3100000000e+00  6.2443061400e-01  1.6103627080e+00  1.4266036630e+00  1.1606911264e+01  1.0249421938e+01  1.1130586275e+01
    4.3200000000e+00  5.9688116900e-01  1.5925922670e+00  1.4081452590e+00  1.1589285763e+01  1.0238294440e+01  1.1120351335e+01
    4.3300000000e+00  5.6805160200e-01  1.5754193270e+00  1.3886610410e+00  1.1572184136e+01  1.0228479752e+01  1.1111742442e+01
    4.3400000000e+00  5.3790203800e-01  1.5586303430e+00  1.3679444830e+00  1.1555402381e+01  1.0220083792e+01  1.1104666635e+01
    4.3500000000e+00  5.0641306500e-01  1.5420009070e+00  1.3457890770e+00  1.1538724272e+01  1.0213158471e+01  1.1098992451e+01
    4.3600000000e+00  4.7359242300e-01  1.5253128700e+00  1.3219969720e+00  1.1521918556e+01  1.0207704212e+01  1.1094546717e+01
    4.3700000000e+00  4.3948532600e-01  1.5083687140e+00  1.2963895990e+00  1.1504740178e+01  1.0203678235e+01  1.1091113097e+01
    4.3800000000e+00  4.0418582200e-01  1.4910011850e+00  1.2688200750e+00  1.1486937670e+01  1.0201007010e+01  1.1088433790e+01
    4.3900000000e+00  3.6784560000e-01  1.4730770770e+00  1.2391861570e+00  1.1468267065e+01  1.0199600529e+01  1.1086215763e+01
    4.4000000000e+00  3.3067691000e-01  1.4544951090e+00  1.2074415280e+00  1.1448510694e+01  1.0199365830e+01  1.1084142181e+01
    4.4100000000e+00  2.9294747400e-01  1.4351789960e+00  1.1736027590e+00  1.1427497685e+01  1.0200217462e+01  1.1081888319e+01
    4.4200000000e+00  2.5496717900e-01  1.4150676630e+00  1.1377498740e+00  1.1405122320e+01  1.0202083333e+01  1.1079139696e+01
    4.4300000000e+00  2.1706812000e-01  1.3941050020e+00  1.1000198590e+00  1.1381356842e+01  1.0204905486e+01  1.1075609158e+01
    4.4400000000e+00  1.7958083600e-01  1.3722313760e+00  1.0605943660e+00  1.1356256481e+01  1.0208636479e+01  1.1071049631e+01
    4.4500000000e+00  1.4281015800e-01  1.3493783970e+00  1.0196844830e+00  1.1329955901e+01  1.0213232912e+01  1.1065260366e+01
    4.4600000000e+00  1.0701389700e-01  1.3254675170e+00  9.7751615700e-01  1.1302657762e+01  1.0218648039e+01  1.1058086402e+01
    4.4700000000e+00  7.2387007000e-02  1.3004120010e+00  9.3431938600e-01  1.1274615191e+01  1.0224825214e+01  1.1049412868e+01
    4.4800000000e+00  3.9052851000e-02  1.2741211950e+00  8.9032286900e-01  1.1246110783e+01  1.0231693288e+01  1.1039157133e+01
    4.4900000000e+00  7.0620380000e-03  1.2465058490e+00  8.4575390100e-01  1.1217435090e+01  1.0239164354e+01  1.1027262062e+01
    4.5000000000e+00 -2.3601934000e-02  1.2174835070e+00  8.0084168100e-01  1.1188867407e+01  1.0247133595e+01  1.1013692927e+01
    4.5100000000e+00 -5.3012039000e-02  1.1869834120e+00  7.5582115800e-01  1.1160660986e+01  1.0255480835e+01  1.0998439067e+01
    4.5200000000e+00 -8.1284493000e-02  1.1549506680e+00  7.1093456400e-01  1.1133033769e+01  1.0264073403e+01  1.0981519727e+01
    4.5300000000e+00 -1.0856539200e-01  1.1213494860e+00  6.6642849100e-01  1.1106164537e+01  1.0272770183e+01  1.0962992102e+01
    4.5400000000e+00 -1.3501917000e-01  1.0861651460e+00  6.2254572800e-01  1.1080193408e+01  1.0281426695e+01  1.0942958843e+01
    4.5500000000e+00 -1.6082000900e-01  1.0494041970e+00  5.7951252900e-01  1.1055225027e+01  1.0289900889e+01  1.0921572286e+01
    4.5600000000e+00 -1.8614640800e-01  1.0110924780e+00  5.3752322700e-01  1.1031332688e+01  1.0298058949e+01  1.0899033304e+01
    4.5700000000e+00 -2.1117837000e-01  9.7127090700e-01  4.9672484600e-01  1.1008561940e+01  1.0305780150e+01  1.0875583841e+01
    4.5800000000e+00 -2.3609620100e-01  9.2998950000e-01  4.5720451300e-01  1.0986932762e+01  1.0312959738e+01  1.0851493501e+01
    4.5900000000e+00 -2.6107972500e-01  8.8730057100e-01  4.1898196800e-01  1.0966439998e+01  1.0319509111e+01  1.0827041705e+01
    4.6000000000e+00 -2.8630683900e-01  8.4325241100e-01  3.8200861000e-01  1.0947052305e+01  1.0325353073e+01  1.0802497756e+01
    4.6100000000e+00 -3.1195057500e-01  7.9788471600e-01  3.4617340900e-01  1.0928710319e+01  1.0330424571e+01  1.0778101435e+01
    4.6200000000e+00 -3.3817428600e-01  7.5122674800e-01  3.1131502400e-01  1.0911325032e+01  1.0334657915e+01  1.0754046617e+01
    4.6300000000e+00 -3.6512508600e-01  7.0329863400e-01  2.7723859100e-01  1.0894777478e+01  1.0337981845e+01  1.0730469937e+01
    4.6400000000e+00 -3.9292620800e-01  6.5411549300e-01  2.4373503000e-01  1.0878920660e+01  1.0340313801e+01  1.0707445837e+01
    4.6500000000e+00 -4.2166933700e-01  6.0369352300e-01  2.1060034300e-01  1.0863584205e+01  1.0341556405e+01  1.0684988417e+01
    4.6600000000e+00 -4.5140803400e-01  5.5205687500e-01  1.7765237300e-01  1.0848581741e+01  1.0341596584e+01  1.0663059491e+01
    4.6700000000e+00 -4.8215328100e-01  4.9924425100e-01  1.4474294000e-01  1.0833720488e+01  1.0340307146e+01  1.0641581203e+01
    4.6800000000e+00 -5.1387177800e-01  4.4531452700e-01  1.1176424600e-01  1.0818812287e+01  1.0337550301e+01  1.0620450858e+01
    4.6900000000e+00 -5.4648739600e-01  3.9035108700e-01  7.8649611000e-02  1.0803685185e+01  1.0333182514e+01  1.0599555421e+01
    4.7000000000e+00 -5.7988586900e-01  3.3446481900e-01  4.5369784000e-02  1.0788194674e+01  1.0327060270e+01  1.0578783686e+01
    4.7100000000e+00 -6.1392265800e-01  2.7779576600e-01  1.1926663000e-02  1.0772233667e+01  1.0319046501e+01  1.0558035065e+01
    4.7200000000e+00 -6.4843365900e-01  2.2051333600e-01 -2.1653788000e-02  1.0755740308e+01  1.0309017495e+01  1.0537225099e+01
    4.7300000000e+00 -6.8324815600e-01  1.6281486900e-01 -5.5328219000e-02  1.0738702756e+01  1.0296870035e+01  1.0516288499e+01
    4.7400000000e+00 -7.1820316500e-01  1.0492246400e-01 -8.9041838000e-02  1.0721160244e+01  1.0282528379e+01  1.0495180761e+01
    4.7500000000e+00 -7.5315806400e-01  4.7078048000e-02 -1.2273387200e-01  1.0703199967e+01  1.0265950580e+01  1.0473879040e+01
    4.7600000000e+00 -7.8800826400e-01 -1.0463061000e-02 -1.5634302800e-01  1.0684949659e+01  1.0247133738e+01  1.0452382456e+01
    4.7700000000e+00 -8.2269656700e-01 -6.7439812000e-02 -1.8981328000e-01  1.0666566133e+01  1.0226117871e+01  1.0430711529e+01
    4.7800000000e+00 -8.5722092900e-01 -1.2359401400e-01 -2.2309989600e-01  1.0648220474e+01  1.0202988260e+01  1.0408906249e+01
    4.7900000000e+00 -8.9163753900e-01 -1.7867967000e-01 -2.5617528800e-01  1.0630081076e+01  1.0177876108e+01  1.0387022372e+01
    4.8000000000e+00 -9.2605855400e-01 -2.3247288600e-01 -2.8903396900e-01  1.0612296102e+01  1.0150957240e+01  1.0365125752e+01
    4.8100000000e+00 -9.6064441600e-01 -2.8478200100e-01 -3.2169581400e-01  1.0594977142e+01  1.0122448470e+01  1.0343284858e+01
    4.8200000000e+00 -9.9559129900e-01 -3.3545732200e-01 -3.5420676400e-01  1.0578185890e+01  1.0092601260e+01  1.0321562023e+01
    4.8300000000e+00 -1.0311149120e+00 -3.8439954200e-01 -3.8663637400e-01  1.0561925353e+01  1.0061692552e+01  1.0300004413e+01
    4.8400000000e+00 -1.0674323780e+00 -4.3156580100e-01 -4.1907205200e-01  1.0546136635e+01  1.0030013108e+01  1.0278636057e+01
    4.8500000000e+00 -1.1047442310e+00 -4.7697252400e-01 -4.5161051100e-01  1.0530701652e+01  9.9978541270e+00  1.0257452323e+01
    4.8600000000e+00 -1.1432186030e+00 -5.2069450600e-01 -4.8434766800e-01  1.0515451280e+01  9.9654932600e+00  1.0236417886e+01
    4.8700000000e+00 -1.1829793080e+00 -5.6286020400e-01 -5.1736856200e-01  1.0500177723e+01  9.9331812740e+00  1.0215468540e+01
    4.8800000000e+00 -1.2240988950e+00 -6.0364364900e-01 -5.5073885800e-01  1.0484649293e+01  9.9011305170e+00  1.0194516374e+01
    4.8900000000e+00 -1.2665968980e+00 -6.4325377800e-01 -5.8449899700e-01  1.0468625610e+01  9.8695060850e+00  1.0173457261e+01
    4.9000000000e+00 -1.3104427900e+00 -6.8192220700e-01 -6.1866142500e-01  1.0451871408e+01  9.8384202150e+00  1.0152179332e+01
    4.9100000000e+00 -1.3555624630e+00 -7.1989050300e-01 -6.5321072700e-01  1.0434167516e+01  9.8079300190e+00  1.0130571241e+01
    4.9200000000e+00 -1.4018467010e+00 -7.5739790900e-01 -6.8810611800e-01  1.0415318249e+01  9.7780382670e+00  1.0108529307e+01
    4.9300000000e+00 -1.4491600290e+00 -7.9467016800e-01 -7.2328553400e-01  1.0395155157e+01  9.7486967270e+00  1.0085963004e+01
    4.9400000000e+00 -1.4973485120e+00 -8.3190981400e-01 -7.5867053700e-01  1.0373537766e+01  9.7198114590e+00  1.0062798601e+01
    4.9500000000e+00 -1.5462456640e+00 -8.6928803700e-01 -7.9417129400e-01  1.0350352477e+01  9.6912495890e+00  1.0038981074e+01
    4.9600000000e+00 -1.5956763030e+00 -9.0693813000e-01 -8.2969110000e-01  1.0325510909e+01  9.6628472210e+00  1.0014474661e+01
    4.9700000000e+00 -1.6454588930e+00 -9.4495056100e-01 -8.6513018200e-01  1.0298948790e+01  9.6344183100e+00  9.9892626100e+00
    4.9800000000e+00 -1.6954073200e+00 -9.8336982000e-01 -9.0038883500e-01  1.0270625917e+01  9.6057643510e+00  9.9633466020e+00
    4.9900000000e+00 -1.7453331190e+00 -1.0221933090e+00 -9.3537022300e-01  1.0240527047e+01  9.5766846300e+00  9.9367461560e+00
    5.0000000000e+00 -1.7950488140e+00 -1.0613725530e+00 -9.6998316100e-01  1.0208663024e+01  9.5469866240e+00  9.9094980320e+00
    5.0100000000e+00 -1.8443724560e+00 -1.1008168550e+00 -1.0041451390e+00  1.0175071167e+01  9.5164959000e+00  9.8816553890e+00
    5.0200000000e+00 -1.8931327770e+00 -1.1403992960e+00 -1.0377855810e+00  1.0139814124e+01  9.4850648000e+00  9.8532864120e+00
    5.0300000000e+00 -1.9411740020e+00 -1.1799646240e+00 -1.0708491690e+00  1.0102976895e+01  9.4525792060e+00  9.8244721050e+00
    5.0400000000e+00 -1.9883593240e+00 -1.2193383340e+00 -1.1032989120e+00  1.0064662414e+01  9.4189629200e+00  9.7953031370e+00
    5.0500000000e+00 -2.0345725230e+00 -1.2583361300e+00 -1.1351186140e+00  1.0024986619e+01  9.3841795390e+00  9.7658756900e+00
    5.0600000000e+00 -2.0797178500e+00 -1.2967730320e+00 -1.1663143380e+00  9.9840740420e+00  9.3482319860e+00  9.7362864650e+00
    5.0700000000e+00 -2.1237189320e+00 -1.3344716060e+00 -1.1969145430e+00  9.9420546720e+00  9.3111601100e+00  9.7066271390e+00
    5.0800000000e+00 -2.1665176970e+00 -1.3712689990e+00 -1.2269686860e+00  9.8990621710e+00  9.2730368070e+00  9.6769787050e+00
    5.0900000000e+00 -2.2080741570e+00 -1.4070226920e+00 -1.2565442650e+00  9.8552329060e+00  9.2339630860e+00  9.6474062160e+00
    5.1000000000e+00 -2.2483673380e+00 -1.4416149840e+00 -1.2857225160e+00  9.8107048470e+00  9.1940623950e+00  9.6179543500e+00
    5.1100000000e+00 -2.2873969750e+00 -1.4749562470e+00 -1.3145930320e+00  9.7656154030e+00  9.1534743970e+00  9.5886441200e+00
    5.1200000000e+00 -2.3251850660e+00 -1.5069869410e+00 -1.3432475840e+00  9.7200976740e+00  9.1123482910e+00  9.5594708800e+00
    5.1300000000e+00 -2.3617762370e+00 -1.5376782940e+00 -1.3717733620e+00  9.6742752540e+00  9.0708357500e+00  9.5304037930e+00
    5.1400000000e+00 -2.3972360610e+00 -1.5670313880e+00 -1.4002458530e+00  9.6282563320e+00  9.0290835990e+00  9.5013870030e+00
    5.1500000000e+00 -2.4316470550e+00 -1.5950743290e+00 -1.4287217410e+00  9.5821281880e+00  8.9872265580e+00  9.4723428120e+00
    5.1600000000e+00 -2.4651027190e+00 -1.6218572140e+00 -1.4572324700e+00  9.5359532070e+00  8.9453806700e+00  9.4431770790e+00
    5.1700000000e+00 -2.4977004890e+00 -1.6474448920e+00 -1.4857793060e+00  9.4897671130e+00  8.9036383270e+00  9.4137868310e+00
    5.1800000000e+00 -2.5295346850e+00 -1.6719080170e+00 -1.5143308130e+00  9.4435795850e+00  8.8620659290e+00  9.3840696190e+00
    5.1900000000e+00 -2.5606903270e+00 -1.6953134990e+00 -1.5428234830e+00  9.3973768390e+00  8.8207049990e+00  9.3539337740e+00
    5.2000000000e+00 -2.5912383250e+00 -1.7177158910e+00 -1.5711658860e+00  9.3511254950e+00  8.7795769900e+00  9.3233083390e+00
    5.2100000000e+00 -2.6212320300e+00 -1.7391513090e+00 -1.5992462020e+00  9.3047770360e+00  8.7386912170e+00  9.2921513270e+00
    5.2200000000e+00 -2.6507049170e+00 -1.7596351260e+00 -1.6269423790e+00  9.2582724580e+00  8.6980545580e+00  9.2604550010e+00
    5.2300000000e+00 -2.6796690800e+00 -1.7791638110e+00 -1.6541336390e+00  9.2115470010e+00  8.6576811180e+00  9.2282472560e+00
    5.2400000000e+00 -2.7081144560e+00 -1.7977204270e+00 -1.6807116630e+00  9.1645350900e+00  8.6176000700e+00  9.1955887840e+00
    5.2500000000e+00 -2.7360088950e+00 -1.8152825050e+00 -1.7065897610e+00  9.1171755820e+00  8.5778604320e+00  9.1625665310e+00
    5.2600000000e+00 -2.7632994050e+00 -1.8318306960e+00 -1.7317087530e+00  9.0694172870e+00  8.5385323320e+00  9.1292846490e+00
    5.2700000000e+00 -2.7899148840e+00 -1.8473567490e+00 -1.7560390220e+00  9.0212244260e+00  8.4997051050e+00  9.0958546280e+00
    5.2800000000e+00 -2.8157705170e+00 -1.8618698480e+00 -1.7795790360e+00  8.9725814670e+00  8.4614830830e+00  9.0623861930e+00
    5.2900000000e+00 -2.8407736830e+00 -1.8754009550e+00 -1.8023512990e+00  8.9234966700e+00  8.4239801250e+00  9.0289801520e+00
    5.3000000000e+00 -2.8648308850e+00 -1.8880053220e+00 -1.8243969670e+00  8.8740037230e+00  8.3873136960e+00  8.9957236750e+00
    5.3100000000e+00 -2.8878549400e+00 -1.8997635820e+00 -1.8457702360e+00  8.8241611590e+00  8.3515989730e+00  8.9626878610e+00
    5.3200000000e+00 -2.9097715980e+00 -1.9107818150e+00 -1.8665332440e+00  8.7740495970e+00  8.3169429890e+00  8.9299270410e+00
    5.3300000000e+00 -2.9305248740e+00 -1.9211906770e+00 -1.8867517480e+00  8.7237672180e+00  8.2834386400e+00  8.8974791920e+00
    5.3400000000e+00 -2.9500806640e+00 -1.9311432980e+00 -1.9064915000e+00  8.6734241080e+00  8.2511583560e+00  8.8653669680e+00
    5.3500000000e+00 -2.9684285570e+00 -1.9408113660e+00 -1.9258151420e+00  8.6231361450e+00  8.2201476230e+00  8.8335991820e+00
    5.3600000000e+00 -2.9855819770e+00 -1.9503788640e+00 -1.9447794990e+00  8.5730189600e+00  8.1904190480e+00  8.8021727610e+00
    5.3700000000e+00 -3.0015769200e+00 -1.9600333030e+00 -1.9634334050e+00  8.5231823520e+00  8.1619481600e+00  8.7710752580e+00
    5.3800000000e+00 -3.0164695500e+00 -1.9699550770e+00 -1.9818163110e+00  8.4737253480e+00  8.1346722690e+00  8.7402878770e+00
    5.3900000000e+00 -3.0303328460e+00 -1.9803063230e+00 -1.9999579750e+00  8.4247320280e+00  8.1084934100e+00  8.7097887110e+00
    5.4000000000e+00 -3.0432524490e+00 -1.9912212810e+00 -2.0178792910e+00  8.3762682380e+00  8.0832855820e+00  8.6795557240e+00
    5.4100000000e+00 -3.0553218570e+00 -2.0028001190e+00 -2.0355940900e+00  8.3283793450e+00  8.0589053790e+00  8.6495689330e+00
    5.4200000000e+00 -3.0666371910e+00 -2.0151076240e+00 -2.0531113990e+00  8.2810892210e+00  8.0352041150e+00  8.6198114280e+00
    5.4300000000e+00 -3.0772918490e+00 -2.0281769850e+00 -2.0704375170e+00  8.2344005690e+00  8.0120389760e+00  8.5902691410e+00
    5.4400000000e+00 -3.0873714300e+00 -2.0420175860e+00 -2.0875772790e+00  8.1882966150e+00  7.9892808760e+00  8.5609296540e+00
    5.4500000000e+00 -3.0969493100e+00 -2.0566246640e+00 -2.1045340790e+00  8.1427440540e+00  7.9668175750e+00  8.5317806270e+00
    5.4600000000e+00 -3.1060832000e+00 -2.0719882490e+00 -2.1213085780e+00  8.0976969820e+00  7.9445519020e+00  8.5028086140e+00
    5.4700000000e+00 -3.1148128630e+00 -2.0880991330e+00 -2.1378964650e+00  8.0531014700e+00  7.9223962890e+00  8.4739990270e+00
    5.4800000000e+00 -3.1231590660e+00 -2.1049506000e+00 -2.1542859660e+00  8.0089004490e+00  7.9002657340e+00  8.4453377270e+00
    5.4900000000e+00 -3.1311237260e+00 -2.1225359090e+00 -2.1704560890e+00  7.9650385900e+00  7.8780715870e+00  8.4168143520e+00
    5.5000000000e+00 -3.1386911400e+00 -2.1408427160e+00 -2.1863765360e+00  7.9214669530e+00  7.8557181380e+00  8.3884269460e+00
    5.5100000000e+00 -3.1458302380e+00 -2.1598463740e+00 -2.2020099640e+00  7.8781472260e+00  7.8331030750e+00  8.3601869640e+00
    5.5200000000e+00 -3.1524977640e+00 -2.1795042390e+00 -2.2173167510e+00  7.8350553830e+00  7.8101217230e+00  8.3321234480e+00
    5.5300000000e+00 -3.1586422910e+00 -2.1997527060e+00 -2.2322617980e+00  7.7921845580e+00  7.7866740100e+00  8.3042851410e+00
    5.5400000000e+00 -3.1642089290e+00 -2.2205078960e+00 -2.2468222670e+00  7.7495469310e+00  7.7626724380e+00  8.2767396410e+00
    5.5500000000e+00 -3.1691445170e+00 -2.2416699930e+00 -2.2609948510e+00  7.7071744300e+00  7.7380492160e+00  8.2495693150e+00
    5.5600000000e+00 -3.1734030160e+00 -2.2631303690e+00 -2.2748011350e+00  7.6651180910e+00  7.7127609910e+00  8.2228644190e+00
    5.5700000000e+00 -3.1769507820e+00 -2.2847801070e+00 -2.2882899980e+00  7.6234459420e+00  7.6867902830e+00  8.1967144890e+00
    5.5800000000e+00 -3.1797712670e+00 -2.3065183740e+00 -2.3015366400e+00  7.5822393830e+00  7.6601433860e+00  8.1711993940e+00
    5.5900000000e+00 -3.1818686690e+00 -2.3282591980e+00 -2.3146384260e+00  7.5415881370e+00  7.6328452240e+00  8.1463814560e+00
    5.6000000000e+00 -3.1832699460e+00 -2.3499356080e+00 -2.3277083610e+00  7.5015840790e+00  7.6049321270e+00  8.1222997550e+00
    5.6100000000e+00 -3.1840247690e+00 -2.3715005770e+00 -2.3408672880e+00  7.4623145570e+00  7.5764437800e+00  8.0989672680e+00
    5.6200000000e+00 -3.1842032220e+00 -2.3929247760e+00 -2.3542360890e+00  7.4238560370e+00  7.5474157280e+00  8.0763709640e+00
    5.6300000000e+00 -3.1838915290e+00 -2.4141916840e+00 -2.3679289920e+00  7.3862689660e+00  7.5178736350e+00  8.0544744100e+00
    5.6400000000e+00 -3.1831864710e+00 -2.4352910550e+00 -2.3820487680e+00  7.3495945300e+00  7.4878301920e+00  8.0332220740e+00
    5.6500000000e+00 -3.1821893950e+00 -2.4562120180e+00 -2.3966841200e+00  7.3138535970e+00  7.4572850440e+00  8.0125442730e+00
    5.6600000000e+00 -3.1810007100e+00 -2.4769371100e+00 -2.4119089950e+00  7.2790476530e+00  7.4262275120e+00  7.9923617880e+00
    5.6700000000e+00 -3.1797154860e+00 -2.4974382870e+00 -2.4277832040e+00  7.2451612310e+00  7.3946413310e+00  7.9725895480e+00
    5.6800000000e+00 -3.1784204640e+00 -2.5176754520e+00 -2.4443536170e+00  7.2121651670e+00  7.3625102540e+00  7.9531392120e+00
    5.6900000000e+00 -3.1771924770e+00 -2.5375974320e+00 -2.4616553680e+00  7.1800200710e+00  7.3298233320e+00  7.9339208920e+00
    5.7000000000e+00 -3.1760980490e+00 -2.5571447750e+00 -2.4797128620e+00  7.1486795120e+00  7.2965788900e+00  7.9148444370e+00
    5.7100000000e+00 -3.1751938170e+00 -2.5762534160e+00 -2.4985406840e+00  7.1180926160e+00  7.2627867800e+00  7.8958205930e+00
    5.7200000000e+00 -3.1745274060e+00 -2.5948583120e+00 -2.5181446920e+00  7.0882059460e+00  7.2284690180e+00  7.8767621240e+00
    5.7300000000e+00 -3.1741383620e+00 -2.6128964410e+00 -2.5385235020e+00  7.0589647320e+00  7.1936593520e+00  7.8575846720e+00
    5.7400000000e+00 -3.1740589270e+00 -2.6303090850e+00 -2.5596703230e+00  7.0303136740e+00  7.1584024080e+00  7.8382069810e+00
    5.7500000000e+00 -3.1743145730e+00 -2.6470436860e+00 -2.5815747850e+00  7.0021975810e+00  7.1227528330e+00  7.8185501600e+00
    5.7600000000e+00 -3.1749244380e+00 -2.6630556980e+00 -2.6042241630e+00  6.9745620790e+00  7.0867744920e+00  7.7985359550e+00
    5.7700000000e+00 -3.1759018830e+00 -2.6783107050e+00 -2.6276034460e+00  6.9473544430e+00  7.0505393970e+00  7.7780843940e+00
    5.7800000000e+00 -3.1772554090e+00 -2.6927867240e+00 -2.6516939610e+00  6.9205243770e+00  7.0141259560e+00  7.7571114650e+00
    5.7900000000e+00 -3.1789899370e+00 -2.7064762710e+00 -2.6764706960e+00  6.8940244640e+00  6.9776162490e+00  7.7355275810e+00
    5.8000000000e+00 -3.1811082720e+00 -2.7193876410e+00 -2.7018988120e+00  6.8678099370e+00  6.9410923710e+00  7.7132373420e+00
    5.8100000000e+00 -3.1836122810e+00 -2.7315449400e+00 -2.7279299990e+00  6.8418376960e+00  6.9046322350e+00  7.6901407960e+00
    5.8200000000e+00 -3.1865033430e+00 -2.7429866750e+00 -2.7544992040e+00  6.8160647390e+00  6.8683054030e+00  7.6661360970e+00
    5.8300000000e+00 -3.1897817580e+00 -2.7537630230e+00 -2.7815221450e+00  6.7904464950e+00  6.8321695270e+00  7.6411232910e+00
    5.8400000000e+00 -3.1934451390e+00 -2.7639321470e+00 -2.8088938180e+00  6.7649356600e+00  6.7962678210e+00  7.6150089990e+00
    5.8500000000e+00 -3.1974861590e+00 -2.7735559580e+00 -2.8364882170e+00  6.7394820800e+00  6.7606277470e+00  7.5877117900e+00
    5.8600000000e+00 -3.2018902730e+00 -2.7826957280e+00 -2.8641595160e+00  6.7140339120e+00  6.7252609700e+00  7.5591680230e+00
    5.8700000000e+00 -3.2066340950e+00 -2.7914078630e+00 -2.8917450370e+00  6.6885399870e+00  6.6901645400e+00  7.5293377970e+00
    5.8800000000e+00 -3.2116849680e+00 -2.7997401430e+00 -2.9190702150e+00  6.6629529180e+00  6.6553232700e+00  7.4982104240e+00
    5.8900000000e+00 -3.2170019960e+00 -2.8077287920e+00 -2.9459555870e+00  6.6372323110e+00  6.6207132130e+00  7.4658086530e+00
    5.9000000000e+00 -3.2225384510e+00 -2.8153967850e+00 -2.9722254300e+00  6.6113473780e+00  6.5863060100e+00  7.4321908060e+00
    5.9100000000e+00 -3.2282451460e+00 -2.8227537590e+00 -2.9977172900e+00  6.5852783520e+00  6.5520736570e+00  7.3974500950e+00
    5.9200000000e+00 -3.2340741470e+00 -2.8297977070e+00 -3.0222913310e+00  6.5590163850e+00  6.5179930260e+00  7.3617107730e+00
    5.9300000000e+00 -3.2399820710e+00 -2.8365182870e+00 -3.0458382580e+00  6.5325619320e+00  6.4840493750e+00  7.3251211850e+00
    5.9400000000e+00 -3.2459323600e+00 -2.8429012020e+00 -3.0682846540e+00  6.5059219750e+00  6.4502381990e+00  7.2878443800e+00
    5.9500000000e+00 -3.2518961010e+00 -2.8489328100e+00 -3.0895948820e+00  6.4791067020e+00  6.4165650830e+00  7.2500473430e+00
    5.9600000000e+00 -3.2578513870e+00 -2.8546040540e+00 -3.1097692160e+00  6.4521263790e+00  6.3830436700e+00  7.2118902960e+00
    5.9700000000e+00 -3.2637815110e+00 -2.8599129450e+00 -3.1288384620e+00  6.4249890560e+00  6.3496923130e+00  7.1735175040e+00
    5.9800000000e+00 -3.2696726200e+00 -2.8648652410e+00 -3.1468559740e+00  6.3976994740e+00  6.3165302330e+00  7.1350508490e+00
    5.9900000000e+00 -3.2755114720e+00 -2.8694733990e+00 -3.1638884070e+00  6.3702591880e+00  6.2835740670e+00  7.0965869060e+00
    6.0000000000e+00 -3.2812838590e+00 -2.8737542830e+00 -3.1800067240e+00  6.3426675270e+00  6.2508354670e+00  7.0581976200e+00
    6.0100000000e+00 -3.2869738760e+00 -2.8777263020e+00 -3.1952788430e+00  6.3149228790e+00  6.2183200760e+00  7.0199339980e+00
    6.0200000000e+00 -3.2925639190e+00 -2.8814066330e+00 -3.2097648550e+00  6.2870237590e+00  6.1860278370e+00  6.9818317360e+00
    6.0300000000e+00 -3.2980350220e+00 -2.8848090290e+00 -3.2235151390e+00  6.2589694050e+00  6.1539543480e+00  6.9439174650e+00
    6.0400000000e+00 -3.3033671230e+00 -2.8879424930e+00 -3.2365711250e+00  6.2307599160e+00  6.1220928350e+00  6.9062144010e+00
    6.0500000000e+00 -3.3085389840e+00 -2.8908108490e+00 -3.2489679660e+00  6.2023961990e+00  6.0904363410e+00  6.8687465170e+00
    6.0600000000e+00 -3.3135277530e+00 -2.8934131240e+00 -3.2607382430e+00  6.1738800730e+00  6.0589797890e+00  6.8315408130e+00
    6.0700000000e+00 -3.3183083550e+00 -2.8957445480e+00 -3.2719157930e+00  6.1452147880e+00  6.0277217230e+00  6.7946276710e+00
    6.0800000000e+00 -3.3228530000e+00 -2.8977980110e+00 -3.2825390230e+00  6.1164060750e+00  5.9966656540e+00  6.7580396240e+00
    6.0900000000e+00 -3.3271311430e+00 -2.8995658830e+00 -3.2926532420e+00  6.0874636430e+00  5.9658209620e+00  6.7218089680e+00
    6.1000000000e+00 -3.3311101480e+00 -2.9010421410e+00 -3.3023118170e+00  6.0584029170e+00  5.9352032930e+00  6.6859646960e+00
    6.1100000000e+00 -3.3347567920e+00 -2.9022247580e+00 -3.3115760820e+00  6.0292466590e+00  5.9048342990e+00  6.6505292040e+00
    6.1200000000e+00 -3.3380395880e+00 -2.9031181490e+00 -3.3205140300e+00  6.0000260770e+00  5.8747405370e+00  6.6155151730e+00
    6.1300000000e+00 -3.3409317160e+00 -2.9037353610e+00 -3.3291979530e+00  5.9707810120e+00  5.8449513900e+00  6.5809230180e+00
    6.1400000000e+00 -3.3434141070e+00 -2.9040995620e+00 -3.3377012950e+00  5.9415589200e+00  5.8154960530e+00  6.5467392140e+00
    6.1500000000e+00 -3.3454781430e+00 -2.9042443860e+00 -3.3460950800e+00  5.9124126130e+00  5.7863998580e+00  6.5129356920e+00
    6.1600000000e+00 -3.3471274240e+00 -2.9042128400e+00 -3.3544443420e+00  5.8833969800e+00  5.7576804360e+00  6.4794703520e+00
    6.1700000000e+00 -3.3483782340e+00 -2.9040547270e+00 -3.3628049090e+00  5.8545651590e+00  5.7293443460e+00  6.4462885270e+00
    6.1800000000e+00 -3.3492586010e+00 -2.9038228440e+00 -3.3712207700e+00  5.8259647670e+00  5.7013847890e+00  6.4133251350e+00
    6.1900000000e+00 -3.3498061220e+00 -2.9035684880e+00 -3.3797220680e+00  5.7976346910e+00  5.6737808720e+00  6.3805072420e+00
    6.2000000000e+00 -3.3500649050e+00 -2.9033369770e+00 -3.3883236130e+00  5.7696028430e+00  5.6464985930e+00  6.3477568620e+00
    6.2100000000e+00 -3.3500820450e+00 -2.9031639120e+00 -3.3970238350e+00  5.7418850340e+00  5.6194933760e+00  6.3149939780e+00
    6.2200000000e+00 -3.3499040290e+00 -2.9030727370e+00 -3.4058041820e+00  5.7144849870e+00  5.5927136670e+00  6.2821399100e+00
    6.2300000000e+00 -3.3495733790e+00 -2.9030738650e+00 -3.4146292030e+00  5.6873954080e+00  5.5661048770e+00  6.2491210600e+00
    6.2400000000e+00 -3.3491258090e+00 -2.9031652220e+00 -3.4234476110e+00  5.6605999710e+00  5.5396129710e+00  6.2158729310e+00
    6.2500000000e+00 -3.3485881190e+00 -2.9033337630e+00 -3.4321946370e+00  5.6340760640e+00  5.5131871680e+00  6.1823440280e+00
    6.2600000000e+00 -3.3479770580e+00 -2.9035573190e+00 -3.4407956870e+00  5.6077980560e+00  5.4867815870e+00  6.1484990590e+00
    6.2700000000e+00 -3.3472992980e+00 -2.9038062070e+00 -3.4491710410e+00  5.5817407820e+00  5.4603560290e+00  6.1143208110e+00
    6.2800000000e+00 -3.3465526030e+00 -2.9040442780e+00 -3.4572409240e+00  5.5558828310e+00  5.4338763670e+00  6.0798103150e+00
    6.2900000000e+00 -3.3457280670e+00 -2.9042294360e+00 -3.4649301710e+00  5.5302092190e+00  5.4073150820e+00  6.0449852330e+00
    6.3000000000e+00 -3.3448131590e+00 -2.9043140270e+00 -3.4721717700e+00  5.5047130610e+00  5.3806523180e+00  6.0098768820e+00
    6.3100000000e+00 -3.3437951040e+00 -2.9042456050e+00 -3.4789088360e+00  5.4793959830e+00  5.3538774910e+00  5.9745265510e+00
    6.3200000000e+00 -3.3426641130e+00 -2.9039685520e+00 -3.4850950200e+00  5.4542672610e+00  5.3269911350e+00  5.9389819210e+00
    6.3300000000e+00 -3.3414159520e+00 -2.9034267200e+00 -3.4906936910e+00  5.4293418430e+00  5.3000064080e+00  5.9032942170e+00
    6.3400000000e+00 -3.3400535030e+00 -2.9025669040e+00 -3.4956764820e+00  5.4046376550e+00  5.2729496660e+00  5.8675164680e+00
    6.3500000000e+00 -3.3385871540e+00 -2.9013426180e+00 -3.5000218600e+00  5.3801726580e+00  5.2458597080e+00  5.8317028970e+00
    6.3600000000e+00 -3.3370341030e+00 -2.8997175580e+00 -3.5037142540e+00  5.3559621290e+00  5.2187856240e+00  5.7959091380e+00
    6.3700000000e+00 -3.3354167970e+00 -2.8976681290e+00 -3.5067440500e+00  5.3320165160e+00  5.1917834840e+00  5.7601927970e+00
    6.3800000000e+00 -3.3337608340e+00 -2.8951846990e+00 -3.5091084490e+00  5.3083400940e+00  5.1649123700e+00  5.7246137490e+00
    6.3900000000e+00 -3.3320926660e+00 -2.8922713930e+00 -3.5108128780e+00  5.2849304670e+00  5.1382302830e+00  5.6892337320e+00
    6.4000000000e+00 -3.3304373860e+00 -2.8889445750e+00 -3.5118724640e+00  5.2617788920e+00  5.1117904870e+00  5.6541149570e+00
    6.4100000000e+00 -3.3288168500e+00 -2.8852302600e+00 -3.5123129760e+00  5.2388713060e+00  5.0856387450e+00  5.6193178280e+00
    6.4200000000e+00 -3.3272483340e+00 -2.8811609210e+00 -3.5121708100e+00  5.2161899020e+00  5.0598117370e+00  5.5848981070e+00
    6.4300000000e+00 -3.3257438760e+00 -2.8767722010e+00 -3.5114918090e+00  5.1937150260e+00  5.0343367920e+00  5.5509040900e+00
    6.4400000000e+00 -3.3243104000e+00 -2.8721000650e+00 -3.5103290200e+00  5.1714271510e+00  5.0092328150e+00  5.5173743580e+00
    6.4500000000e+00 -3.3229505910e+00 -2.8671788460e+00 -3.5087398230e+00  5.1493085840e+00  4.9845120710e+00  5.4843365370e+00
    6.4600000000e+00 -3.3216643740e+00 -2.8620404300e+00 -3.5067829700e+00  5.1273446390e+00  4.9601823270e+00  5.4518072210e+00
    6.4700000000e+00 -3.3204507190e+00 -2.8567145730e+00 -3.5045160730e+00  5.1055240420e+00  4.9362487450e+00  5.4197928560e+00
    6.4800000000e+00 -3.3193094160e+00 -2.8512300500e+00 -3.5019938720e+00  5.0838385150e+00  4.9127150410e+00  5.3882911970e+00
    6.4900000000e+00 -3.3182424730e+00 -2.8456161110e+00 -3.4992672910e+00  5.0622816200e+00  4.8895835980e+00  5.3572928480e+00
    6.5000000000e+00 -3.3172548870e+00 -2.8399036410e+00 -3.4963830850e+00  5.0408470770e+00  4.8668545460e+00  5.3267825390e+00
    6.5100000000e+00 -3.3163545960e+00 -2.8341255430e+00 -3.4933837450e+00  5.0195268640e+00  4.8445241350e+00  5.2967400090e+00
    6.5200000000e+00 -3.3155515870e+00 -2.8283160480e+00 -3.4903074170e+00  4.9983094240e+00  4.8225829190e+00  5.2671405490e+00
    6.5300000000e+00 -3.3148562450e+00 -2.8225090320e+00 -3.4871876560e+00  4.9771783240e+00  4.8010143270e+00  5.2379553520e+00
    6.5400000000e+00 -3.3142771380e+00 -2.8167356470e+00 -3.4840530020e+00  4.9561116720e+00  4.7797940630e+00  5.2091518120e+00
    6.5500000000e+00 -3.3138185920e+00 -2.8110217550e+00 -3.4809263400e+00  4.9350825160e+00  4.7588905330e+00  5.1806939060e+00
    6.5600000000e+00 -3.3134785010e+00 -2.8053856260e+00 -3.4778240990e+00  4.9140602750e+00  4.7382662580e+00  5.1525427930e+00
    6.5700000000e+00 -3.3132468340e+00 -2.7998362630e+00 -3.4747553740e+00  4.8930130510e+00  4.7178799920e+00  5.1246577750e+00
    6.5800000000e+00 -3.3131051940e+00 -2.7943725150e+00 -3.4717211830e+00  4.8719104370e+00  4.6976892230e+00  5.0969977210e+00
    6.5900000000e+00 -3.3130275560e+00 -2.7889829350e+00 -3.4687141400e+00  4.8507262750e+00  4.6776526980e+00  5.0695229290e+00
    6.6000000000e+00 -3.3129820240e+00 -2.7836462250e+00 -3.4657188000e+00  4.8294408240e+00  4.6577327820e+00  5.0421972000e+00
    6.6100000000e+00 -3.3129331630e+00 -2.7783320760e+00 -3.4627127690e+00  4.8080419780e+00  4.6378975860e+00  5.0149897710e+00
    6.6200000000e+00 -3.3128443730e+00 -2.7730022930e+00 -3.4596684430e+00  4.7865254300e+00  4.6181229640e+00  4.9878767390e+00
    6.6300000000e+00 -3.3126798390e+00 -2.7676122930e+00 -3.4565550840e+00  4.7648940350e+00  4.5983944860e+00  4.9608417120e+00
    6.6400000000e+00 -3.3124058300e+00 -2.7621131690e+00 -3.4533408010e+00  4.7431567430e+00  4.5787093470e+00  4.9338756530e+00
    6.6500000000e+00 -3.3119913780e+00 -2.7564545720e+00 -3.4499940760e+00  4.7213275070e+00  4.5590779800e+00  4.9069760900e+00
    6.6600000000e+00 -3.3114085540e+00 -2.7505884330e+00 -3.4464846130e+00  4.6994244070e+00  4.5395248580e+00  4.8801460300e+00
    6.6700000000e+00 -3.3106325830e+00 -2.7444732170e+00 -3.4427835100e+00  4.6774690190e+00  4.5200879840e+00  4.8533929880e+00
    6.6800000000e+00 -3.3096419190e+00 -2.7380780760e+00 -3.4388629410e+00  4.6554859710e+00  4.5008167190e+00  4.8267284940e+00
    6.6900000000e+00 -3.3084183220e+00 -2.7313860780e+00 -3.4346957530e+00  4.6335025930e+00  4.4817680260e+00  4.8001682500e+00
    6.7000000000e+00 -3.3069469140e+00 -2.7243958180e+00 -3.4302554000e+00  4.6115486770e+00  4.4630016400e+00  4.7737329210e+00
    6.7100000000e+00 -3.3052162600e+00 -2.7171210380e+00 -3.4255165800e+00  4.5896564000e+00  4.4445750080e+00  4.7474492560e+00
    6.7200000000e+00 -3.3032186190e+00 -2.7095883970e+00 -3.4204567510e+00  4.5678604310e+00  4.4265389010e+00  4.7213510910e+00
    6.7300000000e+00 -3.3009505460e+00 -2.7018339180e+00 -3.4150584330e+00  4.5461981160e+00  4.4089343950e+00  4.6954797130e+00
    6.7400000000e+00 -3.2984139700e+00 -2.6938988910e+00 -3.4093118960e+00  4.5247094780e+00  4.3917915540e+00  4.6698831660e+00
    6.7500000000e+00 -3.2956176270e+00 -2.6858259980e+00 -3.4032176950e+00  4.5034366770e+00  4.3751297150e+00  4.6446143280e+00
    6.7600000000e+00 -3.2925785540e+00 -2.6776562210e+00 -3.3967884000e+00  4.4824226930e+00  4.3589589810e+00  4.6197278740e+00
    6.7700000000e+00 -3.2893231760e+00 -2.6694267700e+00 -3.3900490300e+00  4.4617091820e+00  4.3432823790e+00  4.5952766040e+00
    6.7800000000e+00 -3.2858875740e+00 -2.6611700160e+00 -3.3830359730e+00  4.4413337400e+00  4.3280982060e+00  4.5713078070e+00
    6.7900000000e+00 -3.2823166910e+00 -2.6529132260e+00 -3.3757945640e+00  4.4213270130e+00  4.3134022270e+00  4.5478604020e+00
    6.8000000000e+00 -3.2786624870e+00 -2.6446788520e+00 -3.3683758660e+00  4.4017101180e+00  4.2991895960e+00  4.5249633920e+00
    6.8100000000e+00 -3.2749812760e+00 -2.6364851970e+00 -3.3608334060e+00  4.3824927690e+00  4.2854564880e+00  4.5026358260e+00
    6.8200000000e+00 -3.2713305620e+00 -2.6283473860e+00 -3.3532206150e+00  4.3636723480e+00  4.2722015060e+00  4.4808880100e+00
    6.8300000000e+00 -3.2677657610e+00 -2.6202786590e+00 -3.3455894440e+00  4.3452339640e+00  4.2594268610e+00  4.4597233500e+00
    6.8400000000e+00 -3.2643370820e+00 -2.6122920630e+00 -3.3379901920e+00  4.3271514760e+00  4.2471392780e+00  4.4391400840e+00
    6.8500000000e+00 -3.2610868550e+00 -2.6044025460e+00 -3.3304721870e+00  4.3093893610e+00  4.2353504160e+00  4.4191322630e+00
    6.8600000000e+00 -3.2580475130e+00 -2.5966293540e+00 -3.3230846470e+00  4.2919052510e+00  4.2240765740e+00  4.3996897080e+00
    6.8700000000e+00 -3.2552403910e+00 -2.5889984450e+00 -3.3158770590e+00  4.2746529570e+00  4.2133374840e+00  4.3807970810e+00
    6.8800000000e+00 -3.2526754930e+00 -2.5815445230e+00 -3.3088986230e+00  4.2575857070e+00  4.2031541450e+00  4.3624325870e+00
    6.8900000000e+00 -3.2503522750e+00 -2.5743122990e+00 -3.3021966900e+00  4.2406593010e+00  4.1935458830e+00  4.3445669570e+00
    6.9000000000e+00 -3.2482614330e+00 -2.5673567050e+00 -3.2958145290e+00  4.2238348060e+00  4.1845269670e+00  4.3271633050e+00
    6.9100000000e+00 -3.2463874690e+00 -2.5607419990e+00 -3.2897890360e+00  4.2070804260e+00  4.1761032210e+00  4.3101781260e+00
    6.9200000000e+00 -3.2447116930e+00 -2.5545398500e+00 -3.2841490330e+00  4.1903722460e+00  4.1682689580e+00  4.2935632930e+00
    6.9300000000e+00 -3.2432151090e+00 -2.5488265960e+00 -3.2789145880e+00  4.1736937300e+00  4.1610044900e+00  4.2772685960e+00
    6.9400000000e+00 -3.2418806360e+00 -2.5436798380e+00 -3.2740974550e+00  4.1570341560e+00  4.1542743630e+00  4.2612441870e+00
    6.9500000000e+00 -3.2406942320e+00 -2.5391745230e+00 -3.2697023290e+00  4.1403864270e+00  4.1480264390e+00  4.2454424150e+00
    6.9600000000e+00 -3.2396447680e+00 -2.5353786550e+00 -3.2657284460e+00  4.1237448990e+00  4.1421919790e+00  4.2298188340e+00
    6.9700000000e+00 -3.2387228870e+00 -2.5323488830e+00 -3.2621710480e+00  4.1071038680e+00  4.1366869410e+00  4.2143324940e+00
    6.9800000000e+00 -3.2379193460e+00 -2.5301263270e+00 -3.2590224980e+00  4.0904571190e+00  4.1314146110e+00  4.1989458330e+00
    6.9900000000e+00 -3.2372235300e+00 -2.5287331440e+00 -3.2562730810e+00  4.0737986450e+00  4.1262695830e+00  4.1836244710e+00
    7.0000000000e+00 -3.2366227370e+00 -2.5281703840e+00 -3.2539117030e+00  4.0571242440e+00  4.1211428420e+00  4.1683370500e+00
    7.0100000000e+00 -3.2361026160e+00 -2.5284175360e+00 -3.2519266670e+00  4.0404334460e+00  4.1159274300e+00  4.1530549880e+00
    7.0200000000e+00 -3.2356487910e+00 -2.5294339640e+00 -3.2503065140e+00  4.0237311000e+00  4.1105239970e+00  4.1377519140e+00
    7.0300000000e+00 -3.2352493830e+00 -2.5311620300e+00 -3.2490406540e+00  4.0070280290e+00  4.1048455050e+00  4.1224026330e+00
    7.0400000000e+00 -3.2348978540e+00 -2.5335314200e+00 -3.2481194380e+00  3.9903403700e+00  4.0988204940e+00  4.1069817030e+00
    7.0500000000e+00 -3.2345955110e+00 -2.5364639540e+00 -3.2475333750e+00  3.9736875320e+00  4.0923946320e+00  4.0914619890e+00
    7.0600000000e+00 -3.2343530320e+00 -2.5398781630e+00 -3.2472715420e+00  3.9570890650e+00  4.0855306450e+00  4.0758137240e+00
    7.0700000000e+00 -3.2341905870e+00 -2.5436930700e+00 -3.2473195130e+00  3.9405609520e+00  4.0782070050e+00  4.0600045200e+00
    7.0800000000e+00 -3.2341364160e+00 -2.5478309150e+00 -3.2476573990e+00  3.9241119890e+00  4.0704159250e+00  4.0440004820e+00
    7.0900000000e+00 -3.2342240230e+00 -2.5522188330e+00 -3.2482585650e+00  3.9077409180e+00  4.0621612120e+00  4.0277682520e+00
    7.1000000000e+00 -3.2344884240e+00 -2.5567897230e+00 -3.2490893760e+00  3.8914347920e+00  4.0534563720e+00  4.0112775110e+00
    7.1100000000e+00 -3.2349619950e+00 -2.5614826640e+00 -3.2501100580e+00  3.8751688660e+00  4.0443232000e+00  3.9945034020e+00
    7.1200000000e+00 -3.2356705620e+00 -2.5662432710e+00 -3.2512764530e+00  3.8589080200e+00  4.0347908590e+00  3.9774283880e+00
    7.1300000000e+00 -3.2366302960e+00 -2.5710242770e+00 -3.2525423060e+00  3.8426095000e+00  4.0248952690e+00  3.9600432630e+00
    7.1400000000e+00 -3.2378458150e+00 -2.5757865120e+00 -3.2538616560e+00  3.8262265690e+00  4.0146784940e+00  3.9423472390e+00
    7.1500000000e+00 -3.2393097470e+00 -2.5805002130e+00 -3.2551909690e+00  3.8097125490e+00  4.0041877790e+00  3.9243472150e+00
    7.1600000000e+00 -3.2410037850e+00 -2.5851464180e+00 -3.2564907310e+00  3.7930246750e+00  3.9934739800e+00  3.9060564570e+00
    7.1700000000e+00 -3.2429010430e+00 -2.5897180620e+00 -3.2577263950e+00  3.7761272410e+00  3.9825893140e+00  3.8874930060e+00
    7.1800000000e+00 -3.2449693630e+00 -2.5942204310e+00 -3.2588687070e+00  3.7589935780e+00  3.9715845770e+00  3.8686780980e+00
    7.1900000000e+00 -3.2471750460e+00 -2.5986707230e+00 -3.2598935530e+00  3.7416065910e+00  3.9605061370e+00  3.8496348090e+00
    7.2000000000e+00 -3.2494863950e+00 -2.6030966970e+00 -3.2607815310e+00  3.7239577850e+00  3.9493931110e+00  3.8303870350e+00
    7.2100000000e+00 -3.2518764740e+00 -2.6075345340e+00 -3.2615174260e+00  3.7060449950e+00  3.9382750270e+00  3.8109587940e+00
    7.2200000000e+00 -3.2543246120e+00 -2.6120261870e+00 -3.2620897040e+00  3.6878692640e+00  3.9271702160e+00  3.7913737780e+00
    7.2300000000e+00 -3.2568164320e+00 -2.6166164790e+00 -3.2624900800e+00  3.6694314950e+00  3.9160849820e+00  3.7716550700e+00
    7.2400000000e+00 -3.2593424880e+00 -2.6213502190e+00 -3.2627131750e+00  3.6507295180e+00  3.9050135440e+00  3.7518249690e+00
    7.2500000000e+00 -3.2618958620e+00 -2.6262695160e+00 -3.2627562610e+00  3.6317560870e+00  3.8939386220e+00  3.7319048830e+00
    7.2600000000e+00 -3.2644692490e+00 -2.6314114080e+00 -3.2626191320e+00  3.6124981020e+00  3.8828325470e+00  3.7119152520e+00
    7.2700000000e+00 -3.2670520650e+00 -2.6368058670e+00 -3.2623041030e+00  3.5929370820e+00  3.8716587700e+00  3.6918753910e+00
    7.2800000000e+00 -3.2696280580e+00 -2.6424742020e+00 -3.2618160720e+00  3.5730506800e+00  3.8603736500e+00  3.6718031820e+00
    7.2900000000e+00 -3.2721737310e+00 -2.6484278330e+00 -3.2611625110e+00  3.5528149280e+00  3.8489284350e+00  3.6517145170e+00
    7.3000000000e+00 -3.2746576870e+00 -2.6546674410e+00 -3.2603532000e+00  3.5322068000e+00  3.8372714100e+00  3.6316225660e+00
    7.3100000000e+00 -3.2770409000e+00 -2.6611824660e+00 -3.2593995430e+00  3.5112067470e+00  3.8253501810e+00  3.6115370320e+00
    7.3200000000e+00 -3.2792777380e+00 -2.6679510150e+00 -3.2583134860e+00  3.4898009020e+00  3.8131141040e+00  3.5914636680e+00
    7.3300000000e+00 -3.2813175250e+00 -2.6749402670e+00 -3.2571061900e+00  3.4679827800e+00  3.8005168310e+00  3.5714042990e+00
    7.3400000000e+00 -3.2831064100e+00 -2.6821074790e+00 -3.2557867790e+00  3.4457544010e+00  3.7875189000e+00  3.5513574560e+00
    7.3500000000e+00 -3.2845893450e+00 -2.6894017360e+00 -3.2543615000e+00  3.4231268460e+00  3.7740901720e+00  3.5313195060e+00
    7.3600000000e+00 -3.2857120090e+00 -2.6967664750e+00 -3.2528335120e+00  3.4001203180e+00  3.7602118580e+00  3.5112860000e+00
    7.3700000000e+00 -3.2864226040e+00 -2.7041427060e+00 -3.2512033240e+00  3.3767638000e+00  3.7458777670e+00  3.4912528440e+00
    7.3800000000e+00 -3.2866734410e+00 -2.7114726310e+00 -3.2494696370e+00  3.3530943680e+00  3.7310944720e+00  3.4712169980e+00
    7.3900000000e+00 -3.2864222900e+00 -2.7187031980e+00 -3.2476302730e+00  3.3291562620e+00  3.7158801830e+00  3.4511765580e+00
    7.4000000000e+00 -3.2856334720e+00 -2.7257890160e+00 -3.2456828000e+00  3.3049997810e+00  3.7002624210e+00  3.4311303570e+00
    7.4100000000e+00 -3.2842786990e+00 -2.7326941470e+00 -3.2436246820e+00  3.2806800920e+00  3.6842748520e+00  3.4110773480e+00
    7.4200000000e+00 -3.2823377350e+00 -2.7393925040e+00 -3.2414529270e+00  3.2562559780e+00  3.6679538810e+00  3.3910161250e+00
    7.4300000000e+00 -3.2797989010e+00 -2.7458669620e+00 -3.2391634480e+00  3.2317885410e+00  3.6513356640e+00  3.3709448250e+00
    7.4400000000e+00 -3.2766594300e+00 -2.7521075890e+00 -3.2367504200e+00  3.2073397690e+00  3.6344540390e+00  3.3508615040e+00
    7.4500000000e+00 -3.2729256070e+00 -2.7581095870e+00 -3.2342058900e+00  3.1829709680e+00  3.6173395820e+00  3.3307648840e+00
    7.4600000000e+00 -3.2686125540e+00 -2.7638715490e+00 -3.2315197850e+00  3.1587410500e+00  3.6000196360e+00  3.3106552750e+00
    7.4700000000e+00 -3.2637435570e+00 -2.7693943670e+00 -3.2286803350e+00  3.1347048150e+00  3.5825189000e+00  3.2905354470e+00
    7.4800000000e+00 -3.2583488870e+00 -2.7746808650e+00 -3.2256747830e+00  3.1109114180e+00  3.5648600580e+00  3.2704112930e+00
    7.4900000000e+00 -3.2524641840e+00 -2.7797359060e+00 -3.2224902730e+00  3.0874032550e+00  3.5470640910e+00  3.2502922340e+00
    7.5000000000e+00 -3.2461286160e+00 -2.7845666050e+00 -3.2191148150e+00  3.0642154390e+00  3.5291501050e+00  3.2301913780e+00
    7.5100000000e+00 -3.2393830600e+00 -2.7891823160e+00 -3.2155383000e+00  3.0413758990e+00  3.5111348270e+00  3.2101254440e+00
    7.5200000000e+00 -3.2322686010e+00 -2.7935942650e+00 -3.2117535500e+00  3.0189060460e+00  3.4930320130e+00  3.1901144340e+00
    7.5300000000e+00 -3.2248254970e+00 -2.7978148780e+00 -3.2077573540e+00  2.9968217590e+00  3.4748520310e+00  3.1701809690e+00
    7.5400000000e+00 -3.2170926870e+00 -2.8018570300e+00 -3.2035513520e+00  2.9751344670e+00  3.4566017160e+00  3.1503492470e+00
    7.5500000000e+00 -3.2091077550e+00 -2.8057333400e+00 -3.1991425680e+00  2.9538520690e+00  3.4382844340e+00  3.1306436380e+00
    7.5600000000e+00 -3.2009071930e+00 -2.8094555960e+00 -3.1945434280e+00  2.9329795540e+00  3.4199002300e+00  3.1110870970e+00
    7.5700000000e+00 -3.1925267570e+00 -2.8130341930e+00 -3.1897711730e+00  2.9125192540e+00  3.4014459300e+00  3.0916996210e+00
    7.5800000000e+00 -3.1840017540e+00 -2.8164774600e+00 -3.1848467650e+00  2.8924707910e+00  3.3829152580e+00  3.0724970440e+00
    7.5900000000e+00 -3.1753671260e+00 -2.8197907820e+00 -3.1797934590e+00  2.8728308170e+00  3.3642991080e+00  3.0534903440e+00
    7.6000000000e+00 -3.1666573080e+00 -2.8229756110e+00 -3.1746353480e+00  2.8535926710e+00  3.3455861850e+00  3.0346855360e+00
    7.6100000000e+00 -3.1579058480e+00 -2.8260285850e+00 -3.1693961030e+00  2.8347460830e+00  3.3267641430e+00  3.0160840600e+00
    7.6200000000e+00 -3.1491448800e+00 -2.8289410540e+00 -3.1640980930e+00  2.8162769820e+00  3.3078211890e+00  2.9976834820e+00
    7.6300000000e+00 -3.1404044760e+00 -2.8316992750e+00 -3.1587619160e+00  2.7981674560e+00  3.2887479180e+00  2.9794782900e+00
    7.6400000000e+00 -3.1317119370e+00 -2.8342853520e+00 -3.1534063030e+00  2.7803958620e+00  3.2695390340e+00  2.9614605700e+00
    7.6500000000e+00 -3.1230910430e+00 -2.8366788170e+00 -3.1480482200e+00  2.7629371070e+00  3.2501946210e+00  2.9436204310e+00
    7.6600000000e+00 -3.1145612870e+00 -2.8388585740e+00 -3.1427029880e+00  2.7457631340e+00  3.2307207090e+00  2.9259461250e+00
    7.6700000000e+00 -3.1061371410e+00 -2.8408048780e+00 -3.1373842100e+00  2.7288436340e+00  3.2111290920e+00  2.9084239450e+00
    7.6800000000e+00 -3.0978274480e+00 -2.8425010460e+00 -3.1321033880e+00  2.7121470410e+00  3.1914364750e+00  2.8910380750e+00
    7.6900000000e+00 -3.0896350600e+00 -2.8439347220e+00 -3.1268692100e+00  2.6956417830e+00  3.1716631600e+00  2.8737706450e+00
    7.7000000000e+00 -3.0815568530e+00 -2.8450985950e+00 -3.1216866780e+00  2.6792976970e+00  3.1518314530e+00  2.8566022160e+00
    7.7100000000e+00 -3.0735841880e+00 -2.8459905700e+00 -3.1165563830e+00  2.6630874710e+00  3.1319640070e+00  2.8395127950e+00
    7.7200000000e+00 -3.0657038400e+00 -2.8466134150e+00 -3.1114742310e+00  2.6469879140e+00  3.1120822330e+00  2.8224832700e+00
    7.7300000000e+00 -3.0578992860e+00 -2.8469739210e+00 -3.1064318670e+00  2.6309808920e+00  3.0922049420e+00  2.8054969650e+00
    7.7400000000e+00 -3.0501522020e+00 -2.8470816820e+00 -3.1014177850e+00  2.6150538120e+00  3.0723473540e+00  2.7885409160e+00
    7.7500000000e+00 -3.0424439890e+00 -2.8469475990e+00 -3.0964188790e+00  2.5991996320e+00  3.0525206070e+00  2.7716065240e+00
    7.7600000000e+00 -3.0347571830e+00 -2.8465823350e+00 -3.0914220720e+00  2.5834164520e+00  3.0327318430e+00  2.7546894670e+00
    7.7700000000e+00 -3.0270766380e+00 -2.8459949410e+00 -3.0864156040e+00  2.5677067730e+00  3.0129848710e+00  2.7377889770e+00
    7.7800000000e+00 -3.0193904360e+00 -2.8451918730e+00 -3.0813897960e+00  2.5520765000e+00  2.9932812920e+00  2.7209067730e+00
    7.7900000000e+00 -3.0116904970e+00 -2.8441765720e+00 -3.0763372430e+00  2.5365337850e+00  2.9736218670e+00  2.7040459850e+00
    7.8000000000e+00 -3.0039728540e+00 -2.8429496340e+00 -3.0712526150e+00  2.5210877460e+00  2.9540078810e+00  2.6872103030e+00
    7.8100000000e+00 -2.9962375510e+00 -2.8415094890e+00 -3.0661322750e+00  2.5057471550e+00  2.9344422180e+00  2.6704034280e+00
    7.8200000000e+00 -2.9884881280e+00 -2.8398533740e+00 -3.0609738850e+00  2.4905192070e+00  2.9149300010e+00  2.6536287870e+00
    7.8300000000e+00 -2.9807307240e+00 -2.8379783350e+00 -3.0557760710e+00  2.4754085130e+00  2.8954787370e+00  2.6368893950e+00
    7.8400000000e+00 -2.9729728690e+00 -2.8358820540e+00 -3.0505381460e+00  2.4604164840e+00  2.8760981060e+00  2.6201878140e+00
    7.8500000000e+00 -2.9652221360e+00 -2.8335633790e+00 -3.0452598720e+00  2.4455411900e+00  2.8567995750e+00  2.6035261830e+00
    7.8600000000e+00 -2.9574848660e+00 -2.8310226170e+00 -3.0399412750e+00  2.4307777660e+00  2.8375960460e+00  2.5869063380e+00
    7.8700000000e+00 -2.9497651710e+00 -2.8282617450e+00 -3.0345825850e+00  2.4161192650e+00  2.8185016430e+00  2.5703300230e+00
    7.8800000000e+00 -2.9420644040e+00 -2.8252846970e+00 -3.0291843700e+00  2.4015578240e+00  2.7995315900e+00  2.5537991170e+00
    7.8900000000e+00 -2.9343811670e+00 -2.8220978230e+00 -3.0237478820e+00  2.3870859020e+00  2.7807020420e+00  2.5373157210e+00
    7.9000000000e+00 -2.9267118510e+00 -2.8187104590e+00 -3.0182755400e+00  2.3726973430e+00  2.7620296990e+00  2.5208819750e+00
    7.9100000000e+00 -2.9190515470e+00 -2.8151354650e+00 -3.0127713280e+00  2.3583880520e+00  2.7435310940e+00  2.5044994810e+00
    7.9200000000e+00 -2.9113951210e+00 -2.8113895250e+00 -3.0072408860e+00  2.3441561600e+00  2.7252215910e+00  2.4881684040e+00
    7.9300000000e+00 -2.9037381790e+00 -2.8074930680e+00 -3.0016910610e+00  2.3300016820e+00  2.7071142130e+00  2.4718864400e+00
    7.9400000000e+00 -2.8960777310e+00 -2.8034697570e+00 -2.9961288590e+00  2.3159257720e+00  2.6892185010e+00  2.4556479750e+00
    7.9500000000e+00 -2.8884123710e+00 -2.7993455910e+00 -2.9905599290e+00  2.3019297840e+00  2.6715395700e+00  2.4394437780e+00
    7.9600000000e+00 -2.8807419700e+00 -2.7951477410e+00 -2.9849868860e+00  2.2880143790e+00  2.6540775090e+00  2.4232614650e+00
    7.9700000000e+00 -2.8730669440e+00 -2.7909032800e+00 -2.9794079080e+00  2.2741789220e+00  2.6368271670e+00  2.4070867590e+00
    7.9800000000e+00 -2.8653873020e+00 -2.7866379500e+00 -2.9738159830e+00  2.2604213290e+00  2.6197783300e+00  2.3909053610e+00
    7.9900000000e+00 -2.8577017050e+00 -2.7823750960e+00 -2.9681990450e+00  2.2467384230e+00  2.6029161960e+00  2.3747050190e+00
    8.0000000000e+00 -2.8500067820e+00 -2.7781348350e+00 -2.9625410000e+00  2.2331267470e+00  2.5862220470e+00  2.3584773790e+00
    8.0100000000e+00 -2.8422968840e+00 -2.7739334510e+00 -2.9568234010e+00  2.2195836460e+00  2.5696739910e+00  2.3422192070e+00
    8.0200000000e+00 -2.8345643550e+00 -2.7697829550e+00 -2.9510274190e+00  2.2061084250e+00  2.5532476960e+00  2.3259328120e+00
    8.0300000000e+00 -2.8268002990e+00 -2.7656907220e+00 -2.9451356960e+00  2.1927033390e+00  2.5369171150e+00  2.3096256790e+00
    8.0400000000e+00 -2.8189957510e+00 -2.7616591580e+00 -2.9391338010e+00  2.1793742360e+00  2.5206552440e+00  2.2933095040e+00
    8.0500000000e+00 -2.8111430850e+00 -2.7576854060e+00 -2.9330111460e+00  2.1661307040e+00  2.5044349990e+00  2.2769989040e+00
    8.0600000000e+00 -2.8032374530e+00 -2.7537611770e+00 -2.9267613640e+00  2.1529856720e+00  2.4882302730e+00  2.2607100810e+00
    8.0700000000e+00 -2.7952780510e+00 -2.7498728260e+00 -2.9203822720e+00  2.1399544440e+00  2.4720171470e+00  2.2444595990e+00
    8.0800000000e+00 -2.7872689940e+00 -2.7460017800e+00 -2.9138755560e+00  2.1270532900e+00  2.4557751700e+00  2.2282633820e+00
    8.0900000000e+00 -2.7792196530e+00 -2.7421253480e+00 -2.9072463270e+00  2.1142977170e+00  2.4394885700e+00  2.2121359180e+00
    8.1000000000e+00 -2.7711443330e+00 -2.7382179140e+00 -2.9005026050e+00  2.1017006690e+00  2.4231472340e+00  2.1960896270e+00
    8.1100000000e+00 -2.7630613050e+00 -2.7342524060e+00 -2.8936547690e+00  2.0892708880e+00  2.4067473390e+00  2.1801343200e+00
    8.1200000000e+00 -2.7549912540e+00 -2.7302019100e+00 -2.8867149240e+00  2.0770116870e+00  2.3902915460e+00  2.1642767160e+00
    8.1300000000e+00 -2.7469553490e+00 -2.7260412940e+00 -2.8796961400e+00  2.0649203630e+00  2.3737887210e+00  2.1485200450e+00
    8.1400000000e+00 -2.7389731920e+00 -2.7217486890e+00 -2.8726115230e+00  2.0529883440e+00  2.3572532180e+00  2.1328637880e+00
    8.1500000000e+00 -2.7310609750e+00 -2.7173066800e+00 -2.8654731570e+00  2.0412020890e+00  2.3407037900e+00  2.1173036800e+00
    8.1600000000e+00 -2.7232301030e+00 -2.7127031510e+00 -2.8582909770e+00  2.0295445750e+00  2.3241622290e+00  2.1018320350e+00
    8.1700000000e+00 -2.7154864720e+00 -2.7079316810e+00 -2.8510717350e+00  2.0179971260e+00  2.3076518760e+00  2.0864384670e+00
    8.1800000000e+00 -2.7078304420e+00 -2.7029915360e+00 -2.8438181750e+00  2.0065412950e+00  2.2911961350e+00  2.0711109660e+00
    8.1900000000e+00 -2.7002574120e+00 -2.6978872530e+00 -2.8365285910e+00  1.9951605520e+00  2.2748171190e+00  2.0558372750e+00
    8.2000000000e+00 -2.6927588500e+00 -2.6926279340e+00 -2.8291968770e+00  1.9838416180e+00  2.2585345260e+00  2.0406064340e+00
    8.2100000000e+00 -2.6853236000e+00 -2.6872263410e+00 -2.8218131550e+00  1.9725753660e+00  2.2423648100e+00  2.0254102860e+00
    8.2200000000e+00 -2.6779393290e+00 -2.6816979180e+00 -2.8143649950e+00  1.9613572890e+00  2.2263206340e+00  2.0102447200e+00
    8.2300000000e+00 -2.6705940040e+00 -2.6760598030e+00 -2.8068390810e+00  1.9501875500e+00  2.2104105640e+00  1.9951103590e+00
    8.2400000000e+00 -2.6632773110e+00 -2.6703298720e+00 -2.7992230940e+00  1.9390706170e+00  2.1946389510e+00  1.9800125210e+00
    8.2500000000e+00 -2.6559819160e+00 -2.6645257890e+00 -2.7915074240e+00  1.9280145240e+00  2.1790059670e+00  1.9649603760e+00
    8.2600000000e+00 -2.6487044750e+00 -2.6586640660e+00 -2.7836863710e+00  1.9170297780e+00  2.1635078230e+00  1.9499654360e+00
    8.2700000000e+00 -2.6414462920e+00 -2.6527591470e+00 -2.7757585510e+00  1.9061280150e+00  2.1481371960e+00  1.9350396910e+00
    8.2800000000e+00 -2.6342135700e+00 -2.6468226070e+00 -2.7677264430e+00  1.8953204960e+00  2.1328839140e+00  1.9201937840e+00
    8.2900000000e+00 -2.6270172180e+00 -2.6408625580e+00 -2.7595951860e+00  1.8846165560e+00  2.1177358490e+00  1.9054356300e+00
    8.3000000000e+00 -2.6198722110e+00 -2.6348833500e+00 -2.7513709400e+00  1.8740221300e+00  2.1026799460e+00  1.8907697470e+00
    8.3100000000e+00 -2.6127965200e+00 -2.6288855870e+00 -2.7430591780e+00  1.8635384690e+00  2.0877032520e+00  1.8761974080e+00
    8.3200000000e+00 -2.6058096340e+00 -2.6228664130e+00 -2.7346632870e+00  1.8531611620e+00  2.0727938500e+00  1.8617175200e+00
    8.3300000000e+00 -2.5989307590e+00 -2.6168199860e+00 -2.7261837430e+00  1.8428796280e+00  2.0579416220e+00  1.8473279840e+00
    8.3400000000e+00 -2.5921768300e+00 -2.6107380660e+00 -2.7176179920e+00  1.8326771990e+00  2.0431388370e+00  1.8330272280e+00
    8.3500000000e+00 -2.5855605760e+00 -2.6046106380e+00 -2.7089609670e+00  1.8225318880e+00  2.0283805850e+00  1.8188155740e+00
    8.3600000000e+00 -2.5790888760e+00 -2.5984265630e+00 -2.7002060980e+00  1.8124178080e+00  2.0136651160e+00  1.8046962250e+00
    8.3700000000e+00 -2.5727616800e+00 -2.5921742660e+00 -2.6913465420e+00  1.8023071170e+00  1.9989940990e+00  1.7906757420e+00
    8.3800000000e+00 -2.5665716310e+00 -2.5858425090e+00 -2.6823764500e+00  1.7921722340e+00  1.9843728250e+00  1.7767640420e+00
    8.3900000000e+00 -2.5605044710e+00 -2.5794212960e+00 -2.6732920740e+00  1.7819880540e+00  1.9698103100e+00  1.7629739890e+00
    8.4000000000e+00 -2.5545401350e+00 -2.5729029420e+00 -2.6640926640e+00  1.7717338780e+00  1.9553191980e+00  1.7493207160e+00
    8.4100000000e+00 -2.5486543880e+00 -2.5662832770e+00 -2.6547811360e+00  1.7613948530e+00  1.9409153470e+00  1.7358207570e+00
    8.4200000000e+00 -2.5428207960e+00 -2.5595628620e+00 -2.6453645040e+00  1.7509627880e+00  1.9266169760e+00  1.7224910360e+00
    8.4300000000e+00 -2.5370128070e+00 -2.5527480250e+00 -2.6358540710e+00  1.7404362880e+00  1.9124432730e+00  1.7093477370e+00
    8.4400000000e+00 -2.5312057150e+00 -2.5458514520e+00 -2.6262653060e+00  1.7298202100e+00  1.8984125440e+00  1.6964050770e+00
    8.4500000000e+00 -2.5253782800e+00 -2.5388921010e+00 -2.6166173280e+00  1.7191245250e+00  1.8845400540e+00  1.6836740700e+00
    8.4600000000e+00 -2.5195138220e+00 -2.5318943030e+00 -2.6069319580e+00  1.7083627350e+00  1.8708358590e+00  1.6711614440e+00
    8.4700000000e+00 -2.5136006530e+00 -2.5248860630e+00 -2.5972323900e+00  1.6975500810e+00  1.8573030020e+00  1.6588689030e+00
    8.4800000000e+00 -2.5076318210e+00 -2.5178967540e+00 -2.5875416220e+00  1.6867017930e+00  1.8439363590e+00  1.6467928900e+00
    8.4900000000e+00 -2.5016042350e+00 -2.5109544970e+00 -2.5778809020e+00  1.6758316790e+00  1.8307223460e+00  1.6349249560e+00
    8.5000000000e+00 -2.4955173800e+00 -2.5040835890e+00 -2.5682684280e+00  1.6649512440e+00  1.8176395230e+00  1.6232526540e+00
    8.5100000000e+00 -2.4893718830e+00 -2.4973022770e+00 -2.5587185190e+00  1.6540694680e+00  1.8046599900e+00  1.6117608100e+00
    8.5200000000e+00 -2.4831682200e+00 -2.4906211140e+00 -2.5492413410e+00  1.6431932250e+00  1.7917513850e+00  1.6004329210e+00
    8.5300000000e+00 -2.4769058190e+00 -2.4840420210e+00 -2.5398431560e+00  1.6323282120e+00  1.7788792190e+00  1.5892524240e+00
    8.5400000000e+00 -2.4705827550e+00 -2.4775580790e+00 -2.5305269580e+00  1.6214801620e+00  1.7660093460e+00  1.5782036560e+00
    8.5500000000e+00 -2.4641960770e+00 -2.4711540310e+00 -2.5212932830e+00  1.6106560450e+00  1.7531103130e+00  1.5672724090e+00
    8.5600000000e+00 -2.4577427260e+00 -2.4648074000e+00 -2.5121410080e+00  1.5998649780e+00  1.7401554230e+00  1.5564461070e+00
    8.5700000000e+00 -2.4512208340e+00 -2.4584901060e+00 -2.5030679880e+00  1.5891185930e+00  1.7271243500e+00  1.5457136950e+00
    8.5800000000e+00 -2.4446311350e+00 -2.4521703960e+00 -2.4940714770e+00  1.5784307440e+00  1.7140042060e+00  1.5350653940e+00
    8.5900000000e+00 -2.4379781660e+00 -2.4458149280e+00 -2.4851483590e+00  1.5678165510e+00  1.7007900030e+00  1.5244924380e+00
    8.6000000000e+00 -2.4312709970e+00 -2.4393908060e+00 -2.4762952600e+00  1.5572909570e+00  1.6874845370e+00  1.5139868540e+00
    8.6100000000e+00 -2.4245232940e+00 -2.4328674250e+00 -2.4675086010e+00  1.5468670220e+00  1.6740977500e+00  1.5035412850e+00
    8.6200000000e+00 -2.4177527040e+00 -2.4262180030e+00 -2.4587846290e+00  1.5365542900e+00  1.6606456760e+00  1.4931488230e+00
    8.6300000000e+00 -2.4109796260e+00 -2.4194207200e+00 -2.4501193880e+00  1.5263574640e+00  1.6471490780e+00  1.4828028220e+00
    8.6400000000e+00 -2.4042255680e+00 -2.4124594010e+00 -2.4415085790e+00  1.5162756360e+00  1.6336319050e+00  1.4724967030e+00
    8.6500000000e+00 -2.3975113400e+00 -2.4053237300e+00 -2.4329472800e+00  1.5063021480e+00  1.6201197120e+00  1.4622238370e+00
    8.6600000000e+00 -2.3908553250e+00 -2.3980090080e+00 -2.4244295550e+00  1.4964250910e+00  1.6066381990e+00  1.4519776030e+00
    8.6700000000e+00 -2.3842720650e+00 -2.3905155510e+00 -2.4159480590e+00  1.4866283550e+00  1.5932120110e+00  1.4417516960e+00
    8.6800000000e+00 -2.3777713090e+00 -2.3828478660e+00 -2.4074937880e+00  1.4768930430e+00  1.5798638880e+00  1.4315406910e+00
    8.6900000000e+00 -2.3713576140e+00 -2.3750137880e+00 -2.3990561150e+00  1.4671990660e+00  1.5666141890e+00  1.4213407730e+00
    8.7000000000e+00 -2.3650304770e+00 -2.3670237180e+00 -2.3906231910e+00  1.4575266960e+00  1.5534807050e+00  1.4111504710e+00
    8.7100000000e+00 -2.3587849430e+00 -2.3588900460e+00 -2.3821826820e+00  1.4478579210e+00  1.5404786340e+00  1.4009712020e+00
    8.7200000000e+00 -2.3526125440e+00 -2.3506267450e+00 -2.3737227350e+00  1.4381774570e+00  1.5276205740e+00  1.3908074930e+00
    8.7300000000e+00 -2.3465024460e+00 -2.3422490470e+00 -2.3652329920e+00  1.4284733640e+00  1.5149164540e+00  1.3806667770e+00
    8.7400000000e+00 -2.3404426300e+00 -2.3337731000e+00 -2.3567054660e+00  1.4187372550e+00  1.5023733810e+00  1.3705588020e+00
    8.7500000000e+00 -2.3344209950e+00 -2.3252155260e+00 -2.3481351110e+00  1.4089641080e+00  1.4899954700e+00  1.3604947400e+00
    8.7600000000e+00 -2.3284262540e+00 -2.3165928500e+00 -2.3395200030e+00  1.3991517940e+00  1.4777837490e+00  1.3504861540e+00
    8.7700000000e+00 -2.3224485550e+00 -2.3079208580e+00 -2.3308610900e+00  1.3893003930e+00  1.4657362050e+00  1.3405440300e+00
    8.7800000000e+00 -2.3164798180e+00 -2.2992139500e+00 -2.3221616110e+00  1.3794114420e+00  1.4538480300e+00  1.3306780230e+00
    8.7900000000e+00 -2.3105138030e+00 -2.2904845830e+00 -2.3134263200e+00  1.3694872250e+00  1.4421120180e+00  1.3208960740e+00
    8.8000000000e+00 -2.3045459960e+00 -2.2817428180e+00 -2.3046607070e+00  1.3595301440e+00  1.4305190930e+00  1.3112043980e+00
    8.8100000000e+00 -2.2985733690e+00 -2.2729960130e+00 -2.2958703980e+00  1.3495422080e+00  1.4190588900e+00  1.3016078060e+00
    8.8200000000e+00 -2.2925940580e+00 -2.2642486090e+00 -2.2870608620e+00  1.3395246250e+00  1.4077203890e+00  1.2921101960e+00
    8.8300000000e+00 -2.2866069560e+00 -2.2555020290e+00 -2.2782374390e+00  1.3294774650e+00  1.3964926050e+00  1.2827150390e+00
    8.8400000000e+00 -2.2806112160e+00 -2.2467546980e+00 -2.2694056290e+00  1.3193994500e+00  1.3853653380e+00  1.2734257020e+00
    8.8500000000e+00 -2.2746056850e+00 -2.2380022770e+00 -2.2605715030e+00  1.3092878820e+00  1.3743300020e+00  1.2642454890e+00
    8.8600000000e+00 -2.2685883110e+00 -2.2292381520e+00 -2.2517420690e+00  1.2991387840e+00  1.3633804360e+00  1.2551774200e+00
    8.8700000000e+00 -2.2625556170e+00 -2.2204542290e+00 -2.2429254540e+00  1.2889472450e+00  1.3525136020e+00  1.2462237870e+00
    8.8800000000e+00 -2.2565023310e+00 -2.2116420070e+00 -2.2341308280e+00  1.2787079310e+00  1.3417300180e+00  1.2373856450e+00
    8.8900000000e+00 -2.2504211990e+00 -2.2027938090e+00 -2.2253680650e+00  1.2684157010e+00  1.3310338070e+00  1.2286623670e+00
    8.9000000000e+00 -2.2443030120e+00 -2.1939040230e+00 -2.2166472210e+00  1.2580662190e+00  1.3204322840e+00  1.2200514070e+00
    8.9100000000e+00 -2.2381367990e+00 -2.1849701560e+00 -2.2079779700e+00  1.2476565370e+00  1.3099351110e+00  1.2115483110e+00
    8.9200000000e+00 -2.2319101590e+00 -2.1759935350e+00 -2.1993691310e+00  1.2371855780e+00  1.2995530850e+00  1.2031469710e+00
    8.9300000000e+00 -2.2256096920e+00 -2.1669795340e+00 -2.1908283880e+00  1.2266545330e+00  1.2892967350e+00  1.1948400200e+00
    8.9400000000e+00 -2.2192215030e+00 -2.1579372810e+00 -2.1823622520e+00  1.2160671440e+00  1.2791749280e+00  1.1866192250e+00
    8.9500000000e+00 -2.2127317710e+00 -2.1488788920e+00 -2.1739761850e+00  1.2054298900e+00  1.2691936690e+00  1.1784757670e+00
    8.9600000000e+00 -2.2061273440e+00 -2.1398183440e+00 -2.1656748050e+00  1.1947520490e+00  1.2593552560e+00  1.1704003260e+00
    8.9700000000e+00 -2.1993963870e+00 -2.1307701580e+00 -2.1574620220e+00  1.1840456530e+00  1.2496578880e+00  1.1623829750e+00
    8.9800000000e+00 -2.1925290330e+00 -2.1217480530e+00 -2.1493410120e+00  1.1733252940e+00  1.2400957400e+00  1.1544129600e+00
    8.9900000000e+00 -2.1855180470e+00 -2.1127637420e+00 -2.1413139780e+00  1.1626077830e+00  1.2306594670e+00  1.1464784840e+00
    9.0000000000e+00 -2.1783594470e+00 -2.1038259890e+00 -2.1333817300e+00  1.1519116150e+00  1.2213370600e+00  1.1385666120e+00
    9.0100000000e+00 -2.1710530340e+00 -2.0949400160e+00 -2.1255431650e+00  1.1412562430e+00  1.2121149230e+00  1.1306634040e+00
    9.0200000000e+00 -2.1636027480e+00 -2.0861073140e+00 -2.1177947770e+00  1.1306611440e+00  1.2029790490e+00  1.1227542770e+00
    9.0300000000e+00 -2.1560167740e+00 -2.0773258440e+00 -2.1101302980e+00  1.1201447400e+00  1.1939161510e+00  1.1148245980e+00
    9.0400000000e+00 -2.1483073180e+00 -2.0685905870e+00 -2.1025405720e+00  1.1097232360e+00  1.1849146030e+00  1.1068603880e+00
    9.0500000000e+00 -2.1404900130e+00 -2.0598943380e+00 -2.0950136610e+00  1.0994095000e+00  1.1759650990e+00  1.0988490540e+00
    9.0600000000e+00 -2.1325829590e+00 -2.0512286020e+00 -2.0875351740e+00  1.0892121240e+00  1.1670609670e+00  1.0907800470e+00
    9.0700000000e+00 -2.1246054680e+00 -2.0425844600e+00 -2.0800887610e+00  1.0791347880e+00  1.1581981530e+00  1.0826453910e+00
    9.0800000000e+00 -2.1165766190e+00 -2.0339532840e+00 -2.0726567120e+00  1.0691760450e+00  1.1493749370e+00  1.0744400470e+00
    9.0900000000e+00 -2.1085137930e+00 -2.0253272300e+00 -2.0652205990e+00  1.0593295770e+00  1.1405914910e+00  1.0661621030e+00
    9.1000000000e+00 -2.1004313390e+00 -2.0166995020e+00 -2.0577619180e+00  1.0495849140e+00  1.1318493850e+00  1.0578128020e+00
    9.1100000000e+00 -2.0923395590e+00 -2.0080644170e+00 -2.0502626830e+00  1.0399285410e+00  1.1231511390e+00  1.0493964180e+00
    9.1200000000e+00 -2.0842441080e+00 -1.9994173350e+00 -2.0427059220e+00  1.0303452560e+00  1.1144998930e+00  1.0409200240e+00
    9.1300000000e+00 -2.0761458840e+00 -1.9907545450e+00 -2.0350760700e+00  1.0208195950e+00  1.1058991950e+00  1.0323931880e+00
    9.1400000000e+00 -2.0680413680e+00 -1.9820731700e+00 -2.0273592560e+00  1.0113371470e+00  1.0973529160e+00  1.0238276690e+00
    9.1500000000e+00 -2.0599233100e+00 -1.9733711610e+00 -2.0195435190e+00  1.0018855930e+00  1.0888652090e+00  1.0152371420e+00
    9.1600000000e+00 -2.0517815990e+00 -1.9646473680e+00 -2.0116190210e+00  9.9245540800e-01  1.0804404590e+00  1.0066369710e+00
    9.1700000000e+00 -2.0436041740e+00 -1.9559016790e+00 -2.0035783040e+00  9.8304023800e-01  1.0720831460e+00  9.9804398700e-01
    9.1800000000e+00 -2.0353778510e+00 -1.9471351460e+00 -1.9954166170e+00  9.7363701900e-01  1.0637975810e+00  9.8947621100e-01
    9.1900000000e+00 -2.0270890460e+00 -1.9383500100e+00 -1.9871322750e+00  9.6424594500e-01  1.0555875140e+00  9.8095243700e-01
    9.2000000000e+00 -2.0187243970e+00 -1.9295495470e+00 -1.9787269640e+00  9.5487034500e-01  1.0474556760e+00  9.7249161100e-01
    9.2100000000e+00 -2.0102713350e+00 -1.9207376760e+00 -1.9702058740e+00  9.4551650800e-01  1.0394033550e+00  9.6411204100e-01
    9.2200000000e+00 -2.0017186070e+00 -1.9119183680e+00 -1.9615775460e+00  9.3619343700e-01  1.0314301270e+00  9.5583049600e-01
    9.2300000000e+00 -1.9930567700e+00 -1.9030949050e+00 -1.9528533790e+00  9.2691252400e-01  1.0235338530e+00  9.4766133800e-01
    9.2400000000e+00 -1.9842786090e+00 -1.8942691570e+00 -1.9440468150e+00  9.1768713100e-01  1.0157110010e+00  9.3961587400e-01
    9.2500000000e+00 -1.9753794730e+00 -1.8854409860e+00 -1.9351723240e+00  9.0853209600e-01  1.0079572780e+00  9.3170204500e-01
    9.2600000000e+00 -1.9663574990e+00 -1.8766079530e+00 -1.9262443700e+00  8.9946318600e-01  1.0002684970e+00  9.2392453900e-01
    9.2700000000e+00 -1.9572137170e+00 -1.8677653820e+00 -1.9172765440e+00  8.9049651200e-01  9.9264154200e-01  9.1628529300e-01
    9.2800000000e+00 -1.9479520270e+00 -1.8589068120e+00 -1.9082810470e+00  8.8164793500e-01  9.8507525900e-01  9.0878423200e-01
    9.2900000000e+00 -1.9385790450e+00 -1.8500247870e+00 -1.8992685500e+00  8.7293249000e-01  9.7757113400e-01  9.0142007500e-01
    9.3000000000e+00 -1.9291037990e+00 -1.8411118540e+00 -1.8902484210e+00  8.6436387300e-01  9.7013363100e-01  8.9419099200e-01
    9.3100000000e+00 -1.9195373110e+00 -1.8321616280e+00 -1.8812291530e+00  8.5595403300e-01  9.6277013800e-01  8.8709499500e-01
    9.3200000000e+00 -1.9098921040e+00 -1.8231697710e+00 -1.8722188300e+00  8.4771292900e-01  9.5549053700e-01  8.8013000400e-01
    9.3300000000e+00 -1.9001817030e+00 -1.8141347500e+00 -1.8632254780e+00  8.3964845300e-01  9.4830647400e-01  8.7329366300e-01
    9.3400000000e+00 -1.8904202180e+00 -1.8050583110e+00 -1.8542571930e+00  8.3176651000e-01  9.4123043600e-01  8.6658300800e-01
    9.3500000000e+00 -1.8806220440e+00 -1.7959456360e+00 -1.8453220320e+00  8.2407118500e-01  9.3427474200e-01  8.5999413900e-01
    9.3600000000e+00 -1.8708017080e+00 -1.7868051880e+00 -1.8364277210e+00  8.1656492400e-01  9.2745055000e-01  8.5352199900e-01
    9.3700000000e+00 -1.8609738280e+00 -1.7776482820e+00 -1.8275812710e+00  8.0924865400e-01  9.2076695400e-01  8.4716033000e-01
    9.3800000000e+00 -1.8511531300e+00 -1.7684884090e+00 -1.8187885900e+00  8.0212179300e-01  9.1423025100e-01  8.4090182500e-01
    9.3900000000e+00 -1.8413544400e+00 -1.7593403730e+00 -1.8100541970e+00  7.9518214300e-01  9.0784342900e-01  8.3473841900e-01
    9.4000000000e+00 -1.8315925790e+00 -1.7502193040e+00 -1.8013810650e+00  7.8842568600e-01  9.0160593500e-01  8.2866168700e-01
    9.4100000000e+00 -1.8218821250e+00 -1.7411396490e+00 -1.7927706380e+00  7.8184635300e-01  8.9551375100e-01  8.2266324000e-01
    9.4200000000e+00 -1.8122370150e+00 -1.7321142200e+00 -1.7842229640e+00  7.7543584300e-01  8.8955978100e-01  8.1673506700e-01
    9.4300000000e+00 -1.8026700140e+00 -1.7231534210e+00 -1.7757369220e+00  7.6918356200e-01  8.8373452000e-01  8.1086977800e-01
    9.4400000000e+00 -1.7931921140e+00 -1.7142647290e+00 -1.7673104610e+00  7.6307675400e-01  8.7802693200e-01  8.0506073000e-01
    9.4500000000e+00 -1.7838119360e+00 -1.7054525010e+00 -1.7589408110e+00  7.5710086200e-01  8.7242543600e-01  7.9930206300e-01
    9.4600000000e+00 -1.7745352550e+00 -1.6967181250e+00 -1.7506246190e+00  7.5124009400e-01  8.6691889600e-01  7.9358869800e-01
    9.4700000000e+00 -1.7653647070e+00 -1.6880604870e+00 -1.7423580280e+00  7.4547815300e-01  8.6149746500e-01  7.8791633600e-01
    9.4800000000e+00 -1.7562997550e+00 -1.6794767000e+00 -1.7341367180e+00  7.3979904700e-01  8.5615319100e-01  7.8228151100e-01
    9.4900000000e+00 -1.7473369100e+00 -1.6709629600e+00 -1.7259559690e+00  7.3418785200e-01  8.5088029700e-01  7.7668170200e-01
    9.5000000000e+00 -1.7384701610e+00 -1.6625154070e+00 -1.7178107780e+00  7.2863136700e-01  8.4567512000e-01  7.7111548900e-01
    9.5100000000e+00 -1.7296915700e+00 -1.6541308370e+00 -1.7096960760e+00  7.2311857600e-01  8.4053573800e-01  7.6558272700e-01
    9.5200000000e+00 -1.7209919160e+00 -1.6458071820e+00 -1.7016070480e+00  7.1764090000e-01  8.3546139600e-01  7.6008466100e-01
    9.5300000000e+00 -1.7123613480e+00 -1.6375436860e+00 -1.6935395590e+00  7.1219225500e-01  8.3045183200e-01  7.5462395000e-01
    9.5400000000e+00 -1.7037899500e+00 -1.6293408050e+00 -1.6854906170e+00  7.0676894300e-01  8.2550666500e-01  7.4920452300e-01
    9.5500000000e+00 -1.6952682250e+00 -1.6211998810e+00 -1.6774588270e+00  7.0136942700e-01  8.2062492600e-01  7.4383124800e-01
    9.5600000000e+00 -1.6867874520e+00 -1.6131227120e+00 -1.6694447300e+00  6.9599403900e-01  8.1580480200e-01  7.3850941100e-01
    9.5700000000e+00 -1.6783399420e+00 -1.6051111050e+00 -1.6614509430e+00  6.9064466600e-01  8.1104359600e-01  7.3324405400e-01
    9.5800000000e+00 -1.6699192000e+00 -1.5971665030e+00 -1.6534820440e+00  6.8532443700e-01  8.0633784900e-01  7.2803927100e-01
    9.5900000000e+00 -1.6615200390e+00 -1.5892897300e+00 -1.6455441930e+00  6.8003744400e-01  8.0168356800e-01  7.2289756900e-01
    9.6000000000e+00 -1.6531386520e+00 -1.5814808360e+00 -1.6376445360e+00  6.7478847600e-01  7.9707648900e-01  7.1781941100e-01
    9.6100000000e+00 -1.6447726820e+00 -1.5737390390e+00 -1.6297905000e+00  6.6958276400e-01  7.9251235500e-01  7.1280300600e-01
    9.6200000000e+00 -1.6364212620e+00 -1.5660627360e+00 -1.6219890740e+00  6.6442570000e-01  7.8798719400e-01  7.0784436200e-01
    9.6300000000e+00 -1.6280850190e+00 -1.5584496000e+00 -1.6142461960e+00  6.5932252700e-01  7.8349760900e-01  7.0293756900e-01
    9.6400000000e+00 -1.6197660080e+00 -1.5508967810e+00 -1.6065662970e+00  6.5427800600e-01  7.7904104200e-01  6.9807523600e-01
    9.6500000000e+00 -1.6114675460e+00 -1.5434012210e+00 -1.5989520390e+00  6.4929608600e-01  7.7461598000e-01  6.9324899800e-01
    9.6600000000e+00 -1.6031939490e+00 -1.5359600750e+00 -1.5914042190e+00  6.4437962900e-01  7.7022203500e-01  6.8845001700e-01
    9.6700000000e+00 -1.5949502020e+00 -1.5285711600e+00 -1.5839218130e+00  6.3953022600e-01  7.6585983400e-01  6.8366944000e-01
    9.6800000000e+00 -1.5867415880e+00 -1.5212333590e+00 -1.5765021050e+00  6.3474812400e-01  7.6153072600e-01  6.7889876000e-01
    9.6900000000e+00 -1.5785733550e+00 -1.5139468740e+00 -1.5691408520e+00  6.3003227300e-01  7.5723631500e-01  6.7413011300e-01
    9.7000000000e+00 -1.5704504290e+00 -1.5067132730e+00 -1.5618324800e+00  6.2538044700e-01  7.5297793900e-01  6.6935651200e-01
    9.7100000000e+00 -1.5623772080e+00 -1.4995353320e+00 -1.5545702630e+00  6.2078941600e-01  7.4875615200e-01  6.6457203500e-01
    9.7200000000e+00 -1.5543574200e+00 -1.4924166980e+00 -1.5473465200e+00  6.1625511400e-01  7.4457033700e-01  6.5977199700e-01
    9.7300000000e+00 -1.5463940260e+00 -1.4853614630e+00 -1.5401528230e+00  6.1177280900e-01  7.4041846000e-01  6.5495311500e-01
    9.7400000000e+00 -1.5384891430e+00 -1.4783737110e+00 -1.5329802350e+00  6.0733724700e-01  7.3629699600e-01  6.5011365800e-01
    9.7500000000e+00 -1.5306439720e+00 -1.4714571100e+00 -1.5258196140e+00  6.0294280200e-01  7.3220099200e-01  6.4525358100e-01
    9.7600000000e+00 -1.5228587370e+00 -1.4646145700e+00 -1.5186619590e+00  5.9858363100e-01  7.2812420700e-01  6.4037460000e-01
    9.7700000000e+00 -1.5151326370e+00 -1.4578479850e+00 -1.5114988250e+00  5.9425385400e-01  7.2405930000e-01  6.3548018900e-01
    9.7800000000e+00 -1.5074638220e+00 -1.4511580070e+00 -1.5043227520e+00  5.8994774900e-01  7.1999800400e-01  6.3057545000e-01
    9.7900000000e+00 -1.4998493980e+00 -1.4445438340e+00 -1.4971276760e+00  5.8565997500e-01  7.1593132400e-01  6.2566684800e-01
    9.8000000000e+00 -1.4922854860e+00 -1.4380029780e+00 -1.4899092530e+00  5.8138581300e-01  7.1184974500e-01  6.2076181700e-01
    9.8100000000e+00 -1.4847673390e+00 -1.4315310010e+00 -1.4826650580e+00  5.7712142100e-01  7.0774352500e-01  6.1586826400e-01
    9.8200000000e+00 -1.4772895510e+00 -1.4251212720e+00 -1.4753946230e+00  5.7286408700e-01  7.0360311900e-01  6.1099402800e-01
    9.8300000000e+00 -1.4698463610e+00 -1.4187648030e+00 -1.4680993060e+00  5.6861243400e-01  6.9941974500e-01  6.0614635700e-01
    9.8400000000e+00 -1.4624320560e+00 -1.4124502650e+00 -1.4607820050e+00  5.6436653900e-01  6.9518610700e-01  6.0133144300e-01
    9.8500000000e+00 -1.4550414440e+00 -1.4061642720e+00 -1.4534467580e+00  5.6012789900e-01  6.9089715700e-01  5.9655408700e-01
    9.8600000000e+00 -1.4476703100e+00 -1.3998919710e+00 -1.4460982650e+00  5.5589920800e-01  6.8655081600e-01  5.9181748700e-01
    9.8700000000e+00 -1.4403157840e+00 -1.3936179160e+00 -1.4387413880e+00  5.5168396100e-01  6.8214847500e-01  5.8712319900e-01
    9.8800000000e+00 -1.4329765280e+00 -1.3873271310e+00 -1.4313806770e+00  5.4748591900e-01  6.7769516900e-01  5.8247122700e-01
    9.8900000000e+00 -1.4256526900e+00 -1.3810061970e+00 -1.4240199610e+00  5.4330853100e-01  6.7319936200e-01  5.7786026100e-01
    9.9000000000e+00 -1.4183456410e+00 -1.3746442200e+00 -1.4166620440e+00  5.3915444300e-01  6.6867235600e-01  5.7328799400e-01
    9.9100000000e+00 -1.4110575420e+00 -1.3682335130e+00 -1.4093085210e+00  5.3502515400e-01  6.6412740200e-01  5.6875150200e-01
    9.9200000000e+00 -1.4037908480e+00 -1.3617699550e+00 -1.4019597060e+00  5.3092089400e-01  6.5957866600e-01  5.6424762900e-01
    9.9300000000e+00 -1.3965478550e+00 -1.3552529720e+00 -1.3946146780e+00  5.2684069400e-01  6.5504017000e-01  5.5977334800e-01
    9.9400000000e+00 -1.3893303400e+00 -1.3486852120e+00 -1.3872713900e+00  5.2278258900e-01  6.5052483100e-01  5.5532607800e-01
    9.9500000000e+00 -1.3821393540e+00 -1.3420719600e+00 -1.3799268460e+00  5.1874389000e-01  6.4604369000e-01  5.5090393600e-01
    9.9600000000e+00 -1.3749751090e+00 -1.3354203770e+00 -1.3725773010e+00  5.1472144100e-01  6.4160537100e-01  5.4650594800e-01
    9.9700000000e+00 -1.3678369430e+00 -1.3287386520e+00 -1.3652184840e+00  5.1071184300e-01  6.3721581900e-01  5.4213220400e-01
    9.9800000000e+00 -1.3607233000e+00 -1.3220351390e+00 -1.3578458420e+00  5.0671162900e-01  6.3287831600e-01  5.3778399100e-01
    9.9900000000e+00 -1.3536317100e+00 -1.3153175910e+00 -1.3504548110e+00  5.0271744500e-01  6.2859375700e-01  5.3346388000e-01
    1.0000000000e+01 -1.3465587710e+00 -1.3085925510e+00 -1.3430411220e+00  4.9872623500e-01  6.2436115000e-01  5.2917578700e-01
    1.0010000000e+01 -1.3395001590e+00 -1.3018649730e+00 -1.3356011590e+00  4.9473547500e-01  6.2017824800e-01  5.2492495800e-01
    1.0020000000e+01 -1.3324506840e+00 -1.2951381040e+00 -1.3281323390e+00  4.9074344200e-01  6.1604224000e-01  5.2071785800e-01
    1.0030000000e+01 -1.3254044540e+00 -1.2884136020e+00 -1.3206334920e+00  4.8674949100e-01  6.1195038600e-01  5.1656193500e-01
    1.0040000000e+01 -1.3183551230e+00 -1.2816918610e+00 -1.3131051700e+00  4.8275432400e-01  6.0790052700e-01  5.1246524300e-01
    1.0050000000e+01 -1.3112962570e+00 -1.2749724660e+00 -1.3055498400e+00  4.7876018100e-01  6.0389141200e-01  5.0843596100e-01
    1.0060000000e+01 -1.3042217750e+00 -1.2682546900e+00 -1.2979719100e+00  4.7477093000e-01  5.9992282200e-01  5.0448185800e-01
    1.0070000000e+01 -1.2971264500e+00 -1.2615379680e+00 -1.2903775790e+00  4.7079200900e-01  5.9599550000e-01  5.0060976700e-01
    1.0080000000e+01 -1.2900063910e+00 -1.2548222890e+00 -1.2827745370e+00  4.6683019200e-01  5.9211093200e-01  4.9682513900e-01
    1.0090000000e+01 -1.2828594630e+00 -1.2481084590e+00 -1.2751715530e+00  4.6289318800e-01  5.8827101400e-01  4.9313172300e-01
    1.0100000000e+01 -1.2756855520e+00 -1.2413982400e+00 -1.2675780130e+00  4.5898909000e-01  5.8447766000e-01  4.8953138200e-01
    1.0110000000e+01 -1.2684866450e+00 -1.2346943360e+00 -1.2600034580e+00  4.5512574300e-01  5.8073239200e-01  4.8602404700e-01
    1.0120000000e+01 -1.2612666780e+00 -1.2280002560e+00 -1.2524571510e+00  4.5131009800e-01  5.7703594000e-01  4.8260777500e-01
    1.0130000000e+01 -1.2540311740e+00 -1.2213200370e+00 -1.2449477000e+00  4.4754765400e-01  5.7338789200e-01  4.7927890100e-01
    1.0140000000e+01 -1.2467866970e+00 -1.2146578340e+00 -1.2374827360e+00  4.4384204300e-01  5.6978642400e-01  4.7603224000e-01
    1.0150000000e+01 -1.2395402140e+00 -1.2080174080e+00 -1.2300686490e+00  4.4019483600e-01  5.6622816200e-01  4.7286133300e-01
    1.0160000000e+01 -1.2322984260e+00 -1.2014015270e+00 -1.2227103630e+00  4.3660556700e-01  5.6270823100e-01  4.6975873200e-01
    1.0170000000e+01 -1.2250671610e+00 -1.1948113560e+00 -1.2154111710e+00  4.3307198400e-01  5.5922051800e-01  4.6671631200e-01
    1.0180000000e+01 -1.2178508970e+00 -1.1882459160e+00 -1.2081726200e+00  4.2959047300e-01  5.5575819500e-01  4.6372563000e-01
    1.0190000000e+01 -1.2106524720e+00 -1.1817017350e+00 -1.2009944690e+00  4.2615660700e-01  5.5231445500e-01  4.6077830800e-01
    1.0200000000e+01 -1.2034729910e+00 -1.1751727690e+00 -1.1938747410e+00  4.2276572600e-01  5.4888341500e-01  4.5786644000e-01
    1.0210000000e+01 -1.1963119280e+00 -1.1686506780e+00 -1.1868098700e+00  4.1941350200e-01  5.4546104100e-01  4.5498298100e-01
    1.0220000000e+01 -1.1891674040e+00 -1.1621254570e+00 -1.1797949650e+00  4.1609639600e-01  5.4204596600e-01  4.5212210500e-01
    1.0230000000e+01 -1.1820365550e+00 -1.1555863510e+00 -1.1728241530e+00  4.1281199000e-01  5.3864003300e-01  4.4927947300e-01
    1.0240000000e+01 -1.1749159770e+00 -1.1490229430e+00 -1.1658909910e+00  4.0955916800e-01  5.3524848600e-01  4.4645240000e-01
    1.0250000000e+01 -1.1678021490e+00 -1.1424262250e+00 -1.1589888930e+00  4.0633814800e-01  5.3187974500e-01  4.4363988900e-01
    1.0260000000e+01 -1.1606918390e+00 -1.1357895220e+00 -1.1521115370e+00  4.0315039700e-01  5.2854483200e-01  4.4084255900e-01
    1.0270000000e+01 -1.1535824280e+00 -1.1291091240e+00 -1.1452532110e+00  3.9999845100e-01  5.2525653200e-01  4.3806246500e-01
    1.0280000000e+01 -1.1464721760e+00 -1.1223845870e+00 -1.1384090730e+00  3.9688566400e-01  5.2202845000e-01  4.3530285200e-01
    1.0290000000e+01 -1.1393603950e+00 -1.1156187050e+00 -1.1315753220e+00  3.9381590700e-01  5.1887408000e-01  4.3256789100e-01
    1.0300000000e+01 -1.1322475360e+00 -1.1088172190e+00 -1.1247492920e+00  3.9079324200e-01  5.1580601900e-01  4.2986241700e-01
    1.0310000000e+01 -1.1251351860e+00 -1.1019883580e+00 -1.1179294950e+00  3.8782158100e-01  5.1283536300e-01  4.2719169400e-01
    1.0320000000e+01 -1.1180259660e+00 -1.0951423040e+00 -1.1111156380e+00  3.8490436300e-01  5.0997132000e-01  4.2456120600e-01
    1.0330000000e+01 -1.1109233290e+00 -1.0882906720e+00 -1.1043086240e+00  3.8204427700e-01  5.0722099300e-01  4.2197646800e-01
    1.0340000000e+01 -1.1038312870e+00 -1.0814460310e+00 -1.0975105560e+00  3.7924305400e-01  5.0458929100e-01  4.1944282700e-01
    1.0350000000e+01 -1.0967540860e+00 -1.0746214860e+00 -1.0907247190e+00  3.7650136900e-01  5.0207891500e-01  4.1696525400e-01
    1.0360000000e+01 -1.0896958650e+00 -1.0678303090e+00 -1.0839555330e+00  3.7381885900e-01  4.9969039100e-01  4.1454811100e-01
    1.0370000000e+01 -1.0826603630e+00 -1.0610855940e+00 -1.0772084560e+00  3.7119423700e-01  4.9742212000e-01  4.1219490400e-01
    1.0380000000e+01 -1.0756506870e+00 -1.0543999190e+00 -1.0704898100e+00  3.6862550800e-01  4.9527047100e-01  4.0990803100e-01
    1.0390000000e+01 -1.0686691690e+00 -1.0477850130e+00 -1.0638065310e+00  3.6611021400e-01  4.9322992300e-01  4.0768856800e-01
    1.0400000000e+01 -1.0617173250e+00 -1.0412514520e+00 -1.0571658420e+00  3.6364570500e-01  4.9129326600e-01  4.0553611600e-01
    1.0410000000e+01 -1.0547958780e+00 -1.0348083920e+00 -1.0505748750e+00  3.6122937300e-01  4.8945186900e-01  4.0344875100e-01
    1.0420000000e+01 -1.0479048500e+00 -1.0284633730e+00 -1.0440402890e+00  3.5885887000e-01  4.8769598900e-01  4.0142309900e-01
    1.0430000000e+01 -1.0410436970e+00 -1.0222222050e+00 -1.0375679200e+00  3.5653226400e-01  4.8601510700e-01  3.9945451400e-01
    1.0440000000e+01 -1.0342114590e+00 -1.0160889140e+00 -1.0311625250e+00  3.5424815300e-01  4.8439825200e-01  3.9753736500e-01
    1.0450000000e+01 -1.0274069350e+00 -1.0100657490e+00 -1.0248276110e+00  3.5200573100e-01  4.8283430700e-01  3.9566535600e-01
    1.0460000000e+01 -1.0206288380e+00 -1.0041532200e+00 -1.0185653850e+00  3.4980480600e-01  4.8131229300e-01  3.9383187000e-01
    1.0470000000e+01 -1.0138759490e+00 -9.9835015000e-01 -1.0123767890e+00  3.4764578300e-01  4.7982165100e-01  3.9203028800e-01
    1.0480000000e+01 -1.0071472310e+00 -9.9265377100e-01 -1.0062616020e+00  3.4552963100e-01  4.7835252700e-01  3.9025427000e-01
    1.0490000000e+01 -1.0004419510e+00 -9.8705986500e-01 -1.0002186120e+00  3.4345783900e-01  4.7689608300e-01  3.8849798300e-01
    1.0500000000e+01 -9.9375977600e-01 -9.8156300200e-01 -9.9424581500e-01  3.4143237100e-01  4.7544479900e-01  3.8675627100e-01
    1.0510000000e+01 -9.8710089900e-01 -9.7615687700e-01 -9.8834064400e-01  3.3945560600e-01  4.7399272200e-01  3.8502477000e-01
    1.0520000000e+01 -9.8046615700e-01 -9.7083472400e-01 -9.8250020900e-01  3.3753026000e-01  4.7253562000e-01  3.8329995200e-01
    1.0530000000e+01 -9.7385716500e-01 -9.6558978200e-01 -9.7672153400e-01  3.3565925200e-01  4.7107099800e-01  3.8157911400e-01
    1.0540000000e+01 -9.6727642100e-01 -9.6041572600e-01 -9.7100177200e-01  3.3384552800e-01  4.6959796600e-01  3.7986029800e-01
    1.0550000000e+01 -9.6072736600e-01 -9.5530702600e-01 -9.6533839400e-01  3.3209182900e-01  4.6811699300e-01  3.7814216000e-01
    1.0560000000e+01 -9.5421437100e-01 -9.5025918800e-01 -9.5972932100e-01  3.3040042200e-01  4.6662958200e-01  3.7642378300e-01
    1.0570000000e+01 -9.4774263000e-01 -9.4526889000e-01 -9.5417298500e-01  3.2877283700e-01  4.6513794200e-01  3.7470446700e-01
    1.0580000000e+01 -9.4131795900e-01 -9.4033401800e-01 -9.4866832200e-01  3.2720963900e-01  4.6364466500e-01  3.7298350300e-01
    1.0590000000e+01 -9.3494653500e-01 -9.3545364300e-01 -9.4321467100e-01  3.2571028600e-01  4.6215245400e-01  3.7125998000e-01
    1.0600000000e+01 -9.2863459700e-01 -9.3062796100e-01 -9.3781161700e-01  3.2427307900e-01  4.6066388300e-01  3.6953264000e-01
    1.0610000000e+01 -9.2238817900e-01 -9.2585821600e-01 -9.3245879000e-01  3.2289522100e-01  4.5918119000e-01  3.6779981600e-01
    1.0620000000e+01 -9.1621289300e-01 -9.2114660600e-01 -9.2715566200e-01  3.2157294400e-01  4.5770608800e-01  3.6605946700e-01
    1.0630000000e+01 -9.1011379100e-01 -9.1649617000e-01 -9.2190139700e-01  3.2030167000e-01  4.5623958600e-01  3.6430928000e-01
    1.0640000000e+01 -9.0409530000e-01 -9.1191065700e-01 -9.1669476000e-01  3.1907616900e-01  4.5478181700e-01  3.6254683900e-01
    1.0650000000e+01 -8.9816120300e-01 -9.0739436400e-01 -9.1153412600e-01  3.1789068500e-01  4.5333188200e-01  3.6076979600e-01
    1.0660000000e+01 -8.9231464300e-01 -9.0295194200e-01 -9.0641756500e-01  3.1673900900e-01  4.5188769300e-01  3.5897599900e-01
    1.0670000000e+01 -8.8655810700e-01 -8.9858816000e-01 -9.0134298200e-01  3.1561452800e-01  4.5044584800e-01  3.5716355800e-01
    1.0680000000e+01 -8.8089338700e-01 -8.9430760600e-01 -8.9630824800e-01  3.1451024400e-01  4.4900153200e-01  3.5533081400e-01
    1.0690000000e+01 -8.7532150500e-01 -8.9011434800e-01 -8.9131129100e-01  3.1341880900e-01  4.4754848100e-01  3.5347623900e-01
    1.0700000000e+01 -8.6984260700e-01 -8.8601154000e-01 -8.8635011300e-01  3.1233258900e-01  4.4607905100e-01  3.5159829400e-01
    1.0710000000e+01 -8.6445585600e-01 -8.8200104000e-01 -8.8142270900e-01  3.1124377200e-01  4.4458440400e-01  3.4969530400e-01
    1.0720000000e+01 -8.5915933200e-01 -8.7808307800e-01 -8.7652691800e-01  3.1014452900e-01  4.4305482100e-01  3.4776537300e-01
    1.0730000000e+01 -8.5394997700e-01 -8.7425602800e-01 -8.7166023500e-01  3.0902722500e-01  4.4148011700e-01  3.4580639400e-01
    1.0740000000e+01 -8.4882359400e-01 -8.7051632200e-01 -8.6681962300e-01  3.0788465700e-01  4.3985009500e-01  3.4381614400e-01
    1.0750000000e+01 -8.4377492500e-01 -8.6685849600e-01 -8.6200136100e-01  3.0671029500e-01  4.3815499700e-01  3.4179247800e-01
    1.0760000000e+01 -8.3879778400e-01 -8.6327533600e-01 -8.5720098800e-01  3.0549850800e-01  4.3638589000e-01  3.3973358800e-01
    1.0770000000e+01 -8.3388525600e-01 -8.5975808900e-01 -8.5241333900e-01  3.0424474700e-01  4.3453499600e-01  3.3763828500e-01
    1.0780000000e+01 -8.2902993700e-01 -8.5629671800e-01 -8.4763271400e-01  3.0294567700e-01  4.3259595000e-01  3.3550627300e-01
    1.0790000000e+01 -8.2422418800e-01 -8.5288017600e-01 -8.4285314000e-01  3.0159924400e-01  4.3056401900e-01  3.3333834700e-01
    1.0800000000e+01 -8.1946041600e-01 -8.4949671600e-01 -8.3806870400e-01  3.0020468300e-01  4.2843627800e-01  3.3113647200e-01
    1.0810000000e+01 -8.1473133300e-01 -8.4613423000e-01 -8.3327388900e-01  2.9876246700e-01  4.2621173300e-01  3.2890374300e-01
    1.0820000000e+01 -8.1003020700e-01 -8.4278063800e-01 -8.2846387000e-01  2.9727418300e-01  4.2389138800e-01  3.2664421600e-01
    1.0830000000e+01 -8.0535108000e-01 -8.3942428200e-01 -8.2363470000e-01  2.9574236000e-01  4.2147821800e-01  3.2436266100e-01
    1.0840000000e+01 -8.0068892400e-01 -8.3605433000e-01 -8.1878339000e-01  2.9417023200e-01  4.1897705800e-01  3.2206429300e-01
    1.0850000000e+01 -7.9603973100e-01 -8.3266114800e-01 -8.1390789000e-01  2.9256148000e-01  4.1639439300e-01  3.1975454000e-01
    1.0860000000e+01 -7.9140052000e-01 -8.2923660900e-01 -8.0900701100e-01  2.9091995800e-01  4.1373806200e-01  3.1743887300e-01
    1.0870000000e+01 -7.8676926600e-01 -8.2577433600e-01 -8.0408033900e-01  2.8924944500e-01  4.1101689400e-01  3.1512271400e-01
    1.0880000000e+01 -7.8214476600e-01 -8.2226984600e-01 -7.9912818600e-01  2.8755344300e-01  4.0824030100e-01  3.1281138400e-01
    1.0890000000e+01 -7.7752645700e-01 -8.1872059500e-01 -7.9415158000e-01  2.8583504500e-01  4.0541783800e-01  3.1051007200e-01
    1.0900000000e+01 -7.7291424200e-01 -8.1512590700e-01 -7.8915229600e-01  2.8409687700e-01  4.0255876900e-01  3.0822376100e-01
    1.0910000000e+01 -7.6830832600e-01 -8.1148679100e-01 -7.8413288400e-01  2.8234109500e-01  3.9967166400e-01  3.0595711900e-01
    1.0920000000e+01 -7.6370909600e-01 -8.0780565600e-01 -7.7909667100e-01  2.8056942800e-01  3.9676407500e-01  3.0371433000e-01
    1.0930000000e+01 -7.5911705000e-01 -8.0408594900e-01 -7.7404770400e-01  2.7878323300e-01  3.9384232000e-01  3.0149890600e-01
    1.0940000000e+01 -7.5453275400e-01 -8.0033178400e-01 -7.6899061100e-01  2.7698353200e-01  3.9091139500e-01  2.9931349800e-01
    1.0950000000e+01 -7.4995682700e-01 -7.9654758800e-01 -7.6393039900e-01  2.7517103700e-01  3.8797501300e-01  2.9715974500e-01
    1.0960000000e+01 -7.4538991100e-01 -7.9273783300e-01 -7.5887219400e-01  2.7334614500e-01  3.8503572800e-01  2.9503819400e-01
    1.0970000000e+01 -7.4083263300e-01 -7.8890686500e-01 -7.5382096300e-01  2.7150893000e-01  3.8209509400e-01  2.9294830800e-01
    1.0980000000e+01 -7.3628555400e-01 -7.8505882100e-01 -7.4878125100e-01  2.6965913700e-01  3.7915382400e-01  2.9088855800e-01
    1.0990000000e+01 -7.3174909400e-01 -7.8119759900e-01 -7.4375696200e-01  2.6779618800e-01  3.7621188100e-01  2.8885660100e-01
    1.1000000000e+01 -7.2722346600e-01 -7.7732684800e-01 -7.3875121000e-01  2.6591921600e-01  3.7326851800e-01  2.8684950100e-01
    1.1010000000e+01 -7.2270861400e-01 -7.7344991800e-01 -7.3376625900e-01  2.6402711400e-01  3.7032226500e-01  2.8486398100e-01
    1.1020000000e+01 -7.1820416800e-01 -7.6956975300e-01 -7.2880353300e-01  2.6211859900e-01  3.6737090000e-01  2.8289667100e-01
    1.1030000000e+01 -7.1370941900e-01 -7.6568872200e-01 -7.2386370500e-01  2.6019228000e-01  3.6441145800e-01  2.8094431300e-01
    1.1040000000e+01 -7.0922330700e-01 -7.6180842500e-01 -7.1894684300e-01  2.5824671900e-01  3.6144030300e-01  2.7900392800e-01
    1.1050000000e+01 -7.0474441200e-01 -7.5792948800e-01 -7.1405258100e-01  2.5628049700e-01  3.5845328500e-01  2.7707290800e-01
    1.1060000000e+01 -7.0027096000e-01 -7.5405142400e-01 -7.0918030700e-01  2.5429226600e-01  3.5544598100e-01  2.7514904000e-01
    1.1070000000e+01 -6.9580082200e-01 -7.5017256300e-01 -7.0432932200e-01  2.5228080900e-01  3.5241397700e-01  2.7323045400e-01
    1.1080000000e+01 -6.9133152100e-01 -7.4629008400e-01 -6.9949895600e-01  2.5024510400e-01  3.4935316200e-01  2.7131552100e-01
    1.1090000000e+01 -6.8686025000e-01 -7.4240013200e-01 -6.9468861500e-01  2.4818438700e-01  3.4625999400e-01  2.6940271800e-01
    1.1100000000e+01 -6.8238389800e-01 -7.3849798400e-01 -6.8989775600e-01  2.4609823000e-01  3.4313170400e-01  2.6749050100e-01
    1.1110000000e+01 -6.7789909600e-01 -7.3457826400e-01 -6.8512580200e-01  2.4398660800e-01  3.3996644700e-01  2.6557721200e-01
    1.1120000000e+01 -6.7340228200e-01 -7.3063515900e-01 -6.8037202300e-01  2.4184997000e-01  3.3676338000e-01  2.6366105600e-01
    1.1130000000e+01 -6.6888977900e-01 -7.2666261700e-01 -6.7563541900e-01  2.3968929300e-01  3.3352269700e-01  2.6174013700e-01
    1.1140000000e+01 -6.6435789400e-01 -7.2265454500e-01 -6.7091465400e-01  2.3750613000e-01  3.3024562400e-01  2.5981255700e-01
    1.1150000000e+01 -6.5980302300e-01 -7.1860496800e-01 -6.6620803700e-01  2.3530262600e-01  3.2693438600e-01  2.5787652800e-01
    1.1160000000e+01 -6.5522176600e-01 -7.1450817800e-01 -6.6151356100e-01  2.3308152700e-01  3.2359216900e-01  2.5593046300e-01
    1.1170000000e+01 -6.5061105000e-01 -7.1035887000e-01 -6.5682896700e-01  2.3084616300e-01  3.2022307100e-01  2.5397304200e-01
    1.1180000000e+01 -6.4596825500e-01 -7.0615227400e-01 -6.5215180600e-01  2.2860039700e-01  3.1683205500e-01  2.5200322400e-01
    1.1190000000e+01 -6.4129133000e-01 -7.0188431200e-01 -6.4747947600e-01  2.2634855300e-01  3.1342488300e-01  2.5002024800e-01
    1.1200000000e+01 -6.3657890300e-01 -6.9755175000e-01 -6.4280923000e-01  2.2409530800e-01  3.1000802600e-01  2.4802364700e-01
    1.1210000000e+01 -6.3183036500e-01 -6.9315237600e-01 -6.3813819000e-01  2.2184555000e-01  3.0658852200e-01  2.4601327600e-01
    1.1220000000e+01 -6.2704591300e-01 -6.8868513200e-01 -6.3346337400e-01  2.1960422100e-01  3.0317377300e-01  2.4398937100e-01
    1.1230000000e+01 -6.2222656200e-01 -6.8415021400e-01 -6.2878175700e-01  2.1737613600e-01  2.9977128300e-01  2.4195261000e-01
    1.1240000000e+01 -6.1737409600e-01 -6.7954907900e-01 -6.2409037900e-01  2.1516581600e-01  2.9638837000e-01  2.3990414600e-01
    1.1250000000e+01 -6.1249099300e-01 -6.7488436200e-01 -6.1938646500e-01  2.1297733000e-01  2.9303186800e-01  2.3784560800e-01
    1.1260000000e+01 -6.0758030200e-01 -6.7015970400e-01 -6.1466754200e-01  2.1081416500e-01  2.8970788000e-01  2.3577903900e-01
    1.1270000000e+01 -6.0264550000e-01 -6.6537952000e-01 -6.0993152700e-01  2.0867913200e-01  2.8642159900e-01  2.3370680800e-01
    1.1280000000e+01 -5.9769033000e-01 -6.6054873200e-01 -6.0517677500e-01  2.0657431100e-01  2.8317721000e-01  2.3163148800e-01
    1.1290000000e+01 -5.9271864300e-01 -6.5567251100e-01 -6.0040208800e-01  2.0450103700e-01  2.7997789100e-01  2.2955574600e-01
    1.1300000000e+01 -5.8773423300e-01 -6.5075605500e-01 -5.9560668000e-01  2.0245992900e-01  2.7682587500e-01  2.2748223200e-01
    1.1310000000e+01 -5.8274070800e-01 -6.4580441200e-01 -5.9079012600e-01  2.0045095400e-01  2.7372256100e-01  2.2541349700e-01
    1.1320000000e+01 -5.7774138300e-01 -6.4082237900e-01 -5.8595228500e-01  1.9847351700e-01  2.7066865500e-01  2.2335193000e-01
    1.1330000000e+01 -5.7273920600e-01 -6.3581443900e-01 -5.8109320700e-01  1.9652656500e-01  2.6766429600e-01  2.2129973400e-01
    1.1340000000e+01 -5.6773672500e-01 -6.3078475200e-01 -5.7621304800e-01  1.9460869000e-01  2.6470916800e-01  2.1925893200e-01
    1.1350000000e+01 -5.6273607100e-01 -6.2573716200e-01 -5.7131199500e-01  1.9271821800e-01  2.6180258200e-01  2.1723141400e-01
    1.1360000000e+01 -5.5773896600e-01 -6.2067522500e-01 -5.6639022500e-01  1.9085328700e-01  2.5894351600e-01  2.1521900800e-01
    1.1370000000e+01 -5.5274673000e-01 -6.1560220700e-01 -5.6144791000e-01  1.8901189900e-01  2.5613064000e-01  2.1322356600e-01
    1.1380000000e+01 -5.4776028600e-01 -6.1052108700e-01 -5.5648525700e-01  1.8719197000e-01  2.5336231600e-01  2.1124702600e-01
    1.1390000000e+01 -5.4278015800e-01 -6.0543450900e-01 -5.5150259400e-01  1.8539136700e-01  2.5063659000e-01  2.0929145500e-01
    1.1400000000e+01 -5.3780645700e-01 -6.0034473000e-01 -5.4650044800e-01  1.8360795200e-01  2.4795120600e-01  2.0735902700e-01
    1.1410000000e+01 -5.3283886300e-01 -5.9525352500e-01 -5.4147962400e-01  1.8183964700e-01  2.4530364000e-01  2.0545198300e-01
    1.1420000000e+01 -5.2787662400e-01 -5.9016210200e-01 -5.3644123500e-01  1.8008451500e-01  2.4269117800e-01  2.0357254200e-01
    1.1430000000e+01 -5.2291856800e-01 -5.8507101500e-01 -5.3138671300e-01  1.7834085300e-01  2.4011104300e-01  2.0172282700e-01
    1.1440000000e+01 -5.1796315500e-01 -5.7998013800e-01 -5.2631777500e-01  1.7660730400e-01  2.3756056800e-01  1.9990479300e-01
    1.1450000000e+01 -5.1300857200e-01 -5.7488868300e-01 -5.2123639000e-01  1.7488294200e-01  2.3503739400e-01  1.9812017900e-01
    1.1460000000e+01 -5.0805285700e-01 -5.6979531200e-01 -5.1614473500e-01  1.7316732800e-01  2.3253965900e-01  1.9637048100e-01
    1.1470000000e+01 -5.0309404100e-01 -5.6469831100e-01 -5.1104516900e-01  1.7146052500e-01  2.3006614700e-01  1.9465692800e-01
    1.1480000000e+01 -4.9813028000e-01 -5.5959582100e-01 -5.0594020600e-01  1.6976304400e-01  2.2761635500e-01  1.9298045400e-01
    1.1490000000e+01 -4.9315995500e-01 -5.5448607300e-01 -5.0083248700e-01  1.6807576600e-01  2.2519048000e-01  1.9134166800e-01
    1.1500000000e+01 -4.8818172500e-01 -5.4936759200e-01 -4.9572473300e-01  1.6639983200e-01  2.2278930500e-01  1.8974080500e-01
    1.1510000000e+01 -4.8319453700e-01 -5.4423934100e-01 -4.9061968100e-01  1.6473653100e-01  2.2041403600e-01  1.8817769400e-01
    1.1520000000e+01 -4.7819758800e-01 -5.3910077100e-01 -4.8551998900e-01  1.6308722200e-01  2.1806610100e-01  1.8665174000e-01
    1.1530000000e+01 -4.7319026600e-01 -5.3395180400e-01 -4.8042814200e-01  1.6145328200e-01  2.1574698400e-01  1.8516193700e-01
    1.1540000000e+01 -4.6817209700e-01 -5.2879275100e-01 -4.7534634500e-01  1.5983610100e-01  2.1345808500e-01  1.8370691600e-01
    1.1550000000e+01 -4.6314270100e-01 -5.2362421600e-01 -4.7027645700e-01  1.5823711100e-01  2.1120065300e-01  1.8228503700e-01
    1.1560000000e+01 -4.5810179000e-01 -5.1844700000e-01 -4.6521994000e-01  1.5665782600e-01  2.0897576500e-01  1.8089448900e-01
    1.1570000000e+01 -4.5304919300e-01 -5.1326203000e-01 -4.6017786200e-01  1.5509988800e-01  2.0678433400e-01  1.7953340700e-01
    1.1580000000e+01 -4.4798492400e-01 -5.0807032300e-01 -4.5515093400e-01  1.5356508500e-01  2.0462714200e-01  1.7819996800e-01
    1.1590000000e+01 -4.4290925600e-01 -5.0287297300e-01 -4.5013957500e-01  1.5205533800e-01  2.0250486300e-01  1.7689247200e-01
    1.1600000000e+01 -4.3782279500e-01 -4.9767115100e-01 -4.4514399700e-01  1.5057265000e-01  2.0041807900e-01  1.7560938200e-01
    1.1610000000e+01 -4.3272653300e-01 -4.9246612300e-01 -4.4016429400e-01  1.4911901100e-01  1.9836728500e-01  1.7434933100e-01
    1.1620000000e+01 -4.2762187300e-01 -4.8725926900e-01 -4.3520052000e-01  1.4769629500e-01  1.9635287000e-01  1.7311109600e-01
    1.1630000000e+01 -4.2251060100e-01 -4.8205210100e-01 -4.3025274800e-01  1.4630613600e-01  1.9437508500e-01  1.7189353900e-01
    1.1640000000e+01 -4.1739482800e-01 -4.7684626000e-01 -4.2532110000e-01  1.4494981800e-01  1.9243399200e-01  1.7069553500e-01
    1.1650000000e+01 -4.1227689200e-01 -4.7164350100e-01 -4.2040573800e-01  1.4362818700e-01  1.9052939800e-01  1.6951587500e-01
    1.1660000000e+01 -4.0715923000e-01 -4.6644563900e-01 -4.1550681200e-01  1.4234159900e-01  1.8866078600e-01  1.6835319200e-01
    1.1670000000e+01 -4.0204423900e-01 -4.6125446000e-01 -4.1062436400e-01  1.4108990400e-01  1.8682726400e-01  1.6720589400e-01
    1.1680000000e+01 -3.9693413800e-01 -4.5607160100e-01 -4.0575820100e-01  1.3987248300e-01  1.8502753600e-01  1.6607214400e-01
    1.1690000000e+01 -3.9183084600e-01 -4.5089841400e-01 -4.0090774900e-01  1.3868832200e-01  1.8325994100e-01  1.6494990800e-01
    1.1700000000e+01 -3.8673589400e-01 -4.4573584400e-01 -3.9607191500e-01  1.3753613000e-01  1.8152253300e-01  1.6383705400e-01
    1.1710000000e+01 -3.8165037500e-01 -4.4058434000e-01 -3.9124899200e-01  1.3641447400e-01  1.7981322300e-01  1.6273153300e-01
    1.1720000000e+01 -3.7657495400e-01 -4.3544384000e-01 -3.8643663900e-01  1.3532191900e-01  1.7812994400e-01  1.6163159400e-01
    1.1730000000e+01 -3.7150992200e-01 -4.3031382000e-01 -3.8163194400e-01  1.3425715800e-01  1.7647080900e-01  1.6053601800e-01
    1.1740000000e+01 -3.6645528600e-01 -4.2519340500e-01 -3.7683158400e-01  1.3321909900e-01  1.7483422500e-01  1.5944431900e-01
    1.1750000000e+01 -3.6141088800e-01 -4.2008151100e-01 -3.7203206400e-01  1.3220691100e-01  1.7321893700e-01  1.5835687700e-01
    1.1760000000e+01 -3.5637650900e-01 -4.1497696800e-01 -3.6722998000e-01  1.3122002200e-01  1.7162400300e-01  1.5727497400e-01
    1.1770000000e+01 -3.5135196500e-01 -4.0987860000e-01 -3.6242229000e-01  1.3025807100e-01  1.7004871800e-01  1.5620073200e-01
    1.1780000000e+01 -3.4633715600e-01 -4.0478522700e-01 -3.5760652700e-01  1.2932084100e-01  1.6849252400e-01  1.5513696300e-01
    1.1790000000e+01 -3.4133207600e-01 -3.9969562300e-01 -3.5278093400e-01  1.2840818400e-01  1.6695495400e-01  1.5408696400e-01
    1.1800000000e+01 -3.3633679500e-01 -3.9460842300e-01 -3.4794453100e-01  1.2751996500e-01  1.6543563100e-01  1.5305430300e-01
    1.1810000000e+01 -3.3135141500e-01 -3.8952206000e-01 -3.4309709000e-01  1.2665602700e-01  1.6393433700e-01  1.5204262500e-01
    1.1820000000e+01 -3.2637602700e-01 -3.8443473800e-01 -3.3823909000e-01  1.2581619300e-01  1.6245114100e-01  1.5105549500e-01
    1.1830000000e+01 -3.2141067700e-01 -3.7934448300e-01 -3.3337162900e-01  1.2500028900e-01  1.6098653100e-01  1.5009628300e-01
    1.1840000000e+01 -3.1645535300e-01 -3.7424927000e-01 -3.2849635600e-01  1.2420818300e-01  1.5954152900e-01  1.4916809200e-01
    1.1850000000e+01 -3.1150999900e-01 -3.6914719400e-01 -3.2361540300e-01  1.2343981800e-01  1.5811775200e-01  1.4827369100e-01
    1.1860000000e+01 -3.0657454300e-01 -3.6403667300e-01 -3.1873133100e-01  1.2269524800e-01  1.5671738900e-01  1.4741546600e-01
    1.1870000000e+01 -3.0164893700e-01 -3.5891662300e-01 -3.1384707400e-01  1.2197464700e-01  1.5534310500e-01  1.4659535000e-01
    1.1880000000e+01 -2.9673320200e-01 -3.5378659800e-01 -3.0896586300e-01  1.2127830800e-01  1.5399787800e-01  1.4581475700e-01
    1.1890000000e+01 -2.9182746900e-01 -3.4864685500e-01 -3.0409113200e-01  1.2060662000e-01  1.5268480900e-01  1.4507451400e-01
    1.1900000000e+01 -2.8693200800e-01 -3.4349834700e-01 -2.9922638300e-01  1.1996003900e-01  1.5140691100e-01  1.4437482000e-01
    1.1910000000e+01 -2.8204725400e-01 -3.3834265400e-01 -2.9437503700e-01  1.1933904500e-01  1.5016693200e-01  1.4371524400e-01
    1.1920000000e+01 -2.7717380700e-01 -3.3318185600e-01 -2.8954028500e-01  1.1874409600e-01  1.4896722100e-01  1.4309477000e-01
    1.1930000000e+01 -2.7231243100e-01 -3.2801839100e-01 -2.8472496500e-01  1.1817558300e-01  1.4780964200e-01  1.4251189900e-01
    1.1940000000e+01 -2.6746403500e-01 -3.2285490000e-01 -2.7993147400e-01  1.1763379100e-01  1.4669555800e-01  1.4196477700e-01
    1.1950000000e+01 -2.6262963900e-01 -3.1769410100e-01 -2.7516174300e-01  1.1711885600e-01  1.4562584100e-01  1.4145133800e-01
    1.1960000000e+01 -2.5781034300e-01 -3.1253868500e-01 -2.7041725800e-01  1.1663074500e-01  1.4460093400e-01  1.4096943000e-01
    1.1970000000e+01 -2.5300727600e-01 -3.0739124200e-01 -2.6569911000e-01  1.1616923500e-01  1.4362091000e-01  1.4051691400e-01
    1.1980000000e+01 -2.4822154900e-01 -3.0225422400e-01 -2.6100806000e-01  1.1573392000e-01  1.4268555500e-01  1.4009172400e-01
    1.1990000000e+01 -2.4345421300e-01 -2.9712993300e-01 -2.5634460600e-01  1.1532421700e-01  1.4179443200e-01  1.3969190400e-01
    1.2000000000e+01 -2.3870622200e-01 -2.9202053400e-01 -2.5170903300e-01  1.1493939700e-01  1.4094694100e-01  1.3931562000e-01
    1.2010000000e+01 -2.3397840600e-01 -2.8692808600e-01 -2.4710145500e-01  1.1457861600e-01  1.4014235500e-01  1.3896116700e-01
    1.2020000000e+01 -2.2927145800e-01 -2.8185457600e-01 -2.4252185500e-01  1.1424095400e-01  1.3937982800e-01  1.3862697600e-01
    1.2030000000e+01 -2.2458593900e-01 -2.7680195900e-01 -2.3797011600e-01  1.1392545100e-01  1.3865838400e-01  1.3831160900e-01
    1.2040000000e+01 -2.1992228300e-01 -2.7177216200e-01 -2.3344606100e-01  1.1363113000e-01  1.3797687100e-01  1.3801375600e-01
    1.2050000000e+01 -2.1528081400e-01 -2.6676707900e-01 -2.2894948200e-01  1.1335702000e-01  1.3733391600e-01  1.3773222200e-01
    1.2060000000e+01 -2.1066175400e-01 -2.6178851900e-01 -2.2448016500e-01  1.1310216800e-01  1.3672787000e-01  1.3746589400e-01
    1.2070000000e+01 -2.0606523400e-01 -2.5683812700e-01 -2.2003790400e-01  1.1286564900e-01  1.3615678400e-01  1.3721372200e-01
    1.2080000000e+01 -2.0149130200e-01 -2.5191728900e-01 -2.1562249800e-01  1.1264657600e-01  1.3561841000e-01  1.3697467700e-01
    1.2090000000e+01 -1.9693993400e-01 -2.4702703400e-01 -2.1123374100e-01  1.1244411500e-01  1.3511024600e-01  1.3674773800e-01
    1.2100000000e+01 -1.9241105000e-01 -2.4216794500e-01 -2.0687140700e-01  1.1225750100e-01  1.3462962100e-01  1.3653187200e-01
    1.2110000000e+01 -1.8790454000e-01 -2.3734010100e-01 -2.0253522200e-01  1.1208604000e-01  1.3417380300e-01  1.3632602400e-01
    1.2120000000e+01 -1.8342029100e-01 -2.3254306000e-01 -1.9822485200e-01  1.1192911200e-01  1.3374013600e-01  1.3612912100e-01
    1.2130000000e+01 -1.7895821600e-01 -2.2777587600e-01 -1.9393987000e-01  1.1178615400e-01  1.3332616900e-01  1.3594006900e-01
    1.2140000000e+01 -1.7451827000e-01 -2.2303715800e-01 -1.8967973300e-01  1.1165663300e-01  1.3292979200e-01  1.3575776900e-01
    1.2150000000e+01 -1.7010045500e-01 -2.1832516800e-01 -1.8544374500e-01  1.1154001800e-01  1.3254933800e-01  1.3558114800e-01
    1.2160000000e+01 -1.6570481400e-01 -2.1363794700e-01 -1.8123104300e-01  1.1143575000e-01  1.3218367100e-01  1.3540920100e-01
    1.2170000000e+01 -1.6133141300e-01 -2.0897346200e-01 -1.7704058700e-01  1.1134321900e-01  1.3183221800e-01  1.3524106700e-01
    1.2180000000e+01 -1.5698032300e-01 -2.0432976600e-01 -1.7287119500e-01  1.1126175100e-01  1.3149497300e-01  1.3507609200e-01
    1.2190000000e+01 -1.5265158900e-01 -1.9970514600e-01 -1.6872161400e-01  1.1119060200e-01  1.3117243600e-01  1.3491390200e-01
    1.2200000000e+01 -1.4834521400e-01 -1.9509824700e-01 -1.6459061100e-01  1.1112895000e-01  1.3086551400e-01  1.3475442900e-01
    1.2210000000e+01 -1.4406113100e-01 -1.9050814700e-01 -1.6047709200e-01  1.1107590400e-01  1.3057539300e-01  1.3459790200e-01
    1.2220000000e+01 -1.3979917400e-01 -1.8593439400e-01 -1.5638020700e-01  1.1103050800e-01  1.3030339400e-01  1.3444478700e-01
    1.2230000000e+01 -1.3555904600e-01 -1.8137697600e-01 -1.5229941900e-01  1.1099175800e-01  1.3005084200e-01  1.3429567900e-01
    1.2240000000e+01 -1.3134029400e-01 -1.7683626900e-01 -1.4823453400e-01  1.1095863900e-01  1.2981897100e-01  1.3415118600e-01
    1.2250000000e+01 -1.2714229000e-01 -1.7231296700e-01 -1.4418567800e-01  1.1093016900e-01  1.2960886500e-01  1.3401179500e-01
    1.2260000000e+01 -1.2296423500e-01 -1.6780801700e-01 -1.4015322600e-01  1.1090545500e-01  1.2942143500e-01  1.3387777300e-01
    1.2270000000e+01 -1.1880518500e-01 -1.6332258600e-01 -1.3613770500e-01  1.1088375400e-01  1.2925741500e-01  1.3374909100e-01
    1.2280000000e+01 -1.1466410600e-01 -1.5885805100e-01 -1.3213968000e-01  1.1086450500e-01  1.2911736100e-01  1.3362539300e-01
    1.2290000000e+01 -1.1053993700e-01 -1.5441600000e-01 -1.2815963500e-01  1.1084735000e-01  1.2900161900e-01  1.3350600600e-01
    1.2300000000e+01 -1.0643164700e-01 -1.4999823600e-01 -1.2419787400e-01  1.1083211400e-01  1.2891027300e-01  1.3338998400e-01
    1.2310000000e+01 -1.0233828100e-01 -1.4560674900e-01 -1.2025443100e-01  1.1081877400e-01  1.2884306700e-01  1.3327617900e-01
    1.2320000000e+01 -9.8258982000e-02 -1.4124365200e-01 -1.1632902000e-01  1.1080740800e-01  1.2879932600e-01  1.3316334700e-01
    1.2330000000e+01 -9.4192982000e-02 -1.3691107500e-01 -1.1242101400e-01  1.1079816600e-01  1.2877789900e-01  1.3305025200e-01
    1.2340000000e+01 -9.0139596000e-02 -1.3261104100e-01 -1.0852946100e-01  1.1079124000e-01  1.2877713800e-01  1.3293578200e-01
    1.2350000000e+01 -8.6098206000e-02 -1.2834533000e-01 -1.0465314800e-01  1.1078686400e-01  1.2879492400e-01  1.3281905200e-01
    1.2360000000e+01 -8.2068262000e-02 -1.2411536900e-01 -1.0079069300e-01  1.1078531100e-01  1.2882873500e-01  1.3269947600e-01
    1.2370000000e+01 -7.8049299000e-02 -1.1992214300e-01 -9.6940660000e-02  1.1078689700e-01  1.2887574100e-01  1.3257679600e-01
    1.2380000000e+01 -7.4040956000e-02 -1.1576615100e-01 -9.3101683000e-02  1.1079195500e-01  1.2893291600e-01  1.3245106600e-01
    1.2390000000e+01 -7.0042986000e-02 -1.1164738400e-01 -8.9272560000e-02  1.1080080800e-01  1.2899713500e-01  1.3232258100e-01
    1.2400000000e+01 -6.6055253000e-02 -1.0756533000e-01 -8.5452316000e-02  1.1081371600e-01  1.2906527300e-01  1.3219177600e-01
    1.2410000000e+01 -6.2077696000e-02 -1.0351897700e-01 -8.1640199000e-02  1.1083083300e-01  1.2913428400e-01  1.3205910500e-01
    1.2420000000e+01 -5.8110274000e-02 -9.9506839000e-02 -7.7835635000e-02  1.1085218500e-01  1.2920128100e-01  1.3192494400e-01
    1.2430000000e+01 -5.4152904000e-02 -9.5526965000e-02 -7.4038124000e-02  1.1087766900e-01  1.2926362200e-01  1.3178952900e-01
    1.2440000000e+01 -5.0205402000e-02 -9.1576983000e-02 -7.0247135000e-02  1.1090709300e-01  1.2931899600e-01  1.3165295200e-01
    1.2450000000e+01 -4.6267449000e-02 -8.7654155000e-02 -6.6462008000e-02  1.1094022900e-01  1.2936551800e-01  1.3151521900e-01
    1.2460000000e+01 -4.2338589000e-02 -8.3755469000e-02 -6.2681895000e-02  1.1097688100e-01  1.2940181500e-01  1.3137634400e-01
    1.2470000000e+01 -3.8418256000e-02 -7.9877758000e-02 -5.8905763000e-02  1.1101694200e-01  1.2942708500e-01  1.3123646400e-01
    1.2480000000e+01 -3.4505813000e-02 -7.6017846000e-02 -5.5132445000e-02  1.1106042800e-01  1.2944112200e-01  1.3109593800e-01
    1.2490000000e+01 -3.0600613000e-02 -7.2172683000e-02 -5.1360741000e-02  1.1110749700e-01  1.2944429100e-01  1.3095541400e-01
    1.2500000000e+01 -2.6702041000e-02 -6.8339484000e-02 -4.7589531000e-02  1.1115843600e-01  1.2943746100e-01  1.3081584200e-01
    1.2510000000e+01 -2.2809557000e-02 -6.4515817000e-02 -4.3817878000e-02  1.1121363700e-01  1.2942190500e-01  1.3067843300e-01
    1.2520000000e+01 -1.8922713000e-02 -6.0699664000e-02 -4.0045111000e-02  1.1127356200e-01  1.2939917900e-01  1.3054458400e-01
    1.2530000000e+01 -1.5041160000e-02 -5.6889432000e-02 -3.6270852000e-02  1.1133870900e-01  1.2937100500e-01  1.3041578300e-01
    1.2540000000e+01 -1.1164643000e-02 -5.3083941000e-02 -3.2495009000e-02  1.1140957500e-01  1.2933916200e-01  1.3029351300e-01
    1.2550000000e+01 -7.2929780000e-03 -4.9282372000e-02 -2.8717733000e-02  1.1148664300e-01  1.2930539400e-01  1.3017918600e-01
    1.2560000000e+01 -3.4260350000e-03 -4.5484206000e-02 -2.4939357000e-02  1.1157035800e-01  1.2927135600e-01  1.3007410700e-01
    1.2570000000e+01  4.3629400000e-04 -4.1689164000e-02 -2.1160344000e-02  1.1166113500e-01  1.2923857300e-01  1.2997947200e-01
    1.2580000000e+01  4.2941050000e-03 -3.7897130000e-02 -1.7381249000e-02  1.1175936700e-01  1.2920843300e-01  1.2989638500e-01
    1.2590000000e+01  8.1475000000e-03 -3.4108105000e-02 -1.3602712000e-02  1.1186544000e-01  1.2918219300e-01  1.2982589600e-01
    1.2600000000e+01  1.1996587000e-02 -3.0322160000e-02 -9.8254750000e-03  1.1197975600e-01  1.2916101400e-01  1.2976901000e-01
    1.2610000000e+01  1.5841466000e-02 -2.6539424000e-02 -6.0504150000e-03  1.1210274400e-01  1.2914599200e-01  1.2972668900e-01
    1.2620000000e+01  1.9682220000e-02 -2.2760082000e-02 -2.2785640000e-03  1.1223487700e-01  1.2913819500e-01  1.2969981900e-01
    1.2630000000e+01  2.3518893000e-02 -1.8984404000e-02  1.4888760000e-03  1.1237666600e-01  1.2913868700e-01  1.2968916200e-01
    1.2640000000e+01  2.7351476000e-02 -1.5212777000e-02  5.2505620000e-03  1.1252865800e-01  1.2914852400e-01  1.2969530300e-01
    1.2650000000e+01  3.1179899000e-02 -1.1445738000e-02  9.0050530000e-03  1.1269142100e-01  1.2916874200e-01  1.2971860500e-01
    1.2660000000e+01  3.5004024000e-02 -7.6839970000e-03  1.2750873000e-02  1.1286553800e-01  1.2920031200e-01  1.2975920100e-01
    1.2670000000e+01  3.8823649000e-02 -3.9284410000e-03  1.6486572000e-02  1.1305159000e-01  1.2924409500e-01  1.2981700500e-01
    1.2680000000e+01  4.2638515000e-02 -1.8011500000e-04  2.0210770000e-02  1.1325015400e-01  1.2930078400e-01  1.2989175200e-01
    1.2690000000e+01  4.6448306000e-02  3.5598140000e-03  2.3922174000e-02  1.1346180900e-01  1.2937086200e-01  1.2998305300e-01
    1.2700000000e+01  5.0252650000e-02  7.2901130000e-03  2.7619564000e-02  1.1368713700e-01  1.2945456400e-01  1.3009043600e-01
    1.2710000000e+01  5.4051106000e-02  1.1009555000e-02  3.1301762000e-02  1.1392673900e-01  1.2955187000e-01  1.3021337900e-01
    1.2720000000e+01  5.7843148000e-02  1.4716988000e-02  3.4967587000e-02  1.1418123400e-01  1.2966251500e-01  1.3035131500e-01
    1.2730000000e+01  6.1628128000e-02  1.8411402000e-02  3.8615816000e-02  1.1445126100e-01  1.2978603000e-01  1.3050360600e-01
    1.2740000000e+01  6.5405245000e-02  2.2091975000e-02  4.2245162000e-02  1.1473745400e-01  1.2992180900e-01  1.3066950100e-01
    1.2750000000e+01  6.9173512000e-02  2.5758094000e-02  4.5854269000e-02  1.1504041100e-01  1.3006919200e-01  1.3084808100e-01
    1.2760000000e+01  7.2931735000e-02  2.9409331000e-02  4.9441737000e-02  1.1536062900e-01  1.3022754300e-01  1.3103819700e-01
    1.2770000000e+01  7.6678512000e-02  3.3045390000e-02  5.3006176000e-02  1.1569844300e-01  1.3039632700e-01  1.3123842300e-01
    1.2780000000e+01  8.0412258000e-02  3.6666027000e-02  5.6546269000e-02  1.1605394700e-01  1.3057514000e-01  1.3144702700e-01
    1.2790000000e+01  8.4131259000e-02  4.0270952000e-02  6.0060851000e-02  1.1642692400e-01  1.3076370900e-01  1.3166196200e-01
    1.2800000000e+01  8.7833752000e-02  4.3859749000e-02  6.3548989000e-02  1.1681679900e-01  1.3096184000e-01  1.3188088400e-01
    1.2810000000e+01  9.1518021000e-02  4.7431825000e-02  6.7010045000e-02  1.1722261100e-01  1.3116933200e-01  1.3210119300e-01
    1.2820000000e+01  9.5182506000e-02  5.0986396000e-02  7.0443734000e-02  1.1764302700e-01  1.3138587400e-01  1.3232008100e-01
    1.2830000000e+01  9.8825900000e-02  5.4522529000e-02  7.3850163000e-02  1.1807638200e-01  1.3161094100e-01  1.3253459300e-01
    1.2840000000e+01  1.0244722600e-01  5.8039221000e-02  7.7229859000e-02  1.1852075700e-01  1.3184371200e-01  1.3274168900e-01
    1.2850000000e+01  1.0604589400e-01  6.1535519000e-02  8.0583787000e-02  1.1897407700e-01  1.3208302900e-01  1.3293830600e-01
    1.2860000000e+01  1.0962171300e-01  6.5010635000e-02  8.3913363000e-02  1.1943421300e-01  1.3232740500e-01  1.3312142200e-01
    1.2870000000e+01  1.1317487800e-01  6.8464063000e-02  8.7220462000e-02  1.1989908900e-01  1.3257507300e-01  1.3328812300e-01
    1.2880000000e+01  1.1670591400e-01  7.1895667000e-02  9.0507414000e-02  1.2036677200e-01  1.3282408400e-01  1.3343567600e-01
    1.2890000000e+01  1.2021560900e-01  7.5305731000e-02  9.3776991000e-02  1.2083552600e-01  1.3307241800e-01  1.3356161100e-01
    1.2900000000e+01  1.2370492400e-01  7.8694960000e-02  9.7032375000e-02  1.2130385300e-01  1.3331811500e-01  1.3366379300e-01
    1.2910000000e+01  1.2717491000e-01  8.2064441000e-02  1.0027711500e-01  1.2177047400e-01  1.3355939400e-01  1.3374050900e-01
    1.2920000000e+01  1.3062664200e-01  8.5415571000e-02  1.0351505800e-01  1.2223429900e-01  1.3379474500e-01  1.3379052900e-01
    1.2930000000e+01  1.3406118400e-01  8.8749948000e-02  1.0675027500e-01  1.2269436600e-01  1.3402298900e-01  1.3381317200e-01
    1.2940000000e+01  1.3747958800e-01  9.2069267000e-02  1.0998696900e-01  1.2314977200e-01  1.3424329900e-01  1.3380834400e-01
    1.2950000000e+01  1.4088293500e-01  9.5375217000e-02  1.1322937900e-01  1.2359962900e-01  1.3445517600e-01  1.3377658000e-01
    1.2960000000e+01  1.4427239300e-01  9.8669401000e-02  1.1648166200e-01  1.2404304000e-01  1.3465839700e-01  1.3371904800e-01
    1.2970000000e+01  1.4764928600e-01  1.0195328700e-01  1.1974778000e-01  1.2447912900e-01  1.3485294600e-01  1.3363755200e-01
    1.2980000000e+01  1.5101514500e-01  1.0522820200e-01  1.2303137400e-01  1.2490709500e-01  1.3503894100e-01  1.3353448700e-01
    1.2990000000e+01  1.5437172800e-01  1.0849533600e-01  1.2633564200e-01  1.2532630300e-01  1.3521657400e-01  1.3341277300e-01
    1.3000000000e+01  1.5772099300e-01  1.1175578800e-01  1.2966324900e-01  1.2573638300e-01  1.3538607200e-01  1.3327575500e-01
    1.3010000000e+01  1.6106503400e-01  1.1501059500e-01  1.3301625500e-01  1.2613731100e-01  1.3554768500e-01  1.3312707500e-01
    1.3020000000e+01  1.6440598100e-01  1.1826077100e-01  1.3639609000e-01  1.2652946900e-01  1.3570169500e-01  1.3297054000e-01
    1.3030000000e+01  1.6774588600e-01  1.2150732100e-01  1.3980356400e-01  1.2691366100e-01  1.3584844100e-01  1.3280998800e-01
    1.3040000000e+01  1.7108660700e-01  1.2475123900e-01  1.4323891200e-01  1.2729110000e-01  1.3598834900e-01  1.3264918400e-01
    1.3050000000e+01  1.7442969400e-01  1.2799348800e-01  1.4670185200e-01  1.2766334700e-01  1.3612195600e-01  1.3249174400e-01
    1.3060000000e+01  1.7777631000e-01  1.3123496500e-01  1.5019163600e-01  1.2803223200e-01  1.3624992200e-01  1.3234107200e-01
    1.3070000000e+01  1.8112715800e-01  1.3447647000e-01  1.5370710400e-01  1.2839975100e-01  1.3637302900e-01  1.3220033200e-01
    1.3080000000e+01  1.8448245300e-01  1.3771866500e-01  1.5724671400e-01  1.2876794200e-01  1.3649216600e-01  1.3207240400e-01
    1.3090000000e+01  1.8784191100e-01  1.4096205000e-01  1.6080857300e-01  1.2913875600e-01  1.3660830500e-01  1.3195984800e-01
    1.3100000000e+01  1.9120478800e-01  1.4420693000e-01  1.6439047200e-01  1.2951393000e-01  1.3672247300e-01  1.3186484500e-01
    1.3110000000e+01  1.9456995000e-01  1.4745339600e-01  1.6798993500e-01  1.2989485800e-01  1.3683571100e-01  1.3178913600e-01
    1.3120000000e+01  1.9793597900e-01  1.5070130400e-01  1.7160429700e-01  1.3028250200e-01  1.3694902700e-01  1.3173396100e-01
    1.3130000000e+01  2.0130131300e-01  1.5395027300e-01  1.7523080400e-01  1.3067732800e-01  1.3706333400e-01  1.3170001100e-01
    1.3140000000e+01  2.0466438900e-01  1.5719969300e-01  1.7886673200e-01  1.3107929100e-01  1.3717937700e-01  1.3168741100e-01
    1.3150000000e+01  2.0802378900e-01  1.6044877000e-01  1.8250952400e-01  1.3148786800e-01  1.3729766200e-01  1.3169573300e-01
    1.3160000000e+01  2.1137836200e-01  1.6369659200e-01  1.8615690700e-01  1.3190213500e-01  1.3741839500e-01  1.3172405500e-01
    1.3170000000e+01  2.1472730600e-01  1.6694222500e-01  1.8980700800e-01  1.3232087100e-01  1.3754144700e-01  1.3177105400e-01
    1.3180000000e+01  2.1807022100e-01  1.7018482000e-01  1.9345842100e-01  1.3274267500e-01  1.3766635000e-01  1.3183512200e-01
    1.3190000000e+01  2.2140711300e-01  1.7342371200e-01  1.9711024500e-01  1.3316608800e-01  1.3779234500e-01  1.3191451100e-01
    1.3200000000e+01  2.2473836400e-01  1.7665850500e-01  2.0076207300e-01  1.3358969600e-01  1.3791845300e-01  1.3200747000e-01
    1.3210000000e+01  2.2806468500e-01  1.7988911500e-01  2.0441393600e-01  1.3401221900e-01  1.3804357800e-01  1.3211236800e-01
    1.3220000000e+01  2.3138703800e-01  1.8311576900e-01  2.0806621100e-01  1.3443256400e-01  1.3816661700e-01  1.3222779000e-01
    1.3230000000e+01  2.3470656600e-01  1.8633897100e-01  2.1171951300e-01  1.3484985100e-01  1.3828655400e-01  1.3235258600e-01
    1.3240000000e+01  2.3802452200e-01  1.8955942300e-01  2.1537457800e-01  1.3526341600e-01  1.3840252500e-01  1.3248587800e-01
    1.3250000000e+01  2.4134222200e-01  1.9277794600e-01  2.1903217400e-01  1.3567278900e-01  1.3851384500e-01  1.3262702100e-01
    1.3260000000e+01  2.4466101100e-01  1.9599539500e-01  2.2269303600e-01  1.3607766400e-01  1.3861999000e-01  1.3277553700e-01
    1.3270000000e+01  2.4798225400e-01  1.9921260900e-01  2.2635784200e-01  1.3647786600e-01  1.3872055500e-01  1.3293103900e-01
    1.3280000000e+01  2.5130734900e-01  2.0243038400e-01  2.3002722600e-01  1.3687334000e-01  1.3881519700e-01  1.3309315600e-01
    1.3290000000e+01  2.5463774100e-01  2.0564948000e-01  2.3370183000e-01  1.3726414600e-01  1.3890357000e-01  1.3326148600e-01
    1.3300000000e+01  2.5797493100e-01  2.0887066100e-01  2.3738237000e-01  1.3765048100e-01  1.3898529300e-01  1.3343557100e-01
    1.3310000000e+01  2.6132048300e-01  2.1209473700e-01  2.4106969700e-01  1.3803271600e-01  1.3905992400e-01  1.3361491300e-01
    1.3320000000e+01  2.6467599500e-01  2.1532261800e-01  2.4476486800e-01  1.3841143200e-01  1.3912696900e-01  1.3379902400e-01
    1.3330000000e+01  2.6804305600e-01  2.1855536200e-01  2.4846917100e-01  1.3878745700e-01  1.3918591400e-01  1.3398749800e-01
    1.3340000000e+01  2.7142318400e-01  2.2179420000e-01  2.5218413900e-01  1.3916189000e-01  1.3923626900e-01  1.3418010300e-01
    1.3350000000e+01  2.7481774600e-01  2.2504054800e-01  2.5591151200e-01  1.3953609000e-01  1.3927762700e-01  1.3437687300e-01
    1.3360000000e+01  2.7822788100e-01  2.2829598600e-01  2.5965317100e-01  1.3991164500e-01  1.3930972700e-01  1.3457819200e-01
    1.3370000000e+01  2.8165443600e-01  2.3156221500e-01  2.6341103700e-01  1.4029030300e-01  1.3933250000e-01  1.3478485400e-01
    1.3380000000e+01  2.8509792000e-01  2.3484100200e-01  2.6718693900e-01  1.4067387900e-01  1.3934609500e-01  1.3499808300e-01
    1.3390000000e+01  2.8855851000e-01  2.3813411100e-01  2.7098248900e-01  1.4106414400e-01  1.3935087200e-01  1.3521949900e-01
    1.3400000000e+01  2.9203609100e-01  2.4144325600e-01  2.7479895800e-01  1.4146272800e-01  1.3934737300e-01  1.3545104700e-01
    1.3410000000e+01  2.9553034200e-01  2.4477006700e-01  2.7863719800e-01  1.4187104300e-01  1.3933626900e-01  1.3569486500e-01
    1.3420000000e+01  2.9904083900e-01  2.4811610500e-01  2.8249761000e-01  1.4229024900e-01  1.3931830100e-01  1.3595314300e-01
    1.3430000000e+01  3.0256716700e-01  2.5148289500e-01  2.8638018000e-01  1.4272127300e-01  1.3929423700e-01  1.3622797600e-01
    1.3440000000e+01  3.0610899500e-01  2.5487198800e-01  2.9028456500e-01  1.4316487400e-01  1.3926486400e-01  1.3652124900e-01
    1.3450000000e+01  3.0966611900e-01  2.5828502800e-01  2.9421021500e-01  1.4362172800e-01  1.3923101600e-01  1.3683457200e-01
    1.3460000000e+01  3.1323845300e-01  2.6172379100e-01  2.9815650100e-01  1.4409252000e-01  1.3919364200e-01  1.3716928100e-01
    1.3470000000e+01  3.1682597500e-01  2.6519019000e-01  3.0212282400e-01  1.4457801000e-01  1.3915389800e-01  1.3752648100e-01
    1.3480000000e+01  3.2042865700e-01  2.6868622800e-01  3.0610867100e-01  1.4507906500e-01  1.3911324600e-01  1.3790714400e-01
    1.3490000000e+01  3.2404639400e-01  2.7221391100e-01  3.1011362400e-01  1.4559664300e-01  1.3907351900e-01  1.3831219700e-01
    1.3500000000e+01  3.2767894100e-01  2.7577512100e-01  3.1413732100e-01  1.4613175000e-01  1.3903695200e-01  1.3874260300e-01
    1.3510000000e+01  3.3132590100e-01  2.7937149900e-01  3.1817937700e-01  1.4668537800e-01  1.3900615700e-01  1.3919940100e-01
    1.3520000000e+01  3.3498672500e-01  2.8300433300e-01  3.2223930800e-01  1.4725844100e-01  1.3898404700e-01  1.3968369900e-01
    1.3530000000e+01  3.3866075400e-01  2.8667449900e-01  3.2631646000e-01  1.4785173100e-01  1.3897373900e-01  1.4019661900e-01
    1.3540000000e+01  3.4234725700e-01  2.9038243500e-01  3.3040997800e-01  1.4846589700e-01  1.3897843800e-01  1.4073922900e-01
    1.3550000000e+01  3.4604547200e-01  2.9412815800e-01  3.3451880300e-01  1.4910144700e-01  1.3900134800e-01  1.4131244600e-01
    1.3560000000e+01  3.4975463100e-01  2.9791129700e-01  3.3864171500e-01  1.4975876200e-01  1.3904559000e-01  1.4191695400e-01
    1.3570000000e+01  3.5347396100e-01  3.0173113500e-01  3.4277740500e-01  1.5043811100e-01  1.3911415800e-01  1.4255313700e-01
    1.3580000000e+01  3.5720267200e-01  3.0558664400e-01  3.4692457100e-01  1.5113964800e-01  1.3920988400e-01  1.4322103900e-01
    1.3590000000e+01  3.6093995100e-01  3.0947650800e-01  3.5108203100e-01  1.5186339700e-01  1.3933540700e-01  1.4392036400e-01
    1.3600000000e+01  3.6468496500e-01  3.1339914400e-01  3.5524882400e-01  1.5260920600e-01  1.3949314400e-01  1.4465051200e-01
    1.3610000000e+01  3.6843688300e-01  3.1735272000e-01  3.5942430500e-01  1.5337670900e-01  1.3968524200e-01  1.4541066400e-01
    1.3620000000e+01  3.7219492800e-01  3.2133518000e-01  3.6360819400e-01  1.5416528000e-01  1.3991353100e-01  1.4619988000e-01
    1.3630000000e+01  3.7595845000e-01  3.2534428800e-01  3.6780058100e-01  1.5497401200e-01  1.4017945800e-01  1.4701722100e-01
    1.3640000000e+01  3.7972699800e-01  3.2937769800e-01  3.7200189000e-01  1.5580171100e-01  1.4048402200e-01  1.4786184800e-01
    1.3650000000e+01  3.8350040500e-01  3.3343304900e-01  3.7621280400e-01  1.5664691800e-01  1.4082772000e-01  1.4873309600e-01
    1.3660000000e+01  3.8727886600e-01  3.3750810000e-01  3.8043418200e-01  1.5750793500e-01  1.4121050800e-01  1.4963049700e-01
    1.3670000000e+01  3.9106301100e-01  3.4160088500e-01  3.8466698000e-01  1.5838287500e-01  1.4163181500e-01  1.5055377000e-01
    1.3680000000e+01  3.9485399100e-01  3.4570987600e-01  3.8891220800e-01  1.5926972200e-01  1.4209059500e-01  1.5150276700e-01
    1.3690000000e+01  3.9865355000e-01  3.4983414100e-01  3.9317091500e-01  1.6016641300e-01  1.4258545100e-01  1.5247742200e-01
    1.3700000000e+01  4.0246410600e-01  3.5397345400e-01  3.9744422600e-01  1.6107095400e-01  1.4311480800e-01  1.5347769300e-01
    1.3710000000e+01  4.0628880200e-01  3.5812835800e-01  4.0173339900e-01  1.6198156400e-01  1.4367712200e-01  1.5450354100e-01
    1.3720000000e+01  4.1013153500e-01  3.6230015100e-01  4.0603990600e-01  1.6289685800e-01  1.4427111100e-01  1.5555494000e-01
    1.3730000000e+01  4.1399692200e-01  3.6649080600e-01  4.1036549700e-01  1.6381605000e-01  1.4489596200e-01  1.5663193500e-01
    1.3740000000e+01  4.1789022100e-01  3.7070282600e-01  4.1471225900e-01  1.6473915800e-01  1.4555151800e-01  1.5773472600e-01
    1.3750000000e+01  4.2181717900e-01  3.7493906900e-01  4.1908261800e-01  1.6566719900e-01  1.4623839700e-01  1.5886378300e-01
    1.3760000000e+01  4.2578382400e-01  3.7920253600e-01  4.2347932800e-01  1.6660234600e-01  1.4695806800e-01  1.6001995400e-01
    1.3770000000e+01  4.2979620800e-01  3.8349616800e-01  4.2790539600e-01  1.6754802300e-01  1.4771286100e-01  1.6120457700e-01
    1.3780000000e+01  4.3386012400e-01  3.8782265700e-01  4.3236400400e-01  1.6850893700e-01  1.4850592700e-01  1.6241956600e-01
    1.3790000000e+01  4.3798082900e-01  3.9218427300e-01  4.3685838600e-01  1.6949101200e-01  1.4934115800e-01  1.6366747100e-01
    1.3800000000e+01  4.4216278900e-01  3.9658273800e-01  4.4139170800e-01  1.7050126900e-01  1.5022308100e-01  1.6495150500e-01
    1.3810000000e+01  4.4640948600e-01  4.0101912300e-01  4.4596694200e-01  1.7154763200e-01  1.5115672800e-01  1.6627554600e-01
    1.3820000000e+01  4.5072328500e-01  4.0549379500e-01  4.5058674200e-01  1.7263871600e-01  1.5214751100e-01  1.6764410200e-01
    1.3830000000e+01  4.5510536500e-01  4.1000637900e-01  4.5525333900e-01  1.7378361300e-01  1.5320110000e-01  1.6906224700e-01
    1.3840000000e+01  4.5955569700e-01  4.1455575100e-01  4.5996846000e-01  1.7499168900e-01  1.5432331500e-01  1.7053554100e-01
    1.3850000000e+01  4.6407305500e-01  4.1914003800e-01  4.6473328400e-01  1.7627241100e-01  1.5552004000e-01  1.7206993900e-01
    1.3860000000e+01  4.6865503500e-01  4.2375660600e-01  4.6954842100e-01  1.7763518500e-01  1.5679714400e-01  1.7367169900e-01
    1.3870000000e+01  4.7329809700e-01  4.2840204900e-01  4.7441392300e-01  1.7908921900e-01  1.5816040600e-01  1.7534732900e-01
    1.3880000000e+01  4.7799760500e-01  4.3307216500e-01  4.7932929400e-01  1.8064338500e-01  1.5961542700e-01  1.7710353700e-01
    1.3890000000e+01  4.8274788900e-01  4.3776192800e-01  4.8429350000e-01  1.8230609200e-01  1.6116752100e-01  1.7894722900e-01
    1.3900000000e+01  4.8754232000e-01  4.4246548300e-01  4.8930494700e-01  1.8408517000e-01  1.6282157100e-01  1.8088550400e-01
    1.3910000000e+01  4.9237339100e-01  4.4717616700e-01  4.9436144600e-01  1.8598777400e-01  1.6458187000e-01  1.8292566300e-01
    1.3920000000e+01  4.9723279700e-01  4.5188658700e-01  4.9946014900e-01  1.8802029800e-01  1.6645194100e-01  1.8507519000e-01
    1.3930000000e+01  5.0211151500e-01  4.5658874200e-01  5.0459748100e-01  1.9018830300e-01  1.6843437300e-01  1.8734172500e-01
    1.3940000000e+01  5.0699987300e-01  4.6127420600e-01  5.0976906900e-01  1.9249642200e-01  1.7053068700e-01  1.8973301600e-01
    1.3950000000e+01  5.1188763300e-01  4.6593435200e-01  5.1496967400e-01  1.9494826400e-01  1.7274124800e-01  1.9225685600e-01
    1.3960000000e+01  5.1676410400e-01  4.7056059700e-01  5.2019312500e-01  1.9754628800e-01  1.7506525600e-01  1.9492102100e-01
    1.3970000000e+01  5.2161830700e-01  4.7514463200e-01  5.2543223600e-01  2.0029168600e-01  1.7750080600e-01  1.9773318600e-01
    1.3980000000e+01  5.2643919800e-01  4.7967862300e-01  5.3067871400e-01  2.0318428400e-01  1.8004501600e-01  2.0070083900e-01
    1.3990000000e+01  5.3121593800e-01  4.8415533600e-01  5.3592304100e-01  2.0622249900e-01  1.8269419900e-01  2.0383113400e-01
    1.4000000000e+01  5.3593819700e-01  4.8856819100e-01  5.4115436500e-01  2.0940338500e-01  1.8544404400e-01  2.0713069700e-01
    1.4010000000e+01  5.4059646600e-01  4.9291125200e-01  5.4636041700e-01  2.1272275700e-01  1.8828976400e-01  2.1060534800e-01
    1.4020000000e+01  5.4518232100e-01  4.9717916900e-01  5.5152749400e-01  2.1617541800e-01  1.9122618800e-01  2.1425975500e-01
    1.4030000000e+01  5.4968863900e-01  5.0136713100e-01  5.5664055300e-01  2.1975546900e-01  1.9424778300e-01  2.1809703400e-01
    1.4040000000e+01  5.5410971800e-01  5.0547085000e-01  5.6168344300e-01  2.2345667900e-01  1.9734863400e-01  2.2211834000e-01
    1.4050000000e+01  5.5844129200e-01  5.0948661400e-01  5.6663927300e-01  2.2727288700e-01  2.0052238900e-01  2.2632251200e-01
    1.4060000000e+01  5.6268043300e-01  5.1341140500e-01  5.7149092000e-01  2.3119841400e-01  2.0376224200e-01  2.3070581100e-01
    1.4070000000e+01  5.6682533300e-01  5.1724307100e-01  5.7622161800e-01  2.3522844700e-01  2.0706096300e-01  2.3526181300e-01
    1.4080000000e+01  5.7087498100e-01  5.2098050800e-01  5.8081558700e-01  2.3935936600e-01  2.1041101300e-01  2.3998149400e-01
    1.4090000000e+01  5.7482873700e-01  5.2462381800e-01  5.8525861800e-01  2.4358898200e-01  2.1380475100e-01  2.4485349100e-01
    1.4100000000e+01  5.7868583200e-01  5.2817440700e-01  5.8953856800e-01  2.4791666900e-01  2.1723469500e-01  2.4986454400e-01
    1.4110000000e+01  5.8244481600e-01  5.3163500400e-01  5.9364568600e-01  2.5234334200e-01  2.2069382500e-01  2.5500006000e-01
    1.4120000000e+01  5.8610298900e-01  5.3500959500e-01  5.9757274700e-01  2.5687129300e-01  2.2417589200e-01  2.6024473500e-01
    1.4130000000e+01  5.8965585600e-01  5.3830329000e-01  6.0131499800e-01  2.6150383300e-01  2.2767570100e-01  2.6558316000e-01
    1.4140000000e+01  5.9309667200e-01  5.4152213500e-01  6.0486992200e-01  2.6624477500e-01  2.3118937600e-01  2.7100034300e-01
    1.4150000000e+01  5.9641611900e-01  5.4467287800e-01  6.0823689100e-01  2.7109774500e-01  2.3471460000e-01  2.7648209400e-01
    1.4160000000e+01  5.9960218600e-01  5.4776269000e-01  6.1141676000e-01  2.7606537500e-01  2.3825083900e-01  2.8201525900e-01
    1.4170000000e+01  6.0264029300e-01  5.5079879100e-01  6.1441147300e-01  2.8114843000e-01  2.4179955300e-01  2.8758779300e-01
    1.4180000000e+01  6.0551368500e-01  5.5378799400e-01  6.1722373000e-01  2.8634495700e-01  2.4536435100e-01  2.9318872200e-01
    1.4190000000e+01  6.0820410200e-01  5.5673612500e-01  6.1985674100e-01  2.9164953700e-01  2.4895103900e-01  2.9880803400e-01
    1.4200000000e+01  6.1069267500e-01  5.5964736800e-01  6.2231407000e-01  2.9705274800e-01  2.5256750000e-01  3.0443653600e-01
    1.4210000000e+01  6.1296099200e-01  5.6252359800e-01  6.2459955500e-01  3.0254090000e-01  2.5622335100e-01  3.1006572700e-01
    1.4220000000e+01  6.1499220600e-01  5.6536377800e-01  6.2671728400e-01  3.0809610100e-01  2.5992935200e-01  3.1568770600e-01
    1.4230000000e+01  6.1677210100e-01  5.6816355200e-01  6.2867158800e-01  3.1369665600e-01  2.6369660200e-01  3.2129511300e-01
    1.4240000000e+01  6.1828997600e-01  5.7091508800e-01  6.3046703000e-01  3.1931774700e-01  2.6753558200e-01  3.2688111100e-01
    1.4250000000e+01  6.1953929500e-01  5.7360724400e-01  6.3210838600e-01  3.2493231100e-01  2.7145517600e-01  3.3243937100e-01
    1.4260000000e+01  6.2051804600e-01  5.7622603500e-01  6.3360061100e-01  3.3051202700e-01  2.7546175700e-01  3.3796406500e-01
    1.4270000000e+01  6.2122884700e-01  5.7875536500e-01  6.3494881000e-01  3.3602830900e-01  2.7955847400e-01  3.4344983000e-01
    1.4280000000e+01  6.2167880100e-01  5.8117792100e-01  6.3615822200e-01  3.4145322900e-01  2.8374478100e-01  3.4889172900e-01
    1.4290000000e+01  6.2187917800e-01  5.8347614300e-01  6.3723425400e-01  3.4676033900e-01  2.8801626800e-01  3.5428521100e-01
    1.4300000000e+01  6.2184494500e-01  5.8563316400e-01  6.3818253500e-01  3.5192535000e-01  2.9236475800e-01  3.5962610400e-01
    1.4310000000e+01  6.2159422600e-01  5.8763364500e-01  6.3900900300e-01  3.5692665700e-01  2.9677864900e-01  3.6491065600e-01
    1.4320000000e+01  6.2114769900e-01  5.8946445000e-01  6.3971998000e-01  3.6174572400e-01  3.0124342200e-01  3.7013566200e-01
    1.4330000000e+01  6.2052800600e-01  5.9111514000e-01  6.4032219800e-01  3.6636732600e-01  3.0574227300e-01  3.7529866200e-01
    1.4340000000e+01  6.1975918100e-01  5.9257826700e-01  6.4082270700e-01  3.7077968100e-01  3.1025678800e-01  3.8039820700e-01
    1.4350000000e+01  6.1886612300e-01  5.9384950100e-01  6.4122864500e-01  3.7497452300e-01  3.1476762000e-01  3.8543411200e-01
    1.4360000000e+01  6.1787409600e-01  5.9492759800e-01  6.4154685200e-01  3.7894712000e-01  3.1925511900e-01  3.9040763800e-01
    1.4370000000e+01  6.1680822400e-01  5.9581423700e-01  6.4178336100e-01  3.8269627900e-01  3.2369990300e-01  3.9532150500e-01
    1.4380000000e+01  6.1569295500e-01  5.9651376000e-01  6.4194287700e-01  3.8622431000e-01  3.2808331700e-01  4.0017966700e-01
    1.4390000000e+01  6.1455146800e-01  5.9703284500e-01  6.4202833300e-01  3.8953690700e-01  3.3238779500e-01  4.0498686200e-01
    1.4400000000e+01  6.1340504000e-01  5.9738015700e-01  6.4204067100e-01  3.9264289600e-01  3.3659709800e-01  4.0974799200e-01
    1.4410000000e+01  6.1227243000e-01  5.9756600400e-01  6.4197887400e-01  3.9555379400e-01  3.4069644400e-01  4.1446743700e-01
    1.4420000000e+01  6.1116935900e-01  5.9760205200e-01  6.4184026800e-01  3.9828317000e-01  3.4467254800e-01  4.1914846200e-01
    1.4430000000e+01  6.1010819500e-01  5.9750110500e-01  6.4162099900e-01  4.0084583600e-01  3.4851361400e-01  4.2379278500e-01
    1.4440000000e+01  6.0909789500e-01  5.9727697600e-01  6.4131658900e-01  4.0325696100e-01  3.5220932900e-01  4.2840038200e-01
    1.4450000000e+01  6.0814424400e-01  5.9694438900e-01  6.4092245900e-01  4.0553122300e-01  3.5575089500e-01  4.3296947500e-01
    1.4460000000e+01  6.0725032800e-01  5.9651890000e-01  6.4043436000e-01  4.0768211400e-01  3.5913113400e-01  4.3749666200e-01
    1.4470000000e+01  6.0641716700e-01  5.9601675600e-01  6.3984870700e-01  4.0972146400e-01  3.6234462400e-01  4.4197709700e-01
    1.4480000000e+01  6.0564439600e-01  5.9545468100e-01  6.3916284900e-01  4.1165921200e-01  3.6538785200e-01  4.4640469600e-01
    1.4490000000e+01  6.0493090000e-01  5.9484957700e-01  6.3837529600e-01  4.1350339600e-01  3.6825931400e-01  4.5077235200e-01
    1.4500000000e+01  6.0427534600e-01  5.9421819000e-01  6.3748593700e-01  4.1526028900e-01  3.7095950800e-01  4.5507218800e-01
    1.4510000000e+01  6.0367661100e-01  5.9357678200e-01  6.3649621200e-01  4.1693461100e-01  3.7349082800e-01  4.5929586000e-01
    1.4520000000e+01  6.0313411900e-01  5.9294088300e-01  6.3540921000e-01  4.1852979400e-01  3.7585736100e-01  4.6343492800e-01
    1.4530000000e+01  6.0264812000e-01  5.9232514300e-01  6.3422966600e-01  4.2004826500e-01  3.7806464400e-01  4.6748122700e-01
    1.4540000000e+01  6.0221994200e-01  5.9174329600e-01  6.3296384700e-01  4.2149178000e-01  3.8011945000e-01  4.7142723000e-01
    1.4550000000e+01  6.0185216700e-01  5.9120819600e-01  6.3161937000e-01  4.2286184100e-01  3.8202964100e-01  4.7526632100e-01
    1.4560000000e+01  6.0154871300e-01  5.9073186400e-01  6.3020500700e-01  4.2416019200e-01  3.8380413100e-01  4.7899299600e-01
    1.4570000000e+01  6.0131474600e-01  5.9032549200e-01  6.2873050300e-01  4.2538937300e-01  3.8545293800e-01  4.8260301100e-01
    1.4580000000e+01  6.0115637700e-01  5.8999934400e-01  6.2720644900e-01  4.2655325900e-01  3.8698728500e-01  4.8609354400e-01
    1.4590000000e+01  6.0108015800e-01  5.8976253400e-01  6.2564414500e-01  4.2765749400e-01  3.8841968900e-01  4.8946340800e-01
    1.4600000000e+01  6.0109240000e-01  5.8962269300e-01  6.2405539000e-01  4.2870971800e-01  3.8976396300e-01  4.9271334300e-01
    1.4610000000e+01  6.0119841400e-01  5.8958557100e-01  6.2245213000e-01  4.2971952300e-01  3.9103507400e-01  4.9584634500e-01
    1.4620000000e+01  6.0140180200e-01  5.8965466100e-01  6.2084589500e-01  4.3069811400e-01  3.9224882000e-01  4.9886794400e-01
    1.4630000000e+01  6.0170390100e-01  5.8983092200e-01  6.1924705000e-01  4.3165770600e-01  3.9342135600e-01  5.0178630900e-01
    1.4640000000e+01  6.0210349300e-01  5.9011266300e-01  6.1766391800e-01  4.3261073900e-01  3.9456861500e-01  5.0461206700e-01
    1.4650000000e+01  6.0259683200e-01  5.9049563700e-01  6.1610192100e-01  4.3356903200e-01  3.9570570100e-01  5.0735778200e-01
    1.4660000000e+01  6.0317798800e-01  5.9097330900e-01  6.1456288600e-01  4.3454301600e-01  3.9684635600e-01  5.1003707100e-01
    1.4670000000e+01  6.0383944000e-01  5.9153726700e-01  6.1304466500e-01  4.3554114500e-01  3.9800254900e-01  5.1266346000e-01
    1.4680000000e+01  6.0457282900e-01  5.9217769100e-01  6.1154118100e-01  4.3656959900e-01  3.9918422300e-01  5.1524909700e-01
    1.4690000000e+01  6.0536973400e-01  5.9288381600e-01  6.1004293800e-01  4.3763226500e-01  4.0039918700e-01  5.1780349500e-01
    1.4700000000e+01  6.0622236500e-01  5.9364435500e-01  6.0853795900e-01  4.3873100600e-01  4.0165311600e-01  5.2033249100e-01
    1.4710000000e+01  6.0712407800e-01  5.9444784400e-01  6.0701306200e-01  4.3986610900e-01  4.0294961500e-01  5.2283757500e-01
    1.4720000000e+01  6.0806968200e-01  5.9528294300e-01  6.0545531600e-01  4.4103685600e-01  4.0429030200e-01  5.2531568000e-01
    1.4730000000e+01  6.0905553200e-01  5.9613870300e-01  6.0385349000e-01  4.4224210800e-01  4.0567490500e-01  5.2775949700e-01
    1.4740000000e+01  6.1007943700e-01  5.9700482600e-01  6.0219931000e-01  4.4348084500e-01  4.0710135300e-01  5.3015826700e-01
    1.4750000000e+01  6.1114042800e-01  5.9787193400e-01  6.0048835300e-01  4.4475262100e-01  4.0856591000e-01  5.3249894800e-01
    1.4760000000e+01  6.1223841800e-01  5.9873184300e-01  5.9872046800e-01  4.4605790100e-01  4.1006332900e-01  5.3476758600e-01
    1.4770000000e+01  6.1337381300e-01  5.9957783900e-01  5.9689969900e-01  4.4739828900e-01  4.1158709200e-01  5.3695070300e-01
    1.4780000000e+01  6.1454707700e-01  6.0040491100e-01  5.9503376000e-01  4.4877662400e-01  4.1312971700e-01  5.3903650000e-01
    1.4790000000e+01  6.1575830400e-01  6.0120992000e-01  5.9313318200e-01  4.5019695500e-01  4.1468313900e-01  5.4101576100e-01
    1.4800000000e+01  6.1700682000e-01  6.0199166300e-01  5.9121029600e-01  4.5166440600e-01  4.1623914900e-01  5.4288236000e-01
    1.4810000000e+01  6.1829084800e-01  6.0275081500e-01  5.8927820300e-01  4.5318492900e-01  4.1778982600e-01  5.4463339600e-01
    1.4820000000e+01  6.1960724600e-01  6.0348975100e-01  5.8734987200e-01  4.5476500300e-01  4.1932794800e-01  5.4626901300e-01
    1.4830000000e+01  6.2095134100e-01  6.0421228100e-01  5.8543743000e-01  4.5641127400e-01  4.2084731600e-01  5.4779201200e-01
    1.4840000000e+01  6.2231683300e-01  6.0492331500e-01  5.8355165900e-01  4.5813018200e-01  4.2234298700e-01  5.4920735100e-01
    1.4850000000e+01  6.2369576600e-01  6.0562851000e-01  5.8170170200e-01  4.5992757300e-01  4.2381142100e-01  5.5052162500e-01
    1.4860000000e+01  6.2507857500e-01  6.0633390500e-01  5.7989489700e-01  4.6180827900e-01  4.2525051500e-01  5.5174256800e-01
    1.4870000000e+01  6.2645421300e-01  6.0704557500e-01  5.7813671700e-01  4.6377567000e-01  4.2665956200e-01  5.5287860300e-01
    1.4880000000e+01  6.2781042300e-01  6.0776932500e-01  5.7643078600e-01  4.6583119700e-01  4.2803912200e-01  5.5393841800e-01
    1.4890000000e+01  6.2913416100e-01  6.0851044200e-01  5.7477895000e-01  4.6797396600e-01  4.2939082000e-01  5.5493056500e-01
    1.4900000000e+01  6.3041219300e-01  6.0927352900e-01  5.7318143100e-01  4.7020043300e-01  4.3071710000e-01  5.5586308100e-01
    1.4910000000e+01  6.3163181800e-01  6.1006243200e-01  5.7163706400e-01  4.7250427700e-01  4.3202096000e-01  5.5674313900e-01
    1.4920000000e+01  6.3278163800e-01  6.1088025600e-01  5.7014362100e-01  4.7487653300e-01  4.3330570200e-01  5.5757677200e-01
    1.4930000000e+01  6.3385228100e-01  6.1172945300e-01  5.6869822500e-01  4.7730597900e-01  4.3457472300e-01  5.5836869700e-01
    1.4940000000e+01  6.3483696400e-01  6.1261197300e-01  5.6729779000e-01  4.7977976800e-01  4.3583139100e-01  5.5912226700e-01
    1.4950000000e+01  6.3573181200e-01  6.1352941500e-01  5.6593946900e-01  4.8228421800e-01  4.3707898800e-01  5.5983960200e-01
    1.4960000000e+01  6.3653588000e-01  6.1448316500e-01  5.6462101100e-01  4.8480565900e-01  4.3832074100e-01  5.6052185400e-01
    1.4970000000e+01  6.3725087200e-01  6.1547446500e-01  5.6334098800e-01  4.8733120700e-01  4.3955990100e-01  5.6116959900e-01
    1.4980000000e+01  6.3788063700e-01  6.1650442400e-01  5.6209883200e-01  4.8984934400e-01  4.4079982100e-01  5.6178327800e-01
    1.4990000000e+01  6.3843052600e-01  6.1757397300e-01  5.6089467300e-01  4.9235023200e-01  4.4204401900e-01  5.6236359200e-01
    1.5000000000e+01  6.3890677700e-01  6.1868379200e-01  5.5972903300e-01  4.9482575100e-01  4.4329618000e-01  5.6291176700e-01
    1.5010000000e+01  6.3931601400e-01  6.1983426500e-01  5.5860243500e-01  4.9726932200e-01  4.4456011600e-01  5.6342963400e-01
    1.5020000000e+01  6.3966494600e-01  6.2102546400e-01  5.5751503500e-01  4.9967560100e-01  4.4583970400e-01  5.6391951000e-01
    1.5030000000e+01  6.3996026200e-01  6.2225718300e-01  5.5646636700e-01  5.0204016800e-01  4.4713882900e-01  5.6438390600e-01
    1.5040000000e+01  6.4020868600e-01  6.2352899500e-01  5.5545527500e-01  5.0435929600e-01  4.4846137700e-01  5.6482514900e-01
    1.5050000000e+01  6.4041711900e-01  6.2484031700e-01  5.5448003700e-01  5.0662983800e-01  4.4981126300e-01  5.6524500300e-01
    1.5060000000e+01  6.4059280100e-01  6.2619043700e-01  5.5353867900e-01  5.0884925600e-01  4.5119251200e-01  5.6564440100e-01
    1.5070000000e+01  6.4074342400e-01  6.2757849200e-01  5.5262938900e-01  5.1101578300e-01  4.5260936800e-01  5.6602333900e-01
    1.5080000000e+01  6.4087714400e-01  6.2900338300e-01  5.5175095200e-01  5.1312867500e-01  4.5406640300e-01  5.6638098600e-01
    1.5090000000e+01  6.4100244400e-01  6.3046361900e-01  5.5090311200e-01  5.1518850100e-01  4.5556859900e-01  5.6671597600e-01
    1.5100000000e+01  6.4112784500e-01  6.3195709800e-01  5.5008678200e-01  5.1719741000e-01  4.5712135900e-01  5.6702685100e-01
    1.5110000000e+01  6.4126146300e-01  6.3348087000e-01  5.4930405700e-01  5.1915928700e-01  4.5873043700e-01  5.6731256000e-01
    1.5120000000e+01  6.4141046500e-01  6.3503090100e-01  5.4855803000e-01  5.2107973600e-01  4.6040175200e-01  5.6757294900e-01
    1.5130000000e+01  6.4158051500e-01  6.3660191200e-01  5.4785241500e-01  5.2296583200e-01  4.6214110300e-01  5.6780914600e-01
    1.5140000000e+01  6.4177530500e-01  6.3818731000e-01  5.4719104700e-01  5.2482564300e-01  4.6395381600e-01  5.6802380300e-01
    1.5150000000e+01  6.4199627300e-01  6.3977926700e-01  5.4657730300e-01  5.2666756400e-01  4.6584437300e-01  5.6822113000e-01
    1.5160000000e+01  6.4224260700e-01  6.4136891100e-01  5.4601353100e-01  5.2849955100e-01  4.6781607900e-01  5.6840672300e-01
    1.5170000000e+01  6.4251154100e-01  6.4294662700e-01  5.4550055500e-01  5.3032837900e-01  4.6987082000e-01  5.6858717800e-01
    1.5180000000e+01  6.4279894300e-01  6.4450239700e-01  5.4503734800e-01  5.3215906000e-01  4.7200893900e-01  5.6876954500e-01
    1.5190000000e+01  6.4310010600e-01  6.4602613400e-01  5.4462091800e-01  5.3399454100e-01  4.7422923100e-01  5.6896066500e-01
    1.5200000000e+01  6.4341058100e-01  6.4750795500e-01  5.4424645800e-01  5.3583574600e-01  4.7652902800e-01  5.6916651900e-01
    1.5210000000e+01  6.4372693400e-01  6.4893837400e-01  5.4390773100e-01  5.3768195900e-01  4.7890432400e-01  5.6939165900e-01
    1.5220000000e+01  6.4404724500e-01  6.5030841700e-01  5.4359765200e-01  5.3953148100e-01  4.8134988400e-01  5.6963886100e-01
    1.5230000000e+01  6.4437128900e-01  6.5160970100e-01  5.4330893000e-01  5.4138241300e-01  4.8385931800e-01  5.6990904000e-01
    1.5240000000e+01  6.4470036700e-01  6.5283451800e-01  5.4303465900e-01  5.4323341900e-01  4.8642508700e-01  5.7020143200e-01
    1.5250000000e+01  6.4503683900e-01  6.5397596300e-01  5.4276871900e-01  5.4508432600e-01  4.8903848800e-01  5.7051400200e-01
    1.5260000000e+01  6.4538347300e-01  6.5502814600e-01  5.4250592200e-01  5.4693644700e-01  4.9168964100e-01  5.7084391300e-01
    1.5270000000e+01  6.4574273900e-01  6.5598644400e-01  5.4224189300e-01  5.4879260200e-01  4.9436752800e-01  5.7118795300e-01
    1.5280000000e+01  6.4611618100e-01  6.5684781000e-01  5.4197277900e-01  5.5065683600e-01  4.9706012200e-01  5.7154276000e-01
    1.5290000000e+01  6.4650397900e-01  6.5761107200e-01  5.4169490400e-01  5.5253391300e-01  4.9975461800e-01  5.7190479800e-01
    1.5300000000e+01  6.4690478200e-01  6.5827719000e-01  5.4140454000e-01  5.5442868200e-01  5.0243775500e-01  5.7227008800e-01
    1.5310000000e+01  6.4731582100e-01  6.5884945000e-01  5.4109789300e-01  5.5634543600e-01  5.0509624400e-01  5.7263380000e-01
    1.5320000000e+01  6.4773329400e-01  6.5933356300e-01  5.4077138700e-01  5.5828740400e-01  5.0771725200e-01  5.7298983700e-01
    1.5330000000e+01  6.4815293400e-01  6.5973763600e-01  5.4042218400e-01  5.6025646100e-01  5.1028894900e-01  5.7333058800e-01
    1.5340000000e+01  6.4857064100e-01  6.6007200800e-01  5.4004885400e-01  5.6225312900e-01  5.1280107700e-01  5.7364694000e-01
    1.5350000000e+01  6.4898303200e-01  6.6034891200e-01  5.3965203500e-01  5.6427687500e-01  5.1524550300e-01  5.7392861300e-01
    1.5360000000e+01  6.4938779000e-01  6.6058195700e-01  5.3923493600e-01  5.6632661800e-01  5.1761669100e-01  5.7416476800e-01
    1.5370000000e+01  6.4978372900e-01  6.6078544700e-01  5.3880357600e-01  5.6840133900e-01  5.1991202500e-01  5.7434478100e-01
    1.5380000000e+01  6.5017056300e-01  6.6097358800e-01  5.3836673300e-01  5.7050063200e-01  5.2213190300e-01  5.7445906800e-01
    1.5390000000e+01  6.5054845400e-01  6.6115968600e-01  5.3793562700e-01  5.7262507200e-01  5.2427955300e-01  5.7449981600e-01
    1.5400000000e+01  6.5091746700e-01  6.6135544700e-01  5.3752340700e-01  5.7477632500e-01  5.2636057200e-01  5.7446156600e-01
    1.5410000000e+01  6.5127705700e-01  6.6157050600e-01  5.3714453800e-01  5.7695699800e-01  5.2838224800e-01  5.7434159400e-01
    1.5420000000e+01  6.5162571900e-01  6.6181225000e-01  5.3681414300e-01  5.7917029400e-01  5.3035277800e-01  5.7414012100e-01
    1.5430000000e+01  6.5196083800e-01  6.6208597900e-01  5.3654736200e-01  5.8141960700e-01  5.3228053400e-01  5.7386035500e-01
    1.5440000000e+01  6.5227873500e-01  6.6239531300e-01  5.3635874000e-01  5.8370814500e-01  5.3417351800e-01  5.7350840100e-01
    1.5450000000e+01  6.5257481800e-01  6.6274274500e-01  5.3626168100e-01  5.8603868300e-01  5.3603909600e-01  5.7309306600e-01
    1.5460000000e+01  6.5284374400e-01  6.6313017100e-01  5.3626795200e-01  5.8841343900e-01  5.3788404900e-01  5.7262556300e-01
    1.5470000000e+01  6.5307952400e-01  6.6355925100e-01  5.3638727200e-01  5.9083403900e-01  5.3971486400e-01  5.7211914400e-01
    1.5480000000e+01  6.5327553800e-01  6.6403149900e-01  5.3662698200e-01  5.9330147900e-01  5.4153814000e-01  5.7158866300e-01
    1.5490000000e+01  6.5342449600e-01  6.6454810300e-01  5.3699180100e-01  5.9581601900e-01  5.4336096000e-01  5.7105009700e-01
    1.5500000000e+01  6.5351842100e-01  6.6510951500e-01  5.3748368000e-01  5.9837698500e-01  5.4519107900e-01  5.7052003500e-01
    1.5510000000e+01  6.5354872100e-01  6.6571497200e-01  5.3810176000e-01  6.0098249800e-01  5.4703683500e-01  5.7001515100e-01
    1.5520000000e+01  6.5350638500e-01  6.6636207000e-01  5.3884242500e-01  6.0362918500e-01  5.4890679700e-01  5.6955167300e-01
    1.5530000000e+01  6.5338231300e-01  6.6704655100e-01  5.3969946800e-01  6.0631197000e-01  5.5080920200e-01  5.6914488700e-01
    1.5540000000e+01  6.5316770400e-01  6.6776234400e-01  5.4066435000e-01  6.0902396800e-01  5.5275132100e-01  5.6880867600e-01
    1.5550000000e+01  6.5285447300e-01  6.6850188800e-01  5.4172654600e-01  6.1175651700e-01  5.5473887200e-01  5.6855514600e-01
    1.5560000000e+01  6.5243560600e-01  6.6925665200e-01  5.4287395300e-01  6.1449931700e-01  5.5677561500e-01  5.6839432700e-01
    1.5570000000e+01  6.5190545200e-01  6.7001775700e-01  5.4409333500e-01  6.1724061700e-01  5.5886314900e-01  5.6833397500e-01
    1.5580000000e+01  6.5125997500e-01  6.7077661700e-01  5.4537078900e-01  6.1996742900e-01  5.6100095400e-01  5.6837947000e-01
    1.5590000000e+01  6.5049697500e-01  6.7152550600e-01  5.4669220000e-01  6.2266573800e-01  5.6318661200e-01  5.6853380200e-01
    1.5600000000e+01  6.4961633600e-01  6.7225800800e-01  5.4804369800e-01  6.2532076000e-01  5.6541619100e-01  5.6879765400e-01
    1.5610000000e+01  6.4862026900e-01  6.7296932800e-01  5.4941207000e-01  6.2791727000e-01  5.6768472500e-01  5.6916957200e-01
    1.5620000000e+01  6.4751350900e-01  6.7365643000e-01  5.5078512200e-01  6.3044006100e-01  5.6998675100e-01  5.6964621900e-01
    1.5630000000e+01  6.4630338300e-01  6.7431799400e-01  5.5215196200e-01  6.3287451100e-01  5.7231684600e-01  5.7022271000e-01
    1.5640000000e+01  6.4499967800e-01  6.7495421800e-01  5.5350318100e-01  6.3520719000e-01  5.7467009400e-01  5.7089297600e-01
    1.5650000000e+01  6.4361429800e-01  6.7556648100e-01  5.5483092600e-01  6.3742642300e-01  5.7704242700e-01  5.7165015700e-01
    1.5660000000e+01  6.4216073100e-01  6.7615695900e-01  5.5612887500e-01  6.3952269000e-01  5.7943081000e-01  5.7248695100e-01
    1.5670000000e+01  6.4065342900e-01  6.7672826000e-01  5.5739212100e-01  6.4148878700e-01  5.8183325800e-01  5.7339592100e-01
    1.5680000000e+01  6.3910723800e-01  6.7728315300e-01  5.5861701600e-01  6.4331975500e-01  5.8424874400e-01  5.7436971000e-01
    1.5690000000e+01  6.3753695900e-01  6.7782441600e-01  5.5980100200e-01  6.4501261200e-01  5.8667706500e-01  5.7540119300e-01
    1.5700000000e+01  6.3595712300e-01  6.7835480000e-01  5.6094246400e-01  6.4656602000e-01  5.8911875200e-01  5.7648355900e-01
    1.5710000000e+01  6.3438197400e-01  6.7887704300e-01  5.6204062500e-01  6.4797997300e-01  5.9157507400e-01  5.7761037700e-01
    1.5720000000e+01  6.3282558300e-01  6.7939385800e-01  5.6309545700e-01  6.4925563900e-01  5.9404816500e-01  5.7877566500e-01
    1.5730000000e+01  6.3130200100e-01  6.7990780400e-01  5.6410760000e-01  6.5039537700e-01  5.9654124800e-01  5.7997400000e-01
    1.5740000000e+01  6.2982533200e-01  6.8042097500e-01  5.6507821000e-01  6.5140292800e-01  5.9905886300e-01  5.8120065100e-01
    1.5750000000e+01  6.2840963500e-01  6.8093449300e-01  5.6600872900e-01  6.5228370100e-01  6.0160701200e-01  5.8245168500e-01
    1.5760000000e+01  6.2706862200e-01  6.8144782900e-01  5.6690056700e-01  6.5304504900e-01  6.0419308300e-01  5.8372398300e-01
    1.5770000000e+01  6.2581516400e-01  6.8195807000e-01  5.6775474600e-01  6.5369641100e-01  6.0682546800e-01  5.8501509300e-01
    1.5780000000e+01  6.2466070500e-01  6.8245926200e-01  5.6857161800e-01  6.5424923900e-01  6.0951281200e-01  5.8632290900e-01
    1.5790000000e+01  6.2361468500e-01  6.8294202500e-01  5.6935074400e-01  6.5471665000e-01  6.1226293300e-01  5.8764519400e-01
    1.5800000000e+01  6.2268412700e-01  6.8339358000e-01  5.7009101800e-01  6.5511285600e-01  6.1508151300e-01  5.8897906100e-01
    1.5810000000e+01  6.2187346500e-01  6.8379831100e-01  5.7079103600e-01  6.5545243800e-01  6.1797074000e-01  5.9032053700e-01
    1.5820000000e+01  6.2118468400e-01  6.8413888200e-01  5.7144965600e-01  6.5574961500e-01  6.2092814200e-01  5.9166429800e-01
    1.5830000000e+01  6.2061773400e-01  6.8439781800e-01  5.7206665800e-01  6.5601763600e-01  6.2394584100e-01  5.9300368000e-01
    1.5840000000e+01  6.2017114000e-01  6.8455937200e-01  5.7264337300e-01  6.5626841900e-01  6.2701041500e-01  5.9433095300e-01
    1.5850000000e+01  6.1984267400e-01  6.8461140300e-01  5.7318319300e-01  6.5651249600e-01  6.3010346300e-01  5.9563784200e-01
    1.5860000000e+01  6.1962993300e-01  6.8454700200e-01  5.7369186000e-01  6.5675926100e-01  6.3320284000e-01  5.9691622900e-01
    1.5870000000e+01  6.1953070200e-01  6.8436560700e-01  5.7417751100e-01  6.5701744100e-01  6.3628442000e-01  5.9815894900e-01
    1.5880000000e+01  6.1954302300e-01  6.8407344800e-01  5.7465041400e-01  6.5729565300e-01  6.3932417000e-01  5.9936059000e-01
    1.5890000000e+01  6.1966496700e-01  6.8368326800e-01  5.7512243700e-01  6.5760291500e-01  6.4230023800e-01  6.0051818500e-01
    1.5900000000e+01  6.1989416800e-01  6.8321336900e-01  5.7560627500e-01  6.5794897700e-01  6.4519483100e-01  6.0163169100e-01
    1.5910000000e+01  6.2022722000e-01  6.8268611800e-01  5.7611453100e-01  6.5834439000e-01  6.4799564300e-01  6.0270418400e-01
    1.5920000000e+01  6.2065905700e-01  6.8212610700e-01  5.7665877700e-01  6.5880028200e-01  6.5069670700e-01  6.0374169400e-01
    1.5930000000e+01  6.2118244300e-01  6.8155819400e-01  5.7724873500e-01  6.5932785800e-01  6.5329858600e-01  6.0475272700e-01
    1.5940000000e+01  6.2178765700e-01  6.8100566800e-01  5.7789170300e-01  6.5993766800e-01  6.5580793800e-01  6.0574752200e-01
    1.5950000000e+01  6.2246247400e-01  6.8048874000e-01  5.7859231900e-01  6.6063874300e-01  6.5823655400e-01  6.0673719400e-01
    1.5960000000e+01  6.2319247200e-01  6.8002349400e-01  5.7935264800e-01  6.6143769900e-01  6.6060005000e-01  6.0773290000e-01
    1.5970000000e+01  6.2396168400e-01  6.7962137500e-01  5.8017255000e-01  6.6233793500e-01  6.6291642600e-01  6.0874518100e-01
    1.5980000000e+01  6.2475356200e-01  6.7928915000e-01  5.8105019400e-01  6.6333906700e-01  6.6520467300e-01  6.0978353100e-01
    1.5990000000e+01  6.2555214500e-01  6.7902926300e-01  5.8198261700e-01  6.6443670700e-01  6.6748360200e-01  6.1085623300e-01
    1.6000000000e+01  6.2634331400e-01  6.7884042800e-01  5.8296619800e-01  6.6562267900e-01  6.6977094700e-01  6.1197039800e-01
    1.6010000000e+01  6.2711593000e-01  6.7871834400e-01  5.8399701400e-01  6.6688568700e-01  6.7208277700e-01  6.1313215600e-01
    1.6020000000e+01  6.2786270000e-01  6.7865641900e-01  5.8507103600e-01  6.6821238600e-01  6.7443317900e-01  6.1434689700e-01
    1.6030000000e+01  6.2858058600e-01  6.7864642600e-01  5.8618418500e-01  6.6958871200e-01  6.7683417000e-01  6.1561951900e-01
    1.6040000000e+01  6.2927070500e-01  6.7867905300e-01  5.8733227700e-01  6.7100126600e-01  6.7929577600e-01  6.1695461900e-01
    1.6050000000e+01  6.2993773600e-01  6.7874430400e-01  5.8851089500e-01  6.7243853900e-01  6.8182622000e-01  6.1835658900e-01
    1.6060000000e+01  6.3058894600e-01  6.7883176200e-01  5.8971523900e-01  6.7389177900e-01  6.8443216200e-01  6.1982962700e-01
    1.6070000000e+01  6.3123305400e-01  6.7893068800e-01  5.9094000700e-01  6.7535541200e-01  6.8711894600e-01  6.2137763000e-01
    1.6080000000e+01  6.3187911700e-01  6.7902999200e-01  5.9217933300e-01  6.7682701000e-01  6.8989078200e-01  6.2300403900e-01
    1.6090000000e+01  6.3253561300e-01  6.7911810300e-01  5.9342683400e-01  6.7830691800e-01  6.9275081100e-01  6.2471164600e-01
    1.6100000000e+01  6.3320980000e-01  6.7918279800e-01  5.9467572900e-01  6.7979766400e-01  6.9570103300e-01  6.2650243200e-01
    1.6110000000e+01  6.3390736000e-01  6.7921106000e-01  5.9591903900e-01  6.8130330100e-01  6.9874204600e-01  6.2837747100e-01
    1.6120000000e+01  6.3463227300e-01  6.7918905500e-01  5.9714979200e-01  6.8282878800e-01  7.0187264900e-01  6.3033692100e-01
    1.6130000000e+01  6.3538684300e-01  6.7910231500e-01  5.9836121400e-01  6.8437944600e-01  7.0508932000e-01  6.3238009600e-01
    1.6140000000e+01  6.3617183200e-01  6.7893617400e-01  5.9954684900e-01  6.8596049700e-01  7.0838569500e-01  6.3450559500e-01
    1.6150000000e+01  6.3698665200e-01  6.7867650100e-01  6.0070061400e-01  6.8757666200e-01  7.1175216700e-01  6.3671143200e-01
    1.6160000000e+01  6.3782964600e-01  6.7831064600e-01  6.0181678600e-01  6.8923181100e-01  7.1517574100e-01  6.3899515600e-01
    1.6170000000e+01  6.3869845500e-01  6.7782850900e-01  6.0288996000e-01  6.9092866900e-01  7.1864026200e-01  6.4135390200e-01
    1.6180000000e+01  6.3959049000e-01  6.7722354200e-01  6.0391500500e-01  6.9266862400e-01  7.2212705700e-01  6.4378440500e-01
    1.6190000000e+01  6.4050349800e-01  6.7649349400e-01  6.0488704100e-01  6.9445169600e-01  7.2561595800e-01  6.4628295800e-01
    1.6200000000e+01  6.4143614400e-01  6.7564076600e-01  6.0580146100e-01  6.9627672900e-01  7.2908655100e-01  6.4884535500e-01
    1.6210000000e+01  6.4238852200e-01  6.7467230100e-01  6.0665399600e-01  6.9814182100e-01  7.3251948300e-01  6.5146681600e-01
    1.6220000000e+01  6.4336247100e-01  6.7359903800e-01  6.0744083300e-01  7.0004496900e-01  7.3589762000e-01  6.5414193000e-01
    1.6230000000e+01  6.4436161400e-01  6.7243505400e-01  6.0815878900e-01  7.0198481800e-01  7.3920691400e-01  6.5686462100e-01
    1.6240000000e+01  6.4539106800e-01  6.7119653300e-01  6.0880553700e-01  7.0396140500e-01  7.4243690200e-01  6.5962818600e-01
    1.6250000000e+01  6.4645686400e-01  6.6990072700e-01  6.0937984900e-01  7.0597672100e-01  7.4558084100e-01  6.6242542000e-01
    1.6260000000e+01  6.4756517500e-01  6.6856502300e-01  6.0988182100e-01  7.0803500200e-01  7.4863553100e-01  6.6524886300e-01
    1.6270000000e+01  6.4872149400e-01  6.6720618900e-01  6.1031301600e-01  7.1014266800e-01  7.5160091600e-01  6.6809114800e-01
    1.6280000000e+01  6.4992992200e-01  6.6583984700e-01  6.1067645900e-01  7.1230794700e-01  7.5447954000e-01  6.7094542500e-01
    1.6290000000e+01  6.5119268200e-01  6.6448016300e-01  6.1097647600e-01  7.1454024600e-01  7.5727594700e-01  6.7380577500e-01
    1.6300000000e+01  6.5250994800e-01  6.6313975600e-01  6.1121836200e-01  7.1684941800e-01  7.5999609000e-01  6.7666753300e-01
    1.6310000000e+01  6.5387998500e-01  6.6182980200e-01  6.1140796300e-01  7.1924504200e-01  7.6264680700e-01  6.7952746400e-01
    1.6320000000e+01  6.5529956600e-01  6.6056028700e-01  6.1155124700e-01  7.2173588200e-01  7.6523541800e-01  6.8238374100e-01
    1.6330000000e+01  6.5676454900e-01  6.5934037700e-01  6.1165394700e-01  7.2432958300e-01  7.6776948500e-01  6.8523578500e-01
    1.6340000000e+01  6.5827049900e-01  6.5817883500e-01  6.1172134800e-01  7.2703266900e-01  7.7025676500e-01  6.8808401000e-01
    1.6350000000e+01  6.5981321700e-01  6.5708441400e-01  6.1175820300e-01  7.2985080400e-01  7.7270537800e-01  6.9092955600e-01
    1.6360000000e+01  6.6138908900e-01  6.5606614800e-01  6.1176875500e-01  7.3278926600e-01  7.7512417100e-01  6.9377408300e-01
    1.6370000000e+01  6.6299518200e-01  6.5513344200e-01  6.1175682100e-01  7.3585352400e-01  7.7752323400e-01  6.9661963400e-01
    1.6380000000e+01  6.6462905800e-01  6.5429592000e-01  6.1172588100e-01  7.3904981000e-01  7.7991447700e-01  6.9946856900e-01
    1.6390000000e+01  6.6628836400e-01  6.5356299900e-01  6.1167917400e-01  7.4238557200e-01  7.8231216700e-01  7.0232356000e-01
    1.6400000000e+01  6.6797023600e-01  6.5294322200e-01  6.1161976500e-01  7.4586972800e-01  7.8473330000e-01  7.0518764400e-01
    1.6410000000e+01  6.6967063500e-01  6.5244344300e-01  6.1155058000e-01  7.4951267100e-01  7.8719773200e-01  7.0806433100e-01
    1.6420000000e+01  6.7138371300e-01  6.5206795600e-01  6.1147436000e-01  7.5332602900e-01  7.8972803100e-01  7.1095775100e-01
    1.6430000000e+01  6.7310127900e-01  6.5181766300e-01  6.1139351900e-01  7.5732222400e-01  7.9234905800e-01  7.1387280800e-01
    1.6440000000e+01  6.7481241800e-01  6.5168938300e-01  6.1130988700e-01  7.6151388300e-01  7.9508730600e-01  7.1681527200e-01
    1.6450000000e+01  6.7650328100e-01  6.5167532100e-01  6.1122438300e-01  7.6591315800e-01  7.9797006800e-01  7.1979175000e-01
    1.6460000000e+01  6.7815703500e-01  6.5176276000e-01  6.1113669400e-01  7.7053099100e-01  8.0102446100e-01  7.2280949800e-01
    1.6470000000e+01  6.7975400900e-01  6.5193398500e-01  6.1104503400e-01  7.7537634700e-01  8.0427638200e-01  7.2587610000e-01
    1.6480000000e+01  6.8127203200e-01  6.5216646400e-01  6.1094605100e-01  7.8045545300e-01  8.0774943200e-01  7.2899906600e-01
    1.6490000000e+01  6.8268700400e-01  6.5243329900e-01  6.1083488400e-01  7.8577109200e-01  8.1146389100e-01  7.3218544200e-01
    1.6500000000e+01  6.8397369500e-01  6.5270392600e-01  6.1070533300e-01  7.9132203600e-01  8.1543580400e-01  7.3544147300e-01
    1.6510000000e+01  6.8510674500e-01  6.5294504200e-01  6.1055009800e-01  7.9710269800e-01  8.1967626300e-01  7.3877237400e-01
    1.6520000000e+01  6.8606179800e-01  6.5312169600e-01  6.1036103100e-01  8.0310310900e-01  8.2419092600e-01  7.4218216400e-01
    1.6530000000e+01  6.8681664500e-01  6.5319846800e-01  6.1012939500e-01  8.0930925800e-01  8.2897984700e-01  7.4567356900e-01
    1.6540000000e+01  6.8735223600e-01  6.5314065600e-01  6.0984612200e-01  8.1570381000e-01  8.3403759700e-01  7.4924797100e-01
    1.6550000000e+01  6.8765342900e-01  6.5291538100e-01  6.0950208800e-01  8.2226716100e-01  8.3935371200e-01  7.5290540000e-01
    1.6560000000e+01  6.8770933500e-01  6.5249251600e-01  6.0908837800e-01  8.2897869800e-01  8.4491340700e-01  7.5664459700e-01
    1.6570000000e+01  6.8751320500e-01  6.5184535300e-01  6.0859654700e-01  8.3581811700e-01  8.5069851900e-01  7.6046314700e-01
    1.6580000000e+01  6.8706185200e-01  6.5095094700e-01  6.0801881300e-01  8.4276661800e-01  8.5668858500e-01  7.6435769600e-01
    1.6590000000e+01  6.8635467200e-01  6.4979007800e-01  6.0734817500e-01  8.4980780100e-01  8.6286193500e-01  7.6832421200e-01
    1.6600000000e+01  6.8539241800e-01  6.4834683900e-01  6.0657841700e-01  8.5692811000e-01  8.6919666000e-01  7.7235826500e-01
    1.6610000000e+01  6.8417590800e-01  6.4660791600e-01  6.0570400700e-01  8.6411677600e-01  8.7567130600e-01  7.7645527100e-01
    1.6620000000e+01  6.8270488800e-01  6.4456167700e-01  6.0471991500e-01  8.7136526000e-01  8.8226517200e-01  7.8061066300e-01
    1.6630000000e+01  6.8097721500e-01  6.4219726900e-01  6.0362137600e-01  8.7866628700e-01  8.8895815400e-01  7.8481994600e-01
    1.6640000000e+01  6.7898850000e-01  6.3950390700e-01  6.0240367500e-01  8.8601266000e-01  8.9573015700e-01  7.8907863700e-01
    1.6650000000e+01  6.7673226500e-01  6.3647055300e-01  6.0106199700e-01  8.9339601100e-01  9.0256020200e-01  7.9338210600e-01
    1.6660000000e+01  6.7420057400e-01  6.3308609900e-01  5.9959136300e-01  9.0080570700e-01  9.0942539200e-01  7.9772535900e-01
    1.6670000000e+01  6.7138507800e-01  6.2934009400e-01  5.9798668900e-01  9.0822805900e-01  9.1629999400e-01  8.0210281800e-01
    1.6680000000e+01  6.6827832900e-01  6.2522396100e-01  5.9624293200e-01  9.1564599000e-01  9.2315486800e-01  8.0650813700e-01
    1.6690000000e+01  6.6487518700e-01  6.2073253200e-01  5.9435529700e-01  9.2303921500e-01  9.2995745800e-01  8.1093409200e-01
    1.6700000000e+01  6.6117411700e-01  6.1586565100e-01  5.9231946900e-01  9.3038498800e-01  9.3667251100e-01  8.1537254500e-01
    1.6710000000e+01  6.5717815800e-01  6.1062947900e-01  5.9013183400e-01  9.3765932300e-01  9.4326351300e-01  8.1981448300e-01
    1.6720000000e+01  6.5289540200e-01  6.0503721000e-01  5.8778967900e-01  9.4483856000e-01  9.4969472700e-01  8.2425008100e-01
    1.6730000000e+01  6.4833884300e-01  5.9910889900e-01  5.8529137400e-01  9.5190105400e-01  9.5593349800e-01  8.2866879900e-01
    1.6740000000e+01  6.4352560900e-01  5.9287035200e-01  5.8263656700e-01  9.5882871800e-01  9.6195243900e-01  8.3305947200e-01
    1.6750000000e+01  6.3847567100e-01  5.8635118300e-01  5.7982642800e-01  9.6560820700e-01  9.6773105100e-01  8.3741044200e-01
    1.6760000000e+01  6.3321022200e-01  5.7958236200e-01  5.7686393300e-01  9.7223154800e-01  9.7325646900e-01  8.4170977400e-01
    1.6770000000e+01  6.2774997200e-01  5.7259369700e-01  5.7375416700e-01  9.7869615300e-01  9.7852319700e-01  8.4594562200e-01
    1.6780000000e+01  6.2211360700e-01  5.6541167400e-01  5.7050455000e-01  9.8500428600e-01  9.8353192200e-01  8.5010677800e-01
    1.6790000000e+01  6.1631656400e-01  5.5805802500e-01  5.6712488100e-01  9.9116208000e-01  9.8828769100e-01  8.5418339700e-01
    1.6800000000e+01  6.1037023900e-01  5.5054912600e-01  5.6362710200e-01  9.9717831000e-01  9.9279784700e-01  8.5816780600e-01
    1.6810000000e+01  6.0428162900e-01  5.4289621500e-01  5.6002472700e-01  1.0030630740e+00  9.9707010300e-01  8.6205526700e-01
    1.6820000000e+01  5.9805335600e-01  5.3510619000e-01  5.5633196100e-01  1.0088265320e+00  1.0011110510e+00  8.6584454200e-01
    1.6830000000e+01  5.9168401000e-01  5.2718268500e-01  5.5256261000e-01  1.0144777930e+00  1.0049252250e+00  8.6953813800e-01
    1.6840000000e+01  5.8516870400e-01  5.1912714800e-01  5.4872891400e-01  1.0200239950e+00  1.0085147000e+00  8.7314214000e-01
    1.6850000000e+01  5.7849977700e-01  5.1093969600e-01  5.4484047700e-01  1.0254696050e+00  1.0118790420e+00  8.7666565100e-01
    1.6860000000e+01  5.7166757200e-01  5.0261969700e-01  5.4090343100e-01  1.0308159170e+00  1.0150154050e+00  8.8011988300e-01
    1.6870000000e+01  5.6466125500e-01  4.9416612200e-01  5.3691996000e-01  1.0360607540e+00  1.0179185630e+00  8.8351700900e-01
    1.6880000000e+01  5.5746961400e-01  4.8557785200e-01  5.3288822300e-01  1.0411983270e+00  1.0205807890e+00  8.8686894800e-01
    1.6890000000e+01  5.5008185100e-01  4.7685408400e-01  5.2880268300e-01  1.0462192500e+00  1.0229915800e+00  8.9018620500e-01
    1.6900000000e+01  5.4248831800e-01  4.6799498700e-01  5.2465476200e-01  1.0511106710e+00  1.0251373610e+00  8.9347692700e-01
    1.6910000000e+01  5.3468122100e-01  4.5900262000e-01  5.2043373200e-01  1.0558565130e+00  1.0270013270e+00  8.9674624300e-01
    1.6920000000e+01  5.2665529300e-01  4.4988205400e-01  5.1612770500e-01  1.0604378050e+00  1.0285635910e+00  8.9999593700e-01
    1.6930000000e+01  5.1840845700e-01  4.4064256100e-01  5.1172461400e-01  1.0648331190e+00  1.0298017330e+00  9.0322445900e-01
    1.6940000000e+01  5.0994246800e-01  4.3129868400e-01  5.0721307500e-01  1.0690191700e+00  1.0306917920e+00  9.0642721500e-01
    1.6950000000e+01  5.0126350200e-01  4.2187103500e-01  5.0258303800e-01  1.0729716190e+00  1.0312096480e+00  9.0959708800e-01
    1.6960000000e+01  4.9238257100e-01  4.1238666500e-01  4.9782618200e-01  1.0766661230e+00  1.0313326820e+00  9.1272505900e-01
    1.6970000000e+01  4.8331564100e-01  4.0287894900e-01  4.9293605000e-01  1.0800795970e+00  1.0310415750e+00  9.1580083500e-01
    1.6980000000e+01  4.7408331800e-01  3.9338693400e-01  4.8790797000e-01  1.0831915690e+00  1.0303220920e+00  9.1881336600e-01
    1.6990000000e+01  4.6471005300e-01  3.8395418400e-01  4.8273885900e-01  1.0859854160e+00  1.0291666870e+00  9.2175118800e-01
    1.7000000000e+01  4.5522293100e-01  3.7462714500e-01  4.7742702300e-01  1.0884492930e+00  1.0275758030e+00  9.2460260600e-01
    1.7010000000e+01  4.4565018900e-01  3.6545313200e-01  4.7197202600e-01  1.0905765720e+00  1.0255587150e+00  9.2735575800e-01
    1.7020000000e+01  4.3601970000e-01  3.5647804800e-01  4.6637465000e-01  1.0923657230e+00  1.0231337810e+00  9.2999866100e-01
    1.7030000000e+01  4.2635764200e-01  3.4774402000e-01  4.6063691600e-01  1.0938196750e+00  1.0203280160e+00  9.3251930400e-01
    1.7040000000e+01  4.1668754300e-01  3.3928719800e-01  4.5476206500e-01  1.0949447790e+00  1.0171759250e+00  9.3490580400e-01
    1.7050000000e+01  4.0702981500e-01  3.3113596100e-01  4.4875446600e-01  1.0957495490e+00  1.0137176670e+00  9.3714656800e-01
    1.7060000000e+01  3.9740182200e-01  3.2330979400e-01  4.4261945000e-01  1.0962434040e+00  1.0099966980e+00  9.3923038800e-01
    1.7070000000e+01  3.8781844200e-01  3.1581899500e-01  4.3636312600e-01  1.0964356140e+00  1.0060571670e+00  9.4114641400e-01
    1.7080000000e+01  3.7829300100e-01  3.0866527500e-01  4.2999228400e-01  1.0963346470e+00  1.0019414080e+00  9.4288399500e-01
    1.7090000000e+01  3.6883837300e-01  3.0184314500e-01  4.2351447300e-01  1.0959480660e+00  9.9768785400e-01  9.4443249000e-01
    1.7100000000e+01  3.5946797500e-01  2.9534183600e-01  4.1693824100e-01  1.0952830110e+00  9.9332965200e-01  9.4578115100e-01
    1.7110000000e+01  3.5019636500e-01  2.8914743100e-01  4.1027346800e-01  1.0943471690e+00  9.8889409600e-01  9.4691918700e-01
    1.7120000000e+01  3.4103922900e-01  2.8324484400e-01  4.0353168900e-01  1.0931500000e+00  9.8440282500e-01  9.4783602600e-01
    1.7130000000e+01  3.3201267700e-01  2.7761940700e-01  3.9672627200e-01  1.0917038540e+00  9.7987261100e-01  9.4852174900e-01
    1.7140000000e+01  3.2313197200e-01  2.7225793700e-01  3.8987240800e-01  1.0900246410e+00  9.7531648100e-01  9.4896758600e-01
    1.7150000000e+01  3.1441000000e-01  2.6714927600e-01  3.8298692400e-01  1.0881318090e+00  9.7074492000e-01  9.4916637700e-01
    1.7160000000e+01  3.0585586700e-01  2.6228439800e-01  3.7608795700e-01  1.0860475820e+00  9.6616700700e-01  9.4911294500e-01
    1.7170000000e+01  2.9747396000e-01  2.5765619800e-01  3.6919455900e-01  1.0837956470e+00  9.6159135600e-01  9.4880434700e-01
    1.7180000000e+01  2.8926367000e-01  2.5325908800e-01  3.6232626300e-01  1.0813995860e+00  9.5702684600e-01  9.4824002800e-01
    1.7190000000e+01  2.8121977200e-01  2.4908846300e-01  3.5550263400e-01  1.0788814090e+00  9.5248313200e-01  9.4742185700e-01
    1.7200000000e+01  2.7333328000e-01  2.4514012400e-01  3.4874282200e-01  1.0762604700e+00  9.4797096000e-01  9.4635406400e-01
    1.7210000000e+01  2.6559251500e-01  2.4140968600e-01  3.4206514600e-01  1.0735528900e+00  9.4350230800e-01  9.4504304300e-01
    1.7220000000e+01  2.5798409700e-01  2.3789198600e-01  3.3548678800e-01  1.0707714580e+00  9.3909037100e-01  9.4349704600e-01
    1.7230000000e+01  2.5049366700e-01  2.3458052800e-01  3.2902363100e-01  1.0679258510e+00  9.3474940600e-01  9.4172582400e-01
    1.7240000000e+01  2.4310625700e-01  2.3146696500e-01  3.2269025400e-01  1.0650229320e+00  9.3049442500e-01  9.3974030400e-01
    1.7250000000e+01  2.3580636700e-01  2.2854066700e-01  3.1650004300e-01  1.0620669070e+00  9.2634074300e-01  9.3755239500e-01
    1.7260000000e+01  2.2857796100e-01  2.2578841800e-01  3.1046530000e-01  1.0590591880e+00  9.2230339900e-01  9.3517494900e-01
    1.7270000000e+01  2.2140459500e-01  2.2319427400e-01  3.0459724400e-01  1.0559979550e+00  9.1839648300e-01  9.3262185300e-01
    1.7280000000e+01  2.1426989300e-01  2.2073962100e-01  2.9890583600e-01  1.0528775680e+00  9.1463244000e-01  9.2990815800e-01
    1.7290000000e+01  2.0715846200e-01  2.1840340500e-01  2.9339943200e-01  1.0496880540e+00  9.1102139100e-01  9.2705008700e-01
    1.7300000000e+01  2.0005718700e-01  2.1616252300e-01  2.8808433400e-01  1.0464149510e+00  9.0757052500e-01  9.2406485300e-01
    1.7310000000e+01  1.9295668800e-01  2.1399234100e-01  2.8296439100e-01  1.0430396930e+00  9.0428358400e-01  9.2097019900e-01
    1.7320000000e+01  1.8585267000e-01  2.1186731600e-01  2.7804079300e-01  1.0395406010e+00  9.0116043400e-01  9.1778372000e-01
    1.7330000000e+01  1.7874687500e-01  2.0976172700e-01  2.7331217800e-01  1.0358943910e+00  8.9819676300e-01  9.1452208000e-01
    1.7340000000e+01  1.7164744900e-01  2.0765050100e-01  2.6877509400e-01  1.0320779730e+00  8.9538389600e-01  9.1120028500e-01
    1.7350000000e+01  1.6456865000e-01  2.0551012100e-01  2.6442476400e-01  1.0280702790e+00  8.9270880600e-01  9.0783121400e-01
    1.7360000000e+01  1.5752995400e-01  2.0331957700e-01  2.6025599100e-01  1.0238538360e+00  8.9015432700e-01  9.0442552200e-01
    1.7370000000e+01  1.5055475500e-01  2.0106129200e-01  2.5626401500e-01  1.0194158920e+00  8.8769962200e-01  9.0099197200e-01
    1.7380000000e+01  1.4366885900e-01  1.9872194700e-01  2.5244509800e-01  1.0147489940e+00  8.8532088800e-01  8.9753809700e-01
    1.7390000000e+01  1.3689903700e-01  1.9629314200e-01  2.4879672300e-01  1.0098510400e+00  8.8299227600e-01  8.9407103100e-01
    1.7400000000e+01  1.3027181100e-01  1.9377182600e-01  2.4531737900e-01  1.0047249100e+00  8.8068697000e-01  8.9059828300e-01
    1.7410000000e+01  1.2381258100e-01  1.9116047100e-01  2.4200604600e-01  9.9937787600e-01  8.7837837300e-01  8.8712827000e-01
    1.7420000000e+01  1.1754509800e-01  1.8846694900e-01  2.3886154500e-01  9.9382096500e-01  8.7604132400e-01  8.8367051800e-01
    1.7430000000e+01  1.1149117400e-01  1.8570412400e-01  2.3588195100e-01  9.8806844000e-01  8.7365328400e-01  8.8023555800e-01
    1.7440000000e+01  1.0567048200e-01  1.8288914700e-01  2.3306416100e-01  9.8213745400e-01  8.7119538700e-01  8.7683462100e-01
    1.7450000000e+01  1.0010030400e-01  1.8004251500e-01  2.3040366400e-01  9.7604782500e-01  8.6865330800e-01  8.7347926600e-01
    1.7460000000e+01  9.4795144000e-02  1.7718695300e-01  2.2789444400e-01  9.6982183300e-01  8.6601787000e-01  8.7018102800e-01
    1.7470000000e+01  8.9766217000e-02  1.7434619800e-01  2.2552894500e-01  9.6348388500e-01  8.6328536300e-01  8.6695110400e-01
    1.7480000000e+01  8.5020922000e-02  1.7154375800e-01  2.2329807000e-01  9.5705994800e-01  8.6045759200e-01  8.6380004200e-01
    1.7490000000e+01  8.0562430000e-02  1.6880169200e-01  2.2119122800e-01  9.5057672700e-01  8.5754165700e-01  8.6073739900e-01
    1.7500000000e+01  7.6389555000e-02  1.6613946600e-01  2.1919647900e-01  9.4406065000e-01  8.5454947500e-01  8.5777135200e-01
    1.7510000000e+01  7.2496976000e-02  1.6357290800e-01  2.1730082900e-01  9.3753680100e-01  8.5149706100e-01  8.5490833800e-01
    1.7520000000e+01  6.8875840000e-02  1.6111333500e-01  2.1549067700e-01  9.3102796700e-01  8.4840356300e-01  8.5215278900e-01
    1.7530000000e+01  6.5514654000e-02  1.5876689700e-01  2.1375235900e-01  9.2455395600e-01  8.4529008100e-01  8.4950703800e-01
    1.7540000000e+01  6.2400334000e-02  1.5653423300e-01  2.1207270100e-01  9.1813129500e-01  8.4217830500e-01  8.4697146000e-01
    1.7550000000e+01  5.9519237000e-02  1.5441051000e-01  2.1043947000e-01  9.1177332000e-01  8.3908906400e-01  8.4454479800e-01
    1.7560000000e+01  5.6858021000e-02  1.5238586500e-01  2.0884166400e-01  9.0549060600e-01  8.3604091400e-01  8.4222465400e-01
    1.7570000000e+01  5.4404224000e-02  1.5044625400e-01  2.0726955600e-01  8.9929162400e-01  8.3304889300e-01  8.4000803800e-01
    1.7580000000e+01  5.2146524000e-02  1.4857463700e-01  2.0571449600e-01  8.9318347800e-01  8.3012359700e-01  8.3789187600e-01
    1.7590000000e+01  5.0074710000e-02  1.4675234700e-01  2.0416849100e-01  8.8717261100e-01  8.2727065400e-01  8.3587336700e-01
    1.7600000000e+01  4.8179418000e-02  1.4496050900e-01  2.0262363900e-01  8.8126536500e-01  8.2449064100e-01  8.3395007400e-01
    1.7610000000e+01  4.6451720000e-02  1.4318134700e-01  2.0107156200e-01  8.7546837700e-01  8.2177940200e-01  8.3211969300e-01
    1.7620000000e+01  4.4882638000e-02  1.4139926000e-01  1.9950300400e-01  8.6978878200e-01  8.1912866100e-01  8.3037950600e-01
    1.7630000000e+01  4.3462621000e-02  1.3960165800e-01  1.9790775400e-01  8.6423422600e-01  8.1652681800e-01  8.2872560500e-01
    1.7640000000e+01  4.2181057000e-02  1.3777953200e-01  1.9627500200e-01  8.5881270700e-01  8.1395983400e-01  8.2715208500e-01
    1.7650000000e+01  4.1025825000e-02  1.3592784700e-01  1.9459412800e-01  8.5353224400e-01  8.1141215000e-01  8.2565041300e-01
    1.7660000000e+01  3.9982961000e-02  1.3404576200e-01  1.9285581400e-01  8.4840038300e-01  8.0886763400e-01  8.2420919600e-01
    1.7670000000e+01  3.9036479000e-02  1.3213668100e-01  1.9105325500e-01  8.4342356400e-01  8.0631059000e-01  8.2281447700e-01
    1.7680000000e+01  3.8168392000e-02  1.3020809600e-01  1.8918322800e-01  8.3860638400e-01  8.0372680200e-01  8.2145058500e-01
    1.7690000000e+01  3.7359002000e-02  1.2827114700e-01  1.8724675100e-01  8.3395083000e-01  8.0110459000e-01  8.2010142100e-01
    1.7700000000e+01  3.6587459000e-02  1.2633988400e-01  1.8524917400e-01  8.2945556200e-01  7.9843575300e-01  8.1875195700e-01
    1.7710000000e+01  3.5832604000e-02  1.2443022700e-01  1.8319967700e-01  8.2511535200e-01  7.9571630400e-01  8.1738969500e-01
    1.7720000000e+01  3.5074045000e-02  1.2255873600e-01  1.8111023400e-01  8.2092080200e-01  7.9294687200e-01  8.1600581100e-01
    1.7730000000e+01  3.4293352000e-02  1.2074128800e-01  1.7899426400e-01  8.1685842600e-01  7.9013270500e-01  8.1459583800e-01
    1.7740000000e+01  3.3475240000e-02  1.1899182300e-01  1.7686516400e-01  8.1291115900e-01  7.8728329600e-01  8.1315981200e-01
    1.7750000000e+01  3.2608549000e-02  1.1732126600e-01  1.7473495700e-01  8.0905928000e-01  7.8441164500e-01  8.1170192800e-01
    1.7760000000e+01  3.1686866000e-02  1.1573671800e-01  1.7261318100e-01  8.0528164300e-01  7.8153327500e-01  8.1022981800e-01
    1.7770000000e+01  3.0708689000e-02  1.1424097100e-01  1.7050611500e-01  8.0155705300e-01  7.7866507500e-01  8.0875358800e-01
    1.7780000000e+01  2.9677097000e-02  1.1283236600e-01  1.6841633800e-01  7.9786558200e-01  7.7582406500e-01  8.0728475700e-01
    1.7790000000e+01  2.8599045000e-02  1.1150500400e-01  1.6634259500e-01  7.9418963600e-01  7.7302620500e-01  8.0583518200e-01
    1.7800000000e+01  2.7484399000e-02  1.1024928400e-01  1.6427993700e-01  7.9051466300e-01  7.7028531800e-01  8.0441604600e-01
    1.7810000000e+01  2.6344926000e-02  1.0905271700e-01  1.6222007500e-01  7.8682946500e-01  7.6761224000e-01  8.0303695600e-01
    1.7820000000e+01  2.5193375000e-02  1.0790093700e-01  1.6015192200e-01  7.8312619300e-01  7.6501427900e-01  8.0170516500e-01
    1.7830000000e+01  2.4042737000e-02  1.0677877900e-01  1.5806228200e-01  7.7940011800e-01  7.6249501000e-01  8.0042497100e-01
    1.7840000000e+01  2.2905704000e-02  1.0567131100e-01  1.5593664500e-01  7.7564931400e-01  7.6005441900e-01  7.9919729200e-01
    1.7850000000e+01  2.1794289000e-02  1.0456469900e-01  1.5376004300e-01  7.7187432600e-01  7.5768932100e-01  7.9801944400e-01
    1.7860000000e+01  2.0719546000e-02  1.0344684300e-01  1.5151792600e-01  7.6807786400e-01  7.5539396800e-01  7.9688511100e-01
    1.7870000000e+01  1.9691347000e-02  1.0230776500e-01  1.4919702400e-01  7.6426454500e-01  7.5316072900e-01  7.9578451600e-01
    1.7880000000e+01  1.8718168000e-02  1.0113977000e-01  1.4678614900e-01  7.6044062900e-01  7.5098077200e-01  7.9470478400e-01
    1.7890000000e+01  1.7806905000e-02  9.9937429000e-02  1.4427691500e-01  7.5661376900e-01  7.4884467000e-01  7.9363048300e-01
    1.7900000000e+01  1.6962697000e-02  9.8697435000e-02  1.4166431600e-01  7.5279272900e-01  7.4674293900e-01  7.9254435000e-01
    1.7910000000e+01  1.6188774000e-02  9.7418357000e-02  1.3894710500e-01  7.4898710000e-01  7.4466646100e-01  7.9142814100e-01
    1.7920000000e+01  1.5486317000e-02  9.6100318000e-02  1.3612796300e-01  7.4520696900e-01  7.4260679900e-01  7.9026357300e-01
    1.7930000000e+01  1.4854333000e-02  9.4744640000e-02  1.3321340000e-01  7.4146256000e-01  7.4055638400e-01  7.8903327900e-01
    1.7940000000e+01  1.4289579000e-02  9.3353505000e-02  1.3021343900e-01  7.3776378500e-01  7.3850855300e-01  7.8772170800e-01
    1.7950000000e+01  1.3786558000e-02  9.1929696000e-02  1.2714108500e-01  7.3411971700e-01  7.3645748200e-01  7.8631591700e-01
    1.7960000000e+01  1.3337677000e-02  9.0476470000e-02  1.2401161600e-01  7.3053798300e-01  7.3439806500e-01  7.8480623000e-01
    1.7970000000e+01  1.2933620000e-02  8.8997538000e-02  1.2084173400e-01  7.2702414300e-01  7.3232583700e-01  7.8318671900e-01
    1.7980000000e+01  1.2563971000e-02  8.7497117000e-02  1.1764858700e-01  7.2358114400e-01  7.3023699900e-01  7.8145549000e-01
    1.7990000000e+01  1.2218074000e-02  8.5979944000e-02  1.1444870000e-01  7.2020899600e-01  7.2812856500e-01  7.7961471700e-01
    1.8000000000e+01  1.1886045000e-02  8.4451176000e-02  1.1125686500e-01  7.1690476300e-01  7.2599859000e-01  7.7767038500e-01
    1.8010000000e+01  1.1559771000e-02  8.2916130000e-02  1.0808509000e-01  7.1366295900e-01  7.2384637800e-01  7.7563168400e-01
    1.8020000000e+01  1.1233745000e-02  8.1379888000e-02  1.0494172800e-01  7.1047633000e-01  7.2167257200e-01  7.7351006800e-01
    1.8030000000e+01  1.0905550000e-02  7.9846857000e-02  1.0183092500e-01  7.0733694200e-01  7.1947906800e-01  7.7131801800e-01
    1.8040000000e+01  1.0575885000e-02  7.8320359000e-02  9.8752504000e-02  7.0423740700e-01  7.1726872100e-01  7.6906764600e-01
    1.8050000000e+01  1.0248098000e-02  7.6802379000e-02  9.5702340000e-02  7.0117204800e-01  7.1504489600e-01  7.6676930200e-01
    1.8060000000e+01  9.9272740000e-03  7.5293515000e-02  9.2673197000e-02  6.9813779400e-01  7.1281093400e-01  7.6443039000e-01
    1.8070000000e+01  9.6190370000e-03  7.3793150000e-02  8.9655931000e-02  6.9513462100e-01  7.1056965500e-01  7.6205454300e-01
    1.8080000000e+01  9.3282800000e-03  7.2299820000e-02  8.6640873000e-02  6.9216547600e-01  7.0832298400e-01  7.5964127000e-01
    1.8090000000e+01  9.0580580000e-03  7.0811670000e-02  8.3619217000e-02  6.8923566500e-01  7.0607177200e-01  7.5718610100e-01
    1.8100000000e+01  8.8088640000e-03  6.9326916000e-02  8.0584239000e-02  6.8635187000e-01  7.0381583000e-01  7.5468115800e-01
    1.8110000000e+01  8.5784180000e-03  6.7844210000e-02  7.7532218000e-02  6.8352099000e-01  7.0155412300e-01  7.5211606600e-01
    1.8120000000e+01  8.3619590000e-03  6.6362864000e-02  7.4462991000e-02  6.8074905700e-01  6.9928505000e-01  7.4947905400e-01
    1.8130000000e+01  8.1529650000e-03  6.4882952000e-02  7.1380131000e-02  6.7804046300e-01  6.9700674100e-01  7.4675812400e-01
    1.8140000000e+01  7.9440570000e-03  6.3405308000e-02  6.8290759000e-02  6.7539763800e-01  6.9471731600e-01  7.4394216400e-01
    1.8150000000e+01  7.7278760000e-03  6.1931479000e-02  6.5205047000e-02  6.7282118500e-01  6.9241509300e-01  7.4102190500e-01
    1.8160000000e+01  7.4977050000e-03  6.0463659000e-02  6.2135497000e-02  6.7031039500e-01  6.9009877800e-01  7.3799063500e-01
    1.8170000000e+01  7.2476940000e-03  5.9004590000e-02  5.9096084000e-02  6.6786395200e-01  6.8776763900e-01  7.3484464900e-01
    1.8180000000e+01  6.9726650000e-03  5.7557433000e-02  5.6101369000e-02  6.6548059900e-01  6.8542167300e-01  7.3158340500e-01
    1.8190000000e+01  6.6675800000e-03  5.6125574000e-02  5.3165665000e-02  6.6315956400e-01  6.8306175100e-01  7.2820943100e-01
    1.8200000000e+01  6.3268220000e-03  5.4712394000e-02  5.0302317000e-02  6.6090060200e-01  6.8068969900e-01  7.2472804200e-01
    1.8210000000e+01  5.9435300000e-03  5.3321015000e-02  4.7523114000e-02  6.5870361400e-01  6.7830831800e-01  7.2114690600e-01
    1.8220000000e+01  5.5091820000e-03  5.1954063000e-02  4.4837851000e-02  6.5656789500e-01  6.7592133400e-01  7.1747551400e-01
    1.8230000000e+01  5.0135850000e-03  5.0613446000e-02  4.2254029000e-02  6.5449118900e-01  6.7353330900e-01  7.1372459000e-01
    1.8240000000e+01  4.4453560000e-03  4.9300164000e-02  3.9776714000e-02  6.5246874500e-01  6.7114952200e-01  7.0990543100e-01
    1.8250000000e+01  3.7928310000e-03  4.8014094000e-02  3.7408565000e-02  6.5049263000e-01  6.6877583000e-01  7.0602923500e-01
    1.8260000000e+01  3.0452660000e-03  4.6753769000e-02  3.5150075000e-02  6.4855146700e-01  6.6641846300e-01  7.0210643100e-01
    1.8270000000e+01  2.1941040000e-03  4.5516168000e-02  3.3000031000e-02  6.4663071100e-01  6.6408372200e-01  6.9814611300e-01
    1.8280000000e+01  1.2340580000e-03  4.4296569000e-02  3.0956166000e-02  6.4471343900e-01  6.6177753700e-01  6.9415565900e-01
    1.8290000000e+01  1.6378000000e-04  4.3088577000e-02  2.9015923000e-02  6.4278153000e-01  6.5950493100e-01  6.9014062200e-01
    1.8300000000e+01 -1.0139770000e-03  4.1884373000e-02  2.7177209000e-02  6.4081699800e-01  6.5726946600e-01  6.8610494200e-01
    1.8310000000e+01 -2.2927450000e-03  4.0675196000e-02  2.5438999000e-02  6.3880324000e-01  6.5507278600e-01  6.8205145500e-01
    1.8320000000e+01 -3.6631180000e-03  3.9452012000e-02  2.3801661000e-02  6.3672598400e-01  6.5291439100e-01  6.7798261400e-01
    1.8330000000e+01 -5.1137800000e-03  3.8206216000e-02  2.2266928000e-02  6.3457383200e-01  6.5079170300e-01  6.7390127000e-01
    1.8340000000e+01 -6.6325460000e-03  3.6930247000e-02  2.0837541000e-02  6.3233835000e-01  6.4870040900e-01  6.6981135500e-01
    1.8350000000e+01 -8.2072750000e-03  3.5617975000e-02  1.9516620000e-02  6.3001379800e-01  6.4663502100e-01  6.6571833000e-01
    1.8360000000e+01 -9.8265250000e-03  3.4264808000e-02  1.8306939000e-02  6.2759659000e-01  6.4458950000e-01  6.6162929900e-01
    1.8370000000e+01 -1.1479903000e-02  3.2867530000e-02  1.7210227000e-02  6.2508462100e-01  6.4255781400e-01  6.5755281300e-01
    1.8380000000e+01 -1.3158106000e-02  3.1423947000e-02  1.6226659000e-02  6.2247658800e-01  6.4053433400e-01  6.5349840100e-01
    1.8390000000e+01 -1.4852671000e-02  2.9932435000e-02  1.5354591000e-02  6.1977143500e-01  6.3851401300e-01  6.4947597800e-01
    1.8400000000e+01 -1.6555536000e-02  2.8391495000e-02  1.4590566000e-02  6.1696801300e-01  6.3649234400e-01  6.4549523500e-01
    1.8410000000e+01 -1.8258518000e-02  2.6799386000e-02  1.3929527000e-02  6.1406502600e-01  6.3446513900e-01  6.4156512500e-01
    1.8420000000e+01 -1.9952856000e-02  2.5153890000e-02  1.3365172000e-02  6.1106126500e-01  6.3242816800e-01  6.3769349400e-01
    1.8430000000e+01 -2.1628942000e-02  2.3452258000e-02  1.2890375000e-02  6.0795606000e-01  6.3037670300e-01  6.3388688400e-01
    1.8440000000e+01 -2.3276338000e-02  2.1691355000e-02  1.2497612000e-02  6.0474983900e-01  6.2830504300e-01  6.3015047500e-01
    1.8450000000e+01 -2.4884074000e-02  1.9868035000e-02  1.2179354000e-02  6.0144462800e-01  6.2620610300e-01  6.2648817900e-01
    1.8460000000e+01 -2.6441176000e-02  1.7979702000e-02  1.1928399000e-02  5.9804437300e-01  6.2407115300e-01  6.2290282600e-01
    1.8470000000e+01 -2.7937305000e-02  1.6025005000e-02  1.1738123000e-02  5.9455500300e-01  6.2188979100e-01  6.1939646500e-01
    1.8480000000e+01 -2.9363361000e-02  1.4004552000e-02  1.1602609000e-02  5.9098420300e-01  6.1965021200e-01  6.1597073200e-01
    1.8490000000e+01 -3.0711949000e-02  1.1921524000e-02  1.1516626000e-02  5.8734098800e-01  6.1733976300e-01  6.1262725200e-01
    1.8500000000e+01 -3.1977630000e-02  9.7820790000e-03  1.1475452000e-02  5.8363513300e-01  6.1494572600e-01  6.0936802800e-01
    1.8510000000e+01 -3.3156948000e-02  7.5954610000e-03  1.1474521000e-02  5.7987660400e-01  6.1245624900e-01  6.0619574000e-01
    1.8520000000e+01 -3.4248271000e-02  5.3737790000e-03  1.1508961000e-02  5.7607504200e-01  6.0986130600e-01  6.0311389400e-01
    1.8530000000e+01 -3.5251500000e-02  3.1314480000e-03  1.1573058000e-02  5.7223936400e-01  6.0715355200e-01  6.0012676200e-01
    1.8540000000e+01 -3.6167705000e-02  8.8434800000e-04  1.1659768000e-02  5.6837750200e-01  6.0432896200e-01  5.9723910700e-01
    1.8550000000e+01 -3.6998722000e-02 -1.3512090000e-03  1.1760330000e-02  5.6449626400e-01  6.0138714700e-01  5.9445570200e-01
    1.8560000000e+01 -3.7746761000e-02 -3.5595570000e-03  1.1864093000e-02  5.6060132200e-01  5.9833129100e-01  5.9178072000e-01
    1.8570000000e+01 -3.8414032000e-02 -5.7266640000e-03  1.1958549000e-02  5.5669731800e-01  5.9516771000e-01  5.8921708300e-01
    1.8580000000e+01 -3.9002438000e-02 -7.8408620000e-03  1.2029604000e-02  5.5278808500e-01  5.9190511800e-01  5.8676583500e-01
    1.8590000000e+01 -3.9513361000e-02 -9.8932490000e-03  1.2062017000e-02  5.4887696000e-01  5.8855371200e-01  5.8442563800e-01
    1.8600000000e+01 -3.9947587000e-02 -1.1877730000e-02  1.2039971000e-02  5.4496717100e-01  5.8512425100e-01  5.8219240400e-01
    1.8610000000e+01 -4.0305408000e-02 -1.3790730000e-02  1.1947715000e-02  5.4106222200e-01  5.8162725400e-01  5.8005909400e-01
    1.8620000000e+01 -4.0586892000e-02 -1.5630701000e-02  1.1770253000e-02  5.3716620500e-01  5.7807243800e-01  5.7801567300e-01
    1.8630000000e+01 -4.0792271000e-02 -1.7397525000e-02  1.1494024000e-02  5.3328395200e-01  5.7446842900e-01  5.7604924100e-01
    1.8640000000e+01 -4.0922367000e-02 -1.9091950000e-02  1.1107558000e-02  5.2942099000e-01  5.7082273900e-01  5.7414432500e-01
    1.8650000000e+01 -4.0978948000e-02 -2.0715166000e-02  1.0602055000e-02  5.2558329900e-01  5.6714196700e-01  5.7228333800e-01
    1.8660000000e+01 -4.0964925000e-02 -2.2268576000e-02  9.9718240000e-03  5.2177694600e-01  5.6343210000e-01  5.7044718600e-01
    1.8670000000e+01 -4.0884366000e-02 -2.3753789000e-02  9.2145570000e-03  5.1800768900e-01  5.5969884000e-01  5.6861596500e-01
    1.8680000000e+01 -4.0742361000e-02 -2.5172800000e-02  8.3314140000e-03  5.1428064700e-01  5.5594781600e-01  5.6676969500e-01
    1.8690000000e+01 -4.0544798000e-02 -2.6528289000e-02  7.3269220000e-03  5.1060007400e-01  5.5218462700e-01  5.6488902300e-01
    1.8700000000e+01 -4.0298121000e-02 -2.7823908000e-02  6.2087270000e-03  5.0696925200e-01  5.4841466500e-01  5.6295586100e-01
    1.8710000000e+01 -4.0009118000e-02 -2.9064452000e-02  4.9872480000e-03  5.0339045000e-01  5.4464274300e-01  5.6095391200e-01
    1.8720000000e+01 -3.9684748000e-02 -3.0255825000e-02  3.6752490000e-03  4.9986493500e-01  5.4087263600e-01  5.5886911700e-01
    1.8730000000e+01 -3.9331993000e-02 -3.1404758000e-02  2.2873770000e-03  4.9639298100e-01  5.3710663600e-01  5.5669000200e-01
    1.8740000000e+01 -3.8957720000e-02 -3.2518344000e-02  8.3964400000e-04  4.9297389900e-01  5.3334525600e-01  5.5440795000e-01
    1.8750000000e+01 -3.8568560000e-02 -3.3603461000e-02 -6.5112000000e-04  4.8960608000e-01  5.2958716200e-01  5.5201739400e-01
    1.8760000000e+01 -3.8170789000e-02 -3.4666239000e-02 -2.1678670000e-03  4.8628704900e-01  5.2582932900e-01  5.4951592700e-01
    1.8770000000e+01 -3.7770249000e-02 -3.5711638000e-02 -3.6939730000e-03  4.8301352300e-01  5.2206738700e-01  5.4690428700e-01
    1.8780000000e+01 -3.7372269000e-02 -3.6743215000e-02 -5.2139080000e-03  4.7978145800e-01  5.1829606100e-01  5.4418621800e-01
    1.8790000000e+01 -3.6981589000e-02 -3.7763075000e-02 -6.7139020000e-03  4.7658606300e-01  5.1450960300e-01  5.4136814200e-01
    1.8800000000e+01 -3.6602232000e-02 -3.8771960000e-02 -8.1825360000e-03  4.7342180700e-01  5.1070214900e-01  5.3845864200e-01
    1.8810000000e+01 -3.6237318000e-02 -3.9769409000e-02 -9.6111850000e-03  4.7028244800e-01  5.0686796300e-01  5.3546775200e-01
    1.8820000000e+01 -3.5888822000e-02 -4.0753916000e-02 -1.0994229000e-02  4.6716113800e-01  5.0300156100e-01  5.3240611800e-01
    1.8830000000e+01 -3.5557319000e-02 -4.1723031000e-02 -1.2328973000e-02  4.6405066300e-01  4.9909777000e-01  5.2928411800e-01
    1.8840000000e+01 -3.5241800000e-02 -4.2673379000e-02 -1.3615274000e-02  4.6094382000e-01  4.9515178300e-01  5.2611105600e-01
    1.8850000000e+01 -3.4939644000e-02 -4.3600643000e-02 -1.4854923000e-02  4.5783390700e-01  4.9115926500e-01  5.2289456000e-01
    1.8860000000e+01 -3.4646805000e-02 -4.4499548000e-02 -1.6050874000e-02  4.5471523500e-01  4.8711654900e-01  5.1964024200e-01
    1.8870000000e+01 -3.4358208000e-02 -4.5363924000e-02 -1.7206442000e-02  4.5158355300e-01  4.8302089400e-01  5.1635168700e-01
    1.8880000000e+01 -3.4068327000e-02 -4.6186895000e-02 -1.8324612000e-02  4.4843627400e-01  4.7887075700e-01  5.1303072300e-01
    1.8890000000e+01 -3.3771791000e-02 -4.6961179000e-02 -1.9407551000e-02  4.4527244200e-01  4.7466601700e-01  5.0967791500e-01
    1.8900000000e+01 -3.3463931000e-02 -4.7679482000e-02 -2.0456403000e-02  4.4209244300e-01  4.7040807400e-01  5.0629316300e-01
    1.8910000000e+01 -3.3141123000e-02 -4.8334907000e-02 -2.1471367000e-02  4.3889752400e-01  4.6609982300e-01  5.0287626000e-01
    1.8920000000e+01 -3.2800877000e-02 -4.8921341000e-02 -2.2452009000e-02  4.3568923600e-01  4.6174549000e-01  4.9942729400e-01
    1.8930000000e+01 -3.2441670000e-02 -4.9433776000e-02 -2.3397682000e-02  4.3246893700e-01  4.5735036900e-01  4.9594680400e-01
    1.8940000000e+01 -3.2062604000e-02 -4.9868539000e-02 -2.4307919000e-02  4.2923746400e-01  4.5292047100e-01  4.9243567500e-01
    1.8950000000e+01 -3.1662987000e-02 -5.0223410000e-02 -2.5182676000e-02  4.2599503000e-01  4.4846213300e-01  4.8889484200e-01
    1.8960000000e+01 -3.1241973000e-02 -5.0497637000e-02 -2.6022332000e-02  4.2274133200e-01  4.4398159900e-01  4.8532490300e-01
    1.8970000000e+01 -3.0798352000e-02 -5.0691826000e-02 -2.6827457000e-02  4.1947579700e-01  4.3948461400e-01  4.8172580900e-01
    1.8980000000e+01 -3.0330520000e-02 -5.0807723000e-02 -2.7598425000e-02  4.1619785300e-01  4.3497606800e-01  4.7809672800e-01
    1.8990000000e+01 -2.9836602000e-02 -5.0847905000e-02 -2.8334990000e-02  4.1290712700e-01  4.3045969800e-01  4.7443614400e-01
    1.9000000000e+01 -2.9314642000e-02 -5.0815397000e-02 -2.9035954000e-02  4.0960349100e-01  4.2593788700e-01  4.7074218200e-01
    1.9010000000e+01 -2.8762758000e-02 -5.0713235000e-02 -2.9699045000e-02  4.0628697300e-01  4.2141156100e-01  4.6701305800e-01
    1.9020000000e+01 -2.8179184000e-02 -5.0543982000e-02 -3.0321013000e-02  4.0295756300e-01  4.1688020500e-01  4.6324753800e-01
    1.9030000000e+01 -2.7562151000e-02 -5.0309233000e-02 -3.0897929000e-02  3.9961502200e-01  4.1234202600e-01  4.5944530400e-01
    1.9040000000e+01 -2.6909635000e-02 -5.0009146000e-02 -3.1425594000e-02  3.9625877700e-01  4.0779429100e-01  4.5560712900e-01
    1.9050000000e+01 -2.6219045000e-02 -4.9642074000e-02 -3.1899960000e-02  3.9288798600e-01  4.0323385200e-01  4.5173488100e-01
    1.9060000000e+01 -2.5486929000e-02 -4.9204393000e-02 -3.2317489000e-02  3.8950178000e-01  3.9865782700e-01  4.4783135600e-01
    1.9070000000e+01 -2.4708813000e-02 -4.8690605000e-02 -3.2675404000e-02  3.8609966300e-01  3.9406434100e-01  4.4390002700e-01
    1.9080000000e+01 -2.3879244000e-02 -4.8093731000e-02 -3.2971833000e-02  3.8268199700e-01  3.8945321800e-01  4.3994474300e-01
    1.9090000000e+01 -2.2992048000e-02 -4.7405970000e-02 -3.3205852000e-02  3.7925045500e-01  3.8482646500e-01  4.3596941900e-01
    1.9100000000e+01 -2.2040794000e-02 -4.6619491000e-02 -3.3377446000e-02  3.7580834500e-01  3.8018845600e-01  4.3197773300e-01
    1.9110000000e+01 -2.1019363000e-02 -4.5727203000e-02 -3.3487381000e-02  3.7236070800e-01  3.7554579500e-01  4.2797282900e-01
    1.9120000000e+01 -1.9922511000e-02 -4.4723363000e-02 -3.3536968000e-02  3.6891417000e-01  3.7090690700e-01  4.2395706300e-01
    1.9130000000e+01 -1.8746302000e-02 -4.3603939000e-02 -3.3527737000e-02  3.6547659700e-01  3.6628150700e-01  4.1993183500e-01
    1.9140000000e+01 -1.7488341000e-02 -4.2366727000e-02 -3.3461036000e-02  3.6205662900e-01  3.6168005600e-01  4.1589756100e-01
    1.9150000000e+01 -1.6147801000e-02 -4.1011301000e-02 -3.3337648000e-02  3.5866323600e-01  3.5711334000e-01  4.1185380300e-01
    1.9160000000e+01 -1.4725299000e-02 -3.9538897000e-02 -3.3157480000e-02  3.5530536800e-01  3.5259217200e-01  4.0779955700e-01
    1.9170000000e+01 -1.3222717000e-02 -3.7952326000e-02 -3.2919398000e-02  3.5199175800e-01  3.4812720500e-01  4.0373363400e-01
    1.9180000000e+01 -1.1643063000e-02 -3.6255949000e-02 -3.2621235000e-02  3.4873084300e-01  3.4372877700e-01  3.9965507100e-01
    1.9190000000e+01 -9.9904310000e-03 -3.4455702000e-02 -3.2259935000e-02  3.4553073400e-01  3.3940671000e-01  3.9556347500e-01
    1.9200000000e+01 -8.2700410000e-03 -3.2559118000e-02 -3.1831811000e-02  3.4239914900e-01  3.3517002700e-01  3.9145927600e-01
    1.9210000000e+01 -6.4883240000e-03 -3.0575277000e-02 -3.1332838000e-02  3.3934325200e-01  3.3102659400e-01  3.8734386300e-01
    1.9220000000e+01 -4.6529670000e-03 -2.8514625000e-02 -3.0758940000e-02  3.3636939100e-01  3.2698270800e-01  3.8321960600e-01
    1.9230000000e+01 -2.7728480000e-03 -2.6388644000e-02 -3.0106245000e-02  3.3348274500e-01  3.2304272000e-01  3.7908979600e-01
    1.9240000000e+01 -8.5783400000e-04 -2.4209375000e-02 -2.9371283000e-02  3.3068697000e-01  3.1920874100e-01  3.7495853900e-01
    1.9250000000e+01  1.0815710000e-03 -2.1988841000e-02 -2.8551128000e-02  3.2798389100e-01  3.1548049800e-01  3.7083061400e-01
    1.9260000000e+01  3.0346890000e-03 -1.9738413000e-02 -2.7643502000e-02  3.2537331700e-01  3.1185538100e-01  3.6671131900e-01
    1.9270000000e+01  4.9911920000e-03 -1.7468207000e-02 -2.6646832000e-02  3.2285300200e-01  3.0832869000e-01  3.6260632000e-01
    1.9280000000e+01  6.9416280000e-03 -1.5186568000e-02 -2.5560265000e-02  3.2041877900e-01  3.0489406800e-01  3.5852148700e-01
    1.9290000000e+01  8.8778950000e-03 -1.2899726000e-02 -2.4383644000e-02  3.1806484900e-01  3.0154409100e-01  3.5446275000e-01
    1.9300000000e+01  1.0793602000e-02 -1.0611651000e-02 -2.3117445000e-02  3.1578420600e-01  2.9827092900e-01  3.5043597200e-01
    1.9310000000e+01  1.2684291000e-02 -8.3241510000e-03 -2.1762673000e-02  3.1356914400e-01  2.9506701900e-01  3.4644686200e-01
    1.9320000000e+01  1.4547498000e-02 -6.0371650000e-03 -2.0320748000e-02  3.1141180500e-01  2.9192563600e-01  3.4250094400e-01
    1.9330000000e+01  1.6382657000e-02 -3.7492350000e-03 -1.8793394000e-02  3.0930470400e-01  2.8884131300e-01  3.3860358900e-01
    1.9340000000e+01  1.8190857000e-02 -1.4580350000e-03 -1.7182585000e-02  3.0724120600e-01  2.8581004900e-01  3.3476009700e-01
    1.9350000000e+01  1.9974491000e-02  8.3910300000e-04 -1.5490547000e-02  3.0521589200e-01  2.8282931600e-01  3.3097580500e-01
    1.9360000000e+01  2.1736820000e-02  3.1447450000e-03 -1.3719842000e-02  3.0322481800e-01  2.7989790500e-01  3.2725618300e-01
    1.9370000000e+01  2.3481483000e-02  5.4610580000e-03 -1.1873512000e-02  3.0126563100e-01  2.7701566400e-01  3.2360686900e-01
    1.9380000000e+01  2.5212015000e-02  7.7896340000e-03 -9.9552510000e-03  2.9933753700e-01  2.7418321200e-01  3.2003363700e-01
    1.9390000000e+01  2.6931393000e-02  1.0131445000e-02 -7.9695710000e-03  2.9744112300e-01  2.7140166800e-01  3.1654226300e-01
    1.9400000000e+01  2.8641673000e-02  1.2486876000e-02 -5.9218980000e-03  2.9557805900e-01  2.6867245300e-01  3.1313833100e-01
    1.9410000000e+01  3.0343749000e-02  1.4855780000e-02 -3.8186090000e-03  2.9375070200e-01  2.6599715700e-01  3.0982699300e-01
    1.9420000000e+01  3.2037260000e-02  1.7237534000e-02 -1.6669650000e-03  2.9196166800e-01  2.6337747400e-01  3.0661273600e-01
    1.9430000000e+01  3.3720643000e-02  1.9631053000e-02  5.2500900000e-04  2.9021340200e-01  2.6081516700e-01  3.0349918200e-01
    1.9440000000e+01  3.5391313000e-02  2.2034755000e-02  2.7486940000e-03  2.8850783100e-01  2.5831202700e-01  3.0048893400e-01
    1.9450000000e+01  3.7045946000e-02  2.4446517000e-02  4.9950580000e-03  2.8684609900e-01  2.5586979200e-01  2.9758348000e-01
    1.9460000000e+01  3.8680794000e-02  2.6863623000e-02  7.2548360000e-03  2.8522844300e-01  2.5349002000e-01  2.9478312100e-01
    1.9470000000e+01  4.0292005000e-02  2.9282774000e-02  9.5187240000e-03  2.8365417100e-01  2.5117390400e-01  2.9208692500e-01
    1.9480000000e+01  4.1875890000e-02  3.1700157000e-02  1.1777572000e-02  2.8212175500e-01  2.4892208800e-01  2.8949270100e-01
    1.9490000000e+01  4.3429128000e-02  3.4111608000e-02  1.4022619000e-02  2.8062897300e-01  2.4673448700e-01  2.8699700100e-01
    1.9500000000e+01  4.4948896000e-02  3.6512821000e-02  1.6245737000e-02  2.7917309200e-01  2.4461017800e-01  2.8459517900e-01
    1.9510000000e+01  4.6432935000e-02  3.8899611000e-02  1.8439678000e-02  2.7775105100e-01  2.4254736400e-01  2.8228151900e-01
    1.9520000000e+01  4.7879573000e-02  4.1268166000e-02  2.0598295000e-02  2.7635964000e-01  2.4054343000e-01  2.8004944700e-01
    1.9530000000e+01  4.9287696000e-02  4.3615281000e-02  2.2716693000e-02  2.7499568400e-01  2.3859508700e-01  2.7789180600e-01
    1.9540000000e+01  5.0656674000e-02  4.5938519000e-02  2.4791284000e-02  2.7365620900e-01  2.3669858600e-01  2.7580117400e-01
    1.9550000000e+01  5.1986218000e-02  4.8236293000e-02  2.6819735000e-02  2.7233859500e-01  2.3484997900e-01  2.7377018500e-01
    1.9560000000e+01  5.3276173000e-02  5.0507839000e-02  2.8800820000e-02  2.7104067300e-01  2.3304538700e-01  2.7179179600e-01
    1.9570000000e+01  5.4526265000e-02  5.2753095000e-02  3.0734189000e-02  2.6976072300e-01  2.3128122600e-01  2.6985947700e-01
    1.9580000000e+01  5.5735849000e-02  5.4972505000e-02  3.2620118000e-02  2.6849736400e-01  2.2955435900e-01  2.6796729100e-01
    1.9590000000e+01  5.6903710000e-02  5.7166793000e-02  3.4459271000e-02  2.6724931000e-01  2.2786212900e-01  2.6610987300e-01
    1.9600000000e+01  5.8027990000e-02  5.9336784000e-02  3.6252525000e-02  2.6601505900e-01  2.2620229800e-01  2.6428232600e-01
    1.9610000000e+01  5.9106253000e-02  6.1483300000e-02  3.8000884000e-02  2.6479254700e-01  2.2457291500e-01  2.6248008200e-01
    1.9620000000e+01  6.0135697000e-02  6.3607162000e-02  3.9705471000e-02  2.6357885300e-01  2.2297217600e-01  2.6069877500e-01
    1.9630000000e+01  6.1113465000e-02  6.5709277000e-02  4.1367582000e-02  2.6237000200e-01  2.2139834600e-01  2.5893415300e-01
    1.9640000000e+01  6.2037016000e-02  6.7790760000e-02  4.2988756000e-02  2.6116090000e-01  2.1984976700e-01  2.5718204800e-01
    1.9650000000e+01  6.2904489000e-02  6.9853022000e-02  4.4570843000e-02  2.5994538600e-01  2.1832496200e-01  2.5543839500e-01
    1.9660000000e+01  6.3715034000e-02  7.1897782000e-02  4.6116035000e-02  2.5871639200e-01  2.1682280300e-01  2.5369927400e-01
    1.9670000000e+01  6.4469095000e-02  7.3926979000e-02  4.7626885000e-02  2.5746619900e-01  2.1534266900e-01  2.5196096000e-01
    1.9680000000e+01  6.5168613000e-02  7.5942598000e-02  4.9106299000e-02  2.5618675100e-01  2.1388456900e-01  2.5021995100e-01
    1.9690000000e+01  6.5817144000e-02  7.7946450000e-02  5.0557555000e-02  2.5487003900e-01  2.1244916400e-01  2.4847299200e-01
    1.9700000000e+01  6.6419873000e-02  7.9939951000e-02  5.1984336000e-02  2.5350851100e-01  2.1103770300e-01  2.4671710300e-01
    1.9710000000e+01  6.6983502000e-02  8.1923949000e-02  5.3390794000e-02  2.5209549200e-01  2.0965187800e-01  2.4494965300e-01
    1.9720000000e+01  6.7516016000e-02  8.3898614000e-02  5.4781591000e-02  2.5062555800e-01  2.0829362100e-01  2.4316849200e-01
    1.9730000000e+01  6.8026328000e-02  8.5863404000e-02  5.6161906000e-02  2.4909482600e-01  2.0696489000e-01  2.4137213700e-01
    1.9740000000e+01  6.8523875000e-02  8.7817108000e-02  5.7537337000e-02  2.4750111400e-01  2.0566746600e-01  2.3955999700e-01
    1.9750000000e+01  6.9018187000e-02  8.9757933000e-02  5.8913702000e-02  2.4584396700e-01  2.0440277500e-01  2.3773258600e-01
    1.9760000000e+01  6.9518495000e-02  9.1683648000e-02  6.0296738000e-02  2.4412455700e-01  2.0317175500e-01  2.3589164600e-01
    1.9770000000e+01  7.0033430000e-02  9.3591739000e-02  6.1691742000e-02  2.4234548400e-01  2.0197477000e-01  2.3404016200e-01
    1.9780000000e+01  7.0570804000e-02  9.5479592000e-02  6.3103220000e-02  2.4051054000e-01  2.0081157700e-01  2.3218223600e-01
    1.9790000000e+01  7.1137484000e-02  9.7344659000e-02  6.4534595000e-02  2.3862446400e-01  1.9968133900e-01  2.3032283300e-01
    1.9800000000e+01  7.1739337000e-02  9.9184627000e-02  6.5988025000e-02  2.3669271900e-01  1.9858269900e-01  2.2846745300e-01
    1.9810000000e+01  7.2381204000e-02  1.0099753800e-01  6.7464348000e-02  2.3472131000e-01  1.9751389900e-01  2.2662176600e-01
    1.9820000000e+01  7.3066883000e-02  1.0278186800e-01  6.8963144000e-02  2.3271661800e-01  1.9647293200e-01  2.2479127800e-01
    1.9830000000e+01  7.3799117000e-02  1.0453653300e-01  7.0482888000e-02  2.3068525200e-01  1.9545771200e-01  2.2298105000e-01
    1.9840000000e+01  7.4579595000e-02  1.0626083500e-01  7.2021155000e-02  2.2863388300e-01  1.9446622900e-01  2.2119550400e-01
    1.9850000000e+01  7.5408960000e-02  1.0795434400e-01  7.3574837000e-02  2.2656906800e-01  1.9349665300e-01  2.1943831100e-01
    1.9860000000e+01  7.6286868000e-02  1.0961675300e-01  7.5140358000e-02  2.2449706600e-01  1.9254738100e-01  2.1771234200e-01
    1.9870000000e+01  7.7212088000e-02  1.1124773300e-01  7.6713849000e-02  2.2242365200e-01  1.9161700200e-01  2.1601965800e-01
    1.9880000000e+01  7.8182653000e-02  1.1284682900e-01  7.8291308000e-02  2.2035397000e-01  1.9070420000e-01  2.1436154200e-01
    1.9890000000e+01  7.9196051000e-02  1.1441341500e-01  7.9868736000e-02  2.1829242200e-01  1.8980761700e-01  2.1273853100e-01
    1.9900000000e+01  8.0249431000e-02  1.1594672500e-01  8.1442255000e-02  2.1624261900e-01  1.8892571300e-01  2.1115047500e-01
    1.9910000000e+01  8.1339814000e-02  1.1744594800e-01  8.3008209000e-02  2.1420738500e-01  1.8805664300e-01  2.0959660300e-01
    1.9920000000e+01  8.2464294000e-02  1.1891038200e-01  8.4563253000e-02  2.1218883200e-01  1.8719820400e-01  2.0807560200e-01
    1.9930000000e+01  8.3620192000e-02  1.2033959600e-01  8.6104412000e-02  2.1018847500e-01  1.8634784000e-01  2.0658570300e-01
    1.9940000000e+01  8.4805172000e-02  1.2173358500e-01  8.7629127000e-02  2.0820738700e-01  1.8550273000e-01  2.0512476600e-01
    1.9950000000e+01  8.6017297000e-02  1.2309287500e-01  8.9135290000e-02  2.0624638400e-01  1.8465992500e-01  2.0369035600e-01
    1.9960000000e+01  8.7255023000e-02  1.2441857700e-01  9.0621269000e-02  2.0430619700e-01  1.8381652100e-01  2.0227982100e-01
    1.9970000000e+01  8.8517129000e-02  1.2571236700e-01  9.2085939000e-02  2.0238764200e-01  1.8296984400e-01  2.0089036700e-01
    1.9980000000e+01  8.9802602000e-02  1.2697640700e-01  9.3528712000e-02  2.0049174100e-01  1.8211760100e-01  1.9951915400e-01
    1.9990000000e+01  9.1110480000e-02  1.2821322400e-01  9.4949547000e-02  1.9861979000e-01  1.8125800700e-01  1.9816340400e-01
    2.0000000000e+01  9.2439689000e-02  1.2942556300e-01  9.6348940000e-02  1.9677336400e-01  1.8038985900e-01  1.9682053400e-01
