# Dielectric function: real and imaginary components
#        Energy (eV)          Re_eps_x          Re_eps_y          Re_eps_z          Im_eps_x          Im_eps_y          Im_eps_z
    0.0000000000e+00  5.8652478100e+00  6.2944772470e+00  7.1695549370e+00  0.0000000000e+00  0.0000000000e+00  0.0000000000e+00
    1.0000000000e-02  5.8652834660e+00  6.2945187640e+00  7.1696089700e+00  1.0845560000e-03  1.2651890000e-03  1.6444970000e-03
    2.0000000000e-02  5.8653904410e+00  6.2946433260e+00  7.1697710790e+00  2.1693070000e-03  2.5306360000e-03  3.2893030000e-03
    3.0000000000e-02  5.8655687540e+00  6.2948509550e+00  7.1700412950e+00  3.2544510000e-03  3.7966020000e-03  4.9347300000e-03
    4.0000000000e-02  5.8658184350e+00  6.2951416930e+00  7.1704196650e+00  4.3401840000e-03  5.0633440000e-03  6.5810880000e-03
    5.0000000000e-02  5.8661395280e+00  6.2955155960e+00  7.1709062600e+00  5.4267020000e-03  6.3311240000e-03  8.2286870000e-03
    6.0000000000e-02  5.8665320890e+00  6.2959727380e+00  7.1715011670e+00  6.5142030000e-03  7.6002010000e-03  9.8778410000e-03
    7.0000000000e-02  5.8669961860e+00  6.2965132090e+00  7.1722044950e+00  7.6028840000e-03  8.8708380000e-03  1.1528861000e-02
    8.0000000000e-02  5.8675319010e+00  6.2971371140e+00  7.1730163720e+00  8.6929450000e-03  1.0143298000e-02  1.3182062000e-02
    9.0000000000e-02  5.8681393270e+00  6.2978445760e+00  7.1739369470e+00  9.7845850000e-03  1.1417844000e-02  1.4837759000e-02
    1.0000000000e-01  5.8688185700e+00  6.2986357350e+00  7.1749663890e+00  1.0878005000e-02  1.2694744000e-02  1.6496270000e-02
    1.1000000000e-01  5.8695697500e+00  6.2995107470e+00  7.1761048840e+00  1.1973406000e-02  1.3974263000e-02  1.8157913000e-02
    1.2000000000e-01  5.8703929970e+00  6.3004697830e+00  7.1773526430e+00  1.3070992000e-02  1.5256673000e-02  1.9823009000e-02
    1.3000000000e-01  5.8712884570e+00  6.3015130350e+00  7.1787098940e+00  1.4170968000e-02  1.6542245000e-02  2.1491881000e-02
    1.4000000000e-01  5.8722562880e+00  6.3026407080e+00  7.1801768880e+00  1.5273539000e-02  1.7831254000e-02  2.3164856000e-02
    1.5000000000e-01  5.8732966590e+00  6.3038530270e+00  7.1817538930e+00  1.6378915000e-02  1.9123976000e-02  2.4842260000e-02
    1.6000000000e-01  5.8744097550e+00  6.3051502330e+00  7.1834412010e+00  1.7487303000e-02  2.0420691000e-02  2.6524425000e-02
    1.7000000000e-01  5.8755957740e+00  6.3065325860e+00  7.1852391250e+00  1.8598917000e-02  2.1721684000e-02  2.8211686000e-02
    1.8000000000e-01  5.8768549240e+00  6.3080003610e+00  7.1871479980e+00  1.9713971000e-02  2.3027239000e-02  2.9904379000e-02
    1.9000000000e-01  5.8781874320e+00  6.3095538530e+00  7.1891681740e+00  2.0832681000e-02  2.4337648000e-02  3.1602846000e-02
    2.0000000000e-01  5.8795935330e+00  6.3111933760e+00  7.1913000290e+00  2.1955266000e-02  2.5653203000e-02  3.3307431000e-02
    2.1000000000e-01  5.8810734800e+00  6.3129192590e+00  7.1935439620e+00  2.3081947000e-02  2.6974204000e-02  3.5018484000e-02
    2.2000000000e-01  5.8826275390e+00  6.3147318540e+00  7.1959003930e+00  2.4212950000e-02  2.8300952000e-02  3.6736357000e-02
    2.3000000000e-01  5.8842559890e+00  6.3166315290e+00  7.1983697640e+00  2.5348501000e-02  2.9633755000e-02  3.8461409000e-02
    2.4000000000e-01  5.8859591230e+00  6.3186186710e+00  7.2009525410e+00  2.6488831000e-02  3.0972925000e-02  4.0194002000e-02
    2.5000000000e-01  5.8877372520e+00  6.3206936880e+00  7.2036492110e+00  2.7634175000e-02  3.2318779000e-02  4.1934503000e-02
    2.6000000000e-01  5.8895906970e+00  6.3228570060e+00  7.2064602860e+00  2.8784769000e-02  3.3671639000e-02  4.3683286000e-02
    2.7000000000e-01  5.8915197980e+00  6.3251090730e+00  7.2093863000e+00  2.9940856000e-02  3.5031835000e-02  4.5440729000e-02
    2.8000000000e-01  5.8935249060e+00  6.3274503570e+00  7.2124278130e+00  3.1102681000e-02  3.6399701000e-02  4.7207218000e-02
    2.9000000000e-01  5.8956063930e+00  6.3298813440e+00  7.2155854080e+00  3.2270493000e-02  3.7775579000e-02  4.8983143000e-02
    3.0000000000e-01  5.8977646410e+00  6.3324025450e+00  7.2188596900e+00  3.3444545000e-02  3.9159817000e-02  5.0768902000e-02
    3.1000000000e-01  5.9000000500e+00  6.3350144910e+00  7.2222512940e+00  3.4625098000e-02  4.0552770000e-02  5.2564899000e-02
    3.2000000000e-01  5.9023130390e+00  6.3377177330e+00  7.2257608780e+00  3.5812413000e-02  4.1954802000e-02  5.4371547000e-02
    3.3000000000e-01  5.9047040390e+00  6.3405128480e+00  7.2293891230e+00  3.7006760000e-02  4.3366283000e-02  5.6189265000e-02
    3.4000000000e-01  5.9071734990e+00  6.3434004330e+00  7.2331367420e+00  3.8208413000e-02  4.4787593000e-02  5.8018480000e-02
    3.5000000000e-01  5.9097218880e+00  6.3463811090e+00  7.2370044710e+00  3.9417650000e-02  4.6219120000e-02  5.9859628000e-02
    3.6000000000e-01  5.9123496880e+00  6.3494555220e+00  7.2409930730e+00  4.0634757000e-02  4.7661262000e-02  6.1713155000e-02
    3.7000000000e-01  5.9150574020e+00  6.3526243410e+00  7.2451033400e+00  4.1860026000e-02  4.9114426000e-02  6.3579514000e-02
    3.8000000000e-01  5.9178455490e+00  6.3558882600e+00  7.2493360940e+00  4.3093754000e-02  5.0579030000e-02  6.5459168000e-02
    3.9000000000e-01  5.9207146680e+00  6.3592479980e+00  7.2536921810e+00  4.4336246000e-02  5.2055501000e-02  6.7352592000e-02
    4.0000000000e-01  5.9236653160e+00  6.3627043020e+00  7.2581724820e+00  4.5587815000e-02  5.3544281000e-02  6.9260269000e-02
    4.1000000000e-01  5.9266980690e+00  6.3662579430e+00  7.2627779040e+00  4.6848778000e-02  5.5045819000e-02  7.1182695000e-02
    4.2000000000e-01  5.9298135240e+00  6.3699097220e+00  7.2675093870e+00  4.8119464000e-02  5.6560581000e-02  7.3120376000e-02
    4.3000000000e-01  5.9330122960e+00  6.3736604660e+00  7.2723679000e+00  4.9400207000e-02  5.8089042000e-02  7.5073831000e-02
    4.4000000000e-01  5.9362950210e+00  6.3775110320e+00  7.2773544470e+00  5.0691350000e-02  5.9631694000e-02  7.7043593000e-02
    4.5000000000e-01  5.9396623590e+00  6.3814623040e+00  7.2824700640e+00  5.1993248000e-02  6.1189042000e-02  7.9030205000e-02
    4.6000000000e-01  5.9431149870e+00  6.3855152010e+00  7.2877158170e+00  5.3306260000e-02  6.2761607000e-02  8.1034226000e-02
    4.7000000000e-01  5.9466536070e+00  6.3896706670e+00  7.2930928120e+00  5.4630760000e-02  6.4349923000e-02  8.3056228000e-02
    4.8000000000e-01  5.9502789440e+00  6.3939296840e+00  7.2986021860e+00  5.5967129000e-02  6.5954545000e-02  8.5096801000e-02
    4.9000000000e-01  5.9539917430e+00  6.3982932610e+00  7.3042451130e+00  5.7315760000e-02  6.7576042000e-02  8.7156548000e-02
    5.0000000000e-01  5.9577927760e+00  6.4027624460e+00  7.3100228040e+00  5.8677057000e-02  6.9215003000e-02  8.9236088000e-02
    5.1000000000e-01  5.9616828370e+00  6.4073383190e+00  7.3159365090e+00  6.0051436000e-02  7.0872037000e-02  9.1336061000e-02
    5.2000000000e-01  5.9656627480e+00  6.4120219950e+00  7.3219875150e+00  6.1439325000e-02  7.2547772000e-02  9.3457122000e-02
    5.3000000000e-01  5.9697333530e+00  6.4168146280e+00  7.3281771490e+00  6.2841166000e-02  7.4242858000e-02  9.5599945000e-02
    5.4000000000e-01  5.9738955250e+00  6.4217174080e+00  7.3345067800e+00  6.4257413000e-02  7.5957968000e-02  9.7765225000e-02
    5.5000000000e-01  5.9781501630e+00  6.4267315650e+00  7.3409778170e+00  6.5688536000e-02  7.7693797000e-02  9.9953678000e-02
    5.6000000000e-01  5.9824981940e+00  6.4318583700e+00  7.3475917130e+00  6.7135019000e-02  7.9451068000e-02  1.0216604100e-01
    5.7000000000e-01  5.9869405740e+00  6.4370991340e+00  7.3543499660e+00  6.8597362000e-02  8.1230527000e-02  1.0440307300e-01
    5.8000000000e-01  5.9914782890e+00  6.4424552110e+00  7.3612541190e+00  7.0076082000e-02  8.3032949000e-02  1.0666556000e-01
    5.9000000000e-01  5.9961123540e+00  6.4479280020e+00  7.3683057600e+00  7.1571713000e-02  8.4859140000e-02  1.0895430900e-01
    6.0000000000e-01  6.0008438150e+00  6.4535189490e+00  7.3755065270e+00  7.3084807000e-02  8.6709935000e-02  1.1127015800e-01
    6.1000000000e-01  6.0056737530e+00  6.4592295460e+00  7.3828581070e+00  7.4615936000e-02  8.8586201000e-02  1.1361396700e-01
    6.2000000000e-01  6.0106032790e+00  6.4650613330e+00  7.3903622380e+00  7.6165691000e-02  9.0488841000e-02  1.1598663000e-01
    6.3000000000e-01  6.0156335400e+00  6.4710159000e+00  7.3980207100e+00  7.7734687000e-02  9.2418792000e-02  1.1838906900e-01
    6.4000000000e-01  6.0207657180e+00  6.4770948920e+00  7.4058353670e+00  7.9323558000e-02  9.4377032000e-02  1.2082223900e-01
    6.5000000000e-01  6.0260010300e+00  6.4833000060e+00  7.4138081080e+00  8.0932965000e-02  9.6364578000e-02  1.2328712800e-01
    6.6000000000e-01  6.0313407330e+00  6.4896329950e+00  7.4219408920e+00  8.2563590000e-02  9.8382489000e-02  1.2578475900e-01
    6.7000000000e-01  6.0367861210e+00  6.4960956700e+00  7.4302357330e+00  8.4216146000e-02  1.0043187100e-01  1.2831619300e-01
    6.8000000000e-01  6.0423385280e+00  6.5026899030e+00  7.4386947100e+00  8.5891371000e-02  1.0251387700e-01  1.3088253000e-01
    6.9000000000e-01  6.0479993300e+00  6.5094176260e+00  7.4473199620e+00  8.7590031000e-02  1.0462971200e-01  1.3348491100e-01
    7.0000000000e-01  6.0537699470e+00  6.5162808370e+00  7.4561136950e+00  8.9312927000e-02  1.0678063300e-01  1.3612452200e-01
    7.1000000000e-01  6.0596518400e+00  6.5232816000e+00  7.4650781810e+00  9.1060890000e-02  1.0896795600e-01  1.3880259200e-01
    7.2000000000e-01  6.0656465170e+00  6.5304220500e+00  7.4742157610e+00  9.2834785000e-02  1.1119305600e-01  1.4152040100e-01
    7.3000000000e-01  6.0717555360e+00  6.5377043900e+00  7.4835288490e+00  9.4635517000e-02  1.1345737500e-01  1.4427927900e-01
    7.4000000000e-01  6.0779804990e+00  6.5451309010e+00  7.4930199310e+00  9.6464026000e-02  1.1576242100e-01  1.4708060900e-01
    7.5000000000e-01  6.0843230620e+00  6.5527039390e+00  7.5026915700e+00  9.8321296000e-02  1.1810977600e-01  1.4992583400e-01
    7.6000000000e-01  6.0907849330e+00  6.5604259410e+00  7.5125464110e+00  1.0020835300e-01  1.2050110200e-01  1.5281645500e-01
    7.7000000000e-01  6.0973678730e+00  6.5682994260e+00  7.5225871750e+00  1.0212627200e-01  1.2293813900e-01  1.5575403700e-01
    7.8000000000e-01  6.1040736980e+00  6.5763270020e+00  7.5328166740e+00  1.0407617400e-01  1.2542272000e-01  1.5874021300e-01
    7.9000000000e-01  6.1109042860e+00  6.5845113620e+00  7.5432378020e+00  1.0605923400e-01  1.2795677000e-01  1.6177668800e-01
    8.0000000000e-01  6.1178615720e+00  6.5928552970e+00  7.5538535460e+00  1.0807668500e-01  1.3054231500e-01  1.6486524300e-01
    8.1000000000e-01  6.1249475530e+00  6.6013616910e+00  7.5646669880e+00  1.1012981500e-01  1.3318148800e-01  1.6800774000e-01
    8.2000000000e-01  6.1321642930e+00  6.6100335280e+00  7.5756813040e+00  1.1221997900e-01  1.3587653800e-01  1.7120612600e-01
    8.3000000000e-01  6.1395139200e+00  6.6188738970e+00  7.5868997720e+00  1.1434859800e-01  1.3862983700e-01  1.7446244000e-01
    8.4000000000e-01  6.1469986340e+00  6.6278859950e+00  7.5983257750e+00  1.1651716500e-01  1.4144389000e-01  1.7777881800e-01
    8.5000000000e-01  6.1546207040e+00  6.6370731300e+00  7.6099628000e+00  1.1872725200e-01  1.4432134200e-01  1.8115750000e-01
    8.6000000000e-01  6.1623824750e+00  6.6464387250e+00  7.6218144500e+00  1.2098051200e-01  1.4726499200e-01  1.8460083600e-01
    8.7000000000e-01  6.1702863680e+00  6.6559863230e+00  7.6338844390e+00  1.2327868500e-01  1.5027780100e-01  1.8811129200e-01
    8.8000000000e-01  6.1783348840e+00  6.6657195910e+00  7.6461766030e+00  1.2562361000e-01  1.5336290800e-01  1.9169146300e-01
    8.9000000000e-01  6.1865306050e+00  6.6756423260e+00  7.6586949000e+00  1.2801722300e-01  1.5652363800e-01  1.9534407500e-01
    9.0000000000e-01  6.1948762000e+00  6.6857584550e+00  7.6714434160e+00  1.3046157100e-01  1.5976352400e-01  1.9907200100e-01
    9.1000000000e-01  6.2033744240e+00  6.6960720410e+00  7.6844263690e+00  1.3295882000e-01  1.6308631700e-01  2.0287826700e-01
    9.2000000000e-01  6.2120281220e+00  6.7065872900e+00  7.6976481120e+00  1.3551126000e-01  1.6649600800e-01  2.0676606300e-01
    9.3000000000e-01  6.2208402340e+00  6.7173085510e+00  7.7111131410e+00  1.3812131600e-01  1.6999684300e-01  2.1073875600e-01
    9.4000000000e-01  6.2298137940e+00  6.7282403200e+00  7.7248260940e+00  1.4079156300e-01  1.7359334700e-01  2.1479990700e-01
    9.5000000000e-01  6.2389519370e+00  6.7393872470e+00  7.7387917610e+00  1.4352473200e-01  1.7729034800e-01  2.1895327900e-01
    9.6000000000e-01  6.2482578960e+00  6.7507541340e+00  7.7530150840e+00  1.4632372500e-01  1.8109300100e-01  2.2320285700e-01
    9.7000000000e-01  6.2577350090e+00  6.7623459390e+00  7.7675011620e+00  1.4919163000e-01  1.8500681400e-01  2.2755286100e-01
    9.8000000000e-01  6.2673867190e+00  6.7741677770e+00  7.7822552590e+00  1.5213173400e-01  1.8903768200e-01  2.3200777200e-01
    9.9000000000e-01  6.2772165760e+00  6.7862249230e+00  7.7972828000e+00  1.5514754300e-01  1.9319192000e-01  2.3657234600e-01
    1.0000000000e+00  6.2872282360e+00  6.7985228070e+00  7.8125893820e+00  1.5824279700e-01  1.9747630100e-01  2.4125163800e-01
    1.0100000000e+00  6.2974254670e+00  6.8110670120e+00  7.8281807710e+00  1.6142149200e-01  2.0189809200e-01  2.4605103000e-01
    1.0200000000e+00  6.3078121400e+00  6.8238632690e+00  7.8440629060e+00  1.6468790500e-01  2.0646510800e-01  2.5097625300e-01
    1.0300000000e+00  6.3183922380e+00  6.8369174530e+00  7.8602419010e+00  1.6804661400e-01  2.1118575300e-01  2.5603342100e-01
    1.0400000000e+00  6.3291698430e+00  6.8502355670e+00  7.8767240420e+00  1.7150252600e-01  2.1606907900e-01  2.6122906400e-01
    1.0500000000e+00  6.3401491410e+00  6.8638237280e+00  7.8935157870e+00  1.7506091300e-01  2.2112484600e-01  2.6657015900e-01
    1.0600000000e+00  6.3513344100e+00  6.8776881490e+00  7.9106237630e+00  1.7872743500e-01  2.2636358900e-01  2.7206417700e-01
    1.0700000000e+00  6.3627300130e+00  6.8918351130e+00  7.9280547560e+00  1.8250818600e-01  2.3179668700e-01  2.7771911900e-01
    1.0800000000e+00  6.3743403870e+00  6.9062709360e+00  7.9458157060e+00  1.8640972600e-01  2.3743644600e-01  2.8354357000e-01
    1.0900000000e+00  6.3861700280e+00  6.9210019280e+00  7.9639136920e+00  1.9043913100e-01  2.4329618400e-01  2.8954674800e-01
    1.1000000000e+00  6.3982234710e+00  6.9360343370e+00  7.9823559130e+00  1.9460403900e-01  2.4939032800e-01  2.9573856500e-01
    1.1100000000e+00  6.4105052640e+00  6.9513742810e+00  8.0011496700e+00  1.9891270100e-01  2.5573451300e-01  3.0212968600e-01
    1.1200000000e+00  6.4230199380e+00  6.9670276650e+00  8.0203023280e+00  2.0337404000e-01  2.6234569600e-01  3.0873160100e-01
    1.1300000000e+00  6.4357719670e+00  6.9830000770e+00  8.0398212850e+00  2.0799771600e-01  2.6924227100e-01  3.1555670000e-01
    1.1400000000e+00  6.4487657160e+00  6.9992966580e+00  8.0597139210e+00  2.1279419100e-01  2.7644419500e-01  3.2261835200e-01
    1.1500000000e+00  6.4620053820e+00  7.0159219500e+00  8.0799875330e+00  2.1777480200e-01  2.8397311500e-01  3.2993099900e-01
    1.1600000000e+00  6.4754949160e+00  7.0328797000e+00  8.1006492660e+00  2.2295184100e-01  2.9185250400e-01  3.3751024300e-01
    1.1700000000e+00  6.4892379300e+00  7.0501726340e+00  8.1217060120e+00  2.2833863400e-01  3.0010778600e-01  3.4537294900e-01
    1.1800000000e+00  6.5032375840e+00  7.0678021740e+00  8.1431643000e+00  2.3394962700e-01  3.0876646000e-01  3.5353735200e-01
    1.1900000000e+00  6.5174964440e+00  7.0857681140e+00  8.1650301500e+00  2.3980046900e-01  3.1785820800e-01  3.6202315800e-01
    1.2000000000e+00  6.5320163130e+00  7.1040682190e+00  8.1873089020e+00  2.4590809700e-01  3.2741497200e-01  3.7085165800e-01
    1.2100000000e+00  6.5467980320e+00  7.1226977710e+00  8.2100050080e+00  2.5229081100e-01  3.3747099300e-01  3.8004582400e-01
    1.2200000000e+00  6.5618412340e+00  7.1416490350e+00  8.2331217850e+00  2.5896833700e-01  3.4806278700e-01  3.8963041000e-01
    1.2300000000e+00  6.5771440550e+00  7.1609106530e+00  8.2566611090e+00  2.6596187100e-01  3.5922903200e-01  3.9963201900e-01
    1.2400000000e+00  6.5927027950e+00  7.1804669700e+00  8.2806230770e+00  2.7329408500e-01  3.7101034400e-01  4.1007915600e-01
    1.2500000000e+00  6.6085115270e+00  7.2002973100e+00  8.3050055900e+00  2.8098909700e-01  3.8344889300e-01  4.2100223100e-01
    1.2600000000e+00  6.6245616440e+00  7.2203752190e+00  8.3298038900e+00  2.8907236100e-01  3.9658783400e-01  4.3243350000e-01
    1.2700000000e+00  6.6408413560e+00  7.2406677210e+00  8.3550100310e+00  2.9757047800e-01  4.1047050900e-01  4.4440693000e-01
    1.2800000000e+00  6.6573351330e+00  7.2611346630e+00  8.3806123060e+00  3.0651088800e-01  4.2513937400e-01  4.5695795300e-01
    1.2900000000e+00  6.6740231270e+00  7.2817282140e+00  8.4065946270e+00  3.1592140800e-01  4.4063466600e-01  4.7012307500e-01
    1.3000000000e+00  6.6908805870e+00  7.3023926490e+00  8.4329358980e+00  3.2582958800e-01  4.5699278400e-01  4.8393933100e-01
    1.3100000000e+00  6.7078773090e+00  7.3230645100e+00  8.4596094180e+00  3.3626184900e-01  4.7424446200e-01  4.9844352600e-01
    1.3200000000e+00  6.7249772050e+00  7.3436732930e+00  8.4865823540e+00  3.4724237300e-01  4.9241283500e-01  5.1367126900e-01
    1.3300000000e+00  6.7421380510e+00  7.3641427070e+00  8.5138153770e+00  3.5879172500e-01  5.1151156100e-01  5.2965577000e-01
    1.3400000000e+00  6.7593115320e+00  7.3843925550e+00  8.5412625110e+00  3.7092523100e-01  5.3154322600e-01  5.4642642500e-01
    1.3500000000e+00  6.7764437070e+00  7.4043411350e+00  8.5688713170e+00  3.8365113900e-01  5.5249826100e-01  5.6400721800e-01
    1.3600000000e+00  6.7934760110e+00  7.4239079810e+00  8.5965834540e+00  3.9696868400e-01  5.7435459900e-01  5.8241503300e-01
    1.3700000000e+00  6.8103469160e+00  7.4430166440e+00  8.6243357140e+00  4.1086618800e-01  5.9707817900e-01  6.0165795900e-01
    1.3800000000e+00  6.8269943030e+00  7.4615971600e+00  8.6520615300e+00  4.2531944200e-01  6.2062427500e-01  6.2173374500e-01
    1.3900000000e+00  6.8433585450e+00  7.4795879190e+00  8.6796929530e+00  4.4029064000e-01  6.4493945600e-01  6.4262853800e-01
    1.4000000000e+00  6.8593861660e+00  7.4969367230e+00  8.7071630240e+00  4.5572816800e-01  6.6996383800e-01  6.6431605800e-01
    1.4100000000e+00  6.8750338060e+00  7.5136010820e+00  8.7344084180e+00  4.7156753500e-01  6.9563325600e-01  6.8675731400e-01
    1.4200000000e+00  6.8902720840e+00  7.5295479330e+00  8.7613722250e+00  4.8773362200e-01  7.2188102600e-01  7.0990094900e-01
    1.4300000000e+00  6.9050888590e+00  7.5447531560e+00  8.7880066910e+00  5.0414427300e-01  7.4863919100e-01  7.3368423500e-01
    1.4400000000e+00  6.9194913470e+00  7.5592012140e+00  8.8142757690e+00  5.2071500200e-01  7.7583931300e-01  7.5803470000e-01
    1.4500000000e+00  6.9335067050e+00  7.5728851590e+00  8.8401573340e+00  5.3736439900e-01  8.0341311700e-01  7.8287234200e-01
    1.4600000000e+00  6.9471808090e+00  7.5858069870e+00  8.8656449430e+00  5.5401962300e-01  8.3129334800e-01  8.0811235200e-01
    1.4700000000e+00  6.9605753210e+00  7.5979781260e+00  8.8907490010e+00  5.7062131700e-01  8.5941515700e-01  8.3366826400e-01
    1.4800000000e+00  6.9737633020e+00  7.6094196210e+00  8.9154972490e+00  5.8712735300e-01  8.8771815700e-01  8.5945540900e-01
    1.4900000000e+00  6.9868239220e+00  7.6201615660e+00  8.9399344200e+00  6.0351499200e-01  9.1614898800e-01  8.8539452900e-01
    1.5000000000e+00  6.9998368510e+00  7.6302414150e+00  8.9641210160e+00  6.1978125700e-01  9.4466399200e-01  9.1141531500e-01
    1.5100000000e+00  7.0128769550e+00  7.6397010870e+00  8.9881311480e+00  6.3594157500e-01  9.7323139700e-01  9.3745960400e-01
    1.5200000000e+00  7.0260098410e+00  7.6485831100e+00  9.0120495880e+00  6.5202692400e-01  1.0018323650e+00  9.6348388600e-01
    1.5300000000e+00  7.0392886510e+00  7.6569263750e+00  9.0359682700e+00  6.6807988600e-01  1.0304604790e+00  9.8946085900e-01
    1.5400000000e+00  7.0527523490e+00  7.6647623000e+00  9.0599826460e+00  6.8415010400e-01  1.0591195370e+00  1.0153798870e+00
    1.5500000000e+00  7.0664255800e+00  7.6721121550e+00  9.0841883270e+00  7.0028969000e-01  1.0878200130e+00  1.0412464110e+00
    1.5600000000e+00  7.0803199280e+00  7.6789860270e+00  9.1086783460e+00  7.1654910900e-01  1.1165748520e+00  1.0670805580e+00
    1.5700000000e+00  7.0944362860e+00  7.6853834930e+00  9.1335412340e+00  7.3297395600e-01  1.1453954510e+00  1.0929153370e+00
    1.5800000000e+00  7.1087678650e+00  7.6912955990e+00  9.1588598610e+00  7.4960288000e-01  1.1742885230e+00  1.1187947530e+00
    1.5900000000e+00  7.1233033840e+00  7.6967074930e+00  9.1847108810e+00  7.6646669700e-01  1.2032542020e+00  1.1447721150e+00
    1.6000000000e+00  7.1380300110e+00  7.7016010440e+00  9.2111645860e+00  7.8358852900e-01  1.2322853180e+00  1.1709086190e+00
    1.6100000000e+00  7.1529358180e+00  7.7059570130e+00  9.2382850050e+00  8.0098469100e-01  1.2613674640e+00  1.1972722250e+00
    1.6200000000e+00  7.1680116610e+00  7.7097566910e+00  9.2661301890e+00  8.1866601900e-01  1.2904793780e+00  1.2239367880e+00
    1.6300000000e+00  7.1832525660e+00  7.7129832160e+00  9.2947526690e+00  8.3663939600e-01  1.3195933100e+00  1.2509814930e+00
    1.6400000000e+00  7.1986587650e+00  7.7156228980e+00  9.3242000030e+00  8.5490942100e-01  1.3486753370e+00  1.2784906690e+00
    1.6500000000e+00  7.2142364440e+00  7.7176667710e+00  9.3545152950e+00  8.7348024700e-01  1.3776858570e+00  1.3065540850e+00
    1.6600000000e+00  7.2299981520e+00  7.7191122950e+00  9.3857374090e+00  8.9235770200e-01  1.4065806320e+00  1.3352677680e+00
    1.6700000000e+00  7.2459626800e+00  7.7199648470e+00  9.4179005920e+00  9.1155171000e-01  1.4353126170e+00  1.3647351980e+00
    1.6800000000e+00  7.2621541630e+00  7.7202384450e+00  9.4510332720e+00  9.3107887900e-01  1.4638345180e+00  1.3950685920e+00
    1.6900000000e+00  7.2786002310e+00  7.7199552680e+00  9.4851559640e+00  9.5096495500e-01  1.4921016100e+00  1.4263898180e+00
    1.7000000000e+00  7.2953292100e+00  7.7191438340e+00  9.5202784930e+00  9.7124671700e-01  1.5200741110e+00  1.4588304830e+00
    1.7100000000e+00  7.3123665810e+00  7.7178362070e+00  9.5563969300e+00  9.9197291600e-01  1.5477183540e+00  1.4925308750e+00
    1.7200000000e+00  7.3297310970e+00  7.7160649730e+00  9.5934908420e+00  1.0132039420e+00  1.5750063300e+00  1.5276376510e+00
    1.7300000000e+00  7.3474310680e+00  7.7138609270e+00  9.6315213770e+00  1.0350101620e+00  1.6019136240e+00  1.5643004640e+00
    1.7400000000e+00  7.3654613260e+00  7.7112522670e+00  9.6704306590e+00  1.0574690250e+00  1.6284163170e+00  1.6026679920e+00
    1.7500000000e+00  7.3838012610e+00  7.7082656860e+00  9.7101426290e+00  1.0806612730e+00  1.6544877410e+00  1.6428839550e+00
    1.7600000000e+00  7.4024142030e+00  7.7049292600e+00  9.7505652570e+00  1.1046667190e+00  1.6800961220e+00  1.6850837520e+00
    1.7700000000e+00  7.4212481820e+00  7.7012764890e+00  9.7915937360e+00  1.1295600800e+00  1.7052039200e+00  1.7293922470e+00
    1.7800000000e+00  7.4402379350e+00  7.6973505480e+00  9.8331141090e+00  1.1554073520e+00  1.7297692870e+00  1.7759229960e+00
    1.7900000000e+00  7.4593078710e+00  7.6932077010e+00  9.8750067170e+00  1.1822630980e+00  1.7537495230e+00  1.8247789840e+00
    1.8000000000e+00  7.4783755840e+00  7.6889190230e+00  9.9171488910e+00  1.2101688800e+00  1.7771059300e+00  1.8760546520e+00
    1.8100000000e+00  7.4973555060e+00  7.6845700070e+00  9.9594164760e+00  1.2391529010e+00  1.7998091150e+00  1.9298388460e+00
    1.8200000000e+00  7.5161622830e+00  7.6802581640e+00  1.0001683937e+01  1.2692307870e+00  1.8218437600e+00  1.9862182200e+00
    1.8300000000e+00  7.5347135700e+00  7.6760891730e+00  1.0043823000e+01  1.3004073050e+00  1.8432120950e+00  2.0452806080e+00
    1.8400000000e+00  7.5529319920e+00  7.6721723880e+00  1.0085699824e+01  1.3326787700e+00  1.8639357990e+00  2.1071179660e+00
    1.8500000000e+00  7.5707461420e+00  7.6686164020e+00  1.0127170815e+01  1.3660358530e+00  1.8840564560e+00  2.1718284590e+00
    1.8600000000e+00  7.5880905190e+00  7.6655250880e+00  1.0168077176e+01  1.4004664540e+00  1.9036350270e+00  2.2395172880e+00
    1.8700000000e+00  7.6049044470e+00  7.6629941290e+00  1.0208238401e+01  1.4359583330e+00  1.9227507630e+00  2.3102957370e+00
    1.8800000000e+00  7.6211300530e+00  7.6611078590e+00  1.0247445156e+01  1.4725011460e+00  1.9414997790e+00  2.3842778460e+00
    1.8900000000e+00  7.6367095410e+00  7.6599362400e+00  1.0285452264e+01  1.5100875870e+00  1.9599932370e+00  2.4615741910e+00
    1.9000000000e+00  7.6515820700e+00  7.6595319620e+00  1.0321972915e+01  1.5487133880e+00  1.9783549570e+00  2.5422824480e+00
    1.9100000000e+00  7.6656806470e+00  7.6599278940e+00  1.0356675438e+01  1.5883760640e+00  1.9967183250e+00  2.6264749250e+00
    1.9200000000e+00  7.6789294910e+00  7.6611351430e+00  1.0389183980e+01  1.6290723810e+00  2.0152225200e+00  2.7141838230e+00
    1.9300000000e+00  7.6912423350e+00  7.6631419770e+00  1.0419084161e+01  1.6707947360e+00  2.0340082520e+00  2.8053856120e+00
    1.9400000000e+00  7.7025220800e+00  7.6659137240e+00  1.0445934174e+01  1.7135267820e+00  2.0532132460e+00  2.8999863470e+00
    1.9500000000e+00  7.7126621030e+00  7.6693936960e+00  1.0469281066e+01  1.7572388370e+00  2.0729676900e+00  2.9978099300e+00
    1.9600000000e+00  7.7215492680e+00  7.6735051950e+00  1.0488681164e+01  1.8018837200e+00  2.0933898640e+00  3.0985911370e+00
    1.9700000000e+00  7.7290684220e+00  7.6781546650e+00  1.0503722961e+01  1.8473936770e+00  2.1145822000e+00  3.2019747840e+00
    1.9800000000e+00  7.7351078790e+00  7.6832360050e+00  1.0514050408e+01  1.8936789440e+00  2.1366282160e+00  3.3075217310e+00
    1.9900000000e+00  7.7395651790e+00  7.6886358280e+00  1.0519384377e+01  1.9406282010e+00  2.1595908120e+00  3.4147216890e+00
    2.0000000000e+00  7.7423523720e+00  7.6942391420e+00  1.0519540241e+01  1.9881108710e+00  2.1835124440e+00  3.5230120780e+00
    2.0100000000e+00  7.7434001940e+00  7.6999346110e+00  1.0514439808e+01  2.0359808880e+00  2.2084173660e+00  3.6318015450e+00
    2.0200000000e+00  7.7426607260e+00  7.7056184570e+00  1.0504116389e+01  2.0840813360e+00  2.2343156770e+00  3.7404962870e+00
    2.0300000000e+00  7.7401084640e+00  7.7111962760e+00  1.0488712393e+01  2.1322493240e+00  2.2612084240e+00  3.8485269870e+00
    2.0400000000e+00  7.7357399330e+00  7.7165824840e+00  1.0468469569e+01  2.1803204950e+00  2.2890926890e+00  3.9553740710e+00
    2.0500000000e+00  7.7295722330e+00  7.7216977360e+00  1.0443712783e+01  2.2281327730e+00  2.3179656220e+00  4.0605891410e+00
    2.0600000000e+00  7.7216409060e+00  7.7264650440e+00  1.0414828879e+01  2.2755290930e+00  2.3478267050e+00  4.1638108560e+00
    2.0700000000e+00  7.7119975920e+00  7.7308055330e+00  1.0382242625e+01  2.3223590680e+00  2.3786780220e+00  4.2647742130e+00
    2.0800000000e+00  7.7007078720e+00  7.7346346220e+00  1.0346391896e+01  2.3684796360e+00  2.4105227310e+00  4.3633129270e+00
    2.0900000000e+00  7.6878496970e+00  7.7378591530e+00  1.0307704082e+01  2.4137549030e+00  2.4433621560e+00  4.4593553510e+00
    2.1000000000e+00  7.6735127380e+00  7.7403757430e+00  1.0266575266e+01  2.4580555230e+00  2.4771919480e+00  4.5529148830e+00
    2.1100000000e+00  7.6577988260e+00  7.7420705240e+00  1.0223353252e+01  2.5012581320e+00  2.5119977070e+00  4.6440760260e+00
    2.1200000000e+00  7.6408234150e+00  7.7428203880e+00  1.0178325134e+01  2.5432454920e+00  2.5477504220e+00  4.7329773050e+00
    2.1300000000e+00  7.6227176180e+00  7.7424958480e+00  1.0131709912e+01  2.5839079240e+00  2.5844022250e+00  4.8197921870e+00
    2.1400000000e+00  7.6036300650e+00  7.7409654500e+00  1.0083656586e+01  2.6231463700e+00  2.6218829900e+00  4.9047093260e+00
    2.1500000000e+00  7.5837276300e+00  7.7381014450e+00  1.0034247889e+01  2.6608769580e+00  2.6600984220e+00  4.9879137230e+00
    2.1600000000e+00  7.5631942600e+00  7.7337861380e+00  9.9835092450e+00  2.6970364420e+00  2.6989301130e+00  5.0695707270e+00
    2.1700000000e+00  7.5422275060e+00  7.7279180720e+00  9.9314215900e+00  2.7315874780e+00  2.7382377860e+00  5.1498147410e+00
    2.1800000000e+00  7.5210330000e+00  7.7204171700e+00  9.8779357670e+00  2.7645226110e+00  2.7778635610e+00  5.2287437720e+00
    2.1900000000e+00  7.4998176720e+00  7.7112280770e+00  9.8229857150e+00  2.7958660890e+00  2.8176376480e+00  5.3064197100e+00
    2.2000000000e+00  7.4787828910e+00  7.7003212680e+00  9.7664980880e+00  2.8256731830e+00  2.8573846070e+00  5.3828727540e+00
    2.2100000000e+00  7.4581186720e+00  7.6876919580e+00  9.7083970840e+00  2.8540273520e+00  2.8969291560e+00  5.4581073570e+00
    2.2200000000e+00  7.4379997470e+00  7.6733572780e+00  9.6486049270e+00  2.8810361160e+00  2.9361006630e+00  5.5321068520e+00
    2.2300000000e+00  7.4185836970e+00  7.6573525890e+00  9.5870398470e+00  2.9068267670e+00  2.9747357810e+00  5.6048346920e+00
    2.2400000000e+00  7.4000107570e+00  7.6397278820e+00  9.5236142290e+00  2.9315429460e+00  3.0126791670e+00  5.6762315960e+00
    2.2500000000e+00  7.3824044090e+00  7.6205451380e+00  9.4582354540e+00  2.9553427230e+00  3.0497827070e+00  5.7462094860e+00
    2.2600000000e+00  7.3658717340e+00  7.5998771170e+00  9.3908110840e+00  2.9783982560e+00  3.0859040000e+00  5.8146442550e+00
    2.2700000000e+00  7.3505025960e+00  7.5778076400e+00  9.3212587120e+00  3.0008965580e+00  3.1209049050e+00  5.8813699650e+00
    2.2800000000e+00  7.3363671170e+00  7.5544330190e+00  9.2495194780e+00  3.0230404890e+00  3.1546508340e+00  5.9461768460e+00
    2.2900000000e+00  7.3235113980e+00  7.5298641400e+00  9.1755732290e+00  3.0450489050e+00  3.1870111260e+00  6.0088146740e+00
    2.3000000000e+00  7.3119520280e+00  7.5042286980e+00  9.0994528520e+00  3.0671549830e+00  3.2178606160e+00  6.0690019900e+00
    2.3100000000e+00  7.3016703440e+00  7.4776732080e+00  9.0212554280e+00  3.0896021230e+00  3.2470823640e+00  6.1264405000e+00
    2.3200000000e+00  7.2926076170e+00  7.4503644550e+00  8.9411483520e+00  3.1126373320e+00  3.2745714870e+00  6.1808331260e+00
    2.3300000000e+00  7.2846622850e+00  7.4224900390e+00  8.8593693970e+00  3.1365025910e+00  3.3002400780e+00  6.2319035680e+00
    2.3400000000e+00  7.2776900110e+00  7.3942574970e+00  8.7762206140e+00  3.1614251940e+00  3.3240230570e+00  6.2794151150e+00
    2.3500000000e+00  7.2715067700e+00  7.3658914280e+00  8.6920568610e+00  3.1876082880e+00  3.3458845720e+00  6.3231865730e+00
    2.3600000000e+00  7.2658945890e+00  7.3376281270e+00  8.6072704940e+00  3.2152227730e+00  3.3658241550e+00  6.3631037670e+00
    2.3700000000e+00  7.2606091110e+00  7.3097076430e+00  8.5222741890e+00  3.2444013990e+00  3.3838814950e+00  6.3991258940e+00
    2.3800000000e+00  7.2553879010e+00  7.2823637610e+00  8.4374838120e+00  3.2752353450e+00  3.4001386360e+00  6.4312869350e+00
    2.3900000000e+00  7.2499585160e+00  7.2558130620e+00  8.3533027390e+00  3.3077730560e+00  3.4147186440e+00  6.4596930780e+00
    2.4000000000e+00  7.2440457060e+00  7.2302445980e+00  8.2701082280e+00  3.3420207020e+00  3.4277804740e+00  6.4845173910e+00
    2.4100000000e+00  7.2373775600e+00  7.2058117510e+00  8.1882397640e+00  3.3779435160e+00  3.4395104820e+00  6.5059927280e+00
    2.4200000000e+00  7.2296908490e+00  7.1826274560e+00  8.1079889780e+00  3.4154674120e+00  3.4501117470e+00  6.5244033330e+00
    2.4300000000e+00  7.2207360750e+00  7.1607633000e+00  8.0295908750e+00  3.4544806220e+00  3.4597927200e+00  6.5400750690e+00
    2.4400000000e+00  7.2102827150e+00  7.1402523270e+00  7.9532165420e+00  3.4948355210e+00  3.4687567150e+00  6.5533640370e+00
    2.4500000000e+00  7.1981249070e+00  7.1210947670e+00  7.8789678740e+00  3.5363511260e+00  3.4771934610e+00  6.5646434880e+00
    2.4600000000e+00  7.1840874500e+00  7.1032656330e+00  7.8068750330e+00  3.5788168680e+00  3.4852734380e+00  6.5742893530e+00
    2.4700000000e+00  7.1680315610e+00  7.0867230000e+00  7.7368971970e+00  3.6219981310e+00  3.4931452400e+00  6.5826650760e+00
    2.4800000000e+00  7.1498595930e+00  7.0714159430e+00  7.6689268450e+00  3.6656437090e+00  3.5009358000e+00  6.5901066940e+00
    2.4900000000e+00  7.1295178000e+00  7.0572912820e+00  7.6027974770e+00  3.7094949110e+00  3.5087530000e+00  6.5969091050e+00
    2.5000000000e+00  7.1069963900e+00  7.0442985370e+00  7.5382943990e+00  3.7532955750e+00  3.5166900620e+00  6.6033143610e+00
    2.5100000000e+00  7.0823264920e+00  7.0323927250e+00  7.4751680050e+00  3.7968019340e+00  3.5248309730e+00  6.6095026950e+00
    2.5200000000e+00  7.0555741200e+00  7.0215348130e+00  7.4131488980e+00  3.8397910860e+00  3.5332561860e+00  6.6155868220e+00
    2.5300000000e+00  7.0268318210e+00  7.0116899120e+00  7.3519640120e+00  3.8820669570e+00  3.5420477750e+00  6.6216099280e+00
    2.5400000000e+00  6.9962091010e+00  7.0028235180e+00  7.2913528550e+00  3.9234629930e+00  3.5512932410e+00  6.6275475350e+00
    2.5500000000e+00  6.9638230190e+00  6.9948964550e+00  7.2310828800e+00  3.9638413130e+00  3.5610872970e+00  6.6333132370e+00
    2.5600000000e+00  6.9297903380e+00  6.9878594090e+00  7.1709630350e+00  4.0030887250e+00  3.5715312060e+00  6.6387680200e+00
    2.5700000000e+00  6.8942223370e+00  6.9816481450e+00  7.1108546010e+00  4.0411105120e+00  3.5827296900e+00  6.6437326430e+00
    2.5800000000e+00  6.8572229170e+00  6.9761803840e+00  7.0506785480e+00  4.0778233760e+00  3.5947858790e+00  6.6480022800e+00
    2.5900000000e+00  6.8188899140e+00  6.9713550530e+00  6.9904189140e+00  4.1131489920e+00  3.6077952040e+00  6.6513623990e+00
    2.6000000000e+00  6.7793189290e+00  6.9670541440e+00  6.9301220830e+00  4.1470094720e+00  3.6218393580e+00  6.6536046890e+00
    2.6100000000e+00  6.7386084590e+00  6.9631468970e+00  6.8698922980e+00  4.1793255140e+00  3.6369814340e+00  6.6545419350e+00
    2.6200000000e+00  6.6968649810e+00  6.9594955720e+00  6.8098840670e+00  4.2100173850e+00  3.6532631090e+00  6.6540210840e+00
    2.6300000000e+00  6.6542067790e+00  6.9559617910e+00  6.7502921460e+00  4.2390082450e+00  3.6707043560e+00  6.6519341620e+00
    2.6400000000e+00  6.6107657200e+00  6.9524123130e+00  6.6913394770e+00  4.2662288800e+00  3.6893056700e+00  6.6482269870e+00
    2.6500000000e+00  6.5666867440e+00  6.9487232290e+00  6.6332631020e+00  4.2916227640e+00  3.7090523110e+00  6.6429054510e+00
    2.6600000000e+00  6.5221253200e+00  6.9447818380e+00  6.5762979910e+00  4.3151504330e+00  3.7299196730e+00  6.6360386250e+00
    2.6700000000e+00  6.4772435220e+00  6.9404859830e+00  6.5206593040e+00  4.3367924800e+00  3.7518786490e+00  6.6277574580e+00
    2.6800000000e+00  6.4322055220e+00  6.9357411080e+00  6.4665245250e+00  4.3565509000e+00  3.7748998440e+00  6.6182478110e+00
    2.6900000000e+00  6.3871732580e+00  6.9304558140e+00  6.4140178640e+00  4.3744489260e+00  3.7989557800e+00  6.6077373580e+00
    2.7000000000e+00  6.3423027490e+00  6.9245369740e+00  6.3631996610e+00  4.3905297580e+00  3.8240206450e+00  6.5964772630e+00
    2.7100000000e+00  6.2977412660e+00  6.9178855290e+00  6.3140628530e+00  4.4048547190e+00  3.8500676940e+00  6.5847209980e+00
    2.7200000000e+00  6.2536252540e+00  6.9103938810e+00  6.2665372050e+00  4.4175012330e+00  3.8770648620e+00  6.5727035200e+00
    2.7300000000e+00  6.2100788110e+00  6.9019454290e+00  6.2205002620e+00  4.4285609030e+00  3.9049694570e+00  6.5606239390e+00
    2.7400000000e+00  6.1672124630e+00  6.8924163710e+00  6.1757927300e+00  4.4381377790e+00  3.9337228740e+00  6.5486338190e+00
    2.7500000000e+00  6.1251220510e+00  6.8816795180e+00  6.1322354760e+00  4.4463467800e+00  3.9632461780e+00  6.5368317680e+00
    2.7600000000e+00  6.0838875740e+00  6.8696096300e+00  6.0896457170e+00  4.4533121840e+00  3.9934372020e+00  6.5252636840e+00
    2.7700000000e+00  6.0435719450e+00  6.8560895920e+00  6.0478508460e+00  4.4591660370e+00  4.0241695600e+00  6.5139272280e+00
    2.7800000000e+00  6.0042196460e+00  6.8410167050e+00  6.0066993390e+00  4.4640463540e+00  4.0552937180e+00  6.5027789600e+00
    2.7900000000e+00  5.9658553610e+00  6.8243083320e+00  5.9660688640e+00  4.4680950050e+00  4.0866399900e+00  6.4917429450e+00
    2.8000000000e+00  5.9284826340e+00  6.8059062830e+00  5.9258719860e+00  4.4714552020e+00  4.1180230320e+00  6.4807201710e+00
    2.8100000000e+00  5.8920826290e+00  6.7857795430e+00  5.8860597680e+00  4.4742684890e+00  4.1492471900e+00  6.4695985540e+00
    2.8200000000e+00  5.8566130990e+00  6.7639252940e+00  5.8466232500e+00  4.4766711080e+00  4.1801119880e+00  6.4582634780e+00
    2.8300000000e+00  5.8220077830e+00  6.7403684690e+00  5.8075925090e+00  4.4787895530e+00  4.2104171110e+00  6.4466087190e+00
    2.8400000000e+00  5.7881766530e+00  6.7151603440e+00  5.7690328550e+00  4.4807352210e+00  4.2399664990e+00  6.4345472830e+00
    2.8500000000e+00  5.7550075620e+00  6.6883766880e+00  5.7310378590e+00  4.4825982500e+00  4.2685713980e+00  6.4220212930e+00
    2.8600000000e+00  5.7223699000e+00  6.6601159800e+00  5.6937192610e+00  4.4844410050e+00  4.2960524730e+00  6.4090097620e+00
    2.8700000000e+00  5.6901206580e+00  6.6304981160e+00  5.6571944050e+00  4.4862919890e+00  4.3222412660e+00  6.3955330100e+00
    2.8800000000e+00  5.6581129120e+00  6.5996638440e+00  5.6215724320e+00  4.4881412450e+00  4.3469814170e+00  6.3816527250e+00
    2.8900000000e+00  5.6262062130e+00  6.5677750360e+00  5.5869409470e+00  4.4899382960e+00  4.3701301910e+00  6.3674672720e+00
    2.9000000000e+00  5.5942779010e+00  6.5350155870e+00  5.5533549380e+00  4.4915934040e+00  4.3915609480e+00  6.3531025980e+00
    2.9100000000e+00  5.5622340230e+00  6.5015924220e+00  5.5208295240e+00  4.4929824560e+00  4.4111670970e+00  6.3386998490e+00
    2.9200000000e+00  5.5300185350e+00  6.4677357110e+00  5.4893374390e+00  4.4939551560e+00  4.4288678230e+00  6.3244013920e+00
    2.9300000000e+00  5.4976197030e+00  6.4336972370e+00  5.4588114090e+00  4.4943457030e+00  4.4446153970e+00  6.3103370700e+00
    2.9400000000e+00  5.4650731180e+00  6.3997459430e+00  5.4291508770e+00  4.4939847440e+00  4.4584032830e+00  6.2966124020e+00
    2.9500000000e+00  5.4324612980e+00  6.3661600760e+00  5.4002319760e+00  4.4927113900e+00  4.4702737850e+00  6.2832999760e+00
    2.9600000000e+00  5.3999103540e+00  6.3332160310e+00  5.3719193970e+00  4.4903842650e+00  4.4803237000e+00  6.2704348230e+00
    2.9700000000e+00  5.3675844310e+00  6.3011746690e+00  5.3440786690e+00  4.4868910090e+00  4.4887065970e+00  6.2580140400e+00
    2.9800000000e+00  5.3356786400e+00  6.2702664690e+00  5.3165873810e+00  4.4821560670e+00  4.4956307520e+00  6.2460004460e+00
    2.9900000000e+00  5.3044109630e+00  6.2406771730e+00  5.2893439900e+00  4.4761468690e+00  4.5013524310e+00  6.2343295780e+00
    3.0000000000e+00  5.2740132970e+00  6.2125355400e+00  5.2622731910e+00  4.4688785650e+00  4.5061649150e+00  6.2229187830e+00
    3.0100000000e+00  5.2447216390e+00  6.1859045120e+00  5.2353274020e+00  4.4604173100e+00  4.5103842460e+00  6.2116768240e+00
    3.0200000000e+00  5.2167653570e+00  6.1607765280e+00  5.2084846900e+00  4.4508818360e+00  4.5143329960e+00  6.2005123170e+00
    3.0300000000e+00  5.1903557440e+00  6.1370731870e+00  5.1817442360e+00  4.4404428710e+00  4.5183234500e+00  6.1893396730e+00
    3.0400000000e+00  5.1656743100e+00  6.1146489510e+00  5.1551209030e+00  4.4293199380e+00  4.5226412930e+00  6.1780819620e+00
    3.0500000000e+00  5.1428616140e+00  6.0932984570e+00  5.1286405250e+00  4.4177752820e+00  4.5275306360e+00  6.1666709510e+00
    3.0600000000e+00  5.1220075080e+00  6.0727669850e+00  5.1023370790e+00  4.4061050310e+00  4.5331808640e+00  6.1550453460e+00
    3.0700000000e+00  5.1031435860e+00  6.0527638230e+00  5.0762521830e+00  4.3946280680e+00  4.5397157900e+00  6.1431486440e+00
    3.0800000000e+00  5.0862383670e+00  6.0329783180e+00  5.0504365820e+00  4.3836733030e+00  4.5471857490e+00  6.1309279290e+00
    3.0900000000e+00  5.0711954470e+00  6.0130982030e+00  5.0249526410e+00  4.3735660970e+00  4.5555634940e+00  6.1183345390e+00
    3.1000000000e+00  5.0578546940e+00  5.9928293560e+00  4.9998766260e+00  4.3646145010e+00  4.5647449040e+00  6.1053268560e+00
    3.1100000000e+00  5.0459964700e+00  5.9719155460e+00  4.9752996070e+00  4.3570959660e+00  4.5745552530e+00  6.0918748210e+00
    3.1200000000e+00  5.0353487940e+00  5.9501562760e+00  4.9513262110e+00  4.3512451770e+00  4.5847612710e+00  6.0779652620e+00
    3.1300000000e+00  5.0255972200e+00  5.9274206730e+00  4.9280710140e+00  4.3472437970e+00  4.5950883650e+00  6.0636068770e+00
    3.1400000000e+00  5.0163968550e+00  5.9036556410e+00  4.9056529470e+00  4.3452128810e+00  4.6052415080e+00  6.0488337930e+00
    3.1500000000e+00  5.0073856240e+00  5.8788872390e+00  4.8841885590e+00  4.3452085310e+00  4.6149276040e+00  6.0337069410e+00
    3.1600000000e+00  4.9981976500e+00  5.8532151590e+00  4.8637851940e+00  4.3472209290e+00  4.6238768580e+00  6.0183129860e+00
    3.1700000000e+00  4.9884756810e+00  5.8268012410e+00  4.8445351220e+00  4.3511763290e+00  4.6318608380e+00  6.0027610750e+00
    3.1800000000e+00  4.9778819000e+00  5.7998537290e+00  4.8265113620e+00  4.3569412000e+00  4.6387055660e+00  5.9871781090e+00
    3.1900000000e+00  4.9661069850e+00  5.7726094010e+00  4.8097655350e+00  4.3643275770e+00  4.6442988120e+00  5.9717034110e+00
    3.2000000000e+00  4.9528778050e+00  5.7453156860e+00  4.7943276490e+00  4.3730989450e+00  4.6485917100e+00  5.9564836970e+00
    3.2100000000e+00  4.9379643160e+00  5.7182144870e+00  4.7802073520e+00  4.3829764760e+00  4.6515955230e+00  5.9416690880e+00
    3.2200000000e+00  4.9211861280e+00  5.6915288070e+00  4.7673959860e+00  4.3936458960e+00  4.6533748640e+00  5.9274105680e+00
    3.2300000000e+00  4.9024187120e+00  5.6654525950e+00  4.7558686050e+00  4.4047655690e+00  4.6540387490e+00  5.9138590450e+00
    3.2400000000e+00  4.8815987780e+00  5.6401436820e+00  4.7455851990e+00  4.4159762870e+00  4.6537306460e+00  5.9011657080e+00
    3.2500000000e+00  4.8587279480e+00  5.6157193340e+00  4.7364904810e+00  4.4269128730e+00  4.6526183070e+00  5.8894831040e+00
    3.2600000000e+00  4.8338738480e+00  5.5922539700e+00  4.7285119820e+00  4.4372171590e+00  4.6508837230e+00  5.8789660040e+00
    3.2700000000e+00  4.8071680030e+00  5.5697787130e+00  4.7215566800e+00  4.4465514670e+00  4.6487133110e+00  5.8697711190e+00
    3.2800000000e+00  4.7788003910e+00  5.5482827500e+00  4.7155068600e+00  4.4546115030e+00  4.6462883750e+00  5.8620549010e+00
    3.2900000000e+00  4.7490109830e+00  5.5277166100e+00  4.7102162070e+00  4.4611376770e+00  4.6437760440e+00  5.8559690950e+00
    3.3000000000e+00  4.7180788680e+00  5.5079974490e+00  4.7055071790e+00  4.4659240900e+00  4.6413211390e+00  5.8516542460e+00
    3.3100000000e+00  4.6863096640e+00  5.4890162300e+00  4.7011704650e+00  4.4688247450e+00  4.6390395840e+00  5.8492317880e+00
    3.3200000000e+00  4.6540219290e+00  5.4706463600e+00  4.6969669860e+00  4.4697566980e+00  4.6370140220e+00  5.8487955610e+00
    3.3300000000e+00  4.6215332800e+00  5.4527529890e+00  4.6926325130e+00  4.4686999830e+00  4.6352921000e+00  5.8504036770e+00
    3.3400000000e+00  4.5891469900e+00  5.4352019920e+00  4.6878847300e+00  4.4656942900e+00  4.6338875250e+00  5.8540715380e+00
    3.3500000000e+00  4.5571399040e+00  5.4178676620e+00  4.6824323440e+00  4.4608325070e+00  4.6327835020e+00  5.8597667650e+00
    3.3600000000e+00  4.5257525270e+00  5.4006384020e+00  4.6759855960e+00  4.4542515910e+00  4.6319378040e+00  5.8674066540e+00
    3.3700000000e+00  4.4951819540e+00  5.3834201760e+00  4.6682673540e+00  4.4461214520e+00  4.6312884670e+00  5.8768585700e+00
    3.3800000000e+00  4.4655780730e+00  5.3661379000e+00  4.6590237410e+00  4.4366328000e+00  4.6307591800e+00  5.8879433680e+00
    3.3900000000e+00  4.4370431060e+00  5.3487353970e+00  4.6480332900e+00  4.4259849240e+00  4.6302636760e+00  5.9004414650e+00
    3.4000000000e+00  4.4096342420e+00  5.3311746880e+00  4.6351138970e+00  4.4143743440e+00  4.6297088270e+00  5.9141007470e+00
    3.4100000000e+00  4.3833689040e+00  5.3134354370e+00  4.6201273410e+00  4.4019850770e+00  4.6289965570e+00  5.9286452900e+00
    3.4200000000e+00  4.3582320240e+00  5.2955151520e+00  4.6029816950e+00  4.3889810660e+00  4.6280251060e+00  5.9437840150e+00
    3.4300000000e+00  4.3341846360e+00  5.2774303870e+00  4.5836323210e+00  4.3755011680e+00  4.6266904010e+00  5.9592188550e+00
    3.4400000000e+00  4.3111730530e+00  5.2592187040e+00  4.5620820410e+00  4.3616569050e+00  4.6248883560e+00  5.9746525980e+00
    3.4500000000e+00  4.2891378070e+00  5.2409406850e+00  4.5383806510e+00  4.3475330310e+00  4.6225187070e+00  5.9897969310e+00
    3.4600000000e+00  4.2680214960e+00  5.2226809930e+00  4.5126233180e+00  4.3331907280e+00  4.6194904600e+00  6.0043811710e+00
    3.4700000000e+00  4.2477747000e+00  5.2045474990e+00  4.4849469790e+00  4.3186729520e+00  4.6157284880e+00  6.0181616070e+00
    3.4800000000e+00  4.2283592990e+00  5.1866678620e+00  4.4555238880e+00  4.3040110910e+00  4.6111802300e+00  6.0309307020e+00
    3.4900000000e+00  4.2097488900e+00  5.1691835850e+00  4.4245520380e+00  4.2892318190e+00  4.6058212490e+00  6.0425247730e+00
    3.5000000000e+00  4.1919265340e+00  5.1522422280e+00  4.3922429840e+00  4.2743629820e+00  4.5996585620e+00  6.0528286620e+00
    3.5100000000e+00  4.1748805550e+00  5.1359889230e+00  4.3588083950e+00  4.2594375140e+00  4.5927311280e+00  6.0617763390e+00
    3.5200000000e+00  4.1585995060e+00  5.1205584280e+00  4.3244470530e+00  4.2444948810e+00  4.5851075920e+00  6.0693471070e+00
    3.5300000000e+00  4.1430674580e+00  5.1060686910e+00  4.2893339220e+00  4.2295801020e+00  4.5768818880e+00  6.0755579330e+00
    3.5400000000e+00  4.1282605410e+00  5.0926163650e+00  4.2536124560e+00  4.2147409090e+00  4.5681676210e+00  6.0804529880e+00
    3.5500000000e+00  4.1141452290e+00  5.0802742780e+00  4.2173907920e+00  4.2000238920e+00  4.5590920350e+00  6.0840917220e+00
    3.5600000000e+00  4.1006784530e+00  5.0690905580e+00  4.1807419150e+00  4.1854704360e+00  4.5497901600e+00  6.0865368460e+00
    3.5700000000e+00  4.0878092840e+00  5.0590890860e+00  4.1437075580e+00  4.1711131560e+00  4.5403994200e+00  6.0878434640e+00
    3.5800000000e+00  4.0754818070e+00  5.0502710380e+00  4.1063052290e+00  4.1569732620e+00  4.5310548870e+00  6.0880504950e+00
    3.5900000000e+00  4.0636387610e+00  5.0426173440e+00  4.0685373820e+00  4.1430591270e+00  4.5218853560e+00  6.0871753460e+00
    3.6000000000e+00  4.0522254970e+00  5.0360917810e+00  4.0304013940e+00  4.1293662280e+00  4.5130104870e+00  6.0852124200e+00
    3.6100000000e+00  4.0411937910e+00  5.0306443070e+00  3.9918987800e+00  4.1158785200e+00  4.5045391840e+00  6.0821354800e+00
    3.6200000000e+00  4.0305049570e+00  5.0262140480e+00  3.9530421130e+00  4.1025711520e+00  4.4965691620e+00  6.0779031730e+00
    3.6300000000e+00  4.0201317370e+00  5.0227314490e+00  3.9138585770e+00  4.0894142280e+00  4.4891873280e+00  6.0724663720e+00
    3.6400000000e+00  4.0100585320e+00  5.0201193320e+00  3.8743897970e+00  4.0763770310e+00  4.4824703050e+00  6.0657755870e+00
    3.6500000000e+00  4.0002798540e+00  5.0182930990e+00  3.8346885030e+00  4.0634319050e+00  4.4764843730e+00  6.0577867890e+00
    3.6600000000e+00  3.9907973090e+00  5.0171607030e+00  3.7948132770e+00  4.0505569800e+00  4.4712843490e+00  6.0484644310e+00
    3.6700000000e+00  3.9816158160e+00  5.0166232750e+00  3.7548230230e+00  4.0377371200e+00  4.4669114200e+00  6.0377813230e+00
    3.6800000000e+00  3.9727400450e+00  5.0165771310e+00  3.7147726570e+00  4.0249629540e+00  4.4633905060e+00  6.0257158160e+00
    3.6900000000e+00  3.9641719800e+00  5.0169173860e+00  3.6747109860e+00  4.0122283390e+00  4.4607281090e+00  6.0122473690e+00
    3.7000000000e+00  3.9559102260e+00  5.0175428130e+00  3.6346810570e+00  3.9995270400e+00  4.4589116320e+00  5.9973517710e+00
    3.7100000000e+00  3.9479511750e+00  5.0183610090e+00  3.5947226360e+00  3.9868495900e+00  4.4579107550e+00  5.9809971180e+00
    3.7200000000e+00  3.9402916720e+00  5.0192927510e+00  3.5548761030e+00  3.9741811880e+00  4.4576808370e+00  5.9631412120e+00
    3.7300000000e+00  3.9329324980e+00  5.0202746180e+00  3.5151870040e+00  3.9615011810e+00  4.4581676800e+00  5.9437306180e+00
    3.7400000000e+00  3.9258818300e+00  5.0212595030e+00  3.4757106080e+00  3.9487842590e+00  4.4593126130e+00  5.9227012810e+00
    3.7500000000e+00  3.9191579880e+00  5.0222152290e+00  3.4365160380e+00  3.9360031550e+00  4.4610568670e+00  5.8999804100e+00
    3.7600000000e+00  3.9127909390e+00  5.0231220040e+00  3.3976897900e+00  3.9231323590e+00  4.4633445070e+00  5.8754893450e+00
    3.7700000000e+00  3.9068223170e+00  5.0239696200e+00  3.3593385360e+00  3.9101523160e+00  4.4661237570e+00  5.8491471500e+00
    3.7800000000e+00  3.9013039110e+00  5.0247552060e+00  3.3215912120e+00  3.8970535170e+00  4.4693470060e+00  5.8208747980e+00
    3.7900000000e+00  3.8962947240e+00  5.0254819920e+00  3.2846003440e+00  3.8838399650e+00  4.4729701370e+00  5.7905998690e+00
    3.8000000000e+00  3.8918569230e+00  5.0261591090e+00  3.2485424880e+00  3.8705315510e+00  4.4769518720e+00  5.7582617080e+00
    3.8100000000e+00  3.8880511100e+00  5.0268021300e+00  3.2136176430e+00  3.8571649630e+00  4.4812536840e+00  5.7238169250e+00
    3.8200000000e+00  3.8849314930e+00  5.0274338400e+00  3.1800474700e+00  3.8437929860e+00  4.4858405180e+00  5.6872450410e+00
    3.8300000000e+00  3.8825415820e+00  5.0280847490e+00  3.1480722330e+00  3.8304822740e+00  4.4906823140e+00  5.6485539980e+00
    3.8400000000e+00  3.8809108800e+00  5.0287929600e+00  3.1179464320e+00  3.8173099390e+00  4.4957560860e+00  5.6077852650e+00
    3.8500000000e+00  3.8800528650e+00  5.0296031650e+00  3.0899331820e+00  3.8043594430e+00  4.5010482040e+00  5.5650182400e+00
    3.8600000000e+00  3.8799643100e+00  5.0305647130e+00  3.0642973620e+00  3.7917162680e+00  4.5065564810e+00  5.5203736520e+00
    3.8700000000e+00  3.8806258250e+00  5.0317288310e+00  3.0412976850e+00  3.7794638030e+00  4.5122916670e+00  5.4740155950e+00
    3.8800000000e+00  3.8820034260e+00  5.0331452600e+00  3.0211779200e+00  3.7676796950e+00  4.5182779840e+00  5.4261517530e+00
    3.8900000000e+00  3.8840509570e+00  5.0348587120e+00  3.0041577740e+00  3.7564328900e+00  4.5245524550e+00  5.3770314420e+00
    3.9000000000e+00  3.8867131580e+00  5.0369056950e+00  2.9904241490e+00  3.7457815630e+00  4.5311629500e+00  5.3269412080e+00
    3.9100000000e+00  3.8899291240e+00  5.0393122480e+00  2.9801236490e+00  3.7357721280e+00  4.5381651660e+00  5.2761981540e+00
    3.9200000000e+00  3.8936357580e+00  5.0420930530e+00  2.9733570750e+00  3.7264394750e+00  4.5456189970e+00  5.2251414890e+00
    3.9300000000e+00  3.8977707120e+00  5.0452520950e+00  2.9701763650e+00  3.7178084210e+00  4.5535849730e+00  5.1741231310e+00
    3.9400000000e+00  3.9022743080e+00  5.0487847170e+00  2.9705840110e+00  3.7098960650e+00  4.5621214710e+00  5.1234982710e+00
    3.9500000000e+00  3.9070900690e+00  5.0526805780e+00  2.9745345800e+00  3.7027145070e+00  4.5712832710e+00  5.0736166240e+00
    3.9600000000e+00  3.9121638380e+00  5.0569268200e+00  2.9819378090e+00  3.6962732070e+00  4.5811217400e+00  5.0248147930e+00
    3.9700000000e+00  3.9174418030e+00  5.0615106730e+00  2.9926627340e+00  3.6905803130e+00  4.5916865660e+00  4.9774098510e+00
    3.9800000000e+00  3.9228680870e+00  5.0664208620e+00  3.0065424810e+00  3.6856424980e+00  4.6030286570e+00  4.9316940690e+00
    3.9900000000e+00  3.9283827050e+00  5.0716474050e+00  3.0233795340e+00  3.6814632360e+00  4.6152035670e+00  4.8879306540e+00
    4.0000000000e+00  3.9339206490e+00  5.0771797060e+00  3.0429513900e+00  3.6780398580e+00  4.6282747070e+00  4.8463504760e+00
    4.0100000000e+00  3.9394126380e+00  5.0830031490e+00  3.0650165130e+00  3.6753600130e+00  4.6423156300e+00  4.8071497820e+00
    4.0200000000e+00  3.9447876630e+00  5.0890946790e+00  3.0893204700e+00  3.6733983860e+00  4.6574108380e+00  4.7704889990e+00
    4.0300000000e+00  3.9499771550e+00  5.0954180400e+00  3.1156020370e+00  3.6721144430e+00  4.6736547530e+00  4.7364926430e+00
    4.0400000000e+00  3.9549202410e+00  5.1019194490e+00  3.1435990580e+00  3.6714518490e+00  4.6911488400e+00  4.7052503460e+00
    4.0500000000e+00  3.9595694170e+00  5.1085244280e+00  3.1730538120e+00  3.6713399330e+00  4.7099971640e+00  4.6768188970e+00
    4.0600000000e+00  3.9638958340e+00  5.1151363650e+00  3.2037177000e+00  3.6716973290e+00  4.7303009690e+00  4.6512251590e+00
    4.0700000000e+00  3.9678934200e+00  5.1216370800e+00  3.2353550910e+00  3.6724376580e+00  4.7521530750e+00  4.6284696440e+00
    4.0800000000e+00  3.9715810360e+00  5.1278892730e+00  3.2677462770e+00  3.6734768320e+00  4.7756329550e+00  4.6085305060e+00
    4.0900000000e+00  3.9750020430e+00  5.1337403710e+00  3.3006895440e+00  3.6747412530e+00  4.8008032060e+00  4.5913677370e+00
    4.1000000000e+00  3.9782209180e+00  5.1390270190e+00  3.3340024840e+00  3.6761759140e+00  4.8277078840e+00  4.5769274060e+00
    4.1100000000e+00  3.9813169840e+00  5.1435792910e+00  3.3675226210e+00  3.6777512310e+00  4.8563727450e+00  4.5651458770e+00
    4.1200000000e+00  3.9843758310e+00  5.1472237770e+00  3.4011074200e+00  3.6794674970e+00  4.8868070550e+00  4.5559540280e+00
    4.1300000000e+00  3.9874794780e+00  5.1497849140e+00  3.4346336200e+00  3.6813561750e+00  4.9190062450e+00  4.5492814810e+00
    4.1400000000e+00  3.9906965710e+00  5.1510842760e+00  3.4679957690e+00  3.6834777320e+00  4.9529544760e+00  4.5450607880e+00
    4.1500000000e+00  3.9940739350e+00  5.1509380010e+00  3.5011038260e+00  3.6859163260e+00  4.9886260730e+00  4.5432314080e+00
    4.1600000000e+00  3.9976304950e+00  5.1491529770e+00  3.5338797800e+00  3.6887721390e+00  5.0259849110e+00  4.5437432200e+00
    4.1700000000e+00  4.0013541470e+00  5.1455228140e+00  3.5662533290e+00  3.6921524970e+00  5.0649811800e+00  4.5465592360e+00
    4.1800000000e+00  4.0052016420e+00  5.1398248340e+00  3.5981568030e+00  3.6961629470e+00  5.1055453660e+00  4.5516572410e+00
    4.1900000000e+00  4.0091010250e+00  5.1318193630e+00  3.6295195820e+00  3.7008993390e+00  5.1475798970e+00  4.5590301250e+00
    4.2000000000e+00  4.0129559130e+00  5.1212523540e+00  3.6602623470e+00  3.7064416020e+00  5.1909493520e+00  4.5686847270e+00
    4.2100000000e+00  4.0166506930e+00  5.1078620130e+00  3.6902915170e+00  3.7128494970e+00  5.2354705340e+00  4.5806391090e+00
    4.2200000000e+00  4.0200558300e+00  5.0913896080e+00  3.7194943010e+00  3.7201602260e+00  5.2809039390e+00  4.5949182500e+00
    4.2300000000e+00  4.0230326630e+00  5.0715941150e+00  3.7477348310e+00  3.7283874880e+00  5.3269482120e+00  4.6115482550e+00
    4.2400000000e+00  4.0254373940e+00  5.0482697460e+00  3.7748517940e+00  3.7375214150e+00  5.3732391280e+00  4.6305493590e+00
    4.2500000000e+00  4.0271242130e+00  5.0212648480e+00  3.8006579690e+00  3.7475288370e+00  5.4193543550e+00  4.6519281280e+00
    4.2600000000e+00  4.0279477860e+00  4.9904999890e+00  3.8249418770e+00  3.7583533900e+00  5.4648247220e+00  4.6756693750e+00
    4.2700000000e+00  4.0277654520e+00  4.9559827640e+00  3.8474716240e+00  3.7699151790e+00  5.5091518280e+00  4.7017283860e+00
    4.2800000000e+00  4.0264396060e+00  4.9178167850e+00  3.8680008860e+00  3.7821098490e+00  5.5518307300e+00  4.7300240190e+00
    4.2900000000e+00  4.0238407680e+00  4.8762029530e+00  3.8862768020e+00  3.7948071520e+00  5.5923753680e+00  4.7604332310e+00
    4.3000000000e+00  4.0198518890e+00  4.8314321910e+00  3.9020494590e+00  3.8078493430e+00  5.6303435410e+00  4.7927875780e+00
    4.3100000000e+00  4.0143742520e+00  4.7838703150e+00  3.9150825110e+00  3.8210500360e+00  5.6653580700e+00  4.8268721550e+00
    4.3200000000e+00  4.0073351350e+00  4.7339371960e+00  3.9251642500e+00  3.8341944230e+00  5.6971213310e+00  4.8624274290e+00
    4.3300000000e+00  3.9986968550e+00  4.6820834660e+00  3.9321182810e+00  3.8470419580e+00  5.7254216220e+00  4.8991542220e+00
    4.3400000000e+00  3.9884662440e+00  4.6287682660e+00  3.9358126750e+00  3.8593324840e+00  5.7501314870e+00  4.9367218270e+00
    4.3500000000e+00  3.9767029910e+00  4.5744409830e+00  3.9361664280e+00  3.8707963470e+00  5.7711997040e+00  4.9747787330e+00
    4.3600000000e+00  3.9635249590e+00  4.5195285990e+00  3.9331522260e+00  3.8811682200e+00  5.7886396500e+00  5.0129648590e+00
    4.3700000000e+00  3.9491087280e+00  4.4644287450e+00  3.9267950580e+00  3.8902033550e+00  5.8025168930e+00  5.0509236790e+00
    4.3800000000e+00  3.9336843540e+00  4.4095073070e+00  3.9171670530e+00  3.8976941580e+00  5.8129382340e+00  5.0883124480e+00
    4.3900000000e+00  3.9175244170e+00  4.3550987930e+00  3.9043798730e+00  3.9034845900e+00  5.8200433500e+00  5.1248090590e+00
    4.4000000000e+00  3.9009286450e+00  4.3015077640e+00  3.8885766020e+00  3.9074801890e+00  5.8239991070e+00  5.1601149050e+00
    4.4100000000e+00  3.8842062780e+00  4.2490101330e+00  3.8699251800e+00  3.9096523640e+00  5.8249959710e+00  5.1939542780e+00
    4.4200000000e+00  3.8676585550e+00  4.1978537710e+00  3.8486148120e+00  3.9100367600e+00  5.8232457200e+00  5.2260718330e+00
    4.4300000000e+00  3.8515634630e+00  4.1482583120e+00  3.8248557410e+00  3.9087265420e+00  5.8189798060e+00  5.2562301960e+00
    4.4400000000e+00  3.8361640740e+00  4.1004141950e+00  3.7988815620e+00  3.9058620840e+00  5.8124479970e+00  5.2842095700e+00
    4.4500000000e+00  3.8216610600e+00  4.0544809520e+00  3.7709524670e+00  3.9016187390e+00  5.8039170010e+00  5.3098105060e+00
    4.4600000000e+00  3.8082092580e+00  4.0105846720e+00  3.7413575020e+00  3.8961941980e+00  5.7936688060e+00  5.3328599290e+00
    4.4700000000e+00  3.7959178260e+00  3.9688146320e+00  3.7104141840e+00  3.8897966110e+00  5.7819982380e+00  5.3532196290e+00
    4.4800000000e+00  3.7848532410e+00  3.9292193630e+00  3.6784644250e+00  3.8826343300e+00  5.7692091950e+00  5.3707958100e+00
    4.4900000000e+00  3.7750442820e+00  3.8918027150e+00  3.6458663800e+00  3.8749078400e+00  5.7556090350e+00  5.3855480210e+00
    4.5000000000e+00  3.7664880670e+00  3.8565208110e+00  3.6129825210e+00  3.8668040930e+00  5.7415009330e+00  5.3974957990e+00
    4.5100000000e+00  3.7591562190e+00  3.8232808650e+00  3.5801648020e+00  3.8584931200e+00  5.7271744520e+00  5.4067214960e+00
    4.5200000000e+00  3.7530004690e+00  3.7919426850e+00  3.5477383980e+00  3.8501264320e+00  5.7128950280e+00  5.4133680970e+00
    4.5300000000e+00  3.7479573670e+00  3.7623233280e+00  3.5159860180e+00  3.8418365590e+00  5.6988934320e+00  5.4176314290e+00
    4.5400000000e+00  3.7439521450e+00  3.7342048700e+00  3.4851350500e+00  3.8337370990e+00  5.6853563850e+00  5.4197470350e+00
    4.5500000000e+00  3.7409020700e+00  3.7073447930e+00  3.4553496530e+00  3.8259229600e+00  5.6724193860e+00  5.4199730620e+00
    4.5600000000e+00  3.7387195880e+00  3.6814880920e+00  3.4267290950e+00  3.8184707540e+00  5.6601625180e+00  5.4185714090e+00
    4.5700000000e+00  3.7373154350e+00  3.6563800620e+00  3.3993124770e+00  3.8114395840e+00  5.6486095610e+00  5.4157897780e+00
    4.5800000000e+00  3.7366015400e+00  3.6317787330e+00  3.3730887210e+00  3.8048724120e+00  5.6377303320e+00  5.4118469760e+00
    4.5900000000e+00  3.7364934360e+00  3.6074661620e+00  3.3480098660e+00  3.7987980830e+00  5.6274458450e+00  5.4069228370e+00
    4.6000000000e+00  3.7369118210e+00  3.5832580260e+00  3.3240055930e+00  3.7932337440e+00  5.6176357610e+00  5.4011530550e+00
    4.6100000000e+00  3.7377831790e+00  3.5590112320e+00  3.3009973660e+00  3.7881872320e+00  5.6081476340e+00  5.3946282700e+00
    4.6200000000e+00  3.7390396310e+00  3.5346293220e+00  3.2789113730e+00  3.7836589830e+00  5.5988074980e+00  5.3873964480e+00
    4.6300000000e+00  3.7406184210e+00  3.5100654700e+00  3.2576900990e+00  3.7796432110e+00  5.5894314720e+00  5.3794678190e+00
    4.6400000000e+00  3.7424615200e+00  3.4853227770e+00  3.2373025690e+00  3.7761283870e+00  5.5798379490e+00  5.3708221220e+00
    4.6500000000e+00  3.7445156760e+00  3.4604515730e+00  3.2177530100e+00  3.7730973140e+00  5.5698597910e+00  5.3614183180e+00
    4.6600000000e+00  3.7467330180e+00  3.4355435290e+00  3.1990872200e+00  3.7705271950e+00  5.5593557230e+00  5.3512069300e+00
    4.6700000000e+00  3.7490720530e+00  3.4107227200e+00  3.1813954740e+00  3.7683900600e+00  5.5482199150e+00  5.3401447610e+00
    4.6800000000e+00  3.7514987780e+00  3.3861341540e+00  3.1648107260e+00  3.7666537480e+00  5.5363887270e+00  5.3282110270e+00
    4.6900000000e+00  3.7539875350e+00  3.3619307520e+00  3.1495012180e+00  3.7652834520e+00  5.5238437930e+00  5.3154231970e+00
    4.7000000000e+00  3.7565213280e+00  3.3382600730e+00  3.1356574430e+00  3.7642436520e+00  5.5106109900e+00  5.3018503210e+00
    4.7100000000e+00  3.7590914130e+00  3.3152522430e+00  3.1234744190e+00  3.7635001190e+00  5.4967554330e+00  5.2876215670e+00
    4.7200000000e+00  3.7616961960e+00  3.2930103870e+00  3.1131313050e+00  3.7630216070e+00  5.4823731720e+00  5.2729282180e+00
    4.7300000000e+00  3.7643396690e+00  3.2716044810e+00  3.1047710450e+00  3.7627809050e+00  5.4675807910e+00  5.2580183500e+00
    4.7400000000e+00  3.7670297880e+00  3.2510689640e+00  3.0984828890e+00  3.7627550700e+00  5.4525043260e+00  5.2431846940e+00
    4.7500000000e+00  3.7697772800e+00  3.2314037920e+00  3.0942901290e+00  3.7629249590e+00  5.4372688420e+00  5.2287473490e+00
    4.7600000000e+00  3.7725952270e+00  3.2125781710e+00  3.0921443960e+00  3.7632744250e+00  5.4219896890e+00  5.2150337780e+00
    4.7700000000e+00  3.7754995190e+00  3.1945359620e+00  3.0919266930e+00  3.7637897670e+00  5.4067659000e+00  5.2023587170e+00
    4.7800000000e+00  3.7785098710e+00  3.1772018290e+00  3.0934543260e+00  3.7644599810e+00  5.3916757330e+00  5.1910062540e+00
    4.7900000000e+00  3.7816507980e+00  3.1604874910e+00  3.0964922010e+00  3.7652781300e+00  5.3767740430e+00  5.1812156350e+00
    4.8000000000e+00  3.7849518000e+00  3.1442977460e+00  3.1007667650e+00  3.7662437300e+00  5.3620910880e+00  5.1731715190e+00
    4.8100000000e+00  3.7884461670e+00  3.1285361660e+00  3.1059809480e+00  3.7673656290e+00  5.3476324740e+00  5.1669987640e+00
    4.8200000000e+00  3.7921681410e+00  3.1131104030e+00  3.1118288100e+00  3.7686645390e+00  5.3333800770e+00  5.1627612940e+00
    4.8300000000e+00  3.7961487210e+00  3.0979370370e+00  3.1180089490e+00  3.7701743480e+00  5.3192938360e+00  5.1604643660e+00
    4.8400000000e+00  3.8004107750e+00  3.0829458600e+00  3.1242361330e+00  3.7719415840e+00  5.3053142840e+00  5.1600594290e+00
    4.8500000000e+00  3.8049644050e+00  3.0680835500e+00  3.1302509120e+00  3.7740228120e+00  5.2913656430e+00  5.1614508690e+00
    4.8600000000e+00  3.8098034580e+00  3.0533168270e+00  3.1358271870e+00  3.7764802120e+00  5.2773593410e+00  5.1645040100e+00
    4.8700000000e+00  3.8149039110e+00  3.0386351950e+00  3.1407778320e+00  3.7793759710e+00  5.2631979730e+00  5.1690539820e+00
    4.8800000000e+00  3.8202244330e+00  3.0240533070e+00  3.1449583940e+00  3.7827663680e+00  5.2487799170e+00  5.1749151640e+00
    4.8900000000e+00  3.8257090900e+00  3.0096126760e+00  3.1482688770e+00  3.7866964310e+00  5.2340048370e+00  5.1818910110e+00
    4.9000000000e+00  3.8312917560e+00  2.9953822390e+00  3.1506534520e+00  3.7911959630e+00  5.2187801580e+00  5.1897840130e+00
    4.9100000000e+00  3.8369015540e+00  2.9814571220e+00  3.1520979240e+00  3.7962774470e+00  5.2030281970e+00  5.1984053800e+00
    4.9200000000e+00  3.8424685110e+00  2.9679551750e+00  3.1526248910e+00  3.8019360450e+00  5.1866932680e+00  5.2075838700e+00
    4.9300000000e+00  3.8479286020e+00  2.9550112080e+00  3.1522867470e+00  3.8081515120e+00  5.1697478200e+00  5.2171730170e+00
    4.9400000000e+00  3.8532275730e+00  2.9427693340e+00  3.1511570410e+00  3.8148915870e+00  5.1521967110e+00  5.2270560440e+00
    4.9500000000e+00  3.8583231420e+00  2.9313742310e+00  3.1493210620e+00  3.8221161980e+00  5.1340789850e+00  5.2371479270e+00
    4.9600000000e+00  3.8631855510e+00  2.9209622530e+00  3.1468666850e+00  3.8297817960e+00  5.1154669320e+00  5.2473945440e+00
    4.9700000000e+00  3.8677966540e+00  2.9116533680e+00  3.1438765390e+00  3.8378452190e+00  5.0964625950e+00  5.2577692430e+00
    4.9800000000e+00  3.8721479400e+00  2.9035446480e+00  3.1404221990e+00  3.8462666640e+00  5.0771922210e+00  5.2682676470e+00
    4.9900000000e+00  3.8762379740e+00  2.8967058260e+00  3.1365607250e+00  3.8550115650e+00  5.0577993660e+00  5.2789016480e+00
    5.0000000000e+00  3.8800696770e+00  2.8911771010e+00  3.1323333800e+00  3.8640513520e+00  5.0384373940e+00  5.2896934940e+00
    5.0100000000e+00  3.8836478680e+00  2.8869691400e+00  3.1277660830e+00  3.8733632210e+00  5.0192621460e+00  5.3006706300e+00
    5.0200000000e+00  3.8869773290e+00  2.8840649420e+00  3.1228710400e+00  3.8829291610e+00  5.0004253640e+00  5.3118616160e+00
    5.0300000000e+00  3.8900615780e+00  2.8824231340e+00  3.1176490220e+00  3.8927345080e+00  4.9820693410e+00  5.3232932310e+00
    5.0400000000e+00  3.8929024100e+00  2.8819821590e+00  3.1120919010e+00  3.9027663790e+00  4.9643229980e+00  5.3349887110e+00
    5.0500000000e+00  3.8955001220e+00  2.8826648460e+00  3.1061851020e+00  3.9130122620e+00  4.9472994520e+00  5.3469670070e+00
    5.0600000000e+00  3.8978542370e+00  2.8843829300e+00  3.0999097080e+00  3.9234590120e+00  4.9310949690e+00  5.3592429620e+00
    5.0700000000e+00  3.8999644850e+00  2.8870411320e+00  3.0932438950e+00  3.9340923490e+00  4.9157890820e+00  5.3718281740e+00
    5.0800000000e+00  3.9018317970e+00  2.8905405690e+00  3.0861634930e+00  3.9448968530e+00  4.9014455920e+00  5.3847322290e+00
    5.0900000000e+00  3.9034591430e+00  2.8947813550e+00  3.0786415660e+00  3.9558563360e+00  4.8881141020e+00  5.3979638320e+00
    5.1000000000e+00  3.9048521510e+00  2.8996644120e+00  3.0706471880e+00  3.9669544540e+00  4.8758317680e+00  5.4115313580e+00
    5.1100000000e+00  3.9060195350e+00  2.9050926030e+00  3.0621438020e+00  3.9781754650e+00  4.8646250260e+00  5.4254424450e+00
    5.1200000000e+00  3.9069733470e+00  2.9109713550e+00  3.0530877390e+00  3.9895051150e+00  4.8545111530e+00  5.4397025440e+00
    5.1300000000e+00  3.9077290470e+00  2.9172089100e+00  3.0434274030e+00  4.0009316990e+00  4.8454996180e+00  5.4543126450e+00
    5.1400000000e+00  3.9083052660e+00  2.9237162850e+00  3.0331034140e+00  4.0124473060e+00  4.8375932050e+00  5.4692666180e+00
    5.1500000000e+00  3.9087231050e+00  2.9304069870e+00  3.0220496950e+00  4.0240491890e+00  4.8307888990e+00  5.4845486690e+00
    5.1600000000e+00  3.9090048190e+00  2.9371965160e+00  3.0101952460e+00  4.0357410200e+00  4.8250784490e+00  5.5001312410e+00
    5.1700000000e+00  3.9091719060e+00  2.9440017710e+00  2.9974662540e+00  4.0475337440e+00  4.8204485450e+00  5.5159734030e+00
    5.1800000000e+00  3.9092427950e+00  2.9507404820e+00  2.9837883870e+00  4.0594457090e+00  4.8168805160e+00  5.5320195750e+00
    5.1900000000e+00  3.9092304760e+00  2.9573309210e+00  2.9690893250e+00  4.0715019200e+00  4.8143495880e+00  5.5481984040e+00
    5.2000000000e+00  3.9091404870e+00  2.9636920910e+00  2.9533017980e+00  4.0837324710e+00  4.8128237910e+00  5.5644217900e+00
    5.2100000000e+00  3.9089695480e+00  2.9697445560e+00  2.9363673790e+00  4.0961703880e+00  4.8122627700e+00  5.5805843740e+00
    5.2200000000e+00  3.9087049720e+00  2.9754119960e+00  2.9182409990e+00  4.1088492500e+00  4.8126167730e+00  5.5965639960e+00
    5.2300000000e+00  3.9083247840e+00  2.9806233920e+00  2.8988958160e+00  4.1218008840e+00  4.8138261640e+00  5.6122236240e+00
    5.2400000000e+00  3.9077983680e+00  2.9853156600e+00  2.8783277750e+00  4.1350533300e+00  4.8158217440e+00  5.6274149920e+00
    5.2500000000e+00  3.9070874710e+00  2.9894363850e+00  2.8565591070e+00  4.1486291610e+00  4.8185261110e+00  5.6419838120e+00
    5.2600000000e+00  3.9061473880e+00  2.9929462250e+00  2.8336402180e+00  4.1625441400e+00  4.8218561420e+00  5.6557760530e+00
    5.2700000000e+00  3.9049282380e+00  2.9958204970e+00  2.8096496970e+00  4.1768061830e+00  4.8257264910e+00  5.6686446530e+00
    5.2800000000e+00  3.9033762450e+00  2.9980494900e+00  2.7846924490e+00  4.1914145460e+00  4.8300538030e+00  5.6804560450e+00
    5.2900000000e+00  3.9014349810e+00  2.9996371820e+00  2.7588961530e+00  4.2063591510e+00  4.8347611260e+00  5.6910959590e+00
    5.3000000000e+00  3.8990466250e+00  3.0005982420e+00  2.7324063170e+00  4.2216199290e+00  4.8397818720e+00  5.7004741310e+00
    5.3100000000e+00  3.8961533300e+00  3.0009534560e+00  2.7053802420e+00  4.2371661290e+00  4.8450626150e+00  5.7085275520e+00
    5.3200000000e+00  3.8926988850e+00  3.0007240310e+00  2.6779803350e+00  4.2529555950e+00  4.8505640630e+00  5.7152219920e+00
    5.3300000000e+00  3.8886308070e+00  2.9999255060e+00  2.6503672950e+00  4.2689341970e+00  4.8562596760e+00  5.7205516320e+00
    5.3400000000e+00  3.8839029040e+00  2.9985622480e+00  2.6226937660e+00  4.2850356330e+00  4.8621317740e+00  5.7245368280e+00
    5.3500000000e+00  3.8784782020e+00  2.9966236220e+00  2.5950990070e+00  4.3011818940e+00  4.8681653180e+00  5.7272202520e+00
    5.3600000000e+00  3.8723320100e+00  2.9940827790e+00  2.5677050100e+00  4.3172845790e+00  4.8743401370e+00  5.7286618310e+00
    5.3700000000e+00  3.8654547960e+00  2.9908986950e+00  2.5406143170e+00  4.3332471480e+00  4.8806226920e+00  5.7289329580e+00
    5.3800000000e+00  3.8578545330e+00  2.9870215360e+00  2.5139096550e+00  4.3489680680e+00  4.8869587600e+00  5.7281105140e+00
    5.3900000000e+00  3.8495582410e+00  2.9824008310e+00  2.4876553620e+00  4.3643446700e+00  4.8932683190e+00  5.7262712120e+00
    5.4000000000e+00  3.8406124970e+00  2.9769954670e+00  2.4619004690e+00  4.3792774620e+00  4.8994435970e+00  5.7234867820e+00
    5.4100000000e+00  3.8310827890e+00  2.9707842250e+00  2.4366831710e+00  4.3936745900e+00  4.9053507680e+00  5.7198204750e+00
    5.4200000000e+00  3.8210516720e+00  2.9637755650e+00  2.4120362470e+00  4.4074561300e+00  4.9108352420e+00  5.7153253530e+00
    5.4300000000e+00  3.8106157380e+00  2.9560155490e+00  2.3879928580e+00  4.4205578340e+00  4.9157300990e+00  5.7100446650e+00
    5.4400000000e+00  3.7998815490e+00  2.9475930270e+00  2.3645919850e+00  4.4329339320e+00  4.9198669330e+00  5.7040145100e+00
    5.4500000000e+00  3.7889608630e+00  2.9386414960e+00  2.3418826550e+00  4.4445586150e+00  4.9230882440e+00  5.6972686740e+00
    5.4600000000e+00  3.7779656450e+00  2.9293372080e+00  2.3199260790e+00  4.4554259270e+00  4.9252603840e+00  5.6898452690e+00
    5.4700000000e+00  3.7670035350e+00  2.9198933790e+00  2.2987949210e+00  4.4655480340e+00  4.9262859500e+00  5.6817943370e+00
    5.4800000000e+00  3.7561743930e+00  2.9105506360e+00  2.2785692090e+00  4.4749521670e+00  4.9261143930e+00  5.6731852560e+00
    5.4900000000e+00  3.7455684230e+00  2.9015643220e+00  2.2593289640e+00  4.4836768300e+00  4.9247496140e+00  5.6641124840e+00
    5.5000000000e+00  3.7352659740e+00  2.8931897020e+00  2.2411442710e+00  4.4917680250e+00  4.9222535420e+00  5.6546982010e+00
    5.5100000000e+00  3.7253388130e+00  2.8856665190e+00  2.2240642240e+00  4.4992762390e+00  4.9187451070e+00  5.6450907950e+00
    5.5200000000e+00  3.7158522940e+00  2.8792044700e+00  2.2081065710e+00  4.5062547400e+00  4.9143946310e+00  5.6354588580e+00
    5.5300000000e+00  3.7068677180e+00  2.8739710650e+00  2.1932499550e+00  4.5127593730e+00  4.9094141990e+00  5.6259812260e+00
    5.5400000000e+00  3.6984441560e+00  2.8700829840e+00  2.1794302100e+00  4.5188497350e+00  4.9040450820e+00  5.6168344050e+00
    5.5500000000e+00  3.6906391850e+00  2.8676016040e+00  2.1665414340e+00  4.5245912940e+00  4.8985435350e+00  5.6081792340e+00
    5.5600000000e+00  3.6835082510e+00  2.8665328440e+00  2.1544416920e+00  4.5300578500e+00  4.8931664250e+00  5.6001487160e+00
    5.5700000000e+00  3.6771025910e+00  2.8668309660e+00  2.1429624060e+00  4.5353337040e+00  4.8881580250e+00  5.5928386120e+00
    5.5800000000e+00  3.6714659900e+00  2.8684055840e+00  2.1319200350e+00  4.5405149120e+00  4.8837390670e+00  5.5863018000e+00
    5.5900000000e+00  3.6666307680e+00  2.8711308270e+00  2.1211284890e+00  4.5457091660e+00  4.8800987470e+00  5.5805466680e+00
    5.6000000000e+00  3.6626136670e+00  2.8748555500e+00  2.1104109210e+00  4.5510340270e+00  4.8773899450e+00  5.5755392900e+00
    5.6100000000e+00  3.6594123100e+00  2.8794135420e+00  2.0996098810e+00  4.5566135060e+00  4.8757275580e+00  5.5712087010e+00
    5.6200000000e+00  3.6570029530e+00  2.8846328760e+00  2.0885951790e+00  4.5625733260e+00  4.8751895180e+00  5.5674544870e+00
    5.6300000000e+00  3.6553400040e+00  2.8903437800e+00  2.0772690720e+00  4.5690354990e+00  4.8758198950e+00  5.5641558790e+00
    5.6400000000e+00  3.6543574570e+00  2.8963846620e+00  2.0655686140e+00  4.5761130190e+00  4.8776334060e+00  5.5611815380e+00
    5.6500000000e+00  3.6539719950e+00  2.9026061710e+00  2.0534651280e+00  4.5839054750e+00  4.8806205630e+00  5.5583992670e+00
    5.6600000000e+00  3.6540871670e+00  2.9088734330e+00  2.0409609680e+00  4.5924961250e+00  4.8847528060e+00  5.5556848340e+00
    5.6700000000e+00  3.6545978850e+00  2.9150668400e+00  2.0280839220e+00  4.6019506390e+00  4.8899870380e+00  5.5529291420e+00
    5.6800000000e+00  3.6553945880e+00  2.9210819460e+00  2.0148798760e+00  4.6123173350e+00  4.8962692580e+00  5.5500430510e+00
    5.6900000000e+00  3.6563665590e+00  2.9268290810e+00  2.0014046310e+00  4.6236285140e+00  4.9035372950e+00  5.5469593750e+00
    5.7000000000e+00  3.6574041990e+00  2.9322331410e+00  1.9877159210e+00  4.6359023840e+00  4.9117229740e+00  5.5436319020e+00
    5.7100000000e+00  3.6584002310e+00  2.9372336870e+00  1.9738667170e+00  4.6491451120e+00  4.9207542280e+00  5.5400317500e+00
    5.7200000000e+00  3.6592499430e+00  2.9417851180e+00  1.9599007120e+00  4.6633525880e+00  4.9305576460e+00  5.5361417890e+00
    5.7300000000e+00  3.6598507330e+00  2.9458563260e+00  1.9458504570e+00  4.6785115430e+00  4.9410616410e+00  5.5319501550e+00
    5.7400000000e+00  3.6601012910e+00  2.9494292030e+00  1.9317381340e+00  4.6945997710e+00  4.9521999640e+00  5.5274439340e+00
    5.7500000000e+00  3.6599009160e+00  2.9524956380e+00  1.9175785800e+00  4.7115853080e+00  4.9639148190e+00  5.5226038810e+00
    5.7600000000e+00  3.6591495420e+00  2.9550531500e+00  1.9033839620e+00  4.7294246870e+00  4.9761586430e+00  5.5174007760e+00
    5.7700000000e+00  3.6577489750e+00  2.9570999460e+00  1.8891694640e+00  4.7480606490e+00  4.9888938020e+00  5.5117937100e+00
    5.7800000000e+00  3.6556056540e+00  2.9586305590e+00  1.8749594030e+00  4.7674200070e+00  5.0020899590e+00  5.5057305180e+00
    5.7900000000e+00  3.6526348640e+00  2.9596332390e+00  1.8607931410e+00  4.7874124460e+00  5.0157196200e+00  5.4991504350e+00
    5.8000000000e+00  3.6487659190e+00  2.9600898790e+00  1.8467300780e+00  4.8079309900e+00  5.0297529160e+00  5.4919889760e+00
    5.8100000000e+00  3.6439475010e+00  2.9599785400e+00  1.8328528830e+00  4.8288545730e+00  5.0441529600e+00  5.4841847560e+00
    5.8200000000e+00  3.6381522180e+00  2.9592779970e+00  1.8192681920e+00  4.8500527050e+00  5.0588729640e+00  5.4756875990e+00
    5.8300000000e+00  3.6313795250e+00  2.9579732410e+00  1.8061042910e+00  4.8713918050e+00  5.0738558150e+00  5.4664668600e+00
    5.8400000000e+00  3.6236564600e+00  2.9560606890e+00  1.7935058070e+00  4.8927424450e+00  5.0890362140e+00  5.4565187530e+00
    5.8500000000e+00  3.6150360180e+00  2.9535520690e+00  1.7816260340e+00  4.9139866420e+00  5.1043449150e+00  5.4458714960e+00
    5.8600000000e+00  3.6055933080e+00  2.9504762850e+00  1.7706179930e+00  4.9350243640e+00  5.1197142340e+00  5.4345875840e+00
    5.8700000000e+00  3.5954199500e+00  2.9468790590e+00  1.7606254870e+00  4.9557785990e+00  5.1350838690e+00  5.4227630610e+00
    5.8800000000e+00  3.5846172620e+00  2.9428205280e+00  1.7517752470e+00  4.9761985300e+00  5.1504061810e+00  5.4105242730e+00
    5.8900000000e+00  3.5732889290e+00  2.9383712690e+00  1.7441708020e+00  4.9962605880e+00  5.1656503140e+00  5.3980229880e+00
    5.9000000000e+00  3.5615338370e+00  2.9336073230e+00  1.7378881350e+00  5.0159673910e+00  5.1808048170e+00  5.3854307830e+00
    5.9100000000e+00  3.5494396920e+00  2.9286047510e+00  1.7329727560e+00  5.0353448100e+00  5.1958786700e+00  5.3729333950e+00
    5.9200000000e+00  3.5370778850e+00  2.9234341950e+00  1.7294375970e+00  5.0544375950e+00  5.2109007210e+00  5.3607251970e+00
    5.9300000000e+00  3.5244998110e+00  2.9181558600e+00  1.7272613060e+00  5.0733040780e+00  5.2259176830e+00  5.3490035490e+00
    5.9400000000e+00  3.5117346570e+00  2.9128152700e+00  1.7263869410e+00  5.0920104120e+00  5.2409908640e+00  5.3379624780e+00
    5.9500000000e+00  3.4987885130e+00  2.9074401070e+00  1.7267216020e+00  5.1106246330e+00  5.2561919170e+00  5.3277852690e+00
    5.9600000000e+00  3.4856447570e+00  2.9020383430e+00  1.7281379070e+00  5.1292106880e+00  5.2715979890e+00  5.3186360020e+00
    5.9700000000e+00  3.4722657330e+00  2.8965977290e+00  1.7304781800e+00  5.1478225530e+00  5.2872866570e+00  5.3106507520e+00
    5.9800000000e+00  3.4585958660e+00  2.8910865960e+00  1.7335617800e+00  5.1664986360e+00  5.3033310450e+00  5.3039297410e+00
    5.9900000000e+00  3.4445663270e+00  2.8854558010e+00  1.7371951960e+00  5.1852568780e+00  5.3197954210e+00  5.2985318850e+00
    6.0000000000e+00  3.4301011730e+00  2.8796416390e+00  1.7411837990e+00  5.2040910720e+00  5.3367315170e+00  5.2944729300e+00
    6.0100000000e+00  3.4151246400e+00  2.8735694930e+00  1.7453436140e+00  5.2229689660e+00  5.3541757620e+00  5.2917276440e+00
    6.0200000000e+00  3.3995690300e+00  2.8671579800e+00  1.7495114870e+00  5.2418325880e+00  5.3721475990e+00  5.2902356900e+00
    6.0300000000e+00  3.3833824380e+00  2.8603232250e+00  1.7535524200e+00  5.2606009980e+00  5.3906489770e+00  5.2899101390e+00
    6.0400000000e+00  3.3665355100e+00  2.8529829100e+00  1.7573635120e+00  5.2791754020e+00  5.4096649810e+00  5.2906471740e+00
    6.0500000000e+00  3.3490264810e+00  2.8450597290e+00  1.7608746880e+00  5.2974462650e+00  5.4291653790e+00  5.2923356350e+00
    6.0600000000e+00  3.3308838640e+00  2.8364841040e+00  1.7640468990e+00  5.3153018070e+00  5.4491067290e+00  5.2948653880e+00
    6.0700000000e+00  3.3121664390e+00  2.8271961940e+00  1.7668687450e+00  5.3326370850e+00  5.4694347360e+00  5.2981340790e+00
    6.0800000000e+00  3.2929604240e+00  2.8171473980e+00  1.7693522990e+00  5.3493627750e+00  5.4900866740e+00  5.3020523570e+00
    6.0900000000e+00  3.2733740400e+00  2.8063015230e+00  1.7715285940e+00  5.3654127980e+00  5.5109939470e+00  5.3065479550e+00
    6.1000000000e+00  3.2535298790e+00  2.7946355650e+00  1.7734427570e+00  5.3807499870e+00  5.5320849660e+00  5.3115689800e+00
    6.1100000000e+00  3.2335557620e+00  2.7821398420e+00  1.7751485370e+00  5.3953691580e+00  5.5532884180e+00  5.3170865010e+00
    6.1200000000e+00  3.2135749460e+00  2.7688170700e+00  1.7767020040e+00  5.4092971380e+00  5.5745367390e+00  5.3230960800e+00
    6.1300000000e+00  3.1936967250e+00  2.7546801540e+00  1.7781545290e+00  5.4225895740e+00  5.5957692520e+00  5.3296176710e+00
    6.1400000000e+00  3.1740085430e+00  2.7397488210e+00  1.7795456290e+00  5.4353247360e+00  5.6169342990e+00  5.3366933210e+00
    6.1500000000e+00  3.1545706590e+00  2.7240456570e+00  1.7808966210e+00  5.4475949480e+00  5.6379897850e+00  5.3443824790e+00
    6.1600000000e+00  3.1354141520e+00  2.7075923940e+00  1.7822061290e+00  5.4594966900e+00  5.6589019930e+00  5.3527552800e+00
    6.1700000000e+00  3.1165425780e+00  2.6904072720e+00  1.7834482240e+00  5.4711206780e+00  5.6796429750e+00  5.3618846610e+00
    6.1800000000e+00  3.0979370950e+00  2.6725039760e+00  1.7845734560e+00  5.4825433160e+00  5.7001872790e+00  5.3718385190e+00
    6.1900000000e+00  3.0795642880e+00  2.6538921700e+00  1.7855124570e+00  5.4938207330e+00  5.7205088250e+00  5.3826730490e+00
    6.2000000000e+00  3.0613855260e+00  2.6345792450e+00  1.7861813160e+00  5.5049862470e+00  5.7405786170e+00  5.3944281420e+00
    6.2100000000e+00  3.0433664300e+00  2.6145726490e+00  1.7864876370e+00  5.5160515750e+00  5.7603635800e+00  5.4071251690e+00
    6.2200000000e+00  3.0254850290e+00  2.5938822550e+00  1.7863363000e+00  5.5270115200e+00  5.7798264770e+00  5.4207669930e+00
    6.2300000000e+00  3.0077374010e+00  2.5725224160e+00  1.7856341830e+00  5.5378513690e+00  5.7989266220e+00  5.4353396210e+00
    6.2400000000e+00  2.9901399840e+00  2.5505135950e+00  1.7842935370e+00  5.5485558330e+00  5.8176211200e+00  5.4508147920e+00
    6.2500000000e+00  2.9727282250e+00  2.5278836030e+00  1.7822340820e+00  5.5591181470e+00  5.8358664780e+00  5.4671527960e+00
    6.2600000000e+00  2.9555518100e+00  2.5046684480e+00  1.7793841650e+00  5.5695479280e+00  5.8536205330e+00  5.4843051260e+00
    6.2700000000e+00  2.9386672230e+00  2.4809127140e+00  1.7756813440e+00  5.5798765550e+00  5.8708447310e+00  5.5022167950e+00
    6.2800000000e+00  2.9221288350e+00  2.4566692610e+00  1.7710727370e+00  5.5901592650e+00  5.8875066590e+00  5.5208284350e+00
    6.2900000000e+00  2.9059799730e+00  2.4319980890e+00  1.7655151840e+00  5.6004736890e+00  5.9035826040e+00  5.5400784000e+00
    6.3000000000e+00  2.8902453570e+00  2.4069643180e+00  1.7589751130e+00  5.6109152320e+00  5.9190597820e+00  5.5599050570e+00
    6.3100000000e+00  2.8749259590e+00  2.3816354610e+00  1.7514278100e+00  5.6215902360e+00  5.9339378610e+00  5.5802492760e+00
    6.3200000000e+00  2.8599967870e+00  2.3560783300e+00  1.7428558150e+00  5.6326081710e+00  5.9482295570e+00  5.6010568770e+00
    6.3300000000e+00  2.8454074170e+00  2.3303560110e+00  1.7332463300e+00  5.6440741260e+00  5.9619602880e+00  5.6222805860e+00
    6.3400000000e+00  2.8310846430e+00  2.3045252090e+00  1.7225878040e+00  5.6560824770e+00  5.9751670960e+00  5.6438809940e+00
    6.3500000000e+00  2.8169363330e+00  2.2786341030e+00  1.7108661490e+00  5.6687121550e+00  5.9878971330e+00  5.6658260960e+00
    6.3600000000e+00  2.8028557380e+00  2.2527206360e+00  1.6980612460e+00  5.6820233770e+00  6.0002059580e+00  5.6880892560e+00
    6.3700000000e+00  2.7887258250e+00  2.2268111000e+00  1.6841444380e+00  5.6960554290e+00  6.0121557340e+00  5.7106457750e+00
    6.3800000000e+00  2.7744236440e+00  2.2009189070e+00  1.6690776120e+00  5.7108251220e+00  6.0238132800e+00  5.7334685630e+00
    6.3900000000e+00  2.7598249700e+00  2.1750435800e+00  1.6528141740e+00  5.7263257950e+00  6.0352478870e+00  5.7565236940e+00
    6.4000000000e+00  2.7448094470e+00  2.1491700750e+00  1.6353018390e+00  5.7425271310e+00  6.0465288760e+00  5.7797667210e+00
    6.4100000000e+00  2.7292661070e+00  2.1232685480e+00  1.6164867350e+00  5.7593762480e+00  6.0577229970e+00  5.8031405490e+00
    6.4200000000e+00  2.7130988030e+00  2.0972945840e+00  1.5963178990e+00  5.7768004610e+00  6.0688918340e+00  5.8265753410e+00
    6.4300000000e+00  2.6962307740e+00  2.0711897630e+00  1.5747511150e+00  5.7947117860e+00  6.0800893170e+00  5.8499904000e+00
    6.4400000000e+00  2.6786076150e+00  2.0448824340e+00  1.5517511410e+00  5.8130127500e+00  6.0913593250e+00  5.8732973890e+00
    6.4500000000e+00  2.6601982290e+00  2.0182885790e+00  1.5272918700e+00  5.8316027970e+00  6.1027332090e+00  5.8964038270e+00
    6.4600000000e+00  2.6409937570e+00  1.9913129270e+00  1.5013546030e+00  5.8503843970e+00  6.1142269800e+00  5.9192156170e+00
    6.4700000000e+00  2.6210049110e+00  1.9638506320e+00  1.4739253100e+00  5.8692682330e+00  6.1258380390e+00  5.9416376870e+00
    6.4800000000e+00  2.6002582770e+00  1.9357899960e+00  1.4449921580e+00  5.8881771100e+00  6.1375415390e+00  5.9635724090e+00
    6.4900000000e+00  2.5787921210e+00  1.9070166860e+00  1.4145445880e+00  5.9070485920e+00  6.1492868230e+00  5.9849162130e+00
    6.5000000000e+00  2.5566520330e+00  1.8774196230e+00  1.3825748510e+00  5.9258365170e+00  6.1609946280e+00  6.0055554940e+00
    6.5100000000e+00  2.5338865380e+00  1.8468983860e+00  1.3490822300e+00  5.9445115300e+00  6.1725558730e+00  6.0253632250e+00
    6.5200000000e+00  2.5105427710e+00  1.8153715430e+00  1.3140794040e+00  5.9630606550e+00  6.1838327590e+00  6.0441976930e+00
    6.5300000000e+00  2.4866623620e+00  1.7827850210e+00  1.2775997840e+00  5.9814858160e+00  6.1946626040e+00  6.0619043480e+00
    6.5400000000e+00  2.4622778880e+00  1.7491194470e+00  1.2397042240e+00  5.9998012920e+00  6.2048644510e+00  6.0783211290e+00
    6.5500000000e+00  2.4374102770e+00  1.7143954900e+00  1.2004854720e+00  6.0180302680e+00  6.2142480080e+00  6.0932868140e+00
    6.5600000000e+00  2.4120675140e+00  1.6786764240e+00  1.1600690420e+00  6.0362009320e+00  6.2226241840e+00  6.1066511790e+00
    6.5700000000e+00  2.3862446760e+00  1.6420674870e+00  1.1186098750e+00  6.0543426830e+00  6.2298162220e+00  6.1182852070e+00
    6.5800000000e+00  2.3599250380e+00  1.6047119300e+00  1.0762850790e+00  6.0724829970e+00  6.2356703780e+00  6.1280894040e+00
    6.5900000000e+00  2.3330817430e+00  1.5667840250e+00  1.0332839290e+00  6.0906451980e+00  6.2400650680e+00  6.1359986100e+00
    6.6000000000e+00  2.3056795450e+00  1.5284796280e+00  9.8979700200e-01  6.1088471190e+00  6.2429175330e+00  6.1419824270e+00
    6.6100000000e+00  2.2776763090e+00  1.4900052900e+00  9.4600651600e-01  6.1271003860e+00  6.2441872590e+00  6.1460413960e+00
    6.6200000000e+00  2.2490241290e+00  1.4515671840e+00  9.0207961600e-01  6.1454100340e+00  6.2438758750e+00  6.1482000190e+00
    6.6300000000e+00  2.2196701130e+00  1.4133611530e+00  8.5816558700e-01  6.1637742420e+00  6.2420237700e+00  6.1484984570e+00
    6.6400000000e+00  2.1895568390e+00  1.3755649480e+00  8.1439695400e-01  6.1821840450e+00  6.2387043150e+00  6.1469848940e+00
    6.6500000000e+00  2.1586225120e+00  1.3383331430e+00  7.7089345200e-01  6.2006228610e+00  6.2340168600e+00  6.1437102460e+00
    6.6600000000e+00  2.1268008990e+00  1.3017945510e+00  7.2776721500e-01  6.2190656360e+00  6.2280797200e+00  6.1387261390e+00
    6.6700000000e+00  2.0940212260e+00  1.2660514940e+00  6.8512735300e-01  6.2374773340e+00  6.2210239210e+00  6.1320860750e+00
    6.6800000000e+00  2.0602084950e+00  1.2311800950e+00  6.4308244500e-01  6.2558106510e+00  6.2129879810e+00  6.1238488690e+00
    6.6900000000e+00  2.0252847200e+00  1.1972309740e+00  6.0174019400e-01  6.2740030460e+00  6.2041134970e+00  6.1140828280e+00
    6.7000000000e+00  1.9891716110e+00  1.1642300790e+00  5.6120435200e-01  6.2919735000e+00  6.1945411010e+00  6.1028690560e+00
    6.7100000000e+00  1.9517949910e+00  1.1321797950e+00  5.2156985500e-01  6.3096197510e+00  6.1844064160e+00  6.0903025750e+00
    6.7200000000e+00  1.9130908240e+00  1.1010606920e+00  4.8291758700e-01  6.3268168450e+00  6.1738358910e+00  6.0764906490e+00
    6.7300000000e+00  1.8730123390e+00  1.0708342660e+00  4.4531028700e-01  6.3434178770e+00  6.1629427490e+00  6.0615485300e+00
    6.7400000000e+00  1.8315372560e+00  1.0414468510e+00  4.0879075800e-01  6.3592574210e+00  6.1518235330e+00  6.0455935430e+00
    6.7500000000e+00  1.7886739360e+00  1.0128345300e+00  3.7338285900e-01  6.3741577690e+00  6.1405558170e+00  6.0287388860e+00
    6.7600000000e+00  1.7444652170e+00  9.8492855100e-01  3.3909503200e-01  6.3879373990e+00  6.1291975440e+00  6.0110884970e+00
    6.7700000000e+00  1.6989890710e+00  9.5766054200e-01  3.0592552000e-01  6.4004206310e+00  6.1177881590e+00  5.9927339600e+00
    6.7800000000e+00  1.6523557630e+00  9.3096676800e-01  2.7386815200e-01  6.4114469910e+00  6.1063513100e+00  5.9737538930e+00
    6.7900000000e+00  1.6047019470e+00  9.0479087400e-01  2.4291761900e-01  6.4208788370e+00  6.0948985470e+00  5.9542157050e+00
    6.8000000000e+00  1.5561827700e+00  8.7908490400e-01  2.1307336400e-01  6.4286061680e+00  6.0834332400e+00  5.9341792100e+00
    6.8100000000e+00  1.5069634100e+00  8.5380878000e-01  1.8434154700e-01  6.4345481910e+00  6.0719539440e+00  5.9137013930e+00
    6.8200000000e+00  1.4572114220e+00  8.2892877500e-01  1.5673479400e-01  6.4386519560e+00  6.0604566460e+00  5.8928414630e+00
    6.8300000000e+00  1.4070908640e+00  8.0441567400e-01  1.3026977400e-01  6.4408889190e+00  6.0489356530e+00  5.8716653140e+00
    6.8400000000e+00  1.3567585500e+00  7.8024335900e-01  1.0496299200e-01  6.4412505240e+00  6.0373832670e+00  5.8502485130e+00
    6.8500000000e+00  1.3063622840e+00  7.5638833500e-01  8.0825541000e-02  6.4397437180e+00  6.0257887000e+00  5.8286771290e+00
    6.8600000000e+00  1.2560406250e+00  7.3283043100e-01  5.7857883000e-02  6.4363870160e+00  6.0141368770e+00  5.8070461040e+00
    6.8700000000e+00  1.2059236920e+00  7.0955459500e-01  3.6045759000e-02  6.4312073810e+00  6.0024077920e+00  5.7854553870e+00
    6.8800000000e+00  1.1561346560e+00  6.8655333100e-01  1.5358128000e-02  6.4242380320e+00  5.9905769570e+00  5.7640045880e+00
    6.8900000000e+00  1.1067916190e+00  6.6382918400e-01 -4.2524260000e-03  6.4155172280e+00  5.9786172270e+00  5.7427872010e+00
    6.9000000000e+00  1.0580095760e+00  6.4139654900e-01 -2.2846950000e-02  6.4050881500e+00  5.9665019500e+00  5.7218855410e+00
    6.9100000000e+00  1.0099020240e+00  6.1928219900e-01 -4.0495631000e-02  6.3929998750e+00  5.9542090660e+00  5.7013672710e+00
    6.9200000000e+00  9.6258171200e-01  5.9752412100e-01 -5.7272434000e-02  6.3793092930e+00  5.9417255400e+00  5.6812840420e+00
    6.9300000000e+00  9.1616007300e-01  5.7616857800e-01 -7.3249843000e-02  6.3640834430e+00  5.9290513390e+00  5.6616723010e+00
    6.9400000000e+00  8.7074520300e-01  5.5526570300e-01 -8.8494519000e-02  6.3474015650e+00  5.9162022100e+00  5.6425559230e+00
    6.9500000000e+00  8.2643867900e-01  5.3486421100e-01 -1.0306443300e-01  6.3293560670e+00  5.9032107080e+00  5.6239500720e+00
    6.9600000000e+00  7.8333193600e-01  5.1500604100e-01 -1.1700770300e-01  6.3100519270e+00  5.8901252700e+00  5.6058655570e+00
    6.9700000000e+00  7.4150307000e-01  4.9572170000e-01 -1.3036303500e-01  6.2896045180e+00  5.8770075110e+00  5.5883130270e+00
    6.9800000000e+00  7.0101480000e-01  4.7702687000e-01 -1.4316145600e-01  6.2681363350e+00  5.8639282310e+00  5.5713065120e+00
    6.9900000000e+00  6.6191384800e-01  4.5892057000e-01 -1.5542893600e-01  6.2457733960e+00  5.8509627470e+00  5.5548660240e+00
    7.0000000000e+00  6.2423153800e-01  4.4138482000e-01 -1.6718949800e-01  6.2226420120e+00  5.8381861540e+00  5.5390191380e+00
    7.0100000000e+00  5.8798510000e-01  4.2438558500e-01 -1.7846853200e-01  6.1988662620e+00  5.8256689370e+00  5.5238016000e+00
    7.0200000000e+00  5.5317922600e-01  4.0787472000e-01 -1.8929609600e-01  6.1745661290e+00  5.8134731710e+00  5.5092570110e+00
    7.0300000000e+00  5.1980768000e-01  3.9179268200e-01 -1.9971004400e-01  6.1498560140e+00  5.8016493990e+00  5.4954356500e+00
    7.0400000000e+00  4.8785511300e-01  3.7607186700e-01 -2.0975882200e-01  6.1248434170e+00  5.7902342660e+00  5.4823924380e+00
    7.0500000000e+00  4.5729935000e-01  3.6064048900e-01 -2.1950369300e-01  6.0996278790e+00  5.7792490160e+00  5.4701841150e+00
    7.0600000000e+00  4.2811428800e-01  3.4542682600e-01 -2.2902014000e-01  6.0743005880e+00  5.7686990340e+00  5.4588657440e+00
    7.0700000000e+00  4.0027318800e-01  3.3036358900e-01 -2.3839821000e-01  6.0489451820e+00  5.7585746440e+00  5.4484868110e+00
    7.0800000000e+00  3.7375172000e-01  3.1539197100e-01 -2.4774165600e-01  6.0236401310e+00  5.7488532530e+00  5.4390873060e+00
    7.0900000000e+00  3.4852990700e-01  3.0046488700e-01 -2.5716593500e-01  5.9984626740e+00  5.7395027730e+00  5.4306942330e+00
    7.1000000000e+00  3.2459213800e-01  2.8554893600e-01 -2.6679530400e-01  5.9734937950e+00  5.7304859990e+00  5.4233189640e+00
    7.1100000000e+00  3.0192471800e-01  2.7062473500e-01 -2.7675948200e-01  5.9488232920e+00  5.7217654370e+00  5.4169556790e+00
    7.1200000000e+00  2.8051093400e-01  2.5568554000e-01 -2.8719039600e-01  5.9245537830e+00  5.7133079230e+00  5.4115808800e+00
    7.1300000000e+00  2.6032415800e-01  2.4073435700e-01 -2.9821943300e-01  5.9008025110e+00  5.7050884020e+00  5.4071536690e+00
    7.1400000000e+00  2.4132000900e-01  2.2577998500e-01 -3.0997538700e-01  5.8777001490e+00  5.6970923580e+00  5.4036163100e+00
    7.1500000000e+00  2.2342890800e-01  2.1083260000e-01 -3.2258291900e-01  5.8553862970e+00  5.6893166450e+00  5.4008945680e+00
    7.1600000000e+00  2.0655036800e-01  1.9589948900e-01 -3.3616110900e-01  5.8340019560e+00  5.6817687540e+00  5.3988975660e+00
    7.1700000000e+00  1.9055016400e-01  1.8098145300e-01 -3.5082155900e-01  5.8136798360e+00  5.6744647380e+00  5.3975172030e+00
    7.1800000000e+00  1.7526106100e-01  1.6607018700e-01 -3.6666564200e-01  5.7945337150e+00  5.6674261700e+00  5.3966275300e+00
    7.1900000000e+00  1.6048727100e-01  1.5114682600e-01 -3.8378076000e-01  5.7766482360e+00  5.6606765020e+00  5.3960846850e+00
    7.2000000000e+00  1.4601225600e-01  1.3618174700e-01 -4.0223585900e-01  5.7600704940e+00  5.6542371930e+00  5.3957279820e+00
    7.2100000000e+00  1.3160903800e-01  1.2113563100e-01 -4.2207672300e-01  5.7448045110e+00  5.6481239540e+00  5.3953826090e+00
    7.2200000000e+00  1.1705180500e-01  1.0596175900e-01 -4.4332174100e-01  5.7308093090e+00  5.6423434870e+00  5.3948640920e+00
    7.2300000000e+00  1.0212742500e-01  9.0609363000e-02 -4.6595889300e-01  5.7180007940e+00  5.6368911500e+00  5.3939843600e+00
    7.2400000000e+00  8.6645495000e-02  7.5027711000e-02 -4.8994461400e-01  5.7062570910e+00  5.6317499110e+00  5.3925589840e+00
    7.2500000000e+00  7.0445815000e-02  5.9170420000e-02 -5.1520498600e-01  5.6954264380e+00  5.6268908430e+00  5.3904148580e+00
    7.2600000000e+00  5.3402660000e-02  4.2999400000e-02 -5.4163946300e-01  5.6853363950e+00  5.6222752270e+00  5.3873974410e+00
    7.2700000000e+00  3.5425841000e-02  2.6487841000e-02 -5.6912692000e-01  5.6758029900e+00  5.6178580370e+00  5.3833765670e+00
    7.2800000000e+00  1.6459136000e-02  9.6217450000e-03 -5.9753341700e-01  5.6666386590e+00  5.6135924080e+00  5.3782499250e+00
    7.2900000000e+00 -3.5229130000e-03 -7.6002960000e-03 -6.2672064400e-01  5.6576582380e+00  5.6094345000e+00  5.3719436170e+00
    7.3000000000e+00 -2.4518725000e-02 -2.5169164000e-02 -6.5655381500e-01  5.6486829420e+00  5.6053481080e+00  5.3644097080e+00
    7.3100000000e+00 -4.6503004000e-02 -4.3069003000e-02 -6.8690784600e-01  5.6395427220e+00  5.6013083370e+00  5.3556212660e+00
    7.3200000000e+00 -6.9429217000e-02 -6.1282327000e-02 -7.1767100000e-01  5.6300778020e+00  5.5973036910e+00  5.3455658530e+00
    7.3300000000e+00 -9.3231272000e-02 -7.9795819000e-02 -7.4874573200e-01  5.6201401770e+00  5.5933361240e+00  5.3342386390e+00
    7.3400000000e+00 -1.1782490800e-01 -9.8605995000e-02 -7.8004700900e-01  5.6095956030e+00  5.5894188100e+00  5.3216362330e+00
    7.3500000000e+00 -1.4310947300e-01 -1.1772384100e-01 -8.1149871500e-01  5.5983261610e+00  5.5855717950e+00  5.3077519840e+00
    7.3600000000e+00 -1.6897065100e-01 -1.3717768600e-01 -8.4302890700e-01  5.5862329920e+00  5.5818160300e+00  5.2925731520e+00
    7.3700000000e+00 -1.9528433600e-01 -1.5701380000e-01 -8.7456461900e-01  5.5732385470e+00  5.5781665490e+00  5.2760800340e+00
    7.3800000000e+00 -2.2192138000e-01 -1.7729462100e-01 -9.0602679000e-01  5.5592876200e+00  5.5746256170e+00  5.2582469500e+00
    7.3900000000e+00 -2.4875254200e-01 -1.9809472100e-01 -9.3732577100e-01  5.5443467840e+00  5.5711766040e+00  5.2390449050e+00
    7.4000000000e+00 -2.7565283100e-01 -2.1949484500e-01 -9.6835780400e-01  5.5284022350e+00  5.5677792270e+00  5.2184457330e+00
    7.4100000000e+00 -3.0250460600e-01 -2.4157444600e-01 -9.9900283200e-01  5.5114565600e+00  5.5643666500e+00  5.1964275030e+00
    7.4200000000e+00 -3.2919920000e-01 -2.6440320700e-01 -1.0291240640e+00  5.4935251390e+00  5.5608449190e+00  5.1729808780e+00
    7.4300000000e+00 -3.5563725600e-01 -2.8803226300e-01 -1.0585697180e+00  5.4746328530e+00  5.5570951030e+00  5.1481159600e+00
    7.4400000000e+00 -3.8172823900e-01 -3.1248599200e-01 -1.0871772650e+00  5.4548114530e+00  5.5529783320e+00  5.1218689210e+00
    7.4500000000e+00 -4.0738958000e-01 -3.3775543800e-01 -1.1147802960e+00  5.4340976070e+00  5.5483436010e+00  5.0943074490e+00
    7.4600000000e+00 -4.3254568800e-01 -3.6379436800e-01 -1.1412176500e+00  5.4125314230e+00  5.5430377450e+00  5.0655339050e+00
    7.4700000000e+00 -4.5712682400e-01 -3.9051873600e-01 -1.1663439390e+00  5.3901552730e+00  5.5369165540e+00  5.0356852030e+00
    7.4800000000e+00 -4.8106771100e-01 -4.1780984400e-01 -1.1900400940e+00  5.3670129310e+00  5.5298557420e+00  5.0049288010e+00
    7.4900000000e+00 -5.0430582800e-01 -4.4552093200e-01 -1.2122223110e+00  5.3431492150e+00  5.5217604200e+00  4.9734548810e+00
    7.5000000000e+00 -5.2677953900e-01 -4.7348643800e-01 -1.2328478710e+00  5.3186104050e+00  5.5125719650e+00  4.9414655230e+00
    7.5100000000e+00 -5.4842639900e-01 -5.0153278600e-01 -1.2519167960e+00  5.2934456170e+00  5.5022715800e+00  4.9091623450e+00
    7.5200000000e+00 -5.6918210700e-01 -5.2948946100e-01 -1.2694690460e+00  5.2677091090e+00  5.4908803480e+00  4.8767344050e+00
    7.5300000000e+00 -5.8898057200e-01 -5.5719920200e-01 -1.2855777720e+00  5.2414632720e+00  5.4784560640e+00  4.8443480890e+00
    7.5400000000e+00 -6.0775542300e-01 -5.8452641400e-01 -1.3003398490e+00  5.2147817870e+00  5.4650874670e+00  4.8121402980e+00
    7.5500000000e+00 -6.2544308600e-01 -6.1136321800e-01 -1.3138652250e+00  5.1877523130e+00  5.4508867440e+00  4.7802155330e+00
    7.5600000000e+00 -6.4198719800e-01 -6.3763297500e-01 -1.3262666870e+00  5.1604779610e+00  5.4359811930e+00  4.7486467820e+00
    7.5700000000e+00 -6.5734379000e-01 -6.6329135900e-01 -1.3376512850e+00  5.1330769550e+00  5.4205048410e+00  4.7174795270e+00
    7.5800000000e+00 -6.7148635300e-01 -6.8832532400e-01 -1.3481142480e+00  5.1056801870e+00  5.4045906660e+00  4.6867378620e+00
    7.5900000000e+00 -6.8440984300e-01 -7.1275035600e-01 -1.3577357060e+00  5.0784268680e+00  5.3883638410e+00  4.6564315840e+00
    7.6000000000e+00 -6.9613283600e-01 -7.3660648900e-01 -1.3665801370e+00  5.0514589110e+00  5.3719363110e+00  4.6265632280e+00
    7.6100000000e+00 -7.0669752100e-01 -7.5995353400e-01 -1.3746981540e+00  5.0249150460e+00  5.3554028290e+00  4.5971341910e+00
    7.6200000000e+00 -7.1616771800e-01 -7.8286601100e-01 -1.3821300480e+00  4.9989256320e+00  5.3388384880e+00  4.5681492980e+00
    7.6300000000e+00 -7.2462561100e-01 -8.0542821700e-01 -1.3889103530e+00  4.9736089000e+00  5.3222976100e+00  4.5396194230e+00
    7.6400000000e+00 -7.3216807600e-01 -8.2772981800e-01 -1.3950726590e+00  4.9490688240e+00  5.3058137190e+00  4.5115620250e+00
    7.6500000000e+00 -7.3890339600e-01 -8.4986215000e-01 -1.4006538960e+00  4.9253943850e+00  5.2894001520e+00  4.4839997730e+00
    7.6600000000e+00 -7.4494883700e-01 -8.7191516000e-01 -1.4056974370e+00  4.9026595900e+00  5.2730508800e+00  4.4569576660e+00
    7.6700000000e+00 -7.5042911900e-01 -8.9397469800e-01 -1.4102546280e+00  4.8809235960e+00  5.2567412320e+00  4.4304593090e+00
    7.6800000000e+00 -7.5547544900e-01 -9.1611971400e-01 -1.4143846430e+00  4.8602303830e+00  5.2404284830e+00  4.4045230270e+00
    7.6900000000e+00 -7.6022457900e-01 -9.3841901800e-01 -1.4181528500e+00  4.8406077970e+00  5.2240526090e+00  4.3791584740e+00
    7.7000000000e+00 -7.6481737100e-01 -9.6092749800e-01 -1.4216280750e+00  4.8220660840e+00  5.2075377330e+00  4.3543641700e+00
    7.7100000000e+00 -7.6939652800e-01 -9.8368210300e-01 -1.4248792600e+00  4.8045963340e+00  5.1907947880e+00  4.3301262170e+00
    7.7200000000e+00 -7.7410346800e-01 -1.0066982500e+00 -1.4279719590e+00  4.7881693630e+00  5.1737257510e+00  4.3064182020e+00
    7.7300000000e+00 -7.7907457300e-01 -1.0299674490e+00 -1.4309650640e+00  4.7727354800e+00  5.1562293270e+00  4.2832021900e+00
    7.7400000000e+00 -7.8443731500e-01 -1.0534569120e+00 -1.4339080550e+00  4.7582254060e+00  5.1382075360e+00  4.2604305900e+00
    7.7500000000e+00 -7.9030676300e-01 -1.0771114860e+00 -1.4368389470e+00  4.7445522690e+00  5.1195722830e+00  4.2380486460e+00
    7.7600000000e+00 -7.9678286700e-01 -1.1008577920e+00 -1.4397830290e+00  4.7316143850e+00  5.1002508520e+00  4.2159972660e+00
    7.7700000000e+00 -8.0394865800e-01 -1.1246099080e+00 -1.4427523540e+00  4.7192983610e+00  5.0801894910e+00  4.1942159410e+00
    7.7800000000e+00 -8.1186925800e-01 -1.1482756160e+00 -1.4457458800e+00  4.7074821460e+00  5.0593546290e+00  4.1726455710e+00
    7.7900000000e+00 -8.2059138700e-01 -1.1717621560e+00 -1.4487501470e+00  4.6960378070e+00  5.0377318380e+00  4.1512311060e+00
    7.8000000000e+00 -8.3014311100e-01 -1.1949806750e+00 -1.4517403670e+00  4.6848340760e+00  5.0153230950e+00  4.1299239790e+00
    7.8100000000e+00 -8.4053367000e-01 -1.2178489210e+00 -1.4546819220e+00  4.6737388380e+00  4.9921431480e+00  4.1086843540e+00
    7.8200000000e+00 -8.5175344000e-01 -1.2402921780e+00 -1.4575323120e+00  4.6626217810e+00  4.9682158540e+00  4.0874831830e+00
    7.8300000000e+00 -8.6377424700e-01 -1.2622427860e+00 -1.4602436200e+00  4.6513573190e+00  4.9435711790e+00  4.0663039540e+00
    7.8400000000e+00 -8.7655029600e-01 -1.2836388090e+00 -1.4627655380e+00  4.6398276850e+00  4.9182432710e+00  4.0451439420e+00
    7.8500000000e+00 -8.9001987800e-01 -1.3044224900e+00 -1.4650488610e+00  4.6279259310e+00  4.8922697500e+00  4.0240146990e+00
    7.8600000000e+00 -9.0410784700e-01 -1.3245390760e+00 -1.4670492040e+00  4.6155585090e+00  4.8656920090e+00  4.0029415310e+00
    7.8700000000e+00 -9.1872863900e-01 -1.3439364140e+00 -1.4687305790e+00  4.6026471350e+00  4.8385561330e+00  3.9819618530e+00
    7.8800000000e+00 -9.3378956000e-01 -1.3625654370e+00 -1.4700683900e+00  4.5891298420e+00  4.8109138980e+00  3.9611224600e+00
    7.8900000000e+00 -9.4919406200e-01 -1.3803813760e+00 -1.4710514720e+00  4.5749612430e+00  4.7828233720e+00  3.9404759770e+00
    7.9000000000e+00 -9.6484483400e-01 -1.3973453560e+00 -1.4716829350e+00  4.5601121290e+00  4.7543488380e+00  3.9200768680e+00
    7.9100000000e+00 -9.8064662700e-01 -1.4134259240e+00 -1.4719797410e+00  4.5445684870e+00  4.7255599740e+00  3.8999774570e+00
    7.9200000000e+00 -9.9650874000e-01 -1.4286001840e+00 -1.4719711160e+00  4.5283299900e+00  4.6965304770e+00  3.8802243680e+00
    7.9300000000e+00 -1.0123470080e+00 -1.4428543500e+00 -1.4716960380e+00  4.5114080110e+00  4.6673364400e+00  3.8608557220e+00
    7.9400000000e+00 -1.0280851560e+00 -1.4561837320e+00 -1.4712000930e+00  4.4938232850e+00  4.6380547840e+00  3.8418993350e+00
    7.9500000000e+00 -1.0436553640e+00 -1.4685923060e+00 -1.4705320570e+00  4.4756034800e+00  4.6087620020e+00  3.8233720400e+00
    7.9600000000e+00 -1.0589981030e+00 -1.4800921280e+00 -1.4697405980e+00  4.4567810150e+00  4.5795333410e+00  3.8052801740e+00
    7.9700000000e+00 -1.0740614560e+00 -1.4907028630e+00 -1.4688715130e+00  4.4373913920e+00  4.5504423970e+00  3.7876211300e+00
    7.9800000000e+00 -1.0888002830e+00 -1.5004516680e+00 -1.4679658630e+00  4.4174721480e+00  4.5215609720e+00  3.7703856940e+00
    7.9900000000e+00 -1.1031755880e+00 -1.5093735800e+00 -1.4670592860e+00  4.3970623060e+00  4.4929588810e+00  3.7535607490e+00
    8.0000000000e+00 -1.1171542460e+00 -1.5175123530e+00 -1.4661825240e+00  4.3762019940e+00  4.4647033710e+00  3.7371317980e+00
    8.0100000000e+00 -1.1307090430e+00 -1.5249214820e+00 -1.4653629540e+00  4.3549318900e+00  4.4368577970e+00  3.7210847920e+00
    8.0200000000e+00 -1.1438187270e+00 -1.5316649990e+00 -1.4646266870e+00  4.3332922770e+00  4.4094794210e+00  3.7054068710e+00
    8.0300000000e+00 -1.1564676980e+00 -1.5378174820e+00 -1.4640006440e+00  4.3113217410e+00  4.3826163960e+00  3.6900859350e+00
    8.0400000000e+00 -1.1686450500e+00 -1.5434628610e+00 -1.4635141030e+00  4.2890558060e+00  4.3563043280e+00  3.6751091880e+00
    8.0500000000e+00 -1.1803429300e+00 -1.5486917630e+00 -1.4631993150e+00  4.2665259300e+00  4.3305629950e+00  3.6604610700e+00
    8.0600000000e+00 -1.1915544480e+00 -1.5535974910e+00 -1.4630910760e+00  4.2437592730e+00  4.3053939120e+00  3.6461210250e+00
    8.0700000000e+00 -1.2022715670e+00 -1.5582710450e+00 -1.4632253090e+00  4.2207794170e+00  4.2807793030e+00  3.6320615670e+00
    8.0800000000e+00 -1.2124834440e+00 -1.5627958080e+00 -1.4636368800e+00  4.1976079930e+00  4.2566828160e+00  3.6182469700e+00
    8.0900000000e+00 -1.2221756130e+00 -1.5672425920e+00 -1.4643569360e+00  4.1742669270e+00  4.2330520110e+00  3.6046328050e+00
    8.1000000000e+00 -1.2313301870e+00 -1.5716656680e+00 -1.4654100680e+00  4.1507808840e+00  4.2098223560e+00  3.5911664400e+00
    8.1100000000e+00 -1.2399270680e+00 -1.5761002130e+00 -1.4668116460e+00  4.1271794790e+00  4.1869222920e+00  3.5777885290e+00
    8.1200000000e+00 -1.2479459930e+00 -1.5805614320e+00 -1.4685656610e+00  4.1034988790e+00  4.1642788250e+00  3.5644354120e+00
    8.1300000000e+00 -1.2553691080e+00 -1.5850453890e+00 -1.4706633830e+00  4.0797825410e+00  4.1418231180e+00  3.5510422470e+00
    8.1400000000e+00 -1.2621837180e+00 -1.5895314960e+00 -1.4730831140e+00  4.0560809560e+00  4.1194955540e+00  3.5375465450e+00
    8.1500000000e+00 -1.2683848410e+00 -1.5939864260e+00 -1.4757911440e+00  4.0324504130e+00  4.0972497920e+00  3.5238916920e+00
    8.1600000000e+00 -1.2739772480e+00 -1.5983691040e+00 -1.4787438760e+00  4.0089509310e+00  4.0750553550e+00  3.5100300030e+00
    8.1700000000e+00 -1.2789767180e+00 -1.6026362350e+00 -1.4818908660e+00  3.9856435860e+00  4.0528984420e+00  3.4959248610e+00
    8.1800000000e+00 -1.2834103960e+00 -1.6067477070e+00 -1.4851783570e+00  3.9625875740e+00  4.0307808110e+00  3.4815516670e+00
    8.1900000000e+00 -1.2873162210e+00 -1.6106711380e+00 -1.4885528190e+00  3.9398373030e+00  4.0087169000e+00  3.4668974950e+00
    8.2000000000e+00 -1.2907415440e+00 -1.6143849510e+00 -1.4919639700e+00  3.9174398160e+00  3.9867296490e+00  3.4519595980e+00
    8.2100000000e+00 -1.2937410880e+00 -1.6178796000e+00 -1.4953669410e+00  3.8954327490e+00  3.9648457240e+00  3.4367430840e+00
    8.2200000000e+00 -1.2963744560e+00 -1.6211569500e+00 -1.4987233710e+00  3.8738429670e+00  3.9430909620e+00  3.4212581800e+00
    8.2300000000e+00 -1.2987034110e+00 -1.6242281470e+00 -1.5020014330e+00  3.8526859740e+00  3.9214867250e+00  3.4055175260e+00
    8.2400000000e+00 -1.3007891670e+00 -1.6271105990e+00 -1.5051749310e+00  3.8319661090e+00  3.9000475920e+00  3.3895338310e+00
    8.2500000000e+00 -1.3026899090e+00 -1.6298247320e+00 -1.5082217120e+00  3.8116774990e+00  3.8787804730e+00  3.3733181920e+00
    8.2600000000e+00 -1.3044588020e+00 -1.6323910940e+00 -1.5111216580e+00  3.7918056670e+00  3.8576849150e+00  3.3568792130e+00
    8.2700000000e+00 -1.3061426840e+00 -1.6348281200e+00 -1.5138545930e+00  3.7723295950e+00  3.8367542060e+00  3.3402230330e+00
    8.2800000000e+00 -1.3077815660e+00 -1.6371506460e+00 -1.5163984290e+00  3.7532239540e+00  3.8159768480e+00  3.3233541950e+00
    8.2900000000e+00 -1.3094089700e+00 -1.6393690520e+00 -1.5187278670e+00  3.7344611840e+00  3.7953380920e+00  3.3062772380e+00
    8.3000000000e+00 -1.3110529370e+00 -1.6414888410e+00 -1.5208138880e+00  3.7160130630e+00  3.7748213730e+00  3.2889987040e+00
    8.3100000000e+00 -1.3127374310e+00 -1.6435104800e+00 -1.5226241420e+00  3.6978515590e+00  3.7544096360e+00  3.2715292320e+00
    8.3200000000e+00 -1.3144837410e+00 -1.6454294530e+00 -1.5241241700e+00  3.6799488490e+00  3.7340866410e+00  3.2538853530e+00
    8.3300000000e+00 -1.3163115170e+00 -1.6472365470e+00 -1.5252792580e+00  3.6622766420e+00  3.7138382860e+00  3.2360906950e+00
    8.3400000000e+00 -1.3182391450e+00 -1.6489185050e+00 -1.5260566170e+00  3.6448050570e+00  3.6936539460e+00  3.2181764320e+00
    8.3500000000e+00 -1.3202833380e+00 -1.6504591210e+00 -1.5264275640e+00  3.6275014330e+00  3.6735276580e+00  3.2001809610e+00
    8.3600000000e+00 -1.3224579920e+00 -1.6518407900e+00 -1.5263694580e+00  3.6103294610e+00  3.6534589480e+00  3.1821489190e+00
    8.3700000000e+00 -1.3247725270e+00 -1.6530463220e+00 -1.5258672070e+00  3.5932489430e+00  3.6334530630e+00  3.1641297220e+00
    8.3800000000e+00 -1.3272300460e+00 -1.6540607670e+00 -1.5249142970e+00  3.5762163940e+00  3.6135205140e+00  3.1461758190e+00
    8.3900000000e+00 -1.3298257300e+00 -1.6548729120e+00 -1.5235133650e+00  3.5591865200e+00  3.5936759750e+00  3.1283408280e+00
    8.4000000000e+00 -1.3325458450e+00 -1.6554762430e+00 -1.5216763640e+00  3.5421143890e+00  3.5739367660e+00  3.1106776270e+00
    8.4100000000e+00 -1.3353676640e+00 -1.6558692710e+00 -1.5194243550e+00  3.5249579830e+00  3.5543211940e+00  3.0932364540e+00
    8.4200000000e+00 -1.3382603660e+00 -1.6560552960e+00 -1.5167869160e+00  3.5076806790e+00  3.5348469990e+00  3.0760630260e+00
    8.4300000000e+00 -1.3411868230e+00 -1.6560417410e+00 -1.5138011380e+00  3.4902532320e+00  3.5155300790e+00  3.0591967430e+00
    8.4400000000e+00 -1.3441059320e+00 -1.6558392170e+00 -1.5105101440e+00  3.4726549310e+00  3.4963835570e+00  3.0426690720e+00
    8.4500000000e+00 -1.3469750700e+00 -1.6554604570e+00 -1.5069611470e+00  3.4548738090e+00  3.4774171900e+00  3.0265022870e+00
    8.4600000000e+00 -1.3497522640e+00 -1.6549191930e+00 -1.5032031280e+00  3.4369059770e+00  3.4586370850e+00  3.0107087490e+00
    8.4700000000e+00 -1.3523977230e+00 -1.6542290370e+00 -1.4992843160e+00  3.4187543870e+00  3.4400457220e+00  2.9952908850e+00
    8.4800000000e+00 -1.3548746400e+00 -1.6534023920e+00 -1.4952497230e+00  3.4004273900e+00  3.4216422520e+00  2.9802419470e+00
    8.4900000000e+00 -1.3571493150e+00 -1.6524494760e+00 -1.4911390500e+00  3.3819374770e+00  3.4034230960e+00  2.9655475050e+00
    8.5000000000e+00 -1.3591908900e+00 -1.6513775030e+00 -1.4869852060e+00  3.3633004790e+00  3.3853828480e+00  2.9511875130e+00
    8.5100000000e+00 -1.3609710160e+00 -1.6501901720e+00 -1.4828136060e+00  3.3445352830e+00  3.3675154500e+00  2.9371386470e+00
    8.5200000000e+00 -1.3624638100e+00 -1.6488875640e+00 -1.4786422880e+00  3.3256639540e+00  3.3498155620e+00  2.9233766190e+00
    8.5300000000e+00 -1.3636462500e+00 -1.6474665620e+00 -1.4744827410e+00  3.3067119480e+00  3.3322799500e+00  2.9098781790e+00
    8.5400000000e+00 -1.3644990000e+00 -1.6459217950e+00 -1.4703412310e+00  3.2877080890e+00  3.3149086860e+00  2.8966225800e+00
    8.5500000000e+00 -1.3650074310e+00 -1.6442470080e+00 -1.4662204040e+00  3.2686840420e+00  3.2977059110e+00  2.8835924150e+00
    8.5600000000e+00 -1.3651624710e+00 -1.6424366350e+00 -1.4621208880e+00  3.2496731960e+00  3.2806800420e+00  2.8707738190e+00
    8.5700000000e+00 -1.3649609530e+00 -1.6404873300e+00 -1.4580427110e+00  3.2307091250e+00  3.2638433590e+00  2.8581561100e+00
    8.5800000000e+00 -1.3644052550e+00 -1.6383992150e+00 -1.4539863380e+00  3.2118239410e+00  3.2472110910e+00  2.8457310130e+00
    8.5900000000e+00 -1.3635022480e+00 -1.6361766900e+00 -1.4499532460e+00  3.1930469450e+00  3.2308001580e+00  2.8334916330e+00
    8.6000000000e+00 -1.3622617890e+00 -1.6338287540e+00 -1.4459460000e+00  3.1744039000e+00  3.2146277770e+00  2.8214313870e+00
    8.6100000000e+00 -1.3606951440e+00 -1.6313688530e+00 -1.4419678540e+00  3.1559170630e+00  3.1987100880e+00  2.8095430690e+00
    8.6200000000e+00 -1.3588137080e+00 -1.6288143090e+00 -1.4380219840e+00  3.1376059020e+00  3.1830609780e+00  2.7978182120e+00
    8.6300000000e+00 -1.3566283100e+00 -1.6261854250e+00 -1.4341104650e+00  3.1194882440e+00  3.1676911910e+00  2.7862468590e+00
    8.6400000000e+00 -1.3541491990e+00 -1.6235044040e+00 -1.4302331680e+00  3.1015815080e+00  3.1526078290e+00  2.7748178390e+00
    8.6500000000e+00 -1.3513866290e+00 -1.6207942200e+00 -1.4263867580e+00  3.0839037110e+00  3.1378142940e+00  2.7635195610e+00
    8.6600000000e+00 -1.3483518460e+00 -1.6180776420e+00 -1.4225640110e+00  3.0664740160e+00  3.1233106370e+00  2.7523413420e+00
    8.6700000000e+00 -1.3450582230e+00 -1.6153765520e+00 -1.4187537230e+00  3.0493127490e+00  3.1090942260e+00  2.7412751270e+00
    8.6800000000e+00 -1.3415223170e+00 -1.6127116900e+00 -1.4149414010e+00  3.0324408970e+00  3.0951605600e+00  2.7303173470e+00
    8.6900000000e+00 -1.3377646670e+00 -1.6101028240e+00 -1.4111108540e+00  3.0158791800e+00  3.0815040350e+00  2.7194705470e+00
    8.7000000000e+00 -1.3338102230e+00 -1.6075693140e+00 -1.4072465630e+00  2.9996468430e+00  3.0681184440e+00  2.7087443210e+00
    8.7100000000e+00 -1.3296883280e+00 -1.6051308810e+00 -1.4033364800e+00  2.9837603040e+00  3.0549970650e+00  2.6981551710e+00
    8.7200000000e+00 -1.3254322580e+00 -1.6028083930e+00 -1.3993747050e+00  2.9682318190e+00  3.0421322270e+00  2.6877251270e+00
    8.7300000000e+00 -1.3210783200e+00 -1.6006243920e+00 -1.3953634430e+00  2.9530682890e+00  3.0295143930e+00  2.6774792420e+00
    8.7400000000e+00 -1.3166646000e+00 -1.5986031230e+00 -1.3913137360e+00  2.9382703710e+00  3.0171308690e+00  2.6674424120e+00
    8.7500000000e+00 -1.3122294310e+00 -1.5967698780e+00 -1.3872447930e+00  2.9238319670e+00  3.0049644260e+00  2.6576361770e+00
    8.7600000000e+00 -1.3078097500e+00 -1.5951496190e+00 -1.3831820430e+00  2.9097402050e+00  2.9929921470e+00  2.6480761520e+00
    8.7700000000e+00 -1.3034394800e+00 -1.5937650020e+00 -1.3791544260e+00  2.8959759210e+00  2.9811848860e+00  2.6387706160e+00
    8.7800000000e+00 -1.2991481610e+00 -1.5926341120e+00 -1.3751915260e+00  2.8825146520e+00  2.9695076060e+00  2.6297204020e+00
    8.7900000000e+00 -1.2949600000e+00 -1.5917683520e+00 -1.3713212090e+00  2.8693279800e+00  2.9579207000e+00  2.6209199430e+00
    8.8000000000e+00 -1.2908934860e+00 -1.5911709410e+00 -1.3675681440e+00  2.8563850530e+00  2.9463822030e+00  2.6123590010e+00
    8.8100000000e+00 -1.2869615760e+00 -1.5908364140e+00 -1.3639533260e+00  2.8436539820e+00  2.9348505170e+00  2.6040245610e+00
    8.8200000000e+00 -1.2831723040e+00 -1.5907512890e+00 -1.3604944250e+00  2.8311028620e+00  2.9232871900e+00  2.5959024060e+00
    8.8300000000e+00 -1.2795295560e+00 -1.5908958250e+00 -1.3572066230e+00  2.8187002650e+00  2.9116591640e+00  2.5879781320e+00
    8.8400000000e+00 -1.2760336680e+00 -1.5912465390e+00 -1.3541035650e+00  2.8064152290e+00  2.8999400640e+00  2.5802375400e+00
    8.8500000000e+00 -1.2726815980e+00 -1.5917789490e+00 -1.3511981590e+00  2.7942169630e+00  2.8881102680e+00  2.5726665680e+00
    8.8600000000e+00 -1.2694665710e+00 -1.5924699600e+00 -1.3485031010e+00  2.7820745880e+00  2.8761557940e+00  2.5652509540e+00
    8.8700000000e+00 -1.2663773180e+00 -1.5932993850e+00 -1.3460311370e+00  2.7699572470e+00  2.8640663240e+00  2.5579758220e+00
    8.8800000000e+00 -1.2633971810e+00 -1.5942503420e+00 -1.3437951360e+00  2.7578348030e+00  2.8518328660e+00  2.5508253060e+00
    8.8900000000e+00 -1.2605034380e+00 -1.5953084960e+00 -1.3418080990e+00  2.7456791400e+00  2.8394456320e+00  2.5437822450e+00
    8.9000000000e+00 -1.2576671580e+00 -1.5964604320e+00 -1.3400831850e+00  2.7334658900e+00  2.8268926100e+00  2.5368278910e+00
    8.9100000000e+00 -1.2548537340e+00 -1.5976915890e+00 -1.3386337740e+00  2.7211763260e+00  2.8141591180e+00  2.5299415470e+00
    8.9200000000e+00 -1.2520241210e+00 -1.5989842490e+00 -1.3374735420e+00  2.7087990790e+00  2.8012283670e+00  2.5231000070e+00
    8.9300000000e+00 -1.2491366350e+00 -1.6003159970e+00 -1.3366163970e+00  2.6963314500e+00  2.7880828630e+00  2.5162767160e+00
    8.9400000000e+00 -1.2461491180e+00 -1.6016588810e+00 -1.3360760700e+00  2.6837801380e+00  2.7747063280e+00  2.5094406260e+00
    8.9500000000e+00 -1.2430212610e+00 -1.6029793900e+00 -1.3358651000e+00  2.6711613410e+00  2.7610858180e+00  2.5025548800e+00
    8.9600000000e+00 -1.2397168900e+00 -1.6042391770e+00 -1.3359930150e+00  2.6585002330e+00  2.7472137330e+00  2.4955756070e+00
    8.9700000000e+00 -1.2362060710e+00 -1.6053964410e+00 -1.3364636470e+00  2.6458298700e+00  2.7330895220e+00  2.4884512760e+00
    8.9800000000e+00 -1.2324669010e+00 -1.6064078090e+00 -1.3372717800e+00  2.6331895820e+00  2.7187208890e+00  2.4811230760e+00
    8.9900000000e+00 -1.2284868800e+00 -1.6072305770e+00 -1.3383995630e+00  2.6206229470e+00  2.7041243960e+00  2.4735267370e+00
    9.0000000000e+00 -1.2242637420e+00 -1.6078250930e+00 -1.3398133690e+00  2.6081754180e+00  2.6893253490e+00  2.4655959720e+00
    9.0100000000e+00 -1.2198056500e+00 -1.6081570420e+00 -1.3414618510e+00  2.5958917780e+00  2.6743569580e+00  2.4572673770e+00
    9.0200000000e+00 -1.2151307030e+00 -1.6081994000e+00 -1.3432758510e+00  2.5838135920e+00  2.6592588130e+00  2.4484862710e+00
    9.0300000000e+00 -1.2102657570e+00 -1.6079338380e+00 -1.3451705780e+00  2.5719768750e+00  2.6440748450e+00  2.4392126290e+00
    9.0400000000e+00 -1.2052446650e+00 -1.6073514390e+00 -1.3470500020e+00  2.5604101800e+00  2.6288510050e+00  2.4294261490e+00
    9.0500000000e+00 -1.2001060740e+00 -1.6064527190e+00 -1.3488129870e+00  2.5491332570e+00  2.6136328850e+00  2.4191295130e+00
    9.0600000000e+00 -1.1948910000e+00 -1.6052470030e+00 -1.3503602860e+00  2.5381564040e+00  2.5984635240e+00  2.4083492830e+00
    9.0700000000e+00 -1.1896403920e+00 -1.6037512730e+00 -1.3516013310e+00  2.5274804970e+00  2.5833815430e+00  2.3971342890e+00
    9.0800000000e+00 -1.1843929050e+00 -1.6019886530e+00 -1.3524598690e+00  2.5170976790e+00  2.5684197180e+00  2.3855518890e+00
    9.0900000000e+00 -1.1791830420e+00 -1.5999866580e+00 -1.3528777750e+00  2.5069925450e+00  2.5536040260e+00  2.3736828490e+00
    9.1000000000e+00 -1.1740397880e+00 -1.5977753440e+00 -1.3528168450e+00  2.4971436770e+00  2.5389531750e+00  2.3616157230e+00
    9.1100000000e+00 -1.1689857400e+00 -1.5953854530e+00 -1.3522587570e+00  2.4875253340e+00  2.5244786090e+00  2.3494415480e+00
    9.1200000000e+00 -1.1640367100e+00 -1.5928466710e+00 -1.3512037040e+00  2.4781091310e+00  2.5101849760e+00  2.3372493760e+00
    9.1300000000e+00 -1.1592016980e+00 -1.5901860980e+00 -1.3496682610e+00  2.4688656130e+00  2.4960710370e+00  2.3251228750e+00
    9.1400000000e+00 -1.1544831240e+00 -1.5874270640e+00 -1.3476830130e+00  2.4597656680e+00  2.4821309540e+00  2.3131378760e+00
    9.1500000000e+00 -1.1498772630e+00 -1.5845884240e+00 -1.3452902220e+00  2.4507818170e+00  2.4683558680e+00  2.3013606440e+00
    9.1600000000e+00 -1.1453748510e+00 -1.5816844300e+00 -1.3425416300e+00  2.4418893910e+00  2.4547355770e+00  2.2898465500e+00
    9.1700000000e+00 -1.1409619160e+00 -1.5787252040e+00 -1.3394962950e+00  2.4330676250e+00  2.4412600870e+00  2.2786389560e+00
    9.1800000000e+00 -1.1366208510e+00 -1.5757177380e+00 -1.3362182790e+00  2.4243005680e+00  2.4279207950e+00  2.2677682570e+00
    9.1900000000e+00 -1.1323317490e+00 -1.5726671950e+00 -1.3327740490e+00  2.4155777410e+00  2.4147111050e+00  2.2572512140e+00
    9.2000000000e+00 -1.1280738790e+00 -1.5695782410e+00 -1.3292295780e+00  2.4068943830e+00  2.4016264150e+00  2.2470907900e+00
    9.2100000000e+00 -1.1238271700e+00 -1.5664561200e+00 -1.3256472860e+00  2.3982512490e+00  2.3886635460e+00  2.2372767180e+00
    9.2200000000e+00 -1.1195735020e+00 -1.5633072680e+00 -1.3220831270e+00  2.3896539900e+00  2.3758198300e+00  2.2277869210e+00
    9.2300000000e+00 -1.1152976670e+00 -1.5601393990e+00 -1.3185841320e+00  2.3811122180e+00  2.3630921120e+00  2.2185897500e+00
    9.2400000000e+00 -1.1109879400e+00 -1.5569611470e+00 -1.3151867270e+00  2.3726384630e+00  2.3504759290e+00  2.2096468390e+00
    9.2500000000e+00 -1.1066363010e+00 -1.5537814320e+00 -1.3119159800e+00  2.3642471440e+00  2.3379649940e+00  2.2009162690e+00
    9.2600000000e+00 -1.1022383950e+00 -1.5506087530e+00 -1.3087858240e+00  2.3559536980e+00  2.3255510400e+00  2.1923557050e+00
    9.2700000000e+00 -1.0977933450e+00 -1.5474505450e+00 -1.3058001500e+00  2.3477738650e+00  2.3132239400e+00  2.1839251900e+00
    9.2800000000e+00 -1.0933035160e+00 -1.5443127220e+00 -1.3029545970e+00  2.3397231430e+00  2.3009720190e+00  2.1755893860e+00
    9.2900000000e+00 -1.0887742510e+00 -1.5411993770e+00 -1.3002388210e+00  2.3318163360e+00  2.2887824110e+00  2.1673190760e+00
    9.3000000000e+00 -1.0842136120e+00 -1.5381126240e+00 -1.2976389980e+00  2.3240671890e+00  2.2766414050e+00  2.1590918440e+00
    9.3100000000e+00 -1.0796321100e+00 -1.5350525080e+00 -1.2951402910e+00  2.3164880830e+00  2.2645347370e+00  2.1508919000e+00
    9.3200000000e+00 -1.0750424450e+00 -1.5320169150e+00 -1.2927289780e+00  2.3090897890e+00  2.2524478330e+00  2.1427091030e+00
    9.3300000000e+00 -1.0704592760e+00 -1.5290014690e+00 -1.2903940000e+00  2.3018812740e+00  2.2403660570e+00  2.1345373500e+00
    9.3400000000e+00 -1.0658990360e+00 -1.5259994170e+00 -1.2881276910e+00  2.2948695270e+00  2.2282749830e+00  2.1263726030e+00
    9.3500000000e+00 -1.0613798070e+00 -1.5230015200e+00 -1.2859256640e+00  2.2880593610e+00  2.2161607390e+00  2.1182109130e+00
    9.3600000000e+00 -1.0569212180e+00 -1.5199959860e+00 -1.2837859160e+00  2.2814531360e+00  2.2040104050e+00  2.1100467710e+00
    9.3700000000e+00 -1.0525443230e+00 -1.5169684750e+00 -1.2817074000e+00  2.2750503530e+00  2.1918124650e+00  2.1018720540e+00
    9.3800000000e+00 -1.0482713400e+00 -1.5139021900e+00 -1.2796883560e+00  2.2688471360e+00  2.1795572930e+00  2.0936756960e+00
    9.3900000000e+00 -1.0441251870e+00 -1.5107780500e+00 -1.2777247120e+00  2.2628356240e+00  2.1672376630e+00  2.0854440550e+00
    9.4000000000e+00 -1.0401287330e+00 -1.5075749860e+00 -1.2758087980e+00  2.2570034040e+00  2.1548492570e+00  2.0771618720e+00
    9.4100000000e+00 -1.0363037510e+00 -1.5042703390e+00 -1.2739285260e+00  2.2513330870e+00  2.1423911660e+00  2.0688136040e+00
    9.4200000000e+00 -1.0326696370e+00 -1.5008403940e+00 -1.2720670920e+00  2.2458021960e+00  2.1298663460e+00  2.0603849450e+00
    9.4300000000e+00 -1.0292419920e+00 -1.4972610510e+00 -1.2702031960e+00  2.2403834320e+00  2.1172820010e+00  2.0518643480e+00
    9.4400000000e+00 -1.0260312230e+00 -1.4935086170e+00 -1.2683117020e+00  2.2350454100e+00  2.1046498480e+00  2.0432443810e+00
    9.4500000000e+00 -1.0230413130e+00 -1.4895607280e+00 -1.2663646440e+00  2.2297538200e+00  2.0919862220e+00  2.0345228480e+00
    9.4600000000e+00 -1.0202689040e+00 -1.4853973340e+00 -1.2643324710e+00  2.2244729880e+00  2.0793119640e+00  2.0257036030e+00
    9.4700000000e+00 -1.0177028080e+00 -1.4810017090e+00 -1.2621854670e+00  2.2191677140e+00  2.0666520660e+00  2.0167970710e+00
    9.4800000000e+00 -1.0153240380e+00 -1.4763614160e+00 -1.2598952880e+00  2.2138052810e+00  2.0540350450e+00  2.0078204490e+00
    9.4900000000e+00 -1.0131064040e+00 -1.4714691320e+00 -1.2574366010e+00  2.2083574580e+00  2.0414920560e+00  1.9987975770e+00
    9.5000000000e+00 -1.0110176850e+00 -1.4663232670e+00 -1.2547887770e+00  2.2028023450e+00  2.0290557790e+00  1.9897583820e+00
    9.5100000000e+00 -1.0090213400e+00 -1.4609282950e+00 -1.2519375120e+00  2.1971258560e+00  2.0167591150e+00  1.9807378350e+00
    9.5200000000e+00 -1.0070786060e+00 -1.4552947400e+00 -1.2488762040e+00  2.1913226780e+00  2.0046337850e+00  1.9717743800e+00
    9.5300000000e+00 -1.0051508180e+00 -1.4494387690e+00 -1.2456068450e+00  2.1853965680e+00  1.9927089370e+00  1.9629079070e+00
    9.5400000000e+00 -1.0032017080e+00 -1.4433813690e+00 -1.2421402620e+00  2.1793599600e+00  1.9810098750e+00  1.9541774480e+00
    9.5500000000e+00 -1.0011994280e+00 -1.4371471670e+00 -1.2384955930e+00  2.1732329320e+00  1.9695570830e+00  1.9456188830e+00
    9.5600000000e+00 -9.9911812300e-01 -1.4307629910e+00 -1.2346990690e+00  2.1670416820e+00  1.9583656650e+00  1.9372629380e+00
    9.5700000000e+00 -9.9693893400e-01 -1.4242563510e+00 -1.2307822630e+00  2.1608167410e+00  1.9474452960e+00  1.9291337250e+00
    9.5800000000e+00 -9.9465043800e-01 -1.4176540500e+00 -1.2267800570e+00  2.1545911280e+00  1.9368006620e+00  1.9212479360e+00
    9.5900000000e+00 -9.9224860400e-01 -1.4109810930e+00 -1.2227286040e+00  2.1483986410e+00  1.9264323210e+00  1.9136147420e+00
    9.6000000000e+00 -9.8973641200e-01 -1.4042600310e+00 -1.2186635090e+00  2.1422723820e+00  1.9163377950e+00  1.9062362650e+00
    9.6100000000e+00 -9.8712326500e-01 -1.3975107660e+00 -1.2146183950e+00  2.1362435370e+00  1.9065127260e+00  1.8991085020e+00
    9.6200000000e+00 -9.8442428800e-01 -1.3907507830e+00 -1.2106239200e+00  2.1303403730e+00  1.8969519060e+00  1.8922224810e+00
    9.6300000000e+00 -9.8165957400e-01 -1.3839957120e+00 -1.2067072650e+00  2.1245874170e+00  1.8876500560e+00  1.8855655010e+00
    9.6400000000e+00 -9.7885336200e-01 -1.3772600940e+00 -1.2028920340e+00  2.1190047560e+00  1.8786022580e+00  1.8791222870e+00
    9.6500000000e+00 -9.7603316300e-01 -1.3705582120e+00 -1.1991984840e+00  2.1136074670e+00  1.8698040000e+00  1.8728759530e+00
    9.6600000000e+00 -9.7322880100e-01 -1.3639048440e+00 -1.1956439930e+00  2.1084051620e+00  1.8612508330e+00  1.8668086830e+00
    9.6700000000e+00 -9.7047138300e-01 -1.3573157640e+00 -1.1922436230e+00  2.1034016770e+00  1.8529376820e+00  1.8609020920e+00
    9.6800000000e+00 -9.6779217900e-01 -1.3508078720e+00 -1.1890106360e+00  2.0985949410e+00  1.8448579300e+00  1.8551372410e+00
    9.6900000000e+00 -9.6522146000e-01 -1.3443988420e+00 -1.1859568310e+00  2.0939770650e+00  1.8370024620e+00  1.8494943910e+00
    9.7000000000e+00 -9.6278732900e-01 -1.3381062820e+00 -1.1830925750e+00  2.0895347170e+00  1.8293588870e+00  1.8439526030e+00
    9.7100000000e+00 -9.6051466100e-01 -1.3319465310e+00 -1.1804264910e+00  2.0852497870e+00  1.8219111770e+00  1.8384893660e+00
    9.7200000000e+00 -9.5842426200e-01 -1.3259333070e+00 -1.1779648610e+00  2.0811003310e+00  1.8146398790e+00  1.8330804260e+00
    9.7300000000e+00 -9.5653235600e-01 -1.3200764940e+00 -1.1757108680e+00  2.0770616910e+00  1.8075229200e+00  1.8276999600e+00
    9.7400000000e+00 -9.5485044800e-01 -1.3143813510e+00 -1.1736638900e+00  2.0731076420e+00  1.8005368790e+00  1.8223211330e+00
    9.7500000000e+00 -9.5338553000e-01 -1.3088482910e+00 -1.1718190130e+00  2.0692114130e+00  1.7936584840e+00  1.8169169760e+00
    9.7600000000e+00 -9.5214052900e-01 -1.3034732550e+00 -1.1701669110e+00  2.0653464600e+00  1.7868660500e+00  1.8114614430e+00
    9.7700000000e+00 -9.5111482600e-01 -1.2982485820e+00 -1.1686940890e+00  2.0614869230e+00  1.7801406190e+00  1.8059304490e+00
    9.7800000000e+00 -9.5030470600e-01 -1.2931641530e+00 -1.1673834470e+00  2.0576078360e+00  1.7734666450e+00  1.8003027640e+00
    9.7900000000e+00 -9.4970362100e-01 -1.2882086090e+00 -1.1662150300e+00  2.0536851640e+00  1.7668322130e+00  1.7945606680e+00
    9.8000000000e+00 -9.4930223700e-01 -1.2833704650e+00 -1.1651668790e+00  2.0496958460e+00  1.7602288330e+00  1.7886903760e+00
    9.8100000000e+00 -9.4908831200e-01 -1.2786389820e+00 -1.1642159050e+00  2.0456179570e+00  1.7536509240e+00  1.7826822560e+00
    9.8200000000e+00 -9.4904652500e-01 -1.2740047580e+00 -1.1633387800e+00  2.0414310960e+00  1.7470951110e+00  1.7765308630e+00
    9.8300000000e+00 -9.4915839500e-01 -1.2694599980e+00 -1.1625128210e+00  2.0371170080e+00  1.7405594540e+00  1.7702347820e+00
    9.8400000000e+00 -9.4940242800e-01 -1.2649984950e+00 -1.1617168510e+00  2.0326603980e+00  1.7340427200e+00  1.7637962530e+00
    9.8500000000e+00 -9.4975461300e-01 -1.2606153880e+00 -1.1609319400e+00  2.0280498020e+00  1.7275438060e+00  1.7572205570e+00
    9.8600000000e+00 -9.5018929500e-01 -1.2563067560e+00 -1.1601419500e+00  2.0232783490e+00  1.7210613490e+00  1.7505151730e+00
    9.8700000000e+00 -9.5068036200e-01 -1.2520691820e+00 -1.1593337730e+00  2.0183442220e+00  1.7145935770e+00  1.7436887980e+00
    9.8800000000e+00 -9.5120262400e-01 -1.2478993510e+00 -1.1584972040e+00  2.0132506790e+00  1.7081383590e+00  1.7367503380e+00
    9.8900000000e+00 -9.5173314300e-01 -1.2437937820e+00 -1.1576244590e+00  2.0080055740e+00  1.7016934000e+00  1.7297080400e+00
    9.9000000000e+00 -9.5225232500e-01 -1.2397487170e+00 -1.1567094110e+00  2.0026204130e+00  1.6952565140e+00  1.7225688960e+00
    9.9100000000e+00 -9.5274457200e-01 -1.2357601580e+00 -1.1557466750e+00  1.9971091150e+00  1.6888258700e+00  1.7153384230e+00
    9.9200000000e+00 -9.5319842700e-01 -1.2318240440e+00 -1.1547307290e+00  1.9914866820e+00  1.6824001750e+00  1.7080208470e+00
    9.9300000000e+00 -9.5360624700e-01 -1.2279364700e+00 -1.1536552270e+00  1.9857680140e+00  1.6759787260e+00  1.7006196430e+00
    9.9400000000e+00 -9.5396353700e-01 -1.2240939160e+00 -1.1525126410e+00  1.9799670300e+00  1.6695613460e+00  1.6931383090e+00
    9.9500000000e+00 -9.5426814100e-01 -1.2202934120e+00 -1.1512943100e+00  1.9740961810e+00  1.6631482180e+00  1.6855811970e+00
    9.9600000000e+00 -9.5451946900e-01 -1.2165326080e+00 -1.1499908580e+00  1.9681663220e+00  1.6567396730e+00  1.6779542160e+00
    9.9700000000e+00 -9.5471789400e-01 -1.2128097540e+00 -1.1485928790e+00  1.9621868310e+00  1.6503359770e+00  1.6702652560e+00
    9.9800000000e+00 -9.5486435700e-01 -1.2091236140e+00 -1.1470917130e+00  1.9561658490e+00  1.6439371540e+00  1.6625242410e+00
    9.9900000000e+00 -9.5496017200e-01 -1.2054733430e+00 -1.1454801180e+00  1.9501105220e+00  1.6375428710e+00  1.6547428610e+00
    1.0000000000e+01 -9.5500692500e-01 -1.2018583660e+00 -1.1437527240e+00  1.9440271630e+00  1.6311523580e+00  1.6469340770e+00
    1.0010000000e+01 -9.5500642200e-01 -1.1982782690e+00 -1.1419061990e+00  1.9379213520e+00  1.6247643420e+00  1.6391115710e+00
    1.0020000000e+01 -9.5496060800e-01 -1.1947326740e+00 -1.1399391990e+00  1.9317979820e+00  1.6183769770e+00  1.6312892930e+00
    1.0030000000e+01 -9.5487145800e-01 -1.1912210780e+00 -1.1378522160e+00  1.9256613320e+00  1.6119877590e+00  1.6234811830e+00
    1.0040000000e+01 -9.5474088400e-01 -1.1877426140e+00 -1.1356474590e+00  1.9195151780e+00  1.6055934750e+00  1.6157010530e+00
    1.0050000000e+01 -9.5457068600e-01 -1.1842957440e+00 -1.1333288720e+00  1.9133629470e+00  1.5991902330e+00  1.6079625460e+00
    1.0060000000e+01 -9.5436258700e-01 -1.1808779220e+00 -1.1309022960e+00  1.9072078740e+00  1.5927736280e+00  1.6002790520e+00
    1.0070000000e+01 -9.5411834500e-01 -1.1774852960e+00 -1.1283757280e+00  1.9010531110e+00  1.5863390760e+00  1.5926634440e+00
    1.0080000000e+01 -9.5383989400e-01 -1.1741125560e+00 -1.1257595330e+00  1.8949017430e+00  1.5798822870e+00  1.5851276110e+00
    1.0090000000e+01 -9.5352948000e-01 -1.1707529720e+00 -1.1230664980e+00  1.8887567210e+00  1.5733998190e+00  1.5776817830e+00
    1.0100000000e+01 -9.5318971800e-01 -1.1673986750e+00 -1.1203115980e+00  1.8826207290e+00  1.5668895960e+00  1.5703337680e+00
    1.0110000000e+01 -9.5282359400e-01 -1.1640411430e+00 -1.1175114470e+00  1.8764960300e+00  1.5603512930e+00  1.5630882250e+00
    1.0120000000e+01 -9.5243438000e-01 -1.1606718050e+00 -1.1146834630e+00  1.8703843290e+00  1.5537865040e+00  1.5559461390e+00
    1.0130000000e+01 -9.5202551000e-01 -1.1572826760e+00 -1.1118448440e+00  1.8642866800e+00  1.5471986470e+00  1.5489046000e+00
    1.0140000000e+01 -9.5160043900e-01 -1.1538668820e+00 -1.1090115130e+00  1.8582034400e+00  1.5405926430e+00  1.5419569480e+00
    1.0150000000e+01 -9.5116250900e-01 -1.1504190100e+00 -1.1061971750e+00  1.8521342710e+00  1.5339744110e+00  1.5350932490e+00
    1.0160000000e+01 -9.5071483400e-01 -1.1469352090e+00 -1.1034125840e+00  1.8460781530e+00  1.5273503180e+00  1.5283010380e+00
    1.0170000000e+01 -9.5026020700e-01 -1.1434130740e+00 -1.1006651120e+00  1.8400334040e+00  1.5207266580e+00  1.5215661890e+00
    1.0180000000e+01 -9.4980099400e-01 -1.1398513530e+00 -1.0979585730e+00  1.8339976720e+00  1.5141092800e+00  1.5148738150e+00
    1.0190000000e+01 -9.4933899000e-01 -1.1362495710e+00 -1.0952932940e+00  1.8279679090e+00  1.5075033910e+00  1.5082091130e+00
    1.0200000000e+01 -9.4887520600e-01 -1.1326076650e+00 -1.0926663450e+00  1.8219403690e+00  1.5009135390e+00  1.5015581030e+00
    1.0210000000e+01 -9.4840957100e-01 -1.1289256870e+00 -1.0900719010e+00  1.8159106710e+00  1.4943437520e+00  1.4949082650e+00
    1.0220000000e+01 -9.4794059200e-01 -1.1252036400e+00 -1.0875016800e+00  1.8098739990e+00  1.4877977490e+00  1.4882490760e+00
    1.0230000000e+01 -9.4746502600e-01 -1.1214414380e+00 -1.0849454720e+00  1.8038254750e+00  1.4812791950e+00  1.4815724470e+00
    1.0240000000e+01 -9.4697767900e-01 -1.1176390030e+00 -1.0823917520e+00  1.7977607030e+00  1.4747919110e+00  1.4748730530e+00
    1.0250000000e+01 -9.4647139400e-01 -1.1137964780e+00 -1.0798283550e+00  1.7916764320e+00  1.4683400090e+00  1.4681485320e+00
    1.0260000000e+01 -9.4593728700e-01 -1.1099144810e+00 -1.0772431990e+00  1.7855712510e+00  1.4619278760e+00  1.4613995130e+00
    1.0270000000e+01 -9.4536521500e-01 -1.1059943530e+00 -1.0746250050e+00  1.7794461960e+00  1.4555600090e+00  1.4546294590e+00
    1.0280000000e+01 -9.4474445600e-01 -1.1020382970e+00 -1.0719639390e+00  1.7733052230e+00  1.4492407010e+00  1.4478443270e+00
    1.0290000000e+01 -9.4406450400e-01 -1.0980493330e+00 -1.0692521470e+00  1.7671554660e+00  1.4429736620e+00  1.4410520790e+00
    1.0300000000e+01 -9.4331595100e-01 -1.0940310480e+00 -1.0664841250e+00  1.7610072730e+00  1.4367616590e+00  1.4342620750e+00
    1.0310000000e+01 -9.4249136800e-01 -1.0899871660e+00 -1.0636569220e+00  1.7548740160e+00  1.4306063170e+00  1.4274844190e+00
    1.0320000000e+01 -9.4158615900e-01 -1.0859210420e+00 -1.0607701720e+00  1.7487716540e+00  1.4245081360e+00  1.4207292870e+00
    1.0330000000e+01 -9.4059932000e-01 -1.0818352000e+00 -1.0578259690e+00  1.7427180800e+00  1.4184667590e+00  1.4140062660e+00
    1.0340000000e+01 -9.3953403700e-01 -1.0777310340e+00 -1.0548285630e+00  1.7367322130e+00  1.4124814360e+00  1.4073237480e+00
    1.0350000000e+01 -9.3839803400e-01 -1.0736087490e+00 -1.0517839000e+00  1.7308329260e+00  1.4065515680e+00  1.4006884210e+00
    1.0360000000e+01 -9.3720361800e-01 -1.0694675450e+00 -1.0486990140e+00  1.7250378300e+00  1.4006772150e+00  1.3941049160e+00
    1.0370000000e+01 -9.3596734000e-01 -1.0653059790e+00 -1.0455813350e+00  1.7193620680e+00  1.3948594740e+00  1.3875756680e+00
    1.0380000000e+01 -9.3470930900e-01 -1.0611224250e+00 -1.0424379950e+00  1.7138172250e+00  1.3891006600e+00  1.3811010350e+00
    1.0390000000e+01 -9.3345219700e-01 -1.0569155330e+00 -1.0392752520e+00  1.7084104860e+00  1.3834043010e+00  1.3746796480e+00
    1.0400000000e+01 -9.3222005800e-01 -1.0526846170e+00 -1.0360981210e+00  1.7031441330e+00  1.3777749860e+00  1.3683089180e+00
    1.0410000000e+01 -9.3103707100e-01 -1.0484299410e+00 -1.0329102380e+00  1.6980153960e+00  1.3722181200e+00  1.3619855920e+00
    1.0420000000e+01 -9.2992634600e-01 -1.0441529020e+00 -1.0297139540e+00  1.6930166610e+00  1.3667396450e+00  1.3557062340e+00
    1.0430000000e+01 -9.2890886400e-01 -1.0398561190e+00 -1.0265105570e+00  1.6881359630e+00  1.3613457610e+00  1.3494675700e+00
    1.0440000000e+01 -9.2800263700e-01 -1.0355434670e+00 -1.0233005410e+00  1.6833577050e+00  1.3560426630e+00  1.3432666540e+00
    1.0450000000e+01 -9.2722209900e-01 -1.0312200710e+00 -1.0200838390e+00  1.6786635110e+00  1.3508363100e+00  1.3371009180e+00
    1.0460000000e+01 -9.2657775500e-01 -1.0268922770e+00 -1.0168599630e+00  1.6740331600e+00  1.3457322040e+00  1.3309681270e+00
    1.0470000000e+01 -9.2607606300e-01 -1.0225676130e+00 -1.0136280750e+00  1.6694454940e+00  1.3407351690e+00  1.3248663410e+00
    1.0480000000e+01 -9.2571952900e-01 -1.0182547230e+00 -1.0103869910e+00  1.6648792840e+00  1.3358491110e+00  1.3187938980e+00
    1.0490000000e+01 -9.2550695800e-01 -1.0139632490e+00 -1.0071351750e+00  1.6603139890e+00  1.3310767570e+00  1.3127494520e+00
    1.0500000000e+01 -9.2543384400e-01 -1.0097036450e+00 -1.0038707620e+00  1.6557303920e+00  1.3264193880e+00  1.3067320450e+00
    1.0510000000e+01 -9.2549282100e-01 -1.0054868860e+00 -1.0005916170e+00  1.6511111140e+00  1.3218765890e+00  1.3007411790e+00
    1.0520000000e+01 -9.2567418000e-01 -1.0013240870e+00 -9.9729541900e-01  1.6464409980e+00  1.3174460620e+00  1.2947768700e+00
    1.0530000000e+01 -9.2596638300e-01 -9.9722602500e-01 -9.9397976100e-01  1.6417073820e+00  1.3131235520e+00  1.2888396530e+00
    1.0540000000e+01 -9.2635659200e-01 -9.9320261800e-01 -9.9064220000e-01  1.6369002870e+00  1.3089029340e+00  1.2829305640e+00
    1.0550000000e+01 -9.2683118500e-01 -9.8926242500e-01 -9.8728026800e-01  1.6320125380e+00  1.3047764800e+00  1.2770511310e+00
    1.0560000000e+01 -9.2737630400e-01 -9.8541223200e-01 -9.8389145300e-01  1.6270398250e+00  1.3007353100e+00  1.2712034150e+00
    1.0570000000e+01 -9.2797843200e-01 -9.8165682400e-01 -9.8047318300e-01  1.6219806950e+00  1.2967699940e+00  1.2653901380e+00
    1.0580000000e+01 -9.2862502600e-01 -9.7799898100e-01 -9.7702290200e-01  1.6168364130e+00  1.2928712200e+00  1.2596148870e+00
    1.0590000000e+01 -9.2930515400e-01 -9.7443974300e-01 -9.7353828200e-01  1.6116106640e+00  1.2890304230e+00  1.2538823450e+00
    1.0600000000e+01 -9.3001007700e-01 -9.7097890200e-01 -9.7001759800e-01  1.6063090430e+00  1.2852402740e+00  1.2481984570e+00
    1.0610000000e+01 -9.3073367100e-01 -9.6761564600e-01 -9.6646023700e-01  1.6009383500e+00  1.2814949410e+00  1.2425704370e+00
    1.0620000000e+01 -9.3147261000e-01 -9.6434925600e-01 -9.6286724400e-01  1.5955057580e+00  1.2777900580e+00  1.2370065450e+00
    1.0630000000e+01 -9.3222625100e-01 -9.6117972500e-01 -9.5924179500e-01  1.5900179500e+00  1.2741224270e+00  1.2315156250e+00
    1.0640000000e+01 -9.3299622400e-01 -9.5810820500e-01 -9.5558948600e-01  1.5844803660e+00  1.2704894950e+00  1.2261064560e+00
    1.0650000000e+01 -9.3378580900e-01 -9.5513719000e-01 -9.5191836400e-01  1.5788966630e+00  1.2668886960e+00  1.2207870040e+00
    1.0660000000e+01 -9.3459920000e-01 -9.5227042700e-01 -9.4823870600e-01  1.5732684720e+00  1.2633167890e+00  1.2155637150e+00
    1.0670000000e+01 -9.3544081700e-01 -9.4951256500e-01 -9.4456258500e-01  1.5675954450e+00  1.2597692870e+00  1.2104409120e+00
    1.0680000000e+01 -9.3631477600e-01 -9.4686861600e-01 -9.4090329200e-01  1.5618755230e+00  1.2562400940e+00  1.2054203710e+00
    1.0690000000e+01 -9.3722458500e-01 -9.4434333700e-01 -9.3727470400e-01  1.5561053070e+00  1.2527213870e+00  1.2005010740e+00
    1.0700000000e+01 -9.3817307000e-01 -9.4194065700e-01 -9.3369062500e-01  1.5502803940e+00  1.2492037400e+00  1.1956791250e+00
    1.0710000000e+01 -9.3916243300e-01 -9.3966322200e-01 -9.3016416100e-01  1.5443955700e+00  1.2456764360e+00  1.1909478030e+00
    1.0720000000e+01 -9.4019432500e-01 -9.3751212900e-01 -9.2670710800e-01  1.5384448170e+00  1.2421278680e+00  1.1862977330e+00
    1.0730000000e+01 -9.4126981000e-01 -9.3548682500e-01 -9.2332938000e-01  1.5324211920e+00  1.2385459460e+00  1.1817171790e+00
    1.0740000000e+01 -9.4238914200e-01 -9.3358513200e-01 -9.2003848200e-01  1.5263166600e+00  1.2349184260e+00  1.1771924620e+00
    1.0750000000e+01 -9.4355135700e-01 -9.3180332900e-01 -9.1683907400e-01  1.5201220300e+00  1.2312331610e+00  1.1727085160e+00
    1.0760000000e+01 -9.4475375400e-01 -9.3013623400e-01 -9.1373267700e-01  1.5138271080e+00  1.2274782580e+00  1.1682495550e+00
    1.0770000000e+01 -9.4599139900e-01 -9.2857724200e-01 -9.1071753600e-01  1.5074210940e+00  1.2236422030e+00  1.1637998230e+00
    1.0780000000e+01 -9.4725677200e-01 -9.2711833200e-01 -9.0778869500e-01  1.5008932240e+00  1.2197139920e+00  1.1593443630e+00
    1.0790000000e+01 -9.4853968200e-01 -9.2575004900e-01 -9.0493826300e-01  1.4942335520e+00  1.2156832840e+00  1.1548697580e+00
    1.0800000000e+01 -9.4982745700e-01 -9.2446150400e-01 -9.0215586000e-01  1.4874337460e+00  1.2115406180e+00  1.1503647850e+00
    1.0810000000e+01 -9.5110542700e-01 -9.2324039900e-01 -8.9942923300e-01  1.4804877820e+00  1.2072776580e+00  1.1458209370e+00
    1.0820000000e+01 -9.5235758900e-01 -9.2207313200e-01 -8.9674498000e-01  1.4733924330e+00  1.2028874660e+00  1.1412327780e+00
    1.0830000000e+01 -9.5356737800e-01 -9.2094494900e-01 -8.9408935900e-01  1.4661475230e+00  1.1983647840e+00  1.1365980850e+00
    1.0840000000e+01 -9.5471844700e-01 -9.1984018300e-01 -8.9144910500e-01  1.4587559420e+00  1.1937062960e+00  1.1319177630e+00
    1.0850000000e+01 -9.5579539000e-01 -9.1874255400e-01 -8.8881218100e-01  1.4512234610e+00  1.1889108650e+00  1.1271955330e+00
    1.0860000000e+01 -9.5678438700e-01 -9.1763554900e-01 -8.8616838700e-01  1.4435583750e+00  1.1839797140e+00  1.1224374180e+00
    1.0870000000e+01 -9.5767372600e-01 -9.1650286500e-01 -8.8350978000e-01  1.4357710150e+00  1.1789165450e+00  1.1176511020e+00
    1.0880000000e+01 -9.5845419100e-01 -9.1532891200e-01 -8.8083086200e-01  1.4278731270e+00  1.1737275410e+00  1.1128452350e+00
    1.0890000000e+01 -9.5911927500e-01 -9.1409935100e-01 -8.7812856100e-01  1.4198771650e+00  1.1684212480e+00  1.1080287650e+00
    1.0900000000e+01 -9.5966516700e-01 -9.1280160900e-01 -8.7540204100e-01  1.4117955360e+00  1.1630082770e+00  1.1032103630e+00
    1.0910000000e+01 -9.6009050700e-01 -9.1142531000e-01 -8.7265240100e-01  1.4036398900e+00  1.1575008590e+00  1.0983979800e+00
    1.0920000000e+01 -9.6039593900e-01 -9.0996254600e-01 -8.6988232400e-01  1.3954205370e+00  1.1519122690e+00  1.0935985360e+00
    1.0930000000e+01 -9.6058350800e-01 -9.0840796900e-01 -8.6709572100e-01  1.3871460540e+00  1.1462562050e+00  1.0888177280e+00
    1.0940000000e+01 -9.6065601000e-01 -9.0675866700e-01 -8.6429739800e-01  1.3788231200e+00  1.1405461870e+00  1.0840599150e+00
    1.0950000000e+01 -9.6061635100e-01 -9.0501390800e-01 -8.6149275000e-01  1.3704565610e+00  1.1347950560e+00  1.0793280710e+00
    1.0960000000e+01 -9.6046700900e-01 -9.0317475900e-01 -8.5868747600e-01  1.3620495700e+00  1.1290146020e+00  1.0746237770e+00
    1.0970000000e+01 -9.6020959600e-01 -9.0124366700e-01 -8.5588731700e-01  1.3536040500e+00  1.1232153280e+00  1.0699472520e+00
    1.0980000000e+01 -9.5984456000e-01 -8.9922402500e-01 -8.5309781500e-01  1.3451210400e+00  1.1174063430e+00  1.0652974090e+00
    1.0990000000e+01 -9.5937100200e-01 -8.9711975600e-01 -8.5032407900e-01  1.3366011850e+00  1.1115953800e+00  1.0606719520e+00
    1.1000000000e+01 -9.5878663900e-01 -8.9493494600e-01 -8.4757059100e-01  1.3280452440e+00  1.1057889240e+00  1.0560674970e+00
    1.1010000000e+01 -9.5808790700e-01 -8.9267355000e-01 -8.4484102400e-01  1.3194545930e+00  1.0999924340e+00  1.0514797210e+00
    1.1020000000e+01 -9.5727022100e-01 -8.9033920600e-01 -8.4213809000e-01  1.3108317040e+00  1.0942106330e+00  1.0469035270e+00
    1.1030000000e+01 -9.5632839800e-01 -8.8793516800e-01 -8.3946341900e-01  1.3021805210e+00  1.0884478300e+00  1.0423332300e+00
    1.1040000000e+01 -9.5525721700e-01 -8.8546437000e-01 -8.3681745200e-01  1.2935066820e+00  1.0827082250e+00  1.0377627570e+00
    1.1050000000e+01 -9.5405203800e-01 -8.8292960300e-01 -8.3419936600e-01  1.2848175280e+00  1.0769961540e+00  1.0331858660e+00
    1.1060000000e+01 -9.5270940400e-01 -8.8033378100e-01 -8.3160702300e-01  1.2761218640e+00  1.0713162430e+00  1.0285963810e+00
    1.1070000000e+01 -9.5122751200e-01 -8.7768025200e-01 -8.2903695700e-01  1.2674295050e+00  1.0656734240e+00  1.0239884620e+00
    1.1080000000e+01 -9.4960646400e-01 -8.7497311600e-01 -8.2648440900e-01  1.2587506730e+00  1.0600728140e+00  1.0193568830e+00
    1.1090000000e+01 -9.4784826300e-01 -8.7221747200e-01 -8.2394342700e-01  1.2500953560e+00  1.0545194610e+00  1.0146973360e+00
    1.1100000000e+01 -9.4595655800e-01 -8.6941955800e-01 -8.2140704100e-01  1.2414727490e+00  1.0490179650e+00  1.0100067230e+00
    1.1110000000e+01 -9.4393621900e-01 -8.6658673500e-01 -8.1886753000e-01  1.2328908660e+00  1.0435720570e+00  1.0052834270e+00
    1.1120000000e+01 -9.4179283000e-01 -8.6372728300e-01 -8.1631677900e-01  1.2243563780e+00  1.0381841680e+00  1.0005275190e+00
    1.1130000000e+01 -9.3953221800e-01 -8.6085003600e-01 -8.1374670000e-01  1.2158746690e+00  1.0328551020e+00  9.9574086900e-01
    1.1140000000e+01 -9.3716010300e-01 -8.5796389600e-01 -8.1114970100e-01  1.2074500540e+00  1.0275838420e+00  9.9092712400e-01
    1.1150000000e+01 -9.3468191000e-01 -8.5507729200e-01 -8.0851914200e-01  1.1990860790e+00  1.0223675700e+00  9.8609154800e-01
    1.1160000000e+01 -9.3210276600e-01 -8.5219767100e-01 -8.0584972300e-01  1.1907858120e+00  1.0172018660e+00  9.8124071400e-01
    1.1170000000e+01 -9.2942761300e-01 -8.4933111200e-01 -8.0313776100e-01  1.1825520360e+00  1.0120810910e+00  9.7638208800e-01
    1.1180000000e+01 -9.2666138000e-01 -8.4648208600e-01 -8.0038130300e-01  1.1743873030e+00  1.0069988640e+00  9.7152355800e-01
    1.1190000000e+01 -9.2380911300e-01 -8.4365341600e-01 -7.9758008800e-01  1.1662938560e+00  1.0019485850e+00  9.6667296700e-01
    1.1200000000e+01 -9.2087599500e-01 -8.4084641400e-01 -7.9473534800e-01  1.1582734760e+00  9.9692391500e-01  9.6183771900e-01
    1.1210000000e+01 -9.1786723300e-01 -8.3806117000e-01 -7.9184952100e-01  1.1503273280e+00  9.9191917200e-01  9.5702450600e-01
    1.1220000000e+01 -9.1478784800e-01 -8.3529695300e-01 -7.8892591700e-01  1.1424559010e+00  9.8692956300e-01  9.5223918900e-01
    1.1230000000e+01 -9.1164241900e-01 -8.3255264800e-01 -7.8596842400e-01  1.1346590870e+00  9.8195126300e-01  9.4748681900e-01
    1.1240000000e+01 -9.0843489600e-01 -8.2982717700e-01 -7.8298130200e-01  1.1269363990e+00  9.7698130100e-01  9.4277177700e-01
    1.1250000000e+01 -9.0516853400e-01 -8.2711981700e-01 -7.7996913400e-01  1.1192872760e+00  9.7201730500e-01  9.3809796100e-01
    1.1260000000e+01 -9.0184599200e-01 -8.2443037900e-01 -7.7693691200e-01  1.1117114070e+00  9.6705713000e-01  9.3346894300e-01
    1.1270000000e+01 -8.9846958400e-01 -8.2175920000e-01 -7.7389025400e-01  1.1042089770e+00  9.6209846100e-01  9.2888799900e-01
    1.1280000000e+01 -8.9504163000e-01 -8.1910695300e-01 -7.7083566700e-01  1.0967807730e+00  9.5713845600e-01  9.2435797900e-01
    1.1290000000e+01 -8.9156483700e-01 -8.1647431600e-01 -7.6778074100e-01  1.0894281170e+00  9.5217351600e-01  9.1988096100e-01
    1.1300000000e+01 -8.8804262200e-01 -8.1386156000e-01 -7.6473419200e-01  1.0821526270e+00  9.4719922800e-01  9.1545776500e-01
    1.1310000000e+01 -8.8447931700e-01 -8.1126814600e-01 -7.6170564300e-01  1.0749558500e+00  9.4221049900e-01  9.1108738500e-01
    1.1320000000e+01 -8.8088020000e-01 -8.0869242100e-01 -7.5870514800e-01  1.0678388110e+00  9.3720186000e-01  9.0676649700e-01
    1.1330000000e+01 -8.7725135100e-01 -8.0613146400e-01 -7.5574247700e-01  1.0608015780e+00  9.3216787200e-01  9.0248915500e-01
    1.1340000000e+01 -8.7359933000e-01 -8.0358112300e-01 -7.5282629100e-01  1.0538428810e+00  9.2710356300e-01  8.9824677000e-01
    1.1350000000e+01 -8.6993072700e-01 -8.0103622000e-01 -7.4996331900e-01  1.0469598670e+00  9.2200479500e-01  8.9402839400e-01
    1.1360000000e+01 -8.6625162200e-01 -7.9849088400e-01 -7.4715766600e-01  1.0401480070e+00  9.1686850300e-01  8.8982129600e-01
    1.1370000000e+01 -8.6256700900e-01 -7.9593891700e-01 -7.4441035500e-01  1.0334011970e+00  9.1169277600e-01  8.8561172400e-01
    1.1380000000e+01 -8.5888024600e-01 -7.9337412400e-01 -7.4171912700e-01  1.0267120600e+00  9.0647677200e-01  8.8138576900e-01
    1.1390000000e+01 -8.5519260200e-01 -7.9079053900e-01 -7.3907851000e-01  1.0200724410e+00  9.0122053400e-01  8.7713021800e-01
    1.1400000000e+01 -8.5150298100e-01 -7.8818251200e-01 -7.3648012200e-01  1.0134740860e+00  8.9592477700e-01  8.7283333800e-01
    1.1410000000e+01 -8.4780789100e-01 -7.8554468800e-01 -7.3391314700e-01  1.0069094060e+00  8.9059072000e-01  8.6848550600e-01
    1.1420000000e+01 -8.4410170500e-01 -7.8287192700e-01 -7.3136492900e-01  1.0003722470e+00  8.8522001200e-01  8.6407969600e-01
    1.1430000000e+01 -8.4037719600e-01 -7.8015924800e-01 -7.2882165200e-01  9.9385852700e-01  8.7981475600e-01  8.5961177900e-01
    1.1440000000e+01 -8.3662626700e-01 -7.7740184000e-01 -7.2626903500e-01  9.8736663000e-01  8.7437758800e-01  8.5508066200e-01
    1.1450000000e+01 -8.3284075700e-01 -7.7459516200e-01 -7.2369303000e-01  9.8089751100e-01  8.6891174000e-01  8.5048825600e-01
    1.1460000000e+01 -8.2901319100e-01 -7.7173511000e-01 -7.2108048400e-01  9.7445450300e-01  8.6342104800e-01  8.4583928000e-01
    1.1470000000e+01 -8.2513735600e-01 -7.6881818400e-01 -7.1841971900e-01  9.6804291900e-01  8.5790984700e-01  8.4114091700e-01
    1.1480000000e+01 -8.2120866900e-01 -7.6584159500e-01 -7.1570098400e-01  9.6166954800e-01  8.5238280200e-01  8.3640233500e-01
    1.1490000000e+01 -8.1722434000e-01 -7.6280328300e-01 -7.1291675600e-01  9.5534215300e-01  8.4684469900e-01  8.3163412700e-01
    1.1500000000e+01 -8.1318340700e-01 -7.5970183900e-01 -7.1006184300e-01  9.4906904500e-01  8.4130027200e-01  8.2684772900e-01
    1.1510000000e+01 -8.0908671100e-01 -7.5653638000e-01 -7.0713333900e-01  9.4285874200e-01  8.3575410400e-01  8.2205489300e-01
    1.1520000000e+01 -8.0493687300e-01 -7.5330642900e-01 -7.0413045800e-01  9.3671968600e-01  8.3021061000e-01  8.1726726000e-01
    1.1530000000e+01 -8.0073829300e-01 -7.5001184200e-01 -7.0105431300e-01  9.3065996000e-01  8.2467407300e-01  8.1249605300e-01
    1.1540000000e+01 -7.9649713600e-01 -7.4665281500e-01 -6.9790772200e-01  9.2468695200e-01  8.1914869200e-01  8.0775186700e-01
    1.1550000000e+01 -7.9222126600e-01 -7.4322993400e-01 -6.9469504400e-01  9.1880696200e-01  8.1363856800e-01  8.0304450500e-01
    1.1560000000e+01 -7.8792005800e-01 -7.3974423600e-01 -6.9142205000e-01  9.1302476000e-01  8.0814762000e-01  7.9838282100e-01
    1.1570000000e+01 -7.8360405500e-01 -7.3619719900e-01 -6.8809579500e-01  9.0734316100e-01  8.0267943700e-01  7.9377452600e-01
    1.1580000000e+01 -7.7928445700e-01 -7.3259063700e-01 -6.8472445700e-01  9.0176268300e-01  7.9723710900e-01  7.8922597700e-01
    1.1590000000e+01 -7.7497249200e-01 -7.2892649100e-01 -6.8131709300e-01  8.9628138000e-01  7.9182311800e-01  7.8474196400e-01
    1.1600000000e+01 -7.7067873200e-01 -7.2520655200e-01 -6.7788332900e-01  8.9089487800e-01  7.8643934500e-01  7.8032553800e-01
    1.1610000000e+01 -7.6641244000e-01 -7.2143220200e-01 -6.7443298900e-01  8.8559665000e-01  7.8108722700e-01  7.7597792600e-01
    1.1620000000e+01 -7.6218105300e-01 -7.1760424300e-01 -6.7097569400e-01  8.8037847100e-01  7.7576804300e-01  7.7169853800e-01
    1.1630000000e+01 -7.5798982800e-01 -7.1372288900e-01 -6.6752047700e-01  8.7523102100e-01  7.7048326500e-01  7.6748509400e-01
    1.1640000000e+01 -7.5384171100e-01 -7.0978794100e-01 -6.6407544600e-01  8.7014452600e-01  7.6523489700e-01  7.6333384700e-01
    1.1650000000e+01 -7.4973739300e-01 -7.0579910100e-01 -6.6064752600e-01  8.6510939600e-01  7.6002568700e-01  7.5923988300e-01
    1.1660000000e+01 -7.4567553500e-01 -7.0175637100e-01 -6.5724229600e-01  8.6011678700e-01  7.5485918400e-01  7.5519747600e-01
    1.1670000000e+01 -7.4165313500e-01 -6.9766044100e-01 -6.5386394200e-01  8.5515904600e-01  7.4973959800e-01  7.5120044400e-01
    1.1680000000e+01 -7.3766597500e-01 -6.9351297700e-01 -6.5051529400e-01  8.5023003300e-01  7.4467150400e-01  7.4724250400e-01
    1.1690000000e+01 -7.3370911500e-01 -6.8931675600e-01 -6.4719795500e-01  8.4532528700e-01  7.3965945100e-01  7.4331756600e-01
    1.1700000000e+01 -7.2977739500e-01 -6.8507562800e-01 -6.4391249700e-01  8.4044204400e-01  7.3470754800e-01  7.3941998100e-01
    1.1710000000e+01 -7.2586588800e-01 -6.8079431300e-01 -6.4065869600e-01  8.3557912500e-01  7.2981912400e-01  7.3554471400e-01
    1.1720000000e+01 -7.2197027400e-01 -6.7647809700e-01 -6.3743580600e-01  8.3073670200e-01  7.2499649700e-01  7.3168743300e-01
    1.1730000000e+01 -7.1808710700e-01 -6.7213248300e-01 -6.3424283300e-01  8.2591600700e-01  7.2024088500e-01  7.2784451300e-01
    1.1740000000e+01 -7.1421397700e-01 -6.6776286700e-01 -6.3107878200e-01  8.2111901100e-01  7.1555245900e-01  7.2401293800e-01
    1.1750000000e+01 -7.1034957200e-01 -6.6337428300e-01 -6.2794284800e-01  8.1634811900e-01  7.1093048600e-01  7.2019013600e-01
    1.1760000000e+01 -7.0649369100e-01 -6.5897124200e-01 -6.2483450800e-01  8.1160590700e-01  7.0637351400e-01  7.1637375300e-01
    1.1770000000e+01 -7.0264722600e-01 -6.5455764500e-01 -6.2175351800e-01  8.0689488300e-01  7.0187956900e-01  7.1256142900e-01
    1.1780000000e+01 -6.9881213400e-01 -6.5013674800e-01 -6.1869980800e-01  8.0221726600e-01  6.9744631300e-01  7.0875060800e-01
    1.1790000000e+01 -6.9499139900e-01 -6.4571114700e-01 -6.1567331900e-01  7.9757474500e-01  6.9307120000e-01  7.0493842600e-01
    1.1800000000e+01 -6.9118894600e-01 -6.4128277900e-01 -6.1267381800e-01  7.9296820200e-01  6.8875160900e-01  7.0112169300e-01
    1.1810000000e+01 -6.8740947700e-01 -6.3685293400e-01 -6.0970074000e-01  7.8839741900e-01  6.8448500800e-01  6.9729695500e-01
    1.1820000000e+01 -6.8365819200e-01 -6.3242231400e-01 -6.0675309700e-01  7.8386081000e-01  6.8026911100e-01  6.9346060600e-01
    1.1830000000e+01 -6.7994040600e-01 -6.2799114700e-01 -6.0382943500e-01  7.7935522200e-01  6.7610204100e-01  6.8960900900e-01
    1.1840000000e+01 -6.7626109600e-01 -6.2355936100e-01 -6.0092785700e-01  7.7487586700e-01  6.7198245100e-01  6.8573860500e-01
    1.1850000000e+01 -6.7262443000e-01 -6.1912680200e-01 -5.9804606100e-01  7.7041640400e-01  6.6790958200e-01  6.8184597300e-01
    1.1860000000e+01 -6.6903333700e-01 -6.1469346900e-01 -5.9518137900e-01  7.6596916500e-01  6.6388323400e-01  6.7792786200e-01
    1.1870000000e+01 -6.6548918200e-01 -6.1025973900e-01 -5.9233079700e-01  7.6152549000e-01  6.5990364900e-01  6.7398120800e-01
    1.1880000000e+01 -6.6199153800e-01 -6.0582652000e-01 -5.8949094700e-01  7.5707613100e-01  6.5597130600e-01  6.7000314600e-01
    1.1890000000e+01 -6.5853808500e-01 -6.0139532800e-01 -5.8665809100e-01  7.5261166700e-01  6.5208667600e-01  6.6599103700e-01
    1.1900000000e+01 -6.5512459300e-01 -5.9696825800e-01 -5.8382809600e-01  7.4812291900e-01  6.4824994700e-01  6.6194252000e-01
    1.1910000000e+01 -6.5174498300e-01 -5.9254784500e-01 -5.8099641400e-01  7.4360134000e-01  6.4446078400e-01  6.5785558900e-01
    1.1920000000e+01 -6.4839144500e-01 -5.8813684000e-01 -5.7815807100e-01  7.3903939400e-01  6.4071816500e-01  6.5372869100e-01
    1.1930000000e+01 -6.4505462400e-01 -5.8373793700e-01 -5.7530769300e-01  7.3443091500e-01  6.3702031200e-01  6.4956085400e-01
    1.1940000000e+01 -6.4172387800e-01 -5.7935350800e-01 -5.7243956100e-01  7.2977145700e-01  6.3336473600e-01  6.4535184500e-01
    1.1950000000e+01 -6.3838763000e-01 -5.7498537200e-01 -5.6954773500e-01  7.2505859600e-01  6.2974838000e-01  6.4110233500e-01
    1.1960000000e+01 -6.3503380400e-01 -5.7063464800e-01 -5.6662627300e-01  7.2029216800e-01  6.2616781500e-01  6.3681405200e-01
    1.1970000000e+01 -6.3165034100e-01 -5.6630168700e-01 -5.6366952700e-01  7.1547439900e-01  6.2261947200e-01  6.3248987600e-01
    1.1980000000e+01 -6.2822575600e-01 -5.6198608700e-01 -5.6067251200e-01  7.1060989900e-01  6.1909986400e-01  6.2813381600e-01
    1.1990000000e+01 -6.2474969100e-01 -5.5768677200e-01 -5.5763131000e-01  7.0570550700e-01  6.1560576900e-01  6.2375084700e-01
    1.2000000000e+01 -6.2121341600e-01 -5.5340211900e-01 -5.5454340900e-01  7.0076998500e-01  6.1213438200e-01  6.1934656900e-01
    1.2010000000e+01 -6.1761024900e-01 -5.4913011200e-01 -5.5140793300e-01  6.9581360400e-01  6.0868339500e-01  6.1492671500e-01
    1.2020000000e+01 -6.1393585400e-01 -5.4486850900e-01 -5.4822567800e-01  6.9084761500e-01  6.0525101900e-01  6.1049656000e-01
    1.2030000000e+01 -6.1018840500e-01 -5.4061498300e-01 -5.4499890000e-01  6.8588367400e-01  6.0183593700e-01  6.0606031300e-01
    1.2040000000e+01 -6.0636859800e-01 -5.3636720600e-01 -5.4173087300e-01  6.8093321800e-01  5.9843720900e-01  6.0162058800e-01
    1.2050000000e+01 -6.0247950200e-01 -5.3212286500e-01 -5.3842523500e-01  6.7600684900e-01  5.9505415600e-01  5.9717806800e-01
    1.2060000000e+01 -5.9852623200e-01 -5.2787957900e-01 -5.3508522300e-01  6.7111378100e-01  5.9168627400e-01  5.9273143900e-01
    1.2070000000e+01 -5.9451547200e-01 -5.2363477100e-01 -5.3171290500e-01  6.6626138500e-01  5.8833323700e-01  5.8827762500e-01
    1.2080000000e+01 -5.9045488700e-01 -5.1938553100e-01 -5.2830855100e-01  6.6145490600e-01  5.8499500000e-01  5.8381231500e-01
    1.2090000000e+01 -5.8635247600e-01 -5.1512854900e-01 -5.2487024500e-01  6.5669737000e-01  5.8167202400e-01  5.7933070400e-01
    1.2100000000e+01 -5.8221594400e-01 -5.1086016800e-01 -5.2139380300e-01  6.5198970400e-01  5.7836555800e-01  5.7482831800e-01
    1.2110000000e+01 -5.7805216500e-01 -5.0657660500e-01 -5.1787301100e-01  6.4733102700e-01  5.7507790900e-01  5.7030180200e-01
    1.2120000000e+01 -5.7386677800e-01 -5.0227430100e-01 -5.1430011900e-01  6.4271909700e-01  5.7181262000e-01  5.6574954100e-01
    1.2130000000e+01 -5.6966397000e-01 -4.9795036200e-01 -5.1066649000e-01  6.3815081800e-01  5.6857449600e-01  5.6117204100e-01
    1.2140000000e+01 -5.6544643800e-01 -4.9360299600e-01 -5.0696329400e-01  6.3362277000e-01  5.6536944900e-01  5.5657205300e-01
    1.2150000000e+01 -5.6121551200e-01 -4.8923188100e-01 -5.0318214800e-01  6.2913168100e-01  5.6220418300e-01  5.5195445500e-01
    1.2160000000e+01 -5.5697141000e-01 -4.8483840500e-01 -4.9931562300e-01  6.2467480200e-01  5.5908577700e-01  5.4732598700e-01
    1.2170000000e+01 -5.5271356400e-01 -4.8042575600e-01 -4.9535760800e-01  6.2025016400e-01  5.5602121100e-01  5.4269488000e-01
    1.2180000000e+01 -5.4844098400e-01 -4.7599888000e-01 -4.9130352500e-01  6.1585670800e-01  5.5301691300e-01  5.3807047000e-01
    1.2190000000e+01 -5.4415261400e-01 -4.7156432500e-01 -4.8715044600e-01  6.1149430500e-01  5.5007833800e-01  5.3346283900e-01
    1.2200000000e+01 -5.3984767400e-01 -4.6713000600e-01 -4.8289713600e-01  6.0716367600e-01  5.4720961200e-01  5.2888249400e-01
    1.2210000000e+01 -5.3552594900e-01 -4.6270489200e-01 -4.7854408000e-01  6.0286622800e-01  5.4441323100e-01  5.2434007300e-01
    1.2220000000e+01 -5.3118804300e-01 -4.5829866000e-01 -4.7409349700e-01  5.9860379200e-01  5.4168983300e-01  5.1984605900e-01
    1.2230000000e+01 -5.2683553000e-01 -4.5392127800e-01 -4.6954933300e-01  5.9437830300e-01  5.3903803700e-01  5.1541045700e-01
    1.2240000000e+01 -5.2247101000e-01 -4.4958256600e-01 -4.6491720300e-01  5.9019140300e-01  5.3645437200e-01  5.1104242700e-01
    1.2250000000e+01 -5.1809801300e-01 -4.4529171700e-01 -4.6020422500e-01  5.8604403700e-01  5.3393330700e-01  5.0674987500e-01
    1.2260000000e+01 -5.1372075500e-01 -4.4105683900e-01 -4.5541870300e-01  5.8193608100e-01  5.3146740000e-01  5.0253904800e-01
    1.2270000000e+01 -5.0934376500e-01 -4.3688452100e-01 -4.5056965900e-01  5.7786607200e-01  5.2904756300e-01  4.9841422100e-01
    1.2280000000e+01 -5.0497141700e-01 -4.3277948300e-01 -4.4566621100e-01  5.7383107800e-01  5.2666342800e-01  4.9437753500e-01
    1.2290000000e+01 -5.0060744000e-01 -4.2874432600e-01 -4.4071691000e-01  5.6982673700e-01  5.2430380100e-01  4.9042907300e-01
    1.2300000000e+01 -4.9625446800e-01 -4.2477939700e-01 -4.3572910000e-01  5.6584746800e-01  5.2195714800e-01  4.8656719100e-01
    1.2310000000e+01 -4.9191367000e-01 -4.2088277200e-01 -4.3070844000e-01  5.6188680700e-01  5.1961210000e-01  4.8278907400e-01
    1.2320000000e+01 -4.8758451700e-01 -4.1705035200e-01 -4.2565866500e-01  5.5793784300e-01  5.1725795200e-01  4.7909145300e-01
    1.2330000000e+01 -4.8326467300e-01 -4.1327606400e-01 -4.2058162400e-01  5.5399369500e-01  5.1488512400e-01  4.7547135900e-01
    1.2340000000e+01 -4.7895003200e-01 -4.0955217100e-01 -4.1547762000e-01  5.5004800200e-01  5.1248559100e-01  4.7192680800e-01
    1.2350000000e+01 -4.7463488000e-01 -4.0586969700e-01 -4.1034596900e-01  5.4609538900e-01  5.1005322900e-01  4.6845729800e-01
    1.2360000000e+01 -4.7031218700e-01 -4.0221894600e-01 -4.0518569700e-01  5.4213187300e-01  5.0758404900e-01  4.6506406000e-01
    1.2370000000e+01 -4.6597400300e-01 -3.9859010200e-01 -3.9999626400e-01  5.3815518700e-01  5.0507627600e-01  4.6175001600e-01
    1.2380000000e+01 -4.6161194500e-01 -3.9497382700e-01 -3.9477820300e-01  5.3416497600e-01  5.0253022400e-01  4.5851948500e-01
    1.2390000000e+01 -4.5721773000e-01 -3.9136180300e-01 -3.8953358500e-01  5.3016283600e-01  4.9994798000e-01  4.5537769700e-01
    1.2400000000e+01 -4.5278369800e-01 -3.8774711400e-01 -3.8426627100e-01  5.2615218700e-01  4.9733291900e-01  4.5233019500e-01
    1.2410000000e+01 -4.4830325200e-01 -3.8412443000e-01 -3.7898194700e-01  5.2213798500e-01  4.9468913400e-01  4.4938222300e-01
    1.2420000000e+01 -4.4377118300e-01 -3.8048996900e-01 -3.7368795700e-01  5.1812631700e-01  4.9202085600e-01  4.4653816900e-01
    1.2430000000e+01 -4.3918381600e-01 -3.7684125500e-01 -3.6839300000e-01  5.1412393700e-01  4.8933197600e-01  4.4380110800e-01
    1.2440000000e+01 -4.3453900800e-01 -3.7317674800e-01 -3.6310671900e-01  5.1013781500e-01  4.8662570900e-01  4.4117248500e-01
    1.2450000000e+01 -4.2983601100e-01 -3.6949540600e-01 -3.5783925000e-01  5.0617475300e-01  4.8390444700e-01  4.3865193400e-01
    1.2460000000e+01 -4.2507525100e-01 -3.6579627500e-01 -3.5260077000e-01  5.0224110000e-01  4.8116979100e-01  4.3623723200e-01
    1.2470000000e+01 -4.2025806800e-01 -3.6207815300e-01 -3.4740107100e-01  4.9834256800e-01  4.7842271800e-01  4.3392437200e-01
    1.2480000000e+01 -4.1538646900e-01 -3.5833938100e-01 -3.4224920000e-01  4.9448414200e-01  4.7566384600e-01  4.3170772900e-01
    1.2490000000e+01 -4.1046289400e-01 -3.5457776200e-01 -3.3715317600e-01  4.9067005200e-01  4.7289371100e-01  4.2958028700e-01
    1.2500000000e+01 -4.0549001300e-01 -3.5079059100e-01 -3.3211979300e-01  4.8690378200e-01  4.7011303200e-01  4.2753390300e-01
    1.2510000000e+01 -4.0047053300e-01 -3.4697476700e-01 -3.2715448500e-01  4.8318813000e-01  4.6732290100e-01  4.2555956100e-01
    1.2520000000e+01 -3.9540703600e-01 -3.4312694900e-01 -3.2226125400e-01  4.7952528600e-01  4.6452489900e-01  4.2364761800e-01
    1.2530000000e+01 -3.9030183200e-01 -3.3924369200e-01 -3.1744262000e-01  4.7591696300e-01  4.6172113600e-01  4.2178802100e-01
    1.2540000000e+01 -3.8515685300e-01 -3.3532155800e-01 -3.1269958400e-01  4.7236456500e-01  4.5891424600e-01  4.1997050800e-01
    1.2550000000e+01 -3.7997361300e-01 -3.3135717300e-01 -3.0803157500e-01  4.6886938300e-01  4.5610736700e-01  4.1818482300e-01
    1.2560000000e+01 -3.7475323500e-01 -3.2734725200e-01 -3.0343641600e-01  4.6543280400e-01  4.5330415300e-01  4.1642095400e-01
    1.2570000000e+01 -3.6949654900e-01 -3.2328861400e-01 -2.9891030100e-01  4.6205649000e-01  4.5050883200e-01  4.1466942600e-01
    1.2580000000e+01 -3.6420426400e-01 -3.1917824300e-01 -2.9444785000e-01  4.5874251400e-01  4.4772631300e-01  4.1292164900e-01
    1.2590000000e+01 -3.5887716000e-01 -3.1501342400e-01 -2.9004226200e-01  4.5549342100e-01  4.4496231600e-01  4.1117029100e-01
    1.2600000000e+01 -3.5351630700e-01 -3.1079197800e-01 -2.8568559700e-01  4.5231221900e-01  4.4222347200e-01  4.0940963500e-01
    1.2610000000e+01 -3.4812324400e-01 -3.0651257400e-01 -2.8136919600e-01  4.4920229400e-01  4.3951733700e-01  4.0763585900e-01
    1.2620000000e+01 -3.4270013800e-01 -3.0217508500e-01 -2.7708418700e-01  4.4616727600e-01  4.3685228200e-01  4.0584718400e-01
    1.2630000000e+01 -3.3724988000e-01 -2.9778091900e-01 -2.7282204600e-01  4.4321086700e-01  4.3423723300e-01  4.0404385500e-01
    1.2640000000e+01 -3.3177613000e-01 -2.9333326500e-01 -2.6857511900e-01  4.4033665200e-01  4.3168129500e-01  4.0222793500e-01
    1.2650000000e+01 -3.2628332300e-01 -2.8883721000e-01 -2.6433706400e-01  4.3754791400e-01  4.2919328100e-01  4.0040295000e-01
    1.2660000000e+01 -3.2077661900e-01 -2.8429971100e-01 -2.6010315500e-01  4.3484745600e-01  4.2678122400e-01  3.9857341800e-01
    1.2670000000e+01 -3.1526183700e-01 -2.7972942000e-01 -2.5587041700e-01  4.3223744500e-01  4.2445189900e-01  3.9674432600e-01
    1.2680000000e+01 -3.0974536400e-01 -2.7513639200e-01 -2.5163761300e-01  4.2971925300e-01  4.2221041200e-01  3.9492059200e-01
    1.2690000000e+01 -3.0423404300e-01 -2.7053168600e-01 -2.4740507500e-01  4.2729332100e-01  4.2005987800e-01  3.9310657700e-01
    1.2700000000e+01 -2.9873503100e-01 -2.6592690800e-01 -2.4317440200e-01  4.2495900500e-01  4.1800119600e-01  3.9130566300e-01
    1.2710000000e+01 -2.9325561300e-01 -2.6133370300e-01 -2.3894806400e-01  4.2271442700e-01  4.1603294400e-01  3.8951993600e-01
    1.2720000000e+01 -2.8780293800e-01 -2.5676323000e-01 -2.3472891100e-01  4.2055634600e-01  4.1415138600e-01  3.8775000700e-01
    1.2730000000e+01 -2.8238369300e-01 -2.5222564500e-01 -2.3051965300e-01  4.1848008300e-01  4.1235061300e-01  3.8599497800e-01
    1.2740000000e+01 -2.7700370000e-01 -2.4772961800e-01 -2.2632234300e-01  4.1647953900e-01  4.1062279600e-01  3.8425258600e-01
    1.2750000000e+01 -2.7166749200e-01 -2.4328191900e-01 -2.2213792200e-01  4.1454735300e-01  4.0895856200e-01  3.8251950800e-01
    1.2760000000e+01 -2.6637791300e-01 -2.3888710700e-01 -2.1796589700e-01  4.1267520400e-01  4.0734746300e-01  3.8079180900e-01
    1.2770000000e+01 -2.6113580400e-01 -2.3454733100e-01 -2.1380418000e-01  4.1085426900e-01  4.0577850400e-01  3.7906548500e-01
    1.2780000000e+01 -2.5593983500e-01 -2.3026227300e-01 -2.0964912600e-01  4.0907579200e-01  4.0424071800e-01  3.7733702000e-01
    1.2790000000e+01 -2.5078653300e-01 -2.2602922300e-01 -2.0549576200e-01  4.0733171200e-01  4.0272372900e-01  3.7560390000e-01
    1.2800000000e+01 -2.4567051200e-01 -2.2184328600e-01 -2.0133816800e-01  4.0561528100e-01  4.0121828800e-01  3.7386501500e-01
    1.2810000000e+01 -2.4058490600e-01 -2.1769771200e-01 -1.9716996600e-01  4.0392158600e-01  3.9971674400e-01  3.7212089300e-01
    1.2820000000e+01 -2.3552196400e-01 -2.1358432700e-01 -1.9298483200e-01  4.0224791400e-01  3.9821342900e-01  3.7037377500e-01
    1.2830000000e+01 -2.3047373200e-01 -2.0949405200e-01 -1.8877700200e-01  4.0059390400e-01  3.9670493200e-01  3.6862751400e-01
    1.2840000000e+01 -2.2543274400e-01 -2.0541747300e-01 -1.8454169600e-01  3.9896146200e-01  3.9519023800e-01  3.6688733700e-01
    1.2850000000e+01 -2.2039263300e-01 -2.0134544600e-01 -1.8027544700e-01  3.9735446600e-01  3.9367071800e-01  3.6515949800e-01
    1.2860000000e+01 -2.1534860200e-01 -1.9726967300e-01 -1.7597629200e-01  3.9577829800e-01  3.9214996200e-01  3.6345086200e-01
    1.2870000000e+01 -2.1029769400e-01 -1.9318321300e-01 -1.7164383500e-01  3.9423927600e-01  3.9063346000e-01  3.6176846600e-01
    1.2880000000e+01 -2.0523886500e-01 -1.8908088900e-01 -1.6727916100e-01  3.9274406800e-01  3.8912816100e-01  3.6011909300e-01
    1.2890000000e+01 -2.0017287400e-01 -1.8495954300e-01 -1.6288463900e-01  3.9129914700e-01  3.8764193600e-01  3.5850892700e-01
    1.2900000000e+01 -1.9510202100e-01 -1.8081812300e-01 -1.5846362600e-01  3.8991034800e-01  3.8618301500e-01  3.5694329800e-01
    1.2910000000e+01 -1.9002979500e-01 -1.7665761000e-01 -1.5402015200e-01  3.8858255900e-01  3.8475943900e-01  3.5542655600e-01
    1.2920000000e+01 -1.8496047100e-01 -1.7248080100e-01 -1.4955860000e-01  3.8731955500e-01  3.8337859400e-01  3.5396205800e-01
    1.2930000000e+01 -1.7989872100e-01 -1.6829198100e-01 -1.4508344800e-01  3.8612397500e-01  3.8204683800e-01  3.5255224700e-01
    1.2940000000e+01 -1.7484926900e-01 -1.6409654300e-01 -1.4059906700e-01  3.8499743000e-01  3.8076927100e-01  3.5119879200e-01
    1.2950000000e+01 -1.6981663900e-01 -1.5990059100e-01 -1.3610960700e-01  3.8394070100e-01  3.7954963000e-01  3.4990274700e-01
    1.2960000000e+01 -1.6480501900e-01 -1.5571057100e-01 -1.3161893400e-01  3.8295398600e-01  3.7839030500e-01  3.4866472200e-01
    1.2970000000e+01 -1.5981823900e-01 -1.5153296500e-01 -1.2713062500e-01  3.8203716600e-01  3.7729243900e-01  3.4748502700e-01
    1.2980000000e+01 -1.5485986000e-01 -1.4737406500e-01 -1.2264800800e-01  3.8119000500e-01  3.7625609400e-01  3.4636380700e-01
    1.2990000000e+01 -1.4993334600e-01 -1.4323982200e-01 -1.1817422700e-01  3.8041229000e-01  3.7528043200e-01  3.4530113400e-01
    1.3000000000e+01 -1.4504225200e-01 -1.3913577200e-01 -1.1371233700e-01  3.7970384600e-01  3.7436389000e-01  3.4429707700e-01
    1.3010000000e+01 -1.4019040800e-01 -1.3506700000e-01 -1.0926541200e-01  3.7906445700e-01  3.7350434600e-01  3.4335171700e-01
    1.3020000000e+01 -1.3538202400e-01 -1.3103815400e-01 -1.0483664400e-01  3.7849370800e-01  3.7269924800e-01  3.4246513700e-01
    1.3030000000e+01 -1.3062171700e-01 -1.2705348300e-01 -1.0042944700e-01  3.7799078500e-01  3.7194572900e-01  3.4163736100e-01
    1.3040000000e+01 -1.2591444300e-01 -1.2311690100e-01 -9.6047521000e-02  3.7755428400e-01  3.7124067900e-01  3.4086826000e-01
    1.3050000000e+01 -1.2126536000e-01 -1.1923206800e-01 -9.1694903000e-02  3.7718206500e-01  3.7058079000e-01  3.4015742900e-01
    1.3060000000e+01 -1.1667965400e-01 -1.1540248400e-01 -8.7375964000e-02  3.7687116700e-01  3.6996253900e-01  3.3950404900e-01
    1.3070000000e+01 -1.1216236200e-01 -1.1163156000e-01 -8.3095363000e-02  3.7661778500e-01  3.6938211900e-01  3.3890672600e-01
    1.3080000000e+01 -1.0771820600e-01 -1.0792264000e-01 -7.8857951000e-02  3.7641728900e-01  3.6883530900e-01  3.3836333900e-01
    1.3090000000e+01 -1.0335145300e-01 -1.0427893400e-01 -7.4668601000e-02  3.7626426700e-01  3.6831732600e-01  3.3787091400e-01
    1.3100000000e+01 -9.9065785000e-02 -1.0070336900e-01 -7.0531989000e-02  3.7615258500e-01  3.6782269400e-01  3.3742554000e-01
    1.3110000000e+01 -9.4864168000e-02 -9.7198344000e-02 -6.6452341000e-02  3.7607545400e-01  3.6734518600e-01  3.3702236900e-01
    1.3120000000e+01 -9.0748726000e-02 -9.3765453000e-02 -6.2433166000e-02  3.7602552100e-01  3.6687788200e-01  3.3665570900e-01
    1.3130000000e+01 -8.6720620000e-02 -9.0405221000e-02 -5.8477038000e-02  3.7599500100e-01  3.6641334500e-01  3.3631920700e-01
    1.3140000000e+01 -8.2779948000e-02 -8.7116929000e-02 -5.4585451000e-02  3.7597584000e-01  3.6594392500e-01  3.3600611400e-01
    1.3150000000e+01 -7.8925700000e-02 -8.3898553000e-02 -5.0758788000e-02  3.7595989900e-01  3.6546211100e-01  3.3570956300e-01
    1.3160000000e+01 -7.5155757000e-02 -8.0746862000e-02 -4.6996394000e-02  3.7593914900e-01  3.6496089500e-01  3.3542283800e-01
    1.3170000000e+01 -7.1466932000e-02 -7.7657650000e-02 -4.3296728000e-02  3.7590583400e-01  3.6443406700e-01  3.3513955900e-01
    1.3180000000e+01 -6.7855041000e-02 -7.4626049000e-02 -3.9657556000e-02  3.7585260600e-01  3.6387638800e-01  3.3485376900e-01
    1.3190000000e+01 -6.4314961000e-02 -7.1646883000e-02 -3.6076106000e-02  3.7577262300e-01  3.6328362100e-01  3.3455992500e-01
    1.3200000000e+01 -6.0840661000e-02 -6.8714979000e-02 -3.2549164000e-02  3.7565963200e-01  3.6265241600e-01  3.3425282200e-01
    1.3210000000e+01 -5.7425220000e-02 -6.5825385000e-02 -2.9073065000e-02  3.7550808100e-01  3.6198008600e-01  3.3392750100e-01
    1.3220000000e+01 -5.4060831000e-02 -6.2973462000e-02 -2.5643599000e-02  3.7531327000e-01  3.6126432900e-01  3.3357920900e-01
    1.3230000000e+01 -5.0738843000e-02 -6.0154827000e-02 -2.2255867000e-02  3.7507155600e-01  3.6050294700e-01  3.3320344300e-01
    1.3240000000e+01 -4.7449881000e-02 -5.7365186000e-02 -1.8904160000e-02  3.7478060100e-01  3.5969363400e-01  3.3279611100e-01
    1.3250000000e+01 -4.4184062000e-02 -5.4600079000e-02 -1.5581885000e-02  3.7443962300e-01  3.5883386800e-01  3.3235378100e-01
    1.3260000000e+01 -4.0931333000e-02 -5.1854584000e-02 -1.2281628000e-02  3.7404959100e-01  3.5792092500e-01  3.3187397900e-01
    1.3270000000e+01 -3.7681886000e-02 -4.9123047000e-02 -8.9953320000e-03  3.7361331300e-01  3.5695203700e-01  3.3135548900e-01
    1.3280000000e+01 -3.4426612000e-02 -4.6398882000e-02 -5.7145980000e-03  3.7313538200e-01  3.5592467000e-01  3.3079857400e-01
    1.3290000000e+01 -3.1157531000e-02 -4.3674487000e-02 -2.4310580000e-03  3.7262196300e-01  3.5483688000e-01  3.3020508800e-01
    1.3300000000e+01 -2.7868120000e-02 -4.0941309000e-02  8.6322700000e-04  3.7208045700e-01  3.5368771100e-01  3.2957846000e-01
    1.3310000000e+01 -2.4553508000e-02 -3.8190064000e-02  4.1754030000e-03  3.7151908200e-01  3.5247756300e-01  3.2892355300e-01
    1.3320000000e+01 -2.1210520000e-02 -3.5411085000e-02  7.5115300000e-03  3.7094645000e-01  3.5120846500e-01  3.2824642900e-01
    1.3330000000e+01 -1.7837607000e-02 -3.2594761000e-02  1.0876378000e-02  3.7037118200e-01  3.4988421900e-01  3.2755406200e-01
    1.3340000000e+01 -1.4434676000e-02 -2.9731992000e-02  1.4273315000e-02  3.6980161900e-01  3.4851038700e-01  3.2685403100e-01
    1.3350000000e+01 -1.1002896000e-02 -2.6814613000e-02  1.7704272000e-02  3.6924560300e-01  3.4709412900e-01  3.2615422800e-01
    1.3360000000e+01 -7.5445060000e-03 -2.3835732000e-02  2.1169759000e-02  3.6871035200e-01  3.4564393300e-01  3.2546258900e-01
    1.3370000000e+01 -4.0626390000e-03 -2.0789952000e-02  2.4668924000e-02  3.6820237200e-01  3.4416927300e-01  3.2478684800e-01
    1.3380000000e+01 -5.6116900000e-04 -1.7673482000e-02  2.8199643000e-02  3.6772739200e-01  3.4268025200e-01  3.2413432700e-01
    1.3390000000e+01  2.9554340000e-03 -1.4484145000e-02  3.1758632000e-02  3.6729031100e-01  3.4118726200e-01  3.2351172800e-01
    1.3400000000e+01  6.4822590000e-03 -1.1221313000e-02  3.5341588000e-02  3.6689515500e-01  3.3970068400e-01  3.2292496200e-01
    1.3410000000e+01  1.0014117000e-02 -7.8857830000e-03  3.8943363000e-02  3.6654505300e-01  3.3823065300e-01  3.2237899100e-01
    1.3420000000e+01  1.3545723000e-02 -4.4796290000e-03  4.2558168000e-02  3.6624226000e-01  3.3678687800e-01  3.2187770700e-01
    1.3430000000e+01  1.7071864000e-02 -1.0060560000e-03  4.6179801000e-02  3.6598821500e-01  3.3537851700e-01  3.2142385800e-01
    1.3440000000e+01  2.0587544000e-02  2.5307480000e-03  4.9801887000e-02  3.6578365200e-01  3.3401410900e-01  3.2101903400e-01
    1.3450000000e+01  2.4088083000e-02  6.1257200000e-03  5.3418107000e-02  3.6562875100e-01  3.3270152400e-01  3.2066371100e-01
    1.3460000000e+01  2.7569164000e-02  9.7730020000e-03  5.7022398000e-02  3.6552330100e-01  3.3144794400e-01  3.2035735100e-01
    1.3470000000e+01  3.1026812000e-02  1.3465993000e-02  6.0609103000e-02  3.6546686100e-01  3.3025982300e-01  3.2009854100e-01
    1.3480000000e+01  3.4457327000e-02  1.7197377000e-02  6.4173063000e-02  3.6545890500e-01  3.2914282400e-01  3.1988516000e-01
    1.3490000000e+01  3.7857160000e-02  2.0959162000e-02  6.7709656000e-02  3.6549891200e-01  3.2810172300e-01  3.1971452400e-01
    1.3500000000e+01  4.1222764000e-02  2.4742742000e-02  7.1214776000e-02  3.6558640900e-01  3.2714027900e-01  3.1958351900e-01
    1.3510000000e+01  4.4550434000e-02  2.8539023000e-02  7.4684801000e-02  3.6572093600e-01  3.2626109100e-01  3.1948868700e-01
    1.3520000000e+01  4.7836181000e-02  3.2338600000e-02  7.8116541000e-02  3.6590193700e-01  3.2546547100e-01  3.1942626800e-01
    1.3530000000e+01  5.1075642000e-02  3.6131994000e-02  8.1507208000e-02  3.6612859800e-01  3.2475337200e-01  3.1939219500e-01
    1.3540000000e+01  5.4264086000e-02  3.9909908000e-02  8.4854416000e-02  3.6639964300e-01  3.2412337900e-01  3.1938207700e-01
    1.3550000000e+01  5.7396498000e-02  4.3663473000e-02  8.8156221000e-02  3.6671313700e-01  3.2357278400e-01  3.1939115900e-01
    1.3560000000e+01  6.0467751000e-02  4.7384457000e-02  9.1411204000e-02  3.6706631900e-01  3.2309771700e-01  3.1941429900e-01
    1.3570000000e+01  6.3472841000e-02  5.1065413000e-02  9.4618594000e-02  3.6745552000e-01  3.2269330300e-01  3.1944598700e-01
    1.3580000000e+01  6.6407153000e-02  5.4699781000e-02  9.7778404000e-02  3.6787616800e-01  3.2235382400e-01  3.1948040300e-01
    1.3590000000e+01  6.9266707000e-02  5.8281961000e-02  1.0089156300e-01  3.6832289600e-01  3.2207286600e-01  3.1951154100e-01
    1.3600000000e+01  7.2048361000e-02  6.1807379000e-02  1.0396002200e-01  3.6878973900e-01  3.2184344400e-01  3.1953339100e-01
    1.3610000000e+01  7.4749926000e-02  6.5272560000e-02  1.0698680500e-01  3.6927039600e-01  3.2165814700e-01  3.1954016100e-01
    1.3620000000e+01  7.7370175000e-02  6.8675207000e-02  1.0997598800e-01  3.6975851900e-01  3.2150929500e-01  3.1952653000e-01
    1.3630000000e+01  7.9908736000e-02  7.2014257000e-02  1.1293259600e-01  3.7024799600e-01  3.2138914700e-01  3.1948789000e-01
    1.3640000000e+01  8.2365879000e-02  7.5289890000e-02  1.1586242700e-01  3.7073316500e-01  3.2129014100e-01  3.1942056200e-01
    1.3650000000e+01  8.4742218000e-02  7.8503472000e-02  1.1877180800e-01  3.7120891400e-01  3.2120515900e-01  3.1932193700e-01
    1.3660000000e+01  8.7038392000e-02  8.1657406000e-02  1.2166732400e-01  3.7167065500e-01  3.2112776300e-01  3.1919053900e-01
    1.3670000000e+01  8.9254785000e-02  8.4754925000e-02  1.2455553800e-01  3.7211413000e-01  3.2105238900e-01  3.1902598700e-01
    1.3680000000e+01  9.1391343000e-02  8.7799841000e-02  1.2744276400e-01  3.7253510800e-01  3.2097445000e-01  3.1882885700e-01
    1.3690000000e+01  9.3447554000e-02  9.0796296000e-02  1.3033492300e-01  3.7292900400e-01  3.2089037200e-01  3.1860049000e-01
    1.3700000000e+01  9.5422600000e-02  9.3748543000e-02  1.3323749600e-01  3.7329050000e-01  3.2079755500e-01  3.1834276600e-01
    1.3710000000e+01  9.7315664000e-02  9.6660774000e-02  1.3615560400e-01  3.7361324300e-01  3.2069429700e-01  3.1805791400e-01
    1.3720000000e+01  9.9126378000e-02  9.9536993000e-02  1.3909415200e-01  3.7388966700e-01  3.2057972200e-01  3.1774840700e-01
    1.3730000000e+01  1.0085531900e-01  1.0238091200e-01  1.4205801600e-01  3.7411100300e-01  3.2045371400e-01  3.1741697000e-01
    1.3740000000e+01  1.0250451700e-01  1.0519584600e-01  1.4505219400e-01  3.7426747000e-01  3.2031686600e-01  3.1706670700e-01
    1.3750000000e+01  1.0407788000e-01  1.0798458400e-01  1.4808187500e-01  3.7434864500e-01  3.2017043500e-01  3.1670132000e-01
    1.3760000000e+01  1.0558150100e-01  1.1074923300e-01  1.5115238100e-01  3.7434398200e-01  3.2001626600e-01  3.1632537400e-01
    1.3770000000e+01  1.0702377400e-01  1.1349104300e-01  1.5426898300e-01  3.7424343400e-01  3.1985666600e-01  3.1594454000e-01
    1.3780000000e+01  1.0841531800e-01  1.1621024300e-01  1.5743660000e-01  3.7403809100e-01  3.1969421300e-01  3.1556577300e-01
    1.3790000000e+01  1.0976868500e-01  1.1890591400e-01  1.6065942700e-01  3.7372079100e-01  3.1953147700e-01  3.1519737200e-01
    1.3800000000e+01  1.1109789200e-01  1.2157594300e-01  1.6394053400e-01  3.7328660600e-01  3.1937070100e-01  3.1484891500e-01
    1.3810000000e+01  1.1241782100e-01  1.2421707600e-01  1.6728148700e-01  3.7273316000e-01  3.1921344400e-01  3.1453106200e-01
    1.3820000000e+01  1.1374356600e-01  1.2682506900e-01  1.7068203000e-01  3.7206074600e-01  3.1906022500e-01  3.1425525100e-01
    1.3830000000e+01  1.1508979600e-01  1.2939495700e-01  1.7413986300e-01  3.7127223400e-01  3.1891022300e-01  3.1403330100e-01
    1.3840000000e+01  1.1647021500e-01  1.3192139400e-01  1.7765052300e-01  3.7037281600e-01  3.1876103700e-01  3.1387697400e-01
    1.3850000000e+01  1.1789715000e-01  1.3439906400e-01  1.8120739200e-01  3.6936963700e-01  3.1860854000e-01  3.1379752200e-01
    1.3860000000e+01  1.1938127400e-01  1.3682312000e-01  1.8480179600e-01  3.6827137800e-01  3.1844683400e-01  3.1380525600e-01
    1.3870000000e+01  1.2093146200e-01  1.3918965100e-01  1.8842320300e-01  3.6708783100e-01  3.1826831200e-01  3.1390915700e-01
    1.3880000000e+01  1.2255473700e-01  1.4149612400e-01  1.9205948400e-01  3.6582950200e-01  3.1806383000e-01  3.1411653900e-01
    1.3890000000e+01  1.2425629600e-01  1.4374181000e-01  1.9569722300e-01  3.6450724400e-01  3.1782298900e-01  3.1443278600e-01
    1.3900000000e+01  1.2603959400e-01  1.4592814700e-01  1.9932206800e-01  3.6313193300e-01  3.1753452800e-01  3.1486113700e-01
    1.3910000000e+01  1.2790648000e-01  1.4805901700e-01  2.0291911100e-01  3.6171417700e-01  3.1718681500e-01  3.1540254400e-01
    1.3920000000e+01  1.2985737800e-01  1.5014090900e-01  2.0647328300e-01  3.6026407900e-01  3.1676843200e-01  3.1605559900e-01
    1.3930000000e+01  1.3189150600e-01  1.5218292900e-01  2.0996976100e-01  3.5879105400e-01  3.1626880800e-01  3.1681652800e-01
    1.3940000000e+01  1.3400710800e-01  1.5419664000e-01  2.1339436800e-01  3.5730371200e-01  3.1567887500e-01  3.1767926300e-01
    1.3950000000e+01  1.3620169600e-01  1.5619572800e-01  2.1673395200e-01  3.5580981200e-01  3.1499167800e-01  3.1863558300e-01
    1.3960000000e+01  1.3847226000e-01  1.5819549500e-01  2.1997673600e-01  3.5431627800e-01  3.1420290500e-01  3.1967531800e-01
    1.3970000000e+01  1.4081543800e-01  1.6021221000e-01  2.2311262200e-01  3.5282926900e-01  3.1331126600e-01  3.2078661900e-01
    1.3980000000e+01  1.4322763300e-01  1.6226236800e-01  2.2613344800e-01  3.5135427500e-01  3.1231869800e-01  3.2195627100e-01
    1.3990000000e+01  1.4570506000e-01  1.6436190400e-01  2.2903317300e-01  3.4989622000e-01  3.1123035900e-01  3.2317005900e-01
    1.4000000000e+01  1.4824374400e-01  1.6652542800e-01  2.3180799800e-01  3.4845953500e-01  3.1005440000e-01  3.2441316300e-01
    1.4010000000e+01  1.5083948800e-01  1.6876554300e-01  2.3445638300e-01  3.4704818700e-01  3.0880154300e-01  3.2567056500e-01
    1.4020000000e+01  1.5348782900e-01  1.7109231400e-01  2.3697899100e-01  3.4566565500e-01  3.0748447000e-01  3.2692744200e-01
    1.4030000000e+01  1.5618402300e-01  1.7351293600e-01  2.3937854300e-01  3.4431485200e-01  3.0611709000e-01  3.2816952100e-01
    1.4040000000e+01  1.5892307500e-01  1.7603163300e-01  2.4165962100e-01  3.4299801500e-01  3.0471375400e-01  3.2938337000e-01
    1.4050000000e+01  1.6169983700e-01  1.7864981000e-01  2.4382843200e-01  3.4171658200e-01  3.0328849200e-01  3.3055662700e-01
    1.4060000000e+01  1.6450916200e-01  1.8136641200e-01  2.4589257600e-01  3.4047110500e-01  3.0185436400e-01  3.3167816900e-01
    1.4070000000e+01  1.6734612500e-01  1.8417846200e-01  2.4786080700e-01  3.3926120300e-01  3.0042299700e-01  3.3273824500e-01
    1.4080000000e+01  1.7020625700e-01  1.8708165000e-01  2.4974280300e-01  3.3808560400e-01  2.9900434400e-01  3.3372857700e-01
    1.4090000000e+01  1.7308578100e-01  1.9007093000e-01  2.5154891400e-01  3.3694227300e-01  2.9760666600e-01  3.3464244800e-01
    1.4100000000e+01  1.7598179200e-01  1.9314099900e-01  2.5328988000e-01  3.3582862000e-01  2.9623669400e-01  3.3547475600e-01
    1.4110000000e+01  1.7889236100e-01  1.9628664500e-01  2.5497652600e-01  3.3474177300e-01  2.9489990500e-01  3.3622199900e-01
    1.4120000000e+01  1.8181653900e-01  1.9950293300e-01  2.5661944700e-01  3.3367886200e-01  2.9360084500e-01  3.3688218100e-01
    1.4130000000e+01  1.8475425100e-01  2.0278524500e-01  2.5822873400e-01  3.3263728100e-01  2.9234342200e-01  3.3745460600e-01
    1.4140000000e+01  1.8770612600e-01  2.0612923100e-01  2.5981378500e-01  3.3161488100e-01  2.9113113800e-01  3.3793960800e-01
    1.4150000000e+01  1.9067327600e-01  2.0953068900e-01  2.6138323300e-01  3.3061006700e-01  2.8996724100e-01  3.3833822000e-01
    1.4160000000e+01  1.9365709800e-01  2.1298543900e-01  2.6294500500e-01  3.2962180600e-01  2.8885478500e-01  3.3865187100e-01
    1.4170000000e+01  1.9665912800e-01  2.1648920100e-01  2.6450649500e-01  3.2864955800e-01  2.8779661300e-01  3.3888213900e-01
    1.4180000000e+01  1.9968096800e-01  2.2003752400e-01  2.6607481800e-01  3.2769317900e-01  2.8679529600e-01  3.3903061900e-01
    1.4190000000e+01  2.0272430600e-01  2.2362576100e-01  2.6765708400e-01  3.2675284700e-01  2.8585302000e-01  3.3909891400e-01
    1.4200000000e+01  2.0579097000e-01  2.2724912000e-01  2.6926066300e-01  3.2582904800e-01  2.8497149100e-01  3.3908876100e-01
    1.4210000000e+01  2.0888300400e-01  2.3090276000e-01  2.7089336500e-01  3.2492264500e-01  2.8415185200e-01  3.3900227000e-01
    1.4220000000e+01  2.1200268900e-01  2.3458194200e-01  2.7256351900e-01  3.2403502900e-01  2.8339465900e-01  3.3884225000e-01
    1.4230000000e+01  2.1515248300e-01  2.3828216600e-01  2.7427990600e-01  3.2316831600e-01  2.8269992800e-01  3.3861256800e-01
    1.4240000000e+01  2.1833484200e-01  2.4199930400e-01  2.7605154200e-01  3.2232555400e-01  2.8206723900e-01  3.3831850700e-01
    1.4250000000e+01  2.2155192800e-01  2.4572966400e-01  2.7788730200e-01  3.2151086200e-01  2.8149588300e-01  3.3796704300e-01
    1.4260000000e+01  2.2480523300e-01  2.4946999900e-01  2.7979543800e-01  3.2072946700e-01  2.8098503500e-01  3.3756698800e-01
    1.4270000000e+01  2.2809516400e-01  2.5321744600e-01  2.8178301300e-01  3.1998758500e-01  2.8053390000e-01  3.3712896000e-01
    1.4280000000e+01  2.3142067000e-01  2.5696941000e-01  2.8385536400e-01  3.1929214000e-01  2.8014183100e-01  3.3666515600e-01
    1.4290000000e+01  2.3477896000e-01  2.6072342700e-01  2.8601562800e-01  3.1865035600e-01  2.7980839000e-01  3.3618893800e-01
    1.4300000000e+01  2.3816537700e-01  2.6447700700e-01  2.8826441800e-01  3.1806924500e-01  2.7953334900e-01  3.3571427500e-01
    1.4310000000e+01  2.4157343500e-01  2.6822749600e-01  2.9059968300e-01  3.1755508600e-01  2.7931664600e-01  3.3525510800e-01
    1.4320000000e+01  2.4499500900e-01  2.7197195800e-01  2.9301675600e-01  3.1711292500e-01  2.7915829000e-01  3.3482468100e-01
    1.4330000000e+01  2.4842066300e-01  2.7570708800e-01  2.9550859700e-01  3.1674615800e-01  2.7905824100e-01  3.3443492900e-01
    1.4340000000e+01  2.5184006400e-01  2.7942915400e-01  2.9806619900e-01  3.1645622400e-01  2.7901625300e-01  3.3409594400e-01
    1.4350000000e+01  2.5524245400e-01  2.8313399300e-01  3.0067912500e-01  3.1624240000e-01  2.7903169600e-01  3.3381559100e-01
    1.4360000000e+01  2.5861715200e-01  2.8681705600e-01  3.0333613100e-01  3.1610172100e-01  2.7910336400e-01  3.3359928300e-01
    1.4370000000e+01  2.6195406400e-01  2.9047351800e-01  3.0602581800e-01  3.1602899800e-01  2.7922927700e-01  3.3344995300e-01
    1.4380000000e+01  2.6524419600e-01  2.9409847100e-01  3.0873727200e-01  3.1601696200e-01  2.7940651100e-01  3.3336821400e-01
    1.4390000000e+01  2.6848013400e-01  2.9768718300e-01  3.1146059700e-01  3.1605651600e-01  2.7963108100e-01  3.3335271300e-01
    1.4400000000e+01  2.7165647100e-01  3.0123541600e-01  3.1418731600e-01  3.1613711600e-01  2.7989791200e-01  3.3340062400e-01
    1.4410000000e+01  2.7477015000e-01  3.0473976400e-01  3.1691056800e-01  3.1624727700e-01  2.8020092800e-01  3.3350823500e-01
    1.4420000000e+01  2.7782065700e-01  3.0819795200e-01  3.1962508100e-01  3.1637516900e-01  2.8053326300e-01  3.3367155400e-01
    1.4430000000e+01  2.8081003800e-01  3.1160905700e-01  3.2232693800e-01  3.1650927300e-01  2.8088757200e-01  3.3388684200e-01
    1.4440000000e+01  2.8374272700e-01  3.1497360300e-01  3.2501316100e-01  3.1663902800e-01  2.8125641100e-01  3.3415099800e-01
    1.4450000000e+01  2.8662516800e-01  3.1829351100e-01  3.2768119100e-01  3.1675539400e-01  2.8163261000e-01  3.3446173500e-01
    1.4460000000e+01  2.8946529800e-01  3.2157193500e-01  3.3032835000e-01  3.1685126100e-01  2.8200958900e-01  3.3481753200e-01
    1.4470000000e+01  2.9227194400e-01  3.2481301600e-01  3.3295138100e-01  3.1692167300e-01  2.8238156600e-01  3.3521734200e-01
    1.4480000000e+01  2.9505421400e-01  3.2802162500e-01  3.3554616000e-01  3.1696384300e-01  2.8274364800e-01  3.3566014000e-01
    1.4490000000e+01  2.9782095000e-01  3.3120315300e-01  3.3810763000e-01  3.1697699700e-01  2.8309183200e-01  3.3614436200e-01
    1.4500000000e+01  3.0058030500e-01  3.3436336900e-01  3.4062999000e-01  3.1696207300e-01  2.8342295400e-01  3.3666736100e-01
    1.4510000000e+01  3.0333945500e-01  3.3750835400e-01  3.4310711600e-01  3.1692136000e-01  2.8373464900e-01  3.3722497000e-01
    1.4520000000e+01  3.0610445900e-01  3.4064448000e-01  3.4553314800e-01  3.1685811300e-01  2.8402535300e-01  3.3781126700e-01
    1.4530000000e+01  3.0888023100e-01  3.4377838400e-01  3.4790313400e-01  3.1677620600e-01  2.8429437300e-01  3.3841860100e-01
    1.4540000000e+01  3.1167059900e-01  3.4691690000e-01  3.5021363400e-01  3.1667983500e-01  2.8454200000e-01  3.3903787000e-01
    1.4550000000e+01  3.1447840800e-01  3.5006690800e-01  3.5246316900e-01  3.1657329900e-01  2.8476963700e-01  3.3965901100e-01
    1.4560000000e+01  3.1730565500e-01  3.5323510100e-01  3.5465244200e-01  3.1646083200e-01  2.8497987900e-01  3.4027161200e-01
    1.4570000000e+01  3.2015362100e-01  3.5642771300e-01  3.5678433500e-01  3.1634649300e-01  2.8517651900e-01  3.4086553100e-01
    1.4580000000e+01  3.2302299900e-01  3.5965022000e-01  3.5886369400e-01  3.1623409900e-01  2.8536444100e-01  3.4143144200e-01
    1.4590000000e+01  3.2591401200e-01  3.6290711100e-01  3.6089698300e-01  3.1612718500e-01  2.8554941600e-01  3.4196122400e-01
    1.4600000000e+01  3.2882652100e-01  3.6620172000e-01  3.6289189400e-01  3.1602899400e-01  2.8573783400e-01  3.4244819900e-01
    1.4610000000e+01  3.3176012200e-01  3.6953617200e-01  3.6485697800e-01  3.1594248200e-01  2.8593641700e-01  3.4288722800e-01
    1.4620000000e+01  3.3471422100e-01  3.7291141400e-01  3.6680133000e-01  3.1587035100e-01  2.8615194200e-01  3.4327473300e-01
    1.4630000000e+01  3.3768810000e-01  3.7632730200e-01  3.6873433700e-01  3.1581509700e-01  2.8639102500e-01  3.4360867200e-01
    1.4640000000e+01  3.4068094900e-01  3.7978273000e-01  3.7066545700e-01  3.1577907000e-01  2.8665994800e-01  3.4388853000e-01
    1.4650000000e+01  3.4369187000e-01  3.8327576400e-01  3.7260399800e-01  3.1576454600e-01  2.8696454400e-01  3.4411529300e-01
    1.4660000000e+01  3.4671983800e-01  3.8680376700e-01  3.7455888300e-01  3.1577378500e-01  2.8731011200e-01  3.4429142700e-01
    1.4670000000e+01  3.4976362500e-01  3.9036353000e-01  3.7653838000e-01  3.1580906600e-01  2.8770135800e-01  3.4442080000e-01
    1.4680000000e+01  3.5282171800e-01  3.9395138100e-01  3.7854983400e-01  3.1587266900e-01  2.8814234700e-01  3.4450855100e-01
    1.4690000000e+01  3.5589222500e-01  3.9756331200e-01  3.8059940800e-01  3.1596681300e-01  2.8863646800e-01  3.4456086900e-01
    1.4700000000e+01  3.5897282400e-01  4.0119510400e-01  3.8269187200e-01  3.1609354000e-01  2.8918641900e-01  3.4458469500e-01
    1.4710000000e+01  3.6206076200e-01  4.0484246700e-01  3.8483048500e-01  3.1625457700e-01  2.8979420700e-01  3.4458735200e-01
    1.4720000000e+01  3.6515291100e-01  4.0850117800e-01  3.8701698900e-01  3.1645119100e-01  2.9046118500e-01  3.4457612600e-01
    1.4730000000e+01  3.6824589200e-01  4.1216720900e-01  3.8925175600e-01  3.1668408400e-01  2.9118812800e-01  3.4455786000e-01
    1.4740000000e+01  3.7133621300e-01  4.1583684300e-01  3.9153407800e-01  3.1695333000e-01  2.9197534300e-01  3.4453860200e-01
    1.4750000000e+01  3.7442042800e-01  4.1950673800e-01  3.9386258300e-01  3.1725838500e-01  2.9282281700e-01  3.4452340200e-01
    1.4760000000e+01  3.7749525700e-01  4.2317394700e-01  3.9623569900e-01  3.1759813300e-01  2.9373038300e-01  3.4451629300e-01
    1.4770000000e+01  3.8055766700e-01  4.2683587100e-01  3.9865208900e-01  3.1797097600e-01  2.9469788600e-01  3.4452047100e-01
    1.4780000000e+01  3.8360490000e-01  4.3049014000e-01  4.0111094500e-01  3.1837490000e-01  2.9572532300e-01  3.4453866500e-01
    1.4790000000e+01  3.8663446200e-01  4.3413444700e-01  4.0361207500e-01  3.1880752600e-01  2.9681292300e-01  3.4457359500e-01
    1.4800000000e+01  3.8964412100e-01  4.3776634800e-01  4.0615576000e-01  3.1926609200e-01  2.9796114600e-01  3.4462842100e-01
    1.4810000000e+01  3.9263192900e-01  4.4138307300e-01  4.0874239900e-01  3.1974741100e-01  2.9917058800e-01  3.4470707100e-01
    1.4820000000e+01  3.9559631000e-01  4.4498138800e-01  4.1137202900e-01  3.2024780300e-01  3.0044179200e-01  3.4481435400e-01
    1.4830000000e+01  3.9853620600e-01  4.4855755600e-01  4.1404384200e-01  3.2076305800e-01  3.0177500800e-01  3.4495584800e-01
    1.4840000000e+01  4.0145128000e-01  4.5210741200e-01  4.1675578600e-01  3.2128845400e-01  3.0316993400e-01  3.4513755500e-01
    1.4850000000e+01  4.0434213700e-01  4.5562655300e-01  4.1950435700e-01  3.2181885500e-01  3.0462551300e-01  3.4536542600e-01
    1.4860000000e+01  4.0721053600e-01  4.5911060200e-01  4.2228460200e-01  3.2234891300e-01  3.0613981100e-01  3.4564483100e-01
    1.4870000000e+01  4.1005953900e-01  4.6255552100e-01  4.2509033000e-01  3.2287333900e-01  3.0771001800e-01  3.4598007700e-01
    1.4880000000e+01  4.1289359400e-01  4.6595788500e-01  4.2791447100e-01  3.2338724900e-01  3.0933256500e-01  3.4637404800e-01
    1.4890000000e+01  4.1571849900e-01  4.6931511400e-01  4.3074953000e-01  3.2388655000e-01  3.1100334300e-01  3.4682799700e-01
    1.4900000000e+01  4.1854126300e-01  4.7262559700e-01  4.3358805800e-01  3.2436831200e-01  3.1271797500e-01  3.4734148700e-01
    1.4910000000e+01  4.2136984500e-01  4.7588872900e-01  4.3642310700e-01  3.2483112600e-01  3.1447212000e-01  3.4791247400e-01
    1.4920000000e+01  4.2421279800e-01  4.7910484100e-01  4.3924864300e-01  3.2527536800e-01  3.1626176000e-01  3.4853750400e-01
    1.4930000000e+01  4.2707884000e-01  4.8227506000e-01  4.4205988400e-01  3.2570337800e-01  3.1808344600e-01  3.4921200400e-01
    1.4940000000e+01  4.2997638600e-01  4.8540109800e-01  4.4485356800e-01  3.2611952400e-01  3.1993449300e-01  3.4993065900e-01
    1.4950000000e+01  4.3291306600e-01  4.8848501500e-01  4.4762811500e-01  3.2653014400e-01  3.2181309400e-01  3.5068785500e-01
    1.4960000000e+01  4.3589526400e-01  4.9152895700e-01  4.5038367100e-01  3.2694337800e-01  3.2371837700e-01  3.5147817100e-01
    1.4970000000e+01  4.3892770400e-01  4.9453490800e-01  4.5312201200e-01  3.2736889300e-01  3.2565038600e-01  3.5229689500e-01
    1.4980000000e+01  4.4201309000e-01  4.9750445700e-01  4.5584629300e-01  3.2781750700e-01  3.2761001100e-01  3.5314051400e-01
    1.4990000000e+01  4.4515185000e-01  5.0043859500e-01  4.5856063900e-01  3.2830072800e-01  3.2959888300e-01  3.5400713300e-01
    1.5000000000e+01  4.4834198900e-01  5.0333754200e-01  4.6126960300e-01  3.2883024000e-01  3.3161923800e-01  3.5489677800e-01
    1.5010000000e+01  4.5157907000e-01  5.0620057900e-01  4.6397751400e-01  3.2941735300e-01  3.3367376200e-01  3.5581151600e-01
    1.5020000000e+01  4.5485633300e-01  5.0902589500e-01  4.6668778400e-01  3.3007248000e-01  3.3576540500e-01  3.5675536000e-01
    1.5030000000e+01  4.5816492000e-01  5.1181043300e-01  4.6940225500e-01  3.3080464100e-01  3.3789715300e-01  3.5773395000e-01
    1.5040000000e+01  4.6149421200e-01  5.1454977000e-01  4.7212065400e-01  3.3162105400e-01  3.4007172700e-01  3.5875400400e-01
    1.5050000000e+01  4.6483223300e-01  5.1723804400e-01  4.7484024800e-01  3.3252679900e-01  3.4229120100e-01  3.5982260600e-01
    1.5060000000e+01  4.6816610500e-01  5.1986800000e-01  4.7755574400e-01  3.3352458200e-01  3.4455656000e-01  3.6094638600e-01
    1.5070000000e+01  4.7148255200e-01  5.2243117400e-01  4.8025947300e-01  3.3461458900e-01  3.4686722700e-01  3.6213070400e-01
    1.5080000000e+01  4.7476841900e-01  5.2491824800e-01  4.8294183300e-01  3.3579445400e-01  3.4922062100e-01  3.6337892100e-01
    1.5090000000e+01  4.7801119100e-01  5.2731955600e-01  4.8559196200e-01  3.3705933200e-01  3.5161182300e-01  3.6469186600e-01
    1.5100000000e+01  4.8119948900e-01  5.2962569900e-01  4.8819852900e-01  3.3840209800e-01  3.5403339700e-01  3.6606755600e-01
    1.5110000000e+01  4.8432350400e-01  5.3182820400e-01  4.9075055700e-01  3.3981365000e-01  3.5647540500e-01  3.6750120700e-01
    1.5120000000e+01  4.8737533000e-01  5.3392015900e-01  4.9323814900e-01  3.4128330800e-01  3.5892560500e-01  3.6898550400e-01
    1.5130000000e+01  4.9034918900e-01  5.3589675400e-01  4.9565303200e-01  3.4279926900e-01  3.6136982200e-01  3.7051106100e-01
    1.5140000000e+01  4.9324152100e-01  5.3775570700e-01  4.9798888500e-01  3.4434907300e-01  3.6379242600e-01  3.7206696400e-01
    1.5150000000e+01  4.9605095600e-01  5.3949754600e-01  5.0024144300e-01  3.4592004200e-01  3.6617688100e-01  3.7364130600e-01
    1.5160000000e+01  4.9877819900e-01  5.4112576000e-01  5.0240845200e-01  3.4749966100e-01  3.6850631000e-01  3.7522161500e-01
    1.5170000000e+01  5.0142585300e-01  5.4264683800e-01  5.0448954800e-01  3.4907587300e-01  3.7076406600e-01  3.7679515500e-01
    1.5180000000e+01  5.0399821700e-01  5.4407019700e-01  5.0648613200e-01  3.5063729400e-01  3.7293428200e-01  3.7834908400e-01
    1.5190000000e+01  5.0650110300e-01  5.4540802900e-01  5.0840132600e-01  3.5217335200e-01  3.7500239200e-01  3.7987053700e-01
    1.5200000000e+01  5.0894167300e-01  5.4667503700e-01  5.1024002400e-01  3.5367437800e-01  3.7695561600e-01  3.8134667700e-01
    1.5210000000e+01  5.1132833300e-01  5.4788809600e-01  5.1200904800e-01  3.5513166200e-01  3.7878337800e-01  3.8276479300e-01
    1.5220000000e+01  5.1367066700e-01  5.4906583500e-01  5.1371735200e-01  3.5653751600e-01  3.8047764200e-01  3.8411251100e-01
    1.5230000000e+01  5.1597942100e-01  5.5022818000e-01  5.1537623600e-01  3.5788536200e-01  3.8203313500e-01  3.8537813600e-01
    1.5240000000e+01  5.1826650100e-01  5.5139589800e-01  5.1699948000e-01  3.5916987700e-01  3.8344747400e-01  3.8655112900e-01
    1.5250000000e+01  5.2054496700e-01  5.5259017500e-01  5.1860335400e-01  3.6038720500e-01  3.8472119800e-01  3.8762269200e-01
    1.5260000000e+01  5.2282897300e-01  5.5383224600e-01  5.2020646000e-01  3.6153525100e-01  3.8585776800e-01  3.8858640700e-01
    1.5270000000e+01  5.2513361700e-01  5.5514307000e-01  5.2182938700e-01  3.6261402400e-01  3.8686355700e-01  3.8943888300e-01
    1.5280000000e+01  5.2747465400e-01  5.5654300300e-01  5.2349417500e-01  3.6362600900e-01  3.8774786700e-01  3.9018033900e-01
    1.5290000000e+01  5.2986806900e-01  5.5805141900e-01  5.2522360100e-01  3.6457649500e-01  3.8852296500e-01  3.9081507900e-01
    1.5300000000e+01  5.3232950700e-01  5.5968624800e-01  5.2704031800e-01  3.6547381300e-01  3.8920408000e-01  3.9135180500e-01
    1.5310000000e+01  5.3487359200e-01  5.6146342100e-01  5.2896588500e-01  3.6632940700e-01  3.8980931200e-01  3.9180371200e-01
    1.5320000000e+01  5.3751321900e-01  5.6339627500e-01  5.3101974700e-01  3.6715772600e-01  3.9035936700e-01  3.9218833500e-01
    1.5330000000e+01  5.4025885000e-01  5.6549498600e-01  5.3321824300e-01  3.6797590600e-01  3.9087710400e-01  3.9252712700e-01
    1.5340000000e+01  5.4311791400e-01  5.6776612600e-01  5.3557372900e-01  3.6880326600e-01  3.9138690000e-01  3.9284476200e-01
    1.5350000000e+01  5.4609433900e-01  5.7021241800e-01  5.3809390300e-01  3.6966067200e-01  3.9191388900e-01  3.9316823000e-01
    1.5360000000e+01  5.4918826100e-01  5.7283272200e-01  5.4078138000e-01  3.7056978900e-01  3.9248317100e-01  3.9352576200e-01
    1.5370000000e+01  5.5239590700e-01  5.7562223700e-01  5.4363357500e-01  3.7155230600e-01  3.9311907800e-01  3.9394571400e-01
    1.5380000000e+01  5.5570966400e-01  5.7857287700e-01  5.4664287300e-01  3.7262915600e-01  3.9384456900e-01  3.9445546800e-01
    1.5390000000e+01  5.5911831100e-01  5.8167374600e-01  5.4979705600e-01  3.7381978700e-01  3.9468079200e-01  3.9508046400e-01
    1.5400000000e+01  5.6260740300e-01  5.8491163800e-01  5.5307992300e-01  3.7514151100e-01  3.9564682000e-01  3.9584342300e-01
    1.5410000000e+01  5.6615977100e-01  5.8827150800e-01  5.5647202200e-01  3.7660897600e-01  3.9675953500e-01  3.9676378600e-01
    1.5420000000e+01  5.6975610400e-01  5.9173687200e-01  5.5995140000e-01  3.7823377400e-01  3.9803361200e-01  3.9785737500e-01
    1.5430000000e+01  5.7337555900e-01  5.9529011800e-01  5.6349431900e-01  3.8002419800e-01  3.9948157000e-01  3.9913625100e-01
    1.5440000000e+01  5.7699635900e-01  5.9891273800e-01  5.6707585600e-01  3.8198514000e-01  4.0111383400e-01  4.0060868900e-01
    1.5450000000e+01  5.8059633600e-01  6.0258549600e-01  5.7067041200e-01  3.8411808600e-01  4.0293879900e-01  4.0227921700e-01
    1.5460000000e+01  5.8415341900e-01  6.0628854500e-01  5.7425212000e-01  3.8642117200e-01  4.0496285000e-01  4.0414864700e-01
    1.5470000000e+01  5.8764607200e-01  6.1000151600e-01  5.7779522700e-01  3.8888926900e-01  4.0719034600e-01  4.0621404500e-01
    1.5480000000e+01  5.9105371500e-01  6.1370361200e-01  5.8127451400e-01  3.9151406300e-01  4.0962354400e-01  4.0846865100e-01
    1.5490000000e+01  5.9435717800e-01  6.1737374200e-01  5.8466583300e-01  3.9428416400e-01  4.1226247100e-01  4.1090177700e-01
    1.5500000000e+01  5.9753919600e-01  6.2099071500e-01  5.8794677900e-01  3.9718525300e-01  4.1510476600e-01  4.1349876700e-01
    1.5510000000e+01  6.0058494100e-01  6.2453354300e-01  5.9109751600e-01  4.0020034800e-01  4.1814551800e-01  4.1624111400e-01
    1.5520000000e+01  6.0348255300e-01  6.2798184000e-01  5.9410165900e-01  4.0331020300e-01  4.2137717500e-01  4.1910682800e-01
    1.5530000000e+01  6.0622361200e-01  6.3131629800e-01  5.9694713400e-01  4.0649387700e-01  4.2478955600e-01  4.2207110000e-01
    1.5540000000e+01  6.0880347000e-01  6.3451919300e-01  5.9962685600e-01  4.0972946000e-01  4.2837002800e-01  4.2510725000e-01
    1.5550000000e+01  6.1122137100e-01  6.3757482200e-01  6.0213914100e-01  4.1299488600e-01  4.3210384800e-01  4.2818788600e-01
    1.5560000000e+01  6.1348033900e-01  6.4046981100e-01  6.0448775900e-01  4.1626877000e-01  4.3597462900e-01  4.3128616900e-01
    1.5570000000e+01  6.1558682700e-01  6.4319324300e-01  6.0668163300e-01  4.1953116300e-01  4.3996485600e-01  4.3437702800e-01
    1.5580000000e+01  6.1755018900e-01  6.4573660300e-01  6.0873422600e-01  4.2276413200e-01  4.4405636300e-01  4.3743823100e-01
    1.5590000000e+01  6.1938205000e-01  6.4809359000e-01  6.1066270000e-01  4.2595213800e-01  4.4823066800e-01  4.4045120700e-01
    1.5600000000e+01  6.2109568700e-01  6.5025990700e-01  6.1248695100e-01  4.2908218400e-01  4.5246915400e-01  4.4340160300e-01
    1.5610000000e+01  6.2270548500e-01  6.5223310700e-01  6.1422862500e-01  4.3214380400e-01  4.5675309700e-01  4.4627956000e-01
    1.5620000000e+01  6.2422653400e-01  6.5401259100e-01  6.1591016800e-01  4.3512895000e-01  4.6106361600e-01  4.4907977500e-01
    1.5630000000e+01  6.2567433600e-01  6.5559975200e-01  6.1755397200e-01  4.3803186500e-01  4.6538166200e-01  4.5180138500e-01
    1.5640000000e+01  6.2706460400e-01  6.5699824700e-01  6.1918161100e-01  4.4084900900e-01  4.6968812400e-01  4.5444772500e-01
    1.5650000000e+01  6.2841306300e-01  6.5821429100e-01  6.2081317100e-01  4.4357903700e-01  4.7396412500e-01  4.5702599800e-01
    1.5660000000e+01  6.2973521600e-01  6.5925688500e-01  6.2246666200e-01  4.4622283000e-01  4.7819149600e-01  4.5954686500e-01
    1.5670000000e+01  6.3104602700e-01  6.6013788100e-01  6.2415751800e-01  4.4878350400e-01  4.8235339800e-01  4.6202396900e-01
    1.5680000000e+01  6.3235954000e-01  6.6087183900e-01  6.2589818500e-01  4.5126635800e-01  4.8643499100e-01  4.6447340900e-01
    1.5690000000e+01  6.3368845800e-01  6.6147566800e-01  6.2769780600e-01  4.5367869000e-01  4.9042408100e-01  4.6691316000e-01
    1.5700000000e+01  6.3504376600e-01  6.6196808600e-01  6.2956200000e-01  4.5602947900e-01  4.9431166500e-01  4.6936248100e-01
    1.5710000000e+01  6.3643445600e-01  6.6236893600e-01  6.3149273300e-01  4.5832894800e-01  4.9809232100e-01  4.7184130400e-01
    1.5720000000e+01  6.3786739300e-01  6.6269841300e-01  6.3348825800e-01  4.6058805200e-01  5.0176443900e-01  4.7436960900e-01
    1.5730000000e+01  6.3934735500e-01  6.6297623500e-01  6.3554315300e-01  4.6281797900e-01  5.0533026200e-01  4.7696679400e-01
    1.5740000000e+01  6.4087720500e-01  6.6322080200e-01  6.3764845000e-01  4.6502969500e-01  5.0879571600e-01  4.7965101300e-01
    1.5750000000e+01  6.4245817200e-01  6.6344838900e-01  6.3979189100e-01  4.6723361400e-01  5.1217004400e-01  4.8243852700e-01
    1.5760000000e+01  6.4409018000e-01  6.6367243900e-01  6.4195834100e-01  4.6943937000e-01  5.1546519700e-01  4.8534306700e-01
    1.5770000000e+01  6.4577217400e-01  6.6390304700e-01  6.4413035800e-01  4.7165570700e-01  5.1869504300e-01  4.8837529300e-01
    1.5780000000e+01  6.4750243800e-01  6.6414669600e-01  6.4628890700e-01  4.7389046200e-01  5.2187444500e-01  4.9154239900e-01
    1.5790000000e+01  6.4927886800e-01  6.6440630700e-01  6.4841417300e-01  4.7615061200e-01  5.2501832200e-01  4.9484791900e-01
    1.5800000000e+01  6.5109920400e-01  6.6468157100e-01  6.5048636600e-01  4.7844239200e-01  5.2814080900e-01  4.9829177500e-01
    1.5810000000e+01  6.5296121400e-01  6.6496949600e-01  6.5248647100e-01  4.8077145200e-01  5.3125463900e-01  5.0187054500e-01
    1.5820000000e+01  6.5486280500e-01  6.6526506000e-01  6.5439681100e-01  4.8314305000e-01  5.3437078500e-01  5.0557790900e-01
    1.5830000000e+01  6.5680206600e-01  6.6556181700e-01  6.5620142300e-01  4.8556226300e-01  5.3749837400e-01  5.0940518200e-01
    1.5840000000e+01  6.5877724600e-01  6.6585238600e-01  6.5788620900e-01  4.8803417200e-01  5.4064478000e-01  5.1334183100e-01
    1.5850000000e+01  6.6078667000e-01  6.6612874000e-01  6.5943893700e-01  4.9056402700e-01  5.4381581100e-01  5.1737589100e-01
    1.5860000000e+01  6.6282863000e-01  6.6638235400e-01  6.6084917100e-01  4.9315735500e-01  5.4701586200e-01  5.2149424200e-01
    1.5870000000e+01  6.6490127000e-01  6.6660423600e-01  6.6210822000e-01  4.9582003800e-01  5.5024798900e-01  5.2568273800e-01
    1.5880000000e+01  6.6700246900e-01  6.6678497100e-01  6.6320919400e-01  4.9855836200e-01  5.5351386800e-01  5.2992626700e-01
    1.5890000000e+01  6.6912972500e-01  6.6691480100e-01  6.6414718900e-01  5.0137906800e-01  5.5681368500e-01  5.3420882100e-01
    1.5900000000e+01  6.7128001600e-01  6.6698379700e-01  6.6491955400e-01  5.0428941000e-01  5.6014602200e-01  5.3851367500e-01
    1.5910000000e+01  6.7344961000e-01  6.6698209500e-01  6.6552617600e-01  5.0729719900e-01  5.6350778000e-01  5.4282373000e-01
    1.5920000000e+01  6.7563381600e-01  6.6690013900e-01  6.6596967600e-01  5.1041081000e-01  5.6689417800e-01  5.4712200100e-01
    1.5930000000e+01  6.7782668200e-01  6.6672890000e-01  6.6625543800e-01  5.1363911100e-01  5.7029879700e-01  5.5139221200e-01
    1.5940000000e+01  6.8002066300e-01  6.6646004200e-01  6.6639144300e-01  5.1699127400e-01  5.7371362600e-01  5.5561939900e-01
    1.5950000000e+01  6.8220633000e-01  6.6608607400e-01  6.6638792800e-01  5.2047645100e-01  5.7712906600e-01  5.5979043300e-01
    1.5960000000e+01  6.8437215200e-01  6.6560054100e-01  6.6625691400e-01  5.2410331900e-01  5.8053386500e-01  5.6389440200e-01
    1.5970000000e+01  6.8650442500e-01  6.6499832200e-01  6.6601172000e-01  5.2787953600e-01  5.8391501400e-01  5.6792283200e-01
    1.5980000000e+01  6.8858737600e-01  6.6427610100e-01  6.6566648000e-01  5.3181114800e-01  5.8725768700e-01  5.7186979200e-01
    1.5990000000e+01  6.9060345600e-01  6.6343299900e-01  6.6523574500e-01  5.3590202600e-01  5.9054532500e-01  5.7573191100e-01
    1.6000000000e+01  6.9253379800e-01  6.6247131600e-01  6.6473412900e-01  5.4015339600e-01  5.9375998600e-01  5.7950840200e-01
    1.6010000000e+01  6.9435881900e-01  6.6139724400e-01  6.6417595900e-01  5.4456351800e-01  5.9688303300e-01  5.8320110300e-01
    1.6020000000e+01  6.9605888000e-01  6.6022139400e-01  6.6357487900e-01  5.4912755800e-01  5.9989616600e-01  5.8681455700e-01
    1.6030000000e+01  6.9761494700e-01  6.5895896700e-01  6.6294331700e-01  5.5383766500e-01  6.0278273100e-01  5.9035606900e-01
    1.6040000000e+01  6.9900916000e-01  6.5762944500e-01  6.6229181900e-01  5.5868322200e-01  6.0552914300e-01  5.9383565300e-01
    1.6050000000e+01  7.0022527000e-01  6.5625574700e-01  6.6162826900e-01  5.6365121700e-01  6.0812622100e-01  5.9726576400e-01
    1.6060000000e+01  7.0124891100e-01  6.5486291300e-01  6.6095710700e-01  5.6872665500e-01  6.1057021600e-01  6.0066074500e-01
    1.6070000000e+01  7.0206773800e-01  6.5347643300e-01  6.6027865100e-01  5.7389294900e-01  6.1286333900e-01  6.0403595400e-01
    1.6080000000e+01  7.0267149000e-01  6.5212045700e-01  6.5958870100e-01  5.7913222200e-01  6.1501367900e-01  6.0740662400e-01
    1.6090000000e+01  7.0305202400e-01  6.5081613000e-01  6.5887848300e-01  5.8442553600e-01  6.1703449300e-01  6.1078655900e-01
    1.6100000000e+01  7.0320340600e-01  6.4958028900e-01  6.5813503300e-01  5.8975307400e-01  6.1894295800e-01  6.1418680100e-01
    1.6110000000e+01  7.0312205900e-01  6.4842470500e-01  6.5734198700e-01  5.9509432400e-01  6.2075857400e-01  6.1761441500e-01
    1.6120000000e+01  7.0280696200e-01  6.4735594900e-01  6.5648074000e-01  6.0042835300e-01  6.2250146400e-01  6.2107153700e-01
    1.6130000000e+01  7.0225984800e-01  6.4637587200e-01  6.5553187100e-01  6.0573419600e-01  6.2419081700e-01  6.2455477500e-01
    1.6140000000e+01  7.0148530300e-01  6.4548254600e-01  6.5447671600e-01  6.1099138400e-01  6.2584369500e-01  6.2805506400e-01
    1.6150000000e+01  7.0049071000e-01  6.4467150200e-01  6.5329893700e-01  6.1618056600e-01  6.2747433200e-01  6.3155797100e-01
    1.6160000000e+01  6.9928595700e-01  6.4393701100e-01  6.5198595500e-01  6.2128415000e-01  6.2909397300e-01  6.3504445300e-01
    1.6170000000e+01  6.9788292000e-01  6.4327321500e-01  6.5053009900e-01  6.2628685300e-01  6.3071118300e-01  6.3849199200e-01
    1.6180000000e+01  6.9629473700e-01  6.4267495600e-01  6.4892939700e-01  6.3117605200e-01  6.3233251300e-01  6.4187599200e-01
    1.6190000000e+01  6.9453499200e-01  6.4213821000e-01  6.4718794600e-01  6.3594185300e-01  6.3396334900e-01  6.4517132200e-01
    1.6200000000e+01  6.9261692000e-01  6.4166011900e-01  6.4531586700e-01  6.4057684500e-01  6.3560876400e-01  6.4835387900e-01
    1.6210000000e+01  6.9055277800e-01  6.4123869600e-01  6.4332886700e-01  6.4507556900e-01  6.3727424100e-01  6.5140206300e-01
    1.6220000000e+01  6.8835349300e-01  6.4087229100e-01  6.4124745800e-01  6.4943380000e-01  6.3896614100e-01  6.5429808000e-01
    1.6230000000e+01  6.8602863400e-01  6.4055894900e-01  6.3909589600e-01  6.5364776600e-01  6.4069189700e-01  6.5702901900e-01
    1.6240000000e+01  6.8358671200e-01  6.4029578600e-01  6.3690087500e-01  6.5771345600e-01  6.4245991900e-01  6.5958763500e-01
    1.6250000000e+01  6.8103572600e-01  6.4007847400e-01  6.3469006800e-01  6.6162613600e-01  6.4427926600e-01  6.6197279700e-01
    1.6260000000e+01  6.7838385800e-01  6.3990091400e-01  6.3249056900e-01  6.6538014100e-01  6.4615916200e-01  6.6418955900e-01
    1.6270000000e+01  6.7564019100e-01  6.3975511000e-01  6.3032734300e-01  6.6896898300e-01  6.4810844500e-01  6.6624880600e-01
    1.6280000000e+01  6.7281533700e-01  6.3963125100e-01  6.2822181200e-01  6.7238575100e-01  6.5013503600e-01  6.6816649400e-01
    1.6290000000e+01  6.6992186600e-01  6.3951793200e-01  6.2619069300e-01  6.7562375300e-01  6.5224550000e-01  6.6996251100e-01
    1.6300000000e+01  6.6697446900e-01  6.3940248400e-01  6.2424520600e-01  6.7867730600e-01  6.5444471000e-01  6.7165924200e-01
    1.6310000000e+01  6.6398980600e-01  6.3927132300e-01  6.2239073600e-01  6.8154257200e-01  6.5673564500e-01  6.7327998400e-01
    1.6320000000e+01  6.6098604100e-01  6.3911030500e-01  6.2062696800e-01  6.8421832500e-01  6.5911926600e-01  6.7484734700e-01
    1.6330000000e+01  6.5798210800e-01  6.3890505500e-01  6.1894847500e-01  6.8670653200e-01  6.6159447500e-01  6.7638180300e-01
    1.6340000000e+01  6.5499679100e-01  6.3864127100e-01  6.1734566200e-01  6.8901266900e-01  6.6415810300e-01  6.7790049800e-01
    1.6350000000e+01  6.5204771600e-01  6.3830501600e-01  6.1580597400e-01  6.9114571700e-01  6.6680493600e-01  6.7941642000e-01
    1.6360000000e+01  6.4915035900e-01  6.3788299300e-01  6.1431523700e-01  6.9311783800e-01  6.6952776800e-01  6.8093795300e-01
    1.6370000000e+01  6.4631718200e-01  6.3736281000e-01  6.1285901900e-01  6.9494373600e-01  6.7231747900e-01  6.8246881500e-01
    1.6380000000e+01  6.4355697300e-01  6.3673324200e-01  6.1142391300e-01  6.9663976100e-01  6.7516312400e-01  6.8400836900e-01
    1.6390000000e+01  6.4087448900e-01  6.3598448200e-01  6.0999865900e-01  6.9822281600e-01  6.7805205700e-01  6.8555224500e-01
    1.6400000000e+01  6.3827044100e-01  6.3510840800e-01  6.0857503700e-01  6.9970917000e-01  6.8097005500e-01  6.8709324200e-01
    1.6410000000e+01  6.3574185900e-01  6.3409887300e-01  6.0714845600e-01  7.0111327800e-01  6.8390148900e-01  6.8862241900e-01
    1.6420000000e+01  6.3328284800e-01  6.3295201100e-01  6.0571820800e-01  7.0244674900e-01  6.8682955300e-01  6.9013029700e-01
    1.6430000000e+01  6.3088566600e-01  6.3166655900e-01  6.0428735000e-01  7.0371759700e-01  6.8973658000e-01  6.9160807100e-01
    1.6440000000e+01  6.2854202000e-01  6.3024414500e-01  6.0286224600e-01  7.0492988700e-01  6.9260448000e-01  6.9304870900e-01
    1.6450000000e+01  6.2624442400e-01  6.2868948700e-01  6.0145180600e-01  7.0608385600e-01  6.9541530100e-01  6.9444784600e-01
    1.6460000000e+01  6.2398742100e-01  6.2701046300e-01  6.0006651800e-01  7.0717648800e-01  6.9815187800e-01  6.9580439700e-01
    1.6470000000e+01  6.2176851400e-01  6.2521799300e-01  5.9871737300e-01  7.0820246900e-01  7.0079853500e-01  6.9712083700e-01
    1.6480000000e+01  6.1958870500e-01  6.2332572200e-01  5.9741477800e-01  7.0915536400e-01  7.0334176400e-01  6.9840315900e-01
    1.6490000000e+01  6.1745260000e-01  6.2134951700e-01  5.9616757200e-01  7.1002884700e-01  7.0577082200e-01  6.9966052100e-01
    1.6500000000e+01  6.1536813600e-01  6.1930681300e-01  5.9498219900e-01  7.1081785200e-01  7.0807817500e-01  7.0090465500e-01
    1.6510000000e+01  6.1334599800e-01  6.1721585400e-01  5.9386209900e-01  7.1151953500e-01  7.1025976400e-01  7.0214907500e-01
    1.6520000000e+01  6.1139881700e-01  6.1509489200e-01  5.9280735700e-01  7.1213399300e-01  7.1231506200e-01  7.0340817000e-01
    1.6530000000e+01  6.0954022100e-01  6.1296139800e-01  5.9181462500e-01  7.1266469800e-01  7.1424691900e-01  7.0469625700e-01
    1.6540000000e+01  6.0778384400e-01  6.1083135800e-01  5.9087731700e-01  7.1311864300e-01  7.1606120900e-01  7.0602665800e-01
    1.6550000000e+01  6.0614235700e-01  6.0871869900e-01  5.8998606600e-01  7.1350617400e-01  7.1776631100e-01  7.0741090000e-01
    1.6560000000e+01  6.0462665000e-01  6.0663489200e-01  5.8912938600e-01  7.1384056400e-01  7.1937246700e-01  7.0885810400e-01
    1.6570000000e+01  6.0324523000e-01  6.0458877200e-01  5.8829446000e-01  7.1413739800e-01  7.2089108900e-01  7.1037463600e-01
    1.6580000000e+01  6.0200387500e-01  6.0258657000e-01  5.8746796300e-01  7.1441387900e-01  7.2233409200e-01  7.1196402500e-01
    1.6590000000e+01  6.0090552300e-01  6.0063212600e-01  5.8663680500e-01  7.1468817200e-01  7.2371333200e-01  7.1362715500e-01
    1.6600000000e+01  5.9995032200e-01  5.9872720800e-01  5.8578872000e-01  7.1497886100e-01  7.2504019800e-01  7.1536265300e-01
    1.6610000000e+01  5.9913574300e-01  5.9687187300e-01  5.8491264300e-01  7.1530454500e-01  7.2632537100e-01  7.1716738800e-01
    1.6620000000e+01  5.9845667100e-01  5.9506477900e-01  5.8399887500e-01  7.1568354400e-01  7.2757872700e-01  7.1903700500e-01
    1.6630000000e+01  5.9790543700e-01  5.9330341300e-01  5.8303906500e-01  7.1613363500e-01  7.2880931500e-01  7.2096640100e-01
    1.6640000000e+01  5.9747178200e-01  5.9158424000e-01  5.8202605600e-01  7.1667174100e-01  7.3002537100e-01  7.2295010300e-01
    1.6650000000e+01  5.9714284200e-01  5.8990278100e-01  5.8095364900e-01  7.1731352800e-01  7.3123428800e-01  7.2498252600e-01
    1.6660000000e+01  5.9690320100e-01  5.8825367200e-01  5.7981633200e-01  7.1807288700e-01  7.3244256300e-01  7.2705809100e-01
    1.6670000000e+01  5.9673511200e-01  5.8663074200e-01  5.7860902400e-01  7.1896135900e-01  7.3365569800e-01  7.2917122300e-01
    1.6680000000e+01  5.9661891200e-01  5.8502710200e-01  5.7732688400e-01  7.1998756400e-01  7.3487809300e-01  7.3131624000e-01
    1.6690000000e+01  5.9653363500e-01  5.8343527500e-01  5.7596520800e-01  7.2115674700e-01  7.3611294400e-01  7.3348715700e-01
    1.6700000000e+01  5.9645775000e-01  5.8184731900e-01  5.7451944300e-01  7.2247050400e-01  7.3736213800e-01  7.3567747600e-01
    1.6710000000e+01  5.9636996900e-01  5.8025497900e-01  5.7298532900e-01  7.2392672900e-01  7.3862614900e-01  7.3787999000e-01
    1.6720000000e+01  5.9625002200e-01  5.7864986300e-01  5.7135913000e-01  7.2551977300e-01  7.3990391300e-01  7.4008666000e-01
    1.6730000000e+01  5.9607933900e-01  5.7702368100e-01  5.6963793200e-01  7.2724079700e-01  7.4119269800e-01  7.4228860300e-01
    1.6740000000e+01  5.9584161000e-01  5.7536857400e-01  5.6781995100e-01  7.2907825100e-01  7.4248800800e-01  7.4447621100e-01
    1.6750000000e+01  5.9552319600e-01  5.7367751000e-01  5.6590479800e-01  7.3101843800e-01  7.4378356700e-01  7.4663939100e-01
    1.6760000000e+01  5.9511340200e-01  5.7194473300e-01  5.6389365600e-01  7.3304611700e-01  7.4507143600e-01  7.4876791600e-01
    1.6770000000e+01  5.9460461900e-01  5.7016619800e-01  5.6178931300e-01  7.3514511600e-01  7.4634227000e-01  7.5085183100e-01
    1.6780000000e+01  5.9399236200e-01  5.6833990900e-01  5.5959606300e-01  7.3729894300e-01  7.4758572500e-01  7.5288187300e-01
    1.6790000000e+01  5.9327520600e-01  5.6646614300e-01  5.5731944100e-01  7.3949138000e-01  7.4879094600e-01  7.5484982900e-01
    1.6800000000e+01  5.9245462400e-01  5.6454751200e-01  5.5496585200e-01  7.4170707000e-01  7.4994708700e-01  7.5674879000e-01
    1.6810000000e+01  5.9153470100e-01  5.6258890600e-01  5.5254212500e-01  7.4393209400e-01  7.5104380600e-01  7.5857325300e-01
    1.6820000000e+01  5.9052171000e-01  5.6059733700e-01  5.5005505900e-01  7.4615449600e-01  7.5207171100e-01  7.6031905500e-01
    1.6830000000e+01  5.8942352600e-01  5.5858172600e-01  5.4751101600e-01  7.4836471500e-01  7.5302275300e-01  7.6198314800e-01
    1.6840000000e+01  5.8824890700e-01  5.5655263300e-01  5.4491562800e-01  7.5055583400e-01  7.5389059300e-01  7.6356321800e-01
    1.6850000000e+01  5.8700670900e-01  5.5452191300e-01  5.4227366200e-01  7.5272360200e-01  7.5467093900e-01  7.6505723000e-01
    1.6860000000e+01  5.8570511900e-01  5.5250228800e-01  5.3958907500e-01  7.5486618500e-01  7.5536183400e-01  7.6646291500e-01
    1.6870000000e+01  5.8435103200e-01  5.5050679800e-01  5.3686526600e-01  7.5698366900e-01  7.5596386500e-01  7.6777731000e-01
    1.6880000000e+01  5.8294964100e-01  5.4854816900e-01  5.3410551000e-01  7.5907738500e-01  7.5648020300e-01  7.6899639200e-01
    1.6890000000e+01  5.8150432000e-01  5.4663814900e-01  5.3131354000e-01  7.6114915500e-01  7.5691644800e-01  7.7011488200e-01
    1.6900000000e+01  5.8001678400e-01  5.4478691700e-01  5.2849421500e-01  7.6320056500e-01  7.5728022900e-01  7.7112626500e-01
    1.6910000000e+01  5.7848750700e-01  5.4300265000e-01  5.2565419900e-01  7.6523239900e-01  7.5758062700e-01  7.7202306200e-01
    1.6920000000e+01  5.7691631000e-01  5.4129133900e-01  5.2280257700e-01  7.6724428700e-01  7.5782746600e-01  7.7279736600e-01
    1.6930000000e+01  5.7530300200e-01  5.3965688000e-01  5.1995129300e-01  7.6923464600e-01  7.5803061900e-01  7.7344162800e-01
    1.6940000000e+01  5.7364796100e-01  5.3810141300e-01  5.1711532400e-01  7.7120088700e-01  7.5819942300e-01  7.7394963100e-01
    1.6950000000e+01  5.7195253800e-01  5.3662584200e-01  5.1431250300e-01  7.7313983200e-01  7.5834230100e-01  7.7431757000e-01
    1.6960000000e+01  5.7021921100e-01  5.3523041100e-01  5.1156294000e-01  7.7504823100e-01  7.5846664400e-01  7.7454507600e-01
    1.6970000000e+01  5.6845150900e-01  5.3391524800e-01  5.0888808000e-01  7.7692324900e-01  7.5857893800e-01  7.7463604900e-01
    1.6980000000e+01  5.6665373800e-01  5.3268076000e-01  5.0630946300e-01  7.7876282600e-01  7.5868509400e-01  7.7459912900e-01
    1.6990000000e+01  5.6483062800e-01  5.3152783800e-01  5.0384737500e-01  7.8056584700e-01  7.5879089100e-01  7.7444772800e-01
    1.7000000000e+01  5.6298700200e-01  5.3045784200e-01  5.0151954700e-01  7.8233213000e-01  7.5890244300e-01  7.7419958900e-01
    1.7010000000e+01  5.6112754100e-01  5.2947238900e-01  4.9934010200e-01  7.8406228600e-01  7.5902660200e-01  7.7387595700e-01
    1.7020000000e+01  5.5925669400e-01  5.2857299900e-01  4.9731884900e-01  7.8575753700e-01  7.5917124100e-01  7.7350047900e-01
    1.7030000000e+01  5.5737871400e-01  5.2776064800e-01  4.9546099700e-01  7.8741956500e-01  7.5934536600e-01  7.7309800300e-01
    1.7040000000e+01  5.5549777200e-01  5.2703531600e-01  4.9376725500e-01  7.8905047300e-01  7.5955905100e-01  7.7269343300e-01
    1.7050000000e+01  5.5361806900e-01  5.2639557200e-01  4.9223424600e-01  7.9065287700e-01  7.5982321000e-01  7.7231076300e-01
    1.7060000000e+01  5.5174387400e-01  5.2583827700e-01  4.9085513400e-01  7.9223010500e-01  7.6014922800e-01  7.7197237000e-01
    1.7070000000e+01  5.4987942400e-01  5.2535842900e-01  4.8962035000e-01  7.9378645800e-01  7.6054851600e-01  7.7169860200e-01
    1.7080000000e+01  5.4802866000e-01  5.2494917500e-01  4.8851828900e-01  7.9532744500e-01  7.6103205200e-01  7.7150764000e-01
    1.7090000000e+01  5.4619483600e-01  5.2460197400e-01  4.8753589100e-01  7.9685991900e-01  7.6160997800e-01  7.7141560300e-01
    1.7100000000e+01  5.4438003400e-01  5.2430686000e-01  4.8665904000e-01  7.9839205900e-01  7.6229129600e-01  7.7143678700e-01
    1.7110000000e+01  5.4258468200e-01  5.2405275500e-01  4.8587274600e-01  7.9993315600e-01  7.6308370800e-01  7.7158397600e-01
    1.7120000000e+01  5.4080712100e-01  5.2382774600e-01  4.8516112400e-01  8.0149323700e-01  7.6399356500e-01  7.7186869000e-01
    1.7130000000e+01  5.3904330200e-01  5.2361931200e-01  4.8450721800e-01  8.0308254200e-01  7.6502591100e-01  7.7230132500e-01
    1.7140000000e+01  5.3728664000e-01  5.2341444700e-01  4.8389275300e-01  8.0471091100e-01  7.6618455500e-01  7.7289109900e-01
    1.7150000000e+01  5.3552802800e-01  5.2319970300e-01  4.8329790100e-01  8.0638713000e-01  7.6747212400e-01  7.7364582200e-01
    1.7160000000e+01  5.3375603200e-01  5.2296118300e-01  4.8270113700e-01  8.0811828300e-01  7.6889006100e-01  7.7457148800e-01
    1.7170000000e+01  5.3195726300e-01  5.2268451900e-01  4.8207926300e-01  8.0990914200e-01  7.7043854800e-01  7.7567177000e-01
    1.7180000000e+01  5.3011690100e-01  5.2235487600e-01  4.8140761000e-01  8.1176164700e-01  7.7211634900e-01  7.7694747600e-01
    1.7190000000e+01  5.2821937900e-01  5.2195704200e-01  4.8066042500e-01  8.1367453100e-01  7.7392061400e-01  7.7839603000e-01
    1.7200000000e+01  5.2624916300e-01  5.2147558600e-01  4.7981141400e-01  8.1564312600e-01  7.7584666900e-01  7.8001105100e-01
    1.7210000000e+01  5.2419157900e-01  5.2089511300e-01  4.7883440800e-01  8.1765939300e-01  7.7788784400e-01  7.8178204100e-01
    1.7220000000e+01  5.2203360800e-01  5.2020055600e-01  4.7770411100e-01  8.1971218000e-01  7.8003536100e-01  7.8369422700e-01
    1.7230000000e+01  5.1976457900e-01  5.1937750300e-01  4.7639692100e-01  8.2178768300e-01  7.8227828500e-01  7.8572854900e-01
    1.7240000000e+01  5.1737670700e-01  5.1841250900e-01  4.7489176100e-01  8.2387006600e-01  7.8460352200e-01  7.8786182800e-01
    1.7250000000e+01  5.1486544500e-01  5.1729342000e-01  4.7317090900e-01  8.2594218300e-01  7.8699584500e-01  7.9006711400e-01
    1.7260000000e+01  5.1222963300e-01  5.1600971400e-01  4.7122077600e-01  8.2798633500e-01  7.8943793100e-01  7.9231421800e-01
    1.7270000000e+01  5.0947146800e-01  5.1455289400e-01  4.6903258000e-01  8.2998502400e-01  7.9191042600e-01  7.9457042400e-01
    1.7280000000e+01  5.0659628700e-01  5.1291695900e-01  4.6660289200e-01  8.3192164800e-01  7.9439208400e-01  7.9680134500e-01
    1.7290000000e+01  5.0361220300e-01  5.1109893200e-01  4.6393398900e-01  8.3378109900e-01  7.9686002500e-01  7.9897192200e-01
    1.7300000000e+01  5.0052961500e-01  5.0909939700e-01  4.6103401600e-01  8.3555022600e-01  7.9929019100e-01  8.0104748100e-01
    1.7310000000e+01  4.9736065500e-01  5.0692297300e-01  4.5791691200e-01  8.3721812200e-01  8.0165799500e-01  8.0299484300e-01
    1.7320000000e+01  4.9411862800e-01  5.0457862000e-01  4.5460210900e-01  8.3877624400e-01  8.0393916500e-01  8.0478340500e-01
    1.7330000000e+01  4.9081751700e-01  5.0207970200e-01  4.5111401500e-01  8.4021837800e-01  8.0611071900e-01  8.0638614300e-01
    1.7340000000e+01  4.8747158800e-01  4.9944377100e-01  4.4748129900e-01  8.4154050100e-01  8.0815196100e-01  8.0778050800e-01
    1.7350000000e+01  4.8409511400e-01  4.9669205400e-01  4.4373600700e-01  8.4274061900e-01  8.1004540600e-01  8.0894915700e-01
    1.7360000000e+01  4.8070218600e-01  4.9384870800e-01  4.3991255500e-01  8.4381862100e-01  8.1177752500e-01  8.0988051200e-01
    1.7370000000e+01  4.7730655600e-01  4.9093991500e-01  4.3604661500e-01  8.4477617600e-01  8.1333924800e-01  8.1056911300e-01
    1.7380000000e+01  4.7392148400e-01  4.8799292900e-01  4.3217394500e-01  8.4561666300e-01  8.1472619100e-01  8.1101574800e-01
    1.7390000000e+01  4.7055955600e-01  4.8503516300e-01  4.2832919800e-01  8.4634510100e-01  8.1593864200e-01  8.1122734300e-01
    1.7400000000e+01  4.6723249500e-01  4.8209340900e-01  4.2454478000e-01  8.4696803900e-01  8.1698136400e-01  8.1121660400e-01
    1.7410000000e+01  4.6395099500e-01  4.7919318700e-01  4.2084979700e-01  8.4749341500e-01  8.1786330200e-01  8.1100142400e-01
    1.7420000000e+01  4.6072460300e-01  4.7635823300e-01  4.1726916500e-01  8.4793039000e-01  8.1859727800e-01  8.1060408900e-01
    1.7430000000e+01  4.5756165200e-01  4.7361004000e-01  4.1382291000e-01  8.4828920700e-01  8.1919970800e-01  8.1005032600e-01
    1.7440000000e+01  4.5446920400e-01  4.7096739400e-01  4.1052567600e-01  8.4858110500e-01  8.1969035400e-01  8.0936824400e-01
    1.7450000000e+01  4.5145295800e-01  4.6844584200e-01  4.0738645600e-01  8.4881828900e-01  8.2009204800e-01  8.0858720500e-01
    1.7460000000e+01  4.4851706400e-01  4.6605708300e-01  4.0440854400e-01  8.4901390400e-01  8.2043031200e-01  8.0773666100e-01
    1.7470000000e+01  4.4566383600e-01  4.6380833000e-01  4.0158973300e-01  8.4918195500e-01  8.2073277800e-01  8.0684497600e-01
    1.7480000000e+01  4.4289339600e-01  4.6170173500e-01  3.9892279000e-01  8.4933707900e-01  8.2102838100e-01  8.0593830600e-01
    1.7490000000e+01  4.4020334600e-01  4.5973401000e-01  3.9639620200e-01  8.4949413100e-01  8.2134630400e-01  8.0503959200e-01
    1.7500000000e+01  4.3758855600e-01  4.5789633400e-01  3.9399519000e-01  8.4966759400e-01  8.2171478900e-01  8.0416779300e-01
    1.7510000000e+01  4.3504116500e-01  4.5617462700e-01  3.9170289400e-01  8.4987086700e-01  8.2215990800e-01  8.0333742800e-01
    1.7520000000e+01  4.3255084300e-01  4.5455015600e-01  3.8950162200e-01  8.5011554700e-01  8.2270445700e-01  8.0255850800e-01
    1.7530000000e+01  4.3010529900e-01  4.5300042000e-01  3.8737401300e-01  8.5041079300e-01  8.2336707500e-01  8.0183684700e-01
    1.7540000000e+01  4.2769099000e-01  4.5150018300e-01  3.8530397100e-01  8.5076288700e-01  8.2416165900e-01  8.0117468700e-01
    1.7550000000e+01  4.2529395700e-01  4.5002255800e-01  3.8327729700e-01  8.5117504800e-01  8.2509707300e-01  8.0057152400e-01
    1.7560000000e+01  4.2290065700e-01  4.4854004000e-01  3.8128196900e-01  8.5164751200e-01  8.2617710900e-01  8.0002499700e-01
    1.7570000000e+01  4.2049873800e-01  4.4702546000e-01  3.7930812900e-01  8.5217788800e-01  8.2740063900e-01  7.9953169700e-01
    1.7580000000e+01  4.1807763800e-01  4.4545284200e-01  3.7734782300e-01  8.5276171500e-01  8.2876191900e-01  7.9908782700e-01
    1.7590000000e+01  4.1562896500e-01  4.4379816100e-01  3.7539462200e-01  8.5339317900e-01  8.3025102400e-01  7.9868964100e-01
    1.7600000000e+01  4.1314662800e-01  4.4203999100e-01  3.7344318900e-01  8.5406588100e-01  8.3185438700e-01  7.9833367400e-01
    1.7610000000e+01  4.1062671100e-01  4.4016002200e-01  3.7148890100e-01  8.5477358400e-01  8.3355545200e-01  7.9801677300e-01
    1.7620000000e+01  4.0806713200e-01  4.3814342200e-01  3.6952757900e-01  8.5551085400e-01  8.3533537600e-01  7.9773600000e-01
    1.7630000000e+01  4.0546713200e-01  4.3597902800e-01  3.6755536000e-01  8.5627354300e-01  8.3717377200e-01  7.9748846800e-01
    1.7640000000e+01  4.0282665600e-01  4.3365939500e-01  3.6556871100e-01  8.5705906700e-01  8.3904941100e-01  7.9727119400e-01
    1.7650000000e+01  4.0014570300e-01  4.3118071000e-01  3.6356454700e-01  8.5786647600e-01  8.4094087200e-01  7.9708105100e-01
    1.7660000000e+01  3.9742369500e-01  4.2854264000e-01  3.6154037500e-01  8.5869631600e-01  8.4282713300e-01  7.9691484500e-01
    1.7670000000e+01  3.9465894900e-01  4.2574810100e-01  3.5949437700e-01  8.5955030700e-01  8.4468810900e-01  7.9676952900e-01
    1.7680000000e+01  3.9184827400e-01  4.2280297400e-01  3.5742535300e-01  8.6043089200e-01  8.4650515100e-01  7.9664248600e-01
    1.7690000000e+01  3.8898672000e-01  4.1971573900e-01  3.5533249600e-01  8.6134069800e-01  8.4826152100e-01  7.9653180800e-01
    1.7700000000e+01  3.8606748700e-01  4.1649699300e-01  3.5321499300e-01  8.6228196300e-01  8.4994280200e-01  7.9643644800e-01
    1.7710000000e+01  3.8308197800e-01  4.1315886600e-01  3.5107154600e-01  8.6325594700e-01  8.5153721200e-01  7.9635617300e-01
    1.7720000000e+01  3.8001999700e-01  4.0971434100e-01  3.4889991300e-01  8.6426237700e-01  8.5303574400e-01  7.9629127000e-01
    1.7730000000e+01  3.7687008100e-01  4.0617655000e-01  3.4669660600e-01  8.6529891100e-01  8.5443209600e-01  7.9624202200e-01
    1.7740000000e+01  3.7361998600e-01  4.0255814900e-01  3.4445683900e-01  8.6636068300e-01  8.5572236000e-01  7.9620805600e-01
    1.7750000000e+01  3.7025731500e-01  3.9887085800e-01  3.4217479700e-01  8.6743994300e-01  8.5690453700e-01  7.9618767400e-01
    1.7760000000e+01  3.6677028000e-01  3.9512526800e-01  3.3984419800e-01  8.6852586200e-01  8.5797794500e-01  7.9617733600e-01
    1.7770000000e+01  3.6314856900e-01  3.9133089800e-01  3.3745906900e-01  8.6960455800e-01  8.5894267500e-01  7.9617141000e-01
    1.7780000000e+01  3.5938423100e-01  3.8749647700e-01  3.3501459800e-01  8.7065938800e-01  8.5979920600e-01  7.9616227700e-01
    1.7790000000e+01  3.5547249900e-01  3.8363031400e-01  3.3250790300e-01  8.7167154300e-01  8.6054825100e-01  7.9614079600e-01
    1.7800000000e+01  3.5141243000e-01  3.7974062700e-01  3.2993856300e-01  8.7262093100e-01  8.6119085500e-01  7.9609705900e-01
    1.7810000000e+01  3.4720723900e-01  3.7583572100e-01  3.2730880500e-01  8.7348727800e-01  8.6172866100e-01  7.9602133700e-01
    1.7820000000e+01  3.4286423800e-01  3.7192395300e-01  3.2462329300e-01  8.7425134100e-01  8.6216424100e-01  7.9590502800e-01
    1.7830000000e+01  3.3839433900e-01  3.6801348100e-01  3.2188853900e-01  8.7489605100e-01  8.6250136900e-01  7.9574145700e-01
    1.7840000000e+01  3.3381116000e-01  3.6411188300e-01  3.1911204300e-01  8.7540742500e-01  8.6274513500e-01  7.9552636500e-01
    1.7850000000e+01  3.2912985600e-01  3.6022572400e-01  3.1630130800e-01  8.7577507600e-01  8.6290188000e-01  7.9525800500e-01
    1.7860000000e+01  3.2436585200e-01  3.5636018200e-01  3.1346291500e-01  8.7599222900e-01  8.6297892700e-01  7.9493681500e-01
    1.7870000000e+01  3.1953371000e-01  3.5251879400e-01  3.1060184500e-01  8.7605524800e-01  8.6298420000e-01  7.9456474900e-01
    1.7880000000e+01  3.1464632100e-01  3.4870335800e-01  3.0772117100e-01  8.7596277200e-01  8.6292577400e-01  7.9414440600e-01
    1.7890000000e+01  3.0971456100e-01  3.4491399400e-01  3.0482216300e-01  8.7571464600e-01  8.6281144000e-01  7.9367815400e-01
    1.7900000000e+01  3.0474744600e-01  3.4114931000e-01  3.0190475600e-01  8.7531087400e-01  8.6264832600e-01  7.9316743400e-01
    1.7910000000e+01  2.9975269600e-01  3.3740666200e-01  2.9896824000e-01  8.7475080400e-01  8.6244261000e-01  7.9261238800e-01
    1.7920000000e+01  2.9473755900e-01  3.3368243200e-01  2.9601199600e-01  8.7403269300e-01  8.6219930800e-01  7.9201185800e-01
    1.7930000000e+01  2.8970969800e-01  3.2997234300e-01  2.9303609200e-01  8.7315367800e-01  8.6192213100e-01  7.9136372200e-01
    1.7940000000e+01  2.8467796100e-01  3.2627177400e-01  2.9004159800e-01  8.7211014300e-01  8.6161339800e-01  7.9066543700e-01
    1.7950000000e+01  2.7965292000e-01  3.2257612600e-01  2.8703058500e-01  8.7089835100e-01  8.6127400200e-01  7.8991461600e-01
    1.7960000000e+01  2.7464709900e-01  3.1888120900e-01  2.8400583900e-01  8.6951523900e-01  8.6090346900e-01  7.8910948300e-01
    1.7970000000e+01  2.6967489600e-01  3.1518365300e-01  2.8097041300e-01  8.6795924500e-01  8.6050014500e-01  7.8824908500e-01
    1.7980000000e+01  2.6475219600e-01  3.1148126900e-01  2.7792716100e-01  8.6623106100e-01  8.6006155800e-01  7.8733321500e-01
    1.7990000000e+01  2.5989574500e-01  3.0777326600e-01  2.7487842900e-01  8.6433423500e-01  8.5958493400e-01  7.8636211100e-01
    1.8000000000e+01  2.5512232000e-01  3.0406022800e-01  2.7182596700e-01  8.6227554900e-01  8.5906781800e-01  7.8533603800e-01
    1.8010000000e+01  2.5044779100e-01  3.0034380300e-01  2.6877110800e-01  8.6006509400e-01  8.5850865300e-01  7.8425490800e-01
    1.8020000000e+01  2.4588616700e-01  2.9662611500e-01  2.6571512900e-01  8.5771604600e-01  8.5790717700e-01  7.8311805600e-01
    1.8030000000e+01  2.4144875600e-01  2.9290903500e-01  2.6265968900e-01  8.5524410600e-01  8.5726448000e-01  7.8192427500e-01
    1.8040000000e+01  2.3714352600e-01  2.8919348400e-01  2.5960719200e-01  8.5266669900e-01  8.5658268900e-01  7.8067206500e-01
    1.8050000000e+01  2.3297477300e-01  2.8547897900e-01  2.5656097900e-01  8.5000197500e-01  8.5586432000e-01  7.7936005100e-01
    1.8060000000e+01  2.2894313900e-01  2.8176356800e-01  2.5352529900e-01  8.4726777300e-01  8.5511146200e-01  7.7798744800e-01
    1.8070000000e+01  2.2504596500e-01  2.7804419800e-01  2.5050508600e-01  8.4448064800e-01  8.5432502100e-01  7.7655445600e-01
    1.8080000000e+01  2.2127795400e-01  2.7431743700e-01  2.4750560300e-01  8.4165510000e-01  8.5350423900e-01  7.7506254000e-01
    1.8090000000e+01  2.1763202000e-01  2.7058036400e-01  2.4453202500e-01  8.3880309200e-01  8.5264663500e-01  7.7351455400e-01
    1.8100000000e+01  2.1410022200e-01  2.6683138200e-01  2.4158901500e-01  8.3593390400e-01  8.5174839900e-01  7.7191473600e-01
    1.8110000000e+01  2.1067463200e-01  2.6307076600e-01  2.3868032000e-01  8.3305433200e-01  8.5080514100e-01  7.7026858900e-01
    1.8120000000e+01  2.0734802600e-01  2.5930078700e-01  2.3580841300e-01  8.3016915600e-01  8.4981281700e-01  7.6858266400e-01
    1.8130000000e+01  2.0411430400e-01  2.5552542000e-01  2.3297417100e-01  8.2728179900e-01  8.4876861400e-01  7.6686425100e-01
    1.8140000000e+01  2.0096860500e-01  2.5174968400e-01  2.3017664100e-01  8.2439503200e-01  8.4767162400e-01  7.6512097300e-01
    1.8150000000e+01  1.9790712600e-01  2.4797878000e-01  2.2741290400e-01  8.2151160200e-01  8.4652318500e-01  7.6336031600e-01
    1.8160000000e+01  1.9492673100e-01  2.4421716000e-01  2.2467808000e-01  8.1863468300e-01  8.4532685300e-01  7.6158909700e-01
    1.8170000000e+01  1.9202444500e-01  2.4046767700e-01  2.2196548700e-01  8.1576808000e-01  8.4408803400e-01  7.5981294900e-01
    1.8180000000e+01  1.8919695100e-01  2.3673092900e-01  2.1926695300e-01  8.1291618300e-01  8.4281332800e-01  7.5803585300e-01
    1.8190000000e+01  1.8644019100e-01  2.3300485400e-01  2.1657324800e-01  8.1008371000e-01  8.4150967700e-01  7.5625978400e-01
    1.8200000000e+01  1.8374914700e-01  2.2928464700e-01  2.1387459900e-01  8.0727531000e-01  8.4018341700e-01  7.5448449100e-01
    1.8210000000e+01  1.8111782600e-01  2.2556300600e-01  2.1116122700e-01  8.0449512800e-01  8.3883933100e-01  7.5270745100e-01
    1.8220000000e+01  1.7853944500e-01  2.2183069000e-01  2.0842383700e-01  8.0174641100e-01  8.3747982600e-01  7.5092394900e-01
    1.8230000000e+01  1.7600677600e-01  2.1807734200e-01  2.0565403200e-01  7.9903124200e-01  8.3610434400e-01  7.4912728100e-01
    1.8240000000e+01  1.7351256400e-01  2.1429246400e-01  2.0284462300e-01  7.9635046100e-01  8.3470908400e-01  7.4730899400e-01
    1.8250000000e+01  1.7104994500e-01  2.1046642700e-01  1.9998985000e-01  7.9370377900e-01  8.3328707000e-01  7.4545912500e-01
    1.8260000000e+01  1.6861277600e-01  2.0659137800e-01  1.9708557400e-01  7.9109007600e-01  8.3182855600e-01  7.4356641100e-01
    1.8270000000e+01  1.6619577900e-01  2.0266192700e-01  1.9412947300e-01  7.8850782600e-01  8.3032167800e-01  7.4161847200e-01
    1.8280000000e+01  1.6379448200e-01  1.9867557300e-01  1.9112128800e-01  7.8595555600e-01  8.2875325400e-01  7.3960201400e-01
    1.8290000000e+01  1.6140492900e-01  1.9463283300e-01  1.8806309900e-01  7.8343224900e-01  8.2710962100e-01  7.3750312100e-01
    1.8300000000e+01  1.5902319700e-01  1.9053712200e-01  1.8495959500e-01  7.8093757400e-01  8.2537740400e-01  7.3530766300e-01
    1.8310000000e+01  1.5664481500e-01  1.8639443900e-01  1.8181824300e-01  7.7847187800e-01  8.2354414900e-01  7.3300184800e-01
    1.8320000000e+01  1.5426418600e-01  1.8221292500e-01  1.7864930600e-01  7.7603587900e-01  8.2159878000e-01  7.3057286700e-01
    1.8330000000e+01  1.5187415100e-01  1.7800238800e-01  1.7546564100e-01  7.7363008400e-01  8.1953186400e-01  7.2800955800e-01
    1.8340000000e+01  1.4946582100e-01  1.7377384600e-01  1.7228229900e-01  7.7125399700e-01  8.1733571200e-01  7.2530300100e-01
    1.8350000000e+01  1.4702875100e-01  1.6953917000e-01  1.6911595100e-01  7.6890523600e-01  8.1500436600e-01  7.2244697100e-01
    1.8360000000e+01  1.4455149700e-01  1.6531080500e-01  1.6598422800e-01  7.6657871200e-01  8.1253352400e-01  7.1943818300e-01
    1.8370000000e+01  1.4202250300e-01  1.6110159900e-01  1.6290503900e-01  7.6426602600e-01  8.0992047100e-01  7.1627633700e-01
    1.8380000000e+01  1.3943123100e-01  1.5692467100e-01  1.5989595900e-01  7.6195520900e-01  8.0716402600e-01  7.1296397700e-01
    1.8390000000e+01  1.3676938600e-01  1.5279331000e-01  1.5697372800e-01  7.5963088500e-01  8.0426454700e-01  7.0950621300e-01
    1.8400000000e+01  1.3403206500e-01  1.4872086600e-01  1.5415388200e-01  7.5727487700e-01  8.0122394200e-01  7.0591037500e-01
    1.8410000000e+01  1.3121867800e-01  1.4472063100e-01  1.5145051400e-01  7.5486719400e-01  7.9804571300e-01  7.0218564300e-01
    1.8420000000e+01  1.2833350600e-01  1.4080571200e-01  1.4887613700e-01  7.5238731700e-01  7.9473501000e-01  6.9834271000e-01
    1.8430000000e+01  1.2538582400e-01  1.3698887800e-01  1.4644160000e-01  7.4981562600e-01  7.9129870800e-01  6.9439347500e-01
    1.8440000000e+01  1.2238955800e-01  1.3328236800e-01  1.4415605100e-01  7.4713479700e-01  7.8774551900e-01  6.9035077400e-01
    1.8450000000e+01  1.1936252400e-01  1.2969760500e-01  1.4202691300e-01  7.4433104400e-01  7.8408611900e-01  6.8622813100e-01
    1.8460000000e+01  1.1632533600e-01  1.2624479700e-01  1.4005987900e-01  7.4139505700e-01  7.8033324400e-01  6.8203951100e-01
    1.8470000000e+01  1.1330009400e-01  1.2293238600e-01  1.3825894800e-01  7.3832258600e-01  7.7650169400e-01  6.7779908800e-01
    1.8480000000e+01  1.1030897800e-01  1.1976641000e-01  1.3662648900e-01  7.3511460400e-01  7.7260812100e-01  6.7352100900e-01
    1.8490000000e+01  1.0737285600e-01  1.1674983900e-01  1.3516334900e-01  7.3177708100e-01  7.6867056800e-01  6.6921919700e-01
    1.8500000000e+01  1.0451003800e-01  1.1388204700e-01  1.3386899700e-01  7.2832036500e-01  7.6470769200e-01  6.6490719100e-01
    1.8510000000e+01  1.0173524800e-01  1.1115855300e-01  1.3274167400e-01  7.2475824200e-01  7.6073776300e-01  6.6059803500e-01
    1.8520000000e+01  9.9058939000e-02  1.0857115700e-01  1.3177853000e-01  7.2110673800e-01  7.5677755500e-01  6.5630421600e-01
    1.8530000000e+01  9.6486999000e-02  1.0610847300e-01  1.3097575700e-01  7.1738278400e-01  7.5284131700e-01  6.5203763600e-01
    1.8540000000e+01  9.4020882000e-02  1.0375683500e-01  1.3032867400e-01  7.1360287900e-01  7.4894000000e-01  6.4780960400e-01
    1.8550000000e+01  9.1658145000e-02  1.0150138600e-01  1.2983179700e-01  7.0978190300e-01  7.4508088100e-01  6.4363083800e-01
    1.8560000000e+01  8.9393306000e-02  9.9327192000e-02  1.2947887400e-01  7.0593218700e-01  7.4126760700e-01  6.3951147200e-01
    1.8570000000e+01  8.7218895000e-02  9.7220192000e-02  1.2926290100e-01  7.0206295400e-01  7.3750062000e-01  6.3546104000e-01
    1.8580000000e+01  8.5126572000e-02  9.5167847000e-02  1.2917610900e-01  6.9818012200e-01  7.3377783100e-01  6.3148845100e-01
    1.8590000000e+01  8.3108178000e-02  9.3159456000e-02  1.2920995400e-01  6.9428647900e-01  7.3009537900e-01  6.2760192900e-01
    1.8600000000e+01  8.1156616000e-02  9.1186163000e-02  1.2935508900e-01  6.9038214000e-01  7.2644833500e-01  6.2380891500e-01
    1.8610000000e+01  7.9266490000e-02  8.9240734000e-02  1.2960137300e-01  6.8646523500e-01  7.2283123000e-01  6.2011592900e-01
    1.8620000000e+01  7.7434464000e-02  8.7317234000e-02  1.2993790800e-01  6.8253269100e-01  7.1923836400e-01  6.1652839700e-01
    1.8630000000e+01  7.5659333000e-02  8.5410714000e-02  1.3035314000e-01  6.7858104600e-01  7.1566389100e-01  6.1305045000e-01
    1.8640000000e+01  7.3941829000e-02  8.3516999000e-02  1.3083503400e-01  6.7460717500e-01  7.1210176100e-01  6.0968472400e-01
    1.8650000000e+01  7.2284220000e-02  8.1632632000e-02  1.3137133400e-01  6.7060886500e-01  7.0854557400e-01  6.0643219600e-01
    1.8660000000e+01  7.0689781000e-02  7.9754957000e-02  1.3194989400e-01  6.6658517900e-01  7.0498846900e-01  6.0329208000e-01
    1.8670000000e+01  6.9162215000e-02  7.7882315000e-02  1.3255906200e-01  6.6253659100e-01  7.0142309200e-01  6.0026182900e-01
    1.8680000000e+01  6.7705123000e-02  7.6014273000e-02  1.3318806900e-01  6.5846491400e-01  6.9784171200e-01  5.9733727200e-01
    1.8690000000e+01  6.6321580000e-02  7.4151808000e-02  1.3382736300e-01  6.5437306400e-01  6.9423645500e-01  5.9451287400e-01
    1.8700000000e+01  6.5013854000e-02  7.2297378000e-02  1.3446884000e-01  6.5026471800e-01  6.9059963500e-01  5.9178209800e-01
    1.8710000000e+01  6.3783292000e-02  7.0454853000e-02  1.3510591800e-01  6.4614394800e-01  6.8692409600e-01  5.8913781700e-01
    1.8720000000e+01  6.2630329000e-02  6.8629321000e-02  1.3573347000e-01  6.4201488000e-01  6.8320348500e-01  5.8657268400e-01
    1.8730000000e+01  6.1554610000e-02  6.6826817000e-02  1.3634763100e-01  6.3788141000e-01  6.7943241100e-01  5.8407941600e-01
    1.8740000000e+01  6.0555159000e-02  6.5054067000e-02  1.3694556200e-01  6.3374700600e-01  6.7560647100e-01  5.8165094300e-01
    1.8750000000e+01  5.9630583000e-02  6.3318309000e-02  1.3752523500e-01  6.2961458200e-01  6.7172216200e-01  5.7928042100e-01
    1.8760000000e+01  5.8779281000e-02  6.1627237000e-02  1.3808529600e-01  6.2548642900e-01  6.6777677400e-01  5.7696114600e-01
    1.8770000000e+01  5.7999662000e-02  5.9989075000e-02  1.3862505300e-01  6.2136420600e-01  6.6376832700e-01  5.7468644400e-01
    1.8780000000e+01  5.7290360000e-02  5.8412700000e-02  1.3914457400e-01  6.1724900000e-01  6.5969563200e-01  5.7244958300e-01
    1.8790000000e+01  5.6650423000e-02  5.6907764000e-02  1.3964487400e-01  6.1314143900e-01  6.5555849400e-01  5.7024377900e-01
    1.8800000000e+01  5.6079465000e-02  5.5484705000e-02  1.4012812000e-01  6.0904188100e-01  6.5135804100e-01  5.6806233800e-01
    1.8810000000e+01  5.5577737000e-02  5.4154596000e-02  1.4059780400e-01  6.0495065100e-01  6.4709711600e-01  5.6589892200e-01
    1.8820000000e+01  5.5146109000e-02  5.2928814000e-02  1.4105879500e-01  6.0086828700e-01  6.4278064000e-01  5.6374792300e-01
    1.8830000000e+01  5.4785964000e-02  5.1818527000e-02  1.4151724600e-01  5.9679575600e-01  6.3841587200e-01  5.6160489300e-01
    1.8840000000e+01  5.4499016000e-02  5.0834088000e-02  1.4198032000e-01  5.9273461200e-01  6.3401248100e-01  5.5946693500e-01
    1.8850000000e+01  5.4287117000e-02  4.9984384000e-02  1.4245578000e-01  5.8868707300e-01  6.2958241000e-01  5.5733299300e-01
    1.8860000000e+01  5.4152063000e-02  4.9276240000e-02  1.4295148200e-01  5.8465602200e-01  6.2513953300e-01  5.5520399100e-01
    1.8870000000e+01  5.4095432000e-02  4.8713955000e-02  1.4347486300e-01  5.8064496700e-01  6.2069910900e-01  5.5308279500e-01
    1.8880000000e+01  5.4118468000e-02  4.8299017000e-02  1.4403246700e-01  5.7665798100e-01  6.1627713200e-01  5.5097401300e-01
    1.8890000000e+01  5.4221970000e-02  4.8030049000e-02  1.4462957600e-01  5.7269962900e-01  6.1188961300e-01  5.4888367500e-01
    1.8900000000e+01  5.4406205000e-02  4.7902963000e-02  1.4526997200e-01  5.6877489500e-01  6.0755190100e-01  5.4681883700e-01
    1.8910000000e+01  5.4670813000e-02  4.7911328000e-02  1.4595583200e-01  5.6488909200e-01  6.0327811200e-01  5.4478716600e-01
    1.8920000000e+01  5.5014743000e-02  4.8046855000e-02  1.4668775500e-01  5.6104774400e-01  5.9908071900e-01  5.4279654000e-01
    1.8930000000e+01  5.5436203000e-02  4.8299964000e-02  1.4746488300e-01  5.5725645200e-01  5.9497034700e-01  5.4085472800e-01
    1.8940000000e+01  5.5932660000e-02  4.8660320000e-02  1.4828509200e-01  5.5352075100e-01  5.9095577000e-01  5.3896914700e-01
    1.8950000000e+01  5.6500880000e-02  4.9117301000e-02  1.4914519200e-01  5.4984597800e-01  5.8704407100e-01  5.3714671400e-01
    1.8960000000e+01  5.7136989000e-02  4.9660313000e-02  1.5004112300e-01  5.4623717100e-01  5.8324093000e-01  5.3539377300e-01
    1.8970000000e+01  5.7836550000e-02  5.0278951000e-02  1.5096811100e-01  5.4269900000e-01  5.7955095800e-01  5.3371608200e-01
    1.8980000000e+01  5.8594641000e-02  5.0962994000e-02  1.5192078300e-01  5.3923571900e-01  5.7597802100e-01  5.3211882100e-01
    1.8990000000e+01  5.9405916000e-02  5.1702260000e-02  1.5289325300e-01  5.3585115000e-01  5.7252547800e-01  5.3060661300e-01
    1.9000000000e+01  6.0264656000e-02  5.2486370000e-02  1.5387918200e-01  5.3254867700e-01  5.6919630100e-01  5.2918356400e-01
    1.9010000000e+01  6.1164793000e-02  5.3304483000e-02  1.5487179900e-01  5.2933124400e-01  5.6599303800e-01  5.2785329300e-01
    1.9020000000e+01  6.2099910000e-02  5.4145075000e-02  1.5586389400e-01  5.2620135900e-01  5.6291763000e-01  5.2661897800e-01
    1.9030000000e+01  6.3063230000e-02  5.4995806000e-02  1.5684775400e-01  5.2316105800e-01  5.5997110600e-01  5.2548337200e-01
    1.9040000000e+01  6.4047580000e-02  5.5843528000e-02  1.5781505400e-01  5.2021185700e-01  5.5715322100e-01  5.2444877000e-01
    1.9050000000e+01  6.5045381000e-02  5.6674437000e-02  1.5875673600e-01  5.1735465300e-01  5.5446206500e-01  5.2351689000e-01
    1.9060000000e+01  6.6048661000e-02  5.7474370000e-02  1.5966290700e-01  5.1458959200e-01  5.5189372000e-01  5.2268865800e-01
    1.9070000000e+01  6.7049111000e-02  5.8229239000e-02  1.6052283400e-01  5.1191592100e-01  5.4944198900e-01  5.2196389900e-01
    1.9080000000e+01  6.8038207000e-02  5.8925561000e-02  1.6132505700e-01  5.0933182900e-01  5.4709825700e-01  5.2134098000e-01
    1.9090000000e+01  6.9007383000e-02  5.9551065000e-02  1.6205767500e-01  5.0683430500e-01  5.4485150200e-01  5.2081648100e-01
    1.9100000000e+01  6.9948270000e-02  6.0095313000e-02  1.6270875800e-01  5.0441904200e-01  5.4268851000e-01  5.2038494800e-01
    1.9110000000e+01  7.0852982000e-02  6.0550265000e-02  1.6326686800e-01  5.0208039500e-01  5.4059427400e-01  5.2003881100e-01
    1.9120000000e+01  7.1714423000e-02  6.0910717000e-02  1.6372158700e-01  4.9981142600e-01  5.3855258600e-01  5.1976847800e-01
    1.9130000000e+01  7.2526604000e-02  6.1174546000e-02  1.6406399000e-01  4.9760403700e-01  5.3654674800e-01  5.1956261500e-01
    1.9140000000e+01  7.3284913000e-02  6.1342734000e-02  1.6428698300e-01  4.9544921200e-01  5.3456033100e-01  5.1940854900e-01
    1.9150000000e+01  7.3986322000e-02  6.1419149000e-02  1.6438548000e-01  4.9333732300e-01  5.3257789900e-01  5.1929272500e-01
    1.9160000000e+01  7.4629483000e-02  6.1410149000e-02  1.6435642500e-01  4.9125849700e-01  5.3058562500e-01  5.1920115400e-01
    1.9170000000e+01  7.5214727000e-02  6.1324027000e-02  1.6419869600e-01  4.8920298300e-01  5.2857174400e-01  5.1911976600e-01
    1.9180000000e+01  7.5743956000e-02  6.1170389000e-02  1.6391296200e-01  4.8716147900e-01  5.2652681400e-01  5.1903467800e-01
    1.9190000000e+01  7.6220480000e-02  6.0959512000e-02  1.6350154100e-01  4.8512540700e-01  5.2444378700e-01  5.1893236400e-01
    1.9200000000e+01  7.6648820000e-02  6.0701751000e-02  1.6296830700e-01  4.8308710500e-01  5.2231788800e-01  5.1879976800e-01
    1.9210000000e+01  7.7034528000e-02  6.0407041000e-02  1.6231864800e-01  4.8103998100e-01  5.2014635000e-01  5.1862442300e-01
    1.9220000000e+01  7.7384004000e-02  6.0084538000e-02  1.6155945800e-01  4.7897864800e-01  5.1792803000e-01  5.1839460300e-01
    1.9230000000e+01  7.7704314000e-02  5.9742434000e-02  1.6069911600e-01  4.7689906500e-01  5.1566298800e-01  5.1809953700e-01
    1.9240000000e+01  7.8002962000e-02  5.9387924000e-02  1.5974742500e-01  4.7479868100e-01  5.1335207000e-01  5.1772967500e-01
    1.9250000000e+01  7.8287598000e-02  5.9027311000e-02  1.5871546400e-01  4.7267656400e-01  5.1099658000e-01  5.1727699400e-01
    1.9260000000e+01  7.8565644000e-02  5.8666184000e-02  1.5761532600e-01  4.7053346600e-01  5.0859805400e-01  5.1673528100e-01
    1.9270000000e+01  7.8843878000e-02  5.8309620000e-02  1.5645976700e-01  4.6837176700e-01  5.0615816400e-01  5.1610037100e-01
    1.9280000000e+01  7.9128014000e-02  5.7962355000e-02  1.5526176300e-01  4.6619529000e-01  5.0367872000e-01  5.1537028200e-01
    1.9290000000e+01  7.9422357000e-02  5.7628883000e-02  1.5403403000e-01  4.6400898000e-01  5.0116172800e-01  5.1454522700e-01
    1.9300000000e+01  7.9729561000e-02  5.7313489000e-02  1.5278855000e-01  4.6181847500e-01  4.9860948100e-01  5.1362747300e-01
    1.9310000000e+01  8.0050539000e-02  5.7020221000e-02  1.5153614500e-01  4.5962964500e-01  4.9602462700e-01  5.1262108600e-01
    1.9320000000e+01  8.0384504000e-02  5.6752827000e-02  1.5028615200e-01  4.5744813700e-01  4.9341020700e-01  5.1153155600e-01
    1.9330000000e+01  8.0729128000e-02  5.6514677000e-02  1.4904622900e-01  4.5527896500e-01  4.9076966900e-01  5.1036536200e-01
    1.9340000000e+01  8.1080772000e-02  5.6308684000e-02  1.4782228100e-01  4.5312618900e-01  4.8810684100e-01  5.0912951600e-01
    1.9350000000e+01  8.1434771000e-02  5.6137223000e-02  1.4661852900e-01  4.5099264900e-01  4.8542590800e-01  5.0783112900e-01
    1.9360000000e+01  8.1785744000e-02  5.6002046000e-02  1.4543767900e-01  4.4887976900e-01  4.8273135900e-01  5.0647703100e-01
    1.9370000000e+01  8.2127941000e-02  5.5904175000e-02  1.4428118400e-01  4.4678742900e-01  4.8002791700e-01  5.0507348300e-01
    1.9380000000e+01  8.2455614000e-02  5.5843805000e-02  1.4314956000e-01  4.4471389000e-01  4.7732041700e-01  5.0362598000e-01
    1.9390000000e+01  8.2763417000e-02  5.5820210000e-02  1.4204272100e-01  4.4265581300e-01  4.7461363200e-01  5.0213917400e-01
    1.9400000000e+01  8.3046798000e-02  5.5831716000e-02  1.4096030800e-01  4.4060836700e-01  4.7191203900e-01  5.0061691900e-01
    1.9410000000e+01  8.3302378000e-02  5.5875746000e-02  1.3990195400e-01  4.3856545000e-01  4.6921956000e-01  4.9906241500e-01
    1.9420000000e+01  8.3528256000e-02  5.5948966000e-02  1.3886745100e-01  4.3652000200e-01  4.6653930500e-01  4.9747843500e-01
    1.9430000000e+01  8.3724229000e-02  5.6047520000e-02  1.3785681000e-01  4.3446439700e-01  4.6387335500e-01  4.9586757500e-01
    1.9440000000e+01  8.3891889000e-02  5.6167352000e-02  1.3687018900e-01  4.3239087700e-01  4.6122264100e-01  4.9423249600e-01
    1.9450000000e+01  8.4034620000e-02  5.6304551000e-02  1.3590773900e-01  4.3029199300e-01  4.5858692200e-01  4.9257608400e-01
    1.9460000000e+01  8.4157469000e-02  5.6455707000e-02  1.3496939600e-01  4.2816102000e-01  4.5596489500e-01  4.9090152300e-01
    1.9470000000e+01  8.4266943000e-02  5.6618204000e-02  1.3405466300e-01  4.2599231500e-01  4.5335441200e-01  4.8921227700e-01
    1.9480000000e+01  8.4370731000e-02  5.6790429000e-02  1.3316240900e-01  4.2378162100e-01  4.5075280200e-01  4.8751198200e-01
    1.9490000000e+01  8.4477376000e-02  5.6971850000e-02  1.3229071600e-01  4.2152630200e-01  4.4815723600e-01  4.8580426900e-01
    1.9500000000e+01  8.4595893000e-02  5.7162957000e-02  1.3143676400e-01  4.1922550400e-01  4.4556508800e-01  4.8409252900e-01
    1.9510000000e+01  8.4735368000e-02  5.7365078000e-02  1.3059679900e-01  4.1688022600e-01  4.4297424700e-01  4.8237961800e-01
    1.9520000000e+01  8.4904522000e-02  5.7580106000e-02  1.2976619200e-01  4.1449329900e-01  4.4038331800e-01  4.8066752300e-01
    1.9530000000e+01  8.5111305000e-02  5.7810193000e-02  1.2893963400e-01  4.1206924400e-01  4.3779169800e-01  4.7895702100e-01
    1.9540000000e+01  8.5362528000e-02  5.8057465000e-02  1.2811147100e-01  4.0961403500e-01  4.3519953000e-01  4.7724738700e-01
    1.9550000000e+01  8.5663580000e-02  5.8323810000e-02  1.2727616100e-01  4.0713476500e-01  4.3260756900e-01  4.7553622500e-01
    1.9560000000e+01  8.6018256000e-02  5.8610752000e-02  1.2642880900e-01  4.0463926100e-01  4.3001699600e-01  4.7381946700e-01
    1.9570000000e+01  8.6428688000e-02  5.8919431000e-02  1.2556568300e-01  4.0213568600e-01  4.2742924400e-01  4.7209156500e-01
    1.9580000000e+01  8.6895392000e-02  5.9250636000e-02  1.2468465700e-01  3.9963214700e-01  4.2484586300e-01  4.7034585900e-01
    1.9590000000e+01  8.7417404000e-02  5.9604877000e-02  1.2378551100e-01  3.9713635700e-01  4.2226845100e-01  4.6857508500e-01
    1.9600000000e+01  8.7992484000e-02  5.9982445000e-02  1.2287004800e-01  3.9465536300e-01  4.1969863200e-01  4.6677194600e-01
    1.9610000000e+01  8.8617370000e-02  6.0383442000e-02  1.2194202500e-01  3.9219535000e-01  4.1713809100e-01  4.6492969700e-01
    1.9620000000e+01  8.9288043000e-02  6.0807753000e-02  1.2100691300e-01  3.8976152800e-01  4.1458859500e-01  4.6304266400e-01
    1.9630000000e+01  8.9999977000e-02  6.1254987000e-02  1.2007150900e-01  3.8735809200e-01  4.1205200600e-01  4.6110666600e-01
    1.9640000000e+01  9.0748372000e-02  6.1724382000e-02  1.1914345100e-01  3.8498825200e-01  4.0953023200e-01  4.5911929000e-01
    1.9650000000e+01  9.1528335000e-02  6.2214734000e-02  1.1823069300e-01  3.8265428600e-01  4.0702513000e-01  4.5707999400e-01
    1.9660000000e+01  9.2335021000e-02  6.2724360000e-02  1.1734098300e-01  3.8035762500e-01  4.0453834600e-01  4.5499005100e-01
    1.9670000000e+01  9.3163744000e-02  6.3251132000e-02  1.1648141600e-01  3.7809893700e-01  4.0207113700e-01  4.5285234100e-01
    1.9680000000e+01  9.4010062000e-02  6.3792603000e-02  1.1565809300e-01  3.7587820200e-01  3.9962419400e-01  4.5067103900e-01
    1.9690000000e+01  9.4869848000e-02  6.4346195000e-02  1.1487590400e-01  3.7369478600e-01  3.9719752600e-01  4.4845123100e-01
    1.9700000000e+01  9.5739368000e-02  6.4909445000e-02  1.1413846000e-01  3.7154751600e-01  3.9479041700e-01  4.4619852800e-01
    1.9710000000e+01  9.6615348000e-02  6.5480249000e-02  1.1344812900e-01  3.6943475900e-01  3.9240148800e-01  4.4391870200e-01
    1.9720000000e+01  9.7495038000e-02  6.6057068000e-02  1.1280618500e-01  3.6735452600e-01  3.9002884800e-01  4.4161739600e-01
    1.9730000000e+01  9.8376261000e-02  6.6639071000e-02  1.1221301000e-01  3.6530458800e-01  3.8767030300e-01  4.3929991900e-01
    1.9740000000e+01  9.9257429000e-02  6.7226174000e-02  1.1166832000e-01  3.6328261900e-01  3.8532360600e-01  4.3697114900e-01
    1.9750000000e+01  1.0013752300e-01  6.7819017000e-02  1.1117136900e-01  3.6128634400e-01  3.8298668000e-01  4.3463551800e-01
    1.9760000000e+01  1.0101601400e-01  6.8418854000e-02  1.1072109600e-01  3.5931367800e-01  3.8065782100e-01  4.3229708200e-01
    1.9770000000e+01  1.0189274300e-01  6.9027416000e-02  1.1031619500e-01  3.5736283500e-01  3.7833584400e-01  4.2995960500e-01
    1.9780000000e+01  1.0276775700e-01  6.9646740000e-02  1.0995511300e-01  3.5543237000e-01  3.7602018000e-01  4.2762663000e-01
    1.9790000000e+01  1.0364115800e-01  7.0278993000e-02  1.0963599600e-01  3.5352115900e-01  3.7371092200e-01  4.2530150200e-01
    1.9800000000e+01  1.0451296500e-01  7.0926295000e-02  1.0935664800e-01  3.5162830400e-01  3.7140883100e-01  4.2298731000e-01
    1.9810000000e+01  1.0538306000e-01  7.1590553000e-02  1.0911451800e-01  3.4975298500e-01  3.6911529400e-01  4.2068678400e-01
    1.9820000000e+01  1.0625121200e-01  7.2273316000e-02  1.0890677000e-01  3.4789431100e-01  3.6683225400e-01  4.1840217500e-01
    1.9830000000e+01  1.0711717200e-01  7.2975648000e-02  1.0873042600e-01  3.4605119900e-01  3.6456210500e-01  4.1613515800e-01
    1.9840000000e+01  1.0798083600e-01  7.3698029000e-02  1.0858254700e-01  3.4422233000e-01  3.6230757100e-01  4.1388682000e-01
    1.9850000000e+01  1.0884240000e-01  7.4440284000e-02  1.0846042500e-01  3.4240618500e-01  3.6007155600e-01  4.1165772100e-01
    1.9860000000e+01  1.0970249500e-01  7.5201540000e-02  1.0836172400e-01  3.4060116400e-01  3.5785698900e-01  4.0944805100e-01
    1.9870000000e+01  1.1056224700e-01  7.5980217000e-02  1.0828454300e-01  3.3880574800e-01  3.5566665100e-01  4.0725782500e-01
    1.9880000000e+01  1.1142326800e-01  7.6774063000e-02  1.0822737900e-01  3.3701867800e-01  3.5350298700e-01  4.0508707700e-01
    1.9890000000e+01  1.1228758200e-01  7.7580241000e-02  1.0818902600e-01  3.3523910700e-01  3.5136791900e-01  4.0293601700e-01
    1.9900000000e+01  1.1315750500e-01  7.8395478000e-02  1.0816841900e-01  3.3346671600e-01  3.4926267800e-01  4.0080511100e-01
    1.9910000000e+01  1.1403550800e-01  7.9216286000e-02  1.0816448500e-01  3.3170177900e-01  3.4718768300e-01  3.9869509600e-01
    1.9920000000e+01  1.1492409000e-01  8.0039216000e-02  1.0817602000e-01  3.2994519200e-01  3.4514249700e-01  3.9660693700e-01
    1.9930000000e+01  1.1582564100e-01  8.0861132000e-02  1.0820160600e-01  3.2819848000e-01  3.4312588400e-01  3.9454176400e-01
    1.9940000000e+01  1.1674232100e-01  8.1679439000e-02  1.0823954800e-01  3.2646378800e-01  3.4113596400e-01  3.9250081500e-01
    1.9950000000e+01  1.1767592100e-01  8.2492236000e-02  1.0828781900e-01  3.2474384800e-01  3.3917044500e-01  3.9048537800e-01
    1.9960000000e+01  1.1862772300e-01  8.3298362000e-02  1.0834398200e-01  3.2304192600e-01  3.3722687600e-01  3.8849672100e-01
    1.9970000000e+01  1.1959835800e-01  8.4097346000e-02  1.0840511500e-01  3.2136171000e-01  3.3530288600e-01  3.8653597300e-01
    1.9980000000e+01  1.2058769500e-01  8.4889287000e-02  1.0846776300e-01  3.1970715800e-01  3.3339635300e-01  3.8460394800e-01
    1.9990000000e+01  1.2159477900e-01  8.5674704000e-02  1.0852796200e-01  3.1808230400e-01  3.3150549900e-01  3.8270091400e-01
    2.0000000000e+01  1.2261783200e-01  8.6454413000e-02  1.0858137700e-01  3.1649105300e-01  3.2962892400e-01  3.8082635300e-01
