# Dielectric function: real and imaginary components
#        Energy (eV)          Re_eps_x          Re_eps_y          Re_eps_z          Im_eps_x          Im_eps_y          Im_eps_z
    0.0000000000e+00  9.5610324930e+00  8.4277413690e+00  7.7068471600e+00  0.0000000000e+00  0.0000000000e+00  0.0000000000e+00
    1.0000000000e-02  9.5611451450e+00  8.4278286990e+00  7.7069216890e+00  3.4348990000e-03  2.6616350000e-03  2.2723240000e-03
    2.0000000000e-02  9.5614831260e+00  8.4280907060e+00  7.7071452910e+00  6.8705290000e-03  5.3238200000e-03  4.5451290000e-03
    3.0000000000e-02  9.5620465060e+00  8.4285274430e+00  7.7075180120e+00  1.0307619000e-02  7.9871070000e-03  6.8188950000e-03
    4.0000000000e-02  9.5628354000e+00  8.4291389980e+00  7.7080399280e+00  1.3746901000e-02  1.0652046000e-02  9.0941030000e-03
    5.0000000000e-02  9.5638499700e+00  8.4299254920e+00  7.7087111460e+00  1.7189109000e-02  1.3319192000e-02  1.1371237000e-02
    6.0000000000e-02  9.5650904280e+00  8.4308870830e+00  7.7095318010e+00  2.0634975000e-02  1.5989097000e-02  1.3650780000e-02
    7.0000000000e-02  9.5665570280e+00  8.4320239640e+00  7.7105020620e+00  2.4085238000e-02  1.8662318000e-02  1.5933218000e-02
    8.0000000000e-02  9.5682500740e+00  8.4333363620e+00  7.7116221260e+00  2.7540637000e-02  2.1339412000e-02  1.8219037000e-02
    9.0000000000e-02  9.5701699170e+00  8.4348245420e+00  7.7128922240e+00  3.1001913000e-02  2.4020940000e-02  2.0508727000e-02
    1.0000000000e-01  9.5723169530e+00  8.4364888020e+00  7.7143126140e+00  3.4469813000e-02  2.6707464000e-02  2.2802782000e-02
    1.1000000000e-01  9.5746916280e+00  8.4383294780e+00  7.7158835890e+00  3.7945087000e-02  2.9399552000e-02  2.5101695000e-02
    1.2000000000e-01  9.5772944340e+00  8.4403469390e+00  7.7176054700e+00  4.1428490000e-02  3.2097773000e-02  2.7405966000e-02
    1.3000000000e-01  9.5801259130e+00  8.4425415920e+00  7.7194786120e+00  4.4920780000e-02  3.4802701000e-02  2.9716098000e-02
    1.4000000000e-01  9.5831866540e+00  8.4449138820e+00  7.7215034000e+00  4.8422722000e-02  3.7514913000e-02  3.2032596000e-02
    1.5000000000e-01  9.5864772950e+00  8.4474642890e+00  7.7236802520e+00  5.1935087000e-02  4.0234993000e-02  3.4355972000e-02
    1.6000000000e-01  9.5899985220e+00  8.4501933280e+00  7.7260096180e+00  5.5458652000e-02  4.2963529000e-02  3.6686740000e-02
    1.7000000000e-01  9.5937510740e+00  8.4531015560e+00  7.7284919820e+00  5.8994200000e-02  4.5701114000e-02  3.9025423000e-02
    1.8000000000e-01  9.5977357350e+00  8.4561895630e+00  7.7311278580e+00  6.2542523000e-02  4.8448346000e-02  4.1372546000e-02
    1.9000000000e-01  9.6019533430e+00  8.4594579810e+00  7.7339177950e+00  6.6104420000e-02  5.1205832000e-02  4.3728642000e-02
    2.0000000000e-01  9.6064047850e+00  8.4629074760e+00  7.7368623750e+00  6.9680697000e-02  5.3974183000e-02  4.6094249000e-02
    2.1000000000e-01  9.6110910020e+00  8.4665387570e+00  7.7399622150e+00  7.3272172000e-02  5.6754020000e-02  4.8469914000e-02
    2.2000000000e-01  9.6160129830e+00  8.4703525700e+00  7.7432179650e+00  7.6879670000e-02  5.9545969000e-02  5.0856188000e-02
    2.3000000000e-01  9.6211717720e+00  8.4743497020e+00  7.7466303110e+00  8.0504026000e-02  6.2350665000e-02  5.3253632000e-02
    2.4000000000e-01  9.6265684660e+00  8.4785309770e+00  7.7501999730e+00  8.4146087000e-02  6.5168751000e-02  5.5662816000e-02
    2.5000000000e-01  9.6322042150e+00  8.4828972640e+00  7.7539277080e+00  8.7806711000e-02  6.8000881000e-02  5.8084315000e-02
    2.6000000000e-01  9.6380802240e+00  8.4874494710e+00  7.7578143080e+00  9.1486766000e-02  7.0847716000e-02  6.0518717000e-02
    2.7000000000e-01  9.6441977530e+00  8.4921885480e+00  7.7618606030e+00  9.5187135000e-02  7.3709928000e-02  6.2966617000e-02
    2.8000000000e-01  9.6505581190e+00  8.4971154860e+00  7.7660674590e+00  9.8908711000e-02  7.6588200000e-02  6.5428621000e-02
    2.9000000000e-01  9.6571626930e+00  8.5022313220e+00  7.7704357810e+00  1.0265240200e-01  7.9483226000e-02  6.7905345000e-02
    3.0000000000e-01  9.6640129070e+00  8.5075371360e+00  7.7749665120e+00  1.0641913300e-01  8.2395711000e-02  7.0397418000e-02
    3.1000000000e-01  9.6711102500e+00  8.5130340490e+00  7.7796606340e+00  1.1020983800e-01  8.5326373000e-02  7.2905479000e-02
    3.2000000000e-01  9.6784562680e+00  8.5187232310e+00  7.7845191700e+00  1.1402547300e-01  8.8275941000e-02  7.5430179000e-02
    3.3000000000e-01  9.6860525710e+00  8.5246058980e+00  7.7895431830e+00  1.1786700600e-01  9.1245160000e-02  7.7972185000e-02
    3.4000000000e-01  9.6939008290e+00  8.5306833080e+00  7.7947337760e+00  1.2173542400e-01  9.4234788000e-02  8.0532173000e-02
    3.5000000000e-01  9.7020027740e+00  8.5369567730e+00  7.8000920970e+00  1.2563173200e-01  9.7245598000e-02  8.3110836000e-02
    3.6000000000e-01  9.7103602010e+00  8.5434276480e+00  7.8056193330e+00  1.2955695300e-01  1.0027837600e-01  8.5708884000e-02
    3.7000000000e-01  9.7189749700e+00  8.5500973400e+00  7.8113167190e+00  1.3351212900e-01  1.0333392800e-01  8.8327038000e-02
    3.8000000000e-01  9.7278490080e+00  8.5569673060e+00  7.8171855330e+00  1.3749832400e-01  1.0641307500e-01  9.0966039000e-02
    3.9000000000e-01  9.7369843080e+00  8.5640390530e+00  7.8232270970e+00  1.4151662300e-01  1.0951665500e-01  9.3626644000e-02
    4.0000000000e-01  9.7463829300e+00  8.5713141410e+00  7.8294427820e+00  1.4556813100e-01  1.1264552600e-01  9.6309629000e-02
    4.1000000000e-01  9.7560470060e+00  8.5787941850e+00  7.8358340050e+00  1.4965397900e-01  1.1580056400e-01  9.9015788000e-02
    4.2000000000e-01  9.7659787370e+00  8.5864808510e+00  7.8424022330e+00  1.5377532100e-01  1.1898266600e-01  1.0174593400e-01
    4.3000000000e-01  9.7761803980e+00  8.5943758640e+00  7.8491489830e+00  1.5793333400e-01  1.2219275000e-01  1.0450090300e-01
    4.4000000000e-01  9.7866543360e+00  8.6024810020e+00  7.8560758210e+00  1.6212922500e-01  1.2543175600e-01  1.0728155100e-01
    4.5000000000e-01  9.7974029770e+00  8.6107981060e+00  7.8631843680e+00  1.6636422400e-01  1.2870064600e-01  1.1008875900e-01
    4.6000000000e-01  9.8084288200e+00  8.6193290720e+00  7.8704762950e+00  1.7063959400e-01  1.3200040900e-01  1.1292343000e-01
    4.7000000000e-01  9.8197344450e+00  8.6280758590e+00  7.8779533320e+00  1.7495662400e-01  1.3533205500e-01  1.1578649200e-01
    4.8000000000e-01  9.8313225130e+00  8.6370404880e+00  7.8856172620e+00  1.7931663400e-01  1.3869662500e-01  1.1867890100e-01
    4.9000000000e-01  9.8431957670e+00  8.6462250430e+00  7.8934699260e+00  1.8372097800e-01  1.4209518300e-01  1.2160164000e-01
    5.0000000000e-01  9.8553570330e+00  8.6556316740e+00  7.9015132260e+00  1.8817104100e-01  1.4552882500e-01  1.2455571900e-01
    5.1000000000e-01  9.8678092250e+00  8.6652625980e+00  7.9097491220e+00  1.9266824500e-01  1.4899867500e-01  1.2754218200e-01
    5.2000000000e-01  9.8805553450e+00  8.6751201000e+00  7.9181796390e+00  1.9721404600e-01  1.5250589100e-01  1.3056210100e-01
    5.3000000000e-01  9.8935984840e+00  8.6852065350e+00  7.9268068640e+00  2.0180993800e-01  1.5605166200e-01  1.3361658500e-01
    5.4000000000e-01  9.9069418290e+00  8.6955243300e+00  7.9356329500e+00  2.0645745700e-01  1.5963721100e-01  1.3670677600e-01
    5.5000000000e-01  9.9205886580e+00  8.7060759880e+00  7.9446601190e+00  2.1115817500e-01  1.6326379900e-01  1.3983385300e-01
    5.6000000000e-01  9.9345423490e+00  8.7168640860e+00  7.9538906610e+00  2.1591371100e-01  1.6693272300e-01  1.4299903500e-01
    5.7000000000e-01  9.9488063800e+00  8.7278912800e+00  7.9633269380e+00  2.2072572500e-01  1.7064532000e-01  1.4620358000e-01
    5.8000000000e-01  9.9633843300e+00  8.7391603050e+00  7.9729713860e+00  2.2559592400e-01  1.7440297000e-01  1.4944879000e-01
    5.9000000000e-01  9.9782798840e+00  8.7506739810e+00  7.9828265160e+00  2.3052606500e-01  1.7820709300e-01  1.5273601300e-01
    6.0000000000e-01  9.9934968340e+00  8.7624352090e+00  7.9928949190e+00  2.3551795300e-01  1.8205915900e-01  1.5606664100e-01
    6.1000000000e-01  1.0009039085e+01  8.7744469800e+00  8.0031792630e+00  2.4057344500e-01  1.8596068200e-01  1.5944212100e-01
    6.2000000000e-01  1.0024910653e+01  8.7867123740e+00  8.0136823020e+00  2.4569445200e-01  1.8991322700e-01  1.6286394800e-01
    6.3000000000e-01  1.0041115674e+01  8.7992345640e+00  8.0244068750e+00  2.5088294500e-01  1.9391841300e-01  1.6633367500e-01
    6.4000000000e-01  1.0057658402e+01  8.8120168150e+00  8.0353559060e+00  2.5614095100e-01  1.9797791300e-01  1.6985291300e-01
    6.5000000000e-01  1.0074543216e+01  8.8250624940e+00  8.0465324150e+00  2.6147055800e-01  2.0209345700e-01  1.7342333600e-01
    6.6000000000e-01  1.0091774620e+01  8.8383750650e+00  8.0579395120e+00  2.6687392000e-01  2.0626683800e-01  1.7704668000e-01
    6.7000000000e-01  1.0109357252e+01  8.8519580990e+00  8.0695804040e+00  2.7235325900e-01  2.1049991300e-01  1.8072475300e-01
    6.8000000000e-01  1.0127295882e+01  8.8658152720e+00  8.0814584000e+00  2.7791086500e-01  2.1479460400e-01  1.8445943500e-01
    6.9000000000e-01  1.0145595421e+01  8.8799503700e+00  8.0935769110e+00  2.8354910200e-01  2.1915290600e-01  1.8825268300e-01
    7.0000000000e-01  1.0164260919e+01  8.8943672950e+00  8.1059394540e+00  2.8927041000e-01  2.2357688900e-01  1.9210653600e-01
    7.1000000000e-01  1.0183297578e+01  8.9090700640e+00  8.1185496570e+00  2.9507730800e-01  2.2806870000e-01  1.9602311900e-01
    7.2000000000e-01  1.0202710747e+01  8.9240628160e+00  8.1314112610e+00  3.0097240100e-01  2.3263057300e-01  2.0000464900e-01
    7.3000000000e-01  1.0222505934e+01  8.9393498150e+00  8.1445281260e+00  3.0695837700e-01  2.3726482400e-01  2.0405344100e-01
    7.4000000000e-01  1.0242688806e+01  8.9549354540e+00  8.1579042310e+00  3.1303801800e-01  2.4197386800e-01  2.0817191300e-01
    7.5000000000e-01  1.0263265197e+01  8.9708242590e+00  8.1715436830e+00  3.1921420100e-01  2.4676021300e-01  2.1236259300e-01
    7.6000000000e-01  1.0284241113e+01  8.9870208930e+00  8.1854507170e+00  3.2548990000e-01  2.5162647400e-01  2.1662812600e-01
    7.7000000000e-01  1.0305622735e+01  9.0035301610e+00  8.1996297030e+00  3.3186819700e-01  2.5657537400e-01  2.2097128300e-01
    7.8000000000e-01  1.0327416428e+01  9.0203570150e+00  8.2140851480e+00  3.3835227900e-01  2.6160975200e-01  2.2539496600e-01
    7.9000000000e-01  1.0349628743e+01  9.0375065570e+00  8.2288217030e+00  3.4494545000e-01  2.6673257200e-01  2.2990222000e-01
    8.0000000000e-01  1.0372266429e+01  9.0549840460e+00  8.2438441660e+00  3.5165113300e-01  2.7194692700e-01  2.3449624000e-01
    8.1000000000e-01  1.0395336432e+01  9.0727949020e+00  8.2591574890e+00  3.5847287400e-01  2.7725605100e-01  2.3918038500e-01
    8.2000000000e-01  1.0418845908e+01  9.0909447110e+00  8.2747667790e+00  3.6541435500e-01  2.8266332300e-01  2.4395818600e-01
    8.3000000000e-01  1.0442802227e+01  9.1094392310e+00  8.2906773050e+00  3.7247939200e-01  2.8817228300e-01  2.4883335800e-01
    8.4000000000e-01  1.0467212982e+01  9.1282843960e+00  8.3068945030e+00  3.7967194700e-01  2.9378663400e-01  2.5380981900e-01
    8.5000000000e-01  1.0492085992e+01  9.1474863230e+00  8.3234239820e+00  3.8699613300e-01  2.9951026100e-01  2.5889169500e-01
    8.6000000000e-01  1.0517429316e+01  9.1670513170e+00  8.3402715250e+00  3.9445622300e-01  3.0534723800e-01  2.6408334700e-01
    8.7000000000e-01  1.0543251260e+01  9.1869858780e+00  8.3574430970e+00  4.0205665800e-01  3.1130184300e-01  2.6938937800e-01
    8.8000000000e-01  1.0569560380e+01  9.2072967020e+00  8.3749448460e+00  4.0980205500e-01  3.1737857100e-01  2.7481466000e-01
    8.9000000000e-01  1.0596365499e+01  9.2279906920e+00  8.3927831100e+00  4.1769721500e-01  3.2358214900e-01  2.8036434800e-01
    9.0000000000e-01  1.0623675711e+01  9.2490749590e+00  8.4109644200e+00  4.2574713400e-01  3.2991755600e-01  2.8604391000e-01
    9.1000000000e-01  1.0651500391e+01  9.2705568300e+00  8.4294954980e+00  4.3395701500e-01  3.3639003600e-01  2.9185914500e-01
    9.2000000000e-01  1.0679849208e+01  9.2924438500e+00  8.4483832650e+00  4.4233227500e-01  3.4300512200e-01  2.9781621200e-01
    9.3000000000e-01  1.0708732134e+01  9.3147437900e+00  8.4676348390e+00  4.5087856000e-01  3.4976865600e-01  3.0392166200e-01
    9.4000000000e-01  1.0738159455e+01  9.3374646450e+00  8.4872575340e+00  4.5960175400e-01  3.5668680900e-01  3.1018246900e-01
    9.5000000000e-01  1.0768141781e+01  9.3606146410e+00  8.5072588550e+00  4.6850799800e-01  3.6376611400e-01  3.1660606400e-01
    9.6000000000e-01  1.0798690063e+01  9.3842022360e+00  8.5276464990e+00  4.7760369600e-01  3.7101348600e-01  3.2320037700e-01
    9.7000000000e-01  1.0829815600e+01  9.4082361180e+00  8.5484283410e+00  4.8689553900e-01  3.7843625600e-01  3.2997387600e-01
    9.8000000000e-01  1.0861530053e+01  9.4327252050e+00  8.5696124280e+00  4.9639051200e-01  3.8604220300e-01  3.3693561400e-01
    9.9000000000e-01  1.0893845463e+01  9.4576786380e+00  8.5912069590e+00  5.0609592000e-01  3.9383959000e-01  3.4409528200e-01
    1.0000000000e+00  1.0926774260e+01  9.4831057780e+00  8.6132202680e+00  5.1601939800e-01  4.0183720400e-01  3.5146326300e-01
    1.0100000000e+00  1.0960329281e+01  9.5090161950e+00  8.6356607930e+00  5.2616893900e-01  4.1004439100e-01  3.5905068600e-01
    1.0200000000e+00  1.0994523783e+01  9.5354196490e+00  8.6585370470e+00  5.3655290900e-01  4.1847110900e-01  3.6686949500e-01
    1.0300000000e+00  1.1029371462e+01  9.5623260740e+00  8.6818575640e+00  5.4718007100e-01  4.2712797100e-01  3.7493251600e-01
    1.0400000000e+00  1.1064886465e+01  9.5897455510e+00  8.7056308540e+00  5.5805961100e-01  4.3602629500e-01  3.8325352500e-01
    1.0500000000e+00  1.1101083413e+01  9.6176882710e+00  8.7298653240e+00  5.6920116400e-01  4.4517816000e-01  3.9184732300e-01
    1.0600000000e+00  1.1137977414e+01  9.6461644960e+00  8.7545692010e+00  5.8061484000e-01  4.5459645600e-01  4.0072981600e-01
    1.0700000000e+00  1.1175584083e+01  9.6751845020e+00  8.7797504190e+00  5.9231125600e-01  4.6429494400e-01  4.0991808100e-01
    1.0800000000e+00  1.1213919561e+01  9.7047585140e+00  8.8054165010e+00  6.0430156900e-01  4.7428830600e-01  4.1943044900e-01
    1.0900000000e+00  1.1253000537e+01  9.7348966230e+00  8.8315744000e+00  6.1659750900e-01  4.8459219800e-01  4.2928655900e-01
    1.1000000000e+00  1.1292844263e+01  9.7656086940e+00  8.8582303290e+00  6.2921142200e-01  4.9522329400e-01  4.3950741600e-01
    1.1100000000e+00  1.1333468578e+01  9.7969042460e+00  8.8853895460e+00  6.4215630200e-01  5.0619932100e-01  4.5011542100e-01
    1.1200000000e+00  1.1374891930e+01  9.8287923270e+00  8.9130561170e+00  6.5544584500e-01  5.1753907700e-01  4.6113437100e-01
    1.1300000000e+00  1.1417133394e+01  9.8612813610e+00  8.9412326500e+00  6.6909449200e-01  5.2926242800e-01  4.7258942600e-01
    1.1400000000e+00  1.1460212695e+01  9.8943789860e+00  8.9699200020e+00  6.8311747900e-01  5.4139028000e-01  4.8450701200e-01
    1.1500000000e+00  1.1504150229e+01  9.9280918830e+00  8.9991169710e+00  6.9753089900e-01  5.5394450500e-01  4.9691467000e-01
    1.1600000000e+00  1.1548967085e+01  9.9624256000e+00  9.0288199880e+00  7.1235175500e-01  5.6694783100e-01  5.0984081400e-01
    1.1700000000e+00  1.1594685065e+01  9.9973843930e+00  9.0590228320e+00  7.2759803300e-01  5.8042368100e-01  5.2331440900e-01
    1.1800000000e+00  1.1641326702e+01  1.0032971088e+01  9.0897163960e+00  7.4328876900e-01  5.9439595300e-01  5.3736454200e-01
    1.1900000000e+00  1.1688915282e+01  1.0069187000e+01  9.1208885420e+00  7.5944412600e-01  6.0888875800e-01  5.5201991900e-01
    1.2000000000e+00  1.1737474858e+01  1.0106031914e+01  9.1525240730e+00  7.7608547700e-01  6.2392611900e-01  5.6730829400e-01
    1.2100000000e+00  1.1787030264e+01  1.0143504152e+01  9.1846048610e+00  7.9323549800e-01  6.3953165900e-01  5.8325587200e-01
    1.2200000000e+00  1.1837607129e+01  1.0181600730e+01  9.2171101300e+00  8.1091826000e-01  6.5572830400e-01  5.9988675100e-01
    1.2300000000e+00  1.1889231880e+01  1.0220317594e+01  9.2500168810e+00  8.2915933500e-01  6.7253804700e-01  6.1722245900e-01
    1.2400000000e+00  1.1941931747e+01  1.0259649904e+01  9.2833003950e+00  8.4798590800e-01  6.8998178900e-01  6.3528163600e-01
    1.2500000000e+00  1.1995734758e+01  1.0299592318e+01  9.3169347410e+00  8.6742689400e-01  7.0807926700e-01  6.5407987400e-01
    1.2600000000e+00  1.2050669726e+01  1.0340139238e+01  9.3508931980e+00  8.8751306600e-01  7.2684904500e-01  6.7362965500e-01
    1.2700000000e+00  1.2106766230e+01  1.0381284992e+01  9.3851485700e+00  9.0827718100e-01  7.4630850300e-01  6.9394029100e-01
    1.2800000000e+00  1.2164054582e+01  1.0423023999e+01  9.4196734550e+00  9.2975412700e-01  7.6647375400e-01  7.1501773100e-01
    1.2900000000e+00  1.2222565784e+01  1.0465351016e+01  9.4544406360e+00  9.5198105400e-01  7.8735947200e-01  7.3686419200e-01
    1.3000000000e+00  1.2282331473e+01  1.0508261584e+01  9.4894238230e+00  9.7499752300e-01  8.0897866500e-01  7.5947767300e-01
    1.3100000000e+00  1.2343383851e+01  1.0551752771e+01  9.5245989080e+00  9.9884564000e-01  8.3134258500e-01  7.8285166600e-01
    1.3200000000e+00  1.2405755601e+01  1.0595824166e+01  9.5599456880e+00  1.0235701960e+00  8.5446099600e-01  8.0697544900e-01
    1.3300000000e+00  1.2469479797e+01  1.0640478908e+01  9.5954496660e+00  1.0492187820e+00  8.7834302900e-01  8.3183538800e-01
    1.3400000000e+00  1.2534589804e+01  1.0685724341e+01  9.6311032910e+00  1.0758418980e+00  9.0299871000e-01  8.5741735700e-01
    1.3500000000e+00  1.2601119179e+01  1.0731571880e+01  9.6669058700e+00  1.1034930330e+00  9.2844094100e-01  8.8370997600e-01
    1.3600000000e+00  1.2669101596e+01  1.0778035755e+01  9.7028616220e+00  1.1322287240e+00  9.5468745400e-01  9.1070784000e-01
    1.3700000000e+00  1.2738570794e+01  1.0825130666e+01  9.7389758780e+00  1.1621085870e+00  9.8176207900e-01  9.3841362100e-01
    1.3800000000e+00  1.2809560581e+01  1.0872868755e+01  9.7752501220e+00  1.1931953310e+00  1.0096946690e+00  9.6683797300e-01
    1.3900000000e+00  1.2882104928e+01  1.0921256677e+01  9.8116771420e+00  1.2255547770e+00  1.0385193560e+00  9.9599662700e-01
    1.4000000000e+00  1.2956238149e+01  1.0970293670e+01  9.8482378320e+00  1.2592559100e+00  1.0682712270e+00  1.0259048370e+00
    1.4100000000e+00  1.3031995214e+01  1.1019971439e+01  9.8849009780e+00  1.2943710310e+00  1.0989819930e+00  1.0565701330e+00
    1.4200000000e+00  1.3109412149e+01  1.1070276294e+01  9.9216267890e+00  1.3309760680e+00  1.1306756120e+00  1.0879849470e+00
    1.4300000000e+00  1.3188526508e+01  1.1121193528e+01  9.9583741590e+00  1.3691511330e+00  1.1633649760e+00  1.1201209640e+00
    1.4400000000e+00  1.3269377794e+01  1.1172713466e+01  9.9951107080e+00  1.4089814040e+00  1.1970507300e+00  1.1529269780e+00
    1.4500000000e+00  1.3352007696e+01  1.1224838138e+01  1.0031823911e+01  1.4505583470e+00  1.2317229870e+00  1.1863315190e+00
    1.4600000000e+00  1.3436459964e+01  1.1277587166e+01  1.0068530945e+01  1.4939812500e+00  1.2673662100e+00  1.2202506970e+00
    1.4700000000e+00  1.3522779743e+01  1.1331001351e+01  1.0105284783e+01  1.5393589120e+00  1.3039667810e+00  1.2546005070e+00
    1.4800000000e+00  1.3611012278e+01  1.1385142724e+01  1.0142174466e+01  1.5868112640e+00  1.3415220600e+00  1.2893116090e+00
    1.4900000000e+00  1.3701201038e+01  1.1440090518e+01  1.0179318638e+01  1.6364705990e+00  1.3800491120e+00  1.3243435780e+00
    1.5000000000e+00  1.3793385438e+01  1.1495933519e+01  1.0216853061e+01  1.6884821810e+00  1.4195911380e+00  1.3596953890e+00
    1.5100000000e+00  1.3887598528e+01  1.1552760211e+01  1.0254914442e+01  1.7430040720e+00  1.4602200700e+00  1.3954095130e+00
    1.5200000000e+00  1.3983865005e+01  1.1610648795e+01  1.0293623992e+01  1.8002062500e+00  1.5020346890e+00  1.4315685440e+00
    1.5300000000e+00  1.4082199890e+01  1.1669659166e+01  1.0333074225e+01  1.8602692940e+00  1.5451547590e+00  1.4682850670e+00
    1.5400000000e+00  1.4182608013e+01  1.1729828404e+01  1.0373321637e+01  1.9233830320e+00  1.5897125850e+00  1.5056870870e+00
    1.5500000000e+00  1.4285084205e+01  1.1791170412e+01  1.0414386451e+01  1.9897456510e+00  1.6358439130e+00  1.5439021700e+00
    1.5600000000e+00  1.4389613889e+01  1.1853679414e+01  1.0456259061e+01  2.0595636210e+00  1.6836800170e+00  1.5830434360e+00
    1.5700000000e+00  1.4496173559e+01  1.1917336311e+01  1.0498911563e+01  2.1330526590e+00  1.7333424300e+00  1.6231999450e+00
    1.5800000000e+00  1.4604730567e+01  1.1982116471e+01  1.0542312039e+01  2.2104396740e+00  1.7849411440e+00  1.6644329940e+00
    1.5900000000e+00  1.4715241671e+01  1.2047997419e+01  1.0586438964e+01  2.2919653550e+00  1.8385764900e+00  1.7067787770e+00
    1.6000000000e+00  1.4827649981e+01  1.2114964986e+01  1.0631293228e+01  2.3778868450e+00  1.8943443040e+00  1.7502568650e+00
    1.6100000000e+00  1.4941880169e+01  1.2183016753e+01  1.0676905733e+01  2.4684797690e+00  1.9523435210e+00  1.7948830480e+00
    1.6200000000e+00  1.5057832156e+01  1.2252162060e+01  1.0723339236e+01  2.5640388590e+00  2.0126849870e+00  1.8406845050e+00
    1.6300000000e+00  1.5175373743e+01  1.2322418285e+01  1.0770683952e+01  2.6648765280e+00  2.0755001250e+00  1.8877148890e+00
    1.6400000000e+00  1.5294332910e+01  1.2393803640e+01  1.0819047395e+01  2.7713189210e+00  2.1409480680e+00  1.9360669810e+00
    1.6500000000e+00  1.5414490662e+01  1.2466327129e+01  1.0868539706e+01  2.8836992190e+00  2.2092200250e+00  1.9858808500e+00
    1.6600000000e+00  1.5535575378e+01  1.2539976781e+01  1.0919256478e+01  3.0023482920e+00  2.2805398620e+00  2.0373460230e+00
    1.6700000000e+00  1.5657259627e+01  1.2614707631e+01  1.0971261521e+01  3.1275831240e+00  2.3551602880e+00  2.0906970300e+00
    1.6800000000e+00  1.5779160245e+01  1.2690431201e+01  1.1024572245e+01  3.2596937780e+00  2.4333546570e+00  2.1462026340e+00
    1.6900000000e+00  1.5900842210e+01  1.2767008229e+01  1.1079150077e+01  3.3989300030e+00  2.5154051330e+00  2.2041502490e+00
    1.7000000000e+00  1.6021826373e+01  1.2844245990e+01  1.1134897548e+01  3.5454887060e+00  2.6015887920e+00  2.2648280310e+00
    1.7100000000e+00  1.6141600709e+01  1.2921900676e+01  1.1191662392e+01  3.6995034860e+00  2.6921637850e+00  2.3285076860e+00
    1.7200000000e+00  1.6259634316e+01  1.2999684250e+01  1.1249247547e+01  3.8610371420e+00  2.7873576990e+00  2.3954309480e+00
    1.7300000000e+00  1.6375393305e+01  1.3077274135e+01  1.1307424653e+01  4.0300777670e+00  2.8873596680e+00  2.4658017360e+00
    1.7400000000e+00  1.6488357689e+01  1.3154323620e+01  1.1365948068e+01  4.2065386970e+00  2.9923167130e+00  2.5397845940e+00
    1.7500000000e+00  1.6598038511e+01  1.3230471042e+01  1.1424566620e+01  4.3902625480e+00  3.1023335350e+00  2.6175084730e+00
    1.7600000000e+00  1.6703994406e+01  1.3305346631e+01  1.1483031286e+01  4.5810295450e+00  3.2174741410e+00  2.6990738020e+00
    1.7700000000e+00  1.6805846569e+01  1.3378577234e+01  1.1541098368e+01  4.7785703380e+00  3.3377634200e+00  2.7845603330e+00
    1.7800000000e+00  1.6903290792e+01  1.3449790255e+01  1.1598529030e+01  4.9825832900e+00  3.4631874220e+00  2.8740336120e+00
    1.7900000000e+00  1.6996105035e+01  1.3518618753e+01  1.1655086942e+01  5.1927556590e+00  3.5936923980e+00  2.9675489130e+00
    1.8000000000e+00  1.7084151032e+01  1.3584709271e+01  1.1710535946e+01  5.4087874580e+00  3.7291841590e+00  3.0651526830e+00
    1.8100000000e+00  1.7167368916e+01  1.3647732543e+01  1.1764639070e+01  5.6304161560e+00  3.8695303310e+00  3.1668826570e+00
    1.8200000000e+00  1.7245764415e+01  1.3707395356e+01  1.1817159148e+01  5.8574399430e+00  4.0145680750e+00  3.2727682850e+00
    1.8300000000e+00  1.7319389059e+01  1.3763450112e+01  1.1867860118e+01  6.0897370520e+00  4.1641185280e+00  3.3828329130e+00
    1.8400000000e+00  1.7388314756e+01  1.3815697987e+01  1.1916507289e+01  6.3272786890e+00  4.3180068900e+00  3.4970981890e+00
    1.8500000000e+00  1.7452605281e+01  1.3863982465e+01  1.1962864731e+01  6.5701335870e+00  4.4760846790e+00  3.6155899590e+00
    1.8600000000e+00  1.7512288212e+01  1.3908172319e+01  1.2006688725e+01  6.8184634630e+00  4.6382490240e+00  3.7383437710e+00
    1.8700000000e+00  1.7567331076e+01  1.3948136012e+01  1.2047717424e+01  7.0725105760e+00  4.8044538840e+00  3.8654076980e+00
    1.8800000000e+00  1.7617624381e+01  1.3983711945e+01  1.2085658177e+01  7.3325805840e+00  4.9747097630e+00  3.9968405500e+00
    1.8900000000e+00  1.7662971957e+01  1.4014679984e+01  1.2120174701e+01  7.5990249500e+00  5.1490711770e+00  4.1327045880e+00
    1.9000000000e+00  1.7703086450e+01  1.4040739062e+01  1.2150876351e+01  7.8722265670e+00  5.3276137940e+00  4.2730529730e+00
    1.9100000000e+00  1.7737586063e+01  1.4061493815e+01  1.2177311149e+01  8.1525902440e+00  5.5104046880e+00  4.4179130010e+00
    1.9200000000e+00  1.7765988427e+01  1.4076451313e+01  1.2198963631e+01  8.4405370870e+00  5.6974694380e+00  4.5672663920e+00
    1.9300000000e+00  1.7787698634e+01  1.4085027618e+01  1.2215258198e+01  8.7364995340e+00  5.8887590840e+00  4.7210278430e+00
    1.9400000000e+00  1.7801990547e+01  1.4086563516e+01  1.2225568622e+01  9.0409124230e+00  6.0841192000e+00  4.8790230400e+00
    1.9500000000e+00  1.7807983092e+01  1.4080348758e+01  1.2229234408e+01  9.3541950720e+00  6.2832630030e+00  5.0409676860e+00
    1.9600000000e+00  1.7804616088e+01  1.4065654108e+01  1.2225584379e+01  9.6767202200e+00  6.4857505630e+00  5.2064496870e+00
    1.9700000000e+00  1.7790632711e+01  1.4041769893e+01  1.2213967060e+01  1.0008768139e+01  6.6909764320e+00  5.3749171440e+00
    1.9800000000e+00  1.7764576818e+01  1.4008048878e+01  1.2193786295e+01  1.0350468504e+01  6.8981679350e+00  5.5456748650e+00
    1.9900000000e+00  1.7724811576e+01  1.3963950326e+01  1.2164539354e+01  1.0701737528e+01  7.1063957610e+00  5.7178916180e+00
    2.0000000000e+00  1.7669560773e+01  1.3909081367e+01  1.2125853835e+01  1.1062221315e+01  7.3145975350e+00  5.8906193110e+00
    2.0100000000e+00  1.7596967296e+01  1.3843231358e+01  1.2077519079e+01  1.1431256000e+01  7.5216137180e+00  6.0628239420e+00
    2.0200000000e+00  1.7505157512e+01  1.3766394927e+01  1.2019507828e+01  1.1807850159e+01  7.7262335200e+00  6.2334264200e+00
    2.0300000000e+00  1.7392298976e+01  1.3678780122e+01  1.1951984459e+01  1.2190686765e+01  7.9272466990e+00  6.4013496320e+00
    2.0400000000e+00  1.7256643309e+01  1.3580799829e+01  1.1875297723e+01  1.2578134312e+01  8.1234954260e+00  6.5655665210e+00
    2.0500000000e+00  1.7096554914e+01  1.3473047358e+01  1.1789958241e+01  1.2968253303e+01  8.3139196030e+00  6.7251430810e+00
    2.0600000000e+00  1.6910535856e+01  1.3356260314e+01  1.1696603818e+01  1.3358787379e+01  8.4975898840e+00  6.8792706580e+00
    2.0700000000e+00  1.6697263344e+01  1.3231279251e+01  1.1595957970e+01  1.3747137210e+01  8.6737252860e+00  7.0272838080e+00
    2.0800000000e+00  1.6455655882e+01  1.3099008181e+01  1.1488788078e+01  1.4130326853e+01  8.8416960850e+00  7.1686629950e+00
    2.0900000000e+00  1.6184976717e+01  1.2960382062e+01  1.1375868764e+01  1.4504982083e+01  9.0010160800e+00  7.3030244100e+00
    2.1000000000e+00  1.5884970684e+01  1.2816342947e+01  1.1257953823e+01  1.4867344458e+01  9.1513297110e+00  7.4301010350e+00
    2.1100000000e+00  1.5556017063e+01  1.2667823100e+01  1.1135757512e+01  1.5213341434e+01  9.2923983640e+00  7.5497191660e+00
    2.1200000000e+00  1.5199270915e+01  1.2515731947e+01  1.1009944401e+01  1.5538722241e+01  9.4240872730e+00  7.6617733280e+00
    2.1300000000e+00  1.4816762037e+01  1.2360944848e+01  1.0881126958e+01  1.5839254323e+01  9.5463516470e+00  7.7662010090e+00
    2.1400000000e+00  1.4411425620e+01  1.2204294419e+01  1.0749870979e+01  1.6110960229e+01  9.6592197310e+00  7.8629581620e+00
    2.1500000000e+00  1.3987050598e+01  1.2046567745e+01  1.0616709847e+01  1.6350364284e+01  9.7627721660e+00  7.9519973440e+00
    2.1600000000e+00  1.3548147209e+01  1.1888513385e+01  1.0482168048e+01  1.6554715244e+01  9.8571203500e+00  8.0332521010e+00
    2.1700000000e+00  1.3099749966e+01  1.1730859937e+01  1.0346792237e+01  1.6722155820e+01  9.9423897170e+00  8.1066324680e+00
    2.1800000000e+00  1.2647182437e+01  1.1574343740e+01  1.0211184960e+01  1.6851820804e+01  1.0018715030e+01  8.1720359710e+00
    2.1900000000e+00  1.2195813932e+01  1.1419738783e+01  1.0076033374e+01  1.6943859079e+01  1.0086252983e+01  8.2293757990e+00
    2.2000000000e+00  1.1750835257e+01  1.1267879127e+01  9.9421245620e+00  1.6999387883e+01  1.0145212868e+01  8.2786235180e+00
    2.2100000000e+00  1.1317072358e+01  1.1119664556e+01  9.8103409270e+00  1.7020397275e+01  1.0195900549e+01  8.3198593360e+00
    2.2200000000e+00  1.0898845296e+01  1.0976043624e+01  9.6816332900e+00  1.7009626834e+01  1.0238766452e+01  8.3533202860e+00
    2.2300000000e+00  1.0499868721e+01  1.0837973630e+01  9.5569742160e+00  1.6970434246e+01  1.0274446441e+01  8.3794366780e+00
    2.2400000000e+00  1.0123182512e+01  1.0706362351e+01  9.4372980020e+00  1.6906667829e+01  1.0303785603e+01  8.3988495610e+00
    2.2500000000e+00  9.7710996570e+00  1.0582000142e+01  9.3234358050e+00  1.6822545176e+01  1.0327838301e+01  8.4124055910e+00
    2.2600000000e+00  9.4451628710e+00  1.0465492666e+01  9.2160545580e+00  1.6722532064e+01  1.0347842232e+01  8.4211292930e+00
    2.2700000000e+00  9.1461093400e+00  1.0357204305e+01  9.1156072540e+00  1.6611212471e+01  1.0365168311e+01  8.4261755770e+00
    2.2800000000e+00  8.8738508100e+00  1.0257220725e+01  9.0223006920e+00  1.6493142754e+01  1.0381251716e+01  8.4287673980e+00
    2.2900000000e+00  8.6274810450e+00  1.0165336727e+01  8.9360850010e+00  1.6372689506e+01  1.0397512059e+01  8.4301251170e+00
    2.3000000000e+00  8.4053229030e+00  1.0081072374e+01  8.8566671450e+00  1.6253858617e+01  1.0415272603e+01  8.4313953990e+00
    2.3100000000e+00  8.2050230050e+00  1.0003716578e+01  8.7835478010e+00  1.6140130197e+01  1.0435689247e+01  8.4335883410e+00
    2.3200000000e+00  8.0236943850e+00  9.9323931410e+00  8.7160776620e+00  1.6034317966e+01  1.0459699509e+01  8.4375312260e+00
    2.3300000000e+00  7.8580987940e+00  9.8661401760e+00  8.6535259290e+00  1.5938471519e+01  1.0487999297e+01  8.4438455940e+00
    2.3400000000e+00  7.7048525430e+00  9.8039909600e+00  8.5951512140e+00  1.5853835499e+01  1.0521051179e+01  8.4529510750e+00
    2.3500000000e+00  7.5606347350e+00  9.7450433190e+00  8.5402641550e+00  1.5780872410e+01  1.0559122583e+01  8.4650952680e+00
    2.3600000000e+00  7.4223751510e+00  9.6885061090e+00  8.4882719160e+00  1.5719347009e+01  1.0602347000e+01  8.4804045690e+00
    2.3700000000e+00  7.2874010570e+00  9.6337150280e+00  8.4386974040e+00  1.5668461557e+01  1.0650796875e+01  8.4989471390e+00
    2.3800000000e+00  7.1535273550e+00  9.5801153400e+00  8.3911700620e+00  1.5627023668e+01  1.0704554340e+01  8.5207967670e+00
    2.3900000000e+00  7.0190825000e+00  9.5272151700e+00  8.3453899380e+00  1.5593623199e+01  1.0763765889e+01  8.5460856760e+00
    2.4000000000e+00  6.8828728250e+00  9.4745188340e+00  8.3010718080e+00  1.5566792708e+01  1.0828669678e+01  8.5750357040e+00
    2.4100000000e+00  6.7440988370e+00  9.4214538880e+00  8.2578803340e+00  1.5545128887e+01  1.0899589220e+01  8.6079609850e+00
    2.4200000000e+00  6.6022461510e+00  9.3673071730e+00  8.2153695430e+00  1.5527360525e+01  1.0976894014e+01  8.6452407540e+00
    2.4300000000e+00  6.4569779440e+00  9.3111832200e+00  8.1729392390e+00  1.5512360926e+01  1.1060934467e+01  8.6872671740e+00
    2.4400000000e+00  6.3080529630e+00  9.2519933590e+00  8.1298171920e+00  1.5499115919e+01  1.1151963699e+01  8.7343782840e+00
    2.4500000000e+00  6.1552835610e+00  9.1884769390e+00  8.0850700880e+00  1.5486668431e+01  1.1250060656e+01  8.7867888100e+00
    2.4600000000e+00  5.9985350690e+00  9.1192493730e+00  8.0376400020e+00  1.5474063447e+01  1.1355067221e+01  8.8445307810e+00
    2.4700000000e+00  5.8377559330e+00  9.0428671740e+00  7.9863985120e+00  1.5460312448e+01  1.1466547135e+01  8.9074121830e+00
    2.4800000000e+00  5.6730215340e+00  8.9578988890e+00  7.9302088350e+00  1.5444386462e+01  1.1583768572e+01  8.9749967470e+00
    2.4900000000e+00  5.5045750930e+00  8.8629928860e+00  7.8679874130e+00  1.5425236349e+01  1.1705706883e+01  9.0466031830e+00
    2.5000000000e+00  5.3328547660e+00  8.7569371540e+00  7.7987595950e+00  1.5401831805e+01  1.1831060982e+01  9.1213191820e+00
    2.5100000000e+00  5.1585033520e+00  8.6387111490e+00  7.7217077870e+00  1.5373208773e+01  1.1958276767e+01  9.1980248830e+00
    2.5200000000e+00  4.9823625280e+00  8.5075335330e+00  7.6362135770e+00  1.5338517423e+01  1.2085573641e+01  9.2754220920e+00
    2.5300000000e+00  4.8054554190e+00  8.3629111210e+00  7.5418966190e+00  1.5297066965e+01  1.2210974685e+01  9.3520685150e+00
    2.5400000000e+00  4.6289603020e+00  8.2046926640e+00  7.4386521370e+00  1.5248366655e+01  1.2332345826e+01  9.4264194140e+00
    2.5500000000e+00  4.4541761130e+00  8.0331263480e+00  7.3266858940e+00  1.5192163236e+01  1.2447452512e+01  9.4968810760e+00
    2.5600000000e+00  4.2824790100e+00  7.8489133060e+00  7.2065413750e+00  1.5128474115e+01  1.2554042149e+01  9.5618800110e+00
    2.5700000000e+00  4.1152692030e+00  7.6532433400e+00  7.0791103350e+00  1.5057614132e+01  1.2649956023e+01  9.6199486120e+00
    2.5800000000e+00  3.9539082060e+00  7.4477960230e+00  6.9456166400e+00  1.4980212885e+01  1.2733266187e+01  9.6698224820e+00
    2.5900000000e+00  3.7996477350e+00  7.2346924610e+00  6.8075654230e+00  1.4897219326e+01  1.2802423101e+01  9.7105385480e+00
    2.6000000000e+00  3.6535522900e+00  7.0163905970e+00  6.6666553940e+00  1.4809890395e+01  1.2856391804e+01  9.7415185570e+00
    2.6100000000e+00  3.5164184390e+00  6.7955286210e+00  6.5246600820e+00  1.4719760221e+01  1.2894751162e+01  9.7626214620e+00
    2.6200000000e+00  3.3886954420e+00  6.5747335790e+00  6.3832919130e+00  1.4628586274e+01  1.2917734059e+01  9.7741516800e+00
    2.6300000000e+00  3.2704144600e+00  6.3564220130e+00  6.2440685700e+00  1.4538269604e+01  1.2926196126e+01  9.7768177210e+00
    2.6400000000e+00  3.1611362870e+00  6.1426230540e+00  6.1082021210e+00  1.4450748993e+01  1.2921514373e+01  9.7716452940e+00
    2.6500000000e+00  3.0599288840e+00  5.9348505770e+00  5.9765274280e+00  1.4367873485e+01  1.2905430999e+01  9.7598580780e+00
    2.6600000000e+00  2.9653845920e+00  5.7340407410e+00  5.8494783460e+00  1.4291263527e+01  1.2879867640e+01  9.7427450420e+00
    2.6700000000e+00  2.8756822000e+00  5.5405577820e+00  5.7271108470e+00  1.4222175684e+01  1.2846738620e+01  9.7215341090e+00
    2.6800000000e+00  2.7886920960e+00  5.3542585590e+00  5.6091641330e+00  1.4161387854e+01  1.2807787911e+01  9.6972882040e+00
    2.6900000000e+00  2.7021155690e+00  5.1745984860e+00  5.4951462670e+00  1.4109120051e+01  1.2764465846e+01  9.6708331640e+00
    2.7000000000e+00  2.6136439440e+00  5.0007595850e+00  5.3844303110e+00  1.4065000904e+01  1.2717851691e+01  9.6427201090e+00
    2.7100000000e+00  2.5211210090e+00  4.8317841860e+00  5.2763493300e+00  1.4028083565e+01  1.2668620396e+01  9.6132197410e+00
    2.7200000000e+00  2.4226926890e+00  4.6667026750e+00  5.1702820600e+00  1.3996908628e+01  1.2617047919e+01  9.5823434980e+00
    2.7300000000e+00  2.3169303650e+00  4.5046478530e+00  5.0657239260e+00  1.3969606841e+01  1.2563048813e+01  9.5498859070e+00
    2.7400000000e+00  2.2029174890e+00  4.3449506060e+00  4.9623397350e+00  1.3944030861e+01  1.2506240624e+01  9.5154826250e+00
    2.7500000000e+00  2.0802931240e+00  4.1872119320e+00  4.8599953430e+00  1.3917902748e+01  1.2446029918e+01  9.4786784920e+00
    2.7600000000e+00  1.9492507840e+00  4.0313463330e+00  4.7587666790e+00  1.3888962371e+01  1.2381713687e+01  9.4389991710e+00
    2.7700000000e+00  1.8104966450e+00  3.8775926610e+00  4.6589264150e+00  1.3855102298e+01  1.2312587673e+01  9.3960193030e+00
    2.7800000000e+00  1.6651764730e+00  3.7264912870e+00  4.5609111700e+00  1.3814477830e+01  1.2238051288e+01  9.3494203300e+00
    2.7900000000e+00  1.5147838830e+00  3.5788304650e+00  4.4652745080e+00  1.3765586440e+01  1.2157698537e+01  9.2990328220e+00
    2.8000000000e+00  1.3610621790e+00  3.4355684420e+00  4.3726322110e+00  1.3707317271e+01  1.2071386123e+01  9.2448608080e+00
    2.8100000000e+00  1.2059083270e+00  3.2977402170e+00  4.2836059330e+00  1.3638976135e+01  1.1979273169e+01  9.1870883390e+00
    2.8200000000e+00  1.0512822790e+00  3.1663583510e+00  4.1987698480e+00  1.3560292702e+01  1.1881830290e+01  9.1260701510e+00
    2.8300000000e+00  8.9912065400e-01  3.0423166660e+00  4.1186033890e+00  1.3471414394e+01  1.1779818328e+01  9.0623086830e+00
    2.8400000000e+00  7.5125259800e-01  2.9263050850e+00  4.0434524780e+00  1.3372887410e+01  1.1674238716e+01  8.9964193050e+00
    2.8500000000e+00  6.0931777200e-01  2.8187436710e+00  3.9735019730e+00  1.3265622036e+01  1.1566259172e+01  8.9290854900e+00
    2.8600000000e+00  4.7469039700e-01  2.7197436760e+00  3.9087625990e+00  1.3150838934e+01  1.1457120837e+01  8.8610065500e+00
    2.8700000000e+00  3.4841648300e-01  2.6291019700e+00  3.8490754600e+00  1.3029995755e+01  1.1348036407e+01  8.7928424640e+00
    2.8800000000e+00  2.3117202100e-01  2.5463316640e+00  3.7941355970e+00  1.2904697881e+01  1.1240091891e+01  8.7251622610e+00
    2.8900000000e+00  1.2324756400e-01  2.4707261550e+00  3.7435329740e+00  1.2776601035e+01  1.1134166112e+01  8.6584034730e+00
    2.9000000000e+00  2.4560459000e-02  2.4014475280e+00  3.6968058090e+00  1.2647315229e+01  1.1030880425e+01  8.5928493680e+00
    2.9100000000e+00 -6.5308000000e-02  2.3376250180e+00  3.6534981770e+00  1.2518318752e+01  1.0930586271e+01  8.5286279280e+00
    2.9200000000e+00 -1.4705586100e-01  2.2784470190e+00  3.6132126670e+00  1.2390888526e+01  1.0833391084e+01  8.4657326350e+00
    2.9300000000e+00 -2.2159057700e-01  2.2232315780e+00  3.5756496960e+00  1.2266050552e+01  1.0739215563e+01  8.4040609070e+00
    2.9400000000e+00 -2.8995212900e-01  2.1714653090e+00  3.5406279100e+00  1.2144552135e+01  1.0647869506e+01  8.3434629290e+00
    2.9500000000e+00 -3.5323532000e-01  2.1228076580e+00  3.5080839080e+00  1.2026856163e+01  1.0559130827e+01  8.2837921660e+00
    2.9600000000e+00 -4.1251728100e-01  2.0770644650e+00  3.4780533650e+00  1.1913156393e+01  1.0472813498e+01  8.2249495120e+00
    2.9700000000e+00 -4.6879607200e-01  2.0341399540e+00  3.4506383370e+00  1.1803410994e+01  1.0388814158e+01  8.1669150620e+00
    2.9800000000e+00 -5.2294543700e-01  1.9939786590e+00  3.4259669370e+00  1.1697389555e+01  1.0307132523e+01  8.1097642650e+00
    2.9900000000e+00 -5.7568876800e-01  1.9565086560e+00  3.4041515850e+00  1.1594726897e+01  1.0227865829e+01  8.0536676510e+00
    3.0000000000e+00 -6.2759243100e-01  1.9215954820e+00  3.3852515430e+00  1.1494976164e+01  1.0151181475e+01  7.9988752920e+00
    3.0100000000e+00 -6.7907537600e-01  1.8890134710e+00  3.3692446690e+00  1.1397654413e+01  1.0077274657e+01  7.9456886550e+00
    3.0200000000e+00 -7.3042953700e-01  1.8584381370e+00  3.3560124000e+00  1.1302276166e+01  1.0006319297e+01  7.8944240010e+00
    3.0300000000e+00 -7.8184462100e-01  1.8294599490e+00  3.3453404610e+00  1.1208373439e+01  9.9384211350e+00  7.8453729660e+00
    3.0400000000e+00 -8.3343153200e-01  1.8016164230e+00  3.3369353980e+00  1.1115503664e+01  9.8735812820e+00  7.7987669400e+00
    3.0500000000e+00 -8.8524051800e-01  1.7744363850e+00  3.3304540820e+00  1.1023248699e+01  9.8116765380e+00  7.7547516900e+00
    3.0600000000e+00 -9.3727204800e-01  1.7474882350e+00  3.3255404310e+00  1.0931208855e+01  9.7524596370e+00  7.7133768680e+00
    3.0700000000e+00 -9.8948011000e-01  1.7204236290e+00  3.3218619950e+00  1.0838995614e+01  9.6955787660e+00  7.6746018930e+00
    3.0800000000e+00 -1.0417686860e+00  1.6930093300e+00  3.3191391670e+00  1.0746226277e+01  9.6406122330e+00  7.6383159980e+00
    3.0900000000e+00 -1.0939830450e+00  1.6651426060e+00  3.3171618300e+00  1.0652523278e+01  9.5871116110e+00  7.6043670980e+00
    3.1000000000e+00 -1.1458984490e+00  1.6368489450e+00  3.3157915520e+00  1.0557520314e+01  9.5346457240e+00  7.5725924620e+00
    3.1100000000e+00 -1.1972097570e+00  1.6082642060e+00  3.3149511180e+00  1.0460876348e+01  9.4828382390e+00  7.5428444060e+00
    3.1200000000e+00 -1.2475259230e+00  1.5796061660e+00  3.3146061330e+00  1.0362296882e+01  9.4313936070e+00  7.5150062360e+00
    3.1300000000e+00 -1.2963728720e+00  1.5511420490e+00  3.3147449480e+00  1.0261559879e+01  9.3801090180e+00  7.4889969080e+00
    3.1400000000e+00 -1.3432066140e+00  1.5231586710e+00  3.3153626960e+00  1.0158542181e+01  9.3288735210e+00  7.4647663140e+00
    3.1500000000e+00 -1.3874361820e+00  1.4959400220e+00  3.3164530590e+00  1.0053241826e+01  9.2776585280e+00  7.4422857230e+00
    3.1600000000e+00 -1.4284538510e+00  1.4697539460e+00  3.3180081640e+00  9.9457926080e+00  9.2265054970e+00  7.4215389180e+00
    3.1700000000e+00 -1.4656690280e+00  1.4448459590e+00  3.3200238280e+00  9.8364690240e+00  9.1755161980e+00  7.4025185910e+00
    3.1800000000e+00 -1.4985422890e+00  1.4214356110e+00  3.3225053230e+00  9.7256815590e+00  9.1248483880e+00  7.3852299830e+00
    3.1900000000e+00 -1.5266169590e+00  1.3997101540e+00  3.3254685980e+00  9.6139633370e+00  9.0747161530e+00  7.3697004990e+00
    3.2000000000e+00 -1.5495464420e+00  1.3798120380e+00  3.3289336020e+00  9.5019493730e+00  9.0253908380e+00  7.3559911850e+00
    3.2100000000e+00 -1.5671158370e+00  1.3618202700e+00  3.3329094160e+00  9.3903495380e+00  8.9771969340e+00  7.3442046320e+00
    3.2200000000e+00 -1.5792560910e+00  1.3457294750e+00  3.3373742060e+00  9.2799165420e+00  8.9304982200e+00  7.3344844920e+00
    3.2300000000e+00 -1.5860489690e+00  1.3314331090e+00  3.3422554130e+00  9.1714111440e+00  8.8856726890e+00  7.3270043320e+00
    3.2400000000e+00 -1.5877218590e+00  1.3187173560e+00  3.3474161510e+00  9.0655680350e+00  8.8430790150e+00  7.3219469900e+00
    3.2500000000e+00 -1.5846333640e+00  1.3072697510e+00  3.3526521790e+00  8.9630664440e+00  8.8030209390e+00  7.3194788140e+00
    3.2600000000e+00 -1.5772528530e+00  1.2967023010e+00  3.3577007160e+00  8.8645088110e+00  8.7657173720e+00  7.3197248750e+00
    3.2700000000e+00 -1.5661387370e+00  1.2865846130e+00  3.3622588470e+00  8.7704085970e+00  8.7312847370e+00  7.3227508920e+00
    3.2800000000e+00 -1.5519200470e+00  1.2764798020e+00  3.3660066580e+00  8.6811853480e+00  8.6997344910e+00  7.3285552510e+00
    3.2900000000e+00 -1.5352838640e+00  1.2659758610e+00  3.3686295430e+00  8.5971627160e+00  8.6709845650e+00  7.3370713920e+00
    3.3000000000e+00 -1.5169679310e+00  1.2547073350e+00  3.3698352550e+00  8.5185645110e+00  8.6448800790e+00  7.3481779240e+00
    3.3100000000e+00 -1.4977548340e+00  1.2423655170e+00  3.3693636090e+00  8.4455052710e+00  8.6212174430e+00  7.3617124090e+00
    3.3200000000e+00 -1.4784625260e+00  1.2286983770e+00  3.3669891720e+00  8.3779748000e+00  8.5997665950e+00  7.3774847880e+00
    3.3300000000e+00 -1.4599264610e+00  1.2135032110e+00  3.3625189850e+00  8.3158193880e+00  8.5802880290e+00  7.3952876820e+00
    3.3400000000e+00 -1.4429706950e+00  1.1966154030e+00  3.3557879900e+00  8.2587249640e+00  8.5625431280e+00  7.4149023390e+00
    3.3500000000e+00 -1.4283685380e+00  1.1778963930e+00  3.3466547200e+00  8.2062083790e+00  8.5462977220e+00  7.4361004810e+00
    3.3600000000e+00 -1.4167965220e+00  1.1572234630e+00  3.3349991210e+00  8.1576222580e+00  8.5313196300e+00  7.4586432660e+00
    3.3700000000e+00 -1.4087879220e+00  1.1344835520e+00  3.3207235280e+00  8.1121765850e+00  8.5173716960e+00  7.4822791910e+00
    3.3800000000e+00 -1.4046931740e+00  1.1095727130e+00  3.3037568370e+00  8.0689770130e+00  8.5042026120e+00  7.5067429770e+00
    3.3900000000e+00 -1.4046540170e+00  1.0824017040e+00  3.2840609080e+00  8.0270764330e+00  8.4915385390e+00  7.5317572340e+00
    3.4000000000e+00 -1.4085961050e+00  1.0529066920e+00  3.2616373920e+00  7.9855335120e+00  8.4790786120e+00  7.5570380890e+00
    3.4100000000e+00 -1.4162416100e+00  1.0210624690e+00  3.2365327080e+00  7.9434702880e+00  8.4664965590e+00  7.5823048560e+00
    3.4200000000e+00 -1.4271396160e+00  9.8689476900e-01  3.2088390580e+00  7.9001209800e+00  8.4534490470e+00  7.6072926220e+00
    3.4300000000e+00 -1.4407088430e+00  9.5048844400e-01  3.1786901680e+00  7.8548660790e+00  8.4395894680e+00  7.6317656230e+00
    3.4400000000e+00 -1.4562853030e+00  9.1198947300e-01  3.1462516480e+00  7.8072490330e+00  8.4245845260e+00  7.6555288800e+00
    3.4500000000e+00 -1.4731674940e+00  8.7160036400e-01  3.1117070770e+00  7.7569766710e+00  8.4081304480e+00  7.6784357740e+00
    3.4600000000e+00 -1.4906537000e+00  8.2957004100e-01  3.0752418480e+00  7.7039075580e+00  8.3899660400e+00  7.7003900350e+00
    3.4700000000e+00 -1.5080691090e+00  7.8618030400e-01  3.0370271680e+00  7.6480339960e+00  8.3698807500e+00  7.7213416410e+00
    3.4800000000e+00 -1.5247835770e+00  7.4173142000e-01  2.9972066120e+00  7.5894628020e+00  8.3477170410e+00  7.7412771320e+00
    3.4900000000e+00 -1.5402228600e+00  6.9652930500e-01  2.9558871390e+00  7.5283980530e+00  8.3233675930e+00  7.7602057310e+00
    3.5000000000e+00 -1.5538764640e+00  6.5087622800e-01  2.9131358300e+00  7.4651266670e+00  8.2967687820e+00  7.7781432110e+00
    3.5100000000e+00 -1.5653043790e+00  6.0506613300e-01  2.8689827720e+00  7.4000059990e+00  8.2678926030e+00  7.7950957840e+00
    3.5200000000e+00 -1.5741435970e+00  5.5938454300e-01  2.8234297200e+00  7.3334520530e+00  8.2367394360e+00  7.8110462400e+00
    3.5300000000e+00 -1.5801142950e+00  5.1411191400e-01  2.7764633890e+00  7.2659272150e+00  8.2033338570e+00  7.8259443720e+00
    3.5400000000e+00 -1.5830251550e+00  4.6952829300e-01  2.7280715190e+00  7.1979269490e+00  8.1677249100e+00  7.8397032380e+00
    3.5500000000e+00 -1.5827772540e+00  4.2591658000e-01  2.6782592670e+00  7.1299653620e+00  8.1299911080e+00  7.8522021190e+00
    3.5600000000e+00 -1.5793661080e+00  3.8356171100e-01  2.6270631010e+00  7.0625597000e+00  8.0902489240e+00  7.8632959310e+00
    3.5700000000e+00 -1.5728814170e+00  3.4274394400e-01  2.5745595550e+00  6.9962139130e+00  8.0486621900e+00  7.8728295970e+00
    3.5800000000e+00 -1.5635040380e+00  3.0372598900e-01  2.5208670810e+00  6.9314015280e+00  8.0054489980e+00  7.8806546350e+00
    3.5900000000e+00 -1.5514996420e+00  2.6673558900e-01  2.4661407050e+00  6.8685482920e+00  7.9608828190e+00  7.8866445780e+00
    3.6000000000e+00 -1.5372085820e+00  2.3194678700e-01  2.4105609560e+00  6.8080152240e+00  7.9152857380e+00  7.8907060870e+00
    3.6100000000e+00 -1.5210315230e+00  1.9946388500e-01  2.3543198870e+00  6.7500830100e+00  7.8690135650e+00  7.8927836910e+00
    3.6200000000e+00 -1.5034105460e+00  1.6931181500e-01  2.2976076880e+00  6.6949390100e+00  7.8224346710e+00  7.8928578330e+00
    3.6300000000e+00 -1.4848057840e+00  1.4143531300e-01  2.2406030110e+00  6.6426686540e+00  7.7759060070e+00  7.8909377230e+00
    3.6400000000e+00 -1.4656685310e+00  1.1570736400e-01  2.1834688770e+00  6.5932534610e+00  7.7297505660e+00  7.8870518820e+00
    3.6500000000e+00 -1.4464131040e+00  9.1945241000e-02  2.1263541740e+00  6.5465777920e+00  7.6842402590e+00  7.8812398270e+00
    3.6600000000e+00 -1.4273912020e+00  6.9930755000e-02  2.0693988220e+00  6.5024454810e+00  7.6395868750e+00  7.8735477430e+00
    3.6700000000e+00 -1.4088733290e+00  4.9430477000e-02  2.0127393610e+00  6.4606053680e+00  7.5959417510e+00  7.8640293990e+00
    3.6800000000e+00 -1.3910413080e+00  3.0212078000e-02  1.9565115800e+00  6.4207821600e+00  7.5534025500e+00  7.8527513800e+00
    3.6900000000e+00 -1.3739936240e+00  1.2054408000e-02  1.9008479720e+00  6.3827069760e+00  7.5120238840e+00  7.8397998500e+00
    3.7000000000e+00 -1.3577620530e+00 -5.2488550000e-03  1.8458699050e+00  6.3461414810e+00  7.4718279850e+00  7.8252852450e+00
    3.7100000000e+00 -1.3423348610e+00 -2.1890214000e-02  1.7916765530e+00  6.3108911840e+00  7.4328123950e+00  7.8093418790e+00
    3.7200000000e+00 -1.3276802790e+00 -3.8051053000e-02  1.7383339810e+00  6.2768067800e+00  7.3949532890e+00  7.7921211500e+00
    3.7300000000e+00 -1.3137645930e+00 -5.3903099000e-02  1.6858679570e+00  6.2437759210e+00  7.3582049380e+00  7.7737791430e+00
    3.7400000000e+00 -1.3005616720e+00 -6.9606640000e-02  1.6342630800e+00  6.2117102210e+00  7.3224972940e+00  7.7544611460e+00
    3.7500000000e+00 -1.2880539350e+00 -8.5305013000e-02  1.5834691510e+00  6.1805327760e+00  7.2877343040e+00  7.7342866140e+00
    3.7600000000e+00 -1.2762273980e+00 -1.0111643900e-01  1.5334138410e+00  6.1501701430e+00  7.2537953930e+00  7.7133380610e+00
    3.7700000000e+00 -1.2650647030e+00 -1.1712543600e-01  1.4840191110e+00  6.1205504240e+00  7.2205415560e+00  7.6916564560e+00
    3.7800000000e+00 -1.2545398710e+00 -1.3337661100e-01  1.4352179220e+00  6.0916067640e+00  7.1878260450e+00  7.6692441350e+00
    3.7900000000e+00 -1.2446172210e+00 -1.4987324300e-01  1.3869677630e+00  6.0632839190e+00  7.1555080800e+00  7.6460744170e+00
    3.8000000000e+00 -1.2352552090e+00 -1.6658193900e-01  1.3392584310e+00  6.0355449100e+00  7.1234669160e+00  7.6221055750e+00
    3.8100000000e+00 -1.2264143110e+00 -1.8344308000e-01  1.2921129990e+00  6.0083750570e+00  7.0916132290e+00  7.5972960010e+00
    3.8200000000e+00 -1.2180669690e+00 -2.0038529400e-01  1.2455825510e+00  5.9817816920e+00  7.0598953630e+00  7.5716174480e+00
    3.8300000000e+00 -1.2102072270e+00 -2.1734128000e-01  1.1997365100e+00  5.9557890710e+00  7.0282991630e+00  7.5450640850e+00
    3.8400000000e+00 -1.2028578900e+00 -2.3426213900e-01  1.1546510300e+00  5.9304291630e+00  6.9968414830e+00  7.5176562530e+00
    3.8500000000e+00 -1.1960737220e+00 -2.5112784200e-01  1.1103979060e+00  5.9057297320e+00  6.9655586400e+00  7.4894390690e+00
    3.8600000000e+00 -1.1899399270e+00 -2.6795227000e-01  1.0670359890e+00  5.8817014790e+00  6.9344917790e+00  7.4604769360e+00
    3.8700000000e+00 -1.1845658460e+00 -2.8478215700e-01  1.0246063260e+00  5.8583260270e+00  6.9036714390e+00  7.4308456710e+00
    3.8800000000e+00 -1.1800743470e+00 -3.0169007800e-01  9.8313144400e-01  5.8355464230e+00  6.8731035710e+00  7.4006241540e+00
    3.8900000000e+00 -1.1765878810e+00 -3.1876230300e-01  9.4261831900e-01  5.8132616900e+00  6.8427591310e+00  7.3698873700e+00
    3.9000000000e+00 -1.1742127720e+00 -3.3608305900e-01  9.0306385400e-01  5.7913266500e+00  6.8125690160e+00  7.3387023070e+00
    3.9100000000e+00 -1.1730238470e+00 -3.5371735500e-01  8.6446114800e-01  5.7695576680e+00  6.7824256410e+00  7.3071275090e+00
    3.9200000000e+00 -1.1730518660e+00 -3.7169513100e-01  8.2680456500e-01  5.7477440440e+00  6.7521915950e+00  7.2752162050e+00
    3.9300000000e+00 -1.1742760680e+00 -3.8999973100e-01  7.9009183500e-01  5.7256636100e+00  6.7217146260e+00  7.2430219520e+00
    3.9400000000e+00 -1.1766233690e+00 -4.0856337500e-01  7.5432205000e-01  5.7031000280e+00  6.6908467860e+00  7.2106048390e+00
    3.9500000000e+00 -1.1799744180e+00 -4.2727112700e-01  7.1948960600e-01  5.6798586260e+00  6.6594642830e+00  7.1780358200e+00
    3.9600000000e+00 -1.1841750980e+00 -4.4597302300e-01  6.8557554100e-01  5.6557778010e+00  6.6274840390e+00  7.1453969450e+00
    3.9700000000e+00 -1.1890506860e+00 -4.6450196300e-01  6.5253883800e-01  5.6307340470e+00  6.5948734680e+00  7.1127762920e+00
    3.9800000000e+00 -1.1944192570e+00 -4.8269348600e-01  6.2031076200e-01  5.6046403190e+00  6.5616517400e+00  7.0802580260e+00
    3.9900000000e+00 -1.2001012850e+00 -5.0040328100e-01  5.8879460900e-01  5.5774392860e+00  6.5278829800e+00  7.0479097380e+00
    4.0000000000e+00 -1.2059236540e+00 -5.1751934700e-01  5.5787174700e-01  5.5490942770e+00  6.4936639230e+00  7.0157702210e+00
    4.0100000000e+00 -1.2117180690e+00 -5.3396760900e-01  5.2741292900e-01  5.5195811650e+00  6.4591093730e+00  6.9838408380e+00
    4.0200000000e+00 -1.2173154700e+00 -5.4971171100e-01  4.9729238100e-01  5.4888838270e+00  6.4243385720e+00  6.9520824900e+00
    4.0300000000e+00 -1.2225390470e+00 -5.6474882800e-01  4.6740168300e-01  5.4569945330e+00  6.3894642520e+00  6.9204185100e+00
    4.0400000000e+00 -1.2271986590e+00 -5.7910347000e-01  4.3766101900e-01  5.4239190510e+00  6.3545848120e+00  6.8887422780e+00
    4.0500000000e+00 -1.2310887490e+00 -5.9282056800e-01  4.0802658700e-01  5.3896849640e+00  6.3197791120e+00  6.8569276090e+00
    4.0600000000e+00 -1.2339907100e+00 -6.0595833700e-01  3.7849417000e-01  5.3543509950e+00  6.2851032270e+00  6.8248400860e+00
    4.0700000000e+00 -1.2356794510e+00 -6.1858091000e-01  3.4909945600e-01  5.3180152280e+00  6.2505888980e+00  6.7923482490e+00
    4.0800000000e+00 -1.2359330270e+00 -6.3075084400e-01  3.1991564000e-01  5.2808207230e+00  6.2162438490e+00  6.7593341700e+00
    4.0900000000e+00 -1.2345439810e+00 -6.4252198100e-01  2.9104847100e-01  5.2429579480e+00  6.1820542440e+00  6.7257031150e+00
    4.1000000000e+00 -1.2313313070e+00 -6.5393348200e-01  2.6262868700e-01  5.2046640510e+00  6.1479891910e+00  6.6913917020e+00
    4.1100000000e+00 -1.2261524510e+00 -6.6500574300e-01  2.3480214900e-01  5.1662192000e+00  6.1140067070e+00  6.6563735380e+00
    4.1200000000e+00 -1.2189150590e+00 -6.7573844100e-01  2.0771863100e-01  5.1279399720e+00  6.0800602430e+00  6.6206613910e+00
    4.1300000000e+00 -1.2095880320e+00 -6.8611046400e-01  1.8152083600e-01  5.0901693600e+00  6.0461049910e+00  6.5843055100e+00
    4.1400000000e+00 -1.1982108540e+00 -6.9608117400e-01  1.5633523600e-01  5.0532628310e+00  6.0121036260e+00  6.5473886710e+00
    4.1500000000e+00 -1.1848994320e+00 -7.0559263200e-01  1.3226571500e-01  5.0175703240e+00  5.9780315540e+00  6.5100192740e+00
    4.1600000000e+00 -1.1698462700e+00 -7.1457277100e-01  1.0939011200e-01  4.9834151000e+00  5.9438818650e+00  6.4723240100e+00
    4.1700000000e+00 -1.1533131460e+00 -7.2293983400e-01  8.7758949000e-02  4.9510717320e+00  5.9096699710e+00  6.4344412350e+00
    4.1800000000e+00 -1.1356156720e+00 -7.3060839800e-01  6.7395338000e-02  4.9207465610e+00  5.8754375330e+00  6.3965154380e+00
    4.1900000000e+00 -1.1171009300e+00 -7.3749705500e-01  4.8295272000e-02  4.8925642560e+00  5.8412549320e+00  6.3586925840e+00
    4.2000000000e+00 -1.0981211560e+00 -7.4353742000e-01  3.0427902000e-02  4.8665632500e+00  5.8072215220e+00  6.3211158300e+00
    4.2100000000e+00 -1.0790076160e+00 -7.4868377400e-01  1.3735832000e-02  4.8427011650e+00  5.7734629670e+00  6.2839210760e+00
    4.2200000000e+00 -1.0600488390e+00 -7.5292235900e-01 -1.8643030000e-03  4.8208691670e+00  5.7401252290e+00  6.2472319840e+00
    4.2300000000e+00 -1.0414764180e+00 -7.5627911400e-01 -1.6480512000e-02  4.8009124540e+00  5.7073650590e+00  6.2111542260e+00
    4.2400000000e+00 -1.0234598190e+00 -7.5882438300e-01 -3.0242678000e-02  4.7826529860e+00  5.6753372560e+00  6.1757689140e+00
    4.2500000000e+00 -1.0061097010e+00 -7.6067303700e-01 -4.3297457000e-02  4.7659105760e+00  5.6441796760e+00  6.1411256100e+00
    4.2600000000e+00 -9.8948767200e-01 -7.6197873700e-01 -5.5800023000e-02  4.7505193340e+00  5.6139978940e+00  6.1072360200e+00
    4.2700000000e+00 -9.7361947200e-01 -7.6292204000e-01 -6.7902492000e-02  4.7363379200e+00  5.5848521810e+00  6.0740701310e+00
    4.2800000000e+00 -9.5850857800e-01 -7.6369347300e-01 -7.9740004000e-02  4.7232536920e+00  5.5567496980e+00  6.0415568420e+00
    4.2900000000e+00 -9.4414793000e-01 -7.6447427800e-01 -9.1416767000e-02  4.7111820620e+00  5.5296440900e+00  6.0095904740e+00
    4.3000000000e+00 -9.3052864700e-01 -7.6541851500e-01 -1.0299513500e-01  4.7000630330e+00  5.5034430140e+00  5.9780431460e+00
    4.3100000000e+00 -9.1764574500e-01 -7.6664008900e-01 -1.1449057700e-01  4.6898568370e+00  5.4780221440e+00  5.9467811190e+00
    4.3200000000e+00 -9.0550173500e-01 -7.6820705000e-01 -1.2587400400e-01  4.6805399780e+00  5.4532425220e+00  5.9156818270e+00
    4.3300000000e+00 -8.9410931900e-01 -7.7014351700e-01 -1.3708092500e-01  4.6721021630e+00  5.4289674160e+00  5.8846478630e+00
    4.3400000000e+00 -8.8349424700e-01 -7.7243758600e-01 -1.4802494300e-01  4.6645437790e+00  5.4050754060e+00  5.8536150650e+00
    4.3500000000e+00 -8.7369887400e-01 -7.7505233700e-01 -1.5861201900e-01  4.6578730050e+00  5.3814678790e+00  5.8225536330e+00
    4.3600000000e+00 -8.6478621900e-01 -7.7793678300e-01 -1.6875199900e-01  4.6521014880e+00  5.3580709280e+00  5.7914632630e+00
    4.3700000000e+00 -8.5684356000e-01 -7.8103440100e-01 -1.7836511300e-01  4.6472377700e+00  5.3348331670e+00  5.7603649150e+00
    4.3800000000e+00 -8.4998414400e-01 -7.8428819000e-01 -1.8738290800e-01  4.6432783330e+00  5.3117217490e+00  5.7292925190e+00
    4.3900000000e+00 -8.4434550700e-01 -7.8764263500e-01 -1.9574498700e-01  4.6401970360e+00  5.2887187510e+00  5.6982875320e+00
    4.4000000000e+00 -8.4008340900e-01 -7.9104397100e-01 -2.0339416900e-01  4.6379345740e+00  5.2658193440e+00  5.6673979760e+00
    4.4100000000e+00 -8.3736132100e-01 -7.9444050100e-01 -2.1027309000e-01  4.6363900700e+00  5.2430319510e+00  5.6366817740e+00
    4.4200000000e+00 -8.3633648800e-01 -7.9778438600e-01 -2.1632457200e-01  4.6354168590e+00  5.2203795680e+00  5.6062126160e+00
    4.4300000000e+00 -8.3714460100e-01 -8.0103539900e-01 -2.2149662100e-01  4.6348238860e+00  5.1979007520e+00  5.5760855390e+00
    4.4400000000e+00 -8.3988560600e-01 -8.0416614500e-01 -2.2575119600e-01  4.6343830370e+00  5.1756488630e+00  5.5464195270e+00
    4.4500000000e+00 -8.4461317700e-01 -8.0716742800e-01 -2.2907452000e-01  4.6338415430e+00  5.1536887490e+00  5.5173553640e+00
    4.4600000000e+00 -8.5132973800e-01 -8.1005228400e-01 -2.3148622900e-01  4.6329374940e+00  5.1320910540e+00  5.4890485770e+00
    4.4700000000e+00 -8.5998788700e-01 -8.1285758000e-01 -2.3304505800e-01  4.6314158550e+00  5.1109251130e+00  5.4616587160e+00
    4.4800000000e+00 -8.7049786300e-01 -8.1564289200e-01 -2.3384994600e-01  4.6290422270e+00  5.0902518370e+00  5.4353371260e+00
    4.4900000000e+00 -8.8273954600e-01 -8.1848717300e-01 -2.3403667400e-01  4.6256120140e+00  5.0701177830e+00  5.4102153930e+00
    4.5000000000e+00 -8.9657661800e-01 -8.2148421700e-01 -2.3377115700e-01  4.6209534660e+00  5.0505510160e+00  5.3863960540e+00
    4.5100000000e+00 -9.1187005000e-01 -8.2473797700e-01 -2.3324084900e-01  4.6149242000e+00  5.0315586560e+00  5.3639462170e+00
    4.5200000000e+00 -9.2848805900e-01 -8.2835831600e-01 -2.3264552600e-01  4.6074020030e+00  5.0131254540e+00  5.3428939600e+00
    4.5300000000e+00 -9.4631018200e-01 -8.3245718200e-01 -2.3218816900e-01  4.5982719650e+00  4.9952126110e+00  5.3232269140e+00
    4.5400000000e+00 -9.6522413400e-01 -8.3714458300e-01 -2.3206606800e-01  4.5874129310e+00  4.9777563710e+00  5.3048925130e+00
    4.5500000000e+00 -9.8511559800e-01 -8.4252355200e-01 -2.3246197900e-01  4.5746867860e+00  4.9606665830e+00  5.2877997360e+00
    4.5600000000e+00 -1.0058527230e+00 -8.4868353100e-01 -2.3353517800e-01  4.5599338260e+00  4.9438260720e+00  5.2718226700e+00
    4.5700000000e+00 -1.0272686430e+00 -8.5569229400e-01 -2.3541274200e-01  4.5429763800e+00  4.9270920530e+00  5.2568065190e+00
    4.5800000000e+00 -1.0491461100e+00 -8.6358738500e-01 -2.3818198500e-01  4.5236311330e+00  4.9103007120e+00  5.2425766170e+00
    4.5900000000e+00 -1.0712082280e+00 -8.7236869800e-01 -2.4188552500e-01  4.5017284550e+00  4.8932754440e+00  5.2289504240e+00
    4.6000000000e+00 -1.0931180290e+00 -8.8199406200e-01 -2.4652056900e-01  4.4771353460e+00  4.8758382400e+00  5.2157516280e+00
    4.6100000000e+00 -1.1144876550e+00 -8.9237932500e-01 -2.5204356600e-01  4.4497776370e+00  4.8578227500e+00  5.2028244830e+00
    4.6200000000e+00 -1.1348957510e+00 -9.0340353800e-01 -2.5838039300e-01  4.4196573670e+00  4.8390868410e+00  5.1900459430e+00
    4.6300000000e+00 -1.1539100250e+00 -9.1491867200e-01 -2.6544090700e-01  4.3868625150e+00  4.8195223080e+00  5.1773330820e+00
    4.6400000000e+00 -1.1711111890e+00 -9.2676218600e-01 -2.7313550900e-01  4.3515681320e+00  4.7990599160e+00  5.1646440060e+00
    4.6500000000e+00 -1.1861148370e+00 -9.3876995600e-01 -2.8139058000e-01  4.3140297150e+00  4.7776689660e+00  5.1519718010e+00
    4.6600000000e+00 -1.1985888510e+00 -9.5078700700e-01 -2.9015969700e-01  4.2745709060e+00  4.7553519630e+00  5.1393326220e+00
    4.6700000000e+00 -1.2082653140e+00 -9.6267410300e-01 -2.9942837600e-01  4.2335681020e+00  4.7321361670e+00  5.1267504810e+00
    4.6800000000e+00 -1.2149471180e+00 -9.7430945200e-01 -3.0921161300e-01  4.1914343370e+00  4.7080645600e+00  5.1142420780e+00
    4.6900000000e+00 -1.2185103230e+00 -9.8558620300e-01 -3.1954516600e-01  4.1486041360e+00  4.6831887110e+00  5.1018049580e+00
    4.7000000000e+00 -1.2189036920e+00 -9.9640758000e-01 -3.3047298500e-01  4.1055202110e+00  4.6575652570e+00  5.0894113730e+00
    4.7100000000e+00 -1.2161468100e+00 -1.0066820230e+00 -3.4203395200e-01  4.0626220080e+00  4.6312564670e+00  5.0770087600e+00
    4.7200000000e+00 -1.2103277690e+00 -1.0163205510e+00 -3.5425102900e-01  4.0203354140e+00  4.6043340740e+00  5.0645261410e+00
    4.7300000000e+00 -1.2016006750e+00 -1.0252377680e+00 -3.6712513200e-01  3.9790626000e+00  4.5768845660e+00  5.0518844320e+00
    4.7400000000e+00 -1.1901824270e+00 -1.0333568310e+00 -3.8063478900e-01  3.9391710030e+00  4.5490137160e+00  5.0390079180e+00
    4.7500000000e+00 -1.1763474860e+00 -1.0406174920e+00 -3.9474119500e-01  3.9009810780e+00  4.5208482470e+00  5.0258341040e+00
    4.7600000000e+00 -1.1604191110e+00 -1.0469854670e+00 -4.0939716600e-01  3.8647533750e+00  4.4925332640e+00  5.0123197360e+00
    4.7700000000e+00 -1.1427558790e+00 -1.0524608720e+00 -4.2455767000e-01  3.8306766000e+00  4.4642251090e+00  4.9984418180e+00
    4.7800000000e+00 -1.1237332890e+00 -1.0570835860e+00 -4.4018953300e-01  3.7988590390e+00  4.4360804030e+00  4.9841936140e+00
    4.7900000000e+00 -1.1037216290e+00 -1.0609340240e+00 -4.5627822400e-01  3.7693259370e+00  4.4082429790e+00  4.9695766890e+00
    4.8000000000e+00 -1.0830626600e+00 -1.0641287560e+00 -4.7283041800e-01  3.7420247280e+00  4.3808308900e+00  4.9545907810e+00
    4.8100000000e+00 -1.0620486440e+00 -1.0668114760e+00 -4.8987202900e-01  3.7168386770e+00  4.3539256600e+00  4.9392235290e+00
    4.8200000000e+00 -1.0409073460e+00 -1.0691406870e+00 -5.0744225800e-01  3.6936076690e+00  4.3275654090e+00  4.9234418880e+00
    4.8300000000e+00 -1.0197957940e+00 -1.0712759690e+00 -5.2558487000e-01  3.6721531650e+00  4.3017426560e+00  4.9071864700e+00
    4.8400000000e+00 -9.9880393100e-01 -1.0733646730e+00 -5.4433805500e-01  3.6523032650e+00  4.2764067330e+00  4.8903693330e+00
    4.8500000000e+00 -9.7796720900e-01 -1.0755305020e+00 -5.6372406800e-01  3.6339137040e+00  4.2514700440e+00  4.8728752100e+00
    4.8600000000e+00 -9.5728545600e-01 -1.0778649140e+00 -5.8373957000e-01  3.6168816020e+00  4.2268171020e+00  4.8545659310e+00
    4.8700000000e+00 -9.3674429100e-01 -1.0804217550e+00 -6.0434739100e-01  3.6011503700e+00  4.2023152410e+00  4.8352877480e+00
    4.8800000000e+00 -9.1633531700e-01 -1.0832152830e+00 -6.2547050700e-01  3.5867060450e+00  4.1778260180e+00  4.8148812740e+00
    4.8900000000e+00 -8.9607204500e-01 -1.0862215400e+00 -6.4698913800e-01  3.5735667160e+00  4.1532163560e+00  4.7931934810e+00
    4.9000000000e+00 -8.7599962000e-01 -1.0893828730e+00 -6.6874182200e-01  3.5617676110e+00  4.1283684910e+00  4.7700907560e+00
    4.9100000000e+00 -8.5619765600e-01 -1.0926150940e+00 -6.9053095400e-01  3.5513446640e+00  4.1031877620e+00  4.7454715290e+00
    4.9200000000e+00 -8.3677651200e-01 -1.0958163900e+00 -7.1213257400e-01  3.5423192450e+00  4.0776074350e+00  4.7192767080e+00
    4.9300000000e+00 -8.1786829300e-01 -1.0988767730e+00 -7.3330938900e-01  3.5346863060e+00  4.0515901580e+00  4.6914963180e+00
    4.9400000000e+00 -7.9961447200e-01 -1.1016867110e+00 -7.5382531900e-01  3.5284074450e+00  4.0251261520e+00  4.6621712570e+00
    4.9500000000e+00 -7.8215242500e-01 -1.1041437800e+00 -7.7345951200e-01  3.5234095400e+00  3.9982288920e+00  4.6313899940e+00
    4.9600000000e+00 -7.6560309600e-01 -1.1061565980e+00 -7.9201790900e-01  3.5195886020e+00  3.9709294420e+00  4.5992809170e+00
    4.9700000000e+00 -7.5006155200e-01 -1.1076459870e+00 -8.0934098500e-01  3.5168177310e+00  3.9432708250e+00  4.5660018250e+00
    4.9800000000e+00 -7.3559149800e-01 -1.1085439450e+00 -8.2530714500e-01  3.5149575650e+00  3.9153036070e+00  4.5317284050e+00
    4.9900000000e+00 -7.2222408900e-01 -1.1087914750e+00 -8.3983211000e-01  3.5138675530e+00  3.8870833810e+00  4.4966434770e+00
    5.0000000000e+00 -7.0996082500e-01 -1.1083364620e+00 -8.5286529500e-01  3.5134165480e+00  3.8586701950e+00  4.4609282890e+00
    5.0100000000e+00 -6.9877993000e-01 -1.1071325170e+00 -8.6438448900e-01  3.5134914390e+00  3.8301293830e+00  4.4247565180e+00
    5.0200000000e+00 -6.8864536000e-01 -1.1051392620e+00 -8.7439010700e-01  3.5140028130e+00  3.8015329200e+00  4.3882910090e+00
    5.0300000000e+00 -6.7951728900e-01 -1.1023239880e+00 -8.8290007400e-01  3.5148868530e+00  3.7729604470e+00  4.3516828100e+00
    5.0400000000e+00 -6.7136264300e-01 -1.0986642580e+00 -8.8994604400e-01  3.5161030560e+00  3.7444992980e+00  4.3150717840e+00
    5.0500000000e+00 -6.6416406400e-01 -1.0941508570e+00 -8.9557132300e-01  3.5176278470e+00  3.7162432200e+00  4.2785879010e+00
    5.0600000000e+00 -6.5792569600e-01 -1.0887904820e+00 -8.9983043900e-01  3.5194448630e+00  3.6882897150e+00  4.2423522510e+00
    5.0700000000e+00 -6.5267450200e-01 -1.0826075780e+00 -9.0278988400e-01  3.5215333210e+00  3.6607361630e+00  4.2064768760e+00
    5.0800000000e+00 -6.4845646700e-01 -1.0756448480e+00 -9.0452906700e-01  3.5238564480e+00  3.6336750530e+00  4.1710628810e+00
    5.0900000000e+00 -6.4532794600e-01 -1.0679619950e+00 -9.0514028300e-01  3.5263521630e+00  3.6071888820e+00  4.1361968280e+00
    5.1000000000e+00 -6.4334333300e-01 -1.0596325460e+00 -9.0472660500e-01  3.5289280080e+00  3.5813454580e+00  4.1019461420e+00
    5.1100000000e+00 -6.4254111600e-01 -1.0507389290e+00 -9.0339710400e-01  3.5314617350e+00  3.5561944950e+00  4.0683548690e+00
    5.1200000000e+00 -6.4293087000e-01 -1.0413664260e+00 -9.0125966700e-01  3.5338079030e+00  3.5317662400e+00  4.0354413290e+00
    5.1300000000e+00 -6.4448377000e-01 -1.0315970040e+00 -8.9841252500e-01  3.5358097240e+00  3.5080725540e+00  4.0031989430e+00
    5.1400000000e+00 -6.4712865300e-01 -1.0215041360e+00 -8.9493620400e-01  3.5373142480e+00  3.4851103190e+00  3.9716007420e+00
    5.1500000000e+00 -6.5075467500e-01 -1.0111495780e+00 -8.9088770100e-01  3.5381882420e+00  3.4628664770e+00  3.9406071140e+00
    5.1600000000e+00 -6.5522033700e-01 -1.0005826040e+00 -8.8629823600e-01  3.5383318690e+00  3.4413236510e+00  3.9101754540e+00
    5.1700000000e+00 -6.6036740600e-01 -9.8984161000e-01 -8.8117508700e-01  3.5376875960e+00  3.4204651540e+00  3.8802698910e+00
    5.1800000000e+00 -6.6603724400e-01 -9.7895748000e-01 -8.7550708800e-01  3.5362426420e+00  3.4002784240e+00  3.8508692710e+00
    5.1900000000e+00 -6.7208648600e-01 -9.6795770700e-01 -8.6927255500e-01  3.5340245190e+00  3.3807563560e+00  3.8219720300e+00
    5.2000000000e+00 -6.7839909900e-01 -9.5687019400e-01 -8.6244796200e-01  3.5310906780e+00  3.3618965330e+00  3.7935973440e+00
    5.2100000000e+00 -6.8489259300e-01 -9.4572579000e-01 -8.5501565000e-01  3.5275145420e+00  3.3436988650e+00  3.7657828530e+00
    5.2200000000e+00 -6.9151750600e-01 -9.3455901300e-01 -8.4696929000e-01  3.5233710240e+00  3.3261625760e+00  3.7385799700e+00
    5.2300000000e+00 -6.9825085300e-01 -9.2340695600e-01 -8.3831649000e-01  3.5187246900e+00  3.3092835720e+00  3.7120482680e+00
    5.2400000000e+00 -7.0508569200e-01 -9.1230693300e-01 -8.2907885400e-01  3.5136229120e+00  3.2930531280e+00  3.6862504230e+00
    5.2500000000e+00 -7.1201973000e-01 -9.0129387400e-01 -8.1929045800e-01  3.5080950370e+00  3.2774583440e+00  3.6612487470e+00
    5.2600000000e+00 -7.1904595100e-01 -8.9039852500e-01 -8.0899606000e-01  3.5021569500e+00  3.2624841890e+00  3.6371035180e+00
    5.2700000000e+00 -7.2614740200e-01 -8.7964727700e-01 -7.9825012600e-01  3.4958191590e+00  3.2481163410e+00  3.6138725660e+00
    5.2800000000e+00 -7.3329700400e-01 -8.6906376100e-01 -7.8711711900e-01  3.4890958720e+00  3.2343437680e+00  3.5916110440e+00
    5.2900000000e+00 -7.4046197400e-01 -8.5867177300e-01 -7.7567272100e-01  3.4820126360e+00  3.2211600470e+00  3.5703703550e+00
    5.3000000000e+00 -7.4761151100e-01 -8.4849861100e-01 -7.6400509200e-01  3.4746108070e+00  3.2085629800e+00  3.5501956990e+00
    5.3100000000e+00 -7.5472599000e-01 -8.3857788700e-01 -7.5221517900e-01  3.4669479450e+00  3.1965525590e+00  3.5311223830e+00
    5.3200000000e+00 -7.6180596300e-01 -8.2895113800e-01 -7.4041536700e-01  3.4590939870e+00  3.1851278590e+00  3.5131716160e+00
    5.3300000000e+00 -7.6887940600e-01 -8.1966800500e-01 -7.2872638000e-01  3.4511235600e+00  3.1742835600e+00  3.4963467500e+00
    5.3400000000e+00 -7.7600586200e-01 -8.1078511100e-01 -7.1727283800e-01  3.4431051550e+00  3.1640067430e+00  3.4806307850e+00
    5.3500000000e+00 -7.8327629400e-01 -8.0236399600e-01 -7.0617823800e-01  3.4350883350e+00  3.1542743470e+00  3.4659855690e+00
    5.3600000000e+00 -7.9080779000e-01 -7.9446850200e-01 -6.9556016700e-01  3.4270906140e+00  3.1450514550e+00  3.4523526530e+00
    5.3700000000e+00 -7.9873290700e-01 -7.8716196100e-01 -6.8552636200e-01  3.4190860740e+00  3.1362903810e+00  3.4396554210e+00
    5.3800000000e+00 -8.0718430700e-01 -7.8050440300e-01 -6.7617191900e-01  3.4109979710e+00  3.1279304050e+00  3.4278018500e+00
    5.3900000000e+00 -8.1627637000e-01 -7.7454987200e-01 -6.6757759600e-01  3.4026972690e+00  3.1198979830e+00  3.4166873220e+00
    5.4000000000e+00 -8.2608628200e-01 -7.6934381400e-01 -6.5980884500e-01  3.3940082880e+00  3.1121072910e+00  3.4061970040e+00
    5.4100000000e+00 -8.3663756200e-01 -7.6492041000e-01 -6.5291506800e-01  3.3847214360e+00  3.1044610820e+00  3.3962076730e+00
    5.4200000000e+00 -8.4788880000e-01 -7.6129975300e-01 -6.4692861400e-01  3.3746117570e+00  3.0968519650e+00  3.3865891280e+00
    5.4300000000e+00 -8.5972964300e-01 -7.5848485000e-01 -6.4186319800e-01  3.3634608520e+00  3.0891643380e+00  3.3772056230e+00
    5.4400000000e+00 -8.7198483700e-01 -7.5645863400e-01 -6.3771174100e-01  3.3510790870e+00  3.0812772550e+00  3.3679178650e+00
    5.4500000000e+00 -8.8442576500e-01 -7.5518129900e-01 -6.3444390900e-01  3.3373249680e+00  3.0730684020e+00  3.3585861040e+00
    5.4600000000e+00 -8.9678770000e-01 -7.5458841900e-01 -6.3200391900e-01  3.3221191260e+00  3.0644192650e+00  3.3490746470e+00
    5.4700000000e+00 -9.0879018200e-01 -7.5459038700e-01 -6.3030935000e-01  3.3054514130e+00  3.0552213490e+00  3.3392579060e+00
    5.4800000000e+00 -9.2015767100e-01 -7.5507368400e-01 -6.2925177500e-01  3.2873807920e+00  3.0453830870e+00  3.3290276950e+00
    5.4900000000e+00 -9.3063794500e-01 -7.5590441400e-01 -6.2869996300e-01  3.2680288870e+00  3.0348368130e+00  3.3183011140e+00
    5.5000000000e+00 -9.4001640900e-01 -7.5693428000e-01 -6.2850609800e-01  3.2475688690e+00  3.0235449390e+00  3.3070279530e+00
    5.5100000000e+00 -9.4812544700e-01 -7.5800879800e-01 -6.2851499600e-01  3.2262117590e+00  3.0115043440e+00  3.2951962880e+00
    5.5200000000e+00 -9.5484887100e-01 -7.5897708300e-01 -6.2857563500e-01  3.2041921540e+00  2.9987480540e+00  3.2828349280e+00
    5.5300000000e+00 -9.6012222100e-01 -7.5970212700e-01 -6.2855366500e-01  3.1817549440e+00  2.9853436140e+00  3.2700117140e+00
    5.5400000000e+00 -9.6393005900e-01 -7.6007026900e-01 -6.2834316900e-01  3.1591439690e+00  2.9713880660e+00  3.2568273100e+00
    5.5500000000e+00 -9.6630142200e-01 -7.5999859600e-01 -6.2787581000e-01  3.1365929580e+00  2.9570000220e+00  3.2434050050e+00
    5.5600000000e+00 -9.6730441300e-01 -7.5943935000e-01 -6.2712595400e-01  3.1143185880e+00  2.9423098120e+00  3.2298777940e+00
    5.5700000000e+00 -9.6704052100e-01 -7.5838091600e-01 -6.2611099000e-01  3.0925152660e+00  2.9274489780e+00  3.2163745600e+00
    5.5800000000e+00 -9.6563897100e-01 -7.5684555100e-01 -6.2488700800e-01  3.0713511680e+00  2.9125403810e+00  3.2030072780e+00
    5.5900000000e+00 -9.6325109500e-01 -7.5488449500e-01 -6.2354074900e-01  3.0509652100e+00  2.8976899270e+00  3.1898608280e+00
    5.6000000000e+00 -9.6004466000e-01 -7.5257135700e-01 -6.2217927300e-01  3.0314647660e+00  2.8829804860e+00  3.1769863980e+00
    5.6100000000e+00 -9.5619804300e-01 -7.4999471400e-01 -6.2091888900e-01  3.0129241130e+00  2.8684681060e+00  3.1643986780e+00
    5.6200000000e+00 -9.5189423100e-01 -7.4725060800e-01 -6.1987471100e-01  2.9953836790e+00  2.8541803050e+00  3.1520764590e+00
    5.6300000000e+00 -9.4731466200e-01 -7.4443539800e-01 -6.1915172600e-01  2.9788501760e+00  2.8401160440e+00  3.1399657820e+00
    5.6400000000e+00 -9.4263295000e-01 -7.4163908600e-01 -6.1883773500e-01  2.9632977570e+00  2.8262470220e+00  3.1279846890e+00
    5.6500000000e+00 -9.3800862300e-01 -7.3893912200e-01 -6.1899808800e-01  2.9486703910e+00  2.8125201270e+00  3.1160287730e+00
    5.6600000000e+00 -9.3358110400e-01 -7.3639469400e-01 -6.1967186000e-01  2.9348856750e+00  2.7988610260e+00  3.1039770240e+00
    5.6700000000e+00 -9.2946438500e-01 -7.3404166000e-01 -6.2086910800e-01  2.9218403080e+00  2.7851790400e+00  3.0916978870e+00
    5.6800000000e+00 -9.2574306000e-01 -7.3188851500e-01 -6.2256907200e-01  2.9094172320e+00  2.7713733880e+00  3.0790555880e+00
    5.6900000000e+00 -9.2247052900e-01 -7.2991395100e-01 -6.2471945000e-01  2.8974941170e+00  2.7573406450e+00  3.0659168870e+00
    5.7000000000e+00 -9.1967007200e-01 -7.2806654100e-01 -6.2723705000e-01  2.8859523810e+00  2.7429829450e+00  3.0521581240e+00
    5.7100000000e+00 -9.1733910300e-01 -7.2626684500e-01 -6.3001008400e-01  2.8746855250e+00  2.7282161700e+00  3.0376722090e+00
    5.7200000000e+00 -9.1545626900e-01 -7.2441185900e-01 -6.3290213400e-01  2.8636053840e+00  2.7129772460e+00  3.0223750380e+00
    5.7300000000e+00 -9.1399037300e-01 -7.2238131500e-01 -6.3575757500e-01  2.8526451370e+00  2.6972298220e+00  3.0062108320e+00
    5.7400000000e+00 -9.1290955500e-01 -7.2004517200e-01 -6.3840805700e-01  2.8417584790e+00  2.6809679250e+00  2.9891561050e+00
    5.7500000000e+00 -9.1218904300e-01 -7.1727158700e-01 -6.4067967600e-01  2.8309151660e+00  2.6642174820e+00  2.9712221580e+00
    5.7600000000e+00 -9.1181603800e-01 -7.1393483100e-01 -6.4240057900e-01  2.8200939210e+00  2.6470358360e+00  2.9524560820e+00
    5.7700000000e+00 -9.1179087300e-01 -7.0992274800e-01 -6.4340882100e-01  2.8092742240e+00  2.6295094490e+00  2.9329401990e+00
    5.7800000000e+00 -9.1212440100e-01 -7.0514348200e-01 -6.4356029300e-01  2.7984287510e+00  2.6117499510e+00  2.9127897620e+00
    5.7900000000e+00 -9.1283235300e-01 -6.9953113700e-01 -6.4273630000e-01  2.7875180590e+00  2.5938886520e+00  2.8921486590e+00
    5.8000000000e+00 -9.1392805400e-01 -6.9305000600e-01 -6.4085016700e-01  2.7764885900e+00  2.5760697080e+00  2.8711830040e+00
    5.8100000000e+00 -9.1541527100e-01 -6.8569694400e-01 -6.3785206600e-01  2.7652742770e+00  2.5584422580e+00  2.8500728160e+00
    5.8200000000e+00 -9.1728280100e-01 -6.7750151800e-01 -6.3373132200e-01  2.7538011320e+00  2.5411520760e+00  2.8290023710e+00
    5.8300000000e+00 -9.1950188500e-01 -6.6852379300e-01 -6.2851573900e-01  2.7419935150e+00  2.5243334500e+00  2.8081501770e+00
    5.8400000000e+00 -9.2202668900e-01 -6.5884987900e-01 -6.2226793500e-01  2.7297804850e+00  2.5081020810e+00  2.7876796840e+00
    5.8500000000e+00 -9.2479727900e-01 -6.4858569700e-01 -6.1507915900e-01  2.7171008280e+00  2.4925496860e+00  2.7677317520e+00
    5.8600000000e+00 -9.2774394000e-01 -6.3784966300e-01 -6.0706141900e-01  2.7039059450e+00  2.4777408000e+00  2.7484196090e+00
    5.8700000000e+00 -9.3079161200e-01 -6.2676510500e-01 -5.9833898000e-01  2.6901605050e+00  2.4637119110e+00  2.7298266140e+00
    5.8800000000e+00 -9.3386342800e-01 -6.1545320000e-01 -5.8904023900e-01  2.6758413690e+00  2.4504727940e+00  2.7120067060e+00
    5.8900000000e+00 -9.3688284200e-01 -6.0402706200e-01 -5.7929083700e-01  2.6609356040e+00  2.4380095750e+00  2.6949870330e+00
    5.9000000000e+00 -9.3977432000e-01 -5.9258734200e-01 -5.6920854400e-01  2.6454384470e+00  2.4262889640e+00  2.6787720410e+00
    5.9100000000e+00 -9.4246293300e-01 -5.8121947300e-01 -5.5890011300e-01  2.6293518690e+00  2.4152629900e+00  2.6633481680e+00
    5.9200000000e+00 -9.4487339900e-01 -5.6999238800e-01 -5.4845993500e-01  2.6126840810e+00  2.4048737090e+00  2.6486883430e+00
    5.9300000000e+00 -9.4692908900e-01 -5.5895843000e-01 -5.3797001700e-01  2.5954500480e+00  2.3950574550e+00  2.6347556970e+00
    5.9400000000e+00 -9.4855145200e-01 -5.4815401700e-01 -5.2750060700e-01  2.5776728800e+00  2.3857484770e+00  2.6215061900e+00
    5.9500000000e+00 -9.4966018400e-01 -5.3760076200e-01 -5.1711080000e-01  2.5593858670e+00  2.3768819960e+00  2.6088902770e+00
    5.9600000000e+00 -9.5017442600e-01 -5.2730683300e-01 -5.0684865900e-01  2.5406348770e+00  2.3683968530e+00  2.5968540690e+00
    5.9700000000e+00 -9.5001521500e-01 -5.1726859500e-01 -4.9675078900e-01  2.5214807220e+00  2.3602379360e+00  2.5853405840e+00
    5.9800000000e+00 -9.4910929800e-01 -5.0747271600e-01 -4.8684172000e-01  2.5020009210e+00  2.3523584040e+00  2.5742915880e+00
    5.9900000000e+00 -9.4739419000e-01 -4.9789890000e-01 -4.7713366200e-01  2.4822901900e+00  2.3447215110e+00  2.5636501540e+00
    6.0000000000e+00 -9.4482395500e-01 -4.8852324300e-01 -4.6762721800e-01  2.4624589450e+00  2.3373016520e+00  2.5533636370e+00
    6.0100000000e+00 -9.4137478800e-01 -4.7932191300e-01 -4.5831327000e-01  2.4426293790e+00  2.3300842390e+00  2.5433864540e+00
    6.0200000000e+00 -9.3704923100e-01 -4.7027460600e-01 -4.4917586100e-01  2.4229291440e+00  2.3230642260e+00  2.5336819970e+00
    6.0300000000e+00 -9.3187790400e-01 -4.6136713400e-01 -4.4019552300e-01  2.4034833210e+00  2.3162434190e+00  2.5242232730e+00
    6.0400000000e+00 -9.2591802200e-01 -4.5259261600e-01 -4.3135233000e-01  2.3844059060e+00  2.3096270730e+00  2.5149922280e+00
    6.0500000000e+00 -9.1924869900e-01 -4.4395110500e-01 -4.2262813100e-01  2.3657922990e+00  2.3032205250e+00  2.5059781260e+00
    6.0600000000e+00 -9.1196374900e-01 -4.3544783800e-01 -4.1400768600e-01  2.3477141660e+00  2.2970265960e+00  2.4971755660e+00
    6.0700000000e+00 -9.0416330600e-01 -4.2709070300e-01 -4.0547882200e-01  2.3302175270e+00  2.2910443260e+00  2.4885827520e+00
    6.0800000000e+00 -8.9594582800e-01 -4.1888772800e-01 -3.9703199700e-01  2.3133241500e+00  2.2852692140e+00  2.4802004190e+00
    6.0900000000e+00 -8.8740182000e-01 -4.1084534800e-01 -3.8865984700e-01  2.2970355940e+00  2.2796947030e+00  2.4720315190e+00
    6.1000000000e+00 -8.7861009500e-01 -4.0296800700e-01 -3.8035715800e-01  2.2813387100e+00  2.2743142320e+00  2.4640814170e+00
    6.1100000000e+00 -8.6963667700e-01 -3.9525914900e-01 -3.7212153200e-01  2.2662112820e+00  2.2691230500e+00  2.4563581440e+00
    6.1200000000e+00 -8.6053582900e-01 -3.8772324100e-01 -3.6395461700e-01  2.2516267020e+00  2.2641189980e+00  2.4488721670e+00
    6.1300000000e+00 -8.5135235500e-01 -3.8036805200e-01 -3.5586350800e-01  2.2375570780e+00  2.2593018420e+00  2.4416353100e+00
    6.1400000000e+00 -8.4212424300e-01 -3.7320632900e-01 -3.4786172900e-01  2.2239746090e+00  2.2546712290e+00  2.4346587660e+00
    6.1500000000e+00 -8.3288488100e-01 -3.6625615300e-01 -3.3996927000e-01  2.2108515200e+00  2.2502237630e+00  2.4279505020e+00
    6.1600000000e+00 -8.2366432900e-01 -3.5953967200e-01 -3.3221138400e-01  2.1981590240e+00  2.2459500590e+00  2.4215126200e+00
    6.1700000000e+00 -8.1448937200e-01 -3.5308037400e-01 -3.2461620200e-01  2.1858659570e+00  2.2418326520e+00  2.4153393410e+00
    6.1800000000e+00 -8.0538238900e-01 -3.4689954900e-01 -3.1721159000e-01  2.1739377280e+00  2.2378454110e+00  2.4094161530e+00
    6.1900000000e+00 -7.9635935000e-01 -3.4101282000e-01 -3.1002189300e-01  2.1623362170e+00  2.2339546900e+00  2.4037203700e+00
    6.2000000000e+00 -7.8742754600e-01 -3.3542761700e-01 -3.0306522700e-01  2.1510210000e+00  2.2301219140e+00  2.3982230090e+00
    6.2100000000e+00 -7.7858382200e-01 -3.3014214800e-01 -2.9635188400e-01  2.1399519930e+00  2.2263068840e+00  2.3928915240e+00
    6.2200000000e+00 -7.6981404700e-01 -3.2514594800e-01 -2.8988403000e-01  2.1290931410e+00  2.2224709400e+00  2.3876927810e+00
    6.2300000000e+00 -7.6109430600e-01 -3.2042159600e-01 -2.8365660600e-01  2.1184164690e+00  2.2185792330e+00  2.3825956690e+00
    6.2400000000e+00 -7.5239390200e-01 -3.1594690400e-01 -2.7765903100e-01  2.1079056420e+00  2.2146017290e+00  2.3775728620e+00
    6.2500000000e+00 -7.4367983200e-01 -3.1169680200e-01 -2.7187717400e-01  2.0975581940e+00  2.2105130490e+00  2.3726016030e+00
    6.2600000000e+00 -7.3492208300e-01 -3.0764441400e-01 -2.6629510300e-01  2.0873858620e+00  2.2062916120e+00  2.3676635850e+00
    6.2700000000e+00 -7.2609887100e-01 -3.0376116500e-01 -2.6089627200e-01  2.0774127760e+00  2.2019187450e+00  2.3627442930e+00
    6.2800000000e+00 -7.1720094600e-01 -3.0001618200e-01 -2.5566407300e-01  2.0676716490e+00  2.1973783240e+00  2.3578322220e+00
    6.2900000000e+00 -7.0823422300e-01 -2.9637550900e-01 -2.5058191000e-01  2.0581984590e+00  2.1926572620e+00  2.3529183210e+00
    6.3000000000e+00 -6.9922021400e-01 -2.9280169100e-01 -2.4563312300e-01  2.0490263510e+00  2.1877467700e+00  2.3479958370e+00
    6.3100000000e+00 -6.9019408200e-01 -2.8925415600e-01 -2.4080108300e-01  2.0401796590e+00  2.1826440600e+00  2.3430604670e+00
    6.3200000000e+00 -6.8120043500e-01 -2.8569053700e-01 -2.3606964400e-01  2.0316689550e+00  2.1773539610e+00  2.3381105720e+00
    6.3300000000e+00 -6.7228734900e-01 -2.8206879100e-01 -2.3142390000e-01  2.0234879930e+00  2.1718899810e+00  2.3331471220e+00
    6.3400000000e+00 -6.6349944400e-01 -2.7834977200e-01 -2.2685100500e-01  2.0156132170e+00  2.1662744700e+00  2.3281731640e+00
    6.3500000000e+00 -6.5487112300e-01 -2.7449980700e-01 -2.2234070100e-01  2.0080061320e+00  2.1605377780e+00  2.3231928210e+00
    6.3600000000e+00 -6.4642122200e-01 -2.7049284100e-01 -2.1788527900e-01  2.0006183730e+00  2.1547164810e+00  2.3182100440e+00
    6.3700000000e+00 -6.3815020100e-01 -2.6631183700e-01 -2.1347889200e-01  1.9933986280e+00  2.1488509690e+00  2.3132274900e+00
    6.3800000000e+00 -6.3004051000e-01 -2.6194924000e-01 -2.0911636700e-01  1.9863001600e+00  2.1429827270e+00  2.3082458860e+00
    6.3900000000e+00 -6.2206007600e-01 -2.5740651400e-01 -2.0479186400e-01  1.9792873690e+00  2.1371517010e+00  2.3032640370e+00
    6.4000000000e+00 -6.1416809700e-01 -2.5269286300e-01 -2.0049770800e-01  1.9723401360e+00  2.1313940450e+00  2.2982794590e+00
    6.4100000000e+00 -6.0632181200e-01 -2.4782335400e-01 -1.9622364600e-01  1.9654552140e+00  2.1257405140e+00  2.2932894120e+00
    6.4200000000e+00 -5.9848280300e-01 -2.4281671300e-01 -1.9195656800e-01  1.9586447210e+00  2.1202156430e+00  2.2882921070e+00
    6.4300000000e+00 -5.9062167500e-01 -2.3769311100e-01 -1.8768065200e-01  1.9519324770e+00  2.1148377680e+00  2.2832878900e+00
    6.4400000000e+00 -5.8272053400e-01 -2.3247224900e-01 -1.8337783600e-01  1.9453492450e+00  2.1096198170e+00  2.2782803180e+00
    6.4500000000e+00 -5.7477329200e-01 -2.2717202600e-01 -1.7902856300e-01  1.9389280130e+00  2.1045706770e+00  2.2732771260e+00
    6.4600000000e+00 -5.6678427700e-01 -2.2180795100e-01 -1.7461281200e-01  1.9327001430e+00  2.0996968440e+00  2.2682910490e+00
    6.4700000000e+00 -5.5876587000e-01 -2.1639333500e-01 -1.7011143500e-01  1.9266928420e+00  2.0950040030e+00  2.2633404210e+00
    6.4800000000e+00 -5.5073592200e-01 -2.1094012300e-01 -1.6550780500e-01  1.9209280200e+00  2.0904982300e+00  2.2584494350e+00
    6.4900000000e+00 -5.4271552000e-01 -2.0546011900e-01 -1.6078968500e-01  1.9154222540e+00  2.0861865740e+00  2.2536478740e+00
    6.5000000000e+00 -5.3472747900e-01 -1.9996630500e-01 -1.5595114100e-01  1.9101874330e+00  2.0820769650e+00  2.2489701910e+00
    6.5100000000e+00 -5.2679563600e-01 -1.9447394000e-01 -1.5099423400e-01  1.9052315470e+00  2.0781774610e+00  2.2444538620e+00
    6.5200000000e+00 -5.1894475900e-01 -1.8900121100e-01 -1.4593017600e-01  1.9005591840e+00  2.0744950110e+00  2.2401370590e+00
    6.5300000000e+00 -5.1120067400e-01 -1.8356925000e-01 -1.4077964800e-01  1.8961714550e+00  2.0710339390e+00  2.2360558570e+00
    6.5400000000e+00 -5.0359015100e-01 -1.7820144700e-01 -1.3557207400e-01  1.8920653720e+00  2.0677944200e+00  2.2322413370e+00
    6.5500000000e+00 -4.9614012600e-01 -1.7292205500e-01 -1.3034382800e-01  1.8882329910e+00  2.0647712650e+00  2.2287170260e+00
    6.5600000000e+00 -4.8887618300e-01 -1.6775424600e-01 -1.2513557200e-01  1.8846608670e+00  2.0619533020e+00  2.2254971320e+00
    6.5700000000e+00 -4.8182053700e-01 -1.6271789900e-01 -1.1998911100e-01  1.8813303370e+00  2.0593235900e+00  2.2225858640e+00
    6.5800000000e+00 -4.7499012500e-01 -1.5782748200e-01 -1.1494426800e-01  1.8782189370e+00  2.0568605470e+00  2.2199779330e+00
    6.5900000000e+00 -4.6839550400e-01 -1.5309042500e-01 -1.1003618900e-01  1.8753027840e+00  2.0545399040e+00  2.2176600950e+00
    6.6000000000e+00 -4.6204106600e-01 -1.4850627800e-01 -1.0529341100e-01  1.8725593950e+00  2.0523372320e+00  2.2156134740e+00
    6.6100000000e+00 -4.5592668000e-01 -1.4406680500e-01 -1.0073683400e-01  1.8699701160e+00  2.0502307140e+00  2.2138163590e+00
    6.6200000000e+00 -4.5005040900e-01 -1.3975705400e-01 -9.6379700000e-02  1.8675214540e+00  2.0482038140e+00  2.2122472050e+00
    6.6300000000e+00 -4.4441158100e-01 -1.3555732300e-01 -9.2228644000e-02  1.8652048460e+00  2.0462475620e+00  2.2108875610e+00
    6.6400000000e+00 -4.3901338100e-01 -1.3144590700e-01 -8.8285875000e-02  1.8630148890e+00  2.0443621470e+00  2.2097245630e+00
    6.6500000000e+00 -4.3386423200e-01 -1.2740240100e-01 -8.4552397000e-02  1.8609464410e+00  2.0425575760e+00  2.2087525190e+00
    6.6600000000e+00 -4.2897756400e-01 -1.2341128500e-01 -8.1031959000e-02  1.8589913310e+00  2.0408531580e+00  2.2079730670e+00
    6.6700000000e+00 -4.2436997800e-01 -1.1946534000e-01 -7.7735084000e-02  1.8571355110e+00  2.0392756690e+00  2.2073935070e+00
    6.6800000000e+00 -4.2005819800e-01 -1.1556838000e-01 -7.4682326000e-02  1.8553573480e+00  2.0378562140e+00  2.2070232400e+00
    6.6900000000e+00 -4.1605550500e-01 -1.1173675500e-01 -7.1905817000e-02  1.8536274610e+00  2.0366260460e+00  2.2068686730e+00
    6.7000000000e+00 -4.1236837800e-01 -1.0799916500e-01 -6.9448427000e-02  1.8519101370e+00  2.0356118800e+00  2.2069274660e+00
    6.7100000000e+00 -4.0899398100e-01 -1.0439460400e-01 -6.7360288000e-02  1.8501660250e+00  2.0348314230e+00  2.2071832520e+00
    6.7200000000e+00 -4.0591886800e-01 -1.0096861400e-01 -6.5693051000e-02  1.8483556310e+00  2.0342899630e+00  2.2076020660e+00
    6.7300000000e+00 -4.0311905400e-01 -9.7768406000e-02 -6.4492773000e-02  1.8464430950e+00  2.0339786720e+00  2.2081313900e+00
    6.7400000000e+00 -4.0056143700e-01 -9.4837705000e-02 -6.3792737000e-02  1.8443997710e+00  2.0338750080e+00  2.2087022660e+00
    6.7500000000e+00 -3.9820645100e-01 -9.2212256000e-02 -6.3607531000e-02  1.8422072200e+00  2.0339451030e+00  2.2092342150e+00
    6.7600000000e+00 -3.9601176500e-01 -8.9916779000e-02 -6.3929476000e-02  1.8398591720e+00  2.0341476130e+00  2.2096421830e+00
    6.7700000000e+00 -3.9393667100e-01 -8.7963765000e-02 -6.4727973000e-02  1.8373620670e+00  2.0344382160e+00  2.2098442850e+00
    6.7800000000e+00 -3.9194658200e-01 -8.6354069000e-02 -6.5951733000e-02  1.8347338200e+00  2.0347738760e+00  2.2097690910e+00
    6.7900000000e+00 -3.9001683800e-01 -8.5078850000e-02 -6.7533268000e-02  1.8320007800e+00  2.0351162490e+00  2.2093614100e+00
    6.8000000000e+00 -3.8813495600e-01 -8.4122257000e-02 -6.9394757000e-02  1.8291932460e+00  2.0354339450e+00  2.2085860300e+00
    6.8100000000e+00 -3.8630072900e-01 -8.3464337000e-02 -7.1454371000e-02  1.8263404220e+00  2.0357037390e+00  2.2074293550e+00
    6.8200000000e+00 -3.8452409800e-01 -8.3083926000e-02 -7.3632450000e-02  1.8234659160e+00  2.0359109570e+00  2.2058992230e+00
    6.8300000000e+00 -3.8282134100e-01 -8.2961528000e-02 -7.5857221000e-02  1.8205848150e+00  2.0360492150e+00  2.2040232510e+00
    6.8400000000e+00 -3.8121060000e-01 -8.3082249000e-02 -7.8069980000e-02  1.8177029460e+00  2.0361193920e+00  2.2018458680e+00
    6.8500000000e+00 -3.7970791500e-01 -8.3438639000e-02 -8.0229550000e-02  1.8148182690e+00  2.0361275570e+00  2.1994239890e+00
    6.8600000000e+00 -3.7832470700e-01 -8.4032954000e-02 -8.2315601000e-02  1.8119237910e+00  2.0360815930e+00  2.1968212590e+00
    6.8700000000e+00 -3.7706719300e-01 -8.4878086000e-02 -8.4330159000e-02  1.8090110400e+00  2.0359866180e+00  2.1941010420e+00
    6.8800000000e+00 -3.7593764100e-01 -8.5996415000e-02 -8.6296606000e-02  1.8060730450e+00  2.0358398070e+00  2.1913187830e+00
    6.8900000000e+00 -3.7493693200e-01 -8.7416242000e-02 -8.8255787000e-02  1.8031059940e+00  2.0356256730e+00  2.1885148030e+00
    6.9000000000e+00 -3.7406752100e-01 -8.9166041000e-02 -9.0259415000e-02  1.8001091500e+00  2.0353130160e+00  2.1857088080e+00
    6.9100000000e+00 -3.7333585500e-01 -9.1267431000e-02 -9.2361594000e-02  1.7970830580e+00  2.0348545420e+00  2.1828972620e+00
    6.9200000000e+00 -3.7275343000e-01 -9.3728184000e-02 -9.4609797000e-02  1.7940265910e+00  2.0341896210e+00  2.1800542900e+00
    6.9300000000e+00 -3.7233605400e-01 -9.6536692000e-02 -9.7036850000e-02  1.7909337090e+00  2.0332499700e+00  2.1771361250e+00
    6.9400000000e+00 -3.7210140900e-01 -9.9659082000e-02 -9.9655342000e-02  1.7877909180e+00  2.0319674260e+00  2.1740884180e+00
    6.9500000000e+00 -3.7206552400e-01 -1.0303969400e-01 -1.0245548700e-01  1.7845762210e+00  2.0302825120e+00  2.1708551440e+00
    6.9600000000e+00 -3.7223908000e-01 -1.0660500700e-01 -1.0540680400e-01  1.7812598920e+00  2.0281523210e+00  2.1673875140e+00
    6.9700000000e+00 -3.7262446600e-01 -1.1027045800e-01 -1.0846326700e-01  1.7778068780e+00  2.0255563480e+00  2.1636512600e+00
    6.9800000000e+00 -3.7321425500e-01 -1.1394908800e-01 -1.1157086700e-01  1.7741801780e+00  2.0224992100e+00  2.1596309540e+00
    6.9900000000e+00 -3.7399128600e-01 -1.1756056300e-01 -1.1467602200e-01  1.7703443860e+00  2.0190097920e+00  2.1553306540e+00
    7.0000000000e+00 -3.7493010300e-01 -1.2103907100e-01 -1.1773311800e-01  1.7662686330e+00  2.0151369830e+00  2.1507709520e+00
    7.0100000000e+00 -3.7599921500e-01 -1.2433881700e-01 -1.2070970500e-01  1.7619284930e+00  2.0109428250e+00  2.1459833150e+00
    7.0200000000e+00 -3.7716358200e-01 -1.2743634300e-01 -1.2358853500e-01  1.7573067440e+00  2.0064943400e+00  2.1410031500e+00
    7.0300000000e+00 -3.7838681100e-01 -1.3032953800e-01 -1.2636638600e-01  1.7523931570e+00  2.0018554740e+00  2.1358631890e+00
    7.0400000000e+00 -3.7963276400e-01 -1.3303383900e-01 -1.2905041000e-01  1.7471836630e+00  1.9970804460e+00  2.1305885200e+00
    7.0500000000e+00 -3.8086650100e-01 -1.3557658800e-01 -1.3165314900e-01  1.7416792760e+00  1.9922093950e+00  2.1251939790e+00
    7.0600000000e+00 -3.8205460900e-01 -1.3799071300e-01 -1.3418748200e-01  1.7358850840e+00  1.9872666660e+00  2.1196840040e+00
    7.0700000000e+00 -3.8316511100e-01 -1.4030886500e-01 -1.3666251700e-01  1.7298095330e+00  1.9822615180e+00  2.1140544150e+00
    7.0800000000e+00 -3.8416717300e-01 -1.4255881200e-01 -1.3908095500e-01  1.7234641370e+00  1.9771906250e+00  2.1082953150e+00
    7.0900000000e+00 -3.8503084600e-01 -1.4476045800e-01 -1.4143799000e-01  1.7168636100e+00  1.9720415080e+00  2.1023942440e+00
    7.1000000000e+00 -3.8572708700e-01 -1.4692438900e-01 -1.4372136800e-01  1.7100263610e+00  1.9667961200e+00  2.0963389720e+00
    7.1100000000e+00 -3.8622821600e-01 -1.4905154200e-01 -1.4591209700e-01  1.7029751550e+00  1.9614340600e+00  2.0901196350e+00
    7.1200000000e+00 -3.8650892600e-01 -1.5113348300e-01 -1.4798531100e-01  1.6957376730e+00  1.9559352750e+00  2.0837303400e+00
    7.1300000000e+00 -3.8654773800e-01 -1.5315295800e-01 -1.4991108100e-01  1.6883466650e+00  1.9502824140e+00  2.0771705120e+00
    7.1400000000e+00 -3.8632868700e-01 -1.5508463300e-01 -1.5165521000e-01  1.6808394470e+00  1.9444631130e+00  2.0704463490e+00
    7.1500000000e+00 -3.8584287200e-01 -1.5689622300e-01 -1.5318034100e-01  1.6732566760e+00  1.9384724320e+00  2.0635725710e+00
    7.1600000000e+00 -3.8508952000e-01 -1.5855038700e-01 -1.5444778600e-01  1.6656405390e+00  1.9323153870e+00  2.0565743420e+00
    7.1700000000e+00 -3.8407638400e-01 -1.6000770400e-01 -1.5542040800e-01  1.6580326460e+00  1.9260092320e+00  2.0494889890e+00
    7.1800000000e+00 -3.8281948400e-01 -1.6123080600e-01 -1.5606662000e-01  1.6504719730e+00  1.9195848680e+00  2.0423668730e+00
    7.1900000000e+00 -3.8134237700e-01 -1.6218936500e-01 -1.5636516100e-01  1.6429930260e+00  1.9130867170e+00  2.0352707500e+00
    7.2000000000e+00 -3.7967515800e-01 -1.6286521600e-01 -1.5630995600e-01  1.6356242610e+00  1.9065705490e+00  2.0282731340e+00
    7.2100000000e+00 -3.7785328200e-01 -1.6325663500e-01 -1.5591408100e-01  1.6283866080e+00  1.9000991780e+00  2.0214515770e+00
    7.2200000000e+00 -3.7591606300e-01 -1.6338078400e-01 -1.5521186600e-01  1.6212919820e+00  1.8937364640e+00  2.0148823030e+00
    7.2300000000e+00 -3.7390461800e-01 -1.6327362800e-01 -1.5425842000e-01  1.6143418460e+00  1.8875405580e+00  2.0086331020e+00
    7.2400000000e+00 -3.7185901900e-01 -1.6298717600e-01 -1.5312641600e-01  1.6075261030e+00  1.8815575610e+00  2.0027566880e+00
    7.2500000000e+00 -3.6981465000e-01 -1.6258446900e-01 -1.5190052600e-01  1.6008228390e+00  1.8758167470e+00  1.9972856650e+00
    7.2600000000e+00 -3.6779807500e-01 -1.6213324500e-01 -1.5067044100e-01  1.5941994130e+00  1.8703281120e+00  1.9922299630e+00
    7.2700000000e+00 -3.6582304600e-01 -1.6169939500e-01 -1.4952363000e-01  1.5876152600e+00  1.8650824600e+00  1.9875769990e+00
    7.2800000000e+00 -3.6388744700e-01 -1.6134120600e-01 -1.4853895200e-01  1.5810263950e+00  1.8600537580e+00  1.9832943400e+00
    7.2900000000e+00 -3.6197194500e-01 -1.6110509500e-01 -1.4778192700e-01  1.5743912350e+00  1.8552031020e+00  1.9793341630e+00
    7.3000000000e+00 -3.6004092100e-01 -1.6102314700e-01 -1.4730206400e-01  1.5676769840e+00  1.8504835430e+00  1.9756386750e+00
    7.3100000000e+00 -3.5804586000e-01 -1.6111244600e-01 -1.4713226900e-01  1.5608656280e+00  1.8458450710e+00  1.9721456280e+00
    7.3200000000e+00 -3.5593099000e-01 -1.6137601000e-01 -1.4729005800e-01  1.5539585430e+00  1.8412391860e+00  1.9687932430e+00
    7.3300000000e+00 -3.5364050500e-01 -1.6180502400e-01 -1.4778016500e-01  1.5469788750e+00  1.8366226210e+00  1.9655240070e+00
    7.3400000000e+00 -3.5112648500e-01 -1.6238196700e-01 -1.4859797700e-01  1.5399711860e+00  1.8319598760e+00  1.9622869900e+00
    7.3500000000e+00 -3.4835639300e-01 -1.6308412100e-01 -1.4973313000e-01  1.5329982120e+00  1.8272243380e+00  1.9590385370e+00
    7.3600000000e+00 -3.4531913600e-01 -1.6388685600e-01 -1.5117256500e-01  1.5261350730e+00  1.8223980210e+00  1.9557414680e+00
    7.3700000000e+00 -3.4202881200e-01 -1.6476612100e-01 -1.5290245300e-01  1.5194615820e+00  1.8174702060e+00  1.9523632790e+00
    7.3800000000e+00 -3.3852562000e-01 -1.6569979700e-01 -1.5490869500e-01  1.5130536200e+00  1.8124355640e+00  1.9488740750e+00
    7.3900000000e+00 -3.3487376700e-01 -1.6666792200e-01 -1.5717616500e-01  1.5069746460e+00  1.8072924470e+00  1.9452450340e+00
    7.4000000000e+00 -3.3115666300e-01 -1.6765219000e-01 -1.5968727500e-01  1.5012683760e+00  1.8020418730e+00  1.9414479690e+00
    7.4100000000e+00 -3.2747000000e-01 -1.6863535800e-01 -1.6242063100e-01  1.4959534920e+00  1.7966874180e+00  1.9374561170e+00
    7.4200000000e+00 -3.2391358400e-01 -1.6960114600e-01 -1.6535049600e-01  1.4910208960e+00  1.7912357820e+00  1.9332458490e+00
    7.4300000000e+00 -3.2058288200e-01 -1.7053498200e-01 -1.6844741400e-01  1.4864337070e+00  1.7856974940e+00  1.9287986480e+00
    7.4400000000e+00 -3.1756115100e-01 -1.7142550300e-01 -1.7167997100e-01  1.4821297950e+00  1.7800871660e+00  1.9241026490e+00
    7.4500000000e+00 -3.1491287400e-01 -1.7226642600e-01 -1.7501728100e-01  1.4780264550e+00  1.7744228180e+00  1.9191532050e+00
    7.4600000000e+00 -3.1267897400e-01 -1.7305818400e-01 -1.7843161200e-01  1.4740266260e+00  1.7687241740e+00  1.9139522380e+00
    7.4700000000e+00 -3.1087409200e-01 -1.7380878600e-01 -1.8190055800e-01  1.4700260360e+00  1.7630101160e+00  1.9085064260e+00
    7.4800000000e+00 -3.0948601600e-01 -1.7453351800e-01 -1.8540825200e-01  1.4659206540e+00  1.7572957710e+00  1.9028245880e+00
    7.4900000000e+00 -3.0847720600e-01 -1.7525341800e-01 -1.8894537600e-01  1.4616138370e+00  1.7515897930e+00  1.8969147330e+00
    7.5000000000e+00 -3.0778821600e-01 -1.7599268900e-01 -1.9250790100e-01  1.4570226030e+00  1.7458923940e+00  1.8907813670e+00
    7.5100000000e+00 -3.0734263000e-01 -1.7677546700e-01 -1.9609479100e-01  1.4520825410e+00  1.7401945150e+00  1.8844235710e+00
    7.5200000000e+00 -3.0705303500e-01 -1.7762248500e-01 -1.9970513000e-01  1.4467510130e+00  1.7344783320e+00  1.8778342660e+00
    7.5300000000e+00 -3.0682745100e-01 -1.7854821100e-01 -2.0333523700e-01  1.4410084650e+00  1.7287190050e+00  1.8710007660e+00
    7.5400000000e+00 -3.0657565700e-01 -1.7955893100e-01 -2.0697638600e-01  1.4348578470e+00  1.7228873440e+00  1.8639064900e+00
    7.5500000000e+00 -3.0621487700e-01 -1.8065203900e-01 -2.1061353300e-01  1.4283223040e+00  1.7169528950e+00  1.8565333710e+00
    7.5600000000e+00 -3.0567435500e-01 -1.8181655800e-01 -2.1422521200e-01  1.4214414110e+00  1.7108868890e+00  1.8488644240e+00
    7.5700000000e+00 -3.0489843500e-01 -1.8303465300e-01 -2.1778445300e-01  1.4142663790e+00  1.7046645770e+00  1.8408859210e+00
    7.5800000000e+00 -3.0384789200e-01 -1.8428373700e-01 -2.2126036500e-01  1.4068547720e+00  1.6982666500e+00  1.8325888040e+00
    7.5900000000e+00 -3.0249946700e-01 -1.8553871100e-01 -2.2461990000e-01  1.3992653780e+00  1.6916796390e+00  1.8239692100e+00
    7.6000000000e+00 -3.0084380000e-01 -1.8677388900e-01 -2.2782936600e-01  1.3915538670e+00  1.6848954170e+00  1.8150282010e+00
    7.6100000000e+00 -2.9888224000e-01 -1.8796428500e-01 -2.3085536900e-01  1.3837697690e+00  1.6779100900e+00  1.8057710120e+00
    7.6200000000e+00 -2.9662316700e-01 -1.8908610200e-01 -2.3366507300e-01  1.3759550160e+00  1.6707226480e+00  1.7962062290e+00
    7.6300000000e+00 -2.9407853100e-01 -1.9011644400e-01 -2.3622589900e-01  1.3681440360e+00  1.6633338190e+00  1.7863452570e+00
    7.6400000000e+00 -2.9126116000e-01 -1.9103248700e-01 -2.3850493900e-01  1.3603650200e+00  1.6557454410e+00  1.7762023720e+00
    7.6500000000e+00 -2.8818319000e-01 -1.9181045100e-01 -2.4046850200e-01  1.3526418650e+00  1.6479605730e+00  1.7657954260e+00
    7.6600000000e+00 -2.8485563300e-01 -1.9242479200e-01 -2.4208213900e-01  1.3449961850e+00  1.6399843420e+00  1.7551470570e+00
    7.6700000000e+00 -2.8128889900e-01 -1.9284799200e-01 -2.4331143100e-01  1.3374489200e+00  1.6318253250e+00  1.7442860960e+00
    7.6800000000e+00 -2.7749385700e-01 -1.9305116500e-01 -2.4412360000e-01  1.3300212440e+00  1.6234971000e+00  1.7332487510e+00
    7.6900000000e+00 -2.7348305500e-01 -1.9300550000e-01 -2.4448979500e-01  1.3227347090e+00  1.6150195120e+00  1.7220791620e+00
    7.7000000000e+00 -2.6927173200e-01 -1.9268431700e-01 -2.4438773300e-01  1.3156107230e+00  1.6064192770e+00  1.7108290390e+00
    7.7100000000e+00 -2.6487839600e-01 -1.9206535200e-01 -2.4380426700e-01  1.3086696140e+00  1.5977296790e+00  1.6995562640e+00
    7.7200000000e+00 -2.6032490500e-01 -1.9113283800e-01 -2.4273746400e-01  1.3019295120e+00  1.5889893750e+00  1.6883225690e+00
    7.7300000000e+00 -2.5563605100e-01 -1.8987902600e-01 -2.4119786300e-01  1.2954052950e+00  1.5802405300e+00  1.6771905370e+00
    7.7400000000e+00 -2.5083877200e-01 -1.8830499700e-01 -2.3920876800e-01  1.2891077700e+00  1.5715265820e+00  1.6662202840e+00
    7.7500000000e+00 -2.4596112100e-01 -1.8642076400e-01 -2.3680554700e-01  1.2830431940e+00  1.5628899680e+00  1.6554661460e+00
    7.7600000000e+00 -2.4103116400e-01 -1.8424480700e-01 -2.3403404700e-01  1.2772131760e+00  1.5543699700e+00  1.6449736480e+00
    7.7700000000e+00 -2.3607594600e-01 -1.8180316600e-01 -2.3094822300e-01  1.2716149430e+00  1.5460007760e+00  1.6347769400e+00
    7.7800000000e+00 -2.3112066200e-01 -1.7912812500e-01 -2.2760711800e-01  1.2662418710e+00  1.5378097200e+00  1.6248968630e+00
    7.7900000000e+00 -2.2618807100e-01 -1.7625647600e-01 -2.2407130200e-01  1.2610841870e+00  1.5298157680e+00  1.6153398010e+00
    7.8000000000e+00 -2.2129821400e-01 -1.7322728600e-01 -2.2039893200e-01  1.2561297120e+00  1.5220283650e+00  1.6060975050e+00
    7.8100000000e+00 -2.1646834300e-01 -1.7007920800e-01 -2.1664170200e-01  1.2513645100e+00  1.5144468910e+00  1.5971480960e+00
    7.8200000000e+00 -2.1171300300e-01 -1.6684752600e-01 -2.1284108200e-01  1.2467733940e+00  1.5070609550e+00  1.5884583210e+00
    7.8300000000e+00 -2.0704411600e-01 -1.6356126400e-01 -2.0902530600e-01  1.2423402520e+00  1.4998517170e+00  1.5799870140e+00
    7.8400000000e+00 -2.0247097600e-01 -1.6024077200e-01 -2.0520754400e-01  1.2380482950e+00  1.4927941790e+00  1.5716894830e+00
    7.8500000000e+00 -1.9800012100e-01 -1.5689617600e-01 -2.0138559700e-01  1.2338803230e+00  1.4858602780e+00  1.5635223550e+00
    7.8600000000e+00 -1.9363513000e-01 -1.5352695700e-01 -1.9754319400e-01  1.2298191610e+00  1.4790223680e+00  1.5554483090e+00
    7.8700000000e+00 -1.8937650000e-01 -1.5012272500e-01 -1.9365276100e-01  1.2258483250e+00  1.4722566860e+00  1.5474401510e+00
    7.8800000000e+00 -1.8522177700e-01 -1.4666512100e-01 -1.8967935100e-01  1.2219528950e+00  1.4655463570e+00  1.5394837430e+00
    7.8900000000e+00 -1.8116610900e-01 -1.4313058600e-01 -1.8558525600e-01  1.2181204350e+00  1.4588836040e+00  1.5315795210e+00
    7.9000000000e+00 -1.7720324100e-01 -1.3949370000e-01 -1.8133482400e-01  1.2143417090e+00  1.4522709160e+00  1.5237424560e+00
    7.9100000000e+00 -1.7332686900e-01 -1.3573070000e-01 -1.7689895100e-01  1.2106109330e+00  1.4457210650e+00  1.5160004940e+00
    7.9200000000e+00 -1.6953203500e-01 -1.3182280100e-01 -1.7225879900e-01  1.2069253810e+00  1.4392559600e+00  1.5083916890e+00
    7.9300000000e+00 -1.6581624800e-01 -1.2775892000e-01 -1.6740834600e-01  1.2032843950e+00  1.4329044860e+00  1.5009603400e+00
    7.9400000000e+00 -1.6218003100e-01 -1.2353751500e-01 -1.6235553400e-01  1.1996879970e+00  1.4266995880e+00  1.4937526050e+00
    7.9500000000e+00 -1.5862681300e-01 -1.1916732400e-01 -1.5712192500e-01  1.1961354650e+00  1.4206749610e+00  1.4868121010e+00
    7.9600000000e+00 -1.5516226700e-01 -1.1466696800e-01 -1.5174101700e-01  1.1926241790e+00  1.4148617680e+00  1.4801759930e+00
    7.9700000000e+00 -1.5179337300e-01 -1.1006352900e-01 -1.4625551300e-01  1.1891489170e+00  1.4092857640e+00  1.4738719690e+00
    7.9800000000e+00 -1.4852744800e-01 -1.0539035500e-01 -1.4071396600e-01  1.1857015670e+00  1.4039651510e+00  1.4679163600e+00
    7.9900000000e+00 -1.4537131200e-01 -1.0068442900e-01 -1.3516723900e-01  1.1822711080e+00  1.3989093200e+00  1.4623134310e+00
    8.0000000000e+00 -1.4233060600e-01 -9.5983668000e-02 -1.2966520000e-01  1.1788436840e+00  1.3941185190e+00  1.4570557530e+00
    8.0100000000e+00 -1.3940912800e-01 -9.1324442000e-02 -1.2425393800e-01  1.1754026590e+00  1.3895843080e+00  1.4521254050e+00
    8.0200000000e+00 -1.3660807900e-01 -8.6739528000e-02 -1.1897365400e-01  1.1719286620e+00  1.3852905930e+00  1.4474956650e+00
    8.0300000000e+00 -1.3392507500e-01 -8.2256543000e-02 -1.1385719500e-01  1.1683997520e+00  1.3812149940e+00  1.4431329090e+00
    8.0400000000e+00 -1.3135293000e-01 -7.7896786000e-02 -1.0892909300e-01  1.1647918880e+00  1.3773303710e+00  1.4389984930e+00
    8.0500000000e+00 -1.2887831100e-01 -7.3674408000e-02 -1.0420489500e-01  1.1610799360e+00  1.3736064430e+00  1.4350505770e+00
    8.0600000000e+00 -1.2648052100e-01 -6.9595835000e-02 -9.9690672000e-02  1.1572393690e+00  1.3700115480e+00  1.4312459910e+00
    8.0700000000e+00 -1.2413078600e-01 -6.5659510000e-02 -9.5382724000e-02  1.1532487020e+00  1.3665146020e+00  1.4275422900e+00
    8.0800000000e+00 -1.2179243700e-01 -6.1856106000e-02 -9.1267665000e-02  1.1490924790e+00  1.3630872780e+00  1.4239001060e+00
    8.0900000000e+00 -1.1942231600e-01 -5.8169422000e-02 -8.7323153000e-02  1.1447644410e+00  1.3597062620e+00  1.4202857210e+00
    8.1000000000e+00 -1.1697355400e-01 -5.4578075000e-02 -8.3519482000e-02  1.1402703030e+00  1.3563553170e+00  1.4166736000e+00
    8.1100000000e+00 -1.1439955100e-01 -5.1057983000e-02 -7.9822114000e-02  1.1356295160e+00  1.3530267910e+00  1.4130485080e+00
    8.1200000000e+00 -1.1165874500e-01 -4.7585406000e-02 -7.6194979000e-02  1.1308754660e+00  1.3497221940e+00  1.4094067600e+00
    8.1300000000e+00 -1.0871942400e-01 -4.4140159000e-02 -7.2604201000e-02  1.1260537750e+00  1.3464516110e+00  1.4057562900e+00
    8.1400000000e+00 -1.0556378000e-01 -4.0708482000e-02 -6.9021745000e-02  1.1212187500e+00  1.3432318910e+00  1.4021153930e+00
    8.1500000000e+00 -1.0219040500e-01 -3.7285055000e-02 -6.5428455000e-02  1.1164283890e+00  1.3400838120e+00  1.3985102210e+00
    8.1600000000e+00 -9.8614725000e-02 -3.3873768000e-02 -6.1816024000e-02  1.1117387270e+00  1.3370286340e+00  1.3949713470e+00
    8.1700000000e+00 -9.4867263000e-02 -3.0487068000e-02 -5.8187621000e-02  1.1071984610e+00  1.3340846240e+00  1.3915298710e+00
    8.1800000000e+00 -9.0990071000e-02 -2.7143980000e-02 -5.4557077000e-02  1.1028447280e+00  1.3312641610e+00  1.3882136230e+00
    8.1900000000e+00 -8.7032056000e-02 -2.3867181000e-02 -5.0946814000e-02  1.0987006660e+00  1.3285719320e+00  1.3850440120e+00
    8.2000000000e+00 -8.3044061000e-02 -2.0679698000e-02 -4.7384882000e-02  1.0947749350e+00  1.3260045300e+00  1.3820339560e+00
    8.2100000000e+00 -7.9074535000e-02 -1.7601877000e-02 -4.3901632000e-02  1.0910629960e+00  1.3235514290e+00  1.3791871180e+00
    8.2200000000e+00 -7.5166378000e-02 -1.4649191000e-02 -4.0526605000e-02  1.0875495860e+00  1.3211970660e+00  1.3764984230e+00
    8.2300000000e+00 -7.1355178000e-02 -1.1831274000e-02 -3.7286125000e-02  1.0842117090e+00  1.3189234930e+00  1.3739555770e+00
    8.2400000000e+00 -6.7668745000e-02 -9.1522330000e-03 -3.4201874000e-02  1.0810214660e+00  1.3167129640e+00  1.3715411190e+00
    8.2500000000e+00 -6.4127536000e-02 -6.6120250000e-03 -3.1290491000e-02  1.0779482870e+00  1.3145498840e+00  1.3692344910e+00
    8.2600000000e+00 -6.0745492000e-02 -4.2084020000e-03 -2.8563946000e-02  1.0749603620e+00  1.3124217360e+00  1.3670136750e+00
    8.2700000000e+00 -5.7530813000e-02 -1.9388420000e-03 -2.6030303000e-02  1.0720253730e+00  1.3103189050e+00  1.3648561920e+00
    8.2800000000e+00 -5.4486368000e-02  1.9806500000e-04 -2.3694454000e-02  1.0691108090e+00  1.3082336080e+00  1.3627394640e+00
    8.2900000000e+00 -5.1609663000e-02  2.2021050000e-03 -2.1558527000e-02  1.0661842550e+00  1.3061584050e+00  1.3606407910e+00
    8.3000000000e+00 -4.8892515000e-02  4.0718300000e-03 -1.9621884000e-02  1.0632139530e+00  1.3040847870e+00  1.3585372570e+00
    8.3100000000e+00 -4.6320713000e-02  5.8056000000e-03 -1.7880826000e-02  1.0601698320e+00  1.3020022990e+00  1.3564058640e+00
    8.3200000000e+00 -4.3874024000e-02  7.4028640000e-03 -1.6328275000e-02  1.0570249590e+00  1.2998983960e+00  1.3542239920e+00
    8.3300000000e+00 -4.1526794000e-02  8.8652550000e-03 -1.4953669000e-02  1.0537571890e+00  1.2977589590e+00  1.3519701290e+00
    8.3400000000e+00 -3.9249246000e-02  1.0197221000e-02 -1.3743183000e-02  1.0503506660e+00  1.2955692110e+00  1.3496246480e+00
    8.3500000000e+00 -3.7009381000e-02  1.1406168000e-02 -1.2680230000e-02  1.0467968080e+00  1.2933146820e+00  1.3471704090e+00
    8.3600000000e+00 -3.4775170000e-02  1.2502262000e-02 -1.1746045000e-02  1.0430945270e+00  1.2909820120e+00  1.3445931080e+00
    8.3700000000e+00 -3.2516659000e-02  1.3498116000e-02 -1.0920154000e-02  1.0392495970e+00  1.2885595390e+00  1.3418814190e+00
    8.3800000000e+00 -3.0207618000e-02  1.4408493000e-02 -1.0180688000e-02  1.0352733190e+00  1.2860377830e+00  1.3390271380e+00
    8.3900000000e+00 -2.7826454000e-02  1.5250003000e-02 -9.5046250000e-03  1.0311807520e+00  1.2834100050e+00  1.3360254910e+00
    8.4000000000e+00 -2.5356326000e-02  1.6040616000e-02 -8.8682050000e-03  1.0269889300e+00  1.2806728860e+00  1.3328756540e+00
    8.4100000000e+00 -2.2784551000e-02  1.6798801000e-02 -8.2477050000e-03  1.0227154030e+00  1.2778272150e+00  1.3295813200e+00
    8.4200000000e+00 -2.0101605000e-02  1.7542214000e-02 -7.6206510000e-03  1.0183773920e+00  1.2748783260e+00  1.3261510460e+00
    8.4300000000e+00 -1.7300080000e-02  1.8286071000e-02 -6.9673090000e-03  1.0139916480e+00  1.2718359780e+00  1.3225981110e+00
    8.4400000000e+00 -1.4373970000e-02  1.9041509000e-02 -6.2721780000e-03  1.0095748780e+00  1.2687134940e+00  1.3189397290e+00
    8.4500000000e+00 -1.1318549000e-02  1.9814323000e-02 -5.5251540000e-03  1.0051444670e+00  1.2655261860e+00  1.3151956630e+00
    8.4600000000e+00 -8.1308810000e-03  2.0604399000e-02 -4.7221310000e-03  1.0007190820e+00  1.2622892880e+00  1.3113864550e+00
    8.4700000000e+00 -4.8108000000e-03  2.1406029000e-02 -3.8649300000e-03  9.9631880500e-01  1.2590157500e+00  1.3075315430e+00
    8.4800000000e+00 -1.3619990000e-03  2.2209063000e-02 -2.9605900000e-03  9.9196459600e-01  1.2557142840e+00  1.3036475400e+00
    8.4900000000e+00  2.2071520000e-03  2.3000745000e-02 -2.0201790000e-03  9.8767709700e-01  1.2523879930e+00  1.2997468790e+00
    8.5000000000e+00  5.8834130000e-03  2.3767897000e-02 -1.0572830000e-03  9.8347501300e-01  1.2490337760e+00  1.2958369430e+00
    8.5100000000e+00  9.6492260000e-03  2.4499156000e-02 -8.6386000000e-05  9.7937344900e-01  1.2456425800e+00  1.2919197000e+00
    8.5200000000e+00  1.3483949000e-02  2.5186906000e-02  8.7870500000e-04  9.7538256600e-01  1.2422004120e+00  1.2879918330e+00
    8.5300000000e+00  1.7365516000e-02  2.5828679000e-02  1.8262590000e-03  9.7150683900e-01  1.2386899180e+00  1.2840452720e+00
    8.5400000000e+00  2.1272192000e-02  2.6427871000e-02  2.7477440000e-03  9.6774499600e-01  1.2350922560e+00  1.2800680200e+00
    8.5500000000e+00  2.5184108000e-02  2.6993769000e-02  3.6386610000e-03  9.6409053400e-01  1.2313889730e+00  1.2760451620e+00
    8.5600000000e+00  2.9084433000e-02  2.7540999000e-02  4.4990930000e-03  9.6053259700e-01  1.2275636420e+00  1.2719599610e+00
    8.5700000000e+00  3.2960149000e-02  2.8088570000e-02  5.3340060000e-03  9.5705699700e-01  1.2236030820e+00  1.2677949650e+00
    8.5800000000e+00  3.6802546000e-02  2.8658758000e-02  6.1533620000e-03  9.5364720800e-01  1.2194981040e+00  1.2635331190e+00
    8.5900000000e+00  4.0607563000e-02  2.9276034000e-02  6.9720590000e-03  9.5028534100e-01  1.2152438360e+00  1.2591588490e+00
    8.6000000000e+00  4.4376043000e-02  2.9966201000e-02  7.8097170000e-03  9.4695314900e-01  1.2108397530e+00  1.2546591830e+00
    8.6100000000e+00  4.8113860000e-02  3.0755785000e-02  8.6902750000e-03  9.4363316600e-01  1.2062896130e+00  1.2500248850e+00
    8.6200000000e+00  5.1831788000e-02  3.1671632000e-02  9.6413280000e-03  9.4031000900e-01  1.2016014730e+00  1.2452516340e+00
    8.6300000000e+00  5.5544975000e-02  3.2740556000e-02  1.0693121000e-02  9.3697174600e-01  1.1967879050e+00  1.2403411490e+00
    8.6400000000e+00  5.9271923000e-02  3.3988845000e-02  1.1877135000e-02  9.3361116000e-01  1.1918664150e+00  1.2353021520e+00
    8.6500000000e+00  6.3033027000e-02  3.5441436000e-02  1.3224290000e-02  9.3022666800e-01  1.1868599460e+00  1.2301509610e+00
    8.6600000000e+00  6.6848812000e-02  3.7120704000e-02  1.4762882000e-02  9.2682269900e-01  1.1817972480e+00  1.2249115190e+00
    8.6700000000e+00  7.0738137000e-02  3.9044893000e-02  1.6516498000e-02  9.2340944300e-01  1.1767128900e+00  1.2196147580e+00
    8.6800000000e+00  7.4716607000e-02  4.1226378000e-02  1.8502188000e-02  9.2000199200e-01  1.1716467110e+00  1.2142972920e+00
    8.6900000000e+00  7.8795428000e-02  4.3670002000e-02  2.0729131000e-02  9.1661903400e-01  1.1666426520e+00  1.2089995930e+00
    8.7000000000e+00  8.2980825000e-02  4.6371758000e-02  2.3197961000e-02  9.1328130800e-01  1.1617470050e+00  1.2037639200e+00
    8.7100000000e+00  8.7274016000e-02  4.9317992000e-02  2.5900715000e-02  9.1001008500e-01  1.1570062500e+00  1.1986322390e+00
    8.7200000000e+00  9.1671667000e-02  5.2485264000e-02  2.8821304000e-02  9.0682585000e-01  1.1524646720e+00  1.1936443590e+00
    8.7300000000e+00  9.6166667000e-02  5.5840870000e-02  3.1936341000e-02  9.0374732600e-01  1.1481619810e+00  1.1888363620e+00
    8.7400000000e+00  1.0074906700e-01  5.9344020000e-02  3.5216197000e-02  9.0079088700e-01  1.1441311230e+00  1.1842393350e+00
    8.7500000000e+00  1.0540704400e-01  6.2947566000e-02  3.8626195000e-02  8.9797034000e-01  1.1403964660e+00  1.1798783830e+00
    8.7600000000e+00  1.1012776400e-01  6.6600182000e-02  4.2127945000e-02  8.9529706700e-01  1.1369725250e+00  1.1757719120e+00
    8.7700000000e+00  1.1489805400e-01  7.0248795000e-02  4.5680738000e-02  8.9278044100e-01  1.1338633340e+00  1.1719312140e+00
    8.7800000000e+00  1.1970475600e-01  7.3841018000e-02  4.9242952000e-02  8.9042846600e-01  1.1310625430e+00  1.1683603820e+00
    8.7900000000e+00  1.2453469900e-01  7.7327360000e-02  5.2773326000e-02  8.8824846500e-01  1.1285541420e+00  1.1650565360e+00
    8.8000000000e+00  1.2937424300e-01  8.0662983000e-02  5.6232026000e-02  8.8624765200e-01  1.1263136680e+00  1.1620102590e+00
    8.8100000000e+00  1.3420849000e-01  8.3808968000e-02  5.9581448000e-02  8.8443334500e-01  1.1243096280e+00  1.1592060940e+00
    8.8200000000e+00  1.3902035900e-01  8.6733117000e-02  6.2786867000e-02  8.8281265500e-01  1.1225049230e+00  1.1566229750e+00
    8.8300000000e+00  1.4378982300e-01  8.9410486000e-02  6.5817060000e-02  8.8139160600e-01  1.1208581440e+00  1.1542345060e+00
    8.8400000000e+00  1.4849360900e-01  9.1823810000e-02  6.8645107000e-02  8.8017377400e-01  1.1193247490e+00  1.1520091910e+00
    8.8500000000e+00  1.5310559700e-01  9.3963944000e-02  7.1249441000e-02  8.7915874900e-01  1.1178582380e+00  1.1499107650e+00
    8.8600000000e+00  1.5759796000e-01  9.5830289000e-02  7.3615131000e-02  8.7834077600e-01  1.1164115010e+00  1.1478988920e+00
    8.8700000000e+00  1.6194290900e-01  9.7431069000e-02  7.5735199000e-02  8.7770792900e-01  1.1149384560e+00  1.1459304120e+00
    8.8800000000e+00  1.6611470900e-01  9.8783242000e-02  7.7611641000e-02  8.7724207700e-01  1.1133959700e+00  1.1439612170e+00
    8.8900000000e+00  1.7009159800e-01  9.9911827000e-02  7.9255860000e-02  8.7691967300e-01  1.1117459310e+00  1.1419486390e+00
    8.9000000000e+00  1.7385722100e-01  1.0084854400e-01  8.0688204000e-02  8.7671323400e-01  1.1099571970e+00  1.1398540580e+00
    8.9100000000e+00  1.7740136500e-01  1.0162979800e-01  8.1936587000e-02  8.7659319900e-01  1.1080071330e+00  1.1376453260e+00
    8.9200000000e+00  1.8071992500e-01  1.0229418900e-01  8.3034266000e-02  8.7652983200e-01  1.1058824450e+00  1.1352986060e+00
    8.9300000000e+00  1.8381421200e-01  1.0287985600e-01  8.4017127000e-02  8.7649483000e-01  1.1035791590e+00  1.1327993330e+00
    8.9400000000e+00  1.8668981400e-01  1.0342198800e-01  8.4920848000e-02  8.7646244600e-01  1.1011017280e+00  1.1301421600e+00
    8.9500000000e+00  1.8935530200e-01  1.0395084600e-01  8.5778356000e-02  8.7641002400e-01  1.0984614110e+00  1.1273299720e+00
    8.9600000000e+00  1.9182100500e-01  1.0449047400e-01  8.6617884000e-02  8.7631799600e-01  1.0956741710e+00  1.1243721820e+00
    8.9700000000e+00  1.9409806700e-01  1.0505823300e-01  8.7461792000e-02  8.7616948500e-01  1.0927584080e+00  1.1212826180e+00
    8.9800000000e+00  1.9619786900e-01  1.0566507500e-01  8.8326199000e-02  8.7594967000e-01  1.0897328060e+00  1.1180773040e+00
    8.9900000000e+00  1.9813182600e-01  1.0631646900e-01  8.9221349000e-02  8.7564513000e-01  1.0866145400e+00  1.1147724170e+00
    9.0000000000e+00  1.9991150500e-01  1.0701374900e-01  9.0152559000e-02  8.7524328600e-01  1.0834179960e+00  1.1113826370e+00
    9.0100000000e+00  2.0154894300e-01  1.0775571200e-01  9.1121570000e-02  8.7473204800e-01  1.0801540970e+00  1.1079200250e+00
    9.0200000000e+00  2.0305708300e-01  1.0854022200e-01  9.2128061000e-02  8.7409968700e-01  1.0768302400e+00  1.1043935050e+00
    9.0300000000e+00  2.0445023200e-01  1.0936561800e-01  9.3171123000e-02  8.7333495200e-01  1.0734508240e+00  1.1008089440e+00
    9.0400000000e+00  2.0574447300e-01  1.1023173300e-01  9.4250457000e-02  8.7242741700e-01  1.0700182180e+00  1.0971697560e+00
    9.0500000000e+00  2.0695794500e-01  1.1114036400e-01  9.5367154000e-02  8.7136807100e-01  1.0665340210e+00  1.0934778520e+00
    9.0600000000e+00  2.0811088100e-01  1.1209513400e-01  9.6523947000e-02  8.7015008600e-01  1.0630003220e+00  1.0897347460e+00
    9.0700000000e+00  2.0922531700e-01  1.1310079600e-01  9.7724949000e-02  8.6876970300e-01  1.0594207240e+00  1.0859425640e+00
    9.0800000000e+00  2.1032438600e-01  1.1416214600e-01  9.8974995000e-02  8.6722704900e-01  1.0558008950e+00  1.0821047670e+00
    9.0900000000e+00  2.1143122500e-01  1.1528280500e-01  1.0027875600e-01  8.6552671400e-01  1.0521485150e+00  1.0782264410e+00
    9.1000000000e+00  2.1256761600e-01  1.1646415100e-01  1.0163985500e-01  8.6367788600e-01  1.0484726500e+00  1.0743141510e+00
    9.1100000000e+00  2.1375256600e-01  1.1770466200e-01  1.0306016300e-01  8.6169394000e-01  1.0447826710e+00  1.0703753950e+00
    9.1200000000e+00  2.1500108400e-01  1.1899979800e-01  1.0453942100e-01  8.5959147500e-01  1.0410869510e+00  1.0664178120e+00
    9.1300000000e+00  2.1632338100e-01  1.2034249000e-01  1.0607524000e-01  8.5738893100e-01  1.0373916260e+00  1.0624483050e+00
    9.1400000000e+00  2.1772463400e-01  1.2172411800e-01  1.0766346500e-01  8.5510501200e-01  1.0336996450e+00  1.0584722480e+00
    9.1500000000e+00  2.1920531300e-01  1.2313580900e-01  1.0929881600e-01  8.5275715500e-01  1.0300103290e+00  1.0544929220e+00
    9.1600000000e+00  2.2076197400e-01  1.2456978800e-01  1.1097567000e-01  8.5036025100e-01  1.0263194800e+00  1.0505112430e+00
    9.1700000000e+00  2.2238836000e-01  1.2602054300e-01  1.1268884700e-01  8.4792573300e-01  1.0226200150e+00  1.0465258010e+00
    9.1800000000e+00  2.2407666400e-01  1.2748560300e-01  1.1443426600e-01  8.4546104000e-01  1.0189029420e+00  1.0425331480e+00
    9.1900000000e+00  2.2581884300e-01  1.2896586400e-01  1.1620942300e-01  8.4296945200e-01  1.0151584690e+00  1.0385282100e+00
    9.2000000000e+00  2.2760793200e-01  1.3046551100e-01  1.1801368900e-01  8.4045026200e-01  1.0113770310e+00  1.0345047380e+00
    9.2100000000e+00  2.2943929600e-01  1.3199165600e-01  1.1984851000e-01  8.3789931300e-01  1.0075501120e+00  1.0304557070e+00
    9.2200000000e+00  2.3131172500e-01  1.3355385400e-01  1.2171758900e-01  8.3530989400e-01  1.0036708060e+00  1.0263736830e+00
    9.2300000000e+00  2.3322825200e-01  1.3516360300e-01  1.2362709200e-01  8.3267398400e-01  9.9973418300e-01  1.0222512110e+00
    9.2400000000e+00  2.3519656100e-01  1.3683390800e-01  1.2558588900e-01  8.2998375100e-01  9.9573752000e-01  1.0180813140e+00
    9.2500000000e+00  2.3722889900e-01  1.3857887300e-01  1.2760572500e-01  8.2723316000e-01  9.9168047600e-01  1.0138581800e+00
    9.2600000000e+00  2.3934147000e-01  1.4041333200e-01  1.2970120200e-01  8.2441951500e-01  9.8756523100e-01  1.0095780250e+00
    9.2700000000e+00  2.4155335500e-01  1.4235245700e-01  1.3188946300e-01  8.2154476900e-01  9.8339661800e-01  1.0052400550e+00
    9.2800000000e+00  2.4388505100e-01  1.4441135300e-01  1.3418949700e-01  8.1861647000e-01  9.7918220600e-01  1.0008473970e+00
    9.2900000000e+00  2.4635674800e-01  1.4660463000e-01  1.3662108700e-01  8.1564822900e-01  9.7493235500e-01  9.9640780800e-01
    9.3000000000e+00  2.4898648700e-01  1.4894594500e-01  1.3920349500e-01  8.1265965200e-01  9.7066022100e-01  9.9193403600e-01
    9.3100000000e+00  2.5178837700e-01  1.5144750800e-01  1.4195403300e-01  8.0967568700e-01  9.6638170100e-01  9.8744371900e-01
    9.3200000000e+00  2.5477106200e-01  1.5411955300e-01  1.4488669400e-01  8.0672540200e-01  9.6211529400e-01  9.8295881300e-01
    9.3300000000e+00  2.5793664800e-01  1.5696978100e-01  1.4801102400e-01  8.0384029900e-01  9.5788184000e-01  9.7850457800e-01
    9.3400000000e+00  2.6128025700e-01  1.6000282400e-01  1.5133138000e-01  8.0105234600e-01  9.5370410900e-01  9.7410825200e-01
    9.3500000000e+00  2.6479028500e-01  1.6321978500e-01  1.5484666300e-01  7.9839199500e-01  9.4960621600e-01  9.6979753500e-01
    9.3600000000e+00  2.6844931900e-01  1.6661793600e-01  1.5855058500e-01  7.9588647100e-01  9.4561290000e-01  9.6559910300e-01
    9.3700000000e+00  2.7223552700e-01  1.7019062700e-01  1.6243241700e-01  7.9355856700e-01  9.4174871100e-01  9.6153733400e-01
    9.3800000000e+00  2.7612426100e-01  1.7392743700e-01  1.6647811600e-01  7.9142607400e-01  9.3803720600e-01  9.5763342800e-01
    9.3900000000e+00  2.8008958900e-01  1.7781456400e-01  1.7067162100e-01  7.8950183800e-01  9.3450025300e-01  9.5390503400e-01
    9.4000000000e+00  2.8410551800e-01  1.8183536100e-01  1.7499611600e-01  7.8779430000e-01  9.3115752500e-01  9.5036643900e-01
    9.4100000000e+00  2.8814677900e-01  1.8597094200e-01  1.7943499300e-01  7.8630832800e-01  9.2802623000e-01  9.4702919600e-01
    9.4200000000e+00  2.9218914600e-01  1.9020072900e-01  1.8397237700e-01  7.8504609800e-01  9.2512105900e-01  9.4390305500e-01
    9.4300000000e+00  2.9620935400e-01  1.9450285500e-01  1.8859313300e-01  7.8400785200e-01  9.2245428800e-01  9.4099691300e-01
    9.4400000000e+00  3.0018475700e-01  1.9885438400e-01  1.9328241500e-01  7.8319239600e-01  9.2003592300e-01  9.3831958000e-01
    9.4500000000e+00  3.0409283800e-01  2.0323137800e-01  1.9802493200e-01  7.8259728000e-01  9.1787378900e-01  9.3588015400e-01
    9.4600000000e+00  3.0791075300e-01  2.0760886100e-01  2.0280413200e-01  7.8221864900e-01  9.1597347400e-01  9.3368795700e-01
    9.4700000000e+00  3.1161501400e-01  2.1196081700e-01  2.0760154000e-01  7.8205081000e-01  9.1433810700e-01  9.3175205800e-01
    9.4800000000e+00  3.1518144900e-01  2.1626028600e-01  2.1239639200e-01  7.8208559800e-01  9.1296799800e-01  9.3008052700e-01
    9.4900000000e+00  3.1858550500e-01  2.2047967200e-01  2.1716564100e-01  7.8231168400e-01  9.1186022000e-01  9.2867959500e-01
    9.5000000000e+00  3.2180289600e-01  2.2459124300e-01  2.2188430000e-01  7.8271399000e-01  9.1100824300e-01  9.2755288900e-01
    9.5100000000e+00  3.2481054000e-01  2.2856782300e-01  2.2652603800e-01  7.8327335500e-01  9.1040171500e-01  9.2670087100e-01
    9.5200000000e+00  3.2758764700e-01  2.3238356800e-01  2.3106388100e-01  7.8396658900e-01  9.1002645500e-01  9.2612052400e-01
    9.5300000000e+00  3.3011676900e-01  2.3601475500e-01  2.3547093500e-01  7.8476694100e-01  9.0986469600e-01  9.2580527700e-01
    9.5400000000e+00  3.3238461600e-01  2.3944049500e-01  2.3972104600e-01  7.8564493800e-01  9.0989552600e-01  9.2574510400e-01
    9.5500000000e+00  3.3438251000e-01  2.4264331700e-01  2.4378937200e-01  7.8656945100e-01  9.1009552400e-01  9.2592675700e-01
    9.5600000000e+00  3.3610640200e-01  2.4560959000e-01  2.4765289400e-01  7.8750876400e-01  9.1043953000e-01  9.2633409400e-01
    9.5700000000e+00  3.3755654700e-01  2.4832973300e-01  2.5129082600e-01  7.8843147000e-01  9.1090154400e-01  9.2694851700e-01
    9.5800000000e+00  3.3873697200e-01  2.5079816400e-01  2.5468489300e-01  7.8930703900e-01  9.1145567900e-01  9.2774951700e-01
    9.5900000000e+00  3.3965497900e-01  2.5301291200e-01  2.5781940600e-01  7.9010606300e-01  9.1207710200e-01  9.2871526100e-01
    9.6000000000e+00  3.4032082000e-01  2.5497489800e-01  2.6068109000e-01  7.9080025900e-01  9.1274277500e-01  9.2982313000e-01
    9.6100000000e+00  3.4074766500e-01  2.5668696600e-01  2.6325872500e-01  7.9136243500e-01  9.1343183600e-01  9.3105005600e-01
    9.6200000000e+00  3.4095179300e-01  2.5815287300e-01  2.6554272200e-01  7.9176660200e-01  9.1412552400e-01  9.3237254700e-01
    9.6300000000e+00  3.4095286100e-01  2.5937647800e-01  2.6752485100e-01  7.9198837100e-01  9.1480662400e-01  9.3376642000e-01
    9.6400000000e+00  3.4077405500e-01  2.6036135900e-01  2.6919830200e-01  7.9200565400e-01  9.1545863600e-01  9.3520635300e-01
    9.6500000000e+00  3.4044193700e-01  2.6111095800e-01  2.7055812600e-01  7.9179956200e-01  9.1606490000e-01  9.3666551600e-01
    9.6600000000e+00  3.3998590500e-01  2.6162917400e-01  2.7160200000e-01  7.9135532000e-01  9.1660798800e-01  9.3811549400e-01
    9.6700000000e+00  3.3943729100e-01  2.6192121300e-01  2.7233107400e-01  7.9066300900e-01  9.1706954500e-01  9.3952668800e-01
    9.6800000000e+00  3.3882820400e-01  2.6199438800e-01  2.7275063300e-01  7.8971796800e-01  9.1743064100e-01  9.4086917800e-01
    9.6900000000e+00  3.3819029800e-01  2.6185861800e-01  2.7287031100e-01  7.8852081800e-01  9.1767251200e-01  9.4211391500e-01
    9.7000000000e+00  3.3755361000e-01  2.6152648100e-01  2.7270375500e-01  7.8707710000e-01  9.1777746400e-01  9.4323394900e-01
    9.7100000000e+00  3.3694558400e-01  2.6101281200e-01  2.7226775000e-01  7.8539662900e-01  9.1772966500e-01  9.4420540700e-01
    9.7200000000e+00  3.3639033500e-01  2.6033401200e-01  2.7158103700e-01  7.8349264500e-01  9.1751561600e-01  9.4500798100e-01
    9.7300000000e+00  3.3590817200e-01  2.5950728600e-01  2.7066308900e-01  7.8138085400e-01  9.1712422700e-01  9.4562485000e-01
    9.7400000000e+00  3.3551535700e-01  2.5855004200e-01  2.6953312900e-01  7.7907841500e-01  9.1654655000e-01  9.4604209000e-01
    9.7500000000e+00  3.3522410000e-01  2.5747957400e-01  2.6820959200e-01  7.7660291100e-01  9.1577534500e-01  9.4624779000e-01
    9.7600000000e+00  3.3504279300e-01  2.5631304000e-01  2.6671007100e-01  7.7397131500e-01  9.1480466500e-01  9.4623112300e-01
    9.7700000000e+00  3.3497652400e-01  2.5506763800e-01  2.6505169000e-01  7.7119900400e-01  9.1362960800e-01  9.4598157900e-01
    9.7800000000e+00  3.3502790900e-01  2.5376082800e-01  2.6325172900e-01  7.6829888800e-01  9.1224627500e-01  9.4548851400e-01
    9.7900000000e+00  3.3519825400e-01  2.5241048900e-01  2.6132837400e-01  7.6528079600e-01  9.1065188700e-01  9.4474101900e-01
    9.8000000000e+00  3.3548899200e-01  2.5103498700e-01  2.5930144800e-01  7.6215127800e-01  9.0884496000e-01  9.4372811700e-01
    9.8100000000e+00  3.3590323500e-01  2.4965316500e-01  2.5719308100e-01  7.5891399400e-01  9.0682550500e-01  9.4243922500e-01
    9.8200000000e+00  3.3644718600e-01  2.4828431200e-01  2.5502825200e-01  7.5557078000e-01  9.0459524100e-01  9.4086490500e-01
    9.8300000000e+00  3.3713109100e-01  2.4694812000e-01  2.5283511900e-01  7.5212334100e-01  9.0215787900e-01  9.3899789500e-01
    9.8400000000e+00  3.3796942400e-01  2.4566451700e-01  2.5064498600e-01  7.4857538000e-01  8.9951954700e-01  9.3683442100e-01
    9.8500000000e+00  3.3898011300e-01  2.4445327800e-01  2.4849170900e-01  7.4493479600e-01  8.9668929400e-01  9.3437565100e-01
    9.8600000000e+00  3.4018279400e-01  2.4333326900e-01  2.4641042800e-01  7.4121549800e-01  8.9367955500e-01  9.3162903800e-01
    9.8700000000e+00  3.4159629700e-01  2.4232132200e-01  2.4443561800e-01  7.3743841600e-01  8.9050632100e-01  9.2860918300e-01
    9.8800000000e+00  3.4323578000e-01  2.4143090200e-01  2.4259871100e-01  7.3363139200e-01  8.8718877300e-01  9.2533787400e-01
    9.8900000000e+00  3.4511002300e-01  2.4067085600e-01  2.4092570600e-01  7.2982786000e-01  8.8374824700e-01  9.2184309200e-01
    9.9000000000e+00  3.4721940200e-01  2.4004463600e-01  2.3943528900e-01  7.2606450200e-01  8.8020659000e-01  9.1815702100e-01
    9.9100000000e+00  3.4955491900e-01  2.3955028000e-01  2.3813790500e-01  7.2237822700e-01  8.7658417500e-01  9.1431341500e-01
    9.9200000000e+00  3.5209846500e-01  2.3918129200e-01  2.3703597900e-01  7.1880300700e-01  8.7289798200e-01  9.1034479900e-01
    9.9300000000e+00  3.5482423100e-01  2.3892830100e-01  2.3612522700e-01  7.1536706800e-01  8.6916019800e-01  9.0628009100e-01
    9.9400000000e+00  3.5770101100e-01  2.3878118500e-01  2.3539670100e-01  7.1209085000e-01  8.6537762500e-01  9.0214301500e-01
    9.9500000000e+00  3.6069496100e-01  2.3873123800e-01  2.3483913000e-01  7.0898597600e-01  8.6155202200e-01  8.9795153200e-01
    9.9600000000e+00  3.6377239900e-01  2.3877297200e-01  2.3444108500e-01  7.0605525800e-01  8.5768128900e-01  8.9371819600e-01
    9.9700000000e+00  3.6690225800e-01  2.3890526600e-01  2.3419265100e-01  7.0329360000e-01  8.5376121300e-01  8.8945121000e-01
    9.9800000000e+00  3.7005795300e-01  2.3913172400e-01  2.3408644400e-01  7.0068952800e-01  8.4978746300e-01  8.8515587300e-01
    9.9900000000e+00  3.7321854500e-01  2.3946026800e-01  2.3411796100e-01  6.9822706500e-01  8.4575749500e-01  8.8083610500e-01
    1.0000000000e+01  3.7636922900e-01  2.3990208900e-01  2.3428536500e-01  6.9588766800e-01  8.4167211300e-01  8.7649583500e-01
    1.0010000000e+01  3.7950125100e-01  2.4047016000e-01  2.3458884000e-01  6.9365202900e-01  8.3753651600e-01  8.7214009100e-01
    1.0020000000e+01  3.8261136900e-01  2.4117752700e-01  2.3502967000e-01  6.9150160700e-01  8.3336073700e-01  8.6777571400e-01
    1.0030000000e+01  3.8570101900e-01  2.4203559300e-01  2.3560917800e-01  6.8941983000e-01  8.2915948800e-01  8.6341165500e-01
    1.0040000000e+01  3.8877529500e-01  2.4305257000e-01  2.3632767400e-01  6.8739294400e-01  8.2495142600e-01  8.5905883400e-01
    1.0050000000e+01  3.9184184400e-01  2.4423229300e-01  2.3718356700e-01  6.8541051300e-01  8.2075795300e-01  8.5472961000e-01
    1.0060000000e+01  3.9490977700e-01  2.4557352000e-01  2.3817278800e-01  6.8346557600e-01  8.1660168800e-01  8.5043693300e-01
    1.0070000000e+01  3.9798866200e-01  2.4706982600e-01  2.3928863000e-01  6.8155450100e-01  8.1250480600e-01  8.4619334000e-01
    1.0080000000e+01  4.0108770600e-01  2.4871009600e-01  2.4052204400e-01  6.7967657000e-01  8.0848747500e-01  8.4201000200e-01
    1.0090000000e+01  4.0421519800e-01  2.5047954600e-01  2.4186231400e-01  6.7783337900e-01  8.0456663800e-01  8.3789602800e-01
    1.0100000000e+01  4.0737826400e-01  2.5236106100e-01  2.4329793200e-01  6.7602816900e-01  8.0075532300e-01  8.3385817900e-01
    1.0110000000e+01  4.1058295000e-01  2.5433659800e-01  2.4481744200e-01  6.7426523500e-01  7.9706255500e-01  8.2990102500e-01
    1.0120000000e+01  4.1383453600e-01  2.5638836200e-01  2.4641002800e-01  6.7254957100e-01  7.9349382200e-01  8.2602745000e-01
    1.0130000000e+01  4.1713793400e-01  2.5849955100e-01  2.4806572000e-01  6.7088683800e-01  7.9005188600e-01  8.2223931800e-01
    1.0140000000e+01  4.2049797700e-01  2.6065458100e-01  2.4977520700e-01  6.6928365000e-01  7.8673769000e-01  8.1853805300e-01
    1.0150000000e+01  4.2391940700e-01  2.6283886000e-01  2.5152937800e-01  6.6774809000e-01  7.8355107600e-01  8.1492495800e-01
    1.0160000000e+01  4.2740649200e-01  2.6503829100e-01  2.5331877700e-01  6.6629022900e-01  7.8049114900e-01  8.1140115200e-01
    1.0170000000e+01  4.3096227600e-01  2.6723875000e-01  2.5513321000e-01  6.6492244400e-01  7.7755620900e-01  8.0796716700e-01
    1.0180000000e+01  4.3458763300e-01  2.6942577000e-01  2.5696165300e-01  6.6365935400e-01  7.7474333900e-01  8.0462232500e-01
    1.0190000000e+01  4.3828033500e-01  2.7158457000e-01  2.5879255600e-01  6.6251728300e-01  7.7204783100e-01  8.0136409900e-01
    1.0200000000e+01  4.4203437400e-01  2.7370044900e-01  2.6061447200e-01  6.6151332700e-01  7.6946264700e-01  7.9818766600e-01
    1.0210000000e+01  4.4583972000e-01  2.7575947000e-01  2.6241687900e-01  6.6066417500e-01  7.6697811000e-01  7.9508580800e-01
    1.0220000000e+01  4.4968256000e-01  2.7774926400e-01  2.6419100000e-01  6.5998492600e-01  7.6458190800e-01  7.9204918500e-01
    1.0230000000e+01  4.5354597100e-01  2.7965981400e-01  2.6593041700e-01  6.5948814200e-01  7.6225941700e-01  7.8906692200e-01
    1.0240000000e+01  4.5741084100e-01  2.8148408900e-01  2.6763141300e-01  6.5918327300e-01  7.5999428100e-01  7.8612737000e-01
    1.0250000000e+01  4.6125681700e-01  2.8321849500e-01  2.6929301300e-01  6.5907651500e-01  7.5776915500e-01  7.8321886100e-01
    1.0260000000e+01  4.6506309200e-01  2.8486310600e-01  2.7091681400e-01  6.5917103300e-01  7.5556655700e-01  7.8033038800e-01
    1.0270000000e+01  4.6880888600e-01  2.8642169300e-01  2.7250669000e-01  6.5946736500e-01  7.5336979300e-01  7.7745215000e-01
    1.0280000000e+01  4.7247361000e-01  2.8790149100e-01  2.7406842200e-01  6.5996383800e-01  7.5116390800e-01  7.7457601600e-01
    1.0290000000e+01  4.7603679300e-01  2.8931267800e-01  2.7560926900e-01  6.6065682000e-01  7.4893662600e-01  7.7169591300e-01
    1.0300000000e+01  4.7947791200e-01  2.9066752700e-01  2.7713743000e-01  6.6154072200e-01  7.4667913100e-01  7.6880816300e-01
    1.0310000000e+01  4.8277629700e-01  2.9197927000e-01  2.7866138400e-01  6.6260774000e-01  7.4438656300e-01  7.6591169100e-01
    1.0320000000e+01  4.8591124100e-01  2.9326079700e-01  2.8018913800e-01  6.6384741800e-01  7.4205808100e-01  7.6300804100e-01
    1.0330000000e+01  4.8886241400e-01  2.9452340500e-01  2.8172745500e-01  6.6524617300e-01  7.3969642700e-01  7.6010112400e-01
    1.0340000000e+01  4.9161058100e-01  2.9577581100e-01  2.8328120900e-01  6.6678693800e-01  7.3730705800e-01  7.5719670400e-01
    1.0350000000e+01  4.9413855900e-01  2.9702359700e-01  2.8485296100e-01  6.6844909200e-01  7.3489700500e-01  7.5430169700e-01
    1.0360000000e+01  4.9643225800e-01  2.9826915200e-01  2.8644282400e-01  6.7020877900e-01  7.3247370000e-01  7.5142339600e-01
    1.0370000000e+01  4.9848161400e-01  2.9951202000e-01  2.8804857600e-01  6.7203965900e-01  7.3004397600e-01  7.4856876800e-01
    1.0380000000e+01  5.0028121100e-01  3.0074949700e-01  2.8966596900e-01  6.7391399900e-01  7.2761338200e-01  7.4574388200e-01
    1.0390000000e+01  5.0183045800e-01  3.0197729800e-01  2.9128910500e-01  6.7580394300e-01  7.2518582400e-01  7.4295351900e-01
    1.0400000000e+01  5.0313329000e-01  3.0319012200e-01  2.9291082800e-01  6.7768272500e-01  7.2276346700e-01  7.4020091600e-01
    1.0410000000e+01  5.0419747900e-01  3.0438207200e-01  2.9452308700e-01  6.7952562200e-01  7.2034675000e-01  7.3748760300e-01
    1.0420000000e+01  5.0503375500e-01  3.0554693100e-01  2.9611726500e-01  6.8131052800e-01  7.1793441100e-01  7.3481327100e-01
    1.0430000000e+01  5.0565492900e-01  3.0667839400e-01  2.9768451600e-01  6.8301814300e-01  7.1552342300e-01  7.3217566100e-01
    1.0440000000e+01  5.0607517200e-01  3.0777035200e-01  2.9921614600e-01  6.8463188600e-01  7.1310886000e-01  7.2957046500e-01
    1.0450000000e+01  5.0630952700e-01  3.0881731500e-01  3.0070404800e-01  6.8613766600e-01  7.1068374200e-01  7.2699127100e-01
    1.0460000000e+01  5.0637361400e-01  3.0981500000e-01  3.0214122300e-01  6.8752367400e-01  7.0823896900e-01  7.2442959300e-01
    1.0470000000e+01  5.0628343400e-01  3.1076107400e-01  3.0352235500e-01  6.8878024400e-01  7.0576346100e-01  7.2187505400e-01
    1.0480000000e+01  5.0605518500e-01  3.1165593500e-01  3.0484439400e-01  6.8989981100e-01  7.0324460400e-01  7.1931576400e-01
    1.0490000000e+01  5.0570502000e-01  3.1250338700e-01  3.0610706000e-01  6.9087688600e-01  7.0066904900e-01  7.1673892900e-01
    1.0500000000e+01  5.0524872600e-01  3.1331103900e-01  3.0731314500e-01  6.9170800500e-01  6.9802384200e-01  7.1413168600e-01
    1.0510000000e+01  5.0470137900e-01  3.1409025100e-01  3.0846850800e-01  6.9239155100e-01  6.9529774400e-01  7.1148208400e-01
    1.0520000000e+01  5.0407703300e-01  3.1485553400e-01  3.0958166400e-01  6.9292745400e-01  6.9248254800e-01  7.0878005500e-01
    1.0530000000e+01  5.0338852300e-01  3.1562342300e-01  3.1066298900e-01  6.9331677100e-01  6.8957412000e-01  7.0601819400e-01
    1.0540000000e+01  5.0264743600e-01  3.1641095800e-01  3.1172363200e-01  6.9356120600e-01  6.8657294900e-01  7.0319215900e-01
    1.0550000000e+01  5.0186428500e-01  3.1723403400e-01  3.1277434500e-01  6.9366263800e-01  6.8348403600e-01  7.0030056900e-01
    1.0560000000e+01  5.0104887900e-01  3.1810591600e-01  3.1382447300e-01  6.9362275400e-01  6.8031612900e-01  6.9734440500e-01
    1.0570000000e+01  5.0021085200e-01  3.1903619800e-01  3.1488133400e-01  6.9344288000e-01  6.7708043300e-01  6.9432603400e-01
    1.0580000000e+01  4.9936027100e-01  3.2003039100e-01  3.1595012500e-01  6.9312409000e-01  6.7378903300e-01  6.9124808300e-01
    1.0590000000e+01  4.9850816400e-01  3.2109018400e-01  3.1703435600e-01  6.9266764000e-01  6.7045337100e-01  6.8811245200e-01
    1.0600000000e+01  4.9766682600e-01  3.2221427100e-01  3.1813666700e-01  6.9207569300e-01  6.6708302000e-01  6.8491967700e-01
    1.0610000000e+01  4.9684974000e-01  3.2339950700e-01  3.1925981400e-01  6.9135221700e-01  6.6368497700e-01  6.8166877900e-01
    1.0620000000e+01  4.9607103400e-01  3.2464215900e-01  3.2040755800e-01  6.9050385700e-01  6.6026351300e-01  6.7835759400e-01
    1.0630000000e+01  4.9534450800e-01  3.2593896700e-01  3.2158527400e-01  6.8954056000e-01  6.5682051700e-01  6.7498345600e-01
    1.0640000000e+01  4.9468234800e-01  3.2728788200e-01  3.2280015800e-01  6.8847572700e-01  6.5335616800e-01  6.7154404900e-01
    1.0650000000e+01  4.9409380100e-01  3.2868839600e-01  3.2406104100e-01  6.8732579200e-01  6.4986972400e-01  6.6803823300e-01
    1.0660000000e+01  4.9358405800e-01  3.3014152500e-01  3.2537788600e-01  6.8610920100e-01  6.4636024800e-01  6.6446667000e-01
    1.0670000000e+01  4.9315364800e-01  3.3164955700e-01  3.2676110900e-01  6.8484497200e-01  6.4282713400e-01  6.6083216800e-01
    1.0680000000e+01  4.9279848800e-01  3.3321571800e-01  3.2822087200e-01  6.8355107500e-01  6.3927041000e-01  6.5713971300e-01
    1.0690000000e+01  4.9251061600e-01  3.3484387900e-01  3.2976648900e-01  6.8224300500e-01  6.3569085800e-01  6.5339625200e-01
    1.0700000000e+01  4.9227943500e-01  3.3653836600e-01  3.3140600000e-01  6.8093282100e-01  6.3209005100e-01  6.4961033000e-01
    1.0710000000e+01  4.9209316600e-01  3.3830384600e-01  3.3314594600e-01  6.7962885300e-01  6.2847041600e-01  6.4579167900e-01
    1.0720000000e+01  4.9194016400e-01  3.4014523700e-01  3.3499126800e-01  6.7833604900e-01  6.2483535900e-01  6.4195085000e-01
    1.0730000000e+01  4.9180982000e-01  3.4206752800e-01  3.3694530300e-01  6.7705679500e-01  6.2118945300e-01  6.3809891500e-01
    1.0740000000e+01  4.9169291800e-01  3.4407548200e-01  3.3900977300e-01  6.7579190500e-01  6.1753860900e-01  6.3424722400e-01
    1.0750000000e+01  4.9158147900e-01  3.4617321400e-01  3.4118478700e-01  6.7454151100e-01  6.1389014400e-01  6.3040718700e-01
    1.0760000000e+01  4.9146827100e-01  3.4836371600e-01  3.4346882600e-01  6.7330562700e-01  6.1025269000e-01  6.2659002500e-01
    1.0770000000e+01  4.9134620200e-01  3.5064841300e-01  3.4585877700e-01  6.7208434500e-01  6.0663589800e-01  6.2280649600e-01
    1.0780000000e+01  4.9120778500e-01  3.5302682500e-01  3.4835002400e-01  6.7087768700e-01  6.0304999300e-01  6.1906660100e-01
    1.0790000000e+01  4.9104477800e-01  3.5549639900e-01  3.5093662900e-01  6.6968526100e-01  5.9950523300e-01  6.1537930800e-01
    1.0800000000e+01  4.9084802700e-01  3.5805251700e-01  3.5361157300e-01  6.6850582100e-01  5.9601133200e-01  6.1175233100e-01
    1.0810000000e+01  4.9060744100e-01  3.6068866800e-01  3.5636703500e-01  6.6733681500e-01  5.9257690200e-01  6.0819197100e-01
    1.0820000000e+01  4.9031208500e-01  3.6339677600e-01  3.5919468600e-01  6.6617390800e-01  5.8920896600e-01  6.0470303400e-01
    1.0830000000e+01  4.8995036600e-01  3.6616766200e-01  3.6208597300e-01  6.6501046400e-01  5.8591254800e-01  6.0128878900e-01
    1.0840000000e+01  4.8951040000e-01  3.6899164200e-01  3.6503241800e-01  6.6383694500e-01  5.8269041700e-01  5.9795096100e-01
    1.0850000000e+01  4.8898065800e-01  3.7185919700e-01  3.6802592900e-01  6.6264028200e-01  5.7954300600e-01  5.9468978200e-01
    1.0860000000e+01  4.8835098500e-01  3.7476167900e-01  3.7105912800e-01  6.6140335700e-01  5.7646857500e-01  5.9150410300e-01
    1.0870000000e+01  4.8761399300e-01  3.7769192700e-01  3.7412567200e-01  6.6010480100e-01  5.7346360700e-01  5.8839162100e-01
    1.0880000000e+01  4.8676670300e-01  3.8064472100e-01  3.7722050100e-01  6.5871933800e-01  5.7052341600e-01  5.8534919800e-01
    1.0890000000e+01  4.8581219600e-01  3.8361696000e-01  3.8033998000e-01  6.5721881100e-01  5.6764286800e-01  5.8237326400e-01
    1.0900000000e+01  4.8476093400e-01  3.8660758700e-01  3.8348189800e-01  6.5557391900e-01  5.6481708000e-01  5.7946023100e-01
    1.0910000000e+01  4.8363144900e-01  3.8961727700e-01  3.8664534900e-01  6.5375650900e-01  5.6204201100e-01  5.7660687000e-01
    1.0920000000e+01  4.8245018200e-01  3.9264800100e-01  3.8983053400e-01  6.5174213200e-01  5.5931485700e-01  5.7381059900e-01
    1.0930000000e+01  4.8125039000e-01  3.9570254600e-01  3.9303853000e-01  6.4951249300e-01  5.5663426400e-01  5.7106971100e-01
    1.0940000000e+01  4.8007023800e-01  3.9878409100e-01  3.9627104500e-01  6.4705745400e-01  5.5400040000e-01  5.6838353600e-01
    1.0950000000e+01  4.7895029600e-01  4.0189582400e-01  3.9953017300e-01  6.4437628600e-01  5.5141494300e-01  5.6575259100e-01
    1.0960000000e+01  4.7793076900e-01  4.0504061300e-01  4.0281808800e-01  6.4147803900e-01  5.4888104600e-01  5.6317869700e-01
    1.0970000000e+01  4.7704880700e-01  4.0822066800e-01  4.0613668100e-01  6.3838101600e-01  5.4640327900e-01  5.6066505900e-01
    1.0980000000e+01  4.7633616000e-01  4.1143717500e-01  4.0948713400e-01  6.3511146700e-01  5.4398752000e-01  5.5821623600e-01
    1.0990000000e+01  4.7581741700e-01  4.1468990000e-01  4.1286946000e-01  6.3170170800e-01  5.4164076600e-01  5.5583796800e-01
    1.1000000000e+01  4.7550890800e-01  4.1797679200e-01  4.1628209500e-01  6.2818789200e-01  5.3937079200e-01  5.5353684000e-01
    1.1010000000e+01  4.7541832500e-01  4.2129366500e-01  4.1972159400e-01  6.2460766900e-01  5.3718566200e-01  5.5131978200e-01
    1.1020000000e+01  4.7554501000e-01  4.2463401400e-01  4.2318250500e-01  6.2099792800e-01  5.3509309400e-01  5.4919348000e-01
    1.1030000000e+01  4.7588083600e-01  4.2798905000e-01  4.2665746400e-01  6.1739283200e-01  5.3309973100e-01  5.4716373600e-01
    1.1040000000e+01  4.7641155500e-01  4.3134799900e-01  4.3013749500e-01  6.1382226500e-01  5.3121041300e-01  5.4523489300e-01
    1.1050000000e+01  4.7711843900e-01  4.3469866200e-01  4.3361251200e-01  6.1031082100e-01  5.2942754100e-01  5.4340938400e-01
    1.1060000000e+01  4.7798002000e-01  4.3802819800e-01  4.3707195200e-01  6.0687738000e-01  5.2775065900e-01  5.4168747500e-01
    1.1070000000e+01  4.7897372300e-01  4.4132404300e-01  4.4050546200e-01  6.0353523500e-01  5.2617633000e-01  5.4006726200e-01
    1.1080000000e+01  4.8007720500e-01  4.4457484100e-01  4.4390353600e-01  6.0029268300e-01  5.2469835100e-01  5.3854491400e-01
    1.1090000000e+01  4.8126927100e-01  4.4777124200e-01  4.4725800500e-01  5.9715387900e-01  5.2330830100e-01  5.3711513400e-01
    1.1100000000e+01  4.8253033700e-01  4.5090644300e-01  4.5056229700e-01  5.9411977700e-01  5.2199633900e-01  5.3577175200e-01
    1.1110000000e+01  4.8384250900e-01  4.5397639400e-01  4.5381143100e-01  5.9118892800e-01  5.2075214300e-01  5.3450835700e-01
    1.1120000000e+01  4.8518941100e-01  4.5697964500e-01  4.5700176700e-01  5.8835801500e-01  5.1956581600e-01  5.3331882800e-01
    1.1130000000e+01  4.8655596700e-01  4.5991688000e-01  4.6013057200e-01  5.8562209000e-01  5.1842865600e-01  5.3219768700e-01
    1.1140000000e+01  4.8792829800e-01  4.6279023800e-01  4.6319550200e-01  5.8297454700e-01  5.1733365500e-01  5.3114020800e-01
    1.1150000000e+01  4.8929386500e-01  4.6560254300e-01  4.6619413000e-01  5.8040700800e-01  5.1627570500e-01  5.3014228700e-01
    1.1160000000e+01  4.9064183900e-01  4.6835656700e-01  4.6912360000e-01  5.7790927400e-01  5.1525150500e-01  5.2920011100e-01
    1.1170000000e+01  4.9196364400e-01  4.7105442500e-01  4.7198048700e-01  5.7546948800e-01  5.1425924300e-01  5.2830972400e-01
    1.1180000000e+01  4.9325350600e-01  4.7369716300e-01  4.7476087200e-01  5.7307460700e-01  5.1329811000e-01  5.2746658200e-01
    1.1190000000e+01  4.9450884000e-01  4.7628454000e-01  4.7746060400e-01  5.7071114900e-01  5.1236776000e-01  5.2666518900e-01
    1.1200000000e+01  4.9573033800e-01  4.7881501200e-01  4.8007569500e-01  5.6836613600e-01  5.1146776600e-01  5.2589887900e-01
    1.1210000000e+01  4.9692167200e-01  4.8128586600e-01  4.8260276600e-01  5.6602805600e-01  5.1059712200e-01  5.2515976600e-01
    1.1220000000e+01  4.9808884000e-01  4.8369347700e-01  4.8503948600e-01  5.6368767800e-01  5.0975382300e-01  5.2443885500e-01
    1.1230000000e+01  4.9923923200e-01  4.8603368000e-01  4.8738495000e-01  5.6133855700e-01  5.0893452200e-01  5.2372630100e-01
    1.1240000000e+01  5.0038059900e-01  4.8830223500e-01  4.8963996800e-01  5.5897713900e-01  5.0813429500e-01  5.2301176700e-01
    1.1250000000e+01  5.0152009100e-01  4.9049537500e-01  4.9180724600e-01  5.5660247300e-01  5.0734654600e-01  5.2228486200e-01
    1.1260000000e+01  5.0266353000e-01  4.9261040900e-01  4.9389143400e-01  5.5421560200e-01  5.0656308800e-01  5.2153562700e-01
    1.1270000000e+01  5.0381501900e-01  4.9464630500e-01  4.9589905200e-01  5.5181877700e-01  5.0577443700e-01  5.2075504200e-01
    1.1280000000e+01  5.0497690800e-01  4.9660418500e-01  4.9783825500e-01  5.4941466500e-01  5.0497032700e-01  5.1993550700e-01
    1.1290000000e+01  5.0615005400e-01  4.9848762000e-01  4.9971846100e-01  5.4700570600e-01  5.0414041000e-01  5.1907127300e-01
    1.1300000000e+01  5.0733425100e-01  5.0030267000e-01  5.0154984900e-01  5.4459369700e-01  5.0327505100e-01  5.1815874100e-01
    1.1310000000e+01  5.0852870800e-01  5.0205761800e-01  5.0334275400e-01  5.4217964400e-01  5.0236611200e-01  5.1719661800e-01
    1.1320000000e+01  5.0973242900e-01  5.0376243900e-01  5.0510705000e-01  5.3976381100e-01  5.0140760500e-01  5.1618586400e-01
    1.1330000000e+01  5.1094446200e-01  5.0542807600e-01  5.0685155700e-01  5.3734589700e-01  5.0039609800e-01  5.1512944800e-01
    1.1340000000e+01  5.1216398200e-01  5.0706563800e-01  5.0858357300e-01  5.3492521300e-01  4.9933085400e-01  5.1403192800e-01
    1.1350000000e+01  5.1339027600e-01  5.0868563400e-01  5.1030858400e-01  5.3250080800e-01  4.9821369200e-01  5.1289891800e-01
    1.1360000000e+01  5.1462267300e-01  5.1029733500e-01  5.1203015200e-01  5.3007150400e-01  4.9704862300e-01  5.1173652700e-01
    1.1370000000e+01  5.1586050100e-01  5.1190830900e-01  5.1374998600e-01  5.2763583800e-01  4.9584136300e-01  5.1055082900e-01
    1.1380000000e+01  5.1710309900e-01  5.1352414200e-01  5.1546814400e-01  5.2519194400e-01  4.9459876000e-01  5.0934742600e-01
    1.1390000000e+01  5.1834991800e-01  5.1514832700e-01  5.1718331400e-01  5.2273742000e-01  4.9332822800e-01  5.0813111600e-01
    1.1400000000e+01  5.1960071700e-01  5.1678230800e-01  5.1889312200e-01  5.2026921900e-01  4.9203719800e-01  5.0690567400e-01
    1.1410000000e+01  5.2085585000e-01  5.1842565000e-01  5.2059445300e-01  5.1778362200e-01  4.9073264000e-01  5.0567371600e-01
    1.1420000000e+01  5.2211659000e-01  5.2007630900e-01  5.2228375300e-01  5.1527633500e-01  4.8942066500e-01  5.0443663900e-01
    1.1430000000e+01  5.2338544300e-01  5.2173097800e-01  5.2395732500e-01  5.1274275000e-01  4.8810624200e-01  5.0319461200e-01
    1.1440000000e+01  5.2466635400e-01  5.2338546700e-01  5.2561159600e-01  5.1017834400e-01  4.8679302900e-01  5.0194663100e-01
    1.1450000000e+01  5.2596474500e-01  5.2503506500e-01  5.2724336600e-01  5.0757917800e-01  4.8548333700e-01  5.0069061300e-01
    1.1460000000e+01  5.2728734100e-01  5.2667484300e-01  5.2885001900e-01  5.0494238500e-01  4.8417817900e-01  4.9942354500e-01
    1.1470000000e+01  5.2864182200e-01  5.2829987700e-01  5.3042968200e-01  5.0226655400e-01  4.8287736500e-01  4.9814166100e-01
    1.1480000000e+01  5.3003636400e-01  5.2990539400e-01  5.3198133400e-01  4.9955195300e-01  4.8157960100e-01  4.9684062900e-01
    1.1490000000e+01  5.3147917400e-01  5.3148687500e-01  5.3350487200e-01  4.9680054800e-01  4.8028252800e-01  4.9551574200e-01
    1.1500000000e+01  5.3297810500e-01  5.3304018200e-01  5.3500114800e-01  4.9401589400e-01  4.7898272000e-01  4.9416208600e-01
    1.1510000000e+01  5.3454037200e-01  5.3456174500e-01  5.3647200100e-01  4.9120295000e-01  4.7767565700e-01  4.9277470400e-01
    1.1520000000e+01  5.3617237000e-01  5.3604883800e-01  5.3792028300e-01  4.8836789200e-01  4.7635574600e-01  4.9134878400e-01
    1.1530000000e+01  5.3787953700e-01  5.3749991900e-01  5.3934986500e-01  4.8551796500e-01  4.7501645300e-01  4.8987987200e-01
    1.1540000000e+01  5.3966621100e-01  5.3891494000e-01  5.4076557400e-01  4.8266135700e-01  4.7365059100e-01  4.8836414000e-01
    1.1550000000e+01  5.4153545500e-01  5.4029557000e-01  5.4217303100e-01  4.7980707800e-01  4.7225075500e-01  4.8679865000e-01
    1.1560000000e+01  5.4348884800e-01  5.4164522600e-01  5.4357836200e-01  4.7696477900e-01  4.7080983300e-01  4.8518156400e-01
    1.1570000000e+01  5.4552627200e-01  5.4296891000e-01  5.4498783500e-01  4.7414447800e-01  4.6932151700e-01  4.8351223100e-01
    1.1580000000e+01  5.4764575300e-01  5.4427287200e-01  5.4640747500e-01  4.7135617600e-01  4.6778069300e-01  4.8179109600e-01
    1.1590000000e+01  5.4984343000e-01  5.4556416300e-01  5.4784276000e-01  4.6860937200e-01  4.6618368400e-01  4.8001946100e-01
    1.1600000000e+01  5.5211369800e-01  5.4685015400e-01  5.4929846900e-01  4.6591254400e-01  4.6452829700e-01  4.7819914100e-01
    1.1610000000e+01  5.5444955900e-01  5.4813811700e-01  5.5077869700e-01  4.6327268300e-01  4.6281369400e-01  4.7633210000e-01
    1.1620000000e+01  5.5684314600e-01  5.4943490500e-01  5.5228703200e-01  4.6069497600e-01  4.6104012900e-01  4.7442014700e-01
    1.1630000000e+01  5.5928634300e-01  5.5074679900e-01  5.5382685700e-01  4.5818271700e-01  4.5920861400e-01  4.7246474600e-01
    1.1640000000e+01  5.6177137500e-01  5.5207953200e-01  5.5540170800e-01  4.5573747900e-01  4.5732057900e-01  4.7046699700e-01
    1.1650000000e+01  5.6429125400e-01  5.5343845800e-01  5.5701562800e-01  4.5335950100e-01  4.5537763700e-01  4.6842778200e-01
    1.1660000000e+01  5.6683999700e-01  5.5482881700e-01  5.5867343500e-01  4.5104819400e-01  4.5338149300e-01  4.6634810100e-01
    1.1670000000e+01  5.6941259400e-01  5.5625598100e-01  5.6038082300e-01  4.4880263400e-01  4.5133405100e-01  4.6422951500e-01
    1.1680000000e+01  5.7200478100e-01  5.5772559500e-01  5.6214424400e-01  4.4662193200e-01  4.4923765500e-01  4.6207465500e-01
    1.1690000000e+01  5.7461271700e-01  5.5924353000e-01  5.6397056100e-01  4.4450541300e-01  4.4709540200e-01  4.5988766200e-01
    1.1700000000e+01  5.7723268000e-01  5.6081566900e-01  5.6586650700e-01  4.4245261700e-01  4.4491141500e-01  4.5767445700e-01
    1.1710000000e+01  5.7986085000e-01  5.6244754500e-01  5.6783804800e-01  4.4046315200e-01  4.4269098100e-01  4.5544279200e-01
    1.1720000000e+01  5.8249322900e-01  5.6414393700e-01  5.6988976500e-01  4.3853651700e-01  4.4044052000e-01  4.5320202200e-01
    1.1730000000e+01  5.8512566200e-01  5.6590848900e-01  5.7202434000e-01  4.3667193400e-01  4.3816737700e-01  4.5096267700e-01
    1.1740000000e+01  5.8775393000e-01  5.6774344400e-01  5.7424225000e-01  4.3486824800e-01  4.3587948300e-01  4.4873586700e-01
    1.1750000000e+01  5.9037383800e-01  5.6964951100e-01  5.7654167000e-01  4.3312390500e-01  4.3358493400e-01  4.4653263900e-01
    1.1760000000e+01  5.9298128200e-01  5.7162588400e-01  5.7891859200e-01  4.3143696400e-01  4.3129155800e-01  4.4436335700e-01
    1.1770000000e+01  5.9557226300e-01  5.7367040800e-01  5.8136710900e-01  4.2980511300e-01  4.2900652200e-01  4.4223716600e-01
    1.1780000000e+01  5.9814288100e-01  5.7577984500e-01  5.8387983400e-01  4.2822566500e-01  4.2673601500e-01  4.4016158800e-01
    1.1790000000e+01  6.0068932900e-01  5.7795022000e-01  5.8644837400e-01  4.2669549600e-01  4.2448503700e-01  4.3814225100e-01
    1.1800000000e+01  6.0320792400e-01  5.8017720500e-01  5.8906384900e-01  4.2521095800e-01  4.2225730900e-01  4.3618276400e-01
    1.1810000000e+01  6.0569519200e-01  5.8245648800e-01  5.9171740200e-01  4.2376776800e-01  4.2005529700e-01  4.3428471100e-01
    1.1820000000e+01  6.0814801900e-01  5.8478411700e-01  5.9440068600e-01  4.2236090900e-01  4.1788033500e-01  4.3244777700e-01
    1.1830000000e+01  6.1056386800e-01  5.8715677700e-01  5.9710630700e-01  4.2098457500e-01  4.1573283600e-01  4.3066997700e-01
    1.1840000000e+01  6.1294104400e-01  5.8957200000e-01  5.9982819800e-01  4.1963216900e-01  4.1361255600e-01  4.2894799800e-01
    1.1850000000e+01  6.1527900100e-01  5.9202829300e-01  6.0256189100e-01  4.1829639600e-01  4.1151890000e-01  4.2727762200e-01
    1.1860000000e+01  6.1757867000e-01  5.9452519000e-01  6.0530466900e-01  4.1696946100e-01  4.0945125200e-01  4.2565422300e-01
    1.1870000000e+01  6.1984275700e-01  5.9706320400e-01  6.0805557600e-01  4.1564341000e-01  4.0740931200e-01  4.2407328500e-01
    1.1880000000e+01  6.2207596400e-01  5.9964369900e-01  6.1081527100e-01  4.1431062000e-01  4.0539342300e-01  4.2253090800e-01
    1.1890000000e+01  6.2428504700e-01  6.0226865500e-01  6.1358574100e-01  4.1296441400e-01  4.0340486300e-01  4.2102425200e-01
    1.1900000000e+01  6.2647864400e-01  6.0494033800e-01  6.1636989900e-01  4.1159974300e-01  4.0144606600e-01  4.1955188000e-01
    1.1910000000e+01  6.2866684000e-01  6.0766089500e-01  6.1917108900e-01  4.1021382200e-01  3.9952072700e-01  4.1811395300e-01
    1.1920000000e+01  6.3086049400e-01  6.1043192500e-01  6.2199256800e-01  4.0880661300e-01  3.9763378100e-01  4.1671227300e-01
    1.1930000000e+01  6.3307039800e-01  6.1325405500e-01  6.2483699900e-01  4.0738105900e-01  3.9579123100e-01  4.1535017400e-01
    1.1940000000e+01  6.3530638900e-01  6.1612658700e-01  6.2770600300e-01  4.0594300400e-01  3.9399983900e-01  4.1403225500e-01
    1.1950000000e+01  6.3757652700e-01  6.1904725300e-01  6.3059981700e-01  4.0450083100e-01  3.9226670600e-01  4.1276400900e-01
    1.1960000000e+01  6.3988644900e-01  6.2201212000e-01  6.3351707200e-01  4.0306484400e-01  3.9059879200e-01  4.1155135200e-01
    1.1970000000e+01  6.4223896900e-01  6.2501565300e-01  6.3645472600e-01  4.0164649300e-01  3.8900239500e-01  4.1040010500e-01
    1.1980000000e+01  6.4463394100e-01  6.2805095300e-01  6.3940817600e-01  4.0025755500e-01  3.8748268000e-01  4.0931547000e-01
    1.1990000000e+01  6.4706838700e-01  6.3111016300e-01  6.4237154000e-01  3.9890934000e-01  3.8604330400e-01  4.0830156400e-01
    1.2000000000e+01  6.4953682400e-01  6.3418498800e-01  6.4533810000e-01  3.9761201800e-01  3.8468619900e-01  4.0736107900e-01
    1.2010000000e+01  6.5203175800e-01  6.3726726500e-01  6.4830084300e-01  3.9637411000e-01  3.8341156800e-01  4.0649513000e-01
    1.2020000000e+01  6.5454424900e-01  6.4034949800e-01  6.5125302100e-01  3.9520217300e-01  3.8221809500e-01  4.0570332300e-01
    1.2030000000e+01  6.5706450200e-01  6.4342526100e-01  6.5418864000e-01  3.9410068000e-01  3.8110334400e-01  4.0498404200e-01
    1.2040000000e+01  6.5958239300e-01  6.4648940400e-01  6.5710278100e-01  3.9307208000e-01  3.8006427200e-01  4.0433490400e-01
    1.2050000000e+01  6.6208789900e-01  6.4953803400e-01  6.5999170300e-01  3.9211698700e-01  3.7909776500e-01  4.0375331100e-01
    1.2060000000e+01  6.6457137800e-01  6.5256828700e-01  6.6285269700e-01  3.9123444100e-01  3.7820109100e-01  4.0323697300e-01
    1.2070000000e+01  6.6702372900e-01  6.5557794500e-01  6.6568372300e-01  3.9042217300e-01  3.7737220200e-01  4.0278432600e-01
    1.2080000000e+01  6.6943644300e-01  6.5856500200e-01  6.6848291700e-01  3.8967681400e-01  3.7660982800e-01  4.0239473300e-01
    1.2090000000e+01  6.7180160600e-01  6.6152725800e-01  6.7124805600e-01  3.8899403100e-01  3.7591338400e-01  4.0206844700e-01
    1.2100000000e+01  6.7411191200e-01  6.6446202800e-01  6.7397609600e-01  3.8836859100e-01  3.7528273600e-01  4.0180635300e-01
    1.2110000000e+01  6.7636071400e-01  6.6736600100e-01  6.7666287800e-01  3.8779437700e-01  3.7471789000e-01  4.0160953900e-01
    1.2120000000e+01  6.7854213000e-01  6.7023524600e-01  6.7930303800e-01  3.8726440200e-01  3.7421870900e-01  4.0147879400e-01
    1.2130000000e+01  6.8065121300e-01  6.7306531300e-01  6.8189011400e-01  3.8677086500e-01  3.7378468600e-01  4.0141413000e-01
    1.2140000000e+01  6.8268412400e-01  6.7585138500e-01  6.8441682900e-01  3.8630528500e-01  3.7341482600e-01  4.0141439900e-01
    1.2150000000e+01  6.8463829100e-01  6.7858840400e-01  6.8687546100e-01  3.8585871200e-01  3.7310760200e-01  4.0147705000e-01
    1.2160000000e+01  6.8651247300e-01  6.8127115800e-01  6.8925825300e-01  3.8542201700e-01  3.7286095400e-01  4.0159803900e-01
    1.2170000000e+01  6.8830671300e-01  6.8389430200e-01  6.9155778000e-01  3.8498618500e-01  3.7267229300e-01  4.0177188400e-01
    1.2180000000e+01  6.9002217600e-01  6.8645234800e-01  6.9376723700e-01  3.8454256500e-01  3.7253844300e-01  4.0199179600e-01
    1.2190000000e+01  6.9166091400e-01  6.8893966200e-01  6.9588064300e-01  3.8408299500e-01  3.7245553400e-01  4.0224983800e-01
    1.2200000000e+01  6.9322562900e-01  6.9135052700e-01  6.9789298000e-01  3.8359979400e-01  3.7241881700e-01  4.0253706600e-01
    1.2210000000e+01  6.9471953600e-01  6.9367930600e-01  6.9980033400e-01  3.8308563000e-01  3.7242247000e-01  4.0284363200e-01
    1.2220000000e+01  6.9614636500e-01  6.9592073300e-01  7.0160007900e-01  3.8253334300e-01  3.7245943200e-01  4.0315886600e-01
    1.2230000000e+01  6.9751053200e-01  6.9807030000e-01  7.0329111900e-01  3.8193582300e-01  3.7252135800e-01  4.0347141900e-01
    1.2240000000e+01  6.9881740600e-01  7.0012470600e-01  7.0487418700e-01  3.8128602700e-01  3.7259872500e-01  4.0376951200e-01
    1.2250000000e+01  7.0007361000e-01  7.0208227300e-01  7.0635208700e-01  3.8057720000e-01  3.7268112600e-01  4.0404135200e-01
    1.2260000000e+01  7.0128720900e-01  7.0394325600e-01  7.0772982900e-01  3.7980328900e-01  3.7275773200e-01  4.0427570000e-01
    1.2270000000e+01  7.0246771700e-01  7.0570998500e-01  7.0901454200e-01  3.7895949300e-01  3.7281788300e-01  4.0446253500e-01
    1.2280000000e+01  7.0362583700e-01  7.0738677900e-01  7.1021511900e-01  3.7804285600e-01  3.7285172300e-01  4.0459372000e-01
    1.2290000000e+01  7.0477294700e-01  7.0897961800e-01  7.1134160400e-01  3.7705277200e-01  3.7285080100e-01  4.0466354700e-01
    1.2300000000e+01  7.0592034100e-01  7.1049559100e-01  7.1240435700e-01  3.7599130600e-01  3.7280854500e-01  4.0466905300e-01
    1.2310000000e+01  7.0707833400e-01  7.1194215900e-01  7.1341310200e-01  3.7486321000e-01  3.7272049300e-01  4.0461001000e-01
    1.2320000000e+01  7.0825533400e-01  7.1332634300e-01  7.1437599200e-01  3.7367558900e-01  3.7258422500e-01  4.0448854900e-01
    1.2330000000e+01  7.0945703700e-01  7.1465398200e-01  7.1529883600e-01  3.7243717900e-01  3.7239894100e-01  4.0430842200e-01
    1.2340000000e+01  7.1068593100e-01  7.1592920000e-01  7.1618464600e-01  3.7115731400e-01  3.7216475000e-01  4.0407398500e-01
    1.2350000000e+01  7.1194122400e-01  7.1715423000e-01  7.1703361100e-01  3.6984469200e-01  3.7188174800e-01  4.0378904100e-01
    1.2360000000e+01  7.1321929200e-01  7.1832966200e-01  7.1784353800e-01  3.6850617300e-01  3.7154910300e-01  4.0345573400e-01
    1.2370000000e+01  7.1451460000e-01  7.1945506800e-01  7.1861069800e-01  3.6714581400e-01  3.7116431300e-01  4.0307369500e-01
    1.2380000000e+01  7.1582095400e-01  7.2052990700e-01  7.1933095200e-01  3.6576435300e-01  3.7072280400e-01  4.0263958700e-01
    1.2390000000e+01  7.1713285600e-01  7.2155450000e-01  7.2000093600e-01  3.6435925600e-01  3.7021795200e-01  4.0214713200e-01
    1.2400000000e+01  7.1844670900e-01  7.2253091000e-01  7.2061912200e-01  3.6292528600e-01  3.6964149500e-01  4.0158756700e-01
    1.2410000000e+01  7.1976165600e-01  7.2346356000e-01  7.2118658900e-01  3.6145548500e-01  3.6898424300e-01  4.0095043400e-01
    1.2420000000e+01  7.2107994600e-01  7.2435953800e-01  7.2170742700e-01  3.5994235500e-01  3.6823693000e-01  4.0022452200e-01
    1.2430000000e+01  7.2240681300e-01  7.2522856700e-01  7.2218879700e-01  3.5837899900e-01  3.6739108300e-01  3.9939880900e-01
    1.2440000000e+01  7.2374997000e-01  7.2608272000e-01  7.2264071600e-01  3.5676005600e-01  3.6643977400e-01  3.9846328700e-01
    1.2450000000e+01  7.2511887200e-01  7.2693594600e-01  7.2307565800e-01  3.5508229700e-01  3.6537821100e-01  3.9740961000e-01
    1.2460000000e+01  7.2652393200e-01  7.2780349300e-01  7.2350808100e-01  3.5334489200e-01  3.6420414400e-01  3.9623155800e-01
    1.2470000000e+01  7.2797580900e-01  7.2870130800e-01  7.2395393800e-01  3.5154937900e-01  3.6291810000e-01  3.9492537100e-01
    1.2480000000e+01  7.2948488500e-01  7.2964542400e-01  7.2443018700e-01  3.4969947500e-01  3.6152347300e-01  3.9348997500e-01
    1.2490000000e+01  7.3106090100e-01  7.3065136700e-01  7.2495429900e-01  3.4780081600e-01  3.6002650500e-01  3.9192715900e-01
    1.2500000000e+01  7.3271273400e-01  7.3173358700e-01  7.2554372400e-01  3.4586075200e-01  3.5843613800e-01  3.9024168100e-01
    1.2510000000e+01  7.3444820900e-01  7.3290491500e-01  7.2621532300e-01  3.4388820500e-01  3.5676377100e-01  3.8844128500e-01
    1.2520000000e+01  7.3627388000e-01  7.3417608200e-01  7.2698477300e-01  3.4189357800e-01  3.5502287600e-01  3.8653659100e-01
    1.2530000000e+01  7.3819472200e-01  7.3555533400e-01  7.2786599600e-01  3.3988864500e-01  3.5322851000e-01  3.8454083800e-01
    1.2540000000e+01  7.4021376800e-01  7.3704819500e-01  7.2887066800e-01  3.3788632900e-01  3.5139673100e-01  3.8246948800e-01
    1.2550000000e+01  7.4233176000e-01  7.3865740200e-01  7.3000785700e-01  3.3590033600e-01  3.4954398800e-01  3.8033972900e-01
    1.2560000000e+01  7.4454689600e-01  7.4038301200e-01  7.3128380500e-01  3.3394462300e-01  3.4768655400e-01  3.7816994200e-01
    1.2570000000e+01  7.4685476100e-01  7.4222265600e-01  7.3270184700e-01  3.3203277600e-01  3.4584005300e-01  3.7597918200e-01
    1.2580000000e+01  7.4924847700e-01  7.4417185300e-01  7.3426242000e-01  3.3017738300e-01  3.4401914300e-01  3.7378671900e-01
    1.2590000000e+01  7.5171903600e-01  7.4622433400e-01  7.3596310900e-01  3.2838950200e-01  3.4223733900e-01  3.7161165600e-01
    1.2600000000e+01  7.5425576400e-01  7.4837227100e-01  7.3779867500e-01  3.2667828600e-01  3.4050694400e-01  3.6947258400e-01
    1.2610000000e+01  7.5684682100e-01  7.5060641100e-01  7.3976103300e-01  3.2505078600e-01  3.3883899900e-01  3.6738720600e-01
    1.2620000000e+01  7.5947965600e-01  7.5291611100e-01  7.4183924100e-01  3.2351191000e-01  3.3724316900e-01  3.6537186800e-01
    1.2630000000e+01  7.6214139400e-01  7.5528936800e-01  7.4401955900e-01  3.2206447200e-01  3.3572750300e-01  3.6344094600e-01
    1.2640000000e+01  7.6481911200e-01  7.5771294500e-01  7.4628572200e-01  3.2070927900e-01  3.3429806800e-01  3.6160611800e-01
    1.2650000000e+01  7.6750007500e-01  7.6017268600e-01  7.4861949500e-01  3.1944519200e-01  3.3295852700e-01  3.5987562300e-01
    1.2660000000e+01  7.7017194200e-01  7.6265406000e-01  7.5100156200e-01  3.1826915200e-01  3.3170977800e-01  3.5825367000e-01
    1.2670000000e+01  7.7282302300e-01  7.6514289900e-01  7.5341267400e-01  3.1717616900e-01  3.3054978400e-01  3.5674015100e-01
    1.2680000000e+01  7.7544261800e-01  7.6762623500e-01  7.5583489500e-01  3.1615932400e-01  3.2947369600e-01  3.5533079000e-01
    1.2690000000e+01  7.7802145600e-01  7.7009307500e-01  7.5825277500e-01  3.1520986400e-01  3.2847430500e-01  3.5401774900e-01
    1.2700000000e+01  7.8055217400e-01  7.7253497600e-01  7.6065422000e-01  3.1431745500e-01  3.2754275800e-01  3.5279063500e-01
    1.2710000000e+01  7.8302976100e-01  7.7494632500e-01  7.6303095300e-01  3.1347066500e-01  3.2666946000e-01  3.5163774900e-01
    1.2720000000e+01  7.8545182100e-01  7.7732427000e-01  7.6537848500e-01  3.1265761900e-01  3.2584498800e-01  3.5054737600e-01
    1.2730000000e+01  7.8781856500e-01  7.7966833000e-01  7.6769563600e-01  3.1186677700e-01  3.2506090200e-01  3.4950895100e-01
    1.2740000000e+01  7.9013250400e-01  7.8197977000e-01  7.6998372200e-01  3.1108763700e-01  3.2431034400e-01  3.4851392700e-01
    1.2750000000e+01  7.9239788400e-01  7.8426082900e-01  7.7224552200e-01  3.1031125100e-01  3.2358834000e-01  3.4755626100e-01
    1.2760000000e+01  7.9462001600e-01  7.8651393900e-01  7.7448421700e-01  3.0953045300e-01  3.2289180700e-01  3.4663250600e-01
    1.2770000000e+01  7.9680464500e-01  7.8874103500e-01  7.7670240700e-01  3.0873978100e-01  3.2221928200e-01  3.4574151800e-01
    1.2780000000e+01  7.9895748100e-01  7.9094305200e-01  7.7890136400e-01  3.0793519500e-01  3.2157044300e-01  3.4488386200e-01
    1.2790000000e+01  8.0108396000e-01  7.9311965600e-01  7.8108057300e-01  3.0711370000e-01  3.2094551200e-01  3.4406103200e-01
    1.2800000000e+01  8.0318921100e-01  7.9526922800e-01  7.8323760300e-01  3.0627299200e-01  3.2034465600e-01  3.4327460800e-01
    1.2810000000e+01  8.0527816800e-01  7.9738905600e-01  7.8536828600e-01  3.0541120800e-01  3.1976746800e-01  3.4252548000e-01
    1.2820000000e+01  8.0735575700e-01  7.9947566100e-01  7.8746713200e-01  3.0452683000e-01  3.1921258400e-01  3.4181321600e-01
    1.2830000000e+01  8.0942705500e-01  8.0152520600e-01  7.8952790200e-01  3.0361872500e-01  3.1867746200e-01  3.4113565400e-01
    1.2840000000e+01  8.1149738400e-01  8.0353389000e-01  7.9154423500e-01  3.0268629100e-01  3.1815830100e-01  3.4048870900e-01
    1.2850000000e+01  8.1357228200e-01  8.0549833500e-01  7.9351028200e-01  3.0172964700e-01  3.1765006700e-01  3.3986638300e-01
    1.2860000000e+01  8.1565735000e-01  8.0741591900e-01  7.9542126800e-01  3.0074981300e-01  3.1714658900e-01  3.3926095000e-01
    1.2870000000e+01  8.1775800700e-01  8.0928509600e-01  7.9727398400e-01  2.9974879500e-01  3.1664072100e-01  3.3866328000e-01
    1.2880000000e+01  8.1987920100e-01  8.1110568100e-01  7.9906716700e-01  2.9872954600e-01  3.1612457400e-01  3.3806328300e-01
    1.2890000000e+01  8.2202516200e-01  8.1287910800e-01  8.0080174300e-01  2.9769579500e-01  3.1558981800e-01  3.3745043500e-01
    1.2900000000e+01  8.2419925600e-01  8.1460860700e-01  8.0248092500e-01  2.9665178500e-01  3.1502808100e-01  3.3681436900e-01
    1.2910000000e+01  8.2640398400e-01  8.1629929600e-01  8.0411013600e-01  2.9560198400e-01  3.1443141300e-01  3.3614546500e-01
    1.2920000000e+01  8.2864109900e-01  8.1795811700e-01  8.0569676100e-01  2.9455085700e-01  3.1379279500e-01  3.3543540900e-01
    1.2930000000e+01  8.3091179700e-01  8.1959362500e-01  8.0724975500e-01  2.9350276000e-01  3.1310663800e-01  3.3467764500e-01
    1.2940000000e+01  8.3321688900e-01  8.2121562100e-01  8.0877914700e-01  2.9246194300e-01  3.1236921400e-01  3.3386769300e-01
    1.2950000000e+01  8.3555691000e-01  8.2283466600e-01  8.1029548700e-01  2.9143265300e-01  3.1157897400e-01  3.3300331300e-01
    1.2960000000e+01  8.3793212300e-01  8.2446150700e-01  8.1180929500e-01  2.9041926400e-01  3.1073671300e-01  3.3208450700e-01
    1.2970000000e+01  8.4034242200e-01  8.2610648400e-01  8.1333055500e-01  2.8942637000e-01  3.0984556700e-01  3.3111339400e-01
    1.2980000000e+01  8.4278719200e-01  8.2777895400e-01  8.1486827900e-01  2.8845881400e-01  3.0891084300e-01  3.3009396900e-01
    1.2990000000e+01  8.4526514800e-01  8.2948679500e-01  8.1643014800e-01  2.8752163800e-01  3.0793970200e-01  3.2903180100e-01
    1.3000000000e+01  8.4777419600e-01  8.3123601900e-01  8.1802223500e-01  2.8661994900e-01  3.0694072300e-01  3.2793366600e-01
    1.3010000000e+01  8.5031134600e-01  8.3303051500e-01  8.1964881000e-01  2.8575874700e-01  3.0592339600e-01  3.2680713700e-01
    1.3020000000e+01  8.5287268700e-01  8.3487195100e-01  8.2131223400e-01  2.8494271400e-01  3.0489756500e-01  3.2566013700e-01
    1.3030000000e+01  8.5545341700e-01  8.3675981800e-01  8.2301296700e-01  2.8417600300e-01  3.0387290000e-01  3.2450046400e-01
    1.3040000000e+01  8.5804792700e-01  8.3869162000e-01  8.2474970300e-01  2.8346204000e-01  3.0285841500e-01  3.2333532900e-01
    1.3050000000e+01  8.6064994400e-01  8.4066315000e-01  8.2651963300e-01  2.8280334600e-01  3.0186208200e-01  3.2217095300e-01
    1.3060000000e+01  8.6325268700e-01  8.4266883800e-01  8.2831881300e-01  2.8220140000e-01  3.0089056200e-01  3.2101226700e-01
    1.3070000000e+01  8.6584906800e-01  8.4470210600e-01  8.3014257700e-01  2.8165653000e-01  2.9994904000e-01  3.1986275000e-01
    1.3080000000e+01  8.6843188600e-01  8.4675569000e-01  8.3198593700e-01  2.8116784500e-01  2.9904115300e-01  3.1872439900e-01
    1.3090000000e+01  8.7099404300e-01  8.4882192600e-01  8.3384393600e-01  2.8073318400e-01  2.9816896300e-01  3.1759779800e-01
    1.3100000000e+01  8.7352877800e-01  8.5089300700e-01  8.3571191700e-01  2.8034908200e-01  2.9733294600e-01  3.1648224200e-01
    1.3110000000e+01  8.7602993800e-01  8.5296122400e-01  8.3758573500e-01  2.8001076500e-01  2.9653198300e-01  3.1537586800e-01
    1.3120000000e+01  8.7849230300e-01  8.5501923800e-01  8.3946193600e-01  2.7971220600e-01  2.9576334500e-01  3.1427577500e-01
    1.3130000000e+01  8.8091195600e-01  8.5706039900e-01  8.4133795400e-01  2.7944626500e-01  2.9502271900e-01  3.1317813300e-01
    1.3140000000e+01  8.8328665600e-01  8.5907910800e-01  8.4321232900e-01  2.7920500100e-01  2.9430429000e-01  3.1207832900e-01
    1.3150000000e+01  8.8561614300e-01  8.6107120200e-01  8.4508494700e-01  2.7898014300e-01  2.9360094500e-01  3.1097118000e-01
    1.3160000000e+01  8.8790225800e-01  8.6303432200e-01  8.4695725300e-01  2.7876371900e-01  2.9290460300e-01  3.0985125200e-01
    1.3170000000e+01  8.9014881800e-01  8.6496817500e-01  8.4883239000e-01  2.7854875500e-01  2.9220667700e-01  3.0871327300e-01
    1.3180000000e+01  8.9236120000e-01  8.6687467300e-01  8.5071519600e-01  2.7832990700e-01  2.9149862900e-01  3.0755262800e-01
    1.3190000000e+01  8.9454567100e-01  8.6875787800e-01  8.5261203900e-01  2.7810390000e-01  2.9077255500e-01  3.0636583800e-01
    1.3200000000e+01  8.9670859500e-01  8.7062378700e-01  8.5453050400e-01  2.7786965800e-01  2.9002173500e-01  3.0515099300e-01
    1.3210000000e+01  8.9885565200e-01  8.7247996700e-01  8.5647896900e-01  2.7762809900e-01  2.8924108600e-01  3.0390806200e-01
    1.3220000000e+01  9.0099123500e-01  8.7433509800e-01  8.5846610900e-01  2.7738164500e-01  2.8842749600e-01  3.0263907100e-01
    1.3230000000e+01  9.0311811000e-01  8.7619847000e-01  8.6050039700e-01  2.7713355800e-01  2.8758002100e-01  3.0134815100e-01
    1.3240000000e+01  9.0523738400e-01  8.7807946500e-01  8.6258961800e-01  2.7688724400e-01  2.8669996700e-01  3.0004146500e-01
    1.3250000000e+01  9.0734874200e-01  8.7998704200e-01  8.6474041200e-01  2.7664564500e-01  2.8579087200e-01  2.9872704100e-01
    1.3260000000e+01  9.0945086900e-01  8.8192922800e-01  8.6695787000e-01  2.7641083200e-01  2.8485837300e-01  2.9741450800e-01
    1.3270000000e+01  9.1154195100e-01  8.8391262900e-01  8.6924518300e-01  2.7618380700e-01  2.8390997500e-01  2.9611476000e-01
    1.3280000000e+01  9.1362017000e-01  8.8594199900e-01  8.7160337700e-01  2.7596453400e-01  2.8295468900e-01  2.9483953300e-01
    1.3290000000e+01  9.1568409800e-01  8.8801988300e-01  8.7403113800e-01  2.7575214300e-01  2.8200256400e-01  2.9360094300e-01
    1.3300000000e+01  9.1773295700e-01  8.9014639900e-01  8.7652475000e-01  2.7554525800e-01  2.8106412500e-01  2.9241098700e-01
    1.3310000000e+01  9.1976670400e-01  8.9231916300e-01  8.7907813100e-01  2.7534237000e-01  2.8014976300e-01  2.9128105100e-01
    1.3320000000e+01  9.2178594900e-01  8.9453338300e-01  8.8168297500e-01  2.7514219900e-01  2.7926911900e-01  2.9022144500e-01
    1.3330000000e+01  9.2379172600e-01  8.9678209200e-01  8.8432895700e-01  2.7494396000e-01  2.7843052100e-01  2.8924095900e-01
    1.3340000000e+01  9.2578516900e-01  8.9905652400e-01  8.8700402300e-01  2.7474749300e-01  2.7764047800e-01  2.8834645900e-01
    1.3350000000e+01  9.2776717200e-01  9.0134659900e-01  8.8969476300e-01  2.7455321100e-01  2.7690328400e-01  2.8754251400e-01
    1.3360000000e+01  9.2973811700e-01  9.0364150900e-01  8.9238687800e-01  2.7436188500e-01  2.7622073900e-01  2.8683107700e-01
    1.3370000000e+01  9.3169775100e-01  9.0593036900e-01  8.9506575400e-01  2.7417431600e-01  2.7559203100e-01  2.8621125900e-01
    1.3380000000e+01  9.3364524800e-01  9.0820290400e-01  8.9771713100e-01  2.7399097100e-01  2.7501379600e-01  2.8567924100e-01
    1.3390000000e+01  9.3557946600e-01  9.1045010600e-01  9.0032781600e-01  2.7381170700e-01  2.7448038400e-01  2.8522838600e-01
    1.3400000000e+01  9.3749932600e-01  9.1266479600e-01  9.0288636900e-01  2.7363564800e-01  2.7398431800e-01  2.8484957600e-01
    1.3410000000e+01  9.3940422200e-01  9.1484200500e-01  9.0538366500e-01  2.7346128500e-01  2.7351691500e-01  2.8453175500e-01
    1.3420000000e+01  9.4129434200e-01  9.1697913400e-01  9.0781325400e-01  2.7328678400e-01  2.7306899900e-01  2.8426264700e-01
    1.3430000000e+01  9.4317080300e-01  9.1907585700e-01  9.1017145000e-01  2.7311044400e-01  2.7263159700e-01  2.8402953300e-01
    1.3440000000e+01  9.4503554600e-01  9.2113379800e-01  9.1245714900e-01  2.7293118500e-01  2.7219652900e-01  2.8381997100e-01
    1.3450000000e+01  9.4689097700e-01  9.2315605400e-01  9.1467144000e-01  2.7274895600e-01  2.7175681100e-01  2.8362236700e-01
    1.3460000000e+01  9.4873943900e-01  9.2514665900e-01  9.1681708600e-01  2.7256492800e-01  2.7130682200e-01  2.8342631400e-01
    1.3470000000e+01  9.5058263500e-01  9.2711010400e-01  9.1889801100e-01  2.7238142200e-01  2.7084226400e-01  2.8322269200e-01
    1.3480000000e+01  9.5242112300e-01  9.2905097400e-01  9.2091888600e-01  2.7220156400e-01  2.7035997100e-01  2.8300358100e-01
    1.3490000000e+01  9.5425402900e-01  9.3097376700e-01  9.2288487700e-01  2.7202874900e-01  2.6985765300e-01  2.8276206500e-01
    1.3500000000e+01  9.5607901900e-01  9.3288284300e-01  9.2480155900e-01  2.7186603200e-01  2.6933366700e-01  2.8249204100e-01
    1.3510000000e+01  9.5789252700e-01  9.3478248600e-01  9.2667496400e-01  2.7171557800e-01  2.6878688500e-01  2.8218810300e-01
    1.3520000000e+01  9.5969018500e-01  9.3667697800e-01  9.2851166700e-01  2.7157827400e-01  2.6821665000e-01  2.8184555900e-01
    1.3530000000e+01  9.6146734300e-01  9.3857064300e-01  9.3031884200e-01  2.7145355400e-01  2.6762284100e-01  2.8146055600e-01
    1.3540000000e+01  9.6321957500e-01  9.4046781100e-01  9.3210423000e-01  2.7133944300e-01  2.6700596400e-01  2.8103028900e-01
    1.3550000000e+01  9.6494310900e-01  9.4237270400e-01  9.3387597600e-01  2.7123277600e-01  2.6636723800e-01  2.8055322800e-01
    1.3560000000e+01  9.6663510600e-01  9.4428925500e-01  9.3564235800e-01  2.7112952900e-01  2.6570862800e-01  2.8002928100e-01
    1.3570000000e+01  9.6829378800e-01  9.4622091500e-01  9.3741142900e-01  2.7102519200e-01  2.6503279800e-01  2.7945986900e-01
    1.3580000000e+01  9.6991842100e-01  9.4817045700e-01  9.3919062900e-01  2.7091512600e-01  2.6434297300e-01  2.7884785100e-01
    1.3590000000e+01  9.7150918200e-01  9.5013986000e-01  9.4098643400e-01  2.7079484300e-01  2.6364274500e-01  2.7819731700e-01
    1.3600000000e+01  9.7306696000e-01  9.5213025500e-01  9.4280408900e-01  2.7066019200e-01  2.6293583100e-01  2.7751326100e-01
    1.3610000000e+01  9.7459313900e-01  9.5414197700e-01  9.4464748700e-01  2.7050742600e-01  2.6222583800e-01  2.7680118300e-01
    1.3620000000e+01  9.7608941800e-01  9.5617469200e-01  9.4651919700e-01  2.7033318800e-01  2.6151607500e-01  2.7606668000e-01
    1.3630000000e+01  9.7755768800e-01  9.5822757700e-01  9.4842063600e-01  2.7013441600e-01  2.6080944200e-01  2.7531511600e-01
    1.3640000000e+01  9.7900000500e-01  9.6029950100e-01  9.5035233800e-01  2.6990824100e-01  2.6010840300e-01  2.7455139700e-01
    1.3650000000e+01  9.8041863100e-01  9.6238917700e-01  9.5231424400e-01  2.6965190400e-01  2.5941504500e-01  2.7377989700e-01
    1.3660000000e+01  9.8181613800e-01  9.6449524100e-01  9.5430594800e-01  2.6936274500e-01  2.5873116500e-01  2.7300451600e-01
    1.3670000000e+01  9.8319550800e-01  9.6661626200e-01  9.5632685700e-01  2.6903827500e-01  2.5805836600e-01  2.7222881600e-01
    1.3680000000e+01  9.8456018500e-01  9.6875070200e-01  9.5837622000e-01  2.6867633100e-01  2.5739811800e-01  2.7145617800e-01
    1.3690000000e+01  9.8591404600e-01  9.7089685200e-01  9.6045307900e-01  2.6827527600e-01  2.5675175700e-01  2.7068993100e-01
    1.3700000000e+01  9.8726123700e-01  9.7305278100e-01  9.6255614500e-01  2.6783419800e-01  2.5612044300e-01  2.6993339900e-01
    1.3710000000e+01  9.8860592200e-01  9.7521631800e-01  9.6468366900e-01  2.6735302100e-01  2.5550508500e-01  2.6918987700e-01
    1.3720000000e+01  9.8995195200e-01  9.7738507400e-01  9.6683332300e-01  2.6683249300e-01  2.5490625600e-01  2.6846251800e-01
    1.3730000000e+01  9.9130256900e-01  9.7955648900e-01  9.6900213300e-01  2.6627400300e-01  2.5432412500e-01  2.6775418400e-01
    1.3740000000e+01  9.9266020900e-01  9.8172789200e-01  9.7118645500e-01  2.6567926600e-01  2.5375839600e-01  2.6706724100e-01
    1.3750000000e+01  9.9402648100e-01  9.8389657400e-01  9.7338202200e-01  2.6504994600e-01  2.5320825800e-01  2.6640334100e-01
    1.3760000000e+01  9.9540232000e-01  9.8605986800e-01  9.7558405700e-01  2.6438730000e-01  2.5267232900e-01  2.6576317700e-01
    1.3770000000e+01  9.9678829300e-01  9.8821526200e-01  9.7778749000e-01  2.6369195900e-01  2.5214859500e-01  2.6514624900e-01
    1.3780000000e+01  9.9818494400e-01  9.9036055300e-01  9.7998728000e-01  2.6296386400e-01  2.5163435900e-01  2.6455065900e-01
    1.3790000000e+01  9.9959310600e-01  9.9249407700e-01  9.8217886700e-01  2.6220237600e-01  2.5112622500e-01  2.6397302100e-01
    1.3800000000e+01  1.0010141100e+00  9.9461496500e-01  9.8435869200e-01  2.6140647800e-01  2.5062018100e-01  2.6340852400e-01
    1.3810000000e+01  1.0024498630e+00  9.9672343000e-01  9.8652473300e-01  2.6057501600e-01  2.5011178600e-01  2.6285121700e-01
    1.3820000000e+01  1.0039028330e+00  9.9882098100e-01  9.8867695200e-01  2.5970689800e-01  2.4959650200e-01  2.6229453000e-01
    1.3830000000e+01  1.0053759720e+00  1.0009105280e+00  9.9081752900e-01  2.5880122900e-01  2.4907014300e-01  2.6173198000e-01
    1.3840000000e+01  1.0068726580e+00  1.0029963020e+00  9.9295081700e-01  2.5785738500e-01  2.4852937100e-01  2.6115797600e-01
    1.3850000000e+01  1.0083966650e+00  1.0050835660e+00  9.9508296700e-01  2.5687504600e-01  2.4797217900e-01  2.6056859500e-01
    1.3860000000e+01  1.0099521760e+00  1.0071781430e+00  9.9722126400e-01  2.5585426400e-01  2.4739825000e-01  2.5996216900e-01
    1.3870000000e+01  1.0115438120e+00  1.0092858100e+00  9.9937326000e-01  2.5479556800e-01  2.4680912600e-01  2.5933960400e-01
    1.3880000000e+01  1.0131766260e+00  1.0114116420e+00  1.0015458410e+00  2.5370014500e-01  2.4620813900e-01  2.5870432400e-01
    1.3890000000e+01  1.0148560130e+00  1.0135594150e+00  1.0037443770e+00  2.5257005800e-01  2.4560009800e-01  2.5806187900e-01
    1.3900000000e+01  1.0165875180e+00  1.0157311540e+00  1.0059720880e+00  2.5140846200e-01  2.4499076600e-01  2.5741926700e-01
    1.3910000000e+01  1.0183765260e+00  1.0179268930e+00  1.0082297190e+00  2.5021975900e-01  2.4438620600e-01  2.5678408000e-01
    1.3920000000e+01  1.0202278890e+00  1.0201446990e+00  1.0105155490e+00  2.4900963200e-01  2.4379207300e-01  2.5616362700e-01
    1.3930000000e+01  1.0221455310e+00  1.0223809390e+00  1.0128256960e+00  2.4778494600e-01  2.4321297800e-01  2.5556415000e-01
    1.3940000000e+01  1.0241320890e+00  1.0246307540e+00  1.0151546620e+00  2.4655351300e-01  2.4265198700e-01  2.5499022900e-01
    1.3950000000e+01  1.0261886420e+00  1.0268886630e+00  1.0174959890e+00  2.4532373000e-01  2.4211032700e-01  2.5444443400e-01
    1.3960000000e+01  1.0283145640e+00  1.0291492200e+00  1.0198429600e+00  2.4410415600e-01  2.4158732400e-01  2.5392721800e-01
    1.3970000000e+01  1.0305075100e+00  1.0314076260e+00  1.0221892420e+00  2.4290304700e-01  2.4108055800e-01  2.5343701700e-01
    1.3980000000e+01  1.0327635410e+00  1.0336602460e+00  1.0245294440e+00  2.4172790300e-01  2.4058621000e-01  2.5297052700e-01
    1.3990000000e+01  1.0350773890e+00  1.0359049690e+00  1.0268595530e+00  2.4058506300e-01  2.4009953800e-01  2.5252311000e-01
    1.4000000000e+01  1.0374428270e+00  1.0381413840e+00  1.0291772190e+00  2.3947940200e-01  2.3961543500e-01  2.5208928700e-01
    1.4010000000e+01  1.0398531340e+00  1.0403707680e+00  1.0314818990e+00  2.3841413900e-01  2.3912899600e-01  2.5166328000e-01
    1.4020000000e+01  1.0423016040e+00  1.0425958990e+00  1.0337748170e+00  2.3739082300e-01  2.3863603300e-01  2.5123957400e-01
    1.4030000000e+01  1.0447820220e+00  1.0448207180e+00  1.0360587750e+00  2.3640948600e-01  2.3813349000e-01  2.5081342700e-01
    1.4040000000e+01  1.0472890540e+00  1.0470498920e+00  1.0383378070e+00  2.3546895400e-01  2.3761972400e-01  2.5038130100e-01
    1.4050000000e+01  1.0498184920e+00  1.0492883250e+00  1.0406167260e+00  2.3456726100e-01  2.3709463100e-01  2.4994116000e-01
    1.4060000000e+01  1.0523673110e+00  1.0515406670e+00  1.0429005880e+00  2.3370210800e-01  2.3655960600e-01  2.4949260100e-01
    1.4070000000e+01  1.0549335680e+00  1.0538108650e+00  1.0451941660e+00  2.3287126600e-01  2.3601736600e-01  2.4903680500e-01
    1.4080000000e+01  1.0575161630e+00  1.0561018010e+00  1.0475014570e+00  2.3207288400e-01  2.3547163400e-01  2.4857631400e-01
    1.4090000000e+01  1.0601145550e+00  1.0584150550e+00  1.0498253250e+00  2.3130566400e-01  2.3492674100e-01  2.4811465200e-01
    1.4100000000e+01  1.0627284580e+00  1.0607508070e+00  1.0521672800e+00  2.3056889800e-01  2.3438716800e-01  2.4765586800e-01
    1.4110000000e+01  1.0653575970e+00  1.0631078990e+00  1.0545274640e+00  2.2986240800e-01  2.3385709800e-01  2.4720402800e-01
    1.4120000000e+01  1.0680015270e+00  1.0654840330e+00  1.0569047980e+00  2.2918641700e-01  2.3334001600e-01  2.4676277100e-01
    1.4130000000e+01  1.0706595290e+00  1.0678760870e+00  1.0592972840e+00  2.2854138800e-01  2.3283841200e-01  2.4633495700e-01
    1.4140000000e+01  1.0733305750e+00  1.0702804990e+00  1.0617023870e+00  2.2792785600e-01  2.3235360500e-01  2.4592248000e-01
    1.4150000000e+01  1.0760133700e+00  1.0726936800e+00  1.0641174370e+00  2.2734627900e-01  2.3188571600e-01  2.4552623600e-01
    1.4160000000e+01  1.0787064310e+00  1.0751123800e+00  1.0665399720e+00  2.2679693200e-01  2.3143377400e-01  2.4514625300e-01
    1.4170000000e+01  1.0814082040e+00  1.0775340000e+00  1.0689679810e+00  2.2627985700e-01  2.3099593600e-01  2.4478191400e-01
    1.4180000000e+01  1.0841171740e+00  1.0799567810e+00  1.0714000080e+00  2.2579487000e-01  2.3056977800e-01  2.4443223300e-01
    1.4190000000e+01  1.0868319470e+00  1.0823798780e+00  1.0738351370e+00  2.2534161800e-01  2.3015261100e-01  2.4409609900e-01
    1.4200000000e+01  1.0895512920e+00  1.0848033290e+00  1.0762728980e+00  2.2491965600e-01  2.2974176800e-01  2.4377245100e-01
    1.4210000000e+01  1.0922741310e+00  1.0872279380e+00  1.0787131390e+00  2.2452852400e-01  2.2933483400e-01  2.4346036800e-01
    1.4220000000e+01  1.0949995240e+00  1.0896551400e+00  1.0811559250e+00  2.2416779700e-01  2.2892980400e-01  2.4315907700e-01
    1.4230000000e+01  1.0977266300e+00  1.0920868460e+00  1.0836014960e+00  2.2383712400e-01  2.2852518300e-01  2.4286794100e-01
    1.4240000000e+01  1.1004546770e+00  1.0945253240e+00  1.0860502760e+00  2.2353626400e-01  2.2812005300e-01  2.4258645100e-01
    1.4250000000e+01  1.1031829210e+00  1.0969730780e+00  1.0885029030e+00  2.2326512800e-01  2.2771414600e-01  2.4231429000e-01
    1.4260000000e+01  1.1059105720e+00  1.0994327030e+00  1.0909602190e+00  2.2302381200e-01  2.2730791800e-01  2.4205145600e-01
    1.4270000000e+01  1.1086366800e+00  1.1019067060e+00  1.0934231800e+00  2.2281262300e-01  2.2690261900e-01  2.4179841000e-01
    1.4280000000e+01  1.1113599890e+00  1.1043972460e+00  1.0958926530e+00  2.2263202900e-01  2.2650031300e-01  2.4155620500e-01
    1.4290000000e+01  1.1140788030e+00  1.1069058540e+00  1.0983691240e+00  2.2248253900e-01  2.2610380300e-01  2.4132650300e-01
    1.4300000000e+01  1.1167908930e+00  1.1094331380e+00  1.1008523890e+00  2.2236449500e-01  2.2571643500e-01  2.4111144700e-01
    1.4310000000e+01  1.1194935080e+00  1.1119785790e+00  1.1033412960e+00  2.2227781600e-01  2.2534176900e-01  2.4091337700e-01
    1.4320000000e+01  1.1221835050e+00  1.1145404460e+00  1.1058336250e+00  2.2222173200e-01  2.2498316500e-01  2.4073442500e-01
    1.4330000000e+01  1.1248575990e+00  1.1171158880e+00  1.1083261560e+00  2.2219457800e-01  2.2464334200e-01  2.4057607400e-01
    1.4340000000e+01  1.1275127040e+00  1.1197011960e+00  1.1108149160e+00  2.2219368900e-01  2.2432399100e-01  2.4043875700e-01
    1.4350000000e+01  1.1301463120e+00  1.1222921990e+00  1.1132955700e+00  2.2221544300e-01  2.2402550700e-01  2.4032158700e-01
    1.4360000000e+01  1.1327568520e+00  1.1248847310e+00  1.1157638910e+00  2.2225545500e-01  2.2374688700e-01  2.4022223300e-01
    1.4370000000e+01  1.1353439650e+00  1.1274751100e+00  1.1182162450e+00  2.2230889600e-01  2.2348580100e-01  2.4013698800e-01
    1.4380000000e+01  1.1379086470e+00  1.1300605450e+00  1.1206500280e+00  2.2237092600e-01  2.2323882200e-01  2.4006097500e-01
    1.4390000000e+01  1.1404532290e+00  1.1326394500e+00  1.1230640070e+00  2.2243714500e-01  2.2300178200e-01  2.3998849300e-01
    1.4400000000e+01  1.1429811920e+00  1.1352116080e+00  1.1254585600e+00  2.2250402900e-01  2.2277020200e-01  2.3991345200e-01
    1.4410000000e+01  1.1454968350e+00  1.1377781830e+00  1.1278357490e+00  2.2256926800e-01  2.2253975200e-01  2.3982987600e-01
    1.4420000000e+01  1.1480048500e+00  1.1403415720e+00  1.1301992490e+00  2.2263196600e-01  2.2230668700e-01  2.3973241000e-01
    1.4430000000e+01  1.1505098660e+00  1.1429051240e+00  1.1325541020e+00  2.2269268900e-01  2.2206818300e-01  2.3961679700e-01
    1.4440000000e+01  1.1530160160e+00  1.1454727590e+00  1.1349063140e+00  2.2275336000e-01  2.2182256500e-01  2.3948024000e-01
    1.4450000000e+01  1.1555265820e+00  1.1480485520e+00  1.1372623580e+00  2.2281703600e-01  2.2156936400e-01  2.3932162500e-01
    1.4460000000e+01  1.1580437230e+00  1.1506363410e+00  1.1396286190e+00  2.2288761600e-01  2.2130923100e-01  2.3914153900e-01
    1.4470000000e+01  1.1605683010e+00  1.1532394070e+00  1.1420108820e+00  2.2296950800e-01  2.2104372200e-01  2.3894209500e-01
    1.4480000000e+01  1.1630997910e+00  1.1558602780e+00  1.1444139210e+00  2.2306726600e-01  2.2077501000e-01  2.3872659100e-01
    1.4490000000e+01  1.1656362600e+00  1.1585006500e+00  1.1468412680e+00  2.2318522600e-01  2.2050554800e-01  2.3849905200e-01
    1.4500000000e+01  1.1681744380e+00  1.1611614380e+00  1.1492951670e+00  2.2332712300e-01  2.2023777200e-01  2.3826373500e-01
    1.4510000000e+01  1.1707098920e+00  1.1638429280e+00  1.1517767340e+00  2.2349570300e-01  2.1997384400e-01  2.3802469300e-01
    1.4520000000e+01  1.1732373230e+00  1.1665450020e+00  1.1542862580e+00  2.2369238700e-01  2.1971550400e-01  2.3778546700e-01
    1.4530000000e+01  1.1757509770e+00  1.1692673900e+00  1.1568235770e+00  2.2391701100e-01  2.1946401400e-01  2.3754894400e-01
    1.4540000000e+01  1.1782451590e+00  1.1720099000e+00  1.1593884450e+00  2.2416771600e-01  2.1922022500e-01  2.3731741300e-01
    1.4550000000e+01  1.1807147650e+00  1.1747725990e+00  1.1619808040e+00  2.2444101400e-01  2.1898472200e-01  2.3709276300e-01
    1.4560000000e+01  1.1831557730e+00  1.1775558930e+00  1.1646009040e+00  2.2473204700e-01  2.1875803100e-01  2.3687676700e-01
    1.4570000000e+01  1.1855656190e+00  1.1803605150e+00  1.1672492720e+00  2.2503499600e-01  2.1854083300e-01  2.3667137900e-01
    1.4580000000e+01  1.1879433990e+00  1.1831874110e+00  1.1699265310e+00  2.2534359100e-01  2.1833413900e-01  2.3647895000e-01
    1.4590000000e+01  1.1902898980e+00  1.1860375680e+00  1.1726331470e+00  2.2565164100e-01  2.1813940400e-01  2.3630232900e-01
    1.4600000000e+01  1.1926074440e+00  1.1889118200e+00  1.1753691670e+00  2.2595352500e-01  2.1795854300e-01  2.3614482400e-01
    1.4610000000e+01  1.1948996360e+00  1.1918106630e+00  1.1781339990e+00  2.2624460800e-01  2.1779388200e-01  2.3601005400e-01
    1.4620000000e+01  1.1971709720e+00  1.1947341100e+00  1.1809262980e+00  2.2652153700e-01  2.1764804000e-01  2.3590173000e-01
    1.4630000000e+01  1.1994264170e+00  1.1976816020e+00  1.1837439330e+00  2.2678242400e-01  2.1752378300e-01  2.3582342200e-01
    1.4640000000e+01  1.2016709380e+00  1.2006519630e+00  1.1865840430e+00  2.2702690100e-01  2.1742386100e-01  2.3577835700e-01
    1.4650000000e+01  1.2039090350e+00  1.2036434010e+00  1.1894431280e+00  2.2725602900e-01  2.1735085000e-01  2.3576925000e-01
    1.4660000000e+01  1.2061443100e+00  1.2066535400e+00  1.1923171610e+00  2.2747207000e-01  2.1730698600e-01  2.3579818100e-01
    1.4670000000e+01  1.2083791240e+00  1.2096794980e+00  1.1952017100e+00  2.2767811300e-01  2.1729401900e-01  2.3586648300e-01
    1.4680000000e+01  1.2106144030e+00  1.2127179980e+00  1.1980920750e+00  2.2787759900e-01  2.1731306400e-01  2.3597464200e-01
    1.4690000000e+01  1.2128496220e+00  1.2157655380e+00  1.2009834560e+00  2.2807379700e-01  2.1736448400e-01  2.3612220100e-01
    1.4700000000e+01  1.2150829840e+00  1.2188185990e+00  1.2038711880e+00  2.2826932500e-01  2.1744782700e-01  2.3630769700e-01
    1.4710000000e+01  1.2173117590e+00  1.2218738770e+00  1.2067510040e+00  2.2846577100e-01  2.1756182700e-01  2.3652866400e-01
    1.4720000000e+01  1.2195327110e+00  1.2249285220e+00  1.2096193320e+00  2.2866349300e-01  2.1770449200e-01  2.3678173800e-01
    1.4730000000e+01  1.2217425390e+00  1.2279803210e+00  1.2124735570e+00  2.2886158500e-01  2.1787326900e-01  2.3706286900e-01
    1.4740000000e+01  1.2239382490e+00  1.2310278240e+00  1.2153121960e+00  2.2905799800e-01  2.1806526500e-01  2.3736764500e-01
    1.4750000000e+01  1.2261174240e+00  1.2340703790e+00  1.2181349440e+00  2.2924975000e-01  2.1827750100e-01  2.3769165900e-01
    1.4760000000e+01  1.2282783760e+00  1.2371080730e+00  1.2209425800e+00  2.2943316400e-01  2.1850714000e-01  2.3803088400e-01
    1.4770000000e+01  1.2304202070e+00  1.2401416050e+00  1.2237367310e+00  2.2960407400e-01  2.1875168500e-01  2.3838196900e-01
    1.4780000000e+01  1.2325428170e+00  1.2431721030e+00  1.2265195500e+00  2.2975798400e-01  2.1900909400e-01  2.3874241900e-01
    1.4790000000e+01  1.2346469230e+00  1.2462009290e+00  1.2292933660e+00  2.2989017000e-01  2.1927782100e-01  2.3911062400e-01
    1.4800000000e+01  1.2367341060e+00  1.2492295020e+00  1.2320603810e+00  2.2999575900e-01  2.1955677700e-01  2.3948575700e-01
    1.4810000000e+01  1.2388069000e+00  1.2522591680e+00  1.2348224480e+00  2.3006982800e-01  2.1984523200e-01  2.3986756200e-01
    1.4820000000e+01  1.2408689190e+00  1.2552911410e+00  1.2375809830e+00  2.3010757200e-01  2.2014268900e-01  2.4025610400e-01
    1.4830000000e+01  1.2429249600e+00  1.2583265110e+00  1.2403369900e+00  2.3010455500e-01  2.2044875900e-01  2.4065153000e-01
    1.4840000000e+01  1.2449810220e+00  1.2613663100e+00  1.2430911900e+00  2.3005707100e-01  2.2076308000e-01  2.4105389600e-01
    1.4850000000e+01  1.2470442030e+00  1.2644116000e+00  1.2458441850e+00  2.2996254500e-01  2.2108528700e-01  2.4146309200e-01
    1.4860000000e+01  1.2491224030e+00  1.2674635690e+00  1.2485966290e+00  2.2981994500e-01  2.2141504800e-01  2.4187886700e-01
    1.4870000000e+01  1.2512238650e+00  1.2705235830e+00  1.2513493450e+00  2.2963007500e-01  2.2175214300e-01  2.4230092800e-01
    1.4880000000e+01  1.2533565790e+00  1.2735932040e+00  1.2541033660e+00  2.2939570800e-01  2.2209657700e-01  2.4272908200e-01
    1.4890000000e+01  1.2555276470e+00  1.2766741430e+00  1.2568599140e+00  2.2912146700e-01  2.2244869900e-01  2.4316338600e-01
    1.4900000000e+01  1.2577427180e+00  1.2797681700e+00  1.2596202980e+00  2.2881346800e-01  2.2280931500e-01  2.4360427300e-01
    1.4910000000e+01  1.2600055910e+00  1.2828769560e+00  1.2623857740e+00  2.2847877900e-01  2.2317977200e-01  2.4405263800e-01
    1.4920000000e+01  1.2623180550e+00  1.2860018770e+00  1.2651573550e+00  2.2812477100e-01  2.2356199100e-01  2.4450987800e-01
    1.4930000000e+01  1.2646799590e+00  1.2891437740e+00  1.2679355960e+00  2.2775848100e-01  2.2395842200e-01  2.4497785900e-01
    1.4940000000e+01  1.2670894960e+00  1.2923027040e+00  1.2707203630e+00  2.2738607600e-01  2.2437190700e-01  2.4545880500e-01
    1.4950000000e+01  1.2695436040e+00  1.2954777340e+00  1.2735106210e+00  2.2701246600e-01  2.2480541200e-01  2.4595507600e-01
    1.4960000000e+01  1.2720384290e+00  1.2986668180e+00  1.2763042960e+00  2.2664108000e-01  2.2526166700e-01  2.4646884000e-01
    1.4970000000e+01  1.2745697850e+00  1.3018668320e+00  1.2790982570e+00  2.2627378600e-01  2.2574272800e-01  2.4700166400e-01
    1.4980000000e+01  1.2771335800e+00  1.3050737850e+00  1.2818884680e+00  2.2591091400e-01  2.2624954600e-01  2.4755407200e-01
    1.4990000000e+01  1.2797262170e+00  1.3082832100e+00  1.2846703300e+00  2.2555136400e-01  2.2678161500e-01  2.4812514900e-01
    1.5000000000e+01  1.2823449600e+00  1.3114906910e+00  1.2874391830e+00  2.2519278700e-01  2.2733677800e-01  2.4871227900e-01
    1.5010000000e+01  1.2849882810e+00  1.3146924570e+00  1.2901909200e+00  2.2483185700e-01  2.2791125900e-01  2.4931108200e-01
    1.5020000000e+01  1.2876561430e+00  1.3178859380e+00  1.2929226080e+00  2.2446465200e-01  2.2849990300e-01  2.4991558700e-01
    1.5030000000e+01  1.2903501750e+00  1.3210701920e+00  1.2956330220e+00  2.2408714200e-01  2.2909662800e-01  2.5051864400e-01
    1.5040000000e+01  1.2930736770e+00  1.3242461400e+00  1.2983230020e+00  2.2369574800e-01  2.2969499100e-01  2.5111250700e-01
    1.5050000000e+01  1.2958314200e+00  1.3274165850e+00  1.3009955740e+00  2.2328790100e-01  2.3028878700e-01  2.5168950800e-01
    1.5060000000e+01  1.2986292380e+00  1.3305860110e+00  1.3036558280e+00  2.2286250500e-01  2.3087258900e-01  2.5224271800e-01
    1.5070000000e+01  1.3014734720e+00  1.3337602480e+00  1.3063105830e+00  2.2242021300e-01  2.3144215400e-01  2.5276649800e-01
    1.5080000000e+01  1.3043703600e+00  1.3369460580e+00  1.3089679240e+00  2.2196346900e-01  2.3199467700e-01  2.5325688100e-01
    1.5090000000e+01  1.3073254810e+00  1.3401507230e+00  1.3116366870e+00  2.2149633500e-01  2.3252889100e-01  2.5371177200e-01
    1.5100000000e+01  1.3103433360e+00  1.3433816730e+00  1.3143259660e+00  2.2102413500e-01  2.3304505900e-01  2.5413098900e-01
    1.5110000000e+01  1.3134271060e+00  1.3466461760e+00  1.3170446740e+00  2.2055303100e-01  2.3354491300e-01  2.5451618600e-01
    1.5120000000e+01  1.3165785840e+00  1.3499510600e+00  1.3198011750e+00  2.2008959700e-01  2.3403154800e-01  2.5487070500e-01
    1.5130000000e+01  1.3197982220e+00  1.3533024560e+00  1.3226029580e+00  2.1964046400e-01  2.3450930500e-01  2.5519938600e-01
    1.5140000000e+01  1.3230852330e+00  1.3567055430e+00  1.3254563570e+00  2.1921203900e-01  2.3498359700e-01  2.5550831900e-01
    1.5150000000e+01  1.3264377140e+00  1.3601643090e+00  1.3283663170e+00  2.1881027600e-01  2.3546066500e-01  2.5580454700e-01
    1.5160000000e+01  1.3298527720e+00  1.3636813740e+00  1.3313362160e+00  2.1844047500e-01  2.3594724800e-01  2.5609569500e-01
    1.5170000000e+01  1.3333266880e+00  1.3672579150e+00  1.3343677980e+00  2.1810707700e-01  2.3645018700e-01  2.5638955100e-01
    1.5180000000e+01  1.3368551370e+00  1.3708937350e+00  1.3374612410e+00  2.1781346900e-01  2.3697600000e-01  2.5669363000e-01
    1.5190000000e+01  1.3404334840e+00  1.3745874840e+00  1.3406153510e+00  2.1756185600e-01  2.3753051600e-01  2.5701477700e-01
    1.5200000000e+01  1.3440571320e+00  1.3783369930e+00  1.3438278810e+00  2.1735321600e-01  2.3811860500e-01  2.5735886200e-01
    1.5210000000e+01  1.3477218780e+00  1.3821396670e+00  1.3470959120e+00  2.1718739800e-01  2.3874406300e-01  2.5773060400e-01
    1.5220000000e+01  1.3514242000e+00  1.3859928700e+00  1.3504162430e+00  2.1706332300e-01  2.3940963700e-01  2.5813352500e-01
    1.5230000000e+01  1.3551614500e+00  1.3898942510e+00  1.3537857640e+00  2.1697927500e-01  2.4011717800e-01  2.5857002900e-01
    1.5240000000e+01  1.3589319270e+00  1.3938419780e+00  1.3572017490e+00  2.1693320200e-01  2.4086787200e-01  2.5904156500e-01
    1.5250000000e+01  1.3627348450e+00  1.3978348680e+00  1.3606620940e+00  2.1692299500e-01  2.4166250100e-01  2.5954885600e-01
    1.5260000000e+01  1.3665702460e+00  1.4018724400e+00  1.3641654700e+00  2.1694670600e-01  2.4250171700e-01  2.6009216700e-01
    1.5270000000e+01  1.3704388830e+00  1.4059548760e+00  1.3677113980e+00  2.1700271000e-01  2.4338629000e-01  2.6067160400e-01
    1.5280000000e+01  1.3743420960e+00  1.4100829370e+00  1.3713002440e+00  2.1708983300e-01  2.4431733800e-01  2.6128742000e-01
    1.5290000000e+01  1.3782816820e+00  1.4142578090e+00  1.3749331130e+00  2.1720745900e-01  2.4529651600e-01  2.6194030900e-01
    1.5300000000e+01  1.3822597410e+00  1.4184809090e+00  1.3786116610e+00  2.1735561400e-01  2.4632615200e-01  2.6263166400e-01
    1.5310000000e+01  1.3862784930e+00  1.4227536470e+00  1.3823378150e+00  2.1753502800e-01  2.4740933300e-01  2.6336375700e-01
    1.5320000000e+01  1.3903400750e+00  1.4270771750e+00  1.3861134590e+00  2.1774712500e-01  2.4854989900e-01  2.6413981900e-01
    1.5330000000e+01  1.3944463350e+00  1.4314521320e+00  1.3899400950e+00  2.1799395900e-01  2.4975236700e-01  2.6496400000e-01
    1.5340000000e+01  1.3985986690e+00  1.4358784290e+00  1.3938185500e+00  2.1827806100e-01  2.5102176700e-01  2.6584123200e-01
    1.5350000000e+01  1.4027979320e+00  1.4403550960e+00  1.3977487410e+00  2.1860225000e-01  2.5236340100e-01  2.6677698600e-01
    1.5360000000e+01  1.4070444320e+00  1.4448802150e+00  1.4017295400e+00  2.1896943000e-01  2.5378257200e-01  2.6777698000e-01
    1.5370000000e+01  1.4113380000e+00  1.4494509550e+00  1.4057587320e+00  2.1938242800e-01  2.5528428900e-01  2.6884686200e-01
    1.5380000000e+01  1.4156781020e+00  1.4540637030e+00  1.4098330890e+00  2.1984388900e-01  2.5687300100e-01  2.6999189300e-01
    1.5390000000e+01  1.4200639590e+00  1.4587142880e+00  1.4139485230e+00  2.2035624700e-01  2.5855239600e-01  2.7121667300e-01
    1.5400000000e+01  1.4244946310e+00  1.4633982660e+00  1.4181003370e+00  2.2092173300e-01  2.6032527900e-01  2.7252493200e-01
    1.5410000000e+01  1.4289690530e+00  1.4681112270e+00  1.4222835250e+00  2.2154241600e-01  2.6219357300e-01  2.7391940300e-01
    1.5420000000e+01  1.4334860270e+00  1.4728490930e+00  1.4264931040e+00  2.2222021300e-01  2.6415842000e-01  2.7540181900e-01
    1.5430000000e+01  1.4380442100e+00  1.4776083580e+00  1.4307244370e+00  2.2295685900e-01  2.6622039500e-01  2.7697301900e-01
    1.5440000000e+01  1.4426421170e+00  1.4823862340e+00  1.4349734950e+00  2.2375383100e-01  2.6837979500e-01  2.7863317000e-01
    1.5450000000e+01  1.4472781830e+00  1.4871806870e+00  1.4392370220e+00  2.2461226100e-01  2.7063696800e-01  2.8038208500e-01
    1.5460000000e+01  1.4519508880e+00  1.4919903390e+00  1.4435125580e+00  2.2553286200e-01  2.7299264900e-01  2.8221957900e-01
    1.5470000000e+01  1.4566589330e+00  1.4968142500e+00  1.4477983250e+00  2.2651592100e-01  2.7544824100e-01  2.8414582100e-01
    1.5480000000e+01  1.4614014100e+00  1.5016515870e+00  1.4520929490e+00  2.2756137500e-01  2.7800600900e-01  2.8616161300e-01
    1.5490000000e+01  1.4661779390e+00  1.5065012240e+00  1.4563950930e+00  2.2866895500e-01  2.8066914500e-01  2.8826852700e-01
    1.5500000000e+01  1.4709887270e+00  1.5113613080e+00  1.4607030400e+00  2.2983838300e-01  2.8344165400e-01  2.9046885400e-01
    1.5510000000e+01  1.4758345520e+00  1.5162288810e+00  1.4650143340e+00  2.3106955800e-01  2.8632807100e-01  2.9276536900e-01
    1.5520000000e+01  1.4807166890e+00  1.5210996270e+00  1.4693255720e+00  2.3236270700e-01  2.8933300800e-01  2.9516093000e-01
    1.5530000000e+01  1.4856368040e+00  1.5259678170e+00  1.4736324110e+00  2.3371849500e-01  2.9246060300e-01  2.9765801600e-01
    1.5540000000e+01  1.4905968560e+00  1.5308264980e+00  1.4779298080e+00  2.3513808900e-01  2.9571397500e-01  3.0025832100e-01
    1.5550000000e+01  1.4955990030e+00  1.5356679080e+00  1.4822124330e+00  2.3662320700e-01  2.9909477400e-01  3.0296251800e-01
    1.5560000000e+01  1.5006455140e+00  1.5404840360e+00  1.4864751360e+00  2.3817616800e-01  3.0260295700e-01  3.0577026100e-01
    1.5570000000e+01  1.5057386550e+00  1.5452672270e+00  1.4907133510e+00  2.3979993500e-01  3.0623679100e-01  3.0868041700e-01
    1.5580000000e+01  1.5108805490e+00  1.5500107210e+00  1.4949233060e+00  2.4149813600e-01  3.0999310300e-01  3.1169146300e-01
    1.5590000000e+01  1.5160730150e+00  1.5547090220e+00  1.4991020080e+00  2.4327504500e-01  3.1386768800e-01  3.1480191600e-01
    1.5600000000e+01  1.5213174110e+00  1.5593580730e+00  1.5032469980e+00  2.4513548900e-01  3.1785579600e-01  3.1801066300e-01
    1.5610000000e+01  1.5266145100e+00  1.5639552330e+00  1.5073559950e+00  2.4708469100e-01  3.2195257800e-01  3.2131711100e-01
    1.5620000000e+01  1.5319644590e+00  1.5684991210e+00  1.5114265230e+00  2.4912807000e-01  3.2615344100e-01  3.2472108900e-01
    1.5630000000e+01  1.5373668230e+00  1.5729894070e+00  1.5154556810e+00  2.5127103000e-01  3.3045425600e-01  3.2822257600e-01
    1.5640000000e+01  1.5428207310e+00  1.5774266250e+00  1.5194401120e+00  2.5351877800e-01  3.3485145400e-01  3.3182133500e-01
    1.5650000000e+01  1.5483250900e+00  1.5818120650e+00  1.5233762040e+00  2.5587622000e-01  3.3934205700e-01  3.3551660100e-01
    1.5660000000e+01  1.5538788680e+00  1.5861477610e+00  1.5272604330e+00  2.5834794100e-01  3.4392371800e-01  3.3930691600e-01
    1.5670000000e+01  1.5594813920e+00  1.5904365210e+00  1.5310897770e+00  2.6093833200e-01  3.4859483000e-01  3.4319020100e-01
    1.5680000000e+01  1.5651326250e+00  1.5946819700e+00  1.5348620300e+00  2.6365184500e-01  3.5335474900e-01  3.4716401700e-01
    1.5690000000e+01  1.5708333490e+00  1.5988885000e+00  1.5385759740e+00  2.6649342100e-01  3.5820409900e-01  3.5122597400e-01
    1.5700000000e+01  1.5765851950e+00  1.6030611060e+00  1.5422313400e+00  2.6946902900e-01  3.6314514500e-01  3.5537416900e-01
    1.5710000000e+01  1.5823904240e+00  1.6072050640e+00  1.5458286030e+00  2.7258629300e-01  3.6818215100e-01  3.5960757200e-01
    1.5720000000e+01  1.5882514470e+00  1.6113254580e+00  1.5493686470e+00  2.7585506600e-01  3.7332168400e-01  3.6392631200e-01
    1.5730000000e+01  1.5941700590e+00  1.6154265720e+00  1.5528523630e+00  2.7928786700e-01  3.7857279400e-01  3.6833182400e-01
    1.5740000000e+01  1.6001464660e+00  1.6195111790e+00  1.5562802240e+00  2.8290002500e-01  3.8394703000e-01  3.7282687600e-01
    1.5750000000e+01  1.6061782300e+00  1.6235797740e+00  1.5596518600e+00  2.8670947000e-01  3.8945823900e-01  3.7741547300e-01
    1.5760000000e+01  1.6122592660e+00  1.6276298240e+00  1.5629656750e+00  2.9073613100e-01  3.9512212300e-01  3.8210264800e-01
    1.5770000000e+01  1.6183790510e+00  1.6316551260e+00  1.5662185100e+00  2.9500099300e-01  4.0095554700e-01  3.8689413900e-01
    1.5780000000e+01  1.6245221530e+00  1.6356453630e+00  1.5694054070e+00  2.9952489800e-01  4.0697562500e-01  3.9179597700e-01
    1.5790000000e+01  1.6306681510e+00  1.6395859440e+00  1.5725194980e+00  3.0432722600e-01  4.1319867400e-01  3.9681400600e-01
    1.5800000000e+01  1.6367919620e+00  1.6434581560e+00  1.5755520280e+00  3.0942459300e-01  4.1963913500e-01  4.0195337400e-01
    1.5810000000e+01  1.6428645250e+00  1.6472396300e+00  1.5784925380e+00  3.1482969500e-01  4.2630856300e-01  4.0721805700e-01
    1.5820000000e+01  1.6488537890e+00  1.6509050800e+00  1.5813291730e+00  3.2055039600e-01  4.3321480900e-01  4.1261044900e-01
    1.5830000000e+01  1.6547259020e+00  1.6544272150e+00  1.5840490910e+00  3.2658912400e-01  4.4036143300e-01  4.1813107000e-01
    1.5840000000e+01  1.6604464960e+00  1.6577777510e+00  1.5866389290e+00  3.3294263100e-01  4.4774741800e-01  4.2377841000e-01
    1.5850000000e+01  1.6659819640e+00  1.6609284290e+00  1.5890852800e+00  3.3960209200e-01  4.5536714600e-01  4.2954892900e-01
    1.5860000000e+01  1.6713006230e+00  1.6638519340e+00  1.5913750980e+00  3.4655354000e-01  4.6321065300e-01  4.3543720500e-01
    1.5870000000e+01  1.6763736890e+00  1.6665226750e+00  1.5934959980e+00  3.5377856700e-01  4.7126406400e-01  4.4143617200e-01
    1.5880000000e+01  1.6811759910e+00  1.6689173630e+00  1.5954364040e+00  3.6125521500e-01  4.7951017100e-01  4.4753740300e-01
    1.5890000000e+01  1.6856863990e+00  1.6710153860e+00  1.5971855730e+00  3.6895898200e-01  4.8792905000e-01  4.5373133500e-01
    1.5900000000e+01  1.6898879620e+00  1.6727990150e+00  1.5987335310e+00  3.7686382600e-01  4.9649865800e-01  4.6000738400e-01
    1.5910000000e+01  1.6937677780e+00  1.6742534780e+00  1.6000710300e+00  3.8494312400e-01  5.0519534800e-01  4.6635392400e-01
    1.5920000000e+01  1.6973166360e+00  1.6753669850e+00  1.6011896040e+00  3.9317048200e-01  5.1399431400e-01  4.7275816300e-01
    1.5930000000e+01  1.7005284870e+00  1.6761307370e+00  1.6020817940e+00  4.0152038200e-01  5.2286996900e-01  4.7920601200e-01
    1.5940000000e+01  1.7033997940e+00  1.6765389480e+00  1.6027415090e+00  4.0996860400e-01  5.3179632300e-01  4.8568204600e-01
    1.5950000000e+01  1.7059288310e+00  1.6765888550e+00  1.6031644830e+00  4.1849241500e-01  5.4074738000e-01  4.9216964000e-01
    1.5960000000e+01  1.7081150130e+00  1.6762806840e+00  1.6033487070e+00  4.2707051000e-01  5.4969757700e-01  4.9865132800e-01
    1.5970000000e+01  1.7099583310e+00  1.6756175490e+00  1.6032947410e+00  4.3568271900e-01  5.5862226400e-01  5.0510934300e-01
    1.5980000000e+01  1.7114589840e+00  1.6746052430e+00  1.6030058280e+00  4.4430953500e-01  5.6749818300e-01  5.1152627500e-01
    1.5990000000e+01  1.7126172770e+00  1.6732519420e+00  1.6024877930e+00  4.5293155800e-01  5.7630395000e-01  5.1788577100e-01
    1.6000000000e+01  1.7134337970e+00  1.6715677680e+00  1.6017487240e+00  4.6152896400e-01  5.8502051400e-01  5.2417319400e-01
    1.6010000000e+01  1.7139098260e+00  1.6695642250e+00  1.6007984610e+00  4.7008113600e-01  5.9363156200e-01  5.3037619700e-01
    1.6020000000e+01  1.7140478990e+00  1.6672534500e+00  1.5996479000e+00  4.7856654900e-01  6.0212382200e-01  5.3648515400e-01
    1.6030000000e+01  1.7138523650e+00  1.6646472740e+00  1.5983081440e+00  4.8696294400e-01  6.1048717100e-01  5.4249340300e-01
    1.6040000000e+01  1.7133297930e+00  1.6617561750e+00  1.5967895260e+00  4.9524774700e-01  6.1871441700e-01  5.4839721900e-01
    1.6050000000e+01  1.7124891550e+00  1.6585882100e+00  1.5951005980e+00  5.0339862100e-01  6.2680066000e-01  5.5419543200e-01
    1.6060000000e+01  1.7113417440e+00  1.6551481630e+00  1.5932472190e+00  5.1139400600e-01  6.3474219900e-01  5.5988865800e-01
    1.6070000000e+01  1.7099008930e+00  1.6514371140e+00  1.5912319330e+00  5.1921352500e-01  6.4253503900e-01  5.6547813600e-01
    1.6080000000e+01  1.7081816290e+00  1.6474526310e+00  1.5890538200e+00  5.2683818200e-01  6.5017321300e-01  5.7096431100e-01
    1.6090000000e+01  1.7062003700e+00  1.6431896750e+00  1.5867089380e+00  5.3425036900e-01  6.5764719100e-01  5.7634536600e-01
    1.6100000000e+01  1.7039747760e+00  1.6386421420e+00  1.5841913620e+00  5.4143377000e-01  6.6494272100e-01  5.8161598500e-01
    1.6110000000e+01  1.7015237760e+00  1.6338048160e+00  1.5814946930e+00  5.4837328600e-01  6.7204036500e-01  5.8676661800e-01
    1.6120000000e+01  1.6988676980e+00  1.6286753780e+00  1.5786137590e+00  5.5505507700e-01  6.7891585000e-01  5.9178340200e-01
    1.6130000000e+01  1.6960284250e+00  1.6232561050e+00  1.5755461990e+00  5.6146680100e-01  6.8554119600e-01  5.9664878000e-01
    1.6140000000e+01  1.6930294200e+00  1.6175549540e+00  1.5722936360e+00  5.6759799800e-01  6.9188634800e-01  6.0134266400e-01
    1.6150000000e+01  1.6898955600e+00  1.6115859160e+00  1.5688622720e+00  5.7344056700e-01  6.9792100400e-01  6.0584388300e-01
    1.6160000000e+01  1.6866527240e+00  1.6053687050e+00  1.5652628770e+00  5.7898916100e-01  7.0361627100e-01  6.1013163500e-01
    1.6170000000e+01  1.6833272190e+00  1.5989279750e+00  1.5615103060e+00  5.8424140900e-01  7.0894594200e-01  6.1418669000e-01
    1.6180000000e+01  1.6799451680e+00  1.5922923370e+00  1.5576227200e+00  5.8919785400e-01  7.1388730300e-01  6.1799222100e-01
    1.6190000000e+01  1.6765320210e+00  1.5854933890e+00  1.5536207450e+00  5.9386164200e-01  7.1842151800e-01  6.2153423400e-01
    1.6200000000e+01  1.6731123260e+00  1.5785649000e+00  1.5495267010e+00  5.9823807000e-01  7.2253372600e-01  6.2480168100e-01
    1.6210000000e+01  1.6697098090e+00  1.5715421860e+00  1.5453640230e+00  6.0233417500e-01  7.2621297000e-01  6.2778634900e-01
    1.6220000000e+01  1.6663476840e+00  1.5644616980e+00  1.5411569110e+00  6.0615854000e-01  7.2945207700e-01  6.3048266700e-01
    1.6230000000e+01  1.6630490350e+00  1.5573607940e+00  1.5369301820e+00  6.0972145200e-01  7.3224758900e-01  6.3288754500e-01
    1.6240000000e+01  1.6598370430e+00  1.5502776200e+00  1.5327092880e+00  6.1303541500e-01  7.3459983000e-01  6.3500036800e-01
    1.6250000000e+01  1.6567348480e+00  1.5432510200e+00  1.5285203430e+00  6.1611589000e-01  7.3651319500e-01  6.3682320600e-01
    1.6260000000e+01  1.6537649340e+00  1.5363202930e+00  1.5243900390e+00  6.1898205700e-01  7.3799667400e-01  6.3836125900e-01
    1.6270000000e+01  1.6509480640e+00  1.5295246360e+00  1.5203452740e+00  6.2165730400e-01  7.3906451900e-01  6.3962343600e-01
    1.6280000000e+01  1.6483019330e+00  1.5229021430e+00  1.5164124200e+00  6.2416923100e-01  7.3973688400e-01  6.4062290300e-01
    1.6290000000e+01  1.6458398110e+00  1.5164883590e+00  1.5126162320e+00  6.2654907900e-01  7.4004016600e-01  6.4137739300e-01
    1.6300000000e+01  1.6435694810e+00  1.5103145350e+00  1.5089785370e+00  6.2883062000e-01  7.4000678700e-01  6.4190908900e-01
    1.6310000000e+01  1.6414926510e+00  1.5044058540e+00  1.5055169010e+00  6.3104875600e-01  7.3967429400e-01  6.4224398400e-01
    1.6320000000e+01  1.6396049050e+00  1.4987799630e+00  1.5022435360e+00  6.3323806300e-01  7.3908375300e-01  6.4241071900e-01
    1.6330000000e+01  1.6378960970e+00  1.4934460960e+00  1.4991646380e+00  6.3543152100e-01  7.3827760600e-01  6.4243903600e-01
    1.6340000000e+01  1.6363509910e+00  1.4884049850e+00  1.4962803070e+00  6.3765957400e-01  7.3729727400e-01  6.4235804700e-01
    1.6350000000e+01  1.6349499670e+00  1.4836496140e+00  1.4935850730e+00  6.3994948300e-01  7.3618080800e-01  6.4219455200e-01
    1.6360000000e+01  1.6336696590e+00  1.4791667570e+00  1.4910689770e+00  6.4232491100e-01  7.3496093800e-01  6.4197164200e-01
    1.6370000000e+01  1.6324834760e+00  1.4749390830e+00  1.4887190480e+00  6.4480559200e-01  7.3366377400e-01  6.4170778500e-01
    1.6380000000e+01  1.6313620560e+00  1.4709475570e+00  1.4865209710e+00  6.4740698300e-01  7.3230832800e-01  6.4141648700e-01
    1.6390000000e+01  1.6302737270e+00  1.4671737970e+00  1.4844607070e+00  6.5013986500e-01  7.3090692700e-01  6.4110657100e-01
    1.6400000000e+01  1.6291850600e+00  1.4636020450e+00  1.4825258300e+00  6.5300988000e-01  7.2946638800e-01  6.4078298200e-01
    1.6410000000e+01  1.6280615840e+00  1.4602205200e+00  1.4807064190e+00  6.5601708400e-01  7.2798975400e-01  6.4044794000e-01
    1.6420000000e+01  1.6268686560e+00  1.4570220150e+00  1.4789954460e+00  6.5915557000e-01  7.2647827900e-01  6.4010224300e-01
    1.6430000000e+01  1.6255725030e+00  1.4540037550e+00  1.4773886740e+00  6.6241324500e-01  7.2493336700e-01  6.3974650900e-01
    1.6440000000e+01  1.6241413710e+00  1.4511666520e+00  1.4758841820e+00  6.6577180900e-01  7.2335821900e-01  6.3938221200e-01
    1.6450000000e+01  1.6225467410e+00  1.4485141390e+00  1.4744816320e+00  6.6920699000e-01  7.2175906400e-01  6.3901243700e-01
    1.6460000000e+01  1.6207645420e+00  1.4460507550e+00  1.4731814010e+00  6.7268904000e-01  7.2014593300e-01  6.3864233900e-01
    1.6470000000e+01  1.6187762960e+00  1.4437805950e+00  1.4719836320e+00  6.7618352200e-01  7.1853296700e-01  6.3827931700e-01
    1.6480000000e+01  1.6165701220e+00  1.4417057250e+00  1.4708872820e+00  6.7965235200e-01  7.1693826500e-01  6.3793289600e-01
    1.6490000000e+01  1.6141415360e+00  1.4398246670e+00  1.4698892110e+00  6.8305508200e-01  7.1538321800e-01  6.3761428600e-01
    1.6500000000e+01  1.6114940090e+00  1.4381311120e+00  1.4689834460e+00  6.8635036800e-01  7.1389134700e-01  6.3733562900e-01
    1.6510000000e+01  1.6086392330e+00  1.4366130750e+00  1.4681607330e+00  6.8949759500e-01  7.1248667700e-01  6.3710897300e-01
    1.6520000000e+01  1.6055970730e+00  1.4352526790e+00  1.4674085220e+00  6.9245861100e-01  7.1119185800e-01  6.3694510500e-01
    1.6530000000e+01  1.6023951390e+00  1.4340266660e+00  1.4667114100e+00  6.9519953900e-01  7.1002630300e-01  6.3685246000e-01
    1.6540000000e+01  1.5990679000e+00  1.4329075460e+00  1.4660519690e+00  6.9769260800e-01  7.0900468300e-01  6.3683630900e-01
    1.6550000000e+01  1.5956552750e+00  1.4318651570e+00  1.4654117660e+00  6.9991784600e-01  7.0813600500e-01  6.3689836300e-01
    1.6560000000e+01  1.5922006420e+00  1.4308683040e+00  1.4647723410e+00  7.0186445500e-01  7.0742335700e-01  6.3703681700e-01
    1.6570000000e+01  1.5887483800e+00  1.4298861740e+00  1.4641159630e+00  7.0353159200e-01  7.0686421100e-01  6.3724668700e-01
    1.6580000000e+01  1.5853411460e+00  1.4288893510e+00  1.4634260710e+00  7.0492835100e-01  7.0645104400e-01  6.3752027000e-01
    1.6590000000e+01  1.5820172230e+00  1.4278504170e+00  1.4626874610e+00  7.0607283700e-01  7.0617201900e-01  6.3784751900e-01
    1.6600000000e+01  1.5788083140e+00  1.4267442660e+00  1.4618863660e+00  7.0699040800e-01  7.0601150300e-01  6.3821622700e-01
    1.6610000000e+01  1.5757380670e+00  1.4255483520e+00  1.4610106020e+00  7.0771130800e-01  7.0595035600e-01  6.3861203900e-01
    1.6620000000e+01  1.5728214970e+00  1.4242430440e+00  1.4600498920e+00  7.0826803800e-01  7.0596605800e-01  6.3901838300e-01
    1.6630000000e+01  1.5700652940e+00  1.4228122260e+00  1.4589964090e+00  7.0869282300e-01  7.0603281800e-01  6.3941648100e-01
    1.6640000000e+01  1.5674688770e+00  1.4212441230e+00  1.4578454920e+00  7.0901545200e-01  7.0612188000e-01  6.3978558000e-01
    1.6650000000e+01  1.5650259770e+00  1.4195322350e+00  1.4565963910e+00  7.0926171300e-01  7.0620218800e-01  6.4010351800e-01
    1.6660000000e+01  1.5627264810e+00  1.4176761880e+00  1.4552529000e+00  7.0945250300e-01  7.0624150000e-01  6.4034763400e-01
    1.6670000000e+01  1.5605582870e+00  1.4156822500e+00  1.4538236850e+00  7.0960362500e-01  7.0620791900e-01  6.4049600300e-01
    1.6680000000e+01  1.5585089480e+00  1.4135633100e+00  1.4523221710e+00  7.0972616500e-01  7.0607170900e-01  6.4052885600e-01
    1.6690000000e+01  1.5565669270e+00  1.4113381810e+00  1.4507658690e+00  7.0982731700e-01  7.0580713700e-01  6.4043000200e-01
    1.6700000000e+01  1.5547224040e+00  1.4090302190e+00  1.4491751510e+00  7.0991142300e-01  7.0539403400e-01  6.4018798600e-01
    1.6710000000e+01  1.5529676310e+00  1.4066654040e+00  1.4475715780e+00  7.0998108000e-01  7.0481877400e-01  6.3979673200e-01
    1.6720000000e+01  1.5512969190e+00  1.4042701910e+00  1.4459760600e+00  7.1003814100e-01  7.0407446800e-01  6.3925546200e-01
    1.6730000000e+01  1.5497063630e+00  1.4018694930e+00  1.4444071970e+00  7.1008457100e-01  7.0316032600e-01  6.3856786100e-01
    1.6740000000e+01  1.5481933640e+00  1.3994851640e+00  1.4428801480e+00  7.1012312400e-01  7.0208035800e-01  6.3774064200e-01
    1.6750000000e+01  1.5467559910e+00  1.3971351890e+00  1.4414062810e+00  7.1015785000e-01  7.0084173100e-01  6.3678182400e-01
    1.6760000000e+01  1.5453921820e+00  1.3948336070e+00  1.4399935950e+00  7.1019438000e-01  6.9945315800e-01  6.3569917000e-01
    1.6770000000e+01  1.5440988300e+00  1.3925909820e+00  1.4386477390e+00  7.1023991600e-01  6.9792362000e-01  6.3449909600e-01
    1.6780000000e+01  1.5428708690e+00  1.3904151380e+00  1.4373732590e+00  7.1030282400e-01  6.9626156000e-01  6.3318627100e-01
    1.6790000000e+01  1.5417005410e+00  1.3883118810e+00  1.4361747170e+00  7.1039184600e-01  6.9447449700e-01  6.3176384500e-01
    1.6800000000e+01  1.5405770360e+00  1.3862855660e+00  1.4350574200e+00  7.1051499300e-01  6.9256888100e-01  6.3023410300e-01
    1.6810000000e+01  1.5394866430e+00  1.3843395120e+00  1.4340276510e+00  7.1067835500e-01  6.9055002100e-01  6.2859924900e-01
    1.6820000000e+01  1.5384133720e+00  1.3824763580e+00  1.4330925050e+00  7.1088507800e-01  6.8842197600e-01  6.2686207700e-01
    1.6830000000e+01  1.5373399080e+00  1.3806984960e+00  1.4322594760e+00  7.1113471200e-01  6.8618743700e-01  6.2502636800e-01
    1.6840000000e+01  1.5362486320e+00  1.3790086350e+00  1.4315360050e+00  7.1142300800e-01  6.8384770200e-01  6.2309699600e-01
    1.6850000000e+01  1.5351224910e+00  1.3774104340e+00  1.4309291230e+00  7.1174208200e-01  6.8140287800e-01  6.2107982800e-01
    1.6860000000e+01  1.5339455550e+00  1.3759090870e+00  1.4304452550e+00  7.1208073900e-01  6.7885237800e-01  6.1898153000e-01
    1.6870000000e+01  1.5327033280e+00  1.3745116860e+00  1.4300901560e+00  7.1242471500e-01  6.7619568500e-01  6.1680938500e-01
    1.6880000000e+01  1.5313829510e+00  1.3732272180e+00  1.4298689130e+00  7.1275666700e-01  6.7343325000e-01  6.1457119900e-01
    1.6890000000e+01  1.5299736100e+00  1.3720661780e+00  1.4297859520e+00  7.1305591300e-01  6.7056735300e-01  6.1227527000e-01
    1.6900000000e+01  1.5284673410e+00  1.3710398250e+00  1.4298449760e+00  7.1329808500e-01  6.6760273300e-01  6.0993041600e-01
    1.6910000000e+01  1.5268603500e+00  1.3701592570e+00  1.4300488460e+00  7.1345503500e-01  6.6454685700e-01  6.0754598800e-01
    1.6920000000e+01  1.5251547010e+00  1.3694344500e+00  1.4303993870e+00  7.1349533400e-01  6.6140980700e-01  6.0513184700e-01
    1.6930000000e+01  1.5233600210e+00  1.3688734450e+00  1.4308971520e+00  7.1338561600e-01  6.5820381600e-01  6.0269825100e-01
    1.6940000000e+01  1.5214947830e+00  1.3684817830e+00  1.4315411740e+00  7.1309279100e-01  6.5494255600e-01  6.0025563700e-01
    1.6950000000e+01  1.5195867290e+00  1.3682622450e+00  1.4323287560e+00  7.1258688500e-01  6.5164031900e-01  5.9781426500e-01
    1.6960000000e+01  1.5176721620e+00  1.3682148970e+00  1.4332553690e+00  7.1184409700e-01  6.4831120700e-01  5.9538372500e-01
    1.6970000000e+01  1.5157940950e+00  1.3683373820e+00  1.4343147360e+00  7.1084955900e-01  6.4496842700e-01  5.9297236300e-01
    1.6980000000e+01  1.5139994410e+00  1.3686254040e+00  1.4354991570e+00  7.0959935400e-01  6.4162378300e-01  5.9058669100e-01
    1.6990000000e+01  1.5123356020e+00  1.3690732830e+00  1.4368000760e+00  7.0810148300e-01  6.3828738000e-01  5.8823092400e-01
    1.7000000000e+01  1.5108468870e+00  1.3696745200e+00  1.4382088320e+00  7.0637563300e-01  6.3496755100e-01  5.8590673300e-01
    1.7010000000e+01  1.5095711900e+00  1.3704222660e+00  1.4397174800e+00  7.0445178100e-01  6.3167095300e-01  5.8361329600e-01
    1.7020000000e+01  1.5085373060e+00  1.3713096720e+00  1.4413195520e+00  7.0236779100e-01  6.2840278300e-01  5.8134765900e-01
    1.7030000000e+01  1.5077631970e+00  1.3723300850e+00  1.4430106310e+00  7.0016630500e-01  6.2516702500e-01  5.7910533500e-01
    1.7040000000e+01  1.5072553810e+00  1.3734771180e+00  1.4447886740e+00  6.9789131200e-01  6.2196667200e-01  5.7688105700e-01
    1.7050000000e+01  1.5070094510e+00  1.3747446400e+00  1.4466540390e+00  6.9558479900e-01  6.1880387100e-01  5.7466955700e-01
    1.7060000000e+01  1.5070115750e+00  1.3761267480e+00  1.4486092890e+00  6.9328389800e-01  6.1567996900e-01  5.7246627300e-01
    1.7070000000e+01  1.5072407030e+00  1.3776177760e+00  1.4506587910e+00  6.9101877000e-01  6.1259548800e-01  5.7026791500e-01
    1.7080000000e+01  1.5076711220e+00  1.3792123800e+00  1.4528082120e+00  6.8881135600e-01  6.0955006700e-01  5.6807287400e-01
    1.7090000000e+01  1.5082750740e+00  1.3809056970e+00  1.4550639400e+00  6.8667498100e-01  6.0654243600e-01  5.6588146300e-01
    1.7100000000e+01  1.5090251760e+00  1.3826935500e+00  1.4574324730e+00  6.8461467300e-01  6.0357046300e-01  5.6369598100e-01
    1.7110000000e+01  1.5098965060e+00  1.3845726250e+00  1.4599198040e+00  6.8262807000e-01  6.0063128200e-01  5.6152060400e-01
    1.7120000000e+01  1.5108682730e+00  1.3865406090e+00  1.4625308530e+00  6.8070674900e-01  5.9772147500e-01  5.5936107100e-01
    1.7130000000e+01  1.5119250000e+00  1.3885962330e+00  1.4652690350e+00  6.7883784900e-01  5.9483727400e-01  5.5722416500e-01
    1.7140000000e+01  1.5130572140e+00  1.3907392610e+00  1.4681360350e+00  6.7700587500e-01  5.9197470300e-01  5.5511704800e-01
    1.7150000000e+01  1.5142616060e+00  1.3929704780e+00  1.4711318760e+00  6.7519452900e-01  5.8912966500e-01  5.5304652300e-01
    1.7160000000e+01  1.5155406930e+00  1.3952917190e+00  1.4742553040e+00  6.7338845300e-01  5.8629796500e-01  5.5101835800e-01
    1.7170000000e+01  1.5169020330e+00  1.3977059940e+00  1.4775044520e+00  6.7157472800e-01  5.8347532400e-01  5.4903681000e-01
    1.7180000000e+01  1.5183570870e+00  1.4002177290e+00  1.4808777080e+00  6.6974404200e-01  5.8065745700e-01  5.4710446700e-01
    1.7190000000e+01  1.5199198510e+00  1.4028330780e+00  1.4843746270e+00  6.6789142100e-01  5.7784029700e-01  5.4522249600e-01
    1.7200000000e+01  1.5216054110e+00  1.4055602470e+00  1.4879967210e+00  6.6601651300e-01  5.7502042900e-01  5.4339130700e-01
    1.7210000000e+01  1.5234285440e+00  1.4084096970e+00  1.4917479340e+00  6.6412341100e-01  5.7219577700e-01  5.4161158200e-01
    1.7220000000e+01  1.5254025230e+00  1.4113940870e+00  1.4956346450e+00  6.6222008300e-01  5.6936648900e-01  5.3988552100e-01
    1.7230000000e+01  1.5275382330e+00  1.4145278270e+00  1.4996651000e+00  6.6031749600e-01  5.6653592800e-01  5.3821808800e-01
    1.7240000000e+01  1.5298436660e+00  1.4178261710e+00  1.5038482960e+00  6.5842856800e-01  5.6371154300e-01  5.3661800100e-01
    1.7250000000e+01  1.5323238250e+00  1.4213038810e+00  1.5081924340e+00  6.5656710300e-01  5.6090542300e-01  5.3509821400e-01
    1.7260000000e+01  1.5349810050e+00  1.4249736380e+00  1.5127032010e+00  6.5474685500e-01  5.5813430300e-01  5.3367573400e-01
    1.7270000000e+01  1.5378153330e+00  1.4288444360e+00  1.5173821710e+00  6.5298085300e-01  5.5541892100e-01  5.3237072000e-01
    1.7280000000e+01  1.5408254460e+00  1.4329202800e+00  1.5222256350e+00  6.5128104700e-01  5.5278275500e-01  5.3120496600e-01
    1.7290000000e+01  1.5440091420e+00  1.4371994210e+00  1.5272240890e+00  6.4965827100e-01  5.5025029700e-01  5.3019998200e-01
    1.7300000000e+01  1.5473638920e+00  1.4416743070e+00  1.5323624880e+00  6.4812246800e-01  5.4784514600e-01  5.2937498500e-01
    1.7310000000e+01  1.5508871210e+00  1.4463322380e+00  1.5376212580e+00  6.4668304900e-01  5.4558823700e-01  5.2874510400e-01
    1.7320000000e+01  1.5545762400e+00  1.4511565980e+00  1.5429778910e+00  6.4534927900e-01  5.4349646600e-01  5.2832009600e-01
    1.7330000000e+01  1.5584284770e+00  1.4561284250e+00  1.5484088950e+00  6.4413055100e-01  5.4158190200e-01  5.2810373700e-01
    1.7340000000e+01  1.5624405840e+00  1.4612280520e+00  1.5538917800e+00  6.4303645500e-01  5.3985160000e-01  5.2809395100e-01
    1.7350000000e+01  1.5666085770e+00  1.4664365920e+00  1.5594068270e+00  6.4207660900e-01  5.3830796200e-01  5.2828361400e-01
    1.7360000000e+01  1.5709276770e+00  1.4717371280e+00  1.5649384280e+00  6.4126030600e-01  5.3694946500e-01  5.2866188000e-01
    1.7370000000e+01  1.5753925350e+00  1.4771155580e+00  1.5704758640e+00  6.4059612100e-01  5.3577162600e-01  5.2921581300e-01
    1.7380000000e+01  1.5799977720e+00  1.4825611140e+00  1.5760134950e+00  6.4009171500e-01  5.3476808000e-01  5.2993213800e-01
    1.7390000000e+01  1.5847386750e+00  1.4880665760e+00  1.5815503800e+00  6.3975400900e-01  5.3393168400e-01  5.3079890100e-01
    1.7400000000e+01  1.5896117940e+00  1.4936282140e+00  1.5870893790e+00  6.3958984400e-01  5.3325564100e-01  5.3180689300e-01
    1.7410000000e+01  1.5946151420e+00  1.4992454110e+00  1.5926358630e+00  6.3960701900e-01  5.3273456300e-01  5.3295067100e-01
    1.7420000000e+01  1.5997477970e+00  1.5049199900e+00  1.5981961590e+00  6.3981546500e-01  5.3236542500e-01  5.3422907900e-01
    1.7430000000e+01  1.6050088690e+00  1.5106552400e+00  1.6037759270e+00  6.4022819500e-01  5.3214826700e-01  5.3564519400e-01
    1.7440000000e+01  1.6103960220e+00  1.5164547260e+00  1.6093786720e+00  6.4086170200e-01  5.3208655900e-01  5.3720569600e-01
    1.7450000000e+01  1.6159038840e+00  1.5223210310e+00  1.6150046100e+00  6.4173565900e-01  5.3218712800e-01  5.3891976200e-01
    1.7460000000e+01  1.6215227030e+00  1.5282545840e+00  1.6206500350e+00  6.4287196200e-01  5.3245965400e-01  5.4079764900e-01
    1.7470000000e+01  1.6272374970e+00  1.5342527400e+00  1.6263072470e+00  6.4429334600e-01  5.3291578600e-01  5.4284918300e-01
    1.7480000000e+01  1.6330277770e+00  1.5403092220e+00  1.6319650150e+00  6.4602186000e-01  5.3356801700e-01  5.4508238800e-01
    1.7490000000e+01  1.6388677600e+00  1.5464139710e+00  1.6376094660e+00  6.4807747200e-01  5.3442844000e-01  5.4750240600e-01
    1.7500000000e+01  1.6447268830e+00  1.5525534200e+00  1.6432252340e+00  6.5047690900e-01  5.3550754800e-01  5.5011081800e-01
    1.7510000000e+01  1.6505704490e+00  1.5587111360e+00  1.6487967210e+00  6.5323274700e-01  5.3681319500e-01  5.5290539100e-01
    1.7520000000e+01  1.6563603110e+00  1.5648687600e+00  1.6543093390e+00  6.5635265700e-01  5.3834983500e-01  5.5588025000e-01
    1.7530000000e+01  1.6620555840e+00  1.5710071340e+00  1.6597506150e+00  6.5983869200e-01  5.4011812100e-01  5.5902641500e-01
    1.7540000000e+01  1.6676134730e+00  1.5771074940e+00  1.6651110640e+00  6.6368658200e-01  5.4211489700e-01  5.6233265700e-01
    1.7550000000e+01  1.6729903080e+00  1.5831525730e+00  1.6703847550e+00  6.6788504700e-01  5.4433359300e-01  5.6578660100e-01
    1.7560000000e+01  1.6781428770e+00  1.5891274980e+00  1.6755694900e+00  6.7241525500e-01  5.4676497200e-01  5.6937596100e-01
    1.7570000000e+01  1.6830300110e+00  1.5950203540e+00  1.6806665630e+00  6.7725056200e-01  5.4939812000e-01  5.7308981400e-01
    1.7580000000e+01  1.6876143530e+00  1.6008223430e+00  1.6856800800e+00  6.8235669200e-01  5.5222155800e-01  5.7691972900e-01
    1.7590000000e+01  1.6918641230e+00  1.6065275440e+00  1.6906158950e+00  6.8769240400e-01  5.5522429900e-01  5.8086060700e-01
    1.7600000000e+01  1.6957547060e+00  1.6121322970e+00  1.6954803060e+00  6.9321066200e-01  5.5839671000e-01  5.8491109500e-01
    1.7610000000e+01  1.6992699060e+00  1.6176343560e+00  1.7002786850e+00  6.9886019700e-01  5.6173104900e-01  5.8907347700e-01
    1.7620000000e+01  1.7024027730e+00  1.6230319480e+00  1.7050142750e+00  7.0458734400e-01  5.6522161900e-01  5.9335309400e-01
    1.7630000000e+01  1.7051559770e+00  1.6283229110e+00  1.7096873120e+00  7.1033800200e-01  5.6886458100e-01  5.9775740200e-01
    1.7640000000e+01  1.7075417240e+00  1.6335040150e+00  1.7142945810e+00  7.1605961200e-01  5.7265749100e-01  6.0229486200e-01
    1.7650000000e+01  1.7095812730e+00  1.6385705300e+00  1.7188293530e+00  7.2170304500e-01  5.7659869600e-01  6.0697386400e-01
    1.7660000000e+01  1.7113040950e+00  1.6435160090e+00  1.7232816210e+00  7.2722435800e-01  5.8068669400e-01  6.1180180300e-01
    1.7670000000e+01  1.7127467010e+00  1.6483322570e+00  1.7276384710e+00  7.3258637000e-01  5.8491950200e-01  6.1678435500e-01
    1.7680000000e+01  1.7139511430e+00  1.6530094250e+00  1.7318844990e+00  7.3776002200e-01  5.8929405400e-01  6.2192489800e-01
    1.7690000000e+01  1.7149631970e+00  1.6575362340e+00  1.7360022430e+00  7.4272546500e-01  5.9380561400e-01  6.2722398800e-01
    1.7700000000e+01  1.7158302200e+00  1.6619003390e+00  1.7399726590e+00  7.4747273700e-01  5.9844721100e-01  6.3267884200e-01
    1.7710000000e+01  1.7165987680e+00  1.6660888840e+00  1.7437757440e+00  7.5200190800e-01  6.0320911100e-01  6.3828280600e-01
    1.7720000000e+01  1.7173121440e+00  1.6700892480e+00  1.7473913600e+00  7.5632253300e-01  6.0807843200e-01  6.4402488200e-01
    1.7730000000e+01  1.7180081240e+00  1.6738899680e+00  1.7508002860e+00  7.6045234700e-01  6.1303896900e-01  6.4988942700e-01
    1.7740000000e+01  1.7187171810e+00  1.6774817560e+00  1.7539854610e+00  7.6441528500e-01  6.1807131000e-01  6.5585612800e-01
    1.7750000000e+01  1.7194614590e+00  1.6808584950e+00  1.7569333070e+00  7.6823903400e-01  6.2315328100e-01  6.6190037100e-01
    1.7760000000e+01  1.7202546550e+00  1.6840181170e+00  1.7596350120e+00  7.7195245700e-01  6.2826071900e-01  6.6799402800e-01
    1.7770000000e+01  1.7211027550e+00  1.6869632480e+00  1.7620875870e+00  7.7558328400e-01  6.3336850600e-01  6.7410668200e-01
    1.7780000000e+01  1.7220054200e+00  1.6897015430e+00  1.7642945750e+00  7.7915639500e-01  6.3845181100e-01  6.8020720600e-01
    1.7790000000e+01  1.7229576620e+00  1.6922456460e+00  1.7662662530e+00  7.8269286400e-01  6.4348742800e-01  6.8626557400e-01
    1.7800000000e+01  1.7239514090e+00  1.6946127500e+00  1.7680192580e+00  7.8620977200e-01  6.4845510300e-01  6.9225474100e-01
    1.7810000000e+01  1.7249766320e+00  1.6968237500e+00  1.7695756180e+00  7.8972052300e-01  6.5333869900e-01  6.9815237400e-01
    1.7820000000e+01  1.7260218830e+00  1.6989020620e+00  1.7709612500e+00  7.9323533000e-01  6.5812707200e-01  7.0394221100e-01
    1.7830000000e+01  1.7270743360e+00  1.7008722280e+00  1.7722040850e+00  7.9676144700e-01  6.6281454700e-01  7.0961489400e-01
    1.7840000000e+01  1.7281196420e+00  1.7027584590e+00  1.7733320480e+00  8.0030289300e-01  6.6740094400e-01  7.1516814700e-01
    1.7850000000e+01  1.7291420360e+00  1.7045832960e+00  1.7743711340e+00  8.0385962600e-01  6.7189117100e-01  7.2060632800e-01
    1.7860000000e+01  1.7301250630e+00  1.7063665080e+00  1.7753437930e+00  8.0742643300e-01  6.7629451000e-01  7.2593945900e-01
    1.7870000000e+01  1.7310531030e+00  1.7081242950e+00  1.7762677500e+00  8.1099197300e-01  6.8062370000e-01  7.3118191600e-01
    1.7880000000e+01  1.7319135610e+00  1.7098687650e+00  1.7771552660e+00  8.1453844500e-01  6.8489397500e-01  7.3635098100e-01
    1.7890000000e+01  1.7326993490e+00  1.7116076370e+00  1.7780127880e+00  8.1804225800e-01  6.8912210000e-01  7.4146538200e-01
    1.7900000000e+01  1.7334111330e+00  1.7133440760e+00  1.7788408850e+00  8.2147577300e-01  6.9332544600e-01  7.4654388900e-01
    1.7910000000e+01  1.7340588570e+00  1.7150766560e+00  1.7796344270e+00  8.2480995300e-01  6.9752103800e-01  7.5160395700e-01
    1.7920000000e+01  1.7346621860e+00  1.7167994610e+00  1.7803830010e+00  8.2801752100e-01  7.0172455900e-01  7.5666039900e-01
    1.7930000000e+01  1.7352497540e+00  1.7185024030e+00  1.7810716170e+00  8.3107614100e-01  7.0594932200e-01  7.6172412200e-01
    1.7940000000e+01  1.7358573350e+00  1.7201718050e+00  1.7816817210e+00  8.3397113600e-01  7.1020528100e-01  7.6680101100e-01
    1.7950000000e+01  1.7365251830e+00  1.7217912330e+00  1.7821924880e+00  8.3669738600e-01  7.1449817700e-01  7.7189107500e-01
    1.7960000000e+01  1.7372949700e+00  1.7233425340e+00  1.7825822910e+00  8.3926017300e-01  7.1882891600e-01  7.7698793400e-01
    1.7970000000e+01  1.7382067210e+00  1.7248069720e+00  1.7828302200e+00  8.4167494700e-01  7.2319317500e-01  7.8207865100e-01
    1.7980000000e+01  1.7392961650e+00  1.7261664370e+00  1.7829175960e+00  8.4396612900e-01  7.2758124700e-01  7.8714385300e-01
    1.7990000000e+01  1.7405928000e+00  1.7274047010e+00  1.7828294710e+00  8.4616524500e-01  7.3197808900e-01  7.9215810400e-01
    1.8000000000e+01  1.7421188000e+00  1.7285087540e+00  1.7825561590e+00  8.4830877700e-01  7.3636362100e-01  7.9709055600e-01
    1.8010000000e+01  1.7438887190e+00  1.7294701910e+00  1.7820947860e+00  8.5043609300e-01  7.4071337900e-01  8.0190599900e-01
    1.8020000000e+01  1.7459097370e+00  1.7302865240e+00  1.7814507010e+00  8.5258775600e-01  7.4499962500e-01  8.0656646100e-01
    1.8030000000e+01  1.7481821530e+00  1.7309621970e+00  1.7806384650e+00  8.5480428000e-01  7.4919295600e-01  8.1103336800e-01
    1.8040000000e+01  1.7506998410e+00  1.7315090530e+00  1.7796821150e+00  8.5712525700e-01  7.5326429100e-01  8.1527013100e-01
    1.8050000000e+01  1.7534505330e+00  1.7319460780e+00  1.7786144860e+00  8.5958862000e-01  7.5718697000e-01  8.1924477200e-01
    1.8060000000e+01  1.7564159720e+00  1.7322984390e+00  1.7774756600e+00  8.6222981200e-01  7.6093863000e-01  8.2293216400e-01
    1.8070000000e+01  1.7595720990e+00  1.7325959820e+00  1.7763107820e+00  8.6508071800e-01  7.6450258400e-01  8.2631553000e-01
    1.8080000000e+01  1.7628895310e+00  1.7328714930e+00  1.7751677170e+00  8.6816835400e-01  7.6786854900e-01  8.2938703600e-01
    1.8090000000e+01  1.7663345320e+00  1.7331590240e+00  1.7740949190e+00  8.7151346100e-01  7.7103277100e-01  8.3214762700e-01
    1.8100000000e+01  1.7698705770e+00  1.7334924770e+00  1.7731397910e+00  8.7512929800e-01  7.7399772000e-01  8.3460636600e-01
    1.8110000000e+01  1.7734604460e+00  1.7339045320e+00  1.7723475540e+00  8.7902092300e-01  7.7677156600e-01  8.3677968000e-01
    1.8120000000e+01  1.7770686150e+00  1.7344258280e+00  1.7717604210e+00  8.8318524700e-01  7.7936764100e-01  8.3869072200e-01
    1.8130000000e+01  1.7806635780e+00  1.7350842590e+00  1.7714168110e+00  8.8761195900e-01  7.8180393600e-01  8.4036895600e-01
    1.8140000000e+01  1.7842197100e+00  1.7359042460e+00  1.7713503550e+00  8.9228527000e-01  7.8410259300e-01  8.4184976600e-01
    1.8150000000e+01  1.7877183560e+00  1.7369059600e+00  1.7715886290e+00  8.9718617100e-01  7.8628922700e-01  8.4317383400e-01
    1.8160000000e+01  1.7911480210e+00  1.7381045930e+00  1.7721518080e+00  9.0229484400e-01  7.8839195700e-01  8.4438596800e-01
    1.8170000000e+01  1.7945037360e+00  1.7395098880e+00  1.7730515770e+00  9.0759283900e-01  7.9044009000e-01  8.4553328700e-01
    1.8180000000e+01  1.7977858070e+00  1.7411261520e+00  1.7742907130e+00  9.1306472700e-01  7.9246257600e-01  8.4666288600e-01
    1.8190000000e+01  1.8009982710e+00  1.7429528940e+00  1.7758636000e+00  9.1869912000e-01  7.9448650100e-01  8.4781936000e-01
    1.8200000000e+01  1.8041473250e+00  1.7449860530e+00  1.7777577010e+00  9.2448906300e-01  7.9653591200e-01  8.4904265700e-01
    1.8210000000e+01  1.8072399570e+00  1.7472196100e+00  1.7799557430e+00  9.3043190600e-01  7.9863128800e-01  8.5036670400e-01
    1.8220000000e+01  1.8102829380e+00  1.7496472640e+00  1.7824381760e+00  9.3652887000e-01  8.0078974500e-01  8.5181905100e-01
    1.8230000000e+01  1.8132822000e+00  1.7522637890e+00  1.7851854130e+00  9.4278450300e-01  8.0302597100e-01  8.5342151700e-01
    1.8240000000e+01  1.8162425660e+00  1.7550657970e+00  1.7881794410e+00  9.4920626500e-01  8.0535364500e-01  8.5519159900e-01
    1.8250000000e+01  1.8191676220e+00  1.7580517490e+00  1.7914045810e+00  9.5580441000e-01  8.0778701200e-01  8.5714423100e-01
    1.8260000000e+01  1.8220594820e+00  1.7612212260e+00  1.7948473910e+00  9.6259218900e-01  8.1034227100e-01  8.5929348000e-01
    1.8270000000e+01  1.8249181760e+00  1.7645736650e+00  1.7984959410e+00  9.6958625200e-01  8.1303845700e-01  8.6165381100e-01
    1.8280000000e+01  1.8277405320e+00  1.7681068220e+00  1.8023387600e+00  9.7680694100e-01  8.1589766900e-01  8.6424078700e-01
    1.8290000000e+01  1.8305185790e+00  1.7718153120e+00  1.8063637610e+00  9.8427813400e-01  8.1894462500e-01  8.6707118400e-01
    1.8300000000e+01  1.8332377490e+00  1.7756894570e+00  1.8105573840e+00  9.9202632200e-01  8.2220566700e-01  8.7016270300e-01
    1.8310000000e+01  1.8358752850e+00  1.7797146110e+00  1.8149040160e+00  1.0000787880e+00  8.2570744300e-01  8.7353344100e-01
    1.8320000000e+01  1.8383993420e+00  1.7838710000e+00  1.8193856750e+00  1.0084610050e+00  8.2947546100e-01  8.7720130400e-01
    1.8330000000e+01  1.8407691450e+00  1.7881340420e+00  1.8239818970e+00  1.0171935830e+00  8.3353271900e-01  8.8118340800e-01
    1.8340000000e+01  1.8429363960e+00  1.7924750570e+00  1.8286697740e+00  1.0262893320e+00  8.3789852800e-01  8.8549551300e-01
    1.8350000000e+01  1.8448477990e+00  1.7968622990e+00  1.8334241440e+00  1.0357509960e+00  8.4258763500e-01  8.9015148200e-01
    1.8360000000e+01  1.8464482850e+00  1.8012621690e+00  1.8382179460e+00  1.0455701530e+00  8.4760973400e-01  8.9516283900e-01
    1.8370000000e+01  1.8476843360e+00  1.8056404850e+00  1.8430226870e+00  1.0557274510e+00  8.5296940900e-01  9.0053848000e-01
    1.8380000000e+01  1.8485067760e+00  1.8099636180e+00  1.8478089400e+00  1.0661940740e+00  8.5866651000e-01  9.0628462100e-01
    1.8390000000e+01  1.8488725620e+00  1.8141993160e+00  1.8525467140e+00  1.0769339960e+00  8.6469686700e-01  9.1240496200e-01
    1.8400000000e+01  1.8487453800e+00  1.8183170920e+00  1.8572055640e+00  1.0879064350e+00  8.7105316000e-01  9.1890095200e-01
    1.8410000000e+01  1.8480951880e+00  1.8222881360e+00  1.8617543970e+00  1.0990679340e+00  8.7772568900e-01  9.2577195600e-01
    1.8420000000e+01  1.8468970960e+00  1.8260849010e+00  1.8661610800e+00  1.1103736430e+00  8.8470281000e-01  9.3301509400e-01
    1.8430000000e+01  1.8451300880e+00  1.8296805860e+00  1.8703920770e+00  1.1217776530e+00  8.9197087700e-01  9.4062463700e-01
    1.8440000000e+01  1.8427761020e+00  1.8330488610e+00  1.8744124430e+00  1.1332325140e+00  8.9951370200e-01  9.4859096300e-01
    1.8450000000e+01  1.8398198190e+00  1.8361640900e+00  1.8781864360e+00  1.1446882470e+00  9.0731174000e-01  9.5689933100e-01
    1.8460000000e+01  1.8362493030e+00  1.8390022060e+00  1.8816788590e+00  1.1560913260e+00  9.1534132000e-01  9.6552881700e-01
    1.8470000000e+01  1.8320574140e+00  1.8415421710e+00  1.8848570220e+00  1.1673840850e+00  9.2357434500e-01  9.7445183500e-01
    1.8480000000e+01  1.8272436840e+00  1.8437676970e+00  1.8876929900e+00  1.1785049110e+00  9.3197875400e-01  9.8363456800e-01
    1.8490000000e+01  1.8218162170e+00  1.8456688110e+00  1.8901656330e+00  1.1893894090e+00  9.4051987000e-01  9.9303837800e-01
    1.8500000000e+01  1.8157931100e+00  1.8472427760e+00  1.8922619970e+00  1.1999724940e+00  9.4916249900e-01  1.0026220520e+00
    1.8510000000e+01  1.8092029680e+00  1.8484940400e+00  1.8939776670e+00  1.2101910900e+00  9.5787337800e-01  1.0123444750e+00
    1.8520000000e+01  1.8020842960e+00  1.8494331020e+00  1.8953160280e+00  1.2199869680e+00  9.6662348000e-01  1.0221672090e+00
    1.8530000000e+01  1.7944837830e+00  1.8500744740e+00  1.8962865960e+00  1.2293091770e+00  9.7538965200e-01  1.0320565000e+00
    1.8540000000e+01  1.7864537850e+00  1.8504341440e+00  1.8969028020e+00  1.2381155870e+00  9.8415522200e-01  1.0419843670e+00
    1.8550000000e+01  1.7780494810e+00  1.8505270600e+00  1.8971797280e+00  1.2463732740e+00  9.9290946900e-01  1.0519286730e+00
    1.8560000000e+01  1.7693262780e+00  1.8503651790e+00  1.8971322320e+00  1.2540577200e+00  1.0016460870e+00  1.0618723210e+00
    1.8570000000e+01  1.7603379760e+00  1.8499564430e+00  1.8967738090e+00  1.2611510760e+00  1.0103610170e+00  1.0718019020e+00
    1.8580000000e+01  1.7511360530e+00  1.8493048910e+00  1.8961162970e+00  1.2676399410e+00  1.0190501550e+00  1.0817062220e+00
    1.8590000000e+01  1.7417701750e+00  1.8484118130e+00  1.8951703440e+00  1.2735132660e+00  1.0277074800e+00  1.0915751680e+00
    1.8600000000e+01  1.7322897440e+00  1.8472776320e+00  1.8939463220e+00  1.2787609870e+00  1.0363240490e+00  1.1013992260e+00
    1.8610000000e+01  1.7227459710e+00  1.8459039850e+00  1.8924552320e+00  1.2833738110e+00  1.0448881240e+00  1.1111698210e+00
    1.8620000000e+01  1.7131938330e+00  1.8442954310e+00  1.8907091290e+00  1.2873443460e+00  1.0533863920e+00  1.1208803340e+00
    1.8630000000e+01  1.7036932070e+00  1.8424602400e+00  1.8887206890e+00  1.2906693090e+00  1.0618059680e+00  1.1305274510e+00
    1.8640000000e+01  1.6943087240e+00  1.8404099530e+00  1.8865017850e+00  1.2933523110e+00  1.0701366020e+00  1.1401122710e+00
    1.8650000000e+01  1.6851082110e+00  1.8381577530e+00  1.8840612630e+00  1.2954064450e+00  1.0783724160e+00  1.1496406110e+00
    1.8660000000e+01  1.6761599990e+00  1.8357159970e+00  1.8814024020e+00  1.2968560570e+00  1.0865125840e+00  1.1591220630e+00
    1.8670000000e+01  1.6675296560e+00  1.8330935800e+00  1.8785207720e+00  1.2977372650e+00  1.0945606190e+00  1.1685676830e+00
    1.8680000000e+01  1.6592767870e+00  1.8302938620e+00  1.8754031710e+00  1.2980971880e+00  1.1025223070e+00  1.1779865490e+00
    1.8690000000e+01  1.6514524090e+00  1.8273138060e+00  1.8720281930e+00  1.2979921450e+00  1.1104027260e+00  1.1873817920e+00
    1.8700000000e+01  1.6440971770e+00  1.8241446750e+00  1.8683686100e+00  1.2974852350e+00  1.1182030530e+00  1.1967468930e+00
    1.8710000000e+01  1.6372404900e+00  1.8207742350e+00  1.8643953440e+00  1.2966437160e+00  1.1259179470e+00  1.2060631250e+00
    1.8720000000e+01  1.6309003390e+00  1.8171900120e+00  1.8600824190e+00  1.2955364550e+00  1.1335342040e+00  1.2152987690e+00
    1.8730000000e+01  1.6250837410e+00  1.8133828800e+00  1.8554120050e+00  1.2942316370e+00  1.1410310270e+00  1.2244104490e+00
    1.8740000000e+01  1.6197875960e+00  1.8093501770e+00  1.8503786370e+00  1.2927947590e+00  1.1483818860e+00  1.2333464260e+00
    1.8750000000e+01  1.6149998850e+00  1.8050976740e+00  1.8449918410e+00  1.2912869610e+00  1.1555575260e+00  1.2420513180e+00
    1.8760000000e+01  1.6107011370e+00  1.8006400590e+00  1.8392767570e+00  1.2897637050e+00  1.1625294620e+00  1.2504714230e+00
    1.8770000000e+01  1.6068661060e+00  1.7959999210e+00  1.8332727700e+00  1.2882738720e+00  1.1692732220e+00  1.2585597820e+00
    1.8780000000e+01  1.6034655590e+00  1.7912056120e+00  1.8270305200e+00  1.2868593150e+00  1.1757707600e+00  1.2662802290e+00
    1.8790000000e+01  1.6004680350e+00  1.7862884970e+00  1.8206079070e+00  1.2855549360e+00  1.1820116910e+00  1.2736100150e+00
    1.8800000000e+01  1.5978414010e+00  1.7812802040e+00  1.8140657570e+00  1.2843892560e+00  1.1879933330e+00  1.2805408640e+00
    1.8810000000e+01  1.5955540030e+00  1.7762103310e+00  1.8074637130e+00  1.2833853870e+00  1.1937197950e+00  1.2870786440e+00
    1.8820000000e+01  1.5935752850e+00  1.7711048860e+00  1.8008567160e+00  1.2825622070e+00  1.1992004790e+00  1.2932419760e+00
    1.8830000000e+01  1.5918758090e+00  1.7659854890e+00  1.7942922460e+00  1.2819354730e+00  1.2044484410e+00  1.2990601340e+00
    1.8840000000e+01  1.5904268010e+00  1.7608691800e+00  1.7878083180e+00  1.2815185760e+00  1.2094789010e+00  1.3045705520e+00
    1.8850000000e+01  1.5891994740e+00  1.7557685460e+00  1.7814321630e+00  1.2813227260e+00  1.2143080610e+00  1.3098161060e+00
    1.8860000000e+01  1.5881644830e+00  1.7506919630e+00  1.7751795530e+00  1.2813565360e+00  1.2189521740e+00  1.3148422820e+00
    1.8870000000e+01  1.5872918700e+00  1.7456438090e+00  1.7690547420e+00  1.2816251530e+00  1.2234267120e+00  1.3196942700e+00
    1.8880000000e+01  1.5865517150e+00  1.7406247190e+00  1.7630511150e+00  1.2821293040e+00  1.2277454550e+00  1.3244140860e+00
    1.8890000000e+01  1.5859154620e+00  1.7356320560e+00  1.7571525930e+00  1.2828646950e+00  1.2319194280e+00  1.3290378870e+00
    1.8900000000e+01  1.5853576570e+00  1.7306608070e+00  1.7513357930e+00  1.2838221270e+00  1.2359558040e+00  1.3335937340e+00
    1.8910000000e+01  1.5848576480e+00  1.7257050320e+00  1.7455728090e+00  1.2849884940e+00  1.2398570070e+00  1.3381000990e+00
    1.8920000000e+01  1.5844007730e+00  1.7207597850e+00  1.7398343170e+00  1.2863485560e+00  1.2436203570e+00  1.3425653330e+00
    1.8930000000e+01  1.5839787100e+00  1.7158232770e+00  1.7340926330e+00  1.2878871160e+00  1.2472385310e+00  1.3469881720e+00
    1.8940000000e+01  1.5835889030e+00  1.7108988570e+00  1.7283243140e+00  1.2895911700e+00  1.2507009590e+00  1.3513591700e+00
    1.8950000000e+01  1.5832332300e+00  1.7059963670e+00  1.7225120210e+00  1.2914515870e+00  1.2539960580e+00  1.3556627840e+00
    1.8960000000e+01  1.5829162290e+00  1.7011325070e+00  1.7166455190e+00  1.2934641070e+00  1.2571139660e+00  1.3598797300e+00
    1.8970000000e+01  1.5826432500e+00  1.6963300570e+00  1.7107218800e+00  1.2956295870e+00  1.2600492920e+00  1.3639892790e+00
    1.8980000000e+01  1.5824188110e+00  1.6916160350e+00  1.7047451030e+00  1.2979536220e+00  1.2628033600e+00  1.3679712260e+00
    1.8990000000e+01  1.5822453560e+00  1.6870191580e+00  1.6987253990e+00  1.3004457510e+00  1.2653855670e+00  1.3718074870e+00
    1.9000000000e+01  1.5821224760e+00  1.6825670620e+00  1.6926783580e+00  1.3031184520e+00  1.2678136690e+00  1.3754833970e+00
    1.9010000000e+01  1.5820465560e+00  1.6782837490e+00  1.6866240260e+00  1.3059861800e+00  1.2701131080e+00  1.3789888660e+00
    1.9020000000e+01  1.5820107350e+00  1.6741875410e+00  1.6805857930e+00  1.3090645760e+00  1.2723156610e+00  1.3823195230e+00
    1.9030000000e+01  1.5820049840e+00  1.6702896400e+00  1.6745888920e+00  1.3123699720e+00  1.2744577130e+00  1.3854777740e+00
    1.9040000000e+01  1.5820160980e+00  1.6665932040e+00  1.6686583800e+00  1.3159191220e+00  1.2765783830e+00  1.3884735280e+00
    1.9050000000e+01  1.5820274490e+00  1.6630928450e+00  1.6628166950e+00  1.3197290260e+00  1.2787176020e+00  1.3913242650e+00
    1.9060000000e+01  1.5820184750e+00  1.6597744920e+00  1.6570810970e+00  1.3238166030e+00  1.2809141200e+00  1.3940541440e+00
    1.9070000000e+01  1.5819640430e+00  1.6566156700e+00  1.6514614860e+00  1.3281979990e+00  1.2832034610e+00  1.3966921100e+00
    1.9080000000e+01  1.5818339310e+00  1.6535862720e+00  1.6459590290e+00  1.3328874470e+00  1.2856158670e+00  1.3992692350e+00
    1.9090000000e+01  1.5815927000e+00  1.6506498940e+00  1.6405658860e+00  1.3378957450e+00  1.2881743990e+00  1.4018157060e+00
    1.9100000000e+01  1.5812001490e+00  1.6477657220e+00  1.6352660180e+00  1.3432285480e+00  1.2908933680e+00  1.4043579630e+00
    1.9110000000e+01  1.5806124090e+00  1.6448908950e+00  1.6300369240e+00  1.3488847630e+00  1.2937772910e+00  1.4069163430e+00
    1.9120000000e+01  1.5797836220e+00  1.6419831850e+00  1.6248519990e+00  1.3548552910e+00  1.2968205470e+00  1.4095035070e+00
    1.9130000000e+01  1.5786680350e+00  1.6390037990e+00  1.6196832250e+00  1.3611223380e+00  1.3000078500e+00  1.4121237590e+00
    1.9140000000e+01  1.5772223150e+00  1.6359199960e+00  1.6145038810e+00  1.3676594150e+00  1.3033156440e+00  1.4147733170e+00
    1.9150000000e+01  1.5754078160e+00  1.6327071790e+00  1.6092909250e+00  1.3744321120e+00  1.3067143620e+00  1.4174415020e+00
    1.9160000000e+01  1.5731925170e+00  1.6293500760e+00  1.6040267180e+00  1.3813996220e+00  1.3101713360e+00  1.4201126480e+00
    1.9170000000e+01  1.5705523130e+00  1.6258427640e+00  1.5986998350e+00  1.3885168890e+00  1.3136539500e+00  1.4227684030e+00
    1.9180000000e+01  1.5674714120e+00  1.6221875080e+00  1.5933049020e+00  1.3957370620e+00  1.3171324790e+00  1.4253899690e+00
    1.9190000000e+01  1.5639417130e+00  1.6183926610e+00  1.5878416750e+00  1.4030138340e+00  1.3205821430e+00  1.4279598450e+00
    1.9200000000e+01  1.5599613290e+00  1.6144701260e+00  1.5823137070e+00  1.4103031510e+00  1.3239840200e+00  1.4304628470e+00
    1.9210000000e+01  1.5555326610e+00  1.6104329430e+00  1.5767270750e+00  1.4175639360e+00  1.3273248350e+00  1.4328863750e+00
    1.9220000000e+01  1.5506606040e+00  1.6062935050e+00  1.5710894980e+00  1.4247577040e+00  1.3305958600e+00  1.4352201960e+00
    1.9230000000e+01  1.5453514980e+00  1.6020626730e+00  1.5654099670e+00  1.4318473020e+00  1.3337914140e+00  1.4374560820e+00
    1.9240000000e+01  1.5396131840e+00  1.5977497830e+00  1.5596988100e+00  1.4387953210e+00  1.3369074620e+00  1.4395876720e+00
    1.9250000000e+01  1.5334562300e+00  1.5933633000e+00  1.5539679010e+00  1.4455628610e+00  1.3399407410e+00  1.4416107710e+00
    1.9260000000e+01  1.5268959730e+00  1.5889116810e+00  1.5482306680e+00  1.4521092700e+00  1.3428886010e+00  1.4435241110e+00
    1.9270000000e+01  1.5199547440e+00  1.5844040330e+00  1.5425015940e+00  1.4583932140e+00  1.3457495420e+00  1.4453303730e+00
    1.9280000000e+01  1.5126635590e+00  1.5798502180e+00  1.5367950710e+00  1.4643750460e+00  1.3485241750e+00  1.4470371550e+00
    1.9290000000e+01  1.5050626680e+00  1.5752602530e+00  1.5311236570e+00  1.4700201020e+00  1.3512162410e+00  1.4486574900e+00
    1.9300000000e+01  1.4972006240e+00  1.5706430850e+00  1.5254959880e+00  1.4753023150e+00  1.3538333130e+00  1.4502096520e+00
    1.9310000000e+01  1.4891318330e+00  1.5660049470e+00  1.5199146770e+00  1.4802075140e+00  1.3563869020e+00  1.4517161020e+00
    1.9320000000e+01  1.4809127800e+00  1.5613476010e+00  1.5143745750e+00  1.4847358110e+00  1.3588918200e+00  1.4532016070e+00
    1.9330000000e+01  1.4725973070e+00  1.5566667900e+00  1.5088616770e+00  1.4889026250e+00  1.3613647880e+00  1.4546906950e+00
    1.9340000000e+01  1.4642314410e+00  1.5519511910e+00  1.5033529230e+00  1.4927379950e+00  1.3638224000e+00  1.4562046920e+00
    1.9350000000e+01  1.4558483740e+00  1.5471821370e+00  1.4978170460e+00  1.4962840040e+00  1.3662786370e+00  1.4577586540e+00
    1.9360000000e+01  1.4474643400e+00  1.5423342760e+00  1.4922165010e+00  1.4995903210e+00  1.3687422630e+00  1.4593586000e+00
    1.9370000000e+01  1.4390761240e+00  1.5373771890e+00  1.4865103840e+00  1.5027081970e+00  1.3712144910e+00  1.4609994690e+00
    1.9380000000e+01  1.4306608530e+00  1.5322778250e+00  1.4806580050e+00  1.5056835720e+00  1.3736873140e+00  1.4626641990e+00
    1.9390000000e+01  1.4221783650e+00  1.5270033970e+00  1.4746225950e+00  1.5085502480e+00  1.3761427870e+00  1.4643241580e+00
    1.9400000000e+01  1.4135760580e+00  1.5215243170e+00  1.4683745690e+00  1.5113241830e+00  1.3785533390e+00  1.4659408570e+00
    1.9410000000e+01  1.4047956200e+00  1.5158167630e+00  1.4618938480e+00  1.5139998530e+00  1.3808830030e+00  1.4674686090e+00
    1.9420000000e+01  1.3957806770e+00  1.5098646210e+00  1.4551709910e+00  1.5165492790e+00  1.3830892710e+00  1.4688575810e+00
    1.9430000000e+01  1.3864842420e+00  1.5036606920e+00  1.4482072280e+00  1.5189238610e+00  1.3851252790e+00  1.4700566860e+00
    1.9440000000e+01  1.3768749050e+00  1.4972072380e+00  1.4410137060e+00  1.5210586690e+00  1.3869420130e+00  1.4710159340e+00
    1.9450000000e+01  1.3669409980e+00  1.4905159630e+00  1.4336103850e+00  1.5228784310e+00  1.3884903960e+00  1.4716880940e+00
    1.9460000000e+01  1.3566923510e+00  1.4836075970e+00  1.4260249520e+00  1.5243043010e+00  1.3897231490e+00  1.4720297920e+00
    1.9470000000e+01  1.3461596930e+00  1.4765111660e+00  1.4182919370e+00  1.5252604400e+00  1.3905963940e+00  1.4720023080e+00
    1.9480000000e+01  1.3353920740e+00  1.4692630310e+00  1.4104520200e+00  1.5256796510e+00  1.3910709980e+00  1.4715723510e+00
    1.9490000000e+01  1.3244529140e+00  1.4619057720e+00  1.4025513470e+00  1.5255075220e+00  1.3911136250e+00  1.4707129630e+00
    1.9500000000e+01  1.3134153740e+00  1.4544869820e+00  1.3946406260e+00  1.5247048830e+00  1.3906975080e+00  1.4694045550e+00
    1.9510000000e+01  1.3023576730e+00  1.4470580650e+00  1.3867738540e+00  1.5232485980e+00  1.3898029290e+00  1.4676359190e+00
    1.9520000000e+01  1.2913589030e+00  1.4396730950e+00  1.3790066400e+00  1.5211309500e+00  1.3884174900e+00  1.4654049960e+00
    1.9530000000e+01  1.2804956990e+00  1.4323877990e+00  1.3713942170e+00  1.5183580210e+00  1.3865362390e+00  1.4627191660e+00
    1.9540000000e+01  1.2698399500e+00  1.4252586160e+00  1.3639893660e+00  1.5149474890e+00  1.3841617330e+00  1.4595949460e+00
    1.9550000000e+01  1.2594575510e+00  1.4183417990e+00  1.3568405080e+00  1.5109263420e+00  1.3813040920e+00  1.4560570760e+00
    1.9560000000e+01  1.2494080170e+00  1.4116924910e+00  1.3499901840e+00  1.5063288930e+00  1.3779810500e+00  1.4521370900e+00
    1.9570000000e+01  1.2397446460e+00  1.4053637190e+00  1.3434740920e+00  1.5011953890e+00  1.3742179640e+00  1.4478716040e+00
    1.9580000000e+01  1.2305147840e+00  1.3994052590e+00  1.3373207190e+00  1.4955713470e+00  1.3700477440e+00  1.4433005560e+00
    1.9590000000e+01  1.2217597450e+00  1.3938623860e+00  1.3315514660e+00  1.4895074550e+00  1.3655106110e+00  1.4384656330e+00
    1.9600000000e+01  1.2135140670e+00  1.3887744850e+00  1.3261810980e+00  1.4830597080e+00  1.3606536260e+00  1.4334090630e+00
    1.9610000000e+01  1.2058040110e+00  1.3841736110e+00  1.3212182560e+00  1.4762892280e+00  1.3555298630e+00  1.4281727560e+00
    1.9620000000e+01  1.1986455440e+00  1.3800830750e+00  1.3166658550e+00  1.4692612310e+00  1.3501971570e+00  1.4227977240e+00
    1.9630000000e+01  1.1920423770e+00  1.3765162350e+00  1.3125212820e+00  1.4620428380e+00  1.3447163550e+00  1.4173235300e+00
    1.9640000000e+01  1.1859847330e+00  1.3734757260e+00  1.3087764500e+00  1.4546996990e+00  1.3391491030e+00  1.4117875860e+00
    1.9650000000e+01  1.1804495080e+00  1.3709533300e+00  1.3054179300e+00  1.4472918960e+00  1.3335553060e+00  1.4062241550e+00
    1.9660000000e+01  1.1754021450e+00  1.3689306650e+00  1.3024274100e+00  1.4398698410e+00  1.3279905150e+00  1.4006630950e+00
    1.9670000000e+01  1.1708001270e+00  1.3673807000e+00  1.2997826850e+00  1.4324710110e+00  1.3225035910e+00  1.3951285440e+00
    1.9680000000e+01  1.1665975920e+00  1.3662699720e+00  1.2974592590e+00  1.4251182330e+00  1.3171349630e+00  1.3896378540e+00
    1.9690000000e+01  1.1627502430e+00  1.3655612130e+00  1.2954324250e+00  1.4178198400e+00  1.3119157270e+00  1.3842011090e+00
    1.9700000000e+01  1.1592197320e+00  1.3652160080e+00  1.2936795390e+00  1.4105716410e+00  1.3068676750e+00  1.3788214420e+00
    1.9710000000e+01  1.1559768320e+00  1.3651971380e+00  1.2921820930e+00  1.4033602120e+00  1.3020041570e+00  1.3734962320e+00
    1.9720000000e+01  1.1530030520e+00  1.3654703230e+00  1.2909272230e+00  1.3961668470e+00  1.2973315440e+00  1.3682190180e+00
    1.9730000000e+01  1.1502907150e+00  1.3660052430e+00  1.2899083580e+00  1.3889714480e+00  1.2928509730e+00  1.3629818370e+00
    1.9740000000e+01  1.1478418030e+00  1.3667758560e+00  1.2891249410e+00  1.3817558070e+00  1.2885600770e+00  1.3577775900e+00
    1.9750000000e+01  1.1456660330e+00  1.3677601440e+00  1.2885812910e+00  1.3745059590e+00  1.2844544410e+00  1.3526020270e+00
    1.9760000000e+01  1.1437786610e+00  1.3689395070e+00  1.2882848680e+00  1.3672135800e+00  1.2805286550e+00  1.3474550860e+00
    1.9770000000e+01  1.1421983670e+00  1.3702979780e+00  1.2882442670e+00  1.3598765560e+00  1.2767769050e+00  1.3423414050e+00
    1.9780000000e+01  1.1409454510e+00  1.3718214770e+00  1.2884672970e+00  1.3524989890e+00  1.2731931290e+00  1.3372700320e+00
    1.9790000000e+01  1.1400403890e+00  1.3734972380e+00  1.2889594160e+00  1.3450908870e+00  1.2697708100e+00  1.3322534510e+00
    1.9800000000e+01  1.1395026960e+00  1.3753135350e+00  1.2897227550e+00  1.3376677500e+00  1.2665024990e+00  1.3273061490e+00
    1.9810000000e+01  1.1393499540e+00  1.3772598200e+00  1.2907558170e+00  1.3302501260e+00  1.2633792230e+00  1.3224429810e+00
    1.9820000000e+01  1.1395968980e+00  1.3793273290e+00  1.2920538820e+00  1.3228631460e+00  1.2603899720e+00  1.3176776180e+00
    1.9830000000e+01  1.1402544980e+00  1.3815101080e+00  1.2936100050e+00  1.3155359510e+00  1.2575215090e+00  1.3130213480e+00
    1.9840000000e+01  1.1413290550e+00  1.3838063220e+00  1.2954164290e+00  1.3083009100e+00  1.2547587540e+00  1.3084824520e+00
    1.9850000000e+01  1.1428214160e+00  1.3862195130e+00  1.2974661140e+00  1.3011925670e+00  1.2520859070e+00  1.3040662820e+00
    1.9860000000e+01  1.1447264370e+00  1.3887594130e+00  1.2997540570e+00  1.2942463320e+00  1.2494882980e+00  1.2997760330e+00
    1.9870000000e+01  1.1470328070e+00  1.3914419170e+00  1.3022780980e+00  1.2874969840e+00  1.2469547090e+00  1.2956140420e+00
    1.9880000000e+01  1.1497232980e+00  1.3942879860e+00  1.3050390130e+00  1.2809771260e+00  1.2444797360e+00  1.2915833000e+00
    1.9890000000e+01  1.1527754640e+00  1.3973215110e+00  1.3080398880e+00  1.2747157070e+00  1.2420656050e+00  1.2876888000e+00
    1.9900000000e+01  1.1561627750e+00  1.4005664920e+00  1.3112849700e+00  1.2687367570e+00  1.2397229860e+00  1.2839383980e+00
    1.9910000000e+01  1.1598561270e+00  1.4040440880e+00  1.3147783160e+00  1.2630584790e+00  1.2374705400e+00  1.2803429970e+00
    1.9920000000e+01  1.1638256520e+00  1.4077701570e+00  1.3185226200e+00  1.2576928260e+00  1.2353333130e+00  1.2769160930e+00
    1.9930000000e+01  1.1680426290e+00  1.4117537510e+00  1.3225184900e+00  1.2526457050e+00  1.2333403460e+00  1.2736728960e+00
    1.9940000000e+01  1.1724812710e+00  1.4159967760e+00  1.3267642950e+00  1.2479178700e+00  1.2315220710e+00  1.2706293460e+00
    1.9950000000e+01  1.1771200760e+00  1.4204947020e+00  1.3312564940e+00  1.2435064180e+00  1.2299080340e+00  1.2678013170e+00
    1.9960000000e+01  1.1819425180e+00  1.4252379770e+00  1.3359902570e+00  1.2394066710e+00  1.2285253420e+00  1.2652042090e+00
    1.9970000000e+01  1.1869369820e+00  1.4302137230e+00  1.3409601180e+00  1.2356141150e+00  1.2273979850e+00  1.2628529660e+00
    1.9980000000e+01  1.1920960310e+00  1.4354072630e+00  1.3461604810e+00  1.2321260830e+00  1.2265469890e+00  1.2607624730e+00
    1.9990000000e+01  1.1974152250e+00  1.4408031890e+00  1.3515858150e+00  1.2289429570e+00  1.2259911660e+00  1.2589482030e+00
    2.0000000000e+01  1.2028917730e+00  1.4463857470e+00  1.3572304650e+00  1.2260688690e+00  1.2257481700e+00  1.2574269700e+00
