# Dielectric function: real and imaginary components
#        Energy (eV)          Re_eps_x          Re_eps_y          Re_eps_z          Im_eps_x          Im_eps_y          Im_eps_z
    0.0000000000e+00  1.5200943557e+01  1.3302178751e+01  1.4224259262e+01  0.0000000000e+00  0.0000000000e+00  0.0000000000e+00
    1.0000000000e-02  1.5201175252e+01  1.3302340945e+01  1.4224437043e+01  7.1142320000e-03  4.9588340000e-03  5.4347700000e-03
    2.0000000000e-02  1.5201870405e+01  1.3302827564e+01  1.4224970429e+01  1.4230608000e-02  9.9188920000e-03  1.0870874000e-02
    3.0000000000e-02  1.5203029213e+01  1.3303638723e+01  1.4225859543e+01  2.1351275000e-02  1.4881399000e-02  1.6309645000e-02
    4.0000000000e-02  1.5204652009e+01  1.3304774615e+01  1.4227104596e+01  2.8478383000e-02  1.9847582000e-02  2.1752419000e-02
    5.0000000000e-02  1.5206739257e+01  1.3306235506e+01  1.4228705878e+01  3.5614088000e-02  2.4818670000e-02  2.7200537000e-02
    6.0000000000e-02  1.5209291553e+01  1.3308021744e+01  1.4230663767e+01  4.2760555000e-02  2.9795897000e-02  3.2655342000e-02
    7.0000000000e-02  1.5212309631e+01  1.3310133749e+01  1.4232978722e+01  4.9919960000e-02  3.4780502000e-02  3.8118183000e-02
    8.0000000000e-02  1.5215794356e+01  1.3312572023e+01  1.4235651289e+01  5.7094489000e-02  3.9773729000e-02  4.3590416000e-02
    9.0000000000e-02  1.5219746729e+01  1.3315337144e+01  1.4238682096e+01  6.4286344000e-02  4.4776830000e-02  4.9073404000e-02
    1.0000000000e-01  1.5224167888e+01  1.3318429769e+01  1.4242071859e+01  7.1497743000e-02  4.9791065000e-02  5.4568519000e-02
    1.1000000000e-01  1.5229059108e+01  1.3321850632e+01  1.4245821378e+01  7.8730923000e-02  5.4817701000e-02  6.0077143000e-02
    1.2000000000e-01  1.5234421800e+01  1.3325600549e+01  1.4249931541e+01  8.5988143000e-02  5.9858017000e-02  6.5600670000e-02
    1.3000000000e-01  1.5240257519e+01  1.3329680414e+01  1.4254403323e+01  9.3271684000e-02  6.4913304000e-02  7.1140503000e-02
    1.4000000000e-01  1.5246567955e+01  1.3334091204e+01  1.4259237785e+01  1.0058385300e-01  6.9984862000e-02  7.6698061000e-02
    1.5000000000e-01  1.5253354945e+01  1.3338833975e+01  1.4264436078e+01  1.0792698400e-01  7.5074007000e-02  8.2274778000e-02
    1.6000000000e-01  1.5260620468e+01  1.3343909866e+01  1.4269999444e+01  1.1530344400e-01  8.0182068000e-02  8.7872102000e-02
    1.7000000000e-01  1.5268366649e+01  1.3349320099e+01  1.4275929212e+01  1.2271563000e-01  8.5310392000e-02  9.3491499000e-02
    1.8000000000e-01  1.5276595759e+01  1.3355065981e+01  1.4282226805e+01  1.3016597600e-01  9.0460339000e-02  9.9134454000e-02
    1.9000000000e-01  1.5285310221e+01  1.3361148903e+01  1.4288893739e+01  1.3765695300e-01  9.5633291000e-02  1.0480247000e-01
    2.0000000000e-01  1.5294512608e+01  1.3367570342e+01  1.4295931621e+01  1.4519107500e-01  1.0083064700e-01  1.1049707400e-01
    2.1000000000e-01  1.5304205648e+01  1.3374331863e+01  1.4303342156e+01  1.5277089700e-01  1.0605382700e-01  1.1621981300e-01
    2.2000000000e-01  1.5314392224e+01  1.3381435119e+01  1.4311127143e+01  1.6039902200e-01  1.1130427300e-01  1.2197225900e-01
    2.3000000000e-01  1.5325075380e+01  1.3388881851e+01  1.4319288479e+01  1.6807810300e-01  1.1658345100e-01  1.2775601000e-01
    2.4000000000e-01  1.5336258321e+01  1.3396673894e+01  1.4327828161e+01  1.7581084500e-01  1.2189285100e-01  1.3357269200e-01
    2.5000000000e-01  1.5347944416e+01  1.3404813173e+01  1.4336748286e+01  1.8360000800e-01  1.2723398900e-01  1.3942395600e-01
    2.6000000000e-01  1.5360137204e+01  1.3413301708e+01  1.4346051054e+01  1.9144841200e-01  1.3260841000e-01  1.4531148900e-01
    2.7000000000e-01  1.5372840393e+01  1.3422141616e+01  1.4355738768e+01  1.9935894200e-01  1.3801768700e-01  1.5123700600e-01
    2.8000000000e-01  1.5386057866e+01  1.3431335107e+01  1.4365813838e+01  2.0733454500e-01  1.4346342500e-01  1.5720225700e-01
    2.9000000000e-01  1.5399793687e+01  1.3440884495e+01  1.4376278781e+01  2.1537824400e-01  1.4894726100e-01  1.6320902900e-01
    3.0000000000e-01  1.5414052099e+01  1.3450792192e+01  1.4387136225e+01  2.2349313100e-01  1.5447086600e-01  1.6925914600e-01
    3.1000000000e-01  1.5428837533e+01  1.3461060714e+01  1.4398388909e+01  2.3168238000e-01  1.6003594900e-01  1.7535447100e-01
    3.2000000000e-01  1.5444154610e+01  1.3471692680e+01  1.4410039686e+01  2.3994924700e-01  1.6564425400e-01  1.8149691200e-01
    3.3000000000e-01  1.5460008146e+01  1.3482690819e+01  1.4422091526e+01  2.4829707500e-01  1.7129757000e-01  1.8768841900e-01
    3.4000000000e-01  1.5476403158e+01  1.3494057967e+01  1.4434547520e+01  2.5672929900e-01  1.7699772300e-01  1.9393098800e-01
    3.5000000000e-01  1.5493344866e+01  1.3505797073e+01  1.4447410878e+01  2.6524945300e-01  1.8274658700e-01  2.0022666600e-01
    3.6000000000e-01  1.5510838701e+01  1.3517911200e+01  1.4460684936e+01  2.7386117300e-01  1.8854608100e-01  2.0657755000e-01
    3.7000000000e-01  1.5528890309e+01  1.3530403527e+01  1.4474373156e+01  2.8256820200e-01  1.9439817500e-01  2.1298579100e-01
    3.8000000000e-01  1.5547505558e+01  1.3543277354e+01  1.4488479131e+01  2.9137439900e-01  2.0030488800e-01  2.1945359900e-01
    3.9000000000e-01  1.5566690543e+01  1.3556536102e+01  1.4503006589e+01  3.0028374300e-01  2.0626829400e-01  2.2598324200e-01
    4.0000000000e-01  1.5586451591e+01  1.3570183319e+01  1.4517959392e+01  3.0930034000e-01  2.1229052500e-01  2.3257705100e-01
    4.1000000000e-01  1.5606795270e+01  1.3584222680e+01  1.4533341543e+01  3.1842842900e-01  2.1837377200e-01  2.3923742500e-01
    4.2000000000e-01  1.5627728396e+01  1.3598657993e+01  1.4549157189e+01  3.2767239100e-01  2.2452028800e-01  2.4596683100e-01
    4.3000000000e-01  1.5649258038e+01  1.3613493200e+01  1.4565410626e+01  3.3703675500e-01  2.3073239300e-01  2.5276780900e-01
    4.4000000000e-01  1.5671391528e+01  1.3628732384e+01  1.4582106298e+01  3.4652621000e-01  2.3701247700e-01  2.5964297700e-01
    4.5000000000e-01  1.5694136466e+01  1.3644379767e+01  1.4599248806e+01  3.5614560700e-01  2.4336300000e-01  2.6659503300e-01
    4.6000000000e-01  1.5717500732e+01  1.3660439722e+01  1.4616842912e+01  3.6589997400e-01  2.4978650100e-01  2.7362676100e-01
    4.7000000000e-01  1.5741492491e+01  1.3676916770e+01  1.4634893540e+01  3.7579452300e-01  2.5628559900e-01  2.8074103400e-01
    4.8000000000e-01  1.5766120206e+01  1.3693815586e+01  1.4653405785e+01  3.8583466300e-01  2.6286299600e-01  2.8794081900e-01
    4.9000000000e-01  1.5791392644e+01  1.3711141006e+01  1.4672384913e+01  3.9602600700e-01  2.6952148400e-01  2.9522918300e-01
    5.0000000000e-01  1.5817318888e+01  1.3728898031e+01  1.4691836373e+01  4.0637438600e-01  2.7626394900e-01  3.0260929500e-01
    5.1000000000e-01  1.5843908348e+01  1.3747091828e+01  1.4711765794e+01  4.1688586200e-01  2.8309337200e-01  3.1008443800e-01
    5.2000000000e-01  1.5871170768e+01  1.3765727741e+01  1.4732178996e+01  4.2756674000e-01  2.9001284200e-01  3.1765800600e-01
    5.3000000000e-01  1.5899116245e+01  1.3784811291e+01  1.4753081997e+01  4.3842358500e-01  2.9702555400e-01  3.2533351900e-01
    5.4000000000e-01  1.5927755231e+01  1.3804348186e+01  1.4774481014e+01  4.4946323100e-01  3.0413481600e-01  3.3311462500e-01
    5.5000000000e-01  1.5957098555e+01  1.3824344322e+01  1.4796382472e+01  4.6069280400e-01  3.1134406000e-01  3.4100510500e-01
    5.6000000000e-01  1.5987157430e+01  1.3844805796e+01  1.4818793013e+01  4.7211973600e-01  3.1865684400e-01  3.4900888700e-01
    5.7000000000e-01  1.6017943470e+01  1.3865738905e+01  1.4841719498e+01  4.8375178300e-01  3.2607685800e-01  3.5713004600e-01
    5.8000000000e-01  1.6049468702e+01  1.3887150156e+01  1.4865169020e+01  4.9559704600e-01  3.3360793600e-01  3.6537282200e-01
    5.9000000000e-01  1.6081745581e+01  1.3909046275e+01  1.4889148905e+01  5.0766399100e-01  3.4125405800e-01  3.7374161900e-01
    6.0000000000e-01  1.6114787009e+01  1.3931434210e+01  1.4913666725e+01  5.1996147500e-01  3.4901936400e-01  3.8224102200e-01
    6.1000000000e-01  1.6148606345e+01  1.3954321143e+01  1.4938730306e+01  5.3249876700e-01  3.5690815800e-01  3.9087580300e-01
    6.2000000000e-01  1.6183217431e+01  1.3977714493e+01  1.4964347733e+01  5.4528557300e-01  3.6492492200e-01  3.9965093700e-01
    6.3000000000e-01  1.6218634598e+01  1.4001621930e+01  1.4990527362e+01  5.5833207200e-01  3.7307432000e-01  4.0857160700e-01
    6.4000000000e-01  1.6254872696e+01  1.4026051377e+01  1.5017277829e+01  5.7164893600e-01  3.8136121500e-01  4.1764322300e-01
    6.5000000000e-01  1.6291947106e+01  1.4051011026e+01  1.5044608058e+01  5.8524737100e-01  3.8979067500e-01  4.2687143200e-01
    6.6000000000e-01  1.6329873761e+01  1.4076509344e+01  1.5072527275e+01  5.9913914800e-01  3.9836799100e-01  4.3626213300e-01
    6.7000000000e-01  1.6368669167e+01  1.4102555081e+01  1.5101045014e+01  6.1333664600e-01  4.0709868300e-01  4.4582149400e-01
    6.8000000000e-01  1.6408350428e+01  1.4129157283e+01  1.5130171131e+01  6.2785288600e-01  4.1598852100e-01  4.5555596900e-01
    6.9000000000e-01  1.6448935260e+01  1.4156325305e+01  1.5159915813e+01  6.4270158300e-01  4.2504353600e-01  4.6547231300e-01
    7.0000000000e-01  1.6490442023e+01  1.4184068816e+01  1.5190289593e+01  6.5789719100e-01  4.3427003500e-01  4.7557760500e-01
    7.1000000000e-01  1.6532889737e+01  1.4212397815e+01  1.5221303362e+01  6.7345495400e-01  4.4367462300e-01  4.8587926800e-01
    7.2000000000e-01  1.6576298111e+01  1.4241322644e+01  1.5252968377e+01  6.8939096900e-01  4.5326421700e-01  4.9638509000e-01
    7.3000000000e-01  1.6620687563e+01  1.4270853997e+01  1.5285296280e+01  7.0572224200e-01  4.6304606800e-01  5.0710325100e-01
    7.4000000000e-01  1.6666079251e+01  1.4301002938e+01  1.5318299110e+01  7.2246675800e-01  4.7302778400e-01  5.1804234900e-01
    7.5000000000e-01  1.6712495092e+01  1.4331780911e+01  1.5351989315e+01  7.3964355500e-01  4.8321735000e-01  5.2921142800e-01
    7.6000000000e-01  1.6759957790e+01  1.4363199754e+01  1.5386379768e+01  7.5727280400e-01  4.9362315500e-01  5.4062000900e-01
    7.7000000000e-01  1.6808490864e+01  1.4395271719e+01  1.5421483781e+01  7.7537589300e-01  5.0425401800e-01  5.5227812400e-01
    7.8000000000e-01  1.6858118666e+01  1.4428009480e+01  1.5457315122e+01  7.9397552900e-01  5.1511922000e-01  5.6419635200e-01
    7.9000000000e-01  1.6908866413e+01  1.4461426157e+01  1.5493888028e+01  8.1309583400e-01  5.2622853200e-01  5.7638586200e-01
    8.0000000000e-01  1.6960760202e+01  1.4495535326e+01  1.5531217220e+01  8.3276246800e-01  5.3759225100e-01  5.8885845100e-01
    8.1000000000e-01  1.7013827038e+01  1.4530351040e+01  1.5569317920e+01  8.5300274600e-01  5.4922123800e-01  6.0162659700e-01
    8.2000000000e-01  1.7068094847e+01  1.4565887842e+01  1.5608205866e+01  8.7384577700e-01  5.6112695500e-01  6.1470350400e-01
    8.3000000000e-01  1.7123592495e+01  1.4602160790e+01  1.5647897325e+01  8.9532261800e-01  5.7332151500e-01  6.2810316600e-01
    8.4000000000e-01  1.7180349796e+01  1.4639185469e+01  1.5688409107e+01  9.1746643300e-01  5.8581772200e-01  6.4184042000e-01
    8.5000000000e-01  1.7238397521e+01  1.4676978012e+01  1.5729758583e+01  9.4031267700e-01  5.9862912800e-01  6.5593101800e-01
    8.6000000000e-01  1.7297767392e+01  1.4715555119e+01  1.5771963690e+01  9.6389929100e-01  6.1177008900e-01  6.7039169900e-01
    8.7000000000e-01  1.7358492077e+01  1.4754934076e+01  1.5815042946e+01  9.8826692500e-01  6.2525582400e-01  6.8524026900e-01
    8.8000000000e-01  1.7420605160e+01  1.4795132771e+01  1.5859015456e+01  1.0134591710e+00  6.3910248600e-01  7.0049568800e-01
    8.9000000000e-01  1.7484141113e+01  1.4836169716e+01  1.5903900917e+01  1.0395228320e+00  6.5332723000e-01  7.1617816600e-01
    9.0000000000e-01  1.7549135238e+01  1.4878064063e+01  1.5949719620e+01  1.0665082030e+00  6.6794829800e-01  7.3230926900e-01
    9.1000000000e-01  1.7615623594e+01  1.4920835620e+01  1.5996492446e+01  1.0944693970e+00  6.8298510800e-01  7.4891203200e-01
    9.2000000000e-01  1.7683642891e+01  1.4964504866e+01  1.6044240854e+01  1.1234646800e+00  6.9845834400e-01  7.6601108800e-01
    9.3000000000e-01  1.7753230362e+01  1.5009092967e+01  1.6092986867e+01  1.1535568580e+00  7.1439006700e-01  7.8363280100e-01
    9.4000000000e-01  1.7824423581e+01  1.5054621785e+01  1.6142753041e+01  1.1848136880e+00  7.3080382800e-01  8.0180541900e-01
    9.5000000000e-01  1.7897260246e+01  1.5101113884e+01  1.6193562431e+01  1.2173083200e+00  7.4772479700e-01  8.2055923800e-01
    9.6000000000e-01  1.7971777894e+01  1.5148592537e+01  1.6245438533e+01  1.2511197900e+00  7.6517990400e-01  8.3992677900e-01
    9.7000000000e-01  1.8048013542e+01  1.5197081720e+01  1.6298405216e+01  1.2863335330e+00  7.8319798500e-01  8.5994298100e-01
    9.8000000000e-01  1.8126003253e+01  1.5246606104e+01  1.6352486629e+01  1.3230419360e+00  8.0180996200e-01  8.8064541000e-01
    9.9000000000e-01  1.8205781586e+01  1.5297191040e+01  1.6407707085e+01  1.3613449270e+00  8.2104901800e-01  9.0207447900e-01
    1.0000000000e+00  1.8287380926e+01  1.5348862526e+01  1.6464090908e+01  1.4013505700e+00  8.4095080800e-01  9.2427369100e-01
    1.0100000000e+00  1.8370830674e+01  1.5401647167e+01  1.6521662249e+01  1.4431756830e+00  8.6155367600e-01  9.4728988300e-01
    1.0200000000e+00  1.8456156256e+01  1.5455572119e+01  1.6580444859e+01  1.4869464380e+00  8.8289891000e-01  9.7117349300e-01
    1.0300000000e+00  1.8543377939e+01  1.5510665008e+01  1.6640461802e+01  1.5327989260e+00  9.0503100000e-01  9.9597881600e-01
    1.0400000000e+00  1.8632509426e+01  1.5566953828e+01  1.6701735120e+01  1.5808796560e+00  9.2799794000e-01  1.0217642780e+00
    1.0500000000e+00  1.8723556196e+01  1.5624466806e+01  1.6764285422e+01  1.6313459210e+00  9.5185154700e-01  1.0485926810e+00
    1.0600000000e+00  1.8816513579e+01  1.5683232239e+01  1.6828131406e+01  1.6843659870e+00  9.7664781100e-01  1.0765314340e+00
    1.0700000000e+00  1.8911364553e+01  1.5743278272e+01  1.6893289295e+01  1.7401190140e+00  1.0024472720e+00  1.1056527480e+00
    1.0800000000e+00  1.9008077274e+01  1.5804632638e+01  1.6959772195e+01  1.7987946100e+00  1.0293154260e+00  1.1360337600e+00
    1.0900000000e+00  1.9106602374e+01  1.5867322324e+01  1.7027589369e+01  1.8605919110e+00  1.0573231650e+00  1.1677565840e+00
    1.1000000000e+00  1.9206870103e+01  1.5931373169e+01  1.7096745442e+01  1.9257180560e+00  1.0865472370e+00  1.2009082440e+00
    1.1100000000e+00  1.9308787435e+01  1.5996809362e+01  1.7167239554e+01  1.9943859420e+00  1.1170707270e+00  1.2355804800e+00
    1.1200000000e+00  1.9412235314e+01  1.6063652845e+01  1.7239064479e+01  2.0668111480e+00  1.1489835550e+00  1.2718693740e+00
    1.1300000000e+00  1.9517066277e+01  1.6131922584e+01  1.7312205769e+01  2.1432079740e+00  1.1823829830e+00  1.3098748200e+00
    1.1400000000e+00  1.9623102731e+01  1.6201633699e+01  1.7386640949e+01  2.2237846000e+00  1.2173740990e+00  1.3496997820e+00
    1.1500000000e+00  1.9730136184e+01  1.6272796434e+01  1.7462338822e+01  2.3087374660e+00  1.2540702820e+00  1.3914494020e+00
    1.1600000000e+00  1.9837927713e+01  1.6345414934e+01  1.7539258934e+01  2.3982450960e+00  1.2925935980e+00  1.4352299340e+00
    1.1700000000e+00  1.9946209886e+01  1.6419485823e+01  1.7617351222e+01  2.4924616640e+00  1.3330751020e+00  1.4811475920e+00
    1.1800000000e+00  2.0054690254e+01  1.6494996564e+01  1.7696555865e+01  2.5915106760e+00  1.3756549980e+00  1.5293073170e+00
    1.1900000000e+00  2.0163056425e+01  1.6571923589e+01  1.7776803343e+01  2.6954791480e+00  1.4204825860e+00  1.5798115180e+00
    1.2000000000e+00  2.0270982687e+01  1.6650230206e+01  1.7858014715e+01  2.8044126430e+00  1.4677159460e+00  1.6327588130e+00
    1.2100000000e+00  2.0378138097e+01  1.6729864313e+01  1.7940102129e+01  2.9183115280e+00  1.5175212530e+00  1.6882427840e+00
    1.2200000000e+00  2.0484195954e+01  1.6810755959e+01  1.8022969622e+01  3.0371289050e+00  1.5700716710e+00  1.7463507940e+00
    1.2300000000e+00  2.0588844433e+01  1.6892814825e+01  1.8106514255e+01  3.1607708220e+00  1.6255457290e+00  1.8071629970e+00
    1.2400000000e+00  2.0691797796e+01  1.6975927730e+01  1.8190627556e+01  3.2890994860e+00  1.6841251240e+00  1.8707516900e+00
    1.2500000000e+00  2.0792807095e+01  1.7059956256e+01  1.8275197145e+01  3.4219400510e+00  1.7459919170e+00  1.9371812420e+00
    1.2600000000e+00  2.0891668782e+01  1.7144734616e+01  1.8360108247e+01  3.5590909820e+00  1.8113251170e+00  2.0065086990e+00
    1.2700000000e+00  2.0988229640e+01  1.7230067862e+01  1.8445244707e+01  3.7003370490e+00  1.8802966340e+00  2.0787850590e+00
    1.2800000000e+00  2.1082387044e+01  1.7315730506e+01  1.8530489167e+01  3.8454631050e+00  1.9530666200e+00  2.1540569110e+00
    1.2900000000e+00  2.1174084781e+01  1.7401465637e+01  1.8615722186e+01  3.9942664040e+00  2.0297781240e+00  2.2323680080e+00
    1.3000000000e+00  2.1263305949e+01  1.7486984667e+01  1.8700820394e+01  4.1465657670e+00  2.1105509620e+00  2.3137602120e+00
    1.3100000000e+00  2.1350065084e+01  1.7571967979e+01  1.8785653950e+01  4.3022070800e+00  2.1954746100e+00  2.3982733370e+00
    1.3200000000e+00  2.1434401449e+01  1.7656066990e+01  1.8870083860e+01  4.4610660720e+00  2.2846000100e+00  2.4859435300e+00
    1.3300000000e+00  2.1516374316e+01  1.7738908408e+01  1.8953959825e+01  4.6230501220e+00  2.3779303920e+00  2.5768000480e+00
    1.3400000000e+00  2.1596059814e+01  1.7820101612e+01  1.9037119450e+01  4.7881009030e+00  2.4754116940e+00  2.6708606020e+00
    1.3500000000e+00  2.1673547996e+01  1.7899249940e+01  1.9119389633e+01  4.9561989370e+00  2.5769238190e+00  2.7681258700e+00
    1.3600000000e+00  2.1748938441e+01  1.7975966056e+01  1.9200590642e+01  5.1273702120e+00  2.6822745370e+00  2.8685742930e+00
    1.3700000000e+00  2.1822332904e+01  1.8049890595e+01  1.9280542800e+01  5.3016941830e+00  2.7911981000e+00  2.9721585770e+00
    1.3800000000e+00  2.1893823828e+01  1.8120712136e+01  1.9359074803e+01  5.4793119400e+00  2.9033602150e+00  3.0788052860e+00
    1.3900000000e+00  2.1963477921e+01  1.8188185741e+01  1.9436031990e+01  5.6604328010e+00  3.0183700050e+00  3.1884182260e+00
    1.4000000000e+00  2.2031314511e+01  1.8252147110e+01  1.9511282583e+01  5.8453370800e+00  3.1357981260e+00  3.3008853290e+00
    1.4100000000e+00  2.2097279313e+01  1.8312520080e+01  1.9584720357e+01  6.0343721930e+00  3.2551988710e+00  3.4160876250e+00
    1.4200000000e+00  2.2161215674e+01  1.8369316439e+01  1.9656263164e+01  6.2279391060e+00  3.3761332440e+00  3.5339082770e+00
    1.4300000000e+00  2.2222837170e+01  1.8422628510e+01  1.9725847972e+01  6.4264667420e+00  3.4981899460e+00  3.6542396900e+00
    1.4400000000e+00  2.2281707028e+01  1.8472616224e+01  1.9793423974e+01  6.6303737040e+00  3.6210018590e+00  3.7769874730e+00
    1.4500000000e+00  2.2337230528e+01  1.8519491089e+01  1.9858945584e+01  6.8400194700e+00  3.7442566900e+00  3.9020711280e+00
    1.4600000000e+00  2.2388665624e+01  1.8563499602e+01  1.9922366691e+01  7.0556503730e+00  3.8677016650e+00  4.0294223940e+00
    1.4700000000e+00  2.2435154364e+01  1.8604908233e+01  1.9983636539e+01  7.2773483490e+00  3.9911431310e+00  4.1589825100e+00
    1.4800000000e+00  2.2475773716e+01  1.8643991383e+01  2.0042696681e+01  7.5049914610e+00  4.1144426370e+00  4.2906993850e+00
    1.4900000000e+00  2.2509600195e+01  1.8681022795e+01  2.0099478090e+01  7.7382341450e+00  4.2375112290e+00  4.4245247200e+00
    1.5000000000e+00  2.2535779343e+01  1.8716270176e+01  2.0153897879e+01  7.9765119820e+00  4.3603035260e+00  4.5604102360e+00
    1.5100000000e+00  2.2553589668e+01  1.8749992260e+01  2.0205856156e+01  8.2190714240e+00  4.4828126550e+00  4.6983018270e+00
    1.5200000000e+00  2.2562491345e+01  1.8782437414e+01  2.0255234580e+01  8.4650202660e+00  4.6050666060e+00  4.8381309930e+00
    1.5300000000e+00  2.2562152731e+01  1.8813842939e+01  2.0301898671e+01  8.7133908010e+00  4.7271262680e+00  4.9798042300e+00
    1.5400000000e+00  2.2552451992e+01  1.8844434208e+01  2.0345705373e+01  8.9632053780e+00  4.8490851570e+00  5.1231924400e+00
    1.5500000000e+00  2.2533455979e+01  1.8874422747e+01  2.0386515877e+01  9.2135340090e+00  4.9710706930e+00  5.2681233020e+00
    1.5600000000e+00  2.2505382976e+01  1.8904002227e+01  2.0424211992e+01  9.4635359690e+00  5.0932463810e+00  5.4143792520e+00
    1.5700000000e+00  2.2468558653e+01  1.8933341587e+01  2.0458712997e+01  9.7124815890e+00  5.2158136400e+00  5.5617023500e+00
    1.5800000000e+00  2.2423374827e+01  1.8962575233e+01  2.0489989772e+01  9.9597555240e+00  5.3390113840e+00  5.7098055120e+00
    1.5900000000e+00  2.2370258083e+01  1.8991791472e+01  2.0518073907e+01  1.0204847267e+01  5.4631114190e+00  5.8583880150e+00
    1.6000000000e+00  2.2309650802e+01  1.9021021530e+01  2.0543061035e+01  1.0447336934e+01  5.5884084960e+00  6.0071526050e+00
    1.6100000000e+00  2.2242002230e+01  1.9050232064e+01  2.0565109046e+01  1.0686883714e+01  5.7152053600e+00  6.1558220270e+00
    1.6200000000e+00  2.2167763647e+01  1.9079323560e+01  2.0584432416e+01  1.0923220992e+01  5.8437947870e+00  6.3041538160e+00
    1.6300000000e+00  2.2087380940e+01  1.9108135648e+01  2.0601293664e+01  1.1156157372e+01  5.9744416660e+00  6.4519531190e+00
    1.6400000000e+00  2.2001280256e+01  1.9136458569e+01  2.0615992229e+01  1.1385578624e+01  6.1073682360e+00  6.5990835910e+00
    1.6500000000e+00  2.1909846873e+01  1.9164048721e+01  2.0628850638e+01  1.1611443841e+01  6.2427446330e+00  6.7454759150e+00
    1.6600000000e+00  2.1813402027e+01  1.9190645642e+01  2.0640198054e+01  1.1833770530e+01  6.3806855650e+00  6.8911328550e+00
    1.6700000000e+00  2.1712185029e+01  1.9215988071e+01  2.0650352145e+01  1.2052607438e+01  6.5212526750e+00  7.0361294380e+00
    1.6800000000e+00  2.1606347618e+01  1.9239827423e+01  2.0659601200e+01  1.2267998509e+01  6.6644614580e+00  7.1806072780e+00
    1.6900000000e+00  2.1495964477e+01  1.9261937684e+01  2.0668189020e+01  1.2479944713e+01  6.8102913330e+00  7.3247631610e+00
    1.7000000000e+00  2.1381059943e+01  1.9282121314e+01  2.0676304975e+01  1.2688371361e+01  6.9586974670e+00  7.4688333210e+00
    1.7100000000e+00  2.1261647652e+01  1.9300211158e+01  2.0684080791e+01  1.2893107363e+01  7.1096230450e+00  7.6130759490e+00
    1.7200000000e+00  2.1137777981e+01  1.9316068792e+01  2.0691594334e+01  1.3093880851e+01  7.2630109020e+00  7.7577551050e+00
    1.7300000000e+00  2.1009587242e+01  1.9329579957e+01  2.0698879105e+01  1.3290333771e+01  7.4188138140e+00  7.9031292090e+00
    1.7400000000e+00  2.0877341810e+01  1.9340647733e+01  2.0705936649e+01  1.3482056366e+01  7.5770032290e+00  8.0494465100e+00
    1.7500000000e+00  2.0741469412e+01  1.9349183667e+01  2.0712747911e+01  1.3668640442e+01  7.7375765360e+00  8.1969484020e+00
    1.7600000000e+00  2.0602569406e+01  1.9355096549e+01  2.0719279289e+01  1.3849747029e+01  7.9005627820e+00  8.3458792810e+00
    1.7700000000e+00  2.0461395163e+01  1.9358278187e+01  2.0725480117e+01  1.4025179928e+01  8.0660260640e+00  8.4964993340e+00
    1.7800000000e+00  2.0318805618e+01  1.9358585965e+01  2.0731270540e+01  1.4194952967e+01  8.2340648720e+00  8.6490951460e+00
    1.7900000000e+00  2.0175689065e+01  1.9355823096e+01  2.0736521650e+01  1.4359337334e+01  8.4048050160e+00  8.8039828190e+00
    1.8000000000e+00  2.0032868837e+01  1.9349719157e+01  2.0741032466e+01  1.4518877495e+01  8.5783840150e+00  8.9614998790e+00
    1.8100000000e+00  1.9891005276e+01  1.9339914949e+01  2.0744509777e+01  1.4674369588e+01  8.7549262110e+00  9.1219850720e+00
    1.8200000000e+00  1.9750509831e+01  1.9325956249e+01  2.0746556534e+01  1.4826803426e+01  8.9345100990e+00  9.2857483380e+00
    1.8300000000e+00  1.9611484703e+01  1.9307300094e+01  2.0746672531e+01  1.4977276073e+01  9.1171318110e+00  9.4530356700e+00
    1.8400000000e+00  1.9473696312e+01  1.9283335099e+01  2.0744268324e+01  1.5126889481e+01  9.3026702670e+00  9.6239944460e+00
    1.8500000000e+00  1.9336584681e+01  1.9253414480e+01  2.0738690862e+01  1.5276646125e+01  9.4908598220e+00  9.7986441520e+00
    1.8600000000e+00  1.9199305264e+01  1.9216898042e+01  2.0729257845e+01  1.5427355034e+01  9.6812749440e+00  9.9768557890e+00
    1.8700000000e+00  1.9060796045e+01  1.9173197863e+01  2.0715297618e+01  1.5579557357e+01  9.8733293860e+00  1.0158341688e+01
    1.8800000000e+00  1.8919861061e+01  1.9121822179e+01  2.0696191693e+01  1.5733476596e+01  1.0066289858e+01  1.0342656552e+01
    1.8900000000e+00  1.8775261655e+01  1.9062412656e+01  2.0671417301e+01  1.5888995182e+01  1.0259302121e+01  1.0529210251e+01
    1.9000000000e+00  1.8625807856e+01  1.8994771691e+01  2.0640587039e+01  1.6045656552e+01  1.0451425907e+01  1.0717292828e+01
    1.9100000000e+00  1.8470443707e+01  1.8918878246e+01  2.0603481986e+01  1.6202690340e+01  1.0641674303e+01  1.0906111659e+01
    1.9200000000e+00  1.8308321597e+01  1.8834892689e+01  2.0560073986e+01  1.6359057404e+01  1.0829053386e+01  1.1094839430e+01
    1.9300000000e+00  1.8138861758e+01  1.8743152795e+01  2.0510532765e+01  1.6513510753e+01  1.1012599027e+01  1.1282669681e+01
    1.9400000000e+00  1.7961794191e+01  1.8644163754e+01  2.0455214673e+01  1.6664667963e+01  1.1191409635e+01  1.1468874533e+01
    1.9500000000e+00  1.7777181401e+01  1.8538584406e+01  2.0394632083e+01  1.6811090394e+01  1.1364675464e+01  1.1652857596e+01
    1.9600000000e+00  1.7585421384e+01  1.8427210304e+01  2.0329405606e+01  1.6951364617e+01  1.1531705958e+01  1.1834194629e+01
    1.9700000000e+00  1.7387231114e+01  1.8310952359e+01  2.0260204549e+01  1.7084181596e+01  1.1691956032e+01  1.2012655647e+01
    1.9800000000e+00  1.7183611422e+01  1.8190809143e+01  2.0187683560e+01  1.7208409285e+01  1.1845050285e+01  1.2188204912e+01
    1.9900000000e+00  1.6975795006e+01  1.8067831807e+01  2.0112424432e+01  1.7323154194e+01  1.1990802298e+01  1.2360978989e+01
    2.0000000000e+00  1.6765180550e+01  1.7943082800e+01  2.0034891102e+01  1.7427807509e+01  1.2129225343e+01  1.2531247045e+01
    2.0100000000e+00  1.6553257567e+01  1.7817591741e+01  1.9955403098e+01  1.7522071978e+01  1.2260531922e+01  1.2699360533e+01
    2.0200000000e+00  1.6341528066e+01  1.7692312773e+01  1.9874128824e+01  1.7605967350e+01  1.2385121769e+01  1.2865700709e+01
    2.0300000000e+00  1.6131431902e+01  1.7568086892e+01  1.9791096222e+01  1.7679814424e+01  1.2503560163e+01  1.3030631547e+01
    2.0400000000e+00  1.5924282332e+01  1.7445610896e+01  1.9706215703e+01  1.7744200371e+01  1.2616549280e+01  1.3194463072e+01
    2.0500000000e+00  1.5721216867e+01  1.7325412919e+01  1.9619309384e+01  1.7799930237e+01  1.2724894651e+01  1.3357426870e+01
    2.0600000000e+00  1.5523166274e+01  1.7207834234e+01  1.9530141633e+01  1.7847971095e+01  1.2829467273e+01  1.3519662797e+01
    2.0700000000e+00  1.5330841711e+01  1.7093018147e+01  1.9438447850e+01  1.7889395856e+01  1.2931160965e+01  1.3681214383e+01
    2.0800000000e+00  1.5144737025e+01  1.6980908529e+01  1.9343960322e+01  1.7925332883e+01  1.3030845086e+01  1.3842030377e+01
    2.0900000000e+00  1.4965140914e+01  1.6871261495e+01  1.9246431231e+01  1.7956925247e+01  1.3129314776e+01  1.4001970660e+01
    2.1000000000e+00  1.4792152933e+01  1.6763673000e+01  1.9145653162e+01  1.7985300092e+01  1.3227243635e+01  1.4160815738e+01
    2.1100000000e+00  1.4625698715e+01  1.6657622464e+01  1.9041477231e+01  1.8011545323e+01  1.3325145776e+01  1.4318279693e+01
    2.1200000000e+00  1.4465542889e+01  1.6552528759e+01  1.8933828424e+01  1.8036689197e+01  1.3423354495e+01  1.4474026661e+01
    2.1300000000e+00  1.4311301547e+01  1.6447811059e+01  1.8822717333e+01  1.8061679090e+01  1.3522022884e+01  1.4627690777e+01
    2.1400000000e+00  1.4162458151e+01  1.6342944533e+01  1.8708247181e+01  1.8087358487e+01  1.3621147667e+01  1.4778899135e+01
    2.1500000000e+00  1.4018386384e+01  1.6237500694e+01  1.8590614955e+01  1.8114444594e+01  1.3720612396e+01  1.4927296759e+01
    2.1600000000e+00  1.3878380932e+01  1.6131164934e+01  1.8470105774e+01  1.8143511219e+01  1.3820241191e+01  1.5072571876e+01
    2.1700000000e+00  1.3741693860e+01  1.6023728981e+01  1.8347080364e+01  1.8174981676e+01  1.3919851276e+01  1.5214479378e+01
    2.1800000000e+00  1.3607571476e+01  1.5915062250e+01  1.8221956456e+01  1.8209134485e+01  1.4019292759e+01  1.5352860410e+01
    2.1900000000e+00  1.3475285593e+01  1.5805071373e+01  1.8095185659e+01  1.8246121452e+01  1.4118467771e+01  1.5487656729e+01
    2.2000000000e+00  1.3344153898e+01  1.5693659635e+01  1.7967227298e+01  1.8285994601e+01  1.4217326978e+01  1.5618919373e+01
    2.2100000000e+00  1.3213546450e+01  1.5580696943e+01  1.7838520111e+01  1.8328736165e+01  1.4315847663e+01  1.5746811621e+01
    2.2200000000e+00  1.3082878259e+01  1.5466006793e+01  1.7709451967e+01  1.8374284967e+01  1.4414001873e+01  1.5871605775e+01
    2.2300000000e+00  1.2951591045e+01  1.5349371378e+01  1.7580327969e+01  1.8422552982e+01  1.4511724452e+01  1.5993672150e+01
    2.2400000000e+00  1.2819130000e+01  1.5230551210e+01  1.7451338681e+01  1.8473427713e+01  1.4608889099e+01  1.6113457745e+01
    2.2500000000e+00  1.2684923230e+01  1.5109312827e+01  1.7322532556e+01  1.8526759084e+01  1.4705297225e+01  1.6231452461e+01
    2.2600000000e+00  1.2548371750e+01  1.4985457602e+01  1.7193798698e+01  1.8582333560e+01  1.4800680515e+01  1.6348142942e+01
    2.2700000000e+00  1.2408855912e+01  1.4858845857e+01  1.7064866488e+01  1.8639842108e+01  1.4894715094e+01  1.6463957789e+01
    2.2800000000e+00  1.2265760162e+01  1.4729412613e+01  1.6935326667e+01  1.8698851084e+01  1.4987043366e+01  1.6579211626e+01
    2.2900000000e+00  1.2118513066e+01  1.4597173546e+01  1.6804674334e+01  1.8758785178e+01  1.5077299123e+01  1.6694057833e+01
    2.3000000000e+00  1.1966635258e+01  1.4462221557e+01  1.6672369237e+01  1.8818928770e+01  1.5165132000e+01  1.6808459437e+01
    2.3100000000e+00  1.1809785851e+01  1.4324715503e+01  1.6537904408e+01  1.8878447558e+01  1.5250228239e+01  1.6922184596e+01
    2.3200000000e+00  1.1647798462e+01  1.4184863141e+01  1.6400872117e+01  1.8936427423e+01  1.5332325738e+01  1.7034828131e+01
    2.3300000000e+00  1.1480700936e+01  1.4042900588e+01  1.6261016887e+01  1.8991923940e+01  1.5411222046e+01  1.7145855331e+01
    2.3400000000e+00  1.1308716949e+01  1.3899070804e+01  1.6118268583e+01  1.9044014615e+01  1.5486774580e+01  1.7254660362e+01
    2.3500000000e+00  1.1132251330e+01  1.3753603860e+01  1.5972753008e+01  1.9091846881e+01  1.5558893027e+01  1.7360630106e+01
    2.3600000000e+00  1.0951863173e+01  1.3606701928e+01  1.5824781453e+01  1.9134677222e+01  1.5627524892e+01  1.7463205166e+01
    2.3700000000e+00  1.0768231321e+01  1.3458531577e+01  1.5674823155e+01  1.9171899329e+01  1.5692636468e+01  1.7561932143e+01
    2.3800000000e+00  1.0582116202e+01  1.3309224854e+01  1.5523465273e+01  1.9203061038e+01  1.5754192612e+01  1.7656503821e+01
    2.3900000000e+00  1.0394321047e+01  1.3158888938e+01  1.5371364569e+01  1.9227870583e+01  1.5812139272e+01  1.7746785664e+01
    2.4000000000e+00  1.0205654995e+01  1.3007622286e+01  1.5219194305e+01  1.9246193012e+01  1.5866392201e+01  1.7832827591e+01
    2.4100000000e+00  1.0016900427e+01  1.2855533878e+01  1.5067589986e+01  1.9258037856e+01  1.5916833916e+01  1.7914860082e+01
    2.4200000000e+00  9.8287868040e+00  1.2702761734e+01  1.4917098415e+01  1.9263539819e+01  1.5963319147e+01  1.7993274080e+01
    2.4300000000e+00  9.6419726890e+00  1.2549487392e+01  1.4768135569e+01  1.9262935122e+01  1.6005687366e+01  1.8068585666e+01
    2.4400000000e+00  9.4570365580e+00  1.2395944154e+01  1.4620958815e+01  1.9256536797e+01  1.6043779938e+01  1.8141389165e+01
    2.4500000000e+00  9.2744755160e+00  1.2242418109e+01  1.4475657246e+01  1.9244712234e+01  1.6077458968e+01  1.8212305089e+01
    2.4600000000e+00  9.0947096700e+00  1.2089242193e+01  1.4332160364e+01  1.9227865550e+01  1.6106624964e+01  1.8281930854e+01
    2.4700000000e+00  8.9180890780e+00  1.1936784557e+01  1.4190261264e+01  1.9206426047e+01  1.6131230878e+01  1.8350801330e+01
    2.4800000000e+00  8.7448999530e+00  1.1785433344e+01  1.4049647644e+01  1.9180842443e+01  1.6151290879e+01  1.8419363102e+01
    2.4900000000e+00  8.5753673950e+00  1.1635580386e+01  1.3909933527e+01  1.9151580997e+01  1.6166883330e+01  1.8487962170e+01
    2.5000000000e+00  8.4096531780e+00  1.1487606123e+01  1.3770686656e+01  1.9119124429e+01  1.6178148645e+01  1.8556841448e+01
    2.5100000000e+00  8.2478490240e+00  1.1341867214e+01  1.3631449811e+01  1.9083968040e+01  1.6185283637e+01  1.8626143204e+01
    2.5200000000e+00  8.0899678410e+00  1.1198687063e+01  1.3491757235e+01  1.9046610073e+01  1.6188534164e+01  1.8695912431e+01
    2.5300000000e+00  7.9359369650e+00  1.1058348509e+01  1.3351148824e+01  1.9007535078e+01  1.6188187259e+01  1.8766099311e+01
    2.5400000000e+00  7.7855977640e+00  1.0921087636e+01  1.3209184669e+01  1.8967191648e+01  1.6184562794e+01  1.8836561020e+01
    2.5500000000e+00  7.6387147770e+00  1.0787088416e+01  1.3065461441e+01  1.8925968289e+01  1.6178003825e+01  1.8907064592e+01
    2.5600000000e+00  7.4949949860e+00  1.0656479093e+01  1.2919630621e+01  1.8884172617e+01  1.6168864724e+01  1.8977293027e+01
    2.5700000000e+00  7.3541148930e+00  1.0529332164e+01  1.2771417151e+01  1.8842018769e+01  1.6157497274e+01  1.9046856537e+01
    2.5800000000e+00  7.2157508140e+00  1.0405669642e+01  1.2620636012e+01  1.8799625926e+01  1.6144236436e+01  1.9115309778e+01
    2.5900000000e+00  7.0796070890e+00  1.0285474008e+01  1.2467203890e+01  1.8757028043e+01  1.6129388667e+01  1.9182174393e+01
    2.6000000000e+00  6.9454379700e+00  1.0168703418e+01  1.2311143663e+01  1.8714192324e+01  1.6113225736e+01  1.9246964617e+01
    2.6100000000e+00  6.8130609850e+00  1.0055308152e+01  1.2152580948e+01  1.8671042715e+01  1.6095985867e+01  1.9309212728e+01
    2.6200000000e+00  6.6823616240e+00  9.9452446070e+00  1.1991733742e+01  1.8627484824e+01  1.6077882270e+01  1.9368491241e+01
    2.6300000000e+00  6.5532903570e+00  9.8384835550e+00  1.1828897464e+01  1.8583429722e+01  1.6059117190e+01  1.9424429922e+01
    2.6400000000e+00  6.4258531420e+00  9.7350106420e+00  1.1664427940e+01  1.8538815122e+01  1.6039898293e+01  1.9476727233e+01
    2.6500000000e+00  6.3000962350e+00  9.6348188500e+00  1.1498724192e+01  1.8493622835e+01  1.6020453603e+01  1.9525156912e+01
    2.6600000000e+00  6.1760859250e+00  9.5378943570e+00  1.1332211962e+01  1.8447891129e+01  1.6001041554e+01  1.9569570644e+01
    2.6700000000e+00  6.0538842960e+00  9.4441985840e+00  1.1165328428e+01  1.8401720256e+01  1.5981953763e+01  1.9609897453e+01
    2.6800000000e+00  5.9335230400e+00  9.3536498990e+00  1.0998508716e+01  1.8355269355e+01  1.5963509591e+01  1.9646140157e+01
    2.6900000000e+00  5.8149783990e+00  9.2661083970e+00  1.0832175100e+01  1.8308743603e+01  1.5946043152e+01  1.9678369541e+01
    2.7000000000e+00  5.6981510730e+00  9.1813665140e+00  1.0666729717e+01  1.8262371745e+01  1.5929884702e+01  1.9706717658e+01
    2.7100000000e+00  5.5828550550e+00  9.0991471310e+00  1.0502550680e+01  1.8216375826e+01  1.5915339198e+01  1.9731372360e+01
    2.7200000000e+00  5.4688186860e+00  9.0191095650e+00  1.0339990096e+01  1.8170936811e+01  1.5902665165e+01  1.9752575087e+01
    2.7300000000e+00  5.3556995450e+00  8.9408625980e+00  1.0179371145e+01  1.8126161403e+01  1.5892056801e+01  1.9770622931e+01
    2.7400000000e+00  5.2431121620e+00  8.8639826300e+00  1.0020980756e+01  1.8082056099e+01  1.5883631618e+01  1.9785874102e+01
    2.7500000000e+00  5.1306645620e+00  8.7880343190e+00  9.8650550200e+00  1.8038513767e+01  1.5877424921e+01  1.9798753675e+01
    2.7600000000e+00  5.0179972380e+00  8.7125908690e+00  9.7117564040e+00  1.7995315516e+01  1.5873391103e+01  1.9809754721e+01
    2.7700000000e+00  4.9048175600e+00  8.6372515550e+00  9.5611448860e+00  1.7952147061e+01  1.5871410552e+01  1.9819429324e+01
    2.7800000000e+00  4.7909241540e+00  8.5616550960e+00  9.4131483730e+00  1.7908625330e+01  1.5871300128e+01  1.9828365277e+01
    2.7900000000e+00  4.6762190550e+00  8.4854887030e+00  9.2675401240e+00  1.7864329214e+01  1.5872824998e+01  1.9837147480e+01
    2.8000000000e+00  4.5607089950e+00  8.4084936850e+00  9.1239311060e+00  1.7818828863e+01  1.5875710254e+01  1.9846307454e+01
    2.8100000000e+00  4.4444994840e+00  8.3304689130e+00  8.9817828760e+00  1.7771710296e+01  1.5879651642e+01  1.9856268463e+01
    2.8200000000e+00  4.3277855110e+00  8.2512731980e+00  8.8404421710e+00  1.7722595116e+01  1.5884325728e+01  1.9867295992e+01
    2.8300000000e+00  4.2108410040e+00  8.1708268770e+00  8.6991934520e+00  1.7671157181e+01  1.5889400314e+01  1.9879462907e+01
    2.8400000000e+00  4.0940067570e+00  8.0891120470e+00  8.5573216510e+00  1.7617138301e+01  1.5894545778e+01  1.9892635637e+01
    2.8500000000e+00  3.9776748410e+00  8.0061702710e+00  8.4141756960e+00  1.7560363536e+01  1.5899447283e+01  1.9906483326e+01
    2.8600000000e+00  3.8622674580e+00  7.9220967320e+00  8.2692240510e+00  1.7500754333e+01  1.5903816791e+01  1.9920507597e+01
    2.8700000000e+00  3.7482098780e+00  7.8370305970e+00  8.1220960280e+00  1.7438336037e+01  1.5907403039e+01  1.9934087535e+01
    2.8800000000e+00  3.6358996620e+00  7.7511426020e+00  7.9726057550e+00  1.7373236173e+01  1.5909997573e+01  1.9946533310e+01
    2.8900000000e+00  3.5256765130e+00  7.6646219830e+00  7.8207583440e+00  1.7305671498e+01  1.5911435770e+01  1.9957142162e+01
    2.9000000000e+00  3.4177977370e+00  7.5776651900e+00  7.6667395420e+00  1.7235924481e+01  1.5911593066e+01  1.9965251556e+01
    2.9100000000e+00  3.3124233420e+00  7.4904683130e+00  7.5108910120e+00  1.7164312216e+01  1.5910377928e+01  1.9970285296e+01
    2.9200000000e+00  3.2096128430e+00  7.4032240920e+00  7.3536740070e+00  1.7091152067e+01  1.5907723730e+01  1.9971789035e+01
    2.9300000000e+00  3.1093338980e+00  7.3161232390e+00  7.1956251650e+00  1.7016728393e+01  1.5903581672e+01  1.9969452130e+01
    2.9400000000e+00  3.0114816630e+00  7.2293590520e+00  7.0373092870e+00  1.6941264071e+01  1.5897916449e+01  1.9963113887e+01
    2.9500000000e+00  2.9159068890e+00  7.1431338700e+00  6.8792748690e+00  1.6864900016e+01  1.5890705790e+01  1.9952754116e+01
    2.9600000000e+00  2.8224500350e+00  7.0576655810e+00  6.7220179280e+00  1.6787685463e+01  1.5881944556e+01  1.9938470510e+01
    2.9700000000e+00  2.7309775310e+00  6.9731920310e+00  6.5659579660e+00  1.6709581124e+01  1.5871653433e+01  1.9920447577e+01
    2.9800000000e+00  2.6414152250e+00  6.8899710150e+00  6.4114272210e+00  1.6630475951e+01  1.5859891272e+01  1.9898922820e+01
    2.9900000000e+00  2.5537735540e+00  6.8082738980e+00  6.2586717150e+00  1.6550216017e+01  1.5846768905e+01  1.9874155172e+01
    3.0000000000e+00  2.4681597980e+00  6.7283720850e+00  6.1078610190e+00  1.6468641534e+01  1.5832461197e+01  1.9846398833e+01
    3.0100000000e+00  2.3847748470e+00  6.6505172950e+00  5.9591035740e+00  1.6385626069e+01  1.5817213841e+01  1.9815883636e+01
    3.0200000000e+00  2.3038948430e+00  6.5749183070e+00  5.8124652310e+00  1.6301111357e+01  1.5801342062e+01  1.9782801862e+01
    3.0300000000e+00  2.2258409380e+00  6.5017180270e+00  5.6679896760e+00  1.6215131924e+01  1.5785219952e+01  1.9747301271e+01
    3.0400000000e+00  2.1509425580e+00  6.4309750350e+00  5.5257197200e+00  1.6127825837e+01  1.5769261022e+01  1.9709484564e+01
    3.0500000000e+00  2.0795003640e+00  6.3626532070e+00  5.3857179850e+00  1.6039430597e+01  1.5753892452e+01  1.9669415831e+01
    3.0600000000e+00  2.0117547270e+00  6.2966215850e+00  5.2480847680e+00  1.5950265870e+01  1.5739527051e+01  1.9627134248e+01
    3.0700000000e+00  1.9478640250e+00  6.2326646030e+00  5.1129703370e+00  1.5860706783e+01  1.5726537698e+01  1.9582674219e+01
    3.0800000000e+00  1.8878950640e+00  6.1705002370e+00  4.9805791800e+00  1.5771152736e+01  1.5715238690e+01  1.9536089910e+01
    3.0900000000e+00  1.8318256780e+00  6.1098015990e+00  4.8511646270e+00  1.5681996882e+01  1.5705876541e+01  1.9487480968e+01
    3.1000000000e+00  1.7795574860e+00  6.0502167760e+00  4.7250136210e+00  1.5593600762e+01  1.5698629893e+01  1.9437015784e+01
    3.1100000000e+00  1.7309352690e+00  5.9913829330e+00  4.6024228010e+00  1.5506277091e+01  1.5693615213e+01  1.9384948612e+01
    3.1200000000e+00  1.6857687670e+00  5.9329336200e+00  4.4836683880e+00  1.5420281684e+01  1.5690893375e+01  1.9331627350e+01
    3.1300000000e+00  1.6438531220e+00  5.8745016140e+00  4.3689736880e+00  1.5335813525e+01  1.5690472839e+01  1.9277489672e+01
    3.1400000000e+00  1.6049855410e+00  5.8157217440e+00  4.2584791040e+00  1.5253020608e+01  1.5692307852e+01  1.9223046820e+01
    3.1500000000e+00  1.5689775320e+00  5.7562380320e+00  4.1522198940e+00  1.5172008846e+01  1.5696293608e+01  1.9168856706e+01
    3.1600000000e+00  1.5356634270e+00  5.6957169720e+00  4.0501158790e+00  1.5092852142e+01  1.5702262843e+01  1.9115490552e+01
    3.1700000000e+00  1.5049063330e+00  5.6338652390e+00  3.9519747150e+00  1.5015602985e+01  1.5709988530e+01  1.9063499129e+01
    3.1800000000e+00  1.4766021340e+00  5.5704473120e+00  3.8575070330e+00  1.4940303954e+01  1.5719195241e+01  1.9013384724e+01
    3.1900000000e+00  1.4506810750e+00  5.5052977980e+00  3.7663488710e+00  1.4867000741e+01  1.5729578247e+01  1.8965583068e+01
    3.2000000000e+00  1.4271057060e+00  5.4383248680e+00  3.6780856410e+00  1.4795756664e+01  1.5740826487e+01  1.8920456310e+01
    3.2100000000e+00  1.4058637910e+00  5.3695042760e+00  3.5922727140e+00  1.4726667568e+01  1.5752644279e+01  1.8878295115e+01
    3.2200000000e+00  1.3869554370e+00  5.2988663650e+00  3.5084498870e+00  1.4659875106e+01  1.5764767625e+01  1.8839326216e+01
    3.2300000000e+00  1.3703746720e+00  5.2264799670e+00  3.4261493730e+00  1.4595575955e+01  1.5776973309e+01  1.8803721673e+01
    3.2400000000e+00  1.3560868400e+00  5.1524368310e+00  3.3448984780e+00  1.4534024623e+01  1.5789081448e+01  1.8771607159e+01
    3.2500000000e+00  1.3440041470e+00  5.0768386810e+00  3.2642185540e+00  1.4475528025e+01  1.5800953632e+01  1.8743067874e+01
    3.2600000000e+00  1.3339624920e+00  4.9997872600e+00  3.1836215340e+00  1.4420430985e+01  1.5812488848e+01  1.8718151425e+01
    3.2700000000e+00  1.3257030590e+00  4.9213766740e+00  3.1026050980e+00  1.4369093062e+01  1.5823618565e+01  1.8696867137e+01
    3.2800000000e+00  1.3188619470e+00  4.8416872640e+00  3.0206476880e+00  1.4321858613e+01  1.5834301327e+01  1.8679181133e+01
    3.2900000000e+00  1.3129701910e+00  4.7607806820e+00  2.9372052670e+00  1.4279023232e+01  1.5844516680e+01  1.8665006713e+01
    3.3000000000e+00  1.3074651410e+00  4.6786963890e+00  2.8517123260e+00  1.4240800498e+01  1.5854258378e+01  1.8654190464e+01
    3.3100000000e+00  1.3017125490e+00  4.5954498940e+00  2.7635896800e+00  1.4207293049e+01  1.5863527118e+01  1.8646496041e+01
    3.3200000000e+00  1.2950373490e+00  4.5110328440e+00  2.6722605080e+00  1.4178471400e+01  1.5872323385e+01  1.8641589073e+01
    3.3300000000e+00  1.2867600440e+00  4.4254147520e+00  2.5771741100e+00  1.4154162941e+01  1.5880640940e+01  1.8639027405e+01
    3.3400000000e+00  1.2762351330e+00  4.3385459270e+00  2.4778345110e+00  1.4134052312e+01  1.5888461272e+01  1.8638260331e+01
    3.3500000000e+00  1.2628878920e+00  4.2503612240e+00  2.3738293610e+00  1.4117693100e+01  1.5895749116e+01  1.8638638552e+01
    3.3600000000e+00  1.2462461320e+00  4.1607842540e+00  2.2648542640e+00  1.4104529720e+01  1.5902449005e+01  1.8639434011e+01
    3.3700000000e+00  1.2259640940e+00  4.0697317840e+00  2.1507288160e+00  1.4093927338e+01  1.5908482758e+01  1.8639866431e+01
    3.3800000000e+00  1.2018364370e+00  3.9771180880e+00  2.0314028220e+00  1.4085206946e+01  1.5913747663e+01  1.8639132133e+01
    3.3900000000e+00  1.1738012800e+00  3.8828592240e+00  1.9069535360e+00  1.4077682082e+01  1.5918115008e+01  1.8636430837e+01
    3.4000000000e+00  1.1419326440e+00  3.7868774910e+00  1.7775765630e+00  1.4070693416e+01  1.5921428588e+01  1.8630987399e+01
    3.4100000000e+00  1.1064241260e+00  3.6891067330e+00  1.6435738900e+00  1.4063637796e+01  1.5923503146e+01  1.8622067324e+01
    3.4200000000e+00  1.0675670240e+00  3.5894991660e+00  1.5053422490e+00  1.4055989534e+01  1.5924123275e+01  1.8608986700e+01
    3.4300000000e+00  1.0257266540e+00  3.4880340170e+00  1.3633640240e+00  1.4047313569e+01  1.5923043977e+01  1.8591118571e+01
    3.4400000000e+00  9.8131994300e-01  3.3847273110e+00  1.2182014530e+00  1.4037272142e+01  1.5919994296e+01  1.8567898346e+01
    3.4500000000e+00  9.3479560000e-01  3.2796411260e+00  1.0704934690e+00  1.4025627811e+01  1.5914684985e+01  1.8538830733e+01
    3.4600000000e+00  8.8661591800e-01  3.1728900310e+00  9.2095339800e-01  1.4012245396e+01  1.5906819900e+01  1.8503499925e+01
    3.4700000000e+00  8.3723772000e-01  3.0646428340e+00  7.7036506400e-01  1.3997093726e+01  1.5896109342e+01  1.8461583638e+01
    3.4800000000e+00  7.8708995800e-01  2.9551191990e+00  6.1957484000e-01  1.3980245587e+01  1.5882282519e+01  1.8412870376e+01
    3.4900000000e+00  7.3654724700e-01  2.8445826330e+00  4.6947760000e-01  1.3961872316e+01  1.5865096490e+01  1.8357278157e+01
    3.5000000000e+00  6.8590151400e-01  2.7333327850e+00  3.2099539400e-01  1.3942229061e+01  1.5844340488e+01  1.8294872125e+01
    3.5100000000e+00  6.3533663700e-01  2.6217000810e+00  1.7504880000e-01  1.3921628397e+01  1.5819836683e+01  1.8225878009e+01
    3.5200000000e+00  5.8491223300e-01  2.5100443400e+00  3.2522092000e-02  1.3900403108e+01  1.5791440262e+01  1.8150688376e+01
    3.5300000000e+00  5.3456198000e-01  2.3987567480e+00 -1.0577530000e-01  1.3878862481e+01  1.5759042166e+01  1.8069859068e+01
    3.5400000000e+00  4.8410912300e-01  2.2882624600e+00 -2.3914753000e-01  1.3857248988e+01  1.5722576779e+01  1.7984094238e+01
    3.5500000000e+00  4.3329813800e-01  2.1790201430e+00 -3.6704709900e-01  1.3835702997e+01  1.5682034788e+01  1.7894219980e+01
    3.5600000000e+00  3.8183800100e-01  2.0715150780e+00 -4.8910176300e-01  1.3814241890e+01  1.5637479181e+01  1.7801148300e+01
    3.5700000000e+00  3.2945012300e-01  1.9662440010e+00 -6.0513082200e-01  1.3792757190e+01  1.5589060648e+01  1.7705834669e+01
    3.5800000000e+00  2.7591326000e-01  1.8636919840e+00 -7.1514974000e-01  1.3771029879e+01  1.5537028053e+01  1.7609232920e+01
    3.5900000000e+00  2.2109860300e-01  1.7643038890e+00 -8.1936347500e-01  1.3748760838e+01  1.5481730092e+01  1.7512250826e+01
    3.6000000000e+00  1.6499036700e-01  1.6684546470e+00 -9.1814963700e-01  1.3725611008e+01  1.5423605826e+01  1.7415708812e+01
    3.6100000000e+00  1.0768993600e-01  1.5764234330e+00 -1.0120324950e+00  1.3701244740e+01  1.5363164000e+01  1.7320303544e+01
    3.6200000000e+00  4.9404415000e-02  1.4883764580e+00 -1.1016486520e+00  1.3675369982e+01  1.5300953496e+01  1.7226578200e+01
    3.6300000000e+00 -9.5773390000e-03  1.4043615350e+00 -1.1877054610e+00  1.3647770174e+01  1.5237529338e+01  1.7134901685e+01
    3.6400000000e+00 -6.8916717000e-02  1.3243151510e+00 -1.2709343470e+00  1.3618324615e+01  1.5173419645e+01  1.7045459388e+01
    3.6500000000e+00 -1.2826046100e-01  1.2480801160e+00 -1.3520426080e+00  1.3587016165e+01  1.5109098632e+01  1.6958257510e+01
    3.6600000000e+00 -1.8727438500e-01  1.1754298030e+00 -1.4316683970e+00  1.3553927039e+01  1.5044969069e+01  1.6873141478e+01
    3.6700000000e+00 -2.4567230800e-01  1.1060940490e+00 -1.5103437550e+00  1.3519224739e+01  1.4981355189e+01  1.6789826958e+01
    3.6800000000e+00 -3.0323801700e-01  1.0397823310e+00 -1.5884697280e+00  1.3483140782e+01  1.4918504572e+01  1.6707939965e+01
    3.6900000000e+00 -3.5983921400e-01  9.7620143300e-01 -1.6663059830e+00  1.3445944924e+01  1.4856595848e+01  1.6627061208e+01
    3.7000000000e+00 -4.1543306000e-01  9.1506695000e-01 -1.7439752350e+00  1.3407917267e+01  1.4795748548e+01  1.6546769160e+01
    3.7100000000e+00 -4.7006330600e-01  8.5610986200e-01 -1.8214805890e+00  1.3369320448e+01  1.4736032048e+01  1.6466676634e+01
    3.7200000000e+00 -5.2384930200e-01  7.9908057800e-01 -1.8987318960e+00  1.3330374139e+01  1.4677472009e+01  1.6386456827e+01
    3.7300000000e+00 -5.7696767900e-01  7.4375303500e-01 -1.9755758750e+00  1.3291234185e+01  1.4620054436e+01  1.6305856940e+01
    3.7400000000e+00 -6.2962836600e-01  6.8993067600e-01 -2.0518245520e+00  1.3251978682e+01  1.4563728905e+01  1.6224700017e+01
    3.7500000000e+00 -6.8204757100e-01  6.3745477600e-01 -2.1272777930e+00  1.3212602686e+01  1.4508413356e+01  1.6142878138e+01
    3.7600000000e+00 -7.3442102000e-01  5.8621395100e-01 -2.2017379430e+00  1.3173022116e+01  1.4454002698e+01  1.6060341438e+01
    3.7700000000e+00 -7.8690077700e-01  5.3615239200e-01 -2.2750172920e+00  1.3133085916e+01  1.4400382554e+01  1.5977087422e+01
    3.7800000000e+00 -8.3957813800e-01  4.8727376600e-01 -2.3469410660e+00  1.3092594189e+01  1.4347447864e+01  1.5893153489e+01
    3.7900000000e+00 -8.9247372100e-01  4.3963802700e-01 -2.4173494480e+00  1.3051319380e+01  1.4295124367e+01  1.5808613426e+01
    3.8000000000e+00 -9.4553442600e-01  3.9334959300e-01 -2.4861015230e+00  1.3009027675e+01  1.4243389645e+01  1.5723576444e+01
    3.8100000000e+00 -9.9863591200e-01  3.4853704800e-01 -2.5530824620e+00  1.2965498741e+01  1.4192289795e+01  1.5638186105e+01
    3.8200000000e+00 -1.0515889960e+00  3.0532643900e-01 -2.6182133280e+00  1.2920542983e+01  1.4141948070e+01  1.5552616290e+01
    3.8300000000e+00 -1.1041488230e+00  2.6381174700e-01 -2.6814612980e+00  1.2874016423e+01  1.4092563021e+01  1.5467062273e+01
    3.8400000000e+00 -1.1560263820e+00  2.2402707900e-01 -2.7428472680e+00  1.2825833568e+01  1.4044395431e+01  1.5381726599e+01
    3.8500000000e+00 -1.2069026210e+00  1.8592502500e-01 -2.8024480060e+00  1.2775978272e+01  1.3997745427e+01  1.5296801157e+01
    3.8600000000e+00 -1.2564454950e+00  1.4936464400e-01 -2.8603910560e+00  1.2724511955e+01  1.3952922996e+01  1.5212448255e+01
    3.8700000000e+00 -1.3043298870e+00  1.1411072200e-01 -2.9168422020e+00  1.2671577887e+01  1.3910216253e+01  1.5128784090e+01
    3.8800000000e+00 -1.3502594850e+00  7.9843917000e-02 -2.9719869130e+00  1.2617400042e+01  1.3869861893e+01  1.5045867803e+01
    3.8900000000e+00 -1.3939887950e+00  4.6179681000e-02 -3.0260085130e+00  1.2562275389e+01  1.3832021407e+01  1.4963698328e+01
    3.9000000000e+00 -1.4353428730e+00  1.2692935000e-02 -3.0790665350e+00  1.2506559357e+01  1.3796765201e+01  1.4882219857e+01
    3.9100000000e+00 -1.4742322450e+00 -2.1054653000e-02 -3.1312787180e+00  1.2450645286e+01  1.3764065329e+01  1.4801335206e+01
    3.9200000000e+00 -1.5106609360e+00 -5.5487530000e-02 -3.1827095150e+00  1.2394939817e+01  1.3733796536e+01  1.4720924989e+01
    3.9300000000e+00 -1.5447264700e+00 -9.0991416000e-02 -3.2333668410e+00  1.2339836889e+01  1.3705744704e+01  1.4640869551e+01
    3.9400000000e+00 -1.5766119350e+00 -1.2789251800e-01 -3.2832074520e+00  1.2285693309e+01  1.3679621513e+01  1.4561070167e+01
    3.9500000000e+00 -1.6065714290e+00 -1.6644222000e-01 -3.3321498490e+00  1.2232808488e+01  1.3655083790e+01  1.4481466157e+01
    3.9600000000e+00 -1.6349110480e+00 -2.0680825600e-01 -3.3800923230e+00  1.2181409987e+01  1.3631755659e+01  1.4402045287e+01
    3.9700000000e+00 -1.6619678320e+00 -2.4907272900e-01 -3.4269328100e+00  1.2131645353e+01  1.3609251282e+01  1.4322846103e+01
    3.9800000000e+00 -1.6880885950e+00 -2.9323643100e-01 -3.4725869080e+00  1.2083579723e+01  1.3587196020e+01  1.4243952504e+01
    3.9900000000e+00 -1.7136097580e+00 -3.3922824300e-01 -3.5170010630e+00  1.2037198233e+01  1.3565244332e+01  1.4165482583e+01
    4.0000000000e+00 -1.7388385730e+00 -3.8691794600e-01 -3.5601593840e+00  1.1992412516e+01  1.3543093468e+01  1.4087574928e+01
    4.0100000000e+00 -1.7640359060e+00 -4.3613091400e-01 -3.6020845030e+00  1.1949071194e+01  1.3520492744e+01  1.4010375761e+01
    4.0200000000e+00 -1.7894012580e+00 -4.8666344400e-01 -3.6428346040e+00  1.1906974736e+01  1.3497248645e+01  1.3934029260e+01
    4.0300000000e+00 -1.8150615300e+00 -5.3829787000e-01 -3.6824994510e+00  1.1865894963e+01  1.3473226125e+01  1.3858671641e+01
    4.0400000000e+00 -1.8410657160e+00 -5.9081676700e-01 -3.7211977550e+00  1.1825598530e+01  1.3448346546e+01  1.3784427730e+01
    4.0500000000e+00 -1.8673876970e+00 -6.4401573700e-01 -3.7590767350e+00  1.1785872368e+01  1.3422582644e+01  1.3711407706e+01
    4.0600000000e+00 -1.8939382580e+00 -6.9771433600e-01 -3.7963129060e+00  1.1746547652e+01  1.3395951001e+01  1.3639701766e+01
    4.0700000000e+00 -1.9205856620e+00 -7.5176484300e-01 -3.8331118150e+00  1.1707518289e+01  1.3368502403e+01  1.3569371678e+01
    4.0800000000e+00 -1.9471819950e+00 -8.0605856100e-01 -3.8697041250e+00  1.1668750372e+01  1.3340310378e+01  1.3500439927e+01
    4.0900000000e+00 -1.9735909390e+00 -8.6052915500e-01 -3.9063362470e+00  1.1630280751e+01  1.3311458173e+01  1.3432878819e+01
    4.1000000000e+00 -1.9997121250e+00 -9.1515223600e-01 -3.9432554020e+00  1.1592205187e+01  1.3282024685e+01  1.3366602748e+01
    4.1100000000e+00 -2.0254981090e+00 -9.6994040400e-01 -3.9806909030e+00  1.1554658876e+01  1.3252070452e+01  1.3301466603e+01
    4.1200000000e+00 -2.0509619600e+00 -1.0249333960e+00 -4.0188349200e+00  1.1517793545e+01  1.3221625484e+01  1.3237271974e+01
    4.1300000000e+00 -2.0761758020e+00 -1.0801839340e+00 -4.0578265050e+00  1.1481755429e+01  1.3190681011e+01  1.3173780856e+01
    4.1400000000e+00 -2.1012624690e+00 -1.1357409660e+00 -4.0977419890e+00  1.1446667349e+01  1.3159186904e+01  1.3110734697e+01
    4.1500000000e+00 -2.1263832620e+00 -1.1916327160e+00 -4.1385933360e+00  1.1412616302e+01  1.3127055636e+01  1.3047875428e+01
    4.1600000000e+00 -2.1517244580e+00 -1.2478521550e+00 -4.1803342730e+00  1.1379646397e+01  1.3094172457e+01  1.2984964994e+01
    4.1700000000e+00 -2.1774841990e+00 -1.3043471110e+00 -4.2228725510e+00  1.1347756035e+01  1.3060410430e+01  1.2921800590e+01
    4.1800000000e+00 -2.2038603690e+00 -1.3610164550e+00 -4.2660859420e+00  1.1316898246e+01  1.3025648286e+01  1.2858223977e+01
    4.1900000000e+00 -2.2310395610e+00 -1.4177129850e+00 -4.3098394270e+00  1.1286983593e+01  1.2989788691e+01  1.2794124359e+01
    4.2000000000e+00 -2.2591873350e+00 -1.4742526870e+00 -4.3540012080e+00  1.1257885556e+01  1.2952774523e+01  1.2729435216e+01
    4.2100000000e+00 -2.2884404540e+00 -1.5304292210e+00 -4.3984555800e+00  1.1229448372e+01  1.2914601030e+01  1.2664126245e+01
    4.2200000000e+00 -2.3189021180e+00 -1.5860318130e+00 -4.4431113330e+00  1.1201496795e+01  1.2875322321e+01  1.2598192224e+01
    4.2300000000e+00 -2.3506410780e+00 -1.6408642930e+00 -4.4879052950e+00  1.1173846539e+01  1.2835051500e+01  1.2531640932e+01
    4.2400000000e+00 -2.3836947750e+00 -1.6947630980e+00 -4.5328017250e+00  1.1146313475e+01  1.2793954596e+01  1.2464482082e+01
    4.2500000000e+00 -2.4180754740e+00 -1.7476123720e+00 -4.5777890490e+00  1.1118719697e+01  1.2752239160e+01  1.2396718292e+01
    4.2600000000e+00 -2.4537772950e+00 -1.7993547830e+00 -4.6228753760e+00  1.1090895245e+01  1.2710138753e+01  1.2328337945e+01
    4.2700000000e+00 -2.4907814850e+00 -1.8499970630e+00 -4.6680833380e+00  1.1062675735e+01  1.2667894810e+01  1.2259309013e+01
    4.2800000000e+00 -2.5290577820e+00 -1.8996096370e+00 -4.7134436290e+00  1.1033897726e+01  1.2625737589e+01  1.2189573140e+01
    4.2900000000e+00 -2.5685611570e+00 -1.9483201860e+00 -4.7589859970e+00  1.1004394812e+01  1.2583868156e+01  1.2119040362e+01
    4.3000000000e+00 -2.6092252540e+00 -1.9963017260e+00 -4.8047269560e+00  1.0973997376e+01  1.2542443554e+01  1.2047586228e+01
    4.3100000000e+00 -2.6509555350e+00 -2.0437567140e+00 -4.8506549580e+00  1.0942537655e+01  1.2501567022e+01  1.1975053672e+01
    4.3200000000e+00 -2.6936256820e+00 -2.0908994710e+00 -4.8967154650e+00  1.0909859540e+01  1.2461284338e+01  1.1901261465e+01
    4.3300000000e+00 -2.7370798200e+00 -2.1379394870e+00 -4.9427994140e+00  1.0875830374e+01  1.2421586189e+01  1.1826019346e+01
    4.3400000000e+00 -2.7811409720e+00 -2.1850676720e+00 -4.9887383070e+00  1.0840350926e+01  1.2382415280e+01  1.1749147913e+01
    4.3500000000e+00 -2.8256237200e+00 -2.2324466710e+00 -5.0343077560e+00  1.0803360126e+01  1.2343676258e+01  1.1670499723e+01
    4.3600000000e+00 -2.8703473960e+00 -2.2802051910e+00 -5.0792392080e+00  1.0764833061e+01  1.2305246556e+01  1.1589977667e+01
    4.3700000000e+00 -2.9151459460e+00 -2.3284355730e+00 -5.1232377000e+00  1.0724773207e+01  1.2266986874e+01  1.1507547352e+01
    4.3800000000e+00 -2.9598720430e+00 -2.3771936840e+00 -5.1660023530e+00  1.0683201901e+01  1.2228750843e+01  1.1423241858e+01
    4.3900000000e+00 -3.0043952520e+00 -2.4265005550e+00 -5.2072462500e+00  1.0640148831e+01  1.2190393953e+01  1.1337158924e+01
    4.4000000000e+00 -3.0485963310e+00 -2.4763457600e+00 -5.2467130240e+00  1.0595646510e+01  1.2151781916e+01  1.1249451989e+01
    4.4100000000e+00 -3.0923609170e+00 -2.5266928490e+00 -5.2841885620e+00  1.0549729820e+01  1.2112798266e+01  1.1160317172e+01
    4.4200000000e+00 -3.1355756810e+00 -2.5774871580e+00 -5.3195072470e+00  1.0502439522e+01  1.2073350500e+01  1.1069978479e+01
    4.4300000000e+00 -3.1781286020e+00 -2.6286658430e+00 -5.3525530050e+00  1.0453827135e+01  1.2033373624e+01  1.0978673222e+01
    4.4400000000e+00 -3.2199130720e+00 -2.6801693300e+00 -5.3832560130e+00  1.0403958277e+01  1.1992829871e+01  1.0886639328e+01
    4.4500000000e+00 -3.2608339040e+00 -2.7319525880e+00 -5.4115863700e+00  1.0352912436e+01  1.1951703688e+01  1.0794105633e+01
    4.4600000000e+00 -3.3008126210e+00 -2.7839940410e+00 -5.4375462310e+00  1.0300778747e+01  1.1909991834e+01  1.0701285679e+01
    4.4700000000e+00 -3.3397896590e+00 -2.8362997590e+00 -5.4611619110e+00  1.0247648945e+01  1.1867689595e+01  1.0608374849e+01
    4.4800000000e+00 -3.3777222620e+00 -2.8889010330e+00 -5.4824770420e+00  1.0193609763e+01  1.1824775391e+01  1.0515550101e+01
    4.4900000000e+00 -3.4145783000e+00 -2.9418446700e+00 -5.5015473650e+00  1.0138737398e+01  1.1781197035e+01  1.0422971291e+01
    4.5000000000e+00 -3.4503276470e+00 -2.9951771170e+00 -5.5184371120e+00  1.0083096171e+01  1.1736863142e+01  1.0330783147e+01
    4.5100000000e+00 -3.4849337780e+00 -3.0489252830e+00 -5.5332165870e+00  1.0026742340e+01  1.1691642409e+01  1.0239117299e+01
    4.5200000000e+00 -3.5183484580e+00 -3.1030780920e+00 -5.5459605250e+00  9.9697324660e+00  1.1645371679e+01  1.0148094199e+01
    4.5300000000e+00 -3.5505117810e+00 -3.1575727760e+00 -5.5567469520e+00  9.9121341710e+00  1.1597871617e+01  1.0057825023e+01
    4.5400000000e+00 -3.5813583520e+00 -3.2122888070e+00 -5.5656565980e+00  9.8540361480e+00  1.1548966978e+01  9.9684137290e+00
    4.5500000000e+00 -3.6108286250e+00 -3.2670504240e+00 -5.5727731040e+00  9.7955542460e+00  1.1498507588e+01  9.8799592710e+00
    4.5600000000e+00 -3.6388828740e+00 -3.3216368400e+00 -5.5781843190e+00  9.7368313620e+00  1.1446386420e+01  9.7925577120e+00
    4.5700000000e+00 -3.6655145170e+00 -3.3757978180e+00 -5.5819848660e+00  9.6780304760e+00  1.1392552242e+01  9.7063036980e+00
    4.5800000000e+00 -3.6907596210e+00 -3.4292717660e+00 -5.5842797950e+00  9.6193217780e+00  1.1337015800e+01  9.6212906170e+00
    4.5900000000e+00 -3.7147003150e+00 -3.4818037650e+00 -5.5851887890e+00  9.5608661650e+00  1.1279849789e+01  9.5376087500e+00
    4.6000000000e+00 -3.7374610500e+00 -3.5331616590e+00 -5.5848499540e+00  9.5027980060e+00  1.1221183735e+01  9.4553410810e+00
    4.6100000000e+00 -3.7591979460e+00 -3.5831491010e+00 -5.5834220570e+00  9.4452102420e+00  1.1161195212e+01  9.3745568550e+00
    4.6200000000e+00 -3.7800826410e+00 -3.6316152160e+00 -5.5810841780e+00  9.3881444870e+00  1.1100098793e+01  9.2953035910e+00
    4.6300000000e+00 -3.8002830000e+00 -3.6784609350e+00 -5.5780320860e+00  9.3315881230e+00  1.1038133882e+01  9.2175986560e+00
    4.6400000000e+00 -3.8199438130e+00 -3.7236423960e+00 -5.5744711600e+00  9.2754793090e+00  1.0975552249e+01  9.1414217710e+00
    4.6500000000e+00 -3.8391708440e+00 -3.7671718980e+00 -5.5706062350e+00  9.2197194380e+00  1.0912605707e+01  9.0667098150e+00
    4.6600000000e+00 -3.8580212500e+00 -3.8091167970e+00 -5.5666292490e+00  9.1641910670e+00  1.0849534021e+01  8.9933551700e+00
    4.6700000000e+00 -3.8765022730e+00 -3.8495964380e+00 -5.5627061130e+00  9.1087780710e+00  1.0786552892e+01  8.9212084720e+00
    4.6800000000e+00 -3.8945783980e+00 -3.8887767520e+00 -5.5589645770e+00  9.0533840980e+00  1.0723841917e+01  8.8500860900e+00
    4.6900000000e+00 -3.9121852880e+00 -3.9268617960e+00 -5.5554850740e+00  8.9979457320e+00  1.0661532814e+01  8.7797818040e+00
    4.7000000000e+00 -3.9292472590e+00 -3.9640814670e+00 -5.5522962000e+00  8.9424379600e+00  1.0599698980e+01  8.7100812180e+00
    4.7100000000e+00 -3.9456943390e+00 -4.0006752290e+00 -5.5493756690e+00  8.8868714400e+00  1.0538348115e+01  8.6407766620e+00
    4.7200000000e+00 -3.9614753230e+00 -4.0368727420e+00 -5.5466562990e+00  8.8312829910e+00  1.0477420006e+01  8.5716801340e+00
    4.7300000000e+00 -3.9765644360e+00 -4.0728735280e+00 -5.5440353910e+00  8.7757221700e+00  1.0416791048e+01  8.5026324190e+00
    4.7400000000e+00 -3.9909609580e+00 -4.1088286470e+00 -5.5413851640e+00  8.7202374380e+00  1.0356285914e+01  8.4335077410e+00
    4.7500000000e+00 -4.0046828550e+00 -4.1448273770e+00 -5.5385621520e+00  8.6648650470e+00  1.0295695176e+01  8.3642146950e+00
    4.7600000000e+00 -4.0177566290e+00 -4.1808909530e+00 -5.5354144310e+00  8.6096227980e+00  1.0234796283e+01  8.2946950990e+00
    4.7700000000e+00 -4.0302061600e+00 -4.2169739160e+00 -5.5317868420e+00  8.5545094250e+00  1.0173374700e+01  8.2249224860e+00
    4.7800000000e+00 -4.0420430680e+00 -4.2529720180e+00 -5.5275252840e+00  8.4995090780e+00  1.0111242330e+01  8.1549012160e+00
    4.7900000000e+00 -4.0532604730e+00 -4.2887346730e+00 -5.5224813370e+00  8.4445994060e+00  1.0048251410e+01  8.0846661070e+00
    4.8000000000e+00 -4.0638310250e+00 -4.3240797440e+00 -5.5165179350e+00  8.3897613090e+00  9.9843033040e+00  8.0142816570e+00
    4.8100000000e+00 -4.0737092130e+00 -4.3588088970e+00 -5.5095158710e+00  8.3349884340e+00  9.9193525260e+00  7.9438396840e+00
    4.8200000000e+00 -4.0828372230e+00 -4.3927224230e+00 -5.5013801610e+00  8.2802949030e+00  9.8534066240e+00  7.8734546410e+00
    4.8300000000e+00 -4.0911533010e+00 -4.4256328310e+00 -5.4920449350e+00  8.2257202680e+00  9.7865224810e+00  7.8032566370e+00
    4.8400000000e+00 -4.0986014650e+00 -4.4573765480e+00 -5.4814758340e+00  8.1713311700e+00  9.7187994720e+00  7.7333829980e+00
    4.8500000000e+00 -4.1051414600e+00 -4.4878230320e+00 -5.4696694760e+00  8.1172195280e+00  9.6503699690e+00  7.6639695870e+00
    4.8600000000e+00 -4.1107578530e+00 -4.5168805830e+00 -5.4566502790e+00  8.0634972720e+00  9.5813880500e+00  7.5951430850e+00
    4.8700000000e+00 -4.1154671260e+00 -4.5444984670e+00 -5.4424653920e+00  8.0102879610e+00  9.5120175220e+00  7.5270150130e+00
    4.8800000000e+00 -4.1193216370e+00 -4.5706654470e+00 -5.4271785860e+00  7.9577160210e+00  9.4424205330e+00  7.4596777610e+00
    4.8900000000e+00 -4.1224095880e+00 -4.5954053010e+00 -5.4108637790e+00  7.9058948530e+00  9.3727478460e+00  7.3932025140e+00
    4.9000000000e+00 -4.1248507220e+00 -4.6187702270e+00 -5.3935985530e+00  7.8549154690e+00  9.3031315250e+00  7.3276388640e+00
    4.9100000000e+00 -4.1267882470e+00 -4.6408332040e+00 -5.3754578570e+00  7.8048373160e+00  9.2336803240e+00  7.2630160170e+00
    4.9200000000e+00 -4.1283782070e+00 -4.6616802860e+00 -5.3565081280e+00  7.7556825740e+00  9.1644776310e+00  7.1993456710e+00
    4.9300000000e+00 -4.1297779310e+00 -4.6814036080e+00 -5.3368022890e+00  7.7074344980e+00  9.0955814730e+00  7.1366266780e+00
    4.9400000000e+00 -4.1311351770e+00 -4.7000954240e+00 -5.3163763130e+00  7.6600395770e+00  9.0270258560e+00  7.0748514000e+00
    4.9500000000e+00 -4.1325791880e+00 -4.7178430880e+00 -5.2952480980e+00  7.6134126440e+00  8.9588228140e+00  7.0140132860e+00
    4.9600000000e+00 -4.1342142590e+00 -4.7347245600e+00 -5.2734192180e+00  7.5674437800e+00  8.8909649180e+00  6.9541148100e+00
    4.9700000000e+00 -4.1361158370e+00 -4.7508040850e+00 -5.2508797210e+00  7.5220058950e+00  8.8234284480e+00  6.8951746280e+00
    4.9800000000e+00 -4.1383287190e+00 -4.7661280890e+00 -5.2276156610e+00  7.4769622060e+00  8.7561777970e+00  6.8372327630e+00
    4.9900000000e+00 -4.1408668050e+00 -4.7807219400e+00 -5.2036185440e+00  7.4321732710e+00  8.6891715850e+00  6.7803527630e+00
    5.0000000000e+00 -4.1437140470e+00 -4.7945886470e+00 -5.1788954840e+00  7.3875036160e+00  8.6223704970e+00  6.7246201720e+00
    5.0100000000e+00 -4.1468265260e+00 -4.8077106650e+00 -5.1534786170e+00  7.3428280580e+00  8.5557460990e+00  6.6701371020e+00
    5.0200000000e+00 -4.1501359300e+00 -4.8200555120e+00 -5.1274322930e+00  7.2980376760e+00  8.4892891380e+00  6.6170133360e+00
    5.0300000000e+00 -4.1535546650e+00 -4.8315851110e+00 -5.1008567880e+00  7.2530449450e+00  8.4230154770e+00  6.5653549480e+00
    5.0400000000e+00 -4.1569825170e+00 -4.8422677570e+00 -5.0738877920e+00  7.2077872530e+00  8.3569678490e+00  6.5152518980e+00
    5.0500000000e+00 -4.1603142260e+00 -4.8520907780e+00 -5.0466915290e+00  7.1622279800e+00  8.2912121950e+00  6.4667662200e+00
    5.0600000000e+00 -4.1634467670e+00 -4.8610713580e+00 -5.0194560540e+00  7.1163547560e+00  8.2258283470e+00  6.4199223370e+00
    5.0700000000e+00 -4.1662849960e+00 -4.8692629520e+00 -4.9923797200e+00  7.0701752330e+00  8.1608959510e+00  6.3747006530e+00
    5.0800000000e+00 -4.1687446020e+00 -4.8767551970e+00 -4.9656581260e+00  7.0237114970e+00  8.0964778220e+00  6.3310351050e+00
    5.0900000000e+00 -4.1707521210e+00 -4.8836663410e+00 -4.9394708830e+00  6.9769947060e+00  8.0326038000e+00  6.2888148890e+00
    5.1000000000e+00 -4.1722426590e+00 -4.8901287660e+00 -4.9139695210e+00  6.9300614530e+00  7.9692585560e+00  6.2478901590e+00
    5.1100000000e+00 -4.1731567910e+00 -4.8962698160e+00 -4.8892677370e+00  6.8829527650e+00  7.9063763050e+00  6.2080811610e+00
    5.1200000000e+00 -4.1734383220e+00 -4.9021914380e+00 -4.8654349790e+00  6.8357156310e+00  7.8438440530e+00  6.1691898430e+00
    5.1300000000e+00 -4.1730342620e+00 -4.9079525610e+00 -4.8424940510e+00  6.7884060200e+00  7.7815131590e+00  6.1310126680e+00
    5.1400000000e+00 -4.1718975800e+00 -4.9135575690e+00 -4.8204228380e+00  6.7410917600e+00  7.7192171290e+00  6.0933531230e+00
    5.1500000000e+00 -4.1699922040e+00 -4.9189527890e+00 -4.7991596610e+00  6.6938535560e+00  7.6567923240e+00  6.0560324440e+00
    5.1600000000e+00 -4.1672989220e+00 -4.9240311140e+00 -4.7786111340e+00  6.6467830490e+00  7.5940979010e+00  6.0188974840e+00
    5.1700000000e+00 -4.1638203700e+00 -4.9286432630e+00 -4.7586611250e+00  6.5999777050e+00  7.5310319220e+00  5.9818252710e+00
    5.1800000000e+00 -4.1595834890e+00 -4.9326132310e+00 -4.7391794460e+00  6.5535333790e+00  7.4675417710e+00  5.9447245020e+00
    5.1900000000e+00 -4.1546385550e+00 -4.9357552440e+00 -4.7200293480e+00  6.5075361230e+00  7.4036283590e+00  5.9075347420e+00
    5.2000000000e+00 -4.1490548570e+00 -4.9378899770e+00 -4.7010733930e+00  6.4620550350e+00  7.3393446700e+00  5.8702242940e+00
    5.2100000000e+00 -4.1429140160e+00 -4.9388584530e+00 -4.6821778140e+00  6.4171375360e+00  7.2747897840e+00  5.8327875630e+00
    5.2200000000e+00 -4.1363024440e+00 -4.9385327400e+00 -4.6632157220e+00  6.3728077320e+00  7.2100997120e+00  5.7952425020e+00
    5.2300000000e+00 -4.1293044340e+00 -4.9368230030e+00 -4.6440696220e+00  6.3290675730e+00  7.1454363170e+00  5.7576283890e+00
    5.2400000000e+00 -4.1219968550e+00 -4.9336808500e+00 -4.6246337120e+00  6.2858999200e+00  7.0809755130e+00  5.7200039860e+00
    5.2500000000e+00 -4.1144457340e+00 -4.9290991580e+00 -4.6048163500e+00  6.2432723680e+00  7.0168958510e+00  5.6824458520e+00
    5.2600000000e+00 -4.1067043870e+00 -4.9231089070e+00 -4.5845429260e+00  6.2011409070e+00  6.9533684770e+00  5.6450464340e+00
    5.2700000000e+00 -4.0988123800e+00 -4.9157738140e+00 -4.5637590600e+00  6.1594529640e+00  6.8905491950e+00  5.6079113650e+00
    5.2800000000e+00 -4.0907946410e+00 -4.9071837780e+00 -4.5424336800e+00  6.1181499260e+00  6.8285729670e+00  5.5711555320e+00
    5.2900000000e+00 -4.0826603390e+00 -4.8974480880e+00 -4.5205612010e+00  6.0771696200e+00  6.7675507520e+00  5.5348977830e+00
    5.3000000000e+00 -4.0744016000e+00 -4.8866890840e+00 -4.4981620330e+00  6.0364493590e+00  6.7075682050e+00  5.4992546890e+00
    5.3100000000e+00 -4.0659925710e+00 -4.8750366390e+00 -4.4752809560e+00  5.9959299420e+00  6.6486856370e+00  5.4643342300e+00
    5.3200000000e+00 -4.0573895770e+00 -4.8626234180e+00 -4.4519835060e+00  5.9555606260e+00  6.5909386670e+00  5.4302303990e+00
    5.3300000000e+00 -4.0485330530e+00 -4.8495806860e+00 -4.4283510140e+00  5.9153045280e+00  6.5343392530e+00  5.3970195120e+00
    5.3400000000e+00 -4.0393515320e+00 -4.8360344020e+00 -4.4044752380e+00  5.8751435620e+00  6.4788770430e+00  5.3647584560e+00
    5.3500000000e+00 -4.0297674350e+00 -4.8221014490e+00 -4.3804534080e+00  5.8350819210e+00  6.4245211710e+00  5.3334846590e+00
    5.3600000000e+00 -4.0197038810e+00 -4.8078860290e+00 -4.3563842030e+00  5.7951473820e+00  6.3712227200e+00  5.3032171720e+00
    5.3700000000e+00 -4.0090914720e+00 -4.7934764600e+00 -4.3323647270e+00  5.7553902410e+00  6.3189179890e+00  5.2739582480e+00
    5.3800000000e+00 -3.9978741330e+00 -4.7789426870e+00 -4.3084882760e+00  5.7158802360e+00  6.2675325790e+00  5.2456949170e+00
    5.3900000000e+00 -3.9860134650e+00 -4.7643348520e+00 -4.2848424670e+00  5.6767021650e+00  6.2169861290e+00  5.2184003660e+00
    5.4000000000e+00 -3.9734915450e+00 -4.7496832200e+00 -4.2615073940e+00  5.6379509620e+00  6.1671973730e+00  5.1920352360e+00
    5.4100000000e+00 -3.9603124530e+00 -4.7349996070e+00 -4.2385536260e+00  5.5997267190e+00  6.1180890520e+00  5.1665491280e+00
    5.4200000000e+00 -3.9465028950e+00 -4.7202803080e+00 -4.2160401730e+00  5.5621298550e+00  6.0695920860e+00  5.1418827120e+00
    5.4300000000e+00 -3.9321121500e+00 -4.7055101920e+00 -4.1940128340e+00  5.5252563010e+00  6.0216483850e+00  5.1179706290e+00
    5.4400000000e+00 -3.9172113190e+00 -4.6906673040e+00 -4.1725034240e+00  5.4891925200e+00  5.9742118440e+00  5.0947450920e+00
    5.4500000000e+00 -3.9018915770e+00 -4.6757270720e+00 -4.1515303060e+00  5.4540102800e+00  5.9272473950e+00  5.0721397450e+00
    5.4600000000e+00 -3.8862610250e+00 -4.6606651890e+00 -4.1311003160e+00  5.4197613660e+00  5.8807285700e+00  5.0500931150e+00
    5.4700000000e+00 -3.8704398320e+00 -4.6454586020e+00 -4.1112117920e+00  5.3864727260e+00  5.8346344940e+00  5.0285510430e+00
    5.4800000000e+00 -3.8545535510e+00 -4.6300846210e+00 -4.0918581380e+00  5.3541428000e+00  5.7889474180e+00  5.0074676900e+00
    5.4900000000e+00 -3.8387249430e+00 -4.6145188550e+00 -4.0730312200e+00  5.3227398710e+00  5.7436517720e+00  4.9868050850e+00
    5.5000000000e+00 -3.8230650460e+00 -4.5987330390e+00 -4.0547240330e+00  5.2922031800e+00  5.6987350910e+00  4.9665314980e+00
    5.5100000000e+00 -3.8076646090e+00 -4.5826938830e+00 -4.0369322750e+00  5.2624471820e+00  5.6541905530e+00  4.9466191390e+00
    5.5200000000e+00 -3.7925872010e+00 -4.5663637050e+00 -4.0196547560e+00  5.2333688030e+00  5.6100202950e+00  4.9270417340e+00
    5.5300000000e+00 -3.7778652140e+00 -4.5497030260e+00 -4.0028928440e+00  5.2048569280e+00  5.5662384120e+00  4.9077724470e+00
    5.5400000000e+00 -3.7634995410e+00 -4.5326747600e+00 -3.9866492790e+00  5.1768028170e+00  5.5228726370e+00  4.8887824560e+00
    5.5500000000e+00 -3.7494631090e+00 -4.5152491650e+00 -3.9709267700e+00  5.1491098860e+00  5.4799640310e+00  4.8700402300e+00
    5.5600000000e+00 -3.7357076950e+00 -4.4974085140e+00 -3.9557266740e+00  5.1217012880e+00  5.4375644960e+00  4.8515113760e+00
    5.5700000000e+00 -3.7221728040e+00 -4.4791505020e+00 -3.9410479020e+00  5.0945241610e+00  5.3957324790e+00  4.8331588050e+00
    5.5800000000e+00 -3.7087950250e+00 -4.4604897070e+00 -3.9268859740e+00  5.0675500070e+00  5.3545275940e+00  4.8149429920e+00
    5.5900000000e+00 -3.6955161570e+00 -4.4414568570e+00 -3.9132320470e+00  5.0407714830e+00  5.3140051800e+00  4.7968222820e+00
    5.6000000000e+00 -3.6822887190e+00 -4.4220961660e+00 -3.9000717120e+00  5.0141965820e+00  5.2742116970e+00  4.7787533600e+00
    5.6100000000e+00 -3.6690780730e+00 -4.4024613410e+00 -3.8873835700e+00  4.9878417560e+00  5.2351816820e+00  4.7606922060e+00
    5.6200000000e+00 -3.6558611880e+00 -4.3826111170e+00 -3.8751378030e+00  4.9617257160e+00  5.1969365390e+00  4.7425958450e+00
    5.6300000000e+00 -3.6426229910e+00 -4.3626051310e+00 -3.8632952630e+00  4.9358654070e+00  5.1594850890e+00  4.7244250460e+00
    5.6400000000e+00 -3.6293518520e+00 -4.3425008380e+00 -3.8518076620e+00  4.9102749720e+00  5.1228254130e+00  4.7061477490e+00
    5.6500000000e+00 -3.6160359580e+00 -4.3223518230e+00 -3.8406193340e+00  4.8849675480e+00  5.0869472800e+00  4.6877426350e+00
    5.6600000000e+00 -3.6026619800e+00 -4.3022074630e+00 -3.8296706220e+00  4.8599588330e+00  5.0518343580e+00  4.6692020080e+00
    5.6700000000e+00 -3.5892165630e+00 -4.2821134940e+00 -3.8189024530e+00  4.8352707430e+00  5.0174655810e+00  4.6505331570e+00
    5.6800000000e+00 -3.5756901680e+00 -4.2621127230e+00 -3.8082612660e+00  4.8109335240e+00  4.9838154050e+00  4.6317577530e+00
    5.6900000000e+00 -3.5620819590e+00 -4.2422451610e+00 -3.7977033190e+00  4.7869852230e+00  4.9508531750e+00  4.6129093160e+00
    5.7000000000e+00 -3.5484040980e+00 -4.2225471150e+00 -3.7871975820e+00  4.7634683870e+00  4.9185422470e+00  4.5940292830e+00
    5.7100000000e+00 -3.5346840640e+00 -4.2030492650e+00 -3.7767268050e+00  4.7404247110e+00  4.8868396030e+00  4.5751625130e+00
    5.7200000000e+00 -3.5209642530e+00 -4.1837742130e+00 -3.7662868250e+00  4.7178889520e+00  4.8556965510e+00  4.5563530740e+00
    5.7300000000e+00 -3.5072988920e+00 -4.1647341640e+00 -3.7558845130e+00  4.6958835000e+00  4.8250606950e+00  4.5376410330e+00
    5.7400000000e+00 -3.4937489620e+00 -4.1459293870e+00 -3.7455350490e+00  4.6744147480e+00  4.7948789770e+00  4.5190606700e+00
    5.7500000000e+00 -3.4803761870e+00 -4.1273478810e+00 -3.7352593370e+00  4.6534718510e+00  4.7651013320e+00  4.5006401510e+00
    5.7600000000e+00 -3.4672372230e+00 -4.1089663830e+00 -3.7250822620e+00  4.6330279260e+00  4.7356844090e+00  4.4824022920e+00
    5.7700000000e+00 -3.4543790010e+00 -4.0907526380e+00 -3.7150322690e+00  4.6130432520e+00  4.7065948430e+00  4.4643656760e+00
    5.7800000000e+00 -3.4418358270e+00 -4.0726686800e+00 -3.7051421690e+00  4.5934696960e+00  4.6778116630e+00  4.4465452140e+00
    5.7900000000e+00 -3.4296284290e+00 -4.0546747730e+00 -3.6954506150e+00  4.5742555330e+00  4.6493275510e+00  4.4289513820e+00
    5.8000000000e+00 -3.4177647880e+00 -4.0367335790e+00 -3.6860032020e+00  4.5553498300e+00  4.6211488050e+00  4.4115878490e+00
    5.8100000000e+00 -3.4062422810e+00 -4.0188141360e+00 -3.6768521860e+00  4.5367058340e+00  4.5932939830e+00  4.3944478590e+00
    5.8200000000e+00 -3.3950505290e+00 -4.0008951740e+00 -3.6680540880e+00  4.5182830350e+00  4.5657913840e+00  4.3775103240e+00
    5.8300000000e+00 -3.3841743050e+00 -3.9829674540e+00 -3.6596651610e+00  4.5000478970e+00  4.5386756830e+00  4.3607368400e+00
    5.8400000000e+00 -3.3735959740e+00 -3.9650349000e+00 -3.6517353320e+00  4.4819735540e+00  4.5119841400e+00  4.3440707670e+00
    5.8500000000e+00 -3.3632971670e+00 -3.9471145710e+00 -3.6443017850e+00  4.4640389130e+00  4.4857528570e+00  4.3274389870e+00
    5.8600000000e+00 -3.3532597110e+00 -3.9292357090e+00 -3.6373835490e+00  4.4462276810e+00  4.4600134390e+00  4.3107562730e+00
    5.8700000000e+00 -3.3434660600e+00 -3.9114381740e+00 -3.6309781820e+00  4.4285276650e+00  4.4347902000e+00  4.2939315690e+00
    5.8800000000e+00 -3.3338996300e+00 -3.8937705510e+00 -3.6250612020e+00  4.4109304700e+00  4.4100978240e+00  4.2768749390e+00
    5.8900000000e+00 -3.3245453850e+00 -3.8762879470e+00 -3.6195881420e+00  4.3934314310e+00  4.3859393180e+00  4.2595039110e+00
    5.9000000000e+00 -3.3153908310e+00 -3.8590493550e+00 -3.6144985320e+00  4.3760294140e+00  4.3623041810e+00  4.2417481460e+00
    5.9100000000e+00 -3.3064272870e+00 -3.8421143220e+00 -3.6097206890e+00  4.3587261130e+00  4.3391669510e+00  4.2235519560e+00
    5.9200000000e+00 -3.2976510340e+00 -3.8255388610e+00 -3.6051762220e+00  4.3415245590e+00  4.3164865320e+00  4.2048748670e+00
    5.9300000000e+00 -3.2890638320e+00 -3.8093708170e+00 -3.6007835200e+00  4.3244269360e+00  4.2942068560e+00  4.1856909160e+00
    5.9400000000e+00 -3.2806723440e+00 -3.7936452890e+00 -3.5964601150e+00  4.3074320550e+00  4.2722592240e+00  4.1659875900e+00
    5.9500000000e+00 -3.2724863220e+00 -3.7783809150e+00 -3.5921243380e+00  4.2905331410e+00  4.2505663790e+00  4.1457650260e+00
    5.9600000000e+00 -3.2645157630e+00 -3.7635778300e+00 -3.5876969170e+00  4.2737166040e+00  4.2290478530e+00  4.1250356020e+00
    5.9700000000e+00 -3.2567676690e+00 -3.7492177720e+00 -3.5831029920e+00  4.2569622640e+00  4.2076257300e+00  4.1038235380e+00
    5.9800000000e+00 -3.2492431780e+00 -3.7352663330e+00 -3.5782745290e+00  4.2402451080e+00  4.1862298140e+00  4.0821638880e+00
    5.9900000000e+00 -3.2419358230e+00 -3.7216768060e+00 -3.5731526330e+00  4.2235382150e+00  4.1648013030e+00  4.0601005350e+00
    6.0000000000e+00 -3.2348313610e+00 -3.7083947310e+00 -3.5676890890e+00  4.2068161290e+00  4.1432945250e+00  4.0376832090e+00
    6.0100000000e+00 -3.2279091480e+00 -3.6953621740e+00 -3.5618465900e+00  4.1900578350e+00  4.1216767460e+00  4.0149640810e+00
    6.0200000000e+00 -3.2211446260e+00 -3.6825209570e+00 -3.5555975680e+00  4.1732486440e+00  4.0999265950e+00  3.9919946480e+00
    6.0300000000e+00 -3.2145121760e+00 -3.6698144750e+00 -3.5489219880e+00  4.1563806610e+00  4.0780318480e+00  3.9688235760e+00
    6.0400000000e+00 -3.2079875990e+00 -3.6571881630e+00 -3.5418047130e+00  4.1394519370e+00  4.0559873690e+00  3.9454957970e+00
    6.0500000000e+00 -3.2015496790e+00 -3.6445890420e+00 -3.5342330610e+00  4.1224647690e+00  4.0337938070e+00  3.9220528020e+00
    6.0600000000e+00 -3.1951806410e+00 -3.6319649550e+00 -3.5261949720e+00  4.1054237760e+00  4.0114573020e+00  3.8985338140e+00
    6.0700000000e+00 -3.1888656800e+00 -3.6192641640e+00 -3.5176779840e+00  4.0883343130e+00  3.9889901310e+00  3.8749774720e+00
    6.0800000000e+00 -3.1825919350e+00 -3.6064357550e+00 -3.5086690310e+00  4.0712015710e+00  3.9664118520e+00  3.8514236780e+00
    6.0900000000e+00 -3.1763473700e+00 -3.5934310470e+00 -3.4991550460e+00  4.0540304500e+00  3.9437503580e+00  3.8279153610e+00
    6.1000000000e+00 -3.1701199240e+00 -3.5802057870e+00 -3.4891242700e+00  4.0368260560e+00  3.9210422450e+00  3.8044999190e+00
    6.1100000000e+00 -3.1638971680e+00 -3.5667226400e+00 -3.4785681940e+00  4.0195945840e+00  3.8983321160e+00  3.7812301290e+00
    6.1200000000e+00 -3.1576665330e+00 -3.5529533530e+00 -3.4674839490e+00  4.0023443110e+00  3.8756707810e+00  3.7581642830e+00
    6.1300000000e+00 -3.1514161350e+00 -3.5388800700e+00 -3.4558768630e+00  3.9850864450e+00  3.8531126690e+00  3.7353653450e+00
    6.1400000000e+00 -3.1451361090e+00 -3.5244955310e+00 -3.4437628130e+00  3.9678355770e+00  3.8307130000e+00  3.7128990320e+00
    6.1500000000e+00 -3.1388203010e+00 -3.5098022570e+00 -3.4311698760e+00  3.9506094940e+00  3.8085252510e+00  3.6908308830e+00
    6.1600000000e+00 -3.1324680420e+00 -3.4948110330e+00 -3.4181388800e+00  3.9334281350e+00  3.7865992950e+00  3.6692226090e+00
    6.1700000000e+00 -3.1260855720e+00 -3.4795391320e+00 -3.4047225050e+00  3.9163115930e+00  3.7649803500e+00  3.6481281860e+00
    6.1800000000e+00 -3.1196866240e+00 -3.4640086130e+00 -3.3909828790e+00  3.8992772570e+00  3.7437086180e+00  3.6275903700e+00
    6.1900000000e+00 -3.1132916550e+00 -3.4482449140e+00 -3.3769878810e+00  3.8823365300e+00  3.7228194270e+00  3.6076382430e+00
    6.2000000000e+00 -3.1069254790e+00 -3.4322757840e+00 -3.3628067050e+00  3.8654917690e+00  3.7023436570e+00  3.5882863240e+00
    6.2100000000e+00 -3.1006134160e+00 -3.4161305520e+00 -3.3485053900e+00  3.8487343230e+00  3.6823083110e+00  3.5695354460e+00
    6.2200000000e+00 -3.0943765290e+00 -3.3998396740e+00 -3.3341430750e+00  3.8320443770e+00  3.6627371370e+00  3.5513752410e+00
    6.2300000000e+00 -3.0882269070e+00 -3.3834345420e+00 -3.3197695630e+00  3.8153930010e+00  3.6436512810e+00  3.5337878120e+00
    6.2400000000e+00 -3.0821640600e+00 -3.3669475640e+00 -3.3054245380e+00  3.7987462630e+00  3.6250699240e+00  3.5167519130e+00
    6.2500000000e+00 -3.0761733420e+00 -3.3504125510e+00 -3.2911384700e+00  3.7820707280e+00  3.6070108530e+00  3.5002469770e+00
    6.2600000000e+00 -3.0702268730e+00 -3.3338654710e+00 -3.2769349740e+00  3.7653392540e+00  3.5894908650e+00  3.4842563260e+00
    6.2700000000e+00 -3.0642868440e+00 -3.3173455590e+00 -3.2628342020e+00  3.7485359600e+00  3.5725257840e+00  3.4687690930e+00
    6.2800000000e+00 -3.0583105800e+00 -3.3008966640e+00 -3.2488566530e+00  3.7316593670e+00  3.5561298680e+00  3.4537805740e+00
    6.2900000000e+00 -3.0522563590e+00 -3.2845685490e+00 -3.2350267750e+00  3.7147232200e+00  3.5403143970e+00  3.4392909740e+00
    6.3000000000e+00 -3.0460889600e+00 -3.2684176960e+00 -3.2213757670e+00  3.6977549560e+00  3.5250853940e+00  3.4253027700e+00
    6.3100000000e+00 -3.0397840160e+00 -3.2525071650e+00 -3.2079431320e+00  3.6807922380e+00  3.5104407010e+00  3.4118171040e+00
    6.3200000000e+00 -3.0333306050e+00 -3.2369051740e+00 -3.1947767110e+00  3.6638782820e+00  3.4963668650e+00  3.3988297090e+00
    6.3300000000e+00 -3.0267318420e+00 -3.2216823410e+00 -3.1819311210e+00  3.6470567840e+00  3.4828364240e+00  3.3863269470e+00
    6.3400000000e+00 -3.0200036000e+00 -3.2069077860e+00 -3.1694646950e+00  3.6303672760e+00  3.4698061590e+00  3.3742825280e+00
    6.3500000000e+00 -3.0131717640e+00 -3.1926445680e+00 -3.1574352190e+00  3.6138415250e+00  3.4572167340e+00  3.3626554270e+00
    6.3600000000e+00 -3.0062686370e+00 -3.1789449810e+00 -3.1458949610e+00  3.5975013880e+00  3.4449938930e+00  3.3513894200e+00
    6.3700000000e+00 -2.9993291700e+00 -3.1658463010e+00 -3.1348856250e+00  3.5813581980e+00  3.4330511960e+00  3.3404144430e+00
    6.3800000000e+00 -2.9923875840e+00 -3.1533674740e+00 -3.1244339230e+00  3.5654134900e+00  3.4212940510e+00  3.3296497190e+00
    6.3900000000e+00 -2.9854748100e+00 -3.1415071360e+00 -3.1145484050e+00  3.5496606900e+00  3.4096246810e+00  3.3190082880e+00
    6.4000000000e+00 -2.9786169090e+00 -3.1302432350e+00 -3.1052179530e+00  3.5340873080e+00  3.3979475310e+00  3.3084023980e+00
    6.4100000000e+00 -2.9718344910e+00 -3.1195342960e+00 -3.0964120860e+00  3.5186772350e+00  3.3861745370e+00  3.2977490570e+00
    6.4200000000e+00 -2.9651430000e+00 -3.1093221860e+00 -3.0880829520e+00  3.5034127880e+00  3.3742297360e+00  3.2869751460e+00
    6.4300000000e+00 -2.9585536790e+00 -3.0995360330e+00 -3.0801686620e+00  3.4882762080e+00  3.3620527450e+00  3.2760215920e+00
    6.4400000000e+00 -2.9520749070e+00 -3.0900968240e+00 -3.0725975450e+00  3.4732503980e+00  3.3496008650e+00  3.2648463430e+00
    6.4500000000e+00 -2.9457135060e+00 -3.0809221630e+00 -3.0652928840e+00  3.4583188160e+00  3.3368497390e+00  3.2534260330e+00
    6.4600000000e+00 -2.9394755840e+00 -3.0719307610e+00 -3.0581778050e+00  3.4434646100e+00  3.3237926900e+00  3.2417563700e+00
    6.4700000000e+00 -2.9333665210e+00 -3.0630462980e+00 -3.0511800180e+00  3.4286693830e+00  3.3104389860e+00  3.2298513120e+00
    6.4800000000e+00 -2.9273899830e+00 -3.0542004700e+00 -3.0442361790e+00  3.4139121170e+00  3.2968113330e+00  3.2177411150e+00
    6.4900000000e+00 -2.9215461800e+00 -3.0453351090e+00 -3.0372956310e+00  3.3991688490e+00  3.2829429130e+00  3.2054693540e+00
    6.5000000000e+00 -2.9158298660e+00 -3.0364034080e+00 -3.0303232840e+00  3.3844134670e+00  3.2688742270e+00  3.1930890580e+00
    6.5100000000e+00 -2.9102287820e+00 -3.0273702990e+00 -3.0233013830e+00  3.3696196700e+00  3.2546499800e+00  3.1806581740e+00
    6.5200000000e+00 -2.9047231260e+00 -3.0182120770e+00 -3.0162299810e+00  3.3547637250e+00  3.2403161710e+00  3.1682346730e+00
    6.5300000000e+00 -2.8992863590e+00 -3.0089153580e+00 -3.0091259780e+00  3.3398274220e+00  3.2259175120e+00  3.1558716980e+00
    6.5400000000e+00 -2.8938873080e+00 -2.9994754360e+00 -3.0020207860e+00  3.3248005330e+00  3.2114953390e+00  3.1436132180e+00
    6.5500000000e+00 -2.8884931790e+00 -2.9898941580e+00 -2.9949568280e+00  3.3096822420e+00  3.1970862010e+00  3.1314906460e+00
    6.5600000000e+00 -2.8830729360e+00 -2.9801775540e+00 -2.9879832850e+00  3.2944812780e+00  3.1827213280e+00  3.1195207810e+00
    6.5700000000e+00 -2.8776004470e+00 -2.9703336060e+00 -2.9811516500e+00  3.2792147580e+00  3.1684271030e+00  3.1077052210e+00
    6.5800000000e+00 -2.8720569680e+00 -2.9603706580e+00 -2.9745116280e+00  3.2639060060e+00  3.1542264150e+00  3.0960311330e+00
    6.5900000000e+00 -2.8664326720e+00 -2.9502968720e+00 -2.9681078190e+00  3.2485817280e+00  3.1401404930e+00  3.0844730390e+00
    6.6000000000e+00 -2.8607271510e+00 -2.9401208970e+00 -2.9619773480e+00  3.2332689030e+00  3.1261905770e+00  3.0729951620e+00
    6.6100000000e+00 -2.8549489220e+00 -2.9298534730e+00 -2.9561484190e+00  3.2179917590e+00  3.1123987570e+00  3.0615539060e+00
    6.6200000000e+00 -2.8491140540e+00 -2.9195093770e+00 -2.9506395650e+00  3.2027690720e+00  3.0987875410e+00  3.0501001980e+00
    6.6300000000e+00 -2.8432440650e+00 -2.9091089030e+00 -2.9454593720e+00  3.1876120000e+00  3.0853781590e+00  3.0385815620e+00
    6.6400000000e+00 -2.8373632510e+00 -2.8986782360e+00 -2.9406064830e+00  3.1725226370e+00  3.0721880160e+00  3.0269439510e+00
    6.6500000000e+00 -2.8314956690e+00 -2.8882483850e+00 -2.9360697780e+00  3.1574934210e+00  3.0592280490e+00  3.0151333870e+00
    6.6600000000e+00 -2.8256620530e+00 -2.8778528360e+00 -2.9318287030e+00  3.1425074700e+00  3.0465007470e+00  3.0030974550e+00
    6.6700000000e+00 -2.8198769300e+00 -2.8675244120e+00 -2.9278536910e+00  3.1275398360e+00  3.0339993860e+00  2.9907866810e+00
    6.6800000000e+00 -2.8141462190e+00 -2.8572920360e+00 -2.9241066720e+00  3.1125595600e+00  3.0217087140e+00  2.9781558280e+00
    6.6900000000e+00 -2.8084654940e+00 -2.8471780550e+00 -2.9205416650e+00  3.0975323360e+00  3.0096069250e+00  2.9651651760e+00
    6.7000000000e+00 -2.8028190370e+00 -2.8371966360e+00 -2.9171054930e+00  3.0824235650e+00  2.9976685240e+00  2.9517818280e+00
    6.7100000000e+00 -2.7971797110e+00 -2.8273534740e+00 -2.9137387160e+00  3.0672015950e+00  2.9858675110e+00  2.9379810540e+00
    6.7200000000e+00 -2.7915096830e+00 -2.8176467700e+00 -2.9103768970e+00  3.0518409490e+00  2.9741802930e+00  2.9237476200e+00
    6.7300000000e+00 -2.7857619710e+00 -2.8080692390e+00 -2.9069522480e+00  3.0363253650e+00  2.9625878330e+00  2.9090769730e+00
    6.7400000000e+00 -2.7798827800e+00 -2.7986106740e+00 -2.9033956740e+00  3.0206504460e+00  2.9510766840e+00  2.8939761150e+00
    6.7500000000e+00 -2.7738145520e+00 -2.7892605470e+00 -2.8996391230e+00  3.0048257260e+00  2.9396388190e+00  2.8784639960e+00
    6.7600000000e+00 -2.7674995760e+00 -2.7800100990e+00 -2.8956180880e+00  2.9888759740e+00  2.9282703790e+00  2.8625713120e+00
    6.7700000000e+00 -2.7608839980e+00 -2.7708535040e+00 -2.8912740540e+00  2.9728415810e+00  2.9169696950e+00  2.8463396240e+00
    6.7800000000e+00 -2.7539219940e+00 -2.7617878780e+00 -2.8865566500e+00  2.9567779280e+00  2.9057351180e+00  2.8298198530e+00
    6.7900000000e+00 -2.7465798960e+00 -2.7528121840e+00 -2.8814252920e+00  2.9407536530e+00  2.8945632220e+00  2.8130702820e+00
    6.8000000000e+00 -2.7388399730e+00 -2.7439253420e+00 -2.8758502230e+00  2.9248477840e+00  2.8834478780e+00  2.7961542930e+00
    6.8100000000e+00 -2.7307035750e+00 -2.7351240890e+00 -2.8698129340e+00  2.9091457540e+00  2.8723805100e+00  2.7791380810e+00
    6.8200000000e+00 -2.7221932580e+00 -2.7264011990e+00 -2.8633061050e+00  2.8937343980e+00  2.8613515060e+00  2.7620885130e+00
    6.8300000000e+00 -2.7133535490e+00 -2.7177446210e+00 -2.8563332140e+00  2.8786961880e+00  2.8503524840e+00  2.7450711860e+00
    6.8400000000e+00 -2.7042500120e+00 -2.7091378540e+00 -2.8489079270e+00  2.8641030830e+00  2.8393788610e+00  2.7281486440e+00
    6.8500000000e+00 -2.6949664490e+00 -2.7005615780e+00 -2.8410532410e+00  2.8500105390e+00  2.8284320880e+00  2.7113786580e+00
    6.8600000000e+00 -2.6856002020e+00 -2.6919962520e+00 -2.8328002870e+00  2.8364522660e+00  2.8175209860e+00  2.6948125900e+00
    6.8700000000e+00 -2.6762557600e+00 -2.6834251740e+00 -2.8241866760e+00  2.8234364190e+00  2.8066618280e+00  2.6784939390e+00
    6.8800000000e+00 -2.6670370790e+00 -2.6748373710e+00 -2.8152543540e+00  2.8109438190e+00  2.7958770750e+00  2.6624573590e+00
    6.8900000000e+00 -2.6580393300e+00 -2.6662297470e+00 -2.8060471600e+00  2.7989287420e+00  2.7851929810e+00  2.6467283940e+00
    6.9000000000e+00 -2.6493410010e+00 -2.6576080510e+00 -2.7966084060e+00  2.7873225340e+00  2.7746365090e+00  2.6313241240e+00
    6.9100000000e+00 -2.6409974690e+00 -2.6489864810e+00 -2.7869789420e+00  2.7760399310e+00  2.7642321750e+00  2.6162546850e+00
    6.9200000000e+00 -2.6330371280e+00 -2.6403860910e+00 -2.7771961040e+00  2.7649874610e+00  2.7539994500e+00  2.6015253840e+00
    6.9300000000e+00 -2.6254608260e+00 -2.6318324140e+00 -2.7672937680e+00  2.7540727930e+00  2.7439511620e+00  2.5871389050e+00
    6.9400000000e+00 -2.6182448360e+00 -2.6233529050e+00 -2.7573034550e+00  2.7432135710e+00  2.7340931160e+00  2.5730970430e+00
    6.9500000000e+00 -2.6113468450e+00 -2.6149748110e+00 -2.7472560880e+00  2.7323443080e+00  2.7244247390e+00  2.5594014820e+00
    6.9600000000e+00 -2.6047138260e+00 -2.6067238430e+00 -2.7371838440e+00  2.7214202550e+00  2.7149403470e+00  2.5460533960e+00
    6.9700000000e+00 -2.5982903010e+00 -2.5986237870e+00 -2.7271214610e+00  2.7104178560e+00  2.7056304630e+00  2.5330520190e+00
    6.9800000000e+00 -2.5920255460e+00 -2.5906968160e+00 -2.7171065630e+00  2.6993321240e+00  2.6964826910e+00  2.5203925880e+00
    6.9900000000e+00 -2.5858786830e+00 -2.5829640880e+00 -2.7071788610e+00  2.6881718750e+00  2.6874818440e+00  2.5080642520e+00
    7.0000000000e+00 -2.5798212210e+00 -2.5754460790e+00 -2.6973783620e+00  2.6769540220e+00  2.6786092980e+00  2.4960484580e+00
    7.0100000000e+00 -2.5738371890e+00 -2.5681621990e+00 -2.6877429580e+00  2.6656980530e+00  2.6698418850e+00  2.4843181540e+00
    7.0200000000e+00 -2.5679214340e+00 -2.5611294280e+00 -2.6783057660e+00  2.6544215090e+00  2.6611508210e+00  2.4728379490e+00
    7.0300000000e+00 -2.5620767850e+00 -2.5543600620e+00 -2.6690925930e+00  2.6431368600e+00  2.6525013080e+00  2.4615651750e+00
    7.0400000000e+00 -2.5563107510e+00 -2.5478589780e+00 -2.6601197470e+00  2.6318498360e+00  2.6438533020e+00  2.4504517640e+00
    7.0500000000e+00 -2.5506322680e+00 -2.5416211120e+00 -2.6513924350e+00  2.6205590850e+00  2.6351637030e+00  2.4394468110e+00
    7.0600000000e+00 -2.5450488490e+00 -2.5356298860e+00 -2.6429039450e+00  2.6092569150e+00  2.6263897680e+00  2.4284996550e+00
    7.0700000000e+00 -2.5395644000e+00 -2.5298571530e+00 -2.6346358100e+00  2.5979308720e+00  2.6174932250e+00  2.4175632560e+00
    7.0800000000e+00 -2.5341778690e+00 -2.5242648860e+00 -2.6265590740e+00  2.5865658600e+00  2.6084442930e+00  2.4065975110e+00
    7.0900000000e+00 -2.5288828640e+00 -2.5188084200e+00 -2.6186366520e+00  2.5751464810e+00  2.5992248210e+00  2.3955721170e+00
    7.1000000000e+00 -2.5236682110e+00 -2.5134407090e+00 -2.6108265930e+00  2.5636592050e+00  2.5898299590e+00  2.3844685590e+00
    7.1100000000e+00 -2.5185193020e+00 -2.5081168700e+00 -2.6030858950e+00  2.5520940300e+00  2.5802681070e+00  2.3732809450e+00
    7.1200000000e+00 -2.5134199220e+00 -2.5027983050e+00 -2.5953744320e+00  2.5404453440e+00  2.5705592340e+00  2.3620155070e+00
    7.1300000000e+00 -2.5083541590e+00 -2.4974558390e+00 -2.5876585130e+00  2.5287119170e+00  2.5607319450e+00  2.3506888070e+00
    7.1400000000e+00 -2.5033080110e+00 -2.4920715790e+00 -2.5799136220e+00  2.5168960910e+00  2.5508198210e+00  2.3393248210e+00
    7.1500000000e+00 -2.4982703830e+00 -2.4866394350e+00 -2.5721259690e+00  2.5050024570e+00  2.5408575590e+00  2.3279512590e+00
    7.1600000000e+00 -2.4932333830e+00 -2.4811644520e+00 -2.5642926170e+00  2.4930363480e+00  2.5308773340e+00  2.3165955940e+00
    7.1700000000e+00 -2.4881919640e+00 -2.4756611780e+00 -2.5564201570e+00  2.4810025060e+00  2.5209056780e+00  2.3052813540e+00
    7.1800000000e+00 -2.4831431390e+00 -2.4701512870e+00 -2.5485220970e+00  2.4689041300e+00  2.5109610240e+00  2.2940252550e+00
    7.1900000000e+00 -2.4780850250e+00 -2.4646606560e+00 -2.5406154280e+00  2.4567423930e+00  2.5010520180e+00  2.2828356380e+00
    7.2000000000e+00 -2.4730159320e+00 -2.4592160500e+00 -2.5327169800e+00  2.4445163400e+00  2.4911767240e+00  2.2717124510e+00
    7.2100000000e+00 -2.4679336090e+00 -2.4538416270e+00 -2.5248402730e+00  2.4322230360e+00  2.4813228530e+00  2.2606487010e+00
    7.2200000000e+00 -2.4628346220e+00 -2.4485555970e+00 -2.5169934520e+00  2.4198577960e+00  2.4714691220e+00  2.2496329730e+00
    7.2300000000e+00 -2.4577137890e+00 -2.4433674310e+00 -2.5091786450e+00  2.4074144660e+00  2.4615877140e+00  2.2386523630e+00
    7.2400000000e+00 -2.4525635580e+00 -2.4382760560e+00 -2.5013926820e+00  2.3948857670e+00  2.4516476150e+00  2.2276950930e+00
    7.2500000000e+00 -2.4473733210e+00 -2.4332693260e+00 -2.4936287790e+00  2.3822638570e+00  2.4416184080e+00  2.2167522400e+00
    7.2600000000e+00 -2.4421287520e+00 -2.4283248640e+00 -2.4858785570e+00  2.3695412330e+00  2.4314739930e+00  2.2058182750e+00
    7.2700000000e+00 -2.4368113670e+00 -2.4234121240e+00 -2.4781337320e+00  2.3567120410e+00  2.4211957320e+00  2.1948905430e+00
    7.2800000000e+00 -2.4313985730e+00 -2.4184953540e+00 -2.4703870130e+00  2.3437737560e+00  2.4107746290e+00  2.1839680970e+00
    7.2900000000e+00 -2.4258644150e+00 -2.4135370090e+00 -2.4626320860e+00  2.3307289880e+00  2.4002123150e+00  2.1730504660e+00
    7.3000000000e+00 -2.4201811420e+00 -2.4085011630e+00 -2.4548628670e+00  2.3175870980e+00  2.3895208390e+00  2.1621368820e+00
    7.3100000000e+00 -2.4143214970e+00 -2.4033565070e+00 -2.4470724860e+00  2.3043652120e+00  2.3787213760e+00  2.1512262570e+00
    7.3200000000e+00 -2.4082614580e+00 -2.3980786110e+00 -2.4392524860e+00  2.2910883210e+00  2.3678421420e+00  2.1403178820e+00
    7.3300000000e+00 -2.4019830050e+00 -2.3926513030e+00 -2.4313926140e+00  2.2777882640e+00  2.3569158630e+00  2.1294125850e+00
    7.3400000000e+00 -2.3954764280e+00 -2.3870671240e+00 -2.4234813540e+00  2.2645016470e+00  2.3459771470e+00  2.1185139050e+00
    7.3500000000e+00 -2.3887417380e+00 -2.3813269940e+00 -2.4155070890e+00  2.2512669310e+00  2.3350600610e+00  2.1076288850e+00
    7.3600000000e+00 -2.3817888890e+00 -2.3754392650e+00 -2.4074595730e+00  2.2381211290e+00  2.3241961160e+00  2.0967681940e+00
    7.3700000000e+00 -2.3746367340e+00 -2.3694183990e+00 -2.3993313420e+00  2.2250966250e+00  2.3134127680e+00  2.0859455380e+00
    7.3800000000e+00 -2.3673108660e+00 -2.3632834500e+00 -2.3911187030e+00  2.2122186350e+00  2.3027324250e+00  2.0751764890e+00
    7.3900000000e+00 -2.3598407080e+00 -2.3570565270e+00 -2.3828221110e+00  2.1995036880e+00  2.2921719350e+00  2.0644770460e+00
    7.4000000000e+00 -2.3522563320e+00 -2.3507613360e+00 -2.3744459150e+00  2.1869593500e+00  2.2817424510e+00  2.0538622350e+00
    7.4100000000e+00 -2.3445855400e+00 -2.3444218430e+00 -2.3659976090e+00  2.1745851490e+00  2.2714496150e+00  2.0433450170e+00
    7.4200000000e+00 -2.3368516590e+00 -2.3380611070e+00 -2.3574867980e+00  2.1623744660e+00  2.2612939920e+00  2.0329356580e+00
    7.4300000000e+00 -2.3290723390e+00 -2.3317002890e+00 -2.3489241270e+00  2.1503169920e+00  2.2512717330e+00  2.0226415790e+00
    7.4400000000e+00 -2.3212594650e+00 -2.3253579070e+00 -2.3403203640e+00  2.1384012760e+00  2.2413754280e+00  2.0124676310e+00
    7.4500000000e+00 -2.3134200610e+00 -2.3190494030e+00 -2.3316857870e+00  2.1266169010e+00  2.2315950860e+00  2.0024166500e+00
    7.4600000000e+00 -2.3055579190e+00 -2.3127870690e+00 -2.3230299620e+00  2.1149559600e+00  2.2219190980e+00  1.9924901140e+00
    7.4700000000e+00 -2.2976755830e+00 -2.3065803080e+00 -2.3143618780e+00  2.1034136050e+00  2.2123350340e+00  1.9826887120e+00
    7.4800000000e+00 -2.2897762470e+00 -2.3004360720e+00 -2.3056903580e+00  2.0919876440e+00  2.2028300880e+00  1.9730126410e+00
    7.4900000000e+00 -2.2818652060e+00 -2.2943592580e+00 -2.2970245520e+00  2.0806773220e+00  2.1933911690e+00  1.9634615340e+00
    7.5000000000e+00 -2.2739505200e+00 -2.2883528200e+00 -2.2883742950e+00  2.0694815790e+00  2.1840047230e+00  1.9540340080e+00
    7.5100000000e+00 -2.2660427710e+00 -2.2824174850e+00 -2.2797501290e+00  2.0583971600e+00  2.1746565620e+00  1.9447269530e+00
    7.5200000000e+00 -2.2581539280e+00 -2.2765511430e+00 -2.2711628790e+00  2.0474170230e+00  2.1653319700e+00  1.9355347650e+00
    7.5300000000e+00 -2.2502955320e+00 -2.2707481300e+00 -2.2626227670e+00  2.0365293910e+00  2.1560163050e+00  1.9264487640e+00
    7.5400000000e+00 -2.2424765830e+00 -2.2649987560e+00 -2.2541381920e+00  2.0257176910e+00  2.1466961130e+00  1.9174570350e+00
    7.5500000000e+00 -2.2347015180e+00 -2.2592893610e+00 -2.2457144050e+00  2.0149614080e+00  2.1373605750e+00  1.9085448060e+00
    7.5600000000e+00 -2.2269686780e+00 -2.2536030510e+00 -2.2373523160e+00  2.0042377190e+00  2.1280029740e+00  1.8996954120e+00
    7.5700000000e+00 -2.2192695040e+00 -2.2479210510e+00 -2.2290476840e+00  1.9935236000e+00  2.1186218150e+00  1.8908917260e+00
    7.5800000000e+00 -2.2115885710e+00 -2.2422244430e+00 -2.2207908690e+00  1.9827980590e+00  2.1092213420e+00  1.8821178980e+00
    7.5900000000e+00 -2.2039043700e+00 -2.2364959650e+00 -2.2125672120e+00  1.9720441850e+00  2.0998113670e+00  1.8733611510e+00
    7.6000000000e+00 -2.1961906740e+00 -2.2307215570e+00 -2.2043580520e+00  1.9612507400e+00  2.0904065010e+00  1.8646133820e+00
    7.6100000000e+00 -2.1884182310e+00 -2.2248914890e+00 -2.1961422450e+00  1.9504132210e+00  2.0810249980e+00  1.8558723820e+00
    7.6200000000e+00 -2.1805565850e+00 -2.2190010350e+00 -2.1878980290e+00  1.9395343500e+00  2.0716874400e+00  1.8471424810e+00
    7.6300000000e+00 -2.1725758320e+00 -2.2130507660e+00 -2.1796050100e+00  1.9286240780e+00  2.0624154390e+00  1.8384345710e+00
    7.6400000000e+00 -2.1644482300e+00 -2.2070465560e+00 -2.1712460450e+00  1.9176992110e+00  2.0532303840e+00  1.8297655000e+00
    7.6500000000e+00 -2.1561496110e+00 -2.2009993670e+00 -2.1628088170e+00  1.9067827400e+00  2.0441522720e+00  1.8211569080e+00
    7.6600000000e+00 -2.1476606070e+00 -2.1949247870e+00 -2.1542869440e+00  1.8959029570e+00  2.0351985890e+00  1.8126336800e+00
    7.6700000000e+00 -2.1389676880e+00 -2.1888423030e+00 -2.1456805310e+00  1.8850923670e+00  2.0263833330e+00  1.8042222040e+00
    7.6800000000e+00 -2.1300640150e+00 -2.1827743400e+00 -2.1369961750e+00  1.8743864070e+00  2.0177162710e+00  1.7959486450e+00
    7.6900000000e+00 -2.1209500340e+00 -2.1767451620e+00 -2.1282465100e+00  1.8638219330e+00  2.0092025290e+00  1.7878374300e+00
    7.7000000000e+00 -2.1116337210e+00 -2.1707798150e+00 -2.1194494620e+00  1.8534355250e+00  2.0008425310e+00  1.7799100340e+00
    7.7100000000e+00 -2.1021303570e+00 -2.1649032270e+00 -2.1106273650e+00  1.8432616820e+00  1.9926321840e+00  1.7721840830e+00
    7.7200000000e+00 -2.0924617640e+00 -2.1591395290e+00 -2.1018060560e+00  1.8333310860e+00  1.9845631630e+00  1.7646726920e+00
    7.7300000000e+00 -2.0826550050e+00 -2.1535114970e+00 -2.0930139680e+00  1.8236691650e+00  1.9766231690e+00  1.7573839570e+00
    7.7400000000e+00 -2.0727406870e+00 -2.1480399940e+00 -2.0842811880e+00  1.8142951370e+00  1.9687961310e+00  1.7503205310e+00
    7.7500000000e+00 -2.0627510780e+00 -2.1427433100e+00 -2.0756383950e+00  1.8052217110e+00  1.9610624760e+00  1.7434793140e+00
    7.7600000000e+00 -2.0527183140e+00 -2.1376364220e+00 -2.0671156700e+00  1.7964554360e+00  1.9533996030e+00  1.7368513310e+00
    7.7700000000e+00 -2.0426729470e+00 -2.1327303300e+00 -2.0587412040e+00  1.7879976270e+00  1.9457826850e+00  1.7304219220e+00
    7.7800000000e+00 -2.0326430270e+00 -2.1280316970e+00 -2.0505400490e+00  1.7798456730e+00  1.9381857830e+00  1.7241713160e+00
    7.7900000000e+00 -2.0226538190e+00 -2.1235429870e+00 -2.0425330950e+00  1.7719944470e+00  1.9305830710e+00  1.7180755670e+00
    7.8000000000e+00 -2.0127281240e+00 -2.1192631580e+00 -2.0347364070e+00  1.7644375830e+00  1.9229499030e+00  1.7121077580e+00
    7.8100000000e+00 -2.0028870720e+00 -2.1151887850e+00 -2.0271610220e+00  1.7571683280e+00  1.9152633850e+00  1.7062392500e+00
    7.8200000000e+00 -1.9931511420e+00 -2.1113152950e+00 -2.0198131530e+00  1.7501798600e+00  1.9075022580e+00  1.7004407930e+00
    7.8300000000e+00 -1.9835411350e+00 -2.1076379220e+00 -2.0126946480e+00  1.7434650080e+00  1.8996460960e+00  1.6946833220e+00
    7.8400000000e+00 -1.9740788210e+00 -2.1041520160e+00 -2.0058035040e+00  1.7370155010e+00  1.8916740220e+00  1.6889384160e+00
    7.8500000000e+00 -1.9647871190e+00 -2.1008524990e+00 -1.9991342500e+00  1.7308209570e+00  1.8835633530e+00  1.6831784850e+00
    7.8600000000e+00 -1.9556897490e+00 -2.0977325070e+00 -1.9926780880e+00  1.7248678680e+00  1.8752886420e+00  1.6773768390e+00
    7.8700000000e+00 -1.9468104530e+00 -2.0947814920e+00 -1.9864228170e+00  1.7191387880e+00  1.8668215110e+00  1.6715078510e+00
    7.8800000000e+00 -1.9381719350e+00 -2.0919832200e+00 -1.9803526280e+00  1.7136118580e+00  1.8581314860e+00  1.6655473400e+00
    7.8900000000e+00 -1.9297946670e+00 -2.0893141770e+00 -1.9744479880e+00  1.7082607010e+00  1.8491878080e+00  1.6594732210e+00
    7.9000000000e+00 -1.9216956900e+00 -2.0867428000e+00 -1.9686857480e+00  1.7030546650e+00  1.8399619530e+00  1.6532663780e+00
    7.9100000000e+00 -1.9138874580e+00 -2.0842297740e+00 -1.9630396320e+00  1.6979593880e+00  1.8304304220e+00  1.6469115780e+00
    7.9200000000e+00 -1.9063768020e+00 -2.0817294320e+00 -1.9574810620e+00  1.6929376670e+00  1.8205773430e+00  1.6403982410e+00
    7.9300000000e+00 -1.8991640690e+00 -2.0791920580e+00 -1.9519802570e+00  1.6879506450e+00  1.8103964360e+00  1.6337209060e+00
    7.9400000000e+00 -1.8922425510e+00 -2.0765667940e+00 -1.9465074010e+00  1.6829592910e+00  1.7998920690e+00  1.6268793130e+00
    7.9500000000e+00 -1.8855983380e+00 -2.0738047430e+00 -1.9410337300e+00  1.6779261020e+00  1.7890792590e+00  1.6198781280e+00
    7.9600000000e+00 -1.8792106940e+00 -2.0708618880e+00 -1.9355324130e+00  1.6728168820e+00  1.7779826210e+00  1.6127264120e+00
    7.9700000000e+00 -1.8730529890e+00 -2.0677014660e+00 -1.9299791740e+00  1.6676023780e+00  1.7666344430e+00  1.6054369590e+00
    7.9800000000e+00 -1.8670941200e+00 -2.0642955330e+00 -1.9243526920e+00  1.6622595720e+00  1.7550721050e+00  1.5980256120e+00
    7.9900000000e+00 -1.8613002450e+00 -2.0606255500e+00 -1.9186348130e+00  1.6567724440e+00  1.7433352170e+00  1.5905106270e+00
    8.0000000000e+00 -1.8556365940e+00 -2.0566819640e+00 -1.9128106440e+00  1.6511321550e+00  1.7314628210e+00  1.5829121310e+00
    8.0100000000e+00 -1.8500691350e+00 -2.0524628960e+00 -1.9068685920e+00  1.6453366740e+00  1.7194910440e+00  1.5752516640e+00
    8.0200000000e+00 -1.8445658880e+00 -2.0479721880e+00 -1.9008004070e+00  1.6393900280e+00  1.7074514840e+00  1.5675518170e+00
    8.0300000000e+00 -1.8390978540e+00 -2.0432171680e+00 -1.8946012700e+00  1.6333013520e+00  1.6953705020e+00  1.5598359010e+00
    8.0400000000e+00 -1.8336395640e+00 -2.0382065220e+00 -1.8882699520e+00  1.6270839730e+00  1.6832694190e+00  1.5521275950e+00
    8.0500000000e+00 -1.8281694230e+00 -2.0329486210e+00 -1.8818090260e+00  1.6207546200e+00  1.6711654470e+00  1.5444504870e+00
    8.0600000000e+00 -1.8226699890e+00 -2.0274505340e+00 -1.8752250490e+00  1.6143327940e+00  1.6590730680e+00  1.5368274640e+00
    8.0700000000e+00 -1.8171283370e+00 -2.0217177930e+00 -1.8685286330e+00  1.6078401870e+00  1.6470054790e+00  1.5292799130e+00
    8.0800000000e+00 -1.8115365150e+00 -2.0157548130e+00 -1.8617342690e+00  1.6013000080e+00  1.6349757950e+00  1.5218268090e+00
    8.0900000000e+00 -1.8058920180e+00 -2.0095657190e+00 -1.8548598630e+00  1.5947360470e+00  1.6229977700e+00  1.5144837840e+00
    8.1000000000e+00 -1.8001980910e+00 -2.0031552980e+00 -1.8479259560e+00  1.5881714430e+00  1.6110859620e+00  1.5072623010e+00
    8.1100000000e+00 -1.7944636550e+00 -1.9965298200e+00 -1.8409546920e+00  1.5816271920e+00  1.5992554090e+00  1.5001690720e+00
    8.1200000000e+00 -1.7887027070e+00 -1.9896975370e+00 -1.8339686390e+00  1.5751206010e+00  1.5875209780e+00  1.4932057910e+00
    8.1300000000e+00 -1.7829331690e+00 -1.9826688080e+00 -1.8269895660e+00  1.5686639360e+00  1.5758965850e+00  1.4863691940e+00
    8.1400000000e+00 -1.7771752970e+00 -1.9754558750e+00 -1.8200372980e+00  1.5622634960e+00  1.5643944550e+00  1.4796514670e+00
    8.1500000000e+00 -1.7714498570e+00 -1.9680723530e+00 -1.8131287160e+00  1.5559192770e+00  1.5530245480e+00  1.4730409310e+00
    8.1600000000e+00 -1.7657763450e+00 -1.9605325670e+00 -1.8062770140e+00  1.5496252570e+00  1.5417942120e+00  1.4665229720e+00
    8.1700000000e+00 -1.7601714560e+00 -1.9528507920e+00 -1.7994912650e+00  1.5433702050e+00  1.5307081020e+00  1.4600811080e+00
    8.1800000000e+00 -1.7546479740e+00 -1.9450405240e+00 -1.7927763230e+00  1.5371388540e+00  1.5197683440e+00  1.4536980760e+00
    8.1900000000e+00 -1.7492141400e+00 -1.9371138400e+00 -1.7861330350e+00  1.5309132240e+00  1.5089749380e+00  1.4473567810e+00
    8.2000000000e+00 -1.7438734440e+00 -1.9290809180e+00 -1.7795586240e+00  1.5246739230e+00  1.4983263410e+00  1.4410410320e+00
    8.2100000000e+00 -1.7386247480e+00 -1.9209497700e+00 -1.7730470930e+00  1.5184012850e+00  1.4878201650e+00  1.4347360450e+00
    8.2200000000e+00 -1.7334626210e+00 -1.9127261910e+00 -1.7665895290e+00  1.5120763050e+00  1.4774539300e+00  1.4284288250e+00
    8.2300000000e+00 -1.7283777590e+00 -1.9044139490e+00 -1.7601742800e+00  1.5056813830e+00  1.4672258070e+00  1.4221086090e+00
    8.2400000000e+00 -1.7233574510e+00 -1.8960151900e+00 -1.7537871570e+00  1.4992009200e+00  1.4571352890e+00  1.4157674960e+00
    8.2500000000e+00 -1.7183860720e+00 -1.8875310600e+00 -1.7474118670e+00  1.4926218140e+00  1.4471837290e+00  1.4094013070e+00
    8.2600000000e+00 -1.7134456030e+00 -1.8789625200e+00 -1.7410309070e+00  1.4859338770e+00  1.4373746830e+00  1.4030104750e+00
    8.2700000000e+00 -1.7085161890e+00 -1.8703112810e+00 -1.7346269660e+00  1.4791301760e+00  1.4277139630e+00  1.3966006980e+00
    8.2800000000e+00 -1.7035767380e+00 -1.8615807880e+00 -1.7281847260e+00  1.4722072910e+00  1.4182093560e+00  1.3901830330e+00
    8.2900000000e+00 -1.6986055500e+00 -1.8527771110e+00 -1.7216927470e+00  1.4651654770e+00  1.4088699630e+00  1.3837732090e+00
    8.3000000000e+00 -1.6935809670e+00 -1.8439095900e+00 -1.7151450410e+00  1.4580087360e+00  1.3997051860e+00  1.3773901800e+00
    8.3100000000e+00 -1.6884820380e+00 -1.8349910930e+00 -1.7085420070e+00  1.4507447900e+00  1.3907234560e+00  1.3710540890e+00
    8.3200000000e+00 -1.6832891910e+00 -1.8260377680e+00 -1.7018905180e+00  1.4433849390e+00  1.3819308550e+00  1.3647840060e+00
    8.3300000000e+00 -1.6779848920e+00 -1.8170682600e+00 -1.6952031610e+00  1.4359438030e+00  1.3733298510e+00  1.3585957820e+00
    8.3400000000e+00 -1.6725542800e+00 -1.8081024380e+00 -1.6884967770e+00  1.4284389380e+00  1.3649183640e+00  1.3525003600e+00
    8.3500000000e+00 -1.6669857450e+00 -1.7991597950e+00 -1.6817905140e+00  1.4208903070e+00  1.3566893550e+00  1.3465027280e+00
    8.3600000000e+00 -1.6612714170e+00 -1.7902577580e+00 -1.6751037110e+00  1.4133196100e+00  1.3486310570e+00  1.3406016260e+00
    8.3700000000e+00 -1.6554075240e+00 -1.7814101690e+00 -1.6684538350e+00  1.4057494760e+00  1.3407278380e+00  1.3347900000e+00
    8.3800000000e+00 -1.6493945450e+00 -1.7726262040e+00 -1.6618547540e+00  1.3982025230e+00  1.3329615820e+00  1.3290561090e+00
    8.3900000000e+00 -1.6432371090e+00 -1.7639098900e+00 -1.6553155370e+00  1.3907003530e+00  1.3253133690e+00  1.3233851470e+00
    8.4000000000e+00 -1.6369435710e+00 -1.7552602710e+00 -1.6488399250e+00  1.3832625800e+00  1.3177651530e+00  1.3177611340e+00
    8.4100000000e+00 -1.6305252920e+00 -1.7466721600e+00 -1.6424265350e+00  1.3759060220e+00  1.3103012260e+00  1.3121688190e+00
    8.4200000000e+00 -1.6239957000e+00 -1.7381372970e+00 -1.6360697340e+00  1.3686441830e+00  1.3029092360e+00  1.3065953010e+00
    8.4300000000e+00 -1.6173692660e+00 -1.7296457080e+00 -1.6297610080e+00  1.3614870910e+00  1.2955807120e+00  1.3010311370e+00
    8.4400000000e+00 -1.6106605630e+00 -1.7211870580e+00 -1.6234905640e+00  1.3544414740e+00  1.2883110730e+00  1.2954707920e+00
    8.4500000000e+00 -1.6038835180e+00 -1.7127518350e+00 -1.6172488750e+00  1.3475111910e+00  1.2810992090e+00  1.2899124280e+00
    8.4600000000e+00 -1.5970508970e+00 -1.7043322480e+00 -1.6110279170e+00  1.3406977920e+00  1.2739467540e+00  1.2843571290e+00
    8.4700000000e+00 -1.5901740120e+00 -1.6959227780e+00 -1.6048219080e+00  1.3340011120e+00  1.2668571760e+00  1.2788077720e+00
    8.4800000000e+00 -1.5832626010e+00 -1.6875203800e+00 -1.5986274730e+00  1.3274198310e+00  1.2598348130e+00  1.2732677800e+00
    8.4900000000e+00 -1.5763248230e+00 -1.6791243650e+00 -1.5924432660e+00  1.3209520130e+00  1.2528839870e+00  1.2677400160e+00
    8.5000000000e+00 -1.5693673880e+00 -1.6707360130e+00 -1.5862691730e+00  1.3145956140e+00  1.2460082560e+00  1.2622260260e+00
    8.5100000000e+00 -1.5623958260e+00 -1.6623580060e+00 -1.5801053080e+00  1.3083489420e+00  1.2392098980e+00  1.2567257700e+00
    8.5200000000e+00 -1.5554149210e+00 -1.6539937660e+00 -1.5739510400e+00  1.3022110170e+00  1.2324896490e+00  1.2512378640e+00
    8.5300000000e+00 -1.5484292780e+00 -1.6456467980e+00 -1.5678042960e+00  1.2961817400e+00  1.2258467000e+00  1.2457602590e+00
    8.5400000000e+00 -1.5414439460e+00 -1.6373201430e+00 -1.5616612740e+00  1.2902617990e+00  1.2192789230e+00  1.2402911540e+00
    8.5500000000e+00 -1.5344649560e+00 -1.6290159980e+00 -1.5555166350e+00  1.2844522850e+00  1.2127832430e+00  1.2348299240e+00
    8.5600000000e+00 -1.5274996480e+00 -1.6207355510e+00 -1.5493640950e+00  1.2787540750e+00  1.2063560610e+00  1.2293778600e+00
    8.5700000000e+00 -1.5205566720e+00 -1.6124789710e+00 -1.5431972660e+00  1.2731670890e+00  1.1999936320e+00  1.2239385670e+00
    8.5800000000e+00 -1.5136456390e+00 -1.6042455140e+00 -1.5370105720e+00  1.2676895990e+00  1.1936923330e+00  1.2185179860e+00
    8.5900000000e+00 -1.5067764790e+00 -1.5960336340e+00 -1.5308001000e+00  1.2623177550e+00  1.1874488410e+00  1.2131240760e+00
    8.6000000000e+00 -1.4999586450e+00 -1.5878410690e+00 -1.5245642780e+00  1.2570454270e+00  1.1812602490e+00  1.2077662220e+00
    8.6100000000e+00 -1.4932003230e+00 -1.5796648800e+00 -1.5183043190e+00  1.2518643950e+00  1.1751241920e+00  1.2024544470e+00
    8.6200000000e+00 -1.4865078020e+00 -1.5715014890e+00 -1.5120243990e+00  1.2467648290e+00  1.1690390240e+00  1.1971985040e+00
    8.6300000000e+00 -1.4798850960e+00 -1.5633467800e+00 -1.5057315120e+00  1.2417359460e+00  1.1630040540e+00  1.1920069340e+00
    8.6400000000e+00 -1.4733338260e+00 -1.5551962980e+00 -1.4994350100e+00  1.2367667110e+00  1.1570198150e+00  1.1868861990e+00
    8.6500000000e+00 -1.4668533470e+00 -1.5470456060e+00 -1.4931458580e+00  1.2318464850e+00  1.1510882940e+00  1.1818400160e+00
    8.6600000000e+00 -1.4604410380e+00 -1.5388907710e+00 -1.4868756820e+00  1.2269655550e+00  1.1452130470e+00  1.1768690020e+00
    8.6700000000e+00 -1.4540927050e+00 -1.5307289460e+00 -1.4806357770e+00  1.2221155270e+00  1.1393991160e+00  1.1719706750e+00
    8.6800000000e+00 -1.4478030470e+00 -1.5225589350e+00 -1.4744362080e+00  1.2172895690e+00  1.1336527100e+00  1.1671398110e+00
    8.6900000000e+00 -1.4415661400e+00 -1.5143816570e+00 -1.4682851290e+00  1.2124825050e+00  1.1279806440e+00  1.1623690600e+00
    8.7000000000e+00 -1.4353759120e+00 -1.5062003770e+00 -1.4621883960e+00  1.2076907670e+00  1.1223895900e+00  1.1576497100e+00
    8.7100000000e+00 -1.4292265530e+00 -1.4980206540e+00 -1.4561494680e+00  1.2029121960e+00  1.1168852380e+00  1.1529724750e+00
    8.7200000000e+00 -1.4231128150e+00 -1.4898499460e+00 -1.4501695720e+00  1.1981457310e+00  1.1114715010e+00  1.1483281970e+00
    8.7300000000e+00 -1.4170301470e+00 -1.4816969350e+00 -1.4442480550e+00  1.1933910270e+00  1.1061498940e+00  1.1437084030e+00
    8.7400000000e+00 -1.4109746570e+00 -1.4735706350e+00 -1.4383828640e+00  1.1886480910e+00  1.1009192140e+00  1.1391056750e+00
    8.7500000000e+00 -1.4049429320e+00 -1.4654794460e+00 -1.4325710750e+00  1.1839170110e+00  1.0957755770e+00  1.1345138020e+00
    8.7600000000e+00 -1.3989317630e+00 -1.4574303080e+00 -1.4268093920e+00  1.1791978370e+00  1.0907128080e+00  1.1299277270e+00
    8.7700000000e+00 -1.3929378970e+00 -1.4494280880e+00 -1.4210945460e+00  1.1744906190e+00  1.0857230980e+00  1.1253433140e+00
    8.7800000000e+00 -1.3869578500e+00 -1.4414752870e+00 -1.4154235190e+00  1.1697955840e+00  1.0807977730e+00  1.1207569900e+00
    8.7900000000e+00 -1.3809878540e+00 -1.4335720240e+00 -1.4097935660e+00  1.1651133650e+00  1.0759280370e+00  1.1161653400e+00
    8.8000000000e+00 -1.3750239170e+00 -1.4257162350e+00 -1.4042020120e+00  1.1604452460e+00  1.0711055880e+00  1.1115647770e+00
    8.8100000000e+00 -1.3690619920e+00 -1.4179039700e+00 -1.3986458980e+00  1.1557933680e+00  1.0663230710e+00  1.1069513630e+00
    8.8200000000e+00 -1.3630982260e+00 -1.4101296970e+00 -1.3931215570e+00  1.1511608730e+00  1.0615744190e+00  1.1023208770e+00
    8.8300000000e+00 -1.3571292790e+00 -1.4023866190e+00 -1.3876242660e+00  1.1465519820e+00  1.0568551400e+00  1.0976691170e+00
    8.8400000000e+00 -1.3511527150e+00 -1.3946670160e+00 -1.3821480900e+00  1.1419719450e+00  1.0521625980e+00  1.0929923920e+00
    8.8500000000e+00 -1.3451674080e+00 -1.3869627000e+00 -1.3766860050e+00  1.1374268490e+00  1.0474962560e+00  1.0882880620e+00
    8.8600000000e+00 -1.3391739090e+00 -1.3792655810e+00 -1.3712302910e+00  1.1329232260e+00  1.0428578160e+00  1.0835549930e+00
    8.8700000000e+00 -1.3331746680e+00 -1.3715683180e+00 -1.3657731220e+00  1.1284674890e+00  1.0382511730e+00  1.0787937630e+00
    8.8800000000e+00 -1.3271740220e+00 -1.3638649460e+00 -1.3603072030e+00  1.1240652390e+00  1.0336821200e+00  1.0740065700e+00
    8.8900000000e+00 -1.3211778720e+00 -1.3561513780e+00 -1.3548262740e+00  1.1197205830e+00  1.0291578430e+00  1.0691968390e+00
    8.9000000000e+00 -1.3151930750e+00 -1.3484256810e+00 -1.3493253680e+00  1.1154356060e+00  1.0246862800e+00  1.0643686520e+00
    8.9100000000e+00 -1.3092266380e+00 -1.3406881120e+00 -1.3438007510e+00  1.1112101130e+00  1.0202754580e+00  1.0595261410e+00
    8.9200000000e+00 -1.3032848530e+00 -1.3329409540e+00 -1.3382495880e+00  1.1070417430e+00  1.0159328980e+00  1.0546730100e+00
    8.9300000000e+00 -1.2973725430e+00 -1.3251882000e+00 -1.3326694260e+00  1.1029264180e+00  1.0116651410e+00  1.0498122900e+00
    8.9400000000e+00 -1.2914925730e+00 -1.3174351720e+00 -1.3270576320e+00  1.0988590510e+00  1.0074774070e+00  1.0449463890e+00
    8.9500000000e+00 -1.2856456730e+00 -1.3096880890e+00 -1.3214109080e+00  1.0948343570e+00  1.0033733700e+00  1.0400774140e+00
    8.9600000000e+00 -1.2798305740e+00 -1.3019536110e+00 -1.3157250200e+00  1.0908476400e+00  9.9935503300e-01  1.0352077150e+00
    8.9700000000e+00 -1.2740443940e+00 -1.2942383600e+00 -1.3099947910e+00  1.0868954290e+00  9.9542272100e-01  1.0303405400e+00
    8.9800000000e+00 -1.2682831660e+00 -1.2865484310e+00 -1.3042144270e+00  1.0829759330e+00  9.9157520900e-01  1.0254806850e+00
    8.9900000000e+00 -1.2625424550e+00 -1.2788889470e+00 -1.2983781400e+00  1.0790893070e+00  9.8781000000e-01  1.0206349850e+00
    9.0000000000e+00 -1.2568179960e+00 -1.2712637100e+00 -1.2924810070e+00  1.0752377360e+00  9.8412377400e-01  1.0158125210e+00
    9.0100000000e+00 -1.2511063420e+00 -1.2636750320e+00 -1.2865199240e+00  1.0714253470e+00  9.8051294500e-01  1.0110244290e+00
    9.0200000000e+00 -1.2454054810e+00 -1.2561237860e+00 -1.2804944570e+00  1.0676579470e+00  9.7697428500e-01  1.0062832950e+00
    9.0300000000e+00 -1.2397153810e+00 -1.2486097230e+00 -1.2744074040e+00  1.0639425650e+00  9.7350548400e-01  1.0016021870e+00
    9.0400000000e+00 -1.2340383790e+00 -1.2411319840e+00 -1.2682649150e+00  1.0602868280e+00  9.7010555900e-01  9.9699348400e-01
    9.0500000000e+00 -1.2283793550e+00 -1.2336897770e+00 -1.2620761030e+00  1.0566982090e+00  9.6677502600e-01  9.9246774100e-01
    9.0600000000e+00 -1.2227456450e+00 -1.2262830630e+00 -1.2558522100e+00  1.0531832630e+00  9.6351577800e-01  9.8803281000e-01
    9.0700000000e+00 -1.2171467120e+00 -1.2189131690e+00 -1.2496054980e+00  1.0497469320e+00  9.6033068700e-01  9.8369341100e-01
    9.0800000000e+00 -1.2115936190e+00 -1.2115831910e+00 -1.2433481160e+00  1.0463920240e+00  9.5722298800e-01  9.7945122200e-01
    9.0900000000e+00 -1.2060984130e+00 -1.2042981380e+00 -1.2370911890e+00  1.0431188950e+00  9.5419552500e-01  9.7530541800e-01
    9.1000000000e+00 -1.2006734980e+00 -1.1970647590e+00 -1.2308442990e+00  1.0399253420e+00  9.5125000500e-01  9.7125347700e-01
    9.1100000000e+00 -1.1953310620e+00 -1.1898911070e+00 -1.2246154150e+00  1.0368066630e+00  9.4838634600e-01  9.6729203300e-01
    9.1200000000e+00 -1.1900826000e+00 -1.1827858810e+00 -1.2184111980e+00  1.0337558190e+00  9.4560225000e-01  9.6341754000e-01
    9.1300000000e+00 -1.1849385350e+00 -1.1757576690e+00 -1.2122375080e+00  1.0307636680e+00  9.4289304500e-01  9.5962663300e-01
    9.1400000000e+00 -1.1799079140e+00 -1.1688141980e+00 -1.2060999430e+00  1.0278191960e+00  9.4025180900e-01  9.5591615100e-01
    9.1500000000e+00 -1.1749981440e+00 -1.1619617110e+00 -1.2000042390e+00  1.0249097640e+00  9.3766974900e-01  9.5228289200e-01
    9.1600000000e+00 -1.1702147490e+00 -1.1552045420e+00 -1.1939564610e+00  1.0220213560e+00  9.3513673600e-01  9.4872322100e-01
    9.1700000000e+00 -1.1655611260e+00 -1.1485449380e+00 -1.1879629640e+00  1.0191388640e+00  9.3264190000e-01  9.4523263800e-01
    9.1800000000e+00 -1.1610383290e+00 -1.1419830830e+00 -1.1820301580e+00  1.0162464550e+00  9.3017417800e-01  9.4180540000e-01
    9.1900000000e+00 -1.1566449230e+00 -1.1355172770e+00 -1.1761641140e+00  1.0133279970e+00  9.2772273000e-01  9.3843425000e-01
    9.2000000000e+00 -1.1523769580e+00 -1.1291441730e+00 -1.1703700640e+00  1.0103675530e+00  9.2527720000e-01  9.3511029200e-01
    9.2100000000e+00 -1.1482280890e+00 -1.1228589740e+00 -1.1646518230e+00  1.0073498360e+00  9.2282783800e-01  9.3182304200e-01
    9.2200000000e+00 -1.1441898040e+00 -1.1166555390e+00 -1.1590111950e+00  1.0042606010e+00  9.2036555200e-01  9.2856069200e-01
    9.2300000000e+00 -1.1402517110e+00 -1.1105263700e+00 -1.1534474470e+00  1.0010869030e+00  9.1788196400e-01  9.2531060300e-01
    9.2400000000e+00 -1.1364017950e+00 -1.1044625310e+00 -1.1479569450e+00  9.9781724700e-01  9.1536956300e-01  9.2206002400e-01
    9.2500000000e+00 -1.1326266130e+00 -1.0984535590e+00 -1.1425330450e+00  9.9444169500e-01  9.1282199700e-01  9.1879694500e-01
    9.2600000000e+00 -1.1289114270e+00 -1.0924874630e+00 -1.1371663220e+00  9.9095197200e-01  9.1023449900e-01  9.1551099200e-01
    9.2700000000e+00 -1.1252403150e+00 -1.0865509000e+00 -1.1318451040e+00  9.8734164900e-01  9.0760440800e-01  9.1219419900e-01
    9.2800000000e+00 -1.1215963370e+00 -1.0806295600e+00 -1.1265562560e+00  9.8360637200e-01  9.0493168600e-01  9.0884153400e-01
    9.2900000000e+00 -1.1179617840e+00 -1.0747087810e+00 -1.1212860720e+00  9.7974412800e-01  9.0221934900e-01  9.0545109800e-01
    9.3000000000e+00 -1.1143185370e+00 -1.0687743310e+00 -1.1160211210e+00  9.7575547500e-01  8.9947370200e-01  9.0202399800e-01
    9.3100000000e+00 -1.1106485210e+00 -1.0628132960e+00 -1.1107489140e+00  9.7164369200e-01  8.9670432300e-01  8.9856397000e-01
    9.3200000000e+00 -1.1069342030e+00 -1.0568149750e+00 -1.1054583180e+00  9.6741483100e-01  8.9392377100e-01  8.9507688400e-01
    9.3300000000e+00 -1.1031591240e+00 -1.0507716790e+00 -1.1001397450e+00  9.6307765500e-01  8.9114701700e-01  8.9157025800e-01
    9.3400000000e+00 -1.0993084310e+00 -1.0446793660e+00 -1.0947851800e+00  9.5864345300e-01  8.8839064100e-01  8.8805289500e-01
    9.3500000000e+00 -1.0953693830e+00 -1.0385380330e+00 -1.0893881700e+00  9.5412573000e-01  8.8567185200e-01  8.8453466100e-01
    9.3600000000e+00 -1.0913318090e+00 -1.0323518250e+00 -1.0839438620e+00  9.4953977000e-01  8.8300739800e-01  8.8102636700e-01
    9.3700000000e+00 -1.0871884660e+00 -1.0261288230e+00 -1.0784491540e+00  9.4490206600e-01  8.8041245300e-01  8.7753967800e-01
    9.3800000000e+00 -1.0829352480e+00 -1.0198804940e+00 -1.0729029320e+00  9.4022963500e-01  8.7789957400e-01  8.7408695600e-01
    9.3900000000e+00 -1.0785712080e+00 -1.0136208290e+00 -1.0673063670e+00  9.3553927800e-01  8.7547785500e-01  8.7068097500e-01
    9.4000000000e+00 -1.0740983600e+00 -1.0073652320e+00 -1.0616631610e+00  9.3084682900e-01  8.7315237500e-01  8.6733446300e-01
    9.4100000000e+00 -1.0695212570e+00 -1.0011292810e+00 -1.0559796840e+00  9.2616648400e-01  8.7092403600e-01  8.6405950800e-01
    9.4200000000e+00 -1.0648463750e+00 -9.9492750400e-01 -1.0502649100e+00  9.2151028500e-01  8.6878981500e-01  8.6086685700e-01
    9.4300000000e+00 -1.0600813570e+00 -9.8877233900e-01 -1.0445301250e+00  9.1688781800e-01  8.6674339600e-01  8.5776519400e-01
    9.4400000000e+00 -1.0552341990e+00 -9.8267338100e-01 -1.0387883700e+00  9.1230618900e-01  8.6477608000e-01  8.5476049100e-01
    9.4500000000e+00 -1.0503124880e+00 -9.7663699500e-01 -1.0330536480e+00  9.0777027900e-01  8.6287783900e-01  8.5185553000e-01
    9.4600000000e+00 -1.0453227830e+00 -9.7066627800e-01 -1.0273399620e+00  9.0328324700e-01  8.6103836700e-01  8.4904971100e-01
    9.4700000000e+00 -1.0402702450e+00 -9.6476134500e-01 -1.0216603010e+00  8.9884723700e-01  8.5924803600e-01  8.4633919400e-01
    9.4800000000e+00 -1.0351585800e+00 -9.5891983400e-01 -1.0160257060e+00  8.9446414900e-01  8.5749866800e-01  8.4371740400e-01
    9.4900000000e+00 -1.0299903020e+00 -9.5313759600e-01 -1.0104445720e+00  8.9013636800e-01  8.5578410100e-01  8.4117585400e-01
    9.5000000000e+00 -1.0247672850e+00 -9.4740947200e-01 -1.0049222800e+00  8.8586730800e-01  8.5410050900e-01  8.3870515700e-01
    9.5100000000e+00 -1.0194915160e+00 -9.4173011800e-01 -9.9946124100e-01  8.8166166100e-01  8.5244648000e-01  8.3629608700e-01
    9.5200000000e+00 -1.0141658820e+00 -9.3609479200e-01 -9.9406129200e-01  8.7752527500e-01  8.5082283200e-01  8.3394053500e-01
    9.5300000000e+00 -1.0087948600e+00 -9.3050002800e-01 -9.8872041000e-01  8.7346468100e-01  8.4923219200e-01  8.3163221800e-01
    9.5400000000e+00 -1.0033849260e+00 -9.2494411000e-01 -9.8343557200e-01  8.6948633200e-01  8.4767838700e-01  8.2936706000e-01
    9.5500000000e+00 -9.9794459900e-01 -9.1942730200e-01 -9.7820365000e-01  8.6559569800e-01  8.4616572400e-01  8.2714323800e-01
    9.5600000000e+00 -9.9248406900e-01 -9.1395180100e-01 -9.7302220200e-01  8.6179640500e-01  8.4469827300e-01  8.2496092000e-01
    9.5700000000e+00 -9.8701447400e-01 -9.0852145200e-01 -9.6789007000e-01  8.5808958300e-01  8.4327924900e-01  8.2282180100e-01
    9.5800000000e+00 -9.8154695300e-01 -9.0314128700e-01 -9.6280775800e-01  8.5447357200e-01  8.4191056200e-01  8.2072851400e-01
    9.5900000000e+00 -9.7609164000e-01 -8.9781696900e-01 -9.5777759400e-01  8.5094404200e-01  8.4059260000e-01  8.1868403500e-01
    9.6000000000e+00 -9.7065678200e-01 -8.9255424800e-01 -9.5280373700e-01  8.4749450800e-01  8.3932423200e-01  8.1669114000e-01
    9.6100000000e+00 -9.6524814800e-01 -8.8735851200e-01 -9.4789208300e-01  8.4411715500e-01  8.3810299900e-01  8.1475191900e-01
    9.6200000000e+00 -9.5986881300e-01 -8.8223449400e-01 -9.4305012600e-01  8.4080382700e-01  8.3692543600e-01  8.1286735300e-01
    9.6300000000e+00 -9.5451935300e-01 -8.7718616800e-01 -9.3828678200e-01  8.3754698300e-01  8.3578741700e-01  8.1103688500e-01
    9.6400000000e+00 -9.4919840200e-01 -8.7221681400e-01 -9.3361214700e-01  8.3434047900e-01  8.3468444900e-01  8.0925796800e-01
    9.6500000000e+00 -9.4390342500e-01 -8.6732917800e-01 -9.2903713300e-01  8.3118001800e-01  8.3361182400e-01  8.0752558000e-01
    9.6600000000e+00 -9.3863157100e-01 -8.6252564400e-01 -9.2457289800e-01  8.2806324300e-01  8.3256461100e-01  8.0583173500e-01
    9.6700000000e+00 -9.3338040700e-01 -8.5780831800e-01 -9.2023004200e-01  8.2498947500e-01  8.3153752400e-01  8.0416513000e-01
    9.6800000000e+00 -9.2814843400e-01 -8.5317894900e-01 -9.1601758700e-01  8.2195922800e-01  8.3052472900e-01  8.0251101300e-01
    9.6900000000e+00 -9.2293531500e-01 -8.4863869200e-01 -9.1194183400e-01  8.1897362100e-01  8.2951970300e-01  8.0085143200e-01
    9.7000000000e+00 -9.1774185100e-01 -8.4418773800e-01 -9.0800527000e-01  8.1603382200e-01  8.2851525500e-01  7.9916589300e-01
    9.7100000000e+00 -9.1256976400e-01 -8.3982493900e-01 -9.0420568700e-01  8.1314062800e-01  8.2750374200e-01  7.9743243400e-01
    9.7200000000e+00 -9.0742139000e-01 -8.3554751700e-01 -9.0053568000e-01  8.1029418500e-01  8.2647751200e-01  7.9562898500e-01
    9.7300000000e+00 -9.0229934500e-01 -8.3135099100e-01 -8.9698261000e-01  8.0749386500e-01  8.2542948000e-01  7.9373488100e-01
    9.7400000000e+00 -8.9720619600e-01 -8.2722935500e-01 -8.9352906600e-01  8.0473826000e-01  8.2435374600e-01  7.9173234100e-01
    9.7500000000e+00 -8.9214417200e-01 -8.2317554500e-01 -8.9015378100e-01  8.0202526900e-01  8.2324611200e-01  7.8960775400e-01
    9.7600000000e+00 -8.8711492300e-01 -8.1918209200e-01 -8.8683293000e-01  7.9935228000e-01  8.2210438300e-01  7.8735261400e-01
    9.7700000000e+00 -8.8211934200e-01 -8.1524188000e-01 -8.8354165400e-01  7.9671643000e-01  8.2092835900e-01  7.8496400000e-01
    9.7800000000e+00 -8.7715750500e-01 -8.1134882600e-01 -8.8025565900e-01  7.9411493500e-01  8.1971952100e-01  7.8244453300e-01
    9.7900000000e+00 -8.7222875100e-01 -8.0749839000e-01 -8.7695267600e-01  7.9154543300e-01  8.1848046600e-01  7.7980181600e-01
    9.8000000000e+00 -8.6733190700e-01 -8.0368779300e-01 -8.7361361400e-01  7.8900629000e-01  8.1721417700e-01  7.7704746100e-01
    9.8100000000e+00 -8.6246565800e-01 -7.9991593200e-01 -8.7022327700e-01  7.8649678900e-01  8.1592329500e-01  7.7419583500e-01
    9.8200000000e+00 -8.5762898200e-01 -7.9618300900e-01 -8.6677059100e-01  7.8401713800e-01  8.1460948200e-01  7.7126274100e-01
    9.8300000000e+00 -8.5282157500e-01 -7.9248995100e-01 -8.6324839400e-01  7.8156827400e-01  8.1327299600e-01  7.6826420000e-01
    9.8400000000e+00 -8.4804415000e-01 -7.8883770700e-01 -8.5965286100e-01  7.7915147400e-01  8.1191253500e-01  7.6521548300e-01
    9.8500000000e+00 -8.4329853300e-01 -7.8522654400e-01 -8.5598271600e-01  7.7676785900e-01  8.1052535600e-01  7.6213049400e-01
    9.8600000000e+00 -8.3858751800e-01 -7.8165543300e-01 -8.5223839700e-01  7.7441789100e-01  8.0910768300e-01  7.5902152100e-01
    9.8700000000e+00 -8.3391450300e-01 -7.7812164400e-01 -8.4842130800e-01  7.7210100200e-01  8.0765532600e-01  7.5589933800e-01
    9.8800000000e+00 -8.2928300800e-01 -7.7462060800e-01 -8.4453330400e-01  7.6981543000e-01  8.0616443300e-01  7.5277355000e-01
    9.8900000000e+00 -8.2469619300e-01 -7.7114609500e-01 -8.4057646600e-01  7.6755829000e-01  8.0463225300e-01  7.4965303300e-01
    9.9000000000e+00 -8.2015649100e-01 -7.6769069900e-01 -8.3655315000e-01  7.6532584700e-01  8.0305779200e-01  7.4654631900e-01
    9.9100000000e+00 -8.1566542800e-01 -7.6424655500e-01 -8.3246621900e-01  7.6311387900e-01  8.0144223100e-01  7.4346179500e-01
    9.9200000000e+00 -8.1122363500e-01 -7.6080620200e-01 -8.2831930000e-01  7.6091803300e-01  7.9978902900e-01  7.4040768000e-01
    9.9300000000e+00 -8.0683099600e-01 -7.5736342800e-01 -8.2411695300e-01  7.5873407600e-01  7.9810365500e-01  7.3739181200e-01
    9.9400000000e+00 -8.0248685000e-01 -7.5391394200e-01 -8.1986464700e-01  7.5655799300e-01  7.9639297600e-01  7.3442137900e-01
    9.9500000000e+00 -7.9819014000e-01 -7.5045572500e-01 -8.1556857600e-01  7.5438596100e-01  7.9466442500e-01  7.3150269500e-01
    9.9600000000e+00 -7.9393946000e-01 -7.4698898200e-01 -8.1123538300e-01  7.5221425100e-01  7.9292508800e-01  7.2864114100e-01
    9.9700000000e+00 -7.8973296900e-01 -7.4351571800e-01 -8.0687192600e-01  7.5003914900e-01  7.9118094300e-01  7.2584127200e-01
    9.9800000000e+00 -7.8556822300e-01 -7.4003903500e-01 -8.0248517100e-01  7.4785698100e-01  7.8943637200e-01  7.2310703500e-01
    9.9900000000e+00 -7.8144200100e-01 -7.3656234900e-01 -7.9808227800e-01  7.4566428000e-01  7.8769405000e-01  7.2044198100e-01
    1.0000000000e+01 -7.7735021100e-01 -7.3308867700e-01 -7.9367083400e-01  7.4345808900e-01  7.8595517400e-01  7.1784937500e-01
    1.0010000000e+01 -7.7328795700e-01 -7.2962013300e-01 -7.8925914900e-01  7.4123633500e-01  7.8421993500e-01  7.1533210100e-01
    1.0020000000e+01 -7.6924978900e-01 -7.2615768900e-01 -7.8485650300e-01  7.3899819700e-01  7.8248812600e-01  7.1289237100e-01
    1.0030000000e+01 -7.6523012400e-01 -7.2270119800e-01 -7.8047322500e-01  7.3674436600e-01  7.8075975300e-01  7.1053126800e-01
    1.0040000000e+01 -7.6122378200e-01 -7.1924965300e-01 -7.7612055500e-01  7.3447713200e-01  7.7903558300e-01  7.0824823300e-01
    1.0050000000e+01 -7.5722655800e-01 -7.1580164300e-01 -7.7181025800e-01  7.3220025600e-01  7.7731754800e-01  7.0604059400e-01
    1.0060000000e+01 -7.5323573100e-01 -7.1235594400e-01 -7.6755404800e-01  7.2991861800e-01  7.7560894600e-01  7.0390325100e-01
    1.0070000000e+01 -7.4925043200e-01 -7.0891218600e-01 -7.6336288300e-01  7.2763766900e-01  7.7391439100e-01  7.0182858100e-01
    1.0080000000e+01 -7.4527177900e-01 -7.0547146900e-01 -7.5924623500e-01  7.2536277700e-01  7.7223948300e-01  6.9980660500e-01
    1.0090000000e+01 -7.4130276400e-01 -7.0203682700e-01 -7.5521145100e-01  7.2309854500e-01  7.7059022300e-01  6.9782539800e-01
    1.0100000000e+01 -7.3734788600e-01 -6.9861341400e-01 -7.5126326800e-01  7.2084823700e-01  7.6897226300e-01  6.9587170800e-01
    1.0110000000e+01 -7.3341263100e-01 -6.9520837500e-01 -7.4740356300e-01  7.1861339200e-01  7.6739013100e-01  6.9393168100e-01
    1.0120000000e+01 -7.2950288600e-01 -6.9183041600e-01 -7.4363135200e-01  7.1639367200e-01  7.6584656300e-01  6.9199161900e-01
    1.0130000000e+01 -7.2562442200e-01 -6.8848916900e-01 -7.3994301600e-01  7.1418689700e-01  7.6434208600e-01  6.9003867600e-01
    1.0140000000e+01 -7.2178247900e-01 -6.8519449300e-01 -7.3633271100e-01  7.1198919500e-01  7.6287486500e-01  6.8806138900e-01
    1.0150000000e+01 -7.1798145900e-01 -6.8195583300e-01 -7.3279287300e-01  7.0979517300e-01  7.6144080200e-01  6.8605004800e-01
    1.0160000000e+01 -7.1422466200e-01 -6.7878171200e-01 -7.2931472800e-01  7.0759804900e-01  7.6003380100e-01  6.8399685900e-01
    1.0170000000e+01 -7.1051396500e-01 -6.7567937600e-01 -7.2588875800e-01  7.0538977400e-01  7.5864610700e-01  6.8189597400e-01
    1.0180000000e+01 -7.0684942600e-01 -6.7265456800e-01 -7.2250507200e-01  7.0316121900e-01  7.5726863800e-01  6.7974343000e-01
    1.0190000000e+01 -7.0322883300e-01 -6.6971136900e-01 -7.1915369400e-01  7.0090252300e-01  7.5589130700e-01  6.7753706700e-01
    1.0200000000e+01 -6.9964728800e-01 -6.6685207200e-01 -7.1582481300e-01  6.9860366800e-01  7.5450331000e-01  6.7527645100e-01
    1.0210000000e+01 -6.9609696100e-01 -6.6407706800e-01 -7.1250901300e-01  6.9625527100e-01  7.5309344600e-01  6.7296281500e-01
    1.0220000000e+01 -6.9256713100e-01 -6.6138477000e-01 -7.0919753700e-01  6.9384953600e-01  7.5165046700e-01  6.7059900600e-01
    1.0230000000e+01 -6.8904457800e-01 -6.5877160400e-01 -7.0588259600e-01  6.9138121900e-01  7.5016348600e-01  6.6818938400e-01
    1.0240000000e+01 -6.8551433800e-01 -6.5623211300e-01 -7.0255769500e-01  6.8884847300e-01  7.4862241700e-01  6.6573965200e-01
    1.0250000000e+01 -6.8196076300e-01 -6.5375920200e-01 -6.9921797400e-01  6.8625342100e-01  7.4701837600e-01  6.6325657200e-01
    1.0260000000e+01 -6.7836877000e-01 -6.5134450500e-01 -6.9586049300e-01  6.8360234600e-01  7.4534401800e-01  6.6074756300e-01
    1.0270000000e+01 -6.7472514400e-01 -6.4897885500e-01 -6.9248442000e-01  6.8090543200e-01  7.4359370600e-01  6.5822016300e-01
    1.0280000000e+01 -6.7101968100e-01 -6.4665275400e-01 -6.8909104300e-01  6.7817605100e-01  7.4176351800e-01  6.5568139700e-01
    1.0290000000e+01 -6.6724603700e-01 -6.4435679700e-01 -6.8568355000e-01  6.7542968200e-01  7.3985108800e-01  6.5313711800e-01
    1.0300000000e+01 -6.6340213800e-01 -6.4208195700e-01 -6.8226655700e-01  6.7268260600e-01  7.3785532400e-01  6.5059142900e-01
    1.0310000000e+01 -6.5949010100e-01 -6.3981971600e-01 -6.7884541700e-01  6.6995055800e-01  7.3577608700e-01  6.4804630300e-01
    1.0320000000e+01 -6.5551570500e-01 -6.3756205800e-01 -6.7542542300e-01  6.6724752900e-01  7.3361390500e-01  6.4550149600e-01
    1.0330000000e+01 -6.5148751000e-01 -6.3530133900e-01 -6.7201103700e-01  6.6458488100e-01  7.3136976100e-01  6.4295478200e-01
    1.0340000000e+01 -6.4741579000e-01 -6.3303011400e-01 -6.6860528700e-01  6.6197084600e-01  7.2904500600e-01  6.4040245900e-01
    1.0350000000e+01 -6.4331142400e-01 -6.3074094900e-01 -6.6520943200e-01  6.5941044200e-01  7.2664138800e-01  6.3784002000e-01
    1.0360000000e+01 -6.3918491900e-01 -6.2842628400e-01 -6.6182291300e-01  6.5690576200e-01  7.2416120200e-01  6.3526285000e-01
    1.0370000000e+01 -6.3504565100e-01 -6.2607840500e-01 -6.5844355900e-01  6.5445654000e-01  7.2160754700e-01  6.3266684000e-01
    1.0380000000e+01 -6.3090141400e-01 -6.2368958000e-01 -6.5506795900e-01  6.5206088000e-01  7.1898460200e-01  6.3004883500e-01
    1.0390000000e+01 -6.2675827200e-01 -6.2125236700e-01 -6.5169192800e-01  6.4971602200e-01  7.1629785900e-01  6.2740689400e-01
    1.0400000000e+01 -6.2262069500e-01 -6.1876007900e-01 -6.4831097200e-01  6.4741903400e-01  7.1355419100e-01  6.2474036000e-01
    1.0410000000e+01 -6.1849190400e-01 -6.1620728000e-01 -6.4492070400e-01  6.4516735200e-01  7.1076168300e-01  6.2204978000e-01
    1.0420000000e+01 -6.1437434800e-01 -6.1359019400e-01 -6.4151716900e-01  6.4295910900e-01  7.0792921700e-01  6.1933671700e-01
    1.0430000000e+01 -6.1027023600e-01 -6.1090688500e-01 -6.3809706100e-01  6.4079324800e-01  7.0506588800e-01  6.1660350000e-01
    1.0440000000e+01 -6.0618203700e-01 -6.0815715500e-01 -6.3465784100e-01  6.3866943600e-01  7.0218039400e-01  6.1385295200e-01
    1.0450000000e+01 -6.0211289700e-01 -6.0534216100e-01 -6.3119775000e-01  6.3658778000e-01  6.9928056700e-01  6.1108813800e-01
    1.0460000000e+01 -5.9806691300e-01 -6.0246390400e-01 -6.2771577200e-01  6.3454842300e-01  6.9637314800e-01  6.0831214300e-01
    1.0470000000e+01 -5.9404924100e-01 -5.9952471600e-01 -6.2421152700e-01  6.3255104000e-01  6.9346386700e-01  6.0552791400e-01
    1.0480000000e+01 -5.9006600300e-01 -5.9652693400e-01 -6.2068516100e-01  6.3059433400e-01  6.9055773900e-01  6.0273815100e-01
    1.0490000000e+01 -5.8612401200e-01 -5.9347282500e-01 -6.1713723700e-01  6.2867554700e-01  6.8765944200e-01  5.9994526100e-01
    1.0500000000e+01 -5.8223033500e-01 -5.9036477000e-01 -6.1356866000e-01  6.2679009600e-01  6.8477361900e-01  5.9715134800e-01
    1.0510000000e+01 -5.7839170700e-01 -5.8720560700e-01 -6.0998065000e-01  6.2493134100e-01  6.8190495900e-01  5.9435819900e-01
    1.0520000000e+01 -5.7461387900e-01 -5.8399896700e-01 -6.0637474600e-01  6.2309055600e-01  6.7905800700e-01  5.9156723800e-01
    1.0530000000e+01 -5.7090093100e-01 -5.8074946000e-01 -6.0275279600e-01  6.2125711300e-01  6.7623674700e-01  5.8877943500e-01
    1.0540000000e+01 -5.6725465300e-01 -5.7746257600e-01 -5.9911691800e-01  6.1941890400e-01  6.7344408500e-01  5.8599514400e-01
    1.0550000000e+01 -5.6367404300e-01 -5.7414429300e-01 -5.9546934900e-01  6.1756296100e-01  6.7068138400e-01  5.8321393500e-01
    1.0560000000e+01 -5.6015502700e-01 -5.7080043900e-01 -5.9181219900e-01  6.1567624200e-01  6.6794823400e-01  5.8043445700e-01
    1.0570000000e+01 -5.5669042200e-01 -5.6743596400e-01 -5.8814710300e-01  6.1374650300e-01  6.6524254700e-01  5.7765439700e-01
    1.0580000000e+01 -5.5327018900e-01 -5.6405429300e-01 -5.8447483700e-01  6.1176317000e-01  6.6256101500e-01  5.7487060800e-01
    1.0590000000e+01 -5.4988196600e-01 -5.6065694900e-01 -5.8079497400e-01  6.0971809800e-01  6.5989983600e-01  5.7207941100e-01
    1.0600000000e+01 -5.4651182800e-01 -5.5724356100e-01 -5.7710569200e-01  6.0760613100e-01  6.5725555300e-01  5.6927704300e-01
    1.0610000000e+01 -5.4314518400e-01 -5.5381224300e-01 -5.7340377500e-01  6.0542537800e-01  6.5462579000e-01  5.6646018500e-01
    1.0620000000e+01 -5.3976771200e-01 -5.5036027400e-01 -5.6968486100e-01  6.0317716500e-01  6.5200971300e-01  5.6362644300e-01
    1.0630000000e+01 -5.3636617200e-01 -5.4688485700e-01 -5.6594386300e-01  6.0086568800e-01  6.4940811300e-01  5.6077467500e-01
    1.0640000000e+01 -5.3292902100e-01 -5.4338379000e-01 -5.6217548300e-01  5.9849744000e-01  6.4682314500e-01  5.5790509400e-01
    1.0650000000e+01 -5.2944674200e-01 -5.3985589500e-01 -5.5837468700e-01  5.9608052700e-01  6.4425783500e-01  5.5501914100e-01
    1.0660000000e+01 -5.2591190500e-01 -5.3630114200e-01 -5.5453704000e-01  5.9362400100e-01  6.4171550300e-01  5.5211917200e-01
    1.0670000000e+01 -5.2231902200e-01 -5.3272052000e-01 -5.5065884900e-01  5.9113732300e-01  6.3919926800e-01  5.4920807500e-01
    1.0680000000e+01 -5.1866428700e-01 -5.2911573800e-01 -5.4673710200e-01  5.8863000000e-01  6.3671172200e-01  5.4628891000e-01
    1.0690000000e+01 -5.1494531500e-01 -5.2548886500e-01 -5.4276927100e-01  5.8611140500e-01  6.3425478200e-01  5.4336464800e-01
    1.0700000000e+01 -5.1116094600e-01 -5.2184198900e-01 -5.3875304100e-01  5.8359070500e-01  6.3182972800e-01  5.4043805900e-01
    1.0710000000e+01 -5.0731115800e-01 -5.1817697100e-01 -5.3468604300e-01  5.8107684800e-01  6.2943736000e-01  5.3751175100e-01
    1.0720000000e+01 -5.0339704600e-01 -5.1449530500e-01 -5.3056563800e-01  5.7857851100e-01  6.2707823500e-01  5.3458831500e-01
    1.0730000000e+01 -4.9942084400e-01 -5.1079810600e-01 -5.2638880500e-01  5.7610400200e-01  6.2475290300e-01  5.3167056400e-01
    1.0740000000e+01 -4.9538593700e-01 -5.0708621200e-01 -5.2215212200e-01  5.7366108600e-01  6.2246212700e-01  5.2876179000e-01
    1.0750000000e+01 -4.9129681300e-01 -5.0336035400e-01 -5.1785186500e-01  5.7125677400e-01  6.2020699800e-01  5.2586602400e-01
    1.0760000000e+01 -4.8715895500e-01 -4.9962136400e-01 -5.1348419000e-01  5.6889708300e-01  6.1798897500e-01  5.2298825500e-01
    1.0770000000e+01 -4.8297866000e-01 -4.9587035200e-01 -5.0904538300e-01  5.6658680700e-01  6.1580981400e-01  5.2013458700e-01
    1.0780000000e+01 -4.7876277000e-01 -4.9210883500e-01 -5.0453216300e-01  5.6432931400e-01  6.1367143600e-01  5.1731232100e-01
    1.0790000000e+01 -4.7451833600e-01 -4.8833877800e-01 -4.9994201700e-01  5.6212640300e-01  6.1157577700e-01  5.1452995300e-01
    1.0800000000e+01 -4.7025220800e-01 -4.8456258100e-01 -4.9527353700e-01  5.5997824100e-01  6.0952464500e-01  5.1179708300e-01
    1.0810000000e+01 -4.6597058000e-01 -4.8078301700e-01 -4.9052675200e-01  5.5788344000e-01  6.0751962200e-01  5.0912421800e-01
    1.0820000000e+01 -4.6167855000e-01 -4.7700316800e-01 -4.8570339500e-01  5.5583928000e-01  6.0556201100e-01  5.0652247600e-01
    1.0830000000e+01 -4.5737974600e-01 -4.7322637600e-01 -4.8080708800e-01  5.5384209500e-01  6.0365281500e-01  5.0400322000e-01
    1.0840000000e+01 -4.5307610300e-01 -4.6945622900e-01 -4.7584341600e-01  5.5188778100e-01  6.0179271100e-01  5.0157764700e-01
    1.0850000000e+01 -4.4876782500e-01 -4.6569655300e-01 -4.7081989100e-01  5.4997236200e-01  5.9998200400e-01  4.9925639400e-01
    1.0860000000e+01 -4.4445354500e-01 -4.6195140000e-01 -4.6574583000e-01  5.4809252900e-01  5.9822054800e-01  4.9704917100e-01
    1.0870000000e+01 -4.4013064500e-01 -4.5822498900e-01 -4.6063217800e-01  5.4624608300e-01  5.9650763800e-01  4.9496445900e-01
    1.0880000000e+01 -4.3579568600e-01 -4.5452159500e-01 -4.5549130200e-01  5.4443223000e-01  5.9484191700e-01  4.9300924600e-01
    1.0890000000e+01 -4.3144486900e-01 -4.5084537100e-01 -4.5033676500e-01  5.4265171900e-01  5.9322131900e-01  4.9118879300e-01
    1.0900000000e+01 -4.2707447800e-01 -4.4720016800e-01 -4.4518306200e-01  5.4090685000e-01  5.9164308800e-01  4.8950640500e-01
    1.0910000000e+01 -4.2268128300e-01 -4.4358936100e-01 -4.4004529500e-01  5.3920138000e-01  5.9010387400e-01  4.8796323900e-01
    1.0920000000e+01 -4.1826287800e-01 -4.4001572600e-01 -4.3493879300e-01  5.3754035000e-01  5.8859987400e-01  4.8655815300e-01
    1.0930000000e+01 -4.1381797600e-01 -4.3648140300e-01 -4.2987865400e-01  5.3592987000e-01  5.8712699700e-01  4.8528764100e-01
    1.0940000000e+01 -4.0934664400e-01 -4.3298790200e-01 -4.2487927300e-01  5.3437686400e-01  5.8568099900e-01  4.8414590100e-01
    1.0950000000e+01 -4.0485050900e-01 -4.2953615200e-01 -4.1995387600e-01  5.3288876700e-01  5.8425757000e-01  4.8312501700e-01
    1.0960000000e+01 -4.0033291000e-01 -4.2612653100e-01 -4.1511412200e-01  5.3147319300e-01  5.8285236900e-01  4.8221529300e-01
    1.0970000000e+01 -3.9579899900e-01 -4.2275885300e-01 -4.1036982600e-01  5.3013754500e-01  5.8146103600e-01  4.8140566300e-01
    1.0980000000e+01 -3.9125577000e-01 -4.1943230100e-01 -4.0572882100e-01  5.2888857700e-01  5.8007921600e-01  4.8068416200e-01
    1.0990000000e+01 -3.8671198500e-01 -4.1614531700e-01 -4.0119697300e-01  5.2773190000e-01  5.7870265300e-01  4.8003838000e-01
    1.1000000000e+01 -3.8217793700e-01 -4.1289550400e-01 -3.9677831300e-01  5.2667146400e-01  5.7732737400e-01  4.7945584300e-01
    1.1010000000e+01 -3.7766504000e-01 -4.0967960100e-01 -3.9247526000e-01  5.2570908200e-01  5.7594996500e-01  4.7892429600e-01
    1.1020000000e+01 -3.7318522400e-01 -4.0649357100e-01 -3.8828885700e-01  5.2484407300e-01  5.7456789100e-01  4.7843186100e-01
    1.1030000000e+01 -3.6875019500e-01 -4.0333286400e-01 -3.8421899300e-01  5.2407311600e-01  5.7317981500e-01  4.7796709700e-01
    1.1040000000e+01 -3.6437065200e-01 -4.0019280500e-01 -3.8026455000e-01  5.2339037700e-01  5.7178580200e-01  4.7751898100e-01
    1.1050000000e+01 -3.6005557800e-01 -3.9706909700e-01 -3.7642347900e-01  5.2278793000e-01  5.7038736800e-01  4.7707686900e-01
    1.1060000000e+01 -3.5581174000e-01 -3.9395831300e-01 -3.7269278600e-01  5.2225638400e-01  5.6898731600e-01  4.7663047000e-01
    1.1070000000e+01 -3.5164345400e-01 -3.9085831300e-01 -3.6906847100e-01  5.2178565100e-01  5.6758938800e-01  4.7616987700e-01
    1.1080000000e+01 -3.4755263900e-01 -3.8776850300e-01 -3.6554544200e-01  5.2136568100e-01  5.6619777200e-01  4.7568569200e-01
    1.1090000000e+01 -3.4353910100e-01 -3.8468988100e-01 -3.6211748500e-01  5.2098709200e-01  5.6481655700e-01  4.7516923100e-01
    1.1100000000e+01 -3.3960096800e-01 -3.8162489800e-01 -3.5877730400e-01  5.2064160100e-01  5.6344921500e-01  4.7461280200e-01
    1.1110000000e+01 -3.3573515400e-01 -3.7857714900e-01 -3.5551671000e-01  5.2032225500e-01  5.6209818400e-01  4.7400998700e-01
    1.1120000000e+01 -3.3193779600e-01 -3.7555096000e-01 -3.5232691800e-01  5.2002351100e-01  5.6076458600e-01  4.7335585800e-01
    1.1130000000e+01 -3.2820460800e-01 -3.7255092000e-01 -3.4919894200e-01  5.1974120100e-01  5.5944811300e-01  4.7264708200e-01
    1.1140000000e+01 -3.2453115300e-01 -3.6958142900e-01 -3.4612400800e-01  5.1947245700e-01  5.5814707000e-01  4.7188185400e-01
    1.1150000000e+01 -3.2091305500e-01 -3.6664630100e-01 -3.4309390700e-01  5.1921563700e-01  5.5685855400e-01  4.7105968900e-01
    1.1160000000e+01 -3.1734618900e-01 -3.6374847500e-01 -3.4010122100e-01  5.1897025300e-01  5.5557874800e-01  4.7018110500e-01
    1.1170000000e+01 -3.1382686400e-01 -3.6088985200e-01 -3.3713940600e-01  5.1873692400e-01  5.5430326000e-01  4.6924727000e-01
    1.1180000000e+01 -3.1035203600e-01 -3.5807125800e-01 -3.3420272700e-01  5.1851730200e-01  5.5302746900e-01  4.6825968700e-01
    1.1190000000e+01 -3.0691954700e-01 -3.5529252300e-01 -3.3128608400e-01  5.1831397600e-01  5.5174682700e-01  4.6721997900e-01
    1.1200000000e+01 -3.0352837900e-01 -3.5255262100e-01 -3.2838481400e-01  5.1813030500e-01  5.5045707900e-01  4.6612978300e-01
    1.1210000000e+01 -3.0017890400e-01 -3.4984983600e-01 -3.2549449200e-01  5.1797016900e-01  5.4915441600e-01  4.6499077400e-01
    1.1220000000e+01 -2.9687309500e-01 -3.4718193600e-01 -3.2261080600e-01  5.1783762300e-01  5.4783556300e-01  4.6380475900e-01
    1.1230000000e+01 -2.9361465300e-01 -3.4454632300e-01 -3.1972951700e-01  5.1773646100e-01  5.4649782600e-01  4.6257382700e-01
    1.1240000000e+01 -2.9040900600e-01 -3.4194016800e-01 -3.1684650700e-01  5.1766970600e-01  5.4513912200e-01  4.6130049400e-01
    1.1250000000e+01 -2.8726315000e-01 -3.3936056000e-01 -3.1395791900e-01  5.1763908500e-01  5.4375800000e-01  4.5998782100e-01
    1.1260000000e+01 -2.8418531800e-01 -3.3680465900e-01 -3.1106035500e-01  5.1764453600e-01  5.4235364300e-01  4.5863945700e-01
    1.1270000000e+01 -2.8118450100e-01 -3.3426988300e-01 -3.0815111600e-01  5.1768382200e-01  5.4092583500e-01  4.5725959500e-01
    1.1280000000e+01 -2.7826985600e-01 -3.3175410200e-01 -3.0522843800e-01  5.1775229600e-01  5.3947486800e-01  4.5585281100e-01
    1.1290000000e+01 -2.7545007000e-01 -3.2925583000e-01 -3.0229167500e-01  5.1784283800e-01  5.3800136300e-01  4.5442380200e-01
    1.1300000000e+01 -2.7273272900e-01 -3.2677435700e-01 -2.9934138200e-01  5.1794595800e-01  5.3650600100e-01  4.5297702000e-01
    1.1310000000e+01 -2.7012374200e-01 -3.2430978300e-01 -2.9637925400e-01  5.1805004500e-01  5.3498916700e-01  4.5151626800e-01
    1.1320000000e+01 -2.6762681500e-01 -3.2186288700e-01 -2.9340789200e-01  5.1814174100e-01  5.3345057300e-01  4.5004431800e-01
    1.1330000000e+01 -2.6524301600e-01 -3.1943483500e-01 -2.9043041900e-01  5.1820641100e-01  5.3188891300e-01  4.4856262100e-01
    1.1340000000e+01 -2.6297040700e-01 -3.1702670100e-01 -2.8745000500e-01  5.1822872800e-01  5.3030165100e-01  4.4707118800e-01
    1.1350000000e+01 -2.6080380800e-01 -3.1463891600e-01 -2.8446936600e-01  5.1819337200e-01  5.2868503100e-01  4.4556866300e-01
    1.1360000000e+01 -2.5873471500e-01 -3.1227071500e-01 -2.8149034300e-01  5.1808582800e-01  5.2703433900e-01  4.4405256800e-01
    1.1370000000e+01 -2.5675144500e-01 -3.0991973600e-01 -2.7851361100e-01  5.1789323200e-01  5.2534439900e-01  4.4251967300e-01
    1.1380000000e+01 -2.5483953200e-01 -3.0758187100e-01 -2.7553855000e-01  5.1760520600e-01  5.2361021700e-01  4.4096640400e-01
    1.1390000000e+01 -2.5298236200e-01 -3.0525138700e-01 -2.7256324400e-01  5.1721457600e-01  5.2182762000e-01  4.3938922700e-01
    1.1400000000e+01 -2.5116201500e-01 -3.0292131400e-01 -2.6958457300e-01  5.1671790100e-01  5.1999377700e-01  4.3778496600e-01
    1.1410000000e+01 -2.4936025400e-01 -3.0058395800e-01 -2.6659832900e-01  5.1611575800e-01  5.1810748800e-01  4.3615107000e-01
    1.1420000000e+01 -2.4755955700e-01 -2.9823143700e-01 -2.6359936200e-01  5.1541273800e-01  5.1616925000e-01  4.3448585100e-01
    1.1430000000e+01 -2.4574414100e-01 -2.9585612400e-01 -2.6058174500e-01  5.1461715500e-01  5.1418113400e-01  4.3278872100e-01
    1.1440000000e+01 -2.4390086800e-01 -2.9345096200e-01 -2.5753901400e-01  5.1374047500e-01  5.1214658700e-01  4.3106043500e-01
    1.1450000000e+01 -2.4201996500e-01 -2.9100966700e-01 -2.5446448900e-01  5.1279650200e-01  5.1007021800e-01  4.2930330100e-01
    1.1460000000e+01 -2.4009547500e-01 -2.8852688200e-01 -2.5135172200e-01  5.1180038000e-01  5.0795763300e-01  4.2752131300e-01
    1.1470000000e+01 -2.3812540200e-01 -2.8599834100e-01 -2.4819499600e-01  5.1076752400e-01  5.0581528200e-01  4.2572012700e-01
    1.1480000000e+01 -2.3611152200e-01 -2.8342107300e-01 -2.4498984900e-01  5.0971255500e-01  5.0365026200e-01  4.2390685900e-01
    1.1490000000e+01 -2.3405890000e-01 -2.8079359600e-01 -2.4173351700e-01  5.0864838700e-01  5.0147002800e-01  4.2208968900e-01
    1.1500000000e+01 -2.3197518700e-01 -2.7811604300e-01 -2.3842522800e-01  5.0758551100e-01  4.9928198300e-01  4.2027730500e-01
    1.1510000000e+01 -2.2986977800e-01 -2.7539012400e-01 -2.3506627500e-01  5.0653156000e-01  4.9709297800e-01  4.1847826400e-01
    1.1520000000e+01 -2.2775293400e-01 -2.7261887900e-01 -2.3165985400e-01  5.0549114500e-01  4.9490881900e-01  4.1670035000e-01
    1.1530000000e+01 -2.2563496400e-01 -2.6980621500e-01 -2.2821066600e-01  5.0446594500e-01  4.9273389100e-01  4.1495005100e-01
    1.1540000000e+01 -2.2352551500e-01 -2.6695631300e-01 -2.2472436100e-01  5.0345499500e-01  4.9057099900e-01  4.1323221800e-01
    1.1550000000e+01 -2.2143303100e-01 -2.6407299700e-01 -2.2120690900e-01  5.0245513000e-01  4.8842148000e-01  4.1154998400e-01
    1.1560000000e+01 -2.1936437100e-01 -2.6115921600e-01 -2.1766402500e-01  5.0146149800e-01  4.8628558800e-01  4.0990493400e-01
    1.1570000000e+01 -2.1732461000e-01 -2.5821676100e-01 -2.1410073900e-01  5.0046810600e-01  4.8416307000e-01  4.0829746800e-01
    1.1580000000e+01 -2.1531698200e-01 -2.5524627600e-01 -2.1052118800e-01  4.9946835400e-01  4.8205380000e-01  4.0672728600e-01
    1.1590000000e+01 -2.1334296100e-01 -2.5224755900e-01 -2.0692864500e-01  4.9845551800e-01  4.7995833000e-01  4.0519385500e-01
    1.1600000000e+01 -2.1140245400e-01 -2.4922009200e-01 -2.0332574300e-01  4.9742316200e-01  4.7787822100e-01  4.0369678100e-01
    1.1610000000e+01 -2.0949408500e-01 -2.4616365800e-01 -1.9971481700e-01  4.9636545400e-01  4.7581608000e-01  4.0223598200e-01
    1.1620000000e+01 -2.0761552900e-01 -2.4307889300e-01 -1.9609825300e-01  4.9527736000e-01  4.7377529600e-01  4.0081166300e-01
    1.1630000000e+01 -2.0576385800e-01 -2.3996764900e-01 -1.9247873300e-01  4.9415469600e-01  4.7175953800e-01  3.9942411900e-01
    1.1640000000e+01 -2.0393584000e-01 -2.3683306800e-01 -1.8885933200e-01  4.9299407000e-01  4.6977213800e-01  3.9807343500e-01
    1.1650000000e+01 -2.0212814800e-01 -2.3367935500e-01 -1.8524341500e-01  4.9179271800e-01  4.6781551200e-01  3.9675921200e-01
    1.1660000000e+01 -2.0033744000e-01 -2.3051130400e-01 -1.8163440800e-01  4.9054832400e-01  4.6589075400e-01  3.9548038000e-01
    1.1670000000e+01 -1.9856035100e-01 -2.2733368300e-01 -1.7803550800e-01  4.8925885700e-01  4.6399749700e-01  3.9423517100e-01
    1.1680000000e+01 -1.9679339300e-01 -2.2415064100e-01 -1.7444942100e-01  4.8792248700e-01  4.6213407700e-01  3.9302125000e-01
    1.1690000000e+01 -1.9503285800e-01 -2.2096525200e-01 -1.7087821800e-01  4.8653759800e-01  4.6029795500e-01  3.9183593400e-01
    1.1700000000e+01 -1.9327474400e-01 -2.1777932800e-01 -1.6732330200e-01  4.8510287200e-01  4.5848629000e-01  3.9067644700e-01
    1.1710000000e+01 -1.9151476300e-01 -2.1459351700e-01 -1.6378550900e-01  4.8361741300e-01  4.5669651300e-01  3.8954012500e-01
    1.1720000000e+01 -1.8974841100e-01 -2.1140765800e-01 -1.6026525400e-01  4.8208087500e-01  4.5492677400e-01  3.8842454400e-01
    1.1730000000e+01 -1.8797111200e-01 -2.0822128500e-01 -1.5676270100e-01  4.8049353300e-01  4.5317614300e-01  3.8732754200e-01
    1.1740000000e+01 -1.8617837600e-01 -2.0503414100e-01 -1.5327788800e-01  4.7885630900e-01  4.5144454500e-01  3.8624717600e-01
    1.1750000000e+01 -1.8436596200e-01 -2.0184656800e-01 -1.4981079400e-01  4.7717071600e-01  4.4973247400e-01  3.8518163100e-01
    1.1760000000e+01 -1.8253000600e-01 -1.9865969800e-01 -1.4636133500e-01  4.7543876100e-01  4.4804056900e-01  3.8412913800e-01
    1.1770000000e+01 -1.8066711000e-01 -1.9547543200e-01 -1.4292931500e-01  4.7366282100e-01  4.4636919700e-01  3.8308792000e-01
    1.1780000000e+01 -1.7877440000e-01 -1.9229624400e-01 -1.3951435800e-01  4.7184549800e-01  4.4471811200e-01  3.8205618800e-01
    1.1790000000e+01 -1.7684955100e-01 -1.8912489300e-01 -1.3611584400e-01  4.6998945400e-01  4.4308624600e-01  3.8103219300e-01
    1.1800000000e+01 -1.7489076200e-01 -1.8596411700e-01 -1.3273288900e-01  4.6809722900e-01  4.4147164000e-01  3.8001430700e-01
    1.1810000000e+01 -1.7289667300e-01 -1.8281635000e-01 -1.2936436900e-01  4.6617103200e-01  4.3987146500e-01  3.7900112700e-01
    1.1820000000e+01 -1.7086616700e-01 -1.7968348800e-01 -1.2600900600e-01  4.6421255300e-01  4.3828210500e-01  3.7799154800e-01
    1.1830000000e+01 -1.6879806900e-01 -1.7656667200e-01 -1.2266548100e-01  4.6222284400e-01  4.3669927800e-01  3.7698480100e-01
    1.1840000000e+01 -1.6669076900e-01 -1.7346609300e-01 -1.1933257000e-01  4.6020234200e-01  4.3511819500e-01  3.7598042400e-01
    1.1850000000e+01 -1.6454183600e-01 -1.7038082000e-01 -1.1600924200e-01  4.5815108600e-01  4.3353377600e-01  3.7497817300e-01
    1.1860000000e+01 -1.6234773500e-01 -1.6730865800e-01 -1.1269472600e-01  4.5606911100e-01  4.3194093700e-01  3.7397789000e-01
    1.1870000000e+01 -1.6010372200e-01 -1.6424611800e-01 -1.0938849600e-01  4.5395699500e-01  4.3033494700e-01  3.7297934700e-01
    1.1880000000e+01 -1.5780399700e-01 -1.6118849000e-01 -1.0609018800e-01  4.5181642300e-01  4.2871179300e-01  3.7198210700e-01
    1.1890000000e+01 -1.5544209100e-01 -1.5813007100e-01 -1.0279945500e-01  4.4965068000e-01  4.2706852400e-01  3.7098542400e-01
    1.1900000000e+01 -1.5301143300e-01 -1.5506448000e-01 -9.9515784000e-02  4.4746495900e-01  4.2540347400e-01  3.6998821600e-01
    1.1910000000e+01 -1.5050600100e-01 -1.5198503700e-01 -9.6238290000e-02  4.4526642300e-01  4.2371636700e-01  3.6898911200e-01
    1.1920000000e+01 -1.4792094100e-01 -1.4888510500e-01 -9.2965530000e-02  4.4306403300e-01  4.2200828100e-01  3.6798660100e-01
    1.1930000000e+01 -1.4525307000e-01 -1.4575837200e-01 -8.9695384000e-02  4.4086819900e-01  4.2028151800e-01  3.6697925300e-01
    1.1940000000e+01 -1.4250123200e-01 -1.4259904000e-01 -8.6425011000e-02  4.3869030400e-01  4.1853943800e-01  3.6596600800e-01
    1.1950000000e+01 -1.3966649600e-01 -1.3940194200e-01 -8.3150947000e-02  4.3654219600e-01  4.1678628800e-01  3.6494648200e-01
    1.1960000000e+01 -1.3675222700e-01 -1.3616261500e-01 -7.9869308000e-02  4.3443566300e-01  4.1502706400e-01  3.6392124200e-01
    1.1970000000e+01 -1.3376404400e-01 -1.3287736000e-01 -7.6576125000e-02  4.3238193500e-01  4.1326738900e-01  3.6289199600e-01
    1.1980000000e+01 -1.3070968400e-01 -1.2954329700e-01 -7.3267739000e-02  4.3039118900e-01  4.1151339300e-01  3.6186165200e-01
    1.1990000000e+01 -1.2759875900e-01 -1.2615841100e-01 -6.9941222000e-02  4.2847209000e-01  4.0977158000e-01  3.6083421500e-01
    1.2000000000e+01 -1.2444240100e-01 -1.2272156100e-01 -6.6594737000e-02  4.2663138200e-01  4.0804868300e-01  3.5981452700e-01
    1.2010000000e+01 -1.2125279600e-01 -1.1923243500e-01 -6.3227787000e-02  4.2487355900e-01  4.0635152800e-01  3.5880787200e-01
    1.2020000000e+01 -1.1804263200e-01 -1.1569146900e-01 -5.9841286000e-02  4.2320067800e-01  4.0468694200e-01  3.5781951900e-01
    1.2030000000e+01 -1.1482450300e-01 -1.1209974400e-01 -5.6437454000e-02  4.2161232000e-01  4.0306174100e-01  3.5685426600e-01
    1.2040000000e+01 -1.1161032700e-01 -1.0845892600e-01 -5.3019547000e-02  4.2010573300e-01  4.0148280100e-01  3.5591608500e-01
    1.2050000000e+01 -1.0841083800e-01 -1.0477130000e-01 -4.9591490000e-02  4.1867613300e-01  3.9995717700e-01  3.5500790500e-01
    1.2060000000e+01 -1.0523519800e-01 -1.0103993200e-01 -4.6157489000e-02  4.1731712800e-01  3.9849222400e-01  3.5413157600e-01
    1.2070000000e+01 -1.0209077400e-01 -9.7268973000e-02 -4.2721705000e-02  4.1602122700e-01  3.9709562000e-01  3.5328796600e-01
    1.2080000000e+01 -9.8983076000e-02 -9.3464024000e-02 -3.9288027000e-02  4.1478034800e-01  3.9577522000e-01  3.5247715700e-01
    1.2090000000e+01 -9.5915862000e-02 -8.9632484000e-02 -3.5859973000e-02  4.1358629100e-01  3.9453868900e-01  3.5169866400e-01
    1.2100000000e+01 -9.2891360000e-02 -8.5783763000e-02 -3.2440678000e-02  4.1243109700e-01  3.9339293700e-01  3.5095162000e-01
    1.2110000000e+01 -8.9910549000e-02 -8.1929250000e-02 -2.9032944000e-02  4.1130728600e-01  3.9234342000e-01  3.5023491000e-01
    1.2120000000e+01 -8.6973448000e-02 -7.8081988000e-02 -2.5639307000e-02  4.1020796400e-01  3.9139344200e-01  3.4954724600e-01
    1.2130000000e+01 -8.4079364000e-02 -7.4256077000e-02 -2.2262095000e-02  4.0912682900e-01  3.9054356600e-01  3.4888718800e-01
    1.2140000000e+01 -8.1227068000e-02 -7.0465850000e-02 -1.8903465000e-02  4.0805810400e-01  3.8979127300e-01  3.4825314700e-01
    1.2150000000e+01 -7.8414893000e-02 -6.6724957000e-02 -1.5565418000e-02  4.0699644600e-01  3.8913092200e-01  3.4764337100e-01
    1.2160000000e+01 -7.5640754000e-02 -6.3045453000e-02 -1.2249801000e-02  4.0593686100e-01  3.8855403200e-01  3.4705593300e-01
    1.2170000000e+01 -7.2902104000e-02 -5.9437038000e-02 -8.9582880000e-03  4.0487465600e-01  3.8804988400e-01  3.4648872700e-01
    1.2180000000e+01 -7.0195861000e-02 -5.5906535000e-02 -5.6923610000e-03  4.0380546800e-01  3.8760634500e-01  3.4593946200e-01
    1.2190000000e+01 -6.7518337000e-02 -5.2457697000e-02 -2.4532970000e-03  4.0272535200e-01  3.8721083300e-01  3.4540567600e-01
    1.2200000000e+01 -6.4865217000e-02 -4.9091359000e-02  7.5784700000e-04  4.0163095800e-01  3.8685127800e-01  3.4488474500e-01
    1.2210000000e+01 -6.2231620000e-02 -4.5805939000e-02  3.9402410000e-03  4.0051972900e-01  3.8651694900e-01  3.4437387200e-01
    1.2220000000e+01 -5.9612268000e-02 -4.2598175000e-02  7.0932990000e-03  3.9939010500e-01  3.8619902400e-01  3.4387007600e-01
    1.2230000000e+01 -5.7001741000e-02 -3.9464008000e-02  1.0216724000e-02  3.9824165300e-01  3.8589081700e-01  3.4337015600e-01
    1.2240000000e+01 -5.4394800000e-02 -3.6399435000e-02  1.3310592000e-02  3.9707508700e-01  3.8558765900e-01  3.4287066400e-01
    1.2250000000e+01 -5.1786686000e-02 -3.3401208000e-02  1.6375483000e-02  3.9589216300e-01  3.8528646800e-01  3.4236792400e-01
    1.2260000000e+01 -4.9173356000e-02 -3.0467281000e-02  1.9412628000e-02  3.9469545300e-01  3.8498511400e-01  3.4185809900e-01
    1.2270000000e+01 -4.6551595000e-02 -2.7596959000e-02  2.2424048000e-02  3.9348807000e-01  3.8468170200e-01  3.4133735700e-01
    1.2280000000e+01 -4.3918998000e-02 -2.4790749000e-02  2.5412630000e-02  3.9227339900e-01  3.8437388800e-01  3.4080209500e-01
    1.2290000000e+01 -4.1273853000e-02 -2.2049978000e-02  2.8382112000e-02  3.9105491400e-01  3.8405834100e-01  3.4024922000e-01
    1.2300000000e+01 -3.8614999000e-02 -1.9376243000e-02  3.1336951000e-02  3.8983609900e-01  3.8373039800e-01  3.3967641500e-01
    1.2310000000e+01 -3.5941724000e-02 -1.6770791000e-02  3.4282089000e-02  3.8862047700e-01  3.8338396800e-01  3.3908234300e-01
    1.2320000000e+01 -3.3253743000e-02 -1.4233912000e-02  3.7222659000e-02  3.8741167900e-01  3.8301167600e-01  3.3846674600e-01
    1.2330000000e+01 -3.0551287000e-02 -1.1764437000e-02  4.0163697000e-02  3.8621349800e-01  3.8260522000e-01  3.3783043100e-01
    1.2340000000e+01 -2.7835242000e-02 -9.3594070000e-03  4.3109898000e-02  3.8502985800e-01  3.8215588900e-01  3.3717515800e-01
    1.2350000000e+01 -2.5107297000e-02 -7.0139630000e-03  4.6065457000e-02  3.8386469400e-01  3.8165515700e-01  3.3650348400e-01
    1.2360000000e+01 -2.2370034000e-02 -4.7214590000e-03  4.9033983000e-02  3.8272172700e-01  3.8109526700e-01  3.3581861200e-01
    1.2370000000e+01 -1.9626923000e-02 -2.4737720000e-03  5.2018462000e-02  3.8160419300e-01  3.8046969900e-01  3.3512426800e-01
    1.2380000000e+01 -1.6882197000e-02 -2.6173400000e-04  5.5021221000e-02  3.8051457200e-01  3.7977348700e-01  3.3442463000e-01
    1.2390000000e+01 -1.4140627000e-02  1.9244100000e-03  5.8043864000e-02  3.7945436200e-01  3.7900333200e-01  3.3372426500e-01
    1.2400000000e+01 -1.1407206000e-02  4.0945790000e-03  6.1087177000e-02  3.7842396000e-01  3.7815756700e-01  3.3302805400e-01
    1.2410000000e+01 -8.6868070000e-03  6.2585320000e-03  6.4151012000e-02  3.7742265500e-01  3.7723601400e-01  3.3234106100e-01
    1.2420000000e+01 -5.9838560000e-03  8.4256460000e-03  6.7234195000e-02  3.7644875900e-01  3.7623979800e-01  3.3166834600e-01
    1.2430000000e+01 -3.3020840000e-03  1.0604784000e-02  7.0334490000e-02  3.7549986000e-01  3.7517116000e-01  3.3101471300e-01
    1.2440000000e+01 -6.4439000000e-04  1.2804201000e-02  7.3448649000e-02  3.7457314700e-01  3.7403329500e-01  3.3038444000e-01
    1.2450000000e+01  1.9871390000e-03  1.5031499000e-02  7.6572562000e-02  3.7366576800e-01  3.7283021200e-01  3.2978103200e-01
    1.2460000000e+01  4.5910610000e-03  1.7293585000e-02  7.9701470000e-02  3.7277513600e-01  3.7156659700e-01  3.2920701800e-01
    1.2470000000e+01  7.1662960000e-03  1.9596675000e-02  8.2830244000e-02  3.7189914100e-01  3.7024769600e-01  3.2866384400e-01
    1.2480000000e+01  9.7117750000e-03  2.1946314000e-02  8.5953662000e-02  3.7103620100e-01  3.6887921200e-01  3.2815184800e-01
    1.2490000000e+01  1.2226092000e-02  2.4347428000e-02  8.9066671000e-02  3.7018515800e-01  3.6746725300e-01  3.2767032200e-01
    1.2500000000e+01  1.4707237000e-02  2.6804367000e-02  9.2164600000e-02  3.6934501200e-01  3.6601832800e-01  3.2721763300e-01
    1.2510000000e+01  1.7152468000e-02  2.9320909000e-02  9.5243313000e-02  3.6851455500e-01  3.6453939500e-01  3.2679138600e-01
    1.2520000000e+01  1.9558361000e-02  3.1900193000e-02  9.8299309000e-02  3.6769196600e-01  3.6303794000e-01  3.2638860000e-01
    1.2530000000e+01  2.1921037000e-02  3.4544576000e-02  1.0132976900e-01  3.6687446200e-01  3.6152203000e-01  3.2600587600e-01
    1.2540000000e+01  2.4236512000e-02  3.7255407000e-02  1.0433256400e-01  3.6605806400e-01  3.6000030600e-01  3.2563956100e-01
    1.2550000000e+01  2.6501115000e-02  4.0032770000e-02  1.0730622800e-01  3.6523754200e-01  3.5848186900e-01  3.2528589200e-01
    1.2560000000e+01  2.8711874000e-02  4.2875238000e-02  1.1024990100e-01  3.6440650500e-01  3.5697604800e-01  3.2494112100e-01
    1.2570000000e+01  3.0866815000e-02  4.5779692000e-02  1.1316324700e-01  3.6355761700e-01  3.5549205100e-01  3.2460160100e-01
    1.2580000000e+01  3.2965146000e-02  4.8741263000e-02  1.1604636500e-01  3.6268286000e-01  3.5403852700e-01  3.2426383400e-01
    1.2590000000e+01  3.5007352000e-02  5.1753413000e-02  1.1889971400e-01  3.6177378100e-01  3.5262310300e-01  3.2392447700e-01
    1.2600000000e+01  3.6995245000e-02  5.4808189000e-02  1.2172407500e-01  3.6082169700e-01  3.5125193900e-01  3.2358032000e-01
    1.2610000000e+01  3.8932017000e-02  5.7896601000e-02  1.2452055500e-01  3.5981787400e-01  3.4992936200e-01  3.2322827200e-01
    1.2620000000e+01  4.0822337000e-02  6.1009122000e-02  1.2729062800e-01  3.5875372500e-01  3.4865764000e-01  3.2286537500e-01
    1.2630000000e+01  4.2672436000e-02  6.4136233000e-02  1.3003617800e-01  3.5762108800e-01  3.4743690500e-01  3.2248887900e-01
    1.2640000000e+01  4.4490147000e-02  6.7268963000e-02  1.3275949700e-01  3.5641260000e-01  3.4626525300e-01  3.2209637000e-01
    1.2650000000e+01  4.6284798000e-02  7.0399382000e-02  1.3546322300e-01  3.5512215600e-01  3.4513898400e-01  3.2168591800e-01
    1.2660000000e+01  4.8066912000e-02  7.3520981000e-02  1.3815017300e-01  3.5374535600e-01  3.4405298100e-01  3.2125620500e-01
    1.2670000000e+01  4.9847714000e-02  7.6628932000e-02  1.4082311400e-01  3.5227984600e-01  3.4300115400e-01  3.2080657400e-01
    1.2680000000e+01  5.1638506000e-02  7.9720203000e-02  1.4348450700e-01  3.5072545300e-01  3.4197693600e-01  3.2033696000e-01
    1.2690000000e+01  5.3450028000e-02  8.2793532000e-02  1.4613629000e-01  3.4908405300e-01  3.4097375600e-01  3.1984769100e-01
    1.2700000000e+01  5.5291926000e-02  8.5849285000e-02  1.4877977900e-01  3.4735919900e-01  3.3998548400e-01  3.1933919500e-01
    1.2710000000e+01  5.7172441000e-02  8.8889206000e-02  1.5141572100e-01  3.4555559000e-01  3.3900679100e-01  3.1881167000e-01
    1.2720000000e+01  5.9098340000e-02  9.1916108000e-02  1.5404451800e-01  3.4367850200e-01  3.3803342600e-01  3.1826482600e-01
    1.2730000000e+01  6.1075084000e-02  9.4933509000e-02  1.5666655800e-01  3.4173329100e-01  3.3706239600e-01  3.1769775700e-01
    1.2740000000e+01  6.3107147000e-02  9.7945257000e-02  1.5928256500e-01  3.3972507600e-01  3.3609205400e-01  3.1710900500e-01
    1.2750000000e+01  6.5198380000e-02  1.0095514600e-01  1.6189388800e-01  3.3765859900e-01  3.3512209000e-01  3.1649679900e-01
    1.2760000000e+01  6.7352334000e-02  1.0396654800e-01  1.6450261800e-01  3.3553827500e-01  3.3415342700e-01  3.1585940200e-01
    1.2770000000e+01  6.9572480000e-02  1.0698207100e-01  1.6711151800e-01  3.3336835400e-01  3.3318802700e-01  3.1519548100e-01
    1.2780000000e+01  7.1862303000e-02  1.1000328800e-01  1.6972377600e-01  3.3115312700e-01  3.3222858800e-01  3.1450438400e-01
    1.2790000000e+01  7.4225271000e-02  1.1303055300e-01  1.7234265600e-01  3.2889712800e-01  3.3127816500e-01  3.1378625700e-01
    1.2800000000e+01  7.6664722000e-02  1.1606297100e-01  1.7497113900e-01  3.2660526900e-01  3.3033973600e-01  3.1304196900e-01
    1.2810000000e+01  7.9183701000e-02  1.1909850800e-01  1.7761166300e-01  3.2428290300e-01  3.2941578300e-01  3.1227287300e-01
    1.2820000000e+01  8.1784795000e-02  1.2213426200e-01  1.8026601300e-01  3.2193579600e-01  3.2850794200e-01  3.1148046700e-01
    1.2830000000e+01  8.4469996000e-02  1.2516682800e-01  1.8293540200e-01  3.1957002400e-01  3.2761679400e-01  3.1066606500e-01
    1.2840000000e+01  8.7240634000e-02  1.2819269800e-01  1.8562070700e-01  3.1719183700e-01  3.2674181000e-01  3.0983054100e-01
    1.2850000000e+01  9.0097372000e-02  1.3120861600e-01  1.8832280600e-01  3.1480750500e-01  3.2588145900e-01  3.0897424600e-01
    1.2860000000e+01  9.3040260000e-02  1.3421183700e-01  1.9104290600e-01  3.1242320900e-01  3.2503342400e-01  3.0809709500e-01
    1.2870000000e+01  9.6068807000e-02  1.3720024500e-01  1.9378279800e-01  3.1004498100e-01  3.2419485300e-01  3.0719882100e-01
    1.2880000000e+01  9.9182034000e-02  1.4017236500e-01  1.9654495100e-01  3.0767868800e-01  3.2336259400e-01  3.0627933200e-01
    1.2890000000e+01  1.0237848500e-01  1.4312728500e-01  1.9933242300e-01  3.0533004100e-01  3.2253335600e-01  3.0533908200e-01
    1.2900000000e+01  1.0565618500e-01  1.4606457000e-01  2.0214859300e-01  3.0300457500e-01  3.2170378400e-01  3.0437936500e-01
    1.2910000000e+01  1.0901259000e-01  1.4898419600e-01  2.0499677500e-01  3.0070756800e-01  3.2087046500e-01  3.0340246200e-01
    1.2920000000e+01  1.1244456000e-01  1.5188653700e-01  2.0787978900e-01  2.9844390100e-01  3.2002990300e-01  3.0241158900e-01
    1.2930000000e+01  1.1594841300e-01  1.5477241900e-01  2.1079960500e-01  2.9621786300e-01  3.1917850800e-01  3.0141064600e-01
    1.2940000000e+01  1.1952008000e-01  1.5764319600e-01  2.1375712200e-01  2.9403297800e-01  3.1831261800e-01  3.0040383200e-01
    1.2950000000e+01  1.2315535700e-01  1.6050084300e-01  2.1675216400e-01  2.9189189200e-01  3.1742858500e-01  2.9939519800e-01
    1.2960000000e+01  1.2685019500e-01  1.6334802500e-01  2.1978367000e-01  2.8979637500e-01  3.1652290900e-01  2.9838825400e-01
    1.2970000000e+01  1.3060098500e-01  1.6618811000e-01  2.2285003400e-01  2.8774745200e-01  3.1559241300e-01  2.9738572000e-01
    1.2980000000e+01  1.3440476500e-01  1.6902512700e-01  2.2594951100e-01  2.8574564300e-01  3.1463443300e-01  2.9638946500e-01
    1.2990000000e+01  1.3825932100e-01  1.7186366000e-01  2.2908057700e-01  2.8379125800e-01  3.1364699500e-01  2.9540063400e-01
    1.3000000000e+01  1.4216317000e-01  1.7470867500e-01  2.3224217400e-01  2.8188470300e-01  3.1262896800e-01  2.9441992200e-01
    1.3010000000e+01  1.4611544500e-01  1.7756530600e-01  2.3543379700e-01  2.8002675700e-01  3.1158014700e-01  2.9344791500e-01
    1.3020000000e+01  1.5011569500e-01  1.8043861200e-01  2.3865539500e-01  2.7821879100e-01  3.1050128400e-01  2.9248541300e-01
    1.3030000000e+01  1.5416364400e-01  1.8333333700e-01  2.4190714100e-01  2.7646292000e-01  3.0939402200e-01  2.9153366000e-01
    1.3040000000e+01  1.5825888800e-01  1.8625368800e-01  2.4518910900e-01  2.7476208200e-01  3.0826077300e-01  2.9059443100e-01
    1.3050000000e+01  1.6240058200e-01  1.8920317700e-01  2.4850096100e-01  2.7312002400e-01  3.0710450900e-01  2.8966994700e-01
    1.3060000000e+01  1.6658711900e-01  1.9218453400e-01  2.5184169700e-01  2.7154118900e-01  3.0592852300e-01  2.8876264100e-01
    1.3070000000e+01  1.7081583100e-01  1.9519972300e-01  2.5520956100e-01  2.7003048900e-01  3.0473617200e-01  2.8787483100e-01
    1.3080000000e+01  1.7508278300e-01  1.9825004800e-01  2.5860209700e-01  2.6859297300e-01  3.0353064800e-01  2.8700838000e-01
    1.3090000000e+01  1.7938267400e-01  2.0133633500e-01  2.6201637000e-01  2.6723341700e-01  3.0231482900e-01  2.8616442700e-01
    1.3100000000e+01  1.8370889100e-01  2.0445916000e-01  2.6544926100e-01  2.6595589500e-01  3.0109121800e-01  2.8534323500e-01
    1.3110000000e+01  1.8805371100e-01  2.0761905400e-01  2.6889780500e-01  2.6476338400e-01  2.9986198600e-01  2.8454419500e-01
    1.3120000000e+01  1.9240862800e-01  2.1081667300e-01  2.7235946100e-01  2.6365746000e-01  2.9862911100e-01  2.8376595000e-01
    1.3130000000e+01  1.9676474900e-01  2.1405287000e-01  2.7583230600e-01  2.6263813200e-01  2.9739456700e-01  2.8300660500e-01
    1.3140000000e+01  2.0111320700e-01  2.1732867400e-01  2.7931512300e-01  2.6170381900e-01  2.9616053600e-01  2.8226395900e-01
    1.3150000000e+01  2.0544552500e-01  2.2064516500e-01  2.8280741600e-01  2.6085144700e-01  2.9492959000e-01  2.8153573400e-01
    1.3160000000e+01  2.0975389900e-01  2.2400327200e-01  2.8630935800e-01  2.6007663900e-01  2.9370480800e-01  2.8081976300e-01
    1.3170000000e+01  2.1403139700e-01  2.2740351700e-01  2.8982171100e-01  2.5937393600e-01  2.9248980000e-01  2.8011415700e-01
    1.3180000000e+01  2.1827206400e-01  2.3084575200e-01  2.9334571800e-01  2.5873702100e-01  2.9128863000e-01  2.7941745200e-01
    1.3190000000e+01  2.2247097800e-01  2.3432891400e-01  2.9688294200e-01  2.5815892200e-01  2.9010562100e-01  2.7872872900e-01
    1.3200000000e+01  2.2662427200e-01  2.3785085200e-01  3.0043506800e-01  2.5763217900e-01  2.8894507200e-01  2.7804770300e-01
    1.3210000000e+01  2.3072913700e-01  2.4140824400e-01  3.0400364800e-01  2.5714898200e-01  2.8781088700e-01  2.7737471800e-01
    1.3220000000e+01  2.3478383900e-01  2.4499665500e-01  3.0758985000e-01  2.5670129100e-01  2.8670616400e-01  2.7671064500e-01
    1.3230000000e+01  2.3878773300e-01  2.4861074400e-01  3.1119425200e-01  2.5628095800e-01  2.8563277500e-01  2.7605665100e-01
    1.3240000000e+01  2.4274128900e-01  2.5224464700e-01  3.1481677200e-01  2.5587985000e-01  2.8459102400e-01  2.7541388400e-01
    1.3250000000e+01  2.4664610600e-01  2.5589249000e-01  3.1845674700e-01  2.5548999900e-01  2.8357943300e-01  2.7478313400e-01
    1.3260000000e+01  2.5050491400e-01  2.5954899300e-01  3.2211319000e-01  2.5510378100e-01  2.8259473000e-01  2.7416457400e-01
    1.3270000000e+01  2.5432153000e-01  2.6321006300e-01  3.2578514600e-01  2.5471410000e-01  2.8163206400e-01  2.7355765100e-01
    1.3280000000e+01  2.5810077000e-01  2.6687329500e-01  3.2947207400e-01  2.5431459100e-01  2.8068543900e-01  2.7296117200e-01
    1.3290000000e+01  2.6184831300e-01  2.7053828700e-01  3.3317413100e-01  2.5389979100e-01  2.7974831100e-01  2.7237357900e-01
    1.3300000000e+01  2.6557052300e-01  2.7420671800e-01  3.3689229100e-01  2.5346529700e-01  2.7881426200e-01  2.7179332800e-01
    1.3310000000e+01  2.6927422600e-01  2.7788218200e-01  3.4062826000e-01  2.5300787600e-01  2.7787766200e-01  2.7121928500e-01
    1.3320000000e+01  2.7296646100e-01  2.8156980600e-01  3.4438420100e-01  2.5252553000e-01  2.7693420500e-01  2.7065102600e-01
    1.3330000000e+01  2.7665421200e-01  2.8527571500e-01  3.4816235200e-01  2.5201748600e-01  2.7598127900e-01  2.7008896300e-01
    1.3340000000e+01  2.8034413400e-01  2.8900643400e-01  3.5196464000e-01  2.5148412400e-01  2.7501809700e-01  2.6953427600e-01
    1.3350000000e+01  2.8404231800e-01  2.9276831300e-01  3.5579237600e-01  2.5092680200e-01  2.7404563000e-01  2.6898865900e-01
    1.3360000000e+01  2.8775411000e-01  2.9656705300e-01  3.5964611100e-01  2.5034762600e-01  2.7306635300e-01  2.6845397100e-01
    1.3370000000e+01  2.9148404200e-01  3.0040737700e-01  3.6352567900e-01  2.4974915700e-01  2.7208387900e-01  2.6793186500e-01
    1.3380000000e+01  2.9523587000e-01  3.0429286700e-01  3.6743040500e-01  2.4913413700e-01  2.7110254800e-01  2.6742348600e-01
    1.3390000000e+01  2.9901271600e-01  3.0822595300e-01  3.7135940900e-01  2.4850525400e-01  2.7012702400e-01  2.6692931000e-01
    1.3400000000e+01  3.0281729800e-01  3.1220803100e-01  3.7531196400e-01  2.4786501400e-01  2.6916196300e-01  2.6644913800e-01
    1.3410000000e+01  3.0665216200e-01  3.1623967500e-01  3.7928779300e-01  2.4721572900e-01  2.6821178600e-01  2.6598224900e-01
    1.3420000000e+01  3.1051990000e-01  3.2032087400e-01  3.8328728300e-01  2.4655963300e-01  2.6728055900e-01  2.6552767300e-01
    1.3430000000e+01  3.1442326000e-01  3.2445127300e-01  3.8731155000e-01  2.4589909500e-01  2.6637201400e-01  2.6508452800e-01
    1.3440000000e+01  3.1836513100e-01  3.2863033400e-01  3.9136235200e-01  2.4523687600e-01  2.6548965900e-01  2.6465236800e-01
    1.3450000000e+01  3.2234837400e-01  3.3285739600e-01  3.9544185600e-01  2.4457635000e-01  2.6463696100e-01  2.6423146500e-01
    1.3460000000e+01  3.2637554600e-01  3.3713160500e-01  3.9955228900e-01  2.4392163500e-01  2.6381753100e-01  2.6382297900e-01
    1.3470000000e+01  3.3044856300e-01  3.4145171100e-01  4.0369552800e-01  2.4327756900e-01  2.6303523800e-01  2.6342896700e-01
    1.3480000000e+01  3.3456839000e-01  3.4581579500e-01  4.0787270400e-01  2.4264953500e-01  2.6229420700e-01  2.6305220600e-01
    1.3490000000e+01  3.3873482200e-01  3.5022097000e-01  4.1208389400e-01  2.4204314900e-01  2.6159864900e-01  2.6269586200e-01
    1.3500000000e+01  3.4294639700e-01  3.5466315300e-01  4.1632796500e-01  2.4146388800e-01  2.6095252500e-01  2.6236303100e-01
    1.3510000000e+01  3.4720046500e-01  3.5913698400e-01  4.2060262000e-01  2.4091670700e-01  2.6035908200e-01  2.6205624100e-01
    1.3520000000e+01  3.5149337200e-01  3.6363594200e-01  4.2490463200e-01  2.4040571500e-01  2.5982033400e-01  2.6177699100e-01
    1.3530000000e+01  3.5582073200e-01  3.6815268400e-01  4.2923025900e-01  2.3993393100e-01  2.5933657300e-01  2.6152540700e-01
    1.3540000000e+01  3.6017774200e-01  3.7267958400e-01  4.3357575900e-01  2.3950314900e-01  2.5890600800e-01  2.6130007000e-01
    1.3550000000e+01  3.6455950300e-01  3.7720940600e-01  4.3793794100e-01  2.3911388200e-01  2.5852461600e-01  2.6109805500e-01
    1.3560000000e+01  3.6896133300e-01  3.8173602700e-01  4.4231466600e-01  2.3876539600e-01  2.5818624400e-01  2.6091515600e-01
    1.3570000000e+01  3.7337904500e-01  3.8625509200e-01  4.4670522600e-01  2.3845580800e-01  2.5788297100e-01  2.6074627100e-01
    1.3580000000e+01  3.7780919200e-01  3.9076451400e-01  4.5111056400e-01  2.3818222600e-01  2.5760567300e-01  2.6058588100e-01
    1.3590000000e+01  3.8224928000e-01  3.9526474900e-01  4.5553332000e-01  2.3794094300e-01  2.5734472800e-01  2.6042855100e-01
    1.3600000000e+01  3.8669793400e-01  3.9975882400e-01  4.5997772700e-01  2.3772765600e-01  2.5709074000e-01  2.6026938500e-01
    1.3610000000e+01  3.9115503500e-01  4.0425214900e-01  4.6444938700e-01  2.3753772800e-01  2.5683521300e-01  2.6010441800e-01
    1.3620000000e+01  3.9562179700e-01  4.0875216200e-01  4.6895498400e-01  2.3736647400e-01  2.5657110000e-01  2.5993089500e-01
    1.3630000000e+01  4.0010078500e-01  4.1326786600e-01  4.7350194700e-01  2.3720949500e-01  2.5629321000e-01  2.5974746800e-01
    1.3640000000e+01  4.0459584700e-01  4.1780932400e-01  4.7809810800e-01  2.3706300600e-01  2.5599847100e-01  2.5955430700e-01
    1.3650000000e+01  4.0911195600e-01  4.2238711700e-01  4.8275134500e-01  2.3692417400e-01  2.5568606300e-01  2.5935312800e-01
    1.3660000000e+01  4.1365494700e-01  4.2701182900e-01  4.8746923900e-01  2.3679140200e-01  2.5535741700e-01  2.5914714100e-01
    1.3670000000e+01  4.1823118400e-01  4.3169353600e-01  4.9225874100e-01  2.3666454300e-01  2.5501611500e-01  2.5894092400e-01
    1.3680000000e+01  4.2284714600e-01  4.3644135100e-01  4.9712589400e-01  2.3654500200e-01  2.5466766100e-01  2.5874020400e-01
    1.3690000000e+01  4.2750901100e-01  4.4126303700e-01  5.0207561500e-01  2.3643572500e-01  2.5431916600e-01  2.5855157700e-01
    1.3700000000e+01  4.3222224600e-01  4.4616471900e-01  5.0711157600e-01  2.3634104100e-01  2.5397892900e-01  2.5838218400e-01
    1.3710000000e+01  4.3699127100e-01  4.5115071700e-01  5.1223617800e-01  2.3626639700e-01  2.5365597900e-01  2.5823936500e-01
    1.3720000000e+01  4.4181922500e-01  4.5622352600e-01  5.1745062500e-01  2.3621800100e-01  2.5335958400e-01  2.5813034200e-01
    1.3730000000e+01  4.4670786400e-01  4.6138393000e-01  5.2275509100e-01  2.3620241000e-01  2.5309880800e-01  2.5806193800e-01
    1.3740000000e+01  4.5165758900e-01  4.6663123300e-01  5.2814895200e-01  2.3622613500e-01  2.5288213100e-01  2.5804037700e-01
    1.3750000000e+01  4.5666760400e-01  4.7196357700e-01  5.3363106000e-01  2.3629528500e-01  2.5271719400e-01  2.5807117100e-01
    1.3760000000e+01  4.6173615300e-01  4.7737828200e-01  5.3920002700e-01  2.3641530200e-01  2.5261066200e-01  2.5815911200e-01
    1.3770000000e+01  4.6686081700e-01  4.8287216400e-01  5.4485446500e-01  2.3659079300e-01  2.5256821000e-01  2.5830836800e-01
    1.3780000000e+01  4.7203881100e-01  4.8844179100e-01  5.5059316300e-01  2.3682547400e-01  2.5259459200e-01  2.5852264300e-01
    1.3790000000e+01  4.7726727600e-01  4.9408366400e-01  5.5641516400e-01  2.3712220300e-01  2.5269375500e-01  2.5880537100e-01
    1.3800000000e+01  4.8254351100e-01  4.9979431300e-01  5.6231974600e-01  2.3748309200e-01  2.5286895100e-01  2.5915990500e-01
    1.3810000000e+01  4.8786515300e-01  5.0557035300e-01  5.6830633400e-01  2.3790967200e-01  2.5312281300e-01  2.5958963600e-01
    1.3820000000e+01  4.9323028400e-01  5.1140851900e-01  5.7437438800e-01  2.3840310700e-01  2.5345739800e-01  2.6009804500e-01
    1.3830000000e+01  4.9863744700e-01  5.1730571900e-01  5.8052328500e-01  2.3896440200e-01  2.5387417700e-01  2.6068867400e-01
    1.3840000000e+01  5.0408557900e-01  5.2325913000e-01  5.8675226700e-01  2.3959459800e-01  2.5437402900e-01  2.6136504200e-01
    1.3850000000e+01  5.0957387700e-01  5.2926633500e-01  5.9306043700e-01  2.4029490400e-01  2.5495723500e-01  2.6213053400e-01
    1.3860000000e+01  5.1510163000e-01  5.3532549400e-01  5.9944683200e-01  2.4106674000e-01  2.5562353200e-01  2.6298829600e-01
    1.3870000000e+01  5.2066805600e-01  5.4143552800e-01  6.0591054800e-01  2.4191169000e-01  2.5637221400e-01  2.6394116400e-01
    1.3880000000e+01  5.2627219600e-01  5.4759628700e-01  6.1245091300e-01  2.4283137000e-01  2.5720231000e-01  2.6499165200e-01
    1.3890000000e+01  5.3191290300e-01  5.5380868800e-01  6.1906767500e-01  2.4382725700e-01  2.5811281500e-01  2.6614201000e-01
    1.3900000000e+01  5.3758891700e-01  5.6007478500e-01  6.2576117000e-01  2.4490052900e-01  2.5910298100e-01  2.6739436800e-01
    1.3910000000e+01  5.4329902800e-01  5.6639776200e-01  6.3253245200e-01  2.4605194400e-01  2.6017264400e-01  2.6875094300e-01
    1.3920000000e+01  5.4904228700e-01  5.7278184100e-01  6.3938335100e-01  2.4728180000e-01  2.6132254900e-01  2.7021430400e-01
    1.3930000000e+01  5.5481822800e-01  5.7923208400e-01  6.4631643800e-01  2.4858998500e-01  2.6255466700e-01  2.7178765500e-01
    1.3940000000e+01  5.6062708700e-01  5.8575411600e-01  6.5333490500e-01  2.4997610000e-01  2.6387245200e-01  2.7347511400e-01
    1.3950000000e+01  5.6646997500e-01  5.9235378300e-01  6.6044236700e-01  2.5143965200e-01  2.6528102500e-01  2.7528194600e-01
    1.3960000000e+01  5.7234901000e-01  5.9903676100e-01  6.6764259200e-01  2.5298031700e-01  2.6678726700e-01  2.7721474800e-01
    1.3970000000e+01  5.7826739000e-01  6.0580815900e-01  6.7493920300e-01  2.5459824800e-01  2.6839982200e-01  2.7928155200e-01
    1.3980000000e+01  5.8422936800e-01  6.1267211600e-01  6.8233534500e-01  2.5629443700e-01  2.7012900700e-01  2.8149185900e-01
    1.3990000000e+01  5.9024013000e-01  6.1963142500e-01  6.8983336100e-01  2.5807109800e-01  2.7198662000e-01  2.8385659400e-01
    1.4000000000e+01  5.9630553200e-01  6.2668720900e-01  6.9743447700e-01  2.5993202700e-01  2.7398568100e-01  2.8638798300e-01
    1.4010000000e+01  6.0243171400e-01  6.3383864600e-01  7.0513852200e-01  2.6188290300e-01  2.7614007100e-01  2.8909937000e-01
    1.4020000000e+01  6.0862460900e-01  6.4108280600e-01  7.1294369700e-01  2.6393145800e-01  2.7846413100e-01  2.9200496400e-01
    1.4030000000e+01  6.1488940700e-01  6.4841457600e-01  7.2084639700e-01  2.6608749100e-01  2.8097220700e-01  2.9511955200e-01
    1.4040000000e+01  6.2123003400e-01  6.5582671300e-01  7.2884111000e-01  2.6836272000e-01  2.8367820400e-01  2.9845816500e-01
    1.4050000000e+01  6.2764871100e-01  6.6331001500e-01  7.3692039700e-01  2.7077048800e-01  2.8659516600e-01  3.0203574500e-01
    1.4060000000e+01  6.3414562700e-01  6.7085358700e-01  7.4507494800e-01  2.7332539000e-01  2.8973493300e-01  3.0586680700e-01
    1.4070000000e+01  6.4071873600e-01  6.7844518000e-01  7.5329373100e-01  2.7604285200e-01  2.9310788300e-01  3.0996515200e-01
    1.4080000000e+01  6.4736365500e-01  6.8607156900e-01  7.6156419300e-01  2.7893872500e-01  2.9672280800e-01  3.1434364100e-01
    1.4090000000e+01  6.5407363900e-01  6.9371891100e-01  7.6987250100e-01  2.8202891400e-01  3.0058688400e-01  3.1901405700e-01
    1.4100000000e+01  6.6083959600e-01  7.0137306500e-01  7.7820376500e-01  2.8532902600e-01  3.0470574700e-01  3.2398706300e-01
    1.4110000000e+01  6.6765014300e-01  7.0901983000e-01  7.8654221200e-01  2.8885405500e-01  3.0908362700e-01  3.2927222400e-01
    1.4120000000e+01  6.7449166600e-01  7.1664511900e-01  7.9487128200e-01  2.9261806700e-01  3.1372349300e-01  3.3487807000e-01
    1.4130000000e+01  6.8134843100e-01  7.2423506100e-01  8.0317364100e-01  2.9663388500e-01  3.1862719500e-01  3.4081213700e-01
    1.4140000000e+01  6.8820272500e-01  7.3177608300e-01  8.1143114600e-01  3.0091277400e-01  3.2379557100e-01  3.4708094300e-01
    1.4150000000e+01  6.9503506500e-01  7.3925499100e-01  8.1962480000e-01  3.0546413600e-01  3.2922852800e-01  3.5368988200e-01
    1.4160000000e+01  7.0182446400e-01  7.4665908000e-01  8.2773475600e-01  3.1029523700e-01  3.3492512700e-01  3.6064304800e-01
    1.4170000000e+01  7.0854875200e-01  7.5397626100e-01  8.3574041700e-01  3.1541099300e-01  3.4088368700e-01  3.6794299500e-01
    1.4180000000e+01  7.1518493200e-01  7.6119521200e-01  8.4362064600e-01  3.2081381700e-01  3.4710196900e-01  3.7559052800e-01
    1.4190000000e+01  7.2170953400e-01  7.6830548100e-01  8.5135408000e-01  3.2650355600e-01  3.5357742600e-01  3.8358454500e-01
    1.4200000000e+01  7.2809895900e-01  7.7529752400e-01  8.5891951700e-01  3.3247748500e-01  3.6030754400e-01  3.9192200900e-01
    1.4210000000e+01  7.3432977400e-01  7.8216261400e-01  8.6629631800e-01  3.3873034500e-01  3.6729021100e-01  4.0059805400e-01
    1.4220000000e+01  7.4037897600e-01  7.8889260500e-01  8.7346475700e-01  3.4525439400e-01  3.7452409900e-01  4.0960623900e-01
    1.4230000000e+01  7.4622424300e-01  7.9547953300e-01  8.8040627700e-01  3.5203945600e-01  3.8200896400e-01  4.1893893400e-01
    1.4240000000e+01  7.5184418100e-01  8.0191510600e-01  8.8710360000e-01  3.5907295600e-01  3.8974581900e-01  4.2858778700e-01
    1.4250000000e+01  7.5721861700e-01  8.0819010000e-01  8.9354065500e-01  3.6633996900e-01  3.9773692100e-01  4.3854422800e-01
    1.4260000000e+01  7.6232891900e-01  8.1429377000e-01  8.9970230600e-01  3.7382329300e-01  4.0598555400e-01  4.4879995500e-01
    1.4270000000e+01  7.6715837200e-01  8.2021331600e-01  9.0557387800e-01  3.8150359300e-01  4.1449561900e-01  4.5934731900e-01
    1.4280000000e+01  7.7169255800e-01  8.2593349400e-01  9.1114050600e-01  3.8935964400e-01  4.2327105900e-01  4.7017952400e-01
    1.4290000000e+01  7.7591971000e-01  8.3143638600e-01  9.1638636700e-01  3.9736869700e-01  4.3231518400e-01  4.8129057000e-01
    1.4300000000e+01  7.7983099100e-01  8.3670136200e-01  9.2129389000e-01  4.0550695000e-01  4.4162994100e-01  4.9267487000e-01
    1.4310000000e+01  7.8342063300e-01  8.4170520400e-01  9.2584307800e-01  4.1375011200e-01  4.5121518600e-01  5.0432652200e-01
    1.4320000000e+01  7.8668593000e-01  8.4642240400e-01  9.3001108200e-01  4.2207399000e-01  4.6106798000e-01  5.1623827100e-01
    1.4330000000e+01  7.8962706100e-01  8.5082561600e-01  9.3377215400e-01  4.3045504500e-01  4.7118193200e-01  5.2840024400e-01
    1.4340000000e+01  7.9224679100e-01  8.5488626700e-01  9.3709808400e-01  4.3887085800e-01  4.8154661400e-01  5.4079860400e-01
    1.4350000000e+01  7.9455009400e-01  8.5857533400e-01  9.3995916500e-01  4.4730049200e-01  4.9214709900e-01  5.5341432500e-01
    1.4360000000e+01  7.9654372400e-01  8.6186427600e-01  9.4232563500e-01  4.5572473900e-01  5.0296366500e-01  5.6622228300e-01
    1.4370000000e+01  7.9823577700e-01  8.6472606600e-01  9.4416947300e-01  4.6412626600e-01  5.1397174500e-01  5.7919087600e-01
    1.4380000000e+01  7.9963524000e-01  8.6713625000e-01  9.4546633200e-01  4.7248967500e-01  5.2514215700e-01  5.9228229300e-01
    1.4390000000e+01  8.0075152500e-01  8.6907393100e-01  9.4619733100e-01  4.8080145100e-01  5.3644163200e-01  6.0545348700e-01
    1.4400000000e+01  8.0159402500e-01  8.7052257100e-01  9.4635042400e-01  4.8904978900e-01  5.4783359200e-01  6.1865775100e-01
    1.4410000000e+01  8.0217172100e-01  8.7147053700e-01  9.4592111100e-01  4.9722426800e-01  5.5927910700e-01  6.3184669300e-01
    1.4420000000e+01  8.0249292600e-01  8.7191135000e-01  9.4491238700e-01  5.0531538600e-01  5.7073791300e-01  6.4497228800e-01
    1.4430000000e+01  8.0256522200e-01  8.7184365300e-01  9.4333395600e-01  5.1331400600e-01  5.8216939400e-01  6.5798868500e-01
    1.4440000000e+01  8.0239563800e-01  8.7127095000e-01  9.4120091000e-01  5.2121078900e-01  5.9353342500e-01  6.7085347100e-01
    1.4450000000e+01  8.0199109200e-01  8.7020121100e-01  9.3853218100e-01  5.2899571400e-01  6.0479103200e-01  6.8352823300e-01
    1.4460000000e+01  8.0135905500e-01  8.6864642500e-01  9.3534912000e-01  5.3665780900e-01  6.1590485200e-01  6.9597842000e-01
    1.4470000000e+01  8.0050835700e-01  8.6662221200e-01  9.3167450000e-01  5.4418518400e-01  6.2683942800e-01  7.0817267200e-01
    1.4480000000e+01  7.9945001900e-01  8.6414752800e-01  9.2753213500e-01  5.5156544700e-01  6.3756143300e-01  7.2008191900e-01
    1.4490000000e+01  7.9819793000e-01  8.6124448500e-01  9.2294712500e-01  5.5878653200e-01  6.4803991000e-01  7.3167858500e-01
    1.4500000000e+01  7.9676918400e-01  8.5793819900e-01  9.1794657900e-01  5.6583788200e-01  6.5824661500e-01  7.4293621500e-01
    1.4510000000e+01  7.9518389600e-01  8.5425657600e-01  9.1256053100e-01  5.7271183100e-01  6.6815649800e-01  7.5382971600e-01
    1.4520000000e+01  7.9346440700e-01  8.5022988900e-01  9.0682268500e-01  5.7940496300e-01  6.7774827100e-01  7.6433626300e-01
    1.4530000000e+01  7.9163388700e-01  8.4589009700e-01  9.0077065500e-01  5.8591915000e-01  6.8700493000e-01  7.7443672000e-01
    1.4540000000e+01  7.8971450100e-01  8.4126989700e-01  8.9444545700e-01  5.9226200300e-01  6.9591405900e-01  7.8411727000e-01
    1.4550000000e+01  7.8772541100e-01  8.3640163100e-01  8.8789017200e-01  5.9844658100e-01  7.0446777400e-01  7.9337084300e-01
    1.4560000000e+01  7.8568095800e-01  8.3131625900e-01  8.8114795600e-01  6.0449030300e-01  7.1266223800e-01  8.0219793700e-01
    1.4570000000e+01  7.8358933800e-01  8.2604259800e-01  8.7425975500e-01  6.1041321500e-01  7.2049679400e-01  8.1060655000e-01
    1.4580000000e+01  7.8145201500e-01  8.2060699800e-01  8.6726216300e-01  6.1623586900e-01  7.2797290000e-01  8.1861114700e-01
    1.4590000000e+01  7.7926393000e-01  8.1503351100e-01  8.6018589200e-01  6.2197714700e-01  7.3509306100e-01  8.2623085800e-01
    1.4600000000e+01  7.7701444700e-01  8.0934448600e-01  8.5305511900e-01  6.2765234300e-01  7.4186001900e-01  8.3348725800e-01
    1.4610000000e+01  7.7468884200e-01  8.0356145000e-01  8.4588779500e-01  6.3327175200e-01  7.4827634500e-01  8.4040220500e-01
    1.4620000000e+01  7.7227007600e-01  7.9770604500e-01  8.3869672200e-01  6.3883986500e-01  7.5434452100e-01  8.4699615000e-01
    1.4630000000e+01  7.6974061100e-01  7.9180081200e-01  8.3149108300e-01  6.4435518600e-01  7.6006750600e-01  8.5328718300e-01
    1.4640000000e+01  7.6708407400e-01  7.8586961900e-01  8.2427801000e-01  6.4981058000e-01  7.6544965800e-01  8.5929088800e-01
    1.4650000000e+01  7.6428664400e-01  7.7993759400e-01  8.1706381600e-01  6.5519401900e-01  7.7049786100e-01  8.6502086900e-01
    1.4660000000e+01  7.6133810500e-01  7.7403050300e-01  8.0985466800e-01  6.6048960300e-01  7.7522259200e-01  8.7048966300e-01
    1.4670000000e+01  7.5823254700e-01  7.6817362300e-01  8.0265662200e-01  6.6567871900e-01  7.7963871600e-01  8.7570971100e-01
    1.4680000000e+01  7.5496875400e-01  7.6239026800e-01  7.9547514400e-01  6.7074128100e-01  7.8376578700e-01  8.8069408800e-01
    1.4690000000e+01  7.5155026700e-01  7.5670018400e-01  7.8831430700e-01  6.7565696600e-01  7.8762773200e-01  8.8545678200e-01
    1.4700000000e+01  7.4798515300e-01  7.5111808200e-01  7.8117593800e-01  6.8040640600e-01  7.9125191200e-01  8.9001248600e-01
    1.4710000000e+01  7.4428546300e-01  7.4565255700e-01  7.7405895600e-01  6.8497226500e-01  7.9466764100e-01  8.9437593300e-01
    1.4720000000e+01  7.4046640400e-01  7.4030557200e-01  7.6695905000e-01  6.8934011300e-01  7.9790436700e-01  8.9856095800e-01
    1.4730000000e+01  7.3654529200e-01  7.3507258300e-01  7.5986878500e-01  6.9349897900e-01  8.0098972600e-01  9.0257945400e-01
    1.4740000000e+01  7.3254039500e-01  7.2994332700e-01  7.5277810100e-01  6.9744150700e-01  8.0394772600e-01  9.0644041500e-01
    1.4750000000e+01  7.2846986500e-01  7.2490317000e-01  7.4567512600e-01  7.0116368300e-01  8.0679727200e-01  9.1014920800e-01
    1.4760000000e+01  7.2435090400e-01  7.1993487000e-01  7.3854717400e-01  7.0466420100e-01  8.0955119700e-01  9.1370714500e-01
    1.4770000000e+01  7.2019933000e-01  7.1502058600e-01  7.3138179700e-01  7.0794361800e-01  8.1221592300e-01  9.1711138600e-01
    1.4780000000e+01  7.1602956800e-01  7.1014389100e-01  7.2416779800e-01  7.1100348500e-01  8.1479181400e-01  9.2035512800e-01
    1.4790000000e+01  7.1185502800e-01  7.0529153300e-01  7.1689610200e-01  7.1384567500e-01  8.1727421000e-01  9.2342802900e-01
    1.4800000000e+01  7.0768870900e-01  7.0045471800e-01  7.0956047600e-01  7.1647202600e-01  8.1965500400e-01  9.2631679700e-01
    1.4810000000e+01  7.0354386500e-01  6.9562969900e-01  7.0215808600e-01  7.1888438000e-01  8.2192455500e-01  9.2900586700e-01
    1.4820000000e+01  6.9943452500e-01  6.9081760200e-01  6.9468990200e-01  7.2108495100e-01  8.2407362100e-01  9.3147815100e-01
    1.4830000000e+01  6.9537577800e-01  6.8602355000e-01  6.8716098000e-01  7.2307692000e-01  8.2609500600e-01  9.3371581900e-01
    1.4840000000e+01  6.9138374200e-01  6.8125529400e-01  6.7958062200e-01  7.2486513100e-01  8.2798466000e-01  9.3570113700e-01
    1.4850000000e+01  6.8747524700e-01  6.7652161700e-01  6.7196239900e-01  7.2645674200e-01  8.2974211900e-01  9.3741735600e-01
    1.4860000000e+01  6.8366726300e-01  6.7183081500e-01  6.6432401700e-01  7.2786176000e-01  8.3137028800e-01  9.3884964600e-01
    1.4870000000e+01  6.7997614600e-01  6.6718948700e-01  6.5668696800e-01  7.2909338200e-01  8.3287468700e-01  9.3998606400e-01
    1.4880000000e+01  6.7641673500e-01  6.6260178700e-01  6.4907593600e-01  7.3016810000e-01  8.3426237100e-01  9.4081850600e-01
    1.4890000000e+01  6.7300139000e-01  6.5806919400e-01  6.4151791400e-01  7.3110553300e-01  8.3554073400e-01  9.4134356600e-01
    1.4900000000e+01  6.6973903400e-01  6.5359075300e-01  6.3404102000e-01  7.3192793200e-01  8.3671642000e-01  9.4156318000e-01
    1.4910000000e+01  6.6663431800e-01  6.4916367600e-01  6.2667307400e-01  7.3265937000e-01  8.3779447900e-01  9.4148493600e-01
    1.4920000000e+01  6.6368702600e-01  6.4478413600e-01  6.1944005500e-01  7.3332462200e-01  8.3877788200e-01  9.4112191600e-01
    1.4930000000e+01  6.6089184500e-01  6.4044810000e-01  6.1236462300e-01  7.3394784000e-01  8.3966736000e-01  9.4049203800e-01
    1.4940000000e+01  6.5823858400e-01  6.3615207600e-01  6.0546491900e-01  7.3455114400e-01  8.4046153200e-01  9.3961691900e-01
    1.4950000000e+01  6.5571284900e-01  6.3189371000e-01  5.9875378900e-01  7.3515331300e-01  8.4115720500e-01  9.3852042100e-01
    1.4960000000e+01  6.5329715100e-01  6.2767223600e-01  5.9223854100e-01  7.3576874800e-01  8.4174976600e-01  9.3722704500e-01
    1.4970000000e+01  6.5097229400e-01  6.2348881700e-01  5.8592120200e-01  7.3640684700e-01  8.4223362100e-01  9.3576039200e-01
    1.4980000000e+01  6.4871889200e-01  6.1934681200e-01  5.7979920500e-01  7.3707189200e-01  8.4260266600e-01  9.3414184700e-01
    1.4990000000e+01  6.4651880600e-01  6.1525196200e-01  5.7386636700e-01  7.3776343800e-01  8.4285082800e-01  9.3238957200e-01
    1.5000000000e+01  6.4435632200e-01  6.1121248400e-01  5.6811403400e-01  7.3847716000e-01  8.4297268700e-01  9.3051786500e-01
    1.5010000000e+01  6.4221890400e-01  6.0723899700e-01  5.6253227400e-01  7.3920600400e-01  8.4296415900e-01  9.2853684600e-01
    1.5020000000e+01  6.4009745800e-01  6.0334424400e-01  5.5711103700e-01  7.3994144300e-01  8.4282320600e-01  9.2645243400e-01
    1.5030000000e+01  6.3798610900e-01  5.9954258600e-01  5.5184127000e-01  7.4067463400e-01  8.4255046600e-01  9.2426656600e-01
    1.5040000000e+01  6.3588160400e-01  5.9584929400e-01  5.4671594000e-01  7.4139726800e-01  8.4214972800e-01  9.2197763700e-01
    1.5050000000e+01  6.3378254700e-01  5.9227971400e-01  5.4173099600e-01  7.4210199900e-01  8.4162816800e-01  9.1958115700e-01
    1.5060000000e+01  6.3168867900e-01  5.8884840400e-01  5.3688620500e-01  7.4278246200e-01  8.4099631500e-01  9.1707066600e-01
    1.5070000000e+01  6.2960042200e-01  5.8556835000e-01  5.3218579300e-01  7.4343297800e-01  8.4026777700e-01  9.1443892000e-01
    1.5080000000e+01  6.2751876900e-01  5.8245033600e-01  5.2763876900e-01  7.4404816900e-01  8.3945876400e-01  9.1167934400e-01
    1.5090000000e+01  6.2544549400e-01  5.7950252100e-01  5.2325879400e-01  7.4462271200e-01  8.3858753600e-01  9.0878765500e-01
    1.5100000000e+01  6.2338351200e-01  5.7673019600e-01  5.1906348900e-01  7.4515137500e-01  8.3767384400e-01  9.0576350700e-01
    1.5110000000e+01  6.2133717800e-01  5.7413566200e-01  5.1507314900e-01  7.4562936900e-01  8.3673845700e-01  9.0261193300e-01
    1.5120000000e+01  6.1931232600e-01  5.7171813800e-01  5.1130892100e-01  7.4605292500e-01  8.3580277500e-01  8.9934433500e-01
    1.5130000000e+01  6.1731599000e-01  5.6947360300e-01  5.0779063100e-01  7.4641987200e-01  8.3488848600e-01  8.9597881400e-01
    1.5140000000e+01  6.1535581800e-01  5.6739455400e-01  5.0453451600e-01  7.4673005600e-01  8.3401716500e-01  8.9253971000e-01
    1.5150000000e+01  6.1343935300e-01  5.6546971500e-01  5.0155117600e-01  7.4698545400e-01  8.3320969500e-01  8.8905632500e-01
    1.5160000000e+01  6.1157332200e-01  5.6368382000e-01  4.9884406000e-01  7.4718995800e-01  8.3248544200e-01  8.8556094100e-01
    1.5170000000e+01  6.0976311000e-01  5.6201763100e-01  4.9640873200e-01  7.4734889900e-01  8.3186118500e-01  8.8208638000e-01
    1.5180000000e+01  6.0801249800e-01  5.6044835600e-01  4.9423305700e-01  7.4746843000e-01  8.3134990900e-01  8.7866342000e-01
    1.5190000000e+01  6.0632367400e-01  5.5895055900e-01  4.9229831900e-01  7.4755490200e-01  8.3095963100e-01  8.7531843600e-01
    1.5200000000e+01  6.0469749100e-01  5.5749757200e-01  4.9058110500e-01  7.4761434900e-01  8.3069251700e-01  8.7207161500e-01
    1.5210000000e+01  6.0313388100e-01  5.5606327900e-01  4.8905569100e-01  7.4765218200e-01  8.3054451500e-01  8.6893600200e-01
    1.5220000000e+01  6.0163230500e-01  5.5462405800e-01  4.8769655200e-01  7.4767311200e-01  8.3050568600e-01  8.6591750100e-01
    1.5230000000e+01  6.0019214000e-01  5.5316054300e-01  4.8648060800e-01  7.4768130100e-01  8.3056127800e-01  8.6301580100e-01
    1.5240000000e+01  5.9881288300e-01  5.5165888400e-01  4.8538885000e-01  7.4768065000e-01  8.3069346300e-01  8.6022601500e-01
    1.5250000000e+01  5.9749414800e-01  5.5011123500e-01  4.8440714400e-01  7.4767512300e-01  8.3088345200e-01  8.5754069600e-01
    1.5260000000e+01  5.9623547700e-01  5.4851534900e-01  4.8352616000e-01  7.4766897100e-01  8.3111363100e-01  8.5495182200e-01
    1.5270000000e+01  5.9503607000e-01  5.4687335800e-01  4.8274059100e-01  7.4766677300e-01  8.3136930500e-01  8.5245240700e-01
    1.5280000000e+01  5.9389456700e-01  5.4518997600e-01  4.8204795900e-01  7.4767329900e-01  8.3163973000e-01  8.5003750200e-01
    1.5290000000e+01  5.9280897600e-01  5.4347054500e-01  4.8144733600e-01  7.4769327100e-01  8.3191825700e-01  8.4770454900e-01
    1.5300000000e+01  5.9177678800e-01  5.4171931300e-01  4.8093827900e-01  7.4773116200e-01  8.3220163900e-01  8.4545322400e-01
    1.5310000000e+01  5.9079518700e-01  5.3993830000e-01  4.8052012700e-01  7.4779114500e-01  8.3248872800e-01  8.4328498100e-01
    1.5320000000e+01  5.8986123000e-01  5.3812691800e-01  4.8019166600e-01  7.4787723500e-01  8.3277892800e-01  8.4120254700e-01
    1.5330000000e+01  5.8897186100e-01  5.3628231000e-01  4.7995105700e-01  7.4799356200e-01  8.3307075100e-01  8.3920954100e-01
    1.5340000000e+01  5.8812367400e-01  5.3440025300e-01  4.7979587500e-01  7.4814464600e-01  8.3336079700e-01  8.3731029100e-01
    1.5350000000e+01  5.8731247300e-01  5.3247633200e-01  4.7972310800e-01  7.4833549400e-01  8.3364327100e-01  8.3550981700e-01
    1.5360000000e+01  5.8653273100e-01  5.3050711800e-01  4.7972901300e-01  7.4857141700e-01  8.3391008900e-01  8.3381391400e-01
    1.5370000000e+01  5.8577714000e-01  5.2849111200e-01  4.7980881500e-01  7.4885751900e-01  8.3415143500e-01  8.3222918700e-01
    1.5380000000e+01  5.8503641100e-01  5.2642933100e-01  4.7995627500e-01  7.4919794000e-01  8.3435660800e-01  8.3076295700e-01
    1.5390000000e+01  5.8429943900e-01  5.2432546900e-01  4.8016322700e-01  7.4959498700e-01  8.3451495500e-01  8.2942293800e-01
    1.5400000000e+01  5.8355385900e-01  5.2218571400e-01  4.8041918400e-01  7.5004834400e-01  8.3461669900e-01  8.2821671200e-01
    1.5410000000e+01  5.8278691700e-01  5.2001832500e-01  4.8071113000e-01  7.5055453100e-01  8.3465357400e-01  8.2715099500e-01
    1.5420000000e+01  5.8198654900e-01  5.1783311300e-01  4.8102355900e-01  7.5110672400e-01  8.3461920700e-01  8.2623082500e-01
    1.5430000000e+01  5.8114247700e-01  5.1564094500e-01  4.8133877800e-01  7.5169499500e-01  8.3450930700e-01  8.2545872600e-01
    1.5440000000e+01  5.8024716800e-01  5.1345332600e-01  4.8163747000e-01  7.5230694700e-01  8.3432174700e-01  8.2483397000e-01
    1.5450000000e+01  5.7929652500e-01  5.1128205200e-01  4.8189948100e-01  7.5292865800e-01  8.3405660800e-01  8.2435198300e-01
    1.5460000000e+01  5.7829021200e-01  5.0913889200e-01  4.8210478300e-01  7.5354580900e-01  8.3371626400e-01  8.2400394600e-01
    1.5470000000e+01  5.7723156600e-01  5.0703520900e-01  4.8223458300e-01  7.5414488300e-01  8.3330549500e-01  8.2377666100e-01
    1.5480000000e+01  5.7612709700e-01  5.0498146800e-01  4.8227251300e-01  7.5471425800e-01  8.3283159700e-01  8.2365272000e-01
    1.5490000000e+01  5.7498560600e-01  5.0298658600e-01  4.8220581100e-01  7.5524504900e-01  8.3230438300e-01  8.2361102900e-01
    1.5500000000e+01  5.7381705000e-01  5.0105715100e-01  4.8202637000e-01  7.5573155600e-01  8.3173599000e-01  8.2362771600e-01
    1.5510000000e+01  5.7263134000e-01  4.9919660500e-01  4.8173151600e-01  7.5617120200e-01  8.3114036500e-01  8.2367737100e-01
    1.5520000000e+01  5.7143730400e-01  4.9740453400e-01  4.8132438100e-01  7.5656398400e-01  8.3053239800e-01  8.2373452300e-01
    1.5530000000e+01  5.7024205500e-01  4.9567624100e-01  4.8081381700e-01  7.5691154700e-01  8.2992673300e-01  8.2377520000e-01
    1.5540000000e+01  5.6905090100e-01  4.9400276100e-01  4.8021383200e-01  7.5721613800e-01  8.2933636000e-01  8.2377839500e-01
    1.5550000000e+01  5.6786778200e-01  4.9237142800e-01  4.7954262600e-01  7.5747974800e-01  8.2877120300e-01  8.2372731200e-01
    1.5560000000e+01  5.6669605000e-01  4.9076697100e-01  4.7882130900e-01  7.5770369500e-01  8.2823694200e-01  8.2361026000e-01
    1.5570000000e+01  5.6553928300e-01  4.8917304400e-01  4.7807243800e-01  7.5788875400e-01  8.2773429800e-01  8.2342114500e-01
    1.5580000000e+01  5.6440180800e-01  4.8757394400e-01  4.7731848100e-01  7.5803575700e-01  8.2725894300e-01  8.2315951000e-01
    1.5590000000e+01  5.6328873300e-01  4.8595624500e-01  4.7658036900e-01  7.5814640800e-01  8.2680209100e-01  8.2283012300e-01
    1.5600000000e+01  5.6220545300e-01  4.8431004400e-01  4.7587626500e-01  7.5822398100e-01  8.2635166500e-01  8.2244214900e-01
    1.5610000000e+01  5.6115677800e-01  4.8262960200e-01  4.7522070300e-01  7.5827364900e-01  8.2589381400e-01  8.2200802500e-01
    1.5620000000e+01  5.6014596100e-01  4.8091330200e-01  4.7462416200e-01  7.5830229000e-01  8.2541445700e-01  8.2154217400e-01
    1.5630000000e+01  5.5917388800e-01  4.7916299300e-01  4.7409310600e-01  7.5831780900e-01  8.2490055200e-01  8.2105975500e-01
    1.5640000000e+01  5.5823864300e-01  4.7738296500e-01  4.7363040100e-01  7.5832811200e-01  8.2434082200e-01  8.2057560600e-01
    1.5650000000e+01  5.5733555300e-01  4.7557887300e-01  4.7323599300e-01  7.5833995100e-01  8.2372588400e-01  8.2010351200e-01
    1.5660000000e+01  5.5645771100e-01  4.7375691000e-01  4.7290767700e-01  7.5835783900e-01  8.2304785600e-01  8.1965581800e-01
    1.5670000000e+01  5.5559691700e-01  4.7192345400e-01  4.7264180300e-01  7.5838321700e-01  8.2229968200e-01  8.1924337300e-01
    1.5680000000e+01  5.5474491400e-01  4.7008523600e-01  4.7243381800e-01  7.5841402300e-01  8.2147448200e-01  8.1887570700e-01
    1.5690000000e+01  5.5389476100e-01  4.6824991800e-01  4.7227859500e-01  7.5844474600e-01  8.2056519600e-01  8.1856133200e-01
    1.5700000000e+01  5.5304214900e-01  4.6642685500e-01  4.7217052900e-01  7.5846702200e-01  8.1956472300e-01  8.1830805600e-01
    1.5710000000e+01  5.5218644300e-01  4.6462773300e-01  4.7210346800e-01  7.5847072700e-01  8.1846657700e-01  8.1812323200e-01
    1.5720000000e+01  5.5133125400e-01  4.6286680600e-01  4.7207051300e-01  7.5844544400e-01  8.1726594000e-01  8.1801387100e-01
    1.5730000000e+01  5.5048440600e-01  4.6116054300e-01  4.7206377100e-01  7.5838208200e-01  8.1596085500e-01  8.1798659500e-01
    1.5740000000e+01  5.4965727800e-01  4.5952666700e-01  4.7207413800e-01  7.5827438500e-01  8.1455323400e-01  8.1804742100e-01
    1.5750000000e+01  5.4886360400e-01  4.5798272000e-01  4.7209118300e-01  7.5812008000e-01  8.1304934800e-01  8.1820139800e-01
    1.5760000000e+01  5.4811795800e-01  4.5654446800e-01  4.7210320600e-01  7.5792148500e-01  8.1145962800e-01  8.1845217100e-01
    1.5770000000e+01  5.4743414400e-01  4.5522451800e-01  4.7209749500e-01  7.5768550500e-01  8.0979771700e-01  8.1880153700e-01
    1.5780000000e+01  5.4682376600e-01  4.5403151500e-01  4.7206076500e-01  7.5742305500e-01  8.0807898900e-01  8.1924911800e-01
    1.5790000000e+01  5.4629514100e-01  4.5297011100e-01  4.7197970000e-01  7.5714806400e-01  8.0631887500e-01  8.1979220800e-01
    1.5800000000e+01  5.4585267700e-01  4.5204171500e-01  4.7184152300e-01  7.5687621900e-01  8.0453140400e-01  8.2042581500e-01
    1.5810000000e+01  5.4549673900e-01  4.5124580700e-01  4.7163448500e-01  7.5662367000e-01  8.0272833600e-01  8.2114288900e-01
    1.5820000000e+01  5.4522395500e-01  4.5058143600e-01  4.7134824000e-01  7.5640584400e-01  8.0091906400e-01  8.2193465200e-01
    1.5830000000e+01  5.4502785900e-01  4.5004850100e-01  4.7097408200e-01  7.5623653400e-01  7.9911125600e-01  8.2279098600e-01
    1.5840000000e+01  5.4489974500e-01  4.4964849600e-01  4.7050506900e-01  7.5612732800e-01  7.9731201300e-01  8.2370080600e-01
    1.5850000000e+01  5.4482957000e-01  4.4938455000e-01  4.6993606600e-01  7.5608741900e-01  7.9552920700e-01  8.2465240800e-01
    1.5860000000e+01  5.4480674900e-01  4.4926082400e-01  4.6926374300e-01  7.5612376200e-01  7.9377263600e-01  8.2563378800e-01
    1.5870000000e+01  5.4482074600e-01  4.4928142700e-01  4.6848652700e-01  7.5624149600e-01  7.9205473300e-01  8.2663293100e-01
    1.5880000000e+01  5.4486134600e-01  4.4944915500e-01  4.6760452700e-01  7.5644449300e-01  7.9039070600e-01  8.2763808500e-01
    1.5890000000e+01  5.4491862500e-01  4.4976430500e-01  4.6661942200e-01  7.5673590500e-01  7.8879811500e-01  8.2863803200e-01
    1.5900000000e+01  5.4498264800e-01  4.5022380500e-01  4.6553429100e-01  7.5711855400e-01  7.8729603100e-01  8.2962233500e-01
    1.5910000000e+01  5.4504299500e-01  4.5082075000e-01  4.6435339700e-01  7.5759506200e-01  7.8590396400e-01  8.3058155900e-01
    1.5920000000e+01  5.4508827900e-01  4.5154437200e-01  4.6308191000e-01  7.5816768800e-01  7.8464078200e-01  8.3150744500e-01
    1.5930000000e+01  5.4510577500e-01  4.5238034000e-01  4.6172558100e-01  7.5883787700e-01  7.8352376000e-01  8.3239299500e-01
    1.5940000000e+01  5.4508130900e-01  4.5331127200e-01  4.6029040000e-01  7.5960562700e-01  7.8256787000e-01  8.3323248100e-01
    1.5950000000e+01  5.4499942400e-01  4.5431732100e-01  4.5878226300e-01  7.6046881100e-01  7.8178529900e-01  8.3402133600e-01
    1.5960000000e+01  5.4484383700e-01  4.5537673000e-01  4.5720666300e-01  7.6142257400e-01  7.8118514600e-01  8.3475594200e-01
    1.5970000000e+01  5.4459809300e-01  4.5646632100e-01  4.5556847500e-01  7.6245890900e-01  7.8077321100e-01  8.3543330800e-01
    1.5980000000e+01  5.4424634300e-01  4.5756193400e-01  4.5387186100e-01  7.6356645700e-01  7.8055177800e-01  8.3605066100e-01
    1.5990000000e+01  5.4377414500e-01  4.5863890400e-01  4.5212036100e-01  7.6473052100e-01  7.8051935800e-01  8.3660498300e-01
    1.6000000000e+01  5.4316926100e-01  4.5967265900e-01  4.5031720800e-01  7.6593328900e-01  7.8067040200e-01  8.3709260700e-01
    1.6010000000e+01  5.4242239600e-01  4.6063952800e-01  4.4846584500e-01  7.6715423600e-01  7.8099508800e-01  8.3750896200e-01
    1.6020000000e+01  5.4152785800e-01  4.6151773600e-01  4.4657056400e-01  7.6837071900e-01  7.8147931400e-01  8.3784858700e-01
    1.6030000000e+01  5.4048409000e-01  4.6228851000e-01  4.4463712900e-01  7.6955875000e-01  7.8210501800e-01  8.3810547300e-01
    1.6040000000e+01  5.3929400400e-01  4.6293713900e-01  4.4267321100e-01  7.7069392700e-01  7.8285091200e-01  8.3827369300e-01
    1.6050000000e+01  5.3796503600e-01  4.6345379500e-01  4.4068852100e-01  7.7175247900e-01  7.8369359100e-01  8.3834822200e-01
    1.6060000000e+01  5.3650891000e-01  4.6383395000e-01  4.3869455800e-01  7.7271229300e-01  7.8460892800e-01  8.3832577600e-01
    1.6070000000e+01  5.3494108100e-01  4.6407828700e-01  4.3670401900e-01  7.7355382600e-01  7.8557353600e-01  8.3820550600e-01
    1.6080000000e+01  5.3327997900e-01  4.6419212600e-01  4.3472995000e-01  7.7426078400e-01  7.8656610800e-01  8.3798940800e-01
    1.6090000000e+01  5.3154612000e-01  4.6418443900e-01  4.3278479100e-01  7.7482051200e-01  7.8756842500e-01  8.3768237200e-01
    1.6100000000e+01  5.2976125100e-01  4.6406666800e-01  4.3087945300e-01  7.7522411000e-01  7.8856591400e-01  8.3729184600e-01
    1.6110000000e+01  5.2794758400e-01  4.6385153300e-01  4.2902260600e-01  7.7546631400e-01  7.8954773200e-01  8.3682716300e-01
    1.6120000000e+01  5.2612720800e-01  4.6355205000e-01  4.2722029600e-01  7.7554524900e-01  7.9050645100e-01  8.3629863500e-01
    1.6130000000e+01  5.2432165100e-01  4.6318089300e-01  4.2547597400e-01  7.7546213400e-01  7.9143751100e-01  8.3571658700e-01
    1.6140000000e+01  5.2255157300e-01  4.6275012800e-01  4.2379093100e-01  7.7522101100e-01  7.9233864800e-01  8.3509051100e-01
    1.6150000000e+01  5.2083652100e-01  4.6227124900e-01  4.2216504000e-01  7.7482853400e-01  7.9320952100e-01  8.3442852900e-01
    1.6160000000e+01  5.1919467300e-01  4.6175532200e-01  4.2059764200e-01  7.7429381400e-01  7.9405163100e-01  8.3373726700e-01
    1.6170000000e+01  5.1764254200e-01  4.6121301200e-01  4.1908835200e-01  7.7362826400e-01  7.9486856900e-01  8.3302217700e-01
    1.6180000000e+01  5.1619461600e-01  4.6065428600e-01  4.1763759000e-01  7.7284540700e-01  7.9566644100e-01  8.3228819700e-01
    1.6190000000e+01  5.1486296400e-01  4.6008770100e-01  4.1624670500e-01  7.7196057500e-01  7.9645423800e-01  8.3154061800e-01
    1.6200000000e+01  5.1365686700e-01  4.5951930800e-01  4.1491763900e-01  7.7099046300e-01  7.9724387900e-01  8.3078590100e-01
    1.6210000000e+01  5.1258254600e-01  4.5895138400e-01  4.1365220400e-01  7.6995254700e-01  7.9804971700e-01  8.3003227100e-01
    1.6220000000e+01  5.1164305000e-01  4.5838129500e-01  4.1245110800e-01  7.6886439400e-01  7.9888740000e-01  8.2928992000e-01
    1.6230000000e+01  5.1083834500e-01  4.5780079900e-01  4.1131294200e-01  7.6774294200e-01  7.9977218100e-01  8.2857074900e-01
    1.6240000000e+01  5.1016562000e-01  4.5719606400e-01  4.1023329600e-01  7.6660381700e-01  8.0071689500e-01  8.2788769000e-01
    1.6250000000e+01  5.0961975900e-01  4.5654852200e-01  4.0920418900e-01  7.6546077300e-01  8.0172997000e-01  8.2725367700e-01
    1.6260000000e+01  5.0919394500e-01  4.5583649600e-01  4.0821390900e-01  7.6432527400e-01  8.0281381000e-01  8.2668042200e-01
    1.6270000000e+01  5.0888033000e-01  4.5503739900e-01  4.0724731600e-01  7.6320626300e-01  8.0396390800e-01  8.2617716500e-01
    1.6280000000e+01  5.0867074000e-01  4.5413015000e-01  4.0628660000e-01  7.6211009400e-01  8.0516883200e-01  8.2574957300e-01
    1.6290000000e+01  5.0855737900e-01  4.5309744000e-01  4.0531240000e-01  7.6104064300e-01  8.0641114700e-01  8.2539897500e-01
    1.6300000000e+01  5.0853349500e-01  4.5192746900e-01  4.0430512000e-01  7.5999960700e-01  8.0766911700e-01  8.2512202800e-01
    1.6310000000e+01  5.0859395000e-01  4.5061487900e-01  4.0324624800e-01  7.5898698500e-01  8.0891890200e-01  8.2491088100e-01
    1.6320000000e+01  5.0873564800e-01  4.4916076800e-01  4.0211946600e-01  7.5800173200e-01  8.1013687900e-01  8.2475373600e-01
    1.6330000000e+01  5.0895773800e-01  4.4757183100e-01  4.0091143800e-01  7.5704252800e-01  8.1130168200e-01  8.2463567300e-01
    1.6340000000e+01  5.0926156500e-01  4.4585885300e-01  3.9961224700e-01  7.5610859700e-01  8.1239565400e-01  8.2453954400e-01
    1.6350000000e+01  5.0965036300e-01  4.4403488900e-01  3.9821557300e-01  7.5520047400e-01  8.1340550800e-01  8.2444678200e-01
    1.6360000000e+01  5.1012871100e-01  4.4211350200e-01  3.9671873300e-01  7.5432065400e-01  8.1432221200e-01  8.2433811200e-01
    1.6370000000e+01  5.1070179500e-01  4.4010734900e-01  3.9512267900e-01  7.5347404800e-01  8.1514024200e-01  8.2419417000e-01
    1.6380000000e+01  5.1137454600e-01  4.3802731500e-01  3.9343199000e-01  7.5266819600e-01  8.1585645100e-01  8.2399615300e-01
    1.6390000000e+01  5.1215071100e-01  4.3588222400e-01  3.9165476700e-01  7.5191319400e-01  8.1646883500e-01  8.2372654300e-01
    1.6400000000e+01  5.1303195600e-01  4.3367906800e-01  3.8980235200e-01  7.5122131100e-01  8.1697542900e-01  8.2336992500e-01
    1.6410000000e+01  5.1401711400e-01  4.3142360800e-01  3.8788875000e-01  7.5060629900e-01  8.1737349300e-01  8.2291377900e-01
    1.6420000000e+01  5.1510169400e-01  4.2912118600e-01  3.8592974900e-01  7.5008243500e-01  8.1765907500e-01  8.2234911200e-01
    1.6430000000e+01  5.1627775200e-01  4.2677756700e-01  3.8394178900e-01  7.4966343300e-01  8.1782694100e-01  8.2167076000e-01
    1.6440000000e+01  5.1753417100e-01  4.2439970500e-01  3.8194075500e-01  7.4936134900e-01  8.1787084500e-01  8.2087724600e-01
    1.6450000000e+01  5.1885731100e-01  4.2199631300e-01  3.7994090600e-01  7.4918566800e-01  8.1778405700e-01  8.1997015600e-01
    1.6460000000e+01  5.2023193900e-01  4.1957819300e-01  3.7795414100e-01  7.4914269400e-01  8.1756004800e-01  8.1895315100e-01
    1.6470000000e+01  5.2164226500e-01  4.1715828800e-01  3.7598976100e-01  7.4923533100e-01  8.1719323500e-01  8.1783078400e-01
    1.6480000000e+01  5.2307293400e-01  4.1475148300e-01  3.7405475000e-01  7.4946323600e-01  8.1667970000e-01  8.1660737900e-01
    1.6490000000e+01  5.2450982700e-01  4.1237417000e-01  3.7215447300e-01  7.4982326300e-01  8.1601777200e-01  8.1528619100e-01
    1.6500000000e+01  5.2594060100e-01  4.1004369400e-01  3.7029361900e-01  7.5031008700e-01  8.1520843800e-01  8.1386898900e-01
    1.6510000000e+01  5.2735496800e-01  4.0777772200e-01  3.6847715900e-01  7.5091685900e-01  8.1425555300e-01  8.1235608300e-01
    1.6520000000e+01  5.2874476000e-01  4.0559362700e-01  3.6671115200e-01  7.5163581900e-01  8.1316588700e-01  8.1074673100e-01
    1.6530000000e+01  5.3010385000e-01  4.0350793200e-01  3.6500329200e-01  7.5245879200e-01  8.1194903500e-01  8.0903979100e-01
    1.6540000000e+01  5.3142801800e-01  4.0153580400e-01  3.6336316300e-01  7.5337759100e-01  8.1061725800e-01  8.0723450200e-01
    1.6550000000e+01  5.3271477400e-01  3.9969057600e-01  3.6180220900e-01  7.5438433100e-01  8.0918527400e-01  8.0533127900e-01
    1.6560000000e+01  5.3396319200e-01  3.9798327900e-01  3.6033346500e-01  7.5547170700e-01  8.0766997800e-01  8.0333248000e-01
    1.6570000000e+01  5.3517370000e-01  3.9642215500e-01  3.5897104200e-01  7.5663322800e-01  8.0609007300e-01  8.0124307400e-01
    1.6580000000e+01  5.3634785400e-01  3.9501220900e-01  3.5772940200e-01  7.5786342400e-01  8.0446553600e-01  7.9907115600e-01
    1.6590000000e+01  5.3748808500e-01  3.9375485600e-01  3.5662243500e-01  7.5915800000e-01  8.0281690900e-01  7.9682825500e-01
    1.6600000000e+01  5.3859743600e-01  3.9264778000e-01  3.5566242000e-01  7.6051393800e-01  8.0116444000e-01  7.9452932100e-01
    1.6610000000e+01  5.3967930500e-01  3.9168507000e-01  3.5485895300e-01  7.6192956300e-01  7.9952714500e-01  7.9219237000e-01
    1.6620000000e+01  5.4073720100e-01  3.9085767400e-01  3.5421800600e-01  7.6340458800e-01  7.9792193700e-01  7.8983773000e-01
    1.6630000000e+01  5.4177446900e-01  3.9015415000e-01  3.5374127700e-01  7.6494015800e-01  7.9636293800e-01  7.8748697900e-01
    1.6640000000e+01  5.4279397100e-01  3.8956158800e-01  3.5342593300e-01  7.6653886600e-01  7.9486110700e-01  7.8516168800e-01
    1.6650000000e+01  5.4379768900e-01  3.8906659100e-01  3.5326480800e-01  7.6820468600e-01  7.9342422500e-01  7.8288217400e-01
    1.6660000000e+01  5.4478630900e-01  3.8865613000e-01  3.5324698800e-01  7.6994277000e-01  7.9205723100e-01  7.8066642500e-01
    1.6670000000e+01  5.4575885200e-01  3.8831814300e-01  3.5335863900e-01  7.7175907800e-01  7.9076282100e-01  7.7852932800e-01
    1.6680000000e+01  5.4671243500e-01  3.8804180000e-01  3.5358395400e-01  7.7365986300e-01  7.8954214500e-01  7.7648220900e-01
    1.6690000000e+01  5.4764223300e-01  3.8781743300e-01  3.5390605800e-01  7.7565110100e-01  7.8839545500e-01  7.7453264900e-01
    1.6700000000e+01  5.4854162500e-01  3.8763622100e-01  3.5430786200e-01  7.7773794100e-01  7.8732254100e-01  7.7268446800e-01
    1.6710000000e+01  5.4940249800e-01  3.8748976000e-01  3.5477288000e-01  7.7992424600e-01  7.8632289000e-01  7.7093784200e-01
    1.6720000000e+01  5.5021564000e-01  3.8736968600e-01  3.5528603600e-01  7.8221226200e-01  7.8539555500e-01  7.6928954000e-01
    1.6730000000e+01  5.5097118800e-01  3.8726745800e-01  3.5583448500e-01  7.8460238600e-01  7.8453880500e-01  7.6773337000e-01
    1.6740000000e+01  5.5165912600e-01  3.8717442000e-01  3.5640834300e-01  7.8709304200e-01  7.8374967000e-01  7.6626088200e-01
    1.6750000000e+01  5.5226982400e-01  3.8708212800e-01  3.5700119800e-01  7.8968068400e-01  7.8302351100e-01  7.6486233200e-01
    1.6760000000e+01  5.5279460800e-01  3.8698294400e-01  3.5761027000e-01  7.9235995900e-01  7.8235375800e-01  7.6352780700e-01
    1.6770000000e+01  5.5322629700e-01  3.8687078500e-01  3.5823615400e-01  7.9512408700e-01  7.8173191600e-01  7.6224833500e-01
    1.6780000000e+01  5.5355957700e-01  3.8674190500e-01  3.5888219700e-01  7.9796546400e-01  7.8114792000e-01  7.6101678400e-01
    1.6790000000e+01  5.5379112700e-01  3.8659554300e-01  3.5955367500e-01  8.0087640200e-01  7.8059083600e-01  7.5982842500e-01
    1.6800000000e+01  5.5391939300e-01  3.8643428000e-01  3.6025694000e-01  8.0384988300e-01  7.8004981200e-01  7.5868114300e-01
    1.6810000000e+01  5.5394406700e-01  3.8626403400e-01  3.6099870600e-01  8.0688016000e-01  7.7951516000e-01  7.5757538700e-01
    1.6820000000e+01  5.5386533800e-01  3.8609365600e-01  3.6178551900e-01  8.0996305000e-01  7.7897938000e-01  7.5651400400e-01
    1.6830000000e+01  5.5368310300e-01  3.8593420500e-01  3.6262337900e-01  8.1309587700e-01  7.7843798900e-01  7.5550209200e-01
    1.6840000000e+01  5.5339629800e-01  3.8579802100e-01  3.6351737600e-01  8.1627706400e-01  7.7789007200e-01  7.5454692700e-01
    1.6850000000e+01  5.5300249400e-01  3.8569771000e-01  3.6447125800e-01  8.1950548600e-01  7.7733851800e-01  7.5365793400e-01
    1.6860000000e+01  5.5249782300e-01  3.8564514600e-01  3.6548684500e-01  8.2277972600e-01  7.7678999600e-01  7.5284657800e-01
    1.6870000000e+01  5.5187724000e-01  3.8565053400e-01  3.6656332900e-01  8.2609739700e-01  7.7625470200e-01  7.5212605900e-01
    1.6880000000e+01  5.5113503000e-01  3.8572153700e-01  3.6769658300e-01  8.2945466700e-01  7.7574592000e-01  7.5151069500e-01
    1.6890000000e+01  5.5026544700e-01  3.8586250700e-01  3.6887863000e-01  8.3284604800e-01  7.7527938900e-01  7.5101498900e-01
    1.6900000000e+01  5.4926335400e-01  3.8607382000e-01  3.7009745700e-01  8.3626447100e-01  7.7487247600e-01  7.5065244900e-01
    1.6910000000e+01  5.4812474800e-01  3.8635142000e-01  3.7133726200e-01  8.3970159000e-01  7.7454312400e-01  7.5043432400e-01
    1.6920000000e+01  5.4684711600e-01  3.8668665100e-01  3.7257918000e-01  8.4314824800e-01  7.7430864400e-01  7.5036845000e-01
    1.6930000000e+01  5.4542957300e-01  3.8706648000e-01  3.7380240000e-01  8.4659502200e-01  7.7418444600e-01  7.5045841500e-01
    1.6940000000e+01  5.4387278900e-01  3.8747410300e-01  3.7498552200e-01  8.5003275500e-01  7.7418285400e-01  7.5070318500e-01
    1.6950000000e+01  5.4217871900e-01  3.8788992700e-01  3.7610793000e-01  8.5345301000e-01  7.7431217700e-01  7.5109724000e-01
    1.6960000000e+01  5.4035017700e-01  3.8829275800e-01  3.7715097900e-01  8.5684836600e-01  7.7457612500e-01  7.5163119300e-01
    1.6970000000e+01  5.3839034100e-01  3.8866108800e-01  3.7809882300e-01  8.6021249600e-01  7.7497362800e-01  7.5229274300e-01
    1.6980000000e+01  5.3630228700e-01  3.8897431700e-01  3.7893878400e-01  8.6354000200e-01  7.7549902300e-01  7.5306779400e-01
    1.6990000000e+01  5.3408867800e-01  3.8921382200e-01  3.7966127000e-01  8.6682607200e-01  7.7614255500e-01  7.5394152100e-01
    1.7000000000e+01  5.3175168800e-01  3.8936382300e-01  3.8025930500e-01  8.7006602900e-01  7.7689108800e-01  7.5489920500e-01
    1.7010000000e+01  5.2929316400e-01  3.8941201100e-01  3.8072784700e-01  8.7325493800e-01  7.7772898800e-01  7.5592671000e-01
    1.7020000000e+01  5.2671497300e-01  3.8934993700e-01  3.8106306600e-01  8.7638737700e-01  7.7863910600e-01  7.5701056500e-01
    1.7030000000e+01  5.2401940000e-01  3.8917312500e-01  3.8126177100e-01  8.7945745500e-01  7.7960380600e-01  7.5813768000e-01
    1.7040000000e+01  5.2120945100e-01  3.8888090800e-01  3.8132113300e-01  8.8245903800e-01  7.8060598600e-01  7.5929483600e-01
    1.7050000000e+01  5.1828895200e-01  3.8847597900e-01  3.8123877000e-01  8.8538610200e-01  7.8162999300e-01  7.6046810500e-01
    1.7060000000e+01  5.1526242600e-01  3.8796369500e-01  3.8101317800e-01  8.8823305600e-01  7.8266232700e-01  7.6164238800e-01
    1.7070000000e+01  5.1213481400e-01  3.8735123800e-01  3.8064443300e-01  8.9099490200e-01  7.8369207100e-01  7.6280121600e-01
    1.7080000000e+01  5.0891116900e-01  3.8664674100e-01  3.8013498500e-01  8.9366716100e-01  7.8471098400e-01  7.6392693500e-01
    1.7090000000e+01  5.0559649300e-01  3.8585854700e-01  3.7949039600e-01  8.9624562100e-01  7.8571333300e-01  7.6500126800e-01
    1.7100000000e+01  5.0219581600e-01  3.8499466000e-01  3.7871982300e-01  8.9872600700e-01  7.8669552900e-01  7.6600621800e-01
    1.7110000000e+01  4.9871451300e-01  3.8406243700e-01  3.7783612700e-01  9.0110377000e-01  7.8765574300e-01  7.6692517200e-01
    1.7120000000e+01  4.9515874400e-01  3.8306843600e-01  3.7685554500e-01  9.0337412600e-01  7.8859357900e-01  7.6774403000e-01
    1.7130000000e+01  4.9153585800e-01  3.8201832700e-01  3.7579693100e-01  9.0553237700e-01  7.8950987600e-01  7.6845216300e-01
    1.7140000000e+01  4.8785457600e-01  3.8091674700e-01  3.7468070300e-01  9.0757445500e-01  7.9040658300e-01  7.6904303900e-01
    1.7150000000e+01  4.8412489000e-01  3.7976707300e-01  3.7352763600e-01  9.0949752100e-01  7.9128663500e-01  7.6951442300e-01
    1.7160000000e+01  4.8035768500e-01  3.7857111200e-01  3.7235772800e-01  9.1130047500e-01  7.9215371400e-01  7.6986814800e-01
    1.7170000000e+01  4.7656419400e-01  3.7732880600e-01  3.7118926600e-01  9.1298424100e-01  7.9301185800e-01  7.7010955000e-01
    1.7180000000e+01  4.7275542100e-01  3.7603804900e-01  3.7003820900e-01  9.1455184500e-01  7.9386490400e-01  7.7024670600e-01
    1.7190000000e+01  4.6894161100e-01  3.7469467800e-01  3.6891787700e-01  9.1600829400e-01  7.9471582800e-01  7.7028963800e-01
    1.7200000000e+01  4.6513181200e-01  3.7329270600e-01  3.6783886500e-01  9.1736036000e-01  7.9556605700e-01  7.7024958800e-01
    1.7210000000e+01  4.6133349100e-01  3.7182477200e-01  3.6680909400e-01  9.1861629700e-01  7.9641484700e-01  7.7013840400e-01
    1.7220000000e+01  4.5755220200e-01  3.7028280300e-01  3.6583390800e-01  9.1978547900e-01  7.9725878400e-01  7.6996799200e-01
    1.7230000000e+01  4.5379129100e-01  3.6865884200e-01  3.6491623300e-01  9.2087794700e-01  7.9809148800e-01  7.6974976700e-01
    1.7240000000e+01  4.5005172400e-01  3.6694599800e-01  3.6405683600e-01  9.2190381400e-01  7.9890356000e-01  7.6949406500e-01
    1.7250000000e+01  4.4633210900e-01  3.6513943400e-01  3.6325483100e-01  9.2287257100e-01  7.9968284500e-01  7.6920956700e-01
    1.7260000000e+01  4.4262899000e-01  3.6323729200e-01  3.6250843800e-01  9.2379240000e-01  8.0041503600e-01  7.6890286100e-01
    1.7270000000e+01  4.3893742200e-01  3.6124141200e-01  3.6181598300e-01  9.2466962000e-01  8.0108460300e-01  7.6857835100e-01
    1.7280000000e+01  4.3525172600e-01  3.5915770600e-01  3.6117691400e-01  9.2550841000e-01  8.0167597100e-01  7.6823862700e-01
    1.7290000000e+01  4.3156628800e-01  3.5699610400e-01  3.6059260100e-01  9.2631088300e-01  8.0217478600e-01  7.6788531900e-01
    1.7300000000e+01  4.2787622100e-01  3.5477005200e-01  3.6006665500e-01  9.2707748200e-01  8.0256909900e-01  7.6752026400e-01
    1.7310000000e+01  4.2417774200e-01  3.5249565500e-01  3.5960467800e-01  9.2780761000e-01  8.0285027100e-01  7.6714671200e-01
    1.7320000000e+01  4.2046819900e-01  3.5019060300e-01  3.5921348000e-01  9.2850032200e-01  8.0301352000e-01  7.6677028700e-01
    1.7330000000e+01  4.1674573700e-01  3.4787306700e-01  3.5889999100e-01  9.2915488100e-01  8.0305807600e-01  7.6639948500e-01
    1.7340000000e+01  4.1300873400e-01  3.4556069600e-01  3.5867011200e-01  9.2977102300e-01  8.0298701300e-01  7.6604566000e-01
    1.7350000000e+01  4.0925518400e-01  3.4326979300e-01  3.5852775700e-01  9.3034882900e-01  8.0280686300e-01  7.6572259400e-01
    1.7360000000e+01  4.0548225500e-01  3.4101467100e-01  3.5847417500e-01  9.3088821700e-01  8.0252712100e-01  7.6544581200e-01
    1.7370000000e+01  4.0168621100e-01  3.3880716600e-01  3.5850759600e-01  9.3138818900e-01  8.0215969100e-01  7.6523182200e-01
    1.7380000000e+01  3.9786280600e-01  3.3665626000e-01  3.5862309700e-01  9.3184605500e-01  8.0171829200e-01  7.6509739200e-01
    1.7390000000e+01  3.9400814000e-01  3.3456779200e-01  3.5881261500e-01  9.3225688700e-01  8.0121782700e-01  7.6505891800e-01
    1.7400000000e+01  3.9011981900e-01  3.3254430400e-01  3.5906502500e-01  9.3261344000e-01  8.0067367000e-01  7.6513183700e-01
    1.7410000000e+01  3.8619816800e-01  3.3058503700e-01  3.5936627700e-01  9.3290665800e-01  8.0010093000e-01  7.6533005600e-01
    1.7420000000e+01  3.8224722600e-01  3.2868611700e-01  3.5969962400e-01  9.3312678700e-01  7.9951370600e-01  7.6566536200e-01
    1.7430000000e+01  3.7827521900e-01  3.2684093200e-01  3.6004598800e-01  9.3326494600e-01  7.9892442000e-01  7.6614682700e-01
    1.7440000000e+01  3.7429434700e-01  3.2504066300e-01  3.6038450900e-01  9.3331491700e-01  7.9834327600e-01  7.6678027600e-01
    1.7450000000e+01  3.7031980000e-01  3.2327492800e-01  3.6069325500e-01  9.3327483900e-01  7.9777789400e-01  7.6756789300e-01
    1.7460000000e+01  3.6636808100e-01  3.2153246700e-01  3.6095005000e-01  9.3314846700e-01  7.9723313000e-01  7.6850804700e-01
    1.7470000000e+01  3.6245484900e-01  3.1980182000e-01  3.6113330900e-01  9.3294575600e-01  7.9671108700e-01  7.6959538400e-01
    1.7480000000e+01  3.5859257200e-01  3.1807193800e-01  3.6122277300e-01  9.3268257300e-01  7.9621128800e-01  7.7082115300e-01
    1.7490000000e+01  3.5478833300e-01  3.1633267500e-01  3.6120004700e-01  9.3237953100e-01  7.9573097500e-01  7.7217369500e-01
    1.7500000000e+01  3.5104213200e-01  3.1457516500e-01  3.6104892900e-01  9.3206002000e-01  7.9526547400e-01  7.7363899100e-01
    1.7510000000e+01  3.4734594500e-01  3.1279206300e-01  3.6075553100e-01  9.3174766400e-01  7.9480857800e-01  7.7520115300e-01
    1.7520000000e+01  3.4368375100e-01  3.1097771600e-01  3.6030828800e-01  9.3146349000e-01  7.9435290300e-01  7.7684279200e-01
    1.7530000000e+01  3.4003258400e-01  3.0912827800e-01  3.5969794200e-01  9.3122320400e-01  7.9389022000e-01  7.7854522500e-01
    1.7540000000e+01  3.3636454900e-01  3.0724182000e-01  3.5891761700e-01  9.3103493600e-01  7.9341178000e-01  7.8028857600e-01
    1.7550000000e+01  3.3264957300e-01  3.0531841700e-01  3.5796304100e-01  9.3089781200e-01  7.9290867200e-01  7.8205183500e-01
    1.7560000000e+01  3.2885854400e-01  3.0336020700e-01  3.5683294200e-01  9.3080160600e-01  7.9237224100e-01  7.8381301500e-01
    1.7570000000e+01  3.2496641400e-01  3.0137135000e-01  3.5552955300e-01  9.3072754200e-01  7.9179456000e-01  7.8554950500e-01
    1.7580000000e+01  3.2095480000e-01  2.9935785700e-01  3.5405911300e-01  9.3065019900e-01  7.9116893800e-01  7.8723873200e-01
    1.7590000000e+01  3.1681370000e-01  2.9732725500e-01  3.5243218400e-01  9.3054020100e-01  7.9049040100e-01  7.8885911700e-01
    1.7600000000e+01  3.1254209400e-01  2.9528810000e-01  3.5066363500e-01  9.3036733400e-01  7.8975606000e-01  7.9039125900e-01
    1.7610000000e+01  3.0814735700e-01  2.9324938600e-01  3.4877215400e-01  9.3010358000e-01  7.8896533500e-01  7.9181916600e-01
    1.7620000000e+01  3.0364362300e-01  2.9121992300e-01  3.4677930800e-01  9.2972565900e-01  7.8811997300e-01  7.9313131900e-01
    1.7630000000e+01  2.9904940600e-01  2.8920774500e-01  3.4470823000e-01  9.2921670800e-01  7.8722389900e-01  7.9432136500e-01
    1.7640000000e+01  2.9438484800e-01  2.8721962800e-01  3.4258212900e-01  9.2856690600e-01  7.8628293000e-01  7.9538831300e-01
    1.7650000000e+01  2.8966905300e-01  2.8526071500e-01  3.4042284000e-01  9.2777302400e-01  7.8530440500e-01  7.9633620500e-01
    1.7660000000e+01  2.8491789300e-01  2.8333424100e-01  3.3824962900e-01  9.2683701400e-01  7.8429680500e-01  7.9717333000e-01
    1.7670000000e+01  2.8014261200e-01  2.8144133300e-01  3.3607838800e-01  9.2576392900e-01  7.8326935600e-01  7.9791114700e-01
    1.7680000000e+01  2.7534941000e-01  2.7958082900e-01  3.3392129600e-01  9.2455955900e-01  7.8223163600e-01  7.9856309100e-01
    1.7690000000e+01  2.7054001000e-01  2.7774911900e-01  3.3178690500e-01  9.2322818800e-01  7.8119313700e-01  7.9914348000e-01
    1.7700000000e+01  2.6571305200e-01  2.7594000300e-01  3.2968056600e-01  9.2177086600e-01  7.8016272700e-01  7.9966667300e-01
    1.7710000000e+01  2.6086600100e-01  2.7414463900e-01  3.2760498800e-01  9.2018445000e-01  7.7914799300e-01  8.0014656200e-01
    1.7720000000e+01  2.5599720300e-01  2.7235166800e-01  3.2556078400e-01  9.1846153100e-01  7.7815444200e-01  8.0059640400e-01
    1.7730000000e+01  2.5110770900e-01  2.7054761100e-01  3.2354683000e-01  9.1659119300e-01  7.7718463400e-01  8.0102887400e-01
    1.7740000000e+01  2.4620257400e-01  2.6871762300e-01  3.2156039400e-01  9.1456037700e-01  7.7623735300e-01  8.0145619500e-01
    1.7750000000e+01  2.4129147700e-01  2.6684661200e-01  3.1959705300e-01  9.1235556900e-01  7.7530699700e-01  8.0189019600e-01
    1.7760000000e+01  2.3638863500e-01  2.6492063700e-01  3.1765052900e-01  9.0996449000e-01  7.7438336300e-01  8.0234219600e-01
    1.7770000000e+01  2.3151215000e-01  2.6292841200e-01  3.1571254700e-01  9.0737753100e-01  7.7345197100e-01  8.0282273100e-01
    1.7780000000e+01  2.2668297800e-01  2.6086266400e-01  3.1377281100e-01  9.0458876600e-01  7.7249494000e-01  8.0334116400e-01
    1.7790000000e+01  2.2192373700e-01  2.5872111500e-01  3.1181912200e-01  9.0159652400e-01  7.7149233900e-01  8.0390529100e-01
    1.7800000000e+01  2.1725753400e-01  2.5650691700e-01  3.0983759000e-01  8.9840355400e-01  7.7042380000e-01  8.0452100700e-01
    1.7810000000e+01  2.1270688900e-01  2.5422850100e-01  3.0781285900e-01  8.9501688300e-01  7.6927015600e-01  8.0519204000e-01
    1.7820000000e+01  2.0829280800e-01  2.5189890200e-01  3.0572829900e-01  8.9144745400e-01  7.6801485500e-01  8.0591969900e-01
    1.7830000000e+01  2.0403399300e-01  2.4953473900e-01  3.0356617400e-01  8.8770958500e-01  7.6664500600e-01  8.0670254300e-01
    1.7840000000e+01  1.9994622500e-01  2.4715502900e-01  3.0130788700e-01  8.8382026500e-01  7.6515200200e-01  8.0753590500e-01
    1.7850000000e+01  1.9604195300e-01  2.4478003400e-01  2.9893445500e-01  8.7979830700e-01  7.6353176800e-01  8.0841129600e-01
    1.7860000000e+01  1.9233016900e-01  2.4243019600e-01  2.9642733400e-01  8.7566342300e-01  7.6178474800e-01  8.0931580700e-01
    1.7870000000e+01  1.8881660900e-01  2.4012521600e-01  2.9376965300e-01  8.7143531600e-01  7.5991571900e-01  8.1023174700e-01
    1.7880000000e+01  1.8550427500e-01  2.3788320200e-01  2.9094773600e-01  8.6713297100e-01  7.5793352900e-01  8.1113674200e-01
    1.7890000000e+01  1.8239414700e-01  2.3571985000e-01  2.8795270500e-01  8.6277425000e-01  7.5585072500e-01  8.1200448200e-01
    1.7900000000e+01  1.7948593200e-01  2.3364761500e-01  2.8478180200e-01  8.5837589900e-01  7.5368304700e-01  8.1280613500e-01
    1.7910000000e+01  1.7677862500e-01  2.3167490600e-01  2.8143915500e-01  8.5395389200e-01  7.5144870200e-01  8.1351229200e-01
    1.7920000000e+01  1.7427073900e-01  2.2980539100e-01  2.7793573100e-01  8.4952400200e-01  7.4916736200e-01  8.1409514900e-01
    1.7930000000e+01  1.7196014200e-01  2.2803754700e-01  2.7428845700e-01  8.4510238500e-01  7.4685887800e-01  8.1453054100e-01
    1.7940000000e+01  1.6984352700e-01  2.2636458500e-01  2.7051862600e-01  8.4070598000e-01  7.4454178300e-01  8.1479947000e-01
    1.7950000000e+01  1.6791567100e-01  2.2477488000e-01  2.6664990200e-01  8.3635255800e-01  7.4223172000e-01  8.1488886000e-01
    1.7960000000e+01  1.6616864400e-01  2.2325294000e-01  2.6270630400e-01  8.3206035900e-01  7.3993999800e-01  8.1479148600e-01
    1.7970000000e+01  1.6459120300e-01  2.2178086500e-01  2.5871053100e-01  8.2784730600e-01  7.3767247800e-01  8.1450517100e-01
    1.7980000000e+01  1.6316853200e-01  2.2034018000e-01  2.5468286900e-01  8.2372991800e-01  7.3542900400e-01  8.1403153400e-01
    1.7990000000e+01  1.6188247900e-01  2.1891379900e-01  2.5064075200e-01  8.1972210300e-01  7.3320347700e-01  8.1337460400e-01
    1.8000000000e+01  1.6071230400e-01  2.1748787900e-01  2.4659890500e-01  8.1583407100e-01  7.3098462800e-01  8.1253959700e-01
    1.8010000000e+01  1.5963584800e-01  2.1605330900e-01  2.4256985400e-01  8.1207159400e-01  7.2875739000e-01  8.1153204900e-01
    1.8020000000e+01  1.5863093200e-01  2.1460661500e-01  2.3856459400e-01  8.0843580200e-01  7.2650471700e-01  8.1035734600e-01
    1.8030000000e+01  1.5767670200e-01  2.1315015500e-01  2.3459321500e-01  8.0492353600e-01  7.2420957700e-01  8.0902062500e-01
    1.8040000000e+01  1.5675468300e-01  2.1169159300e-01  2.3066536500e-01  8.0152819700e-01  7.2185685900e-01  8.0752691400e-01
    1.8050000000e+01  1.5584934000e-01  2.1024273300e-01  2.2679052100e-01  7.9824086300e-01  7.1943490300e-01  8.0588139300e-01
    1.8060000000e+01  1.5494812500e-01  2.0881793400e-01  2.2297807100e-01  7.9505142000e-01  7.1693643900e-01  8.0408967800e-01
    1.8070000000e+01  1.5404107600e-01  2.0743237400e-01  2.1923726700e-01  7.9194946600e-01  7.1435885000e-01  8.0215805900e-01
    1.8080000000e+01  1.5312017300e-01  2.0610045700e-01  2.1557710300e-01  7.8892483500e-01  7.1170376100e-01  8.0009366700e-01
    1.8090000000e+01  1.5217866900e-01  2.0483460600e-01  2.1200615200e-01  7.8596770300e-01  7.0897611200e-01  7.9790459300e-01
    1.8100000000e+01  1.5121060200e-01  2.0364457400e-01  2.0853239600e-01  7.8306835100e-01  7.0618294600e-01  7.9559995900e-01
    1.8110000000e+01  1.5021060600e-01  2.0253733800e-01  2.0516302200e-01  7.8021676200e-01  7.0333214400e-01  7.9318998600e-01
    1.8120000000e+01  1.4917405200e-01  2.0151745300e-01  2.0190415300e-01  7.7740221500e-01  7.0043135300e-01  7.9068604700e-01
    1.8130000000e+01  1.4809744600e-01  2.0058775900e-01  1.9876049700e-01  7.7461306800e-01  6.9748724400e-01  7.8810065300e-01
    1.8140000000e+01  1.4697893800e-01  1.9975022600e-01  1.9573489500e-01  7.7183680100e-01  6.9450516600e-01  7.8544732600e-01
    1.8150000000e+01  1.4581879500e-01  1.9900678400e-01  1.9282783800e-01  7.6906035600e-01  6.9148920500e-01  7.8274024500e-01
    1.8160000000e+01  1.4461970300e-01  1.9835998200e-01  1.9003706900e-01  7.6627068200e-01  6.8844254000e-01  7.7999366100e-01
    1.8170000000e+01  1.4338681600e-01  1.9781340400e-01  1.8735738800e-01  7.6345540700e-01  6.8536802000e-01  7.7722107500e-01
    1.8180000000e+01  1.4212754200e-01  1.9737178700e-01  1.8478080400e-01  7.6060347100e-01  6.8226879900e-01  7.7443431500e-01
    1.8190000000e+01  1.4085111600e-01  1.9704088900e-01  1.8229705600e-01  7.5770564400e-01  6.7914894800e-01  7.7164265800e-01
    1.8200000000e+01  1.3956804000e-01  1.9682714700e-01  1.7989447000e-01  7.5475482700e-01  6.7601393000e-01  7.6885219000e-01
    1.8210000000e+01  1.3828949900e-01  1.9673721900e-01  1.7756102300e-01  7.5174614300e-01  6.7287091300e-01  7.6606551600e-01
    1.8220000000e+01  1.3702685400e-01  1.9677748300e-01  1.7528543400e-01  7.4867682600e-01  6.6972890300e-01  7.6328189400e-01
    1.8230000000e+01  1.3579126100e-01  1.9695355600e-01  1.7305811400e-01  7.4554600400e-01  6.6659874900e-01  7.6049774900e-01
    1.8240000000e+01  1.3459344100e-01  1.9726984800e-01  1.7087183600e-01  7.4235442800e-01  6.6349305400e-01  7.5770746000e-01
    1.8250000000e+01  1.3344356600e-01  1.9772913900e-01  1.6872205400e-01  7.3910424700e-01  6.6042602900e-01  7.5490428300e-01
    1.8260000000e+01  1.3235120100e-01  1.9833213800e-01  1.6660688700e-01  7.3579883600e-01  6.5741328000e-01  7.5208125900e-01
    1.8270000000e+01  1.3132527400e-01  1.9907702400e-01  1.6452680100e-01  7.3244268300e-01  6.5447149600e-01  7.4923198300e-01
    1.8280000000e+01  1.3037403500e-01  1.9995898200e-01  1.6248410600e-01  7.2904130800e-01  6.5161796800e-01  7.4635116300e-01
    1.8290000000e+01  1.2950501500e-01  2.0096983100e-01  1.6048236200e-01  7.2560121800e-01  6.4886989700e-01  7.4343491600e-01
    1.8300000000e+01  1.2872497100e-01  2.0209785800e-01  1.5852580200e-01  7.2212987000e-01  6.4624350700e-01  7.4048084000e-01
    1.8310000000e+01  1.2803981500e-01  2.0332795400e-01  1.5661885000e-01  7.1863568400e-01  6.4375305800e-01  7.3748789900e-01
    1.8320000000e+01  1.2745447600e-01  2.0464212000e-01  1.5476577900e-01  7.1512808500e-01  6.4140990300e-01  7.3445618700e-01
    1.8330000000e+01  1.2697266200e-01  2.0602028500e-01  1.5297050000e-01  7.1161753400e-01  6.3922174700e-01  7.3138666100e-01
    1.8340000000e+01  1.2659649800e-01  2.0744131900e-01  1.5123649200e-01  7.0811548300e-01  6.3719223400e-01  7.2828087300e-01
    1.8350000000e+01  1.2632608200e-01  2.0888408600e-01  1.4956681500e-01  7.0463414700e-01  6.3532089900e-01  7.2514075100e-01
    1.8360000000e+01  1.2615905400e-01  2.1032838500e-01  1.4796418600e-01  7.0118604100e-01  6.3360343200e-01  7.2196845400e-01
    1.8370000000e+01  1.2609032000e-01  2.1175567100e-01  1.4643106600e-01  6.9778325600e-01  6.3203215100e-01  7.1876629600e-01
    1.8380000000e+01  1.2611207800e-01  2.1314956500e-01  1.4496974400e-01  6.9443656100e-01  6.3059655100e-01  7.1553672500e-01
    1.8390000000e+01  1.2621424400e-01  2.1449616500e-01  1.4358237700e-01  6.9115449700e-01  6.2928383700e-01  7.1228233300e-01
    1.8400000000e+01  1.2638525900e-01  2.1578427100e-01  1.4227101600e-01  6.8794264500e-01  6.2807938100e-01  7.0900586600e-01
    1.8410000000e+01  1.2661318300e-01  2.1700558500e-01  1.4103762800e-01  6.8480327400e-01  6.2696712800e-01  7.0571024300e-01
    1.8420000000e+01  1.2688686900e-01  2.1815494100e-01  1.3988411600e-01  6.8173546700e-01  6.2592998800e-01  7.0239858200e-01
    1.8430000000e+01  1.2719698000e-01  2.1923058600e-01  1.3881234100e-01  6.7873570700e-01  6.2495030300e-01  6.9907425700e-01
    1.8440000000e+01  1.2753667200e-01  2.2023445800e-01  1.3782408500e-01  6.7579880500e-01  6.2401045300e-01  6.9574100200e-01
    1.8450000000e+01  1.2790183900e-01  2.2117237400e-01  1.3692095800e-01  6.7291898600e-01  6.2309365600e-01  6.9240300100e-01
    1.8460000000e+01  1.2829092500e-01  2.2205401900e-01  1.3610421600e-01  6.7009091700e-01  6.2218495100e-01  6.8906494900e-01
    1.8470000000e+01  1.2870439700e-01  2.2289259400e-01  1.3537452800e-01  6.6731054000e-01  6.2127228500e-01  6.8573199700e-01
    1.8480000000e+01  1.2914398500e-01  2.2370406900e-01  1.3473176700e-01  6.6457561900e-01  6.2034756500e-01  6.8240957000e-01
    1.8490000000e+01  1.2961183500e-01  2.2450602200e-01  1.3417490500e-01  6.6188595000e-01  6.1940746600e-01  6.7910307600e-01
    1.8500000000e+01  1.3010967500e-01  2.2531617800e-01  1.3370205500e-01  6.5924327000e-01  6.1845382800e-01  6.7581756600e-01
    1.8510000000e+01  1.3063810700e-01  2.2615084400e-01  1.3331069600e-01  6.5665088100e-01  6.1749349800e-01  6.7255745300e-01
    1.8520000000e+01  1.3119609000e-01  2.2702348900e-01  1.3299801100e-01  6.5411306300e-01  6.1653762100e-01  6.6932637500e-01
    1.8530000000e+01  1.3178067600e-01  2.2794369200e-01  1.3276124300e-01  6.5163437000e-01  6.1560047400e-01  6.6612725800e-01
    1.8540000000e+01  1.3238701100e-01  2.2891661100e-01  1.3259794500e-01  6.4921889700e-01  6.1469807000e-01  6.6296255400e-01
    1.8550000000e+01  1.3300857400e-01  2.2994299000e-01  1.3250604700e-01  6.4686960200e-01  6.1384676900e-01  6.5983455400e-01
    1.8560000000e+01  1.3363762400e-01  2.3101960700e-01  1.3248372600e-01  6.4458775500e-01  6.1306210600e-01  6.5674566000e-01
    1.8570000000e+01  1.3426579300e-01  2.3213998100e-01  1.3252915500e-01  6.4237255300e-01  6.1235797600e-01  6.5369849800e-01
    1.8580000000e+01  1.3488478500e-01  2.3329516000e-01  1.3264024300e-01  6.4022094900e-01  6.1174615300e-01  6.5069583100e-01
    1.8590000000e+01  1.3548711400e-01  2.3447445200e-01  1.3281450900e-01  6.3812770200e-01  6.1123610900e-01  6.4774031800e-01
    1.8600000000e+01  1.3606681300e-01  2.3566603500e-01  1.3304915500e-01  6.3608569100e-01  6.1083499900e-01  6.4483422600e-01
    1.8610000000e+01  1.3662000400e-01  2.3685745400e-01  1.3334133600e-01  6.3408647700e-01  6.1054774500e-01  6.4197923200e-01
    1.8620000000e+01  1.3714523400e-01  2.3803603600e-01  1.3368852300e-01  6.3212105600e-01  6.1037718400e-01  6.3917642900e-01
    1.8630000000e+01  1.3764349000e-01  2.3918921900e-01  1.3408884500e-01  6.3018068900e-01  6.1032425300e-01  6.3642655100e-01
    1.8640000000e+01  1.3811788700e-01  2.4030481400e-01  1.3454127900e-01  6.2825765700e-01  6.1038822500e-01  6.3373036900e-01
    1.8650000000e+01  1.3857310700e-01  2.4137117200e-01  1.3504561800e-01  6.2634578000e-01  6.1056695700e-01  6.3108916800e-01
    1.8660000000e+01  1.3901473200e-01  2.4237724600e-01  1.3560222800e-01  6.2444064100e-01  6.1085713000e-01  6.2850516300e-01
    1.8670000000e+01  1.3944864700e-01  2.4331259700e-01  1.3621163500e-01  6.2253949700e-01  6.1125442700e-01  6.2598180000e-01
    1.8680000000e+01  1.3988065100e-01  2.4416736700e-01  1.3687402800e-01  6.2064101100e-01  6.1175364500e-01  6.2352386400e-01
    1.8690000000e+01  1.4031630200e-01  2.4493225900e-01  1.3758874200e-01  6.1874494800e-01  6.1234875500e-01  6.2113741700e-01
    1.8700000000e+01  1.4076094200e-01  2.4559854100e-01  1.3835378800e-01  6.1685198600e-01  6.1303292600e-01  6.1882955700e-01
    1.8710000000e+01  1.4121976200e-01  2.4615808200e-01  1.3916546500e-01  6.1496371300e-01  6.1379855500e-01  6.1660804300e-01
    1.8720000000e+01  1.4169777200e-01  2.4660337300e-01  1.4001810100e-01  6.1308275900e-01  6.1463728500e-01  6.1448080500e-01
    1.8730000000e+01  1.4219959100e-01  2.4692756300e-01  1.4090394000e-01  6.1121298100e-01  6.1554001300e-01  6.1245538600e-01
    1.8740000000e+01  1.4272905600e-01  2.4712450000e-01  1.4181319200e-01  6.0935952400e-01  6.1649686700e-01  6.1053834600e-01
    1.8750000000e+01  1.4328875000e-01  2.4718882800e-01  1.4273426700e-01  6.0752869100e-01  6.1749715500e-01  6.0873470100e-01
    1.8760000000e+01  1.4387958600e-01  2.4711614700e-01  1.4365417700e-01  6.0572755700e-01  6.1852932900e-01  6.0704742100e-01
    1.8770000000e+01  1.4450056500e-01  2.4690325300e-01  1.4455908100e-01  6.0396340900e-01  6.1958098300e-01  6.0547708600e-01
    1.8780000000e+01  1.4514880000e-01  2.4654843100e-01  1.4543491700e-01  6.0224311100e-01  6.2063897500e-01  6.0402170700e-01
    1.8790000000e+01  1.4581978400e-01  2.4605174200e-01  1.4626804600e-01  6.0057253000e-01  6.2168965600e-01  6.0267677200e-01
    1.8800000000e+01  1.4650786900e-01  2.4541523800e-01  1.4704583800e-01  5.9895613400e-01  6.2271924100e-01  6.0143546600e-01
    1.8810000000e+01  1.4720682500e-01  2.4464305600e-01  1.4775712400e-01  5.9739682200e-01  6.2371426100e-01  6.0028905200e-01
    1.8820000000e+01  1.4791038100e-01  2.4374136500e-01  1.4839249600e-01  5.9589598600e-01  6.2466204200e-01  5.9922732800e-01
    1.8830000000e+01  1.4861266000e-01  2.4271814900e-01  1.4894443500e-01  5.9445376100e-01  6.2555115700e-01  5.9823909500e-01
    1.8840000000e+01  1.4930844200e-01  2.4158287900e-01  1.4940731900e-01  5.9306938900e-01  6.2637178100e-01  5.9731259000e-01
    1.8850000000e+01  1.4999323600e-01  2.4034609500e-01  1.4977731500e-01  5.9174160900e-01  6.2711593300e-01  5.9643584000e-01
    1.8860000000e+01  1.5066319200e-01  2.3901896700e-01  1.5005222600e-01  5.9046898700e-01  6.2777756400e-01  5.9559691900e-01
    1.8870000000e+01  1.5131490100e-01  2.3761290000e-01  1.5023133000e-01  5.8925013100e-01  6.2835252300e-01  5.9478411200e-01
    1.8880000000e+01  1.5194515700e-01  2.3613920800e-01  1.5031526100e-01  5.8808375800e-01  6.2883844700e-01  5.9398600400e-01
    1.8890000000e+01  1.5255077500e-01  2.3460888700e-01  1.5030596100e-01  5.8696863200e-01  6.2923461000e-01  5.9319154600e-01
    1.8900000000e+01  1.5312849600e-01  2.3303244800e-01  1.5020669200e-01  5.8590342200e-01  6.2954181000e-01  5.9239016300e-01
    1.8910000000e+01  1.5367503700e-01  2.3141976600e-01  1.5002205300e-01  5.8488658100e-01  6.2976231100e-01  5.9157194500e-01
    1.8920000000e+01  1.5418719400e-01  2.2977987100e-01  1.4975794200e-01  5.8391630300e-01  6.2989980800e-01  5.9072792500e-01
    1.8930000000e+01  1.5466196000e-01  2.2812065900e-01  1.4942137700e-01  5.8299060800e-01  6.2995937200e-01  5.8985039500e-01
    1.8940000000e+01  1.5509652400e-01  2.2644853100e-01  1.4902016900e-01  5.8210752400e-01  6.2994729200e-01  5.8893316000e-01
    1.8950000000e+01  1.5548810300e-01  2.2476800600e-01  1.4856249400e-01  5.8126525800e-01  6.2987076400e-01  5.8797166400e-01
    1.8960000000e+01  1.5583362700e-01  2.2308141000e-01  1.4805642800e-01  5.8046224800e-01  6.2973740000e-01  5.8696291300e-01
    1.8970000000e+01  1.5612936900e-01  2.2138870300e-01  1.4750958100e-01  5.7969696700e-01  6.2955457500e-01  5.8590522000e-01
    1.8980000000e+01  1.5637068100e-01  2.1968753900e-01  1.4692888500e-01  5.7896748100e-01  6.2932867700e-01  5.8479783900e-01
    1.8990000000e+01  1.5655199600e-01  2.1797359800e-01  1.4632058900e-01  5.7827081800e-01  6.2906434400e-01  5.8364057800e-01
    1.9000000000e+01  1.5666719400e-01  2.1624122000e-01  1.4569043000e-01  5.7760233700e-01  6.2876379000e-01  5.8243350100e-01
    1.9010000000e+01  1.5671029300e-01  2.1448429600e-01  1.4504391100e-01  5.7695528700e-01  6.2842636700e-01  5.8117679000e-01
    1.9020000000e+01  1.5667635100e-01  2.1269734800e-01  1.4438659100e-01  5.7632072000e-01  6.2804845700e-01  5.7987081100e-01
    1.9030000000e+01  1.5656236300e-01  2.1087664300e-01  1.4372427800e-01  5.7568784300e-01  6.2762378800e-01  5.7851634300e-01
    1.9040000000e+01  1.5636793700e-01  2.0902117700e-01  1.4306306100e-01  5.7504472900e-01  6.2714419100e-01  5.7711491700e-01
    1.9050000000e+01  1.5609561900e-01  2.0713331500e-01  1.4240913200e-01  5.7437924900e-01  6.2660072700e-01  5.7566916300e-01
    1.9060000000e+01  1.5575082600e-01  2.0521897200e-01  1.4176841500e-01  5.7368003300e-01  6.2598502300e-01  5.7418307500e-01
    1.9070000000e+01  1.5534143800e-01  2.0328725000e-01  1.4114606700e-01  5.7293727700e-01  6.2529061700e-01  5.7266208500e-01
    1.9080000000e+01  1.5487719600e-01  2.0134957100e-01  1.4054593300e-01  5.7214331700e-01  6.2451407400e-01  5.7111292800e-01
    1.9090000000e+01  1.5436901800e-01  1.9941844900e-01  1.3997005500e-01  5.7129293900e-01  6.2365569200e-01  5.6954326800e-01
    1.9100000000e+01  1.5382833600e-01  1.9750608900e-01  1.3941833300e-01  5.7038348600e-01  6.2271969700e-01  5.6796114300e-01
    1.9110000000e+01  1.5326650300e-01  1.9562304300e-01  1.3888840400e-01  5.6941480100e-01  6.2171390400e-01  5.6637428500e-01
    1.9120000000e+01  1.5269426100e-01  1.9377710100e-01  1.3837577400e-01  5.6838909400e-01  6.2064893700e-01  5.6478942300e-01
    1.9130000000e+01  1.5212125500e-01  1.9197257400e-01  1.3787418500e-01  5.6731071100e-01  6.1953714600e-01  5.6321166300e-01
    1.9140000000e+01  1.5155558700e-01  1.9020999600e-01  1.3737618200e-01  5.6618583400e-01  6.1839141100e-01  5.6164404200e-01
    1.9150000000e+01  1.5100341900e-01  1.8848623500e-01  1.3687377100e-01  5.6502205700e-01  6.1722397900e-01  5.6008729300e-01
    1.9160000000e+01  1.5046868500e-01  1.8679492900e-01  1.3635909200e-01  5.6382786100e-01  6.1604546500e-01  5.5853985600e-01
    1.9170000000e+01  1.4995294900e-01  1.8512714600e-01  1.3582500600e-01  5.6261198800e-01  6.1486407700e-01  5.5699807600e-01
    1.9180000000e+01  1.4945546700e-01  1.8347218300e-01  1.3526556500e-01  5.6138280000e-01  6.1368508100e-01  5.5545654200e-01
    1.9190000000e+01  1.4897344900e-01  1.8181843200e-01  1.3467632300e-01  5.6014768900e-01  6.1251051100e-01  5.5390849100e-01
    1.9200000000e+01  1.4850247000e-01  1.8015426200e-01  1.3405452600e-01  5.5891261100e-01  6.1133910600e-01  5.5234623800e-01
    1.9210000000e+01  1.4803698000e-01  1.7846886400e-01  1.3339919400e-01  5.5768179400e-01  6.1016648400e-01  5.5076157700e-01
    1.9220000000e+01  1.4757083600e-01  1.7675299800e-01  1.3271111600e-01  5.5645760500e-01  6.0898552000e-01  5.4914615200e-01
    1.9230000000e+01  1.4709780600e-01  1.7499958500e-01  1.3199280900e-01  5.5524057100e-01  6.0778689900e-01  5.4749178700e-01
    1.9240000000e+01  1.4661201100e-01  1.7320411000e-01  1.3124843800e-01  5.5402950400e-01  6.0655977700e-01  5.4579078700e-01
    1.9250000000e+01  1.4610832200e-01  1.7136481800e-01  1.3048371700e-01  5.5282170800e-01  6.0529248800e-01  5.4403622700e-01
    1.9260000000e+01  1.4558268500e-01  1.6948270800e-01  1.2970578100e-01  5.5161326500e-01  6.0397322600e-01  5.4222225600e-01
    1.9270000000e+01  1.4503237500e-01  1.6756138200e-01  1.2892299000e-01  5.5039940600e-01  6.0259064400e-01  5.4034441000e-01
    1.9280000000e+01  1.4445613900e-01  1.6560677000e-01  1.2814463600e-01  5.4917493100e-01  6.0113435100e-01  5.3839992300e-01
    1.9290000000e+01  1.4385418900e-01  1.6362680500e-01  1.2738051900e-01  5.4793467600e-01  5.9959529100e-01  5.3638797900e-01
    1.9300000000e+01  1.4322805200e-01  1.6163108600e-01  1.2664042800e-01  5.4667393300e-01  5.9796600300e-01  5.3430982300e-01
    1.9310000000e+01  1.4258027700e-01  1.5963057000e-01  1.2593357500e-01  5.4538878100e-01  5.9624082200e-01  5.3216869500e-01
    1.9320000000e+01  1.4191406800e-01  1.5763730200e-01  1.2526808100e-01  5.4407626800e-01  5.9441606200e-01  5.2996955400e-01
    1.9330000000e+01  1.4123291900e-01  1.5566414500e-01  1.2465060300e-01  5.4273444800e-01  5.9249022900e-01  5.2771865400e-01
    1.9340000000e+01  1.4054029200e-01  1.5372443400e-01  1.2408615000e-01  5.4136227200e-01  5.9046429400e-01  5.2542303500e-01
    1.9350000000e+01  1.3983940700e-01  1.5183147000e-01  1.2357808300e-01  5.3995940700e-01  5.8834196300e-01  5.2309005000e-01
    1.9360000000e+01  1.3913314200e-01  1.4999781300e-01  1.2312824700e-01  5.3852601500e-01  5.8612983600e-01  5.2072695800e-01
    1.9370000000e+01  1.3842405000e-01  1.4823441800e-01  1.2273717400e-01  5.3706255600e-01  5.8383730500e-01  5.1834064800e-01
    1.9380000000e+01  1.3771445300e-01  1.4654973900e-01  1.2240428000e-01  5.3556967500e-01  5.8147609500e-01  5.1593743800e-01
    1.9390000000e+01  1.3700657400e-01  1.4494901000e-01  1.2212805500e-01  5.3404818700e-01  5.7905940800e-01  5.1352292700e-01
    1.9400000000e+01  1.3630262500e-01  1.4343390500e-01  1.2190624100e-01  5.3249918200e-01  5.7660078200e-01  5.1110185400e-01
    1.9410000000e+01  1.3560478700e-01  1.4200268500e-01  1.2173603600e-01  5.3092421900e-01  5.7411286600e-01  5.0867794700e-01
    1.9420000000e+01  1.3491502700e-01  1.4065084300e-01  1.2161438400e-01  5.2932551000e-01  5.7160634600e-01  5.0625379300e-01
    1.9430000000e+01  1.3423477200e-01  1.3937212700e-01  1.2153833500e-01  5.2770600500e-01  5.6908924300e-01  5.0383077700e-01
    1.9440000000e+01  1.3356449100e-01  1.3815973900e-01  1.2150547100e-01  5.2606928800e-01  5.6656671600e-01  5.0140915500e-01
    1.9450000000e+01  1.3290332100e-01  1.3700745900e-01  1.2151432600e-01  5.2441923700e-01  5.6404137300e-01  4.9898830800e-01
    1.9460000000e+01  1.3224885700e-01  1.3591048100e-01  1.2156470400e-01  5.2275949200e-01  5.6151403300e-01  4.9656717300e-01
    1.9470000000e+01  1.3159718800e-01  1.3486580500e-01  1.2165780800e-01  5.2109282600e-01  5.5898472100e-01  4.9414480900e-01
    1.9480000000e+01  1.3094321400e-01  1.3387210800e-01  1.2179611800e-01  5.1942054900e-01  5.5645369300e-01  4.9172098800e-01
    1.9490000000e+01  1.3028118100e-01  1.3292917800e-01  1.2198303500e-01  5.1774206300e-01  5.5392224200e-01  4.8929669800e-01
    1.9500000000e+01  1.2960538400e-01  1.3203703800e-01  1.2222235500e-01  5.1605464300e-01  5.5139310400e-01  4.8687444600e-01
    1.9510000000e+01  1.2891091100e-01  1.3119501200e-01  1.2251769800e-01  5.1435348800e-01  5.4887038000e-01  4.8445833500e-01
    1.9520000000e+01  1.2819434300e-01  1.3040096400e-01  1.2287198500e-01  5.1263204200e-01  5.4635901000e-01  4.8205392800e-01
    1.9530000000e+01  1.2745432100e-01  1.2965088600e-01  1.2328705000e-01  5.1088255400e-01  5.4386394500e-01  4.7966797600e-01
    1.9540000000e+01  1.2669188100e-01  1.2893894900e-01  1.2376337400e-01  5.0909683500e-01  5.4138923400e-01  4.7730811100e-01
    1.9550000000e+01  1.2591049400e-01  1.2825794700e-01  1.2429991900e-01  5.0726711600e-01  5.3893724300e-01  4.7498254100e-01
    1.9560000000e+01  1.2511575900e-01  1.2760004900e-01  1.2489397900e-01  5.0538688300e-01  5.3650817200e-01  4.7269977000e-01
    1.9570000000e+01  1.2431478000e-01  1.2695764100e-01  1.2554103600e-01  5.0345153100e-01  5.3409994700e-01  4.7046829200e-01
    1.9580000000e+01  1.2351531900e-01  1.2632410000e-01  1.2623461900e-01  5.0145871800e-01  5.3170844900e-01  4.6829620500e-01
    1.9590000000e+01  1.2272487300e-01  1.2569438400e-01  1.2696624000e-01  4.9940831600e-01  5.2932800800e-01  4.6619072000e-01
    1.9600000000e+01  1.2194988400e-01  1.2506536300e-01  1.2772547800e-01  4.9730197800e-01  5.2695200500e-01  4.6415758000e-01
    1.9610000000e+01  1.2119522800e-01  1.2443592500e-01  1.2850026600e-01  4.9514240600e-01  5.2457350700e-01  4.6220045600e-01
    1.9620000000e+01  1.2046410700e-01  1.2380690500e-01  1.2927739700e-01  4.9293250400e-01  5.2218583600e-01  4.6032042800e-01
    1.9630000000e+01  1.1975832600e-01  1.2318087500e-01  1.3004321000e-01  4.9067460200e-01  5.1978307400e-01  4.5851562800e-01
    1.9640000000e+01  1.1907888100e-01  1.2256183900e-01  1.3078437100e-01  4.8836992500e-01  5.1736048300e-01  4.5678110700e-01
    1.9650000000e+01  1.1842669000e-01  1.2195482500e-01  1.3148865200e-01  4.8601840100e-01  5.1491485500e-01  4.5510894300e-01
    1.9660000000e+01  1.1780330800e-01  1.2136537700e-01  1.3214565800e-01  4.8361882700e-01  5.1244474500e-01  4.5348855400e-01
    1.9670000000e+01  1.1721146100e-01  1.2079896000e-01  1.3274742200e-01  4.8116933300e-01  5.0995055300e-01  4.5190717000e-01
    1.9680000000e+01  1.1665530300e-01  1.2026032900e-01  1.3328888600e-01  4.7866800600e-01  5.0743438700e-01  4.5035042500e-01
    1.9690000000e+01  1.1614037900e-01  1.1975295500e-01  1.3376823300e-01  4.7611354700e-01  5.0489968900e-01  4.4880303300e-01
    1.9700000000e+01  1.1567330300e-01  1.1927861900e-01  1.3418708900e-01  4.7350582000e-01  5.0235064000e-01  4.4724953900e-01
    1.9710000000e+01  1.1526127900e-01  1.1883726700e-01  1.3455055300e-01  4.7084619600e-01  4.9979142200e-01  4.4567514100e-01
    1.9720000000e+01  1.1491154300e-01  1.1842719000e-01  1.3486702500e-01  4.6813765500e-01  4.9722546700e-01  4.4406653000e-01
    1.9730000000e+01  1.1463087200e-01  1.1804550300e-01  1.3514780100e-01  4.6538467300e-01  4.9465483300e-01  4.4241272400e-01
    1.9740000000e+01  1.1442520300e-01  1.1768887000e-01  1.3540641200e-01  4.6259294500e-01  4.9207984500e-01  4.4070579100e-01
    1.9750000000e+01  1.1429943400e-01  1.1735429800e-01  1.3565775100e-01  4.5976904700e-01  4.8949908100e-01  4.3894137400e-01
    1.9760000000e+01  1.1425736200e-01  1.1703986700e-01  1.3591702400e-01  4.5692010000e-01  4.8690972000e-01  4.3711893900e-01
    1.9770000000e+01  1.1430174000e-01  1.1674522000e-01  1.3619866300e-01  4.5405350900e-01  4.8430816100e-01  4.3524167000e-01
    1.9780000000e+01  1.1443438000e-01  1.1647171600e-01  1.3651530300e-01  4.5117678200e-01  4.8169078900e-01  4.3331600800e-01
    1.9790000000e+01  1.1465625300e-01  1.1622222700e-01  1.3687698600e-01  4.4829744400e-01  4.7905471100e-01  4.3135087000e-01
    1.9800000000e+01  1.1496755900e-01  1.1600063500e-01  1.3729068500e-01  4.4542300000e-01  4.7639829300e-01  4.2935664000e-01
    1.9810000000e+01  1.1536774200e-01  1.1581116400e-01  1.3776023300e-01  4.4256090400e-01  4.7372140700e-01  4.2734409300e-01
    1.9820000000e+01  1.1585545800e-01  1.1565770600e-01  1.3828664300e-01  4.3971852100e-01  4.7102533400e-01  4.2532340200e-01
    1.9830000000e+01  1.1642854500e-01  1.1554329700e-01  1.3886875600e-01  4.3690302700e-01  4.6831239500e-01  4.2330339300e-01
    1.9840000000e+01  1.1708399900e-01  1.1546982900e-01  1.3950406400e-01  4.3412127300e-01  4.6558540800e-01  4.2129114700e-01
    1.9850000000e+01  1.1781801500e-01  1.1543805400e-01  1.4018955700e-01  4.3137960300e-01  4.6284710500e-01  4.1929198400e-01
    1.9860000000e+01  1.1862609500e-01  1.1544782800e-01  1.4092241400e-01  4.2868366900e-01  4.6009964800e-01  4.1730976900e-01
    1.9870000000e+01  1.1950324200e-01  1.1549852100e-01  1.4170044300e-01  4.2603828900e-01  4.5734430300e-01  4.1534743700e-01
    1.9880000000e+01  1.2044421500e-01  1.1558951400e-01  1.4252221700e-01  4.2344737800e-01  4.5458134400e-01  4.1340758800e-01
    1.9890000000e+01  1.2144379200e-01  1.1572066700e-01  1.4338693800e-01  4.2091399100e-01  4.5181014200e-01  4.1149301200e-01
    1.9900000000e+01  1.2249700300e-01  1.1589271800e-01  1.4429409300e-01  4.1844047900e-01  4.4902944200e-01  4.0960705200e-01
    1.9910000000e+01  1.2359925900e-01  1.1610754200e-01  1.4524303900e-01  4.1602871800e-01  4.4623776200e-01  4.0775375200e-01
    1.9920000000e+01  1.2474637300e-01  1.1636825900e-01  1.4623257400e-01  4.1368037900e-01  4.4343386600e-01  4.0593779900e-01
    1.9930000000e+01  1.2593444400e-01  1.1667916000e-01  1.4726060700e-01  4.1139715300e-01  4.4061726000e-01  4.0416430200e-01
    1.9940000000e+01  1.2715965700e-01  1.1704546300e-01  1.4832395000e-01  4.0918089400e-01  4.3778864800e-01  4.0243845800e-01
    1.9950000000e+01  1.2841804000e-01  1.1747290300e-01  1.4941825500e-01  4.0703363800e-01  4.3495029500e-01  4.0076517600e-01
    1.9960000000e+01  1.2970524900e-01  1.1796720100e-01  1.5053810400e-01  4.0495749700e-01  4.3210623900e-01  3.9914870800e-01
    1.9970000000e+01  1.3101642600e-01  1.1853346700e-01  1.5167721400e-01  4.0295445600e-01  4.2926229900e-01  3.9759233700e-01
    1.9980000000e+01  1.3234618200e-01  1.1917559900e-01  1.5282874800e-01  4.0102611900e-01  4.2642586700e-01  3.9609816500e-01
    1.9990000000e+01  1.3368870600e-01  1.1989579300e-01  1.5398567700e-01  3.9917347600e-01  4.2360548100e-01  3.9466702100e-01
    2.0000000000e+01  1.3503796900e-01  1.2069423500e-01  1.5514113600e-01  3.9739673200e-01  4.2081022200e-01  3.9329852300e-01
