# Dielectric function: real and imaginary components
#        Energy (eV)          Re_eps_x          Re_eps_y          Re_eps_z          Im_eps_x          Im_eps_y          Im_eps_z
    0.0000000000e+00  8.5298344670e+00  9.0474068140e+00  9.1503543250e+00  0.0000000000e+00  0.0000000000e+00  0.0000000000e+00
    1.0000000000e-02  8.5299334360e+00  9.0475130260e+00  9.1504754410e+00  3.0348240000e-03  3.2543120000e-03  3.7225720000e-03
    2.0000000000e-02  8.5302303710e+00  9.0478316880e+00  9.1508388250e+00  6.0705120000e-03  6.5095160000e-03  7.4463130000e-03
    3.0000000000e-02  8.5307253520e+00  9.0483628840e+00  9.1514445850e+00  9.1079270000e-03  9.7665070000e-03  1.1172391000e-02
    4.0000000000e-02  8.5314185120e+00  9.0491067520e+00  9.1522929000e+00  1.2147934000e-02  1.3026178000e-02  1.4901978000e-02
    5.0000000000e-02  8.5323100390e+00  9.0500634860e+00  9.1533840220e+00  1.5191402000e-02  1.6289428000e-02  1.8636250000e-02
    6.0000000000e-02  8.5334001730e+00  9.0512333350e+00  9.1547182760e+00  1.8239202000e-02  1.9557157000e-02  2.2376388000e-02
    7.0000000000e-02  8.5346892100e+00  9.0526166050e+00  9.1562960570e+00  2.1292209000e-02  2.2830269000e-02  2.6123575000e-02
    8.0000000000e-02  8.5361774990e+00  9.0542136570e+00  9.1581178360e+00  2.4351303000e-02  2.6109676000e-02  2.9879007000e-02
    9.0000000000e-02  8.5378654430e+00  9.0560249090e+00  9.1601841550e+00  2.7417370000e-02  2.9396292000e-02  3.3643885000e-02
    1.0000000000e-01  8.5397535010e+00  9.0580508360e+00  9.1624956320e+00  3.0491302000e-02  3.2691039000e-02  3.7419419000e-02
    1.1000000000e-01  8.5418421870e+00  9.0602919700e+00  9.1650529570e+00  3.3574000000e-02  3.5994848000e-02  4.1206831000e-02
    1.2000000000e-01  8.5441320710e+00  9.0627488990e+00  9.1678568980e+00  3.6666370000e-02  3.9308656000e-02  4.5007357000e-02
    1.3000000000e-01  8.5466237770e+00  9.0654222720e+00  9.1709082960e+00  3.9769331000e-02  4.2633412000e-02  4.8822243000e-02
    1.4000000000e-01  8.5493179890e+00  9.0683127950e+00  9.1742080710e+00  4.2883809000e-02  4.5970073000e-02  5.2652752000e-02
    1.5000000000e-01  8.5522154460e+00  9.0714212320e+00  9.1777572180e+00  4.6010743000e-02  4.9319607000e-02  5.6500163000e-02
    1.6000000000e-01  8.5553169460e+00  9.0747484100e+00  9.1815568130e+00  4.9151083000e-02  5.2682997000e-02  6.0365772000e-02
    1.7000000000e-01  8.5586233450e+00  9.0782952150e+00  9.1856080090e+00  5.2305793000e-02  5.6061237000e-02  6.4250895000e-02
    1.8000000000e-01  8.5621355590e+00  9.0820625930e+00  9.1899120420e+00  5.5475849000e-02  5.9455335000e-02  6.8156868000e-02
    1.9000000000e-01  8.5658545640e+00  9.0860515540e+00  9.1944702260e+00  5.8662243000e-02  6.2866315000e-02  7.2085049000e-02
    2.0000000000e-01  8.5697813960e+00  9.0902631710e+00  9.1992839610e+00  6.1865984000e-02  6.6295218000e-02  7.6036821000e-02
    2.1000000000e-01  8.5739171560e+00  9.0946985790e+00  9.2043547310e+00  6.5088097000e-02  6.9743101000e-02  8.0013591000e-02
    2.2000000000e-01  8.5782630030e+00  9.0993589810e+00  9.2096841030e+00  6.8329626000e-02  7.3211040000e-02  8.4016793000e-02
    2.3000000000e-01  8.5828201650e+00  9.1042456440e+00  9.2152737350e+00  7.1591633000e-02  7.6700132000e-02  8.8047891000e-02
    2.4000000000e-01  8.5875899330e+00  9.1093599030e+00  9.2211253700e+00  7.4875202000e-02  8.0211494000e-02  9.2108379000e-02
    2.5000000000e-01  8.5925736630e+00  9.1147031600e+00  9.2272408430e+00  7.8181439000e-02  8.3746266000e-02  9.6199783000e-02
    2.6000000000e-01  8.5977727800e+00  9.1202768880e+00  9.2336220830e+00  8.1511473000e-02  8.7305611000e-02  1.0032366600e-01
    2.7000000000e-01  8.6031887780e+00  9.1260826300e+00  9.2402711110e+00  8.4866456000e-02  9.0890717000e-02  1.0448162500e-01
    2.8000000000e-01  8.6088232200e+00  9.1321220020e+00  9.2471900440e+00  8.8247570000e-02  9.4502800000e-02  1.0867529700e-01
    2.9000000000e-01  8.6146777420e+00  9.1383966940e+00  9.2543810980e+00  9.1656019000e-02  9.8143103000e-02  1.1290636100e-01
    3.0000000000e-01  8.6207540530e+00  9.1449084700e+00  9.2618465900e+00  9.5093041000e-02  1.0181289900e-01  1.1717653800e-01
    3.1000000000e-01  8.6270539350e+00  9.1516591720e+00  9.2695889390e+00  9.8559902000e-02  1.0551349100e-01  1.2148759500e-01
    3.2000000000e-01  8.6335792480e+00  9.1586507200e+00  9.2776106690e+00  1.0205790000e-01  1.0924621800e-01  1.2584135000e-01
    3.3000000000e-01  8.6403319310e+00  9.1658851160e+00  9.2859144140e+00  1.0558837000e-01  1.1301245200e-01  1.3023967000e-01
    3.4000000000e-01  8.6473140020e+00  9.1733644430e+00  9.2945029170e+00  1.0915267900e-01  1.1681360200e-01  1.3468447700e-01
    3.5000000000e-01  8.6545275600e+00  9.1810908680e+00  9.3033790350e+00  1.1275223500e-01  1.2065111500e-01  1.3917774900e-01
    3.6000000000e-01  8.6619747900e+00  9.1890666460e+00  9.3125457410e+00  1.1638848400e-01  1.2452648100e-01  1.4372152600e-01
    3.7000000000e-01  8.6696579640e+00  9.1972941190e+00  9.3220061280e+00  1.2006291500e-01  1.2844123200e-01  1.4831791200e-01
    3.8000000000e-01  8.6775794390e+00  9.2057757220e+00  9.3317634150e+00  1.2377706100e-01  1.3239694500e-01  1.5296907700e-01
    3.9000000000e-01  8.6857416670e+00  9.2145139800e+00  9.3418209420e+00  1.2753250000e-01  1.3639524400e-01  1.5767726200e-01
    4.0000000000e-01  8.6941471910e+00  9.2235115180e+00  9.3521821850e+00  1.3133086300e-01  1.4043780700e-01  1.6244478300e-01
    4.1000000000e-01  8.7027986520e+00  9.2327710570e+00  9.3628507510e+00  1.3517382900e-01  1.4452636300e-01  1.6727403700e-01
    4.2000000000e-01  8.7116987860e+00  9.2422954200e+00  9.3738303850e+00  1.3906313200e-01  1.4866269500e-01  1.7216750200e-01
    4.3000000000e-01  8.7208504360e+00  9.2520875350e+00  9.3851249760e+00  1.4300056500e-01  1.5284864900e-01  1.7712774500e-01
    4.4000000000e-01  8.7302565460e+00  9.2621504340e+00  9.3967385600e+00  1.4698797900e-01  1.5708613100e-01  1.8215742600e-01
    4.5000000000e-01  8.7399201690e+00  9.2724872640e+00  9.4086753230e+00  1.5102729100e-01  1.6137711300e-01  1.8725930300e-01
    4.6000000000e-01  8.7498444690e+00  9.2831012830e+00  9.4209396090e+00  1.5512048400e-01  1.6572363700e-01  1.9243623800e-01
    4.7000000000e-01  8.7600327240e+00  9.2939958670e+00  9.4335359220e+00  1.5926961000e-01  1.7012781800e-01  1.9769120300e-01
    4.8000000000e-01  8.7704883310e+00  9.3051745130e+00  9.4464689340e+00  1.6347679800e-01  1.7459184700e-01  2.0302728500e-01
    4.9000000000e-01  8.7812148090e+00  9.3166408430e+00  9.4597434900e+00  1.6774425400e-01  1.7911799900e-01  2.0844769400e-01
    5.0000000000e-01  8.7922158030e+00  9.3283986080e+00  9.4733646130e+00  1.7207426800e-01  1.8370863200e-01  2.1395577000e-01
    5.1000000000e-01  8.8034950880e+00  9.3404516900e+00  9.4873375100e+00  1.7646921500e-01  1.8836619700e-01  2.1955498900e-01
    5.2000000000e-01  8.8150565720e+00  9.3528041110e+00  9.5016675790e+00  1.8093156600e-01  1.9309324000e-01  2.2524897500e-01
    5.3000000000e-01  8.8269043050e+00  9.3654600340e+00  9.5163604160e+00  1.8546388500e-01  1.9789241000e-01  2.3104150200e-01
    5.4000000000e-01  8.8390424780e+00  9.3784237680e+00  9.5314218240e+00  1.9006884100e-01  2.0276646200e-01  2.3693650900e-01
    5.5000000000e-01  8.8514754330e+00  9.3916997750e+00  9.5468578150e+00  1.9474921300e-01  2.0771826600e-01  2.4293810900e-01
    5.6000000000e-01  8.8642076630e+00  9.4052926740e+00  9.5626746230e+00  1.9950789300e-01  2.1275081100e-01  2.4905059400e-01
    5.7000000000e-01  8.8772438240e+00  9.4192072450e+00  9.5788787100e+00  2.0434789500e-01  2.1786721500e-01  2.5527845600e-01
    5.8000000000e-01  8.8905887340e+00  9.4334484370e+00  9.5954767740e+00  2.0927236100e-01  2.2307073000e-01  2.6162638800e-01
    5.9000000000e-01  8.9042473850e+00  9.4480213750e+00  9.6124757590e+00  2.1428456900e-01  2.2836475400e-01  2.6809930700e-01
    6.0000000000e-01  8.9182249440e+00  9.4629313630e+00  9.6298828640e+00  2.1938794400e-01  2.3375283400e-01  2.7470236000e-01
    6.1000000000e-01  8.9325267630e+00  9.4781838910e+00  9.6477055530e+00  2.2458605900e-01  2.3923868000e-01  2.8144094400e-01
    6.2000000000e-01  8.9471583850e+00  9.4937846450e+00  9.6659515620e+00  2.2988265300e-01  2.4482617400e-01  2.8832071800e-01
    6.3000000000e-01  8.9621255510e+00  9.5097395120e+00  9.6846289160e+00  2.3528163600e-01  2.5051938200e-01  2.9534762500e-01
    6.4000000000e-01  8.9774342080e+00  9.5260545850e+00  9.7037459340e+00  2.4078709800e-01  2.5632256100e-01  3.0252790500e-01
    6.5000000000e-01  8.9930905140e+00  9.5427361770e+00  9.7233112440e+00  2.4640332500e-01  2.6224017900e-01  3.0986811900e-01
    6.6000000000e-01  9.0091008510e+00  9.5597908220e+00  9.7433337910e+00  2.5213481000e-01  2.6827692100e-01  3.1737517000e-01
    6.7000000000e-01  9.0254718300e+00  9.5772252880e+00  9.7638228550e+00  2.5798626200e-01  2.7443771000e-01  3.2505632400e-01
    6.8000000000e-01  9.0422103020e+00  9.5950465850e+00  9.7847880600e+00  2.6396262600e-01  2.8072771800e-01  3.3291923700e-01
    6.9000000000e-01  9.0593233660e+00  9.6132619720e+00  9.8062393890e+00  2.7006909300e-01  2.8715238500e-01  3.4097198400e-01
    7.0000000000e-01  9.0768183780e+00  9.6318789680e+00  9.8281871960e+00  2.7631112100e-01  2.9371743800e-01  3.4922308300e-01
    7.1000000000e-01  9.0947029630e+00  9.6509053630e+00  9.8506422220e+00  2.8269444800e-01  3.0042891200e-01  3.5768153400e-01
    7.2000000000e-01  9.1129850250e+00  9.6703492250e+00  9.8736156110e+00  2.8922511400e-01  3.0729316800e-01  3.6635684700e-01
    7.3000000000e-01  9.1316727590e+00  9.6902189110e+00  9.8971189210e+00  2.9590948200e-01  3.1431691800e-01  3.7525908500e-01
    7.4000000000e-01  9.1507746580e+00  9.7105230790e+00  9.9211641430e+00  3.0275425800e-01  3.2150725400e-01  3.8439890100e-01
    7.5000000000e-01  9.1702995300e+00  9.7312706990e+00  9.9457637150e+00  3.0976651600e-01  3.2887167100e-01  3.9378758700e-01
    7.6000000000e-01  9.1902565090e+00  9.7524710590e+00  9.9709305390e+00  3.1695372400e-01  3.3641809800e-01  4.0343711800e-01
    7.7000000000e-01  9.2106550650e+00  9.7741337830e+00  9.9966779970e+00  3.2432377200e-01  3.4415493300e-01  4.1336020600e-01
    7.8000000000e-01  9.2315050200e+00  9.7962688370e+00  1.0023019964e+01  3.3188500300e-01  3.5209107900e-01  4.2357036200e-01
    7.9000000000e-01  9.2528165590e+00  9.8188865420e+00  1.0049970830e+01  3.3964624600e-01  3.6023597900e-01  4.3408195400e-01
    8.0000000000e-01  9.2746002450e+00  9.8419975850e+00  1.0077545506e+01  3.4761685400e-01  3.6859966300e-01  4.4491027800e-01
    8.1000000000e-01  9.2968670340e+00  9.8656130260e+00  1.0105759449e+01  3.5580673800e-01  3.7719279400e-01  4.5607163500e-01
    8.2000000000e-01  9.3196282850e+00  9.8897443120e+00  1.0134628665e+01  3.6422641700e-01  3.8602671500e-01  4.6758341100e-01
    8.3000000000e-01  9.3428957800e+00  9.9144032850e+00  1.0164169730e+01  3.7288706000e-01  3.9511351200e-01  4.7946417100e-01
    8.4000000000e-01  9.3666817310e+00  9.9396021880e+00  1.0194399794e+01  3.8180053600e-01  4.0446606800e-01  4.9173375700e-01
    8.5000000000e-01  9.3909988000e+00  9.9653536700e+00  1.0225336588e+01  3.9097947600e-01  4.1409813700e-01  5.0441339700e-01
    8.6000000000e-01  9.4158601090e+00  9.9916707960e+00  1.0256998432e+01  4.0043732600e-01  4.2402441100e-01  5.1752582600e-01
    8.7000000000e-01  9.4412792530e+00  1.0018567043e+01  1.0289404229e+01  4.1018842100e-01  4.3426060600e-01  5.3109541700e-01
    8.8000000000e-01  9.4672703150e+00  1.0046056301e+01  1.0322573464e+01  4.2024805200e-01  4.4482355000e-01  5.4514833000e-01
    8.9000000000e-01  9.4938478690e+00  1.0074152867e+01  1.0356526185e+01  4.3063254800e-01  4.5573127900e-01  5.5971266700e-01
    9.0000000000e-01  9.5210269970e+00  1.0102871433e+01  1.0391282982e+01  4.4135936800e-01  4.6700314800e-01  5.7481864700e-01
    9.1000000000e-01  9.5488232910e+00  1.0132227072e+01  1.0426864959e+01  4.5244718900e-01  4.7865994300e-01  5.9049880600e-01
    9.2000000000e-01  9.5772528540e+00  1.0162235207e+01  1.0463293676e+01  4.6391601900e-01  4.9072401800e-01  6.0678820000e-01
    9.3000000000e-01  9.6063323040e+00  1.0192911581e+01  1.0500591098e+01  4.7578731000e-01  5.0321943100e-01  6.2372464500e-01
    9.4000000000e-01  9.6360787640e+00  1.0224272208e+01  1.0538779499e+01  4.8808408400e-01  5.1617210200e-01  6.4134896700e-01
    9.5000000000e-01  9.6665098520e+00  1.0256333310e+01  1.0577881361e+01  5.0083107600e-01  5.2960998400e-01  6.5970528200e-01
    9.6000000000e-01  9.6976436600e+00  1.0289111236e+01  1.0617919226e+01  5.1405488600e-01  5.4356324800e-01  6.7884129900e-01
    9.7000000000e-01  9.7294987260e+00  1.0322622361e+01  1.0658915523e+01  5.2778414800e-01  5.5806448100e-01  6.9880865100e-01
    9.8000000000e-01  9.7620939880e+00  1.0356882953e+01  1.0700892342e+01  5.4204971400e-01  5.7314890900e-01  7.1966324900e-01
    9.9000000000e-01  9.7954487310e+00  1.0391909012e+01  1.0743871153e+01  5.5688485700e-01  5.8885462600e-01  7.4146566100e-01
    1.0000000000e+00  9.8295825120e+00  1.0427716067e+01  1.0787872462e+01  5.7232549000e-01  6.0522284500e-01  7.6428152400e-01
    1.0100000000e+00  9.8645150600e+00  1.0464318926e+01  1.0832915384e+01  5.8841041000e-01  6.2229815700e-01  7.8818196200e-01
    1.0200000000e+00  9.9002661580e+00  1.0501731366e+01  1.0879017121e+01  6.0518155500e-01  6.4012880200e-01  8.1324402600e-01
    1.0300000000e+00  9.9368554790e+00  1.0539965763e+01  1.0926192330e+01  6.2268428400e-01  6.5876694300e-01  8.3955113900e-01
    1.0400000000e+00  9.9743023980e+00  1.0579032634e+01  1.0974452357e+01  6.4096768500e-01  6.7826893100e-01  8.6719352000e-01
    1.0500000000e+00  1.0012625745e+01  1.0618940095e+01  1.1023804321e+01  6.6008488800e-01  6.9869556000e-01  8.9626858400e-01
    1.0600000000e+00  1.0051843510e+01  1.0659693212e+01  1.1074250027e+01  6.8009340400e-01  7.2011227300e-01  9.2688127100e-01
    1.0700000000e+00  1.0091972478e+01  1.0701293234e+01  1.1125784687e+01  7.0105547500e-01  7.4258932300e-01  9.5914427500e-01
    1.0800000000e+00  1.0133027791e+01  1.0743736706e+01  1.1178395438e+01  7.2303842300e-01  7.6620183200e-01  9.9317811700e-01
    1.0900000000e+00  1.0175022423e+01  1.0787014450e+01  1.1232059657e+01  7.4611500100e-01  7.9102972600e-01  1.0291109900e+00
    1.1000000000e+00  1.0217966551e+01  1.0831110422e+01  1.1286743080e+01  7.7036371800e-01  8.1715748100e-01  1.0670783000e+00
    1.1100000000e+00  1.0261866826e+01  1.0876000465e+01  1.1342397762e+01  7.9586912900e-01  8.4467364300e-01  1.1072218080e+00
    1.1200000000e+00  1.0306725519e+01  1.0921650999e+01  1.1398959955e+01  8.2272206600e-01  8.7367002400e-01  1.1496882570e+00
    1.1300000000e+00  1.0352539553e+01  1.0968017714e+01  1.1456348029e+01  8.5101977900e-01  9.0424054500e-01  1.1946273970e+00
    1.1400000000e+00  1.0399299417e+01  1.1015044368e+01  1.1514460603e+01  8.8086594300e-01  9.3647962700e-01  1.2421893080e+00
    1.1500000000e+00  1.0446987978e+01  1.1062661841e+01  1.1573175132e+01  9.1237051700e-01  9.7048012900e-01  1.2925209920e+00
    1.1600000000e+00  1.0495579217e+01  1.1110787617e+01  1.1632347271e+01  9.4564939700e-01  1.0063308210e+00  1.3457622750e+00
    1.1700000000e+00  1.0545036927e+01  1.1159325926e+01  1.1691811311e+01  9.8082383000e-01  1.0441134790e+00  1.4020412000e+00
    1.1800000000e+00  1.0595313434e+01  1.1208168734e+01  1.1751382050e+01  1.0180195810e+00  1.0838997910e+00  1.4614692410e+00
    1.1900000000e+00  1.0646348402e+01  1.1257197775e+01  1.1810858264e+01  1.0573658310e+00  1.1257483590e+00  1.5241368730e+00
    1.2000000000e+00  1.0698067801e+01  1.1306287677e+01  1.1870027812e+01  1.0989938300e+00  1.1697022140e+00  1.5901101800e+00
    1.2100000000e+00  1.0750383104e+01  1.1355310060e+01  1.1928674025e+01  1.1430353620e+00  1.2157873410e+00  1.6594292630e+00
    1.2200000000e+00  1.0803190755e+01  1.1404138268e+01  1.1986582660e+01  1.1896210910e+00  1.2640126720e+00  1.7321091150e+00
    1.2300000000e+00  1.0856371929e+01  1.1452652093e+01  1.2043548319e+01  1.2388789050e+00  1.3143719160e+00  1.8081433040e+00
    1.2400000000e+00  1.0909792524e+01  1.1500741715e+01  1.2099378990e+01  1.2909323450e+00  1.3668472780e+00  1.8875102850e+00
    1.2500000000e+00  1.0963303283e+01  1.1548309936e+01  1.2153897449e+01  1.3458992230e+00  1.4214147530e+00  1.9701814390e+00
    1.2600000000e+00  1.1016739900e+01  1.1595271991e+01  1.2206938670e+01  1.4038904160e+00  1.4780502040e+00  2.0561293150e+00
    1.2700000000e+00  1.1069922931e+01  1.1641552557e+01  1.2258343224e+01  1.4650087650e+00  1.5367350920e+00  2.1453340630e+00
    1.2800000000e+00  1.1122657410e+01  1.1687080196e+01  1.2307947662e+01  1.5293478880e+00  1.5974604890e+00  2.2377861270e+00
    1.2900000000e+00  1.1174732155e+01  1.1731780113e+01  1.2355573865e+01  1.5969906160e+00  1.6602282100e+00  2.3334837730e+00
    1.3000000000e+00  1.1225918947e+01  1.1775566739e+01  1.2401020000e+01  1.6680067840e+00  1.7250483510e+00  2.4324251870e+00
    1.3100000000e+00  1.1275971900e+01  1.1818337867e+01  1.2444055701e+01  1.7424501680e+00  1.7919333640e+00  2.5345962210e+00
    1.3200000000e+00  1.1324627476e+01  1.1859971931e+01  1.2484423327e+01  1.8203545370e+00  1.8608896650e+00  2.6399561620e+00
    1.3300000000e+00  1.1371605592e+01  1.1900329301e+01  1.2521845764e+01  1.9017290130e+00  1.9319085100e+00  2.7484246170e+00
    1.3400000000e+00  1.1416612218e+01  1.1939257506e+01  1.2556039565e+01  1.9865531190e+00  2.0049580960e+00  2.8598724470e+00
    1.3500000000e+00  1.1459343662e+01  1.1976599319e+01  1.2586731008e+01  2.0747720890e+00  2.0799784960e+00  2.9741186590e+00
    1.3600000000e+00  1.1499492558e+01  1.2012202046e+01  1.2613672126e+01  2.1662930850e+00  2.1568802710e+00  3.0909336160e+00
    1.3700000000e+00  1.1536755252e+01  1.2045926301e+01  1.2636654313e+01  2.2609829940e+00  2.2355466180e+00  3.2100475120e+00
    1.3800000000e+00  1.1570840042e+01  1.2077652993e+01  1.2655518231e+01  2.3586683760e+00  2.3158382070e+00  3.3311622990e+00
    1.3900000000e+00  1.1601475460e+01  1.2107287934e+01  1.2670159914e+01  2.4591378720e+00  2.3975995290e+00  3.4539654500e+00
    1.4000000000e+00  1.1628417653e+01  1.2134764062e+01  1.2680533517e+01  2.5621470500e+00  2.4806656690e+00  3.5781447000e+00
    1.4100000000e+00  1.1651455997e+01  1.2160041679e+01  1.2686650926e+01  2.6674252530e+00  2.5648687000e+00  3.7034037520e+00
    1.4200000000e+00  1.1670416300e+01  1.2183107203e+01  1.2688577576e+01  2.7746836510e+00  2.6500432320e+00  3.8294790670e+00
    1.4300000000e+00  1.1685161361e+01  1.2203971000e+01  1.2686423106e+01  2.8836235220e+00  2.7360308690e+00  3.9561572600e+00
    1.4400000000e+00  1.1695589039e+01  1.2222664868e+01  1.2680325367e+01  2.9939437910e+00  2.8226835520e+00  4.0832913210e+00
    1.4500000000e+00  1.1701628391e+01  1.2239239697e+01  1.2670427205e+01  3.1053470140e+00  2.9098660210e+00  4.2108127060e+00
    1.4600000000e+00  1.1703234639e+01  1.2253763679e+01  1.2656847041e+01  3.2175433050e+00  2.9974579290e+00  4.3387357850e+00
    1.4700000000e+00  1.1700383862e+01  1.2266320996e+01  1.2639646080e+01  3.3302520490e+00  3.0853563450e+00  4.4671515690e+00
    1.4800000000e+00  1.1693068234e+01  1.2277010415e+01  1.2618796354e+01  3.4432016110e+00  3.1734792720e+00  4.5962090200e+00
    1.4900000000e+00  1.1681292458e+01  1.2285942723e+01  1.2594154392e+01  3.5561275280e+00  3.2617703380e+00  4.7260840080e+00
    1.5000000000e+00  1.1665071735e+01  1.2293235877e+01  1.2565445138e+01  3.6687698300e+00  3.3502040300e+00  4.8569378410e+00
    1.5100000000e+00  1.1644431338e+01  1.2299007206e+01  1.2532259951e+01  3.7808701510e+00  3.4387900790e+00  4.9888687980e+00
    1.5200000000e+00  1.1619407628e+01  1.2303362933e+01  1.2494071473e+01  3.8921691310e+00  3.5275752020e+00  5.1218613810e+00
    1.5300000000e+00  1.1590050302e+01  1.2306386401e+01  1.2450266762e+01  4.0024044820e+00  3.6166406700e+00  5.2557390660e+00
    1.5400000000e+00  1.1556425717e+01  1.2308127177e+01  1.2400198227e+01  4.1113099980e+00  3.7060951090e+00  5.3901272710e+00
    1.5500000000e+00  1.1518621149e+01  1.2308593395e+01  1.2343249308e+01  4.2186158890e+00  3.7960632180e+00  5.5244336890e+00
    1.5600000000e+00  1.1476749705e+01  1.2307749017e+01  1.2278908602e+01  4.3240509980e+00  3.8866723540e+00  5.6578524070e+00
    1.5700000000e+00  1.1430955205e+01  1.2305516419e+01  1.2206842857e+01  4.4273475260e+00  3.9780395640e+00  5.7893958170e+00
    1.5800000000e+00  1.1381415812e+01  1.2301783269e+01  1.2126957090e+01  4.5282486530e+00  4.0702614600e+00  5.9179538920e+00
    1.5900000000e+00  1.1328344773e+01  1.2296411575e+01  1.2039430292e+01  4.6265187430e+00  4.1634083520e+00  6.0423747570e+00
    1.6000000000e+00  1.1271986736e+01  1.2289246528e+01  1.1944718480e+01  4.7219548170e+00  4.2575226150e+00  6.1615550180e+00
    1.6100000000e+00  1.1212608799e+01  1.2280123310e+01  1.1843522976e+01  4.8143970440e+00  4.3526201040e+00  6.2745249110e+00
    1.6200000000e+00  1.1150486803e+01  1.2268871190e+01  1.1736729266e+01  4.9037355870e+00  4.4486927540e+00  6.3805135630e+00
    1.6300000000e+00  1.1085888782e+01  1.2255315342e+01  1.1625328374e+01  4.9899115440e+00  4.5457107670e+00  6.4789837620e+00
    1.6400000000e+00  1.1019058526e+01  1.2239277553e+01  1.1510336255e+01  5.0729109530e+00  4.6436235260e+00  6.5696327430e+00
    1.6500000000e+00  1.0950202398e+01  1.2220576995e+01  1.1392726153e+01  5.1527524000e+00  4.7423593250e+00  6.6523633970e+00
    1.6600000000e+00  1.0879481913e+01  1.2199031754e+01  1.1273384339e+01  5.2294702040e+00  4.8418246920e+00  6.7272366890e+00
    1.6700000000e+00  1.0807013357e+01  1.2174460985e+01  1.1153092686e+01  5.3030959930e+00  4.9419042460e+00  6.7944191080e+00
    1.6800000000e+00  1.0732874323e+01  1.2146686878e+01  1.1032534248e+01  5.3736416530e+00  5.0424616350e+00  6.8541379370e+00
    1.6900000000e+00  1.0657115906e+01  1.2115535285e+01  1.0912312660e+01  5.4410861380e+00  5.1433413460e+00  6.9066526660e+00
    1.7000000000e+00  1.0579778425e+01  1.2080834107e+01  1.0792974095e+01  5.5053677710e+00  5.2443702040e+00  6.9522444590e+00
    1.7100000000e+00  1.0500908268e+01  1.2042409463e+01  1.0675022180e+01  5.5663826020e+00  5.3453567390e+00  6.9912195170e+00
    1.7200000000e+00  1.0420573614e+01  1.2000080937e+01  1.0558920772e+01  5.6239883310e+00  5.4460865480e+00  7.0239181770e+00
    1.7300000000e+00  1.0338877401e+01  1.1953658537e+01  1.0445085107e+01  5.6780125040e+00  5.5463126340e+00  7.0507208960e+00
    1.7400000000e+00  1.0255966873e+01  1.1902944641e+01  1.0333866585e+01  5.7282633300e+00  5.6457414050e+00  7.0720446720e+00
    1.7500000000e+00  1.0172039910e+01  1.1847743787e+01  1.0225538880e+01  5.7745417670e+00  5.7440170220e+00  7.0883279750e+00
    1.7600000000e+00  1.0087348816e+01  1.1787881483e+01  1.0120292492e+01  5.8166542440e+00  5.8407084670e+00  7.1000070400e+00
    1.7700000000e+00  1.0002202009e+01  1.1723230612e+01  1.0018241770e+01  5.8544262130e+00  5.9353041460e+00  7.1074899270e+00
    1.7800000000e+00  9.9169632020e+00  1.1653741427e+01  9.9194440550e+00  5.8877170740e+00  6.0272177710e+00  7.1111358390e+00
    1.7900000000e+00  9.8320467980e+00  1.1579469372e+01  9.8239263740e+00  5.9164364750e+00  6.1158067520e+00  7.1112456640e+00
    1.8000000000e+00  9.7479078860e+00  1.1500594959e+01  9.7317126380e+00  5.9405607820e+00  6.2004010830e+00  7.1080660720e+00
    1.8100000000e+00  9.6650260430e+00  1.1417431708e+01  9.6428442800e+00  5.9601472350e+00  6.2803379630e+00  7.1018052500e+00
    1.8200000000e+00  9.5838837320e+00  1.1330421280e+01  9.5573896420e+00  5.9753427410e+00  6.3549960260e+00  7.0926548690e+00
    1.8300000000e+00  9.5049418720e+00  1.1240118225e+01  9.4754412580e+00  5.9863849340e+00  6.4238237710e+00  7.0808114710e+00
    1.8400000000e+00  9.4286161680e+00  1.1147169040e+01  9.3971039510e+00  5.9935948110e+00  6.4863591650e+00  7.0664914810e+00
    1.8500000000e+00  9.3552575990e+00  1.1052290586e+01  9.3224790250e+00  5.9973621990e+00  6.5422405830e+00  7.0499369270e+00
    1.8600000000e+00  9.2851391920e+00  1.0956251444e+01  9.2516500030e+00  5.9981267010e+00  6.5912118350e+00  7.0314124220e+00
    1.8700000000e+00  9.2184495800e+00  1.0859857103e+01  9.1846736230e+00  5.9963570710e+00  6.6331251500e+00  7.0111966360e+00
    1.8800000000e+00  9.1552925430e+00  1.0763937358e+01  9.1215769690e+00  5.9925314040e+00  6.6679452140e+00  6.9895724460e+00
    1.8900000000e+00  9.0956911700e+00  1.0669332813e+01  9.0623591980e+00  5.9871195860e+00  6.6957553180e+00  6.9668190500e+00
    1.9000000000e+00  9.0395953220e+00  1.0576877508e+01  9.0069951100e+00  5.9805686610e+00  6.7167642950e+00  6.9432073190e+00
    1.9100000000e+00  8.9868912700e+00  1.0487376216e+01  8.9554381740e+00  5.9732914320e+00  6.7313111980e+00  6.9189976680e+00
    1.9200000000e+00  8.9374124580e+00  1.0401577018e+01  8.9076220880e+00  5.9656584210e+00  6.7398641360e+00  6.8944386000e+00
    1.9300000000e+00  8.8909502450e+00  1.0320141825e+01  8.8634615410e+00  5.9579930690e+00  6.7430104150e+00  6.8697642970e+00
    1.9400000000e+00  8.8472635350e+00  1.0243618801e+01  8.8228537650e+00  5.9505695420e+00  6.7414367560e+00  6.8451907680e+00
    1.9500000000e+00  8.8060865660e+00  1.0172420994e+01  8.7856823430e+00  5.9436119570e+00  6.7359003850e+00  6.8209114260e+00
    1.9600000000e+00  8.7671349740e+00  1.0106814855e+01  8.7518237360e+00  5.9372935560e+00  6.7271938000e+00  6.7970938620e+00
    1.9700000000e+00  8.7301111640e+00  1.0046920815e+01  8.7211557450e+00  5.9317346570e+00  6.7161075770e+00  6.7738795690e+00
    1.9800000000e+00  8.6947106680e+00  9.9927258740e+00  8.6935661020e+00  5.9269990980e+00  6.7033962660e+00  6.7513876570e+00
    1.9900000000e+00  8.6606311600e+00  9.9441058200e+00  8.6689590870e+00  5.9230901210e+00  6.6897520250e+00  6.7297224110e+00
    2.0000000000e+00  8.6275849540e+00  9.9008526820e+00  8.6472583620e+00  5.9199476600e+00  6.6757890310e+00  6.7089834840e+00
    2.0100000000e+00  8.5953144820e+00  9.8627021150e+00  8.6284050250e+00  5.9174494310e+00  6.6620391800e+00  6.6892767670e+00
    2.0200000000e+00  8.5636087390e+00  9.8293559050e+00  8.6123509000e+00  5.9154176810e+00  6.6489569660e+00  6.6707237240e+00
    2.0300000000e+00  8.5323177530e+00  9.8004966070e+00  8.5990479980e+00  5.9136321410e+00  6.6369293030e+00  6.6534672120e+00
    2.0400000000e+00  8.5013621040e+00  9.7757940520e+00  8.5884358680e+00  5.9118479020e+00  6.6262852870e+00  6.6376723320e+00
    2.0500000000e+00  8.4707355970e+00  9.7549061600e+00  8.5804289860e+00  5.9098154510e+00  6.6173016870e+00  6.6235216440e+00
    2.0600000000e+00  8.4405010140e+00  9.7374783930e+00  8.5749065600e+00  5.9072994560e+00  6.6102020800e+00  6.6112049350e+00
    2.0700000000e+00  8.4107807730e+00  9.7231465460e+00  8.5717069450e+00  5.9040934770e+00  6.6051504670e+00  6.6009047070e+00
    2.0800000000e+00  8.3817453880e+00  9.7115462580e+00  8.5706283880e+00  5.9000293800e+00  6.6022427780e+00  6.5927794200e+00
    2.0900000000e+00  8.3536026270e+00  9.7023300580e+00  8.5714368810e+00  5.8949821350e+00  6.6015011390e+00  6.5869472320e+00
    2.1000000000e+00  8.3265889810e+00  9.6951898060e+00  8.5738807280e+00  5.8888720170e+00  6.6028754710e+00  6.5834732330e+00
    2.1100000000e+00  8.3009634890e+00  9.6898801590e+00  8.5777101180e+00  5.8816665520e+00  6.6062551950e+00  6.5823628900e+00
    2.1200000000e+00  8.2770025510e+00  9.6862377810e+00  8.5826988950e+00  5.8733838090e+00  6.6114910290e+00  6.5835635730e+00
    2.1300000000e+00  8.2549938130e+00  9.6841917910e+00  8.5886650790e+00  5.8640973530e+00  6.6184242490e+00  6.5869746710e+00
    2.1400000000e+00  8.2352274630e+00  9.6837627970e+00  8.5954866220e+00  5.8539419240e+00  6.6269189760e+00  6.5924653310e+00
    2.1500000000e+00  8.2179841240e+00  9.6850502880e+00  8.6031096450e+00  5.8431181150e+00  6.6368924770e+00  6.5998973520e+00
    2.1600000000e+00  8.2035195930e+00  9.6882102900e+00  8.6115476410e+00  5.8318940240e+00  6.6483391420e+00  6.6091497930e+00
    2.1700000000e+00  8.1920477150e+00  9.6934267020e+00  8.6208718140e+00  5.8206021670e+00  6.6613451730e+00  6.6201415510e+00
    2.1800000000e+00  8.1837234990e+00  9.7008803580e+00  8.6311943420e+00  5.8096306660e+00  6.6760928360e+00  6.6328487030e+00
    2.1900000000e+00  8.1786290020e+00  9.7107196780e+00  8.6426474320e+00  5.7994088550e+00  6.6928548080e+00  6.6473146290e+00
    2.2000000000e+00  8.1767642380e+00  9.7230359500e+00  8.6553613820e+00  5.7903886930e+00  6.7119804930e+00  6.6636524840e+00
    2.2100000000e+00  8.1780445120e+00  9.7378451380e+00  8.6694444060e+00  5.7830244330e+00  6.7338769940e+00  6.6820409800e+00
    2.2200000000e+00  8.1823041440e+00  9.7550767770e+00  8.6849659760e+00  5.7777533610e+00  6.7589876180e+00  6.7027152760e+00
    2.2300000000e+00  8.1893051710e+00  9.7745693800e+00  8.7019443140e+00  5.7749800070e+00  6.7877705120e+00  6.7259549710e+00
    2.2400000000e+00  8.1987486690e+00  9.7960709080e+00  8.7203377880e+00  5.7750650640e+00  6.8206792480e+00  6.7520708460e+00
    2.2500000000e+00  8.2102862470e+00  9.8192424280e+00  8.7400395190e+00  5.7783187950e+00  6.8581461990e+00  6.7813913510e+00
    2.2600000000e+00  8.2235300110e+00  9.8436632440e+00  8.7608744240e+00  5.7849975260e+00  6.9005685040e+00  6.8142492210e+00
    2.2700000000e+00  8.2380605250e+00  9.8688363680e+00  8.7825982270e+00  5.7953013150e+00  6.9482955950e+00  6.8509681450e+00
    2.2800000000e+00  8.2534335070e+00  9.8941941960e+00  8.8048983620e+00  5.8093712260e+00  7.0016169430e+00  6.8918492320e+00
    2.2900000000e+00  8.2691867770e+00  9.9191052690e+00  8.8273971240e+00  5.8272855470e+00  7.0607489580e+00  6.9371571120e+00
    2.3000000000e+00  8.2848489860e+00  9.9428836410e+00  8.8496577260e+00  5.8490555240e+00  7.1258208380e+00  6.9871058980e+00
    2.3100000000e+00  8.2999509420e+00  9.9648024820e+00  8.8711939460e+00  5.8746220890e+00  7.1968603190e+00  7.0418457920e+00
    2.3200000000e+00  8.3140392440e+00  9.9841128220e+00  8.8914836480e+00  5.9038554090e+00  7.2737813340e+00  7.1014516370e+00
    2.3300000000e+00  8.3266907710e+00  1.0000067170e+01  8.9099858340e+00  5.9365586850e+00  7.3563760760e+00  7.1659150560e+00
    2.3400000000e+00  8.3375259040e+00  1.0011946390e+01  8.9261599310e+00  5.9724765480e+00  7.4443137650e+00  7.2351416660e+00
    2.3500000000e+00  8.3462184440e+00  1.0019087148e+01  8.9394853580e+00  6.0113071810e+00  7.5371474350e+00  7.3089542260e+00
    2.3600000000e+00  8.3525009640e+00  1.0020906869e+01  8.9494790070e+00  6.0527163100e+00  7.6343287580e+00  7.3871015730e+00
    2.3700000000e+00  8.3561655300e+00  1.0016923403e+01  8.9557085840e+00  6.0963509200e+00  7.7352295520e+00  7.4692720830e+00
    2.3800000000e+00  8.3570607940e+00  1.0006767504e+01  8.9578005850e+00  6.1418509490e+00  7.8391677050e+00  7.5551096230e+00
    2.3900000000e+00  8.3550870380e+00  9.9901872800e+00  8.9554427390e+00  6.1888581640e+00  7.9454348010e+00  7.6442297150e+00
    2.4000000000e+00  8.3501906620e+00  9.9670447940e+00  8.9483817680e+00  6.2370223710e+00  8.0533228930e+00  7.7362340220e+00
    2.4100000000e+00  8.3423589680e+00  9.9373056650e+00  8.9364177790e+00  6.2860057380e+00  8.1621482070e+00  7.8307220070e+00
    2.4200000000e+00  8.3316153950e+00  9.9010229780e+00  8.9193967280e+00  6.3354860470e+00  8.2712699850e+00  7.9272993060e+00
    2.4300000000e+00  8.3180147960e+00  9.8583171580e+00  8.8972021220e+00  6.3851592800e+00  8.3801030070e+00  8.0255828560e+00
    2.4400000000e+00  8.3016383720e+00  9.8093539720e+00  8.8697469660e+00  6.4347412860e+00  8.4881226910e+00  8.1252030770e+00
    2.4500000000e+00  8.2825883700e+00  9.7543232580e+00  8.8369667760e+00  6.4839678250e+00  8.5948623570e+00  8.2258036100e+00
    2.4600000000e+00  8.2609834150e+00  9.6934213290e+00  8.7988142520e+00  6.5325923750e+00  8.6999032560e+00  8.3270394170e+00
    2.4700000000e+00  8.2369559850e+00  9.6268396330e+00  8.7552557600e+00  6.5803817600e+00  8.8028592280e+00  8.4285742250e+00
    2.4800000000e+00  8.2106535730e+00  9.5547614110e+00  8.7062691750e+00  6.6271107790e+00  8.9033589030e+00  8.5300781750e+00
    2.4900000000e+00  8.1822443230e+00  9.4773666490e+00  8.6518422270e+00  6.6725581280e+00  9.0010288700e+00  8.6312259450e+00
    2.5000000000e+00  8.1519264670e+00  9.3948442490e+00  8.5919706470e+00  6.7165063790e+00  9.0954810520e+00  8.7316949010e+00
    2.5100000000e+00  8.1199392080e+00  9.3074091890e+00  8.5266560350e+00  6.7587483480e+00  9.1863068270e+00  8.8311623540e+00
    2.5200000000e+00  8.0865714470e+00  9.2153216750e+00  8.4559042340e+00  6.7991007180e+00  9.2730793900e+00  8.9293011590e+00
    2.5300000000e+00  8.0521644480e+00  9.1189049250e+00  8.3797255130e+00  6.8374237320e+00  9.3553647080e+00  9.0257736280e+00
    2.5400000000e+00  8.0171054090e+00  9.0185582040e+00  8.2981377610e+00  6.8736438100e+00  9.4327401370e+00  9.1202246560e+00
    2.5500000000e+00  7.9818107050e+00  8.9147621980e+00  8.2111732220e+00  6.9077746390e+00  9.5048184260e+00  9.2122755940e+00
    2.5600000000e+00  7.9466997990e+00  8.8080748900e+00  8.1188884290e+00  6.9399320250e+00  9.5712736920e+00  9.3015205220e+00
    2.5700000000e+00  7.9121628950e+00  8.6991177220e+00  8.0213763150e+00  6.9703386390e+00  9.6318653540e+00  9.3875262280e+00
    2.5800000000e+00  7.8785268600e+00  8.5885536380e+00  7.9187790750e+00  6.9993164950e+00  9.6864562530e+00  9.4698366480e+00
    2.5900000000e+00  7.8460244660e+00  8.4770600710e+00  7.8113002790e+00  7.0272670800e+00  9.7350223540e+00  9.5479820960e+00
    2.6000000000e+00  7.8147715750e+00  8.3653005830e+00  7.6992145890e+00  7.0546411990e+00  9.7776531140e+00  9.6214932060e+00
    2.6100000000e+00  7.7847555930e+00  8.2538985820e+00  7.5828732630e+00  7.0819022050e+00  9.8145432430e+00  9.6899190680e+00
    2.6200000000e+00  7.7558367760e+00  8.1434156030e+00  7.4627035390e+00  7.1094872380e+00  9.8459776790e+00  9.7528482500e+00
    2.6300000000e+00  7.7277620390e+00  8.0343355280e+00  7.3392003400e+00  7.1377711760e+00  9.8723120240e+00  9.8099303310e+00
    2.6400000000e+00  7.7001892410e+00  7.9270552720e+00  7.2129098140e+00  7.1670373170e+00  9.8939506030e+00  9.8608946350e+00
    2.6500000000e+00  7.6727187910e+00  7.8218818640e+00  7.0844059310e+00  7.1974576850e+00  9.9113240960e+00  9.9055624940e+00
    2.6600000000e+00  7.6449287510e+00  7.7190354650e+00  6.9542631990e+00  7.2290843940e+00  9.9248684470e+00  9.9438500800e+00
    2.6700000000e+00  7.6164096170e+00  7.6186574630e+00  6.8230299180e+00  7.2618521460e+00  9.9350065440e+00  9.9757605150e+00
    2.6800000000e+00  7.5867953300e+00  7.5208224580e+00  6.6912067130e+00  7.2955906260e+00  9.9421338610e+00  1.0001366256e+01
    2.6900000000e+00  7.5557878740e+00  7.4255526560e+00  6.5592341400e+00  7.3300445980e+00  9.9466088040e+00  1.0020784932e+01
    2.7000000000e+00  7.5231738550e+00  7.3328330810e+00  6.4274912780e+00  7.3648988900e+00  9.9487480260e+00  1.0034153296e+01
    2.7100000000e+00  7.4888326090e+00  7.2426260660e+00  6.2963047510e+00  7.3998053100e+00  9.9488264840e+00  1.0041604238e+01
    2.7200000000e+00  7.4527364210e+00  7.1548836070e+00  6.1659654840e+00  7.4344088550e+00  9.9470815220e+00  1.0043250893e+01
    2.7300000000e+00  7.4149441040e+00  7.0695565400e+00  6.0367489940e+00  7.4683712220e+00  9.9437198450e+00  1.0039179996e+01
    2.7400000000e+00  7.3755895050e+00  6.9865999900e+00  5.9089348310e+00  7.5013903860e+00  9.9389259120e+00  1.0029454409e+01
    2.7500000000e+00  7.3348664430e+00  6.9059752080e+00  5.7828215920e+00  7.5332155840e+00  9.9328702670e+00  1.0014122740e+01
    2.7600000000e+00  7.2930114050e+00  6.8276485260e+00  5.6587356470e+00  7.5636574590e+00  9.9257165950e+00  9.9932328970e+00
    2.7700000000e+00  7.2502851760e+00  6.7515884910e+00  5.5370334900e+00  7.5925932160e+00  9.9176268910e+00  9.9668462650e+00
    2.7800000000e+00  7.2069546160e+00  6.6777621590e+00  5.4180991130e+00  7.6199668420e+00  9.9087647670e+00  9.9350500640e+00
    2.7900000000e+00  7.1632758680e+00  6.6061311210e+00  5.3023384590e+00  7.6457846440e+00  9.8992972600e+00  9.8979666840e+00
    2.8000000000e+00  7.1194802090e+00  6.5366473660e+00  5.1901729200e+00  7.6701068710e+00  9.8893954740e+00  9.8557601250e+00
    2.8100000000e+00  7.0757634330e+00  6.4692488800e+00  5.0820331280e+00  7.6930365420e+00  9.8792340430e+00  9.8086405080e+00
    2.8200000000e+00  7.0322790770e+00  6.4038551200e+00  4.9783533310e+00  7.7147068320e+00  9.8689890020e+00  9.7568679830e+00
    2.8300000000e+00  6.9891352700e+00  6.3403629900e+00  4.8795657470e+00  7.7352681810e+00  9.8588337310e+00  9.7007570600e+00
    2.8400000000e+00  6.9463946830e+00  6.2786443270e+00  4.7860937120e+00  7.7548758860e+00  9.8489330320e+00  9.6406817130e+00
    2.8500000000e+00  6.9040771180e+00  6.2185458230e+00  4.6983423630e+00  7.7736785310e+00  9.8394361980e+00  9.5770807250e+00
    2.8600000000e+00  6.8621645210e+00  6.1598916400e+00  4.6166859680e+00  7.7918074470e+00  9.8304704270e+00  9.5104618750e+00
    2.8700000000e+00  6.8206084730e+00  6.1024880420e+00  4.5414519540e+00  7.8093675320e+00  9.8221358740e+00  9.4414030420e+00
    2.8800000000e+00  6.7793402280e+00  6.0461287040e+00  4.4729027660e+00  7.8264301110e+00  9.8145029050e+00  9.3705483230e+00
    2.8900000000e+00  6.7382830610e+00  5.9905993390e+00  4.4112177650e+00  7.8430289330e+00  9.8076111120e+00  9.2985979450e+00
    2.9000000000e+00  6.6973660000e+00  5.9356810070e+00  4.3564778910e+00  7.8591605480e+00  9.8014688580e+00  9.2262919920e+00
    2.9100000000e+00  6.6565371350e+00  5.8811524440e+00  4.3086555910e+00  7.8747900360e+00  9.7960520710e+00  9.1543893810e+00
    2.9200000000e+00  6.6157740000e+00  5.8267925880e+00  4.2676114980e+00  7.8898620680e+00  9.7913015610e+00  9.0836445520e+00
    2.9300000000e+00  6.5750883690e+00  5.7723846820e+00  4.2330979880e+00  7.9043158990e+00  9.7871190790e+00  9.0147846920e+00
    2.9400000000e+00  6.5345237050e+00  5.7177229540e+00  4.2047684520e+00  7.9181013460e+00  9.7833631450e+00  8.9484898400e+00
    2.9500000000e+00  6.4941451080e+00  5.6626221490e+00  4.1821903840e+00  7.9311919680e+00  9.7798460780e+00  8.8853772160e+00
    2.9600000000e+00  6.4540237500e+00  5.6069294870e+00  4.1648603570e+00  7.9435918320e+00  9.7763335680e+00  8.8259900530e+00
    2.9700000000e+00  6.4142194520e+00  5.5505380940e+00  4.1522194260e+00  7.9553335300e+00  9.7725477650e+00  8.7707904370e+00
    2.9800000000e+00  6.3747660280e+00  5.4934008600e+00  4.1436681200e+00  7.9664672160e+00  9.7681744560e+00  8.7201553790e+00
    2.9900000000e+00  6.3356636990e+00  5.4355436060e+00  4.1385807470e+00  7.9770427170e+00  9.7628746370e+00  8.6743754710e+00
    3.0000000000e+00  6.2968815890e+00  5.3770763710e+00  4.1363189020e+00  7.9870888040e+00  9.7563007380e+00  8.6336557650e+00
    3.0100000000e+00  6.2583710630e+00  5.3182013090e+00  4.1362440230e+00  7.9965948410e+00  9.7481175960e+00  8.5981188100e+00
    3.0200000000e+00  6.2200880480e+00  5.2592151710e+00  4.1377285540e+00  8.0055000760e+00  9.7380278450e+00  8.5678097440e+00
    3.0300000000e+00  6.1820200030e+00  5.2005039890e+00  4.1401651060e+00  8.0136945490e+00  9.7258004300e+00  8.5427031500e+00
    3.0400000000e+00  6.1442116250e+00  5.1425278260e+00  4.1429730740e+00  8.0210331390e+00  9.7112995340e+00  8.5227109180e+00
    3.0500000000e+00  6.1067830420e+00  5.0857945380e+00  4.1456025140e+00  8.0273612850e+00  9.6945098850e+00  8.5076900480e+00
    3.0600000000e+00  6.0699355650e+00  5.0308234450e+00  4.1475357020e+00  8.0325480160e+00  9.6755535990e+00  8.4974492230e+00
    3.0700000000e+00  6.0339425760e+00  4.9781022140e+00  4.1482874010e+00  8.0365199810e+00  9.6546940060e+00  8.4917532940e+00
    3.0800000000e+00  5.9991263800e+00  4.9280424500e+00  4.1474052350e+00  8.0392896480e+00  9.6323234920e+00  8.4903254350e+00
    3.0900000000e+00  5.9658249580e+00  4.8809408300e+00  4.1444715770e+00  8.0409719970e+00  9.6089350420e+00  8.4928475370e+00
    3.1000000000e+00  5.9343547280e+00  4.8369525070e+00  4.1391078790e+00  8.0417865370e+00  9.5850804010e+00  8.4989600970e+00
    3.1100000000e+00  5.9049760460e+00  4.7960818320e+00  4.1309816420e+00  8.0420446980e+00  9.5613207570e+00  8.5082632840e+00
    3.1200000000e+00  5.8778671960e+00  4.7581923320e+00  4.1198152540e+00  8.0421256790e+00  9.5381778080e+00  8.5203207790e+00
    3.1300000000e+00  5.8531103290e+00  4.7230341380e+00  4.1053951770e+00  8.0424459230e+00  9.5160933050e+00  8.5346675000e+00
    3.1400000000e+00  5.8306899920e+00  4.6902834690e+00  4.0875795020e+00  8.0434279800e+00  9.4954035810e+00  8.5508213990e+00
    3.1500000000e+00  5.8105022740e+00  4.6595864000e+00  4.0663019450e+00  8.0454737970e+00  9.4763323750e+00  8.5682985970e+00
    3.1600000000e+00  5.7923708570e+00  4.6305986000e+00  4.0415708820e+00  8.0489456710e+00  9.4590012500e+00  8.5866302180e+00
    3.1700000000e+00  5.7760656570e+00  4.6030141930e+00  4.0134628390e+00  8.0541558660e+00  9.4434531970e+00  8.6053788270e+00
    3.1800000000e+00  5.7613202330e+00  4.5765800550e+00  3.9821107840e+00  8.0613639210e+00  9.4296825230e+00  8.6241522720e+00
    3.1900000000e+00  5.7478453980e+00  4.5510957100e+00  3.9476884820e+00  8.0707792950e+00  9.4176636960e+00  8.6426130080e+00
    3.2000000000e+00  5.7353380610e+00  4.5264022700e+00  3.9103928750e+00  8.0825665170e+00  9.4073733440e+00  8.6604816540e+00
    3.2100000000e+00  5.7234856780e+00  4.5023657550e+00  3.8704267990e+00  8.0968502630e+00  9.3988024630e+00  8.6775343910e+00
    3.2200000000e+00  5.7119676750e+00  4.4788600700e+00  3.8279844040e+00  8.1137185840e+00  9.3919589420e+00  8.6935948370e+00
    3.2300000000e+00  5.7004556320e+00  4.4557535420e+00  3.7832411100e+00  8.1332234400e+00  9.3868626830e+00  8.7085219250e+00
    3.2400000000e+00  5.6886139860e+00  4.4329009050e+00  3.7363491460e+00  8.1553786820e+00  9.3835365590e+00  8.7221959520e+00
    3.2500000000e+00  5.6761026260e+00  4.4101409050e+00  3.6874386960e+00  8.1801563530e+00  9.3819962100e+00  8.7345051350e+00
    3.2600000000e+00  5.6625820770e+00  4.3872986860e+00  3.6366236850e+00  8.2074826840e+00  9.3822409510e+00  8.7453347130e+00
    3.2700000000e+00  5.6477211830e+00  4.3641915590e+00  3.5840105490e+00  8.2372352570e+00  9.3842472520e+00  8.7545599130e+00
    3.2800000000e+00  5.6312065440e+00  4.3406366790e+00  3.5297080970e+00  8.2692424810e+00  9.3879656020e+00  8.7620431570e+00
    3.2900000000e+00  5.6127525380e+00  4.3164590070e+00  3.4738368540e+00  8.3032860090e+00  9.3933210100e+00  8.7676350450e+00
    3.3000000000e+00  5.5921107300e+00  4.2914979740e+00  3.4165369120e+00  8.3391060910e+00  9.4002168030e+00  8.7711781110e+00
    3.3100000000e+00  5.5690776860e+00  4.2656115300e+00  3.3579741030e+00  8.3764094330e+00  9.4085406910e+00  8.7725124140e+00
    3.3200000000e+00  5.5435004820e+00  4.2386767930e+00  3.2983446760e+00  8.4148788370e+00  9.4181715410e+00  8.7714824640e+00
    3.3300000000e+00  5.5152795560e+00  4.2105874650e+00  3.2378786570e+00  8.4541837880e+00  9.4289850220e+00  8.7679456080e+00
    3.3400000000e+00  5.4843688030e+00  4.1812490620e+00  3.1768414160e+00  8.4939911150e+00  9.4408565940e+00  8.7617822940e+00
    3.3500000000e+00  5.4507731570e+00  4.1505737680e+00  3.1155322310e+00  8.5339748820e+00  9.4536611100e+00  8.7529083510e+00
    3.3600000000e+00  5.4145441380e+00  4.1184767580e+00  3.0542781900e+00  8.5738248750e+00  9.4672693620e+00  8.7412884550e+00
    3.3700000000e+00  5.3757739900e+00  4.0848753980e+00  2.9934220450e+00  8.6132532680e+00  9.4815428880e+00  8.7269486750e+00
    3.3800000000e+00  5.3345890820e+00  4.0496916910e+00  2.9333038880e+00  8.6519993110e+00  9.4963287770e+00  8.7099849270e+00
    3.3900000000e+00  5.2911431690e+00  4.0128574060e+00  2.8742383920e+00  8.6898320400e+00  9.5114560410e+00  8.6905639690e+00
    3.4000000000e+00  5.2456111310e+00  3.9743207150e+00  2.8164913390e+00  8.7265511470e+00  9.5267343930e+00  8.6689145720e+00
    3.4100000000e+00  5.1981838120e+00  3.9340531950e+00  2.7602603290e+00  8.7619863250e+00  9.5419555040e+00  8.6453086310e+00
    3.4200000000e+00  5.1490645510e+00  3.8920564740e+00  2.7056645070e+00  8.7959956710e+00  9.5568963610e+00  8.6200346190e+00
    3.4300000000e+00  5.0984677900e+00  3.8483683370e+00  2.6527465760e+00  8.8284641570e+00  9.5713244020e+00  8.5933681920e+00
    3.4400000000e+00  5.0466196030e+00  3.8030682260e+00  2.6014876710e+00  8.8593034050e+00  9.5850045380e+00  8.5655461180e+00
    3.4500000000e+00  4.9937592890e+00  3.7562817190e+00  2.5518324670e+00  8.8884541060e+00  9.5977085380e+00  8.5367494920e+00
    3.4600000000e+00  4.9401403150e+00  3.7081828470e+00  2.5037190770e+00  8.9158919030e+00  9.6092271780e+00  8.5071003830e+00
    3.4700000000e+00  4.8860283090e+00  3.6589925000e+00  2.4571067170e+00  8.9416366810e+00  9.6193847970e+00  8.4766728900e+00
    3.4800000000e+00  4.8316937260e+00  3.6089711760e+00  2.4119943510e+00  8.9657637980e+00  9.6280547090e+00  8.4455158890e+00
    3.4900000000e+00  4.7773975770e+00  3.5584051380e+00  2.3684257140e+00  8.9884143860e+00  9.6351726970e+00  8.4136816570e+00
    3.5000000000e+00  4.7233701890e+00  3.5075867030e+00  2.3264796710e+00  9.0098008220e+00  9.6407452130e+00  8.3812529730e+00
    3.5100000000e+00  4.6697851930e+00  3.4567912980e+00  2.2862487350e+00  9.0302034670e+00  9.6448493640e+00  8.3483618730e+00
    3.5200000000e+00  4.6167330270e+00  3.4062554750e+00  2.2478114620e+00  9.0499559980e+00  9.6476233520e+00  8.3151957720e+00
    3.5300000000e+00  4.5641995320e+00  3.3561604890e+00  2.2112055030e+00  9.0694190860e+00  9.6492484470e+00  8.2819901460e+00
    3.5400000000e+00  4.5120550250e+00  3.3066250640e+00  2.1764071470e+00  9.0889450400e+00  9.6499259700e+00  8.2490103790e+00
    3.5500000000e+00  4.4600575020e+00  3.2577087150e+00  2.1433207400e+00  9.1088385770e+00  9.6498542720e+00  8.2165274070e+00
    3.5600000000e+00  4.4078707900e+00  3.2094241840e+00  2.1117786510e+00  9.1293201360e+00  9.6492107670e+00  8.1847922160e+00
    3.5700000000e+00  4.3550953730e+00  3.1617551820e+00  2.0815501980e+00  9.1504978120e+00  9.6481425980e+00  8.1540132770e+00
    3.5800000000e+00  4.3013071680e+00  3.1146744340e+00  2.0523569000e+00  9.1723521990e+00  9.6467669640e+00  8.1243393670e+00
    3.5900000000e+00  4.2460983670e+00  3.0681573590e+00  2.0238913130e+00  9.1947357770e+00  9.6451794990e+00  8.0958487110e+00
    3.6000000000e+00  4.1891146890e+00  3.0221884080e+00  1.9958371770e+00  9.2173857480e+00  9.6434670520e+00  8.0685443950e+00
    3.6100000000e+00  4.1300848040e+00  2.9767594040e+00  1.9678891840e+00  9.2399471610e+00  9.6417204790e+00  8.0423555500e+00
    3.6200000000e+00  4.0688396980e+00  2.9318614970e+00  1.9397710140e+00  9.2620021040e+00  9.6400436090e+00  8.0171436530e+00
    3.6300000000e+00  4.0053218440e+00  2.8874738820e+00  1.9112505000e+00  9.2831007670e+00  9.6385560780e+00  7.9927131330e+00
    3.6400000000e+00  3.9395855730e+00  2.8435528400e+00  1.8821509530e+00  9.3027911610e+00  9.6373897600e+00  7.9688252380e+00
    3.6500000000e+00  3.8717908020e+00  2.8000240650e+00  1.8523579850e+00  9.3206456120e+00  9.6366802330e+00  7.9452138430e+00
    3.6600000000e+00  3.8021921200e+00  2.7567798120e+00  1.8218216210e+00  9.3362835470e+00  9.6365558440e+00  7.9216017080e+00
    3.6700000000e+00  3.7311245320e+00  2.7136808740e+00  1.7905540730e+00  9.3493908540e+00  9.6371269870e+00  7.8977157270e+00
    3.6800000000e+00  3.6589861730e+00  2.6705621230e+00  1.7586239850e+00  9.3597362070e+00  9.6384775030e+00  7.8733000490e+00
    3.6900000000e+00  3.5862177640e+00  2.6272399170e+00  1.7261482270e+00  9.3671841520e+00  9.6406589380e+00  7.8481263780e+00
    3.7000000000e+00  3.5132786210e+00  2.5835199560e+00  1.6932823170e+00  9.3717039260e+00  9.6436873860e+00  7.8220012390e+00
    3.7100000000e+00  3.4406197530e+00  2.5392049020e+00  1.6602103690e+00  9.3733723900e+00  9.6475421420e+00  7.7947702990e+00
    3.7200000000e+00  3.3686556700e+00  2.4941018340e+00  1.6271352970e+00  9.3723694320e+00  9.6521655400e+00  7.7663199590e+00
    3.7300000000e+00  3.2977375190e+00  2.4480299090e+00  1.5942699770e+00  9.3689649010e+00  9.6574638880e+00  7.7365765100e+00
    3.7400000000e+00  3.2281307420e+00  2.4008284510e+00  1.5618300400e+00  9.3634973810e+00  9.6633099770e+00  7.7055033350e+00
    3.7500000000e+00  3.1600002600e+00  2.3523651150e+00  1.5300289340e+00  9.3563465760e+00  9.6695479150e+00  7.6730969630e+00
    3.7600000000e+00  3.0934053440e+00  2.3025431390e+00  1.4990754610e+00  9.3479023720e+00  9.6760008050e+00  7.6393831980e+00
    3.7700000000e+00  3.0283048160e+00  2.2513063130e+00  1.4691733400e+00  9.3385344460e+00  9.6824811750e+00  7.6044146230e+00
    3.7800000000e+00  2.9645715160e+00  2.1986403580e+00  1.4405215740e+00  9.3285662260e+00  9.6888032980e+00  7.5682705010e+00
    3.7900000000e+00  2.9020134130e+00  2.1445699060e+00  1.4133138610e+00  9.3182561640e+00  9.6947958790e+00  7.5310592390e+00
    3.8000000000e+00  2.8403978550e+00  2.0891510140e+00  1.3877353610e+00  9.3077877710e+00  9.7003133180e+00  7.4929225490e+00
    3.8100000000e+00  2.7794754000e+00  2.0324599540e+00  1.3639557580e+00  9.2972681710e+00  9.7052438900e+00  7.4540394790e+00
    3.8200000000e+00  2.7190004220e+00  1.9745795770e+00  1.3421187330e+00  9.2867335600e+00  9.7095135780e+00  7.4146280660e+00
    3.8300000000e+00  2.6587469070e+00  1.9155849640e+00  1.3223291700e+00  9.2761591710e+00  9.7130848910e+00  7.3749426190e+00
    3.8400000000e+00  2.5985191330e+00  1.8555301330e+00  1.3046403760e+00  9.2654713230e+00  9.7159506630e+00  7.3352655150e+00
    3.8500000000e+00  2.5381579200e+00  1.7944375450e+00  1.2890439100e+00  9.2545596890e+00  9.7181233920e+00  7.2958937140e+00
    3.8600000000e+00  2.4775435320e+00  1.7322918410e+00  1.2754642290e+00  9.2432887300e+00  9.7196213180e+00  7.2571213580e+00
    3.8700000000e+00  2.4165962770e+00  1.6690387580e+00  1.2637594280e+00  9.2315079880e+00  9.7204528530e+00  7.2192207340e+00
    3.8800000000e+00  2.3552753960e+00  1.6045895670e+00  1.2537281880e+00  9.2190613870e+00  9.7206012660e+00  7.1824240020e+00
    3.8900000000e+00  2.2935763880e+00  1.5388306290e+00  1.2451220970e+00  9.2057956900e+00  9.7200115060e+00  7.1469077690e+00
    3.9000000000e+00  2.2315266300e+00  1.4716370850e+00  1.2376619470e+00  9.1915679590e+00  9.7185808190e+00  7.1127818760e+00
    3.9100000000e+00  2.1691792590e+00  1.4028891500e+00  1.2310565340e+00  9.1762514900e+00  9.7161543250e+00  7.0800831300e+00
    3.9200000000e+00  2.1066056540e+00  1.3324892080e+00  1.2250226080e+00  9.1597394370e+00  9.7125261690e+00  7.0487743160e+00
    3.9300000000e+00  2.0438874580e+00  1.2603777800e+00  1.2193046640e+00  9.1419454580e+00  9.7074462130e+00  7.0187486480e+00
    3.9400000000e+00  1.9811094590e+00  1.1865465280e+00  1.2136931830e+00  9.1228012610e+00  9.7006315500e+00  6.9898396780e+00
    3.9500000000e+00  1.9183547630e+00  1.1110468010e+00  1.2080396950e+00  9.1022516400e+00  9.6917814950e+00  6.9618363140e+00
    3.9600000000e+00  1.8557032100e+00  1.0339928340e+00  1.2022670220e+00  9.0802484130e+00  9.6805941570e+00  6.9345019970e+00
    3.9700000000e+00  1.7932331570e+00  9.5555959000e-01  1.1963733170e+00  9.0567450050e+00  9.6667824900e+00  6.9075963810e+00
    3.9800000000e+00  1.7310257260e+00  8.7597612500e-01  1.1904292500e+00  9.0316933090e+00  9.6500879300e+00  6.8808972970e+00
    3.9900000000e+00  1.6691698900e+00  7.9551610300e-01  1.1845685730e+00  9.0050436660e+00  9.6302903980e+00  6.8542206550e+00
    4.0000000000e+00  1.6077665690e+00  7.1448731700e-01  1.1789731930e+00  8.9767477590e+00  9.6072144240e+00  6.8274361490e+00
    4.0100000000e+00  1.5469303970e+00  6.3322177900e-01  1.1738545750e+00  8.9467632210e+00  9.5807320280e+00  6.8004772490e+00
    4.0200000000e+00  1.4867888540e+00  5.5206720000e-01  1.1694337050e+00  8.9150582410e+00  9.5507635850e+00  6.7733447410e+00
    4.0300000000e+00  1.4274795010e+00  4.7137984200e-01  1.1659219080e+00  8.8816147010e+00  9.5172778890e+00  6.7461039670e+00
    4.0400000000e+00  1.3691468360e+00  3.9151805400e-01  1.1635045390e+00  8.8464292110e+00  9.4802921880e+00  6.7188767540e+00
    4.0500000000e+00  1.3119402480e+00  3.1283562900e-01  1.1623289410e+00  8.8095125770e+00  9.4398722390e+00  6.6918297190e+00
    4.0600000000e+00  1.2560138230e+00  2.3567438000e-01  1.1624971520e+00  8.7708890890e+00  9.3961317900e+00  6.6651609200e+00
    4.0700000000e+00  1.2015275800e+00  1.6035594500e-01  1.1640629830e+00  8.7305972420e+00  9.3492305990e+00  6.6390866250e+00
    4.0800000000e+00  1.1486486400e+00  8.7173476000e-02  1.1670324790e+00  8.6886928280e+00  9.2993702200e+00  6.6138293790e+00
    4.0900000000e+00  1.0975504540e+00  1.6384330000e-02  1.1713666980e+00  8.6452540950e+00  9.2467873310e+00  6.5896078410e+00
    4.1000000000e+00  1.0484087360e+00 -5.1795144000e-02  1.1769859870e+00  8.6003874500e+00  9.1917450280e+00  6.5666283640e+00
    4.1100000000e+00  1.0013940060e+00 -1.1719193600e-01  1.1837753320e+00  8.5542314860e+00  9.1345230770e+00  6.5450782100e+00
    4.1200000000e+00  9.5666205800e-01 -1.7967564800e-01  1.1915905450e+00  8.5069574460e+00  9.0754083310e+00  6.5251203750e+00
    4.1300000000e+00  9.1434463400e-01 -2.3915505500e-01  1.2002649500e+00  8.4587653910e+00  9.0146864490e+00  6.5068902120e+00
    4.1400000000e+00  8.7454255700e-01 -2.9557272500e-01  1.2096160730e+00  8.4098768010e+00  8.9526357840e+00  6.4904939380e+00
    4.1500000000e+00  8.3732270400e-01 -3.4889869000e-01  1.2194516470e+00  8.3605255080e+00  8.8895238890e+00  6.4760088820e+00
    4.1600000000e+00  8.0271885300e-01 -3.9912422700e-01  1.2295743880e+00  8.3109491640e+00  8.8256067360e+00  6.4634849330e+00
    4.1700000000e+00  7.7073523000e-01 -4.4625681000e-01  1.2397853510e+00  8.2613829530e+00  8.7611303090e+00  6.4529464530e+00
    4.1800000000e+00  7.4135104500e-01 -4.9031705000e-01  1.2498860420e+00  8.2120562080e+00  8.6963338760e+00  6.4443939320e+00
    4.1900000000e+00  7.1452440100e-01 -5.3133816000e-01  1.2596798500e+00  8.1631915770e+00  8.6314539310e+00  6.4378048870e+00
    4.2000000000e+00  6.9019460500e-01 -5.6936803500e-01  1.2689734430e+00  8.1150057120e+00  8.5667276640e+00  6.4331339350e+00
    4.2100000000e+00  6.6828261700e-01 -6.0447359100e-01  1.2775786810e+00  8.0677103170e+00  8.5023948250e+00  6.4303122720e+00
    4.2200000000e+00  6.4868990500e-01 -6.3674655300e-01  1.2853153520e+00  8.0215125820e+00  8.4386970090e+00  6.4292470400e+00
    4.2300000000e+00  6.3129631000e-01 -6.6630951700e-01  1.2920147090e+00  7.9766143340e+00  8.3758737290e+00  6.4298210820e+00
    4.2400000000e+00  6.1595761000e-01 -6.9332077500e-01  1.2975235940e+00  7.9332095830e+00  8.3141551250e+00  6.4318934540e+00
    4.2500000000e+00  6.0250355900e-01 -7.1797633600e-01  1.3017087920e+00  7.8914803980e+00  8.2537518800e+00  6.4353008630e+00
    4.2600000000e+00  5.9073710600e-01 -7.4050783800e-01  1.3044613500e+00  7.8515913070e+00  8.1948436630e+00  6.4398599770e+00
    4.2700000000e+00  5.8043545100e-01 -7.6117576600e-01  1.3057007670e+00  7.8136827110e+00  8.1375680300e+00  6.4453705020e+00
    4.2800000000e+00  5.7135337100e-01 -7.8025837100e-01  1.3053791350e+00  7.7778640100e+00  8.0820118730e+00  6.4516190120e+00
    4.2900000000e+00  5.6322900200e-01 -7.9803769300e-01  1.3034853060e+00  7.7442073490e+00  8.0282071290e+00  6.4583837880e+00
    4.3000000000e+00  5.5579185200e-01 -8.1478471000e-01  1.3000489640e+00  7.7127429280e+00  7.9761315710e+00  6.4654411560e+00
    4.3100000000e+00  5.4877243900e-01 -8.3074569600e-01  1.2951439880e+00  7.6834567500e+00  7.9257144620e+00  6.4725738480e+00
    4.3200000000e+00  5.4191261500e-01 -8.4613139900e-01  1.2888900830e+00  7.6562913280e+00  7.8768459910e+00  6.4795816080e+00
    4.3300000000e+00  5.3497547800e-01 -8.6110984800e-01  1.2814513700e+00  7.6311494710e+00  7.8293890210e+00  6.4862936530e+00
    4.3400000000e+00  5.2775389200e-01 -8.7580288500e-01  1.2730308310e+00  7.6079008040e+00  7.7831917850e+00  6.4925818700e+00
    4.3500000000e+00  5.2007690300e-01 -8.9028609100e-01  1.2638600380e+00  7.5863904390e+00  7.7381005530e+00  6.4983730320e+00
    4.3600000000e+00  5.1181359100e-01 -9.0459180800e-01  1.2541844630e+00  7.5664491190e+00  7.6939717330e+00  6.5036581230e+00
    4.3700000000e+00  5.0287403900e-01 -9.1871515800e-01  1.2442454640e+00  7.5479042000e+00  7.6506829230e+00  6.5084970650e+00
    4.3800000000e+00  4.9320710300e-01 -9.3262310500e-01  1.2342607260e+00  7.5305907710e+00  7.6081422210e+00  6.5130177050e+00
    4.3900000000e+00  4.8279472700e-01 -9.4626636300e-01  1.2244052250e+00  7.5143619450e+00  7.5662947090e+00  6.5174087000e+00
    4.4000000000e+00  4.7164286500e-01 -9.5959334600e-01  1.2147947650e+00  7.4990970500e+00  7.5251248760e+00  6.5219067590e+00
    4.4100000000e+00  4.5976969200e-01 -9.7256465000e-01  1.2054737970e+00  7.4847062770e+00  7.4846540200e+00  6.5267793580e+00
    4.4200000000e+00  4.4719256100e-01 -9.8516601300e-01  1.1964086910e+00  7.4711306050e+00  7.4449324050e+00  6.5323045340e+00
    4.4300000000e+00  4.3391578700e-01 -9.9741766400e-01  1.1874870150e+00  7.4583365050e+00  7.4060269480e+00  6.5387495870e+00
    4.4400000000e+00  4.1992151600e-01 -1.0093784090e+00  1.1785227760e+00  7.4463060140e+00  7.3680060790e+00  6.5463505010e+00
    4.4500000000e+00  4.0516556400e-01 -1.0211436530e+00  1.1692670720e+00  7.4350238230e+00  7.3309240860e+00  6.5552937360e+00
    4.4600000000e+00  3.8957913400e-01 -1.0328375590e+00  1.1594231860e+00  7.4244638250e+00  7.2948073360e+00  6.5657017810e+00
    4.4700000000e+00  3.7307611100e-01 -1.0446005300e+00  1.1486648650e+00  7.4145777420e+00  7.2596445490e+00  6.5776235110e+00
    4.4800000000e+00  3.5556443000e-01 -1.0565739370e+00  1.1366562810e+00  7.4052880440e+00  7.2253826150e+00  6.5910300270e+00
    4.4900000000e+00  3.3695922300e-01 -1.0688844590e+00  1.1230720190e+00  7.3964864010e+00  7.1919285660e+00  6.6058162480e+00
    4.5000000000e+00  3.1719518600e-01 -1.0816304460e+00  1.1076153370e+00  7.3880377660e+00  7.1591573680e+00  6.6218080300e+00
    4.5100000000e+00  2.9623591200e-01 -1.0948723890e+00  1.0900329930e+00  7.3797890500e+00  7.1269242670e+00  6.6387740010e+00
    4.5200000000e+00  2.7407867900e-01 -1.1086289200e+00  1.0701252270e+00  7.3715805370e+00  7.0950797000e+00  6.6564406390e+00
    4.5300000000e+00  2.5075415500e-01 -1.1228788880e+00  1.0477501250e+00  7.3632577950e+00  7.0634843720e+00  6.6745085850e+00
    4.5400000000e+00  2.2632155100e-01 -1.1375689920e+00  1.0228224940e+00  7.3546818830e+00  7.0320220930e+00  6.6926679100e+00
    4.5500000000e+00  2.0086060000e-01 -1.1526255570e+00  9.9530845200e-01  7.3457362130e+00  7.0006083510e+00  6.7106103070e+00
    4.5600000000e+00  1.7446235400e-01 -1.1679682820e+00  9.6521776900e-01  7.3363292700e+00  6.9691934220e+00  6.7280369830e+00
    4.5700000000e+00  1.4722080700e-01 -1.1835235370e+00  9.3259634600e-01  7.3263934710e+00  6.9377598390e+00  6.7446622280e+00
    4.5800000000e+00  1.1922685200e-01 -1.1992349840e+00  8.9752077500e-01  7.3158813910e+00  6.9063151100e+00  6.7602138700e+00
    4.5900000000e+00  9.0565173000e-02 -1.2150699640e+00  8.6009595800e-01  7.3047610950e+00  6.8748814210e+00  6.7744326500e+00
    4.6000000000e+00  6.1313562000e-02 -1.2310210930e+00  8.2045538600e-01  7.2930122210e+00  6.8434844790e+00  6.7870726360e+00
    4.6100000000e+00  3.1543401000e-02 -1.2471035150e+00  7.7876260800e-01  7.2806237660e+00  6.8121435030e+00  6.7979041360e+00
    4.6200000000e+00  1.3198210000e-03 -1.2633490350e+00  7.3521189300e-01  7.2675935070e+00  6.7808638500e+00  6.8067194080e+00
    4.6300000000e+00 -2.9299474000e-02 -1.2797986840e+00  6.9002632500e-01  7.2539281160e+00  6.7496329080e+00  6.8133403060e+00
    4.6400000000e+00 -6.0266874000e-02 -1.2964952010e+00  6.4345237500e-01  7.2396425900e+00  6.7184191780e+00  6.8176262160e+00
    4.6500000000e+00 -9.1548218000e-02 -1.3134765230e+00  5.9575096900e-01  7.2247578590e+00  6.6871739520e+00  6.8194804280e+00
    4.6600000000e+00 -1.2312545500e-01 -1.3307709510e+00  5.4718595100e-01  7.2092961920e+00  6.6558347340e+00  6.8188534230e+00
    4.6700000000e+00 -1.5499721000e-01 -1.3483942640e+00  4.9801128900e-01  7.1932749440e+00  6.6243295150e+00  6.8157421030e+00
    4.6800000000e+00 -1.8717642800e-01 -1.3663486900e+00  4.4845865100e-01  7.1766999850e+00  6.5925810890e+00  6.8101845940e+00
    4.6900000000e+00 -2.1968520000e-01 -1.3846233940e+00  3.9872695900e-01  7.1595603900e+00  6.5605106960e+00  6.8022508340e+00
    4.7000000000e+00 -2.5254769100e-01 -1.4031958980e+00  3.4897550600e-01  7.1418256490e+00  6.5280405620e+00  6.7920296750e+00
    4.7100000000e+00 -2.8578262200e-01 -1.4220337170e+00  2.9932193700e-01  7.1234459180e+00  6.4950951620e+00  6.7796139000e+00
    4.7200000000e+00 -3.1939665700e-01 -1.4410955290e+00  2.4984590400e-01  7.1043549850e+00  6.4616014590e+00  6.7650850670e+00
    4.7300000000e+00 -3.5337959000e-01 -1.4603314210e+00  2.0059832500e-01  7.0844750970e+00  6.4274886700e+00  6.7485005040e+00
    4.7400000000e+00 -3.8770156100e-01 -1.4796821500e+00  1.5161517300e-01  7.0637226170e+00  6.3926882610e+00  6.7298847050e+00
    4.7500000000e+00 -4.2231207300e-01 -1.4990777640e+00  1.0293369300e-01  7.0420137500e+00  6.3571348400e+00  6.7092267870e+00
    4.7600000000e+00 -4.5714034100e-01 -1.5184362760e+00  5.4608324000e-02  7.0192699760e+00  6.3207682620e+00  6.6864846180e+00
    4.7700000000e+00 -4.9209669600e-01 -1.5376631580e+00  6.7235300000e-03  6.9954232140e+00  6.2835368520e+00  6.6615949050e+00
    4.7800000000e+00 -5.2707507500e-01 -1.5566522900e+00 -4.0598651000e-02  6.9704208430e+00  6.2454011690e+00  6.6344873080e+00
    4.7900000000e+00 -5.6195698300e-01 -1.5752885640e+00 -8.7197355000e-02  6.9442304580e+00  6.2063375140e+00  6.6050998890e+00
    4.8000000000e+00 -5.9661731000e-01 -1.5934519060e+00 -1.3287762800e-01  6.9168437600e+00  6.1663402940e+00  6.5733931120e+00
    4.8100000000e+00 -6.3093196100e-01 -1.6110220250e+00 -1.7741960500e-01  6.8882785110e+00  6.1254226570e+00  6.5393601760e+00
    4.8200000000e+00 -6.6478647400e-01 -1.6278829480e+00 -2.2058988100e-01  6.8585773800e+00  6.0836151780e+00  6.5030325420e+00
    4.8300000000e+00 -6.9808400700e-01 -1.6439264250e+00 -2.6215273400e-01  6.8278031160e+00  6.0409629360e+00  6.4644807230e+00
    4.8400000000e+00 -7.3075076500e-01 -1.6590535180e+00 -3.0187934700e-01  6.7960304660e+00  5.9975217250e+00  6.4238114220e+00
    4.8500000000e+00 -7.6273739500e-01 -1.6731741710e+00 -3.3955408400e-01  6.7633364360e+00  5.9533544680e+00  6.3811627080e+00
    4.8600000000e+00 -7.9401598800e-01 -1.6862051520e+00 -3.7497782100e-01  6.7297911200e+00  5.9085288860e+00  6.3366989710e+00
    4.8700000000e+00 -8.2457362200e-01 -1.6980672900e+00 -4.0796918000e-01  6.6954511520e+00  5.8631171510e+00  6.2906069770e+00
    4.8800000000e+00 -8.5440434000e-01 -1.7086832540e+00 -4.3836492900e-01  6.6603569350e+00  5.8171976810e+00  6.2430935860e+00
    4.8900000000e+00 -8.8350156300e-01 -1.7179770760e+00 -4.6602076800e-01  6.6245335480e+00  5.7708584880e+00  6.1943849650e+00
    4.9000000000e+00 -9.1185246100e-01 -1.7258761320e+00 -4.9081335100e-01  6.5879942590e+00  5.7242008790e+00  6.1447264690e+00
    4.9100000000e+00 -9.3943476800e-01 -1.7323155500e+00 -5.1264372100e-01  6.5507451180e+00  5.6773420390e+00  6.0943821530e+00
    4.9200000000e+00 -9.6621568000e-01 -1.7372441340e+00 -5.3144174900e-01  6.5127893590e+00  5.6304152530e+00  6.0436329610e+00
    4.9300000000e+00 -9.9215197900e-01 -1.7406303950e+00 -5.4717072900e-01  6.4741309880e+00  5.5835672100e+00  5.9927730860e+00
    4.9400000000e+00 -1.0171905600e+00 -1.7424671330e+00 -5.5983117300e-01  6.4347776010e+00  5.5369526830e+00  5.9421044950e+00
    4.9500000000e+00 -1.0412689580e+00 -1.7427735060e+00 -5.6946299000e-01  6.3947429110e+00  5.4907276890e+00  5.8919300880e+00
    4.9600000000e+00 -1.0643159520e+00 -1.7415942510e+00 -5.7614562200e-01  6.3540495100e+00  5.4450425290e+00  5.8425462930e+00
    4.9700000000e+00 -1.0862527490e+00 -1.7389965480e+00 -5.7999606100e-01  6.3127321180e+00  5.4000360430e+00  5.7942359170e+00
    4.9800000000e+00 -1.1069953200e+00 -1.7350655310e+00 -5.8116509800e-01  6.2708411240e+00  5.3558318040e+00  5.7472620430e+00
    4.9900000000e+00 -1.1264582940e+00 -1.7298995720e+00 -5.7983238600e-01  6.2284458320e+00  5.3125363570e+00  5.7018634710e+00
    5.0000000000e+00 -1.1445604540e+00 -1.7236062040e+00 -5.7620107400e-01  6.1856365670e+00  5.2702390130e+00  5.6582518890e+00
    5.0100000000e+00 -1.1612313530e+00 -1.7162990380e+00 -5.7049269900e-01  6.1425248040e+00  5.2290124510e+00  5.6166105780e+00
    5.0200000000e+00 -1.1764181520e+00 -1.7080955690e+00 -5.6294279300e-01  6.0992407600e+00  5.1889134680e+00  5.5770941940e+00
    5.0300000000e+00 -1.1900915120e+00 -1.6991154730e+00 -5.5379731400e-01  6.0559283540e+00  5.1499834960e+00  5.5398290490e+00
    5.0400000000e+00 -1.2022493980e+00 -1.6894789540e+00 -5.4330973900e-01  6.0127380900e+00  5.1122489170e+00  5.5049134910e+00
    5.0500000000e+00 -1.2129179980e+00 -1.6793049270e+00 -5.3173849200e-01  5.9698189000e+00  5.0757214100e+00  5.4724181810e+00
    5.0600000000e+00 -1.2221495700e+00 -1.6687090890e+00 -5.1934450200e-01  5.9273102790e+00  5.0403986640e+00  5.4423863230e+00
    5.0700000000e+00 -1.2300176260e+00 -1.6578021770e+00 -5.0638877800e-01  5.8853359980e+00  5.0062655670e+00  5.4148339690e+00
    5.0800000000e+00 -1.2366104620e+00 -1.6466887330e+00 -4.9313009400e-01  5.8440003130e+00  4.9732957710e+00  5.3897504740e+00
    5.0900000000e+00 -1.2420242290e+00 -1.6354665410e+00 -4.7982285600e-01  5.8033870210e+00  4.9414532460e+00  5.3670990470e+00
    5.1000000000e+00 -1.2463568070e+00 -1.6242266180e+00 -4.6671515200e-01  5.7635611810e+00  4.9106934110e+00  5.3468172580e+00
    5.1100000000e+00 -1.2497034240e+00 -1.6130533450e+00 -4.5404689100e-01  5.7245727840e+00  4.8809635660e+00  5.3288173730e+00
    5.1200000000e+00 -1.2521546060e+00 -1.6020242300e+00 -4.4204783400e-01  5.6864614110e+00  4.8522026500e+00  5.3129864660e+00
    5.1300000000e+00 -1.2537965730e+00 -1.5912088380e+00 -4.3093533100e-01  5.6492607490e+00  4.8243406690e+00  5.2991863310e+00
    5.1400000000e+00 -1.2547137300e+00 -1.5806666940e+00 -4.2091154300e-01  5.6130019210e+00  4.7972983690e+00  5.2872533050e+00
    5.1500000000e+00 -1.2549924910e+00 -1.5704442710e+00 -4.1215994500e-01  5.5777147830e+00  4.7709878160e+00  5.2769981950e+00
    5.1600000000e+00 -1.2547253300e+00 -1.5605715340e+00 -4.0484094000e-01  5.5434267600e+00  4.7453144690e+00  5.2682066820e+00
    5.1700000000e+00 -1.2540138540e+00 -1.5510588270e+00 -3.9908655400e-01  5.5101593290e+00  4.7201810640e+00  5.2606406780e+00
    5.1800000000e+00 -1.2529698280e+00 -1.5418950490e+00 -3.9499446800e-01  5.4779228340e+00  4.6954932660e+00  5.2540412810e+00
    5.1900000000e+00 -1.2517135530e+00 -1.5330480620e+00 -3.9262200200e-01  5.4467107300e+00  4.6711664970e+00  5.2481338150e+00
    5.2000000000e+00 -1.2503695160e+00 -1.5244679910e+00 -3.9198093000e-01  5.4164945120e+00  4.6471329170e+00  5.2426351630e+00
    5.2100000000e+00 -1.2490598210e+00 -1.5160935290e+00 -3.9303412000e-01  5.3872204550e+00  4.6233471130e+00  5.2372631630e+00
    5.2200000000e+00 -1.2478962770e+00 -1.5078606090e+00 -3.9569479300e-01  5.3588089620e+00  4.5997890900e+00  5.2317473910e+00
    5.2300000000e+00 -1.2469722100e+00 -1.4997120770e+00 -3.9982890700e-01  5.3311569290e+00  4.5764634600e+00  5.2258403740e+00
    5.2400000000e+00 -1.2463551950e+00 -1.4916065090e+00 -4.0526072800e-01  5.3041431230e+00  4.5533945550e+00  5.2193281640e+00
    5.2500000000e+00 -1.2460818220e+00 -1.4835243090e+00 -4.1178131900e-01  5.2776361630e+00  4.5306181380e+00  5.2120392550e+00
    5.2600000000e+00 -1.2461554980e+00 -1.4754697200e+00 -4.1915933900e-01  5.2515042360e+00  4.5081713070e+00  5.2038509800e+00
    5.2700000000e+00 -1.2465478950e+00 -1.4674684070e+00 -4.2715333600e-01  5.2256252780e+00  4.4860826610e+00  5.1946927110e+00
    5.2800000000e+00 -1.2472040920e+00 -1.4595613000e+00 -4.3552444200e-01  5.1998960870e+00  4.4643646880e+00  5.1845454710e+00
    5.2900000000e+00 -1.2480507370e+00 -1.4517962390e+00 -4.4404829000e-01  5.1742388750e+00  4.4430096730e+00  5.1734379370e+00
    5.3000000000e+00 -1.2490058950e+00 -1.4442192740e+00 -4.5252490900e-01  5.1486041990e+00  4.4219894410e+00  5.1614392920e+00
    5.3100000000e+00 -1.2499889070e+00 -1.4368672160e+00 -4.6078563700e-01  5.1229699420e+00  4.4012583960e+00  5.1486499180e+00
    5.3200000000e+00 -1.2509286320e+00 -1.4297624590e+00 -4.6869661300e-01  5.0973367890e+00  4.3807587370e+00  5.1351912670e+00
    5.3300000000e+00 -1.2517688550e+00 -1.4229104240e+00 -4.7615910700e-01  5.0717213530e+00  4.3604266210e+00  5.1211962920e+00
    5.3400000000e+00 -1.2524703390e+00 -1.4162994470e+00 -4.8310756700e-01  5.0461483930e+00  4.3401981830e+00  5.1068014060e+00
    5.3500000000e+00 -1.2530096870e+00 -1.4099026340e+00 -4.8950651800e-01  5.0206436350e+00  4.3200146480e+00  5.0921402600e+00
    5.3600000000e+00 -1.2533757760e+00 -1.4036810510e+00 -4.9534720200e-01  4.9952283210e+00  4.2998260180e+00  5.0773389560e+00
    5.3700000000e+00 -1.2535648940e+00 -1.3975875630e+00 -5.0064427400e-01  4.9699161700e+00  4.2795930940e+00  5.0625119840e+00
    5.3800000000e+00 -1.2535757710e+00 -1.3915705950e+00 -5.0543223100e-01  4.9447127700e+00  4.2592878300e+00  5.0477582870e+00
    5.3900000000e+00 -1.2534054970e+00 -1.3855771210e+00 -5.0976090000e-01  4.9196169600e+00  4.2388923210e+00  5.0331574480e+00
    5.4000000000e+00 -1.2530468820e+00 -1.3795543990e+00 -5.1368944100e-01  4.8946233780e+00  4.2183970320e+00  5.0187665810e+00
    5.4100000000e+00 -1.2524873790e+00 -1.3734503120e+00 -5.1727885700e-01  4.8697253630e+00  4.1977990760e+00  5.0046189740e+00
    5.4200000000e+00 -1.2517092630e+00 -1.3672126520e+00 -5.2058374500e-01  4.8449175090e+00  4.1771013130e+00  4.9907254480e+00
    5.4300000000e+00 -1.2506906050e+00 -1.3607881000e+00 -5.2364461500e-01  4.8201975360e+00  4.1563127810e+00  4.9770789420e+00
    5.4400000000e+00 -1.2494065500e+00 -1.3541218230e+00 -5.2648229000e-01  4.7955673860e+00  4.1354503990e+00  4.9636620300e+00
    5.4500000000e+00 -1.2478305300e+00 -1.3471584880e+00 -5.2909565500e-01  4.7710336930e+00  4.1145413790e+00  4.9504562640e+00
    5.4600000000e+00 -1.2459352080e+00 -1.3398449900e+00 -5.3146331000e-01  4.7466078860e+00  4.0936253550e+00  4.9374517470e+00
    5.4700000000e+00 -1.2436931100e+00 -1.3321346270e+00 -5.3354886500e-01  4.7223061780e+00  4.0727552130e+00  4.9246552300e+00
    5.4800000000e+00 -1.2410770650e+00 -1.3239918620e+00 -5.3530885000e-01  4.6981496900e+00  4.0519958790e+00  4.9120953970e+00
    5.4900000000e+00 -1.2380606480e+00 -1.3153965530e+00 -5.3670177500e-01  4.6741647800e+00  4.0314209070e+00  4.8998246540e+00
    5.5000000000e+00 -1.2346188700e+00 -1.3063465680e+00 -5.3769684800e-01  4.6503835450e+00  4.0111072900e+00  4.8879174970e+00
    5.5100000000e+00 -1.2307292340e+00 -1.2968580540e+00 -5.3828113500e-01  4.6268442760e+00  3.9911294620e+00  4.8764660970e+00
    5.5200000000e+00 -1.2263731560e+00 -1.2869632220e+00 -5.3846446500e-01  4.6035916230e+00  3.9715536630e+00  4.8655741570e+00
    5.5300000000e+00 -1.2215375400e+00 -1.2767060850e+00 -5.3828192800e-01  4.5806762890e+00  3.9524337910e+00  4.8553500780e+00
    5.5400000000e+00 -1.2162162990e+00 -1.2661370940e+00 -5.3779425500e-01  4.5581542170e+00  3.9338094810e+00  4.8459003200e+00
    5.5500000000e+00 -1.2104115950e+00 -1.2553078330e+00 -5.3708658000e-01  4.5360853680e+00  3.9157066010e+00  4.8373234920e+00
    5.5600000000e+00 -1.2041347320e+00 -1.2442668620e+00 -5.3626616600e-01  4.5145322650e+00  3.8981397440e+00  4.8297053640e+00
    5.5700000000e+00 -1.1974067080e+00 -1.2330573960e+00 -5.3545949900e-01  4.4935584400e+00  3.8811158590e+00  4.8231147560e+00
    5.5800000000e+00 -1.1902584890e+00 -1.2217169800e+00 -5.3480898400e-01  4.4732268490e+00  3.8646379590e+00  4.8176001170e+00
    5.5900000000e+00 -1.1827310400e+00 -1.2102787670e+00 -5.3446929500e-01  4.4535982730e+00  3.8487080060e+00  4.8131866680e+00
    5.6000000000e+00 -1.1748750960e+00 -1.1987736700e+00 -5.3460333900e-01  4.4347297010e+00  3.8333284270e+00  4.8098740450e+00
    5.6100000000e+00 -1.1667506330e+00 -1.1872325560e+00 -5.3537776100e-01  4.4166727460e+00  3.8185022090e+00  4.8076345200e+00
    5.6200000000e+00 -1.1584260380e+00 -1.1756878480e+00 -5.3695800000e-01  4.3994721920e+00  3.8042318940e+00  4.8064119350e+00
    5.6300000000e+00 -1.1499770310e+00 -1.1641741750e+00 -5.3950294200e-01  4.3831647830e+00  3.7905180270e+00  4.8061215530e+00
    5.6400000000e+00 -1.1414854810e+00 -1.1527280690e+00 -5.4315935700e-01  4.3677783050e+00  3.7773575970e+00  4.8066510460e+00
    5.6500000000e+00 -1.1330382700e+00 -1.1413869340e+00 -5.4805642700e-01  4.3533309030e+00  3.7647429230e+00  4.8078628080e+00
    5.6600000000e+00 -1.1247262700e+00 -1.1301876580e+00 -5.5430082300e-01  4.3398305020e+00  3.7526612030e+00  4.8095976680e+00
    5.6700000000e+00 -1.1166433910e+00 -1.1191652760e+00 -5.6197285600e-01  4.3272741280e+00  3.7410947190e+00  4.8116797990e+00
    5.6800000000e+00 -1.1088855090e+00 -1.1083519590e+00 -5.7112412500e-01  4.3156470360e+00  3.7300215020e+00  4.8139223930e+00
    5.6900000000e+00 -1.1015489900e+00 -1.0977764410e+00 -5.8177680700e-01  4.3049217010e+00  3.7194161670e+00  4.8161334280e+00
    5.7000000000e+00 -1.0947286530e+00 -1.0874638130e+00 -5.9392437600e-01  4.2950569260e+00  3.7092506540e+00  4.8181209040e+00
    5.7100000000e+00 -1.0885151450e+00 -1.0774354860e+00 -6.0753324500e-01  4.2859974250e+00  3.6994947490e+00  4.8196971250e+00
    5.7200000000e+00 -1.0829919630e+00 -1.0677091170e+00 -6.2254470900e-01  4.2776742170e+00  3.6901163970e+00  4.8206819720e+00
    5.7300000000e+00 -1.0782325160e+00 -1.0582983920e+00 -6.3887672000e-01  4.2700059790e+00  3.6810819390e+00  4.8209054470e+00
    5.7400000000e+00 -1.0742976570e+00 -1.0492126370e+00 -6.5642527800e-01  4.2629013060e+00  3.6723564140e+00  4.8202099580e+00
    5.7500000000e+00 -1.0712339900e+00 -1.0404563370e+00 -6.7506556200e-01  4.2562615760e+00  3.6639040530e+00  4.8184528080e+00
    5.7600000000e+00 -1.0690730870e+00 -1.0320286600e+00 -6.9465317600e-01  4.2499840650e+00  3.6556890090e+00  4.8155091760e+00
    5.7700000000e+00 -1.0678315290e+00 -1.0239230780e+00 -7.1502598000e-01  4.2439649930e+00  3.6476763420e+00  4.8112756090e+00
    5.7800000000e+00 -1.0675116350e+00 -1.0161272100e+00 -7.3600697300e-01  4.2381022900e+00  3.6398332540e+00  4.8056737810e+00
    5.7900000000e+00 -1.0681027140e+00 -1.0086229770e+00 -7.5740851600e-01  4.2322980040e+00  3.6321305220e+00  4.7986539900e+00
    5.8000000000e+00 -1.0695827590e+00 -1.0013872230e+00 -7.7903788200e-01  4.2264602940e+00  3.6245440470e+00  4.7901977470e+00
    5.8100000000e+00 -1.0719205400e+00 -9.9439285800e-01 -8.0070380100e-01  4.2205049200e+00  3.6170563360e+00  4.7803188210e+00
    5.8200000000e+00 -1.0750779530e+00 -9.8761056500e-01 -8.2222329600e-01  4.2143560790e+00  3.6096576940e+00  4.7690623130e+00
    5.8300000000e+00 -1.0790124410e+00 -9.8101093000e-01 -8.4342796300e-01  4.2079464630e+00  3.6023468760e+00  4.7565017390e+00
    5.8400000000e+00 -1.0836791320e+00 -9.7456676600e-01 -8.6416891600e-01  4.2012165430e+00  3.5951310870e+00  4.7427345570e+00
    5.8500000000e+00 -1.0890324230e+00 -9.6825538700e-01 -8.8431997100e-01  4.1941132260e+00  3.5880252770e+00  4.7278769260e+00
    5.8600000000e+00 -1.0950267810e+00 -9.6206062900e-01 -9.0377915200e-01  4.1865881890e+00  3.5810508740e+00  4.7120585710e+00
    5.8700000000e+00 -1.1016167550e+00 -9.5597452500e-01 -9.2246906700e-01  4.1785962670e+00  3.5742340640e+00  4.6954183390e+00
    5.8800000000e+00 -1.1087563360e+00 -9.4999865900e-01 -9.4033688400e-01  4.1700941810e+00  3.5676036880e+00  4.6781005880e+00
    5.8900000000e+00 -1.1163979020e+00 -9.4414514000e-01 -9.5735446800e-01  4.1610398010e+00  3.5611887270e+00  4.6602520270e+00
    5.9000000000e+00 -1.1244910160e+00 -9.3843704500e-01 -9.7351882100e-01  4.1513919830e+00  3.5550152620e+00  4.6420183790e+00
    5.9100000000e+00 -1.1329812490e+00 -9.3290796000e-01 -9.8885246300e-01  4.1411109430e+00  3.5491029680e+00  4.6235403510e+00
    5.9200000000e+00 -1.1418092060e+00 -9.2760023800e-01 -1.0034031050e+00  4.1301590900e+00  3.5434614370e+00  4.6049487340e+00
    5.9300000000e+00 -1.1509098230e+00 -9.2256169600e-01 -1.0172419810e+00  4.1185022230e+00  3.5380869470e+00  4.5863589510e+00
    5.9400000000e+00 -1.1602120410e+00 -9.1784091400e-01 -1.0304604450e+00  4.1061110160e+00  3.5329604810e+00  4.5678656910e+00
    5.9500000000e+00 -1.1696389000e+00 -9.1348171300e-01 -1.0431648680e+00  4.0929626650e+00  3.5280477080e+00  4.5495383770e+00
    5.9600000000e+00 -1.1791080800e+00 -9.0951779600e-01 -1.0554701920e+00  4.0790426110e+00  3.5233012700e+00  4.5314181330e+00
    5.9700000000e+00 -1.1885329100e+00 -9.0596865000e-01 -1.0674927320e+00  4.0643462450e+00  3.5186651780e+00  4.5135166740e+00
    5.9800000000e+00 -1.1978238550e+00 -9.0283759100e-01 -1.0793429180e+00  4.0488805140e+00  3.5140805600e+00  4.4958172610e+00
    5.9900000000e+00 -1.2068905440e+00 -9.0011236200e-01 -1.0911186590e+00  4.0326653410e+00  3.5094916350e+00  4.4782776180e+00
    6.0000000000e+00 -1.2156443920e+00 -8.9776809500e-01 -1.1028998790e+00  4.0157346610e+00  3.5048507460e+00  4.4608344570e+00
    6.0100000000e+00 -1.2240017900e+00 -8.9577190900e-01 -1.1147446020e+00  3.9981368010e+00  3.5001215450e+00  4.4434091410e+00
    6.0200000000e+00 -1.2318876540e+00 -8.9408813300e-01 -1.1266867650e+00  3.9799338880e+00  3.4952798510e+00  4.4259139390e+00
    6.0300000000e+00 -1.2392389360e+00 -8.9268308100e-01 -1.1387357670e+00  3.9612000660e+00  3.4903122770e+00  4.4082583740e+00
    6.0400000000e+00 -1.2460075980e+00 -8.9152851100e-01 -1.1508776440e+00  3.9420185600e+00  3.4852131030e+00  4.3903552010e+00
    6.0500000000e+00 -1.2521626050e+00 -8.9060322000e-01 -1.1630776730e+00  3.9224778380e+00  3.4799801970e+00  4.3721256030e+00
    6.0600000000e+00 -1.2576906840e+00 -8.8989262300e-01 -1.1752840790e+00  3.9026673090e+00  3.4746108340e+00  4.3535032600e+00
    6.0700000000e+00 -1.2625958060e+00 -8.8938646400e-01 -1.1874324320e+00  3.8826730360e+00  3.4690983240e+00  4.3344370140e+00
    6.0800000000e+00 -1.2668975560e+00 -8.8907522000e-01 -1.1994501890e+00  3.8625738300e+00  3.4634301430e+00  4.3148920590e+00
    6.0900000000e+00 -1.2706285840e+00 -8.8894596900e-01 -1.2112608790e+00  3.8424379870e+00  3.4575880530e+00  4.2948497940e+00
    6.1000000000e+00 -1.2738314020e+00 -8.8897871000e-01 -1.2227875040e+00  3.8223208530e+00  3.4515502840e+00  4.2743066800e+00
    6.1100000000e+00 -1.2765547550e+00 -8.8914407300e-01 -1.2339549970e+00  3.8022632960e+00  3.4452953850e+00  4.2532725930e+00
    6.1200000000e+00 -1.2788498440e+00 -8.8940310200e-01 -1.2446917860e+00  3.7822911410e+00  3.4388069340e+00  4.2317691100e+00
    6.1300000000e+00 -1.2807666500e+00 -8.8970932700e-01 -1.2549307010e+00  3.7624155140e+00  3.4320780120e+00  4.2098280600e+00
    6.1400000000e+00 -1.2823505520e+00 -8.9001280000e-01 -1.2646095570e+00  3.7426339500e+00  3.4251143770e+00  4.1874904910e+00
    6.1500000000e+00 -1.2836393220e+00 -8.9026525800e-01 -1.2736716910e+00  3.7229321060e+00  3.4179355220e+00  4.1648060040e+00
    6.1600000000e+00 -1.2846604700e+00 -8.9042527200e-01 -1.2820666470e+00  3.7032859920e+00  3.4105733210e+00  4.1418323130e+00
    6.1700000000e+00 -1.2854289490e+00 -8.9046226500e-01 -1.2897510990e+00  3.6836647530e+00  3.4030685660e+00  4.1186348680e+00
    6.1800000000e+00 -1.2859453230e+00 -8.9035853000e-01 -1.2966900060e+00  3.6640341310e+00  3.3954661960e+00  4.0952863690e+00
    6.1900000000e+00 -1.2861947280e+00 -8.9010894700e-01 -1.3028579490e+00  3.6443606460e+00  3.3878103440e+00  4.0718660440e+00
    6.2000000000e+00 -1.2861470400e+00 -8.8971864900e-01 -1.3082405860e+00  3.6246163590e+00  3.3801403040e+00  4.0484585940e+00
    6.2100000000e+00 -1.2857586200e+00 -8.8919941900e-01 -1.3128361070e+00  3.6047837370e+00  3.3724882110e+00  4.0251527090e+00
    6.2200000000e+00 -1.2849757440e+00 -8.8856582800e-01 -1.3166565570e+00  3.5848599890e+00  3.3648787310e+00  4.0020390830e+00
    6.2300000000e+00 -1.2837394680e+00 -8.8783211500e-01 -1.3197288220e+00  3.5648601640e+00  3.3573305150e+00  3.9792079430e+00
    6.2400000000e+00 -1.2819914000e+00 -8.8701049000e-01 -1.3220950830e+00  3.5448185200e+00  3.3498587120e+00  3.9567461460e+00
    6.2500000000e+00 -1.2796796640e+00 -8.8611110800e-01 -1.3238126050e+00  3.5247879330e+00  3.3424776710e+00  3.9347340030e+00
    6.2600000000e+00 -1.2767643710e+00 -8.8514346600e-01 -1.3249527260e+00  3.5048374260e+00  3.3352029590e+00  3.9132420290e+00
    6.2700000000e+00 -1.2732220030e+00 -8.8411861900e-01 -1.3255990280e+00  3.4850481490e+00  3.3280521270e+00  3.8923278070e+00
    6.2800000000e+00 -1.2690483140e+00 -8.8305142400e-01 -1.3258446750e+00  3.4655082610e+00  3.3210440570e+00  3.8720332170e+00
    6.2900000000e+00 -1.2642594980e+00 -8.8196209300e-01 -1.3257889620e+00  3.4463072830e+00  3.3141971130e+00  3.8523822600e+00
    6.3000000000e+00 -1.2588916170e+00 -8.8087659500e-01 -1.3255332200e+00  3.4275304990e+00  3.3075266840e+00  3.8333797620e+00
    6.3100000000e+00 -1.2529984330e+00 -8.7982580400e-01 -1.3251763320e+00  3.4092539810e+00  3.3010427670e+00  3.8150112160e+00
    6.3200000000e+00 -1.2466480270e+00 -8.7884366100e-01 -1.3248102670e+00  3.3915406750e+00  3.2947481810e+00  3.7972439070e+00
    6.3300000000e+00 -1.2399187130e+00 -8.7796482100e-01 -1.3245160920e+00  3.3744378100e+00  3.2886377160e+00  3.7800292960e+00
    6.3400000000e+00 -1.2328947460e+00 -8.7722226600e-01 -1.3243608870e+00  3.3579756380e+00  3.2826982330e+00  3.7633063980e+00
    6.3500000000e+00 -1.2256622520e+00 -8.7664526500e-01 -1.3243958230e+00  3.3421673100e+00  3.2769095070e+00  3.7470057720e+00
    6.3600000000e+00 -1.2183056100e+00 -8.7625780900e-01 -1.3246554660e+00  3.3270095980e+00  3.2712455150e+00  3.7310536680e+00
    6.3700000000e+00 -1.2109043290e+00 -8.7607750500e-01 -1.3251582190e+00  3.3124841790e+00  3.2656759460e+00  3.7153759330e+00
    6.3800000000e+00 -1.2035303650e+00 -8.7611485500e-01 -1.3259076530e+00  3.2985593040e+00  3.2601678050e+00  3.6999013750e+00
    6.3900000000e+00 -1.1962458030e+00 -8.7637283400e-01 -1.3268944490e+00  3.2851917910e+00  3.2546871120e+00  3.6845644060e+00
    6.4000000000e+00 -1.1891008620e+00 -8.7684681700e-01 -1.3280986290e+00  3.2723293660e+00  3.2492007160e+00  3.6693069230e+00
    6.4100000000e+00 -1.1821323140e+00 -8.7752491400e-01 -1.3294918110e+00  3.2599134060e+00  3.2436781940e+00  3.6540795200e+00
    6.4200000000e+00 -1.1753624280e+00 -8.7838886300e-01 -1.3310393230e+00  3.2478820820e+00  3.2380937610e+00  3.6388422070e+00
    6.4300000000e+00 -1.1687986720e+00 -8.7941553800e-01 -1.3327021700e+00  3.2361738020e+00  3.2324279620e+00  3.6235648490e+00
    6.4400000000e+00 -1.1624342910e+00 -8.8057907100e-01 -1.3344389410e+00  3.2247307540e+00  3.2266688960e+00  3.6082274090e+00
    6.4500000000e+00 -1.1562498370e+00 -8.8185341900e-01 -1.3362077750e+00  3.2135022260e+00  3.2208126770e+00  3.5928199850e+00
    6.4600000000e+00 -1.1502155670e+00 -8.8321505600e-01 -1.3379684040e+00  3.2024473980e+00  3.2148629110e+00  3.5773424980e+00
    6.4700000000e+00 -1.1442944600e+00 -8.8464535500e-01 -1.3396841510e+00  3.1915373250e+00  3.2088291220e+00  3.5618039120e+00
    6.4800000000e+00 -1.1384455280e+00 -8.8613215500e-01 -1.3413236690e+00  3.1807559920e+00  3.2027243020e+00  3.5462209950e+00
    6.4900000000e+00 -1.1326271000e+00 -8.8767015200e-01 -1.3428622560e+00  3.1701004690e+00  3.1965620160e+00  3.5306167500e+00
    6.5000000000e+00 -1.1267998220e+00 -8.8925997200e-01 -1.3442827090e+00  3.1595803650e+00  3.1903536870e+00  3.5150187870e+00
    6.5100000000e+00 -1.1209293060e+00 -8.9090617400e-01 -1.3455758640e+00  3.1492167960e+00  3.1841066900e+00  3.4994577920e+00
    6.5200000000e+00 -1.1149885060e+00 -8.9261473100e-01 -1.3467410830e+00  3.1390410240e+00  3.1778236990e+00  3.4839661150e+00
    6.5300000000e+00 -1.1089599250e+00 -8.9439072500e-01 -1.3477868110e+00  3.1290927900e+00  3.1715033420e+00  3.4685762640e+00
    6.5400000000e+00 -1.1028377010e+00 -8.9623688400e-01 -1.3487311860e+00  3.1194181690e+00  3.1651418090e+00  3.4533189970e+00
    6.5500000000e+00 -1.0966294170e+00 -8.9815330100e-01 -1.3496023430e+00  3.1100667850e+00  3.1587347900e+00  3.4382207990e+00
    6.5600000000e+00 -1.0903573150e+00 -9.0013823500e-01 -1.3504379700e+00  3.1010882970e+00  3.1522790410e+00  3.4233007510e+00
    6.5700000000e+00 -1.0840585040e+00 -9.0218958000e-01 -1.3512836600e+00  3.0925283110e+00  3.1457730880e+00  3.4085671580e+00
    6.5800000000e+00 -1.0777838470e+00 -9.0430639300e-01 -1.3521898630e+00  3.0844240950e+00  3.1392169060e+00  3.3940144970e+00
    6.5900000000e+00 -1.0715954250e+00 -9.0648991800e-01 -1.3532075300e+00  3.0768006590e+00  3.1326107290e+00  3.3796213680e+00
    6.6000000000e+00 -1.0655627360e+00 -9.0874376200e-01 -1.3543828850e+00  3.0696677460e+00  3.1259534270e+00  3.3653500170e+00
    6.6100000000e+00 -1.0597580470e+00 -9.1107310700e-01 -1.3557519960e+00  3.0630182320e+00  3.1192409350e+00  3.3511477890e+00
    6.6200000000e+00 -1.0542514890e+00 -9.1348312000e-01 -1.3573359220e+00  3.0568281450e+00  3.1124652180e+00  3.3369505550e+00
    6.6300000000e+00 -1.0491065550e+00 -9.1597687200e-01 -1.3591372150e+00  3.0510582980e+00  3.1056141020e+00  3.3226878280e+00
    6.6400000000e+00 -1.0443765640e+00 -9.1855324400e-01 -1.3611384030e+00  3.0456572030e+00  3.0986721490e+00  3.3082889840e+00
    6.6500000000e+00 -1.0401024670e+00 -9.2120527000e-01 -1.3633028050e+00  3.0405647470e+00  3.0916225460e+00  3.2936897470e+00
    6.6600000000e+00 -1.0363120810e+00 -9.2391941500e-01 -1.3655776790e+00  3.0357159980e+00  3.0844497520e+00  3.2788379790e+00
    6.6700000000e+00 -1.0330205350e+00 -9.2667612100e-01 -1.3678992360e+00  3.0310445970e+00  3.0771424580e+00  3.2636978810e+00
    6.6800000000e+00 -1.0302315350e+00 -9.2945172800e-01 -1.3701987450e+00  3.0264853870e+00  3.0696962300e+00  3.2482519620e+00
    6.6900000000e+00 -1.0279389750e+00 -9.3222159300e-01 -1.3724086670e+00  3.0219761690e+00  3.0621151820e+00  3.2325005670e+00
    6.7000000000e+00 -1.0261285240e+00 -9.3496385800e-01 -1.3744678370e+00  3.0174587120e+00  3.0544121360e+00  3.2164592160e+00
    6.7100000000e+00 -1.0247789390e+00 -9.3766313400e-01 -1.3763248840e+00  3.0128792370e+00  3.0466070350e+00  3.2001544680e+00
    6.7200000000e+00 -1.0238630350e+00 -9.4031324900e-01 -1.3779395670e+00  3.0081886470e+00  3.0387237790e+00  3.1836192620e+00
    6.7300000000e+00 -1.0233483210e+00 -9.4291841000e-01 -1.3792821760e+00  3.0033427020e+00  3.0307860350e+00  3.1668887090e+00
    6.7400000000e+00 -1.0231974240e+00 -9.4549246000e-01 -1.3803315710e+00  2.9983023240e+00  3.0228128310e+00  3.1499970510e+00
    6.7500000000e+00 -1.0233684200e+00 -9.4805630600e-01 -1.3810726600e+00  2.9930341100e+00  3.0148147910e+00  3.1329760980e+00
    6.7600000000e+00 -1.0238152680e+00 -9.5063397900e-01 -1.3814940770e+00  2.9875111020e+00  3.0067917280e+00  3.1158550010e+00
    6.7700000000e+00 -1.0244885130e+00 -9.5324798600e-01 -1.3815865720e+00  2.9817137600e+00  2.9987320130e+00  3.0986608990e+00
    6.7800000000e+00 -1.0253364380e+00 -9.5591475000e-01 -1.3813422410e+00  2.9756310020e+00  2.9906138690e+00  3.0814198580e+00
    6.7900000000e+00 -1.0263067640e+00 -9.5864087900e-01 -1.3807544300e+00  2.9692610520e+00  2.9824083910e+00  3.0641576560e+00
    6.8000000000e+00 -1.0273488470e+00 -9.6142089500e-01 -1.3798179630e+00  2.9626118060e+00  2.9740838510e+00  3.0469001710e+00
    6.8100000000e+00 -1.0284161760e+00 -9.6423685100e-01 -1.3785293670e+00  2.9557003930e+00  2.9656105930e+00  3.0296734500e+00
    6.8200000000e+00 -1.0294687530e+00 -9.6705993700e-01 -1.3768869590e+00  2.9485517780e+00  2.9569657040e+00  3.0125036210e+00
    6.8300000000e+00 -1.0304748830e+00 -9.6985381100e-01 -1.3748908070e+00  2.9411964400e+00  2.9481366090e+00  2.9954168620e+00
    6.8400000000e+00 -1.0314119110e+00 -9.7257900500e-01 -1.3725427180e+00  2.9336674680e+00  2.9391230010e+00  2.9784394860e+00
    6.8500000000e+00 -1.0322656990e+00 -9.7519758300e-01 -1.3698463920e+00  2.9259976420e+00  2.9299368120e+00  2.9615980830e+00
    6.8600000000e+00 -1.0330289440e+00 -9.7767717700e-01 -1.3668077640e+00  2.9182171390e+00  2.9206004350e+00  2.9449195640e+00
    6.8700000000e+00 -1.0336987880e+00 -9.7999378900e-01 -1.3634354610e+00  2.9103523690e+00  2.9111437040e+00  2.9284309570e+00
    6.8800000000e+00 -1.0342743860e+00 -9.8213309200e-01 -1.3597411910e+00  2.9024261580e+00  2.9016003510e+00  2.9121589120e+00
    6.8900000000e+00 -1.0347551430e+00 -9.8409031500e-01 -1.3557398920e+00  2.8944590990e+00  2.8920046200e+00  2.8961289950e+00
    6.9000000000e+00 -1.0351401080e+00 -9.8586906500e-01 -1.3514495630e+00  2.8864715550e+00  2.8823884880e+00  2.8803649000e+00
    6.9100000000e+00 -1.0354287130e+00 -9.8747950000e-01 -1.3468907750e+00  2.8784856290e+00  2.8727797480e+00  2.8648877890e+00
    6.9200000000e+00 -1.0356226680e+00 -9.8893628100e-01 -1.3420859640e+00  2.8705263770e+00  2.8632009430e+00  2.8497158650e+00
    6.9300000000e+00 -1.0357284840e+00 -9.9025656400e-01 -1.3370586510e+00  2.8626217750e+00  2.8536690770e+00  2.8348642480e+00
    6.9400000000e+00 -1.0357599180e+00 -9.9145825700e-01 -1.3318327100e+00  2.8548012110e+00  2.8441959070e+00  2.8203451350e+00
    6.9500000000e+00 -1.0357396110e+00 -9.9255864600e-01 -1.3264317880e+00  2.8470926850e+00  2.8347886810e+00  2.8061681770e+00
    6.9600000000e+00 -1.0356993400e+00 -9.9357344800e-01 -1.3208789260e+00  2.8395191900e+00  2.8254511390e+00  2.7923410150e+00
    6.9700000000e+00 -1.0356785870e+00 -9.9451630500e-01 -1.3151964170e+00  2.8320950130e+00  2.8161846150e+00  2.7788698740e+00
    6.9800000000e+00 -1.0357214970e+00 -9.9539869700e-01 -1.3094059040e+00  2.8248227110e+00  2.8069891170e+00  2.7657601480e+00
    6.9900000000e+00 -1.0358726360e+00 -9.9623018700e-01 -1.3035287020e+00  2.8176914770e+00  2.7978642650e+00  2.7530168970e+00
    7.0000000000e+00 -1.0361722440e+00 -9.9701894900e-01 -1.2975863150e+00  2.8106773140e+00  2.7888100030e+00  2.7406451910e+00
    7.0100000000e+00 -1.0366518110e+00 -9.9777246500e-01 -1.2916011130e+00  2.8037451270e+00  2.7798270370e+00  2.7286502350e+00
    7.0200000000e+00 -1.0373307850e+00 -9.9849831600e-01 -1.2855971070e+00  2.7968524290e+00  2.7709169700e+00  2.7170372060e+00
    7.0300000000e+00 -1.0382150110e+00 -9.9920494800e-01 -1.2796007250e+00  2.7899540290e+00  2.7620821060e+00  2.7058107320e+00
    7.0400000000e+00 -1.0392971350e+00 -9.9990232300e-01 -1.2736414580e+00  2.7830068570e+00  2.7533249530e+00  2.6949739670e+00
    7.0500000000e+00 -1.0405588100e+00 -1.0006023290e+00 -1.2677521510e+00  2.7759740780e+00  2.7446474810e+00  2.6845272920e+00
    7.0600000000e+00 -1.0419741470e+00 -1.0013188980e+00 -1.2619687750e+00  2.7688278110e+00  2.7360502180e+00  2.6744667580e+00
    7.0700000000e+00 -1.0435136400e+00 -1.0020677500e+00 -1.2563295220e+00  2.7615501640e+00  2.7275312960e+00  2.6647825380e+00
    7.0800000000e+00 -1.0451477830e+00 -1.0028657530e+00 -1.2508732120e+00  2.7541326600e+00  2.7190855810e+00  2.6554576630e+00
    7.0900000000e+00 -1.0468497620e+00 -1.0037299190e+00 -1.2456371760e+00  2.7465745090e+00  2.7107040410e+00  2.6464673850e+00
    7.1000000000e+00 -1.0485969590e+00 -1.0046761210e+00 -1.2406548980e+00  2.7388803610e+00  2.7023735250e+00  2.6377793470e+00
    7.1100000000e+00 -1.0503713610e+00 -1.0057177240e+00 -1.2359537770e+00  2.7310581620e+00  2.6940771010e+00  2.6293546250e+00
    7.1200000000e+00 -1.0521592430e+00 -1.0068644070e+00 -1.2315533540e+00  2.7231175180e+00  2.6857949690e+00  2.6211495020e+00
    7.1300000000e+00 -1.0539505840e+00 -1.0081214770e+00 -1.2274642380e+00  2.7150686800e+00  2.6775058620e+00  2.6131177410e+00
    7.1400000000e+00 -1.0557385810e+00 -1.0094898820e+00 -1.2236878200e+00  2.7069219870e+00  2.6691886130e+00  2.6052130290e+00
    7.1500000000e+00 -1.0575193760e+00 -1.0109669750e+00 -1.2202167440e+00  2.6986874610e+00  2.6608235300e+00  2.5973913140e+00
    7.1600000000e+00 -1.0592919260e+00 -1.0125478310e+00 -1.2170359780e+00  2.6903743390e+00  2.6523931840e+00  2.5896128180e+00
    7.1700000000e+00 -1.0610577900e+00 -1.0142267650e+00 -1.2141243330e+00  2.6819904430e+00  2.6438823830e+00  2.5818436230e+00
    7.1800000000e+00 -1.0628206720e+00 -1.0159985820e+00 -1.2114562740e+00  2.6735415100e+00  2.6352773040e+00  2.5740567600e+00
    7.1900000000e+00 -1.0645856990e+00 -1.0178591490e+00 -1.2090038960e+00  2.6650306710e+00  2.6265640220e+00  2.5662328000e+00
    7.2000000000e+00 -1.0663585410e+00 -1.0198050270e+00 -1.2067389610e+00  2.6564582340e+00  2.6177268340e+00  2.5583599260e+00
    7.2100000000e+00 -1.0681445720e+00 -1.0218321390e+00 -1.2046348920e+00  2.6478217990e+00  2.6087468900e+00  2.5504334890e+00
    7.2200000000e+00 -1.0699482280e+00 -1.0239337050e+00 -1.2026685920e+00  2.6391166030e+00  2.5996015920e+00  2.5424550270e+00
    7.2300000000e+00 -1.0717726130e+00 -1.0260978520e+00 -1.2008219530e+00  2.6303359180e+00  2.5902650700e+00  2.5344307920e+00
    7.2400000000e+00 -1.0736192480e+00 -1.0283054510e+00 -1.1990828780e+00  2.6214713540e+00  2.5807098230e+00  2.5263698540e+00
    7.2500000000e+00 -1.0754878130e+00 -1.0305286860e+00 -1.1974456800e+00  2.6125130190e+00  2.5709093500e+00  2.5182819350e+00
    7.2600000000e+00 -1.0773757080e+00 -1.0327307500e+00 -1.1959107550e+00  2.6034496450e+00  2.5608413820e+00  2.5101751800e+00
    7.2700000000e+00 -1.0792774030e+00 -1.0348668500e+00 -1.1944835130e+00  2.5942688850e+00  2.5504912120e+00  2.5020541310e+00
    7.2800000000e+00 -1.0811836890e+00 -1.0368864680e+00 -1.1931726660e+00  2.5849579890e+00  2.5398545880e+00  2.4939181700e+00
    7.2900000000e+00 -1.0830810960e+00 -1.0387366310e+00 -1.1919880550e+00  2.5755049650e+00  2.5289396990e+00  2.4857606310e+00
    7.3000000000e+00 -1.0849518050e+00 -1.0403657860e+00 -1.1909382980e+00  2.5659001490e+00  2.5177679760e+00  2.4775687280e+00
    7.3100000000e+00 -1.0867742730e+00 -1.0417278190e+00 -1.1900285370e+00  2.5561378710e+00  2.5063735400e+00  2.4693243040e+00
    7.3200000000e+00 -1.0885246120e+00 -1.0427857580e+00 -1.1892585750e+00  2.5462178410e+00  2.4948013530e+00  2.4610053330e+00
    7.3300000000e+00 -1.0901784950e+00 -1.0435147310e+00 -1.1886216420e+00  2.5361458790e+00  2.4831042470e+00  2.4525879970e+00
    7.3400000000e+00 -1.0917132200e+00 -1.0439038710e+00 -1.1881039520e+00  2.5259338070e+00  2.4713391420e+00  2.4440490880e+00
    7.3500000000e+00 -1.0931095250e+00 -1.0439569600e+00 -1.1876851570e+00  2.5155985340e+00  2.4595628430e+00  2.4353684550e+00
    7.3600000000e+00 -1.0943528120e+00 -1.0436917500e+00 -1.1873396610e+00  2.5051605940e+00  2.4478278330e+00  2.4265311390e+00
    7.3700000000e+00 -1.0954336790e+00 -1.0431380560e+00 -1.1870386350e+00  2.4946424730e+00  2.4361784980e+00  2.4175288920e+00
    7.3800000000e+00 -1.0963478060e+00 -1.0423348360e+00 -1.1867524430e+00  2.4840670740e+00  2.4246481150e+00  2.4083608460e+00
    7.3900000000e+00 -1.0970954120e+00 -1.0413265540e+00 -1.1864530980e+00  2.4734565310e+00  2.4132568610e+00  2.3990332380e+00
    7.4000000000e+00 -1.0976805440e+00 -1.0401591900e+00 -1.1861163900e+00  2.4628314400e+00  2.4020109550e+00  2.3895582850e+00
    7.4100000000e+00 -1.0981103820e+00 -1.0388762170e+00 -1.1857234090e+00  2.4522104390e+00  2.3909029710e+00  2.3799524390e+00
    7.4200000000e+00 -1.0983947070e+00 -1.0375148580e+00 -1.1852613180e+00  2.4416099920e+00  2.3799132200e+00  2.3702343150e+00
    7.4300000000e+00 -1.0985455090e+00 -1.0361028790e+00 -1.1847233890e+00  2.4310442360e+00  2.3690120930e+00  2.3604225610e+00
    7.4400000000e+00 -1.0985766890e+00 -1.0346561180e+00 -1.1841083350e+00  2.4205247890e+00  2.3581631920e+00  2.3505339000e+00
    7.4500000000e+00 -1.0985037660e+00 -1.0331769230e+00 -1.1834190460e+00  2.4100604970e+00  2.3473270520e+00  2.3405815330e+00
    7.4600000000e+00 -1.0983435340e+00 -1.0316536560e+00 -1.1826608490e+00  2.3996571220e+00  2.3364652430e+00  2.3305740760e+00
    7.4700000000e+00 -1.0981136010e+00 -1.0300613810e+00 -1.1818394730e+00  2.3893170160e+00  2.3255445910e+00  2.3205152000e+00
    7.4800000000e+00 -1.0978318090e+00 -1.0283638290e+00 -1.1809589940e+00  2.3790388200e+00  2.3145411530e+00  2.3104040720e+00
    7.4900000000e+00 -1.0975154890e+00 -1.0265165970e+00 -1.1800200920e+00  2.3688172470e+00  2.3034435560e+00  2.3002366190e+00
    7.5000000000e+00 -1.0971805750e+00 -1.0244714000e+00 -1.1790189630e+00  2.3586430290e+00  2.2922552350e+00  2.2900074110e+00
    7.5100000000e+00 -1.0968406070e+00 -1.0221809800e+00 -1.1779471270e+00  2.3485031180e+00  2.2809951940e+00  2.2797118800e+00
    7.5200000000e+00 -1.0965057380e+00 -1.0196041170e+00 -1.1767922120e+00  2.3383812170e+00  2.2696970510e+00  2.2693484180e+00
    7.5300000000e+00 -1.0961819130e+00 -1.0167100750e+00 -1.1755395960e+00  2.3282586490e+00  2.2584063870e+00  2.2589199620e+00
    7.5400000000e+00 -1.0958703480e+00 -1.0134818890e+00 -1.1741746000e+00  2.3181154580e+00  2.2471766810e+00  2.2484346930e+00
    7.5500000000e+00 -1.0955674060e+00 -1.0099179920e+00 -1.1726847850e+00  2.3079315780e+00  2.2360643690e+00  2.2379056870e+00
    7.5600000000e+00 -1.0952647830e+00 -1.0060319960e+00 -1.1710618570e+00  2.2976878630e+00  2.2251237080e+00  2.2273495530e+00
    7.5700000000e+00 -1.0949498590e+00 -1.0018506850e+00 -1.1693027330e+00  2.2873668920e+00  2.2144021580e+00  2.2167843420e+00
    7.5800000000e+00 -1.0946059940e+00 -9.9741058000e-01 -1.1674094840e+00  2.2769536010e+00  2.2039369130e+00  2.2062272090e+00
    7.5900000000e+00 -1.0942126820e+00 -9.9275364000e-01 -1.1653881570e+00  2.2664359250e+00  2.1937530050e+00  2.1956924110e+00
    7.6000000000e+00 -1.0937456610e+00 -9.8792278600e-01 -1.1632467800e+00  2.2558057220e+00  2.1838631610e+00  2.1851902130e+00
    7.6100000000e+00 -1.0931772670e+00 -9.8295795900e-01 -1.1609931390e+00  2.2450600740e+00  2.1742692820e+00  2.1747269920e+00
    7.6200000000e+00 -1.0924774060e+00 -9.7789327300e-01 -1.1586330190e+00  2.2342028800e+00  2.1649651410e+00  2.1643065050e+00
    7.6300000000e+00 -1.0916154250e+00 -9.7275561200e-01 -1.1561694720e+00  2.2232463450e+00  2.1559396840e+00  2.1539318920e+00
    7.6400000000e+00 -1.0905628910e+00 -9.6756470600e-01 -1.1536033570e+00  2.2122118050e+00  2.1471802600e+00  2.1436077200e+00
    7.6500000000e+00 -1.0892969290e+00 -9.6233438900e-01 -1.1509349650e+00  2.2011293650e+00  2.1386751640e+00  2.1333413440e+00
    7.6600000000e+00 -1.0878034740e+00 -9.5707451800e-01 -1.1481661630e+00  2.1900360540e+00  2.1304151180e+00  2.1231431390e+00
    7.6700000000e+00 -1.0860796960e+00 -9.5179293200e-01 -1.1453023510e+00  2.1789726060e+00  2.1223936610e+00  2.1130254950e+00
    7.6800000000e+00 -1.0841349890e+00 -9.4649696800e-01 -1.1423536480e+00  2.1679793680e+00  2.1146066970e+00  2.1030009190e+00
    7.6900000000e+00 -1.0819902660e+00 -9.4119427700e-01 -1.1393349800e+00  2.1570920680e+00  2.1070516620e+00  2.0930797840e+00
    7.7000000000e+00 -1.0796756890e+00 -9.3589300500e-01 -1.1362651420e+00  2.1463382020e+00  2.0997267900e+00  2.0832683140e+00
    7.7100000000e+00 -1.0772272950e+00 -9.3060164900e-01 -1.1331651220e+00  2.1357345910e+00  2.0926307410e+00  2.0735672120e+00
    7.7200000000e+00 -1.0746831350e+00 -9.2532897300e-01 -1.1300561130e+00  2.1252863810e+00  2.0857626410e+00  2.0639710910e+00
    7.7300000000e+00 -1.0720795290e+00 -9.2008424700e-01 -1.1269575650e+00  2.1149874200e+00  2.0791222750e+00  2.0544686800e+00
    7.7400000000e+00 -1.0694478640e+00 -9.1487785200e-01 -1.1238855530e+00  2.1048217570e+00  2.0727100980e+00  2.0450436060e+00
    7.7500000000e+00 -1.0668122070e+00 -9.0972202000e-01 -1.1208515480e+00  2.0947659010e+00  2.0665267870e+00  2.0356755580e+00
    7.7600000000e+00 -1.0641877930e+00 -9.0463135600e-01 -1.1178616320e+00  2.0847914980e+00  2.0605722730e+00  2.0263416390e+00
    7.7700000000e+00 -1.0615803860e+00 -8.9962280800e-01 -1.1149161100e+00  2.0748681560e+00  2.0548444330e+00  2.0170177620e+00
    7.7800000000e+00 -1.0589864120e+00 -8.9471493200e-01 -1.1120094590e+00  2.0649661750e+00  2.0493378180e+00  2.0076799870e+00
    7.7900000000e+00 -1.0563937910e+00 -8.8992653200e-01 -1.1091305160e+00  2.0550590460e+00  2.0440428020e+00  1.9983057590e+00
    7.8000000000e+00 -1.0537833560e+00 -8.8527497100e-01 -1.1062628530e+00  2.0451255750e+00  2.0389454190e+00  1.9888750450e+00
    7.8100000000e+00 -1.0511307400e+00 -8.8077450900e-01 -1.1033852810e+00  2.0351515190e+00  2.0340280030e+00  1.9793714020e+00
    7.8200000000e+00 -1.0484086220e+00 -8.7643505200e-01 -1.1004725300e+00  2.0251306510e+00  2.0292705030e+00  1.9697830290e+00
    7.8300000000e+00 -1.0455891790e+00 -8.7226156200e-01 -1.0974961850e+00  2.0150651560e+00  2.0246522290e+00  1.9601037970e+00
    7.8400000000e+00 -1.0426465680e+00 -8.6825425600e-01 -1.0944259680e+00  2.0049653080e+00  2.0201537020e+00  1.9503341720e+00
    7.8500000000e+00 -1.0395592140e+00 -8.6440954800e-01 -1.0912314330e+00  1.9948484100e+00  2.0157582560e+00  1.9404818450e+00
    7.8600000000e+00 -1.0363116780e+00 -8.6072156900e-01 -1.0878839830e+00  1.9847370490e+00  2.0114530870e+00  1.9305618230e+00
    7.8700000000e+00 -1.0328958630e+00 -8.5718397100e-01 -1.0843589790e+00  1.9746568470e+00  2.0072295710e+00  1.9205957850e+00
    7.8800000000e+00 -1.0293114070e+00 -8.5379164100e-01 -1.0806375930e+00  1.9646339330e+00  2.0030827860e+00  1.9106106470e+00
    7.8900000000e+00 -1.0255651930e+00 -8.5054200400e-01 -1.0767080240e+00  1.9546924550e+00  1.9990103910e+00  1.9006364510e+00
    7.9000000000e+00 -1.0216700570e+00 -8.4743568400e-01 -1.0725657940e+00  1.9448524550e+00  1.9950111420e+00  1.8907039430e+00
    7.9100000000e+00 -1.0176428760e+00 -8.4447647500e-01 -1.0682130510e+00  1.9351283800e+00  1.9910833700e+00  1.8808422670e+00
    7.9200000000e+00 -1.0135023440e+00 -8.4167074700e-01 -1.0636570300e+00  1.9255283810e+00  1.9872237450e+00  1.8710772420e+00
    7.9300000000e+00 -1.0092667370e+00 -8.3902653200e-01 -1.0589080550e+00  1.9160544490e+00  1.9834264570e+00  1.8614305340e+00
    7.9400000000e+00 -1.0049519840e+00 -8.3655252900e-01 -1.0539775260e+00  1.9067032850e+00  1.9796828440e+00  1.8519198010e+00
    7.9500000000e+00 -1.0005702510e+00 -8.3425719900e-01 -1.0488763550e+00  1.8974677060e+00  1.9759813560e+00  1.8425596860e+00
    7.9600000000e+00 -9.9612915700e-01 -8.3214801000e-01 -1.0436141520e+00  1.8883383590e+00  1.9723077070e+00  1.8333633350e+00
    7.9700000000e+00 -9.9163165800e-01 -8.3023081400e-01 -1.0381992790e+00  1.8793054760e+00  1.9686451260e+00  1.8243440300e+00
    7.9800000000e+00 -9.8707652700e-01 -8.2850928400e-01 -1.0326397200e+00  1.8703604450e+00  1.9649746540e+00  1.8155165460e+00
    7.9900000000e+00 -9.8245930600e-01 -8.2698438900e-01 -1.0269445400e+00  1.8614970100e+00  1.9612754970e+00  1.8068979030e+00
    8.0000000000e+00 -9.7777350900e-01 -8.2565385600e-01 -1.0211256160e+00  1.8527119550e+00  1.9575254890e+00  1.7985073280e+00
    8.0100000000e+00 -9.7301184800e-01 -8.2451168000e-01 -1.0151992510e+00  1.8440052740e+00  1.9537017050e+00  1.7903653810e+00
    8.0200000000e+00 -9.6816726700e-01 -8.2354771400e-01 -1.0091873460e+00  1.8353799030e+00  1.9497812670e+00  1.7824923690e+00
    8.0300000000e+00 -9.6323365800e-01 -8.2274744900e-01 -1.0031178560e+00  1.8268412080e+00  1.9457423560e+00  1.7749063100e+00
    8.0400000000e+00 -9.5820623100e-01 -8.2209210300e-01 -9.9702441300e-01  1.8183964140e+00  1.9415653700e+00  1.7676207670e+00
    8.0500000000e+00 -9.5308165400e-01 -8.2155909900e-01 -9.9094515100e-01  1.8100541520e+00  1.9372341210e+00  1.7606429020e+00
    8.0600000000e+00 -9.4785810400e-01 -8.2112299000e-01 -9.8492088900e-01  1.8018241670e+00  1.9327369020e+00  1.7539720170e+00
    8.0700000000e+00 -9.4253536600e-01 -8.2075676100e-01 -9.7899291200e-01  1.7937171520e+00  1.9280672060e+00  1.7475987600e+00
    8.0800000000e+00 -9.3711504300e-01 -8.2043336800e-01 -9.7320059800e-01  1.7857446000e+00  1.9232239430e+00  1.7415050520e+00
    8.0900000000e+00 -9.3160086900e-01 -8.2012725300e-01 -9.6757910100e-01  1.7779185350e+00  1.9182110790e+00  1.7356647210e+00
    8.1000000000e+00 -9.2599901000e-01 -8.1981559700e-01 -9.6215729600e-01  1.7702510630e+00  1.9130367330e+00  1.7300447990e+00
    8.1100000000e+00 -9.2031824200e-01 -8.1947907300e-01 -9.5695614500e-01  1.7627537220e+00  1.9077119300e+00  1.7246074000e+00
    8.1200000000e+00 -9.1456986100e-01 -8.1910203600e-01 -9.5198768300e-01  1.7554367160e+00  1.9022492710e+00  1.7193120590e+00
    8.1300000000e+00 -9.0876730500e-01 -8.1867219400e-01 -9.4725479000e-01  1.7483081800e+00  1.8966617830e+00  1.7141183260e+00
    8.1400000000e+00 -9.0292550300e-01 -8.1817993700e-01 -9.4275183500e-01  1.7413735960e+00  1.8909621460e+00  1.7089883200e+00
    8.1500000000e+00 -8.9706004500e-01 -8.1761756800e-01 -9.3846615800e-01  1.7346354800e+00  1.8851623800e+00  1.7038889040e+00
    8.1600000000e+00 -8.9118629300e-01 -8.1697866500e-01 -9.3438019900e-01  1.7280933720e+00  1.8792739360e+00  1.6987931540e+00
    8.1700000000e+00 -8.8531855700e-01 -8.1625774900e-01 -9.3047392100e-01  1.7217441350e+00  1.8733080260e+00  1.6936809270e+00
    8.1800000000e+00 -8.7946943400e-01 -8.1545033100e-01 -9.2672714000e-01  1.7155825040e+00  1.8672759990e+00  1.6885384850e+00
    8.1900000000e+00 -8.7364938100e-01 -8.1455327700e-01 -9.2312139100e-01  1.7096018200e+00  1.8611895080e+00  1.6833573350e+00
    8.2000000000e+00 -8.6786659900e-01 -8.1356532900e-01 -9.1964107000e-01  1.7037948420e+00  1.8550603160e+00  1.6781325670e+00
    8.2100000000e+00 -8.6212720900e-01 -8.1248753500e-01 -9.1627375700e-01  1.6981545340e+00  1.8488996690e+00  1.6728610660e+00
    8.2200000000e+00 -8.5643571600e-01 -8.1132331300e-01 -9.1300980800e-01  1.6926746770e+00  1.8427173170e+00  1.6675399310e+00
    8.2300000000e+00 -8.5079563400e-01 -8.1007797200e-01 -9.0984140500e-01  1.6873502300e+00  1.8365204160e+00  1.6621653730e+00
    8.2400000000e+00 -8.4521016600e-01 -8.0875761900e-01 -9.0676136500e-01  1.6821773890e+00  1.8303126120e+00  1.6567322210e+00
    8.2500000000e+00 -8.3968278100e-01 -8.0736757300e-01 -9.0376197800e-01  1.6771533800e+00  1.8240936410e+00  1.6512340190e+00
    8.2600000000e+00 -8.3421763000e-01 -8.0591054000e-01 -9.0083413700e-01  1.6722760680e+00  1.8178596750e+00  1.6456636010e+00
    8.2700000000e+00 -8.2881974800e-01 -8.0438494900e-01 -8.9796687000e-01  1.6675434830e+00  1.8116045160e+00  1.6400139270e+00
    8.2800000000e+00 -8.2349508100e-01 -8.0278380900e-01 -8.9514731500e-01  1.6629533340e+00  1.8053215340e+00  1.6342789500e+00
    8.2900000000e+00 -8.1825035100e-01 -8.0109444100e-01 -8.9236105500e-01  1.6585025460e+00  1.7990060940e+00  1.6284543420e+00
    8.3000000000e+00 -8.1309276600e-01 -7.9929923600e-01 -8.8959264600e-01  1.6541868410e+00  1.7926580520e+00  1.6225379380e+00
    8.3100000000e+00 -8.0802954600e-01 -7.9737744200e-01 -8.8682617200e-01  1.6500004000e+00  1.7862838820e+00  1.6165299210e+00
    8.3200000000e+00 -8.0306728000e-01 -7.9530776500e-01 -8.8404570800e-01  1.6459357160e+00  1.7798980220e+00  1.6104328220e+00
    8.3300000000e+00 -7.9821116500e-01 -7.9307141800e-01 -8.8123564300e-01  1.6419837220e+00  1.7735231410e+00  1.6042514710e+00
    8.3400000000e+00 -7.9346427100e-01 -7.9065516600e-01 -8.7838095200e-01  1.6381343070e+00  1.7671892150e+00  1.5979930000e+00
    8.3500000000e+00 -7.8882704900e-01 -7.8805389000e-01 -8.7546749900e-01  1.6343771950e+00  1.7609314630e+00  1.5916669120e+00
    8.3600000000e+00 -7.8429726500e-01 -7.8527223500e-01 -8.7248247600e-01  1.6307030680e+00  1.7547874210e+00  1.5852851610e+00
    8.3700000000e+00 -7.7987048600e-01 -7.8232506000e-01 -8.6941498400e-01  1.6271046830e+00  1.7487935610e+00  1.5788621090e+00
    8.3800000000e+00 -7.7554105800e-01 -7.7923659300e-01 -8.6625669400e-01  1.6235777150e+00  1.7429820010e+00  1.5724142920e+00
    8.3900000000e+00 -7.7130341300e-01 -7.7603845500e-01 -8.6300246500e-01  1.6201210820e+00  1.7373778220e+00  1.5659599230e+00
    8.4000000000e+00 -7.6715338900e-01 -7.7276694900e-01 -8.5965082900e-01  1.6167366680e+00  1.7319973760e+00  1.5595182030e+00
    8.4100000000e+00 -7.6308930300e-01 -7.6946010700e-01 -8.5620426200e-01  1.6134285150e+00  1.7268477560e+00  1.5531085010e+00
    8.4200000000e+00 -7.5911255500e-01 -7.6615501000e-01 -8.5266924700e-01  1.6102016760e+00  1.7219273030e+00  1.5467494690e+00
    8.4300000000e+00 -7.5522770000e-01 -7.6288571800e-01 -8.4905613000e-01  1.6070609910e+00  1.7172268460e+00  1.5404581840e+00
    8.4400000000e+00 -7.5144205800e-01 -7.5968193000e-01 -8.4537879900e-01  1.6040100300e+00  1.7127312660e+00  1.5342493100e+00
    8.4500000000e+00 -7.4776501900e-01 -7.5656828300e-01 -8.4165419800e-01  1.6010503720e+00  1.7084210520e+00  1.5281343370e+00
    8.4600000000e+00 -7.4420726200e-01 -7.5356405700e-01 -8.3790168000e-01  1.5981812480e+00  1.7042736460e+00  1.5221208890e+00
    8.4700000000e+00 -7.4078005800e-01 -7.5068306900e-01 -8.3414219200e-01  1.5953995060e+00  1.7002645670e+00  1.5162121360e+00
    8.4800000000e+00 -7.3749476400e-01 -7.4793360000e-01 -8.3039729100e-01  1.5926997460e+00  1.6963684250e+00  1.5104063530e+00
    8.4900000000e+00 -7.3436253400e-01 -7.4531834500e-01 -8.2668797200e-01  1.5900744860e+00  1.6925599750e+00  1.5046966890e+00
    8.5000000000e+00 -7.3139412700e-01 -7.4283449600e-01 -8.2303336600e-01  1.5875142190e+00  1.6888153030e+00  1.4990712530e+00
    8.5100000000e+00 -7.2859972700e-01 -7.4047411600e-01 -8.1944939700e-01  1.5850073360e+00  1.6851131450e+00  1.4935136170e+00
    8.5200000000e+00 -7.2598861000e-01 -7.3822493800e-01 -8.1594761000e-01  1.5825399610e+00  1.6814361940e+00  1.4880037810e+00
    8.5300000000e+00 -7.2356860300e-01 -7.3607163400e-01 -8.1253436300e-01  1.5800958290e+00  1.6777721990e+00  1.4825195170e+00
    8.5400000000e+00 -7.2134537100e-01 -7.3399745700e-01 -8.0921055600e-01  1.5776563480e+00  1.6741146090e+00  1.4770379150e+00
    8.5500000000e+00 -7.1932161800e-01 -7.3198606700e-01 -8.0597195200e-01  1.5752009710e+00  1.6704626170e+00  1.4715368340e+00
    8.5600000000e+00 -7.1749639200e-01 -7.3002323600e-01 -8.0280992200e-01  1.5727079030e+00  1.6668205450e+00  1.4659959950e+00
    8.5700000000e+00 -7.1586463500e-01 -7.2809818000e-01 -7.9971237400e-01  1.5701550980e+00  1.6631966690e+00  1.4603975730e+00
    8.5800000000e+00 -7.1441710500e-01 -7.2620429500e-01 -7.9666453500e-01  1.5675214050e+00  1.6596017280e+00  1.4547263300e+00
    8.5900000000e+00 -7.1314070500e-01 -7.2433924800e-01 -7.9364938500e-01  1.5647877060e+00  1.6560474060e+00  1.4489695270e+00
    8.6000000000e+00 -7.1201916600e-01 -7.2250452100e-01 -7.9064771200e-01  1.5619378790e+00  1.6525450900e+00  1.4431169070e+00
    8.6100000000e+00 -7.1103398900e-01 -7.2070464000e-01 -7.8763796800e-01  1.5589594890e+00  1.6491050900e+00  1.4371610200e+00
    8.6200000000e+00 -7.1016553300e-01 -7.1894636500e-01 -7.8459622900e-01  1.5558441540e+00  1.6457363660e+00  1.4310979870e+00
    8.6300000000e+00 -7.0939412800e-01 -7.1723812600e-01 -7.8149658700e-01  1.5525875800e+00  1.6424466700e+00  1.4249285830e+00
    8.6400000000e+00 -7.0870116000e-01 -7.1558982900e-01 -7.7831215600e-01  1.5491892960e+00  1.6392428450e+00  1.4186593390e+00
    8.6500000000e+00 -7.0807004700e-01 -7.1401305300e-01 -7.7501669800e-01  1.5456520740e+00  1.6361310620e+00  1.4123033040e+00
    8.6600000000e+00 -7.0748702100e-01 -7.1252150200e-01 -7.7158664000e-01  1.5419810580e+00  1.6331167630e+00  1.4058801520e+00
    8.6700000000e+00 -7.0694160400e-01 -7.1113151700e-01 -7.6800316000e-01  1.5381826390e+00  1.6302042350e+00  1.3994154750e+00
    8.6800000000e+00 -7.0642663900e-01 -7.0986244900e-01 -7.6425394200e-01  1.5342631800e+00  1.6273958180e+00  1.3929393110e+00
    8.6900000000e+00 -7.0593784300e-01 -7.0873674000e-01 -7.6033432500e-01  1.5302277960e+00  1.6246908440e+00  1.3864841080e+00
    8.7000000000e+00 -7.0547287300e-01 -7.0777963100e-01 -7.5624768800e-01  1.5260793970e+00  1.6220844290e+00  1.3800824380e+00
    8.7100000000e+00 -7.0503011000e-01 -7.0701843000e-01 -7.5200507700e-01  1.5218181950e+00  1.6195662360e+00  1.3737647550e+00
    8.7200000000e+00 -7.0460734800e-01 -7.0648132600e-01 -7.4762417300e-01  1.5174417460e+00  1.6171193530e+00  1.3675574770e+00
    8.7300000000e+00 -7.0420066300e-01 -7.0619571700e-01 -7.4312781800e-01  1.5129455090e+00  1.6147194540e+00  1.3614815300e+00
    8.7400000000e+00 -7.0380361100e-01 -7.0618616200e-01 -7.3854227800e-01  1.5083237580e+00  1.6123344400e+00  1.3555514410e+00
    8.7500000000e+00 -7.0340684100e-01 -7.0647207700e-01 -7.3389544400e-01  1.5035706840e+00  1.6099247510e+00  1.3497749730e+00
    8.7600000000e+00 -7.0299811500e-01 -7.0706547300e-01 -7.2921511500e-01  1.4986815170e+00  1.6074444470e+00  1.3441532340e+00
    8.7700000000e+00 -7.0256269200e-01 -7.0796903900e-01 -7.2452747000e-01  1.4936535460e+00  1.6048430600e+00  1.3386811950e+00
    8.7800000000e+00 -7.0208398600e-01 -7.0917483100e-01 -7.1985579500e-01  1.4884869640e+00  1.6020680330e+00  1.3333485060e+00
    8.7900000000e+00 -7.0154446000e-01 -7.1066378200e-01 -7.1521949600e-01  1.4831854700e+00  1.5990674820e+00  1.3281405410e+00
    8.8000000000e+00 -7.0092666400e-01 -7.1240603800e-01 -7.1063344300e-01  1.4777565830e+00  1.5957929810e+00  1.3230395840e+00
    8.8100000000e+00 -7.0021434700e-01 -7.1436207100e-01 -7.0610762200e-01  1.4722116320e+00  1.5922020820e+00  1.3180260760e+00
    8.8200000000e+00 -6.9939351900e-01 -7.1648437500e-01 -7.0164711900e-01  1.4665653990e+00  1.5882603610e+00  1.3130798500e+00
    8.8300000000e+00 -6.9845336300e-01 -7.1871955900e-01 -6.9725241400e-01  1.4608354570e+00  1.5839429070e+00  1.3081812720e+00
    8.8400000000e+00 -6.9738689600e-01 -7.2101064100e-01 -6.9291992500e-01  1.4550412750e+00  1.5792351900e+00  1.3033121950e+00
    8.8500000000e+00 -6.9619133600e-01 -7.2329937000e-01 -6.8864274200e-01  1.4492031970e+00  1.5741333410e+00  1.2984566730e+00
    8.8600000000e+00 -6.9486817400e-01 -7.2552842000e-01 -6.8441145000e-01  1.4433414070e+00  1.5686439010e+00  1.2936014060e+00
    8.8700000000e+00 -6.9342299700e-01 -7.2764335800e-01 -6.8021494300e-01  1.4374749570e+00  1.5627831300e+00  1.2887359020e+00
    8.8800000000e+00 -6.9186513600e-01 -7.2959429900e-01 -6.7604114300e-01  1.4316208990e+00  1.5565759910e+00  1.2838524210e+00
    8.8900000000e+00 -6.9020717000e-01 -7.3133724200e-01 -6.7187756900e-01  1.4257935220e+00  1.5500549370e+00  1.2789457690e+00
    8.9000000000e+00 -6.8846431400e-01 -7.3283511800e-01 -6.6771173100e-01  1.4200036550e+00  1.5432585820e+00  1.2740130040e+00
    8.9100000000e+00 -6.8665365700e-01 -7.3405859100e-01 -6.6353137600e-01  1.4142580640e+00  1.5362303210e+00  1.2690531500e+00
    8.9200000000e+00 -6.8479320800e-01 -7.3498668500e-01 -6.5932460400e-01  1.4085589570e+00  1.5290168890e+00  1.2640669710e+00
    8.9300000000e+00 -6.8290075000e-01 -7.3560724000e-01 -6.5507994600e-01  1.4029037130e+00  1.5216668180e+00  1.2590568270e+00
    8.9400000000e+00 -6.8099255400e-01 -7.3591715200e-01 -6.5078644700e-01  1.3972849370e+00  1.5142287440e+00  1.2540266010e+00
    8.9500000000e+00 -6.7908209100e-01 -7.3592229400e-01 -6.4643379100e-01  1.3916909160e+00  1.5067495460e+00  1.2489816510e+00
    8.9600000000e+00 -6.7717889400e-01 -7.3563696700e-01 -6.4201246400e-01  1.3861064800e+00  1.4992723880e+00  1.2439287420e+00
    8.9700000000e+00 -6.7528773100e-01 -7.3508278200e-01 -6.3751391500e-01  1.3805141830e+00  1.4918348450e+00  1.2388759380e+00
    8.9800000000e+00 -6.7340817400e-01 -7.3428694600e-01 -6.3293068700e-01  1.3748956790e+00  1.4844673490e+00  1.2338324630e+00
    8.9900000000e+00 -6.7153458900e-01 -7.3328009500e-01 -6.2825651300e-01  1.3692331160e+00  1.4771922170e+00  1.2288085780e+00
    9.0000000000e+00 -6.6965650000e-01 -7.3209391400e-01 -6.2348641100e-01  1.3635104350e+00  1.4700234430e+00  1.2238154900e+00
    9.0100000000e+00 -6.6775924900e-01 -7.3075887400e-01 -6.1861682100e-01  1.3577144850e+00  1.4629672860e+00  1.2188652770e+00
    9.0200000000e+00 -6.6582487900e-01 -7.2930240600e-01 -6.1364580300e-01  1.3518358830e+00  1.4560235400e+00  1.2139707880e+00
    9.0300000000e+00 -6.6383314900e-01 -7.2774771500e-01 -6.0857328300e-01  1.3458696220e+00  1.4491872270e+00  1.2091454590e+00
    9.0400000000e+00 -6.6176260900e-01 -7.2611331200e-01 -6.0340130700e-01  1.3398154100e+00  1.4424504120e+00  1.2044030090e+00
    9.0500000000e+00 -6.5959168800e-01 -7.2441319200e-01 -5.9813420700e-01  1.3336777630e+00  1.4358038500e+00  1.1997569960e+00
    9.0600000000e+00 -6.5729972700e-01 -7.2265746700e-01 -5.9277864300e-01  1.3274658660e+00  1.4292382670e+00  1.1952202970e+00
    9.0700000000e+00 -6.5486794100e-01 -7.2085326500e-01 -5.8734347000e-01  1.3211932390e+00  1.4227451850e+00  1.1908045430e+00
    9.0800000000e+00 -6.5228026300e-01 -7.1900565500e-01 -5.8183942800e-01  1.3148772380e+00  1.4163173000e+00  1.1865195950e+00
    9.0900000000e+00 -6.4952408200e-01 -7.1711847600e-01 -5.7627867600e-01  1.3085384050e+00  1.4099484970e+00  1.1823731180e+00
    9.1000000000e+00 -6.4659082800e-01 -7.1519496400e-01 -5.7067420600e-01  1.3021996990e+00  1.4036336010e+00  1.1783702870e+00
    9.1100000000e+00 -6.4347641500e-01 -7.1323813100e-01 -5.6503918500e-01  1.2958856220e+00  1.3973679970e+00  1.1745136540e+00
    9.1200000000e+00 -6.4018149400e-01 -7.1125091300e-01 -5.5938624200e-01  1.2896212510e+00  1.3911471940e+00  1.1708032120e+00
    9.1300000000e+00 -6.3671151500e-01 -7.0923609700e-01 -5.5372676000e-01  1.2834312190e+00  1.3849664440e+00  1.1672366550e+00
    9.1400000000e+00 -6.3307655900e-01 -7.0719608000e-01 -5.4807023000e-01  1.2773386670e+00  1.3788204580e+00  1.1638098820e+00
    9.1500000000e+00 -6.2929091400e-01 -7.0513252800e-01 -5.4242374600e-01  1.2713642310e+00  1.3727032970e+00  1.1605177540e+00
    9.1600000000e+00 -6.2537239300e-01 -7.0304600100e-01 -5.3679179000e-01  1.2655251230e+00  1.3666084110e+00  1.1573550540e+00
    9.1700000000e+00 -6.2134140700e-01 -7.0093561600e-01 -5.3117639100e-01  1.2598343970e+00  1.3605288490e+00  1.1543175600e+00
    9.1800000000e+00 -6.1721983200e-01 -6.9879877800e-01 -5.2557775200e-01  1.2543005020e+00  1.3544575760e+00  1.1514030340e+00
    9.1900000000e+00 -6.1302979100e-01 -6.9663101100e-01 -5.1999527900e-01  1.2489271800e+00  1.3483878800e+00  1.1486119250e+00
    9.2000000000e+00 -6.0879247600e-01 -6.9442588300e-01 -5.1442888200e-01  1.2437137340e+00  1.3423138430e+00  1.1459475970e+00
    9.2100000000e+00 -6.0452713700e-01 -6.9217505100e-01 -5.0888030500e-01  1.2386556410e+00  1.3362308510e+00  1.1434159680e+00
    9.2200000000e+00 -6.0025035500e-01 -6.8986842500e-01 -5.0335420900e-01  1.2337453800e+00  1.3301361440e+00  1.1410246120e+00
    9.2300000000e+00 -5.9597562900e-01 -6.8749449200e-01 -4.9785878300e-01  1.2289733770e+00  1.3240293670e+00  1.1387814660e+00
    9.2400000000e+00 -5.9171324800e-01 -6.8504081500e-01 -4.9240575200e-01  1.2243289320e+00  1.3179131050e+00  1.1366934170e+00
    9.2500000000e+00 -5.8747040100e-01 -6.8249473200e-01 -4.8700981200e-01  1.2198010720e+00  1.3117933190e+00  1.1347650510e+00
    9.2600000000e+00 -5.8325145100e-01 -6.7984425600e-01 -4.8168764800e-01  1.2153792900e+00  1.3056796250e+00  1.1329978080e+00
    9.2700000000e+00 -5.7905836800e-01 -6.7707914600e-01 -4.7645680000e-01  1.2110541860e+00  1.2995853150e+00  1.1313896500e+00
    9.2800000000e+00 -5.7489128500e-01 -6.7419206600e-01 -4.7133464000e-01  1.2068179620e+00  1.2935270040e+00  1.1299352180e+00
    9.2900000000e+00 -5.7074918900e-01 -6.7117967500e-01 -4.6633765200e-01  1.2026647570e+00  1.2875238610e+00  1.1286262970e+00
    9.3000000000e+00 -5.6663067600e-01 -6.6804346600e-01 -4.6148109700e-01  1.1985907410e+00  1.2815964080e+00  1.1274523840e+00
    9.3100000000e+00 -5.6253469400e-01 -6.6479015700e-01 -4.5677899600e-01  1.1945939580e+00  1.2757650160e+00  1.1264011250e+00
    9.3200000000e+00 -5.5846117500e-01 -6.6143151800e-01 -4.5224426700e-01  1.1906739250e+00  1.2700483010e+00  1.1254584880e+00
    9.3300000000e+00 -5.5441146800e-01 -6.5798361600e-01 -4.4788883300e-01  1.1868310490e+00  1.2644616670e+00  1.1246086480e+00
    9.3400000000e+00 -5.5038851900e-01 -6.5446560000e-01 -4.4372349900e-01  1.1830659550e+00  1.2590162350e+00  1.1238336650e+00
    9.3500000000e+00 -5.4639681000e-01 -6.5089823400e-01 -4.3975751000e-01  1.1793788350e+00  1.2537182980e+00  1.1231131310e+00
    9.3600000000e+00 -5.4244209300e-01 -6.4730242700e-01 -4.3599778600e-01  1.1757688990e+00  1.2485693440e+00  1.1224239780e+00
    9.3700000000e+00 -5.3853099300e-01 -6.4369798100e-01 -4.3244795300e-01  1.1722339780e+00  1.2435665390e+00  1.1217406300e+00
    9.3800000000e+00 -5.3467055600e-01 -6.4010269700e-01 -4.2910735000e-01  1.1687702900e+00  1.2387035180e+00  1.1210355780e+00
    9.3900000000e+00 -5.3086781400e-01 -6.3653185800e-01 -4.2597020900e-01  1.1653723360e+00  1.2339712720e+00  1.1202803670e+00
    9.4000000000e+00 -5.2712936500e-01 -6.3299804600e-01 -4.2302518700e-01  1.1620328840e+00  1.2293589890e+00  1.1194468910e+00
    9.4100000000e+00 -5.2346097400e-01 -6.2951117300e-01 -4.2025531100e-01  1.1587429950e+00  1.2248547570e+00  1.1185088360e+00
    9.4200000000e+00 -5.1986715600e-01 -6.2607862600e-01 -4.1763839000e-01  1.1554921030e+00  1.2204461020e+00  1.1174431150e+00
    9.4300000000e+00 -5.1635070600e-01 -6.2270544800e-01 -4.1514782800e-01  1.1522681840e+00  1.2161204130e+00  1.1162311500e+00
    9.4400000000e+00 -5.1291221500e-01 -6.1939452900e-01 -4.1275379200e-01  1.1490580560e+00  1.2118652710e+00  1.1148598750e+00
    9.4500000000e+00 -5.0954961500e-01 -6.1614679000e-01 -4.1042460500e-01  1.1458478960e+00  1.2076687270e+00  1.1133223840e+00
    9.4600000000e+00 -5.0625787700e-01 -6.1296137000e-01 -4.0812826800e-01  1.1426239380e+00  1.2035195480e+00  1.1116181510e+00
    9.4700000000e+00 -5.0302896200e-01 -6.0983581000e-01 -4.0583393800e-01  1.1393733140e+00  1.1994074430e+00  1.1097528350e+00
    9.4800000000e+00 -4.9985206700e-01 -6.0676625100e-01 -4.0351326700e-01  1.1360849090e+00  1.1953232840e+00  1.1077377170e+00
    9.4900000000e+00 -4.9671418100e-01 -6.0374766900e-01 -4.0114149000e-01  1.1327500900e+00  1.1912593450e+00  1.1055888500e+00
    9.5000000000e+00 -4.9360084200e-01 -6.0077418800e-01 -3.9869824000e-01  1.1293631930e+00  1.1872095410e+00  1.1033260220e+00
    9.5100000000e+00 -4.9049698600e-01 -5.9783951700e-01 -3.9616808700e-01  1.1259217320e+00  1.1831696170e+00  1.1009716380e+00
    9.5200000000e+00 -4.8738776500e-01 -5.9493750300e-01 -3.9354082600e-01  1.1224263110e+00  1.1791372110e+00  1.0985495340e+00
    9.5300000000e+00 -4.8425923700e-01 -5.9206275700e-01 -3.9081150200e-01  1.1188803340e+00  1.1751116940e+00  1.0960837790e+00
    9.5400000000e+00 -4.8109889400e-01 -5.8921121400e-01 -3.8798018600e-01  1.1152895840e+00  1.1710937330e+00  1.0935974930e+00
    9.5500000000e+00 -4.7789603200e-01 -5.8638048300e-01 -3.8505143500e-01  1.1116617390e+00  1.1670846200e+00  1.0911117280e+00
    9.5600000000e+00 -4.7464200900e-01 -5.8356986700e-01 -3.8203347400e-01  1.1080058680e+00  1.1630854830e+00  1.0886445260e+00
    9.5700000000e+00 -4.7133037600e-01 -5.8078001600e-01 -3.7893711600e-01  1.1043319080e+00  1.1590965710e+00  1.0862102620e+00
    9.5800000000e+00 -4.6795691500e-01 -5.7801230000e-01 -3.7577456600e-01  1.1006501170e+00  1.1551168080e+00  1.0838193620e+00
    9.5900000000e+00 -4.6451951200e-01 -5.7526808400e-01 -3.7255823800e-01  1.0969705330e+00  1.1511436890e+00  1.0814784180e+00
    9.6000000000e+00 -4.6101787500e-01 -5.7254810300e-01 -3.6929974400e-01  1.0933024790e+00  1.1471735500e+00  1.0791906570e+00
    9.6100000000e+00 -4.5745308300e-01 -5.6985209500e-01 -3.6600915500e-01  1.0896542110e+00  1.1432020500e+00  1.0769566500e+00
    9.6200000000e+00 -4.5382706500e-01 -5.6717876700e-01 -3.6269458100e-01  1.0860327890e+00  1.1392247000e+00  1.0747751410e+00
    9.6300000000e+00 -4.5014211100e-01 -5.6452602900e-01 -3.5936204400e-01  1.0824441820e+00  1.1352372500e+00  1.0726438680e+00
    9.6400000000e+00 -4.4640056200e-01 -5.6189136300e-01 -3.5601560800e-01  1.0788935660e+00  1.1312358060e+00  1.0705602870e+00
    9.6500000000e+00 -4.4260474600e-01 -5.5927213100e-01 -3.5265769100e-01  1.0753856670e+00  1.1272166710e+00  1.0685221580e+00
    9.6600000000e+00 -4.3875712800e-01 -5.5666567300e-01 -3.4928949300e-01  1.0719250000e+00  1.1231759880e+00  1.0665279220e+00
    9.6700000000e+00 -4.3486057000e-01 -5.5406909800e-01 -3.4591146000e-01  1.0685158880e+00  1.1191093550e+00  1.0645769040e+00
    9.6800000000e+00 -4.3091850800e-01 -5.5147879800e-01 -3.4252369900e-01  1.0651622320e+00  1.1150116080e+00  1.0626693180e+00
    9.6900000000e+00 -4.2693492200e-01 -5.4888981300e-01 -3.3912629700e-01  1.0618671640e+00  1.1108769080e+00  1.0608061670e+00
    9.7000000000e+00 -4.2291401900e-01 -5.4629523800e-01 -3.3571952000e-01  1.0586327150e+00  1.1066992020e+00  1.0589890940e+00
    9.7100000000e+00 -4.1885971100e-01 -5.4368586000e-01 -3.3230390100e-01  1.0554597220e+00  1.1024729780e+00  1.0572202650e+00
    9.7200000000e+00 -4.1477504100e-01 -5.4105016500e-01 -3.2888031900e-01  1.0523480520e+00  1.0981941910e+00  1.0555023190e+00
    9.7300000000e+00 -4.1066178200e-01 -5.3837473500e-01 -3.2545010700e-01  1.0492971510e+00  1.0938611270e+00  1.0538383820e+00
    9.7400000000e+00 -4.0652036700e-01 -5.3564497200e-01 -3.2201526300e-01  1.0463067910e+00  1.0894750820e+00  1.0522320610e+00
    9.7500000000e+00 -4.0235023700e-01 -5.3284599100e-01 -3.1857874600e-01  1.0433777860e+00  1.0850407170e+00  1.0506873430e+00
    9.7600000000e+00 -3.9815053300e-01 -5.2996357200e-01 -3.1514478000e-01  1.0405124630e+00  1.0805661050e+00  1.0492083260e+00
    9.7700000000e+00 -3.9392097800e-01 -5.2698503000e-01 -3.1171908000e-01  1.0377147400e+00  1.0760625140e+00  1.0477987710e+00
    9.7800000000e+00 -3.8966270900e-01 -5.2389998800e-01 -3.0830886800e-01  1.0349897520e+00  1.0715439870e+00  1.0464615190e+00
    9.7900000000e+00 -3.8537887400e-01 -5.2070102600e-01 -3.0492265100e-01  1.0323431170e+00  1.0670267770e+00  1.0451978980e+00
    9.8000000000e+00 -3.8107483200e-01 -5.1738421200e-01 -3.0156974500e-01  1.0297799840e+00  1.0625286320e+00  1.0440072200e+00
    9.8100000000e+00 -3.7675792900e-01 -5.1394948900e-01 -2.9825962400e-01  1.0273040700e+00  1.0580679360e+00  1.0428864850e+00
    9.8200000000e+00 -3.7243688200e-01 -5.1040084800e-01 -2.9500119500e-01  1.0249168510e+00  1.0536626970e+00  1.0418303400e+00
    9.8300000000e+00 -3.6812089200e-01 -5.0674619200e-01 -2.9180210100e-01  1.0226170650e+00  1.0493294390e+00  1.0408312780e+00
    9.8400000000e+00 -3.6381861600e-01 -5.0299684000e-01 -2.8866812700e-01  1.0204005760e+00  1.0450821060e+00  1.0398800570e+00
    9.8500000000e+00 -3.5953715000e-01 -4.9916663600e-01 -2.8560276300e-01  1.0182606210e+00  1.0409311490e+00  1.0389662610e+00
    9.8600000000e+00 -3.5528115800e-01 -4.9527074100e-01 -2.8260693700e-01  1.0161883960e+00  1.0368829400e+00  1.0380789710e+00
    9.8700000000e+00 -3.5105223200e-01 -4.9132427100e-01 -2.7967894300e-01  1.0141739150e+00  1.0329396820e+00  1.0372075060e+00
    9.8800000000e+00 -3.4684854900e-01 -4.8734098200e-01 -2.7681459200e-01  1.0122070440e+00  1.0290998330e+00  1.0363421890e+00
    9.8900000000e+00 -3.4266488600e-01 -4.8333225700e-01 -2.7400761700e-01  1.0102786320e+00  1.0253590130e+00  1.0354750910e+00
    9.9000000000e+00 -3.3849300900e-01 -4.7930656300e-01 -2.7125036100e-01  1.0083816160e+00  1.0217111920e+00  1.0346006320e+00
    9.9100000000e+00 -3.3432244100e-01 -4.7526947100e-01 -2.6853470800e-01  1.0065119830e+00  1.0181499430e+00  1.0337159340e+00
    9.9200000000e+00 -3.3014155900e-01 -4.7122419600e-01 -2.6585316900e-01  1.0046694350e+00  1.0146694630e+00  1.0328207750e+00
    9.9300000000e+00 -3.2593892200e-01 -4.6717247300e-01 -2.6319993100e-01  1.0028576400e+00  1.0112651700e+00  1.0319170770e+00
    9.9400000000e+00 -3.2170463800e-01 -4.6311551800e-01 -2.6057165700e-01  1.0010839630e+00  1.0079337720e+00  1.0310079210e+00
    9.9500000000e+00 -3.1743156600e-01 -4.5905480700e-01 -2.5796780800e-01  9.9935866800e-01  1.0046728560e+00  1.0300962360e+00
    9.9600000000e+00 -3.1311611700e-01 -4.5499246500e-01 -2.5539033900e-01  9.9769370800e-01  1.0014801650e+00  1.0291833750e+00
    9.9700000000e+00 -3.0875850200e-01 -4.5093117500e-01 -2.5284275400e-01  9.9610127700e-01  9.9835280300e-01  1.0282678980e+00
    9.9800000000e+00 -3.0436237000e-01 -4.4687367100e-01 -2.5032865000e-01  9.9459241400e-01  9.9528663300e-01  1.0273448390e+00
    9.9900000000e+00 -2.9993392000e-01 -4.4282194500e-01 -2.4785000300e-01  9.9317590700e-01  9.9227600600e-01  1.0264056520e+00
    1.0000000000e+01 -2.9548067700e-01 -4.3877639900e-01 -2.4540552100e-01  9.9185770000e-01  9.8931393500e-01  1.0254388970e+00
    1.0010000000e+01 -2.9101021000e-01 -4.3473512500e-01 -2.4298935900e-01  9.9064087000e-01  9.8639265700e-01  1.0244315630e+00
    1.0020000000e+01 -2.8652902200e-01 -4.3069348900e-01 -2.4059041700e-01  9.8952612500e-01  9.8350447600e-01  1.0233708180e+00
    1.0030000000e+01 -2.8204181500e-01 -4.2664407100e-01 -2.3819232500e-01  9.8851264900e-01  9.8064271600e-01  1.0222459350e+00
    1.0040000000e+01 -2.7755119800e-01 -4.2257698200e-01 -2.3577410300e-01  9.8759909200e-01  9.7780262900e-01  1.0210501350e+00
    1.0050000000e+01 -2.7305781200e-01 -4.1848045000e-01 -2.3331141800e-01  9.8678449800e-01  9.7498211300e-01  1.0197821140e+00
    1.0060000000e+01 -2.6856074400e-01 -4.1434157600e-01 -2.3077827700e-01  9.8606902600e-01  9.7218218000e-01  1.0184471010e+00
    1.0070000000e+01 -2.6405812000e-01 -4.1014714400e-01 -2.2814900400e-01  9.8545440300e-01  9.6940717400e-01  1.0170573420e+00
    1.0080000000e+01 -2.5954769800e-01 -4.0588438900e-01 -2.2540027000e-01  9.8494412200e-01  9.6666476500e-01  1.0156319350e+00
    1.0090000000e+01 -2.5502740500e-01 -4.0154169700e-01 -2.2251299500e-01  9.8454345100e-01  9.6396580800e-01  1.0141960620e+00
    1.0100000000e+01 -2.5049576600e-01 -3.9710923900e-01 -2.1947391500e-01  9.8425935800e-01  9.6132409300e-01  1.0127796790e+00
    1.0110000000e+01 -2.4595226200e-01 -3.9257954500e-01 -2.1627668900e-01  9.8410041400e-01  9.5875602100e-01  1.0114158200e+00
    1.0120000000e+01 -2.4139768300e-01 -3.8794806100e-01 -2.1292243500e-01  9.8407672000e-01  9.5628019200e-01  1.0101386870e+00
    1.0130000000e+01 -2.3683455500e-01 -3.8321368100e-01 -2.0941971500e-01  9.8419982500e-01  9.5391688000e-01  1.0089817230e+00
    1.0140000000e+01 -2.3226767800e-01 -3.7837920400e-01 -2.0578399800e-01  9.8448254900e-01  9.5168733400e-01  1.0079758240e+00
    1.0150000000e+01 -2.2770475100e-01 -3.7345165900e-01 -2.0203670700e-01  9.8493860300e-01  9.4961292000e-01  1.0071478110e+00
    1.0160000000e+01 -2.2315698300e-01 -3.6844240400e-01 -1.9820394400e-01  9.8558190300e-01  9.4771410700e-01  1.0065192490e+00
    1.0170000000e+01 -2.1863951500e-01 -3.6336691000e-01 -1.9431501400e-01  9.8642555700e-01  9.4600939700e-01  1.0061056540e+00
    1.0180000000e+01 -2.1417148100e-01 -3.5824421900e-01 -1.9040084200e-01  9.8748059500e-01  9.4451431900e-01  1.0059161060e+00
    1.0190000000e+01 -2.0977556700e-01 -3.5309609700e-01 -1.8649239500e-01  9.8875460200e-01  9.4324061200e-01  1.0059532690e+00
    1.0200000000e+01 -2.0547702700e-01 -3.4794597900e-01 -1.8261919700e-01  9.9025050500e-01  9.4219569900e-01  1.0062137990e+00
    1.0210000000e+01 -2.0130224300e-01 -3.4281781100e-01 -1.7880802500e-01  9.9196572500e-01  9.4138248600e-01  1.0066890860e+00
    1.0220000000e+01 -1.9727699300e-01 -3.3773489300e-01 -1.7508186200e-01  9.9389189000e-01  9.4079951000e-01  1.0073662880e+00
    1.0230000000e+01 -1.9342468700e-01 -3.3271882600e-01 -1.7145916100e-01  9.9601517700e-01  9.4044139100e-01  1.0082295760e+00
    1.0240000000e+01 -1.8976479200e-01 -3.2778862700e-01 -1.6795347000e-01  9.9831726000e-01  9.4029957100e-01  1.0092615120e+00
    1.0250000000e+01 -1.8631167400e-01 -3.2296009400e-01 -1.6457345600e-01  1.0007767390e+00  9.4036327600e-01  1.0104444730e+00
    1.0260000000e+01 -1.8307397500e-01 -3.1824548100e-01 -1.6132332500e-01  1.0033708820e+00  9.4062064600e-01  1.0117619980e+00
    1.0270000000e+01 -1.8005460700e-01 -3.1365356200e-01 -1.5820364700e-01  1.0060774640e+00  9.4105991800e-01  1.0131999510e+00
    1.0280000000e+01 -1.7725134100e-01 -3.0919007500e-01 -1.5521249600e-01  1.0088765040e+00  9.4167054900e-01  1.0147473440e+00
    1.0290000000e+01 -1.7465793700e-01 -3.0485854700e-01 -1.5234680600e-01  1.0117516940e+00  9.4244411100e-01  1.0163967250e+00
    1.0300000000e+01 -1.7226566500e-01 -3.0066137300e-01 -1.4960374100e-01  1.0146913710e+00  9.4337485300e-01  1.0181440590e+00
    1.0310000000e+01 -1.7006504800e-01 -2.9660101900e-01 -1.4698190300e-01  1.0176889120e+00  9.4445983700e-01  1.0199881200e+00
    1.0320000000e+01 -1.6804759400e-01 -2.9268119600e-01 -1.4448218400e-01  1.0207425300e+00  9.4569865800e-01  1.0219294990e+00
    1.0330000000e+01 -1.6620733200e-01 -2.8890784500e-01 -1.4210812900e-01  1.0238545100e+00  9.4709278900e-01  1.0239694140e+00
    1.0340000000e+01 -1.6454196000e-01 -2.8528987600e-01 -1.3986581600e-01  1.0270300220e+00  9.4864464700e-01  1.0261085430e+00
    1.0350000000e+01 -1.6305351700e-01 -2.8183957800e-01 -1.3776330100e-01  1.0302756650e+00  9.5035647700e-01  1.0283460660e+00
    1.0360000000e+01 -1.6174853400e-01 -2.7857268700e-01 -1.3580980500e-01  1.0335979270e+00  9.5222911600e-01  1.0306790540e+00
    1.0370000000e+01 -1.6063769200e-01 -2.7550806800e-01 -1.3401478500e-01  1.0370017300e+00  9.5426073600e-01  1.0331022420e+00
    1.0380000000e+01 -1.5973502600e-01 -2.7266697600e-01 -1.3238706200e-01  1.0404892020e+00  9.5644567000e-01  1.0356081560e+00
    1.0390000000e+01 -1.5905680000e-01 -2.7007189900e-01 -1.3093409900e-01  1.0440588260e+00  9.5877348200e-01  1.0381875330e+00
    1.0400000000e+01 -1.5862017100e-01 -2.6774505000e-01 -1.2966149100e-01  1.0477050590e+00  9.6122845100e-01  1.0408299440e+00
    1.0410000000e+01 -1.5844187700e-01 -2.6570670000e-01 -1.2857274200e-01  1.0514185040e+00  9.6378963800e-01  1.0435245480e+00
    1.0420000000e+01 -1.5853716600e-01 -2.6397359600e-01 -1.2766931900e-01  1.0551865750e+00  9.6643159000e-01  1.0462608670e+00
    1.0430000000e+01 -1.5891919400e-01 -2.6255776400e-01 -1.2695101500e-01  1.0589945100e+00  9.6912561700e-01  1.0490294900e+00
    1.0440000000e+01 -1.5959900400e-01 -2.6146592400e-01 -1.2641656200e-01  1.0628264430e+00  9.7184140000e-01  1.0518225620e+00
    1.0450000000e+01 -1.6058604700e-01 -2.6069960400e-01 -1.2606438700e-01  1.0666662560e+00  9.7454862100e-01  1.0546339990e+00
    1.0460000000e+01 -1.6188905700e-01 -2.6025584800e-01 -1.2589338100e-01  1.0704979370e+00  9.7721829000e-01  1.0574593550e+00
    1.0470000000e+01 -1.6351696300e-01 -2.6012829200e-01 -1.2590352800e-01  1.0743053500e+00  9.7982354800e-01  1.0602954120e+00
    1.0480000000e+01 -1.6547954800e-01 -2.6030829500e-01 -1.2609629400e-01  1.0780714630e+00  9.8233988700e-01  1.0631395590e+00
    1.0490000000e+01 -1.6778759600e-01 -2.6078586600e-01 -1.2647473300e-01  1.0817772400e+00  9.8474488300e-01  1.0659891220e+00
    1.0500000000e+01 -1.7045243600e-01 -2.6155020800e-01 -1.2704333000e-01  1.0854004710e+00  9.8701763700e-01  1.0688407410e+00
    1.0510000000e+01 -1.7348491000e-01 -2.6258985100e-01 -1.2780766400e-01  1.0889148490e+00  9.8913815000e-01  1.0716899060e+00
    1.0520000000e+01 -1.7689393400e-01 -2.6389241700e-01 -1.2877397100e-01  1.0922895160e+00  9.9108682200e-01  1.0745306720e+00
    1.0530000000e+01 -1.8068489200e-01 -2.6544415800e-01 -1.2994870400e-01  1.0954892290e+00  9.9284421000e-01  1.0773555590e+00
    1.0540000000e+01 -1.8485816900e-01 -2.6722939200e-01 -1.3133814900e-01  1.0984751430e+00  9.9439109600e-01  1.0801555870e+00
    1.0550000000e+01 -1.8940804800e-01 -2.6922999500e-01 -1.3294813200e-01  1.1012060930e+00  9.9570885600e-01  1.0829204040e+00
    1.0560000000e+01 -1.9432214300e-01 -2.7142506600e-01 -1.3478382300e-01  1.1036401480e+00  9.9678009400e-01  1.0856384390e+00
    1.0570000000e+01 -1.9958140300e-01 -2.7379084700e-01 -1.3684962300e-01  1.1057361920e+00  9.9758942500e-01  1.0882970510e+00
    1.0580000000e+01 -2.0516058400e-01 -2.7630094900e-01 -1.3914911300e-01  1.1074552860e+00  9.9812430500e-01  1.0908826320e+00
    1.0590000000e+01 -2.1102901700e-01 -2.7892686000e-01 -1.4168501300e-01  1.1087616710e+00  9.9837577700e-01  1.0933806500e+00
    1.0600000000e+01 -2.1715147100e-01 -2.8163869200e-01 -1.4445913100e-01  1.1096233940e+00  9.9833903900e-01  1.0957756310e+00
    1.0610000000e+01 -2.2348891100e-01 -2.8440605100e-01 -1.4747224400e-01  1.1100125890e+00  9.9801377100e-01  1.0980511070e+00
    1.0620000000e+01 -2.2999904900e-01 -2.8719894800e-01 -1.5072391100e-01  1.1099055980e+00  9.9740422500e-01  1.1001895630e+00
    1.0630000000e+01 -2.3663666300e-01 -2.8998868700e-01 -1.5421220200e-01  1.1092830570e+00  9.9651910800e-01  1.1021724360e+00
    1.0640000000e+01 -2.4335373800e-01 -2.9274869300e-01 -1.5793339000e-01  1.1081301320e+00  9.9537130900e-01  1.1039801800e+00
    1.0650000000e+01 -2.5009957300e-01 -2.9545529400e-01 -1.6188161800e-01  1.1064369770e+00  9.9397748100e-01  1.1055924280e+00
    1.0660000000e+01 -2.5682099500e-01 -2.9808846300e-01 -1.6604856300e-01  1.1041994510e+00  9.9235747200e-01  1.1069882450e+00
    1.0670000000e+01 -2.6346287000e-01 -3.0063247500e-01 -1.7042312900e-01  1.1014200330e+00  9.9053356900e-01  1.1081464750e+00
    1.0680000000e+01 -2.6996901900e-01 -3.0307643000e-01 -1.7499117700e-01  1.0981087830e+00  9.8852952400e-01  1.1090462060e+00
    1.0690000000e+01 -2.7628358800e-01 -3.0541451000e-01 -1.7973534100e-01  1.0942841650e+00  9.8636938700e-01  1.1096673350e+00
    1.0700000000e+01 -2.8235285200e-01 -3.0764588900e-01 -1.8463498000e-01  1.0899735120e+00  9.8407624200e-01  1.1099912480e+00
    1.0710000000e+01 -2.8812729100e-01 -3.0977422500e-01 -1.8966630300e-01  1.0852129450e+00  9.8167098300e-01  1.1100015540e+00
    1.0720000000e+01 -2.9356373400e-01 -3.1180677800e-01 -1.9480271600e-01  1.0800466240e+00  9.7917130500e-01  1.1096848110e+00
    1.0730000000e+01 -2.9862730500e-01 -3.1375325600e-01 -2.0001536700e-01  1.0745253160e+00  9.7659106400e-01  1.1090311850e+00
    1.0740000000e+01 -3.0329292800e-01 -3.1562455300e-01 -2.0527388100e-01  1.0687043700e+00  9.7394007300e-01  1.1080349570e+00
    1.0750000000e+01 -3.0754618700e-01 -3.1743158100e-01 -2.1054722700e-01  1.0626412800e+00  9.7122433500e-01  1.1066948440e+00
    1.0760000000e+01 -3.1138344400e-01 -3.1918434000e-01 -2.1580465500e-01  1.0563930850e+00  9.6844661400e-01  1.1050140770e+00
    1.0770000000e+01 -3.1481121300e-01 -3.2089133300e-01 -2.2101663200e-01  1.0500138670e+00  9.6560721700e-01  1.1030002460e+00
    1.0780000000e+01 -3.1784487300e-01 -3.2255934100e-01 -2.2615572800e-01  1.0435525780e+00  9.6270479400e-01  1.1006649110e+00
    1.0790000000e+01 -3.2050690000e-01 -3.2419351400e-01 -2.3119736200e-01  1.0370513580e+00  9.5973705400e-01  1.0980229880e+00
    1.0800000000e+01 -3.2282480800e-01 -3.2579768400e-01 -2.3612037800e-01  1.0305444450e+00  9.5670124800e-01  1.0950919750e+00
    1.0810000000e+01 -3.2482899000e-01 -3.2737478100e-01 -2.4090739200e-01  1.0240576650e+00  9.5359440500e-01  1.0918910430e+00
    1.0820000000e+01 -3.2655060200e-01 -3.2892723100e-01 -2.4554487800e-01  1.0176084740e+00  9.5041327500e-01  1.0884400760e+00
    1.0830000000e+01 -3.2801961400e-01 -3.3045720700e-01 -2.5002297700e-01  1.0112064580e+00  9.4715405500e-01  1.0847587370e+00
    1.0840000000e+01 -3.2926308300e-01 -3.3196664700e-01 -2.5433504700e-01  1.0048542560e+00  9.4381194700e-01  1.0808656560e+00
    1.0850000000e+01 -3.3030371800e-01 -3.3345695700e-01 -2.5847702100e-01  9.9854881400e-01  9.4038070900e-01  1.0767778250e+00
    1.0860000000e+01 -3.3115879400e-01 -3.3492841600e-01 -2.6244666700e-01  9.9228295400e-01  9.3685231200e-01  1.0725102480e+00
    1.0870000000e+01 -3.3183950800e-01 -3.3637933200e-01 -2.6624285600e-01  9.8604715200e-01  9.3321688600e-01  1.0680758230e+00
    1.0880000000e+01 -3.3235083000e-01 -3.3780509100e-01 -2.6986490500e-01  9.7983143600e-01  9.2946305400e-01  1.0634854120e+00
    1.0890000000e+01 -3.3269191200e-01 -3.3919727200e-01 -2.7331201300e-01  9.7362724600e-01  9.2557869400e-01  1.0587480270e+00
    1.0900000000e+01 -3.3285700200e-01 -3.4054302800e-01 -2.7658275800e-01  9.6742908300e-01  9.2155210100e-01  1.0538710740e+00
    1.0910000000e+01 -3.3283682100e-01 -3.4182487600e-01 -2.7967462400e-01  9.6123577700e-01  9.1737343400e-01  1.0488606860e+00
    1.0920000000e+01 -3.3262021500e-01 -3.4302100100e-01 -2.8258354300e-01  9.5505126500e-01  9.1303626500e-01  1.0437221840e+00
    1.0930000000e+01 -3.3219592100e-01 -3.4410610600e-01 -2.8530352400e-01  9.4888478800e-01  9.0853905100e-01  1.0384607240e+00
    1.0940000000e+01 -3.3155424200e-01 -3.4505275300e-01 -2.8782647300e-01  9.4275054900e-01  9.0388633000e-01  1.0330821490e+00
    1.0950000000e+01 -3.3068846300e-01 -3.4583309300e-01 -2.9014233400e-01  9.3666689600e-01  8.9908947600e-01  1.0275939570e+00
    1.0960000000e+01 -3.2959589000e-01 -3.4642080600e-01 -2.9223963500e-01  9.3065516100e-01  8.9416689700e-01  1.0220062480e+00
    1.0970000000e+01 -3.2827843800e-01 -3.4679308300e-01 -2.9410641600e-01  9.2473833100e-01  8.8914362800e-01  1.0163324440e+00
    1.0980000000e+01 -3.2674278900e-01 -3.4693242000e-01 -2.9573141800e-01  9.1893968600e-01  8.8405033500e-01  1.0105896090e+00
    1.0990000000e+01 -3.2500014400e-01 -3.4682806500e-01 -2.9710532800e-01  9.1328155100e-01  8.7892181700e-01  1.0047982920e+00
    1.1000000000e+01 -3.2306568500e-01 -3.4647697000e-01 -2.9822186600e-01  9.0778426300e-01  8.7379515100e-01  9.9898192400e-01
    1.1010000000e+01 -3.2095781700e-01 -3.4588418200e-01 -2.9907855000e-01  9.0246539700e-01  8.6870763700e-01  9.9316588900e-01
    1.1020000000e+01 -3.1869731400e-01 -3.4506264500e-01 -2.9967705900e-01  8.9733928900e-01  8.6369474200e-01  9.8737646000e-01
    1.1030000000e+01 -3.1630645500e-01 -3.4403244300e-01 -3.0002321500e-01  8.9241683700e-01  8.5878819200e-01  9.8163977300e-01
    1.1040000000e+01 -3.1380824000e-01 -3.4281956500e-01 -3.0012667000e-01  8.8770555100e-01  8.5401437700e-01  9.7598099700e-01
    1.1050000000e+01 -3.1122574000e-01 -3.4145431700e-01 -3.0000046300e-01  8.8320978500e-01  8.4939318200e-01  9.7042375000e-01
    1.1060000000e+01 -3.0858165000e-01 -3.3996952800e-01 -2.9966056800e-01  8.7893108800e-01  8.4493732500e-01  9.6498977000e-01
    1.1070000000e+01 -3.0589800900e-01 -3.3839870000e-01 -2.9912558200e-01  8.7486856700e-01  8.4065221100e-01  9.5969874800e-01
    1.1080000000e+01 -3.0319609000e-01 -3.3677429200e-01 -2.9841658100e-01  8.7101920300e-01  8.3653628700e-01  9.5456817500e-01
    1.1090000000e+01 -3.0049638900e-01 -3.3512622900e-01 -2.9755711000e-01  8.6737806600e-01  8.3258179400e-01  9.4961307600e-01
    1.1100000000e+01 -2.9781864200e-01 -3.3348074900e-01 -2.9657318400e-01  8.6393839200e-01  8.2877581400e-01  9.4484551500e-01
    1.1110000000e+01 -2.9518178600e-01 -3.3185960500e-01 -2.9549311300e-01  8.6069155200e-01  8.2510149600e-01  9.4027388800e-01
    1.1120000000e+01 -2.9260382600e-01 -3.3027964500e-01 -2.9434702900e-01  8.5762696600e-01  8.2153933400e-01  9.3590209600e-01
    1.1130000000e+01 -2.9010156100e-01 -3.2875272700e-01 -2.9316602000e-01  8.5473202000e-01  8.1806841900e-01  9.3172875200e-01
    1.1140000000e+01 -2.8769021200e-01 -3.2728592900e-01 -2.9198089500e-01  8.5199207900e-01  8.1466756100e-01  9.2774664100e-01
    1.1150000000e+01 -2.8538298900e-01 -3.2588199800e-01 -2.9082068100e-01  8.4939064600e-01  8.1131623000e-01  9.2394256200e-01
    1.1160000000e+01 -2.8319069800e-01 -3.2453994600e-01 -2.8971102000e-01  8.4690967500e-01  8.0799525800e-01  9.2029769100e-01
    1.1170000000e+01 -2.8112143700e-01 -3.2325569300e-01 -2.8867265600e-01  8.4453001500e-01  8.0468730300e-01  9.1678846800e-01
    1.1180000000e+01 -2.7918043400e-01 -3.2202267800e-01 -2.8772021000e-01  8.4223191300e-01  8.0137709400e-01  9.1338799900e-01
    1.1190000000e+01 -2.7737001300e-01 -3.2083236100e-01 -2.8686142900e-01  8.3999553300e-01  7.9805153500e-01  9.1006784200e-01
    1.1200000000e+01 -2.7568967000e-01 -3.1967460100e-01 -2.8609704700e-01  8.3780144700e-01  7.9469976600e-01  9.0680000300e-01
    1.1210000000e+01 -2.7413622600e-01 -3.1853796100e-01 -2.8542132300e-01  8.3563107800e-01  7.9131325800e-01  9.0355891200e-01
    1.1220000000e+01 -2.7270406300e-01 -3.1741002100e-01 -2.8482321900e-01  8.3346712200e-01  7.8788597800e-01  9.0032310900e-01
    1.1230000000e+01 -2.7138541900e-01 -3.1627779500e-01 -2.8428806800e-01  8.3129391500e-01  7.8441458300e-01  8.9707641100e-01
    1.1240000000e+01 -2.7017078400e-01 -3.1512829100e-01 -2.8379950300e-01  8.2909774000e-01  7.8089856700e-01  8.9380842200e-01
    1.1250000000e+01 -2.6904935900e-01 -3.1394920300e-01 -2.8334136300e-01  8.2686703400e-01  7.7734021900e-01  8.9051433800e-01
    1.1260000000e+01 -2.6800955600e-01 -3.1272962500e-01 -2.8289932300e-01  8.2459244800e-01  7.7374433200e-01  8.8719413400e-01
    1.1270000000e+01 -2.6703947700e-01 -3.1146064200e-01 -2.8246205700e-01  8.2226675900e-01  7.7011763300e-01  8.8385132100e-01
    1.1280000000e+01 -2.6612729800e-01 -3.1013568100e-01 -2.8202183600e-01  8.1988463500e-01  7.6646801100e-01  8.8049147000e-01
    1.1290000000e+01 -2.6526150100e-01 -3.0875051400e-01 -2.8157457300e-01  8.1744231900e-01  7.6280367400e-01  8.7712075100e-01
    1.1300000000e+01 -2.6443094100e-01 -3.0730293600e-01 -2.8111937500e-01  8.1493732000e-01  7.5913242100e-01  8.7374466500e-01
    1.1310000000e+01 -2.6362476800e-01 -3.0579218800e-01 -2.8065774400e-01  8.1236818800e-01  7.5546113600e-01  8.7036710200e-01
    1.1320000000e+01 -2.6283227900e-01 -3.0421828100e-01 -2.8019260200e-01  8.0973443400e-01  7.5179562800e-01  8.6698980500e-01
    1.1330000000e+01 -2.6204280900e-01 -3.0258137400e-01 -2.7972726400e-01  8.0703661300e-01  7.4814078400e-01  8.6361223600e-01
    1.1340000000e+01 -2.6124572200e-01 -3.0088135800e-01 -2.7926453300e-01  8.0427650700e-01  7.4450098600e-01  8.6023180800e-01
    1.1350000000e+01 -2.6043055800e-01 -2.9911772000e-01 -2.7880600600e-01  8.0145734400e-01  7.4088064300e-01  8.5684439100e-01
    1.1360000000e+01 -2.5958733900e-01 -2.9728971700e-01 -2.7835165800e-01  7.9858394400e-01  7.3728469800e-01  8.5344498600e-01
    1.1370000000e+01 -2.5870695100e-01 -2.9539678900e-01 -2.7789973800e-01  7.9566273800e-01  7.3371897100e-01  8.5002844400e-01
    1.1380000000e+01 -2.5778155200e-01 -2.9343911100e-01 -2.7744694000e-01  7.9270162100e-01  7.3019024200e-01  8.4659010800e-01
    1.1390000000e+01 -2.5680490800e-01 -2.9141814200e-01 -2.7698879300e-01  7.8970966300e-01  7.2670606300e-01  8.4312628200e-01
    1.1400000000e+01 -2.5577262000e-01 -2.8933706200e-01 -2.7652015900e-01  7.8669672100e-01  7.2327431000e-01  8.3963446000e-01
    1.1410000000e+01 -2.5468221100e-01 -2.8720097800e-01 -2.7603571900e-01  7.8367302600e-01  7.1990257200e-01  8.3611331500e-01
    1.1420000000e+01 -2.5353310600e-01 -2.8501689400e-01 -2.7553035400e-01  7.8064878100e-01  7.1659748200e-01  8.3256247900e-01
    1.1430000000e+01 -2.5232653000e-01 -2.8279340900e-01 -2.7499933200e-01  7.7763381800e-01  7.1336408500e-01  8.2898222300e-01
    1.1440000000e+01 -2.5106535500e-01 -2.8054020900e-01 -2.7443830800e-01  7.7463730500e-01  7.1020533400e-01  8.2537311700e-01
    1.1450000000e+01 -2.4975392900e-01 -2.7826739300e-01 -2.7384314500e-01  7.7166749100e-01  7.0712177800e-01  8.2173577300e-01
    1.1460000000e+01 -2.4839788300e-01 -2.7598470300e-01 -2.7320962600e-01  7.6873147500e-01  7.0411149400e-01  8.1807072800e-01
    1.1470000000e+01 -2.4700389600e-01 -2.7370074000e-01 -2.7253313300e-01  7.6583497900e-01  7.0117028100e-01  8.1437851500e-01
    1.1480000000e+01 -2.4557939800e-01 -2.7142227400e-01 -2.7180838000e-01  7.6298215100e-01  6.9829215000e-01  8.1065990200e-01
    1.1490000000e+01 -2.4413219100e-01 -2.6915375300e-01 -2.7102926700e-01  7.6017542800e-01  6.9547005300e-01  8.0691627700e-01
    1.1500000000e+01 -2.4267001800e-01 -2.6689712200e-01 -2.7018892700e-01  7.5741550100e-01  6.9269677600e-01  8.0315010800e-01
    1.1510000000e+01 -2.4120010900e-01 -2.6465201200e-01 -2.6927997200e-01  7.5470142900e-01  6.8996584500e-01  7.9936539000e-01
    1.1520000000e+01 -2.3972878200e-01 -2.6241628100e-01 -2.6829493000e-01  7.5203090800e-01  6.8727228200e-01  7.9556800000e-01
    1.1530000000e+01 -2.3826115600e-01 -2.6018681300e-01 -2.6722681600e-01  7.4940066000e-01  6.8461306700e-01  7.9176587700e-01
    1.1540000000e+01 -2.3680103400e-01 -2.5796041700e-01 -2.6606977300e-01  7.4680689800e-01  6.8198721300e-01  7.8796900200e-01
    1.1550000000e+01 -2.3535097200e-01 -2.5573463800e-01 -2.6481968300e-01  7.4424579200e-01  6.7939545900e-01  7.8418915600e-01
    1.1560000000e+01 -2.3391251500e-01 -2.5350833300e-01 -2.6347468400e-01  7.4171383200e-01  6.7683967000e-01  7.8043948200e-01
    1.1570000000e+01 -2.3248655100e-01 -2.5128191100e-01 -2.6203553600e-01  7.3920804500e-01  6.7432207900e-01  7.7673391500e-01
    1.1580000000e+01 -2.3107368800e-01 -2.4905721500e-01 -2.6050579200e-01  7.3672600900e-01  6.7184454200e-01  7.7308652300e-01
    1.1590000000e+01 -2.2967456100e-01 -2.4683710700e-01 -2.5889177400e-01  7.3426568700e-01  6.6940795000e-01  7.6951085200e-01
    1.1600000000e+01 -2.2828996900e-01 -2.4462485700e-01 -2.5720237500e-01  7.3182512100e-01  6.6701190300e-01  7.6601932300e-01
    1.1610000000e+01 -2.2692080400e-01 -2.4242346900e-01 -2.5544873000e-01  7.2940211900e-01  6.6465470300e-01  7.6262274600e-01
    1.1620000000e+01 -2.2556776900e-01 -2.4023509800e-01 -2.5364380800e-01  7.2699403500e-01  6.6233362900e-01  7.5932995500e-01
    1.1630000000e+01 -2.2423098500e-01 -2.3806064900e-01 -2.5180200500e-01  7.2459775800e-01  6.6004544400e-01  7.5614758100e-01
    1.1640000000e+01 -2.2290959100e-01 -2.3589963700e-01 -2.4993874400e-01  7.2220996000e-01  6.5778701800e-01  7.5307991000e-01
    1.1650000000e+01 -2.2160150800e-01 -2.3375031800e-01 -2.4807013500e-01  7.1982757800e-01  6.5555594900e-01  7.5012878800e-01
    1.1660000000e+01 -2.2030345400e-01 -2.3161006900e-01 -2.4621264700e-01  7.1744842200e-01  6.5335109100e-01  7.4729353800e-01
    1.1670000000e+01 -2.1901127600e-01 -2.2947595200e-01 -2.4438278100e-01  7.1507178500e-01  6.5117289500e-01  7.4457086200e-01
    1.1680000000e+01 -2.1772056400e-01 -2.2734538800e-01 -2.4259669400e-01  7.1269888600e-01  6.4902351400e-01  7.4195474600e-01
    1.1690000000e+01 -2.1642746100e-01 -2.2521684800e-01 -2.4086973900e-01  7.1033304100e-01  6.4690664600e-01  7.3943638300e-01
    1.1700000000e+01 -2.1512954700e-01 -2.2309046400e-01 -2.3921592900e-01  7.0797948900e-01  6.4482710800e-01  7.3700418000e-01
    1.1710000000e+01 -2.1382663300e-01 -2.2096845300e-01 -2.3764732500e-01  7.0564484700e-01  6.4279019400e-01  7.3464388300e-01
    1.1720000000e+01 -2.1252133300e-01 -2.1885528400e-01 -2.3617338400e-01  7.0333626700e-01  6.4080089200e-01  7.3233887700e-01
    1.1730000000e+01 -2.1121929900e-01 -2.1675754200e-01 -2.3480034800e-01  7.0106036400e-01  6.3886307200e-01  7.3007069900e-01
    1.1740000000e+01 -2.0992902300e-01 -2.1468350100e-01 -2.3353073000e-01  6.9882208400e-01  6.3697877700e-01  7.2781974900e-01
    1.1750000000e+01 -2.0866121500e-01 -2.1264247100e-01 -2.3236300500e-01  6.9662367900e-01  6.3514770200e-01  7.2556619600e-01
    1.1760000000e+01 -2.0742780600e-01 -2.1064401400e-01 -2.3129156700e-01  6.9446396200e-01  6.3336694700e-01  7.2329098700e-01
    1.1770000000e+01 -2.0624072200e-01 -2.0869715000e-01 -2.3030700100e-01  6.9233798200e-01  6.3163104600e-01  7.2097687900e-01
    1.1780000000e+01 -2.0511061300e-01 -2.0680964300e-01 -2.2939667000e-01  6.9023718600e-01  6.2993224800e-01  7.1860936000e-01
    1.1790000000e+01 -2.0404575700e-01 -2.0498745100e-01 -2.2854557900e-01  6.8815004100e-01  6.2826098300e-01  7.1617735300e-01
    1.1800000000e+01 -2.0305130100e-01 -2.0323436000e-01 -2.2773740500e-01  6.8606300100e-01  6.2660642800e-01  7.1367361500e-01
    1.1810000000e+01 -2.0212895600e-01 -2.0155182000e-01 -2.2695557100e-01  6.8396163100e-01  6.2495711300e-01  7.1109477900e-01
    1.1820000000e+01 -2.0127713900e-01 -1.9993893700e-01 -2.2618423500e-01  6.8183166500e-01  6.2330148500e-01  7.0844107300e-01
    1.1830000000e+01 -2.0049146200e-01 -1.9839260600e-01 -2.2540909600e-01  6.7965983000e-01  6.2162841600e-01  7.0571577800e-01
    1.1840000000e+01 -1.9976540400e-01 -1.9690771600e-01 -2.2461794600e-01  6.7743431000e-01  6.1992763000e-01  7.0292452900e-01
    1.1850000000e+01 -1.9909094800e-01 -1.9547743100e-01 -2.2380096700e-01  6.7514486700e-01  6.1819004400e-01  7.0007455200e-01
    1.1860000000e+01 -1.9845904700e-01 -1.9409350200e-01 -2.2295080100e-01  6.7278271000e-01  6.1640803300e-01  6.9717392400e-01
    1.1870000000e+01 -1.9785984200e-01 -1.9274660000e-01 -2.2206241900e-01  6.7034026800e-01  6.1457562100e-01  6.9423090200e-01
    1.1880000000e+01 -1.9728264600e-01 -1.9142667100e-01 -2.2113284000e-01  6.6781102900e-01  6.1268860000e-01  6.9125337100e-01
    1.1890000000e+01 -1.9671580400e-01 -1.9012328300e-01 -2.2016074600e-01  6.6518954500e-01  6.1074458400e-01  6.8824842100e-01
    1.1900000000e+01 -1.9614656000e-01 -1.8882597200e-01 -2.1914601800e-01  6.6247164800e-01  6.0874299200e-01  6.8522208000e-01
    1.1910000000e+01 -1.9556103600e-01 -1.8752456200e-01 -2.1808926100e-01  6.5965482900e-01  6.0668496600e-01  6.8217921600e-01
    1.1920000000e+01 -1.9494442400e-01 -1.8620945900e-01 -2.1699135400e-01  6.5673870400e-01  6.0457323700e-01  6.7912359000e-01
    1.1930000000e+01 -1.9428140400e-01 -1.8487188500e-01 -2.1585310000e-01  6.5372545200e-01  6.0241194100e-01  6.7605805200e-01
    1.1940000000e+01 -1.9355678100e-01 -1.8350408100e-01 -2.1467499300e-01  6.5062011500e-01  6.0020640600e-01  6.7298481900e-01
    1.1950000000e+01 -1.9275625500e-01 -1.8209943700e-01 -2.1345714000e-01  6.4743066100e-01  5.9796292400e-01  6.6990578300e-01
    1.1960000000e+01 -1.9186723500e-01 -1.8065259100e-01 -2.1219932000e-01  6.4416776200e-01  5.9568852000e-01  6.6682277500e-01
    1.1970000000e+01 -1.9087956600e-01 -1.7915949400e-01 -2.1090113800e-01  6.4084428600e-01  5.9339073600e-01  6.6373774100e-01
    1.1980000000e+01 -1.8978604400e-01 -1.7761745400e-01 -2.0956222400e-01  6.3747452800e-01  5.9107739500e-01  6.6065278800e-01
    1.1990000000e+01 -1.8858264700e-01 -1.7602515700e-01 -2.0818240500e-01  6.3407330900e-01  5.8875635800e-01  6.5757011700e-01
    1.2000000000e+01 -1.8726842600e-01 -1.7438264600e-01 -2.0676179200e-01  6.3065504800e-01  5.8643525400e-01  6.5449186000e-01
    1.2010000000e+01 -1.8584508500e-01 -1.7269122800e-01 -2.0530075700e-01  6.2723294500e-01  5.8412118700e-01  6.5141988300e-01
    1.2020000000e+01 -1.8431631900e-01 -1.7095329000e-01 -2.0379978300e-01  6.2381839800e-01  5.8182045400e-01  6.4835561700e-01
    1.2030000000e+01 -1.8268702700e-01 -1.6917201700e-01 -2.0225922400e-01  6.2042070700e-01  5.7953831900e-01  6.4529997800e-01
    1.2040000000e+01 -1.8096251900e-01 -1.6735102700e-01 -2.0067901300e-01  6.1704709600e-01  5.7727888700e-01  6.4225341200e-01
    1.2050000000e+01 -1.7914785000e-01 -1.6549397500e-01 -1.9905838900e-01  6.1370300700e-01  5.7504512400e-01  6.3921608800e-01
    1.2060000000e+01 -1.7724736200e-01 -1.6360419300e-01 -1.9739571700e-01  6.1039257700e-01  5.7283902200e-01  6.3618823200e-01
    1.2070000000e+01 -1.7526447300e-01 -1.6168442500e-01 -1.9568844900e-01  6.0711919500e-01  5.7066189200e-01  6.3317054500e-01
    1.2080000000e+01 -1.7320169900e-01 -1.5973669700e-01 -1.9393328500e-01  6.0388603400e-01  5.6851473500e-01  6.3016462800e-01
    1.2090000000e+01 -1.7106086000e-01 -1.5776236400e-01 -1.9212650900e-01  6.0069646400e-01  5.6639862800e-01  6.2717334900e-01
    1.2100000000e+01 -1.6884338900e-01 -1.5576231100e-01 -1.9026446600e-01  5.9755431500e-01  5.6431504000e-01  6.2420104900e-01
    1.2110000000e+01 -1.6655067300e-01 -1.5373726500e-01 -1.8834411600e-01  5.9446398700e-01  5.6226603800e-01  6.2125355200e-01
    1.2120000000e+01 -1.6418435900e-01 -1.5168816600e-01 -1.8636354900e-01  5.9143042000e-01  5.6025432100e-01  6.1833796000e-01
    1.2130000000e+01 -1.6174662100e-01 -1.4961652000e-01 -1.8432241600e-01  5.8845897300e-01  5.5828308700e-01  6.1546226600e-01
    1.2140000000e+01 -1.5924033100e-01 -1.4752465200e-01 -1.8222218300e-01  5.8555522900e-01  5.5635575900e-01  6.1263483700e-01
    1.2150000000e+01 -1.5666916900e-01 -1.4541581000e-01 -1.8006618500e-01  5.8272476200e-01  5.5447561100e-01  6.0986382700e-01
    1.2160000000e+01 -1.5403763100e-01 -1.4329409700e-01 -1.7785947400e-01  5.7997288100e-01  5.5264539000e-01  6.0715661400e-01
    1.2170000000e+01 -1.5135094600e-01 -1.4116422900e-01 -1.7560845700e-01  5.7730439500e-01  5.5086700700e-01  6.0451933200e-01
    1.2180000000e+01 -1.4861492300e-01 -1.3903119300e-01 -1.7332041000e-01  5.7472342200e-01  5.4914135800e-01  6.0195658600e-01
    1.2190000000e+01 -1.4583572500e-01 -1.3689986100e-01 -1.7100292700e-01  5.7223326300e-01  5.4746832600e-01  5.9947137500e-01
    1.2200000000e+01 -1.4301963300e-01 -1.3477465600e-01 -1.6866341900e-01  5.6983637200e-01  5.4584694400e-01  5.9706523900e-01
    1.2210000000e+01 -1.4017279800e-01 -1.3265932600e-01 -1.6630875200e-01  5.6753440800e-01  5.4427567500e-01  5.9473856900e-01
    1.2220000000e+01 -1.3730103400e-01 -1.3055687800e-01 -1.6394507200e-01  5.6532837100e-01  5.4275274500e-01  5.9249100200e-01
    1.2230000000e+01 -1.3440965700e-01 -1.2846964400e-01 -1.6157781100e-01  5.6321881400e-01  5.4127645900e-01  5.9032178600e-01
    1.2240000000e+01 -1.3150341600e-01 -1.2639947400e-01 -1.5921183900e-01  5.6120612400e-01  5.3984543800e-01  5.8823006400e-01
    1.2250000000e+01 -1.2858654800e-01 -1.2434798700e-01 -1.5685166900e-01  5.5929083000e-01  5.3845875300e-01  5.8621501600e-01
    1.2260000000e+01 -1.2566297200e-01 -1.2231684900e-01 -1.5450166500e-01  5.5747390100e-01  5.3711595000e-01  5.8427588100e-01
    1.2270000000e+01 -1.2273664800e-01 -1.2030803500e-01 -1.5216617500e-01  5.5575693900e-01  5.3581696500e-01  5.8241190600e-01
    1.2280000000e+01 -1.1981202100e-01 -1.1832404100e-01 -1.4984960300e-01  5.5414220200e-01  5.3456195300e-01  5.8062225500e-01
    1.2290000000e+01 -1.1689448300e-01 -1.1636803700e-01 -1.4755642200e-01  5.5263239000e-01  5.3335103700e-01  5.7890595600e-01
    1.2300000000e+01 -1.1399072300e-01 -1.1444391500e-01 -1.4529117900e-01  5.5123022300e-01  5.3218400100e-01  5.7726187900e-01
    1.2310000000e+01 -1.1110885800e-01 -1.1255622000e-01 -1.4305853100e-01  5.4993784700e-01  5.3105996300e-01  5.7568872600e-01
    1.2320000000e+01 -1.0825829900e-01 -1.1070996500e-01 -1.4086332400e-01  5.4875620500e-01  5.2997707500e-01  5.7418501800e-01
    1.2330000000e+01 -1.0544932800e-01 -1.0891031400e-01 -1.3871069400e-01  5.4768450000e-01  5.2893228700e-01  5.7274900700e-01
    1.2340000000e+01 -1.0269247800e-01 -1.0716219400e-01 -1.3660615600e-01  5.4671986500e-01  5.2792123500e-01  5.7137850000e-01
    1.2350000000e+01 -9.9997814000e-02 -1.0546985100e-01 -1.3455560100e-01  5.4585731700e-01  5.2693827000e-01  5.7007061500e-01
    1.2360000000e+01 -9.7374250000e-02 -1.0383644100e-01 -1.3256518400e-01  5.4509000600e-01  5.2597665300e-01  5.6882149800e-01
    1.2370000000e+01 -9.4829034000e-02 -1.0226368700e-01 -1.3064105900e-01  5.4440970600e-01  5.2502889600e-01  5.6762607700e-01
    1.2380000000e+01 -9.2367472000e-02 -1.0075168600e-01 -1.2878901300e-01  5.4380745500e-01  5.2408720700e-01  5.6647791700e-01
    1.2390000000e+01 -8.9992923000e-02 -9.9298889000e-02 -1.2701402800e-01  5.4327423300e-01  5.2314398700e-01  5.6536921700e-01
    1.2400000000e+01 -8.7707056000e-02 -9.7902258000e-02 -1.2531983600e-01  5.4280153700e-01  5.2219227900e-01  5.6429095400e-01
    1.2410000000e+01 -8.5510271000e-02 -9.6557563000e-02 -1.2370852500e-01  5.4238179000e-01  5.2122612200e-01  5.6323319300e-01
    1.2420000000e+01 -8.3402203000e-02 -9.5259753000e-02 -1.2218022800e-01  5.4200852900e-01  5.2024074100e-01  5.6218552200e-01
    1.2430000000e+01 -8.1382210000e-02 -9.4003309000e-02 -1.2073295900e-01  5.4167638900e-01  5.1923259800e-01  5.6113761300e-01
    1.2440000000e+01 -7.9449755000e-02 -9.2782548000e-02 -1.1936263600e-01  5.4138092200e-01  5.1819934800e-01  5.6007984200e-01
    1.2450000000e+01 -7.7604683000e-02 -9.1591838000e-02 -1.1806334400e-01  5.4111832500e-01  5.1713973500e-01  5.5900392000e-01
    1.2460000000e+01 -7.5847348000e-02 -9.0425778000e-02 -1.1682782400e-01  5.4088513100e-01  5.1605349900e-01  5.5790339800e-01
    1.2470000000e+01 -7.4178645000e-02 -8.9279342000e-02 -1.1564815800e-01  5.4067789200e-01  5.1494127200e-01  5.5677397500e-01
    1.2480000000e+01 -7.2599926000e-02 -8.8148033000e-02 -1.1451652500e-01  5.4049289900e-01  5.1380445600e-01  5.5561349100e-01
    1.2490000000e+01 -7.1112838000e-02 -8.7028011000e-02 -1.1342587800e-01  5.4032593300e-01  5.1264506000e-01  5.5442162600e-01
    1.2500000000e+01 -6.9719075000e-02 -8.5916165000e-02 -1.1237042100e-01  5.4017210100e-01  5.1146547700e-01  5.5319934100e-01
    1.2510000000e+01 -6.8420071000e-02 -8.4810096000e-02 -1.1134577400e-01  5.4002575400e-01  5.1026825900e-01  5.5194822700e-01
    1.2520000000e+01 -6.7216666000e-02 -8.3707994000e-02 -1.1034884900e-01  5.3988054600e-01  5.0905592400e-01  5.5066989300e-01
    1.2530000000e+01 -6.6108807000e-02 -8.2608459000e-02 -1.0937749200e-01  5.3972963100e-01  5.0783087000e-01  5.4936552600e-01
    1.2540000000e+01 -6.5095340000e-02 -8.1510321000e-02 -1.0843003600e-01  5.3956598200e-01  5.0659539500e-01  5.4803569900e-01
    1.2550000000e+01 -6.4173962000e-02 -8.0412537000e-02 -1.0750485600e-01  5.3938278900e-01  5.0535183200e-01  5.4668040600e-01
    1.2560000000e+01 -6.3341339000e-02 -7.9314195000e-02 -1.0660005900e-01  5.3917384900e-01  5.0410271400e-01  5.4529928200e-01
    1.2570000000e+01 -6.2593392000e-02 -7.8214653000e-02 -1.0571333200e-01  5.3893388300e-01  5.0285090800e-01  5.4389190900e-01
    1.2580000000e+01 -6.1925692000e-02 -7.7113752000e-02 -1.0484196600e-01  5.3865869300e-01  5.0159965600e-01  5.4245813600e-01
    1.2590000000e+01 -6.1333884000e-02 -7.6012062000e-02 -1.0398302800e-01  5.3834514200e-01  5.0035248200e-01  5.4099832600e-01
    1.2600000000e+01 -6.0814057000e-02 -7.4911071000e-02 -1.0313363200e-01  5.3799095300e-01  4.9911298100e-01  5.3951348000e-01
    1.2610000000e+01 -6.0362983000e-02 -7.3813287000e-02 -1.0229123000e-01  5.3759437400e-01  4.9788451300e-01  5.3800521800e-01
    1.2620000000e+01 -5.9978195000e-02 -7.2722200000e-02 -1.0145386700e-01  5.3715379400e-01  4.9666986300e-01  5.3647561200e-01
    1.2630000000e+01 -5.9657895000e-02 -7.1642116000e-02 -1.0062032500e-01  5.3666735900e-01  4.9547092700e-01  5.3492693100e-01
    1.2640000000e+01 -5.9400719000e-02 -7.0577887000e-02 -9.9790125000e-02  5.3613269000e-01  4.9428847300e-01  5.3336134400e-01
    1.2650000000e+01 -5.9205428000e-02 -6.9534563000e-02 -9.8963411000e-02  5.3554670100e-01  4.9312200300e-01  5.3178066200e-01
    1.2660000000e+01 -5.9070551000e-02 -6.8517030000e-02 -9.8140739000e-02  5.3490556200e-01  4.9196975100e-01  5.3018618100e-01
    1.2670000000e+01 -5.8994045000e-02 -6.7529674000e-02 -9.7322841000e-02  5.3420479600e-01  4.9082878500e-01  5.2857863200e-01
    1.2680000000e+01 -5.8973010000e-02 -6.6576100000e-02 -9.6510432000e-02  5.3343949200e-01  4.8969520900e-01  5.2695822700e-01
    1.2690000000e+01 -5.9003509000e-02 -6.5658940000e-02 -9.5704075000e-02  5.3260461600e-01  4.8856442000e-01  5.2532476400e-01
    1.2700000000e+01 -5.9080508000e-02 -6.4779750000e-02 -9.4904120000e-02  5.3169537400e-01  4.8743140300e-01  5.2367773100e-01
    1.2710000000e+01 -5.9197968000e-02 -6.3938989000e-02 -9.4110687000e-02  5.3070756100e-01  4.8629101500e-01  5.2201638400e-01
    1.2720000000e+01 -5.9349065000e-02 -6.3136080000e-02 -9.3323657000e-02  5.2963785000e-01  4.8513825600e-01  5.2033979300e-01
    1.2730000000e+01 -5.9526482000e-02 -6.2369527000e-02 -9.2542642000e-02  5.2848394700e-01  4.8396849000e-01  5.1864685500e-01
    1.2740000000e+01 -5.9722719000e-02 -6.1637079000e-02 -9.1766923000e-02  5.2724462400e-01  4.8277762600e-01  5.1693632400e-01
    1.2750000000e+01 -5.9930345000e-02 -6.0935922000e-02 -9.0995358000e-02  5.2591962800e-01  4.8156224100e-01  5.1520687200e-01
    1.2760000000e+01 -6.0142160000e-02 -6.0262891000e-02 -9.0226309000e-02  5.2450953300e-01  4.8031965200e-01  5.1345721700e-01
    1.2770000000e+01 -6.0351257000e-02 -5.9614690000e-02 -8.9457609000e-02  5.2301559000e-01  4.7904792000e-01  5.1168630500e-01
    1.2780000000e+01 -6.0551023000e-02 -5.8988098000e-02 -8.8686617000e-02  5.2143962000e-01  4.7774579800e-01  5.0989351500e-01
    1.2790000000e+01 -6.0735114000e-02 -5.8380156000e-02 -8.7910369000e-02  5.1978397400e-01  4.7641261900e-01  5.0807884400e-01
    1.2800000000e+01 -6.0897464000e-02 -5.7788304000e-02 -8.7125819000e-02  5.1805154500e-01  4.7504811900e-01  5.0624301700e-01
    1.2810000000e+01 -6.1032341000e-02 -5.7210451000e-02 -8.6330100000e-02  5.1624578500e-01  4.7365222300e-01  5.0438748500e-01
    1.2820000000e+01 -6.1134452000e-02 -5.6644960000e-02 -8.5520774000e-02  5.1437070700e-01  4.7222481100e-01  5.0251428900e-01
    1.2830000000e+01 -6.1199065000e-02 -5.6090531000e-02 -8.4695977000e-02  5.1243082100e-01  4.7076550200e-01  5.0062584800e-01
    1.2840000000e+01 -6.1222119000e-02 -5.5546000000e-02 -8.3854453000e-02  5.1043101000e-01  4.6927348900e-01  4.9872469900e-01
    1.2850000000e+01 -6.1200274000e-02 -5.5010071000e-02 -8.2995453000e-02  5.0837635800e-01  4.6774747900e-01  4.9681327900e-01
    1.2860000000e+01 -6.1130882000e-02 -5.4481024000e-02 -8.2118560000e-02  5.0627195700e-01  4.6618574400e-01  4.9489380200e-01
    1.2870000000e+01 -6.1011879000e-02 -5.3956456000e-02 -8.1223499000e-02  5.0412275300e-01  4.6458631700e-01  4.9296825600e-01
    1.2880000000e+01 -6.0841613000e-02 -5.3433119000e-02 -8.0309993000e-02  5.0193344900e-01  4.6294728900e-01  4.9103849100e-01
    1.2890000000e+01 -6.0618655000e-02 -5.2906891000e-02 -7.9377718000e-02  4.9970851700e-01  4.6126717100e-01  4.8910636900e-01
    1.2900000000e+01 -6.0341641000e-02 -5.2372907000e-02 -7.8426339000e-02  4.9745230200e-01  4.5954525600e-01  4.8717388900e-01
    1.2910000000e+01 -6.0009200000e-02 -5.1825833000e-02 -7.7455625000e-02  4.9516919900e-01  4.5778190200e-01  4.8524327200e-01
    1.2920000000e+01 -5.9619991000e-02 -5.1260229000e-02 -7.6465578000e-02  4.9286385000e-01  4.5597868800e-01  4.8331696400e-01
    1.2930000000e+01 -5.9172852000e-02 -5.0670944000e-02 -7.5456541000e-02  4.9054131300e-01  4.5413842200e-01  4.8139757000e-01
    1.2940000000e+01 -5.8667040000e-02 -5.0053472000e-02 -7.4429267000e-02  4.8820712200e-01  4.5226501300e-01  4.7948775800e-01
    1.2950000000e+01 -5.8102497000e-02 -4.9404236000e-02 -7.3384929000e-02  4.8586723600e-01  4.5036324200e-01  4.7759014500e-01
    1.2960000000e+01 -5.7480078000e-02 -4.8720775000e-02 -7.2325088000e-02  4.8352784200e-01  4.4843847200e-01  4.7570720600e-01
    1.2970000000e+01 -5.6801678000e-02 -4.8001843000e-02 -7.1251637000e-02  4.8119506200e-01  4.4649633800e-01  4.7384121400e-01
    1.2980000000e+01 -5.6070227000e-02 -4.7247425000e-02 -7.0166751000e-02  4.7887461900e-01  4.4454243000e-01  4.7199421900e-01
    1.2990000000e+01 -5.5289525000e-02 -4.6458671000e-02 -6.9072836000e-02  4.7657152500e-01  4.4258198100e-01  4.7016804900e-01
    1.3000000000e+01 -5.4463976000e-02 -4.5637766000e-02 -6.7972533000e-02  4.7428987600e-01  4.4061958400e-01  4.6836433800e-01
    1.3010000000e+01 -5.3598255000e-02 -4.4787710000e-02 -6.6868738000e-02  4.7203277800e-01  4.3865894400e-01  4.6658454100e-01
    1.3020000000e+01 -5.2697007000e-02 -4.3912047000e-02 -6.5764689000e-02  4.6980242000e-01  4.3670269000e-01  4.6482992400e-01
    1.3030000000e+01 -5.1764626000e-02 -4.3014533000e-02 -6.4664058000e-02  4.6760026300e-01  4.3475227600e-01  4.6310148400e-01
    1.3040000000e+01 -5.0805164000e-02 -4.2098788000e-02 -6.3571051000e-02  4.6542727500e-01  4.3280796500e-01  4.6139978700e-01
    1.3050000000e+01 -4.9822365000e-02 -4.1167944000e-02 -6.2490421000e-02  4.6328414300e-01  4.3086892500e-01  4.5972470700e-01
    1.3060000000e+01 -4.8819797000e-02 -4.0224321000e-02 -6.1427372000e-02  4.6117140000e-01  4.2893342000e-01  4.5807510700e-01
    1.3070000000e+01 -4.7801001000e-02 -3.9269159000e-02 -6.0387273000e-02  4.5908943300e-01  4.2699910200e-01  4.5644852600e-01
    1.3080000000e+01 -4.6769584000e-02 -3.8302441000e-02 -5.9375206000e-02  4.5703838200e-01  4.2506339300e-01  4.5484097200e-01
    1.3090000000e+01 -4.5729224000e-02 -3.7322832000e-02 -5.8395386000e-02  4.5501799200e-01  4.2312392400e-01  4.5324691200e-01
    1.3100000000e+01 -4.4683537000e-02 -3.6327775000e-02 -5.7450562000e-02  4.5302748200e-01  4.2117900200e-01  4.5165952100e-01
    1.3110000000e+01 -4.3635879000e-02 -3.5313737000e-02 -5.6541529000e-02  4.5106551300e-01  4.1922804000e-01  4.5007119300e-01
    1.3120000000e+01 -4.2589125000e-02 -3.4276611000e-02 -5.5666858000e-02  4.4913026900e-01  4.1727190300e-01  4.4847425000e-01
    1.3130000000e+01 -4.1545506000e-02 -3.3212221000e-02 -5.4822935000e-02  4.4721967400e-01  4.1531311400e-01  4.4686173500e-01
    1.3140000000e+01 -4.0506573000e-02 -3.2116897000e-02 -5.4004311000e-02  4.4533166600e-01  4.1335588300e-01  4.4522814500e-01
    1.3150000000e+01 -3.9473297000e-02 -3.0988050000e-02 -5.3204318000e-02  4.4346446600e-01  4.1140595100e-01  4.4356997800e-01
    1.3160000000e+01 -3.8446283000e-02 -2.9824684000e-02 -5.2415853000e-02  4.4161678400e-01  4.0947024300e-01  4.4188599700e-01
    1.3170000000e+01 -3.7426059000e-02 -2.8627797000e-02 -5.1632173000e-02  4.3978790100e-01  4.0755636000e-01  4.4017716900e-01
    1.3180000000e+01 -3.6413362000e-02 -2.7400600000e-02 -5.0847590000e-02  4.3797761800e-01  4.0567194800e-01  4.3844631600e-01
    1.3190000000e+01 -3.5409386000e-02 -2.6148540000e-02 -5.0057951000e-02  4.3618610000e-01  4.0382400600e-01  4.3669755400e-01
    1.3200000000e+01 -3.4415942000e-02 -2.4879091000e-02 -4.9260835000e-02  4.3441364000e-01  4.0201820700e-01  4.3493563200e-01
    1.3210000000e+01 -3.3435527000e-02 -2.3601343000e-02 -4.8455497000e-02  4.3266037200e-01  4.0025829500e-01  4.3316531800e-01
    1.3220000000e+01 -3.2471295000e-02 -2.2325407000e-02 -4.7642592000e-02  4.3092597700e-01  3.9854563200e-01  4.3139091100e-01
    1.3230000000e+01 -3.1526920000e-02 -2.1061714000e-02 -4.6823810000e-02  4.2920939500e-01  3.9687894800e-01  4.2961595900e-01
    1.3240000000e+01 -3.0606361000e-02 -1.9820251000e-02 -4.6001509000e-02  4.2750858700e-01  3.9525430300e-01  4.2784316000e-01
    1.3250000000e+01 -2.9713536000e-02 -1.8609827000e-02 -4.5178436000e-02  4.2582037600e-01  3.9366528700e-01  4.2607439700e-01
    1.3260000000e+01 -2.8851933000e-02 -1.7437426000e-02 -4.4357555000e-02  4.2414040100e-01  3.9210341300e-01  4.2431082400e-01
    1.3270000000e+01 -2.8024204000e-02 -1.6307698000e-02 -4.3541972000e-02  4.2246322800e-01  3.9055868900e-01  4.2255291900e-01
    1.3280000000e+01 -2.7231806000e-02 -1.5222633000e-02 -4.2734875000e-02  4.2078260100e-01  3.8902030500e-01  4.2080048700e-01
    1.3290000000e+01 -2.6474747000e-02 -1.4181445000e-02 -4.1939456000e-02  4.1909182400e-01  3.8747738900e-01  4.1905261200e-01
    1.3300000000e+01 -2.5751476000e-02 -1.3180685000e-02 -4.1158763000e-02  4.1738421200e-01  3.8591976300e-01  4.1730760200e-01
    1.3310000000e+01 -2.5058950000e-02 -1.2214562000e-02 -4.0395494000e-02  4.1565356400e-01  3.8433862300e-01  4.1556299800e-01
    1.3320000000e+01 -2.4392853000e-02 -1.1275447000e-02 -3.9651789000e-02  4.1389457200e-01  3.8272709300e-01  4.1381565800e-01
    1.3330000000e+01 -2.3747942000e-02 -1.0354507000e-02 -3.8929044000e-02  4.1210312200e-01  3.8108058600e-01  4.1206193100e-01
    1.3340000000e+01 -2.3118465000e-02 -9.4423870000e-03 -3.8227810000e-02  4.1027645200e-01  3.7939696900e-01  4.1029788500e-01
    1.3350000000e+01 -2.2498582000e-02 -8.5298950000e-03 -3.7547780000e-02  4.0841314700e-01  3.7767650700e-01  4.0851955500e-01
    1.3360000000e+01 -2.1882738000e-02 -7.6086030000e-03 -3.6887853000e-02  4.0651298600e-01  3.7592163700e-01  4.0672316200e-01
    1.3370000000e+01 -2.1265928000e-02 -6.6713400000e-03 -3.6246274000e-02  4.0457669600e-01  3.7413658000e-01  4.0490527500e-01
    1.3380000000e+01 -2.0643825000e-02 -5.7125250000e-03 -3.5620779000e-02  4.0260563900e-01  3.7232686800e-01  4.0306291700e-01
    1.3390000000e+01 -2.0012787000e-02 -4.7283490000e-03 -3.5008765000e-02  4.0060153100e-01  3.7049882300e-01  4.0119359300e-01
    1.3400000000e+01 -1.9369755000e-02 -3.7167900000e-03 -3.4407412000e-02  3.9856621600e-01  3.6865903600e-01  3.9929527100e-01
    1.3410000000e+01 -1.8712106000e-02 -2.6774970000e-03 -3.3813779000e-02  3.9650152700e-01  3.6681390500e-01  3.9736633800e-01
    1.3420000000e+01 -1.8037501000e-02 -1.6115570000e-03 -3.3224855000e-02  3.9440925200e-01  3.6496924300e-01  3.9540553100e-01
    1.3430000000e+01 -1.7343762000e-02 -5.2118400000e-04 -3.2637565000e-02  3.9229115300e-01  3.6313000100e-01  3.9341190100e-01
    1.3440000000e+01 -1.6628819000e-02  5.9062900000e-04 -3.2048772000e-02  3.9014903500e-01  3.6130010500e-01  3.9138478800e-01
    1.3450000000e+01 -1.5890696000e-02  1.7204540000e-03 -3.1455272000e-02  3.8798480400e-01  3.5948241000e-01  3.8932382200e-01
    1.3460000000e+01 -1.5127553000e-02  2.8647360000e-03 -3.0853810000e-02  3.8580049300e-01  3.5767875200e-01  3.8722894200e-01
    1.3470000000e+01 -1.4337709000e-02  4.0200370000e-03 -3.0241106000e-02  3.8359825000e-01  3.5589007000e-01  3.8510039000e-01
    1.3480000000e+01 -1.3519657000e-02  5.1832140000e-03 -2.9613869000e-02  3.8138029300e-01  3.5411656600e-01  3.8293869800e-01
    1.3490000000e+01 -1.2672017000e-02  6.3515280000e-03 -2.8968778000e-02  3.7914886500e-01  3.5235787700e-01  3.8074466400e-01
    1.3500000000e+01 -1.1793446000e-02  7.5227060000e-03 -2.8302430000e-02  3.7690622300e-01  3.5061324100e-01  3.7851936600e-01
    1.3510000000e+01 -1.0882541000e-02  8.6949680000e-03 -2.7611269000e-02  3.7465470700e-01  3.4888165900e-01  3.7626424000e-01
    1.3520000000e+01 -9.9377710000e-03  9.8670190000e-03 -2.6891556000e-02  3.7239688500e-01  3.4716205000e-01  3.7398124300e-01
    1.3530000000e+01 -8.9575050000e-03  1.1038007000e-02 -2.6139448000e-02  3.7013575700e-01  3.4545339400e-01  3.7167307000e-01
    1.3540000000e+01 -7.9401540000e-03  1.2207438000e-02 -2.5351205000e-02  3.6787495500e-01  3.4375486900e-01  3.6934336700e-01
    1.3550000000e+01 -6.8844360000e-03  1.3375059000e-02 -2.4523528000e-02  3.6561889300e-01  3.4206595900e-01  3.6699684600e-01
    1.3560000000e+01 -5.7897230000e-03  1.4540694000e-02 -2.3653977000e-02  3.6337277300e-01  3.4038651600e-01  3.6463924800e-01
    1.3570000000e+01 -4.6563990000e-03  1.5704062000e-02 -2.2741374000e-02  3.6114244700e-01  3.3871675400e-01  3.6227712600e-01
    1.3580000000e+01 -3.4861510000e-03  1.6864613000e-02 -2.1786106000e-02  3.5893410400e-01  3.3705718500e-01  3.5991745100e-01
    1.3590000000e+01 -2.2821290000e-03  1.8021390000e-02 -2.0790279000e-02  3.5675385500e-01  3.3540847400e-01  3.5756712100e-01
    1.3600000000e+01 -1.0489170000e-03  1.9172956000e-02 -1.9757673000e-02  3.5460727300e-01  3.3377126000e-01  3.5523243300e-01
    1.3610000000e+01  2.0766400000e-04  2.0317411000e-02 -1.8693525000e-02  3.5249897200e-01  3.3214595700e-01  3.5291860900e-01
    1.3620000000e+01  1.4808930000e-03  2.1452464000e-02 -1.7604170000e-02  3.5043231200e-01  3.3053257500e-01  3.5062941100e-01
    1.3630000000e+01  2.7635480000e-03  2.2575586000e-02 -1.6496591000e-02  3.4840926000e-01  3.2893058500e-01  3.4836689900e-01
    1.3640000000e+01  4.0482880000e-03  2.3684179000e-02 -1.5377924000e-02  3.4643040700e-01  3.2733885300e-01  3.4613133800e-01
    1.3650000000e+01  5.3279610000e-03  2.4775759000e-02 -1.4254971000e-02  3.4449510600e-01  3.2575563200e-01  3.4392125200e-01
    1.3660000000e+01  6.5957860000e-03  2.5848125000e-02 -1.3133754000e-02  3.4260168800e-01  3.2417861400e-01  3.4173361400e-01
    1.3670000000e+01  7.8454340000e-03  2.6899495000e-02 -1.2019155000e-02  3.4074765100e-01  3.2260503100e-01  3.3956415300e-01
    1.3680000000e+01  9.0710010000e-03  2.7928596000e-02 -1.0914673000e-02  3.3892982100e-01  3.2103179100e-01  3.3740775100e-01
    1.3690000000e+01  1.0266965000e-02  2.8934706000e-02 -9.8223220000e-03  3.3714440600e-01  3.1945562700e-01  3.3525887600e-01
    1.3700000000e+01  1.1428146000e-02  2.9917629000e-02 -8.7426670000e-03  3.3538699000e-01  3.1787324900e-01  3.3311199900e-01
    1.3710000000e+01  1.2549721000e-02  3.0877617000e-02 -7.6749790000e-03  3.3365246100e-01  3.1628145800e-01  3.3096195300e-01
    1.3720000000e+01  1.3627314000e-02  3.1815266000e-02 -6.6174730000e-03  3.3193494200e-01  3.1467719700e-01  3.2880419200e-01
    1.3730000000e+01  1.4657146000e-02  3.2731409000e-02 -5.5675710000e-03  3.3022772700e-01  3.1305753600e-01  3.2663495000e-01
    1.3740000000e+01  1.5636233000e-02  3.3627060000e-02 -4.5221530000e-03  3.2852328600e-01  3.1141960000e-01  3.2445130100e-01
    1.3750000000e+01  1.6562612000e-02  3.4503434000e-02 -3.4777710000e-03  3.2681331200e-01  3.0976047300e-01  3.2225116300e-01
    1.3760000000e+01  1.7435585000e-02  3.5362044000e-02 -2.4308270000e-03  3.2508885700e-01  3.0807713300e-01  3.2003327800e-01
    1.3770000000e+01  1.8255946000e-02  3.6204852000e-02 -1.3777090000e-03  3.2334053600e-01  3.0636645100e-01  3.1779716500e-01
    1.3780000000e+01  1.9026179000e-02  3.7034431000e-02 -3.1493000000e-04  3.2155882900e-01  3.0462530400e-01  3.1554309300e-01
    1.3790000000e+01  1.9750570000e-02  3.7854072000e-02  7.6074300000e-04  3.1973447600e-01  3.0285076900e-01  3.1327202800e-01
    1.3800000000e+01  2.0435215000e-02  3.8667796000e-02  1.8521550000e-03  3.1785892600e-01  3.0104038500e-01  3.1098557600e-01
    1.3810000000e+01  2.1087851000e-02  3.9480244000e-02  2.9616220000e-03  3.1592480800e-01  2.9919242200e-01  3.0868588700e-01
    1.3820000000e+01  2.1717540000e-02  4.0296457000e-02  4.0907990000e-03  3.1392635400e-01  2.9730609300e-01  3.0637552500e-01
    1.3830000000e+01  2.2334204000e-02  4.1121567000e-02  5.2405770000e-03  3.1185968600e-01  2.9538167000e-01  3.0405728800e-01
    1.3840000000e+01  2.2948092000e-02  4.1960473000e-02  6.4110240000e-03  3.0972293500e-01  2.9342046800e-01  3.0173398200e-01
    1.3850000000e+01  2.3569252000e-02  4.2817544000e-02  7.6013970000e-03  3.0751616200e-01  2.9142470800e-01  2.9940817100e-01
    1.3860000000e+01  2.4207087000e-02  4.3696398000e-02  8.8102420000e-03  3.0524112100e-01  2.8939728500e-01  2.9708192200e-01
    1.3870000000e+01  2.4870062000e-02  4.4599795000e-02  1.0035590000e-02  3.0290090600e-01  2.8734148300e-01  2.9475659000e-01
    1.3880000000e+01  2.5565549000e-02  4.5529633000e-02  1.1275225000e-02  3.0049957400e-01  2.8526068800e-01  2.9243266900e-01
    1.3890000000e+01  2.6299830000e-02  4.6487048000e-02  1.2526993000e-02  2.9804179400e-01  2.8315813200e-01  2.9010976000e-01
    1.3900000000e+01  2.7078190000e-02  4.7472590000e-02  1.3789115000e-02  2.9553256800e-01  2.8103671100e-01  2.8778664600e-01
    1.3910000000e+01  2.7905068000e-02  4.8486442000e-02  1.5060448000e-02  2.9297705700e-01  2.7889888800e-01  2.8546148100e-01
    1.3920000000e+01  2.8784213000e-02  4.9528637000e-02  1.6340661000e-02  2.9038049700e-01  2.7674670200e-01  2.8313206800e-01
    1.3930000000e+01  2.9718803000e-02  5.0599240000e-02  1.7630283000e-02  2.8774820200e-01  2.7458186400e-01  2.8079617100e-01
    1.3940000000e+01  3.0711495000e-02  5.1698437000e-02  1.8930627000e-02  2.8508561400e-01  2.7240591300e-01  2.7845182900e-01
    1.3950000000e+01  3.1764398000e-02  5.2826530000e-02  2.0243606000e-02  2.8239833900e-01  2.7022038300e-01  2.7609758100e-01
    1.3960000000e+01  3.2878986000e-02  5.3983848000e-02  2.1571477000e-02  2.7969214800e-01  2.6802692300e-01  2.7373260400e-01
    1.3970000000e+01  3.4055994000e-02  5.5170605000e-02  2.2916580000e-02  2.7697289400e-01  2.6582733000e-01  2.7135670800e-01
    1.3980000000e+01  3.5295356000e-02  5.6386765000e-02  2.4281139000e-02  2.7424635200e-01  2.6362349300e-01  2.6897023500e-01
    1.3990000000e+01  3.6596209000e-02  5.7631984000e-02  2.5667146000e-02  2.7151802200e-01  2.6141725900e-01  2.6657390100e-01
    1.4000000000e+01  3.7956999000e-02  5.8905623000e-02  2.7076355000e-02  2.6879293700e-01  2.5921028700e-01  2.6416863600e-01
    1.4010000000e+01  3.9375651000e-02  6.0206859000e-02  2.8510341000e-02  2.6607551700e-01  2.5700393700e-01  2.6175547500e-01
    1.4020000000e+01  4.0849788000e-02  6.1534827000e-02  2.9970597000e-02  2.6336951600e-01  2.5479922300e-01  2.5933552900e-01
    1.4030000000e+01  4.2376939000e-02  6.2888773000e-02  3.1458608000e-02  2.6067804700e-01  2.5259686000e-01  2.5691002300e-01
    1.4040000000e+01  4.3954714000e-02  6.4268151000e-02  3.2975872000e-02  2.5800368400e-01  2.5039736900e-01  2.5448038100e-01
    1.4050000000e+01  4.5580912000e-02  6.5672660000e-02  3.4523861000e-02  2.5534860100e-01  2.4820121100e-01  2.5204831700e-01
    1.4060000000e+01  4.7253576000e-02  6.7102215000e-02  3.6103919000e-02  2.5271474300e-01  2.4600891400e-01  2.4961590100e-01
    1.4070000000e+01  4.8970968000e-02  6.8556861000e-02  3.7717132000e-02  2.5010397800e-01  2.4382117200e-01  2.4718557500e-01
    1.4080000000e+01  5.0731504000e-02  7.0036669000e-02  3.9364176000e-02  2.4751823800e-01  2.4163887900e-01  2.4476010000e-01
    1.4090000000e+01  5.2533624000e-02  7.1541615000e-02  4.1045193000e-02  2.4495961200e-01  2.3946312800e-01  2.4234244800e-01
    1.4100000000e+01  5.4375647000e-02  7.3071497000e-02  4.2759705000e-02  2.4243038100e-01  2.3729514600e-01  2.3993563000e-01
    1.4110000000e+01  5.6255604000e-02  7.4625871000e-02  4.4506599000e-02  2.3993299700e-01  2.3513620400e-01  2.3754250000e-01
    1.4120000000e+01  5.8171092000e-02  7.6204045000e-02  4.6284191000e-02  2.3746998000e-01  2.3298751200e-01  2.3516554700e-01
    1.4130000000e+01  6.0119162000e-02  7.7805121000e-02  4.8090369000e-02  2.3504375800e-01  2.3085011500e-01  2.3280671700e-01
    1.4140000000e+01  6.2096290000e-02  7.9428077000e-02  4.9922801000e-02  2.3265646100e-01  2.2872483000e-01  2.3046730500e-01
    1.4150000000e+01  6.4098413000e-02  8.1071877000e-02  5.1779174000e-02  2.3030970400e-01  2.2661221800e-01  2.2814793400e-01
    1.4160000000e+01  6.6121064000e-02  8.2735572000e-02  5.3657431000e-02  2.2800437900e-01  2.2451262800e-01  2.2584862800e-01
    1.4170000000e+01  6.8159569000e-02  8.4418367000e-02  5.5555942000e-02  2.2574051200e-01  2.2242627300e-01  2.2356897500e-01
    1.4180000000e+01  7.0209300000e-02  8.6119639000e-02  5.7473608000e-02  2.2351717900e-01  2.2035334200e-01  2.2130834000e-01
    1.4190000000e+01  7.2265943000e-02  8.7838885000e-02  5.9409858000e-02  2.2133251500e-01  2.1829409200e-01  2.1906608900e-01
    1.4200000000e+01  7.4325759000e-02  8.9575630000e-02  6.1364566000e-02  2.1918380300e-01  2.1624890200e-01  2.1684179000e-01
    1.4210000000e+01  7.6385814000e-02  9.1329316000e-02  6.3337902000e-02  2.1706765100e-01  2.1421825800e-01  2.1463534000e-01
    1.4220000000e+01  7.8444147000e-02  9.3099214000e-02  6.5330160000e-02  2.1498022400e-01  2.1220267500e-01  2.1244703100e-01
    1.4230000000e+01  8.0499867000e-02  9.4884401000e-02  6.7341594000e-02  2.1291752600e-01  2.1020257800e-01  2.1027752900e-01
    1.4240000000e+01  8.2553160000e-02  9.6683794000e-02  6.9372288000e-02  2.1087571200e-01  2.0821818200e-01  2.0812781100e-01
    1.4250000000e+01  8.4605197000e-02  9.8496266000e-02  7.1422070000e-02  2.0885138600e-01  2.0624939500e-01  2.0599907300e-01
    1.4260000000e+01  8.6657957000e-02  1.0032078700e-01  7.3490470000e-02  2.0684185900e-01  2.0429580500e-01  2.0389262400e-01
    1.4270000000e+01  8.8713969000e-02  1.0215656100e-01  7.5576707000e-02  2.0484534800e-01  2.0235672400e-01  2.0180978800e-01
    1.4280000000e+01  9.0776008000e-02  1.0400313700e-01  7.7679708000e-02  2.0286106800e-01  2.0043129900e-01  1.9975181700e-01
    1.4290000000e+01  9.2846787000e-02  1.0586044400e-01  7.9798141000e-02  2.0088922900e-01  1.9851865900e-01  1.9771981800e-01
    1.4300000000e+01  9.4928672000e-02  1.0772877300e-01  8.1930470000e-02  1.9893092900e-01  1.9661805300e-01  1.9571468900e-01
    1.4310000000e+01  9.7023475000e-02  1.0960870600e-01  8.4075026000e-02  1.9698797700e-01  1.9472897100e-01  1.9373708300e-01
    1.4320000000e+01  9.9132306000e-02  1.1150101000e-01  8.6230077000e-02  1.9506267800e-01  1.9285121200e-01  1.9178739700e-01
    1.4330000000e+01  1.0125551600e-01  1.1340653000e-01  8.8393903000e-02  1.9315761200e-01  1.9098491900e-01  1.8986579400e-01
    1.4340000000e+01  1.0339268900e-01  1.1532607800e-01  9.0564832000e-02  1.9127543300e-01  1.8913057600e-01  1.8797224500e-01
    1.4350000000e+01  1.0554267300e-01  1.1726035100e-01  9.2741259000e-02  1.8941868500e-01  1.8728897600e-01  1.8610658400e-01
    1.4360000000e+01  1.0770362900e-01  1.1920984300e-01  9.4921623000e-02  1.8758964200e-01  1.8546117900e-01  1.8426853900e-01
    1.4370000000e+01  1.0987311300e-01  1.2117478600e-01  9.7104372000e-02  1.8579015900e-01  1.8364845600e-01  1.8245775100e-01
    1.4380000000e+01  1.1204817500e-01  1.2315508500e-01  9.9287931000e-02  1.8402152300e-01  1.8185220600e-01  1.8067374400e-01
    1.4390000000e+01  1.1422550900e-01  1.2515028200e-01  1.0147069100e-01  1.8228433000e-01  1.8007386300e-01  1.7891588300e-01
    1.4400000000e+01  1.1640163300e-01  1.2715955000e-01  1.0365103100e-01  1.8057838100e-01  1.7831477600e-01  1.7718331600e-01
    1.4410000000e+01  1.1857311600e-01  1.2918172900e-01  1.0582735800e-01  1.7890265100e-01  1.7657608600e-01  1.7547493500e-01
    1.4420000000e+01  1.2073680900e-01  1.3121541200e-01  1.0799818400e-01  1.7725530800e-01  1.7485862300e-01  1.7378934000e-01
    1.4430000000e+01  1.2289006900e-01  1.3325906700e-01  1.1016219600e-01  1.7563382700e-01  1.7316283700e-01  1.7212484100e-01
    1.4440000000e+01  1.2503093100e-01  1.3531118900e-01  1.1231834200e-01  1.7403516200e-01  1.7148878000e-01  1.7047947200e-01
    1.4450000000e+01  1.2715821400e-01  1.3737043500e-01  1.1446591100e-01  1.7245596400e-01  1.6983616000e-01  1.6885103000e-01
    1.4460000000e+01  1.2927155700e-01  1.3943573600e-01  1.1660461800e-01  1.7089281500e-01  1.6820444100e-01  1.6723713500e-01
    1.4470000000e+01  1.3137136300e-01  1.4150634500e-01  1.1873467100e-01  1.6934245700e-01  1.6659298100e-01  1.6563533000e-01
    1.4480000000e+01  1.3345870100e-01  1.4358182800e-01  1.2085681700e-01  1.6780196600e-01  1.6500116600e-01  1.6404320300e-01
    1.4490000000e+01  1.3553515300e-01  1.4566199500e-01  1.2297235500e-01  1.6626889600e-01  1.6342853000e-01  1.6245853200e-01
    1.4500000000e+01  1.3760265000e-01  1.4774679600e-01  1.2508308900e-01  1.6474134500e-01  1.6187482100e-01  1.6087944700e-01
    1.4510000000e+01  1.3966330700e-01  1.4983620100e-01  1.2719123000e-01  1.6321798400e-01  1.6034001100e-01  1.5930457000e-01
    1.4520000000e+01  1.4171927300e-01  1.5193010600e-01  1.2929925100e-01  1.6169803100e-01  1.5882425600e-01  1.5773312000e-01
    1.4530000000e+01  1.4377260900e-01  1.5402826800e-01  1.3140971300e-01  1.6018119400e-01  1.5732781600e-01  1.5616496800e-01
    1.4540000000e+01  1.4582519200e-01  1.5613029700e-01  1.3352508300e-01  1.5866759800e-01  1.5585097200e-01  1.5460062400e-01
    1.4550000000e+01  1.4787864600e-01  1.5823568400e-01  1.3564757000e-01  1.5715768600e-01  1.5439394700e-01  1.5304117500e-01
    1.4560000000e+01  1.4993431300e-01  1.6034386900e-01  1.3777899800e-01  1.5565212500e-01  1.5295686600e-01  1.5148817600e-01
    1.4570000000e+01  1.5199324600e-01  1.6245431400e-01  1.3992072800e-01  1.5415170300e-01  1.5153975500e-01  1.4994351100e-01
    1.4580000000e+01  1.5405623700e-01  1.6456656600e-01  1.4207362100e-01  1.5265724200e-01  1.5014259000e-01  1.4840925600e-01
    1.4590000000e+01  1.5612387900e-01  1.6668028900e-01  1.4423805800e-01  1.5116953600e-01  1.4876537900e-01  1.4688755500e-01
    1.4600000000e+01  1.5819663200e-01  1.6879523400e-01  1.4641397400e-01  1.4968932100e-01  1.4740825100e-01  1.4538051600e-01
    1.4610000000e+01  1.6027489900e-01  1.7091116200e-01  1.4860091100e-01  1.4821728100e-01  1.4607153700e-01  1.4389013800e-01
    1.4620000000e+01  1.6235907200e-01  1.7302772100e-01  1.5079807200e-01  1.4675410000e-01  1.4475579500e-01  1.4241826500e-01
    1.4630000000e+01  1.6444954000e-01  1.7514431000e-01  1.5300437100e-01  1.4530052100e-01  1.4346177500e-01  1.4096654700e-01
    1.4640000000e+01  1.6654666000e-01  1.7725996300e-01  1.5521846800e-01  1.4385740900e-01  1.4219031000e-01  1.3953640800e-01
    1.4650000000e+01  1.6865068000e-01  1.7937329700e-01  1.5743882100e-01  1.4242578200e-01  1.4094215200e-01  1.3812902100e-01
    1.4660000000e+01  1.7076166500e-01  1.8148253200e-01  1.5966372900e-01  1.4100679700e-01  1.3971779900e-01  1.3674528100e-01
    1.4670000000e+01  1.7287941500e-01  1.8358559000e-01  1.6189138700e-01  1.3960168800e-01  1.3851733800e-01  1.3538578500e-01
    1.4680000000e+01  1.7500343800e-01  1.8568025400e-01  1.6411995100e-01  1.3821167900e-01  1.3734034600e-01  1.3405083400e-01
    1.4690000000e+01  1.7713295400e-01  1.8776434200e-01  1.6634759000e-01  1.3683788200e-01  1.3618586000e-01  1.3274043900e-01
    1.4700000000e+01  1.7926695000e-01  1.8983587700e-01  1.6857253900e-01  1.3548120900e-01  1.3505242400e-01  1.3145435400e-01
    1.4710000000e+01  1.8140426500e-01  1.9189321400e-01  1.7079312800e-01  1.3414232200e-01  1.3393817200e-01  1.3019210800e-01
    1.4720000000e+01  1.8354367500e-01  1.9393512400e-01  1.7300780600e-01  1.3282162100e-01  1.3284095600e-01  1.2895303700e-01
    1.4730000000e+01  1.8568397700e-01  1.9596083700e-01  1.7521514800e-01  1.3151927200e-01  1.3175845700e-01  1.2773631500e-01
    1.4740000000e+01  1.8782403800e-01  1.9797004500e-01  1.7741387000e-01  1.3023525400e-01  1.3068830800e-01  1.2654097500e-01
    1.4750000000e+01  1.8996281500e-01  1.9996289000e-01  1.7960283000e-01  1.2896941700e-01  1.2962819300e-01  1.2536593400e-01
    1.4760000000e+01  1.9209935300e-01  2.0193993200e-01  1.8178104300e-01  1.2772153600e-01  1.2857594600e-01  1.2421000800e-01
    1.4770000000e+01  1.9423276100e-01  2.0390209400e-01  1.8394768000e-01  1.2649133900e-01  1.2752964500e-01  1.2307194300e-01
    1.4780000000e+01  1.9636217700e-01  2.0585058700e-01  1.8610207400e-01  1.2527852200e-01  1.2648767900e-01  1.2195043800e-01
    1.4790000000e+01  1.9848675000e-01  2.0778680700e-01  1.8824370700e-01  1.2408274100e-01  1.2544880800e-01  1.2084417100e-01
    1.4800000000e+01  2.0060562200e-01  2.0971222700e-01  1.9037219200e-01  1.2290359700e-01  1.2441217400e-01  1.1975181400e-01
    1.4810000000e+01  2.0271792900e-01  2.1162829200e-01  1.9248725500e-01  1.2174061400e-01  1.2337728000e-01  1.1867203900e-01
    1.4820000000e+01  2.0482281400e-01  2.1353633400e-01  1.9458872600e-01  1.2059322400e-01  1.2234393200e-01  1.1760350300e-01
    1.4830000000e+01  2.0691943400e-01  2.1543752200e-01  1.9667653500e-01  1.1946075900e-01  1.2131216700e-01  1.1654483600e-01
    1.4840000000e+01  2.0900698000e-01  2.1733284800e-01  1.9875073900e-01  1.1834244600e-01  1.2028218300e-01  1.1549461800e-01
    1.4850000000e+01  2.1108468300e-01  2.1922313700e-01  2.0081155800e-01  1.1723740500e-01  1.1925427700e-01  1.1445137800e-01
    1.4860000000e+01  2.1315182500e-01  2.2110907500e-01  2.0285943300e-01  1.1614464600e-01  1.1822882400e-01  1.1341361700e-01
    1.4870000000e+01  2.1520774300e-01  2.2299121800e-01  2.0489506800e-01  1.1506305400e-01  1.1720626600e-01  1.1237985700e-01
    1.4880000000e+01  2.1725185800e-01  2.2486998800e-01  2.0691946500e-01  1.1399137200e-01  1.1618712500e-01  1.1134872500e-01
    1.4890000000e+01  2.1928370200e-01  2.2674564700e-01  2.0893390900e-01  1.1292818700e-01  1.1517200000e-01  1.1031905900e-01
    1.4900000000e+01  2.2130297500e-01  2.2861824800e-01  2.1093991600e-01  1.1187192100e-01  1.1416155400e-01  1.0929000600e-01
    1.4910000000e+01  2.2330960900e-01  2.3048758500e-01  2.1293913300e-01  1.1082085000e-01  1.1315646200e-01  1.0826110400e-01
    1.4920000000e+01  2.2530382900e-01  2.3235315900e-01  2.1493320800e-01  1.0977314600e-01  1.1215732900e-01  1.0723232000e-01
    1.4930000000e+01  2.2728620900e-01  2.3421417900e-01  2.1692364900e-01  1.0872694800e-01  1.1116458300e-01  1.0620402800e-01
    1.4940000000e+01  2.2925769500e-01  2.3606960600e-01  2.1891170300e-01  1.0768046100e-01  1.1017836100e-01  1.0517694600e-01
    1.4950000000e+01  2.3121959900e-01  2.3791825100e-01  2.2089826300e-01  1.0663206000e-01  1.0919841000e-01  1.0415202300e-01
    1.4960000000e+01  2.3317355200e-01  2.3975890700e-01  2.2288383100e-01  1.0558039100e-01  1.0822402900e-01  1.0313030600e-01
    1.4970000000e+01  2.3512141800e-01  2.4159051000e-01  2.2486852300e-01  1.0452445600e-01  1.0725406300e-01  1.0211281600e-01
    1.4980000000e+01  2.3706519300e-01  2.4341228600e-01  2.2685212200e-01  1.0346366000e-01  1.0628695500e-01  1.0110042700e-01
    1.4990000000e+01  2.3900688900e-01  2.4522388100e-01  2.2883415000e-01  1.0239781900e-01  1.0532086200e-01  1.0009378800e-01
    1.5000000000e+01  2.4094842300e-01  2.4702542600e-01  2.3081396700e-01  1.0132713700e-01  1.0435379200e-01  9.9093265000e-02
    1.5010000000e+01  2.4289153300e-01  2.4881756200e-01  2.3279086400e-01  1.0025213900e-01  1.0338376300e-01  9.8098924000e-02
    1.5020000000e+01  2.4483772000e-01  2.5060139700e-01  2.3476416000e-01  9.9173588000e-02  1.0240894600e-01  9.7110536000e-02
    1.5030000000e+01  2.4678823000e-01  2.5237843800e-01  2.3673328300e-01  9.8092400000e-02  1.0142777900e-01  9.6127605000e-02
    1.5040000000e+01  2.4874406400e-01  2.5415048700e-01  2.3869784700e-01  9.7009561000e-02  1.0043904600e-01  9.5149419000e-02
    1.5050000000e+01  2.5070601700e-01  2.5591954500e-01  2.4065770800e-01  9.5926071000e-02  9.9441915000e-02  9.4175118000e-02
    1.5060000000e+01  2.5267472100e-01  2.5768771100e-01  2.4261300100e-01  9.4842917000e-02  9.8435957000e-02  9.3203781000e-02
    1.5070000000e+01  2.5465068800e-01  2.5945709300e-01  2.4456414300e-01  9.3761062000e-02  9.7421138000e-02  9.2234523000e-02
    1.5080000000e+01  2.5663433100e-01  2.6122973200e-01  2.4651180700e-01  9.2681465000e-02  9.6397794000e-02  9.1266588000e-02
    1.5090000000e+01  2.5862596800e-01  2.6300752900e-01  2.4845685400e-01  9.1605087000e-02  9.5366602000e-02  9.0299434000e-02
    1.5100000000e+01  2.6062581600e-01  2.6479218500e-01  2.5040024000e-01  9.0532908000e-02  9.4328529000e-02  8.9332777000e-02
    1.5110000000e+01  2.6263396600e-01  2.6658515400e-01  2.5234290900e-01  8.9465915000e-02  9.3284779000e-02  8.8366603000e-02
    1.5120000000e+01  2.6465036700e-01  2.6838761200e-01  2.5428569000e-01  8.8405081000e-02  9.2236727000e-02  8.7401124000e-02
    1.5130000000e+01  2.6667481900e-01  2.7020043600e-01  2.5622922600e-01  8.7351332000e-02  9.1185851000e-02  8.6436701000e-02
    1.5140000000e+01  2.6870698700e-01  2.7202420600e-01  2.5817394100e-01  8.6305501000e-02  9.0133670000e-02  8.5473735000e-02
    1.5150000000e+01  2.7074642500e-01  2.7385921400e-01  2.6012006400e-01  8.5268296000e-02  8.9081677000e-02  8.4512558000e-02
    1.5160000000e+01  2.7279262000e-01  2.7570548500e-01  2.6206770100e-01  8.4240278000e-02  8.8031284000e-02  8.3553348000e-02
    1.5170000000e+01  2.7484504100e-01  2.7756281100e-01  2.6401694400e-01  8.3221852000e-02  8.6983767000e-02  8.2596091000e-02
    1.5180000000e+01  2.7690318000e-01  2.7943079900e-01  2.6596798400e-01  8.2213289000e-02  8.5940221000e-02  8.1640590000e-02
    1.5190000000e+01  2.7896658200e-01  2.8130892100e-01  2.6792120300e-01  8.1214743000e-02  8.4901524000e-02  8.0686540000e-02
    1.5200000000e+01  2.8103486100e-01  2.8319658800e-01  2.6987722900e-01  8.0226283000e-02  8.3868319000e-02  7.9733635000e-02
    1.5210000000e+01  2.8310771200e-01  2.8509321300e-01  2.7183692800e-01  7.9247916000e-02  8.2841015000e-02  7.8781683000e-02
    1.5220000000e+01  2.8518491600e-01  2.8699828200e-01  2.7380134800e-01  7.8279604000e-02  8.1819801000e-02  7.7830713000e-02
    1.5230000000e+01  2.8726634900e-01  2.8891141400e-01  2.7577162200e-01  7.7321287000e-02  8.0804691000e-02  7.6881039000e-02
    1.5240000000e+01  2.8935199400e-01  2.9083240800e-01  2.7774886100e-01  7.6372906000e-02  7.9795573000e-02  7.5933282000e-02
    1.5250000000e+01  2.9144194500e-01  2.9276127800e-01  2.7973404500e-01  7.5434447000e-02  7.8792276000e-02  7.4988335000e-02
    1.5260000000e+01  2.9353639400e-01  2.9469826300e-01  2.8172794900e-01  7.4505979000e-02  7.7794649000e-02  7.4047308000e-02
    1.5270000000e+01  2.9563559800e-01  2.9664381200e-01  2.8373109900e-01  7.3587710000e-02  7.6802640000e-02  7.3111445000e-02
    1.5280000000e+01  2.9773981300e-01  2.9859854800e-01  2.8574376200e-01  7.2680005000e-02  7.5816375000e-02  7.2182043000e-02
    1.5290000000e+01  2.9984923300e-01  3.0056319800e-01  2.8776596200e-01  7.1783393000e-02  7.4836213000e-02  7.1260387000e-02
    1.5300000000e+01  3.0196391200e-01  3.0253850200e-01  2.8979750700e-01  7.0898529000e-02  7.3862783000e-02  7.0347694000e-02
    1.5310000000e+01  3.0408372700e-01  3.0452512600e-01  2.9183802600e-01  7.0026129000e-02  7.2896979000e-02  6.9445082000e-02
    1.5320000000e+01  3.0620836100e-01  3.0652356700e-01  2.9388700300e-01  6.9166896000e-02  7.1939924000e-02  6.8553543000e-02
    1.5330000000e+01  3.0833733000e-01  3.0853409900e-01  2.9594380700e-01  6.8321441000e-02  7.0992905000e-02  6.7673924000e-02
    1.5340000000e+01  3.1047003700e-01  3.1055673000e-01  2.9800773400e-01  6.7490238000e-02  7.0057294000e-02  6.6806910000e-02
    1.5350000000e+01  3.1260583800e-01  3.1259120200e-01  3.0007804800e-01  6.6673594000e-02  6.9134471000e-02  6.5953014000e-02
    1.5360000000e+01  3.1474410900e-01  3.1463701500e-01  3.0215402700e-01  6.5871667000e-02  6.8225749000e-02  6.5112583000e-02
    1.5370000000e+01  3.1688429500e-01  3.1669346300e-01  3.0423501800e-01  6.5084500000e-02  6.7332325000e-02  6.4285814000e-02
    1.5380000000e+01  3.1902593500e-01  3.1875968500e-01  3.0632047200e-01  6.4312064000e-02  6.6455250000e-02  6.3472793000e-02
    1.5390000000e+01  3.2116866300e-01  3.2083470600e-01  3.0840997900e-01  6.3554314000e-02  6.5595417000e-02  6.2673546000e-02
    1.5400000000e+01  3.2331219200e-01  3.2291748200e-01  3.1050326800e-01  6.2811225000e-02  6.4753555000e-02  6.1888103000e-02
    1.5410000000e+01  3.2545628400e-01  3.2500692300e-01  3.1260018900e-01  6.2082813000e-02  6.3930238000e-02  6.1116553000e-02
    1.5420000000e+01  3.2760072200e-01  3.2710192800e-01  3.1470067400e-01  6.1369148000e-02  6.3125894000e-02  6.0359088000e-02
    1.5430000000e+01  3.2974528300e-01  3.2920139500e-01  3.1680468600e-01  6.0670350000e-02  6.2340816000e-02  5.9616040000e-02
    1.5440000000e+01  3.3188972000e-01  3.3130424600e-01  3.1891216100e-01  5.9986577000e-02  6.1575170000e-02  5.8887877000e-02
    1.5450000000e+01  3.3403374800e-01  3.3340944000e-01  3.2102294800e-01  5.9318014000e-02  6.0829008000e-02  5.8175201000e-02
    1.5460000000e+01  3.3617703600e-01  3.3551598400e-01  3.2313676500e-01  5.8664857000e-02  6.0102285000e-02  5.7478707000e-02
    1.5470000000e+01  3.3831920700e-01  3.3762294600e-01  3.2525316000e-01  5.8027303000e-02  5.9394871000e-02  5.6799145000e-02
    1.5480000000e+01  3.4045983300e-01  3.3972945800e-01  3.2737149500e-01  5.7405533000e-02  5.8706573000e-02  5.6137260000e-02
    1.5490000000e+01  3.4259844300e-01  3.4183471600e-01  3.2949094500e-01  5.6799698000e-02  5.8037152000e-02  5.5493735000e-02
    1.5500000000e+01  3.4473453000e-01  3.4393797500e-01  3.3161052300e-01  5.6209914000e-02  5.7386337000e-02  5.4869135000e-02
    1.5510000000e+01  3.4686756200e-01  3.4603853200e-01  3.3372911500e-01  5.5636252000e-02  5.6753834000e-02  5.4263867000e-02
    1.5520000000e+01  3.4899699100e-01  3.4813572400e-01  3.3584553000e-01  5.5078739000e-02  5.6139328000e-02  5.3678151000e-02
    1.5530000000e+01  3.5112226100e-01  3.5022891600e-01  3.3795855000e-01  5.4537363000e-02  5.5542480000e-02  5.3112013000e-02
    1.5540000000e+01  3.5324280900e-01  3.5231750100e-01  3.4006698200e-01  5.4012071000e-02  5.4962918000e-02  5.2565293000e-02
    1.5550000000e+01  3.5535806700e-01  3.5440090700e-01  3.4216969100e-01  5.3502779000e-02  5.4400236000e-02  5.2037666000e-02
    1.5560000000e+01  3.5746745800e-01  3.5647860600e-01  3.4426563100e-01  5.3009364000e-02  5.3853990000e-02  5.1528673000e-02
    1.5570000000e+01  3.5957039700e-01  3.5855012200e-01  3.4635385500e-01  5.2531662000e-02  5.3323706000e-02  5.1037747000e-02
    1.5580000000e+01  3.6166629200e-01  3.6061504000e-01  3.4843352600e-01  5.2069466000e-02  5.2808893000e-02  5.0564241000e-02
    1.5590000000e+01  3.6375454900e-01  3.6267300700e-01  3.5050391700e-01  5.1622513000e-02  5.2309055000e-02  5.0107456000e-02
    1.5600000000e+01  3.6583457900e-01  3.6472372300e-01  3.5256440000e-01  5.1190480000e-02  5.1823703000e-02  4.9666654000e-02
    1.5610000000e+01  3.6790581400e-01  3.6676693400e-01  3.5461444600e-01  5.0772984000e-02  5.1352369000e-02  4.9241080000e-02
    1.5620000000e+01  3.6996771400e-01  3.6880242000e-01  3.5665361300e-01  5.0369585000e-02  5.0894604000e-02  4.8829966000e-02
    1.5630000000e+01  3.7201978200e-01  3.7082998400e-01  3.5868154300e-01  4.9979789000e-02  5.0449978000e-02  4.8432546000e-02
    1.5640000000e+01  3.7406156700e-01  3.7284944700e-01  3.6069795400e-01  4.9603059000e-02  5.0018076000e-02  4.8048055000e-02
    1.5650000000e+01  3.7609267100e-01  3.7486064700e-01  3.6270263800e-01  4.9238829000e-02  4.9598491000e-02  4.7675741000e-02
    1.5660000000e+01  3.7811274100e-01  3.7686344100e-01  3.6469545700e-01  4.8886507000e-02  4.9190826000e-02  4.7314864000e-02
    1.5670000000e+01  3.8012147100e-01  3.7885770200e-01  3.6667634500e-01  4.8545483000e-02  4.8794693000e-02  4.6964711000e-02
    1.5680000000e+01  3.8211859300e-01  3.8084332300e-01  3.6864529900e-01  4.8215129000e-02  4.8409714000e-02  4.6624605000e-02
    1.5690000000e+01  3.8410387900e-01  3.8282020800e-01  3.7060237200e-01  4.7894797000e-02  4.8035530000e-02  4.6293914000e-02
    1.5700000000e+01  3.8607714100e-01  3.8478827100e-01  3.7254765600e-01  4.7583812000e-02  4.7671795000e-02  4.5972064000e-02
    1.5710000000e+01  3.8803824300e-01  3.8674741800e-01  3.7448126400e-01  4.7281469000e-02  4.7318180000e-02  4.5658537000e-02
    1.5720000000e+01  3.8998710800e-01  3.8869754900e-01  3.7640331400e-01  4.6987036000e-02  4.6974357000e-02  4.5352866000e-02
    1.5730000000e+01  3.9192373600e-01  3.9063855500e-01  3.7831391000e-01  4.6699758000e-02  4.6639993000e-02  4.5054625000e-02
    1.5740000000e+01  3.9384821300e-01  3.9257032000e-01  3.8021314300e-01  4.6418871000e-02  4.6314735000e-02  4.4763408000e-02
    1.5750000000e+01  3.9576072000e-01  3.9449273200e-01  3.8210108800e-01  4.6143623000e-02  4.5998201000e-02  4.4478812000e-02
    1.5760000000e+01  3.9766153200e-01  3.9640570000e-01  3.8397781500e-01  4.5873291000e-02  4.5689981000e-02  4.4200431000e-02
    1.5770000000e+01  3.9955101000e-01  3.9830916800e-01  3.8584339800e-01  4.5607207000e-02  4.5389634000e-02  4.3927845000e-02
    1.5780000000e+01  4.0142958500e-01  4.0020312300e-01  3.8769792800e-01  4.5344768000e-02  4.5096706000e-02  4.3660620000e-02
    1.5790000000e+01  4.0329774600e-01  4.0208760600e-01  3.8954152300e-01  4.5085449000e-02  4.4810739000e-02  4.3398313000e-02
    1.5800000000e+01  4.0515601700e-01  4.0396270800e-01  3.9137432900e-01  4.4828805000e-02  4.4531289000e-02  4.3140472000e-02
    1.5810000000e+01  4.0700495300e-01  4.0582856100e-01  3.9319653500e-01  4.4574465000e-02  4.4257937000e-02  4.2886644000e-02
    1.5820000000e+01  4.0884512400e-01  4.0768533300e-01  3.9500837200e-01  4.4322137000e-02  4.3990298000e-02  4.2636378000e-02
    1.5830000000e+01  4.1067711900e-01  4.0953320900e-01  3.9681012800e-01  4.4071604000e-02  4.3728021000e-02  4.2389236000e-02
    1.5840000000e+01  4.1250153600e-01  4.1137238800e-01  3.9860215100e-01  4.3822737000e-02  4.3470789000e-02  4.2144810000e-02
    1.5850000000e+01  4.1431897100e-01  4.1320307200e-01  4.0038484800e-01  4.3575496000e-02  4.3218308000e-02  4.1902739000e-02
    1.5860000000e+01  4.1613000000e-01  4.1502546900e-01  4.0215868300e-01  4.3329947000e-02  4.2970304000e-02  4.1662736000e-02
    1.5870000000e+01  4.1793515100e-01  4.1683979200e-01  4.0392414700e-01  4.3086255000e-02  4.2726520000e-02  4.1424611000e-02
    1.5880000000e+01  4.1973487600e-01  4.1864627100e-01  4.0568173700e-01  4.2844684000e-02  4.2486709000e-02  4.1188280000e-02
    1.5890000000e+01  4.2152952200e-01  4.2044514900e-01  4.0743191000e-01  4.2605567000e-02  4.2250649000e-02  4.0953772000e-02
    1.5900000000e+01  4.2331931300e-01  4.2223668700e-01  4.0917505200e-01  4.2369283000e-02  4.2018141000e-02  4.0721209000e-02
    1.5910000000e+01  4.2510433800e-01  4.2402115500e-01  4.1091144500e-01  4.2136209000e-02  4.1789025000e-02  4.0490775000e-02
    1.5920000000e+01  4.2688456000e-01  4.2579882100e-01  4.1264125400e-01  4.1906688000e-02  4.1563179000e-02  4.0262683000e-02
    1.5930000000e+01  4.2865983300e-01  4.2756993800e-01  4.1436452300e-01  4.1680983000e-02  4.1340515000e-02  4.0037125000e-02
    1.5940000000e+01  4.3042993900e-01  4.2933473700e-01  4.1608119500e-01  4.1459252000e-02  4.1120970000e-02  3.9814232000e-02
    1.5950000000e+01  4.3219462100e-01  4.3109342100e-01  4.1779113900e-01  4.1241535000e-02  4.0904497000e-02  3.9594048000e-02
    1.5960000000e+01  4.3395363300e-01  4.3284616800e-01  4.1949418700e-01  4.1027744000e-02  4.0691041000e-02  3.9376502000e-02
    1.5970000000e+01  4.3570677600e-01  4.3459314400e-01  4.2119017900e-01  4.0817684000e-02  4.0480539000e-02  3.9161411000e-02
    1.5980000000e+01  4.3745393300e-01  4.3633451600e-01  4.2287899800e-01  4.0611077000e-02  4.0272911000e-02  3.8948480000e-02
    1.5990000000e+01  4.3919508900e-01  4.3807046600e-01  4.2456061300e-01  4.0407591000e-02  4.0068062000e-02  3.8737332000e-02
    1.6000000000e+01  4.4093034400e-01  4.3980119900e-01  4.2623509900e-01  4.0206884000e-02  3.9865892000e-02  3.8527534000e-02
    1.6010000000e+01  4.4265991200e-01  4.4152695800e-01  4.2790265500e-01  4.0008639000e-02  3.9666308000e-02  3.8318636000e-02
    1.6020000000e+01  4.4438410000e-01  4.4324802200e-01  4.2956360200e-01  3.9812607000e-02  3.9469238000e-02  3.8110216000e-02
    1.6030000000e+01  4.4610328900e-01  4.4496470900e-01  4.3121837400e-01  3.9618629000e-02  3.9274648000e-02  3.7901913000e-02
    1.6040000000e+01  4.4781789500e-01  4.4667736400e-01  4.3286749000e-01  3.9426665000e-02  3.9082561000e-02  3.7693462000e-02
    1.6050000000e+01  4.4952832700e-01  4.4838634900e-01  4.3451152500e-01  3.9236798000e-02  3.8893070000e-02  3.7484713000e-02
    1.6060000000e+01  4.5123495200e-01  4.5009202200e-01  4.3615107500e-01  3.9049225000e-02  3.8706348000e-02  3.7275644000e-02
    1.6070000000e+01  4.5293805200e-01  4.5179471600e-01  4.3778671600e-01  3.8864244000e-02  3.8522657000e-02  3.7066355000e-02
    1.6080000000e+01  4.5463779700e-01  4.5349470800e-01  4.3941897900e-01  3.8682218000e-02  3.8342343000e-02  3.6857058000e-02
    1.6090000000e+01  4.5633422600e-01  4.5519219600e-01  4.4104832300e-01  3.8503536000e-02  3.8165826000e-02  3.6648058000e-02
    1.6100000000e+01  4.5802724700e-01  4.5688727600e-01  4.4267512200e-01  3.8328571000e-02  3.7993577000e-02  3.6439728000e-02
    1.6110000000e+01  4.5971664700e-01  4.5857992400e-01  4.4429964800e-01  3.8157634000e-02  3.7826093000e-02  3.6232486000e-02
    1.6120000000e+01  4.6140212400e-01  4.6026999400e-01  4.4592207700e-01  3.7990939000e-02  3.7663867000e-02  3.6026771000e-02
    1.6130000000e+01  4.6308331900e-01  4.6195721300e-01  4.4754248500e-01  3.7828581000e-02  3.7507347000e-02  3.5823019000e-02
    1.6140000000e+01  4.6475986600e-01  4.6364120400e-01  4.4916085900e-01  3.7670527000e-02  3.7356912000e-02  3.5621641000e-02
    1.6150000000e+01  4.6643143100e-01  4.6532150300e-01  4.5077711300e-01  3.7516626000e-02  3.7212844000e-02  3.5423009000e-02
    1.6160000000e+01  4.6809774900e-01  4.6699759100e-01  4.5239109600e-01  3.7366633000e-02  3.7075309000e-02  3.5227447000e-02
    1.6170000000e+01  4.6975864200e-01  4.6866892200e-01  4.5400261500e-01  3.7220240000e-02  3.6944359000e-02  3.5035219000e-02
    1.6180000000e+01  4.7141402900e-01  4.7033495800e-01  4.5561144200e-01  3.7077114000e-02  3.6819927000e-02  3.4846534000e-02
    1.6190000000e+01  4.7306391900e-01  4.7199518700e-01  4.5721732900e-01  3.6936929000e-02  3.6701845000e-02  3.4661545000e-02
    1.6200000000e+01  4.7470839400e-01  4.7364914300e-01  4.5882001400e-01  3.6799391000e-02  3.6589859000e-02  3.4480352000e-02
    1.6210000000e+01  4.7634758700e-01  4.7529641700e-01  4.6041922300e-01  3.6664250000e-02  3.6483645000e-02  3.4303003000e-02
    1.6220000000e+01  4.7798166100e-01  4.7693665400e-01  4.6201468000e-01  3.6531311000e-02  3.6382828000e-02  3.4129490000e-02
    1.6230000000e+01  4.7961078900e-01  4.7856955900e-01  4.6360610700e-01  3.6400426000e-02  3.6286989000e-02  3.3959746000e-02
    1.6240000000e+01  4.8123514200e-01  4.8019488600e-01  4.6519324100e-01  3.6271488000e-02  3.6195676000e-02  3.3793643000e-02
    1.6250000000e+01  4.8285487800e-01  4.8181244200e-01  4.6677584200e-01  3.6144424000e-02  3.6108402000e-02  3.3630987000e-02
    1.6260000000e+01  4.8447013600e-01  4.8342209000e-01  4.6835371500e-01  3.6019181000e-02  3.6024646000e-02  3.3471524000e-02
    1.6270000000e+01  4.8608103900e-01  4.8502375600e-01  4.6992672500e-01  3.5895718000e-02  3.5943849000e-02  3.3314951000e-02
    1.6280000000e+01  4.8768769300e-01  4.8661744400e-01  4.7149481000e-01  3.5774000000e-02  3.5865417000e-02  3.3160924000e-02
    1.6290000000e+01  4.8929019100e-01  4.8820325500e-01  4.7305799100e-01  3.5653983000e-02  3.5788737000e-02  3.3009088000e-02
    1.6300000000e+01  4.9088862200e-01  4.8978140000e-01  4.7461637700e-01  3.5535621000e-02  3.5713191000e-02  3.2859090000e-02
    1.6310000000e+01  4.9248308000e-01  4.9135221500e-01  4.7617016100e-01  3.5418854000e-02  3.5638189000e-02  3.2710611000e-02
    1.6320000000e+01  4.9407367200e-01  4.9291615400e-01  4.7771960600e-01  3.5303621000e-02  3.5563204000e-02  3.2563381000e-02
    1.6330000000e+01  4.9566052400e-01  4.9447377800e-01  4.7926503400e-01  3.5189866000e-02  3.5487809000e-02  3.2417204000e-02
    1.6340000000e+01  4.9724378000e-01  4.9602572500e-01  4.8080679800e-01  3.5077553000e-02  3.5411710000e-02  3.2271963000e-02
    1.6350000000e+01  4.9882359700e-01  4.9757266700e-01  4.8234526000e-01  3.4966677000e-02  3.5334763000e-02  3.2127630000e-02
    1.6360000000e+01  5.0040012600e-01  4.9911526400e-01  4.8388076900e-01  3.4857271000e-02  3.5256984000e-02  3.1984257000e-02
    1.6370000000e+01  5.0197349800e-01  5.0065411900e-01  4.8541363700e-01  3.4749412000e-02  3.5178529000e-02  3.1841972000e-02
    1.6380000000e+01  5.0354380000e-01  5.0218973900e-01  4.8694412900e-01  3.4643206000e-02  3.5099671000e-02  3.1700959000e-02
    1.6390000000e+01  5.0511106600e-01  5.0372251100e-01  4.8847244800e-01  3.4538776000e-02  3.5020755000e-02  3.1561447000e-02
    1.6400000000e+01  5.0667526400e-01  5.0525269600e-01  4.8999873300e-01  3.4436236000e-02  3.4942162000e-02  3.1423687000e-02
    1.6410000000e+01  5.0823630700e-01  5.0678044200e-01  4.9152305900e-01  3.4335668000e-02  3.4864263000e-02  3.1287941000e-02
    1.6420000000e+01  5.0979406300e-01  5.0830579700e-01  4.9304543800e-01  3.4237096000e-02  3.4787395000e-02  3.1154465000e-02
    1.6430000000e+01  5.1134837600e-01  5.0982874500e-01  4.9456582700e-01  3.4140478000e-02  3.4711845000e-02  3.1023497000e-02
    1.6440000000e+01  5.1289909500e-01  5.1134922500e-01  4.9608413300e-01  3.4045696000e-02  3.4637845000e-02  3.0895249000e-02
    1.6450000000e+01  5.1444609700e-01  5.1286714800e-01  4.9760022000e-01  3.3952561000e-02  3.4565583000e-02  3.0769898000e-02
    1.6460000000e+01  5.1598930700e-01  5.1438241100e-01  4.9911392100e-01  3.3860830000e-02  3.4495209000e-02  3.0647579000e-02
    1.6470000000e+01  5.1752870900e-01  5.1589489400e-01  5.0062504200e-01  3.3770220000e-02  3.4426845000e-02  3.0528383000e-02
    1.6480000000e+01  5.1906435800e-01  5.1740445400e-01  5.0213337100e-01  3.3680427000e-02  3.4360584000e-02  3.0412348000e-02
    1.6490000000e+01  5.2059637100e-01  5.1891092600e-01  5.0363869300e-01  3.3591144000e-02  3.4296491000e-02  3.0299463000e-02
    1.6500000000e+01  5.2212493300e-01  5.2041411800e-01  5.0514079000e-01  3.3502077000e-02  3.4234585000e-02  3.0189655000e-02
    1.6510000000e+01  5.2365028700e-01  5.2191382100e-01  5.0663946700e-01  3.3412950000e-02  3.4174836000e-02  3.0082798000e-02
    1.6520000000e+01  5.2517272800e-01  5.2340982100e-01  5.0813455600e-01  3.3323519000e-02  3.4117148000e-02  2.9978710000e-02
    1.6530000000e+01  5.2669260300e-01  5.2490191200e-01  5.0962593600e-01  3.3233579000e-02  3.4061360000e-02  2.9877162000e-02
    1.6540000000e+01  5.2821030500e-01  5.2638992300e-01  5.1111354700e-01  3.3142971000e-02  3.4007245000e-02  2.9777887000e-02
    1.6550000000e+01  5.2972626900e-01  5.2787372700e-01  5.1259739700e-01  3.3051597000e-02  3.3954518000e-02  2.9680606000e-02
    1.6560000000e+01  5.3124096300e-01  5.2935326400e-01  5.1407756800e-01  3.2959431000e-02  3.3902854000e-02  2.9585037000e-02
    1.6570000000e+01  5.3275487100e-01  5.3082854300e-01  5.1555420900e-01  3.2866535000e-02  3.3851902000e-02  2.9490926000e-02
    1.6580000000e+01  5.3426847400e-01  5.3229965100e-01  5.1702753200e-01  3.2773065000e-02  3.3801308000e-02  2.9398058000e-02
    1.6590000000e+01  5.3578221600e-01  5.3376674300e-01  5.1849778700e-01  3.2679277000e-02  3.3750736000e-02  2.9306272000e-02
    1.6600000000e+01  5.3729648100e-01  5.3523003700e-01  5.1996525700e-01  3.2585514000e-02  3.3699883000e-02  2.9215470000e-02
    1.6610000000e+01  5.3881156300e-01  5.3668979500e-01  5.2143023400e-01  3.2492188000e-02  3.3648494000e-02  2.9125617000e-02
    1.6620000000e+01  5.4032765400e-01  5.3814630500e-01  5.2289300500e-01  3.2399747000e-02  3.3596360000e-02  2.9036739000e-02
    1.6630000000e+01  5.4184483300e-01  5.3959986600e-01  5.2435384500e-01  3.2308645000e-02  3.3543324000e-02  2.8948919000e-02
    1.6640000000e+01  5.4336308200e-01  5.4105077800e-01  5.2581300000e-01  3.2219305000e-02  3.3489265000e-02  2.8862292000e-02
    1.6650000000e+01  5.4488230200e-01  5.4249933000e-01  5.2727068100e-01  3.2132098000e-02  3.3434092000e-02  2.8777040000e-02
    1.6660000000e+01  5.4640233900e-01  5.4394580800e-01  5.2872705500e-01  3.2047328000e-02  3.3377730000e-02  2.8693382000e-02
    1.6670000000e+01  5.4792301000e-01  5.4539049300e-01  5.3018223900e-01  3.1965227000e-02  3.3320116000e-02  2.8611563000e-02
    1.6680000000e+01  5.4944412700e-01  5.4683367500e-01  5.3163629000e-01  3.1885962000e-02  3.3261192000e-02  2.8531847000e-02
    1.6690000000e+01  5.5096550600e-01  5.4827565600e-01  5.3308920500e-01  3.1809649000e-02  3.3200910000e-02  2.8454499000e-02
    1.6700000000e+01  5.5248698200e-01  5.4971675600e-01  5.3454092000e-01  3.1736362000e-02  3.3139242000e-02  2.8379772000e-02
    1.6710000000e+01  5.5400840200e-01  5.5115731600e-01  5.3599131800e-01  3.1666147000e-02  3.3076178000e-02  2.8307892000e-02
    1.6720000000e+01  5.5552962900e-01  5.5259769600e-01  5.3744023100e-01  3.1599025000e-02  3.3011745000e-02  2.8239049000e-02
    1.6730000000e+01  5.5705054100e-01  5.5403826800e-01  5.3888746100e-01  3.1534999000e-02  3.2946010000e-02  2.8173380000e-02
    1.6740000000e+01  5.5857102500e-01  5.5547941100e-01  5.4033278600e-01  3.1474051000e-02  3.2879087000e-02  2.8110971000e-02
    1.6750000000e+01  5.6009098700e-01  5.5692150100e-01  5.4177597900e-01  3.1416149000e-02  3.2811145000e-02  2.8051850000e-02
    1.6760000000e+01  5.6161034800e-01  5.5836490000e-01  5.4321681900e-01  3.1361247000e-02  3.2742408000e-02  2.7995995000e-02
    1.6770000000e+01  5.6312905000e-01  5.5980994000e-01  5.4465510800e-01  3.1309290000e-02  3.2673157000e-02  2.7943338000e-02
    1.6780000000e+01  5.6464704700e-01  5.6125691100e-01  5.4609067600e-01  3.1260222000e-02  3.2603728000e-02  2.7893774000e-02
    1.6790000000e+01  5.6616430700e-01  5.6270604700e-01  5.4752338300e-01  3.1213988000e-02  3.2534501000e-02  2.7847176000e-02
    1.6800000000e+01  5.6768080200e-01  5.6415750900e-01  5.4895312400e-01  3.1170535000e-02  3.2465893000e-02  2.7803407000e-02
    1.6810000000e+01  5.6919650300e-01  5.6561137400e-01  5.5037982200e-01  3.1129808000e-02  3.2398336000e-02  2.7762326000e-02
    1.6820000000e+01  5.7071137900e-01  5.6706763600e-01  5.5180342000e-01  3.1091742000e-02  3.2332256000e-02  2.7723799000e-02
    1.6830000000e+01  5.7222539600e-01  5.6852619900e-01  5.5322387000e-01  3.1056255000e-02  3.2268050000e-02  2.7687699000e-02
    1.6840000000e+01  5.7373853000e-01  5.6998689100e-01  5.5464112800e-01  3.1023242000e-02  3.2206062000e-02  2.7653904000e-02
    1.6850000000e+01  5.7525077100e-01  5.7144948200e-01  5.5605514000e-01  3.0992570000e-02  3.2146562000e-02  2.7622287000e-02
    1.6860000000e+01  5.7676214200e-01  5.7291370200e-01  5.5746585100e-01  3.0964082000e-02  3.2089732000e-02  2.7592706000e-02
    1.6870000000e+01  5.7827270800e-01  5.7437927400e-01  5.5887320100e-01  3.0937604000e-02  3.2035658000e-02  2.7564998000e-02
    1.6880000000e+01  5.7978258200e-01  5.7584594500e-01  5.6027714200e-01  3.0912963000e-02  3.1984333000e-02  2.7538962000e-02
    1.6890000000e+01  5.8129193200e-01  5.7731350700e-01  5.6167764900e-01  3.0890001000e-02  3.1935669000e-02  2.7514365000e-02
    1.6900000000e+01  5.8280097000e-01  5.7878182700e-01  5.6307473500e-01  3.0868597000e-02  3.1889524000e-02  2.7490945000e-02
    1.6910000000e+01  5.8430994100e-01  5.8025085200e-01  5.6446846300e-01  3.0848678000e-02  3.1845727000e-02  2.7468416000e-02
    1.6920000000e+01  5.8581910200e-01  5.8172061200e-01  5.6585895500e-01  3.0830227000e-02  3.1804112000e-02  2.7446490000e-02
    1.6930000000e+01  5.8732870500e-01  5.8319120400e-01  5.6724639400e-01  3.0813287000e-02  3.1764545000e-02  2.7424887000e-02
    1.6940000000e+01  5.8883897600e-01  5.8466277500e-01  5.6863102100e-01  3.0797950000e-02  3.1726941000e-02  2.7403352000e-02
    1.6950000000e+01  5.9035010300e-01  5.8613548800e-01  5.7001312900e-01  3.0784344000e-02  3.1691274000e-02  2.7381674000e-02
    1.6960000000e+01  5.9186223000e-01  5.8760950700e-01  5.7139305100e-01  3.0772618000e-02  3.1657575000e-02  2.7359692000e-02
    1.6970000000e+01  5.9337545300e-01  5.8908496700e-01  5.7277114800e-01  3.0762922000e-02  3.1625913000e-02  2.7337309000e-02
    1.6980000000e+01  5.9488983000e-01  5.9056197300e-01  5.7414779100e-01  3.0755399000e-02  3.1596384000e-02  2.7314490000e-02
    1.6990000000e+01  5.9640538400e-01  5.9204059100e-01  5.7552334800e-01  3.0750166000e-02  3.1569086000e-02  2.7291271000e-02
    1.7000000000e+01  5.9792211700e-01  5.9352085900e-01  5.7689816600e-01  3.0747317000e-02  3.1544108000e-02  2.7267748000e-02
    1.7010000000e+01  5.9944001600e-01  5.9500279500e-01  5.7827255900e-01  3.0746907000e-02  3.1521520000e-02  2.7244070000e-02
    1.7020000000e+01  6.0095907000e-01  5.9648641000e-01  5.7964679800e-01  3.0748962000e-02  3.1501364000e-02  2.7220432000e-02
    1.7030000000e+01  6.0247927100e-01  5.9797171900e-01  5.8102110500e-01  3.0753469000e-02  3.1483664000e-02  2.7197054000e-02
    1.7040000000e+01  6.0400063400e-01  5.9945874900e-01  5.8239564700e-01  3.0760390000e-02  3.1468422000e-02  2.7174177000e-02
    1.7050000000e+01  6.0552320000e-01  6.0094753900e-01  5.8377054300e-01  3.0769661000e-02  3.1455634000e-02  2.7152042000e-02
    1.7060000000e+01  6.0704704300e-01  6.0243814900e-01  5.8514586600e-01  3.0781204000e-02  3.1445286000e-02  2.7130882000e-02
    1.7070000000e+01  6.0857227500e-01  6.0393065400e-01  5.8652165000e-01  3.0794937000e-02  3.1437367000e-02  2.7110914000e-02
    1.7080000000e+01  6.1009904800e-01  6.0542514500e-01  5.8789790200e-01  3.0810786000e-02  3.1431871000e-02  2.7092337000e-02
    1.7090000000e+01  6.1162754600e-01  6.0692172400e-01  5.8927460400e-01  3.0828699000e-02  3.1428799000e-02  2.7075326000e-02
    1.7100000000e+01  6.1315798000e-01  6.0842050300e-01  5.9065172300e-01  3.0848652000e-02  3.1428168000e-02  2.7060037000e-02
    1.7110000000e+01  6.1469057700e-01  6.0992159900e-01  5.9202921000e-01  3.0870656000e-02  3.1430008000e-02  2.7046607000e-02
    1.7120000000e+01  6.1622556700e-01  6.1142512000e-01  5.9340700300e-01  3.0894762000e-02  3.1434366000e-02  2.7035153000e-02
    1.7130000000e+01  6.1776317000e-01  6.1293116300e-01  5.9478503000e-01  3.0921053000e-02  3.1441302000e-02  2.7025770000e-02
    1.7140000000e+01  6.1930358800e-01  6.1443980700e-01  5.9616320400e-01  3.0949643000e-02  3.1450878000e-02  2.7018530000e-02
    1.7150000000e+01  6.2084699900e-01  6.1595110700e-01  5.9754143800e-01  3.0980664000e-02  3.1463150000e-02  2.7013475000e-02
    1.7160000000e+01  6.2239354900e-01  6.1746509700e-01  5.9891964100e-01  3.1014257000e-02  3.1478152000e-02  2.7010617000e-02
    1.7170000000e+01  6.2394336100e-01  6.1898180100e-01  6.0029773400e-01  3.1050557000e-02  3.1495884000e-02  2.7009937000e-02
    1.7180000000e+01  6.2549653300e-01  6.2050124900e-01  6.0167565800e-01  3.1089691000e-02  3.1516308000e-02  2.7011387000e-02
    1.7190000000e+01  6.2705314900e-01  6.2202349000e-01  6.0305337900e-01  3.1131763000e-02  3.1539340000e-02  2.7014901000e-02
    1.7200000000e+01  6.2861328800e-01  6.2354861600e-01  6.0443089400e-01  3.1176858000e-02  3.1564865000e-02  2.7020403000e-02
    1.7210000000e+01  6.3017702900e-01  6.2507676900e-01  6.0580823100e-01  3.1225038000e-02  3.1592748000e-02  2.7027820000e-02
    1.7220000000e+01  6.3174446000e-01  6.2660814700e-01  6.0718543600e-01  3.1276342000e-02  3.1622852000e-02  2.7037093000e-02
    1.7230000000e+01  6.3331568400e-01  6.2814300200e-01  6.0856257000e-01  3.1330791000e-02  3.1655054000e-02  2.7048179000e-02
    1.7240000000e+01  6.3489082300e-01  6.2968163100e-01  6.0993969000e-01  3.1388392000e-02  3.1689261000e-02  2.7061054000e-02
    1.7250000000e+01  6.3647002500e-01  6.3122435900e-01  6.1131684200e-01  3.1449135000e-02  3.1725412000e-02  2.7075699000e-02
    1.7260000000e+01  6.3805346700e-01  6.3277153700e-01  6.1269405800e-01  3.1513004000e-02  3.1763479000e-02  2.7092094000e-02
    1.7270000000e+01  6.3964136200e-01  6.3432352700e-01  6.1407135700e-01  3.1579978000e-02  3.1803458000e-02  2.7110200000e-02
    1.7280000000e+01  6.4123396300e-01  6.3588070800e-01  6.1544875600e-01  3.1650043000e-02  3.1845370000e-02  2.7129948000e-02
    1.7290000000e+01  6.4283156700e-01  6.3744348000e-01  6.1682628400e-01  3.1723204000e-02  3.1889253000e-02  2.7151240000e-02
    1.7300000000e+01  6.4443450900e-01  6.3901226900e-01  6.1820400200e-01  3.1799492000e-02  3.1935165000e-02  2.7173942000e-02
    1.7310000000e+01  6.4604315900e-01  6.4058753500e-01  6.1958201300e-01  3.1878983000e-02  3.1983193000e-02  2.7197903000e-02
    1.7320000000e+01  6.4765790400e-01  6.4216977200e-01  6.2096047500e-01  3.1961804000e-02  3.2033469000e-02  2.7222966000e-02
    1.7330000000e+01  6.4927914300e-01  6.4375950300e-01  6.2233959900e-01  3.2048137000e-02  3.2086178000e-02  2.7248987000e-02
    1.7340000000e+01  6.5090726000e-01  6.4535727100e-01  6.2371964800e-01  3.2138220000e-02  3.2141576000e-02  2.7275853000e-02
    1.7350000000e+01  6.5254262000e-01  6.4696361600e-01  6.2510092300e-01  3.2232336000e-02  3.2199995000e-02  2.7303497000e-02
    1.7360000000e+01  6.5418555100e-01  6.4857906400e-01  6.2648375100e-01  3.2330809000e-02  3.2261847000e-02  2.7331904000e-02
    1.7370000000e+01  6.5583634400e-01  6.5020409800e-01  6.2786846300e-01  3.2433982000e-02  3.2327617000e-02  2.7361117000e-02
    1.7380000000e+01  6.5749524700e-01  6.5183914900e-01  6.2925538600e-01  3.2542211000e-02  3.2397852000e-02  2.7391232000e-02
    1.7390000000e+01  6.5916247100e-01  6.5348457500e-01  6.3064482300e-01  3.2655843000e-02  3.2473144000e-02  2.7422394000e-02
    1.7400000000e+01  6.6083820000e-01  6.5514066000e-01  6.3203704700e-01  3.2775209000e-02  3.2554110000e-02  2.7454783000e-02
    1.7410000000e+01  6.6252259800e-01  6.5680760900e-01  6.3343229600e-01  3.2900616000e-02  3.2641366000e-02  2.7488602000e-02
    1.7420000000e+01  6.6421582600e-01  6.5848555800e-01  6.3483076800e-01  3.3032340000e-02  3.2735514000e-02  2.7524067000e-02
    1.7430000000e+01  6.6591805600e-01  6.6017458800e-01  6.3623262800e-01  3.3170629000e-02  3.2837115000e-02  2.7561388000e-02
    1.7440000000e+01  6.6762947900e-01  6.6187473700e-01  6.3763801900e-01  3.3315707000e-02  3.2946683000e-02  2.7600766000e-02
    1.7450000000e+01  6.6935032300e-01  6.6358602500e-01  6.3904706600e-01  3.3467784000e-02  3.3064680000e-02  2.7642385000e-02
    1.7460000000e+01  6.7108085000e-01  6.6530847200e-01  6.4045989200e-01  3.3627063000e-02  3.3191510000e-02  2.7686411000e-02
    1.7470000000e+01  6.7282136700e-01  6.6704211500e-01  6.4187662700e-01  3.3793755000e-02  3.3327532000e-02  2.7732999000e-02
    1.7480000000e+01  6.7457222100e-01  6.6878702000e-01  6.4329741200e-01  3.3968089000e-02  3.3473064000e-02  2.7782303000e-02
    1.7490000000e+01  6.7633379600e-01  6.7054329600e-01  6.4472239500e-01  3.4150321000e-02  3.3628401000e-02  2.7834477000e-02
    1.7500000000e+01  6.7810650900e-01  6.7231109600e-01  6.4615173500e-01  3.4340738000e-02  3.3793821000e-02  2.7889688000e-02
    1.7510000000e+01  6.7989080100e-01  6.7409062400e-01  6.4758558900e-01  3.4539671000e-02  3.3969601000e-02  2.7948113000e-02
    1.7520000000e+01  6.8168713700e-01  6.7588212800e-01  6.4902411000e-01  3.4747485000e-02  3.4156027000e-02  2.8009941000e-02
    1.7530000000e+01  6.8349599300e-01  6.7768590900e-01  6.5046744500e-01  3.4964590000e-02  3.4353400000e-02  2.8075363000e-02
    1.7540000000e+01  6.8531785900e-01  6.7950231000e-01  6.5191573700e-01  3.5191433000e-02  3.4562046000e-02  2.8144570000e-02
    1.7550000000e+01  6.8715323400e-01  6.8133171900e-01  6.5336912700e-01  3.5428499000e-02  3.4782320000e-02  2.8217750000e-02
    1.7560000000e+01  6.8900262700e-01  6.8317456700e-01  6.5482776300e-01  3.5676310000e-02  3.5014616000e-02  2.8295084000e-02
    1.7570000000e+01  6.9086655600e-01  6.8503132900e-01  6.5629180600e-01  3.5935421000e-02  3.5259369000e-02  2.8376750000e-02
    1.7580000000e+01  6.9274555500e-01  6.8690251600e-01  6.5776143400e-01  3.6206420000e-02  3.5517066000e-02  2.8462929000e-02
    1.7590000000e+01  6.9464017500e-01  6.8878867700e-01  6.5923684600e-01  3.6489931000e-02  3.5788250000e-02  2.8553813000e-02
    1.7600000000e+01  6.9655098800e-01  6.9069039100e-01  6.6071826000e-01  3.6786613000e-02  3.6073527000e-02  2.8649612000e-02
    1.7610000000e+01  6.9847859700e-01  6.9260826600e-01  6.6220590400e-01  3.7097170000e-02  3.6373570000e-02  2.8750559000e-02
    1.7620000000e+01  7.0042363200e-01  6.9454292800e-01  6.6370001500e-01  3.7422354000e-02  3.6689122000e-02  2.8856914000e-02
    1.7630000000e+01  7.0238676100e-01  6.9649502000e-01  6.6520083000e-01  3.7762977000e-02  3.7020995000e-02  2.8968959000e-02
    1.7640000000e+01  7.0436868400e-01  6.9846520400e-01  6.6670858000e-01  3.8119922000e-02  3.7370072000e-02  2.9086997000e-02
    1.7650000000e+01  7.0637013100e-01  7.0045415500e-01  6.6822349600e-01  3.8494149000e-02  3.7737305000e-02  2.9211343000e-02
    1.7660000000e+01  7.0839185900e-01  7.0246257700e-01  6.6974580900e-01  3.8886706000e-02  3.8123714000e-02  2.9342319000e-02
    1.7670000000e+01  7.1043464900e-01  7.0449120000e-01  6.7127576200e-01  3.9298740000e-02  3.8530402000e-02  2.9480253000e-02
    1.7680000000e+01  7.1249929900e-01  7.0654079400e-01  6.7281361800e-01  3.9731497000e-02  3.8958559000e-02  2.9625480000e-02
    1.7690000000e+01  7.1458662500e-01  7.0861217100e-01  6.7435966900e-01  4.0186335000e-02  3.9409482000e-02  2.9778355000e-02
    1.7700000000e+01  7.1669745100e-01  7.1070618700e-01  6.7591424200e-01  4.0664726000e-02  3.9884594000e-02  2.9939260000e-02
    1.7710000000e+01  7.1883261300e-01  7.1282373300e-01  6.7747769700e-01  4.1168272000e-02  4.0385466000e-02  3.0108620000e-02
    1.7720000000e+01  7.2099295400e-01  7.1496573300e-01  6.7905042500e-01  4.1698706000e-02  4.0913836000e-02  3.0286917000e-02
    1.7730000000e+01  7.2317931800e-01  7.1713312800e-01  6.8063284000e-01  4.2257912000e-02  4.1471634000e-02  3.0474696000e-02
    1.7740000000e+01  7.2539254900e-01  7.1932686400e-01  6.8222536900e-01  4.2847935000e-02  4.2060999000e-02  3.0672582000e-02
    1.7750000000e+01  7.2763348500e-01  7.2154787300e-01  6.8382844300e-01  4.3470996000e-02  4.2684299000e-02  3.0881278000e-02
    1.7760000000e+01  7.2990294400e-01  7.2379705200e-01  6.8544248800e-01  4.4129515000e-02  4.3344151000e-02  3.1101574000e-02
    1.7770000000e+01  7.3220171800e-01  7.2607524800e-01  6.8706790900e-01  4.4826124000e-02  4.4043438000e-02  3.1334348000e-02
    1.7780000000e+01  7.3453055300e-01  7.2838322600e-01  6.8870508900e-01  4.5563687000e-02  4.4785334000e-02  3.1580567000e-02
    1.7790000000e+01  7.3689013500e-01  7.3072164400e-01  6.9035437500e-01  4.6345325000e-02  4.5573316000e-02  3.1841288000e-02
    1.7800000000e+01  7.3928106900e-01  7.3309102000e-01  6.9201607200e-01  4.7174429000e-02  4.6411187000e-02  3.2117657000e-02
    1.7810000000e+01  7.4170385300e-01  7.3549169900e-01  6.9369043500e-01  4.8054688000e-02  4.7303093000e-02  3.2410913000e-02
    1.7820000000e+01  7.4415885700e-01  7.3792381500e-01  6.9537766000e-01  4.8990108000e-02  4.8253540000e-02  3.2722385000e-02
    1.7830000000e+01  7.4664628600e-01  7.4038724600e-01  6.9707788300e-01  4.9985035000e-02  4.9267412000e-02  3.3053494000e-02
    1.7840000000e+01  7.4916615300e-01  7.4288156900e-01  6.9879116500e-01  5.1044191000e-02  5.0349999000e-02  3.3405757000e-02
    1.7850000000e+01  7.5171822400e-01  7.4540600400e-01  7.0051749300e-01  5.2172698000e-02  5.1507010000e-02  3.3780787000e-02
    1.7860000000e+01  7.5430197000e-01  7.4795934200e-01  7.0225676400e-01  5.3376117000e-02  5.2744610000e-02  3.4180303000e-02
    1.7870000000e+01  7.5691649200e-01  7.5053986400e-01  7.0400877900e-01  5.4660481000e-02  5.4069437000e-02  3.4606128000e-02
    1.7880000000e+01  7.5956043000e-01  7.5314523200e-01  7.0577323500e-01  5.6032320000e-02  5.5488627000e-02  3.5060206000e-02
    1.7890000000e+01  7.6223186300e-01  7.5577236400e-01  7.0754970000e-01  5.7498681000e-02  5.7009821000e-02  3.5544607000e-02
    1.7900000000e+01  7.6492818100e-01  7.5841727800e-01  7.0933760000e-01  5.9067136000e-02  5.8641156000e-02  3.6061543000e-02
    1.7910000000e+01  7.6764594900e-01  7.6107492100e-01  7.1113618400e-01  6.0745769000e-02  6.0391231000e-02  3.6613379000e-02
    1.7920000000e+01  7.7038074800e-01  7.6373896300e-01  7.1294448700e-01  6.2543146000e-02  6.2269039000e-02  3.7202646000e-02
    1.7930000000e+01  7.7312700400e-01  7.6640158700e-01  7.1476128000e-01  6.4468250000e-02  6.4283847000e-02  3.7832041000e-02
    1.7940000000e+01  7.7587779700e-01  7.6905325100e-01  7.1658500800e-01  6.6530393000e-02  6.6445028000e-02  3.8504425000e-02
    1.7950000000e+01  7.7862466300e-01  7.7168246300e-01  7.1841372500e-01  6.8739076000e-02  6.8761820000e-02  3.9222808000e-02
    1.7960000000e+01  7.8135738700e-01  7.7427555200e-01  7.2024501600e-01  7.1103795000e-02  7.1243000000e-02  3.9990302000e-02
    1.7970000000e+01  7.8406380600e-01  7.7681648800e-01  7.2207592500e-01  7.3633787000e-02  7.3896471000e-02  4.0810078000e-02
    1.7980000000e+01  7.8672963900e-01  7.7928676300e-01  7.2390287500e-01  7.6337692000e-02  7.6728742000e-02  4.1685272000e-02
    1.7990000000e+01  7.8933836200e-01  7.8166537300e-01  7.2572160700e-01  7.9223151000e-02  7.9744317000e-02  4.2618890000e-02
    1.8000000000e+01  7.9187116200e-01  7.8392895400e-01  7.2752713000e-01  8.2296321000e-02  8.2945000000e-02  4.3613671000e-02
    1.8010000000e+01  7.9430699700e-01  7.8605211200e-01  7.2931369500e-01  8.5561339000e-02  8.6329154000e-02  4.4671930000e-02
    1.8020000000e+01  7.9662278200e-01  7.8800798000e-01  7.3107479800e-01  8.9019750000e-02  8.9890980000e-02  4.5795385000e-02
    1.8030000000e+01  7.9879371700e-01  7.8976902900e-01  7.3280323000e-01  9.2669936000e-02  9.3619872000e-02  4.6984963000e-02
    1.8040000000e+01  8.0079377500e-01  7.9130812100e-01  7.3449116300e-01  9.6506588000e-02  9.7499970000e-02  4.8240601000e-02
    1.8050000000e+01  8.0259632700e-01  7.9259975600e-01  7.3613029600e-01  1.0052025100e-01  1.0150998200e-01  4.9561046000e-02
    1.8060000000e+01  8.0417490800e-01  7.9362142400e-01  7.3771205400e-01  1.0469699600e-01  1.0562337300e-01  5.0943668000e-02
    1.8070000000e+01  8.0550407900e-01  7.9435494000e-01  7.3922786200e-01  1.0901823500e-01  1.0980896400e-01  5.2384301000e-02
    1.8080000000e+01  8.0656037400e-01  7.9478760300e-01  7.4066947500e-01  1.1346071700e-01  1.1403193700e-01  5.3877136000e-02
    1.8090000000e+01  8.0732329100e-01  7.9491305100e-01  7.4202938800e-01  1.1799672200e-01  1.1825519100e-01  5.5414694000e-02
    1.8100000000e+01  8.0777630200e-01  7.9473167800e-01  7.4330127700e-01  1.2259447900e-01  1.2244090300e-01  5.6987919000e-02
    1.8110000000e+01  8.0790782300e-01  7.9425057700e-01  7.4448045900e-01  1.2721883600e-01  1.2655216400e-01  5.8586414000e-02
    1.8120000000e+01  8.0771209600e-01  7.9348300500e-01  7.4556429200e-01  1.3183220400e-01  1.3055448500e-01  6.0198849000e-02
    1.8130000000e+01  8.0718988300e-01  7.9244747600e-01  7.4655245700e-01  1.3639578300e-01  1.3441704100e-01  6.1813517000e-02
    1.8140000000e+01  8.0634886900e-01  7.9116658600e-01  7.4744704900e-01  1.4087104900e-01  1.3811356800e-01  6.3419004000e-02
    1.8150000000e+01  8.0520364600e-01  7.8966574300e-01  7.4825242400e-01  1.4522142000e-01  1.4162286300e-01  6.5004886000e-02
    1.8160000000e+01  8.0377520300e-01  7.8797188900e-01  7.4897480200e-01  1.4941397300e-01  1.4492893100e-01  6.6562358000e-02
    1.8170000000e+01  8.0208986300e-01  7.8611232900e-01  7.4962166500e-01  1.5342101200e-01  1.4802083300e-01  6.8084695000e-02
    1.8180000000e+01  8.0017772300e-01  7.8411368100e-01  7.5020102200e-01  1.5722128400e-01  1.5089227900e-01  6.9567462000e-02
    1.8190000000e+01  7.9807075500e-01  7.8200101300e-01  7.5072065600e-01  1.6080064500e-01  1.5354101700e-01  7.1008458000e-02
    1.8200000000e+01  7.9580076800e-01  7.7979718400e-01  7.5118746300e-01  1.6415208200e-01  1.5596805400e-01  7.2407406000e-02
    1.8210000000e+01  7.9339752300e-01  7.7752244000e-01  7.5160695100e-01  1.6727505400e-01  1.5817675900e-01  7.3765446000e-02
    1.8220000000e+01  7.9088722000e-01  7.7519430800e-01  7.5198296400e-01  1.7017430900e-01  1.6017193100e-01  7.5084519000e-02
    1.8230000000e+01  7.8829151000e-01  7.7282777900e-01  7.5231762500e-01  1.7285835600e-01  1.6195892900e-01  7.6366728000e-02
    1.8240000000e+01  7.8562708000e-01  7.7043575000e-01  7.5261148300e-01  1.7533782400e-01  1.6354298100e-01  7.7613745000e-02
    1.8250000000e+01  7.8290574500e-01  7.6802962400e-01  7.5286382600e-01  1.7762393400e-01  1.6492873000e-01  7.8826320000e-02
    1.8260000000e+01  7.8013490700e-01  7.6561995300e-01  7.5307310800e-01  1.7972718600e-01  1.6612006300e-01  8.0003913000e-02
    1.8270000000e+01  7.7731827300e-01  7.6321704200e-01  7.5323746600e-01  1.8165631700e-01  1.6712018300e-01  8.1144488000e-02
    1.8280000000e+01  7.7445670700e-01  7.6083140400e-01  7.5335525600e-01  1.8341752400e-01  1.6793187400e-01  8.2244468000e-02
    1.8290000000e+01  7.7154917200e-01  7.5847405600e-01  7.5342559200e-01  1.8501390900e-01  1.6855788300e-01  8.3298859000e-02
    1.8300000000e+01  7.6859375800e-01  7.5615662800e-01  7.5344880800e-01  1.8644513800e-01  1.6900133700e-01  8.4301530000e-02
    1.8310000000e+01  7.6558875900e-01  7.5389131500e-01  7.5342681400e-01  1.8770732600e-01  1.6926615200e-01  8.5245638000e-02
    1.8320000000e+01  7.6253381200e-01  7.5169068500e-01  7.5336330000e-01  1.8879318700e-01  1.6935736100e-01  8.6124127000e-02
    1.8330000000e+01  7.5943101000e-01  7.4956740600e-01  7.5326376900e-01  1.8969249900e-01  1.6928135500e-01  8.6930280000e-02
    1.8340000000e+01  7.5628590300e-01  7.4753392000e-01  7.5313540200e-01  1.9039291300e-01  1.6904601200e-01  8.7658234000e-02
    1.8350000000e+01  7.5310825200e-01  7.4560209200e-01  7.5298676500e-01  1.9088110100e-01  1.6866072200e-01  8.8303429000e-02
    1.8360000000e+01  7.4991240900e-01  7.4378288700e-01  7.5282740600e-01  1.9114415800e-01  1.6813630700e-01  8.8862933000e-02
    1.8370000000e+01  7.4671718900e-01  7.4208607100e-01  7.5266737300e-01  1.9117112500e-01  1.6748485600e-01  8.9335618000e-02
    1.8380000000e+01  7.4354522400e-01  7.4051998700e-01  7.5251673300e-01  1.9095443200e-01  1.6671947800e-01  8.9722170000e-02
    1.8390000000e+01  7.4042181400e-01  7.3909141800e-01  7.5238513100e-01  1.9049104400e-01  1.6585401600e-01  9.0024948000e-02
    1.8400000000e+01  7.3737343900e-01  7.3780554500e-01  7.5228145100e-01  1.8978313500e-01  1.6490273500e-01  9.0247730000e-02
    1.8410000000e+01  7.3442614600e-01  7.3666601200e-01  7.5221361100e-01  1.8883818700e-01  1.6388005400e-01  9.0395394000e-02
    1.8420000000e+01  7.3160403400e-01  7.3567505900e-01  7.5218848200e-01  1.8766850500e-01  1.6280034500e-01  9.0473598000e-02
    1.8430000000e+01  7.2892807500e-01  7.3483368500e-01  7.5221191800e-01  1.8629025200e-01  1.6167782000e-01  9.0488511000e-02
    1.8440000000e+01  7.2641540700e-01  7.3414178200e-01  7.5228884100e-01  1.8472219000e-01  1.6052651900e-01  9.0446615000e-02
    1.8450000000e+01  7.2407917000e-01  7.3359822300e-01  7.5242334900e-01  1.8298433700e-01  1.5936035200e-01  9.0354596000e-02
    1.8460000000e+01  7.2192884600e-01  7.3320085300e-01  7.5261880200e-01  1.8109676700e-01  1.5819316000e-01  9.0219287000e-02
    1.8470000000e+01  7.1997098600e-01  7.3294642500e-01  7.5287787200e-01  1.7907874600e-01  1.5703876700e-01  9.0047645000e-02
    1.8480000000e+01  7.1821013800e-01  7.3283047200e-01  7.5320257200e-01  1.7694830800e-01  1.5591097500e-01  8.9846746000e-02
    1.8490000000e+01  7.1664976100e-01  7.3284715400e-01  7.5359425200e-01  1.7472230700e-01  1.5482351000e-01  8.9623768000e-02
    1.8500000000e+01  7.1529292100e-01  7.3298909500e-01  7.5405358700e-01  1.7241688300e-01  1.5378990600e-01  8.9385983000e-02
    1.8510000000e+01  7.1414260400e-01  7.3324720800e-01  7.5458054400e-01  1.7004819200e-01  1.5282333200e-01  8.9140743000e-02
    1.8520000000e+01  7.1320156600e-01  7.3361053000e-01  7.5517432000e-01  1.6763318800e-01  1.5193634300e-01  8.8895452000e-02
    1.8530000000e+01  7.1247174900e-01  7.3406606900e-01  7.5583325600e-01  1.6519022700e-01  1.5114054600e-01  8.8657520000e-02
    1.8540000000e+01  7.1195338100e-01  7.3459872000e-01  7.5655472800e-01  1.6273931600e-01  1.5044614400e-01  8.8434256000e-02
    1.8550000000e+01  7.1164397900e-01  7.3519129700e-01  7.5733505700e-01  1.6030187200e-01  1.4986138700e-01  8.8232693000e-02
    1.8560000000e+01  7.1153748100e-01  7.3582475100e-01  7.5816946600e-01  1.5790001400e-01  1.4939196500e-01  8.8059354000e-02
    1.8570000000e+01  7.1162370500e-01  7.3647858900e-01  7.5905212400e-01  1.5555547400e-01  1.4904041100e-01  8.7919972000e-02
    1.8580000000e+01  7.1188827000e-01  7.3713151700e-01  7.5997629300e-01  1.5328832700e-01  1.4880560600e-01  8.7819223000e-02
    1.8590000000e+01  7.1231300100e-01  7.3776223600e-01  7.6093456700e-01  1.5111573400e-01  1.4868247200e-01  8.7760498000e-02
    1.8600000000e+01  7.1287675100e-01  7.3835033900e-01  7.6191916900e-01  1.4905088700e-01  1.4866188500e-01  8.7745763000e-02
    1.8610000000e+01  7.1355653900e-01  7.3887721100e-01  7.6292228200e-01  1.4710228600e-01  1.4873084300e-01  8.7775518000e-02
    1.8620000000e+01  7.1432883500e-01  7.3932686900e-01  7.6393636700e-01  1.4527341900e-01  1.4887285300e-01  8.7848841000e-02
    1.8630000000e+01  7.1517085600e-01  7.3968667100e-01  7.6495443100e-01  1.4356284500e-01  1.4906851800e-01  8.7963515000e-02
    1.8640000000e+01  7.1606174600e-01  7.3994787400e-01  7.6597025100e-01  1.4196464200e-01  1.4929625400e-01  8.8116198000e-02
    1.8650000000e+01  7.1698354200e-01  7.4010600900e-01  7.6697853200e-01  1.4046915100e-01  1.4953310400e-01  8.8302624000e-02
    1.8660000000e+01  7.1792185800e-01  7.4016107200e-01  7.6797501500e-01  1.3906391800e-01  1.4975560100e-01  8.8517802000e-02
    1.8670000000e+01  7.1886626400e-01  7.4011753900e-01  7.6895654100e-01  1.3773473100e-01  1.4994063200e-01  8.8756210000e-02
    1.8680000000e+01  7.1981035400e-01  7.3998420100e-01  7.6992109900e-01  1.3646665500e-01  1.5006627200e-01  8.9011979000e-02
    1.8690000000e+01  7.2075156700e-01  7.3977386000e-01  7.7086783700e-01  1.3524497000e-01  1.5011254600e-01  8.9279059000e-02
    1.8700000000e+01  7.2169079400e-01  7.3950289400e-01  7.7179709000e-01  1.3405595900e-01  1.5006209900e-01  8.9551371000e-02
    1.8710000000e+01  7.2263187300e-01  7.3919074300e-01  7.7271039400e-01  1.3288750900e-01  1.4990076000e-01  8.9822973000e-02
    1.8720000000e+01  7.2358103600e-01  7.3885934200e-01  7.7361051400e-01  1.3172953800e-01  1.4961801700e-01  9.0088233000e-02
    1.8730000000e+01  7.2454634300e-01  7.3853250100e-01  7.7450145500e-01  1.3057427500e-01  1.4920739900e-01  9.0342037000e-02
    1.8740000000e+01  7.2553715400e-01  7.3823524100e-01  7.7538844800e-01  1.2941641700e-01  1.4866679700e-01  9.0580041000e-02
    1.8750000000e+01  7.2656361600e-01  7.3799306300e-01  7.7627787800e-01  1.2825321400e-01  1.4799870800e-01  9.0798958000e-02
    1.8760000000e+01  7.2763618900e-01  7.3783114400e-01  7.7717712300e-01  1.2708447900e-01  1.4721037500e-01  9.0996864000e-02
    1.8770000000e+01  7.2876517900e-01  7.3777345800e-01  7.7809430100e-01  1.2591253000e-01  1.4631378800e-01  9.1173480000e-02
    1.8780000000e+01  7.2996030900e-01  7.3784186600e-01  7.7903792800e-01  1.2474207800e-01  1.4532550600e-01  9.1330404000e-02
    1.8790000000e+01  7.3123032400e-01  7.3805521600e-01  7.8001650700e-01  1.2358004400e-01  1.4426626700e-01  9.1471246000e-02
    1.8800000000e+01  7.3258264100e-01  7.3842852400e-01  7.8103808500e-01  1.2243533700e-01  1.4316040100e-01  9.1601667000e-02
    1.8810000000e+01  7.3402304400e-01  7.3897230000e-01  7.8210981200e-01  1.2131859300e-01  1.4203505500e-01  9.1729318000e-02
    1.8820000000e+01  7.3555542600e-01  7.3969204700e-01  7.8323752000e-01  1.2024189200e-01  1.4091929500e-01  9.1863682000e-02
    1.8830000000e+01  7.3718155600e-01  7.4058797600e-01  7.8442533600e-01  1.1921845900e-01  1.3984312900e-01  9.2015854000e-02
    1.8840000000e+01  7.3890086300e-01  7.4165491700e-01  7.8567532700e-01  1.1826232500e-01  1.3883651400e-01  9.2198251000e-02
    1.8850000000e+01  7.4071026100e-01  7.4288241700e-01  7.8698717400e-01  1.1738794800e-01  1.3792838500e-01  9.2424247000e-02
    1.8860000000e+01  7.4260400400e-01  7.4425500400e-01  7.8835790100e-01  1.1660978100e-01  1.3714573000e-01  9.2707743000e-02
    1.8870000000e+01  7.4457362600e-01  7.4575259600e-01  7.8978165800e-01  1.1594177100e-01  1.3651274600e-01  9.3062638000e-02
    1.8880000000e+01  7.4660797700e-01  7.4735104200e-01  7.9124961800e-01  1.1539682200e-01  1.3605005900e-01  9.3502219000e-02
    1.8890000000e+01  7.4869339000e-01  7.4902278700e-01  7.9275000900e-01  1.1498624400e-01  1.3577405300e-01  9.4038491000e-02
    1.8900000000e+01  7.5081398200e-01  7.5073764800e-01  7.9426832800e-01  1.1471923500e-01  1.3569631000e-01  9.4681479000e-02
    1.8910000000e+01  7.5295207700e-01  7.5246369400e-01  7.9578774500e-01  1.1460242500e-01  1.3582318500e-01  9.5438562000e-02
    1.8920000000e+01  7.5508873400e-01  7.5416820700e-01  7.9728970300e-01  1.1463952700e-01  1.3615554200e-01  9.6313908000e-02
    1.8930000000e+01  7.5720435700e-01  7.5581869400e-01  7.9875467500e-01  1.1483111800e-01  1.3668867500e-01  9.7308079000e-02
    1.8940000000e+01  7.5927933700e-01  7.5738391300e-01  8.0016303400e-01  1.1517456500e-01  1.3741243800e-01  9.8417852000e-02
    1.8950000000e+01  7.6129469600e-01  7.5883486400e-01  8.0149594200e-01  1.1566411500e-01  1.3831158600e-01  9.9636298000e-02
    1.8960000000e+01  7.6323268700e-01  7.6014567900e-01  8.0273618300e-01  1.1629113100e-01  1.3936631700e-01  1.0095312100e-01
    1.8970000000e+01  7.6507729800e-01  7.6129437200e-01  8.0386883600e-01  1.1704447200e-01  1.4055298600e-01  1.0235521600e-01
    1.8980000000e+01  7.6681462800e-01  7.6226340800e-01  8.0488172800e-01  1.1791096300e-01  1.4184492900e-01  1.0382736400e-01
    1.8990000000e+01  7.6843311600e-01  7.6304008700e-01  8.0576564000e-01  1.1887591300e-01  1.4321336500e-01  1.0535298800e-01
    1.9000000000e+01  7.6992363400e-01  7.6361675600e-01  8.0651428700e-01  1.1992363300e-01  1.4462831900e-01  1.0691484200e-01
    1.9010000000e+01  7.7127946100e-01  7.6399085000e-01  8.0712413400e-01  1.2103790800e-01  1.4605954100e-01  1.0849560000e-01
    1.9020000000e+01  7.7249617100e-01  7.6416479600e-01  8.0759411400e-01  1.2220241800e-01  1.4747742400e-01  1.1007828700e-01
    1.9030000000e+01  7.7357145700e-01  7.6414573700e-01  8.0792532700e-01  1.2340109800e-01  1.4885389500e-01  1.1164658600e-01
    1.9040000000e+01  7.7450491300e-01  7.6394510300e-01  8.0812075900e-01  1.2461843100e-01  1.5016326800e-01  1.1318503900e-01
    1.9050000000e+01  7.7529776600e-01  7.6357797400e-01  8.0818502400e-01  1.2583968700e-01  1.5138300200e-01  1.1467920700e-01
    1.9060000000e+01  7.7595257000e-01  7.6306227500e-01  8.0812412400e-01  1.2705108100e-01  1.5249430400e-01  1.1611578100e-01
    1.9070000000e+01  7.7647289500e-01  7.6241783900e-01  8.0794520700e-01  1.2823984300e-01  1.5348252000e-01  1.1748268300e-01
    1.9080000000e+01  7.7686301400e-01  7.6166541000e-01  8.0765632400e-01  1.2939418100e-01  1.5433725500e-01  1.1876912100e-01
    1.9090000000e+01  7.7712766300e-01  7.6082568100e-01  8.0726616500e-01  1.3050316200e-01  1.5505224500e-01  1.1996560600e-01
    1.9100000000e+01  7.7727187100e-01  7.5991844700e-01  8.0678382400e-01  1.3155652700e-01  1.5562499000e-01  1.2106390400e-01
    1.9110000000e+01  7.7730090900e-01  7.5896192300e-01  8.0621857900e-01  1.3254448500e-01  1.5605623300e-01  1.2205694600e-01
    1.9120000000e+01  7.7722031600e-01  7.5797226100e-01  8.0557972500e-01  1.3345754100e-01  1.5634934200e-01  1.2293869200e-01
    1.9130000000e+01  7.7703600600e-01  7.5696322100e-01  8.0487644400e-01  1.3428637900e-01  1.5650967500e-01  1.2370397100e-01
    1.9140000000e+01  7.7675439500e-01  7.5594599500e-01  8.0411774000e-01  1.3502183000e-01  1.5654395600e-01  1.2434832000e-01
    1.9150000000e+01  7.7638251300e-01  7.5492911100e-01  8.0331239600e-01  1.3565490500e-01  1.5645968000e-01  1.2486781000e-01
    1.9160000000e+01  7.7592808000e-01  7.5391841700e-01  8.0246898900e-01  1.3617687700e-01  1.5626451200e-01  1.2525888400e-01
    1.9170000000e+01  7.7539952600e-01  7.5291714300e-01  8.0159593900e-01  1.3657938300e-01  1.5596567200e-01  1.2551818600e-01
    1.9180000000e+01  7.7480596900e-01  7.5192606800e-01  8.0070161600e-01  1.3685450500e-01  1.5556929600e-01  1.2564241500e-01
    1.9190000000e+01  7.7415716400e-01  7.5094384600e-01  7.9979450600e-01  1.3699482700e-01  1.5507977600e-01  1.2562820200e-01
    1.9200000000e+01  7.7346345000e-01  7.4996752200e-01  7.9888343000e-01  1.3699344900e-01  1.5449913500e-01  1.2547204900e-01
    1.9210000000e+01  7.7273571500e-01  7.4899325000e-01  7.9797780300e-01  1.3684394900e-01  1.5382651600e-01  1.2517035300e-01
    1.9220000000e+01  7.7198540100e-01  7.4801720100e-01  7.9708788400e-01  1.3654032800e-01  1.5305784700e-01  1.2471953300e-01
    1.9230000000e+01  7.7122458800e-01  7.4703660300e-01  7.9622499400e-01  1.3607692600e-01  1.5218578200e-01  1.2411624800e-01
    1.9240000000e+01  7.7046616800e-01  7.4605081600e-01  7.9540166000e-01  1.3544837700e-01  1.5119995000e-01  1.2335769700e-01
    1.9250000000e+01  7.6972409800e-01  7.4506236100e-01  7.9463167200e-01  1.3464963600e-01  1.5008754700e-01  1.2244196200e-01
    1.9260000000e+01  7.6901372100e-01  7.4407775900e-01  7.9393004300e-01  1.3367614800e-01  1.4883423500e-01  1.2136837900e-01
    1.9270000000e+01  7.6835207500e-01  7.4310811300e-01  7.9331287400e-01  1.3252419300e-01  1.4742530200e-01  1.2013790600e-01
    1.9280000000e+01  7.6775811300e-01  7.4216933400e-01  7.9279713300e-01  1.3119142700e-01  1.4584699600e-01  1.1875346100e-01
    1.9290000000e+01  7.6725273800e-01  7.4128198800e-01  7.9240034300e-01  1.2967758900e-01  1.4408790300e-01  1.1722023700e-01
    1.9300000000e+01  7.6685855700e-01  7.4047072200e-01  7.9214018400e-01  1.2798528800e-01  1.4214029000e-01  1.1554595600e-01
    1.9310000000e+01  7.6659932800e-01  7.3976333000e-01  7.9203402000e-01  1.2612076400e-01  1.4000125200e-01  1.1374104500e-01
    1.9320000000e+01  7.6649909500e-01  7.3918947900e-01  7.9209834500e-01  1.2409448300e-01  1.3767357500e-01  1.1181871700e-01
    1.9330000000e+01  7.6658109100e-01  7.3877922800e-01  7.9234819500e-01  1.2192143100e-01  1.3516620800e-01  1.0979490300e-01
    1.9340000000e+01  7.6686654700e-01  7.3856145500e-01  7.9279653900e-01  1.1962104100e-01  1.3249429300e-01  1.0768803900e-01
    1.9350000000e+01  7.6737353700e-01  7.3856234600e-01  7.9345372900e-01  1.1721671800e-01  1.2967874600e-01  1.0551867800e-01
    1.9360000000e+01  7.6811603300e-01  7.3880406900e-01  7.9432704600e-01  1.1473502000e-01  1.2674543900e-01  1.0330896000e-01
    1.9370000000e+01  7.6910324800e-01  7.3930377000e-01  7.9542039200e-01  1.1220459400e-01  1.2372407200e-01  1.0108195900e-01
    1.9380000000e+01  7.7033934000e-01  7.4007291500e-01  7.9673416300e-01  1.0965499300e-01  1.2064685600e-01  9.8860982000e-02
    1.9390000000e+01  7.7182346800e-01  7.4111703700e-01  7.9826530000e-01  1.0711550800e-01  1.1754713100e-01  9.6668845000e-02
    1.9400000000e+01  7.7355014300e-01  7.4243583300e-01  8.0000752900e-01  1.0461411300e-01  1.1445802900e-01  9.4527215000e-02
    1.9410000000e+01  7.7550982200e-01  7.4402358100e-01  8.0195172900e-01  1.0217660300e-01  1.1141127700e-01  9.2456040000e-02
    1.9420000000e+01  7.7768964200e-01  7.4586980100e-01  8.0408642600e-01  9.9825958000e-02  1.0843620600e-01  9.0473105000e-02
    1.9430000000e+01  7.8007422300e-01  7.4796007000e-01  8.0639834300e-01  9.7581949000e-02  1.0555900200e-01  8.8593743000e-02
    1.9440000000e+01  7.8264647000e-01  7.5027693400e-01  8.0887296400e-01  9.5460965000e-02  1.0280221500e-01  8.6830691000e-02
    1.9450000000e+01  7.8538831800e-01  7.5280081800e-01  8.1149508500e-01  9.3476032000e-02  1.0018451500e-01  8.5194081000e-02
    1.9460000000e+01  7.8828137100e-01  7.5551089400e-01  8.1424929700e-01  9.1636976000e-02  9.7720665000e-02  8.3691554000e-02
    1.9470000000e+01  7.9130743800e-01  7.5838585200e-01  8.1712039500e-01  8.9950695000e-02  9.5421662000e-02  8.2328450000e-02
    1.9480000000e+01  7.9444893900e-01  7.6140455100e-01  8.2009370800e-01  8.8421481000e-02  9.3295013000e-02  8.1108052000e-02
    1.9490000000e+01  7.9768920300e-01  7.6454654800e-01  8.2315533300e-01  8.7051369000e-02  9.1345094000e-02  8.0031860000e-02
    1.9500000000e+01  8.0101267700e-01  7.6779250800e-01  8.2629231200e-01  8.5840481000e-02  8.9573557000e-02  7.9099868000e-02
    1.9510000000e+01  8.0440506100e-01  7.7112449100e-01  8.2949273200e-01  8.4787344000e-02  8.7979762000e-02  7.8310825000e-02
    1.9520000000e+01  8.0785339100e-01  7.7452614200e-01  8.3274578500e-01  8.3889198000e-02  8.6561199000e-02  7.7662494000e-02
    1.9530000000e+01  8.1134608100e-01  7.7798279400e-01  8.3604178800e-01  8.3142270000e-02  8.5313911000e-02  7.7151879000e-02
    1.9540000000e+01  8.1487293100e-01  7.8148148600e-01  8.3937216300e-01  8.2542044000e-02  8.4232872000e-02  7.6775433000e-02
    1.9550000000e+01  8.1842509400e-01  7.8501091300e-01  8.4272939900e-01  8.2083500000e-02  8.3312331000e-02  7.6529247000e-02
    1.9560000000e+01  8.2199501900e-01  7.8856133000e-01  8.4610699500e-01  8.1761340000e-02  8.2546106000e-02  7.6409209000e-02
    1.9570000000e+01  8.2557635500e-01  7.9212441700e-01  8.4949937500e-01  8.1570180000e-02  8.1927816000e-02  7.6411143000e-02
    1.9580000000e+01  8.2916383900e-01  7.9569312600e-01  8.5290180900e-01  8.1504709000e-02  8.1451052000e-02  7.6530926000e-02
    1.9590000000e+01  8.3275317400e-01  7.9926154200e-01  8.5631031200e-01  8.1559810000e-02  8.1109499000e-02  7.6764570000e-02
    1.9600000000e+01  8.3634091000e-01  8.0282475200e-01  8.5972155200e-01  8.1730654000e-02  8.0897017000e-02  7.7108294000e-02
    1.9610000000e+01  8.3992432600e-01  8.0637874500e-01  8.6313275200e-01  8.2012765000e-02  8.0807699000e-02  7.7558565000e-02
    1.9620000000e+01  8.4350131900e-01  8.0992032700e-01  8.6654160600e-01  8.2402077000e-02  8.0835920000e-02  7.8112120000e-02
    1.9630000000e+01  8.4707030000e-01  8.1344705900e-01  8.6994620400e-01  8.2894972000e-02  8.0976389000e-02  7.8765969000e-02
    1.9640000000e+01  8.5063008000e-01  8.1695720000e-01  8.7334497400e-01  8.3488306000e-02  8.1224210000e-02  7.9517390000e-02
    1.9650000000e+01  8.5417976200e-01  8.2044964000e-01  8.7673665600e-01  8.4179414000e-02  8.1574959000e-02  8.0363915000e-02
    1.9660000000e+01  8.5771864100e-01  8.2392382200e-01  8.8012028000e-01  8.4966099000e-02  8.2024765000e-02  8.1303337000e-02
    1.9670000000e+01  8.6124611700e-01  8.2737963900e-01  8.8349516600e-01  8.5846597000e-02  8.2570400000e-02  8.2333732000e-02
    1.9680000000e+01  8.6476162200e-01  8.3081729200e-01  8.8686091200e-01  8.6819535000e-02  8.3209350000e-02  8.3453503000e-02
    1.9690000000e+01  8.6826457100e-01  8.3423711800e-01  8.9021736100e-01  8.7883885000e-02  8.3939865000e-02  8.4661454000e-02
    1.9700000000e+01  8.7175432900e-01  8.3763939700e-01  8.9356453300e-01  8.9038915000e-02  8.4760965000e-02  8.5956859000e-02
    1.9710000000e+01  8.7523018600e-01  8.4102413900e-01  8.9690251900e-01  9.0284155000e-02  8.5672383000e-02  8.7339536000e-02
    1.9720000000e+01  8.7869134600e-01  8.4439088800e-01  9.0023133400e-01  9.1619362000e-02  8.6674444000e-02  8.8809866000e-02
    1.9730000000e+01  8.8213691200e-01  8.4773855900e-01  9.0355075400e-01  9.3044502000e-02  8.7767884000e-02  9.0368784000e-02
    1.9740000000e+01  8.8556587600e-01  8.5106534300e-01  9.0686015800e-01  9.4559739000e-02  8.8953602000e-02  9.2017690000e-02
    1.9750000000e+01  8.8897709400e-01  8.5436868900e-01  9.1015839500e-01  9.6165421000e-02  9.0232392000e-02  9.3758321000e-02
    1.9760000000e+01  8.9236925900e-01  8.5764538800e-01  9.1344370200e-01  9.7862082000e-02  9.1604674000e-02  9.5592567000e-02
    1.9770000000e+01  8.9574085400e-01  8.6089175400e-01  9.1671368600e-01  9.9650425000e-02  9.3070256000e-02  9.7522275000e-02
    1.9780000000e+01  8.9909010000e-01  8.6410388600e-01  9.1996537700e-01  1.0153129200e-01  9.4628173000e-02  9.9549051000e-02
    1.9790000000e+01  9.0241489500e-01  8.6727798300e-01  9.2319533800e-01  1.0350560800e-01  9.6276638000e-02  1.0167408500e-01
    1.9800000000e+01  9.0571277500e-01  8.7041067700e-01  9.2639984200e-01  1.0557429600e-01  9.8013111000e-02  1.0389802300e-01
    1.9810000000e+01  9.0898090400e-01  8.7349931000e-01  9.2957508100e-01  1.0773815700e-01  9.9834505000e-02  1.0622090800e-01
    1.9820000000e+01  9.1221612200e-01  8.7654212900e-01  9.3271739800e-01  1.0999775400e-01  1.0173749300e-01  1.0864219300e-01
    1.9830000000e+01  9.1541503300e-01  8.7953833900e-01  9.3582350300e-01  1.1235331800e-01  1.0371888300e-01  1.1116085400e-01
    1.9840000000e+01  9.1857414600e-01  8.8248799500e-01  9.3889064700e-01  1.1480469700e-01  1.0577598500e-01  1.1377558600e-01
    1.9850000000e+01  9.2169001400e-01  8.8539176300e-01  9.4191669500e-01  1.1735137700e-01  1.0790692100e-01  1.1648505800e-01
    1.9860000000e+01  9.2475935800e-01  8.8825057000e-01  9.4490009900e-01  1.1999257000e-01  1.1011080900e-01  1.1928819800e-01
    1.9870000000e+01  9.2777912500e-01  8.9106520400e-01  9.4783974200e-01  1.2272735200e-01  1.1238779000e-01  1.2218444900e-01
    1.9880000000e+01  9.3074647700e-01  8.9383595400e-01  9.5073469000e-01  1.2555481700e-01  1.1473890700e-01  1.2517393900e-01
    1.9890000000e+01  9.3365869100e-01  8.9656233000e-01  9.5358389100e-01  1.2847420900e-01  1.1716584500e-01  1.2825753600e-01
    1.9900000000e+01  9.3651300000e-01  8.9924291500e-01  9.5638588100e-01  1.3148499000e-01  1.1967060700e-01  1.3143678600e-01
    1.9910000000e+01  9.3930641400e-01  9.0187538000e-01  9.5913854100e-01  1.3458682600e-01  1.2225518000e-01  1.3471373100e-01
    1.9920000000e+01  9.4203554900e-01  9.0445660800e-01  9.6183895900e-01  1.3777947800e-01  1.2492127100e-01  1.3809067500e-01
    1.9930000000e+01  9.4469651600e-01  9.0698288900e-01  9.6448338000e-01  1.4106262800e-01  1.2767015800e-01  1.4156992500e-01
    1.9940000000e+01  9.4728488700e-01  9.0945012000e-01  9.6706725200e-01  1.4443565700e-01  1.3050265600e-01  1.4515356800e-01
    1.9950000000e+01  9.4979575000e-01  9.1185392200e-01  9.6958531700e-01  1.4789741300e-01  1.3341917100e-01  1.4884328100e-01
    1.9960000000e+01  9.5222384300e-01  9.1418967700e-01  9.7203174000e-01  1.5144600800e-01  1.3641977000e-01  1.5264020300e-01
    1.9970000000e+01  9.5456376700e-01  9.1645247900e-01  9.7440024300e-01  1.5507865300e-01  1.3950422100e-01  1.5654484300e-01
    1.9980000000e+01  9.5681025100e-01  9.1863705700e-01  9.7668425200e-01  1.5879157500e-01  1.4267194500e-01  1.6055701800e-01
    1.9990000000e+01  9.5895845300e-01  9.2073772000e-01  9.7887705100e-01  1.6258001600e-01  1.4592188300e-01  1.6467584600e-01
    2.0000000000e+01  9.6100424800e-01  9.2274838000e-01  9.8097192400e-01  1.6643834700e-01  1.4925232100e-01  1.6889976300e-01
