# Dielectric function: real and imaginary components
#        Energy (eV)          Re_eps_x          Re_eps_y          Re_eps_z          Im_eps_x          Im_eps_y          Im_eps_z
    0.0000000000e+00  8.3550906880e+00  6.4860304050e+00  7.6876030300e+00  0.0000000000e+00  0.0000000000e+00  0.0000000000e+00
    1.0000000000e-02  8.3551505610e+00  6.4860683780e+00  7.6876541200e+00  1.8185210000e-03  1.1525980000e-03  1.5512740000e-03
    2.0000000000e-02  8.3553301900e+00  6.4861823020e+00  7.6878073950e+00  3.6373380000e-03  2.3053740000e-03  3.1027930000e-03
    3.0000000000e-02  8.3556296020e+00  6.4863721950e+00  7.6880628810e+00  5.4567450000e-03  3.4585030000e-03  4.6548040000e-03
    4.0000000000e-02  8.3560488450e+00  6.4866380840e+00  7.6884206160e+00  7.2770370000e-03  4.6121650000e-03  6.2075520000e-03
    5.0000000000e-02  8.3565879860e+00  6.4869800110e+00  7.6888806550e+00  9.0985110000e-03  5.7665370000e-03  7.7612850000e-03
    6.0000000000e-02  8.3572471090e+00  6.4873980250e+00  7.6894430690e+00  1.0921464000e-02  6.9217970000e-03  9.3162490000e-03
    7.0000000000e-02  8.3580263180e+00  6.4878921890e+00  7.6901079460e+00  1.2746192000e-02  8.0781230000e-03  1.0872691000e-02
    8.0000000000e-02  8.3589257360e+00  6.4884625780e+00  7.6908753860e+00  1.4572994000e-02  9.2356950000e-03  1.2430861000e-02
    9.0000000000e-02  8.3599455060e+00  6.4891092760e+00  7.6917455100e+00  1.6402170000e-02  1.0394693000e-02  1.3991007000e-02
    1.0000000000e-01  8.3610857890e+00  6.4898323810e+00  7.6927184510e+00  1.8234020000e-02  1.1555296000e-02  1.5553380000e-02
    1.1000000000e-01  8.3623467660e+00  6.4906320020e+00  7.6937943610e+00  2.0068846000e-02  1.2717688000e-02  1.7118232000e-02
    1.2000000000e-01  8.3637286360e+00  6.4915082580e+00  7.6949734040e+00  2.1906952000e-02  1.3882049000e-02  1.8685815000e-02
    1.3000000000e-01  8.3652316190e+00  6.4924612820e+00  7.6962557650e+00  2.3748644000e-02  1.5048563000e-02  2.0256384000e-02
    1.4000000000e-01  8.3668559550e+00  6.4934912170e+00  7.6976416420e+00  2.5594228000e-02  1.6217415000e-02  2.1830195000e-02
    1.5000000000e-01  8.3686019010e+00  6.4945982180e+00  7.6991312520e+00  2.7444015000e-02  1.7388790000e-02  2.3407505000e-02
    1.6000000000e-01  8.3704697370e+00  6.4957824540e+00  7.7007248250e+00  2.9298316000e-02  1.8562876000e-02  2.4988574000e-02
    1.7000000000e-01  8.3724597610e+00  6.4970441030e+00  7.7024226110e+00  3.1157445000e-02  1.9739861000e-02  2.6573663000e-02
    1.8000000000e-01  8.3745722910e+00  6.4983833570e+00  7.7042248740e+00  3.3021720000e-02  2.0919935000e-02  2.8163036000e-02
    1.9000000000e-01  8.3768076670e+00  6.4998004190e+00  7.7061318980e+00  3.4891459000e-02  2.2103290000e-02  2.9756960000e-02
    2.0000000000e-01  8.3791662470e+00  6.5012955060e+00  7.7081439810e+00  3.6766986000e-02  2.3290119000e-02  3.1355702000e-02
    2.1000000000e-01  8.3816484130e+00  6.5028688460e+00  7.7102614410e+00  3.8648626000e-02  2.4480618000e-02  3.2959534000e-02
    2.2000000000e-01  8.3842545630e+00  6.5045206790e+00  7.7124846100e+00  4.0536708000e-02  2.5674984000e-02  3.4568730000e-02
    2.3000000000e-01  8.3869851210e+00  6.5062512590e+00  7.7148138400e+00  4.2431566000e-02  2.6873416000e-02  3.6183567000e-02
    2.4000000000e-01  8.3898405300e+00  6.5080608520e+00  7.7172495000e+00  4.4333535000e-02  2.8076116000e-02  3.7804324000e-02
    2.5000000000e-01  8.3928212530e+00  6.5099497370e+00  7.7197919780e+00  4.6242956000e-02  2.9283289000e-02  3.9431286000e-02
    2.6000000000e-01  8.3959277780e+00  6.5119182070e+00  7.7224416780e+00  4.8160175000e-02  3.0495140000e-02  4.1064738000e-02
    2.7000000000e-01  8.3991606130e+00  6.5139665660e+00  7.7251990230e+00  5.0085539000e-02  3.1711878000e-02  4.2704971000e-02
    2.8000000000e-01  8.4025202890e+00  6.5160951330e+00  7.7280644550e+00  5.2019403000e-02  3.2933716000e-02  4.4352280000e-02
    2.9000000000e-01  8.4060073580e+00  6.5183042410e+00  7.7310384360e+00  5.3962125000e-02  3.4160868000e-02  4.6006962000e-02
    3.0000000000e-01  8.4096223970e+00  6.5205942350e+00  7.7341214450e+00  5.5914069000e-02  3.5393552000e-02  4.7669321000e-02
    3.1000000000e-01  8.4133660050e+00  6.5229654750e+00  7.7373139800e+00  5.7875604000e-02  3.6631988000e-02  4.9339662000e-02
    3.2000000000e-01  8.4172388040e+00  6.5254183350e+00  7.7406165600e+00  5.9847104000e-02  3.7876401000e-02  5.1018297000e-02
    3.3000000000e-01  8.4212414430e+00  6.5279532030e+00  7.7440297240e+00  6.1828951000e-02  3.9127017000e-02  5.2705542000e-02
    3.4000000000e-01  8.4253745900e+00  6.5305704820e+00  7.7475540300e+00  6.3821529000e-02  4.0384069000e-02  5.4401720000e-02
    3.5000000000e-01  8.4296389410e+00  6.5332705880e+00  7.7511900570e+00  6.5825233000e-02  4.1647790000e-02  5.6107156000e-02
    3.6000000000e-01  8.4340352170e+00  6.5360539540e+00  7.7549384050e+00  6.7840462000e-02  4.2918420000e-02  5.7822182000e-02
    3.7000000000e-01  8.4385641640e+00  6.5389210280e+00  7.7587996940e+00  6.9867622000e-02  4.4196201000e-02  5.9547136000e-02
    3.8000000000e-01  8.4432265520e+00  6.5418722720e+00  7.7627745660e+00  7.1907126000e-02  4.5481381000e-02  6.1282361000e-02
    3.9000000000e-01  8.4480231790e+00  6.5449081640e+00  7.7668636860e+00  7.3959397000e-02  4.6774211000e-02  6.3028209000e-02
    4.0000000000e-01  8.4529548700e+00  6.5480291990e+00  7.7710677390e+00  7.6024862000e-02  4.8074946000e-02  6.4785034000e-02
    4.1000000000e-01  8.4580224760e+00  6.5512358880e+00  7.7753874340e+00  7.8103960000e-02  4.9383848000e-02  6.6553201000e-02
    4.2000000000e-01  8.4632268760e+00  6.5545287570e+00  7.7798235030e+00  8.0197137000e-02  5.0701184000e-02  6.8333078000e-02
    4.3000000000e-01  8.4685689770e+00  6.5579083510e+00  7.7843767010e+00  8.2304846000e-02  5.2027223000e-02  7.0125045000e-02
    4.4000000000e-01  8.4740497160e+00  6.5613752310e+00  7.7890478070e+00  8.4427552000e-02  5.3362242000e-02  7.1929486000e-02
    4.5000000000e-01  8.4796700560e+00  6.5649299750e+00  7.7938376230e+00  8.6565728000e-02  5.4706525000e-02  7.3746794000e-02
    4.6000000000e-01  8.4854309940e+00  6.5685731790e+00  7.7987469780e+00  8.8719859000e-02  5.6060358000e-02  7.5577371000e-02
    4.7000000000e-01  8.4913335540e+00  6.5723054570e+00  7.8037767260e+00  9.0890437000e-02  5.7424037000e-02  7.7421626000e-02
    4.8000000000e-01  8.4973787930e+00  6.5761274440e+00  7.8089277440e+00  9.3077969000e-02  5.8797861000e-02  7.9279979000e-02
    4.9000000000e-01  8.5035677990e+00  6.5800397900e+00  7.8142009380e+00  9.5282970000e-02  6.0182139000e-02  8.1152857000e-02
    5.0000000000e-01  8.5099016930e+00  6.5840431670e+00  7.8195972410e+00  9.7505969000e-02  6.1577184000e-02  8.3040699000e-02
    5.1000000000e-01  8.5163816270e+00  6.5881382650e+00  7.8251176120e+00  9.9747505000e-02  6.2983318000e-02  8.4943952000e-02
    5.2000000000e-01  8.5230087890e+00  6.5923257950e+00  7.8307630390e+00  1.0200813200e-01  6.4400870000e-02  8.6863076000e-02
    5.3000000000e-01  8.5297844020e+00  6.5966064890e+00  7.8365345380e+00  1.0428841700e-01  6.5830177000e-02  8.8798540000e-02
    5.4000000000e-01  8.5367097220e+00  6.6009811000e+00  7.8424331540e+00  1.0658894000e-01  6.7271583000e-02  9.0750824000e-02
    5.5000000000e-01  8.5437860410e+00  6.6054504010e+00  7.8484599630e+00  1.0891029400e-01  6.8725442000e-02  9.2720421000e-02
    5.6000000000e-01  8.5510146920e+00  6.6100151880e+00  7.8546160720e+00  1.1125309100e-01  7.0192115000e-02  9.4707837000e-02
    5.7000000000e-01  8.5583970410e+00  6.6146762800e+00  7.8609026190e+00  1.1361795600e-01  7.1671975000e-02  9.6713589000e-02
    5.8000000000e-01  8.5659344950e+00  6.6194345180e+00  7.8673207720e+00  1.1600552900e-01  7.3165402000e-02  9.8738209000e-02
    5.9000000000e-01  8.5736285020e+00  6.6242907680e+00  7.8738717340e+00  1.1841647000e-01  7.4672786000e-02  1.0078224200e-01
    6.0000000000e-01  8.5814805470e+00  6.6292459180e+00  7.8805567440e+00  1.2085145500e-01  7.6194529000e-02  1.0284624700e-01
    6.1000000000e-01  8.5894921600e+00  6.6343008830e+00  7.8873770700e+00  1.2331117900e-01  7.7731044000e-02  1.0493080000e-01
    6.2000000000e-01  8.5976649140e+00  6.6394566030e+00  7.8943340200e+00  1.2579635500e-01  7.9282752000e-02  1.0703649000e-01
    6.3000000000e-01  8.6060004220e+00  6.6447140420e+00  7.9014289370e+00  1.2830771800e-01  8.0850089000e-02  1.0916392500e-01
    6.4000000000e-01  8.6145003460e+00  6.6500741940e+00  7.9086632010e+00  1.3084602300e-01  8.2433502000e-02  1.1131372900e-01
    6.5000000000e-01  8.6231663930e+00  6.6555380770e+00  7.9160382300e+00  1.3341204600e-01  8.4033451000e-02  1.1348654400e-01
    6.6000000000e-01  8.6320003170e+00  6.6611067400e+00  7.9235554820e+00  1.3600658600e-01  8.5650410000e-02  1.1568303100e-01
    6.7000000000e-01  8.6410039200e+00  6.6667812580e+00  7.9312164560e+00  1.3863046700e-01  8.7284865000e-02  1.1790386800e-01
    6.8000000000e-01  8.6501790560e+00  6.6725627400e+00  7.9390226900e+00  1.4128453600e-01  8.8937317000e-02  1.2014975700e-01
    6.9000000000e-01  8.6595276290e+00  6.6784523200e+00  7.9469757680e+00  1.4396966700e-01  9.0608284000e-02  1.2242141900e-01
    7.0000000000e-01  8.6690515960e+00  6.6844511670e+00  7.9550773140e+00  1.4668676200e-01  9.2298298000e-02  1.2471959700e-01
    7.1000000000e-01  8.6787529690e+00  6.6905604830e+00  7.9633290000e+00  1.4943674800e-01  9.4007909000e-02  1.2704505700e-01
    7.2000000000e-01  8.6886338150e+00  6.6967814990e+00  7.9717325430e+00  1.5222058500e-01  9.5737681000e-02  1.2939859000e-01
    7.3000000000e-01  8.6986962600e+00  6.7031154830e+00  7.9802897080e+00  1.5503926200e-01  9.7488201000e-02  1.3178101100e-01
    7.4000000000e-01  8.7089424890e+00  6.7095637380e+00  7.9890023100e+00  1.5789380000e-01  9.9260070000e-02  1.3419316300e-01
    7.5000000000e-01  8.7193747460e+00  6.7161276030e+00  7.9978722110e+00  1.6078525600e-01  1.0105391200e-01  1.3663591400e-01
    7.6000000000e-01  8.7299953390e+00  6.7228084530e+00  8.0069013290e+00  1.6371471900e-01  1.0287037100e-01  1.3911016400e-01
    7.7000000000e-01  8.7408066420e+00  6.7296077030e+00  8.0160916340e+00  1.6668331800e-01  1.0471011200e-01  1.4161683900e-01
    7.8000000000e-01  8.7518110950e+00  6.7365268040e+00  8.0254451500e+00  1.6969221900e-01  1.0657382200e-01  1.4415690100e-01
    7.9000000000e-01  8.7630112050e+00  6.7435672520e+00  8.0349639590e+00  1.7274263100e-01  1.0846221400e-01  1.4673134200e-01
    8.0000000000e-01  8.7744095520e+00  6.7507305830e+00  8.0446502020e+00  1.7583580200e-01  1.1037602400e-01  1.4934118800e-01
    8.1000000000e-01  8.7860087890e+00  6.7580183750e+00  8.0545060800e+00  1.7897302900e-01  1.1231601600e-01  1.5198750500e-01
    8.2000000000e-01  8.7978116440e+00  6.7654322510e+00  8.0645338550e+00  1.8215565200e-01  1.1428297900e-01  1.5467139400e-01
    8.3000000000e-01  8.8098209210e+00  6.7729738810e+00  8.0747358550e+00  1.8538506400e-01  1.1627773200e-01  1.5739399700e-01
    8.4000000000e-01  8.8220395080e+00  6.7806449820e+00  8.0851144740e+00  1.8866270700e-01  1.1830112500e-01  1.6015649700e-01
    8.5000000000e-01  8.8344703720e+00  6.7884473200e+00  8.0956721750e+00  1.9199008000e-01  1.2035404000e-01  1.6296012200e-01
    8.6000000000e-01  8.8471165710e+00  6.7963827090e+00  8.1064114890e+00  1.9536873700e-01  1.2243739100e-01  1.6580614600e-01
    8.7000000000e-01  8.8599812450e+00  6.8044530200e+00  8.1173350240e+00  1.9880029500e-01  1.2455212900e-01  1.6869589200e-01
    8.8000000000e-01  8.8730676310e+00  6.8126601730e+00  8.1284454610e+00  2.0228643200e-01  1.2669924000e-01  1.7163073500e-01
    8.9000000000e-01  8.8863790580e+00  6.8210061460e+00  8.1397455600e+00  2.0582889600e-01  1.2887975200e-01  1.7461210100e-01
    9.0000000000e-01  8.8999189520e+00  6.8294929750e+00  8.1512381600e+00  2.0942950400e-01  1.3109473200e-01  1.7764147700e-01
    9.1000000000e-01  8.9136908420e+00  6.8381227530e+00  8.1629261860e+00  2.1309014700e-01  1.3334529200e-01  1.8072040600e-01
    9.2000000000e-01  8.9276983600e+00  6.8468976370e+00  8.1748126460e+00  2.1681279700e-01  1.3563258900e-01  1.8385049700e-01
    9.3000000000e-01  8.9419452480e+00  6.8558198460e+00  8.1869006410e+00  2.2059950900e-01  1.3795782900e-01  1.8703342400e-01
    9.4000000000e-01  8.9564353570e+00  6.8648916650e+00  8.1991933600e+00  2.2445242300e-01  1.4032227100e-01  1.9027093300e-01
    9.5000000000e-01  8.9711726560e+00  6.8741154460e+00  8.2116940890e+00  2.2837377700e-01  1.4272722600e-01  1.9356484300e-01
    9.6000000000e-01  8.9861612330e+00  6.8834936110e+00  8.2244062150e+00  2.3236590600e-01  1.4517406500e-01  1.9691705200e-01
    9.7000000000e-01  9.0014052980e+00  6.8930286570e+00  8.2373332220e+00  2.3643124700e-01  1.4766421800e-01  2.0032954300e-01
    9.8000000000e-01  9.0169091920e+00  6.9027231530e+00  8.2504787040e+00  2.4057235300e-01  1.5019918200e-01  2.0380438600e-01
    9.9000000000e-01  9.0326773860e+00  6.9125797460e+00  8.2638463620e+00  2.4479189200e-01  1.5278052200e-01  2.0734374400e-01
    1.0000000000e+00  9.0487144890e+00  6.9226011630e+00  8.2774400090e+00  2.4909265800e-01  1.5540987600e-01  2.1094988100e-01
    1.0100000000e+00  9.0650252520e+00  6.9327902160e+00  8.2912635760e+00  2.5347757800e-01  1.5808896100e-01  2.1462516400e-01
    1.0200000000e+00  9.0816145730e+00  6.9431497970e+00  8.3053211160e+00  2.5794972100e-01  1.6081957600e-01  2.1837207600e-01
    1.0300000000e+00  9.0984874980e+00  6.9536828920e+00  8.3196168030e+00  2.6251230900e-01  1.6360360800e-01  2.2219321500e-01
    1.0400000000e+00  9.1156492340e+00  6.9643925730e+00  8.3341549420e+00  2.6716872300e-01  1.6644304100e-01  2.2609131000e-01
    1.0500000000e+00  9.1331051470e+00  6.9752820090e+00  8.3489399710e+00  2.7192251700e-01  1.6933995600e-01  2.3006922100e-01
    1.0600000000e+00  9.1508607680e+00  6.9863544620e+00  8.3639764650e+00  2.7677743000e-01  1.7229654400e-01  2.3412995500e-01
    1.0700000000e+00  9.1689218030e+00  6.9976132950e+00  8.3792691390e+00  2.8173739400e-01  1.7531511200e-01  2.3827667300e-01
    1.0800000000e+00  9.1872941310e+00  7.0090619730e+00  8.3948228550e+00  2.8680655700e-01  1.7839808700e-01  2.4251269900e-01
    1.0900000000e+00  9.2059838160e+00  7.0207040620e+00  8.4106426230e+00  2.9198928700e-01  1.8154803000e-01  2.4684153400e-01
    1.1000000000e+00  9.2249971050e+00  7.0325432370e+00  8.4267336070e+00  2.9729019800e-01  1.8476764400e-01  2.5126686400e-01
    1.1100000000e+00  9.2443404380e+00  7.0445832800e+00  8.4431011300e+00  3.0271416100e-01  1.8805978300e-01  2.5579258000e-01
    1.1200000000e+00  9.2640204480e+00  7.0568280820e+00  8.4597506710e+00  3.0826632700e-01  1.9142746300e-01  2.6042278600e-01
    1.1300000000e+00  9.2840439670e+00  7.0692816470e+00  8.4766878770e+00  3.1395214600e-01  1.9487387600e-01  2.6516181800e-01
    1.1400000000e+00  9.3044180260e+00  7.0819480880e+00  8.4939185570e+00  3.1977738900e-01  1.9840240400e-01  2.7001425900e-01
    1.1500000000e+00  9.3251498620e+00  7.0948316310e+00  8.5114486890e+00  3.2574817700e-01  2.0201662800e-01  2.7498495900e-01
    1.1600000000e+00  9.3462469110e+00  7.1079366100e+00  8.5292844180e+00  3.3187100200e-01  2.0572034700e-01  2.8007905000e-01
    1.1700000000e+00  9.3677168130e+00  7.1212674690e+00  8.5474320580e+00  3.3815275900e-01  2.0951759500e-01  2.8530197300e-01
    1.1800000000e+00  9.3895674060e+00  7.1348287540e+00  8.5658980850e+00  3.4460077800e-01  2.1341265500e-01  2.9065949300e-01
    1.1900000000e+00  9.4118067230e+00  7.1486251100e+00  8.5846891400e+00  3.5122285300e-01  2.1741007900e-01  2.9615772800e-01
    1.2000000000e+00  9.4344429800e+00  7.1626612720e+00  8.6038120150e+00  3.5802728500e-01  2.2151470600e-01  3.0180317100e-01
    1.2100000000e+00  9.4574845690e+00  7.1769420550e+00  8.6232736530e+00  3.6502291300e-01  2.2573168200e-01  3.0760271200e-01
    1.2200000000e+00  9.4809400340e+00  7.1914723440e+00  8.6430811280e+00  3.7221915600e-01  2.3006647900e-01  3.1356366900e-01
    1.2300000000e+00  9.5048180600e+00  7.2062570740e+00  8.6632416370e+00  3.7962606000e-01  2.3452491400e-01  3.1969381000e-01
    1.2400000000e+00  9.5291274340e+00  7.2213012110e+00  8.6837624770e+00  3.8725433300e-01  2.3911316800e-01  3.2600138000e-01
    1.2500000000e+00  9.5538770210e+00  7.2366097310e+00  8.7046510260e+00  3.9511539400e-01  2.4383779800e-01  3.3249511900e-01
    1.2600000000e+00  9.5790757120e+00  7.2521875930e+00  8.7259147140e+00  4.0322141100e-01  2.4870575800e-01  3.3918428900e-01
    1.2700000000e+00  9.6047323790e+00  7.2680397070e+00  8.7475609920e+00  4.1158534600e-01  2.5372439800e-01  3.4607868100e-01
    1.2800000000e+00  9.6308558080e+00  7.2841709020e+00  8.7695973080e+00  4.2022098400e-01  2.5890147300e-01  3.5318863300e-01
    1.2900000000e+00  9.6574546350e+00  7.3005858940e+00  8.7920310650e+00  4.2914296200e-01  2.6424513300e-01  3.6052502400e-01
    1.3000000000e+00  9.6845372580e+00  7.3172892570e+00  8.8148695970e+00  4.3836678500e-01  2.6976391400e-01  3.6809927000e-01
    1.3100000000e+00  9.7121117520e+00  7.3342853910e+00  8.8381201450e+00  4.4790882900e-01  2.7546671100e-01  3.7592331000e-01
    1.3200000000e+00  9.7401857770e+00  7.3515785090e+00  8.8617898370e+00  4.5778631900e-01  2.8136274900e-01  3.8400957800e-01
    1.3300000000e+00  9.7687664810e+00  7.3691726310e+00  8.8858856980e+00  4.6801728900e-01  2.8746154500e-01  3.9237097400e-01
    1.3400000000e+00  9.7978604140e+00  7.3870715980e+00  8.9104146610e+00  4.7862051500e-01  2.9377287000e-01  4.0102083800e-01
    1.3500000000e+00  9.8274734530e+00  7.4052791010e+00  8.9353836110e+00  4.8961541800e-01  3.0030672300e-01  4.0997292900e-01
    1.3600000000e+00  9.8576107560e+00  7.4237987290e+00  8.9607994470e+00  5.0102194100e-01  3.0707330500e-01  4.1924142700e-01
    1.3700000000e+00  9.8882767520e+00  7.4426340300e+00  8.9866691430e+00  5.1286039900e-01  3.1408303700e-01  4.2884095900e-01
    1.3800000000e+00  9.9194751760e+00  7.4617885630e+00  9.0129998180e+00  5.2515132300e-01  3.2134658600e-01  4.3878666300e-01
    1.3900000000e+00  9.9512091680e+00  7.4812659410e+00  9.0397987840e+00  5.3791528900e-01  3.2887493100e-01  4.4909428400e-01
    1.4000000000e+00  9.9834814330e+00  7.5010698550e+00  9.0670735550e+00  5.5117277100e-01  3.3667943800e-01  4.5978029400e-01
    1.4100000000e+00  1.0016294487e+01  7.5212040540e+00  9.0948318190e+00  5.6494402900e-01  3.4477193800e-01  4.7086200800e-01
    1.4200000000e+00  1.0049650955e+01  7.5416723130e+00  9.1230813630e+00  5.7924905800e-01  3.5316479600e-01  4.8235768800e-01
    1.4300000000e+00  1.0083553949e+01  7.5624783860e+00  9.1518299840e+00  5.9410763700e-01  3.6187095200e-01  4.9428661100e-01
    1.4400000000e+00  1.0118007474e+01  7.5836259630e+00  9.1810853800e+00  6.0953950500e-01  3.7090394500e-01  5.0666908200e-01
    1.4500000000e+00  1.0153016834e+01  7.6051186450e+00  9.2108550750e+00  6.2556470200e-01  3.8027793100e-01  5.1952641200e-01
    1.4600000000e+00  1.0188588981e+01  7.6269599290e+00  9.2411463760e+00  6.4220408300e-01  3.9000770700e-01  5.3288085000e-01
    1.4700000000e+00  1.0224732724e+01  7.6491531960e+00  9.2719663890e+00  6.5948000300e-01  4.0010875500e-01  5.4675550600e-01
    1.4800000000e+00  1.0261458741e+01  7.6717016730e+00  9.3033221110e+00  6.7741711900e-01  4.1059729500e-01  5.6117426400e-01
    1.4900000000e+00  1.0298779345e+01  7.6946083730e+00  9.3352206130e+00  6.9604325500e-01  4.2149032800e-01  5.7616173400e-01
    1.5000000000e+00  1.0336707993e+01  7.7178760110e+00  9.3676693030e+00  7.1539022100e-01  4.3280564100e-01  5.9174328100e-01
    1.5100000000e+00  1.0375258558e+01  7.7415069460e+00  9.4006762680e+00  7.3549452700e-01  4.4456176000e-01  6.0794518700e-01
    1.5200000000e+00  1.0414444415e+01  7.7655031770e+00  9.4342506270e+00  7.5639791800e-01  4.5677785300e-01  6.2479498700e-01
    1.5300000000e+00  1.0454277405e+01  7.7898664500e+00  9.4684028240e+00  7.7814770600e-01  4.6947364300e-01  6.4232201800e-01
    1.5400000000e+00  1.0494766722e+01  7.8145984690e+00  9.5031447750e+00  8.0079688100e-01  4.8266936800e-01  6.6055815300e-01
    1.5500000000e+00  1.0535917778e+01  7.8397011970e+00  9.5384897760e+00  8.2440400600e-01  4.9638589700e-01  6.7953867700e-01
    1.5600000000e+00  1.0577731090e+01  7.8651771780e+00  9.5744521180e+00  8.4903290200e-01  5.1064503200e-01  6.9930320500e-01
    1.5700000000e+00  1.0620201210e+01  7.8910297730e+00  9.6110463990e+00  8.7475214400e-01  5.2547003000e-01  7.1989654000e-01
    1.5800000000e+00  1.0663315742e+01  7.9172632170e+00  9.6482865610e+00  9.0163437400e-01  5.4088632000e-01  7.4136934000e-01
    1.5900000000e+00  1.0707054460e+01  7.9438824050e+00  9.6861847520e+00  9.2975547600e-01  5.5692234300e-01  7.6377853200e-01
    1.6000000000e+00  1.0751388547e+01  7.9708923350e+00  9.7247501160e+00  9.5919362400e-01  5.7361041800e-01  7.8718741100e-01
    1.6100000000e+00  1.0796279931e+01  7.9982971920e+00  9.7639876300e+00  9.9002826700e-01  5.9098749300e-01  8.1166547500e-01
    1.6200000000e+00  1.0841680683e+01  8.0260990940e+00  9.8038970790e+00  1.0223390290e+00  6.0909565900e-01  8.3728804200e-01
    1.6300000000e+00  1.0887532440e+01  8.0542965740e+00  9.8444721770e+00  1.0562045270e+00  6.2798225300e-01  8.6413578500e-01
    1.6400000000e+00  1.0933765804e+01  8.0828829530e+00  9.8856998220e+00  1.0917010140e+00  6.4769946800e-01  8.9229424700e-01
    1.6500000000e+00  1.0980299752e+01  8.1118447890e+00  9.9275593560e+00  1.1289007220e+00  6.6830338200e-01  9.2185340800e-01
    1.6600000000e+00  1.1027041165e+01  8.1411606430e+00  9.9700217680e+00  1.1678697920e+00  6.8985244900e-01  9.5290723000e-01
    1.6700000000e+00  1.1073884686e+01  8.1708003890e+00  1.0013048774e+01  1.2086656780e+00  7.1240556600e-01  9.8555311200e-01
    1.6800000000e+00  1.1120713171e+01  8.2007252330e+00  1.0056591838e+01  1.2513340630e+00  7.3601996600e-01  1.0198911000e+00
    1.6900000000e+00  1.1167399046e+01  8.2308885080e+00  1.0100591265e+01  1.2959054180e+00  7.6074923600e-01  1.0560228180e+00
    1.7000000000e+00  1.1213806816e+01  8.2612371380e+00  1.0144975512e+01  1.3423914990e+00  7.8664182100e-01  1.0940501500e+00
    1.7100000000e+00  1.1259796871e+01  8.2917135350e+00  1.0189660845e+01  1.3907821940e+00  8.1374025600e-01  1.1340738380e+00
    1.7200000000e+00  1.1305230595e+01  8.3222575480e+00  1.0234551279e+01  1.4410432140e+00  8.4208131800e-01  1.1761921910e+00
    1.7300000000e+00  1.1349976589e+01  8.3528080500e+00  1.0279538654e+01  1.4931151640e+00  8.7169702600e-01  1.2205000620e+00
    1.7400000000e+00  1.1393917602e+01  8.3833037660e+00  1.0324502581e+01  1.5469144870e+00  9.0261628700e-01  1.2670880780e+00
    1.7500000000e+00  1.1436957548e+01  8.4136830850e+00  1.0369310043e+01  1.6023366800e+00  9.3486677100e-01  1.3160419690e+00
    1.7600000000e+00  1.1479027753e+01  8.4438828160e+00  1.0413814575e+01  1.6592619360e+00  9.6847651200e-01  1.3674416800e+00
    1.7700000000e+00  1.1520091483e+01  8.4738360660e+00  1.0457855111e+01  1.7175630260e+00  1.0034747390e+00  1.4213599560e+00
    1.7800000000e+00  1.1560145813e+01  8.5034696780e+00  1.0501254790e+01  1.7771147780e+00  1.0398915800e+00  1.4778601630e+00
    1.7900000000e+00  1.1599220213e+01  8.5327017630e+00  1.0543820068e+01  1.8378041060e+00  1.0777565040e+00  1.5369932740e+00
    1.8000000000e+00  1.1637371689e+01  8.5614398810e+00  1.0585340485e+01  1.8995392110e+00  1.1170956630e+00  1.5987940980e+00
    1.8100000000e+00  1.1674676999e+01  8.5895802510e+00  1.0625589372e+01  1.9622566010e+00  1.1579284880e+00  1.6632769560e+00
    1.8200000000e+00  1.1711223053e+01  8.6170081690e+00  1.0664325711e+01  2.0259248880e+00  1.2002640050e+00  1.7304310520e+00
    1.8300000000e+00  1.1747096993e+01  8.6435995770e+00  1.0701297269e+01  2.0905449250e+00  1.2440973120e+00  1.8002158130e+00
    1.8400000000e+00  1.1782377470e+01  8.6692236270e+00  1.0736245177e+01  2.1561466200e+00  1.2894065210e+00  1.8725565140e+00
    1.8500000000e+00  1.1817128288e+01  8.6937460170e+00  1.0768910037e+01  2.2227833640e+00  1.3361503510e+00  1.9473406000e+00
    1.8600000000e+00  1.1851394987e+01  8.7170329540e+00  1.0799039596e+01  2.2905253970e+00  1.3842664790e+00  2.0244152610e+00
    1.8700000000e+00  1.1885204291e+01  8.7389555960e+00  1.0826397755e+01  2.3594534760e+00  1.4336707820e+00  2.1035869860e+00
    1.8800000000e+00  1.1918565814e+01  8.7593948400e+00  1.0850774339e+01  2.4296539380e+00  1.4842575850e+00  2.1846238030e+00
    1.8900000000e+00  1.1951475052e+01  8.7782462300e+00  1.0871994605e+01  2.5012159120e+00  1.5359011010e+00  2.2672607350e+00
    1.9000000000e+00  1.1983916507e+01  8.7954246630e+00  1.0889927154e+01  2.5742309340e+00  1.5884581540e+00  2.3512085080e+00
    1.9100000000e+00  1.2015865730e+01  8.8108685280e+00  1.0904488889e+01  2.6487947300e+00  1.6417721980e+00  2.4361648960e+00
    1.9200000000e+00  1.2047289263e+01  8.8245428600e+00  1.0915645960e+01  2.7250104060e+00  1.6956784950e+00  2.5218274610e+00
    1.9300000000e+00  1.2078141875e+01  8.8364411730e+00  1.0923410281e+01  2.8029918040e+00  1.7500102060e+00  2.6079059700e+00
    1.9400000000e+00  1.2108361114e+01  8.8465856530e+00  1.0927831975e+01  2.8828655820e+00  1.8046050160e+00  2.6941327650e+00
    1.9500000000e+00  1.2137859929e+01  8.8550255260e+00  1.0928988842e+01  2.9647706590e+00  1.8593118300e+00  2.7802695850e+00
    1.9600000000e+00  1.2166518719e+01  8.8618335260e+00  1.0926974458e+01  3.0488541630e+00  1.9139969440e+00  2.8661099590e+00
    1.9700000000e+00  1.2194178427e+01  8.8671006290e+00  1.0921886706e+01  3.1352637100e+00  1.9685490630e+00  2.9514770150e+00
    1.9800000000e+00  1.2220636258e+01  8.8709294650e+00  1.0913818446e+01  3.2241365970e+00  2.0228825440e+00  3.0362172150e+00
    1.9900000000e+00  1.2245645170e+01  8.8734271220e+00  1.0902851701e+01  3.3155871000e+00  2.0769384640e+00  3.1201911440e+00
    2.0000000000e+00  1.2268917716e+01  8.8746981750e+00  1.0889056231e+01  3.4096934120e+00  2.1306834090e+00  3.2032628560e+00
    2.0100000000e+00  1.2290134168e+01  8.8748387690e+00  1.0872492816e+01  3.5064858500e+00  2.1841063150e+00  3.2852895330e+00
    2.0200000000e+00  1.2308954244e+01  8.8739323050e+00  1.0853220940e+01  3.6059378110e+00  2.2372139760e+00  3.3661132800e+00
    2.0300000000e+00  1.2325031218e+01  8.8720469390e+00  1.0831309830e+01  3.7079605300e+00  2.2900259950e+00  3.4455567670e+00
    2.0400000000e+00  1.2338026966e+01  8.8692346950e+00  1.0806851137e+01  3.8124021130e+00  2.3425698330e+00  3.5234239290e+00
    2.0500000000e+00  1.2347626498e+01  8.8655318400e+00  1.0779971081e+01  3.9190506720e+00  2.3948763670e+00  3.5995061430e+00
    2.0600000000e+00  1.2353550954e+01  8.8609601570e+00  1.0750839870e+01  4.0276408570e+00  2.4469760730e+00  3.6735933320e+00
    2.0700000000e+00  1.2355568599e+01  8.8555289290e+00  1.0719676675e+01  4.1378629930e+00  2.4988958480e+00  3.7454885500e+00
    2.0800000000e+00  1.2353503807e+01  8.8492376020e+00  1.0686749274e+01  4.2493743050e+00  2.5506565430e+00  3.8150241420e+00
    2.0900000000e+00  1.2347243992e+01  8.8420790900e+00  1.0652368278e+01  4.3618122750e+00  2.6022714790e+00  3.8820775510e+00
    2.1000000000e+00  1.2336743869e+01  8.8340434120e+00  1.0616876488e+01  4.4748105040e+00  2.6537463570e+00  3.9465851530e+00
    2.1100000000e+00  1.2322025613e+01  8.8251210230e+00  1.0580634199e+01  4.5880171200e+00  2.7050808750e+00  4.0085528940e+00
    2.1200000000e+00  1.2303172907e+01  8.8153049030e+00  1.0544001432e+01  4.7011146990e+00  2.7562719290e+00  4.0680627960e+00
    2.1300000000e+00  1.2280317266e+01  8.8045905240e+00  1.0507318149e+01  4.8138391360e+00  2.8073177380e+00  4.1252745390e+00
    2.1400000000e+00  1.2253616494e+01  8.7929732160e+00  1.0470883749e+01  4.9259937020e+00  2.8582216780e+00  4.1804215040e+00
    2.1500000000e+00  1.2223227331e+01  8.7804431870e+00  1.0434937447e+01  5.0374543860e+00  2.9089944210e+00  4.2338009100e+00
    2.1600000000e+00  1.2189276405e+01  8.7669791710e+00  1.0399641353e+01  5.1481639350e+00  2.9596531990e+00  4.2857582270e+00
    2.1700000000e+00  1.2151834673e+01  8.7525422160e+00  1.0365068113e+01  5.2581143300e+00  3.0102176060e+00  4.3366666720e+00
    2.1800000000e+00  1.2110900050e+01  8.7370712530e+00  1.0331194638e+01  5.3673200050e+00  3.0607021640e+00  4.3869033100e+00
    2.1900000000e+00  1.2066391243e+01  8.7204818120e+00  1.0297902884e+01  5.4757859710e+00  3.1111065720e+00  4.4368238200e+00
    2.2000000000e+00  1.2018153547e+01  8.7026687280e+00  1.0264987825e+01  5.5834755950e+00  3.1614050090e+00  4.4867381900e+00
    2.2100000000e+00  1.1965975404e+01  8.6835130780e+00  1.0232171980e+01  5.6902821600e+00  3.2115360430e+00  4.5368895220e+00
    2.2200000000e+00  1.1909613444e+01  8.6628931100e+00  1.0199125203e+01  5.7960071470e+00  3.2613946250e+00  4.5874377220e+00
    2.2300000000e+00  1.1848823450e+01  8.6406985140e+00  1.0165488033e+01  5.9003469580e+00  3.3108275570e+00  4.6384492880e+00
    2.2400000000e+00  1.1783394868e+01  8.6168469700e+00  1.0130896718e+01  6.0028891660e+00  3.3596337020e+00  4.6898938680e+00
    2.2500000000e+00  1.1713186499e+01  8.5913014120e+00  1.0095007955e+01  6.1031191130e+00  3.4075699730e+00  4.7416477230e+00
    2.2600000000e+00  1.1638160600e+01  8.5640859060e+00  1.0057521447e+01  6.2004375450e+00  3.4543636440e+00  4.7935037370e+00
    2.2700000000e+00  1.1558411929e+01  8.5352976120e+00  1.0018198406e+01  6.2941892650e+00  3.4997306940e+00  4.8451870980e+00
    2.2800000000e+00  1.1474187819e+01  8.5051123730e+00  9.9768744440e+00  6.3837015510e+00  3.5433987310e+00  4.8963751780e+00
    2.2900000000e+00  1.1385895575e+01  8.4737820800e+00  9.9334657450e+00  6.4683292770e+00  3.5851318980e+00  4.9467195480e+00
    2.3000000000e+00  1.1294094723e+01  8.4416232410e+00  9.8879682730e+00  6.5475020790e+00  3.6247543820e+00  4.9958677020e+00
    2.3100000000e+00  1.1199473661e+01  8.4089977510e+00  9.8404507350e+00  6.6207678390e+00  3.6621690760e+00  5.0434820480e+00
    2.3200000000e+00  1.1102812660e+01  8.3762883140e+00  9.7910430070e+00  6.6878268040e+00  3.6973686810e+00  5.0892541980e+00
    2.3300000000e+00  1.1004937495e+01  8.3438719390e+00  9.7399224630e+00  6.7485517640e+00  3.7304378940e+00  5.1329135010e+00
    2.3400000000e+00  1.0906669509e+01  8.3120950040e+00  9.6873007940e+00  6.8029918440e+00  3.7615469790e+00  5.1742300080e+00
    2.3500000000e+00  1.0808778430e+01  8.2812527980e+00  9.6334135290e+00  6.8513600910e+00  3.7909384450e+00  5.2130132180e+00
    2.3600000000e+00  1.0711943411e+01  8.2515751670e+00  9.5785134410e+00  6.8940076050e+00  3.8189094380e+00  5.2491088590e+00
    2.3700000000e+00  1.0616725888e+01  8.2232185610e+00  9.5228676470e+00  6.9313887890e+00  3.8457925530e+00  5.2823961680e+00
    2.3800000000e+00  1.0523555463e+01  8.1962636430e+00  9.4667569110e+00  6.9640228610e+00  3.8719372650e+00  5.3127876040e+00
    2.3900000000e+00  1.0432727863e+01  8.1707170600e+00  9.4104748480e+00  6.9924562570e+00  3.8976932440e+00  5.3402316310e+00
    2.4000000000e+00  1.0344412701e+01  8.1465159950e+00  9.3543248070e+00  7.0172291080e+00  3.9233959230e+00  5.3647177800e+00
    2.4100000000e+00  1.0258668403e+01  8.1235345760e+00  9.2986131380e+00  7.0388475510e+00  3.9493540940e+00  5.3862819740e+00
    2.4200000000e+00  1.0175461963e+01  8.1015917880e+00  9.2436389940e+00  7.0577625350e+00  3.9758392140e+00  5.4050097590e+00
    2.4300000000e+00  1.0094691699e+01  8.0804608900e+00  9.1896821740e+00  7.0743553220e+00  4.0030763290e+00  5.4210355990e+00
    2.4400000000e+00  1.0016211428e+01  8.0598804010e+00  9.1369912070e+00  7.0889297260e+00  4.0312369370e+00  5.4345376230e+00
    2.4500000000e+00  9.9398545070e+00  8.0395663840e+00  9.0857737520e+00  7.1017110680e+00  4.0604343480e+00  5.4457284650e+00
    2.4600000000e+00  9.8654561030e+00  8.0192253860e+00  9.0361905940e+00  7.1128515090e+00  4.0907220840e+00  5.4548437350e+00
    2.4700000000e+00  9.7928720610e+00  7.9985670220e+00  8.9883535000e+00  7.1224410090e+00  4.1220955230e+00  5.4621298010e+00
    2.4800000000e+00  9.7219930040e+00  7.9773150990e+00  8.9423264520e+00  7.1305226800e+00  4.1544964940e+00  5.4678322210e+00
    2.4900000000e+00  9.6527526720e+00  7.9552164060e+00  8.8981294890e+00  7.1371110300e+00  4.1878200160e+00  5.4721855520e+00
    2.5000000000e+00  9.5851298450e+00  7.9320467500e+00  8.8557444980e+00  7.1422113730e+00  4.2219220220e+00  5.4754048260e+00
    2.5100000000e+00  9.5191435790e+00  7.9076144790e+00  8.8151225250e+00  7.1458384670e+00  4.2566268770e+00  5.4776788510e+00
    2.5200000000e+00  9.4548419300e+00  7.8817622650e+00  8.7761922800e+00  7.1480321700e+00  4.2917338430e+00  5.4791655780e+00
    2.5300000000e+00  9.3922851990e+00  7.8543682230e+00  8.7388693850e+00  7.1488676670e+00  4.3270222240e+00  5.4799899010e+00
    2.5400000000e+00  9.3315258450e+00  7.8253473520e+00  8.7030655970e+00  7.1484580230e+00  4.3622556060e+00  5.4802441450e+00
    2.5500000000e+00  9.2725884320e+00  7.7946537950e+00  8.6686970680e+00  7.1469477010e+00  4.3971861090e+00  5.4799911770e+00
    2.5600000000e+00  9.2154536150e+00  7.7622837480e+00  8.6356907370e+00  7.1444973740e+00  4.4315597440e+00  5.4792695880e+00
    2.5700000000e+00  9.1600499190e+00  7.7282781240e+00  8.6039882750e+00  7.1412622670e+00  4.4651236960e+00  5.4780999960e+00
    2.5800000000e+00  9.1062556460e+00  7.6927236140e+00  8.5735475470e+00  7.1373680320e+00  4.4976357170e+00  5.4764914040e+00
    2.5900000000e+00  9.0539111370e+00  7.6557507330e+00  8.5443419860e+00  7.1328887930e+00  4.5288749370e+00  5.4744466700e+00
    2.6000000000e+00  9.0028393810e+00  7.6175279160e+00  8.5163586490e+00  7.1278315830e+00  4.5586525730e+00  5.4719665000e+00
    2.6100000000e+00  8.9528714360e+00  7.5782516780e+00  8.4895957860e+00  7.1221297820e+00  4.5868205320e+00  5.4690517620e+00
    2.6200000000e+00  8.9038726190e+00  7.5381339940e+00  8.4640607450e+00  7.1156462810e+00  4.6132760490e+00  5.4657043330e+00
    2.6300000000e+00  8.8557659840e+00  7.4973889840e+00  8.4397688070e+00  7.1081853160e+00  4.6379613520e+00  5.4619269680e+00
    2.6400000000e+00  8.8085507140e+00  7.4562212600e+00  8.4167432290e+00  7.0995110020e+00  4.6608585780e+00  5.4577229470e+00
    2.6500000000e+00  8.7623142060e+00  7.4148177950e+00  8.3950163900e+00  7.0893703100e+00  4.6819813720e+00  5.4530962620e+00
    2.6600000000e+00  8.7172374160e+00  7.3733440930e+00  8.3746315050e+00  7.0775185370e+00  4.7013652600e+00  5.4480529600e+00
    2.6700000000e+00  8.6735933430e+00  7.3319442530e+00  8.3556441490e+00  7.0637456380e+00  4.7190587730e+00  5.4426039150e+00
    2.6800000000e+00  8.6317386450e+00  7.2907437470e+00  8.3381227490e+00  7.0479019310e+00  4.7351166120e+00  5.4367688370e+00
    2.6900000000e+00  8.5920984450e+00  7.2498535480e+00  8.3221474170e+00  7.0299216170e+00  4.7495952640e+00  5.4305809400e+00
    2.7000000000e+00  8.5551447030e+00  7.2093745350e+00  8.3078068250e+00  7.0098423190e+00  4.7625508420e+00  5.4240914090e+00
    2.7100000000e+00  8.5213690410e+00  7.1694015820e+00  8.2951932960e+00  6.9878187330e+00  4.7740387270e+00  5.4173727560e+00
    2.7200000000e+00  8.4912516370e+00  7.1300270140e+00  8.2843966720e+00  6.9641285610e+00  4.7841146510e+00  5.4105203020e+00
    2.7300000000e+00  8.4652285720e+00  7.0913431660e+00  8.2754978570e+00  6.9391693470e+00  4.7928369950e+00  5.4036513440e+00
    2.7400000000e+00  8.4436606360e+00  7.0534436770e+00  8.2685630740e+00  6.9134456920e+00  4.8002700860e+00  5.3969020040e+00
    2.7500000000e+00  8.4268068400e+00  7.0164231300e+00  8.2636397820e+00  6.8875474790e+00  4.8064880340e+00  5.3904222910e+00
    2.7600000000e+00  8.4148056170e+00  6.9803747860e+00  8.2607548820e+00  6.8621210420e+00  4.8115784510e+00  5.3843702590e+00
    2.7700000000e+00  8.4076657660e+00  6.9453864730e+00  8.2599152990e+00  6.8378363420e+00  4.8156452410e+00  5.3789064120e+00
    2.7800000000e+00  8.4052678440e+00  6.9115350850e+00  8.2611105060e+00  6.8153538730e+00  4.8188096630e+00  5.3741893350e+00
    2.7900000000e+00  8.4073751250e+00  6.8788804320e+00  8.2643161130e+00  6.7952949790e+00  4.8212091540e+00  5.3703732150e+00
    2.8000000000e+00  8.4136518420e+00  6.8474594240e+00  8.2694975240e+00  6.7782185010e+00  4.8229937170e+00  5.3676073380e+00
    2.8100000000e+00  8.4236855880e+00  6.8172815130e+00  8.2766128340e+00  6.7646053660e+00  4.8243201100e+00  5.3660372090e+00
    2.8200000000e+00  8.4370105680e+00  6.7883261940e+00  8.2856144920e+00  6.7548512290e+00  4.8253444530e+00  5.3658066650e+00
    2.8300000000e+00  8.4531290410e+00  6.7605430170e+00  8.2964496270e+00  6.7492659670e+00  4.8262140700e+00  5.3670603580e+00
    2.8400000000e+00  8.4715293040e+00  6.7338542300e+00  8.3090591670e+00  6.7480781050e+00  4.8270595210e+00  5.3699461490e+00
    2.8500000000e+00  8.4916996880e+00  6.7081598300e+00  8.3233759160e+00  6.7514421850e+00  4.8279876810e+00  5.3746171490e+00
    2.8600000000e+00  8.5131388030e+00  6.6833445210e+00  8.3393216830e+00  6.7594475480e+00  4.8290765850e+00  5.3812332270e+00
    2.8700000000e+00  8.5353625380e+00  6.6592859180e+00  8.3568034670e+00  6.7721275940e+00  4.8303725260e+00  5.3899617850e+00
    2.8800000000e+00  8.5579081950e+00  6.6358632310e+00  8.3757087090e+00  6.7894689540e+00  4.8318896630e+00  5.4009774250e+00
    2.8900000000e+00  8.5803359530e+00  6.6129656210e+00  8.3958997750e+00  6.8114200650e+00  4.8336121140e+00  5.4144599990e+00
    2.9000000000e+00  8.6022279220e+00  6.5904995280e+00  8.4172081400e+00  6.8378984710e+00  4.8354982990e+00  5.4305904260e+00
    2.9100000000e+00  8.6231853310e+00  6.5683943500e+00  8.4394291510e+00  6.8687960690e+00  4.8374870480e+00  5.4495438550e+00
    2.9200000000e+00  8.6428248550e+00  6.5466060730e+00  8.4623185670e+00  6.9039817740e+00  4.8395049070e+00  5.4714800670e+00
    2.9300000000e+00  8.6607752930e+00  6.5251186470e+00  8.4855922390e+00  6.9433015880e+00  4.8414739010e+00  5.4965316920e+00
    2.9400000000e+00  8.6766756810e+00  6.5039431420e+00  8.5089300280e+00  6.9865767180e+00  4.8433190780e+00  5.5247914810e+00
    2.9500000000e+00  8.6901753650e+00  6.4831149550e+00  8.5319844630e+00  7.0336007720e+00  4.8449751640e+00  5.5563004390e+00
    2.9600000000e+00  8.7009359190e+00  6.4626895290e+00  8.5543937510e+00  7.0841371280e+00  4.8463918130e+00  5.5910388300e+00
    2.9700000000e+00  8.7086342790e+00  6.4427372150e+00  8.5757977850e+00  7.1379170990e+00  4.8475371830e+00  5.6289217520e+00
    2.9800000000e+00  8.7129663500e+00  6.4233378990e+00  8.5958551820e+00  7.1946389760e+00  4.8483997770e+00  5.6698002040e+00
    2.9900000000e+00  8.7136507060e+00  6.4045759890e+00  8.6142591460e+00  7.2539674880e+00  4.8489887850e+00  5.7134676210e+00
    3.0000000000e+00  8.7104325820e+00  6.3865361590e+00  8.6307502800e+00  7.3155331580e+00  4.8493333170e+00  5.7596709170e+00
    3.0100000000e+00  8.7030888630e+00  6.3693000090e+00  8.6451251320e+00  7.3789314090e+00  4.8494810390e+00  5.8081244620e+00
    3.0200000000e+00  8.6914348670e+00  6.3529435840e+00  8.6572400470e+00  7.4437219610e+00  4.8494966330e+00  5.8585252730e+00
    3.0300000000e+00  8.6753333370e+00  6.3375355370e+00  8.6670105630e+00  7.5094296830e+00  4.8494604360e+00  5.9105677980e+00
    3.0400000000e+00  8.6547052440e+00  6.3231356550e+00  8.6744070860e+00  7.5755483860e+00  4.8494674130e+00  5.9639571130e+00
    3.0500000000e+00  8.6295411730e+00  6.3097934720e+00  8.6794477670e+00  7.6415487540e+00  4.8496265450e+00  6.0184197760e+00
    3.0600000000e+00  8.5999114480e+00  6.2975466790e+00  8.6821895140e+00  7.7068909930e+00  4.8500606490e+00  6.0737120050e+00
    3.0700000000e+00  8.5659729290e+00  6.2864189610e+00  8.6827179080e+00  7.7710418520e+00  4.8509065480e+00  6.1296251780e+00
    3.0800000000e+00  8.5279706050e+00  6.2764168480e+00  8.6811365300e+00  7.8334947530e+00  4.8523153490e+00  6.1859887310e+00
    3.0900000000e+00  8.4862327110e+00  6.2675251580e+00  8.6775560250e+00  7.8937909960e+00  4.8544521970e+00  6.2426704410e+00
    3.1000000000e+00  8.4411589900e+00  6.2597009900e+00  8.6720832760e+00  7.9515394680e+00  4.8574945630e+00  6.2995738460e+00
    3.1100000000e+00  8.3932028920e+00  6.2528668130e+00  8.6648114020e+00  8.0064322010e+00  4.8616279360e+00  6.3566324310e+00
    3.1200000000e+00  8.3428496510e+00  6.2469039220e+00  8.6558117790e+00  8.0582536370e+00  4.8670380590e+00  6.4138003930e+00
    3.1300000000e+00  8.2905930300e+00  6.2416481030e+00  8.6451297060e+00  8.1068825050e+00  4.8738996340e+00  6.4710404710e+00
    3.1400000000e+00  8.2369136730e+00  6.2368893380e+00  8.6327851920e+00  8.1522866730e+00  4.8823624260e+00  6.5283102890e+00
    3.1500000000e+00  8.1822613770e+00  6.2323767890e+00  8.6187796770e+00  8.1945125730e+00  4.8925366770e+00  6.5855495120e+00
    3.1600000000e+00  8.1270424160e+00  6.2278292250e+00  8.6031082360e+00  8.2336715660e+00  4.9044802240e+00  6.6426705660e+00
    3.1700000000e+00  8.0716117200e+00  6.2229498490e+00  8.5857754820e+00  8.2699254650e+00  4.9181895440e+00  6.6995553420e+00
    3.1800000000e+00  8.0162688090e+00  6.2174435840e+00  8.5668122530e+00  8.3034727050e+00  4.9335961970e+00  6.7560593040e+00
    3.1900000000e+00  7.9612561950e+00  6.2110345340e+00  8.5462896890e+00  8.3345355130e+00  4.9505690330e+00  6.8120229760e+00
    3.2000000000e+00  7.9067595050e+00  6.2034815640e+00  8.5243275640e+00  8.3633477050e+00  4.9689215820e+00  6.8672891860e+00
    3.2100000000e+00  7.8529094410e+00  6.1945905440e+00  8.5010946700e+00  8.3901425580e+00  4.9884233430e+00  6.9217231150e+00
    3.2200000000e+00  7.7997862850e+00  6.1842225390e+00  8.4768005840e+00  8.4151407750e+00  5.0088134730e+00  6.9752314310e+00
    3.2300000000e+00  7.7474276970e+00  6.1722977840e+00  8.4516799390e+00  8.4385394250e+00  5.0298154600e+00  7.0277767600e+00
    3.2400000000e+00  7.6958398330e+00  6.1587957140e+00  8.4259719530e+00  8.4605033880e+00  5.0511515880e+00  7.0793846070e+00
    3.2500000000e+00  7.6450107770e+00  6.1437515280e+00  8.3998990160e+00  8.4811608490e+00  5.0725562490e+00  7.1301414660e+00
    3.2600000000e+00  7.5949244650e+00  6.1272498970e+00  8.3736482960e+00  8.5006036830e+00  5.0937874210e+00  7.1801847500e+00
    3.2700000000e+00  7.5455730180e+00  6.1094165140e+00  8.3473594520e+00  8.5188924620e+00  5.1146358210e+00  7.2296869730e+00
    3.2800000000e+00  7.4969659030e+00  6.0904081840e+00  8.3211199690e+00  8.5360648350e+00  5.1349314380e+00  7.2788376130e+00
    3.2900000000e+00  7.4491352870e+00  6.0704021630e+00  8.2949678060e+00  8.5521455440e+00  5.1545473250e+00  7.3278262390e+00
    3.3000000000e+00  7.4021378650e+00  6.0495853960e+00  8.2688995330e+00  8.5671565650e+00  5.1734006660e+00  7.3768296830e+00
    3.3100000000e+00  7.3560539410e+00  6.0281443370e+00  8.2428811930e+00  8.5811264640e+00  5.1914512160e+00  7.4260047260e+00
    3.3200000000e+00  7.3109844780e+00  6.0062559820e+00  8.2168590580e+00  8.5940987340e+00  5.2086974270e+00  7.4754862610e+00
    3.3300000000e+00  7.2670464780e+00  5.9840807040e+00  8.1907679780e+00  8.6061391760e+00  5.2251707120e+00  7.5253896270e+00
    3.3400000000e+00  7.2243665780e+00  5.9617573390e+00  8.1645361070e+00  8.6173422350e+00  5.2409285730e+00  7.5758150490e+00
    3.3500000000e+00  7.1830727550e+00  5.9394006420e+00  8.1380860110e+00  8.6278358630e+00  5.2560474350e+00  7.6268519410e+00
    3.3600000000e+00  7.1432842440e+00  5.9171008500e+00  8.1113332280e+00  8.6377840370e+00  5.2706160740e+00  7.6785813350e+00
    3.3700000000e+00  7.1051004310e+00  5.8949247200e+00  8.0841840190e+00  8.6473860800e+00  5.2847302560e+00  7.7310755810e+00
    3.3800000000e+00  7.0685899350e+00  5.8729171640e+00  8.0565340980e+00  8.6568722550e+00  5.2984887900e+00  7.7843955770e+00
    3.3900000000e+00  7.0337814020e+00  5.8511027200e+00  8.0282696410e+00  8.6664957990e+00  5.3119906620e+00  7.8385866190e+00
    3.4000000000e+00  7.0006573060e+00  5.8294865010e+00  7.9992710060e+00  8.6765222560e+00  5.3253325350e+00  7.8936744370e+00
    3.4100000000e+00  6.9691515340e+00  5.8080548470e+00  7.9694188260e+00  8.6872175090e+00  5.3386058830e+00  7.9496628880e+00
    3.4200000000e+00  6.9391508320e+00  5.7867764230e+00  7.9386014660e+00  8.6988360430e+00  5.3518933980e+00  8.0065343790e+00
    3.4300000000e+00  6.9104995140e+00  5.7656046100e+00  7.9067225910e+00  8.7116108300e+00  5.3652649640e+00  8.0642535610e+00
    3.4400000000e+00  6.8830063530e+00  5.7444816830e+00  7.8737074510e+00  8.7257457320e+00  5.3787740940e+00  8.1227743900e+00
    3.4500000000e+00  6.8564523520e+00  5.7233446000e+00  7.8395064090e+00  8.7414107500e+00  5.3924560130e+00  8.1820501360e+00
    3.4600000000e+00  6.8305981570e+00  5.7021314230e+00  7.8040942770e+00  8.7587397860e+00  5.4063282820e+00  8.2420453410e+00
    3.4700000000e+00  6.8051902970e+00  5.6807869640e+00  7.7674642820e+00  8.7778300460e+00  5.4203941900e+00  8.3027479160e+00
    3.4800000000e+00  6.7799660350e+00  5.6592662690e+00  7.7296163610e+00  8.7987419630e+00  5.4346482650e+00  8.3641787960e+00
    3.4900000000e+00  6.7546573730e+00  5.6375351430e+00  7.6905408790e+00  8.8214986860e+00  5.4490825650e+00  8.4263962810e+00
    3.5000000000e+00  6.7289951770e+00  5.6155677230e+00  7.6502004770e+00  8.8460847250e+00  5.4636922160e+00  8.4894928340e+00
    3.5100000000e+00  6.7027144800e+00  5.5933419320e+00  7.6085138780e+00  8.8724440910e+00  5.4784789100e+00  8.5535836620e+00
    3.5200000000e+00  6.6755615960e+00  5.5708340650e+00  7.5653456060e+00  8.9004789030e+00  5.4934517520e+00  8.6187885570e+00
    3.5300000000e+00  6.6473030150e+00  5.5480138500e+00  7.5205043800e+00  8.9300496930e+00  5.5086255310e+00  8.6852104470e+00
    3.5400000000e+00  6.6177353300e+00  5.5248409490e+00  7.4737508680e+00  8.9609785090e+00  5.5240170870e+00  8.7529151300e+00
    3.5500000000e+00  6.5866949730e+00  5.5012633920e+00  7.4248131110e+00  8.9930554470e+00  5.5396406970e+00  8.8219164450e+00
    3.5600000000e+00  6.5540662870e+00  5.4772179520e+00  7.3734060910e+00  9.0260486290e+00  5.5555033420e+00  8.8921696750e+00
    3.5700000000e+00  6.5197865620e+00  5.4526321610e+00  7.3192510710e+00  9.0597170050e+00  5.5716005540e+00  8.9635738900e+00
    3.5800000000e+00  6.4838469340e+00  5.4274275340e+00  7.2620907130e+00  9.0938248160e+00  5.5879132190e+00  9.0359817150e+00
    3.5900000000e+00  6.4462885740e+00  5.4015235960e+00  7.2016973260e+00  9.1281561640e+00  5.6044055600e+00  9.1092134420e+00
    3.6000000000e+00  6.4071942160e+00  5.3748423330e+00  7.1378734050e+00  9.1625278880e+00  5.6210244110e+00  9.1830717090e+00
    3.6100000000e+00  6.3666758050e+00  5.3473126810e+00  7.0704454440e+00  9.1967990730e+00  5.6376998260e+00  9.2573531840e+00
    3.6200000000e+00  6.3248597640e+00  5.3188746390e+00  6.9992533370e+00  9.2308758470e+00  5.6543469830e+00  9.3318546960e+00
    3.6300000000e+00  6.2818718280e+00  5.2894826280e+00  6.9241384860e+00  9.2647108970e+00  5.6708691730e+00  9.4063725470e+00
    3.6400000000e+00  6.2378235420e+00  5.2591078040e+00  6.8449338060e+00  9.2982979830e+00  5.6871615340e+00  9.4806951770e+00
    3.6500000000e+00  6.1928021540e+00  5.2277392230e+00  6.7614584920e+00  9.3316626500e+00  5.7031151630e+00  9.5545906510e+00
    3.6600000000e+00  6.1468649190e+00  5.1953838710e+00  6.6735195180e+00  9.3648509670e+00  5.7186212430e+00  9.6277914840e+00
    3.6700000000e+00  6.1000378440e+00  5.1620656440e+00  6.5809206790e+00  9.3979182590e+00  5.7335749300e+00  9.6999799850e+00
    3.6800000000e+00  6.0523180670e+00  5.1278233570e+00  6.4834785470e+00  9.4309194940e+00  5.7478787250e+00  9.7707774150e+00
    3.6900000000e+00  6.0036784960e+00  5.0927079590e+00  6.3810433690e+00  9.4639022770e+00  5.7614450590e+00  9.8397397840e+00
    3.7000000000e+00  5.9540732860e+00  5.0567792380e+00  6.2735218280e+00  9.4969026210e+00  5.7741978170e+00  9.9063620810e+00
    3.7100000000e+00  5.9034430170e+00  5.0201024770e+00  6.1608980470e+00  9.5299430370e+00  5.7860726590e+00  9.9700912710e+00
    3.7200000000e+00  5.8517189740e+00  4.9827455900e+00  6.0432493420e+00  9.5630321780e+00  5.7970162390e+00  1.0030346831e+01
    3.7300000000e+00  5.7988264160e+00  4.9447771730e+00  5.9207540250e+00  9.5961653660e+00  5.8069847520e+00  1.0086546215e+01
    3.7400000000e+00  5.7446869810e+00  4.9062655980e+00  5.7936899060e+00  9.6293255660e+00  5.8159424050e+00  1.0138131734e+01
    3.7500000000e+00  5.6892203080e+00  4.8672788810e+00  5.6624237180e+00  9.6624846900e+00  5.8238604120e+00  1.0184595089e+01
    3.7600000000e+00  5.6323447660e+00  4.8278847170e+00  5.5273932290e+00  9.6956051830e+00  5.8307168520e+00  1.0225496312e+01
    3.7700000000e+00  5.5739769360e+00  4.7881499650e+00  5.3890849230e+00  9.7286416100e+00  5.8364972140e+00  1.0260474913e+01
    3.7800000000e+00  5.5140295500e+00  4.7481390810e+00  5.2480106660e+00  9.7615415750e+00  5.8411950450e+00  1.0289252477e+01
    3.7900000000e+00  5.4524080340e+00  4.7079114960e+00  5.1046866300e+00  9.7942448730e+00  5.8448118010e+00  1.0311627363e+01
    3.8000000000e+00  5.3890065250e+00  4.6675185070e+00  4.9596170800e+00  9.8266797450e+00  5.8473551080e+00  1.0327463347e+01
    3.8100000000e+00  5.3237051050e+00  4.6270007610e+00  4.8132845960e+00  9.8587555040e+00  5.8488350810e+00  1.0336674778e+01
    3.8200000000e+00  5.2563705420e+00  4.5863875510e+00  4.6661471350e+00  9.8903518940e+00  5.8492590650e+00  1.0339211049e+01
    3.8300000000e+00  5.1868627310e+00  4.5456988070e+00  4.5186412810e+00  9.9213068980e+00  5.8486258620e+00  1.0335043011e+01
    3.8400000000e+00  5.1150480610e+00  4.5049500050e+00  4.3711901200e+00  9.9514061030e+00  5.8469210010e+00  1.0324153354e+01
    3.8500000000e+00  5.0408191190e+00  4.4641592190e+00  4.2242136660e+00  9.9803774170e+00  5.8441145410e+00  1.0306532195e+01
    3.8600000000e+00  4.9641180100e+00  4.4233548430e+00  4.0781395080e+00  1.0007894561e+01  5.8401623140e+00  1.0282178191e+01
    3.8700000000e+00  4.8849587560e+00  4.3825821540e+00  3.9334115070e+00  1.0033591080e+01  5.8350105610e+00  1.0251104593e+01
    3.8800000000e+00  4.8034435240e+00  4.3419072290e+00  3.7904948420e+00  1.0057084054e+01  5.8286029200e+00  1.0213348865e+01
    3.8900000000e+00  4.7197683350e+00  4.3014175440e+00  3.6498764270e+00  1.0078003908e+01  5.8208880920e+00  1.0168983998e+01
    3.9000000000e+00  4.6342161970e+00  4.2612196230e+00  3.5120606760e+00  1.0096024778e+01  5.8118265240e+00  1.0118129466e+01
    3.9100000000e+00  4.5471387850e+00  4.2214349260e+00  3.3775614220e+00  1.0110889502e+01  5.8013949890e+00  1.0060960102e+01
    3.9200000000e+00  4.4589306410e+00  4.1821954780e+00  3.2468913880e+00  1.0122424720e+01  5.7895888840e+00  9.9977118560e+00
    3.9300000000e+00  4.3700014910e+00  4.1436404270e+00  3.1205507360e+00  1.0130544287e+01  5.7764229860e+00  9.9286841980e+00
    3.9400000000e+00  4.2807521490e+00  4.1059140050e+00  2.9990158680e+00  1.0135242326e+01  5.7619318640e+00  9.8542396320e+00
    3.9500000000e+00  4.1915576970e+00  4.0691644570e+00  2.8827291260e+00  1.0136579604e+01  5.7461711760e+00  9.7748011230e+00
    3.9600000000e+00  4.1027590860e+00  4.0335428530e+00  2.7720894310e+00  1.0134667867e+01  5.7292204970e+00  9.6908481470e+00
    3.9700000000e+00  4.0146618290e+00  3.9992004800e+00  2.6674435660e+00  1.0129656198e+01  5.7111875610e+00  9.6029117750e+00
    3.9800000000e+00  3.9275389680e+00  3.9662837270e+00  2.5690778000e+00  1.0121721797e+01  5.6922130080e+00  9.5115687450e+00
    3.9900000000e+00  3.8416351520e+00  3.9349260420e+00  2.4772097360e+00  1.0111065682e+01  5.6724742100e+00  9.4174341830e+00
    4.0000000000e+00  3.7571694190e+00  3.9052373150e+00  2.3919806540e+00  1.0097912332e+01  5.6521866550e+00  9.3211525960e+00
    4.0100000000e+00  3.6743352840e+00  3.8772917690e+00  2.3134488750e+00  1.0082511635e+01  5.6316016990e+00  9.2233868680e+00
    4.0200000000e+00  3.5932977510e+00  3.8511158760e+00  2.2415848660e+00  1.0065141511e+01  5.6110001130e+00  9.1248052850e+00
    4.0300000000e+00  3.5141873090e+00  3.8266778490e+00  2.1762687850e+00  1.0046109899e+01  5.5906815330e+00  9.0260669330e+00
    4.0400000000e+00  3.4370911830e+00  3.8038800610e+00  2.1172910580e+00  1.0025754981e+01  5.5709505000e+00  8.9278060480e+00
    4.0500000000e+00  3.3620422780e+00  3.7825553070e+00  2.0643563830e+00  1.0004442465e+01  5.5521000960e+00  8.8306161290e+00
    4.0600000000e+00  3.2890066690e+00  3.7624675180e+00  2.0170912930e+00  9.9825586400e+00  5.5343943100e+00  8.7350347390e+00
    4.0700000000e+00  3.2178712270e+00  3.7433172090e+00  1.9750551400e+00  9.9604980510e+00  5.5180503010e+00  8.6415299620e+00
    4.0800000000e+00  3.1484336670e+00  3.7247517970e+00  1.9377540480e+00  9.9386452720e+00  5.5032218230e+00  8.5504894540e+00
    4.0900000000e+00  3.0803977060e+00  3.7063806150e+00  1.9046570990e+00  9.9173513010e+00  5.4899851870e+00  8.4622129050e+00
    4.1000000000e+00  3.0133758750e+00  3.6877940410e+00  1.8752137390e+00  9.8969063570e+00  5.4783292800e+00  8.3769084760e+00
    4.1100000000e+00  2.9469017350e+00  3.6685855210e+00  1.8488711810e+00  9.8775120360e+00  5.4681510980e+00  8.2946934450e+00
    4.1200000000e+00  2.8804520360e+00  3.6483745960e+00  1.8250905350e+00  9.8592565330e+00  5.4592578010e+00  8.2155988330e+00
    4.1300000000e+00  2.8134777290e+00  3.6268286210e+00  1.8033605220e+00  9.8420969140e+00  5.4513755140e+00  8.1395772950e+00
    4.1400000000e+00  2.7454410220e+00  3.6036808160e+00  1.7832079770e+00  9.8258519550e+00  5.4441640650e+00  8.0665131500e+00
    4.1500000000e+00  2.6758541370e+00  3.5787428780e+00  1.7642049300e+00  9.8102077240e+00  5.4372359140e+00  7.9962332060e+00
    4.1600000000e+00  2.6043145740e+00  3.5519112680e+00  1.7459726110e+00  9.7947360900e+00  5.4301769930e+00  7.9285170730e+00
    4.1700000000e+00  2.5305319260e+00  3.5231673440e+00  1.7281833100e+00  9.7789238910e+00  5.4225671670e+00  7.8631060300e+00
    4.1800000000e+00  2.4543427650e+00  3.4925723020e+00  1.7105612910e+00  9.7622084110e+00  5.4139984650e+00  7.7997100680e+00
    4.1900000000e+00  2.3757125160e+00  3.4602583580e+00  1.6928840110e+00  9.7440137490e+00  5.4040898960e+00  7.7380134050e+00
    4.2000000000e+00  2.2947258730e+00  3.4264177300e+00  1.6749845080e+00  9.7237829340e+00  5.3924983120e+00  7.6776794550e+00
    4.2100000000e+00  2.2115692820e+00  3.3912908850e+00  1.6567551460e+00  9.7010022520e+00  5.3789253470e+00  7.6183565610e+00
    4.2200000000e+00  2.1265098490e+00  3.3551553310e+00  1.6381520940e+00  9.6752164390e+00  5.3631209440e+00  7.5596858450e+00
    4.2300000000e+00  2.0398746160e+00  3.3183158640e+00  1.6191991060e+00  9.6460355310e+00  5.3448843450e+00  7.5013120130e+00
    4.2400000000e+00  1.9520328730e+00  3.2810966790e+00  1.5999887590e+00  9.6131355450e+00  5.3240637420e+00  7.4428970630e+00
    4.2500000000e+00  1.8633825870e+00  3.2438351090e+00  1.5806793900e+00  9.5762556310e+00  5.3005557030e+00  7.3841357800e+00
    4.2600000000e+00  1.7743407350e+00  3.2068761780e+00  1.5614867100e+00  9.5351939930e+00  5.2743051420e+00  7.3247709630e+00
    4.2700000000e+00  1.6853365310e+00  3.1705669220e+00  1.5426701980e+00  9.4898040320e+00  5.2453059110e+00  7.2646058990e+00
    4.2800000000e+00  1.5968063580e+00  3.1352496180e+00  1.5245156920e+00  9.4399913210e+00  5.2136013930e+00  7.2035118190e+00
    4.2900000000e+00  1.5091895020e+00  3.1012536580e+00  1.5073165990e+00  9.3857113410e+00  5.1792840030e+00  7.1414289960e+00
    4.3000000000e+00  1.4229242080e+00  3.0688865940e+00  1.4913565340e+00  9.3269676150e+00  5.1424925040e+00  7.0783614340e+00
    4.3100000000e+00  1.3384440330e+00  3.0384254990e+00  1.4768959420e+00  9.2638099710e+00  5.1034064950e+00  7.0143664400e+00
    4.3200000000e+00  1.2561745890e+00  3.0101100740e+00  1.4641643210e+00  9.1963329020e+00  5.0622382180e+00  6.9495413940e+00
    4.3300000000e+00  1.1765307050e+00  2.9841386820e+00  1.4533584330e+00  9.1246742750e+00  5.0192225720e+00  6.8840104570e+00
    4.3400000000e+00  1.0999136920e+00  2.9606678660e+00  1.4446455980e+00  9.0490146750e+00  4.9746068150e+00  6.8179138360e+00
    4.3500000000e+00  1.0267081510e+00  2.9398150730e+00  1.4381700650e+00  8.9695774750e+00  4.9286414530e+00  6.7514014360e+00
    4.3600000000e+00  9.5727765700e-01  2.9216635840e+00  1.4340598350e+00  8.8866292740e+00  4.8815734760e+00  6.6846316230e+00
    4.3700000000e+00  8.9195891100e-01  2.9062683160e+00  1.4324312770e+00  8.8004799210e+00  4.8336423860e+00  6.6177743880e+00
    4.3800000000e+00  8.3105447100e-01  2.8936611740e+00  1.4333895530e+00  8.7114810690e+00  4.7850787380e+00  6.5510170000e+00
    4.3900000000e+00  7.7482483500e-01  2.8838551300e+00  1.4370241140e+00  8.6200223600e+00  4.7361043850e+00  6.4845694280e+00
    4.4000000000e+00  7.2348114300e-01  2.8768467230e+00  1.4434000780e+00  8.5265248690e+00  4.6869334620e+00  6.4186667780e+00
    4.4100000000e+00  6.7717985600e-01  2.8726172210e+00  1.4525476030e+00  8.4314322490e+00  4.6377732840e+00  6.3535668180e+00
    4.4200000000e+00  6.3602032100e-01  2.8711329050e+00  1.4644521160e+00  8.3352007530e+00  4.5888246750e+00  6.2895420310e+00
    4.4300000000e+00  6.0004523400e-01  2.8723450090e+00  1.4790480850e+00  8.2382896550e+00  4.5402815730e+00  6.2268671900e+00
    4.4400000000e+00  5.6924318900e-01  2.8761897380e+00  1.4962181450e+00  8.1411532270e+00  4.4923300000e+00  6.1658046480e+00
    4.4500000000e+00  5.4355194800e-01  2.8825886250e+00  1.5157980140e+00  8.0442346700e+00  4.4451466000e+00  6.1065900650e+00
    4.4600000000e+00  5.2286130600e-01  2.8914493800e+00  1.5375862840e+00  7.9479614370e+00  4.3988969890e+00  6.0494210450e+00
    4.4700000000e+00  5.0701509400e-01  2.9026672410e+00  1.5613572260e+00  7.8527408230e+00  4.3537341640e+00  5.9944503040e+00
    4.4800000000e+00  4.9581281600e-01  2.9161267530e+00  1.5868743810e+00  7.7589547490e+00  4.3097972070e+00  5.9417838970e+00
    4.4900000000e+00  4.8901206100e-01  2.9317038240e+00  1.6139029240e+00  7.6669533350e+00  4.2672104050e+00  5.8914840170e+00
    4.5000000000e+00  4.8633286600e-01  2.9492678170e+00  1.6422193480e+00  7.5770477510e+00  4.2260828570e+00  5.8435752060e+00
    4.5100000000e+00  4.8746467000e-01  2.9686835340e+00  1.6716177030e+00  7.4895035960e+00  4.1865084780e+00  5.7980524760e+00
    4.5200000000e+00  4.9207557500e-01  2.9898129720e+00  1.7019122890e+00  7.4045362690e+00  4.1485662410e+00  5.7548898390e+00
    4.5300000000e+00  4.9982277300e-01  3.0125169060e+00  1.7329372630e+00  7.3223094080e+00  4.1123205280e+00  5.7140479230e+00
    4.5400000000e+00  5.1036259200e-01  3.0366564080e+00  1.7645440400e+00  7.2429366250e+00  4.0778215180e+00  5.6754797100e+00
    4.5500000000e+00  5.2335873100e-01  3.0620943950e+00  1.7965976340e+00  7.1664859110e+00  4.0451057080e+00  5.6391339470e+00
    4.5600000000e+00  5.3848789200e-01  3.0886971870e+00  1.8289730680e+00  7.0929854330e+00  4.0141966660e+00  5.6049563170e+00
    4.5700000000e+00  5.5544280100e-01  3.1163359280e+00  1.8615527350e+00  7.0224293470e+00  3.9851061200e+00  5.5728889330e+00
    4.5800000000e+00  5.7393330200e-01  3.1448877200e+00  1.8942251750e+00  6.9547825340e+00  3.9578352810e+00  5.5428689790e+00
    4.5900000000e+00  5.9368655300e-01  3.1742363840e+00  1.9268852670e+00  6.8899837970e+00  3.9323762610e+00  5.5148273390e+00
    4.6000000000e+00  6.1444733100e-01  3.2042729440e+00  1.9594354840e+00  6.8279476110e+00  3.9087133860e+00  5.4886878980e+00
    4.6100000000e+00  6.3597911900e-01  3.2348960060e+00  1.9917876190e+00  6.7685650040e+00  3.8868244060e+00  5.4643679060e+00
    4.6200000000e+00  6.5806627000e-01  3.2660121380e+00  2.0238642690e+00  6.7117042940e+00  3.8666817190e+00  5.4417794570e+00
    4.6300000000e+00  6.8051710400e-01  3.2975361800e+00  2.0555994580e+00  6.6572123800e+00  3.8482537990e+00  5.4208317760e+00
    4.6400000000e+00  7.0316752500e-01  3.3293912620e+00  2.0869379690e+00  6.6049170830e+00  3.8315068990e+00  5.4014336650e+00
    4.6500000000e+00  7.2588462200e-01  3.3615082340e+00  2.1178333910e+00  6.5546307610e+00  3.8164068880e+00  5.3834952720e+00
    4.6600000000e+00  7.4856967300e-01  3.3938244050e+00  2.1482453940e+00  6.5061551500e+00  3.8029208690e+00  5.3669283990e+00
    4.6700000000e+00  7.7116013600e-01  3.4262816810e+00  2.1781371870e+00  6.4592871620e+00  3.7910181830e+00  5.3516448910e+00
    4.6800000000e+00  7.9363037300e-01  3.4588244780e+00  2.2074743600e+00  6.4138252750e+00  3.7806705050e+00  5.3375533070e+00
    4.6900000000e+00  8.1599097900e-01  3.4913978870e+00  2.2362261070e+00  6.3695761470e+00  3.7718510030e+00  5.3245547310e+00
    4.7000000000e+00  8.3828674600e-01  3.5239465260e+00  2.2643693040e+00  6.3263611380e+00  3.7645327780e+00  5.3125391240e+00
    4.7100000000e+00  8.6059321700e-01  3.5564143250e+00  2.2918950690e+00  6.2840224650e+00  3.7586870150e+00  5.3013838090e+00
    4.7200000000e+00  8.8301186300e-01  3.5887452460e+00  2.3188166270e+00  6.2424286540e+00  3.7542813000e+00  5.2909553650e+00
    4.7300000000e+00  9.0566396000e-01  3.6208847370e+00  2.3451766970e+00  6.2014788520e+00  3.7512785020e+00  5.2811155190e+00
    4.7400000000e+00  9.2868346500e-01  3.6527815730e+00  2.3710524370e+00  6.1611055450e+00  3.7496364410e+00  5.2717306500e+00
    4.7500000000e+00  9.5220946800e-01  3.6843897080e+00  2.3965563730e+00  6.1212752900e+00  3.7493084090e+00  5.2626835990e+00
    4.7600000000e+00  9.7637894000e-01  3.7156698150e+00  2.4218324690e+00  6.0819874100e+00  3.7502444350e+00  5.2538858200e+00
    4.7700000000e+00  1.0013205240e+00  3.7465902550e+00  2.4470475560e+00  6.0432709040e+00  3.7523931170e+00  5.2452877310e+00
    4.7800000000e+00  1.0271498750e+00  3.7771273150e+00  2.4723792370e+00  6.0051802130e+00  3.7557037600e+00  5.2368854840e+00
    4.7900000000e+00  1.0539666980e+00  3.8072646170e+00  2.4980020550e+00  5.9677905570e+00  3.7601285570e+00  5.2287230730e+00
    4.8000000000e+00  1.0818532580e+00  3.8369917110e+00  2.5240738780e+00  5.9311935260e+00  3.7656244710e+00  5.2208896600e+00
    4.8100000000e+00  1.1108739170e+00  3.8663019580e+00  2.5507241770e+00  5.8954933480e+00  3.7721544840e+00  5.2135127230e+00
    4.8200000000e+00  1.1410751540e+00  3.8951900070e+00  2.5780453810e+00  5.8608039240e+00  3.7796879240e+00  5.2067482270e+00
    4.8300000000e+00  1.1724856520e+00  3.9236492860e+00  2.6060878460e+00  5.8272465200e+00  3.7881996780e+00  5.2007691400e+00
    4.8400000000e+00  1.2051162120e+00  3.9516700300e+00  2.6348584350e+00  5.7949477800e+00  3.7976683680e+00  5.1957535760e+00
    4.8500000000e+00  1.2389594770e+00  3.9792383040e+00  2.6643224090e+00  5.7640377820e+00  3.8080737720e+00  5.1918735570e+00
    4.8600000000e+00  1.2739896280e+00  4.0063363100e+00  2.6944081340e+00  5.7346479090e+00  3.8193940180e+00  5.1892851810e+00
    4.8700000000e+00  1.3101622250e+00  4.0329439970e+00  2.7250140530e+00  5.7069085070e+00  3.8316031710e+00  5.1881207840e+00
    4.8800000000e+00  1.3474143400e+00  4.0590416800e+00  2.7560172830e+00  5.6809463890e+00  3.8446697720e+00  5.1884836050e+00
    4.8900000000e+00  1.3856650290e+00  4.0846131480e+00  2.7872830560e+00  5.6568822680e+00  3.8585567150e+00  5.1904453070e+00
    4.9000000000e+00  1.4248161250e+00  4.1096486310e+00  2.8186740660e+00  5.6348281830e+00  3.8732225470e+00  5.1940465130e+00
    4.9100000000e+00  1.4647533930e+00  4.1341470050e+00  2.8500587110e+00  5.6148849000e+00  3.8886240130e+00  5.1993001520e+00
    4.9200000000e+00  1.5053481440e+00  4.1581167930e+00  2.8813173050e+00  5.5971393090e+00  3.9047193960e+00  5.2061970220e+00
    4.9300000000e+00  1.5464594160e+00  4.1815757360e+00  2.9123456270e+00  5.5816619710e+00  3.9214720930e+00  5.2147126170e+00
    4.9400000000e+00  1.5879367480e+00  4.2045489500e+00  2.9430556120e+00  5.5685050070e+00  3.9388538110e+00  5.2248140640e+00
    4.9500000000e+00  1.6296234180e+00  4.2270659590e+00  2.9733734790e+00  5.5577005830e+00  3.9568468610e+00  5.2364660250e+00
    4.9600000000e+00  1.6713598820e+00  4.2491570420e+00  3.0032360820e+00  5.5492600730e+00  3.9754451400e+00  5.2496346370e+00
    4.9700000000e+00  1.7129871850e+00  4.2708494970e+00  3.0325865930e+00  5.5431737960e+00  3.9946536400e+00  5.2642889900e+00
    4.9800000000e+00  1.7543502790e+00  4.2921644790e+00  3.0613708010e+00  5.5394110720e+00  4.0144865510e+00  5.2804002020e+00
    4.9900000000e+00  1.7953015070e+00  4.3131149650e+00  3.0895351450e+00  5.5379204190e+00  4.0349643360e+00  5.2979387950e+00
    5.0000000000e+00  1.8357046360e+00  4.3337052650e+00  3.1170271660e+00  5.5386299930e+00  4.0561104340e+00  5.3168715730e+00
    5.0100000000e+00  1.8754398070e+00  4.3539320680e+00  3.1437983180e+00  5.5414488310e+00  4.0779483720e+00  5.3371595020e+00
    5.0200000000e+00  1.9144092390e+00  4.3737866610e+00  3.1698082670e+00  5.5462697750e+00  4.1005000760e+00  5.3587578770e+00
    5.0300000000e+00  1.9525429350e+00  4.3932575260e+00  3.1950291680e+00  5.5529749520e+00  4.1237858880e+00  5.3816194810e+00
    5.0400000000e+00  1.9898029530e+00  4.4123323020e+00  3.2194481370e+00  5.5614441470e+00  4.1478263640e+00  5.4057004740e+00
    5.0500000000e+00  2.0261846060e+00  4.4309981200e+00  3.2430665260e+00  5.5715655830e+00  4.1726453280e+00  5.4309678300e+00
    5.0600000000e+00  2.0617132920e+00  4.4492396590e+00  3.2658953730e+00  5.5832476020e+00  4.1982732030e+00  5.4574064790e+00
    5.0700000000e+00  2.0964365250e+00  4.4670348300e+00  3.2879474630e+00  5.5964291590e+00  4.2247492960e+00  5.4850242620e+00
    5.0800000000e+00  2.1304118730e+00  4.4843487160e+00  3.3092273110e+00  5.6110869310e+00  4.2521217600e+00  5.5138532470e+00
    5.0900000000e+00  2.1636925130e+00  4.5011269990e+00  3.3297208930e+00  5.6272374250e+00  4.2804443390e+00  5.5439468230e+00
    5.1000000000e+00  2.1963127090e+00  4.5172905260e+00  3.3493868840e+00  5.6449334000e+00  4.3097697130e+00  5.5753728940e+00
    5.1100000000e+00  2.2282755070e+00  4.5327325800e+00  3.3681507130e+00  5.6642550510e+00  4.3401400390e+00  5.6082041820e+00
    5.1200000000e+00  2.2595445060e+00  4.5473200550e+00  3.3859021080e+00  5.6852972650e+00  4.3715760430e+00  5.6425069110e+00
    5.1300000000e+00  2.2900408040e+00  4.5608989890e+00  3.4024962000e+00  5.7081548370e+00  4.4040663380e+00  5.6783291060e+00
    5.1400000000e+00  2.3196453960e+00  4.5733041610e+00  3.4177579710e+00  5.7329076760e+00  4.4375587450e+00  5.7156893870e+00
    5.1500000000e+00  2.3482065700e+00  4.5843718130e+00  3.4314897710e+00  5.7596079440e+00  4.4719550240e+00  5.7545669410e+00
    5.1600000000e+00  2.3755512590e+00  4.5939541460e+00  3.4434817740e+00  5.7882706830e+00  4.5071099950e+00  5.7948932520e+00
    5.1700000000e+00  2.4014988580e+00  4.6019340310e+00  3.4535251930e+00  5.8188690660e+00  4.5428354940e+00  5.8365464060e+00
    5.1800000000e+00  2.4258757600e+00  4.6082383060e+00  3.4614278840e+00  5.8513348160e+00  4.5789091030e+00  5.8793489820e+00
    5.1900000000e+00  2.4485287670e+00  4.6128480960e+00  3.4670314100e+00  5.8855637300e+00  4.6150870730e+00  5.9230706930e+00
    5.2000000000e+00  2.4693356690e+00  4.6158047850e+00  3.4702280050e+00  5.9214256150e+00  4.6511203410e+00  5.9674366640e+00
    5.2100000000e+00  2.4882116140e+00  4.6172107020e+00  3.4709753280e+00  5.9587773930e+00  4.6867720350e+00  6.0121416260e+00
    5.2200000000e+00  2.5051104230e+00  4.6172242150e+00  3.4693067060e+00  5.9974777660e+00  4.7218345660e+00  6.0568693720e+00
    5.2300000000e+00  2.5200205310e+00  4.6160496960e+00  3.4653348110e+00  6.0374016490e+00  4.7561443570e+00  6.1013157860e+00
    5.2400000000e+00  2.5329558400e+00  4.6139235260e+00  3.4592474950e+00  6.0784525590e+00  4.7895926300e+00  6.1452129270e+00
    5.2500000000e+00  2.5439422770e+00  4.6110978200e+00  3.4512955950e+00  6.1205712680e+00  4.8221312410e+00  6.1883511750e+00
    5.2600000000e+00  2.5530014390e+00  4.6078236880e+00  3.4417737910e+00  6.1637392540e+00  4.8537732840e+00  6.2305965580e+00
    5.2700000000e+00  2.5601332320e+00  4.6043357550e+00  3.4309966840e+00  6.2079759260e+00  4.8845888670e+00  6.2719009780e+00
    5.2800000000e+00  2.5652998780e+00  4.6008393010e+00  3.4192730010e+00  6.2533293270e+00  4.9146969630e+00  6.3123041900e+00
    5.2900000000e+00  2.5684137680e+00  4.5975009090e+00  3.4068809530e+00  6.2998609800e+00  4.9442545930e+00  6.3519275610e+00
    5.3000000000e+00  2.5693313010e+00  4.5944429930e+00  3.3940474130e+00  6.3476266100e+00  4.9734447300e+00  6.3909608390e+00
    5.3100000000e+00  2.5678539840e+00  4.5917420880e+00  3.3809327990e+00  6.3966552320e+00  5.0024642330e+00  6.4296439250e+00
    5.3200000000e+00  2.5637369600e+00  4.5894303260e+00  3.3676225800e+00  6.4469294710e+00  5.0315129270e+00  6.4682460360e+00
    5.3300000000e+00  2.5567039490e+00  4.5874992960e+00  3.3541253960e+00  6.4983697670e+00  5.0607845610e+00  6.5070446360e+00
    5.3400000000e+00  2.5464666930e+00  4.5859053100e+00  3.3403770100e+00  6.5508244560e+00  5.0904600070e+00  6.5463061630e+00
    5.3500000000e+00  2.5327464130e+00  4.5845751870e+00  3.3262487130e+00  6.6040668080e+00  5.1207026690e+00  6.5862700550e+00
    5.3600000000e+00  2.5152946150e+00  4.5834118060e+00  3.3115584690e+00  6.6577990600e+00  5.1516557290e+00  6.6271368480e+00
    5.3700000000e+00  2.4939108770e+00  4.5822989930e+00  3.2960831200e+00  6.7116623820e+00  5.1834406910e+00  6.6690603200e+00
    5.3800000000e+00  2.4684559650e+00  4.5811056460e+00  3.2795703710e+00  6.7652509220e+00  5.2161565770e+00  6.7121430030e+00
    5.3900000000e+00  2.4388597210e+00  4.5796893380e+00  3.2617499580e+00  6.8181276380e+00  5.2498792830e+00  6.7564340240e+00
    5.4000000000e+00  2.4051242790e+00  4.5778998710e+00  3.2423441560e+00  6.8698398950e+00  5.2846609210e+00  6.8019284350e+00
    5.4100000000e+00  2.3673239100e+00  4.5755832070e+00  3.2210781690e+00  6.9199336120e+00  5.3205293590e+00  6.8485677780e+00
    5.4200000000e+00  2.3256028990e+00  4.5725859390e+00  3.1976908150e+00  6.9679657740e+00  5.3574884820e+00  6.8962423140e+00
    5.4300000000e+00  2.2801722730e+00  4.5687599940e+00  3.1719453150e+00  7.0135158920e+00  5.3955197740e+00  6.9447958040e+00
    5.4400000000e+00  2.2313053670e+00  4.5639668310e+00  3.1436391460e+00  7.0561971450e+00  5.4345855470e+00  6.9940335780e+00
    5.4500000000e+00  2.1793315330e+00  4.5580802080e+00  3.1126113460e+00  7.0956674640e+00  5.4746336340e+00  7.0437339190e+00
    5.4600000000e+00  2.1246272040e+00  4.5509867490e+00  3.0787456070e+00  7.1316400070e+00  5.5156027640e+00  7.0936618150e+00
    5.4700000000e+00  2.0676039750e+00  4.5425840370e+00  3.0419680470e+00  7.1638918610e+00  5.5574274610e+00  7.1435831920e+00
    5.4800000000e+00  2.0086941740e+00  4.5327766980e+00  3.0022395690e+00  7.1922695690e+00  5.6000412260e+00  7.1932772590e+00
    5.4900000000e+00  1.9483351490e+00  4.5214715090e+00  2.9595438900e+00  7.2166904480e+00  5.6433771420e+00  7.2425447320e+00
    5.5000000000e+00  1.8869538900e+00  4.5085729430e+00  2.9138732120e+00  7.2371393470e+00  5.6873657240e+00  7.2912103240e+00
    5.5100000000e+00  1.8249536170e+00  4.4939804310e+00  2.8652140600e+00  7.2536612530e+00  5.7319305690e+00  7.3391189110e+00
    5.5200000000e+00  1.7627035820e+00  4.4775881220e+00  2.8135358360e+00  7.2663507390e+00  5.7769829000e+00  7.3861258250e+00
    5.5300000000e+00  1.7005328420e+00  4.4592872920e+00  2.7587842840e+00  7.2753395910e+00  5.8224162970e+00  7.4320826980e+00
    5.5400000000e+00  1.6387282270e+00  4.4389708840e+00  2.7008813710e+00  7.2807840430e+00  5.8681026410e+00  7.4768210470e+00
    5.5500000000e+00  1.5775362860e+00  4.4165394280e+00  2.6397321870e+00  7.2828530170e+00  5.9138899010e+00  7.5201362610e+00
    5.5600000000e+00  1.5171685140e+00  4.3919074940e+00  2.5752383470e+00  7.2817186050e+00  5.9596018860e+00  7.5617747760e+00
    5.5700000000e+00  1.4578088170e+00  4.3650101200e+00  2.5073163070e+00  7.2775497340e+00  6.0050398440e+00  7.6014268680e+00
    5.5800000000e+00  1.3996218260e+00  4.3358088100e+00  2.4359180400e+00  7.2705095570e+00  6.0499856980e+00  7.6387266720e+00
    5.5900000000e+00  1.3427605720e+00  4.3042968340e+00  2.3610510790e+00  7.2607565170e+00  6.0942067980e+00  7.6732598830e+00
    5.6000000000e+00  1.2873720980e+00  4.2705035030e+00  2.2827949910e+00  7.2484484430e+00  6.1374620980e+00  7.7045782300e+00
    5.6100000000e+00  1.2336000300e+00  4.2344969770e+00  2.2013120280e+00  7.2337485170e+00  6.1795095950e+00  7.7322187190e+00
    5.6200000000e+00  1.1815836380e+00  4.1963851340e+00  2.1168508650e+00  7.2168316240e+00  6.2201146060e+00  7.7557249160e+00
    5.6300000000e+00  1.1314536040e+00  4.1563142240e+00  2.0297436120e+00  7.1978896340e+00  6.2590582460e+00  7.7746674830e+00
    5.6400000000e+00  1.0833252320e+00  4.1144653300e+00  1.9403974690e+00  7.1771343270e+00  6.2961453060e+00  7.7886617490e+00
    5.6500000000e+00  1.0372902240e+00  4.0710490460e+00  1.8492829920e+00  7.1547971190e+00  6.3312108520e+00  7.7973811250e+00
    5.6600000000e+00  9.9340841200e-01  4.0262990430e+00  1.7569210160e+00  7.1311252110e+00  6.3641251850e+00  7.8005662680e+00
    5.6700000000e+00  9.5170082000e-01  3.9804651770e+00  1.6638696640e+00  7.1063742900e+00  6.3947971770e+00  7.7980308100e+00
    5.6800000000e+00  9.1214534900e-01  3.9338065820e+00  1.5707120660e+00  7.0807984280e+00  6.4231763250e+00  7.7896647100e+00
    5.6900000000e+00  8.7467608200e-01  3.8865848070e+00  1.4780446720e+00  7.0546382380e+00  6.4492539210e+00  7.7754361110e+00
    5.7000000000e+00  8.3918679300e-01  3.8390567610e+00  1.3864657420e+00  7.0281086710e+00  6.4730635600e+00  7.7553919830e+00
    5.7100000000e+00  8.0553874500e-01  3.7914671590e+00  1.2965637340e+00  7.0013880650e+00  6.4946808580e+00  7.7296573850e+00
    5.7200000000e+00  7.7357222600e-01  3.7440402560e+00  1.2089057070e+00  6.9746100680e+00  6.5142219490e+00  7.6984329690e+00
    5.7300000000e+00  7.4312060500e-01  3.6969710270e+00  1.1240261470e+00  6.9478598410e+00  6.5318401330e+00  7.6619905120e+00
    5.7400000000e+00  7.1402508200e-01  3.6504163260e+00  1.0424167260e+00  6.9211753840e+00  6.5477200640e+00  7.6206665310e+00
    5.7500000000e+00  6.8614800200e-01  3.6044868930e+00  9.6451741100e-01  6.8945539440e+00  6.5620691160e+00  7.5748541930e+00
    5.7600000000e+00  6.5938282400e-01  3.5592413660e+00  8.9070925200e-01  6.8679624580e+00  6.5751059220e+00  7.5249938050e+00
    5.7700000000e+00  6.3365949100e-01  3.5146834910e+00  8.2130920200e-01  6.8413502410e+00  6.5870466160e+00  7.4715622120e+00
    5.7800000000e+00  6.0894505100e-01  3.4707635480e+00  7.5656732000e-01  6.8146617880e+00  6.5980898570e+00  7.4150616300e+00
    5.7900000000e+00  5.8524029000e-01  3.4273845970e+00  6.9666649100e-01  6.7878479110e+00  6.6084022030e+00  7.3560086760e+00
    5.8000000000e+00  5.6257383800e-01  3.3844133970e+00  6.4172443500e-01  6.7608741650e+00  6.6181056880e+00  7.2949245330e+00
    5.8100000000e+00  5.4099522300e-01  3.3416951100e+00  5.9179718000e-01  6.7337264250e+00  6.6272693340e+00  7.2323269560e+00
    5.8200000000e+00  5.2056800200e-01  3.2990701100e+00  5.4688292300e-01  6.7064141750e+00  6.6359058990e+00  7.1687242810e+00
    5.8300000000e+00  5.0136342100e-01  3.2563908210e+00  5.0692524300e-01  6.6789723650e+00  6.6439743690e+00  7.1046109120e+00
    5.8400000000e+00  4.8345442000e-01  3.2135363840e+00  4.7181523100e-01  6.6514625540e+00  6.6513877940e+00  7.0404632900e+00
    5.8500000000e+00  4.6690947000e-01  3.1704233100e+00  4.4139275600e-01  6.6239735950e+00  6.6580251550e+00  6.9767352880e+00
    5.8600000000e+00  4.5178571700e-01  3.1270109920e+00  4.1544769000e-01  6.5966215600e+00  6.6637453040e+00  6.9138523990e+00
    5.8700000000e+00  4.3812128100e-01  3.0833019180e+00  3.9372206500e-01  6.5695481890e+00  6.6684006790e+00  6.8522046510e+00
    5.8800000000e+00  4.2592714700e-01  3.0393374470e+00  3.7591397200e-01  6.5429170350e+00  6.6718487150e+00  6.7921387410e+00
    5.8900000000e+00  4.1517961600e-01  2.9951908740e+00  3.6168365700e-01  6.5169067660e+00  6.6739595180e+00  6.7339501280e+00
    5.9000000000e+00  4.0581459600e-01  2.9509599550e+00  3.5066188300e-01  6.4917016500e+00  6.6746193690e+00  6.6778758830e+00
    5.9100000000e+00  3.9772496700e-01  2.9067609090e+00  3.4246042900e-01  6.4674799290e+00  6.6737307440e+00  6.6240890220e+00
    5.9200000000e+00  3.9076183300e-01  2.8627253050e+00  3.3668442300e-01  6.4444013430e+00  6.6712104940e+00  6.5726949790e+00
    5.9300000000e+00  3.8473980500e-01  2.8190001090e+00  3.3294605300e-01  6.4225953520e+00  6.6669882310e+00  6.5237309070e+00
    5.9400000000e+00  3.7944581200e-01  2.7757500250e+00  3.3087895300e-01  6.4021514780e+00  6.6610068660e+00  6.4771684110e+00
    5.9500000000e+00  3.7465038800e-01  2.7331603160e+00  3.3015216600e-01  6.3831128180e+00  6.6532264000e+00  6.4329202140e+00
    5.9600000000e+00  3.7012014500e-01  2.6914379050e+00  3.3048234400e-01  6.3654732300e+00  6.6436309280e+00  6.3908507830e+00
    5.9700000000e+00  3.6563019200e-01  2.6508089160e+00  3.3164269700e-01  6.3491781240e+00  6.6322375320e+00  6.3507903460e+00
    5.9800000000e+00  3.6097549100e-01  2.6115117850e+00  3.3346751700e-01  6.3341284190e+00  6.6191049110e+00  6.3125510780e+00
    5.9900000000e+00  3.5598049900e-01  2.5737863720e+00  3.3585170800e-01  6.3201870220e+00  6.6043394120e+00  6.2759437380e+00
    6.0000000000e+00  3.5050673600e-01  2.5378607140e+00  3.3874553000e-01  6.3071871730e+00  6.5880966760e+00  6.2407929960e+00
    6.0100000000e+00  3.4445810500e-01  2.5039376880e+00  3.4214549300e-01  6.2949421440e+00  6.5705782580e+00  6.2069499620e+00
    6.0200000000e+00  3.3778378000e-01  2.4721838050e+00  3.4608269600e-01  6.2832558200e+00  6.5520238050e+00  6.1743010780e+00
    6.0300000000e+00  3.3047844700e-01  2.4427216760e+00  3.5060998600e-01  6.2719337260e+00  6.5327003370e+00  6.1427730620e+00
    6.0400000000e+00  3.2257966100e-01  2.4156266070e+00  3.5578911300e-01  6.2607937980e+00  6.5128905640e+00  6.1123340930e+00
    6.0500000000e+00  3.1416229700e-01  2.3909268770e+00  3.6167882400e-01  6.2496759930e+00  6.4928819210e+00  6.0829916340e+00
    6.0600000000e+00  3.0533053200e-01  2.3686066000e+00  3.6832462100e-01  6.2384496640e+00  6.4729574040e+00  6.0547874370e+00
    6.0700000000e+00  2.9620838900e-01  2.3486099630e+00  3.7575079300e-01  6.2270178420e+00  6.4533885000e+00  6.0277903550e+00
    6.0800000000e+00  2.8693026400e-01  2.3308458830e+00  3.8395514700e-01  6.2153181620e+00  6.4344299430e+00  6.0020877810e+00
    6.0900000000e+00  2.7763286400e-01  2.3151926170e+00  3.9290662800e-01  6.2033209940e+00  6.4163157150e+00  5.9777765930e+00
    6.1000000000e+00  2.6844943400e-01  2.3015023000e+00  4.0254569500e-01  6.1910260160e+00  6.3992558030e+00  5.9549545940e+00
    6.1100000000e+00  2.5950628000e-01  2.2896056520e+00  4.1278694300e-01  6.1784587250e+00  6.3834334690e+00  5.9337132680e+00
    6.1200000000e+00  2.5092073400e-01  2.2793171220e+00  4.2352319800e-01  6.1656680240e+00  6.3690031620e+00  5.9141324220e+00
    6.1300000000e+00  2.4279923200e-01  2.2704404960e+00  4.3463015100e-01  6.1527252650e+00  6.3560894100e+00  5.8962768940e+00
    6.1400000000e+00  2.3523423700e-01  2.2627746840e+00  4.4597065800e-01  6.1397241580e+00  6.3447871040e+00  5.8801950880e+00
    6.1500000000e+00  2.2829937600e-01  2.2561191000e+00  4.5739806300e-01  6.1267803050e+00  6.3351633070e+00  5.8659187200e+00
    6.1600000000e+00  2.2204308800e-01  2.2502779540e+00  4.6875831100e-01  6.1140288510e+00  6.3272604070e+00  5.8534629760e+00
    6.1700000000e+00  2.1648199400e-01  2.2450630020e+00  4.7989105000e-01  6.1016191760e+00  6.3210999690e+00  5.8428263130e+00
    6.1800000000e+00  2.1159572200e-01  2.2402946490e+00  4.9063031200e-01  6.0897063530e+00  6.3166865340e+00  5.8339893390e+00
    6.1900000000e+00  2.0732492600e-01  2.2358018180e+00  5.0080552800e-01  6.0784401750e+00  6.3140106130e+00  5.8269126850e+00
    6.2000000000e+00  2.0357361100e-01  2.2314212730e+00  5.1024359400e-01  6.0679533990e+00  6.3130505830e+00  5.8215341470e+00
    6.2100000000e+00  2.0021593100e-01  2.2269970900e+00  5.1877243900e-01  6.0583512850e+00  6.3137736080e+00  5.8177657590e+00
    6.2200000000e+00  1.9710653000e-01  2.2223807070e+00  5.2622614800e-01  6.0497043690e+00  6.3161360990e+00  5.8154915750e+00
    6.2300000000e+00  1.9409268100e-01  2.2174314790e+00  5.3245131500e-01  6.0420457500e+00  6.3200843020e+00  5.8145669010e+00
    6.2400000000e+00  1.9102605000e-01  2.2120173500e+00  5.3731401400e-01  6.0353731730e+00  6.3255553560e+00  5.8148194460e+00
    6.2500000000e+00  1.8777206900e-01  2.2060150880e+00  5.4070662600e-01  6.0296551200e+00  6.3324787410e+00  5.8160525700e+00
    6.2600000000e+00  1.8421554600e-01  2.1993098080e+00  5.4255381400e-01  6.0248392650e+00  6.3407776210e+00  5.8180504710e+00
    6.2700000000e+00  1.8026218000e-01  2.1917939430e+00  5.4281708900e-01  6.0208612550e+00  6.3503694930e+00  5.8205849000e+00
    6.2800000000e+00  1.7583666800e-01  2.1833662830e+00  5.4149767100e-01  6.0176519710e+00  6.3611657710e+00  5.8234228940e+00
    6.2900000000e+00  1.7087889300e-01  2.1739318760e+00  5.3863754600e-01  6.0151421670e+00  6.3730704900e+00  5.8263350410e+00
    6.3000000000e+00  1.6533986500e-01  2.1634033340e+00  5.3431873500e-01  6.0132643520e+00  6.3859788350e+00  5.8291039060e+00
    6.3100000000e+00  1.5917873100e-01  2.1517035280e+00  5.2866082500e-01  6.0119526790e+00  6.3997764900e+00  5.8315323320e+00
    6.3200000000e+00  1.5236139400e-01  2.1387689750e+00  5.2181670400e-01  6.0111420660e+00  6.4143406290e+00  5.8334513830e+00
    6.3300000000e+00  1.4486048700e-01  2.1245528530e+00  5.1396642600e-01  6.0107676660e+00  6.4295427840e+00  5.8347275820e+00
    6.3400000000e+00  1.3665589100e-01  2.1090266030e+00  5.0530913300e-01  6.0107653020e+00  6.4452531650e+00  5.8352689630e+00
    6.3500000000e+00  1.2773498300e-01  2.0921795100e+00  4.9605314900e-01  6.0110728210e+00  6.4613454440e+00  5.8350292700e+00
    6.3600000000e+00  1.1809204600e-01  2.0740163770e+00  4.8640466900e-01  6.0116318780e+00  6.4777009210e+00  5.8340095700e+00
    6.3700000000e+00  1.0772682500e-01  2.0545539120e+00  4.7655578900e-01  6.0123895090e+00  6.4942112470e+00  5.8322566490e+00
    6.3800000000e+00  9.6642503000e-02  2.0338167540e+00  4.6667300100e-01  6.0132991070e+00  6.5107794470e+00  5.8298578510e+00
    6.3900000000e+00  8.4843504000e-02  2.0118339460e+00  4.5688738700e-01  6.0143206870e+00  6.5273194750e+00  5.8269324750e+00
    6.4000000000e+00  7.2333363000e-02  1.9886362940e+00  4.4728772300e-01  6.0154206000e+00  6.5437548990e+00  5.8236203560e+00
    6.4100000000e+00  5.9112670000e-02  1.9642546400e+00  4.3791739800e-01  6.0165708340e+00  6.5600172750e+00  5.8200687350e+00
    6.4200000000e+00  4.5177009000e-02  1.9387187950e+00  4.2877561800e-01  6.0177479060e+00  6.5760445910e+00  5.8164187850e+00
    6.4300000000e+00  3.0514845000e-02  1.9120568590e+00  4.1982278700e-01  6.0189311450e+00  6.5917798910e+00  5.8127933160e+00
    6.4400000000e+00  1.5105555000e-02  1.8842947020e+00  4.1098944300e-01  6.0201000870e+00  6.6071699840e+00  5.8092870430e+00
    6.4500000000e+00 -1.0819580000e-03  1.8554556000e+00  4.0218759600e-01  6.0212308130e+00  6.6221641330e+00  5.8059604670e+00
    6.4600000000e+00 -1.8089505000e-02  1.8255600540e+00  3.9332301100e-01  6.0222913160e+00  6.6367126340e+00  5.8028379410e+00
    6.4700000000e+00 -3.5968156000e-02  1.7946259010e+00  3.8430688600e-01  6.0232363070e+00  6.6507652630e+00  5.7999098430e+00
    6.4800000000e+00 -5.4774716000e-02  1.7626688340e+00  3.7506556200e-01  6.0240021170e+00  6.6642696390e+00  5.7971381880e+00
    6.4900000000e+00 -7.4566072000e-02  1.7297034550e+00  3.6554738500e-01  6.0245025660e+00  6.6771695970e+00  5.7944645530e+00
    6.5000000000e+00 -9.5391689000e-02  1.6957449660e+00  3.5572637300e-01  6.0246266820e+00  6.6894037560e+00  5.7918191010e+00
    6.5100000000e+00 -1.1728494300e-01  1.6608115400e+00  3.4560289400e-01  6.0242391170e+00  6.7009046330e+00  5.7891295760e+00
    6.5200000000e+00 -1.4025436500e-01  1.6249271580e+00  3.3520180000e-01  6.0231837920e+00  6.7115986290e+00  5.7863295120e+00
    6.5300000000e+00 -1.6427618100e-01  1.5881245390e+00  3.2456853600e-01  6.0212908500e+00  6.7214071860e+00  5.7833652020e+00
    6.5400000000e+00 -1.8928954400e-01  1.5504475890e+00  3.1376363000e-01  6.0183863260e+00  6.7302491350e+00  5.7802011240e+00
    6.5500000000e+00 -2.1519556500e-01  1.5119528150e+00  3.0285591200e-01  6.0143032320e+00  6.7380439910e+00  5.7768235370e+00
    6.5600000000e+00 -2.4186051500e-01  1.4727093260e+00  2.9191489100e-01  6.0088922830e+00  6.7447156350e+00  5.7732418640e+00
    6.5700000000e+00 -2.6912261800e-01  1.4327973430e+00  2.8100294000e-01  6.0020304550e+00  6.7501956790e+00  5.7694875280e+00
    6.5800000000e+00 -2.9680104100e-01  1.3923055090e+00  2.7016820200e-01  5.9936260700e+00  6.7544258320e+00  5.7656100820e+00
    6.5900000000e+00 -3.2470520700e-01  1.3513276500e+00  2.5943928700e-01  5.9836200020e+00  6.7573587980e+00  5.7616709560e+00
    6.6000000000e+00 -3.5264272900e-01  1.3099597820e+00  2.4882268100e-01  5.9719835920e+00  6.7589576140e+00  5.7577355940e+00
    6.6100000000e+00 -3.8042485500e-01  1.2682981380e+00  2.3830339900e-01  5.9587145370e+00  6.7591938020e+00  5.7538652510e+00
    6.6200000000e+00 -4.0786915700e-01  1.2264386850e+00  2.2784876400e-01  5.9438322560e+00  6.7580450470e+00  5.7501098280e+00
    6.6300000000e+00 -4.3479991000e-01  1.1844781340e+00  2.1741453800e-01  5.9273740290e+00  6.7554932800e+00  5.7465029900e+00
    6.6400000000e+00 -4.6104705600e-01  1.1425159930e+00  2.0695218400e-01  5.9093926760e+00  6.7515239100e+00  5.7430602780e+00
    6.6500000000e+00 -4.8644474600e-01  1.1006569060e+00  1.9641583100e-01  5.8899560780e+00  6.7461265700e+00  5.7397802860e+00
    6.6600000000e+00 -5.1083038200e-01  1.0590124300e+00  1.8576771200e-01  5.8691483310e+00  6.7392973110e+00  5.7366483210e+00
    6.6700000000e+00 -5.3404484900e-01  1.0177016550e+00  1.7498129400e-01  5.8470721170e+00  6.7310417570e+00  5.7336415080e+00
    6.6800000000e+00 -5.5593439900e-01  9.7685036900e-01  1.6404191900e-01  5.8238515810e+00  6.7213785360e+00  5.7307341130e+00
    6.6900000000e+00 -5.7635438600e-01  9.3658889500e-01  1.5294534400e-01  5.7996349700e+00  6.7103423460e+00  5.7279020040e+00
    6.7000000000e+00 -5.9517470000e-01  8.9704895300e-01  1.4169503400e-01  5.7745961320e+00  6.6979861750e+00  5.7251255510e+00
    6.7100000000e+00 -6.1228638100e-01  8.5836004000e-01  1.3029919300e-01  5.7489341530e+00  6.6843825170e+00  5.7223908480e+00
    6.7200000000e+00 -6.2760857200e-01  8.2064573900e-01  1.1876832800e-01  5.7228706180e+00  6.6696236400e+00  5.7196896430e+00
    6.7300000000e+00 -6.4109480200e-01  7.8402019000e-01  1.0711371300e-01  5.6966444660e+00  6.6538211790e+00  5.7170186940e+00
    6.7400000000e+00 -6.5273767100e-01  7.4858472900e-01  9.5346616000e-02  5.6705048290e+00  6.6371052770e+00  5.7143792020e+00
    6.7500000000e+00 -6.6257132700e-01  7.1442450400e-01  8.3477818000e-02  5.6447026200e+00  6.6196234060e+00  5.7117766820e+00
    6.7600000000e+00 -6.7067148700e-01  6.8160489200e-01  7.1516910000e-02  5.6194817470e+00  6.6015387010e+00  5.7092211770e+00
    6.7700000000e+00 -6.7715314700e-01  6.5016766100e-01  5.9471114000e-02  5.5950708180e+00  6.5830274740e+00  5.7067274390e+00
    6.7800000000e+00 -6.8216639300e-01  6.2012718700e-01  4.7343736000e-02  5.5716759680e+00  6.5642754990e+00  5.7043146120e+00
    6.7900000000e+00 -6.8589090000e-01  5.9146728400e-01  3.5132628000e-02  5.5494752820e+00  6.5454728740e+00  5.7020052000e+00
    6.8000000000e+00 -6.8852978100e-01  5.6413936500e-01  2.2829115000e-02  5.5286149480e+00  6.5268076180e+00  5.6998233610e+00
    6.8100000000e+00 -6.9030343100e-01  5.3806248000e-01  1.0417729000e-02  5.5092070390e+00  6.5084585820e+00  5.6977928930e+00
    6.8200000000e+00 -6.9144385200e-01  5.1312544800e-01 -2.1232210000e-03  5.4913285610e+00  6.4905884710e+00  5.6959353580e+00
    6.8300000000e+00 -6.9218972000e-01  4.8919082800e-01 -1.4820448000e-02  5.4750212290e+00  6.4733377730e+00  5.6942687750e+00
    6.8400000000e+00 -6.9278207200e-01  4.6610018900e-01 -2.7704235000e-02  5.4602914020e+00  6.4568201390e+00  5.6928070840e+00
    6.8500000000e+00 -6.9346023300e-01  4.4367996300e-01 -4.0807211000e-02  5.4471097940e+00  6.4411193850e+00  5.6915603920e+00
    6.8600000000e+00 -6.9445738500e-01  4.2174731400e-01 -5.4163733000e-02  5.4354109050e+00  6.4262879240e+00  5.6905357260e+00
    6.8700000000e+00 -6.9599522800e-01  4.0011569900e-01 -6.7810089000e-02  5.4250925300e+00  6.4123462610e+00  5.6897378790e+00
    6.8800000000e+00 -6.9827747700e-01  3.7860011100e-01 -8.1785468000e-02  5.4160160380e+00  6.3992831770e+00  5.6891698140e+00
    6.8900000000e+00 -7.0148239900e-01  3.5702220100e-01 -9.6133377000e-02  5.4080082570e+00  6.3870564050e+00  5.6888322160e+00
    6.9000000000e+00 -7.0575508900e-01  3.3521551900e-01 -1.1090294300e-01  5.4008656350e+00  6.3755939010e+00  5.6887219650e+00
    6.9100000000e+00 -7.1120054000e-01  3.1303093000e-01 -1.2614951400e-01  5.3943608970e+00  6.3647960340e+00  5.6888296650e+00
    6.9200000000e+00 -7.1787856700e-01  2.9034197300e-01 -1.4193408300e-01  5.3882518240e+00  6.3545390670e+00  5.6891366440e+00
    6.9300000000e+00 -7.2580136000e-01  2.6704962300e-01 -1.5832134000e-01  5.3822912800e+00  6.3446801650e+00  5.6896120600e+00
    6.9400000000e+00 -7.3493385700e-01  2.4308579400e-01 -1.7537651900e-01  5.3762373410e+00  6.3350638340e+00  5.6902107310e+00
    6.9500000000e+00 -7.4519653700e-01  2.1841494800e-01 -1.9316145100e-01  5.3698625200e+00  6.3255293090e+00  5.6908721750e+00
    6.9600000000e+00 -7.5646986700e-01  1.9303347200e-01 -2.1173043900e-01  5.3629615080e+00  6.3159181540e+00  5.6915210340e+00
    6.9700000000e+00 -7.6859957100e-01  1.6696685300e-01 -2.3112650600e-01  5.3553573910e+00  6.3060811890e+00  5.6920687460e+00
    6.9800000000e+00 -7.8140216300e-01  1.4026504300e-01 -2.5137838700e-01  5.3469067260e+00  6.2958839430e+00  5.6924161070e+00
    6.9900000000e+00 -7.9467066200e-01  1.1299677400e-01 -2.7249835200e-01  5.3375040140e+00  6.2852101040e+00  5.6924562640e+00
    7.0000000000e+00 -8.0818081500e-01  8.5243703000e-02 -2.9448066000e-01  5.3270859270e+00  6.2739627510e+00  5.6920778310e+00
    7.0100000000e+00 -8.2169838400e-01  5.7095318000e-02 -3.1730034200e-01  5.3156352510e+00  6.2620636360e+00  5.6911681060e+00
    7.0200000000e+00 -8.3498799200e-01  2.8645288000e-02 -3.4091219000e-01  5.3031840310e+00  6.2494511240e+00  5.6896166720e+00
    7.0300000000e+00 -8.4782364700e-01 -1.0393000000e-05 -3.6525013500e-01  5.2898150310e+00  6.2360776910e+00  5.6873197390e+00
    7.0400000000e+00 -8.6000053800e-01 -2.8773628000e-02 -3.9022762300e-01  5.2756605140e+00  6.2219079220e+00  5.6841854030e+00
    7.0500000000e+00 -8.7134708800e-01 -5.7543383000e-02 -4.1573969000e-01  5.2608975500e+00  6.2069177390e+00  5.6801395710e+00
    7.0600000000e+00 -8.8173587900e-01 -8.6214665000e-02 -4.4166736600e-01  5.2457396220e+00  6.1910952330e+00  5.6751317410e+00
    7.0700000000e+00 -8.9109200100e-01 -1.1467824500e-01 -4.6788450200e-01  5.2304249610e+00  6.1744429430e+00  5.6691395460e+00
    7.0800000000e+00 -8.9939765800e-01 -1.4282185900e-01 -4.9426651000e-01  5.2152027340e+00  6.1569810760e+00  5.6621708450e+00
    7.0900000000e+00 -9.0669248300e-01 -1.7053328900e-01 -5.2069993300e-01  5.2003185650e+00  6.1387508050e+00  5.6542625300e+00
    7.1000000000e+00 -9.1306971700e-01 -1.9770533800e-01 -5.4709137900e-01  5.1860009930e+00  6.1198167620e+00  5.6454757780e+00
    7.1100000000e+00 -9.1866902900e-01 -2.2424231400e-01 -5.7337437100e-01  5.1724501710e+00  6.1002678760e+00  5.6358881980e+00
    7.1200000000e+00 -9.2366716900e-01 -2.5006733300e-01 -5.9951301600e-01  5.1598296070e+00  6.0802159090e+00  5.6255839020e+00
    7.1300000000e+00 -9.2826776900e-01 -2.7512955700e-01 -6.2550192800e-01  5.1482611330e+00  6.0597913390e+00  5.6146429070e+00
    7.1400000000e+00 -9.3269143000e-01 -2.9941029400e-01 -6.5136252100e-01  5.1378227450e+00  6.0391365840e+00  5.6031313070e+00
    7.1500000000e+00 -9.3716679200e-01 -3.2292695000e-01 -6.7713626900e-01  5.1285485720e+00  6.0183969640e+00  5.5910934140e+00
    7.1600000000e+00 -9.4192285300e-01 -3.4573394100e-01 -7.0287592600e-01  5.1204301520e+00  5.9977102630e+00  5.5785466980e+00
    7.1700000000e+00 -9.4718232100e-01 -3.6792007900e-01 -7.2863576300e-01  5.1134183570e+00  5.9771960580e+00  5.5654798840e+00
    7.1800000000e+00 -9.5315559200e-01 -3.8960245400e-01 -7.5446189300e-01  5.1074256310e+00  5.9569461970e+00  5.5518542160e+00
    7.1900000000e+00 -9.6003491700e-01 -4.1091744100e-01 -7.8038355300e-01  5.1023286200e+00  5.9370177030e+00  5.5376076020e+00
    7.2000000000e+00 -9.6798858900e-01 -4.3200993100e-01 -8.0640608400e-01  5.0979715410e+00  5.9174289770e+00  5.5226611990e+00
    7.2100000000e+00 -9.7715529300e-01 -4.5302215200e-01 -8.3250619500e-01  5.0941707050e+00  5.8981596760e+00  5.5069279030e+00
    7.2200000000e+00 -9.8763914200e-01 -4.7408340700e-01 -8.5863002400e-01  5.0907204840e+00  5.8791540010e+00  5.4903220750e+00
    7.2300000000e+00 -9.9950605300e-01 -4.9530176700e-01 -8.8469442400e-01  5.0874006230e+00  5.8603266940e+00  5.4727696890e+00
    7.2400000000e+00 -1.0127821060e+00 -5.1675835600e-01 -9.1059166300e-01  5.0839844130e+00  5.8415707490e+00  5.4542178050e+00
    7.2500000000e+00 -1.0274541480e+00 -5.3850441800e-01 -9.3619734700e-01  5.0802469090e+00  5.8227657850e+00  5.4346421020e+00
    7.2600000000e+00 -1.0434724920e+00 -5.6056094100e-01 -9.6138075800e-01  5.0759723060e+00  5.8037861050e+00  5.4140512130e+00
    7.2700000000e+00 -1.0607551010e+00 -5.8292032900e-01 -9.8601622300e-01  5.0709597990e+00  5.7845077180e+00  5.3924869960e+00
    7.2800000000e+00 -1.0791924450e+00 -6.0554941300e-01 -1.0099937750e+00  5.0650276930e+00  5.7648138890e+00  5.3700205420e+00
    7.2900000000e+00 -1.0986522650e+00 -6.2839307800e-01 -1.0332274110e+00  5.0580159420e+00  5.7445991460e+00  5.3467445900e+00
    7.3000000000e+00 -1.1189837830e+00 -6.5137788600e-01 -1.0556597670e+00  5.0497876380e+00  5.7237719680e+00  5.3227636640e+00
    7.3100000000e+00 -1.1400212800e+00 -6.7441534000e-01 -1.0772627270e+00  5.0402300240e+00  5.7022565710e+00  5.2981836070e+00
    7.3200000000e+00 -1.1615872550e+00 -6.9740467100e-01 -1.0980342410e+00  5.0292554720e+00  5.6799942880e+00  5.2731021100e+00
    7.3300000000e+00 -1.1834955390e+00 -7.2023532400e-01 -1.1179922040e+00  5.0168025960e+00  5.6569449450e+00  5.2476015060e+00
    7.3400000000e+00 -1.2055547440e+00 -7.4278952600e-01 -1.1371665620e+00  5.0028374610e+00  5.6330885010e+00  5.2217446310e+00
    7.3500000000e+00 -1.2275723070e+00 -7.6494538900e-01 -1.1555909920e+00  4.9873546170e+00  5.6084268770e+00  5.1955739970e+00
    7.3600000000e+00 -1.2493592700e+00 -7.8658098700e-01 -1.1732954210e+00  4.9703775960e+00  5.5829856500e+00  5.1691140570e+00
    7.3700000000e+00 -1.2707357310e+00 -8.0757955100e-01 -1.1903004460e+00  4.9519583970e+00  5.5568149660e+00  5.1423758210e+00
    7.3800000000e+00 -1.2915366660e+00 -8.2783556100e-01 -1.2066142810e+00  4.9321754930e+00  5.5299889700e+00  5.1153627740e+00
    7.3900000000e+00 -1.3116175340e+00 -8.4726106900e-01 -1.2222323200e+00  4.9111299940e+00  5.5026031640e+00  5.0880769220e+00
    7.4000000000e+00 -1.3308588370e+00 -8.6579128700e-01 -1.2371389100e+00  4.8889398890e+00  5.4747695400e+00  5.0605239550e+00
    7.4100000000e+00 -1.3491687380e+00 -8.8338845900e-01 -1.2513105850e+00  4.8657327700e+00  5.4466098730e+00  5.0327169080e+00
    7.4200000000e+00 -1.3664830830e+00 -9.0004333200e-01 -1.2647199450e+00  4.8416378880e+00  5.4182480300e+00  5.0046781370e+00
    7.4300000000e+00 -1.3827626300e+00 -9.1577412100e-01 -1.2773395600e+00  4.8167786820e+00  5.3898023580e+00  4.9764397730e+00
    7.4400000000e+00 -1.3979879210e+00 -9.3062334900e-01 -1.2891455100e+00  4.7912669320e+00  5.3613790760e+00  4.9480429410e+00
    7.4500000000e+00 -1.4121526410e+00 -9.4465328100e-01 -1.3001203700e+00  4.7651992910e+00  5.3330671510e+00  4.9195359320e+00
    7.4600000000e+00 -1.4252565730e+00 -9.5794064600e-01 -1.3102553860e+00  4.7386564900e+00  5.3049347130e+00  4.8909714880e+00
    7.4700000000e+00 -1.4372990960e+00 -9.7057103200e-01 -1.3195515430e+00  4.7117050160e+00  5.2770267770e+00  4.8624033890e+00
    7.4800000000e+00 -1.4482739720e+00 -9.8263304500e-01 -1.3280191590e+00  4.6844007820e+00  5.2493640720e+00  4.8338827550e+00
    7.4900000000e+00 -1.4581658310e+00 -9.9421216100e-01 -1.3356758560e+00  4.6567942020e+00  5.2219430410e+00  4.8054547790e+00
    7.5000000000e+00 -1.4669486340e+00 -1.0053843510e+00 -1.3425431820e+00  4.6289361370e+00  5.1947373390e+00  4.7771566720e+00
    7.5100000000e+00 -1.4745862980e+00 -1.0162099230e+00 -1.3486426110e+00  4.6008841350e+00  5.1677012240e+00  4.7490174560e+00
    7.5200000000e+00 -1.4810356380e+00 -1.0267283610e+00 -1.3539919320e+00  4.5727083510e+00  5.1407749820e+00  4.7210597050e+00
    7.5300000000e+00 -1.4862515770e+00 -1.0369550900e+00 -1.3586029860e+00  4.5444963020e+00  5.1138920720e+00  4.6933028150e+00
    7.5400000000e+00 -1.4901942820e+00 -1.0468809090e+00 -1.3624813060e+00  4.5163555710e+00  5.0869871390e+00  4.6657668830e+00
    7.5500000000e+00 -1.4928373860e+00 -1.0564743510e+00 -1.3656276870e+00  4.4884136240e+00  5.0600037380e+00  4.6384761650e+00
    7.5600000000e+00 -1.4941760870e+00 -1.0656866530e+00 -1.3680411230e+00  4.4608143000e+00  5.0329005300e+00  4.6114612540e+00
    7.5700000000e+00 -1.4942336560e+00 -1.0744584650e+00 -1.3697223030e+00  4.4337111370e+00  5.0056549990e+00  4.5847595510e+00
    7.5800000000e+00 -1.4930651310e+00 -1.0827270700e+00 -1.3706767360e+00  4.4072583690e+00  4.9782642220e+00  4.5584140840e+00
    7.5900000000e+00 -1.4907573740e+00 -1.0904328020e+00 -1.3709168610e+00  4.3816009550e+00  4.9507428200e+00  4.5324711460e+00
    7.6000000000e+00 -1.4874254370e+00 -1.0975235680e+00 -1.3704627900e+00  4.3568651910e+00  4.9231188460e+00  4.5069774340e+00
    7.6100000000e+00 -1.4832057920e+00 -1.1039568490e+00 -1.3693417480e+00  4.3331513530e+00  4.8954287520e+00  4.4819773460e+00
    7.6200000000e+00 -1.4782475570e+00 -1.1096992360e+00 -1.3675865150e+00  4.3105293530e+00  4.8677127320e+00  4.4575109640e+00
    7.6300000000e+00 -1.4727030910e+00 -1.1147241300e+00 -1.3652333120e+00  4.2890378900e+00  4.8400114710e+00  4.4336129720e+00
    7.6400000000e+00 -1.4667193530e+00 -1.1190086590e+00 -1.3623195820e+00  4.2686869130e+00  4.8123648600e+00  4.4103125710e+00
    7.6500000000e+00 -1.4604312250e+00 -1.1225308610e+00 -1.3588820390e+00  4.2494627270e+00  4.7848126010e+00  4.3876342930e+00
    7.6600000000e+00 -1.4539575570e+00 -1.1252679770e+00 -1.3549552610e+00  4.2313346220e+00  4.7573961420e+00  4.3655995030e+00
    7.6700000000e+00 -1.4474001590e+00 -1.1271962040e+00 -1.3505710250e+00  4.2142617400e+00  4.7301611420e+00  4.3442283340e+00
    7.6800000000e+00 -1.4408453600e+00 -1.1282918100e+00 -1.3457584750e+00  4.1981989660e+00  4.7031596560e+00  4.3235417930e+00
    7.6900000000e+00 -1.4343672910e+00 -1.1285331750e+00 -1.3405451380e+00  4.1831009550e+00  4.6764515070e+00  4.3035637200e+00
    7.7000000000e+00 -1.4280317760e+00 -1.1279031660e+00 -1.3349587250e+00  4.1689239570e+00  4.6501046470e+00  4.2843223210e+00
    7.7100000000e+00 -1.4218997950e+00 -1.1263913540e+00 -1.3290295240e+00  4.1556256530e+00  4.6241946290e+00  4.2658510130e+00
    7.7200000000e+00 -1.4160297550e+00 -1.1239957580e+00 -1.3227931570e+00  4.1431636360e+00  4.5988035550e+00  4.2481884030e+00
    7.7300000000e+00 -1.4104782820e+00 -1.1207241340e+00 -1.3162933940e+00  4.1314933740e+00  4.5740188530e+00  4.2313772930e+00
    7.7400000000e+00 -1.4052996480e+00 -1.1165950080e+00 -1.3095847180e+00  4.1205664200e+00  4.5499321620e+00  4.2154627270e+00
    7.7500000000e+00 -1.4005442670e+00 -1.1116387710e+00 -1.3027343710e+00  4.1103294410e+00  4.5266382870e+00  4.2004891500e+00
    7.7600000000e+00 -1.3962568030e+00 -1.1058990480e+00 -1.2958236250e+00  4.1007243170e+00  4.5042340190e+00  4.1864968600e+00
    7.7700000000e+00 -1.3924744910e+00 -1.0994343180e+00 -1.2889480880e+00  4.0916893110e+00  4.4828164340e+00  4.1735179090e+00
    7.7800000000e+00 -1.3892261440e+00 -1.0923194980e+00 -1.2822168590e+00  4.0831610830e+00  4.4624803640e+00  4.1615717110e+00
    7.7900000000e+00 -1.3865321980e+00 -1.0846470220e+00 -1.2757503840e+00  4.0750771080e+00  4.4433149390e+00  4.1506606360e+00
    7.8000000000e+00 -1.3844059520e+00 -1.0765269050e+00 -1.2696769100e+00  4.0673779480e+00  4.4253994000e+00  4.1407659820e+00
    7.8100000000e+00 -1.3828558380e+00 -1.0680854690e+00 -1.2641275640e+00  4.0600087660e+00  4.4087986070e+00  4.1318447770e+00
    7.8200000000e+00 -1.3818882770e+00 -1.0594625990e+00 -1.2592302410e+00  4.0529195630e+00  4.3935588110e+00  4.1238279140e+00
    7.8300000000e+00 -1.3815103930e+00 -1.0508077050e+00 -1.2551026810e+00  4.0460639050e+00  4.3797042190e+00  4.1166200980e+00
    7.8400000000e+00 -1.3817317940e+00 -1.0422747010e+00 -1.2518453290e+00  4.0393963070e+00  4.3672347440e+00  4.1101019490e+00
    7.8500000000e+00 -1.3825647610e+00 -1.0340164270e+00 -1.2495347240e+00  4.0328688910e+00  4.3561252130e+00  4.1041344380e+00
    7.8600000000e+00 -1.3840226110e+00 -1.0261789440e+00 -1.2482183000e+00  4.0264281990e+00  4.3463261300e+00  4.0985654960e+00
    7.8700000000e+00 -1.3861164750e+00 -1.0188961610e+00 -1.2479113980e+00  4.0200131120e+00  4.3377660320e+00  4.0932383330e+00
    7.8800000000e+00 -1.3888512360e+00 -1.0122852810e+00 -1.2485971950e+00  4.0135545710e+00  4.3303553290e+00  4.0880005840e+00
    7.8900000000e+00 -1.3922216320e+00 -1.0064435540e+00 -1.2502297690e+00  4.0069773080e+00  4.3239913940e+00  4.0827131300e+00
    7.9000000000e+00 -1.3962094970e+00 -1.0014468090e+00 -1.2527400880e+00  4.0002032510e+00  4.3185644040e+00  4.0772573480e+00
    7.9100000000e+00 -1.4007828090e+00 -9.9734998600e-01 -1.2560440770e+00  3.9931557940e+00  4.3139632580e+00  4.0715397070e+00
    7.9200000000e+00 -1.4058966550e+00 -9.9418961400e-01 -1.2600515320e+00  3.9857639280e+00  4.3100807490e+00  4.0654931150e+00
    7.9300000000e+00 -1.4114957010e+00 -9.9198776700e-01 -1.2646745220e+00  3.9779653310e+00  4.3068172660e+00  4.0590750110e+00
    7.9400000000e+00 -1.4175173720e+00 -9.9075674300e-01 -1.2698340880e+00  3.9697079230e+00  4.3040825840e+00  4.0522628190e+00
    7.9500000000e+00 -1.4238948380e+00 -9.9050359000e-01 -1.2754645010e+00  3.9609498740e+00  4.3017956750e+00  4.0450477360e+00
    7.9600000000e+00 -1.4305591120e+00 -9.9123370300e-01 -1.2815148430e+00  3.9516585520e+00  4.2998828900e+00  4.0374279600e+00
    7.9700000000e+00 -1.4374399230e+00 -9.9295294700e-01 -1.2879481030e+00  3.9418091100e+00  4.2982751410e+00  4.0294023300e+00
    7.9800000000e+00 -1.4444654840e+00 -9.9566812900e-01 -1.2947382620e+00  3.9313834880e+00  4.2969048610e+00  4.0209651410e+00
    7.9900000000e+00 -1.4515616290e+00 -9.9938597800e-01 -1.3018659660e+00  3.9203703740e+00  4.2957034870e+00  4.0121026130e+00
    8.0000000000e+00 -1.4586510100e+00 -1.0041111090e+00 -1.3093134720e+00  3.9087663500e+00  4.2946000760e+00  4.0027913140e+00
    8.0100000000e+00 -1.4656530790e+00 -1.0098436840e+00 -1.3170595920e+00  3.8965780720e+00  4.2935213580e+00  3.9929985900e+00
    8.0200000000e+00 -1.4724854050e+00 -1.0165775370e+00 -1.3250753240e+00  3.8838249590e+00  4.2923931690e+00  3.9826848370e+00
    8.0300000000e+00 -1.4790665860e+00 -1.0242994370e+00 -1.3333207870e+00  3.8705416450e+00  4.2911427940e+00  3.9718072050e+00
    8.0400000000e+00 -1.4853205930e+00 -1.0329898060e+00 -1.3417438790e+00  3.8567793660e+00  4.2897014850e+00  3.9603240930e+00
    8.0500000000e+00 -1.4911820010e+00 -1.0426247950e+00 -1.3502807760e+00  3.8426056090e+00  4.2880063270e+00  3.9481997030e+00
    8.0600000000e+00 -1.4966012940e+00 -1.0531791800e+00 -1.3588580700e+00  3.8281016620e+00  4.2860008140e+00  3.9354079260e+00
    8.0700000000e+00 -1.5015493210e+00 -1.0646292870e+00 -1.3673960890e+00  3.8133581090e+00  4.2836338750e+00  3.9219350130e+00
    8.0800000000e+00 -1.5060201000e+00 -1.0769551650e+00 -1.3758127530e+00  3.7984687180e+00  4.2808575440e+00  3.9077807700e+00
    8.0900000000e+00 -1.5100314480e+00 -1.0901414550e+00 -1.3840273510e+00  3.7835234400e+00  4.2776238490e+00  3.8929582830e+00
    8.1000000000e+00 -1.5136232180e+00 -1.1041768040e+00 -1.3919637100e+00  3.7686013740e+00  4.2738816140e+00  3.8774924520e+00
    8.1100000000e+00 -1.5168532830e+00 -1.1190520390e+00 -1.3995524500e+00  3.7537645230e+00  4.2695738410e+00  3.8614177250e+00
    8.1200000000e+00 -1.5197916260e+00 -1.1347575540e+00 -1.4067321820e+00  3.7390530650e+00  4.2646360270e+00  3.8447754820e+00
    8.1300000000e+00 -1.5225131270e+00 -1.1512804030e+00 -1.4134497070e+00  3.7244826860e+00  4.2589955260e+00  3.8276114640e+00
    8.1400000000e+00 -1.5250897500e+00 -1.1686015030e+00 -1.4196593540e+00  3.7100443430e+00  4.2525718230e+00  3.8099736040e+00
    8.1500000000e+00 -1.5275829760e+00 -1.1866931720e+00 -1.4253217490e+00  3.6957065920e+00  4.2452774700e+00  3.7919105010e+00
    8.1600000000e+00 -1.5300373670e+00 -1.2055170660e+00 -1.4304023070e+00  3.6814203190e+00  4.2370194420e+00  3.7734706620e+00
    8.1700000000e+00 -1.5324760890e+00 -1.2250224730e+00 -1.4348698290e+00  3.6671253810e+00  4.2277006860e+00  3.7547025040e+00
    8.1800000000e+00 -1.5348990190e+00 -1.2451447890e+00 -1.4386954660e+00  3.6527583230e+00  4.2172217910e+00  3.7356549500e+00
    8.1900000000e+00 -1.5372836520e+00 -1.2658040140e+00 -1.4418522320e+00  3.6382600910e+00  4.2054827870e+00  3.7163783420e+00
    8.2000000000e+00 -1.5395885400e+00 -1.2869031420e+00 -1.4443150830e+00  3.6235826980e+00  4.1923852940e+00  3.6969254100e+00
    8.2100000000e+00 -1.5417585980e+00 -1.3083264850e+00 -1.4460614470e+00  3.6086939760e+00  4.1778353280e+00  3.6773520880e+00
    8.2200000000e+00 -1.5437312760e+00 -1.3299382600e+00 -1.4470720910e+00  3.5935799860e+00  4.1617470830e+00  3.6577180670e+00
    8.2300000000e+00 -1.5454426520e+00 -1.3515819640e+00 -1.4473322080e+00  3.5782451340e+00  4.1440477990e+00  3.6380870690e+00
    8.2400000000e+00 -1.5468326190e+00 -1.3730812120e+00 -1.4468326970e+00  3.5627104190e+00  4.1246835270e+00  3.6185268050e+00
    8.2500000000e+00 -1.5478487450e+00 -1.3942425890e+00 -1.4455715930e+00  3.5470104640e+00  4.1036251560e+00  3.5991085510e+00
    8.2600000000e+00 -1.5484486730e+00 -1.4148607100e+00 -1.4435555640e+00  3.5311900060e+00  4.0808738240e+00  3.5799062120e+00
    8.2700000000e+00 -1.5486012600e+00 -1.4347252350e+00 -1.4408012940e+00  3.5153003820e+00  4.0564647120e+00  3.5609947660e+00
    8.2800000000e+00 -1.5482867100e+00 -1.4536290590e+00 -1.4373364720e+00  3.4993963090e+00  4.0304684530e+00  3.5424480640e+00
    8.2900000000e+00 -1.5474959970e+00 -1.4713766150e+00 -1.4332000490e+00  3.4835331160e+00  4.0029898160e+00  3.5243361040e+00
    8.3000000000e+00 -1.5462297570e+00 -1.4877911710e+00 -1.4284415200e+00  3.4677644500e+00  3.9741639010e+00  3.5067220820e+00
    8.3100000000e+00 -1.5444967800e+00 -1.5027202680e+00 -1.4231190990e+00  3.4521404990e+00  3.9441505470e+00  3.4896596780e+00
    8.3200000000e+00 -1.5423122210e+00 -1.5160389520e+00 -1.4172969270e+00  3.4367067950e+00  3.9131279800e+00  3.4731910410e+00
    8.3300000000e+00 -1.5396956950e+00 -1.5276509480e+00 -1.4110416590e+00  3.4215036440e+00  3.8812866140e+00  3.4573458660e+00
    8.3400000000e+00 -1.5366694550e+00 -1.5374883360e+00 -1.4044189330e+00  3.4065662260e+00  3.8488237170e+00  3.4421417560e+00
    8.3500000000e+00 -1.5332568980e+00 -1.5455104590e+00 -1.3974902550e+00  3.3919252380e+00  3.8159391280e+00  3.4275857840e+00
    8.3600000000e+00 -1.5294815300e+00 -1.5517026520e+00 -1.3903107160e+00  3.3776079390e+00  3.7828319020e+00  3.4136769640e+00
    8.3700000000e+00 -1.5253664800e+00 -1.5560751230e+00 -1.3829277780e+00  3.3636393620e+00  3.7496974500e+00  3.4004092380e+00
    8.3800000000e+00 -1.5209345190e+00 -1.5586619910e+00 -1.3753811670e+00  3.3500435470e+00  3.7167247580e+00  3.3877745310e+00
    8.3900000000e+00 -1.5162085560e+00 -1.5595202300e+00 -1.3677038040e+00  3.3368446500e+00  3.6840934280e+00  3.3757655210e+00
    8.4000000000e+00 -1.5112126080e+00 -1.5587281850e+00 -1.3599235560e+00  3.3240678540e+00  3.6519704910e+00  3.3643778120e+00
    8.4100000000e+00 -1.5059732470e+00 -1.5563833930e+00 -1.3520656010e+00  3.3117399080e+00  3.6205071880e+00  3.3536112760e+00
    8.4200000000e+00 -1.5005214890e+00 -1.5525995650e+00 -1.3441550340e+00  3.2998890470e+00  3.5898360450e+00  3.3434703950e+00
    8.4300000000e+00 -1.4948948880e+00 -1.5475028160e+00 -1.3362193350e+00  3.2885439860e+00  3.5600685830e+00  3.3339635510e+00
    8.4400000000e+00 -1.4891394230e+00 -1.5412273440e+00 -1.3282902670e+00  3.2777317910e+00  3.5312939620e+00  3.3251014350e+00
    8.4500000000e+00 -1.4833105730e+00 -1.5339108820e+00 -1.3204048650e+00  3.2674746540e+00  3.5035787230e+00  3.3168948930e+00
    8.4600000000e+00 -1.4774730330e+00 -1.5256902990e+00 -1.3126054110e+00  3.2577859110e+00  3.4769676520e+00  3.3093527130e+00
    8.4700000000e+00 -1.4716986720e+00 -1.5166976510e+00 -1.3049385130e+00  3.2486659800e+00  3.4514856750e+00  3.3024798270e+00
    8.4800000000e+00 -1.4660627150e+00 -1.5070569860e+00 -1.2974536940e+00  3.2400990090e+00  3.4271405830e+00  3.2962762620e+00
    8.4900000000e+00 -1.4606385170e+00 -1.4968820540e+00 -1.2902019360e+00  3.2320510430e+00  3.4039263110e+00  3.2907369080e+00
    8.5000000000e+00 -1.4554916480e+00 -1.4862750350e+00 -1.2832346000e+00  3.2244702510e+00  3.3818264900e+00  3.2858519070e+00
    8.5100000000e+00 -1.4506742010e+00 -1.4753262530e+00 -1.2766029310e+00  3.2172894150e+00  3.3608179630e+00  3.2816073070e+00
    8.5200000000e+00 -1.4462202670e+00 -1.4641148090e+00 -1.2703581170e+00  3.2104304240e+00  3.3408740200e+00  3.2779856260e+00
    8.5300000000e+00 -1.4421433020e+00 -1.4527099550e+00 -1.2645517140e+00  3.2038101450e+00  3.3219671180e+00  3.2749660410e+00
    8.5400000000e+00 -1.4384357510e+00 -1.4411730540e+00 -1.2592361810e+00  3.1973467550e+00  3.3040709670e+00  3.2725241360e+00
    8.5500000000e+00 -1.4350708510e+00 -1.4295599080e+00 -1.2544653130e+00  3.1909655990e+00  3.2871618660e+00  3.2706312130e+00
    8.5600000000e+00 -1.4320061300e+00 -1.4179232890e+00 -1.2502944190e+00  3.1846037960e+00  3.2712192260e+00  3.2692532710e+00
    8.5700000000e+00 -1.4291878710e+00 -1.4063154550e+00 -1.2467801820e+00  3.1782131630e+00  3.2562252330e+00  3.2683497160e+00
    8.5800000000e+00 -1.4265557520e+00 -1.3947903730e+00 -1.2439800900e+00  3.1717613950e+00  3.2421636180e+00  3.2678718600e+00
    8.5900000000e+00 -1.4240470290e+00 -1.3834053720e+00 -1.2419513060e+00  3.1652317900e+00  3.2290176300e+00  3.2677612960e+00
    8.6000000000e+00 -1.4215998560e+00 -1.3722218730e+00 -1.2407488230e+00  3.1586220090e+00  3.2167674010e+00  3.2679482920e+00
    8.6100000000e+00 -1.4191556360e+00 -1.3613049940e+00 -1.2404227820e+00  3.1519423950e+00  3.2053870760e+00  3.2683505430e+00
    8.6200000000e+00 -1.4166605640e+00 -1.3507219310e+00 -1.2410149810e+00  3.1452143120e+00  3.1948421860e+00  3.2688726480e+00
    8.6300000000e+00 -1.4140666540e+00 -1.3405392800e+00 -1.2425548430e+00  3.1384687710e+00  3.1850877700e+00  3.2694067800e+00
    8.6400000000e+00 -1.4113326130e+00 -1.3308196700e+00 -1.2450553350e+00  3.1317453720e+00  3.1760676390e+00  3.2698348220e+00
    8.6500000000e+00 -1.4084248100e+00 -1.3216182550e+00 -1.2485095050e+00  3.1250914190e+00  3.1677149920e+00  3.2700320210e+00
    8.6600000000e+00 -1.4053184380e+00 -1.3129796090e+00 -1.2528882520e+00  3.1185609310e+00  3.1599543180e+00  3.2698718480e+00
    8.6700000000e+00 -1.4019987400e+00 -1.3049355330e+00 -1.2581397960e+00  3.1122133380e+00  3.1527042810e+00  3.2692314790e+00
    8.6800000000e+00 -1.3984620930e+00 -1.2975040450e+00 -1.2641909230e+00  3.1061117380e+00  3.1458810850e+00  3.2679971290e+00
    8.6900000000e+00 -1.3947166940e+00 -1.2906895540e+00 -1.2709497280e+00  3.1003207840e+00  3.1394017840e+00  3.2660685770e+00
    8.7000000000e+00 -1.3907826690e+00 -1.2844839940e+00 -1.2783093060e+00  3.0949043890e+00  3.1331870740e+00  3.2633624330e+00
    8.7100000000e+00 -1.3866915860e+00 -1.2788684820e+00 -1.2861517420e+00  3.0899234860e+00  3.1271633140e+00  3.2598140890e+00
    8.7200000000e+00 -1.3824854110e+00 -1.2738150620e+00 -1.2943519290e+00  3.0854340700e+00  3.1212638050e+00  3.2553785900e+00
    8.7300000000e+00 -1.3782150790e+00 -1.2692882320e+00 -1.3027809480e+00  3.0814856980e+00  3.1154295760e+00  3.2500307990e+00
    8.7400000000e+00 -1.3739388740e+00 -1.2652461880e+00 -1.3113090550e+00  3.0781205200e+00  3.1096100240e+00  3.2437652210e+00
    8.7500000000e+00 -1.3697208180e+00 -1.2616419530e+00 -1.3198084340e+00  3.0753728800e+00  3.1037636750e+00  3.2365956830e+00
    8.7600000000e+00 -1.3656293040e+00 -1.2584247110e+00 -1.3281559720e+00  3.0732694280e+00  3.0978591210e+00  3.2285548910e+00
    8.7700000000e+00 -1.3617361660e+00 -1.2555416130e+00 -1.3362361490e+00  3.0718295990e+00  3.0918759660e+00  3.2196936970e+00
    8.7800000000e+00 -1.3581163640e+00 -1.2529401490e+00 -1.3439440720e+00  3.0710662370e+00  3.0858054160e+00  3.2100798790e+00
    8.7900000000e+00 -1.3548483420e+00 -1.2505709390e+00 -1.3511884620e+00  3.0709860070e+00  3.0796501590e+00  3.1997962550e+00
    8.8000000000e+00 -1.3520149560e+00 -1.2483905990e+00 -1.3578943810e+00  3.0715892090e+00  3.0734233100e+00  3.1889380490e+00
    8.8100000000e+00 -1.3497046070e+00 -1.2463642550e+00 -1.3640054160e+00  3.0728686220e+00  3.0671464030e+00  3.1776095680e+00
    8.8200000000e+00 -1.3480120520e+00 -1.2444673290e+00 -1.3694850870e+00  3.0748072170e+00  3.0608466120e+00  3.1659203080e+00
    8.8300000000e+00 -1.3470382150e+00 -1.2426863450e+00 -1.3743172980e+00  3.0773748760e+00  3.0545535370e+00  3.1539807410e+00
    8.8400000000e+00 -1.3468884520e+00 -1.2410186680e+00 -1.3785057090e+00  3.0805246070e+00  3.0482959570e+00  3.1418980520e+00
    8.8500000000e+00 -1.3476689920e+00 -1.2394712600e+00 -1.3820720380e+00  3.0841890500e+00  3.0420989230e+00  3.1297722000e+00
    8.8600000000e+00 -1.3494816930e+00 -1.2380586550e+00 -1.3850534210e+00  3.0882781210e+00  3.0359815170e+00  3.1176926400e+00
    8.8700000000e+00 -1.3524176760e+00 -1.2368004980e+00 -1.3874991550e+00  3.0926785440e+00  3.0299554730e+00  3.1057359770e+00
    8.8800000000e+00 -1.3565507110e+00 -1.2357189900e+00 -1.3894672050e+00  3.0972556550e+00  3.0240246970e+00  3.0939646520e+00
    8.8900000000e+00 -1.3619312530e+00 -1.2348365820e+00 -1.3910208400e+00  3.1018574310e+00  3.0181855740e+00  3.0824265430e+00
    8.9000000000e+00 -1.3685819310e+00 -1.2341741230e+00 -1.3922256230e+00  3.1063203110e+00  3.0124278210e+00  3.0711552360e+00
    8.9100000000e+00 -1.3764949630e+00 -1.2337495190e+00 -1.3931467680e+00  3.1104761560e+00  3.0067356060e+00  3.0601707030e+00
    8.9200000000e+00 -1.3856316550e+00 -1.2335768130e+00 -1.3938467580e+00  3.1141596110e+00  3.0010887310e+00  3.0494802490e+00
    8.9300000000e+00 -1.3959239030e+00 -1.2336655550e+00 -1.3943831120e+00  3.1172152520e+00  2.9954637950e+00  3.0390797660e+00
    8.9400000000e+00 -1.4072774770e+00 -1.2340203460e+00 -1.3948063070e+00  3.1195040220e+00  2.9898353710e+00  3.0289554040e+00
    8.9500000000e+00 -1.4195768090e+00 -1.2346405780e+00 -1.3951580420e+00  3.1209085660e+00  2.9841772910e+00  3.0190857960e+00
    8.9600000000e+00 -1.4326909900e+00 -1.2355204930e+00 -1.3954701050e+00  3.1213371490e+00  2.9784640540e+00  3.0094447530e+00
    8.9700000000e+00 -1.4464806010e+00 -1.2366497100e+00 -1.3957640980e+00  3.1207258350e+00  2.9726722270e+00  3.0000042320e+00
    8.9800000000e+00 -1.4608048930e+00 -1.2380142600e+00 -1.3960520890e+00  3.1190386890e+00  2.9667816280e+00  2.9907371840e+00
    8.9900000000e+00 -1.4755287110e+00 -1.2395980080e+00 -1.3963380800e+00  3.1162658920e+00  2.9607759900e+00  2.9816199450e+00
    9.0000000000e+00 -1.4905284680e+00 -1.2413841850e+00 -1.3966200230e+00  3.1124198460e+00  2.9546429630e+00  2.9726338920e+00
    9.0100000000e+00 -1.5056964890e+00 -1.2433566640e+00 -1.3968920220e+00  3.1075296560e+00  2.9483734780e+00  2.9637663170e+00
    9.0200000000e+00 -1.5209431660e+00 -1.2455007170e+00 -1.3971464610e+00  3.1016346060e+00  2.9419606760e+00  2.9550105850e+00
    9.0300000000e+00 -1.5361966500e+00 -1.2478031170e+00 -1.3973758560e+00  3.0947775410e+00  2.9353987600e+00  2.9463657570e+00
    9.0400000000e+00 -1.5514001820e+00 -1.2502516770e+00 -1.3975744040e+00  3.0869991150e+00  2.9286820910e+00  2.9378358370e+00
    9.0500000000e+00 -1.5665076150e+00 -1.2528344640e+00 -1.3977392080e+00  3.0783338270e+00  2.9218047690e+00  2.9294287550e+00
    9.0600000000e+00 -1.5814780560e+00 -1.2555390000e+00 -1.3978711830e+00  3.0688083990e+00  2.9147607660e+00  2.9211551170e+00
    9.0700000000e+00 -1.5962707090e+00 -1.2583517520e+00 -1.3979755870e+00  3.0584426170e+00  2.9075445010e+00  2.9130267740e+00
    9.0800000000e+00 -1.6108409690e+00 -1.2612580760e+00 -1.3980620720e+00  3.0472522190e+00  2.9001516110e+00  2.9050552830e+00
    9.0900000000e+00 -1.6251384360e+00 -1.2642426520e+00 -1.3981442130e+00  3.0352530030e+00  2.8925796410e+00  2.8972504450e+00
    9.1000000000e+00 -1.6391071030e+00 -1.2672902700e+00 -1.3982385200e+00  3.0224651500e+00  2.8848283820e+00  2.8896191300e+00
    9.1100000000e+00 -1.6526874480e+00 -1.2703867220e+00 -1.3983631020e+00  3.0089168130e+00  2.8768997310e+00  2.8821646010e+00
    9.1200000000e+00 -1.6658198260e+00 -1.2735195160e+00 -1.3985361840e+00  2.9946462820e+00  2.8687970810e+00  2.8748864540e+00
    9.1300000000e+00 -1.6784483450e+00 -1.2766781840e+00 -1.3987748060e+00  2.9797024510e+00  2.8605244000e+00  2.8677812010e+00
    9.1400000000e+00 -1.6905244940e+00 -1.2798540700e+00 -1.3990939140e+00  2.9641436580e+00  2.8520852560e+00  2.8608433530e+00
    9.1500000000e+00 -1.7020099110e+00 -1.2830396320e+00 -1.3995060840e+00  2.9480352850e+00  2.8434820800e+00  2.8540668010e+00
    9.1600000000e+00 -1.7128780210e+00 -1.2862274460e+00 -1.4000219310e+00  2.9314466320e+00  2.8347158710e+00  2.8474461920e+00
    9.1700000000e+00 -1.7231144570e+00 -1.2894091670e+00 -1.4006511930e+00  2.9144475710e+00  2.8257864570e+00  2.8409779880e+00
    9.1800000000e+00 -1.7327164070e+00 -1.2925747280e+00 -1.4014042930e+00  2.8971054000e+00  2.8166932500e+00  2.8346609160e+00
    9.1900000000e+00 -1.7416910860e+00 -1.2957119690e+00 -1.4022940850e+00  2.8794821510e+00  2.8074363300e+00  2.8284955990e+00
    9.2000000000e+00 -1.7500535390e+00 -1.2988068020e+00 -1.4033373910e+00  2.8616325430e+00  2.7980176250e+00  2.8224833060e+00
    9.2100000000e+00 -1.7578239530e+00 -1.3018438790e+00 -1.4045559010e+00  2.8436026940e+00  2.7884419690e+00  2.8166239780e+00
    9.2200000000e+00 -1.7650246900e+00 -1.3048076980e+00 -1.4059761220e+00  2.8254297410e+00  2.7787178360e+00  2.8109138380e+00
    9.2300000000e+00 -1.7716773060e+00 -1.3076839600e+00 -1.4076282520e+00  2.8071424890e+00  2.7688576050e+00  2.8053430970e+00
    9.2400000000e+00 -1.7777999560e+00 -1.3104610410e+00 -1.4095440950e+00  2.7887631420e+00  2.7588772950e+00  2.7998942230e+00
    9.2500000000e+00 -1.7834056300e+00 -1.3131313090e+00 -1.4117543670e+00  2.7703099590e+00  2.7487957040e+00  2.7945411710e+00
    9.2600000000e+00 -1.7885016240e+00 -1.3156920850e+00 -1.4142858790e+00  2.7518004760e+00  2.7386330590e+00  2.7892497100e+00
    9.2700000000e+00 -1.7930904450e+00 -1.3181460170e+00 -1.4171590660e+00  2.7332547100e+00  2.7284093360e+00  2.7839787790e+00
    9.2800000000e+00 -1.7971720630e+00 -1.3205007830e+00 -1.4203862310e+00  2.7146977160e+00  2.7181425520e+00  2.7786825840e+00
    9.2900000000e+00 -1.8007471220e+00 -1.3227681520e+00 -1.4239706620e+00  2.6961609520e+00  2.7078473220e+00  2.7733130610e+00
    9.3000000000e+00 -1.8038205260e+00 -1.3249626410e+00 -1.4279066300e+00  2.6776821520e+00  2.6975339450e+00  2.7678223320e+00
    9.3100000000e+00 -1.8064047610e+00 -1.3271000540e+00 -1.4321801350e+00  2.6593036770e+00  2.6872081030e+00  2.7621648490e+00
    9.3200000000e+00 -1.8085223840e+00 -1.3291962100e+00 -1.4367701620e+00  2.6410695670e+00  2.6768710830e+00  2.7562990300e+00
    9.3300000000e+00 -1.8102072190e+00 -1.3312660220e+00 -1.4416501910e+00  2.6230217260e+00  2.6665203020e+00  2.7501882660e+00
    9.3400000000e+00 -1.8115040380e+00 -1.3333229360e+00 -1.4467896770e+00  2.6051957550e+00  2.6561498850e+00  2.7438013530e+00
    9.3500000000e+00 -1.8124666830e+00 -1.3353785880e+00 -1.4521552810e+00  2.5876170540e+00  2.6457511110e+00  2.7371124680e+00
    9.3600000000e+00 -1.8131548060e+00 -1.3374424780e+00 -1.4577117370e+00  2.5702977370e+00  2.6353127300e+00  2.7301009450e+00
    9.3700000000e+00 -1.8136296350e+00 -1.3395215470e+00 -1.4634223850e+00  2.5532348290e+00  2.6248212430e+00  2.7227510710e+00
    9.3800000000e+00 -1.8139492830e+00 -1.3416196220e+00 -1.4692495320e+00  2.5364100260e+00  2.6142613230e+00  2.7150520960e+00
    9.3900000000e+00 -1.8141642030e+00 -1.3437368830e+00 -1.4751548600e+00  2.5197910630e+00  2.6036165160e+00  2.7069984830e+00
    9.4000000000e+00 -1.8143133610e+00 -1.3458695360e+00 -1.4811000860e+00  2.5033345210e+00  2.5928702360e+00  2.6985902970e+00
    9.4100000000e+00 -1.8144215410e+00 -1.3480098800e+00 -1.4870479590e+00  2.4869897120e+00  2.5820069290e+00  2.6898335350e+00
    9.4200000000e+00 -1.8144980940e+00 -1.3501468560e+00 -1.4929635600e+00  2.4707031600e+00  2.5710131760e+00  2.6807401720e+00
    9.4300000000e+00 -1.8145371770e+00 -1.3522670150e+00 -1.4988157500e+00  2.4544231360e+00  2.5598784980e+00  2.6713277900e+00
    9.4400000000e+00 -1.8145193800e+00 -1.3543557010e+00 -1.5045785800e+00  2.4381037590e+00  2.5485956760e+00  2.6616187070e+00
    9.4500000000e+00 -1.8144144580e+00 -1.3563982130e+00 -1.5102324740e+00  2.4217082240e+00  2.5371605400e+00  2.6516386650e+00
    9.4600000000e+00 -1.8141847490e+00 -1.3583806630e+00 -1.5157650500e+00  2.4052109100e+00  2.5255713110e+00  2.6414151550e+00
    9.4700000000e+00 -1.8137888730e+00 -1.3602903940e+00 -1.5211714910e+00  2.3885982790e+00  2.5138277030e+00  2.6309754930e+00
    9.4800000000e+00 -1.8131852860e+00 -1.3621158870e+00 -1.5264543990e+00  2.3718686290e+00  2.5019300410e+00  2.6203447710e+00
    9.4900000000e+00 -1.8123353970e+00 -1.3638462670e+00 -1.5316230820e+00  2.3550308750e+00  2.4898786520e+00  2.6095437760e+00
    9.5000000000e+00 -1.8112060270e+00 -1.3654706080e+00 -1.5366922150e+00  2.3381026050e+00  2.4776736720e+00  2.5985870670e+00
    9.5100000000e+00 -1.8097710900e+00 -1.3669773020e+00 -1.5416798870e+00  2.3211076290e+00  2.4653153010e+00  2.5874813720e+00
    9.5200000000e+00 -1.8080124200e+00 -1.3683537090e+00 -1.5466050640e+00  2.3040732760e+00  2.4528044030e+00  2.5762245700e+00
    9.5300000000e+00 -1.8059197040e+00 -1.3695862260e+00 -1.5514846760e+00  2.2870276870e+00  2.4401432160e+00  2.5648054860e+00
    9.5400000000e+00 -1.8034895830e+00 -1.3706607570e+00 -1.5563305830e+00  2.2699973670e+00  2.4273359540e+00  2.5532046860e+00
    9.5500000000e+00 -1.8007240120e+00 -1.3715634700e+00 -1.5611468210e+00  2.2530052660e+00  2.4143890970e+00  2.5413963310e+00
    9.5600000000e+00 -1.7976281110e+00 -1.3722816310e+00 -1.5659275430e+00  2.2360696250e+00  2.4013112900e+00  2.5293510260e+00
    9.5700000000e+00 -1.7942078290e+00 -1.3728043370e+00 -1.5706560600e+00  2.2192037200e+00  2.3881128590e+00  2.5170393510e+00
    9.5800000000e+00 -1.7904677680e+00 -1.3731229980e+00 -1.5753052400e+00  2.2024165170e+00  2.3748050480e+00  2.5044356220e+00
    9.5900000000e+00 -1.7864095080e+00 -1.3732314700e+00 -1.5798393260e+00  2.1857140800e+00  2.3613990930e+00  2.4915212890e+00
    9.6000000000e+00 -1.7820306660e+00 -1.3731258320e+00 -1.5842169100e+00  2.1691014490e+00  2.3479052730e+00  2.4782873950e+00
    9.6100000000e+00 -1.7773247640e+00 -1.3728037700e+00 -1.5883945800e+00  2.1525846610e+00  2.3343320620e+00  2.4647356400e+00
    9.6200000000e+00 -1.7722818330e+00 -1.3722636270e+00 -1.5923305380e+00  2.1361726060e+00  2.3206855260e+00  2.4508779470e+00
    9.6300000000e+00 -1.7668896000e+00 -1.3715031740e+00 -1.5959875650e+00  2.1198785140e+00  2.3069691100e+00  2.4367347070e+00
    9.6400000000e+00 -1.7611350730e+00 -1.3705182870e+00 -1.5993348310e+00  2.1037209680e+00  2.2931839620e+00  2.4223322070e+00
    9.6500000000e+00 -1.7550063960e+00 -1.3693017480e+00 -1.6023484430e+00  2.0877243800e+00  2.2793298180e+00  2.4076998700e+00
    9.6600000000e+00 -1.7484948350e+00 -1.3678424340e+00 -1.6050108810e+00  2.0719188880e+00  2.2654064270e+00  2.3928679010e+00
    9.6700000000e+00 -1.7415967530e+00 -1.3661251360e+00 -1.6073097560e+00  2.0563395930e+00  2.2514152910e+00  2.3778656800e+00
    9.6800000000e+00 -1.7343153440e+00 -1.3641311120e+00 -1.6092363740e+00  2.0410251000e+00  2.2373614440e+00  2.3627210050e+00
    9.6900000000e+00 -1.7266618260e+00 -1.3618393580e+00 -1.6107844870e+00  2.0260154290e+00  2.2232549300e+00  2.3474600200e+00
    9.7000000000e+00 -1.7186558380e+00 -1.3592283800e+00 -1.6119494370e+00  2.0113495270e+00  2.2091117000e+00  2.3321075210e+00
    9.7100000000e+00 -1.7103248820e+00 -1.3562782060e+00 -1.6127276800e+00  1.9970627500e+00  2.1949537750e+00  2.3166873800e+00
    9.7200000000e+00 -1.7017028710e+00 -1.3529722830e+00 -1.6131165690e+00  1.9831847350e+00  2.1808086730e+00  2.3012229220e+00
    9.7300000000e+00 -1.6928280680e+00 -1.3492990230e+00 -1.6131142630e+00  1.9697380000e+00  2.1667082450e+00  2.2857372240e+00
    9.7400000000e+00 -1.6837407720e+00 -1.3452528290e+00 -1.6127197070e+00  1.9567374290e+00  2.1526871200e+00  2.2702533930e+00
    9.7500000000e+00 -1.6744811850e+00 -1.3408345590e+00 -1.6119327150e+00  1.9441905850e+00  2.1387809960e+00  2.2547948450e+00
    9.7600000000e+00 -1.6650876980e+00 -1.3360514750e+00 -1.6107541930e+00  1.9320986330e+00  2.1250249620e+00  2.2393855550e+00
    9.7700000000e+00 -1.6555957540e+00 -1.3309167330e+00 -1.6091865060e+00  1.9204575900e+00  2.1114519660e+00  2.2240501820e+00
    9.7800000000e+00 -1.6460372370e+00 -1.3254485250e+00 -1.6072339170e+00  1.9092596270e+00  2.0980915410e+00  2.2088139720e+00
    9.7900000000e+00 -1.6364402770e+00 -1.3196689340e+00 -1.6049029330e+00  1.8984942730e+00  2.0849688380e+00  2.1937024540e+00
    9.8000000000e+00 -1.6268293220e+00 -1.3136026010e+00 -1.6022024590e+00  1.8881494220e+00  2.0721040400e+00  2.1787409960e+00
    9.8100000000e+00 -1.6172253620e+00 -1.3072753290e+00 -1.5991437030e+00  1.8782121740e+00  2.0595121920e+00  2.1639544060e+00
    9.8200000000e+00 -1.6076462460e+00 -1.3007127460e+00 -1.5957399580e+00  1.8686695300e+00  2.0472034510e+00  2.1493667300e+00
    9.8300000000e+00 -1.5981070690e+00 -1.2939391810e+00 -1.5920064200e+00  1.8595089830e+00  2.0351837120e+00  2.1350012970e+00
    9.8400000000e+00 -1.5886206300e+00 -1.2869768510e+00 -1.5879602610e+00  1.8507190200e+00  2.0234554940e+00  2.1208809290e+00
    9.8500000000e+00 -1.5791979790e+00 -1.2798454410e+00 -1.5836210720e+00  1.8422895420e+00  2.0120189540e+00  2.1070281000e+00
    9.8600000000e+00 -1.5698490670e+00 -1.2725620450e+00 -1.5790116020e+00  1.8342121570e+00  2.0008728510e+00  2.0934647510e+00
    9.8700000000e+00 -1.5605834850e+00 -1.2651414030e+00 -1.5741585860e+00  1.8264803170e+00  1.9900153390e+00  2.0802115680e+00
    9.8800000000e+00 -1.5514112800e+00 -1.2575962810e+00 -1.5690932960e+00  1.8190892380e+00  1.9794445140e+00  2.0672866620e+00
    9.8900000000e+00 -1.5423437600e+00 -1.2499378800e+00 -1.5638514930e+00  1.8120355290e+00  1.9691587190e+00  2.0547038320e+00
    9.9000000000e+00 -1.5333941770e+00 -1.2421761450e+00 -1.5584725520e+00  1.8053165130e+00  1.9591566910e+00  2.0424707350e+00
    9.9100000000e+00 -1.5245781390e+00 -1.2343199450e+00 -1.5529977870e+00  1.7989292750e+00  1.9494376630e+00  2.0305873970e+00
    9.9200000000e+00 -1.5159136150e+00 -1.2263771780e+00 -1.5474681570e+00  1.7928695530e+00  1.9400015300e+00  2.0190453980e+00
    9.9300000000e+00 -1.5074204820e+00 -1.2183548890e+00 -1.5419217310e+00  1.7871306770e+00  1.9308491420e+00  2.0078279680e+00
    9.9400000000e+00 -1.4991196480e+00 -1.2102595350e+00 -1.5363912700e+00  1.7817027590e+00  1.9219826890e+00  1.9969109950e+00
    9.9500000000e+00 -1.4910319140e+00 -1.2020974800e+00 -1.5309022960e+00  1.7765723080e+00  1.9134060820e+00  1.9862648210e+00
    9.9600000000e+00 -1.4831767920e+00 -1.1938757420e+00 -1.5254718680e+00  1.7717223450e+00  1.9051251780e+00  1.9758565640e+00
    9.9700000000e+00 -1.4755715110e+00 -1.1856028980e+00 -1.5201081790e+00  1.7671329640e+00  1.8971476920e+00  1.9656526900e+00
    9.9800000000e+00 -1.4682303680e+00 -1.1772900000e+00 -1.5148109780e+00  1.7627822020e+00  1.8894827120e+00  1.9556215240e+00
    9.9900000000e+00 -1.4611645040e+00 -1.1689512750e+00 -1.5095727290e+00  1.7586470040e+00  1.8821398340e+00  1.9457354590e+00
    1.0000000000e+01 -1.4543820630e+00 -1.1606044650e+00 -1.5043803460e+00  1.7547041060e+00  1.8751280230e+00  1.9359726600e+00
    1.0010000000e+01 -1.4478886300e+00 -1.1522706910e+00 -1.4992173070e+00  1.7509306930e+00  1.8684544220e+00  1.9263181220e+00
    1.0020000000e+01 -1.4416877910e+00 -1.1439739000e+00 -1.4940659330e+00  1.7473047640e+00  1.8621233100e+00  1.9167640270e+00
    1.0030000000e+01 -1.4357816980e+00 -1.1357400140e+00 -1.4889095980e+00  1.7438052400e+00  1.8561353720e+00  1.9073093930e+00
    1.0040000000e+01 -1.4301715350e+00 -1.1275959730e+00 -1.4837346610e+00  1.7404118560e+00  1.8504873410e+00  1.8979590880e+00
    1.0050000000e+01 -1.4248578520e+00 -1.1195688620e+00 -1.4785319670e+00  1.7371049380e+00  1.8451719620e+00  1.8887223480e+00
    1.0060000000e+01 -1.4198407720e+00 -1.1116852060e+00 -1.4732977940e+00  1.7338650980e+00  1.8401781390e+00  1.8796109590e+00
    1.0070000000e+01 -1.4151200780e+00 -1.1039704490e+00 -1.4680341880e+00  1.7306728920e+00  1.8354911130e+00  1.8706372670e+00
    1.0080000000e+01 -1.4106951740e+00 -1.0964485040e+00 -1.4627486850e+00  1.7275084320e+00  1.8310925860e+00  1.8618122140e+00
    1.0090000000e+01 -1.4065648710e+00 -1.0891412610e+00 -1.4574534210e+00  1.7243509720e+00  1.8269607580e+00  1.8531435480e+00
    1.0100000000e+01 -1.4027269490e+00 -1.0820679370e+00 -1.4521637000e+00  1.7211785440e+00  1.8230704000e+00  1.8446343950e+00
    1.0110000000e+01 -1.3991774730e+00 -1.0752442690e+00 -1.4468961180e+00  1.7179677460e+00  1.8193930720e+00  1.8362823950e+00
    1.0120000000e+01 -1.3959099400e+00 -1.0686816260e+00 -1.4416664540e+00  1.7146938440e+00  1.8158976520e+00  1.8280795340e+00
    1.0130000000e+01 -1.3929143790e+00 -1.0623862060e+00 -1.4364876180e+00  1.7113312900e+00  1.8125512220e+00  1.8200127990e+00
    1.0140000000e+01 -1.3901766490e+00 -1.0563585160e+00 -1.4313679750e+00  1.7078546780e+00  1.8093202770e+00  1.8120655590e+00
    1.0150000000e+01 -1.3876781410e+00 -1.0505932620e+00 -1.4263103490e+00  1.7042400420e+00  1.8061721070e+00  1.8042194940e+00
    1.0160000000e+01 -1.3853960260e+00 -1.0450797010e+00 -1.4213118500e+00  1.7004662840e+00  1.8030761610e+00  1.7964567010e+00
    1.0170000000e+01 -1.3833040970e+00 -1.0398024050e+00 -1.4163645050e+00  1.6965164550e+00  1.8000051990e+00  1.7887616450e+00
    1.0180000000e+01 -1.3813740710e+00 -1.0347422790e+00 -1.4114565060e+00  1.6923786490e+00  1.7969360990e+00  1.7811226450e+00
    1.0190000000e+01 -1.3795771500e+00 -1.0298776570e+00 -1.4065737930e+00  1.6880463220e+00  1.7938502860e+00  1.7735327530e+00
    1.0200000000e+01 -1.3778855620e+00 -1.0251853360e+00 -1.4017017270e+00  1.6835180010e+00  1.7907338390e+00  1.7659900260e+00
    1.0210000000e+01 -1.3762738300e+00 -1.0206414610e+00 -1.3968266300e+00  1.6787964550e+00  1.7875773920e+00  1.7584972930e+00
    1.0220000000e+01 -1.3747195730e+00 -1.0162222360e+00 -1.3919371390e+00  1.6738875100e+00  1.7843759270e+00  1.7510615170e+00
    1.0230000000e+01 -1.3732037740e+00 -1.0119045430e+00 -1.3870252990e+00  1.6687987550e+00  1.7811285570e+00  1.7436928550e+00
    1.0240000000e+01 -1.3717105430e+00 -1.0076665070e+00 -1.3820873860e+00  1.6635383560e+00  1.7778383010e+00  1.7364034310e+00
    1.0250000000e+01 -1.3702265010e+00 -1.0034880820e+00 -1.3771243380e+00  1.6581141770e+00  1.7745118200e+00  1.7292058620e+00
    1.0260000000e+01 -1.3687399680e+00 -9.9935163800e-01 -1.3721417020e+00  1.6525332910e+00  1.7711590720e+00  1.7221116430e+00
    1.0270000000e+01 -1.3672401570e+00 -9.9524254400e-01 -1.3671489740e+00  1.6468019010e+00  1.7677928310e+00  1.7151295580e+00
    1.0280000000e+01 -1.3657165250e+00 -9.9114967100e-01 -1.3621583500e+00  1.6409255730e+00  1.7644280550e+00  1.7082644020e+00
    1.0290000000e+01 -1.3641583800e+00 -9.8706575300e-01 -1.3571830210e+00  1.6349096680e+00  1.7610811190e+00  1.7015162640e+00
    1.0300000000e+01 -1.3625547680e+00 -9.8298756900e-01 -1.3522352950e+00  1.6287597990e+00  1.7577689530e+00  1.6948805410e+00
    1.0310000000e+01 -1.3608945650e+00 -9.7891589500e-01 -1.3473248960e+00  1.6224822070e+00  1.7545081460e+00  1.6883487230e+00
    1.0320000000e+01 -1.3591666760e+00 -9.7485522200e-01 -1.3424577430e+00  1.6160839850e+00  1.7513140990e+00  1.6819097740e+00
    1.0330000000e+01 -1.3573602430e+00 -9.7081326600e-01 -1.3376354270e+00  1.6095731690e+00  1.7482002930e+00  1.6755518360e+00
    1.0340000000e+01 -1.3554647870e+00 -9.6680032100e-01 -1.3328554150e+00  1.6029587560e+00  1.7451777590e+00  1.6692639160e+00
    1.0350000000e+01 -1.3534702860e+00 -9.6282855400e-01 -1.3281118690e+00  1.5962507350e+00  1.7422547810e+00  1.6630372510e+00
    1.0360000000e+01 -1.3513672580e+00 -9.5891133900e-01 -1.3233968240e+00  1.5894601990e+00  1.7394368180e+00  1.6568661600e+00
    1.0370000000e+01 -1.3491469290e+00 -9.5506272000e-01 -1.3187014700e+00  1.5825995080e+00  1.7367265770e+00  1.6507483550e+00
    1.0380000000e+01 -1.3468015580e+00 -9.5129702100e-01 -1.3140173160e+00  1.5756824540e+00  1.7341241320e+00  1.6446847870e+00
    1.0390000000e+01 -1.3443249230e+00 -9.4762856800e-01 -1.3093371080e+00  1.5687242920e+00  1.7316269980e+00  1.6386791710e+00
    1.0400000000e+01 -1.3417128960e+00 -9.4407142800e-01 -1.3046554750e+00  1.5617415490e+00  1.7292300960e+00  1.6327373570e+00
    1.0410000000e+01 -1.3389639550e+00 -9.4063903800e-01 -1.2999693480e+00  1.5547515460e+00  1.7269256450e+00  1.6268666250e+00
    1.0420000000e+01 -1.3360795020e+00 -9.3734366700e-01 -1.2952781730e+00  1.5477716990e+00  1.7247030750e+00  1.6210749630e+00
    1.0430000000e+01 -1.3330638990e+00 -9.3419570100e-01 -1.2905839540e+00  1.5408187110e+00  1.7225491040e+00  1.6153703400e+00
    1.0440000000e+01 -1.3299241880e+00 -9.3120282200e-01 -1.2858911110e+00  1.5339077900e+00  1.7204481010e+00  1.6097599870e+00
    1.0450000000e+01 -1.3266695660e+00 -9.2836927900e-01 -1.2812061340e+00  1.5270520270e+00  1.7183828200e+00  1.6042497590e+00
    1.0460000000e+01 -1.3233107060e+00 -9.2569541000e-01 -1.2765370800e+00  1.5202619870e+00  1.7163354530e+00  1.5988436160e+00
    1.0470000000e+01 -1.3198590050e+00 -9.2317760600e-01 -1.2718929430e+00  1.5135455350e+00  1.7142888860e+00  1.5935433000e+00
    1.0480000000e+01 -1.3163258220e+00 -9.2080877700e-01 -1.2672829940e+00  1.5069078960e+00  1.7122279140e+00  1.5883482050e+00
    1.0490000000e+01 -1.3127217750e+00 -9.1857928300e-01 -1.2627161390e+00  1.5003519470e+00  1.7101402110e+00  1.5832554250e+00
    1.0500000000e+01 -1.3090561610e+00 -9.1647817900e-01 -1.2582003260e+00  1.4938787300e+00  1.7080168280e+00  1.5782599420e+00
    1.0510000000e+01 -1.3053365880e+00 -9.1449453200e-01 -1.2537420160e+00  1.4874881630e+00  1.7058521510e+00  1.5733549340e+00
    1.0520000000e+01 -1.3015689250e+00 -9.1261856100e-01 -1.2493456930e+00  1.4811798440e+00  1.7036433290e+00  1.5685322050e+00
    1.0530000000e+01 -1.2977575830e+00 -9.1084240200e-01 -1.2450134720e+00  1.4749538260e+00  1.7013893170e+00  1.5637827620e+00
    1.0540000000e+01 -1.2939061220e+00 -9.0916036400e-01 -1.2407448480e+00  1.4688111740e+00  1.6990897410e+00  1.5590975520e+00
    1.0550000000e+01 -1.2900180420e+00 -9.0756868300e-01 -1.2365366810e+00  1.4627542120e+00  1.6967438280e+00  1.5544683260e+00
    1.0560000000e+01 -1.2860976020e+00 -9.0606486700e-01 -1.2323835050e+00  1.4567863700e+00  1.6943496190e+00  1.5498885330e+00
    1.0570000000e+01 -1.2821505010e+00 -9.0464682000e-01 -1.2282781770e+00  1.4509116840e+00  1.6919035830e+00  1.5453541060e+00
    1.0580000000e+01 -1.2781842770e+00 -9.0331196900e-01 -1.2242128350e+00  1.4451340320e+00  1.6894006610e+00  1.5408639900e+00
    1.0590000000e+01 -1.2742083600e+00 -9.0205657100e-01 -1.2201800280e+00  1.4394562400e+00  1.6868346570e+00  1.5364202670e+00
    1.0600000000e+01 -1.2702337350e+00 -9.0087531300e-01 -1.2161738500e+00  1.4338792040e+00  1.6841988050e+00  1.5320278320e+00
    1.0610000000e+01 -1.2662722580e+00 -8.9976119100e-01 -1.2121908770e+00  1.4284011860e+00  1.6814863570e+00  1.5276936350e+00
    1.0620000000e+01 -1.2623356900e+00 -8.9870560500e-01 -1.2082307390e+00  1.4230174030e+00  1.6786910480e+00  1.5234256020e+00
    1.0630000000e+01 -1.2584345970e+00 -8.9769850600e-01 -1.2042961960e+00  1.4177200310e+00  1.6758074160e+00  1.5192314100e+00
    1.0640000000e+01 -1.2545773060e+00 -8.9672852600e-01 -1.2003927300e+00  1.4124986660e+00  1.6728310210e+00  1.5151173570e+00
    1.0650000000e+01 -1.2507690940e+00 -8.9578304600e-01 -1.1965276990e+00  1.4073411650e+00  1.6697586650e+00  1.5110875200e+00
    1.0660000000e+01 -1.2470118000e+00 -8.9484825300e-01 -1.1927092640e+00  1.4022347550e+00  1.6665886700e+00  1.5071433570e+00
    1.0670000000e+01 -1.2433038960e+00 -8.9390926000e-01 -1.1889452960e+00  1.3971671610e+00  1.6633212430e+00  1.5032838240e+00
    1.0680000000e+01 -1.2396409740e+00 -8.9295036400e-01 -1.1852424870e+00  1.3921275570e+00  1.6599588870e+00  1.4995059100e+00
    1.0690000000e+01 -1.2360164890e+00 -8.9195547400e-01 -1.1816058440e+00  1.3871071860e+00  1.6565067720e+00  1.4958054720e+00
    1.0700000000e+01 -1.2324225650e+00 -8.9090866900e-01 -1.1780386160e+00  1.3820995960e+00  1.6529729960e+00  1.4921781200e+00
    1.0710000000e+01 -1.2288506580e+00 -8.8979486800e-01 -1.1745426010e+00  1.3771005810e+00  1.6493687000e+00  1.4886199740e+00
    1.0720000000e+01 -1.2252920060e+00 -8.8860053000e-01 -1.1711187120e+00  1.3721079680e+00  1.6457079830e+00  1.4851281290e+00
    1.0730000000e+01 -1.2217378580e+00 -8.8731433900e-01 -1.1677675920e+00  1.3671214160e+00  1.6420076410e+00  1.4817007980e+00
    1.0740000000e+01 -1.2181795890e+00 -8.8592781700e-01 -1.1644901390e+00  1.3621423410e+00  1.6382867320e+00  1.4783371890e+00
    1.0750000000e+01 -1.2146088380e+00 -8.8443582300e-01 -1.1612878640e+00  1.3571740060e+00  1.6345659910e+00  1.4750372380e+00
    1.0760000000e+01 -1.2110178100e+00 -8.8283690400e-01 -1.1581630750e+00  1.3522216870e+00  1.6308671420e+00  1.4718013290e+00
    1.0770000000e+01 -1.2073997760e+00 -8.8113348400e-01 -1.1551189890e+00  1.3472927870e+00  1.6272121450e+00  1.4686300510e+00
    1.0780000000e+01 -1.2037497590e+00 -8.7933188600e-01 -1.1521598350e+00  1.3423967560e+00  1.6236224270e+00  1.4655239910e+00
    1.0790000000e+01 -1.2000652480e+00 -8.7744220200e-01 -1.1492909900e+00  1.3375446970e+00  1.6201181110e+00  1.4624834920e+00
    1.0800000000e+01 -1.1963468110e+00 -8.7547802000e-01 -1.1465191040e+00  1.3327486590e+00  1.6167172880e+00  1.4595082900e+00
    1.0810000000e+01 -1.1925984310e+00 -8.7345600800e-01 -1.1438521210e+00  1.3280206770e+00  1.6134353070e+00  1.4565970210e+00
    1.0820000000e+01 -1.1888274780e+00 -8.7139532100e-01 -1.1412990960e+00  1.3233716920e+00  1.6102841330e+00  1.4537466360e+00
    1.0830000000e+01 -1.1850442900e+00 -8.6931682500e-01 -1.1388697300e+00  1.3188105130e+00  1.6072718070e+00  1.4509518240e+00
    1.0840000000e+01 -1.1812614160e+00 -8.6724212800e-01 -1.1365736250e+00  1.3143429710e+00  1.6044021070e+00  1.4482046150e+00
    1.0850000000e+01 -1.1774925970e+00 -8.6519247500e-01 -1.1344193490e+00  1.3099713740e+00  1.6016745060e+00  1.4454942800e+00
    1.0860000000e+01 -1.1737516360e+00 -8.6318764100e-01 -1.1324134440e+00  1.3056943310e+00  1.5990845010e+00  1.4428076330e+00
    1.0870000000e+01 -1.1700512700e+00 -8.6124497500e-01 -1.1305595810e+00  1.3015069720e+00  1.5966243240e+00  1.4401297420e+00
    1.0880000000e+01 -1.1664022000e+00 -8.5937875600e-01 -1.1288580360e+00  1.2974015210e+00  1.5942839460e+00  1.4374449770e+00
    1.0890000000e+01 -1.1628123990e+00 -8.5759997900e-01 -1.1273056240e+00  1.2933681540e+00  1.5920522320e+00  1.4347382060e+00
    1.0900000000e+01 -1.1592867750e+00 -8.5591659300e-01 -1.1258961380e+00  1.2893960110e+00  1.5899180520e+00  1.4319959590e+00
    1.0910000000e+01 -1.1558272200e+00 -8.5433412900e-01 -1.1246212220e+00  1.2854741990e+00  1.5878711430e+00  1.4292072950e+00
    1.0920000000e+01 -1.1524329930e+00 -8.5285657500e-01 -1.1234715210e+00  1.2815926420e+00  1.5859026110e+00  1.4263642450e+00
    1.0930000000e+01 -1.1491013310e+00 -8.5148731400e-01 -1.1224378840e+00  1.2777426520e+00  1.5840049830e+00  1.4234617210e+00
    1.0940000000e+01 -1.1458281110e+00 -8.5022992900e-01 -1.1215123920e+00  1.2739171950e+00  1.5821718550e+00  1.4204969640e+00
    1.0950000000e+01 -1.1426084440e+00 -8.4908870600e-01 -1.1206890380e+00  1.2701108590e+00  1.5803972290e+00  1.4174686280e+00
    1.0960000000e+01 -1.1394370600e+00 -8.4806875200e-01 -1.1199639590e+00  1.2663196730e+00  1.5786747070e+00  1.4143757010e+00
    1.0970000000e+01 -1.1363084720e+00 -8.4717567800e-01 -1.1193352080e+00  1.2625408870e+00  1.5769967430e+00  1.4112164580e+00
    1.0980000000e+01 -1.1332169710e+00 -8.4641495100e-01 -1.1188021180e+00  1.2587728740e+00  1.5753541380e+00  1.4079875990e+00
    1.0990000000e+01 -1.1301565810e+00 -8.4579104300e-01 -1.1183643800e+00  1.2550152340e+00  1.5737359040e+00  1.4046837340e+00
    1.1000000000e+01 -1.1271211270e+00 -8.4530658700e-01 -1.1180209700e+00  1.2512690710e+00  1.5721295590e+00  1.4012972640e+00
    1.1010000000e+01 -1.1241045440e+00 -8.4496173500e-01 -1.1177691020e+00  1.2475373660e+00  1.5705217840e+00  1.3978187260e+00
    1.1020000000e+01 -1.1211014850e+00 -8.4475385400e-01 -1.1176033650e+00  1.2438252500e+00  1.5688993100e+00  1.3942375390e+00
    1.1030000000e+01 -1.1181081420e+00 -8.4467761300e-01 -1.1175152240e+00  1.2401400170e+00  1.5672498540e+00  1.3905430750e+00
    1.1040000000e+01 -1.1151231630e+00 -8.4472541500e-01 -1.1174929790e+00  1.2364907400e+00  1.5655629300e+00  1.3867258750e+00
    1.1050000000e+01 -1.1121484220e+00 -8.4488808800e-01 -1.1175222440e+00  1.2328874690e+00  1.5638304320e+00  1.3827788100e+00
    1.1060000000e+01 -1.1091894680e+00 -8.4515569200e-01 -1.1175868520e+00  1.2293400820e+00  1.5620469300e+00  1.3786979550e+00
    1.1070000000e+01 -1.1062554980e+00 -8.4551835600e-01 -1.1176700420e+00  1.2258569600e+00  1.5602096750e+00  1.3744830000e+00
    1.1080000000e+01 -1.1033588030e+00 -8.4596703900e-01 -1.1177556600e+00  1.2224437070e+00  1.5583183620e+00  1.3701371460e+00
    1.1090000000e+01 -1.1005137420e+00 -8.4649416900e-01 -1.1178291500e+00  1.2191021170e+00  1.5563746740e+00  1.3656665230e+00
    1.1100000000e+01 -1.0977353670e+00 -8.4709410200e-01 -1.1178781270e+00  1.2158295960e+00  1.5543816630e+00  1.3610793330e+00
    1.1110000000e+01 -1.0950379120e+00 -8.4776337100e-01 -1.1178924880e+00  1.2126191130e+00  1.5523430300e+00  1.3563849490e+00
    1.1120000000e+01 -1.0924333720e+00 -8.4850068500e-01 -1.1178641450e+00  1.2094597330e+00  1.5502623570e+00  1.3515932220e+00
    1.1130000000e+01 -1.0899303900e+00 -8.4930667700e-01 -1.1177865530e+00  1.2063376150e+00  1.5481423790e+00  1.3467141300e+00
    1.1140000000e+01 -1.0875336260e+00 -8.5018341700e-01 -1.1176542810e+00  1.2032373330e+00  1.5459843730e+00  1.3417577930e+00
    1.1150000000e+01 -1.0852436770e+00 -8.5113373200e-01 -1.1174628000e+00  1.2001432680e+00  1.5437877680e+00  1.3367347520e+00
    1.1160000000e+01 -1.0830575140e+00 -8.5216042200e-01 -1.1172086120e+00  1.1970408300e+00  1.5415500030e+00  1.3316563200e+00
    1.1170000000e+01 -1.0809692800e+00 -8.5326547200e-01 -1.1168896780e+00  1.1939173370e+00  1.5392667030e+00  1.3265348070e+00
    1.1180000000e+01 -1.0789712400e+00 -8.5444938300e-01 -1.1165060530e+00  1.1907624390e+00  1.5369321230e+00  1.3213834500e+00
    1.1190000000e+01 -1.0770546590e+00 -8.5571070300e-01 -1.1160605300e+00  1.1875681340e+00  1.5345398170e+00  1.3162159930e+00
    1.1200000000e+01 -1.0752104550e+00 -8.5704585300e-01 -1.1155591240e+00  1.1843285040e+00  1.5320834370e+00  1.3110459050e+00
    1.1210000000e+01 -1.0734295750e+00 -8.5844923300e-01 -1.1150112290e+00  1.1810393370e+00  1.5295575320e+00  1.3058853770e+00
    1.1220000000e+01 -1.0717031210e+00 -8.5991361800e-01 -1.1144293630e+00  1.1776977890e+00  1.5269582620e+00  1.3007442360e+00
    1.1230000000e+01 -1.0700223500e+00 -8.6143076500e-01 -1.1138285140e+00  1.1743021820e+00  1.5242839340e+00  1.2956289810e+00
    1.1240000000e+01 -1.0683786400e+00 -8.6299216400e-01 -1.1132251650e+00  1.1708519480e+00  1.5215352980e+00  1.2905420780e+00
    1.1250000000e+01 -1.0667635220e+00 -8.6458984800e-01 -1.1126361340e+00  1.1673476670e+00  1.5187155880e+00  1.2854816160e+00
    1.1260000000e+01 -1.0651688060e+00 -8.6621716500e-01 -1.1120773730e+00  1.1637911280e+00  1.5158302960e+00  1.2804413470e+00
    1.1270000000e+01 -1.0635867720e+00 -8.6786943600e-01 -1.1115628640e+00  1.1601853430e+00  1.5128867200e+00  1.2754110680e+00
    1.1280000000e+01 -1.0620103900e+00 -8.6954442300e-01 -1.1111036910e+00  1.1565344820e+00  1.5098933440e+00  1.2703772870e+00
    1.1290000000e+01 -1.0604334980e+00 -8.7124259500e-01 -1.1107073400e+00  1.1528437490e+00  1.5068591490e+00  1.2653240940e+00
    1.1300000000e+01 -1.0588509280e+00 -8.7296719200e-01 -1.1103772830e+00  1.1491192200e+00  1.5037928980e+00  1.2602341580e+00
    1.1310000000e+01 -1.0572585790e+00 -8.7472413700e-01 -1.1101128330e+00  1.1453677180e+00  1.5007024700e+00  1.2550897710e+00
    1.1320000000e+01 -1.0556534780e+00 -8.7652181000e-01 -1.1099092870e+00  1.1415967240e+00  1.4975942330e+00  1.2498738630e+00
    1.1330000000e+01 -1.0540338970e+00 -8.7837071400e-01 -1.1097583070e+00  1.1378143310e+00  1.4944724810e+00  1.2445709130e+00
    1.1340000000e+01 -1.0523995380e+00 -8.8028302400e-01 -1.1096485220e+00  1.1340291830e+00  1.4913389260e+00  1.2391676840e+00
    1.1350000000e+01 -1.0507518080e+00 -8.8227201900e-01 -1.1095662460e+00  1.1302503360e+00  1.4881922770e+00  1.2336537610e+00
    1.1360000000e+01 -1.0490941210e+00 -8.8435141400e-01 -1.1094962750e+00  1.1264869730e+00  1.4850279440e+00  1.2280218510e+00
    1.1370000000e+01 -1.0474321410e+00 -8.8653460100e-01 -1.1094226710e+00  1.1227479420e+00  1.4818378840e+00  1.2222678730e+00
    1.1380000000e+01 -1.0457738830e+00 -8.8883385300e-01 -1.1093294880e+00  1.1190411690e+00  1.4786106300e+00  1.2163908690e+00
    1.1390000000e+01 -1.0441296020e+00 -8.9125950300e-01 -1.1092014210e+00  1.1153729870e+00  1.4753314980e+00  1.2103927700e+00
    1.1400000000e+01 -1.0425114660e+00 -8.9381915600e-01 -1.1090243560e+00  1.1117475140e+00  1.4719830160e+00  1.2042780480e+00
    1.1410000000e+01 -1.0409330440e+00 -8.9651698600e-01 -1.1087858310e+00  1.1081661240e+00  1.4685455760e+00  1.1980532570e+00
    1.1420000000e+01 -1.0394086700e+00 -8.9935320200e-01 -1.1084753480e+00  1.1046270770e+00  1.4649983110e+00  1.1917264880e+00
    1.1430000000e+01 -1.0379527400e+00 -9.0232379000e-01 -1.1080845280e+00  1.1011252950e+00  1.4613201570e+00  1.1853067420e+00
    1.1440000000e+01 -1.0365789590e+00 -9.0542062300e-01 -1.1076070340e+00  1.0976522900e+00  1.4574909870e+00  1.1788033030e+00
    1.1450000000e+01 -1.0352995440e+00 -9.0863195600e-01 -1.1070382890e+00  1.0941962310e+00  1.4534926640e+00  1.1722252130e+00
    1.1460000000e+01 -1.0341243940e+00 -9.1194327500e-01 -1.1063750160e+00  1.0907421970e+00  1.4493098240e+00  1.1655809290e+00
    1.1470000000e+01 -1.0330602590e+00 -9.1533834700e-01 -1.1056147400e+00  1.0872726650e+00  1.4449302850e+00  1.1588782530e+00
    1.1480000000e+01 -1.0321099950e+00 -9.1880026800e-01 -1.1047553760e+00  1.0837682630e+00  1.4403449910e+00  1.1521245050e+00
    1.1490000000e+01 -1.0312720200e+00 -9.2231232900e-01 -1.1037950310e+00  1.0802087930e+00  1.4355475790e+00  1.1453268700e+00
    1.1500000000e+01 -1.0305400860e+00 -9.2585853000e-01 -1.1027320810e+00  1.0765744510e+00  1.4305336880e+00  1.1384927580e+00
    1.1510000000e+01 -1.0299034430e+00 -9.2942368500e-01 -1.1015654670e+00  1.0728471280e+00  1.4253002150e+00  1.1316300340e+00
    1.1520000000e+01 -1.0293474360e+00 -9.3299317700e-01 -1.1002951330e+00  1.0690116340e+00  1.4198447390e+00  1.1247470110e+00
    1.1530000000e+01 -1.0288544790e+00 -9.3655248200e-01 -1.0989224220e+00  1.0650566930e+00  1.4141652310e+00  1.1178521630e+00
    1.1540000000e+01 -1.0284053130e+00 -9.4008669800e-01 -1.0974503020e+00  1.0609755740e+00  1.4082601330e+00  1.1109536210e+00
    1.1550000000e+01 -1.0279803950e+00 -9.4358023700e-01 -1.0958833330e+00  1.0567662800e+00  1.4021287150e+00  1.1040585680e+00
    1.1560000000e+01 -1.0275612500e+00 -9.4701682900e-01 -1.0942273580e+00  1.0524312680e+00  1.3957715460e+00  1.0971726740e+00
    1.1570000000e+01 -1.0271316230e+00 -9.5037981600e-01 -1.0924889570e+00  1.0479767700e+00  1.3891908890e+00  1.0902996850e+00
    1.1580000000e+01 -1.0266783000e+00 -9.5365261400e-01 -1.0906747890e+00  1.0434118080e+00  1.3823908510e+00  1.0834412650e+00
    1.1590000000e+01 -1.0261915490e+00 -9.5681916900e-01 -1.0887909090e+00  1.0387470700e+00  1.3753772590e+00  1.0765970840e+00
    1.1600000000e+01 -1.0256651630e+00 -9.5986421700e-01 -1.0868421900e+00  1.0339937900e+00  1.3681573200e+00  1.0697651400e+00
    1.1610000000e+01 -1.0250961950e+00 -9.6277326100e-01 -1.0848318870e+00  1.0291627400e+00  1.3607392590e+00  1.0629422490e+00
    1.1620000000e+01 -1.0244844360e+00 -9.6553230700e-01 -1.0827613960e+00  1.0242634220e+00  1.3531321230e+00  1.0561246080e+00
    1.1630000000e+01 -1.0238317520e+00 -9.6812752500e-01 -1.0806302020e+00  1.0193034850e+00  1.3453458930e+00  1.0493083830e+00
    1.1640000000e+01 -1.0231413170e+00 -9.7054504600e-01 -1.0784359670e+00  1.0142883720e+00  1.3373919230e+00  1.0424902700e+00
    1.1650000000e+01 -1.0224168230e+00 -9.7277110400e-01 -1.0761747680e+00  1.0092212030e+00  1.3292835490e+00  1.0356679860e+00
    1.1660000000e+01 -1.0216617110e+00 -9.7479259400e-01 -1.0738414240e+00  1.0041028920e+00  1.3210366760e+00  1.0288406950e+00
    1.1670000000e+01 -1.0208784830e+00 -9.7659798800e-01 -1.0714299270e+00  9.9893249900e-01  1.3126700680e+00  1.0220093550e+00
    1.1680000000e+01 -1.0200681860e+00 -9.7817843200e-01 -1.0689339630e+00  9.9370779500e-01  1.3042052050e+00  1.0151769660e+00
    1.1690000000e+01 -1.0192301500e+00 -9.7952877500e-01 -1.0663475220e+00  9.8842596100e-01  1.2956656400e+00  1.0083486930e+00
    1.1700000000e+01 -1.0183620200e+00 -9.8064831100e-01 -1.0636655720e+00  9.8308431500e-01  1.2870759500e+00  1.0015318140e+00
    1.1710000000e+01 -1.0174600780e+00 -9.8154109800e-01 -1.0608847680e+00  9.7768093700e-01  1.2784604410e+00  9.9473545600e-01
    1.1720000000e+01 -1.0165197660e+00 -9.8221579200e-01 -1.0580040800e+00  9.7221505500e-01  1.2698418210e+00  9.8797005700e-01
    1.1730000000e+01 -1.0155362820e+00 -9.8268505500e-01 -1.0550252530e+00  9.6668715300e-01  1.2612400050e+00  9.8124659700e-01
    1.1740000000e+01 -1.0145050880e+00 -9.8296463600e-01 -1.0519529680e+00  9.6109880500e-01  1.2526712030e+00  9.7457564300e-01
    1.1750000000e+01 -1.0134222410e+00 -9.8307225400e-01 -1.0487946390e+00  9.5545234500e-01  1.2441473420e+00  9.6796635100e-01
    1.1760000000e+01 -1.0122845100e+00 -9.8302640100e-01 -1.0455598260e+00  9.4975048400e-01  1.2356758530e+00  9.6142558500e-01
    1.1770000000e+01 -1.0110893100e+00 -9.8284517200e-01 -1.0422593510e+00  9.4399598800e-01  1.2272597990e+00  9.5495729800e-01
    1.1780000000e+01 -1.0098345430e+00 -9.8254522200e-01 -1.0389042280e+00  9.3819147000e-01  1.2188983220e+00  9.4856230200e-01
    1.1790000000e+01 -1.0085184210e+00 -9.8214091300e-01 -1.0355046060e+00  9.3233930100e-01  1.2105873580e+00  9.4223844700e-01
    1.1800000000e+01 -1.0071393210e+00 -9.8164376000e-01 -1.0320688670e+00  9.2644160200e-01  1.2023205500e+00  9.3598118100e-01
    1.1810000000e+01 -1.0056956930e+00 -9.8106222200e-01 -1.0286030370e+00  9.2050025300e-01  1.1940902380e+00  9.2978437800e-01
    1.1820000000e+01 -1.0041859890e+00 -9.8040183900e-01 -1.0251105490e+00  9.1451690300e-01  1.1858883880e+00  9.2364127300e-01
    1.1830000000e+01 -1.0026085960e+00 -9.7966566800e-01 -1.0215923820e+00  9.0849296300e-01  1.1777073120e+00  9.1754536900e-01
    1.1840000000e+01 -1.0009617270e+00 -9.7885485600e-01 -1.0180474800e+00  9.0242959900e-01  1.1695400760e+00  9.1149116300e-01
    1.1850000000e+01 -9.9924329600e-01 -9.7796920300e-01 -1.0144733710e+00  8.9632777100e-01  1.1613805970e+00  9.0547462300e-01
    1.1860000000e+01 -9.9745078000e-01 -9.7700754900e-01 -1.0108668410e+00  8.9018831900e-01  1.1532235050e+00  8.9949338500e-01
    1.1870000000e+01 -9.9558110500e-01 -9.7596792000e-01 -1.0072245720e+00  8.8401212300e-01  1.1450639130e+00  8.9354668500e-01
    1.1880000000e+01 -9.9363059400e-01 -9.7484744900e-01 -1.0035436420e+00  8.7780030400e-01  1.1368972470e+00  8.8763509000e-01
    1.1890000000e+01 -9.9159497600e-01 -9.7364216000e-01 -9.9982184900e-01  8.7155445800e-01  1.1287192430e+00  8.8176010700e-01
    1.1900000000e+01 -9.8946948500e-01 -9.7234674900e-01 -9.9605783200e-01  8.6527688700e-01  1.1205261490e+00  8.7592374300e-01
    1.1910000000e+01 -9.8724903000e-01 -9.7095444200e-01 -9.9225100100e-01  8.5897081100e-01  1.1123150900e+00  8.7012811800e-01
    1.1920000000e+01 -9.8492844900e-01 -9.6945702700e-01 -9.8840133800e-01  8.5264052300e-01  1.1040845380e+00  8.6437518300e-01
    1.1930000000e+01 -9.8250281700e-01 -9.6784506100e-01 -9.8450911700e-01  8.4629146300e-01  1.0958348130e+00  8.5866659400e-01
    1.1940000000e+01 -9.7996779200e-01 -9.6610826700e-01 -9.8057464800e-01  8.3993018500e-01  1.0875685410e+00  8.5300374100e-01
    1.1950000000e+01 -9.7731993600e-01 -9.6423611400e-01 -9.7659809300e-01  8.3356419400e-01  1.0792910110e+00  8.4738790300e-01
    1.1960000000e+01 -9.7455697700e-01 -9.6221853900e-01 -9.7257942100e-01  8.2720167900e-01  1.0710103610e+00  8.4182044400e-01
    1.1970000000e+01 -9.7167796100e-01 -9.6004677500e-01 -9.6851847400e-01  8.2085115900e-01  1.0627375230e+00  8.3630299900e-01
    1.1980000000e+01 -9.6868327100e-01 -9.5771417200e-01 -9.6441512000e-01  8.1452109000e-01  1.0544858740e+00  8.3083757500e-01
    1.1990000000e+01 -9.6557450200e-01 -9.5521688900e-01 -9.6026941800e-01  8.0821949500e-01  1.0462705810e+00  8.2542655100e-01
    1.2000000000e+01 -9.6235420200e-01 -9.5255431700e-01 -9.5608174800e-01  8.0195366300e-01  1.0381077080e+00  8.2007261100e-01
    1.2010000000e+01 -9.5902552800e-01 -9.4972913300e-01 -9.5185287700e-01  7.9572996200e-01  1.0300132370e+00  8.1477863300e-01
    1.2020000000e+01 -9.5559183800e-01 -9.4674697800e-01 -9.4758396700e-01  7.8955382100e-01  1.0220021580e+00  8.0954760500e-01
    1.2030000000e+01 -9.5205632600e-01 -9.4361584600e-01 -9.4327656800e-01  7.8342987200e-01  1.0140878140e+00  8.0438257100e-01
    1.2040000000e+01 -9.4842174200e-01 -9.4034533800e-01 -9.3893261400e-01  7.7736225100e-01  1.0062815900e+00  7.9928661500e-01
    1.2050000000e+01 -9.4469029300e-01 -9.3694596700e-01 -9.3455446800e-01  7.7135499000e-01  9.9859294000e-01  7.9426284800e-01
    1.2060000000e+01 -9.4086372600e-01 -9.3342866200e-01 -9.3014499300e-01  7.6541242200e-01  9.9102966800e-01  7.8931437300e-01
    1.2070000000e+01 -9.3694359500e-01 -9.2980454400e-01 -9.2570763500e-01  7.5953950000e-01  9.8359831100e-01  7.8444419500e-01
    1.2080000000e+01 -9.3293165800e-01 -9.2608497200e-01 -9.2124649400e-01  7.5374196500e-01  9.7630446600e-01  7.7965507800e-01
    1.2090000000e+01 -9.2883029500e-01 -9.2228175700e-01 -9.1676633300e-01  7.4802631400e-01  9.6915294400e-01  7.7494935000e-01
    1.2100000000e+01 -9.2464288100e-01 -9.1840743200e-01 -9.1227253300e-01  7.4239960200e-01  9.6214769400e-01  7.7032868400e-01
    1.2110000000e+01 -9.2037403600e-01 -9.1447545300e-01 -9.0777095000e-01  7.3686910900e-01  9.5529150900e-01  7.6579387200e-01
    1.2120000000e+01 -9.1602971300e-01 -9.1050022000e-01 -9.0326767900e-01  7.3144196200e-01  9.4858557700e-01  7.6134463800e-01
    1.2130000000e+01 -9.1161716000e-01 -9.0649686100e-01 -8.9876873200e-01  7.2612478000e-01  9.4202898700e-01  7.5697952200e-01
    1.2140000000e+01 -9.0714478300e-01 -9.0248079100e-01 -8.9427964500e-01  7.2092339000e-01  9.3561829300e-01  7.5269588300e-01
    1.2150000000e+01 -9.0262197500e-01 -8.9846707700e-01 -8.8980507000e-01  7.1584262700e-01  9.2934723300e-01  7.4849007000e-01
    1.2160000000e+01 -8.9805895900e-01 -8.9446968500e-01 -8.8534843500e-01  7.1088618500e-01  9.2320666900e-01  7.4435777400e-01
    1.2170000000e+01 -8.9346665400e-01 -8.9050070200e-01 -8.8091174400e-01  7.0605648100e-01  9.1718478000e-01  7.4029452100e-01
    1.2180000000e+01 -8.8885654400e-01 -8.8656960800e-01 -8.7649562100e-01  7.0135448700e-01  9.1126748700e-01  7.3629626100e-01
    1.2190000000e+01 -8.8424049200e-01 -8.8268268400e-01 -8.7209960300e-01  6.9677952000e-01  9.0543911300e-01  7.3235990400e-01
    1.2200000000e+01 -8.7963044800e-01 -8.7884260500e-01 -8.6772267300e-01  6.9232901200e-01  8.9968320800e-01  7.2848369800e-01
    1.2210000000e+01 -8.7503803000e-01 -8.7504828600e-01 -8.6336392200e-01  6.8799833500e-01  8.9398348600e-01  7.2466734300e-01
    1.2220000000e+01 -8.7047397600e-01 -8.7129500300e-01 -8.5902321800e-01  6.8378075100e-01  8.8832480600e-01  7.2091178900e-01
    1.2230000000e+01 -8.6594752300e-01 -8.6757480500e-01 -8.5470171300e-01  6.7966755200e-01  8.8269408800e-01  7.1721875100e-01
    1.2240000000e+01 -8.6146580400e-01 -8.6387718200e-01 -8.5040209500e-01  6.7564844800e-01  8.7708109000e-01  7.1359005700e-01
    1.2250000000e+01 -8.5703337000e-01 -8.6018994800e-01 -8.4612852000e-01  6.7171219200e-01  8.7147894600e-01  7.1002695200e-01
    1.2260000000e+01 -8.5265193700e-01 -8.5650023900e-01 -8.4188626700e-01  6.6784738800e-01  8.6588442200e-01  7.0652952000e-01
    1.2270000000e+01 -8.4832044200e-01 -8.5279553200e-01 -8.3768120300e-01  6.6404339200e-01  8.6029785400e-01  7.0309631700e-01
    1.2280000000e+01 -8.4403543700e-01 -8.4906458400e-01 -8.3351918500e-01  6.6029115700e-01  8.5472277700e-01  6.9972426100e-01
    1.2290000000e+01 -8.3979177700e-01 -8.4529817700e-01 -8.2940549900e-01  6.5658390300e-01  8.4916531400e-01  6.9640875700e-01
    1.2300000000e+01 -8.3558351700e-01 -8.4148963100e-01 -8.2534443900e-01  6.5291746600e-01  8.4363336900e-01  6.9314398100e-01
    1.2310000000e+01 -8.3140485700e-01 -8.3763500800e-01 -8.2133903000e-01  6.4929030700e-01  8.3813575900e-01  6.8992326600e-01
    1.2320000000e+01 -8.2725099600e-01 -8.3373303200e-01 -8.1739089300e-01  6.4570315600e-01  8.3268135700e-01  6.8673949100e-01
    1.2330000000e+01 -8.2311874800e-01 -8.2978475500e-01 -8.1350023100e-01  6.4215841300e-01  8.2727836700e-01  6.8358546600e-01
    1.2340000000e+01 -8.1900687400e-01 -8.2579302200e-01 -8.0966589600e-01  6.3865941200e-01  8.2193380000e-01  6.8045427000e-01
    1.2350000000e+01 -8.1491610900e-01 -8.2176185100e-01 -8.0588552200e-01  6.3520969800e-01  8.1665319700e-01  6.7733957400e-01
    1.2360000000e+01 -8.1084897700e-01 -8.1769582800e-01 -8.0215574200e-01  6.3181243200e-01  8.1144061700e-01  6.7423590200e-01
    1.2370000000e+01 -8.0680947200e-01 -8.1359960600e-01 -7.9847247100e-01  6.2846995400e-01  8.0629881900e-01  6.7113885500e-01
    1.2380000000e+01 -8.0280271300e-01 -8.0947758500e-01 -7.9483126300e-01  6.2518351800e-01  8.0122958800e-01  6.6804521200e-01
    1.2390000000e+01 -7.9883462100e-01 -8.0533378300e-01 -7.9122767800e-01  6.2195314700e-01  7.9623409300e-01  6.6495292400e-01
    1.2400000000e+01 -7.9491166700e-01 -8.0117187900e-01 -7.8765762800e-01  6.1877753600e-01  7.9131319800e-01  6.6186096100e-01
    1.2410000000e+01 -7.9104063900e-01 -7.9699537300e-01 -7.8411762700e-01  6.1565397800e-01  7.8646766500e-01  6.5876905000e-01
    1.2420000000e+01 -7.8722841900e-01 -7.9280780100e-01 -7.8060491500e-01  6.1257826200e-01  7.8169821800e-01  6.5567735400e-01
    1.2430000000e+01 -7.8348172900e-01 -7.8861292000e-01 -7.7711744300e-01  6.0954456600e-01  7.7700547000e-01  6.5258614100e-01
    1.2440000000e+01 -7.7980680100e-01 -7.8441481800e-01 -7.7365374200e-01  6.0654536400e-01  7.7238975400e-01  6.4949551100e-01
    1.2450000000e+01 -7.7620898000e-01 -7.8021790700e-01 -7.7021269500e-01  6.0357139100e-01  7.6785089400e-01  6.4640520800e-01
    1.2460000000e+01 -7.7269225800e-01 -7.7602679000e-01 -7.6679327400e-01  6.0061169500e-01  7.6338800300e-01  6.4331454700e-01
    1.2470000000e+01 -7.6925877300e-01 -7.7184601500e-01 -7.6339427200e-01  5.9765383400e-01  7.5899934600e-01  6.4022246000e-01
    1.2480000000e+01 -7.6590831200e-01 -7.6767978200e-01 -7.6001408700e-01  5.9468422900e-01  7.5468232300e-01  6.3712765100e-01
    1.2490000000e+01 -7.6263789300e-01 -7.6353163700e-01 -7.5665059900e-01  5.9168870300e-01  7.5043358900e-01  6.3402883200e-01
    1.2500000000e+01 -7.5944148300e-01 -7.5940424400e-01 -7.5330115900e-01  5.8865317400e-01  7.4624930400e-01  6.3092499100e-01
    1.2510000000e+01 -7.5630993700e-01 -7.5529925800e-01 -7.4996270400e-01  5.8556446500e-01  7.4212545300e-01  6.2781564000e-01
    1.2520000000e+01 -7.5323118800e-01 -7.5121735400e-01 -7.4663196700e-01  5.8241114500e-01  7.3805820100e-01  6.2470098900e-01
    1.2530000000e+01 -7.5019071700e-01 -7.4715837800e-01 -7.4330573000e-01  5.7918430900e-01  7.3404420600e-01  6.2158201400e-01
    1.2540000000e+01 -7.4717226500e-01 -7.4312160300e-01 -7.3998108500e-01  5.7587818000e-01  7.3008084000e-01  6.1846042700e-01
    1.2550000000e+01 -7.4415869300e-01 -7.3910604300e-01 -7.3665565600e-01  5.7249045400e-01  7.2616629400e-01  6.1533855500e-01
    1.2560000000e+01 -7.4113290700e-01 -7.3511076000e-01 -7.3332776200e-01  5.6902234900e-01  7.2229956100e-01  6.1221915900e-01
    1.2570000000e+01 -7.3807869400e-01 -7.3113513200e-01 -7.2999651500e-01  5.6547836500e-01  7.1848032000e-01  6.0910521700e-01
    1.2580000000e+01 -7.3498139400e-01 -7.2717905200e-01 -7.2666185500e-01  5.6186583200e-01  7.1470874000e-01  6.0599968200e-01
    1.2590000000e+01 -7.3182834800e-01 -7.2324304700e-01 -7.2332450400e-01  5.5819433800e-01  7.1098525300e-01  6.0290524400e-01
    1.2600000000e+01 -7.2860913100e-01 -7.1932830300e-01 -7.1998584500e-01  5.5447515800e-01  7.0731029600e-01  5.9982409900e-01
    1.2610000000e+01 -7.2531563100e-01 -7.1543661800e-01 -7.1664772600e-01  5.5072074400e-01  7.0368408100e-01  5.9675776600e-01
    1.2620000000e+01 -7.2194205300e-01 -7.1157026600e-01 -7.1331219400e-01  5.4694431600e-01  7.0010639600e-01  5.9370699000e-01
    1.2630000000e+01 -7.1848491400e-01 -7.0773181400e-01 -7.0998120200e-01  5.4315951300e-01  6.9657647500e-01  5.9067174000e-01
    1.2640000000e+01 -7.1494304100e-01 -7.0392391000e-01 -7.0665634500e-01  5.3938005400e-01  6.9309296000e-01  5.8765133800e-01
    1.2650000000e+01 -7.1131756600e-01 -7.0014909400e-01 -7.0333865900e-01  5.3561937100e-01  6.8965393400e-01  5.8464467900e-01
    1.2660000000e+01 -7.0761184700e-01 -6.9640965000e-01 -7.0002854100e-01  5.3189019200e-01  6.8625702800e-01  5.8165051700e-01
    1.2670000000e+01 -7.0383128400e-01 -6.9270753800e-01 -6.9672580400e-01  5.2820410600e-01  6.8289955800e-01  5.7866773400e-01
    1.2680000000e+01 -6.9998300600e-01 -6.8904438700e-01 -6.9342981800e-01  5.2457117200e-01  6.7957865400e-01  5.7569556500e-01
    1.2690000000e+01 -6.9607544300e-01 -6.8542154800e-01 -6.9013973400e-01  5.2099962900e-01  6.7629134500e-01  5.7273371100e-01
    1.2700000000e+01 -6.9211784400e-01 -6.8184016000e-01 -6.8685469900e-01  5.1749574000e-01  6.7303460000e-01  5.6978236400e-01
    1.2710000000e+01 -6.8811978400e-01 -6.7830121000e-01 -6.8357404400e-01  5.1406379000e-01  6.6980532100e-01  5.6684214300e-01
    1.2720000000e+01 -6.8409071900e-01 -6.7480557300e-01 -6.8029741600e-01  5.1070621900e-01  6.6660030700e-01  5.6391399000e-01
    1.2730000000e+01 -6.8003963200e-01 -6.7135402000e-01 -6.7702486900e-01  5.0742385400e-01  6.6341620300e-01  5.6099905100e-01
    1.2740000000e+01 -6.7597477500e-01 -6.6794722000e-01 -6.7375690800e-01  5.0421621000e-01  6.6024944500e-01  5.5809855300e-01
    1.2750000000e+01 -6.7190352600e-01 -6.6458571700e-01 -6.7049453100e-01  5.0108182800e-01  6.5709618200e-01  5.5521368500e-01
    1.2760000000e+01 -6.6783236900e-01 -6.6126986900e-01 -6.6723924900e-01  4.9801859400e-01  6.5395218400e-01  5.5234546100e-01
    1.2770000000e+01 -6.6376697500e-01 -6.5799972300e-01 -6.6399307300e-01  4.9502403400e-01  6.5081273000e-01  5.4949455900e-01
    1.2780000000e+01 -6.5971237600e-01 -6.5477480300e-01 -6.6075845800e-01  4.9209550300e-01  6.4767254600e-01  5.4666113800e-01
    1.2790000000e+01 -6.5567317800e-01 -6.5159382100e-01 -6.5753817100e-01  4.8923027700e-01  6.4452581400e-01  5.4384467500e-01
    1.2800000000e+01 -6.5165376500e-01 -6.4845435900e-01 -6.5433509800e-01  4.8642549700e-01  6.4136633300e-01  5.4104381900e-01
    1.2810000000e+01 -6.4765842200e-01 -6.4535257600e-01 -6.5115198900e-01  4.8367801100e-01  6.3818783400e-01  5.3825633400e-01
    1.2820000000e+01 -6.4369132600e-01 -6.4228305300e-01 -6.4799118700e-01  4.8098415000e-01  6.3498444300e-01  5.3547911500e-01
    1.2830000000e+01 -6.3975638000e-01 -6.3923881800e-01 -6.4485437000e-01  4.7833952000e-01  6.3175123100e-01  5.3270831600e-01
    1.2840000000e+01 -6.3585691100e-01 -6.3621159400e-01 -6.4174234900e-01  4.7573889400e-01  6.2848475300e-01  5.2993955000e-01
    1.2850000000e+01 -6.3199529500e-01 -6.3319227100e-01 -6.3865495400e-01  4.7317626400e-01  6.2518348500e-01  5.2716815000e-01
    1.2860000000e+01 -6.2817260300e-01 -6.3017152000e-01 -6.3559102900e-01  4.7064509000e-01  6.2184806600e-01  5.2438943600e-01
    1.2870000000e+01 -6.2438835100e-01 -6.2714048100e-01 -6.3254850300e-01  4.6813871100e-01  6.1848128500e-01  5.2159893100e-01
    1.2880000000e+01 -6.2064042900e-01 -6.2409138600e-01 -6.2952451600e-01  4.6565085900e-01  6.1508782100e-01  5.1879251300e-01
    1.2890000000e+01 -6.1692524700e-01 -6.2101803300e-01 -6.2651554000e-01  4.6317619300e-01  6.1167377000e-01  5.1596648100e-01
    1.2900000000e+01 -6.1323807400e-01 -6.1791603500e-01 -6.2351744100e-01  4.6071075000e-01  6.0824606100e-01  5.1311757700e-01
    1.2910000000e+01 -6.0957352500e-01 -6.1478282800e-01 -6.2052549400e-01  4.5825225200e-01  6.0481186400e-01  5.1024300700e-01
    1.2920000000e+01 -6.0592612900e-01 -6.1161748300e-01 -6.1753433600e-01  4.5580021800e-01  6.0137810100e-01  5.0734051900e-01
    1.2930000000e+01 -6.0229088800e-01 -6.0842039100e-01 -6.1453793400e-01  4.5335587300e-01  5.9795110700e-01  5.0440855900e-01
    1.2940000000e+01 -5.9866376000e-01 -6.0519292900e-01 -6.1152961400e-01  4.5092189000e-01  5.9453647100e-01  5.0144650500e-01
    1.2950000000e+01 -5.9504202600e-01 -6.0193716500e-01 -6.0850220100e-01  4.4850199700e-01  5.9113901000e-01  4.9845494300e-01
    1.2960000000e+01 -5.9142450000e-01 -5.9865567700e-01 -6.0544829800e-01  4.4610050500e-01  5.8776281800e-01  4.9543589700e-01
    1.2970000000e+01 -5.8781158500e-01 -5.9535145100e-01 -6.0236066200e-01  4.4372182200e-01  5.8441131000e-01  4.9239296900e-01
    1.2980000000e+01 -5.8420517700e-01 -5.9202784300e-01 -5.9923263900e-01  4.4136998800e-01  5.8108721600e-01  4.8933133200e-01
    1.2990000000e+01 -5.8060844400e-01 -5.8868852600e-01 -5.9605857700e-01  4.3904827100e-01  5.7779249300e-01  4.8625757300e-01
    1.3000000000e+01 -5.7702549900e-01 -5.8533736000e-01 -5.9283416200e-01  4.3675887500e-01  5.7452820000e-01  4.8317940900e-01
    1.3010000000e+01 -5.7346101500e-01 -5.8197816600e-01 -5.8955663900e-01  4.3450277400e-01  5.7129438800e-01  4.8010533000e-01
    1.3020000000e+01 -5.6991981700e-01 -5.7861440300e-01 -5.8622491700e-01  4.3227969300e-01  5.6809008100e-01  4.7704422600e-01
    1.3030000000e+01 -5.6640653700e-01 -5.7524881300e-01 -5.8283958300e-01  4.3008823700e-01  5.6491340700e-01  4.7400502400e-01
    1.3040000000e+01 -5.6292536800e-01 -5.7188312400e-01 -5.7940284700e-01  4.2792612700e-01  5.6176189500e-01  4.7099636900e-01
    1.3050000000e+01 -5.5947997100e-01 -5.6851788600e-01 -5.7591845400e-01  4.2579048700e-01  5.5863288600e-01  4.6802632400e-01
    1.3060000000e+01 -5.5607354100e-01 -5.6515250200e-01 -5.7239155500e-01  4.2367809200e-01  5.5552400700e-01  4.6510208400e-01
    1.3070000000e+01 -5.5270898600e-01 -5.6178545500e-01 -5.6882853900e-01  4.2158551100e-01  5.5243358200e-01  4.6222968700e-01
    1.3080000000e+01 -5.4938915800e-01 -5.5841469000e-01 -5.6523677200e-01  4.1950908100e-01  5.4936090000e-01  4.5941373400e-01
    1.3090000000e+01 -5.4611702500e-01 -5.5503805700e-01 -5.6162424400e-01  4.1744470500e-01  5.4630628500e-01  4.5665714500e-01
    1.3100000000e+01 -5.4289570300e-01 -5.5165371100e-01 -5.5799911000e-01  4.1538752600e-01  5.4327097700e-01  4.5396101300e-01
    1.3110000000e+01 -5.3972827600e-01 -5.4826038400e-01 -5.5436915800e-01  4.1333154700e-01  5.4025685400e-01  4.5132461600e-01
    1.3120000000e+01 -5.3661739000e-01 -5.4485748900e-01 -5.5074127100e-01  4.1126931300e-01  5.3726610600e-01  4.4874562400e-01
    1.3130000000e+01 -5.3356465300e-01 -5.4144504300e-01 -5.4712098300e-01  4.0919178400e-01  5.3430095000e-01  4.4622050800e-01
    1.3140000000e+01 -5.3056994000e-01 -5.3802349200e-01 -5.4351220300e-01  4.0708846200e-01  5.3136345700e-01  4.4374511400e-01
    1.3150000000e+01 -5.2763073200e-01 -5.3459350700e-01 -5.3991718900e-01  4.0494783100e-01  5.2845553400e-01  4.4131531100e-01
    1.3160000000e+01 -5.2474160800e-01 -5.3115584500e-01 -5.3633678800e-01  4.0275807300e-01  5.2557902700e-01  4.3892760900e-01
    1.3170000000e+01 -5.2189402200e-01 -5.2771133000e-01 -5.3277090700e-01  4.0050798900e-01  5.2273589000e-01  4.3657963000e-01
    1.3180000000e+01 -5.1907643600e-01 -5.2426096400e-01 -5.2921914700e-01  3.9818799400e-01  5.1992833500e-01  4.3427033400e-01
    1.3190000000e+01 -5.1627480200e-01 -5.2080614200e-01 -5.2568146300e-01  3.9579102900e-01  5.1715888800e-01  4.3199996200e-01
    1.3200000000e+01 -5.1347335500e-01 -5.1734888900e-01 -5.2215874900e-01  3.9331327100e-01  5.1443031900e-01  4.2976970600e-01
    1.3210000000e+01 -5.1065560300e-01 -5.1389206400e-01 -5.1865321400e-01  3.9075451800e-01  5.1174543900e-01  4.2758115500e-01
    1.3220000000e+01 -5.0780536900e-01 -5.1043945700e-01 -5.1516850000e-01  3.8811822400e-01  5.0910681400e-01  4.2543564900e-01
    1.3230000000e+01 -5.0490775300e-01 -5.0699576300e-01 -5.1170951800e-01  3.8541118700e-01  5.0651645300e-01  4.2333363300e-01
    1.3240000000e+01 -5.0194990200e-01 -5.0356644900e-01 -5.0828204100e-01  3.8264297600e-01  5.0397552700e-01  4.2127414500e-01
    1.3250000000e+01 -4.9892152000e-01 -5.0015753800e-01 -5.0489214100e-01  3.7982518800e-01  5.0148415400e-01  4.1925449900e-01
    1.3260000000e+01 -4.9581510000e-01 -4.9677536600e-01 -5.0154553900e-01  3.7697064900e-01  4.9904125700e-01  4.1727021400e-01
    1.3270000000e+01 -4.9262590200e-01 -4.9342632300e-01 -4.9824699900e-01  3.7409266200e-01  4.9664448400e-01  4.1531517300e-01
    1.3280000000e+01 -4.8935173400e-01 -4.9011657900e-01 -4.9499980500e-01  3.7120436300e-01  4.9429016700e-01  4.1338199700e-01
    1.3290000000e+01 -4.8599258800e-01 -4.8685180400e-01 -4.9180541900e-01  3.6831824400e-01  4.9197332500e-01  4.1146256900e-01
    1.3300000000e+01 -4.8255023000e-01 -4.8363685400e-01 -4.8866333500e-01  3.6544585000e-01  4.8968773300e-01  4.0954863700e-01
    1.3310000000e+01 -4.7902778900e-01 -4.8047545600e-01 -4.8557116500e-01  3.6259764100e-01  4.8742606800e-01  4.0763242800e-01
    1.3320000000e+01 -4.7542941000e-01 -4.7736991800e-01 -4.8252492000e-01  3.5978297700e-01  4.8518016800e-01  4.0570718000e-01
    1.3330000000e+01 -4.7175999900e-01 -4.7432091500e-01 -4.7951945700e-01  3.5701018900e-01  4.8294137100e-01  4.0376751700e-01
    1.3340000000e+01 -4.6802505700e-01 -4.7132737900e-01 -4.7654900500e-01  3.5428666600e-01  4.8070091500e-01  4.0180964200e-01
    1.3350000000e+01 -4.6423060000e-01 -4.6838650600e-01 -4.7360769100e-01  3.5161893400e-01  4.7845036000e-01  3.9983130700e-01
    1.3360000000e+01 -4.6038312000e-01 -4.6549386100e-01 -4.7068998100e-01  3.4901269000e-01  4.7618197800e-01  3.9783161800e-01
    1.3370000000e+01 -4.5648955600e-01 -4.6264358300e-01 -4.6779097900e-01  3.4647277900e-01  4.7388910600e-01  3.9581071700e-01
    1.3380000000e+01 -4.5255724500e-01 -4.5982864200e-01 -4.6490656500e-01  3.4400314100e-01  4.7156644400e-01  3.9376942600e-01
    1.3390000000e+01 -4.4859383600e-01 -4.5704116500e-01 -4.6203338200e-01  3.4160674000e-01  4.6921031200e-01  3.9170892100e-01
    1.3400000000e+01 -4.4460717200e-01 -4.5427282600e-01 -4.5916873200e-01  3.3928550000e-01  4.6681883100e-01  3.8963049400e-01
    1.3410000000e+01 -4.4060513900e-01 -4.5151531700e-01 -4.5631041500e-01  3.3704027400e-01  4.6439203400e-01  3.8753541300e-01
    1.3420000000e+01 -4.3659550500e-01 -4.4876086200e-01 -4.5345659900e-01  3.3487082900e-01  4.6193182600e-01  3.8542487600e-01
    1.3430000000e+01 -4.3258576000e-01 -4.4600274900e-01 -4.5060571900e-01  3.3277586900e-01  4.5944178200e-01  3.8330001500e-01
    1.3440000000e+01 -4.2858294800e-01 -4.4323578900e-01 -4.4775643700e-01  3.3075308400e-01  4.5692675100e-01  3.8116192000e-01
    1.3450000000e+01 -4.2459349900e-01 -4.4045662100e-01 -4.4490764000e-01  3.2879921000e-01  4.5439230400e-01  3.7901164700e-01
    1.3460000000e+01 -4.2062305600e-01 -4.3766380200e-01 -4.4205845000e-01  3.2691013700e-01  4.5184409300e-01  3.7685019000e-01
    1.3470000000e+01 -4.1667629900e-01 -4.3485766000e-01 -4.3920822400e-01  3.2508106000e-01  4.4928722100e-01  3.7467842400e-01
    1.3480000000e+01 -4.1275679100e-01 -4.3203992700e-01 -4.3635652200e-01  3.2330668600e-01  4.4672571700e-01  3.7249702600e-01
    1.3490000000e+01 -4.0886687500e-01 -4.2921322100e-01 -4.3350302400e-01  3.2158151700e-01  4.4416218600e-01  3.7030640500e-01
    1.3500000000e+01 -4.0500765800e-01 -4.2638045000e-01 -4.3064741800e-01  3.1990017000e-01  4.4159768900e-01  3.6810666200e-01
    1.3510000000e+01 -4.0117910200e-01 -4.2354424800e-01 -4.2778925100e-01  3.1825771100e-01  4.3903183700e-01  3.6589760300e-01
    1.3520000000e+01 -3.9738023300e-01 -4.2070649900e-01 -4.2492780200e-01  3.1664995400e-01  4.3646308900e-01  3.6367881700e-01
    1.3530000000e+01 -3.9360944500e-01 -4.1786803100e-01 -4.2206197300e-01  3.1507367300e-01  4.3388917500e-01  3.6144980900e-01
    1.3540000000e+01 -3.8986484800e-01 -4.1502851000e-01 -4.1919025900e-01  3.1352669100e-01  4.3130759200e-01  3.5921018400e-01
    1.3550000000e+01 -3.8614462800e-01 -4.1218653300e-01 -4.1631078700e-01  3.1200785600e-01  4.2871606700e-01  3.5695983000e-01
    1.3560000000e+01 -3.8244735300e-01 -4.0933989400e-01 -4.1342143900e-01  3.1051689300e-01  4.2611291000e-01  3.5469908500e-01
    1.3570000000e+01 -3.7877220000e-01 -4.0648595100e-01 -4.1052003600e-01  3.0905419700e-01  4.2349720900e-01  3.5242883600e-01
    1.3580000000e+01 -3.7511910600e-01 -4.0362200400e-01 -4.0760455600e-01  3.0762057100e-01  4.2086882500e-01  3.5015054300e-01
    1.3590000000e+01 -3.7148883000e-01 -4.0074560300e-01 -4.0467334100e-01  3.0621697300e-01  4.1822822900e-01  3.4786616500e-01
    1.3600000000e+01 -3.6788296100e-01 -3.9785470200e-01 -4.0172525800e-01  3.0484426600e-01  4.1557623400e-01  3.4557803100e-01
    1.3610000000e+01 -3.6430388200e-01 -3.9494766500e-01 -3.9875980300e-01  3.0350298800e-01  4.1291372500e-01  3.4328865900e-01
    1.3620000000e+01 -3.6075469400e-01 -3.9202313200e-01 -3.9577714100e-01  3.0219312300e-01  4.1024144700e-01  3.4100057500e-01
    1.3630000000e+01 -3.5723911000e-01 -3.8907983200e-01 -3.9277811100e-01  3.0091388500e-01  4.0755991700e-01  3.3871612800e-01
    1.3640000000e+01 -3.5376128700e-01 -3.8611638900e-01 -3.8976419100e-01  2.9966349000e-01  4.0486944600e-01  3.3643731900e-01
    1.3650000000e+01 -3.5032558200e-01 -3.8313119900e-01 -3.8673743800e-01  2.9843894300e-01  4.0217024600e-01  3.3416562600e-01
    1.3660000000e+01 -3.4693622500e-01 -3.8012238700e-01 -3.8370039500e-01  2.9723587300e-01  3.9946255600e-01  3.3190181300e-01
    1.3670000000e+01 -3.4359689800e-01 -3.7708782100e-01 -3.8065593700e-01  2.9604845500e-01  3.9674675400e-01  3.2964574200e-01
    1.3680000000e+01 -3.4031025100e-01 -3.7402515900e-01 -3.7760703400e-01  2.9486946700e-01  3.9402341800e-01  3.2739619800e-01
    1.3690000000e+01 -3.3707741800e-01 -3.7093188300e-01 -3.7455644300e-01  2.9369052900e-01  3.9129335600e-01  3.2515077200e-01
    1.3700000000e+01 -3.3389759400e-01 -3.6780530900e-01 -3.7150632400e-01  2.9250251300e-01  3.8855763000e-01  3.2290583900e-01
    1.3710000000e+01 -3.3076776400e-01 -3.6464258700e-01 -3.6845783600e-01  2.9129612600e-01  3.8581759700e-01  3.2065665400e-01
    1.3720000000e+01 -3.2768263400e-01 -3.6144070300e-01 -3.6541074100e-01  2.9006257000e-01  3.8307497200e-01  3.1839759500e-01
    1.3730000000e+01 -3.2463481600e-01 -3.5819651200e-01 -3.6236307900e-01  2.8879421800e-01  3.8033191600e-01  3.1612252600e-01
    1.3740000000e+01 -3.2161522700e-01 -3.5490681100e-01 -3.5931094000e-01  2.8748517800e-01  3.7759111500e-01  3.1382526700e-01
    1.3750000000e+01 -3.1861366200e-01 -3.5156843500e-01 -3.5624837800e-01  2.8613168000e-01  3.7485582900e-01  3.1150014500e-01
    1.3760000000e+01 -3.1561942800e-01 -3.4817836100e-01 -3.5316747000e-01  2.8473222900e-01  3.7212991900e-01  3.0914257000e-01
    1.3770000000e+01 -3.1262195300e-01 -3.4473380300e-01 -3.5005854500e-01  2.8328754000e-01  3.6941784200e-01  3.0674960800e-01
    1.3780000000e+01 -3.0961127900e-01 -3.4123228700e-01 -3.4691057600e-01  2.8180030400e-01  3.6672465800e-01  3.0432051300e-01
    1.3790000000e+01 -3.0657841300e-01 -3.3767173900e-01 -3.4371174600e-01  2.8027486000e-01  3.6405603500e-01  3.0185714500e-01
    1.3800000000e+01 -3.0351554200e-01 -3.3405058800e-01 -3.4045014300e-01  2.7871684400e-01  3.6141827600e-01  2.9936423500e-01
    1.3810000000e+01 -3.0041613100e-01 -3.3036792100e-01 -3.3711454100e-01  2.7713286500e-01  3.5881833300e-01  2.9684942000e-01
    1.3820000000e+01 -2.9727496700e-01 -3.2662368400e-01 -3.3369519300e-01  2.7553021700e-01  3.5626377400e-01  2.9432303700e-01
    1.3830000000e+01 -2.9408815600e-01 -3.2281890200e-01 -3.3018451900e-01  2.7391663000e-01  3.5376267200e-01  2.9179766700e-01
    1.3840000000e+01 -2.9085309800e-01 -3.1895588200e-01 -3.2657761400e-01  2.7230002700e-01  3.5132340600e-01  2.8928748100e-01
    1.3850000000e+01 -2.8756842500e-01 -3.1503835800e-01 -3.2287251500e-01  2.7068830800e-01  3.4895438900e-01  2.8680747400e-01
    1.3860000000e+01 -2.8423389100e-01 -3.1107154200e-01 -3.1907020900e-01  2.6908913700e-01  3.4666373700e-01  2.8437269900e-01
    1.3870000000e+01 -2.8085021700e-01 -3.0706208400e-01 -3.1517440300e-01  2.6750977100e-01  3.4445894600e-01  2.8199757200e-01
    1.3880000000e+01 -2.7741888500e-01 -3.0301793700e-01 -3.1119114400e-01  2.6595694700e-01  3.4234658100e-01  2.7969534900e-01
    1.3890000000e+01 -2.7394192400e-01 -2.9894815500e-01 -3.0712834500e-01  2.6443685000e-01  3.4033203100e-01  2.7747777600e-01
    1.3900000000e+01 -2.7042170700e-01 -2.9486264800e-01 -3.0299530400e-01  2.6295517100e-01  3.3841931700e-01  2.7535492100e-01
    1.3910000000e+01 -2.6686081500e-01 -2.9077191300e-01 -2.9880227700e-01  2.6151723000e-01  3.3661096800e-01  2.7333515100e-01
    1.3920000000e+01 -2.6326197800e-01 -2.8668676400e-01 -2.9456014000e-01  2.6012815600e-01  3.3490795900e-01  2.7142520800e-01
    1.3930000000e+01 -2.5962812100e-01 -2.8261806600e-01 -2.9028014400e-01  2.5879305100e-01  3.3330970100e-01  2.6963032600e-01
    1.3940000000e+01 -2.5596250300e-01 -2.7857648700e-01 -2.8597375500e-01  2.5751711900e-01  3.3181406100e-01  2.6795435100e-01
    1.3950000000e+01 -2.5226891200e-01 -2.7457225600e-01 -2.8165255000e-01  2.5630570800e-01  3.3041743400e-01  2.6639983400e-01
    1.3960000000e+01 -2.4855188900e-01 -2.7061494900e-01 -2.7732814400e-01  2.5516425100e-01  3.2911482700e-01  2.6496808400e-01
    1.3970000000e+01 -2.4481691900e-01 -2.6671327400e-01 -2.7301210600e-01  2.5409809700e-01  3.2789999200e-01  2.6365919700e-01
    1.3980000000e+01 -2.4107056200e-01 -2.6287488900e-01 -2.6871586300e-01  2.5311226300e-01  3.2676557500e-01  2.6247207200e-01
    1.3990000000e+01 -2.3732048100e-01 -2.5910623500e-01 -2.6445059100e-01  2.5221113800e-01  3.2570331200e-01  2.6140444100e-01
    1.4000000000e+01 -2.3357537800e-01 -2.5541240700e-01 -2.6022710300e-01  2.5139817300e-01  3.2470424100e-01  2.6045292100e-01
    1.4010000000e+01 -2.2984483200e-01 -2.5179706500e-01 -2.5605576800e-01  2.5067559400e-01  3.2375895000e-01  2.5961308900e-01
    1.4020000000e+01 -2.2613906000e-01 -2.4826238600e-01 -2.5194645400e-01  2.5004417400e-01  3.2285782900e-01  2.5887954600e-01
    1.4030000000e+01 -2.2246861900e-01 -2.4480907500e-01 -2.4790850500e-01  2.4950305000e-01  3.2199133800e-01  2.5824596600e-01
    1.4040000000e+01 -2.1884406300e-01 -2.4143641100e-01 -2.4395071800e-01  2.4904962900e-01  3.2115026800e-01  2.5770509700e-01
    1.4050000000e+01 -2.1527557000e-01 -2.3814236100e-01 -2.4008129400e-01  2.4867956800e-01  3.2032599200e-01  2.5724870600e-01
    1.4060000000e+01 -2.1177255500e-01 -2.3492373800e-01 -2.3630772000e-01  2.4838686300e-01  3.1951069000e-01  2.5686750900e-01
    1.4070000000e+01 -2.0834330700e-01 -2.3177640400e-01 -2.3263656600e-01  2.4816403700e-01  3.1869753800e-01  2.5655110500e-01
    1.4080000000e+01 -2.0499468800e-01 -2.2869551400e-01 -2.2907319200e-01  2.4800244400e-01  3.1788084400e-01  2.5628798500e-01
    1.4090000000e+01 -2.0173192800e-01 -2.2567577500e-01 -2.2562141600e-01  2.4789265300e-01  3.1705613400e-01  2.5606564600e-01
    1.4100000000e+01 -1.9855855300e-01 -2.2271171600e-01 -2.2228317200e-01  2.4782487600e-01  3.1622017200e-01  2.5587086000e-01
    1.4110000000e+01 -1.9547646200e-01 -2.1979796100e-01 -2.1905824900e-01  2.4778938500e-01  3.1537094400e-01  2.5569007100e-01
    1.4120000000e+01 -1.9248612300e-01 -2.1692949000e-01 -2.1594416300e-01  2.4777687200e-01  3.1450757400e-01  2.5550991200e-01
    1.4130000000e+01 -1.8958686500e-01 -2.1410189700e-01 -2.1293619800e-01  2.4777868600e-01  3.1363019300e-01  2.5531777200e-01
    1.4140000000e+01 -1.8677720700e-01 -2.1131162800e-01 -2.1002764800e-01  2.4778694800e-01  3.1273974300e-01  2.5510232900e-01
    1.4150000000e+01 -1.8405516400e-01 -2.0855618300e-01 -2.0721022500e-01  2.4779454000e-01  3.1183770300e-01  2.5485399700e-01
    1.4160000000e+01 -1.8141849600e-01 -2.0583424100e-01 -2.0447458700e-01  2.4779498300e-01  3.1092574800e-01  2.5456520200e-01
    1.4170000000e+01 -1.7886486500e-01 -2.0314569200e-01 -2.0181091800e-01  2.4778226000e-01  3.1000534300e-01  2.5423047200e-01
    1.4180000000e+01 -1.7639189100e-01 -2.0049152300e-01 -1.9920948500e-01  2.4775060800e-01  3.0907732100e-01  2.5384633800e-01
    1.4190000000e+01 -1.7399711700e-01 -1.9787354900e-01 -1.9666109800e-01  2.4769433300e-01  3.0814149900e-01  2.5341106800e-01
    1.4200000000e+01 -1.7167789800e-01 -1.9529401800e-01 -1.9415744300e-01  2.4760766200e-01  3.0719639100e-01  2.5292429000e-01
    1.4210000000e+01 -1.6943123500e-01 -1.9275511200e-01 -1.9169125300e-01  2.4748465900e-01  3.0623907500e-01  2.5238656600e-01
    1.4220000000e+01 -1.6725357700e-01 -1.9025843100e-01 -1.8925631800e-01  2.4731921200e-01  3.0526523900e-01  2.5179895900e-01
    1.4230000000e+01 -1.6514061300e-01 -1.8780450800e-01 -1.8684736600e-01  2.4710510900e-01  3.0426940000e-01  2.5116266000e-01
    1.4240000000e+01 -1.6308708300e-01 -1.8539242900e-01 -1.8445981800e-01  2.4683619300e-01  3.0324527500e-01  2.5047871100e-01
    1.4250000000e+01 -1.6108663800e-01 -1.8301958000e-01 -1.8208948800e-01  2.4650660900e-01  3.0218625100e-01  2.4974785500e-01
    1.4260000000e+01 -1.5913178000e-01 -1.8068155700e-01 -1.7973226600e-01  2.4611111200e-01  3.0108591800e-01  2.4897052300e-01
    1.4270000000e+01 -1.5721392000e-01 -1.7837224000e-01 -1.7738383800e-01  2.4564540800e-01  2.9993860700e-01  2.4814695800e-01
    1.4280000000e+01 -1.5532355100e-01 -1.7608403300e-01 -1.7503950800e-01  2.4510649000e-01  2.9873988800e-01  2.4727744100e-01
    1.4290000000e+01 -1.5345053800e-01 -1.7380824900e-01 -1.7269413400e-01  2.4449290700e-01  2.9748698200e-01  2.4636256800e-01
    1.4300000000e+01 -1.5158449600e-01 -1.7153562100e-01 -1.7034219500e-01  2.4380494900e-01  2.9617901900e-01  2.4540351400e-01
    1.4310000000e+01 -1.4971521000e-01 -1.6925685800e-01 -1.6797796100e-01  2.4304468700e-01  2.9481713200e-01  2.4440225900e-01
    1.4320000000e+01 -1.4783305400e-01 -1.6696320600e-01 -1.6559573500e-01  2.4221589900e-01  2.9340434700e-01  2.4336171000e-01
    1.4330000000e+01 -1.4592935700e-01 -1.6464691400e-01 -1.6319012200e-01  2.4132387100e-01  2.9194530700e-01  2.4228573300e-01
    1.4340000000e+01 -1.4399668800e-01 -1.6230155900e-01 -1.6075628700e-01  2.4037510600e-01  2.9044588000e-01  2.4117909100e-01
    1.4350000000e+01 -1.4202903700e-01 -1.5992221700e-01 -1.5829016300e-01  2.3937699500e-01  2.8891271400e-01  2.4004729800e-01
    1.4360000000e+01 -1.4002190000e-01 -1.5750547200e-01 -1.5578860900e-01  2.3833745900e-01  2.8735282600e-01  2.3889643800e-01
    1.4370000000e+01 -1.3797226200e-01 -1.5504933100e-01 -1.5324950100e-01  2.3726461700e-01  2.8577324500e-01  2.3773294700e-01
    1.4380000000e+01 -1.3587851100e-01 -1.5255307200e-01 -1.5067176400e-01  2.3616648600e-01  2.8418074600e-01  2.3656339900e-01
    1.4390000000e+01 -1.3374028700e-01 -1.5001708300e-01 -1.4805535500e-01  2.3505074000e-01  2.8258164500e-01  2.3539429800e-01
    1.4400000000e+01 -1.3155829800e-01 -1.4744268200e-01 -1.4540119900e-01  2.3392452600e-01  2.8098163800e-01  2.3423188000e-01
    1.4410000000e+01 -1.2933411800e-01 -1.4483193600e-01 -1.4271108300e-01  2.3279434900e-01  2.7938566700e-01  2.3308194400e-01
    1.4420000000e+01 -1.2706999000e-01 -1.4218744700e-01 -1.3998751000e-01  2.3166602200e-01  2.7779782000e-01  2.3194972000e-01
    1.4430000000e+01 -1.2476865400e-01 -1.3951211600e-01 -1.3723352400e-01  2.3054465700e-01  2.7622126700e-01  2.3083978200e-01
    1.4440000000e+01 -1.2243320700e-01 -1.3680887500e-01 -1.3445253000e-01  2.2943470100e-01  2.7465827700e-01  2.2975602700e-01
    1.4450000000e+01 -1.2006700500e-01 -1.3408044100e-01 -1.3164813300e-01  2.2833998400e-01  2.7311030900e-01  2.2870170800e-01
    1.4460000000e+01 -1.1767359800e-01 -1.3132910100e-01 -1.2882401100e-01  2.2726376000e-01  2.7157819000e-01  2.2767951800e-01
    1.4470000000e+01 -1.1525668700e-01 -1.2855657900e-01 -1.2598384800e-01  2.2620873800e-01  2.7006235200e-01  2.2669168900e-01
    1.4480000000e+01 -1.1282008300e-01 -1.2576399300e-01 -1.2313131100e-01  2.2517709100e-01  2.6856310600e-01  2.2574009800e-01
    1.4490000000e+01 -1.1036766300e-01 -1.2295192200e-01 -1.2027008100e-01  2.2417045700e-01  2.6708089700e-01  2.2482634400e-01
    1.4500000000e+01 -1.0790330300e-01 -1.2012055200e-01 -1.1740390300e-01  2.2318993900e-01  2.6561652100e-01  2.2395179900e-01
    1.4510000000e+01 -1.0543081300e-01 -1.1726989500e-01 -1.1453665600e-01  2.2223612600e-01  2.6417127300e-01  2.2311761500e-01
    1.4520000000e+01 -1.0295386500e-01 -1.1440004300e-01 -1.1167242000e-01  2.2130913300e-01  2.6274699300e-01  2.2232470000e-01
    1.4530000000e+01 -1.0047595300e-01 -1.1151143000e-01 -1.0881554600e-01  2.2040865200e-01  2.6134602700e-01  2.2157364100e-01
    1.4540000000e+01 -9.8000360000e-02 -1.0860505900e-01 -1.0597068300e-01  2.1953401300e-01  2.5997108300e-01  2.2086460200e-01
    1.4550000000e+01 -9.5530163000e-02 -1.0568267100e-01 -1.0314278000e-01  2.1868422800e-01  2.5862501200e-01  2.2019718100e-01
    1.4560000000e+01 -9.3068234000e-02 -1.0274682000e-01 -1.0033702200e-01  2.1785802100e-01  2.5731053600e-01  2.1957024900e-01
    1.4570000000e+01 -9.0617247000e-02 -9.9800853000e-02 -9.7558706000e-02  2.1705382700e-01  2.5602995400e-01  2.1898179500e-01
    1.4580000000e+01 -8.8179658000e-02 -9.6848778000e-02 -9.4813044000e-02  2.1626978900e-01  2.5478487000e-01  2.1842880600e-01
    1.4590000000e+01 -8.5757668000e-02 -9.3895038000e-02 -9.2104914000e-02  2.1550374800e-01  2.5357597100e-01  2.1790719300e-01
    1.4600000000e+01 -8.3353172000e-02 -9.0944220000e-02 -8.9438572000e-02  2.1475324700e-01  2.5240291100e-01  2.1741180300e-01
    1.4610000000e+01 -8.0967686000e-02 -8.8000726000e-02 -8.6817359000e-02  2.1401555800e-01  2.5126428900e-01  2.1693652000e-01
    1.4620000000e+01 -7.8602284000e-02 -8.5068478000e-02 -8.4243427000e-02  2.1328773900e-01  2.5015776200e-01  2.1647445900e-01
    1.4630000000e+01 -7.6257544000e-02 -8.2150673000e-02 -8.1717515000e-02  2.1256671500e-01  2.4908024800e-01  2.1601823900e-01
    1.4640000000e+01 -7.3933525000e-02 -7.9249642000e-02 -7.9238808000e-02  2.1184937200e-01  2.4802819100e-01  2.1556033900e-01
    1.4650000000e+01 -7.1629768000e-02 -7.6366829000e-02 -7.6804893000e-02  2.1113266900e-01  2.4699783900e-01  2.1509348900e-01
    1.4660000000e+01 -6.9345343000e-02 -7.3502861000e-02 -7.4411843000e-02  2.1041372700e-01  2.4598549100e-01  2.1461107700e-01
    1.4670000000e+01 -6.7078904000e-02 -7.0657692000e-02 -7.2054415000e-02  2.0968990700e-01  2.4498766500e-01  2.1410752900e-01
    1.4680000000e+01 -6.4828776000e-02 -6.7830769000e-02 -6.9726366000e-02  2.0895883700e-01  2.4400117000e-01  2.1357860600e-01
    1.4690000000e+01 -6.2593005000e-02 -6.5021175000e-02 -6.7420846000e-02  2.0821842000e-01  2.4302310700e-01  2.1302159600e-01
    1.4700000000e+01 -6.0369394000e-02 -6.2227708000e-02 -6.5130814000e-02  2.0746680600e-01  2.4205081300e-01  2.1243536900e-01
    1.4710000000e+01 -5.8155490000e-02 -5.9448899000e-02 -6.2849441000e-02  2.0670239000e-01  2.4108180300e-01  2.1182029600e-01
    1.4720000000e+01 -5.5948542000e-02 -5.6682968000e-02 -6.0570439000e-02  2.0592382900e-01  2.4011374100e-01  2.1117806800e-01
    1.4730000000e+01 -5.3745465000e-02 -5.3927768000e-02 -5.8288292000e-02  2.0513012100e-01  2.3914446900e-01  2.1051144400e-01
    1.4740000000e+01 -5.1542837000e-02 -5.1180748000e-02 -5.5998400000e-02  2.0432073400e-01  2.3817209600e-01  2.0982398400e-01
    1.4750000000e+01 -4.9336961000e-02 -4.8438951000e-02 -5.3697125000e-02  2.0349575300e-01  2.3719510500e-01  2.0911978800e-01
    1.4760000000e+01 -4.7124011000e-02 -4.5699083000e-02 -5.1381785000e-02  2.0265602400e-01  2.3621247300e-01  2.0840327400e-01
    1.4770000000e+01 -4.4900239000e-02 -4.2957612000e-02 -4.9050616000e-02  2.0180322800e-01  2.3522375600e-01  2.0767899100e-01
    1.4780000000e+01 -4.2662220000e-02 -4.0210896000e-02 -4.6702711000e-02  2.0093988500e-01  2.3422912900e-01  2.0695147200e-01
    1.4790000000e+01 -4.0407088000e-02 -3.7455305000e-02 -4.4337956000e-02  2.0006924800e-01  2.3322938300e-01  2.0622509600e-01
    1.4800000000e+01 -3.8132718000e-02 -3.4687315000e-02 -4.1956953000e-02  1.9919512800e-01  2.3222590000e-01  2.0550397700e-01
    1.4810000000e+01 -3.5837829000e-02 -3.1903586000e-02 -3.9560929000e-02  1.9832166700e-01  2.3122060600e-01  2.0479185400e-01
    1.4820000000e+01 -3.3522006000e-02 -2.9101013000e-02 -3.7151632000e-02  1.9745309700e-01  2.3021593800e-01  2.0409200200e-01
    1.4830000000e+01 -3.1185634000e-02 -2.6276767000e-02 -3.4731196000e-02  1.9659353400e-01  2.2921482200e-01  2.0340716700e-01
    1.4840000000e+01 -2.8829788000e-02 -2.3428353000e-02 -3.2302002000e-02  1.9574682100e-01  2.2822065500e-01  2.0273952800e-01
    1.4850000000e+01 -2.6456099000e-02 -2.0553664000e-02 -2.9866527000e-02  1.9491643500e-01  2.2723730100e-01  2.0209071300e-01
    1.4860000000e+01 -2.4066632000e-02 -1.7651071000e-02 -2.7427216000e-02  1.9410544200e-01  2.2626907000e-01  2.0146184700e-01
    1.4870000000e+01 -2.1663783000e-02 -1.4719509000e-02 -2.4986374000e-02  1.9331648900e-01  2.2532067800e-01  2.0085364600e-01
    1.4880000000e+01 -1.9250205000e-02 -1.1758580000e-02 -2.2546105000e-02  1.9255180500e-01  2.2439719200e-01  2.0026652700e-01
    1.4890000000e+01 -1.6828749000e-02 -8.7686470000e-03 -2.0108296000e-02  1.9181320500e-01  2.2350393800e-01  1.9970072900e-01
    1.4900000000e+01 -1.4402410000e-02 -5.7509200000e-03 -1.7674649000e-02  1.9110208100e-01  2.2264638400e-01  1.9915642100e-01
    1.4910000000e+01 -1.1974262000e-02 -2.7075280000e-03 -1.5246747000e-02  1.9041940000e-01  2.2183000200e-01  1.9863378600e-01
    1.4920000000e+01 -9.5473880000e-03  3.5843800000e-04 -1.2826146000e-02  1.8976571000e-01  2.2106009400e-01  1.9813305600e-01
    1.4930000000e+01 -7.1248050000e-03  3.4429070000e-03 -1.0414471000e-02  1.8914117900e-01  2.2034159800e-01  1.9765451400e-01
    1.4940000000e+01 -4.7094090000e-03  6.5408660000e-03 -8.0135050000e-03  1.8854564900e-01  2.1967887500e-01  1.9719844000e-01
    1.4950000000e+01 -2.3039480000e-03  9.6464470000e-03 -5.6252420000e-03  1.8797871500e-01  2.1907548700e-01  1.9676503500e-01
    1.4960000000e+01  8.8961000000e-05  1.2753082000e-02 -3.2519050000e-03  1.8743979500e-01  2.1853399000e-01  1.9635431000e-01
    1.4970000000e+01  2.4667890000e-03  1.5853723000e-02 -8.9591600000e-04  1.8692818200e-01  2.1805576000e-01  1.9596598700e-01
    1.4980000000e+01  4.8270260000e-03  1.8941114000e-02  1.4401710000e-03  1.8644304800e-01  2.1764087300e-01  1.9559940800e-01
    1.4990000000e+01  7.1671330000e-03  2.2008107000e-02  3.7537730000e-03  1.8598341300e-01  2.1728806900e-01  1.9525347700e-01
    1.5000000000e+01  9.4845160000e-03  2.5047986000e-02  6.0423840000e-03  1.8554807700e-01  2.1699481500e-01  1.9492664400e-01
    1.5010000000e+01  1.1776542000e-02  2.8054766000e-02  8.3036940000e-03  1.8513554700e-01  2.1675746100e-01  1.9461691700e-01
    1.5020000000e+01  1.4040594000e-02  3.1023420000e-02  1.0535678000e-02  1.8474397600e-01  2.1657149500e-01  1.9432191600e-01
    1.5030000000e+01  1.6274148000e-02  3.3950015000e-02  1.2736672000e-02  1.8437112800e-01  2.1643184800e-01  1.9403894500e-01
    1.5040000000e+01  1.8474855000e-02  3.6831729000e-02  1.4905417000e-02  1.8401437000e-01  2.1633321700e-01  1.9376507500e-01
    1.5050000000e+01  2.0640615000e-02  3.9666752000e-02  1.7041078000e-02  1.8367069700e-01  2.1627035300e-01  1.9349722500e-01
    1.5060000000e+01  2.2769641000e-02  4.2454115000e-02  1.9143245000e-02  1.8333675600e-01  2.1623826500e-01  1.9323223200e-01
    1.5070000000e+01  2.4860510000e-02  4.5193469000e-02  2.1211920000e-02  1.8300888000e-01  2.1623233200e-01  1.9296691000e-01
    1.5080000000e+01  2.6912219000e-02  4.7884886000e-02  2.3247506000e-02  1.8268311700e-01  2.1624829800e-01  1.9269809400e-01
    1.5090000000e+01  2.8924258000e-02  5.0528711000e-02  2.5250809000e-02  1.8235527200e-01  2.1628219600e-01  1.9242267500e-01
    1.5100000000e+01  3.0896676000e-02  5.3125509000e-02  2.7223039000e-02  1.8202096600e-01  2.1633022300e-01  1.9213764200e-01
    1.5110000000e+01  3.2830160000e-02  5.5676101000e-02  2.9165822000e-02  1.8167573100e-01  2.1638863200e-01  1.9184014600e-01
    1.5120000000e+01  3.4726080000e-02  5.8181676000e-02  3.1081199000e-02  1.8131514200e-01  2.1645368100e-01  1.9152756800e-01
    1.5130000000e+01  3.6586501000e-02  6.0643939000e-02  3.2971601000e-02  1.8093496700e-01  2.1652167500e-01  1.9119761700e-01
    1.5140000000e+01  3.8414128000e-02  6.3065229000e-02  3.4839789000e-02  1.8053133800e-01  2.1658910500e-01  1.9084841900e-01
    1.5150000000e+01  4.0212211000e-02  6.5448573000e-02  3.6688764000e-02  1.8010088300e-01  2.1665287300e-01  1.9047859600e-01
    1.5160000000e+01  4.1984388000e-02  6.7797625000e-02  3.8521648000e-02  1.7964083000e-01  2.1671054200e-01  1.9008731700e-01
    1.5170000000e+01  4.3734518000e-02  7.0116490000e-02  4.0341549000e-02  1.7914903500e-01  2.1676057800e-01  1.8967430700e-01
    1.5180000000e+01  4.5466529000e-02  7.2409441000e-02  4.2151429000e-02  1.7862395500e-01  2.1680250400e-01  1.8923980800e-01
    1.5190000000e+01  4.7184286000e-02  7.4680585000e-02  4.3953993000e-02  1.7806456900e-01  2.1683694000e-01  1.8878450800e-01
    1.5200000000e+01  4.8891530000e-02  7.6933519000e-02  4.5751613000e-02  1.7747026600e-01  2.1686550800e-01  1.8830942900e-01
    1.5210000000e+01  5.0591863000e-02  7.9171060000e-02  4.7546298000e-02  1.7684073800e-01  2.1689060900e-01  1.8781580700e-01
    1.5220000000e+01  5.2288794000e-02  8.1395069000e-02  4.9339715000e-02  1.7617589600e-01  2.1691512000e-01  1.8730497800e-01
    1.5230000000e+01  5.3985806000e-02  8.3606416000e-02  5.1133243000e-02  1.7547582800e-01  2.1694206100e-01  1.8677829300e-01
    1.5240000000e+01  5.5686440000e-02  8.5805062000e-02  5.2928056000e-02  1.7474082200e-01  2.1697429200e-01  1.8623706900e-01
    1.5250000000e+01  5.7394355000e-02  8.7990238000e-02  5.4725208000e-02  1.7397143200e-01  2.1701428200e-01  1.8568259500e-01
    1.5260000000e+01  5.9113342000e-02  9.0160672000e-02  5.6525691000e-02  1.7316859200e-01  2.1706398300e-01  1.8511617800e-01
    1.5270000000e+01  6.0847283000e-02  9.2314813000e-02  5.8330459000e-02  1.7233374900e-01  2.1712480200e-01  1.8453922100e-01
    1.5280000000e+01  6.2600027000e-02  9.4451023000e-02  6.0140396000e-02  1.7146897400e-01  2.1719765300e-01  1.8395329400e-01
    1.5290000000e+01  6.4375218000e-02  9.6567702000e-02  6.1956244000e-02  1.7057704100e-01  2.1728305700e-01  1.8336020500e-01
    1.5300000000e+01  6.6176081000e-02  9.8663362000e-02  6.3778494000e-02  1.6966142100e-01  2.1738126300e-01  1.8276201400e-01
    1.5310000000e+01  6.8005200000e-02  1.0073663900e-01  6.5607266000e-02  1.6872619100e-01  2.1749236600e-01  1.8216101600e-01
    1.5320000000e+01  6.9864345000e-02  1.0278626100e-01  6.7442190000e-02  1.6777586900e-01  2.1761640500e-01  1.8155966600e-01
    1.5330000000e+01  7.1754364000e-02  1.0481098900e-01  6.9282305000e-02  1.6681518600e-01  2.1775343500e-01  1.8096046700e-01
    1.5340000000e+01  7.3675149000e-02  1.0680953000e-01  7.1125992000e-02  1.6584883800e-01  2.1790357700e-01  1.8036581200e-01
    1.5350000000e+01  7.5625696000e-02  1.0878042000e-01  7.2970941000e-02  1.6488125200e-01  2.1806701300e-01  1.7977779900e-01
    1.5360000000e+01  7.7604212000e-02  1.1072191800e-01  7.4814180000e-02  1.6391638700e-01  2.1824394000e-01  1.7919801400e-01
    1.5370000000e+01  7.9608272000e-02  1.1263189900e-01  7.6652174000e-02  1.6295758100e-01  2.1843446300e-01  1.7862731700e-01
    1.5380000000e+01  8.1634990000e-02  1.1450780400e-01  7.8480997000e-02  1.6200746100e-01  2.1863842900e-01  1.7806563500e-01
    1.5390000000e+01  8.3681198000e-02  1.1634665000e-01  8.0296591000e-02  1.6106787700e-01  2.1885523400e-01  1.7751181000e-01
    1.5400000000e+01  8.5743615000e-02  1.1814512500e-01  8.2095068000e-02  1.6013989200e-01  2.1908362900e-01  1.7696352700e-01
    1.5410000000e+01  8.7819028000e-02  1.1989976300e-01  8.3873053000e-02  1.5922379600e-01  2.1932155000e-01  1.7641734100e-01
    1.5420000000e+01  8.9904446000e-02  1.2160718100e-01  8.5628007000e-02  1.5831915100e-01  2.1956602000e-01  1.7586882100e-01
    1.5430000000e+01  9.1997260000e-02  1.2326435200e-01  8.7358505000e-02  1.5742488200e-01  2.1981312700e-01  1.7531278500e-01
    1.5440000000e+01  9.4095369000e-02  1.2486888400e-01  8.9064419000e-02  1.5653939200e-01  2.2005809800e-01  1.7474362200e-01
    1.5450000000e+01  9.6197277000e-02  1.2641927700e-01  9.0747011000e-02  1.5566071700e-01  2.2029546200e-01  1.7415564900e-01
    1.5460000000e+01  9.8302143000e-02  1.2791512300e-01  9.2408904000e-02  1.5478670100e-01  2.2051928800e-01  1.7354347800e-01
    1.5470000000e+01  1.0040977500e-01  1.2935722800e-01  9.4053959000e-02  1.5391518000e-01  2.2072349800e-01  1.7290234900e-01
    1.5480000000e+01  1.0252056800e-01  1.3074763400e-01  9.5687067000e-02  1.5304414400e-01  2.2090220100e-01  1.7222841300e-01
    1.5490000000e+01  1.0463539100e-01  1.3208953000e-01  9.7313887000e-02  1.5217186600e-01  2.2105003200e-01  1.7151893400e-01
    1.5500000000e+01  1.0675545400e-01  1.3338705000e-01  9.8940544000e-02  1.5129697700e-01  2.2116245200e-01  1.7077241100e-01
    1.5510000000e+01  1.0888217200e-01  1.3464499000e-01  1.0057333100e-01  1.5041847800e-01  2.2123596300e-01  1.6998862300e-01
    1.5520000000e+01  1.1101704800e-01  1.3586845600e-01  1.0221842000e-01  1.4953570800e-01  2.2126821600e-01  1.6916859200e-01
    1.5530000000e+01  1.1316161000e-01  1.3706250800e-01  1.0388160100e-01  1.4864828400e-01  2.2125799200e-01  1.6831449000e-01
    1.5540000000e+01  1.1531738300e-01  1.3823183800e-01  1.0556806500e-01  1.4775603800e-01  2.2120505900e-01  1.6742949600e-01
    1.5550000000e+01  1.1748588900e-01  1.3938052700e-01  1.0728223500e-01  1.4685897300e-01  2.2110992900e-01  1.6651761100e-01
    1.5560000000e+01  1.1966867000e-01  1.4051191700e-01  1.0902764700e-01  1.4595724900e-01  2.2097355300e-01  1.6558345700e-01
    1.5570000000e+01  1.2186729200e-01  1.4162861500e-01  1.1080688500e-01  1.4505118800e-01  2.2079701000e-01  1.6463206600e-01
    1.5580000000e+01  1.2408334100e-01  1.4273260000e-01  1.1262156700e-01  1.4414129000e-01  2.2058123900e-01  1.6366866900e-01
    1.5590000000e+01  1.2631840000e-01  1.4382542600e-01  1.1447236200e-01  1.4322824300e-01  2.2032685700e-01  1.6269850600e-01
    1.5600000000e+01  1.2857402300e-01  1.4490843800e-01  1.1635906000e-01  1.4231292200e-01  2.2003407500e-01  1.6172665600e-01
    1.5610000000e+01  1.3085171400e-01  1.4598299100e-01  1.1828065000e-01  1.4139638200e-01  2.1970270600e-01  1.6075788200e-01
    1.5620000000e+01  1.3315290900e-01  1.4705061800e-01  1.2023542900e-01  1.4047983500e-01  2.1933224200e-01  1.5979651600e-01
    1.5630000000e+01  1.3547897700e-01  1.4811314500e-01  1.2222112300e-01  1.3956464500e-01  2.1892195900e-01  1.5884636100e-01
    1.5640000000e+01  1.3783120900e-01  1.4917276300e-01  1.2423501100e-01  1.3865231500e-01  2.1847103500e-01  1.5791061900e-01
    1.5650000000e+01  1.4021081800e-01  1.5023207700e-01  1.2627407000e-01  1.3774448000e-01  2.1797865900e-01  1.5699185200e-01
    1.5660000000e+01  1.4261893100e-01  1.5129413400e-01  1.2833510900e-01  1.3684290300e-01  2.1744414300e-01  1.5609196500e-01
    1.5670000000e+01  1.4505659300e-01  1.5236244800e-01  1.3041490800e-01  1.3594946200e-01  2.1686704300e-01  1.5521222100e-01
    1.5680000000e+01  1.4752477800e-01  1.5344100800e-01  1.3251034400e-01  1.3506614100e-01  2.1624731500e-01  1.5435329200e-01
    1.5690000000e+01  1.5002441000e-01  1.5453424500e-01  1.3461850200e-01  1.3419503500e-01  2.1558548600e-01  1.5351532400e-01
    1.5700000000e+01  1.5255638700e-01  1.5564693600e-01  1.3673674900e-01  1.3333837400e-01  2.1488285500e-01  1.5269803800e-01
    1.5710000000e+01  1.5512160200e-01  1.5678403800e-01  1.3886279700e-01  1.3249857400e-01  2.1414168100e-01  1.5190083200e-01
    1.5720000000e+01  1.5772092800e-01  1.5795042700e-01  1.4099471000e-01  1.3167831700e-01  2.1336533600e-01  1.5112289100e-01
    1.5730000000e+01  1.6035516700e-01  1.5915056800e-01  1.4313089800e-01  1.3088062900e-01  2.1255837500e-01  1.5036328800e-01
    1.5740000000e+01  1.6302495100e-01  1.6038813300e-01  1.4527007600e-01  1.3010895200e-01  2.1172649600e-01  1.4962106500e-01
    1.5750000000e+01  1.6573059700e-01  1.6166561800e-01  1.4741120600e-01  1.2936717900e-01  2.1087634800e-01  1.4889529000e-01
    1.5760000000e+01  1.6847194500e-01  1.6298402200e-01  1.4955343500e-01  1.2865962300e-01  2.1001520200e-01  1.4818508600e-01
    1.5770000000e+01  1.7124820700e-01  1.6434264400e-01  1.5169604300e-01  1.2799093400e-01  2.0915049400e-01  1.4748962800e-01
    1.5780000000e+01  1.7405784400e-01  1.6573905900e-01  1.5383840500e-01  1.2736594900e-01  2.0828930400e-01  1.4680812200e-01
    1.5790000000e+01  1.7689850000e-01  1.6716928500e-01  1.5597998200e-01  1.2678951300e-01  2.0743784000e-01  1.4613978900e-01
    1.5800000000e+01  1.7976700400e-01  1.6862812600e-01  1.5812032700e-01  1.2626629500e-01  2.0660102400e-01  1.4548384100e-01
    1.5810000000e+01  1.8265941500e-01  1.7010965000e-01  1.6025910800e-01  1.2580061900e-01  2.0578222800e-01  1.4483948600e-01
    1.5820000000e+01  1.8557111200e-01  1.7160769500e-01  1.6239611900e-01  1.2539632100e-01  2.0498321500e-01  1.4420595100e-01
    1.5830000000e+01  1.8849689900e-01  1.7311634300e-01  1.6453128200e-01  1.2505665700e-01  2.0420426400e-01  1.4358251600e-01
    1.5840000000e+01  1.9143111400e-01  1.7463027200e-01  1.6666462200e-01  1.2478422700e-01  2.0344443100e-01  1.4296855300e-01
    1.5850000000e+01  1.9436773100e-01  1.7614496000e-01  1.6879622600e-01  1.2458094300e-01  2.0270189400e-01  1.4236354100e-01
    1.5860000000e+01  1.9730044800e-01  1.7765674000e-01  1.7092618800e-01  1.2444798700e-01  2.0197427500e-01  1.4176706900e-01
    1.5870000000e+01  2.0022276900e-01  1.7916274600e-01  1.7305457300e-01  1.2438579000e-01  2.0125891100e-01  1.4117879300e-01
    1.5880000000e+01  2.0312808800e-01  1.8066079200e-01  1.7518139300e-01  1.2439399700e-01  2.0055304300e-01  1.4059839900e-01
    1.5890000000e+01  2.0600978100e-01  1.8214924900e-01  1.7730662700e-01  1.2447142900e-01  1.9985390600e-01  1.4002554100e-01
    1.5900000000e+01  2.0886132400e-01  1.8362693500e-01  1.7943025400e-01  1.2461605600e-01  1.9915876600e-01  1.3945981000e-01
    1.5910000000e+01  2.1167642000e-01  1.8509304900e-01  1.8155231100e-01  1.2482498000e-01  1.9846492300e-01  1.3890072300e-01
    1.5920000000e+01  2.1444916000e-01  1.8654713500e-01  1.8367294300e-01  1.2509445200e-01  1.9776969800e-01  1.3834774100e-01
    1.5930000000e+01  2.1717417900e-01  1.8798907800e-01  1.8579244200e-01  1.2541992800e-01  1.9707042200e-01  1.3780031600e-01
    1.5940000000e+01  2.1984680400e-01  1.8941912100e-01  1.8791125500e-01  1.2579616800e-01  1.9636444600e-01  1.3725794200e-01
    1.5950000000e+01  2.2246318000e-01  1.9083790000e-01  1.9002998400e-01  1.2621737500e-01  1.9564915800e-01  1.3672020900e-01
    1.5960000000e+01  2.2502035800e-01  1.9224648700e-01  1.9214935400e-01  1.2667736000e-01  1.9492204400e-01  1.3618684800e-01
    1.5970000000e+01  2.2751633900e-01  1.9364642500e-01  1.9427017900e-01  1.2716972600e-01  1.9418078200e-01  1.3565776300e-01
    1.5980000000e+01  2.2995007100e-01  1.9503972800e-01  1.9639332200e-01  1.2768806100e-01  1.9342338200e-01  1.3513305800e-01
    1.5990000000e+01  2.3232140500e-01  1.9642881200e-01  1.9851965400e-01  1.2822611900e-01  1.9264834800e-01  1.3461305400e-01
    1.6000000000e+01  2.3463099100e-01  1.9781634700e-01  2.0064999700e-01  1.2877797900e-01  1.9185482700e-01  1.3409829300e-01
    1.6010000000e+01  2.3688015100e-01  1.9920503300e-01  2.0278506700e-01  1.2933817100e-01  1.9104269400e-01  1.3358953700e-01
    1.6020000000e+01  2.3907071000e-01  2.0059732900e-01  2.0492541800e-01  1.2990174200e-01  1.9021253400e-01  1.3308774500e-01
    1.6030000000e+01  2.4120484500e-01  2.0199520600e-01  2.0707138400e-01  1.3046426800e-01  1.8936550700e-01  1.3259402800e-01
    1.6040000000e+01  2.4328494600e-01  2.0339997200e-01  2.0922304100e-01  1.3102181100e-01  1.8850310300e-01  1.3210958800e-01
    1.6050000000e+01  2.4531353300e-01  2.0481221700e-01  2.1138019000e-01  1.3157083200e-01  1.8762685000e-01  1.3163564400e-01
    1.6060000000e+01  2.4729322400e-01  2.0623190400e-01  2.1354236700e-01  1.3210811500e-01  1.8673802400e-01  1.3117336000e-01
    1.6070000000e+01  2.4922675400e-01  2.0765855200e-01  2.1570887100e-01  1.3263069500e-01  1.8583744000e-01  1.3072378500e-01
    1.6080000000e+01  2.5111701800e-01  2.0909149300e-01  2.1787880800e-01  1.3313584500e-01  1.8492535900e-01  1.3028780100e-01
    1.6090000000e+01  2.5296710400e-01  2.1053010900e-01  2.2005113900e-01  1.3362109600e-01  1.8400151300e-01  1.2986610000e-01
    1.6100000000e+01  2.5478030700e-01  2.1197400900e-01  2.2222472500e-01  1.3408429100e-01  1.8306521600e-01  1.2945916200e-01
    1.6110000000e+01  2.5656008900e-01  2.1342311600e-01  2.2439837200e-01  1.3452364800e-01  1.8211552100e-01  1.2906724900e-01
    1.6120000000e+01  2.5831002000e-01  2.1487766600e-01  2.2657086800e-01  1.3493779400e-01  1.8115134800e-01  1.2869039600e-01
    1.6130000000e+01  2.6003369500e-01  2.1633817400e-01  2.2874102600e-01  1.3532576600e-01  1.8017156300e-01  1.2832841100e-01
    1.6140000000e+01  2.6173467500e-01  2.1780538700e-01  2.3090773400e-01  1.3568697400e-01  1.7917500000e-01  1.2798087000e-01
    1.6150000000e+01  2.6341645500e-01  2.1928028600e-01  2.3307001200e-01  1.3602114200e-01  1.7816044200e-01  1.2764712600e-01
    1.6160000000e+01  2.6508248200e-01  2.2076413700e-01  2.3522707400e-01  1.3632825300e-01  1.7712661000e-01  1.2732634100e-01
    1.6170000000e+01  2.6673620700e-01  2.2225858000e-01  2.3737839600e-01  1.3660852200e-01  1.7607219100e-01  1.2701752800e-01
    1.6180000000e+01  2.6838115500e-01  2.2376572600e-01  2.3952375700e-01  1.3686242200e-01  1.7499593700e-01  1.2671963200e-01
    1.6190000000e+01  2.7002097800e-01  2.2528820300e-01  2.4166327500e-01  1.3709076600e-01  1.7389682700e-01  1.2643162900e-01
    1.6200000000e+01  2.7165947200e-01  2.2682913400e-01  2.4379739500e-01  1.3729483700e-01  1.7277426200e-01  1.2615262500e-01
    1.6210000000e+01  2.7330051900e-01  2.2839202900e-01  2.4592684400e-01  1.3747654100e-01  1.7162825000e-01  1.2588197300e-01
    1.6220000000e+01  2.7494796600e-01  2.2998058800e-01  2.4805255900e-01  1.3763856100e-01  1.7045954100e-01  1.2561935800e-01
    1.6230000000e+01  2.7660541700e-01  2.3159848400e-01  2.5017557200e-01  1.3778447000e-01  1.6926967500e-01  1.2536486600e-01
    1.6240000000e+01  2.7827598100e-01  2.3324912700e-01  2.5229689600e-01  1.3791878800e-01  1.6806094500e-01  1.2511900900e-01
    1.6250000000e+01  2.7996196600e-01  2.3493548500e-01  2.5441738800e-01  1.3804695200e-01  1.6683628700e-01  1.2488272200e-01
    1.6260000000e+01  2.8166457300e-01  2.3665995000e-01  2.5653763300e-01  1.3817518200e-01  1.6559912200e-01  1.2465732000e-01
    1.6270000000e+01  2.8338361600e-01  2.3842427800e-01  2.5865782900e-01  1.3831025000e-01  1.6435319100e-01  1.2444442900e-01
    1.6280000000e+01  2.8511729600e-01  2.4022957600e-01  2.6077770200e-01  1.3845915100e-01  1.6310239700e-01  1.2424587600e-01
    1.6290000000e+01  2.8686207200e-01  2.4207632400e-01  2.6289643900e-01  1.3862868900e-01  1.6185066500e-01  1.2406357400e-01
    1.6300000000e+01  2.8861264500e-01  2.4396442000e-01  2.6501267000e-01  1.3882502400e-01  1.6060183500e-01  1.2389937800e-01
    1.6310000000e+01  2.9036207800e-01  2.4589324700e-01  2.6712446700e-01  1.3905320200e-01  1.5935956800e-01  1.2375495000e-01
    1.6320000000e+01  2.9210204600e-01  2.4786173600e-01  2.6922939000e-01  1.3931672300e-01  1.5812728600e-01  1.2363162600e-01
    1.6330000000e+01  2.9382320100e-01  2.4986843800e-01  2.7132454900e-01  1.3961716600e-01  1.5690811900e-01  1.2353029900e-01
    1.6340000000e+01  2.9551564500e-01  2.5191158800e-01  2.7340668900e-01  1.3995392600e-01  1.5570488100e-01  1.2345131000e-01
    1.6350000000e+01  2.9716946200e-01  2.5398916400e-01  2.7547229100e-01  1.4032405800e-01  1.5452005100e-01  1.2339435500e-01
    1.6360000000e+01  2.9877529700e-01  2.5609893100e-01  2.7751770100e-01  1.4072227900e-01  1.5335575800e-01  1.2335839800e-01
    1.6370000000e+01  3.0032493200e-01  2.5823848800e-01  2.7953928700e-01  1.4114110800e-01  1.5221375900e-01  1.2334160900e-01
    1.6380000000e+01  3.0181182000e-01  2.6040532200e-01  2.8153362400e-01  1.4157117400e-01  1.5109541700e-01  1.2334132600e-01
    1.6390000000e+01  3.0323153400e-01  2.6259687300e-01  2.8349771600e-01  1.4200166100e-01  1.5000168000e-01  1.2335407400e-01
    1.6400000000e+01  3.0458207600e-01  2.6481061600e-01  2.8542922000e-01  1.4242088100e-01  1.4893307200e-01  1.2337565800e-01
    1.6410000000e+01  3.0586401100e-01  2.6704416100e-01  2.8732664400e-01  1.4281690500e-01  1.4788971300e-01  1.2340132200e-01
    1.6420000000e+01  3.0708041200e-01  2.6929533900e-01  2.8918950700e-01  1.4317822500e-01  1.4687136600e-01  1.2342599000e-01
    1.6430000000e+01  3.0823661800e-01  2.7156228500e-01  2.9101840100e-01  1.4349434400e-01  1.4587752300e-01  1.2344455500e-01
    1.6440000000e+01  3.0933982200e-01  2.7384348600e-01  2.9281495800e-01  1.4375626400e-01  1.4490751900e-01  1.2345218600e-01
    1.6450000000e+01  3.1039857400e-01  2.7613777500e-01  2.9458170400e-01  1.4395680200e-01  1.4396066200e-01  1.2344460500e-01
    1.6460000000e+01  3.1142222500e-01  2.7844428600e-01  2.9632183000e-01  1.4409073600e-01  1.4303635300e-01  1.2341829800e-01
    1.6470000000e+01  3.1242040900e-01  2.8076234600e-01  2.9803889200e-01  1.4415477300e-01  1.4213418000e-01  1.2337061800e-01
    1.6480000000e+01  3.1340260300e-01  2.8309134200e-01  2.9973651400e-01  1.4414738000e-01  1.4125395800e-01  1.2329977000e-01
    1.6490000000e+01  3.1437779100e-01  2.8543057500e-01  3.0141813400e-01  1.4406852400e-01  1.4039570200e-01  1.2320468400e-01
    1.6500000000e+01  3.1535425900e-01  2.8777914200e-01  3.0308682800e-01  1.4391936400e-01  1.3955953600e-01  1.2308480700e-01
    1.6510000000e+01  3.1633950200e-01  2.9013586700e-01  3.0474525100e-01  1.4370195000e-01  1.3874554200e-01  1.2293985900e-01
    1.6520000000e+01  3.1734021800e-01  2.9249930700e-01  3.0639567700e-01  1.4341895300e-01  1.3795360100e-01  1.2276960800e-01
    1.6530000000e+01  3.1836238300e-01  2.9486783100e-01  3.0804012900e-01  1.4307345500e-01  1.3718323100e-01  1.2257369400e-01
    1.6540000000e+01  3.1941135400e-01  2.9723977300e-01  3.0968056700e-01  1.4266881000e-01  1.3643347200e-01  1.2235154000e-01
    1.6550000000e+01  3.2049197600e-01  2.9961362100e-01  3.1131907700e-01  1.4220857200e-01  1.3570284600e-01  1.2210235100e-01
    1.6560000000e+01  3.2160867300e-01  3.0198821700e-01  3.1295804900e-01  1.4169648700e-01  1.3498938000e-01  1.2182519700e-01
    1.6570000000e+01  3.2276549200e-01  3.0436294400e-01  3.1460029500e-01  1.4113651300e-01  1.3429072200e-01  1.2151916600e-01
    1.6580000000e+01  3.2396610100e-01  3.0673786200e-01  3.1624910400e-01  1.4053285300e-01  1.3360431100e-01  1.2118355000e-01
    1.6590000000e+01  3.2521373700e-01  3.0911377300e-01  3.1790820600e-01  1.3988997800e-01  1.3292758700e-01  1.2081804900e-01
    1.6600000000e+01  3.2651113700e-01  3.1149222400e-01  3.1958167300e-01  1.3921259200e-01  1.3225821900e-01  1.2042295000e-01
    1.6610000000e+01  3.2786045700e-01  3.1387542700e-01  3.2127374500e-01  1.3850556900e-01  1.3159431700e-01  1.1999925500e-01
    1.6620000000e+01  3.2926322500e-01  3.1626612300e-01  3.2298862900e-01  1.3777383100e-01  1.3093461000e-01  1.1954875300e-01
    1.6630000000e+01  3.3072033200e-01  3.1866740400e-01  3.2473026900e-01  1.3702220600e-01  1.3027858300e-01  1.1907400800e-01
    1.6640000000e+01  3.3223208600e-01  3.2108249700e-01  3.2650214400e-01  1.3625527600e-01  1.2962654200e-01  1.1857827500e-01
    1.6650000000e+01  3.3379831500e-01  3.2351454400e-01  3.2830710000e-01  1.3547725300e-01  1.2897963100e-01  1.1806535400e-01
    1.6660000000e+01  3.3541851200e-01  3.2596638600e-01  3.3014723900e-01  1.3469188800e-01  1.2833977600e-01  1.1753939900e-01
    1.6670000000e+01  3.3709200100e-01  3.2844037800e-01  3.3202388300e-01  1.3390243600e-01  1.2770957100e-01  1.1700470700e-01
    1.6680000000e+01  3.3881810600e-01  3.3093824000e-01  3.3393760100e-01  1.3311168200e-01  1.2709212900e-01  1.1646551400e-01
    1.6690000000e+01  3.4059630200e-01  3.3346096900e-01  3.3588830000e-01  1.3232201200e-01  1.2649088700e-01  1.1592582000e-01
    1.6700000000e+01  3.4242632600e-01  3.3600880400e-01  3.3787535500e-01  1.3153552700e-01  1.2590942200e-01  1.1538925700e-01
    1.6710000000e+01  3.4430825700e-01  3.3858124000e-01  3.3989776800e-01  1.3075418600e-01  1.2535125600e-01  1.1485901800e-01
    1.6720000000e+01  3.4624254200e-01  3.4117709100e-01  3.4195432400e-01  1.2997995500e-01  1.2481969800e-01  1.1433783300e-01
    1.6730000000e+01  3.4822998400e-01  3.4379458100e-01  3.4404374100e-01  1.2921496300e-01  1.2431769800e-01  1.1382800300e-01
    1.6740000000e+01  3.5027169100e-01  3.4643145800e-01  3.4616477500e-01  1.2846164600e-01  1.2384773900e-01  1.1333146500e-01
    1.6750000000e+01  3.5236897700e-01  3.4908512700e-01  3.4831631100e-01  1.2772287200e-01  1.2341175300e-01  1.1284988700e-01
    1.6760000000e+01  3.5452324700e-01  3.5175280200e-01  3.5049739200e-01  1.2700204200e-01  1.2301106700e-01  1.1238476900e-01
    1.6770000000e+01  3.5673583700e-01  3.5443167600e-01  3.5270723200e-01  1.2630315200e-01  1.2264638100e-01  1.1193754800e-01
    1.6780000000e+01  3.5900786100e-01  3.5711909200e-01  3.5494517900e-01  1.2563081600e-01  1.2231780400e-01  1.1150967800e-01
    1.6790000000e+01  3.6134003400e-01  3.5981271400e-01  3.5721066700e-01  1.2499023800e-01  1.2202493500e-01  1.1110270200e-01
    1.6800000000e+01  3.6373253100e-01  3.6251067300e-01  3.5950315000e-01  1.2438715000e-01  1.2176700900e-01  1.1071828200e-01
    1.6810000000e+01  3.6618485500e-01  3.6521164800e-01  3.6182204300e-01  1.2382770000e-01  1.2154309300e-01  1.1035822100e-01
    1.6820000000e+01  3.6869575600e-01  3.6791488300e-01  3.6416665600e-01  1.2331833500e-01  1.2135231100e-01  1.1002444900e-01
    1.6830000000e+01  3.7126317700e-01  3.7062011100e-01  3.6653615600e-01  1.2286566500e-01  1.2119406300e-01  1.0971901100e-01
    1.6840000000e+01  3.7388423400e-01  3.7332738500e-01  3.6892952300e-01  1.2247634700e-01  1.2106821000e-01  1.0944404100e-01
    1.6850000000e+01  3.7655521500e-01  3.7603686700e-01  3.7134551800e-01  1.2215697300e-01  1.2097518100e-01  1.0920174100e-01
    1.6860000000e+01  3.7927158500e-01  3.7874856800e-01  3.7378265100e-01  1.2191398500e-01  1.2091598300e-01  1.0899434800e-01
    1.6870000000e+01  3.8202798900e-01  3.8146211200e-01  3.7623914700e-01  1.2175359400e-01  1.2089212200e-01  1.0882410200e-01
    1.6880000000e+01  3.8481824000e-01  3.8417654900e-01  3.7871291600e-01  1.2168169800e-01  1.2090543600e-01  1.0869319600e-01
    1.6890000000e+01  3.8763531600e-01  3.8689022800e-01  3.8120153100e-01  1.2170379500e-01  1.2095787600e-01  1.0860371400e-01
    1.6900000000e+01  3.9047134500e-01  3.8960076900e-01  3.8370222300e-01  1.2182487800e-01  1.2105125500e-01  1.0855755700e-01
    1.6910000000e+01  3.9331760800e-01  3.9230510700e-01  3.8621189300e-01  1.2204931600e-01  1.2118701000e-01  1.0855636900e-01
    1.6920000000e+01  3.9616455000e-01  3.9499961700e-01  3.8872715400e-01  1.2238071600e-01  1.2136598200e-01  1.0860145100e-01
    1.6930000000e+01  3.9900181800e-01  3.9768029500e-01  3.9124439400e-01  1.2282177800e-01  1.2158825800e-01  1.0869370900e-01
    1.6940000000e+01  4.0181831300e-01  4.0034298400e-01  3.9375984700e-01  1.2337412800e-01  1.2185306600e-01  1.0883360000e-01
    1.6950000000e+01  4.0460227800e-01  4.0298362100e-01  3.9626967900e-01  1.2403815100e-01  1.2215874900e-01  1.0902112200e-01
    1.6960000000e+01  4.0734143100e-01  4.0559847400e-01  3.9877006300e-01  1.2481280900e-01  1.2250281700e-01  1.0925580800e-01
    1.6970000000e+01  4.1002312700e-01  4.0818435800e-01  4.0125724600e-01  1.2569546400e-01  1.2288207200e-01  1.0953674700e-01
    1.6980000000e+01  4.1263459100e-01  4.1073878700e-01  4.0372760100e-01  1.2668171800e-01  1.2329278000e-01  1.0986260200e-01
    1.6990000000e+01  4.1516319400e-01  4.1326007000e-01  4.0617767400e-01  1.2776528100e-01  1.2373088800e-01  1.1023163600e-01
    1.7000000000e+01  4.1759679100e-01  4.1574732800e-01  4.0860423000e-01  1.2893789400e-01  1.2419224300e-01  1.1064173400e-01
    1.7010000000e+01  4.1992408900e-01  4.1820044100e-01  4.1100428800e-01  1.3018931300e-01  1.2467279600e-01  1.1109042100e-01
    1.7020000000e+01  4.2213504900e-01  4.2061994700e-01  4.1337516500e-01  1.3150739400e-01  1.2516876100e-01  1.1157489200e-01
    1.7030000000e+01  4.2422127600e-01  4.2300689700e-01  4.1571452200e-01  1.3287825900e-01  1.2567672600e-01  1.1209203100e-01
    1.7040000000e+01  4.2617639200e-01  4.2536271100e-01  4.1802041500e-01  1.3428657100e-01  1.2619369500e-01  1.1263844300e-01
    1.7050000000e+01  4.2799633700e-01  4.2768903900e-01  4.2029135000e-01  1.3571590100e-01  1.2671708300e-01  1.1321050100e-01
    1.7060000000e+01  4.2967959300e-01  4.2998766900e-01  4.2252633800e-01  1.3714915900e-01  1.2724466400e-01  1.1380440100e-01
    1.7070000000e+01  4.3122729900e-01  4.3226046700e-01  4.2472495000e-01  1.3856908800e-01  1.2777450100e-01  1.1441624700e-01
    1.7080000000e+01  4.3264324800e-01  4.3450938100e-01  4.2688734800e-01  1.3995875400e-01  1.2830488800e-01  1.1504215400e-01
    1.7090000000e+01  4.3393378700e-01  4.3673645900e-01  4.2901429600e-01  1.4130203400e-01  1.2883431000e-01  1.1567836800e-01
    1.7100000000e+01  4.3510760500e-01  4.3894390000e-01  4.3110713200e-01  1.4258404800e-01  1.2936145100e-01  1.1632139700e-01
    1.7110000000e+01  4.3617545500e-01  4.4113408400e-01  4.3316770400e-01  1.4379154400e-01  1.2988523700e-01  1.1696813500e-01
    1.7120000000e+01  4.3714981300e-01  4.4330957400e-01  4.3519826600e-01  1.4491319400e-01  1.3040491400e-01  1.1761596300e-01
    1.7130000000e+01  4.3804449600e-01  4.4547307300e-01  4.3720135700e-01  1.4593983000e-01  1.3092013300e-01  1.1826282100e-01
    1.7140000000e+01  4.3887426300e-01  4.4762734100e-01  4.3917964900e-01  1.4686459400e-01  1.3143101600e-01  1.1890723700e-01
    1.7150000000e+01  4.3965439400e-01  4.4977507600e-01  4.4113581500e-01  1.4768300800e-01  1.3193818900e-01  1.1954831500e-01
    1.7160000000e+01  4.4040028700e-01  4.5191878700e-01  4.4307240200e-01  1.4839297700e-01  1.3244277200e-01  1.2018568600e-01
    1.7170000000e+01  4.4112705900e-01  4.5406068900e-01  4.4499173000e-01  1.4899471300e-01  1.3294631500e-01  1.2081942500e-01
    1.7180000000e+01  4.4184918700e-01  4.5620261700e-01  4.4689583300e-01  1.4949059900e-01  1.3345072300e-01  1.2144996100e-01
    1.7190000000e+01  4.4258018600e-01  4.5834597400e-01  4.4878642800e-01  1.4988499000e-01  1.3395815400e-01  1.2207797700e-01
    1.7200000000e+01  4.4333232300e-01  4.6049171100e-01  4.5066491200e-01  1.5018397900e-01  1.3447093300e-01  1.2270433500e-01
    1.7210000000e+01  4.4411639600e-01  4.6264031100e-01  4.5253237100e-01  1.5039511200e-01  1.3499146200e-01  1.2333000400e-01
    1.7220000000e+01  4.4494155500e-01  4.6479179000e-01  4.5438959300e-01  1.5052707800e-01  1.3552214200e-01  1.2395602000e-01
    1.7230000000e+01  4.4581519000e-01  4.6694569900e-01  4.5623707000e-01  1.5058937300e-01  1.3606527600e-01  1.2458344100e-01
    1.7240000000e+01  4.4674289000e-01  4.6910115700e-01  4.5807499900e-01  1.5059194500e-01  1.3662297700e-01  1.2521330200e-01
    1.7250000000e+01  4.4772847600e-01  4.7125690300e-01  4.5990327800e-01  1.5054484400e-01  1.3719706300e-01  1.2584655800e-01
    1.7260000000e+01  4.4877412200e-01  4.7341139200e-01  4.6172151800e-01  1.5045790000e-01  1.3778898100e-01  1.2648400700e-01
    1.7270000000e+01  4.4988053300e-01  4.7556291900e-01  4.6352908900e-01  1.5034044900e-01  1.3839975000e-01  1.2712621300e-01
    1.7280000000e+01  4.5104717800e-01  4.7770975300e-01  4.6532518300e-01  1.5020112300e-01  1.3902996800e-01  1.2777342700e-01
    1.7290000000e+01  4.5227254500e-01  4.7985026500e-01  4.6710891900e-01  1.5004772200e-01  1.3967985900e-01  1.2842552900e-01
    1.7300000000e+01  4.5355439400e-01  4.8198301900e-01  4.6887947300e-01  1.4988715300e-01  1.4034936700e-01  1.2908200600e-01
    1.7310000000e+01  4.5488999300e-01  4.8410682400e-01  4.7063622600e-01  1.4972543400e-01  1.4103828000e-01  1.2974197300e-01
    1.7320000000e+01  4.5627632000e-01  4.8622072600e-01  4.7237890200e-01  1.4956774300e-01  1.4174635300e-01  1.3040425300e-01
    1.7330000000e+01  4.5771023700e-01  4.8832395200e-01  4.7410768400e-01  1.4941851300e-01  1.4247342200e-01  1.3106752100e-01
    1.7340000000e+01  4.5918861300e-01  4.9041581100e-01  4.7582326700e-01  1.4928155300e-01  1.4321948400e-01  1.3173049100e-01
    1.7350000000e+01  4.6070839800e-01  4.9249556500e-01  4.7752683400e-01  1.4916018800e-01  1.4398472500e-01  1.3239213200e-01
    1.7360000000e+01  4.6226664800e-01  4.9456228700e-01  4.7921993500e-01  1.4905739900e-01  1.4476948800e-01  1.3305186600e-01
    1.7370000000e+01  4.6386048800e-01  4.9661474600e-01  4.8090427500e-01  1.4897595600e-01  1.4557418000e-01  1.3370970600e-01
    1.7380000000e+01  4.6548703400e-01  4.9865132600e-01  4.8258146800e-01  1.4891850300e-01  1.4639912200e-01  1.3436629200e-01
    1.7390000000e+01  4.6714328200e-01  5.0067002200e-01  4.8425277200e-01  1.4888759600e-01  1.4724436000e-01  1.3502281500e-01
    1.7400000000e+01  4.6882599500e-01  5.0266851600e-01  4.8591888900e-01  1.4888567400e-01  1.4810948400e-01  1.3568082600e-01
    1.7410000000e+01  4.7053161600e-01  5.0464432900e-01  4.8757986700e-01  1.4891497500e-01  1.4899346600e-01  1.3634197900e-01
    1.7420000000e+01  4.7225623400e-01  5.0659503900e-01  4.8923512100e-01  1.4897740000e-01  1.4989458200e-01  1.3700775600e-01
    1.7430000000e+01  4.7399561500e-01  5.0851853500e-01  4.9088357700e-01  1.4907437300e-01  1.5081040800e-01  1.3767922500e-01
    1.7440000000e+01  4.7574529700e-01  5.1041324500e-01  4.9252389300e-01  1.4920671500e-01  1.5173792700e-01  1.3835690300e-01
    1.7450000000e+01  4.7750073200e-01  5.1227832500e-01  4.9415471500e-01  1.4937456100e-01  1.5267371200e-01  1.3904071600e-01
    1.7460000000e+01  4.7925746200e-01  5.1411376400e-01  4.9577490900e-01  1.4957734100e-01  1.5361416700e-01  1.3973008100e-01
    1.7470000000e+01  4.8101127200e-01  5.1592039800e-01  4.9738373000e-01  1.4981381800e-01  1.5455578300e-01  1.4042405800e-01
    1.7480000000e+01  4.8275833000e-01  5.1769984700e-01  4.9898090800e-01  1.5008218000e-01  1.5549537800e-01  1.4112154800e-01
    1.7490000000e+01  4.8449527700e-01  5.1945436900e-01  5.0056664500e-01  1.5038016400e-01  1.5643030400e-01  1.4182149300e-01
    1.7500000000e+01  4.8621927400e-01  5.2118667900e-01  5.0214155900e-01  1.5070517800e-01  1.5735859100e-01  1.4252304700e-01
    1.7510000000e+01  4.8792800300e-01  5.2289973200e-01  5.0370656700e-01  1.5105443600e-01  1.5827903000e-01  1.4322571500e-01
    1.7520000000e+01  4.8961964900e-01  5.2459648900e-01  5.0526275000e-01  1.5142506500e-01  1.5919119400e-01  1.4392944000e-01
    1.7530000000e+01  4.9129285000e-01  5.2627968900e-01  5.0681118500e-01  1.5181419100e-01  1.6009538400e-01  1.4463465900e-01
    1.7540000000e+01  4.9294663200e-01  5.2795164800e-01  5.0835277200e-01  1.5221901200e-01  1.6099251200e-01  1.4534230000e-01
    1.7550000000e+01  4.9458033500e-01  5.2961409200e-01  5.0988805000e-01  1.5263683800e-01  1.6188391300e-01  1.4605372800e-01
    1.7560000000e+01  4.9619354000e-01  5.3126807600e-01  5.1141703100e-01  1.5306510200e-01  1.6277111000e-01  1.4677062600e-01
    1.7570000000e+01  4.9778599900e-01  5.3291397600e-01  5.1293906900e-01  1.5350134400e-01  1.6365556100e-01  1.4749481400e-01
    1.7580000000e+01  4.9935759100e-01  5.3455159200e-01  5.1445280300e-01  1.5394316900e-01  1.6453841200e-01  1.4822801400e-01
    1.7590000000e+01  5.0090831200e-01  5.3618032900e-01  5.1595618000e-01  1.5438818800e-01  1.6542031000e-01  1.4897160400e-01
    1.7600000000e+01  5.0243830300e-01  5.3779944700e-01  5.1744657500e-01  1.5483397800e-01  1.6630130100e-01  1.4972638400e-01
    1.7610000000e+01  5.0394790200e-01  5.3940832200e-01  5.1892098700e-01  1.5527805800e-01  1.6718084100e-01  1.5049240200e-01
    1.7620000000e+01  5.0543771200e-01  5.4100668100e-01  5.2037627600e-01  1.5571791600e-01  1.6805791000e-01  1.5126885600e-01
    1.7630000000e+01  5.0690863800e-01  5.4259475300e-01  5.2180941500e-01  1.5615107600e-01  1.6893121600e-01  1.5205409100e-01
    1.7640000000e+01  5.0836188900e-01  5.4417331800e-01  5.2321770700e-01  1.5657518600e-01  1.6979942900e-01  1.5284565900e-01
    1.7650000000e+01  5.0979892100e-01  5.4574364000e-01  5.2459896200e-01  1.5698810400e-01  1.7066139800e-01  1.5364044800e-01
    1.7660000000e+01  5.1122133300e-01  5.4730732900e-01  5.2595161600e-01  1.5738794300e-01  1.7151629000e-01  1.5443481400e-01
    1.7670000000e+01  5.1263073800e-01  5.4886615700e-01  5.2727480300e-01  1.5777305300e-01  1.7236364700e-01  1.5522472900e-01
    1.7680000000e+01  5.1402865600e-01  5.5042190900e-01  5.2856839900e-01  1.5814191700e-01  1.7320332700e-01  1.5600590100e-01
    1.7690000000e+01  5.1541646700e-01  5.5197630500e-01  5.2983306400e-01  1.5849299600e-01  1.7403539100e-01  1.5677388400e-01
    1.7700000000e+01  5.1679546400e-01  5.5353100700e-01  5.3107029000e-01  1.5882452700e-01  1.7485997700e-01  1.5752418700e-01
    1.7710000000e+01  5.1816700900e-01  5.5508772000e-01  5.3228245000e-01  1.5913436100e-01  1.7567720500e-01  1.5825240100e-01
    1.7720000000e+01  5.1953279900e-01  5.5664834300e-01  5.3347285500e-01  1.5941986700e-01  1.7648717600e-01  1.5895435900e-01
    1.7730000000e+01  5.2089517400e-01  5.5821510800e-01  5.3464577800e-01  1.5967798000e-01  1.7729006500e-01  1.5962634300e-01
    1.7740000000e+01  5.2225742500e-01  5.5979067100e-01  5.3580642700e-01  1.5990538000e-01  1.7808629800e-01  1.6026533400e-01
    1.7750000000e+01  5.2362401600e-01  5.6137810100e-01  5.3696083700e-01  1.6009882700e-01  1.7887677800e-01  1.6086927200e-01
    1.7760000000e+01  5.2500066600e-01  5.6298076700e-01  5.3811567300e-01  1.6025558100e-01  1.7966309900e-01  1.6143730900e-01
    1.7770000000e+01  5.2639426700e-01  5.6460213900e-01  5.3927794400e-01  1.6037384900e-01  1.8044770700e-01  1.6197000300e-01
    1.7780000000e+01  5.2781263200e-01  5.6624553300e-01  5.4045466200e-01  1.6045318700e-01  1.8123397100e-01  1.6246942900e-01
    1.7790000000e+01  5.2926411400e-01  5.6791386300e-01  5.4165246800e-01  1.6049479300e-01  1.8202616200e-01  1.6293918500e-01
    1.7800000000e+01  5.3075715200e-01  5.6960941700e-01  5.4287727000e-01  1.6050165600e-01  1.8282936300e-01  1.6338429400e-01
    1.7810000000e+01  5.3229980400e-01  5.7133368800e-01  5.4413392300e-01  1.6047855300e-01  1.8364932600e-01  1.6381102000e-01
    1.7820000000e+01  5.3389931800e-01  5.7308725800e-01  5.4542597600e-01  1.6043191300e-01  1.8449232800e-01  1.6422660800e-01
    1.7830000000e+01  5.3556177700e-01  5.7486970400e-01  5.4675547900e-01  1.6036957700e-01  1.8536502400e-01  1.6463898700e-01
    1.7840000000e+01  5.3729183400e-01  5.7667951300e-01  5.4812287100e-01  1.6030049300e-01  1.8627431600e-01  1.6505644700e-01
    1.7850000000e+01  5.3909253700e-01  5.7851399100e-01  5.4952692900e-01  1.6023437600e-01  1.8722719400e-01  1.6548729500e-01
    1.7860000000e+01  5.4096525000e-01  5.8036917300e-01  5.5096479100e-01  1.6018135300e-01  1.8823054000e-01  1.6593951200e-01
    1.7870000000e+01  5.4290964400e-01  5.8223976600e-01  5.5243205700e-01  1.6015163000e-01  1.8929088300e-01  1.6642042000e-01
    1.7880000000e+01  5.4492376200e-01  5.8411916500e-01  5.5392296000e-01  1.6015517100e-01  1.9041410600e-01  1.6693636900e-01
    1.7890000000e+01  5.4700414600e-01  5.8599954700e-01  5.5543061100e-01  1.6020141700e-01  1.9160515600e-01  1.6749248500e-01
    1.7900000000e+01  5.4914601000e-01  5.8787207000e-01  5.5694729500e-01  1.6029906100e-01  1.9286777300e-01  1.6809248100e-01
    1.7910000000e+01  5.5134343400e-01  5.8972712200e-01  5.5846480300e-01  1.6045586400e-01  1.9420430900e-01  1.6873855400e-01
    1.7920000000e+01  5.5358959000e-01  5.9155459900e-01  5.5997475300e-01  1.6067854200e-01  1.9561562200e-01  1.6943138000e-01
    1.7930000000e+01  5.5587694000e-01  5.9334416700e-01  5.6146888900e-01  1.6097270000e-01  1.9710104800e-01  1.7017018000e-01
    1.7940000000e+01  5.5819744000e-01  5.9508547100e-01  5.6293932200e-01  1.6134280500e-01  1.9865841700e-01  1.7095285200e-01
    1.7950000000e+01  5.6054269900e-01  5.9676832300e-01  5.6437870300e-01  1.6179219300e-01  2.0028408000e-01  1.7177613200e-01
    1.7960000000e+01  5.6290412300e-01  5.9838284900e-01  5.6578033600e-01  1.6232308900e-01  2.0197292100e-01  1.7263576600e-01
    1.7970000000e+01  5.6527303900e-01  5.9991965600e-01  5.6713823900e-01  1.6293662800e-01  2.0371835200e-01  1.7352665400e-01
    1.7980000000e+01  5.6764080100e-01  6.0137002400e-01  5.6844717200e-01  1.6363287900e-01  2.0551230300e-01  1.7444296300e-01
    1.7990000000e+01  5.6999889800e-01  6.0272613700e-01  5.6970266300e-01  1.6441086100e-01  2.0734523300e-01  1.7537820700e-01
    1.8000000000e+01  5.7233905700e-01  6.0398134300e-01  5.7090104100e-01  1.6526855800e-01  2.0920617400e-01  1.7632529700e-01
    1.8010000000e+01  5.7465335600e-01  6.0513043600e-01  5.7203950800e-01  1.6620293600e-01  2.1108283500e-01  1.7727658500e-01
    1.8020000000e+01  5.7693434600e-01  6.0616994900e-01  5.7311622200e-01  1.6720996200e-01  2.1296175800e-01  1.7822391100e-01
    1.8030000000e+01  5.7917519600e-01  6.0709843700e-01  5.7413041800e-01  1.6828463700e-01  2.1482855300e-01  1.7915867700e-01
    1.8040000000e+01  5.8136983800e-01  6.0791675300e-01  5.7508254000e-01  1.6942104700e-01  2.1666819100e-01  1.8007196700e-01
    1.8050000000e+01  5.8351314300e-01  6.0862827600e-01  5.7597436800e-01  1.7061244900e-01  2.1846539400e-01  1.8095471400e-01
    1.8060000000e+01  5.8560108700e-01  6.0923909400e-01  5.7680911700e-01  1.7185139800e-01  2.2020510500e-01  1.8179792300e-01
    1.8070000000e+01  5.8763091400e-01  6.0975807300e-01  5.7759148900e-01  1.7312993100e-01  2.2187304300e-01  1.8259295300e-01
    1.8080000000e+01  5.8960125600e-01  6.1019679500e-01  5.7832764100e-01  1.7443980300e-01  2.2345630700e-01  1.8333182100e-01
    1.8090000000e+01  5.9151220100e-01  6.1056933200e-01  5.7902505900e-01  1.7577275200e-01  2.2494399100e-01  1.8400751400e-01
    1.8100000000e+01  5.9336529400e-01  6.1089185300e-01  5.7969234900e-01  1.7712079400e-01  2.2632774600e-01  1.8461424300e-01
    1.8110000000e+01  5.9516346900e-01  6.1118209600e-01  5.8033895900e-01  1.7847651100e-01  2.2760223600e-01  1.8514763300e-01
    1.8120000000e+01  5.9691092600e-01  6.1145873800e-01  5.8097488600e-01  1.7983330400e-01  2.2876546100e-01  1.8560481900e-01
    1.8130000000e+01  5.9861296600e-01  6.1174071000e-01  5.8161039300e-01  1.8118563600e-01  2.2981892800e-01  1.8598445700e-01
    1.8140000000e+01  6.0027578200e-01  6.1204650700e-01  5.8225577100e-01  1.8252923000e-01  2.3076767400e-01  1.8628669100e-01
    1.8150000000e+01  6.0190622300e-01  6.1239350400e-01  5.8292114700e-01  1.8386125300e-01  2.3162016900e-01  1.8651308200e-01
    1.8160000000e+01  6.0351150800e-01  6.1279728900e-01  5.8361632200e-01  1.8518046500e-01  2.3238808900e-01  1.8666654600e-01
    1.8170000000e+01  6.0509888700e-01  6.1327103500e-01  5.8435062700e-01  1.8648732100e-01  2.3308597000e-01  1.8675130500e-01
    1.8180000000e+01  6.0667525400e-01  6.1382491500e-01  5.8513277400e-01  1.8778400200e-01  2.3373072800e-01  1.8677284000e-01
    1.8190000000e+01  6.0824673400e-01  6.1446561200e-01  5.8597068500e-01  1.8907434100e-01  2.3434103400e-01  1.8673784200e-01
    1.8200000000e+01  6.0981826800e-01  6.1519595900e-01  5.8687129800e-01  1.9036363400e-01  2.3493657200e-01  1.8665414000e-01
    1.8210000000e+01  6.1139325500e-01  6.1601475400e-01  5.8784035500e-01  1.9165832500e-01  2.3553719300e-01  1.8653058200e-01
    1.8220000000e+01  6.1297328500e-01  6.1691678700e-01  5.8888220100e-01  1.9296559500e-01  2.3616204600e-01  1.8637686200e-01
    1.8230000000e+01  6.1455799300e-01  6.1789307600e-01  5.8999959100e-01  1.9429287800e-01  2.3682870600e-01  1.8620328400e-01
    1.8240000000e+01  6.1614505100e-01  6.1893129400e-01  5.9119355500e-01  1.9564735300e-01  2.3755240300e-01  1.8602046700e-01
    1.8250000000e+01  6.1773031000e-01  6.2001638800e-01  5.9246333000e-01  1.9703545400e-01  2.3834534700e-01  1.8583900400e-01
    1.8260000000e+01  6.1930806500e-01  6.2113132100e-01  5.9380637700e-01  1.9846244100e-01  2.3921623200e-01  1.8566910500e-01
    1.8270000000e+01  6.2087141700e-01  6.2225793000e-01  5.9521848200e-01  1.9993207300e-01  2.4016992500e-01  1.8552024000e-01
    1.8280000000e+01  6.2241270800e-01  6.2337782800e-01  5.9669394600e-01  2.0144638800e-01  2.4120737200e-01  1.8540082300e-01
    1.8290000000e+01  6.2392397900e-01  6.2447330700e-01  5.9822584000e-01  2.0300562100e-01  2.4232574400e-01  1.8531793800e-01
    1.8300000000e+01  6.2539741300e-01  6.2552816100e-01  5.9980632800e-01  2.0460824000e-01  2.4351880500e-01  1.8527714100e-01
    1.8310000000e+01  6.2682574000e-01  6.2652837000e-01  6.0142701000e-01  2.0625109100e-01  2.4477749900e-01  1.8528234900e-01
    1.8320000000e+01  6.2820257000e-01  6.2746258100e-01  6.0307928500e-01  2.0792963300e-01  2.4609067700e-01  1.8533581700e-01
    1.8330000000e+01  6.2952265200e-01  6.2832233800e-01  6.0475468900e-01  2.0963823300e-01  2.4744590900e-01  1.8543820400e-01
    1.8340000000e+01  6.3078203400e-01  6.2910207200e-01  6.0644518900e-01  2.1137050200e-01  2.4883029600e-01  1.8558872200e-01
    1.8350000000e+01  6.3197814500e-01  6.2979884900e-01  6.0814340300e-01  2.1311964700e-01  2.5023119000e-01  1.8578533500e-01
    1.8360000000e+01  6.3310977300e-01  6.3041193000e-01  6.0984275600e-01  2.1487883000e-01  2.5163677800e-01  1.8602498200e-01
    1.8370000000e+01  6.3417695800e-01  6.3094221000e-01  6.1153755000e-01  2.1664150700e-01  2.5303646500e-01  1.8630380600e-01
    1.8380000000e+01  6.3518078000e-01  6.3139157900e-01  6.1322297800e-01  2.1840172000e-01  2.5442103600e-01  1.8661735000e-01
    1.8390000000e+01  6.3612304800e-01  6.3176229000e-01  6.1489509200e-01  2.2015431500e-01  2.5578260000e-01  1.8696071500e-01
    1.8400000000e+01  6.3700593100e-01  6.3205639600e-01  6.1655075300e-01  2.2189502000e-01  2.5711428600e-01  1.8732866000e-01
    1.8410000000e+01  6.3783156600e-01  6.3227534000e-01  6.1818758300e-01  2.2362036900e-01  2.5840973900e-01  1.8771565100e-01
    1.8420000000e+01  6.3860173300e-01  6.3241976800e-01  6.1980395300e-01  2.2532744400e-01  2.5966244000e-01  1.8811586300e-01
    1.8430000000e+01  6.3931768400e-01  6.3248967200e-01  6.2139902400e-01  2.2701346600e-01  2.6086494800e-01  1.8852316400e-01
    1.8440000000e+01  6.3998019900e-01  6.3248489200e-01  6.2297286200e-01  2.2867533500e-01  2.6200818300e-01  1.8893109700e-01
    1.8450000000e+01  6.4058989000e-01  6.3240598000e-01  6.2452661500e-01  2.3030921100e-01  2.6308093900e-01  1.8933292500e-01
    1.8460000000e+01  6.4114772400e-01  6.3225532100e-01  6.2606274600e-01  2.3191027900e-01  2.6406977900e-01  1.8972176000e-01
    1.8470000000e+01  6.4165565800e-01  6.3203834700e-01  6.2758525100e-01  2.3347279400e-01  2.6495943500e-01  1.9009082800e-01
    1.8480000000e+01  6.4211725500e-01  6.3176459500e-01  6.2909982500e-01  2.3499045200e-01  2.6573375600e-01  1.9043386000e-01
    1.8490000000e+01  6.4253811500e-01  6.3144839300e-01  6.3061388300e-01  2.3645704600e-01  2.6637711300e-01  1.9074559300e-01
    1.8500000000e+01  6.4292600700e-01  6.3110896600e-01  6.3213640600e-01  2.3786733700e-01  2.6687608200e-01  1.9102231700e-01
    1.8510000000e+01  6.4329062200e-01  6.3076989900e-01  6.3367757800e-01  2.3921797700e-01  2.6722115400e-01  1.9126240000e-01
    1.8520000000e+01  6.4364292800e-01  6.3045797300e-01  6.3524824000e-01  2.4050832300e-01  2.6740820100e-01  1.9146670200e-01
    1.8530000000e+01  6.4399420800e-01  6.3020151000e-01  6.3685918700e-01  2.4174098900e-01  2.6743948000e-01  1.9163880500e-01
    1.8540000000e+01  6.4435488400e-01  6.3002846300e-01  6.3852039400e-01  2.4292200700e-01  2.6732402400e-01  1.9178502200e-01
    1.8550000000e+01  6.4473330000e-01  6.2996446600e-01  6.4024025000e-01  2.4406052900e-01  2.6707739200e-01  1.9191415700e-01
    1.8560000000e+01  6.4513465700e-01  6.3003107800e-01  6.4202487400e-01  2.4516808200e-01  2.6672081600e-01  1.9203702800e-01
    1.8570000000e+01  6.4556025000e-01  6.3024439600e-01  6.4387759900e-01  2.4625745500e-01  2.6627987700e-01  1.9216579200e-01
    1.8580000000e+01  6.4600714900e-01  6.3061413900e-01  6.4579867300e-01  2.4734136200e-01  2.6578286100e-01  1.9231313400e-01
    1.8590000000e+01  6.4646834700e-01  6.3114325500e-01  6.4778522200e-01  2.4843106200e-01  2.6525895400e-01  1.9249139600e-01
    1.8600000000e+01  6.4693338000e-01  6.3182805700e-01  6.4983146900e-01  2.4953510700e-01  2.6473645400e-01  1.9271173000e-01
    1.8610000000e+01  6.4738930800e-01  6.3265883600e-01  6.5192919400e-01  2.5065837800e-01  2.6424113300e-01  1.9298336300e-01
    1.8620000000e+01  6.4782192800e-01  6.3362087800e-01  6.5406838900e-01  2.5180148700e-01  2.6379487300e-01  1.9331303000e-01
    1.8630000000e+01  6.4821709700e-01  6.3469577400e-01  6.5623803100e-01  2.5296058300e-01  2.6341467100e-01  1.9370463900e-01
    1.8640000000e+01  6.4856202800e-01  6.3586290200e-01  6.5842691500e-01  2.5412756400e-01  2.6311205300e-01  1.9415917300e-01
    1.8650000000e+01  6.4884644600e-01  6.3710095900e-01  6.6062444200e-01  2.5529064300e-01  2.6289292600e-01  1.9467483700e-01
    1.8660000000e+01  6.4906352500e-01  6.3838942900e-01  6.6282132800e-01  2.5643523100e-01  2.6275782500e-01  1.9524742900e-01
    1.8670000000e+01  6.4921051200e-01  6.3970989500e-01  6.6501015000e-01  2.5754503400e-01  2.6270253900e-01  1.9587087000e-01
    1.8680000000e+01  6.4928900000e-01  6.4104709800e-01  6.6718570200e-01  2.5860328800e-01  2.6271904600e-01  1.9653787000e-01
    1.8690000000e+01  6.4930479800e-01  6.4238969100e-01  6.6934514100e-01  2.5959399400e-01  2.6279668200e-01  1.9724064000e-01
    1.8700000000e+01  6.4926743600e-01  6.4373059700e-01  6.7148790200e-01  2.6050303300e-01  2.6292346300e-01  1.9797160300e-01
    1.8710000000e+01  6.4918936500e-01  6.4506695200e-01  6.7361541000e-01  2.6131903000e-01  2.6308742700e-01  1.9872403600e-01
    1.8720000000e+01  6.4908496700e-01  6.4639963500e-01  6.7573060100e-01  2.6203388200e-01  2.6327785900e-01  1.9949256700e-01
    1.8730000000e+01  6.4896951600e-01  6.4773243000e-01  6.7783731500e-01  2.6264292400e-01  2.6348624800e-01  2.0027347700e-01
    1.8740000000e+01  6.4885823100e-01  6.4907096800e-01  6.7993963900e-01  2.6314477000e-01  2.6370686900e-01  2.0106477600e-01
    1.8750000000e+01  6.4876551000e-01  6.5042160000e-01  6.8204126900e-01  2.6354089400e-01  2.6393693500e-01  2.0186602200e-01
    1.8760000000e+01  6.4870440400e-01  6.5179038100e-01  6.8414501500e-01  2.6383509000e-01  2.6417633800e-01  2.0267793300e-01
    1.8770000000e+01  6.4868630700e-01  6.5318230400e-01  6.8625249000e-01  2.6403288600e-01  2.6442710500e-01  2.0350184400e-01
    1.8780000000e+01  6.4872082100e-01  6.5460085800e-01  6.8836405500e-01  2.6414099600e-01  2.6469268600e-01  2.0433910800e-01
    1.8790000000e+01  6.4881573400e-01  6.5604788500e-01  6.9047899500e-01  2.6416682100e-01  2.6497725500e-01  2.0519053600e-01
    1.8800000000e+01  6.4897707800e-01  6.5752369000e-01  6.9259589100e-01  2.6411799900e-01  2.6528509800e-01  2.0605598300e-01
    1.8810000000e+01  6.4920927100e-01  6.5902729100e-01  6.9471310300e-01  2.6400197400e-01  2.6562018000e-01  2.0693410700e-01
    1.8820000000e+01  6.4951533600e-01  6.6055673500e-01  6.9682928500e-01  2.6382558800e-01  2.6598585500e-01  2.0782233600e-01
    1.8830000000e+01  6.4989726700e-01  6.6210941600e-01  6.9894385600e-01  2.6359473200e-01  2.6638472000e-01  2.0871700300e-01
    1.8840000000e+01  6.5035650100e-01  6.6368235700e-01  7.0105739300e-01  2.6331409700e-01  2.6681856200e-01  2.0961363300e-01
    1.8850000000e+01  6.5089448300e-01  6.6527247000e-01  7.0317189500e-01  2.6298711700e-01  2.6728836900e-01  2.1050731100e-01
    1.8860000000e+01  6.5151324400e-01  6.6687677900e-01  7.0529093100e-01  2.6261611000e-01  2.6779438500e-01  2.1139311200e-01
    1.8870000000e+01  6.5221590300e-01  6.6849261000e-01  7.0741965800e-01  2.6220264300e-01  2.6833621500e-01  2.1226654400e-01
    1.8880000000e+01  6.5300700200e-01  6.7011776200e-01  7.0956471500e-01  2.6174806400e-01  2.6891296300e-01  2.1312396800e-01
    1.8890000000e+01  6.5389264600e-01  6.7175062700e-01  7.1173401900e-01  2.6125412100e-01  2.6952340800e-01  2.1396297400e-01
    1.8900000000e+01  6.5488042500e-01  6.7339027400e-01  7.1393647300e-01  2.6072360500e-01  2.7016621800e-01  2.1478267500e-01
    1.8910000000e+01  6.5597914100e-01  6.7503646000e-01  7.1618162800e-01  2.6016094500e-01  2.7084018400e-01  2.1558391600e-01
    1.8920000000e+01  6.5719835700e-01  6.7668959100e-01  7.1847932800e-01  2.5957270700e-01  2.7154446200e-01  2.1636939100e-01
    1.8930000000e+01  6.5854781100e-01  6.7835059400e-01  7.2083936100e-01  2.5896796200e-01  2.7227881100e-01  2.1714368500e-01
    1.8940000000e+01  6.6003672000e-01  6.8002072200e-01  7.2327113400e-01  2.5835848600e-01  2.7304381100e-01  2.1791326800e-01
    1.8950000000e+01  6.6167301300e-01  6.8170127400e-01  7.2578336300e-01  2.5775876900e-01  2.7384102500e-01  2.1868644700e-01
    1.8960000000e+01  6.6346256800e-01  6.8339324300e-01  7.2838376800e-01  2.5718579100e-01  2.7467308500e-01  2.1947329600e-01
    1.8970000000e+01  6.6540850700e-01  6.8509691300e-01  7.3107876000e-01  2.5665858300e-01  2.7554365600e-01  2.2028555400e-01
    1.8980000000e+01  6.6751062700e-01  6.8681145400e-01  7.3387311700e-01  2.5619759800e-01  2.7645727400e-01  2.2113648100e-01
    1.8990000000e+01  6.6976501900e-01  6.8853455100e-01  7.3676963100e-01  2.5582393700e-01  2.7741903000e-01  2.2204064700e-01
    1.9000000000e+01  6.7216389200e-01  6.9026213000e-01  7.3976877900e-01  2.5555851200e-01  2.7843412400e-01  2.2301361700e-01
    1.9010000000e+01  6.7469560600e-01  6.9198821400e-01  7.4286841700e-01  2.5542118600e-01  2.7950733300e-01  2.2407154700e-01
    1.9020000000e+01  6.7734488900e-01  6.9370494100e-01  7.4606355600e-01  2.5542995100e-01  2.8064241000e-01  2.2523065700e-01
    1.9030000000e+01  6.8009323000e-01  6.9540275800e-01  7.4934626200e-01  2.5560015400e-01  2.8184148500e-01  2.2650661700e-01
    1.9040000000e+01  6.8291943500e-01  6.9707079000e-01  7.5270572300e-01  2.5594381800e-01  2.8310449200e-01  2.2791387100e-01
    1.9050000000e+01  6.8580032900e-01  6.9869738600e-01  7.5612850600e-01  2.5646906800e-01  2.8442869100e-01  2.2946495900e-01
    1.9060000000e+01  6.8871161100e-01  7.0027083000e-01  7.5959903000e-01  2.5717971000e-01  2.8580831500e-01  2.3116990700e-01
    1.9070000000e+01  6.9162882200e-01  7.0178018000e-01  7.6310021100e-01  2.5807500000e-01  2.8723442900e-01  2.3303576300e-01
    1.9080000000e+01  6.9452839100e-01  7.0321618400e-01  7.6661424300e-01  2.5914967200e-01  2.8869502100e-01  2.3506634100e-01
    1.9090000000e+01  6.9738868900e-01  7.0457219500e-01  7.7012341800e-01  2.6039423100e-01  2.9017538700e-01  2.3726221600e-01
    1.9100000000e+01  7.0019099300e-01  7.0584498500e-01  7.7361089000e-01  2.6179556500e-01  2.9165879900e-01  2.3962097500e-01
    1.9110000000e+01  7.0292026800e-01  7.0703537400e-01  7.7706132300e-01  2.6333781300e-01  2.9312745000e-01  2.4213767000e-01
    1.9120000000e+01  7.0556566000e-01  7.0814855300e-01  7.8046132900e-01  2.6500347100e-01  2.9456361000e-01  2.4480543700e-01
    1.9130000000e+01  7.0812062600e-01  7.0919402800e-01  7.8379968600e-01  2.6677459900e-01  2.9595088000e-01  2.4761617300e-01
    1.9140000000e+01  7.1058266200e-01  7.1018516200e-01  7.8706733000e-01  2.6863400400e-01  2.9727541300e-01  2.5056122200e-01
    1.9150000000e+01  7.1295266400e-01  7.1113831100e-01  7.9025713400e-01  2.7056626400e-01  2.9852695900e-01  2.5363197700e-01
    1.9160000000e+01  7.1523400000e-01  7.1207165300e-01  7.9336352700e-01  2.7255843100e-01  2.9969956900e-01  2.5682034000e-01
    1.9170000000e+01  7.1743142800e-01  7.1300384200e-01  7.9638199500e-01  2.7460036300e-01  3.0079189200e-01  2.6011901900e-01
    1.9180000000e+01  7.1955002400e-01  7.1395263500e-01  7.9930854700e-01  2.7668463700e-01  3.0180699600e-01  2.6352160800e-01
    1.9190000000e+01  7.2159427000e-01  7.1493367700e-01  8.0213919000e-01  2.7880609800e-01  3.0275175500e-01  2.6702247300e-01
    1.9200000000e+01  7.2356741100e-01  7.1595958100e-01  8.0486950800e-01  2.8096113500e-01  3.0363587600e-01  2.7061644600e-01
    1.9210000000e+01  7.2547115100e-01  7.1703940000e-01  8.0749438000e-01  2.8314681600e-01  3.0447070300e-01  2.7429836600e-01
    1.9220000000e+01  7.2730570400e-01  7.1817854500e-01  8.1000791300e-01  2.8535999600e-01  3.0526795000e-01  2.7806254900e-01
    1.9230000000e+01  7.2907018300e-01  7.1937913900e-01  8.1240357300e-01  2.8759653200e-01  3.0603852100e-01  2.8190223400e-01
    1.9240000000e+01  7.3076326200e-01  7.2064073100e-01  8.1467454000e-01  2.8985070500e-01  3.0679157200e-01  2.8580910100e-01
    1.9250000000e+01  7.3238403500e-01  7.2196125500e-01  8.1681423500e-01  2.9211493900e-01  3.0753390100e-01  2.8977292100e-01
    1.9260000000e+01  7.3393295500e-01  7.2333809000e-01  8.1881697600e-01  2.9437986200e-01  3.0826974500e-01  2.9378139100e-01
    1.9270000000e+01  7.3541272900e-01  7.2476908200e-01  8.2067870900e-01  2.9663475700e-01  3.0900093800e-01  2.9782019100e-01
    1.9280000000e+01  7.3682903000e-01  7.2625338800e-01  8.2239772500e-01  2.9886834300e-01  3.0972740600e-01  3.0187330200e-01
    1.9290000000e+01  7.3819089200e-01  7.2779207200e-01  8.2397528400e-01  3.0106985600e-01  3.1044788600e-01  3.0592356400e-01
    1.9300000000e+01  7.3951067200e-01  7.2938840600e-01  8.2541605100e-01  3.0323026100e-01  3.1116075100e-01  3.0995345200e-01
    1.9310000000e+01  7.4080354200e-01  7.3104786500e-01  8.2672826600e-01  3.0534343500e-01  3.1186484800e-01  3.1394598400e-01
    1.9320000000e+01  7.4208653300e-01  7.3277788700e-01  8.2792360200e-01  3.0740711500e-01  3.1256023500e-01  3.1788565700e-01
    1.9330000000e+01  7.4337725400e-01  7.3458744100e-01  8.2901673600e-01  3.0942343800e-01  3.1324876900e-01  3.2175927400e-01
    1.9340000000e+01  7.4469249600e-01  7.3648649800e-01  8.3002471000e-01  3.1139896400e-01  3.1393451900e-01  3.2555657300e-01
    1.9350000000e+01  7.4604693000e-01  7.3848547400e-01  8.3096618500e-01  3.1334417200e-01  3.1462401300e-01  3.2927060500e-01
    1.9360000000e+01  7.4745211800e-01  7.4059466500e-01  8.3186069500e-01  3.1527254000e-01  3.1532637700e-01  3.3289787600e-01
    1.9370000000e+01  7.4891597300e-01  7.4282369900e-01  8.3272800400e-01  3.1719937900e-01  3.1605337000e-01  3.3643829800e-01
    1.9380000000e+01  7.5044268300e-01  7.4518096400e-01  8.3358757300e-01  3.1914062500e-01  3.1681935900e-01  3.3989506200e-01
    1.9390000000e+01  7.5203308100e-01  7.4767301400e-01  8.3445813900e-01  3.2111178900e-01  3.1764119800e-01  3.4327447900e-01
    1.9400000000e+01  7.5368530700e-01  7.5030394000e-01  8.3535734700e-01  3.2312720700e-01  3.1853797200e-01  3.4658586000e-01
    1.9410000000e+01  7.5539562800e-01  7.5307473700e-01  8.3630136700e-01  3.2519966900e-01  3.1953058400e-01  3.4984144000e-01
    1.9420000000e+01  7.5715921700e-01  7.5598274500e-01  8.3730442600e-01  3.2734042000e-01  3.2064112000e-01  3.5305629600e-01
    1.9430000000e+01  7.5897075700e-01  7.5902122300e-01  8.3837823200e-01  3.2955947900e-01  3.2189202800e-01  3.5624819700e-01
    1.9440000000e+01  7.6082475600e-01  7.6217916400e-01  8.3953130300e-01  3.3186613700e-01  3.2330512200e-01  3.5943728000e-01
    1.9450000000e+01  7.6271554600e-01  7.6544140800e-01  8.4076827400e-01  3.3426948400e-01  3.2490051600e-01  3.6264547200e-01
    1.9460000000e+01  7.6463699000e-01  7.6878910100e-01  8.4208932500e-01  3.3677881700e-01  3.2669558200e-01  3.6589561200e-01
    1.9470000000e+01  7.6658201900e-01  7.7220047700e-01  8.4348985500e-01  3.3940382500e-01  3.2870407100e-01  3.6921031400e-01
    1.9480000000e+01  7.6854209400e-01  7.7565189800e-01  8.4496056500e-01  3.4215449000e-01  3.3093552300e-01  3.7261066300e-01
    1.9490000000e+01  7.7050676100e-01  7.7911904200e-01  8.4648799000e-01  3.4504073800e-01  3.3339504600e-01  3.7611493300e-01
    1.9500000000e+01  7.7246336100e-01  7.8257807000e-01  8.4805551100e-01  3.4807188700e-01  3.3608350100e-01  3.7973750200e-01
    1.9510000000e+01  7.7439697900e-01  7.8600663000e-01  8.4964471300e-01  3.5125599900e-01  3.3899806300e-01  3.8348818800e-01
    1.9520000000e+01  7.7629063800e-01  7.8938455300e-01  8.5123693300e-01  3.5459923800e-01  3.4213305400e-01  3.8737210500e-01
    1.9530000000e+01  7.7812568600e-01  7.9269418900e-01  8.5281474900e-01  3.5810532800e-01  3.4548089600e-01  3.9139012500e-01
    1.9540000000e+01  7.7988232900e-01  7.9592035400e-01  8.5436317200e-01  3.6177516700e-01  3.4903302700e-01  3.9553985500e-01
    1.9550000000e+01  7.8154022100e-01  7.9904998900e-01  8.5587035100e-01  3.6560662300e-01  3.5278065000e-01  3.9981699200e-01
    1.9560000000e+01  7.8307902100e-01  8.0207161700e-01  8.5732765900e-01  3.6959448800e-01  3.5671521600e-01  4.0421679400e-01
    1.9570000000e+01  7.8447890700e-01  8.0497474300e-01  8.5872919500e-01  3.7373053900e-01  3.6082862100e-01  4.0873542000e-01
    1.9580000000e+01  7.8572101300e-01  8.0774929300e-01  8.6007080800e-01  3.7800363700e-01  3.6511314800e-01  4.1337089700e-01
    1.9590000000e+01  7.8678785000e-01  8.1038518500e-01  8.6134885800e-01  3.8239985500e-01  3.6956120000e-01  4.1812357000e-01
    1.9600000000e+01  7.8766374000e-01  8.1287207000e-01  8.6255895900e-01  3.8690260500e-01  3.7416489600e-01  4.2299600400e-01
    1.9610000000e+01  7.8833531500e-01  8.1519927700e-01  8.6369491900e-01  3.9149284000e-01  3.7891560500e-01  4.2799239200e-01
    1.9620000000e+01  7.8879206000e-01  8.1735595400e-01  8.6474803600e-01  3.9614937600e-01  3.8380348900e-01  4.3311763200e-01
    1.9630000000e+01  7.8902683900e-01  8.1933141000e-01  8.6570682200e-01  4.0084941400e-01  3.8881710100e-01  4.3837624300e-01
    1.9640000000e+01  7.8903632500e-01  8.2111561600e-01  8.6655715200e-01  4.0556927600e-01  3.9394313100e-01  4.4377130400e-01
    1.9650000000e+01  7.8882119300e-01  8.2269982700e-01  8.6728275700e-01  4.1028532800e-01  3.9916633700e-01  4.4930354900e-01
    1.9660000000e+01  7.8838600600e-01  8.2407724300e-01  8.6786596800e-01  4.1497498400e-01  4.0446972100e-01  4.5497071800e-01
    1.9670000000e+01  7.8773873300e-01  8.2524361900e-01  8.6828859100e-01  4.1961765900e-01  4.0983495500e-01  4.6076720700e-01
    1.9680000000e+01  7.8688995700e-01  8.2619772300e-01  8.6853280300e-01  4.2419549700e-01  4.1524303200e-01  4.6668400200e-01
    1.9690000000e+01  7.8585187000e-01  8.2694155400e-01  8.6858197900e-01  4.2869376600e-01  4.2067508700e-01  4.7270888200e-01
    1.9700000000e+01  7.8463723000e-01  8.2748027000e-01  8.6842139000e-01  4.3310084600e-01  4.2611326800e-01  4.7882682200e-01
    1.9710000000e+01  7.8325844600e-01  8.2782181200e-01  8.6803871900e-01  4.3740783500e-01  4.3154154900e-01  4.8502054500e-01
    1.9720000000e+01  7.8172693500e-01  8.2797627900e-01  8.6742438700e-01  4.4160788400e-01  4.3694638500e-01  4.9127114100e-01
    1.9730000000e+01  7.8005283200e-01  8.2795511400e-01  8.6657168300e-01  4.4569539600e-01  4.4231709600e-01  4.9755868500e-01
    1.9740000000e+01  7.7824503500e-01  8.2777024400e-01  8.6547675200e-01  4.4966525200e-01  4.4764595500e-01  5.0386280200e-01
    1.9750000000e+01  7.7631153300e-01  8.2743327600e-01  8.6413846700e-01  4.5351219700e-01  4.5292798500e-01  5.1016313900e-01
    1.9760000000e+01  7.7425991200e-01  8.2695486400e-01  8.6255826000e-01  4.5723043700e-01  4.5816051200e-01  5.1643974800e-01
    1.9770000000e+01  7.7209793000e-01  8.2634431500e-01  8.6073994600e-01  4.6081349100e-01  4.6334259800e-01  5.2267337900e-01
    1.9780000000e+01  7.6983408800e-01  8.2560944000e-01  8.5868956500e-01  4.6425427000e-01  4.6847444200e-01  5.2884575500e-01
    1.9790000000e+01  7.6747812900e-01  8.2475661500e-01  8.5641523500e-01  4.6754537300e-01  4.7355686800e-01  5.3493983200e-01
    1.9800000000e+01  7.6504140200e-01  8.2379097100e-01  8.5392699000e-01  4.7067955900e-01  4.7859095400e-01  5.4094011000e-01
    1.9810000000e+01  7.6253703500e-01  8.2271662400e-01  8.5123654100e-01  4.7365035200e-01  4.8357781800e-01  5.4683296300e-01
    1.9820000000e+01  7.5997986000e-01  8.2153687000e-01  8.4835692800e-01  4.7645272600e-01  4.8851853500e-01  5.5260697300e-01
    1.9830000000e+01  7.5738607400e-01  8.2025431000e-01  8.4530203900e-01  4.7908373500e-01  4.9341410600e-01  5.5825319600e-01
    1.9840000000e+01  7.5477264100e-01  8.1887089200e-01  8.4208603500e-01  4.8154301600e-01  4.9826545600e-01  5.6376528300e-01
    1.9850000000e+01  7.5215651300e-01  8.1738792100e-01  8.3872273100e-01  4.8383302100e-01  5.0307338200e-01  5.6913943600e-01
    1.9860000000e+01  7.4955380600e-01  8.1580605900e-01  8.3522502700e-01  4.8595893800e-01  5.0783846300e-01  5.7437419200e-01
    1.9870000000e+01  7.4697905200e-01  8.1412535400e-01  8.3160440600e-01  4.8792828500e-01  5.1256095300e-01  5.7947006900e-01
    1.9880000000e+01  7.4444468300e-01  8.1234530400e-01  8.2787054700e-01  4.8975024800e-01  5.1724067200e-01  5.8442911900e-01
    1.9890000000e+01  7.4196084400e-01  8.1046492200e-01  8.2403102000e-01  4.9143489100e-01  5.2187691400e-01  5.8925441700e-01
    1.9900000000e+01  7.3953553600e-01  8.0848279700e-01  8.2009108000e-01  4.9299239500e-01  5.2646837600e-01  5.9394947000e-01
    1.9910000000e+01  7.3717505900e-01  8.0639713200e-01  8.1605357900e-01  4.9443248800e-01  5.3101304800e-01  5.9851754100e-01
    1.9920000000e+01  7.3488459900e-01  8.0420578700e-01  8.1191905400e-01  4.9576417500e-01  5.3550804900e-01  6.0296090300e-01
    1.9930000000e+01  7.3266880900e-01  8.0190640500e-01  8.0768605100e-01  4.9699578300e-01  5.3994939800e-01  6.0728006700e-01
    1.9940000000e+01  7.3053221800e-01  7.9949664800e-01  8.0335170800e-01  4.9813527400e-01  5.4433174900e-01  6.1147308200e-01
    1.9950000000e+01  7.2847937500e-01  7.9697461400e-01  7.9891258600e-01  4.9919068900e-01  5.4864817700e-01  6.1553502100e-01
    1.9960000000e+01  7.2651470000e-01  7.9433939100e-01  7.9436567200e-01  5.0017056200e-01  5.5289010000e-01  6.1945772900e-01
    1.9970000000e+01  7.2464211100e-01  7.9159169800e-01  7.8970944400e-01  5.0108415900e-01  5.5704740900e-01  6.2322990900e-01
    1.9980000000e+01  7.2286457300e-01  7.8873451800e-01  7.8494488000e-01  5.0194144600e-01  5.6110886100e-01  6.2683751900e-01
    1.9990000000e+01  7.2118369500e-01  7.8577361200e-01  7.8007632000e-01  5.0275280400e-01  5.6506270800e-01  6.3026445200e-01
    2.0000000000e+01  7.1959953300e-01  7.8271782900e-01  7.7511211700e-01  5.0352853900e-01  5.6889753400e-01  6.3349342400e-01
