# Dielectric function: real and imaginary components
#        Energy (eV)          Re_eps_x          Re_eps_y          Re_eps_z          Im_eps_x          Im_eps_y          Im_eps_z
    0.0000000000e+00  7.8162954120e+00  8.0737983340e+00  7.2419603280e+00  0.0000000000e+00  0.0000000000e+00  0.0000000000e+00
    1.0000000000e-02  7.8163856810e+00  8.0739008430e+00  7.2420390040e+00  2.7638270000e-03  3.1491920000e-03  2.4119780000e-03
    2.0000000000e-02  7.8166565090e+00  8.0742083980e+00  7.2422750530e+00  5.5283870000e-03  6.2993530000e-03  4.8246330000e-03
    3.0000000000e-02  7.8171079650e+00  8.0747210880e+00  7.2426685360e+00  8.2944140000e-03  9.4514520000e-03  7.2386460000e-03
    4.0000000000e-02  7.8177401630e+00  8.0754390620e+00  7.2432195590e+00  1.1062642000e-02  1.2606460000e-02  9.6546940000e-03
    5.0000000000e-02  7.8185532630e+00  8.0763625270e+00  7.2439282670e+00  1.3833807000e-02  1.5765354000e-02  1.2073462000e-02
    6.0000000000e-02  7.8195474700e+00  8.0774917500e+00  7.2447948480e+00  1.6608650000e-02  1.8929111000e-02  1.4495632000e-02
    7.0000000000e-02  7.8207230360e+00  8.0788270590e+00  7.2458195330e+00  1.9387913000e-02  2.2098716000e-02  1.6921895000e-02
    8.0000000000e-02  7.8220802580e+00  8.0803688410e+00  7.2470025940e+00  2.2172342000e-02  2.5275159000e-02  1.9352941000e-02
    9.0000000000e-02  7.8236194800e+00  8.0821175430e+00  7.2483443460e+00  2.4962687000e-02  2.8459438000e-02  2.1789468000e-02
    1.0000000000e-01  7.8253410940e+00  8.0840736760e+00  7.2498451460e+00  2.7759707000e-02  3.1652560000e-02  2.4232180000e-02
    1.1000000000e-01  7.8272455370e+00  8.0862378090e+00  7.2515053970e+00  3.0564162000e-02  3.4855539000e-02  2.6681784000e-02
    1.2000000000e-01  7.8293332940e+00  8.0886105740e+00  7.2533255420e+00  3.3376821000e-02  3.8069403000e-02  2.9138998000e-02
    1.3000000000e-01  7.8316048980e+00  8.0911926680e+00  7.2553060690e+00  3.6198462000e-02  4.1295190000e-02  3.1604546000e-02
    1.4000000000e-01  7.8340609310e+00  8.0939848470e+00  7.2574475130e+00  3.9029867000e-02  4.4533952000e-02  3.4079159000e-02
    1.5000000000e-01  7.8367020220e+00  8.0969879350e+00  7.2597504500e+00  4.1871829000e-02  4.7786754000e-02  3.6563581000e-02
    1.6000000000e-01  7.8395288500e+00  8.1002028190e+00  7.2622155040e+00  4.4725153000e-02  5.1054679000e-02  3.9058564000e-02
    1.7000000000e-01  7.8425421450e+00  8.1036304510e+00  7.2648433440e+00  4.7590650000e-02  5.4338824000e-02  4.1564871000e-02
    1.8000000000e-01  7.8457426850e+00  8.1072718520e+00  7.2676346860e+00  5.0469145000e-02  5.7640305000e-02  4.4083278000e-02
    1.9000000000e-01  7.8491313010e+00  8.1111281070e+00  7.2705902920e+00  5.3361473000e-02  6.0960261000e-02  4.6614574000e-02
    2.0000000000e-01  7.8527088740e+00  8.1152003730e+00  7.2737109740e+00  5.6268485000e-02  6.4299847000e-02  4.9159560000e-02
    2.1000000000e-01  7.8564763380e+00  8.1194898740e+00  7.2769975910e+00  5.9191042000e-02  6.7660245000e-02  5.1719055000e-02
    2.2000000000e-01  7.8604346810e+00  8.1239979090e+00  7.2804510520e+00  6.2130022000e-02  7.1042659000e-02  5.4293892000e-02
    2.3000000000e-01  7.8645849450e+00  8.1287258440e+00  7.2840723180e+00  6.5086317000e-02  7.4448318000e-02  5.6884921000e-02
    2.4000000000e-01  7.8689282250e+00  8.1336751230e+00  7.2878623980e+00  6.8060838000e-02  7.7878482000e-02  5.9493010000e-02
    2.5000000000e-01  7.8734656740e+00  8.1388472640e+00  7.2918223570e+00  7.1054511000e-02  8.1334436000e-02  6.2119046000e-02
    2.6000000000e-01  7.8781985010e+00  8.1442438600e+00  7.2959533100e+00  7.4068282000e-02  8.4817499000e-02  6.4763938000e-02
    2.7000000000e-01  7.8831279730e+00  8.1498665830e+00  7.3002564280e+00  7.7103116000e-02  8.8329024000e-02  6.7428615000e-02
    2.8000000000e-01  7.8882554160e+00  8.1557171880e+00  7.3047329390e+00  8.0159999000e-02  9.1870397000e-02  7.0114031000e-02
    2.9000000000e-01  7.8935822150e+00  8.1617975070e+00  7.3093841240e+00  8.3239939000e-02  9.5443041000e-02  7.2821161000e-02
    3.0000000000e-01  7.8991098180e+00  8.1681094600e+00  7.3142113270e+00  8.6343967000e-02  9.9048422000e-02  7.5551008000e-02
    3.1000000000e-01  7.9048397350e+00  8.1746550500e+00  7.3192159460e+00  8.9473140000e-02  1.0268804500e-01  7.8304604000e-02
    3.2000000000e-01  7.9107735400e+00  8.1814363690e+00  7.3243994440e+00  9.2628538000e-02  1.0636346100e-01  8.1083007000e-02
    3.3000000000e-01  7.9169128720e+00  8.1884556000e+00  7.3297633450e+00  9.5811272000e-02  1.1007626700e-01  8.3887307000e-02
    3.4000000000e-01  7.9232594390e+00  8.1957150180e+00  7.3353092360e+00  9.9022477000e-02  1.1382811200e-01  8.6718627000e-02
    3.5000000000e-01  7.9298150140e+00  8.2032169920e+00  7.3410387700e+00  1.0226332300e-01  1.1762069600e-01  8.9578123000e-02
    3.6000000000e-01  7.9365814420e+00  8.2109639900e+00  7.3469536680e+00  1.0553500900e-01  1.2145577600e-01  9.2466989000e-02
    3.7000000000e-01  7.9435606410e+00  8.2189585800e+00  7.3530557200e+00  1.0883876900e-01  1.2533517000e-01  9.5386456000e-02
    3.8000000000e-01  7.9507546010e+00  8.2272034330e+00  7.3593467860e+00  1.1217587100e-01  1.2926075700e-01  9.8337796000e-02
    3.9000000000e-01  7.9581653880e+00  8.2357013270e+00  7.3658288000e+00  1.1554762200e-01  1.3323448300e-01  1.0132232500e-01
    4.0000000000e-01  7.9657951440e+00  8.2444551490e+00  7.3725037700e+00  1.1895536700e-01  1.3725836700e-01  1.0434140300e-01
    4.1000000000e-01  7.9736460950e+00  8.2534679000e+00  7.3793737830e+00  1.2240049300e-01  1.4133450000e-01  1.0739644100e-01
    4.2000000000e-01  7.9817205430e+00  8.2627426950e+00  7.3864410040e+00  1.2588443000e-01  1.4546505500e-01  1.1048889800e-01
    4.3000000000e-01  7.9900208790e+00  8.2722827710e+00  7.3937076820e+00  1.2940865400e-01  1.4965228900e-01  1.1362028800e-01
    4.4000000000e-01  7.9985495780e+00  8.2820914880e+00  7.4011761480e+00  1.3297469100e-01  1.5389854900e-01  1.1679218300e-01
    4.5000000000e-01  8.0073092030e+00  8.2921723350e+00  7.4088488230e+00  1.3658411500e-01  1.5820627500e-01  1.2000621600e-01
    4.6000000000e-01  8.0163024110e+00  8.3025289310e+00  7.4167282160e+00  1.4023855600e-01  1.6257801000e-01  1.2326408400e-01
    4.7000000000e-01  8.0255319520e+00  8.3131650330e+00  7.4248169300e+00  1.4393970000e-01  1.6701640600e-01  1.2656755200e-01
    4.8000000000e-01  8.0350006720e+00  8.3240845390e+00  7.4331176630e+00  1.4768929200e-01  1.7152422600e-01  1.2991845700e-01
    4.9000000000e-01  8.0447115200e+00  8.3352914920e+00  7.4416332150e+00  1.5148914200e-01  1.7610435600e-01  1.3331871500e-01
    5.0000000000e-01  8.0546675460e+00  8.3467900870e+00  7.4503664850e+00  1.5534112500e-01  1.8075981200e-01  1.3677032100e-01
    5.1000000000e-01  8.0648719070e+00  8.3585846750e+00  7.4593204800e+00  1.5924718600e-01  1.8549374600e-01  1.4027536000e-01
    5.2000000000e-01  8.0753278700e+00  8.3706797680e+00  7.4684983170e+00  1.6320934500e-01  1.9030945900e-01  1.4383600600e-01
    5.3000000000e-01  8.0860388150e+00  8.3830800460e+00  7.4779032250e+00  1.6722970000e-01  1.9521040700e-01  1.4745453500e-01
    5.4000000000e-01  8.0970082410e+00  8.3957903620e+00  7.4875385530e+00  1.7131043300e-01  2.0020021200e-01  1.5113332500e-01
    5.5000000000e-01  8.1082397650e+00  8.4088157470e+00  7.4974077690e+00  1.7545381100e-01  2.0528267700e-01  1.5487486700e-01
    5.6000000000e-01  8.1197371330e+00  8.4221614210e+00  7.5075144680e+00  1.7966219600e-01  2.1046179400e-01  1.5868176900e-01
    5.7000000000e-01  8.1315042170e+00  8.4358327940e+00  7.5178623760e+00  1.8393804800e-01  2.1574175900e-01  1.6255676900e-01
    5.8000000000e-01  8.1435450260e+00  8.4498354770e+00  7.5284553540e+00  1.8828393000e-01  2.2112698500e-01  1.6650273800e-01
    5.9000000000e-01  8.1558637040e+00  8.4641752870e+00  7.5392974000e+00  1.9270251700e-01  2.2662212000e-01  1.7052269300e-01
    6.0000000000e-01  8.1684645430e+00  8.4788582530e+00  7.5503926620e+00  1.9719659900e-01  2.3223206100e-01  1.7461980600e-01
    6.1000000000e-01  8.1813519800e+00  8.4938906290e+00  7.5617454340e+00  2.0176909000e-01  2.3796197700e-01  1.7879741400e-01
    6.2000000000e-01  8.1945306070e+00  8.5092788950e+00  7.5733601660e+00  2.0642303900e-01  2.4381732100e-01  1.8305903100e-01
    6.3000000000e-01  8.2080051750e+00  8.5250297690e+00  7.5852414710e+00  2.1116163000e-01  2.4980385800e-01  1.8740836400e-01
    6.4000000000e-01  8.2217806000e+00  8.5411502150e+00  7.5973941250e+00  2.1598820000e-01  2.5592768800e-01  1.9184932100e-01
    6.5000000000e-01  8.2358619700e+00  8.5576474490e+00  7.6098230790e+00  2.2090624300e-01  2.6219526900e-01  1.9638603100e-01
    6.6000000000e-01  8.2502545490e+00  8.5745289460e+00  7.6225334600e+00  2.2591942200e-01  2.6861344500e-01  2.0102286000e-01
    6.7000000000e-01  8.2649637840e+00  8.5918024530e+00  7.6355305790e+00  2.3103157800e-01  2.7518948000e-01  2.0576442600e-01
    6.8000000000e-01  8.2799953160e+00  8.6094759910e+00  7.6488199370e+00  2.3624674700e-01  2.8193108800e-01  2.1061562000e-01
    6.9000000000e-01  8.2953549780e+00  8.6275578650e+00  7.6624072310e+00  2.4156916600e-01  2.8884647100e-01  2.1558162900e-01
    7.0000000000e-01  8.3110488110e+00  8.6460566730e+00  7.6762983550e+00  2.4700329400e-01  2.9594435900e-01  2.2066795800e-01
    7.1000000000e-01  8.3270830660e+00  8.6649813070e+00  7.6904994140e+00  2.5255382200e-01  3.0323405300e-01  2.2588045300e-01
    7.2000000000e-01  8.3434642150e+00  8.6843409610e+00  7.7050167200e+00  2.5822569000e-01  3.1072547400e-01  2.3122533300e-01
    7.3000000000e-01  8.3601989560e+00  8.7041451380e+00  7.7198568030e+00  2.6402410800e-01  3.1842921800e-01  2.3670922000e-01
    7.4000000000e-01  8.3772942210e+00  8.7244036470e+00  7.7350264130e+00  2.6995457300e-01  3.2635661100e-01  2.4233917000e-01
    7.5000000000e-01  8.3947571870e+00  8.7451266050e+00  7.7505325200e+00  2.7602288800e-01  3.3451977100e-01  2.4812271000e-01
    7.6000000000e-01  8.4125952810e+00  8.7663244390e+00  7.7663823210e+00  2.8223518800e-01  3.4293168600e-01  2.5406788100e-01
    7.7000000000e-01  8.4308161880e+00  8.7880078720e+00  7.7825832360e+00  2.8859796500e-01  3.5160628600e-01  2.6018327900e-01
    7.8000000000e-01  8.4494278640e+00  8.8101879240e+00  7.7991429080e+00  2.9511809200e-01  3.6055852600e-01  2.6647810700e-01
    7.9000000000e-01  8.4684385360e+00  8.8328758880e+00  7.8160692010e+00  3.0180285300e-01  3.6980448700e-01  2.7296222500e-01
    8.0000000000e-01  8.4878567160e+00  8.8560833140e+00  7.8333701900e+00  3.0865997900e-01  3.7936147400e-01  2.7964621200e-01
    8.1000000000e-01  8.5076912080e+00  8.8798219790e+00  7.8510541520e+00  3.1569767800e-01  3.8924813100e-01  2.8654142600e-01
    8.2000000000e-01  8.5279511080e+00  8.9041038480e+00  7.8691295530e+00  3.2292467700e-01  3.9948456600e-01  2.9366007900e-01
    8.3000000000e-01  8.5486458200e+00  8.9289410270e+00  7.8876050240e+00  3.3035026100e-01  4.1009248700e-01  3.0101531200e-01
    8.4000000000e-01  8.5697850510e+00  8.9543456920e+00  7.9064893340e+00  3.3798432100e-01  4.2109535400e-01  3.0862128100e-01
    8.5000000000e-01  8.5913788200e+00  8.9803300180e+00  7.9257913580e+00  3.4583740400e-01  4.3251853900e-01  3.1649324500e-01
    8.6000000000e-01  8.6134374580e+00  9.0069060630e+00  7.9455200270e+00  3.5392076800e-01  4.4438950900e-01  3.2464767400e-01
    8.7000000000e-01  8.6359716080e+00  9.0340856500e+00  7.9656842690e+00  3.6224643900e-01  4.5673801200e-01  3.3310235100e-01
    8.8000000000e-01  8.6589922170e+00  9.0618802010e+00  7.9862929390e+00  3.7082728300e-01  4.6959628700e-01  3.4187649200e-01
    8.9000000000e-01  8.6825105330e+00  9.0903005410e+00  8.0073547230e+00  3.7967707000e-01  4.8299928600e-01  3.5099086800e-01
    9.0000000000e-01  8.7065380910e+00  9.1193566540e+00  8.0288780290e+00  3.8881055900e-01  4.9698490000e-01  3.6046794100e-01
    9.1000000000e-01  8.7310866920e+00  9.1490573890e+00  8.0508708430e+00  3.9824358000e-01  5.1159420000e-01  3.7033199800e-01
    9.2000000000e-01  8.7561683820e+00  9.1794100970e+00  8.0733405590e+00  4.0799312600e-01  5.2687168400e-01  3.8060929300e-01
    9.3000000000e-01  8.7817954170e+00  9.2104201990e+00  8.0962937750e+00  4.1807745800e-01  5.4286550600e-01  3.9132818700e-01
    9.4000000000e-01  8.8079802150e+00  9.2420906620e+00  8.1197360450e+00  4.2851620600e-01  5.5962770200e-01  4.0251928100e-01
    9.5000000000e-01  8.8347353050e+00  9.2744213830e+00  8.1436715810e+00  4.3933049100e-01  5.7721437400e-01  4.1421554000e-01
    9.6000000000e-01  8.8620732500e+00  9.3074084580e+00  8.1681029100e+00  4.5054304500e-01  5.9568583100e-01  4.2645238600e-01
    9.7000000000e-01  8.8900065610e+00  9.3410433340e+00  8.1930304670e+00  4.6217834500e-01  6.1510663700e-01  4.3926776000e-01
    9.8000000000e-01  8.9185475840e+00  9.3753118350e+00  8.2184521400e+00  4.7426274200e-01  6.3554555200e-01  4.5270213300e-01
    9.9000000000e-01  8.9477083660e+00  9.4101930700e+00  8.2443627480e+00  4.8682460500e-01  6.5707531400e-01  4.6679843900e-01
    1.0000000000e+00  8.9775004960e+00  9.4456582270e+00  8.2707534870e+00  4.9989445400e-01  6.7977220200e-01  4.8160191300e-01
    1.0100000000e+00  9.0079349060e+00  9.4816692930e+00  8.2976113330e+00  5.1350510200e-01  7.0371534300e-01  4.9715981500e-01
    1.0200000000e+00  9.0390216520e+00  9.5181777410e+00  8.3249184520e+00  5.2769177200e-01  7.2898569200e-01  5.1352099900e-01
    1.0300000000e+00  9.0707696450e+00  9.5551232720e+00  8.3526516450e+00  5.4249221100e-01  7.5566464000e-01  5.3073533500e-01
    1.0400000000e+00  9.1031863570e+00  9.5924327020e+00  8.3807818850e+00  5.5794677600e-01  7.8383221700e-01  5.4885295600e-01
    1.0500000000e+00  9.1362774860e+00  9.6300191360e+00  8.4092740010e+00  5.7409848600e-01  8.1356489100e-01  5.6792335600e-01
    1.0600000000e+00  9.1700465920e+00  9.6677815490e+00  8.4380865800e+00  5.9099303400e-01  8.4493300600e-01  5.8799438400e-01
    1.0700000000e+00  9.2044946990e+00  9.7056049180e+00  8.4671721290e+00  6.0867875200e-01  8.7799797000e-01  6.0911120000e-01
    1.0800000000e+00  9.2396198890e+00  9.7433609910e+00  8.4964775080e+00  6.2720651000e-01  9.1280934300e-01  6.3131529900e-01
    1.0900000000e+00  9.2754168790e+00  9.7809096990e+00  8.5259446110e+00  6.4662956100e-01  9.4940201600e-01  6.5464371600e-01
    1.1000000000e+00  9.3118766050e+00  9.8181011620e+00  8.5555111910e+00  6.6700331100e-01  9.8779366600e-01  6.7912850600e-01
    1.1100000000e+00  9.3489858150e+00  9.8547781290e+00  8.5851116880e+00  6.8838501900e-01  1.0279826040e+00  7.0479654800e-01
    1.1200000000e+00  9.3867266880e+00  9.8907786830e+00  8.6146778850e+00  7.1083342800e-01  1.0699460200e+00  7.3166961700e-01
    1.1300000000e+00  9.4250764950e+00  9.9259390940e+00  8.6441392880e+00  7.3440832700e-01  1.1136385150e+00  7.5976459700e-01
    1.1400000000e+00  9.4640073000e+00  9.9600968590e+00  8.6734231800e+00  7.5917003600e-01  1.1589907230e+00  7.8909362000e-01
    1.1500000000e+00  9.5034857320e+00  9.9930941600e+00  8.7024544550e+00  7.8517882500e-01  1.2059078940e+00  8.1966395300e-01
    1.1600000000e+00  9.5434728410e+00  1.0024782137e+01  8.7311554540e+00  8.1249426000e-01  1.2542685000e+00  8.5147749700e-01
    1.1700000000e+00  9.5839240590e+00  1.0055026407e+01  8.7594460350e+00  8.4117448900e-01  1.3039232630e+00  8.8452996600e-01
    1.1800000000e+00  9.6247893140e+00  1.0083714026e+01  8.7872440740e+00  8.7127547600e-01  1.3546953290e+00  9.1880990400e-01
    1.1900000000e+00  9.6660133220e+00  1.0110761695e+01  8.8144664430e+00  9.0285021700e-01  1.4063825800e+00  9.5429782000e-01
    1.2000000000e+00  9.7075361000e+00  1.0136124417e+01  8.8410303660e+00  9.3594799700e-01  1.4587629940e+00  9.9096568500e-01
    1.2100000000e+00  9.7492937330e+00  1.0159803246e+01  8.8668548920e+00  9.7061375900e-01  1.5116036270e+00  1.0287769590e+00
    1.2200000000e+00  9.7912193810e+00  1.0181850445e+01  8.8918622320e+00  1.0068877330e+00  1.5646731110e+00  1.0676871260e+00
    1.2300000000e+00  9.8332444460e+00  1.0202370350e+01  8.9159786960e+00  1.0448054320e+00  1.6177567040e+00  1.1076446120e+00
    1.2400000000e+00  9.8752997560e+00  1.0221514739e+01  8.9391350980e+00  1.0843981640e+00  1.6706721010e+00  1.1485918160e+00
    1.2500000000e+00  9.9173165160e+00  1.0239472316e+01  8.9612666280e+00  1.1256940780e+00  1.7232836650e+00  1.1904659570e+00
    1.2600000000e+00  9.9592267640e+00  1.0256453050e+01  8.9823123570e+00  1.1687196850e+00  1.7755126300e+00  1.2331994470e+00
    1.2700000000e+00  1.0000963095e+01  1.0272669193e+01  9.0022146870e+00  1.2135016410e+00  1.8273412240e+00  1.2767195860e+00
    1.2800000000e+00  1.0042457529e+01  1.0288315601e+01  9.0209191650e+00  1.2600684420e+00  1.8788096190e+00  1.3209475990e+00
    1.2900000000e+00  1.0083639548e+01  1.0303552336e+01  9.0383750750e+00  1.3084516840e+00  1.9300058190e+00  1.3657972230e+00
    1.3000000000e+00  1.0124433518e+01  1.0318492198e+01  9.0545370450e+00  1.3586865240e+00  1.9810499230e+00  1.4111733510e+00
    1.3100000000e+00  1.0164755813e+01  1.0333194995e+01  9.0693676030e+00  1.4108111310e+00  2.0320751330e+00  1.4569712710e+00
    1.3200000000e+00  1.0204512044e+01  1.0347669171e+01  9.0828403180e+00  1.4648650290e+00  2.0832084050e+00  1.5030769860e+00
    1.3300000000e+00  1.0243594808e+01  1.0361880219e+01  9.0949429560e+00  1.5208864130e+00  2.1345534850e+00  1.5493687680e+00
    1.3400000000e+00  1.0281882302e+01  1.0375764400e+01  9.1056801590e+00  1.5789086700e+00  2.1861785670e+00  1.5957198380e+00
    1.3500000000e+00  1.0319238069e+01  1.0389245654e+01  9.1150752920e+00  1.6389564480e+00  2.2381100310e+00  1.6420018410e+00
    1.3600000000e+00  1.0355511963e+01  1.0402253342e+01  9.1231713940e+00  1.7010417470e+00  2.2903329610e+00  1.6880888230e+00
    1.3700000000e+00  1.0390542229e+01  1.0414738324e+01  9.1300311910e+00  1.7651604720e+00  2.3427982800e+00  1.7338615190e+00
    1.3800000000e+00  1.0424158356e+01  1.0426685001e+01  9.1357360680e+00  1.8312898570e+00  2.3954355530e+00  1.7792119000e+00
    1.3900000000e+00  1.0456184231e+01  1.0438117349e+01  9.1403837030e+00  1.8993869230e+00  2.4481695660e+00  1.8240478050e+00
    1.4000000000e+00  1.0486441037e+01  1.0449097790e+01  9.1440840180e+00  1.9693878700e+00  2.5009380750e+00  1.8682971840e+00
    1.4100000000e+00  1.0514749490e+01  1.0459718905e+01  9.1469533390e+00  2.0412079830e+00  2.5537076980e+00  1.9119111180e+00
    1.4200000000e+00  1.0540931324e+01  1.0470089320e+01  9.1491071960e+00  2.1147414500e+00  2.6064851710e+00  1.9548645950e+00
    1.4300000000e+00  1.0564810303e+01  1.0480316187e+01  9.1506528590e+00  2.1898604680e+00  2.6593219760e+00  1.9971542510e+00
    1.4400000000e+00  1.0586213421e+01  1.0490487268e+01  9.1516831830e+00  2.2664132960e+00  2.7123116390e+00  2.0387929540e+00
    1.4500000000e+00  1.0604973108e+01  1.0500655559e+01  9.1522733230e+00  2.3442212960e+00  2.7655803010e+00  2.0798020450e+00
    1.4600000000e+00  1.0620931165e+01  1.0510828739e+01  9.1524812950e+00  2.4230754900e+00  2.8192722970e+00  2.1202028430e+00
    1.4700000000e+00  1.0633944849e+01  1.0520964747e+01  9.1523523800e+00  2.5027334860e+00  2.8735330660e+00  2.1600094110e+00
    1.4800000000e+00  1.0643895104e+01  1.0530973737e+01  9.1519263100e+00  2.5829177910e+00  2.9284919000e+00  2.1992243250e+00
    1.4900000000e+00  1.0650696545e+01  1.0540725771e+01  9.1512454080e+00  2.6633164610e+00  2.9842467150e+00  2.2378383660e+00
    1.5000000000e+00  1.0654308426e+01  1.0550062971e+01  9.1503617020e+00  2.7435869330e+00  3.0408525370e+00  2.2758339910e+00
    1.5100000000e+00  1.0654745522e+01  1.0558814477e+01  9.1493414500e+00  2.8233636170e+00  3.0983147670e+00  2.3131914840e+00
    1.5200000000e+00  1.0652087565e+01  1.0566812463e+01  9.1482663810e+00  2.9022695040e+00  3.1565876420e+00  2.3498961330e+00
    1.5300000000e+00  1.0646485646e+01  1.0573907512e+01  9.1472319050e+00  2.9799315010e+00  3.2155777750e+00  2.3859448420e+00
    1.5400000000e+00  1.0638164055e+01  1.0579981833e+01  9.1463432240e+00  3.0559985530e+00  3.2751521480e+00  2.4213510900e+00
    1.5500000000e+00  1.0627416368e+01  1.0584959148e+01  9.1457104960e+00  3.1301608880e+00  3.3351495480e+00  2.4561479470e+00
    1.5600000000e+00  1.0614595324e+01  1.0588810439e+01  9.1454439820e+00  3.2021682320e+00  3.3953941460e+00  2.4903894410e+00
    1.5700000000e+00  1.0600096975e+01  1.0591555250e+01  9.1456495220e+00  3.2718446970e+00  3.4557097670e+00  2.5241509450e+00
    1.5800000000e+00  1.0584340465e+01  1.0593258710e+01  9.1464241870e+00  3.3390983950e+00  3.5159334470e+00  2.5575290760e+00
    1.5900000000e+00  1.0567745481e+01  1.0594024877e+01  9.1478516430e+00  3.4039244430e+00  3.5759270250e+00  2.5906412060e+00
    1.6000000000e+00  1.0550709762e+01  1.0593987348e+01  9.1499968530e+00  3.4664008980e+00  3.6355858830e+00  2.6236241830e+00
    1.6100000000e+00  1.0533589025e+01  1.0593298225e+01  9.1529001680e+00  3.5266780260e+00  3.6948442900e+00  2.6566314990e+00
    1.6200000000e+00  1.0516681382e+01  1.0592116593e+01  9.1565714460e+00  3.5849620900e+00  3.7536772460e+00  2.6898281990e+00
    1.6300000000e+00  1.0500217808e+01  1.0590597511e+01  9.1609853430e+00  3.6414954920e+00  3.8120990370e+00  2.7233832180e+00
    1.6400000000e+00  1.0484359442e+01  1.0588882360e+01  9.1660790900e+00  3.6965355000e+00  3.8701589750e+00  2.7574595340e+00
    1.6500000000e+00  1.0469201704e+01  1.0587091138e+01  9.1717538170e+00  3.7503339600e+00  3.9279349270e+00  2.7922032550e+00
    1.6600000000e+00  1.0454784373e+01  1.0585317127e+01  9.1778798300e+00  3.8031201410e+00  3.9855253100e+00  2.8277332510e+00
    1.6700000000e+00  1.0441106072e+01  1.0583624160e+01  9.1843054060e+00  3.8550884310e+00  4.0430402660e+00  2.8641329760e+00
    1.6800000000e+00  1.0428141222e+01  1.0582046601e+01  9.1908679290e+00  3.9063918810e+00  4.1005927700e+00  2.9014458010e+00
    1.6900000000e+00  1.0415857354e+01  1.0580591915e+01  9.1974057300e+00  3.9571418900e+00  4.1582904760e+00  2.9396744300e+00
    1.7000000000e+00  1.0404230784e+01  1.0579245453e+01  9.2037689680e+00  4.0074136530e+00  4.2162291310e+00  2.9787841870e+00
    1.7100000000e+00  1.0393258898e+01  1.0577976710e+01  9.2098282020e+00  4.0572563710e+00  4.2744881670e+00  3.0187092590e+00
    1.7200000000e+00  1.0382967721e+01  1.0576746100e+01  9.2154799630e+00  4.1067067710e+00  4.3331287870e+00  3.0593605440e+00
    1.7300000000e+00  1.0373413997e+01  1.0575511241e+01  9.2206492970e+00  4.1558040850e+00  4.3921942990e+00  3.1006336770e+00
    1.7400000000e+00  1.0364681648e+01  1.0574232039e+01  9.2252899650e+00  4.2046044590e+00  4.4517120490e+00  3.1424160570e+00
    1.7500000000e+00  1.0356873298e+01  1.0572874391e+01  9.2293833780e+00  4.2531928360e+00  4.5116960840e+00  3.1845922800e+00
    1.7600000000e+00  1.0350098186e+01  1.0571412787e+01  9.2329374420e+00  4.3016907570e+00  4.5721498720e+00  3.2270480740e+00
    1.7700000000e+00  1.0344458313e+01  1.0569832381e+01  9.2359861690e+00  4.3502591520e+00  4.6330688120e+00  3.2696735070e+00
    1.7800000000e+00  1.0340034814e+01  1.0568130961e+01  9.2385902080e+00  4.3990960380e+00  4.6944427100e+00  3.3123665960e+00
    1.7900000000e+00  1.0336876356e+01  1.0566320934e+01  9.2408376910e+00  4.4484297890e+00  4.7562586180e+00  3.3550383540e+00
    1.8000000000e+00  1.0334990824e+01  1.0564431115e+01  9.2428441540e+00  4.4985092560e+00  4.8185042880e+00  3.3976197480e+00
    1.8100000000e+00  1.0334340956e+01  1.0562507999e+01  9.2447501050e+00  4.5495922620e+00  4.8811722950e+00  3.4400701670e+00
    1.8200000000e+00  1.0334843876e+01  1.0560616343e+01  9.2467152200e+00  4.6019340000e+00  4.9442646200e+00  3.4823861540e+00
    1.8300000000e+00  1.0336374043e+01  1.0558839092e+01  9.2489089570e+00  4.6557765840e+00  5.0077975840e+00  3.5246086920e+00
    1.8400000000e+00  1.0338768782e+01  1.0557276764e+01  9.2514983080e+00  4.7113406560e+00  5.0718072360e+00  3.5668273720e+00
    1.8500000000e+00  1.0341835420e+01  1.0556046154e+01  9.2546342140e+00  4.7688196180e+00  5.1363555860e+00  3.6091803750e+00
    1.8600000000e+00  1.0345358974e+01  1.0555277745e+01  9.2584384300e+00  4.8283766980e+00  5.2015380780e+00  3.6518500470e+00
    1.8700000000e+00  1.0349109249e+01  1.0555110687e+01  9.2629924890e+00  4.8901447200e+00  5.2674923050e+00  3.6950547060e+00
    1.8800000000e+00  1.0352846347e+01  1.0555683989e+01  9.2683297960e+00  4.9542279610e+00  5.3344071410e+00  3.7390379260e+00
    1.8900000000e+00  1.0356323827e+01  1.0557122978e+01  9.2744312220e+00  5.0207050120e+00  5.4025304500e+00  3.7840567010e+00
    1.9000000000e+00  1.0359289459e+01  1.0559521119e+01  9.2812238750e+00  5.0896312400e+00  5.4721728590e+00  3.8303697240e+00
    1.9100000000e+00  1.0361484235e+01  1.0562918814e+01  9.2885823830e+00  5.1610394930e+00  5.5437050800e+00  3.8782265730e+00
    1.9200000000e+00  1.0362641091e+01  1.0567282123e+01  9.2963319420e+00  5.2349382650e+00  5.6175472290e+00  3.9278580760e+00
    1.9300000000e+00  1.0362485027e+01  1.0572485022e+01  9.3042526100e+00  5.3113074470e+00  5.6941503000e+00  3.9794678200e+00
    1.9400000000e+00  1.0360736070e+01  1.0578298375e+01  9.3120846060e+00  5.3900927770e+00  5.7739717120e+00  4.0332246260e+00
    1.9500000000e+00  1.0357115688e+01  1.0584387437e+01  9.3195346040e+00  5.4712007510e+00  5.8574481750e+00  4.0892559500e+00
    1.9600000000e+00  1.0351356283e+01  1.0590318036e+01  9.3262830410e+00  5.5544958870e+00  5.9449694210e+00  4.1476423580e+00
    1.9700000000e+00  1.0343212469e+01  1.0595569996e+01  9.3319922960e+00  5.6398018360e+00  6.0368557890e+00  4.2084133960e+00
    1.9800000000e+00  1.0332472257e+01  1.0599555526e+01  9.3363153620e+00  5.7269071040e+00  6.1333415490e+00  4.2715450660e+00
    1.9900000000e+00  1.0318966021e+01  1.0601640055e+01  9.3389044850e+00  5.8155752300e+00  6.2345646590e+00  4.3369589520e+00
    2.0000000000e+00  1.0302571308e+01  1.0601163285e+01  9.3394193100e+00  5.9055583220e+00  6.3405627010e+00  4.4045226430e+00
    2.0100000000e+00  1.0283212115e+01  1.0597458718e+01  9.3375343990e+00  5.9966120060e+00  6.4512741700e+00  4.4740509300e+00
    2.0200000000e+00  1.0260852174e+01  1.0589870409e+01  9.3329463820e+00  6.0885092630e+00  6.5665439590e+00  4.5453072800e+00
    2.0300000000e+00  1.0235483040e+01  1.0577766124e+01  9.3253813720e+00  6.1810504850e+00  6.6861317070e+00  4.6180054450e+00
    2.0400000000e+00  1.0207109016e+01  1.0560546498e+01  9.3146032630e+00  6.2740675880e+00  6.8097215850e+00  4.6918116250e+00
    2.0500000000e+00  1.0175731920e+01  1.0537650233e+01  9.3004231780e+00  6.3674211780e+00  6.9369319790e+00  4.7663480840e+00
    2.0600000000e+00  1.0141338931e+01  1.0508555895e+01  9.2827096690e+00  6.4609913520e+00  7.0673236200e+00  4.8411993190e+00
    2.0700000000e+00  1.0103896132e+01  1.0472781485e+01  9.2613985500e+00  6.5546642370e+00  7.2004049470e+00  4.9159215630e+00
    2.0800000000e+00  1.0063349022e+01  1.0429883371e+01  9.2365008610e+00  6.6483174820e+00  7.3356340530e+00  4.9900557680e+00
    2.0900000000e+00  1.0019629486e+01  1.0379456393e+01  9.2081074580e+00  6.7418080150e+00  7.4724173300e+00  5.0631433840e+00
    2.1000000000e+00  9.9726671940e+00  1.0321136769e+01  9.1763892240e+00  6.8349646860e+00  7.6101057060e+00  5.1347435900e+00
    2.1100000000e+00  9.9224024760e+00  1.0254608872e+01  9.1415925930e+00  6.9275869280e+00  7.7479900340e+00  5.2044503720e+00
    2.1200000000e+00  9.8687977520e+00  1.0179616216e+01  9.1040307250e+00  7.0194490080e+00  7.8852974890e+00  5.2719079700e+00
    2.1300000000e+00  9.8118453500e+00  1.0095976211e+01  9.0640711400e+00  7.1103081050e+00  8.0211907970e+00  5.3368235290e+00
    2.1400000000e+00  9.7515708460e+00  1.0003597607e+01  9.0221207600e+00  7.1999138640e+00  8.1547717940e+00  5.3989762040e+00
    2.1500000000e+00  9.6880322940e+00  9.9024991560e+00  8.9786094340e+00  7.2880171410e+00  8.2850903520e+00  5.4582221960e+00
    2.1600000000e+00  9.6213167240e+00  9.7928277570e+00  8.9339730750e+00  7.3743763270e+00  8.4111591940e+00  5.5144954850e+00
    2.1700000000e+00  9.5515357690e+00  9.6748742880e+00  8.8886377020e+00  7.4587606250e+00  8.5319746000e+00  5.5678042840e+00
    2.1800000000e+00  9.4788222120e+00  9.5490853210e+00  8.8430056620e+00  7.5409507190e+00  8.6465425300e+00  5.6182237190e+00
    2.1900000000e+00  9.4033287260e+00  9.4160690780e+00  8.7974451260e+00  7.6207381230e+00  8.7539092060e+00  5.6658857620e+00
    2.2000000000e+00  9.3252291140e+00  9.2765941510e+00  8.7522834640e+00  7.6979250460e+00  8.8531947480e+00  5.7109678260e+00
    2.2100000000e+00  9.2447212510e+00  9.1315798390e+00  8.7078044100e+00  7.7723265350e+00  8.9436280210e+00  5.7536815830e+00
    2.2200000000e+00  9.1620299300e+00  8.9820773560e+00  8.6642482720e+00  7.8437759590e+00  9.0245804100e+00  5.7942633470e+00
    2.2300000000e+00  9.0774073010e+00  8.8292417690e+00  8.6218139620e+00  7.9121337340e+00  9.0955958270e+00  5.8329668200e+00
    2.2400000000e+00  8.9911288740e+00  8.6742954430e+00  8.5806613980e+00  7.9772977360e+00  9.1564139580e+00  5.8700583380e+00
    2.2500000000e+00  8.9034841170e+00  8.5184848880e+00  8.5409130420e+00  8.0392127990e+00  9.2069838710e+00  5.9058140440e+00
    2.2600000000e+00  8.8147622820e+00  8.3630341250e+00  8.5026537830e+00  8.0978763460e+00  9.2474657200e+00  5.9405178460e+00
    2.2700000000e+00  8.7252356460e+00  8.2090985620e+00  8.4659291280e+00  8.1533378180e+00  9.2782195370e+00  5.9744587760e+00
    2.2800000000e+00  8.6351434090e+00  8.0577236670e+00  8.4307424500e+00  8.2056909790e+00  9.2997817310e+00  6.0079265410e+00
    2.2900000000e+00  8.5446795750e+00  7.9098121950e+00  8.3970526900e+00  8.2550599580e+00  9.3128315480e+00  6.0412046250e+00
    2.3000000000e+00  8.4539873030e+00  7.7661025210e+00  8.3647741010e+00  8.3015814040e+00  9.3181509360e+00  6.0745612240e+00
    2.3100000000e+00  8.3631607500e+00  7.6271591280e+00  8.3337793130e+00  8.3453860200e+00  9.3165818410e+00  6.1082391980e+00
    2.3200000000e+00  8.2722537490e+00  7.4933747760e+00  8.3039061590e+00  8.3865826950e+00  9.3089847250e+00  6.1424468070e+00
    2.3300000000e+00  8.1812933780e+00  7.3649827540e+00  8.2749677050e+00  8.4252476470e+00  9.2962014410e+00  6.1773510440e+00
    2.3400000000e+00  8.0902957970e+00  7.2420769420e+00  8.2467640150e+00  8.4614197150e+00  9.2790246280e+00  6.2130748560e+00
    2.3500000000e+00  7.9992818250e+00  7.1246372520e+00  8.2190937530e+00  8.4951017410e+00  9.2581748360e+00  6.2496985860e+00
    2.3600000000e+00  7.9082902440e+00  7.0125580990e+00  8.1917638660e+00  8.5262670480e+00  9.2342859250e+00  6.2872650060e+00
    2.3700000000e+00  7.8173875000e+00  6.9056777740e+00  8.1645961790e+00  8.5548696750e+00  9.2078987440e+00  6.3257865900e+00
    2.3800000000e+00  7.7266730570e+00  6.8038067220e+00  8.1374306060e+00  8.5808568440e+00  9.1794628290e+00  6.3652533640e+00
    2.3900000000e+00  7.6362800130e+00  6.7067527580e+00  8.1101255000e+00  8.6041821330e+00  9.1493455000e+00  6.4056398990e+00
    2.4000000000e+00  7.5463710530e+00  6.6143413120e+00  8.0825562120e+00  8.6248176900e+00  9.1178472810e+00  6.4469105800e+00
    2.4100000000e+00  7.4571303900e+00  6.5264289470e+00  8.0546130630e+00  8.6427638130e+00  9.0852219530e+00  6.4890230290e+00
    2.4200000000e+00  7.3687530810e+00  6.4429089230e+00  8.0261996360e+00  8.6580545050e+00  9.0516989230e+00  6.5319301420e+00
    2.4300000000e+00  7.2814337250e+00  6.3637083510e+00  7.9972317450e+00  8.6707583320e+00  9.0175050780e+00  6.5755815350e+00
    2.4400000000e+00  7.1953566710e+00  6.2887775780e+00  7.9676369380e+00  8.6809750140e+00  8.9828831610e+00  6.6199250700e+00
    2.4500000000e+00  7.1106893600e+00  6.2180735540e+00  7.9373540290e+00  8.6888291790e+00  8.9481039920e+00  6.6649087730e+00
    2.4600000000e+00  7.0275793630e+00  6.1515399480e+00  7.9063322040e+00  8.6944633040e+00  8.9134706640e+00  6.7104830920e+00
    2.4700000000e+00  6.9461545470e+00  6.0890873880e+00  7.8745294250e+00  8.6980316970e+00  8.8793140560e+00  6.7566031360e+00
    2.4800000000e+00  6.8665249830e+00  6.0305772880e+00  7.8419101410e+00  8.6996966280e+00  8.8459804180e+00  6.8032305300e+00
    2.4900000000e+00  6.7887850290e+00  5.9758120880e+00  7.8084425270e+00  8.6996266900e+00  8.8138131860e+00  6.8503346040e+00
    2.5000000000e+00  6.7130144830e+00  5.9245336450e+00  7.7740955250e+00  8.6979966670e+00  8.7831321690e+00  6.8978928600e+00
    2.5100000000e+00  6.6392784440e+00  5.8764299750e+00  7.7388358900e+00  8.6949878460e+00  8.7542136300e+00  6.9458907780e+00
    2.5200000000e+00  6.5676262190e+00  5.8311490900e+00  7.7026252940e+00  8.6907879700e+00  8.7272745000e+00  6.9943210790e+00
    2.5300000000e+00  6.4980898490e+00  5.7883175040e+00  7.6654174450e+00  8.6855905840e+00  8.7024630320e+00  7.0431824880e+00
    2.5400000000e+00  6.4306826520e+00  5.7475603420e+00  7.6271551740e+00  8.6795939940e+00  8.6798569550e+00  7.0924778510e+00
    2.5500000000e+00  6.3653976360e+00  5.7085199500e+00  7.5877675520e+00  8.6730001860e+00  8.6594687890e+00  7.1422114320e+00
    2.5600000000e+00  6.3022052970e+00  5.6708704900e+00  7.5471672900e+00  8.6660136480e+00  8.6412567730e+00  7.1923851210e+00
    2.5700000000e+00  6.2410503870e+00  5.6343269670e+00  7.5052488310e+00  8.6588394330e+00  8.6251390660e+00  7.2429934610e+00
    2.5800000000e+00  6.1818478410e+00  5.5986483820e+00  7.4618876290e+00  8.6516793570e+00  8.6110086060e+00  7.2940175340e+00
    2.5900000000e+00  6.1244789860e+00  5.5636357760e+00  7.4169411510e+00  8.6447253640e+00  8.5987463500e+00  7.3454179770e+00
    2.6000000000e+00  6.0687898090e+00  5.5291267470e+00  7.3702520370e+00  8.6381498750e+00  8.5882313290e+00  7.3971276110e+00
    2.6100000000e+00  6.0145931260e+00  5.4949883050e+00  7.3216537750e+00  8.6320941140e+00  8.5793469320e+00  7.4490443270e+00
    2.6200000000e+00  5.9616757810e+00  5.4611097890e+00  7.2709790020e+00  8.6266564500e+00  8.5719836510e+00  7.5010251320e+00
    2.6300000000e+00  5.9098107480e+00  5.4273970680e+00  7.2180702610e+00  8.6218832050e+00  8.5660391880e+00  7.5528823220e+00
    2.6400000000e+00  5.8587727630e+00  5.3937686200e+00  7.1627925740e+00  8.6177640600e+00  8.5614170560e+00  7.6043827970e+00
    2.6500000000e+00  5.8083552620e+00  5.3601534940e+00  7.1050467930e+00  8.6142332090e+00  8.5580247580e+00  7.6552513030e+00
    2.6600000000e+00  5.7583862400e+00  5.3264907300e+00  7.0447823060e+00  8.6111762300e+00  8.5557723260e+00  7.7051779540e+00
    2.6700000000e+00  5.7087410740e+00  5.2927296490e+00  6.9820075590e+00  8.6084416680e+00  8.5545716290e+00  7.7538297670e+00
    2.6800000000e+00  5.6593511190e+00  5.2588304590e+00  6.9167970620e+00  8.6058557770e+00  8.5543364760e+00  7.8008653560e+00
    2.6900000000e+00  5.6102076450e+00  5.2247648220e+00  6.8492939380e+00  8.6032387700e+00  8.5549833290e+00  7.8459514570e+00
    2.7000000000e+00  5.5613612840e+00  5.1905162580e+00  6.7797076950e+00  8.6004211920e+00  8.5564323950e+00  7.8887797070e+00
    2.7100000000e+00  5.5129173930e+00  5.1560804790e+00  6.7083074900e+00  8.5972593600e+00  8.5586089410e+00  7.9290822020e+00
    2.7200000000e+00  5.4650278790e+00  5.1214657890e+00  6.6354115920e+00  8.5936491140e+00  8.5614449060e+00  7.9666445790e+00
    2.7300000000e+00  5.4178799290e+00  5.0866935760e+00  6.5613741140e+00  8.5895372870e+00  8.5648811150e+00  8.0013158270e+00
    2.7400000000e+00  5.3716821180e+00  5.0517986180e+00  6.4865700590e+00  8.5849303170e+00  8.5688704570e+00  8.0330144420e+00
    2.7500000000e+00  5.3266484200e+00  5.0168285840e+00  6.4113797150e+00  8.5798993570e+00  8.5733822550e+00  8.0617308780e+00
    2.7600000000e+00  5.2829809100e+00  4.9818418840e+00  6.3361731940e+00  8.5745812190e+00  8.5784076560e+00  8.0875264700e+00
    2.7700000000e+00  5.2408522600e+00  4.9469030820e+00  6.2612957920e+00  8.5691746250e+00  8.5839653200e+00  8.1105290730e+00
    2.7800000000e+00  5.2003894720e+00  4.9120754930e+00  6.1870547680e+00  8.5639315790e+00  8.5901062110e+00  8.1309256920e+00
    2.7900000000e+00  5.1616604510e+00  4.8774112460e+00  6.1137081170e+00  8.5591442080e+00  8.5969161220e+00  8.1489524540e+00
    2.8000000000e+00  5.1246649170e+00  4.8429397900e+00  6.0414559000e+00  8.5551281520e+00  8.6045147440e+00  8.1648823860e+00
    2.8100000000e+00  5.0893306890e+00  4.8086563460e+00  5.9704345890e+00  8.5522041230e+00  8.6130507310e+00  8.1790116390e+00
    2.8200000000e+00  5.0555156130e+00  4.7745118620e+00  5.9007147430e+00  8.5506797200e+00  8.6226929260e+00  8.1916449150e+00
    2.8300000000e+00  5.0230144740e+00  4.7404056980e+00  5.8323020920e+00  8.5508334550e+00  8.6336185970e+00  8.2030809370e+00
    2.8400000000e+00  4.9915694320e+00  4.7061816940e+00  5.7651419170e+00  8.5529024530e+00  8.6459998040e+00  8.2135988200e+00
    2.8500000000e+00  4.9608821070e+00  4.6716277070e+00  5.6991263350e+00  8.5570743940e+00  8.6599889280e+00  8.2234461700e+00
    2.8600000000e+00  4.9306255900e+00  4.6364785280e+00  5.6341038310e+00  8.5634832980e+00  8.6757040260e+00  8.2328295980e+00
    2.8700000000e+00  4.9004552750e+00  4.6004221700e+00  5.5698901530e+00  8.5722080740e+00  8.6932144600e+00  8.2419080500e+00
    2.8800000000e+00  4.8700182310e+00  4.5631098300e+00  5.5062795860e+00  8.5832726400e+00  8.7125273100e+00  8.2507889720e+00
    2.8900000000e+00  4.8389615330e+00  4.5241698750e+00  5.4430557980e+00  8.5966466940e+00  8.7335755080e+00  8.2595268070e+00
    2.9000000000e+00  4.8069402040e+00  4.4832259250e+00  5.3800019030e+00  8.6122468910e+00  8.7562091520e+00  8.2681231210e+00
    2.9100000000e+00  4.7736252940e+00  4.4399183300e+00  5.3169099400e+00  8.6299386900e+00  8.7801917630e+00  8.2765276330e+00
    2.9200000000e+00  4.7387121610e+00  4.3939274150e+00  5.2535904070e+00  8.6495394290e+00  8.8052030330e+00  8.2846399400e+00
    2.9300000000e+00  4.7019285800e+00  4.3449961060e+00  5.1898824720e+00  8.6708231480e+00  8.8308489190e+00  8.2923123660e+00
    2.9400000000e+00  4.6630419740e+00  4.2929491520e+00  5.1256650380e+00  8.6935273630e+00  8.8566788120e+00  8.2993549370e+00
    2.9500000000e+00  4.6218649640e+00  4.2377064470e+00  5.0608680160e+00  8.7173615680e+00  8.8822083200e+00  8.3055436730e+00
    2.9600000000e+00  4.5782586130e+00  4.1792886600e+00  4.9954822890e+00  8.7420168760e+00  8.9069452790e+00  8.3106329850e+00
    2.9700000000e+00  4.5321330250e+00  4.1178144960e+00  4.9295663690e+00  8.7671759050e+00  8.9304160220e+00  8.3143720450e+00
    2.9800000000e+00  4.4834454170e+00  4.0534901310e+00  4.8632477900e+00  8.7925219510e+00  8.9521889520e+00  8.3165238990e+00
    2.9900000000e+00  4.4321962090e+00  3.9865924610e+00  4.7967180050e+00  8.8177466400e+00  8.9718929130e+00  8.3168850850e+00
    3.0000000000e+00  4.3784239440e+00  3.9174485820e+00  4.7302207010e+00  8.8425555850e+00  8.9892287640e+00  8.3153030360e+00
    3.0100000000e+00  4.3221999350e+00  3.8464142900e+00  4.6640347780e+00  8.8666720340e+00  9.0039736720e+00  8.3116886910e+00
    3.0200000000e+00  4.2636233810e+00  3.7738541560e+00  4.5984542680e+00  8.8898388470e+00  9.0159787720e+00  8.3060225430e+00
    3.0300000000e+00  4.2028173980e+00  3.7001251100e+00  4.5337680210e+00  8.9118193830e+00  9.0251616800e+00  8.2983535500e+00
    3.0400000000e+00  4.1399261010e+00  3.6255646090e+00  4.4702418940e+00  8.9323979340e+00  9.0314958000e+00  8.2887916270e+00
    3.0500000000e+00  4.0751126340e+00  3.5504836090e+00  4.4081054710e+00  8.9513802960e+00  9.0349983350e+00  8.2774954620e+00
    3.0600000000e+00  4.0085578190e+00  3.4751639310e+00  4.3475443490e+00  8.9685949930e+00  9.0357186600e+00  8.2646579540e+00
    3.0700000000e+00  3.9404588580e+00  3.3998592060e+00  4.2886979420e+00  8.9838955100e+00  9.0337282740e+00  8.2504916120e+00
    3.0800000000e+00  3.8710273050e+00  3.3247983970e+00  4.2316618800e+00  8.9971636590e+00  9.0291131660e+00  8.2352158010e+00
    3.0900000000e+00  3.8004853600e+00  3.2501907950e+00  4.1764935410e+00  9.0083136910e+00  9.0219690270e+00  8.2190470660e+00
    3.1000000000e+00  3.7290597750e+00  3.1762314350e+00  4.1232190750e+00  9.0172961640e+00  9.0123994540e+00  8.2021929660e+00
    3.1100000000e+00  3.6569732520e+00  3.1031058490e+00  4.0718404460e+00  9.0241000740e+00  9.0005170050e+00  8.1848491990e+00
    3.1200000000e+00  3.5844342040e+00  3.0309931840e+00  4.0223413930e+00  9.0287517240e+00  8.9864467050e+00  8.1671992850e+00
    3.1300000000e+00  3.5116266170e+00  2.9600667120e+00  3.9746917250e+00  9.0313093950e+00  8.9703312790e+00  8.1494158230e+00
    3.1400000000e+00  3.4387021670e+00  2.8904910100e+00  3.9288498410e+00  9.0318540110e+00  8.9523369990e+00  8.1316623810e+00
    3.1500000000e+00  3.3657764230e+00  2.8224154390e+00  3.8847637760e+00  9.0304771460e+00  8.9326586090e+00  8.1140952470e+00
    3.1600000000e+00  3.2929299460e+00  2.7559642980e+00  3.8423712050e+00  9.0272685260e+00  8.9115215810e+00  8.0968645950e+00
    3.1700000000e+00  3.2202139660e+00  2.6912248310e+00  3.8015989090e+00  9.0223052390e+00  8.8891800360e+00  8.0801148840e+00
    3.1800000000e+00  3.1476592540e+00  2.6282351370e+00  3.7623621210e+00  9.0156443340e+00  8.8659092930e+00  8.0639844960e+00
    3.1900000000e+00  3.0752863640e+00  2.5669744760e+00  3.7245640570e+00  9.0073195410e+00  8.8419929920e+00  8.0486047670e+00
    3.2000000000e+00  3.0031154790e+00  2.5073583560e+00  3.6880958640e+00  8.9973419500e+00  8.8177059960e+00  8.0340986440e+00
    3.2100000000e+00  2.9311745050e+00  2.4492401170e+00  3.6528370100e+00  8.9857038120e+00  8.7932952980e+00  8.0205792610e+00
    3.2200000000e+00  2.8595046590e+00  2.3924195180e+00  3.6186560150e+00  8.9723843500e+00  8.7689618100e+00  8.0081486530e+00
    3.2300000000e+00  2.7881633180e+00  2.3366574880e+00  3.5854112890e+00  8.9573563720e+00  8.7448458490e+00  7.9968967260e+00
    3.2400000000e+00  2.7172242790e+00  2.2816950450e+00  3.5529518590e+00  8.9405926710e+00  8.7210184730e+00  7.9869003570e+00
    3.2500000000e+00  2.6467759550e+00  2.2272737090e+00  3.5211178790e+00  8.9220713170e+00  8.6974796640e+00  7.9782224080e+00
    3.2600000000e+00  2.5769182320e+00  2.1731546920e+00  3.4897410430e+00  8.9017792510e+00  8.6741630730e+00  7.9709103410e+00
    3.2700000000e+00  2.5077589410e+00  2.1191347300e+00  3.4586451890e+00  8.8797139120e+00  8.6509459700e+00  7.9649942590e+00
    3.2800000000e+00  2.4394109620e+00  2.0650573790e+00  3.4276475250e+00  8.8558830840e+00  8.6276624590e+00  7.9604843620e+00
    3.2900000000e+00  2.3719907740e+00  2.0108196090e+00  3.3965609180e+00  8.8303036470e+00  8.6041179690e+00  7.9573680390e+00
    3.3000000000e+00  2.3056188880e+00  1.9563742760e+00  3.3651975900e+00  8.8030003480e+00  8.5801035140e+00  7.9556071060e+00
    3.3100000000e+00  2.2404218540e+00  1.9017294350e+00  3.3333743340e+00  8.7740058420e+00  8.5554088220e+00  7.9551358860e+00
    3.3200000000e+00  2.1765348300e+00  1.8469453320e+00  3.3009189780e+00  8.7433630160e+00  8.5298340860e+00  7.9558609640e+00
    3.3300000000e+00  2.1141031180e+00  1.7921296460e+00  3.2676773330e+00  8.7111298580e+00  8.5032003830e+00  7.9576633150e+00
    3.3400000000e+00  2.0532810810e+00  1.7374311730e+00  3.2335195090e+00  8.6773861530e+00  8.4753588320e+00  7.9604030770e+00
    3.3500000000e+00  1.9942273880e+00  1.6830319630e+00  3.1983443380e+00  8.6422403720e+00  8.4461984250e+00  7.9639266300e+00
    3.3600000000e+00  1.9370966670e+00  1.6291379550e+00  3.1620808990e+00  8.6058346500e+00  8.4156521650e+00  7.9680749710e+00
    3.3700000000e+00  1.8820288090e+00  1.5759683520e+00  3.1246867850e+00  8.5683460840e+00  8.3837010410e+00  7.9726919450e+00
    3.3800000000e+00  1.8291380060e+00  1.5237442730e+00  3.0861435150e+00  8.5299834750e+00  8.3503753940e+00  7.9776308200e+00
    3.3900000000e+00  1.7785037470e+00  1.4726774720e+00  3.0464502440e+00  8.4909798970e+00  8.3157534250e+00  7.9827581480e+00
    3.4000000000e+00  1.7301654210e+00  1.4229600080e+00  3.0056172820e+00  8.4515825730e+00  8.2799569640e+00  7.9879545450e+00
    3.4100000000e+00  1.6841211600e+00  1.3747556650e+00  2.9636608950e+00  8.4120420710e+00  8.2431449770e+00  7.9931128880e+00
    3.4200000000e+00  1.6403304260e+00  1.3281936400e+00  2.9206003260e+00  8.3726027480e+00  8.2055055950e+00  7.9981350950e+00
    3.4300000000e+00  1.5987190840e+00  1.2833646200e+00  2.8764572140e+00  8.3334957550e+00  8.1672475250e+00  8.0029289050e+00
    3.4400000000e+00  1.5591853250e+00  1.2403189850e+00  2.8312567680e+00  8.2949350160e+00  8.1285916050e+00  8.0074059220e+00
    3.4500000000e+00  1.5216050340e+00  1.1990666860e+00  2.7850295290e+00  8.2571157810e+00  8.0897629590e+00  8.0114815440e+00
    3.4600000000e+00  1.4858356960e+00  1.1595782850e+00  2.7378124150e+00  8.2202147920e+00  8.0509839250e+00  8.0150766350e+00
    3.4700000000e+00  1.4517185850e+00  1.1217867820e+00  2.6896481100e+00  8.1843909520e+00  8.0124676980e+00  8.0181201010e+00
    3.4800000000e+00  1.4190795730e+00  1.0855900350e+00  2.6405825090e+00  8.1497855390e+00  7.9744125290e+00  8.0205511230e+00
    3.4900000000e+00  1.3877291870e+00  1.0508537090e+00  2.5906606690e+00  8.1165214300e+00  7.9369963690e+00  8.0223198650e+00
    3.5000000000e+00  1.3574626580e+00  1.0174147640e+00  2.5399223570e+00  8.0847011780e+00  7.9003718640e+00  8.0233859120e+00
    3.5100000000e+00  1.3280605020e+00  9.8508551500e-01  2.4883984960e+00  8.0544041620e+00  7.8646616900e+00  8.0237143860e+00
    3.5200000000e+00  1.2992900080e+00  9.5365831000e-01  2.4361097380e+00  8.0256831190e+00  7.8299541660e+00  8.0232703920e+00
    3.5300000000e+00  1.2709077930e+00  9.2291100800e-01  2.3830678750e+00  7.9985603830e+00  7.7962991090e+00  8.0220130370e+00
    3.5400000000e+00  1.2426635850e+00  8.9261356800e-01  2.3292801190e+00  7.9730241030e+00  7.7637040220e+00  8.0198905070e+00
    3.5500000000e+00  1.2143054130e+00  8.6253615000e-01  2.2747554960e+00  7.9490247530e+00  7.7321309630e+00  8.0168375730e+00
    3.5600000000e+00  1.1855863680e+00  8.3245899000e-01  2.2195119670e+00  7.9264724580e+00  7.7014948940e+00  8.0127764080e+00
    3.5700000000e+00  1.1562728880e+00  8.0218383700e-01  2.1635825230e+00  7.9052358580e+00  7.6716645540e+00  8.0076207610e+00
    3.5800000000e+00  1.1261541100e+00  7.7154608400e-01  2.1070187090e+00  7.8851433180e+00  7.6424669410e+00  8.0012826360e+00
    3.5900000000e+00  1.0950513670e+00  7.4042604300e-01  2.0498906130e+00  7.8659870960e+00  7.6136960080e+00  7.9936798900e+00
    3.6000000000e+00  1.0628265800e+00  7.0875752100e-01  1.9922833470e+00  7.8475306060e+00  7.5851253610e+00  7.9847429180e+00
    3.6100000000e+00  1.0293882680e+00  6.7653197900e-01  1.9342909570e+00  7.8295182410e+00  7.5565238090e+00  7.9744188570e+00
    3.6200000000e+00  9.9469427500e-01  6.4379721800e-01  1.8760092920e+00  7.8116866710e+00  7.5276718420e+00  7.9626725040e+00
    3.6300000000e+00  9.5875088900e-01  6.1065053600e-01  1.8175294700e+00  7.7937761710e+00  7.4983767830e+00  7.9494839700e+00
    3.6400000000e+00  9.2160877600e-01  5.7722725600e-01  1.7589332470e+00  7.7755405910e+00  7.4684845220e+00  7.9348438310e+00
    3.6500000000e+00  8.8335668600e-01  5.4368638600e-01  1.7002910460e+00  7.7567549640e+00  7.4378863530e+00  7.9187468830e+00
    3.6600000000e+00  8.4411422400e-01  5.1019556600e-01  1.6416628570e+00  7.7372203500e+00  7.4065203540e+00  7.9011857330e+00
    3.6700000000e+00  8.0402487400e-01  4.7691739700e-01  1.5831017990e+00  7.7167661760e+00  7.3743676810e+00  7.8821452980e+00
    3.6800000000e+00  7.6325013600e-01  4.4399885000e-01  1.5246597990e+00  7.6952508300e+00  7.3414449550e+00  7.8615991530e+00
    3.6900000000e+00  7.2196502900e-01  4.1156470600e-01  1.4663946050e+00  7.6725615140e+00  7.3077943890e+00  7.8395084080e+00
    3.7000000000e+00  6.8035466200e-01  3.7971523200e-01  1.4083771110e+00  7.6486141930e+00  7.2734734110e+00  7.8158235590e+00
    3.7100000000e+00  6.3861120900e-01  3.4852764900e-01  1.3506978250e+00  7.6233541050e+00  7.2385453320e+00  7.7904893140e+00
    3.7200000000e+00  5.9693055500e-01  3.1806042600e-01  1.2934713280e+00  7.5967567780e+00  7.2030722300e+00  7.7634519920e+00
    3.7300000000e+00  5.5550811600e-01  2.8835921600e-01  1.2368377890e+00  7.5688290990e+00  7.1671107080e+00  7.7346685760e+00
    3.7400000000e+00  5.1453370300e-01  2.5946314200e-01  1.1809610210e+00  7.5396097900e+00  7.1307106850e+00  7.7041161950e+00
    3.7500000000e+00  4.7418567100e-01  2.3141027200e-01  1.1260230820e+00  7.5091686950e+00  7.0939168930e+00  7.6718006950e+00
    3.7600000000e+00  4.3462489300e-01  2.0424139400e-01  1.0722160020e+00  7.4776044730e+00  7.0567723460e+00  7.6377630070e+00
    3.7700000000e+00  3.9598919800e-01  1.7800163800e-01  1.0197316240e+00  7.4450406180e+00  7.0193228830e+00  7.6020824210e+00
    3.7800000000e+00  3.5838893600e-01  1.5273984600e-01  9.6875087200e-01  7.4116199890e+00  6.9816218170e+00  7.5648762680e+00
    3.7900000000e+00  3.2190416500e-01  1.2850596800e-01  9.1943380200e-01  7.3774983590e+00  6.9437339240e+00  7.5262961550e+00
    3.8000000000e+00  2.8658366700e-01  1.0534686900e-01  8.7191157900e-01  7.3428376350e+00  6.9057381530e+00  7.4865213750e+00
    3.8100000000e+00  2.5244570500e-01  8.3301097000e-02  8.2628115900e-01  7.3077993920e+00  6.8677286260e+00  7.4457504970e+00
    3.8200000000e+00  2.1948015400e-01  6.2393202000e-02  7.8260290000e-01  7.2725392300e+00  6.8298135850e+00  7.4041923060e+00
    3.8300000000e+00  1.8765153000e-01  4.2628405000e-02  7.4090089800e-01  7.2372021760e+00  6.7921121570e+00  7.3620571560e+00
    3.8400000000e+00  1.5690249100e-01  2.3988463000e-02  7.0116541900e-01  7.2019191230e+00  6.7547490870e+00  7.3195495260e+00
    3.8500000000e+00  1.2715752100e-01  6.4295480000e-03  6.6335665300e-01  7.1668041560e+00  6.7178480130e+00  7.2768621820e+00
    3.8600000000e+00  9.8326678000e-02 -1.0117369000e-02  6.2740901100e-01  7.1319525760e+00  6.6815241880e+00  7.2341719290e+00
    3.8700000000e+00  7.0309405000e-02 -2.5743626000e-02  5.9323537700e-01  7.0974395180e+00  6.6458777480e+00  7.1916366440e+00
    3.8800000000e+00  4.2998441000e-02 -4.0557943000e-02  5.6073106700e-01  7.0633191350e+00  6.6109884550e+00  7.1493930760e+00
    3.8900000000e+00  1.6283830000e-02 -5.4680322000e-02  5.2977756400e-01  7.0296244420e+00  6.5769124850e+00  7.1075549440e+00
    3.9000000000e+00 -9.9430450000e-03 -6.8235686000e-02  5.0024639800e-01  6.9963679420e+00  6.5436813680e+00  7.0662110350e+00
    3.9100000000e+00 -3.5785624000e-02 -8.1348029000e-02  4.7200365800e-01  6.9635431850e+00  6.5113027530e+00  7.0254233680e+00
    3.9200000000e+00 -6.1338866000e-02 -9.4135494000e-02  4.4491557500e-01  6.9311272660e+00  6.4797624820e+00  6.9852258290e+00
    3.9300000000e+00 -8.6686881000e-02 -1.0670653400e-01  4.1885529500e-01  6.8990841380e+00  6.4490274540e+00  6.9456240560e+00
    3.9400000000e+00 -1.1190185500e-01 -1.1915704300e-01  3.9371047500e-01  6.8673683060e+00  6.4190488800e+00  6.9065974060e+00
    3.9500000000e+00 -1.3704438100e-01 -1.3156833100e-01  3.6939077900e-01  6.8359283130e+00  6.3897657240e+00  6.8681037180e+00
    3.9600000000e+00 -1.6216499200e-01 -1.4400581200e-01  3.4583397400e-01  6.8047093590e+00  6.3611082600e+00  6.8300869800e+00
    3.9700000000e+00 -1.8730630300e-01 -1.5651841400e-01  3.2300924900e-01  6.7736545410e+00  6.3330017040e+00  6.7924873860e+00
    3.9800000000e+00 -2.1250498000e-01 -1.6913876800e-01  3.0091670900e-01  6.7427046100e+00  6.3053698490e+00  6.7552525170e+00
    3.9900000000e+00 -2.3779276800e-01 -1.8188427900e-01  2.7958267500e-01  6.7117965360e+00  6.2781385040e+00  6.7183479840e+00
    4.0000000000e+00 -2.6319610100e-01 -1.9475906000e-01  2.5905120900e-01  6.6808615750e+00  6.2512384290e+00  6.6817657950e+00
    4.0100000000e+00 -2.8873419900e-01 -2.0775653400e-01  2.3937304000e-01  6.6498236110e+00  6.2246074190e+00  6.6455290440e+00
    4.0200000000e+00 -3.1441597200e-01 -2.2086232900e-01  2.2059356300e-01  6.6185985050e+00  6.1981912950e+00  6.6096921470e+00
    4.0300000000e+00 -3.4023627600e-01 -2.3405691600e-01  2.0274176600e-01  6.5870948780e+00  6.1719437700e+00  6.5743366520e+00
    4.0400000000e+00 -3.6617214500e-01 -2.4731750400e-01  1.8582173500e-01  6.5552165320e+00  6.1458254830e+00  6.5395634030e+00
    4.0500000000e+00 -3.9217961800e-01 -2.6061891400e-01  1.6980790100e-01  6.5228664640e+00  6.1198027190e+00  6.5054824510e+00
    4.0600000000e+00 -4.1819172900e-01 -2.7393345100e-01  1.5464449600e-01  6.4899522560e+00  6.0938464310e+00  6.4722024780e+00
    4.0700000000e+00 -4.4411815100e-01 -2.8723016900e-01  1.4024884300e-01  6.4563924800e+00  6.0679320730e+00  6.4398214540e+00
    4.0800000000e+00 -4.6984693500e-01 -3.0047413400e-01  1.2651743900e-01  6.4221235770e+00  6.0420404550e+00  6.4084199020e+00
    4.0900000000e+00 -4.9524856800e-01 -3.1362629100e-01  1.1333330100e-01  6.3871064520e+00  6.0161594760e+00  6.3780574740e+00
    4.1000000000e+00 -5.2018233100e-01 -3.2664438000e-01  1.0057298700e-01  6.3513319270e+00  5.9902862750e+00  6.3487727250e+00
    4.1100000000e+00 -5.4450451800e-01 -3.3948503400e-01  8.8112068000e-02  6.3148241620e+00  5.9644292180e+00  6.3205853310e+00
    4.1200000000e+00 -5.6807774100e-01 -3.5210692300e-01  7.5828353000e-02  6.2776413920e+00  5.9386091550e+00  6.2934995530e+00
    4.1300000000e+00 -5.9078028800e-01 -3.6447455300e-01  6.3602886000e-02  6.2398736550e+00  5.9128595160e+00  6.2675077430e+00
    4.1400000000e+00 -6.1251448300e-01 -3.7656224400e-01  5.1319181000e-02  6.2016376670e+00  5.8872250230e+00  6.2425929370e+00
    4.1500000000e+00 -6.3321314000e-01 -3.8835773000e-01  3.8861495000e-02  6.1630693320e+00  5.8617589810e+00  6.2187299660e+00
    4.1600000000e+00 -6.5284348200e-01 -3.9986487800e-01  2.6112961000e-02  6.1243146440e+00  5.8365193210e+00  6.1958849480e+00
    4.1700000000e+00 -6.7140814500e-01 -4.1110506800e-01  1.2954341000e-02  6.0855198580e+00  5.8115637520e+00  6.1740133560e+00
    4.1800000000e+00 -6.8894317600e-01 -4.2211697800e-01 -7.3606000000e-04  6.0468218560e+00  5.7869445390e+00  6.1530571110e+00
    4.1900000000e+00 -7.0551318000e-01 -4.3295471000e-01 -1.5080963000e-02  6.0083396930e+00  5.7627034850e+00  6.1329412930e+00
    4.2000000000e+00 -7.2120414000e-01 -4.4368445800e-01 -3.0201157000e-02  5.9701682620e+00  5.7388676740e+00  6.1135711500e+00
    4.2100000000e+00 -7.3611483400e-01 -4.5438004800e-01 -4.6211232000e-02  5.9323748240e+00  5.7154463300e+00  6.0948299890e+00
    4.2200000000e+00 -7.5034806800e-01 -4.6511775700e-01 -6.3214448000e-02  5.8949987090e+00  5.6924290640e+00  6.0765783540e+00
    4.2300000000e+00 -7.6400299500e-01 -4.7597079000e-01 -8.1297223000e-02  5.8580538890e+00  5.6697855680e+00  6.0586546130e+00
    4.2400000000e+00 -7.7716953000e-01 -4.8700378200e-01 -1.0052363900e-01  5.8215335460e+00  5.6474668340e+00  6.0408769120e+00
    4.2500000000e+00 -7.8992521900e-01 -4.9826769400e-01 -1.2093015600e-01  5.7854154500e+00  5.6254078850e+00  6.0230463800e+00
    4.2600000000e+00 -8.0233435700e-01 -5.0979553700e-01 -1.4252066500e-01  5.7496669690e+00  5.6035319260e+00  6.0049516010e+00
    4.2700000000e+00 -8.1444858800e-01 -5.2159936600e-01 -1.6526204600e-01  5.7142489780e+00  5.5817557070e+00  5.9863744960e+00
    4.2800000000e+00 -8.2630810700e-01 -5.3366889900e-01 -1.8908066900e-01  5.6791184210e+00  5.5599956750e+00  5.9670978440e+00
    4.2900000000e+00 -8.3794272400e-01 -5.4597198900e-01 -2.1386051700e-01  5.6442298310e+00  5.5381743830e+00  5.9469144690e+00
    4.3000000000e+00 -8.4937243500e-01 -5.5845694500e-01 -2.3944384600e-01  5.6095363310e+00  5.5162266160e+00  5.9256377480e+00
    4.3100000000e+00 -8.6060754600e-01 -5.7105656500e-01 -2.6563513600e-01  5.5749906640e+00  5.4941046910e+00  5.9031125750e+00
    4.3200000000e+00 -8.7164868500e-01 -5.8369361300e-01 -2.9220874200e-01  5.5405465650e+00  5.4717825000e+00  5.8792254410e+00
    4.3300000000e+00 -8.8248710900e-01 -5.9628739800e-01 -3.1891995000e-01  5.5061604610e+00  5.4492578910e+00  5.8539121240e+00
    4.3400000000e+00 -8.9310557000e-01 -6.0876097200e-01 -3.4551842900e-01  5.4717932400e+00  5.4265530530e+00  5.8271615990e+00
    4.3500000000e+00 -9.0347975700e-01 -6.2104835300e-01 -3.7176248000e-01  5.4374116990e+00  5.4037126890e+00  5.7990153820e+00
    4.3600000000e+00 -9.1358007300e-01 -6.3310102700e-01 -3.9743223300e-01  5.4029893640e+00  5.3807999080e+00  5.7695622710e+00
    4.3700000000e+00 -9.2337334500e-01 -6.4489290800e-01 -4.2234011200e-01  5.3685066230e+00  5.3578901440e+00  5.7389293090e+00
    4.3800000000e+00 -9.3282412000e-01 -6.5642309200e-01 -4.4633746400e-01  5.3339503070e+00  5.3350636800e+00  5.7072703850e+00
    4.3900000000e+00 -9.4189533800e-01 -6.6771597200e-01 -4.6931697100e-01  5.2993131390e+00  5.3123977030e+00  5.6747541910e+00
    4.4000000000e+00 -9.5054848800e-01 -6.7881875600e-01 -4.9121126100e-01  5.2645934120e+00  5.2899588710e+00  5.6415531340e+00
    4.4100000000e+00 -9.5874353200e-01 -6.8979679900e-01 -5.1198870500e-01  5.2297952070e+00  5.2677973160e+00  5.6078343310e+00
    4.4200000000e+00 -9.6643902700e-01 -7.0072752000e-01 -5.3164762900e-01  5.1949291910e+00  5.2459426620e+00  5.5737532220e+00
    4.4300000000e+00 -9.7359282400e-01 -7.1169375500e-01 -5.5021013100e-01  5.1600137700e+00  5.2244022840e+00  5.5394497100e+00
    4.4400000000e+00 -9.8016352900e-01 -7.2277731800e-01 -5.6771633300e-01  5.1250762270e+00  5.2031616640e+00  5.5050463000e+00
    4.4500000000e+00 -9.8611268900e-01 -7.3405335900e-01 -5.8421946100e-01  5.0901533830e+00  5.1821864970e+00  5.4706475590e+00
    4.4600000000e+00 -9.9140741000e-01 -7.4558586900e-01 -5.9978174600e-01  5.0552914450e+00  5.1614261210e+00  5.4363402770e+00
    4.4700000000e+00 -9.9602300300e-01 -7.5742458600e-01 -6.1447093400e-01  5.0205448630e+00  5.1408178230e+00  5.4021939960e+00
    4.4800000000e+00 -9.9994523500e-01 -7.6960342400e-01 -6.2835715200e-01  4.9859742790e+00  5.1202916010e+00  5.3682618120e+00
    4.4900000000e+00 -1.0031718500e+00 -7.8214049500e-01 -6.4151002700e-01  4.9516437850e+00  5.0997748560e+00  5.3345815260e+00
    4.5000000000e+00 -1.0057131790e+00 -7.9503959800e-01 -6.5399613000e-01  4.9176178190e+00  5.0791964610e+00  5.3011772430e+00
    4.5100000000e+00 -1.0075918370e+00 -8.0829278100e-01 -6.6587692000e-01  4.8839580480e+00  5.0584896960e+00  5.2680613990e+00
    4.5200000000e+00 -1.0088415500e+00 -8.2188337300e-01 -6.7720732700e-01  4.8507204880e+00  5.0375937020e+00  5.2352370270e+00
    4.5300000000e+00 -1.0095052970e+00 -8.3578872600e-01 -6.8803500800e-01  4.8179530950e+00  5.0164535280e+00  5.2027000130e+00
    4.5400000000e+00 -1.0096328930e+00 -8.4998205300e-01 -6.9840011200e-01  4.7856939570e+00  4.9950191660e+00  5.1704411140e+00
    4.5500000000e+00 -1.0092782150e+00 -8.6443307500e-01 -7.0833532700e-01  4.7539701980e+00  4.9732442810e+00  5.1384476490e+00
    4.5600000000e+00 -1.0084962480e+00 -8.7910759700e-01 -7.1786597900e-01  4.7227976630e+00  4.9510853640e+00  5.1067049740e+00
    4.5700000000e+00 -1.0073401410e+00 -8.9396653200e-01 -7.2701011200e-01  4.6921814180e+00  4.9285018110e+00  5.0751979530e+00
    4.5800000000e+00 -1.0058584890e+00 -9.0896508200e-01 -7.3577870600e-01  4.6621170850e+00  4.9054570770e+00  5.0439126220e+00
    4.5900000000e+00 -1.0040931110e+00 -9.2405269000e-01 -7.4417629500e-01  4.6325929590e+00  4.8819206040e+00  5.0128380960e+00
    4.6000000000e+00 -1.0020775710e+00 -9.3917417000e-01 -7.5220228600e-01  4.6035927940e+00  4.8578699470e+00  4.9819685240e+00
    4.6100000000e+00 -9.9983673400e-01 -9.5427197200e-01 -7.5985313100e-01  4.5750989860e+00  4.8332923730e+00  4.9513046830e+00
    4.6200000000e+00 -9.9738750700e-01 -9.6928916800e-01 -7.6712521100e-01  4.5470957780e+00  4.8081853580e+00  4.9208547220e+00
    4.6300000000e+00 -9.9474079100e-01 -9.8417249900e-01 -7.7401799900e-01  4.5195719710e+00  4.7825557260e+00  4.8906336660e+00
    4.6400000000e+00 -9.9190435300e-01 -9.9887475400e-01 -7.8053687700e-01  4.4925226440e+00  4.7564175560e+00  4.8606615810e+00
    4.6500000000e+00 -9.8888615700e-01 -1.0133559950e+00 -7.8669495100e-01  4.4659495430e+00  4.7297894060e+00  4.8309606260e+00
    4.6600000000e+00 -9.8569750100e-01 -1.0275834920e+00 -7.9251342900e-01  4.4398600490e+00  4.7026914980e+00  4.8015516030e+00
    4.6700000000e+00 -9.8235537000e-01 -1.0415306230e+00 -7.9802047000e-01  4.4142649690e+00  4.6751434890e+00  4.7724507240e+00
    4.6800000000e+00 -9.7888361200e-01 -1.0551752490e+00 -8.0324882100e-01  4.3891756590e+00  4.6471631560e+00  4.7436672870e+00
    4.6900000000e+00 -9.7531282800e-01 -1.0684981330e+00 -8.0823283800e-01  4.3646010580e+00  4.6187659560e+00  4.7152026830e+00
    4.7000000000e+00 -9.7167917600e-01 -1.0814817630e+00 -8.1300561100e-01  4.3405451760e+00  4.5899651610e+00  4.6870507870e+00
    4.7100000000e+00 -9.6802247300e-01 -1.0941096780e+00 -8.1759680200e-01  4.3170053740e+00  4.5607721280e+00  4.6591994340e+00
    4.7200000000e+00 -9.6438404100e-01 -1.1063661120e+00 -8.2203155600e-01  4.2939715020e+00  4.5311963830e+00  4.6316324130e+00
    4.7300000000e+00 -9.6080465800e-01 -1.1182356130e+00 -8.2633049100e-01  4.2714257900e+00  4.5012454040e+00  4.6043313910e+00
    4.7400000000e+00 -9.5732280300e-01 -1.1297023550e+00 -8.3051047400e-01  4.2493432160e+00  4.4709242460e+00  4.5772772310e+00
    4.7500000000e+00 -9.5397321400e-01 -1.1407489920e+00 -8.3458571300e-01  4.2276921510e+00  4.4402353350e+00  4.5504504880e+00
    4.7600000000e+00 -9.5078567300e-01 -1.1513551780e+00 -8.3856863600e-01  4.2064350960e+00  4.4091787520e+00  4.5238310900e+00
    4.7700000000e+00 -9.4778388500e-01 -1.1614960630e+00 -8.4247019300e-01  4.1855295280e+00  4.3777532520e+00  4.4973975070e+00
    4.7800000000e+00 -9.4498440600e-01 -1.1711411770e+00 -8.4629937600e-01  4.1649288900e+00  4.3459580000e+00  4.4711258020e+00
    4.7900000000e+00 -9.4239562800e-01 -1.1802540500e+00 -8.5006200600e-01  4.1445838400e+00  4.3137947920e+00  4.4449890360e+00
    4.8000000000e+00 -9.4001691900e-01 -1.1887927330e+00 -8.5375905700e-01  4.1244438230e+00  4.2812703710e+00  4.4189573600e+00
    4.8100000000e+00 -9.3783807400e-01 -1.1967111710e+00 -8.5738489000e-01  4.1044589760e+00  4.2483984200e+00  4.3929990000e+00
    4.8200000000e+00 -9.3583920700e-01 -1.2039611740e+00 -8.6092585400e-01  4.0845822900e+00  4.2152009380e+00  4.3670821300e+00
    4.8300000000e+00 -9.3399121800e-01 -1.2104946530e+00 -8.6435965300e-01  4.0647719130e+00  4.1817088520e+00  4.3411774050e+00
    4.8400000000e+00 -9.3225689100e-01 -1.2162658150e+00 -8.6765573300e-01  4.0449934200e+00  4.1479619340e+00  4.3152607750e+00
    4.8500000000e+00 -9.3059266500e-01 -1.2212331080e+00 -8.7077675400e-01  4.0252218360e+00  4.1140081590e+00  4.2893160990e+00
    4.8600000000e+00 -9.2895101700e-01 -1.2253608530e+00 -8.7368095400e-01  4.0054432110e+00  4.0799027050e+00  4.2633371120e+00
    4.8700000000e+00 -9.2728333700e-01 -1.2286205570e+00 -8.7632504700e-01  3.9856554940e+00  4.0457066930e+00  4.2373284540e+00
    4.8800000000e+00 -9.2554305300e-01 -1.2309919300e+00 -8.7866720000e-01  3.9658685330e+00  4.0114857560e+00  4.2113056650e+00
    4.8900000000e+00 -9.2368868100e-01 -1.2324636150e+00 -8.8066968400e-01  3.9461030790e+00  3.9773084290e+00  4.1852943070e+00
    4.9000000000e+00 -9.2168638600e-01 -1.2330335690e+00 -8.8230097800e-01  3.9263888790e+00  3.9432444150e+00  4.1593284920e+00
    4.9100000000e+00 -9.1951173800e-01 -1.2327090290e+00 -8.8353725500e-01  3.9067621200e+00  3.9093627520e+00  4.1334491530e+00
    4.9200000000e+00 -9.1715048100e-01 -1.2315060030e+00 -8.8436338000e-01  3.8872626300e+00  3.8757300540e+00  4.1077022830e+00
    4.9300000000e+00 -9.1459840400e-01 -1.2294483020e+00 -8.8477360400e-01  3.8679312920e+00  3.8424089720e+00  4.0821372570e+00
    4.9400000000e+00 -9.1186059500e-01 -1.2265662110e+00 -8.8477212900e-01  3.8488079740e+00  3.8094570630e+00  4.0568051920e+00
    4.9500000000e+00 -9.0895049300e-01 -1.2228950110e+00 -8.8437360400e-01  3.8299300470e+00  3.7769261780e+00  4.0317571720e+00
    4.9600000000e+00 -9.0588903600e-01 -1.2184735580e+00 -8.8360347900e-01  3.8113313370e+00  3.7448623510e+00  4.0070421990e+00
    4.9700000000e+00 -9.0270404800e-01 -1.2133431440e+00 -8.8249797100e-01  3.7930411960e+00  3.7133060840e+00  3.9827047660e+00
    4.9800000000e+00 -8.9942974600e-01 -1.2075467130e+00 -8.8110340300e-01  3.7750833920e+00  3.6822928200e+00  3.9587821390e+00
    4.9900000000e+00 -8.9610608000e-01 -1.2011284200e+00 -8.7947463700e-01  3.7574746900e+00  3.6518534020e+00  3.9353016110e+00
    5.0000000000e+00 -8.9277756300e-01 -1.1941334210e+00 -8.7767257000e-01  3.7402232000e+00  3.6220143840e+00  3.9122781120e+00
    5.0100000000e+00 -8.8949138400e-01 -1.1866077280e+00 -8.7576078700e-01  3.7233268090e+00  3.5927981360e+00  3.8897125790e+00
    5.0200000000e+00 -8.8629477100e-01 -1.1785979880e+00 -8.7380170500e-01  3.7067720920e+00  3.5642228040e+00  3.8675914190e+00
    5.0300000000e+00 -8.8323183400e-01 -1.1701511390e+00 -8.7185262100e-01  3.6905340970e+00  3.5363022340e+00  3.8458871950e+00
    5.0400000000e+00 -8.8034027700e-01 -1.1613139320e+00 -8.6996209500e-01  3.6745772160e+00  3.5090459810e+00  3.8245605420e+00
    5.0500000000e+00 -8.7764846700e-01 -1.1521324370e+00 -8.6816708300e-01  3.6588571550e+00  3.4824594550e+00  3.8035631160e+00
    5.0600000000e+00 -8.7517324600e-01 -1.1426515990e+00 -8.6649111000e-01  3.6433237800e+00  3.4565442230e+00  3.7828412930e+00
    5.0700000000e+00 -8.7291874000e-01 -1.1329149340e+00 -8.6494369200e-01  3.6279244700e+00  3.4312983830e+00  3.7623402410e+00
    5.0800000000e+00 -8.7087620700e-01 -1.1229643610e+00 -8.6352106400e-01  3.6126075750e+00  3.4067169610e+00  3.7420079230e+00
    5.0900000000e+00 -8.6902479100e-01 -1.1128401660e+00 -8.6220813300e-01  3.5973256870e+00  3.3827922650e+00  3.7217985940e+00
    5.1000000000e+00 -8.6733301800e-01 -1.1025810810e+00 -8.6098140000e-01  3.5820385300e+00  3.3595141530e+00  3.7016754230e+00
    5.1100000000e+00 -8.6576087600e-01 -1.0922244450e+00 -8.5981249400e-01  3.5667154040e+00  3.3368701650e+00  3.6816119340e+00
    5.1200000000e+00 -8.6426242700e-01 -1.0818063960e+00 -8.5867187800e-01  3.5513371340e+00  3.3148454650e+00  3.6615921700e+00
    5.1300000000e+00 -8.6278890100e-01 -1.0713619790e+00 -8.5753226100e-01  3.5358974100e+00  3.2934225350e+00  3.6416095870e+00
    5.1400000000e+00 -8.6129219400e-01 -1.0609250040e+00 -8.5637131400e-01  3.5204033360e+00  3.2725806510e+00  3.6216648670e+00
    5.1500000000e+00 -8.5972858700e-01 -1.0505275120e+00 -8.5517333200e-01  3.5048749900e+00  3.2522952940e+00  3.6017629860e+00
    5.1600000000e+00 -8.5806233300e-01 -1.0401987590e+00 -8.5392965100e-01  3.4893438640e+00  3.2325377200e+00  3.5819099500e+00
    5.1700000000e+00 -8.5626872000e-01 -1.0299638300e+00 -8.5263778200e-01  3.4738501860e+00  3.2132749760e+00  3.5621096970e+00
    5.1800000000e+00 -8.5433619400e-01 -1.0198421270e+00 -8.5129939400e-01  3.4584393570e+00  3.1944705700e+00  3.5423616550e+00
    5.1900000000e+00 -8.5226727100e-01 -1.0098460670e+00 -8.4991752000e-01  3.4431578520e+00  3.1760858360e+00  3.5226593420e+00
    5.2000000000e+00 -8.5007810800e-01 -9.9998033600e-01 -8.4849343800e-01  3.4280490660e+00  3.1580818360e+00  3.5029902680e+00
    5.2100000000e+00 -8.4779682400e-01 -9.9024190200e-01 -8.4702381300e-01  3.4131495530e+00  3.1404215240e+00  3.4833371350e+00
    5.2200000000e+00 -8.4546082000e-01 -9.8062083300e-01 -8.4549860300e-01  3.3984860440e+00  3.1230717740e+00  3.4636801090e+00
    5.2300000000e+00 -8.4311342900e-01 -9.7110176300e-01 -8.4390007900e-01  3.3840734660e+00  3.1060049550e+00  3.4439997320e+00
    5.2400000000e+00 -8.4080027900e-01 -9.6166573100e-01 -8.4220309800e-01  3.3699140610e+00  3.0891998530e+00  3.4242799460e+00
    5.2500000000e+00 -8.3856566700e-01 -9.5229207500e-01 -8.4037649800e-01  3.3559975550e+00  3.0726418700e+00  3.4045107200e+00
    5.2600000000e+00 -8.3644923700e-01 -9.4296007700e-01 -8.3838532500e-01  3.3423022900e+00  3.0563226400e+00  3.3846898980e+00
    5.2700000000e+00 -8.3448313000e-01 -9.3365018900e-01 -8.3619347600e-01  3.3287971840e+00  3.0402392440e+00  3.3648240690e+00
    5.2800000000e+00 -8.3268982900e-01 -9.2434480000e-01 -8.3376633400e-01  3.3154443790e+00  3.0243933020e+00  3.3449284530e+00
    5.2900000000e+00 -8.3108084400e-01 -9.1502860000e-01 -8.3107305300e-01  3.3022023790e+00  3.0087901450e+00  3.3250259460e+00
    5.3000000000e+00 -8.2965639500e-01 -9.0568871200e-01 -8.2808825400e-01  3.2890294590e+00  2.9934381900e+00  3.3051456120e+00
    5.3100000000e+00 -8.2840618400e-01 -8.9631475000e-01 -8.2479305300e-01  3.2758869810e+00  2.9783485330e+00  3.2853209080e+00
    5.3200000000e+00 -8.2731118900e-01 -8.8689892400e-01 -8.2117549100e-01  3.2627422720e+00  2.9635347290e+00  3.2655879170e+00
    5.3300000000e+00 -8.2634627400e-01 -8.7743627000e-01 -8.1723050000e-01  3.2495706750e+00  2.9490126540e+00  3.2459837710e+00
    5.3400000000e+00 -8.2548325600e-01 -8.6792502500e-01 -8.1295959500e-01  3.2363565630e+00  2.9348003630e+00  3.2265453020e+00
    5.3500000000e+00 -8.2469398900e-01 -8.5836714500e-01 -8.0837039100e-01  3.2230932180e+00  2.9209178710e+00  3.2073079110e+00
    5.3600000000e+00 -8.2395308600e-01 -8.4876894200e-01 -8.0347600800e-01  3.2097817050e+00  2.9073867670e+00  3.1883046040e+00
    5.3700000000e+00 -8.2323993400e-01 -8.3914176800e-01 -7.9829436700e-01  3.1964289750e+00  2.8942295870e+00  3.1695651760e+00
    5.3800000000e+00 -8.2253984500e-01 -8.2950267400e-01 -7.9284737200e-01  3.1830455430e+00  2.8814688790e+00  3.1511155500e+00
    5.3900000000e+00 -8.2184428600e-01 -8.1987487600e-01 -7.8716003500e-01  3.1696430750e+00  2.8691259490e+00  3.1329773270e+00
    5.4000000000e+00 -8.2115027900e-01 -8.1028790500e-01 -7.8125959300e-01  3.1562322350e+00  2.8572193240e+00  3.1151675340e+00
    5.4100000000e+00 -8.2045918000e-01 -8.0077729600e-01 -7.7517470700e-01  3.1428210330e+00  2.8457630530e+00  3.0976985290e+00
    5.4200000000e+00 -8.1977510100e-01 -7.9138374500e-01 -7.6893475100e-01  3.1294138200e+00  2.8347650080e+00  3.0805779700e+00
    5.4300000000e+00 -8.1910325100e-01 -7.8215172700e-01 -7.6256913600e-01  3.1160109390e+00  2.8242253800e+00  3.0638087700e+00
    5.4400000000e+00 -8.1844844000e-01 -7.7312763200e-01 -7.5610655500e-01  3.1026089360e+00  2.8141355480e+00  3.0473890150e+00
    5.4500000000e+00 -8.1781385800e-01 -7.6435753900e-01 -7.4957402300e-01  3.0892011890e+00  2.8044774990e+00  3.0313119440e+00
    5.4600000000e+00 -8.1720021400e-01 -7.5588482300e-01 -7.4299570000e-01  3.0757787860e+00  2.7952239240e+00  3.0155661660e+00
    5.4700000000e+00 -8.1660521600e-01 -7.4774784100e-01 -7.3639156500e-01  3.0623315300e+00  2.7863390520e+00  3.0001363110e+00
    5.4800000000e+00 -8.1602338500e-01 -7.3997796200e-01 -7.2977620100e-01  3.0488489810e+00  2.7777801550e+00  2.9850042660e+00
    5.4900000000e+00 -8.1544617900e-01 -7.3259818700e-01 -7.2315799200e-01  3.0353214460e+00  2.7694995630e+00  2.9701509530e+00
    5.5000000000e+00 -8.1486237400e-01 -7.2562247200e-01 -7.1653901300e-01  3.0217408440e+00  2.7614469030e+00  2.9555584790e+00
    5.5100000000e+00 -8.1425866700e-01 -7.1905574300e-01 -7.0991577900e-01  3.0081013850e+00  2.7535713030e+00  2.9412123040e+00
    5.5200000000e+00 -8.1362039100e-01 -7.1289448100e-01 -7.0328083100e-01  2.9944000120e+00  2.7458233200e+00  2.9271030380e+00
    5.5300000000e+00 -8.1293227500e-01 -7.0712768800e-01 -6.9662493300e-01  2.9806366320e+00  2.7381565030e+00  2.9132275400e+00
    5.5400000000e+00 -8.1217919500e-01 -7.0173807600e-01 -6.8993955200e-01  2.9668141560e+00  2.7305285520e+00  2.8995891100e+00
    5.5500000000e+00 -8.1134690500e-01 -6.9670338100e-01 -6.8321923900e-01  2.9529383940e+00  2.7229020970e+00  2.8861967380e+00
    5.5600000000e+00 -8.1042277400e-01 -6.9199772000e-01 -6.7646355800e-01  2.9390178000e+00  2.7152451040e+00  2.8730635490e+00
    5.5700000000e+00 -8.0939651700e-01 -6.8759288600e-01 -6.6967830900e-01  2.9250630000e+00  2.7075308760e+00  2.8602046670e+00
    5.5800000000e+00 -8.0826084300e-01 -6.8345944600e-01 -6.6287591900e-01  2.9110860350e+00  2.6997377050e+00  2.8476348080e+00
    5.5900000000e+00 -8.0701185200e-01 -6.7956749200e-01 -6.5607496400e-01  2.8970992850e+00  2.6918482460e+00  2.8353659050e+00
    5.6000000000e+00 -8.0564898600e-01 -6.7588693500e-01 -6.4929890300e-01  2.8831141800e+00  2.6838488540e+00  2.8234050650e+00
    5.6100000000e+00 -8.0417439400e-01 -6.7238741300e-01 -6.4257419200e-01  2.8691399230e+00  2.6757291220e+00  2.8117530830e+00
    5.6200000000e+00 -8.0259171000e-01 -6.6903797600e-01 -6.3592801200e-01  2.8551825190e+00  2.6674818180e+00  2.8004037080e+00
    5.6300000000e+00 -8.0090441500e-01 -6.6580686200e-01 -6.2938588800e-01  2.8412444310e+00  2.6591033010e+00  2.7893437500e+00
    5.6400000000e+00 -7.9911412900e-01 -6.6266164600e-01 -6.2296953300e-01  2.8273250270e+00  2.6505942750e+00  2.7785539870e+00
    5.6500000000e+00 -7.9721922700e-01 -6.5956993200e-01 -6.1669517100e-01  2.8134218120e+00  2.6419606160e+00  2.7680107480e+00
    5.6600000000e+00 -7.9521413900e-01 -6.5650058000e-01 -6.1057254300e-01  2.7995322190e+00  2.6332139420e+00  2.7576879010e+00
    5.6700000000e+00 -7.9308955100e-01 -6.5342529000e-01 -6.0460467500e-01  2.7856555720e+00  2.6243716510e+00  2.7475589680e+00
    5.6800000000e+00 -7.9083348500e-01 -6.5032022200e-01 -5.9878832000e-01  2.7717947820e+00  2.6154562910e+00  2.7375990850e+00
    5.6900000000e+00 -7.8843302800e-01 -6.4716734300e-01 -5.9311495400e-01  2.7579573800e+00  2.6064943100e+00  2.7277865960e+00
    5.7000000000e+00 -7.8587633700e-01 -6.4395524200e-01 -5.8757209900e-01  2.7441557060e+00  2.5975143770e+00  2.7181041690e+00
    5.7100000000e+00 -7.8315450100e-01 -6.4067930900e-01 -5.8214480000e-01  2.7304062150e+00  2.5885455540e+00  2.7085394140e+00
    5.7200000000e+00 -7.8026290800e-01 -6.3734129600e-01 -5.7681707900e-01  2.7167281030e+00  2.5796155900e+00  2.6990850120e+00
    5.7300000000e+00 -7.7720190400e-01 -6.3394840900e-01 -5.7157321800e-01  2.7031415270e+00  2.5707495450e+00  2.6897384510e+00
    5.7400000000e+00 -7.7397665700e-01 -6.3051210800e-01 -5.6639875700e-01  2.6896657980e+00  2.5619688600e+00  2.6805014720e+00
    5.7500000000e+00 -7.7059632000e-01 -6.2704681700e-01 -5.6128116800e-01  2.6763178380e+00  2.5532909150e+00  2.6713793970e+00
    5.7600000000e+00 -7.6707269700e-01 -6.2356872600e-01 -5.5621020800e-01  2.6631111980e+00  2.5447290060e+00  2.6623804980e+00
    5.7700000000e+00 -7.6341871500e-01 -6.2009480900e-01 -5.5117810400e-01  2.6500557580e+00  2.5362926740e+00  2.6535155770e+00
    5.7800000000e+00 -7.5964702700e-01 -6.1664215900e-01 -5.4617975600e-01  2.6371581050e+00  2.5279882130e+00  2.6447977720e+00
    5.7900000000e+00 -7.5576902100e-01 -6.1322764100e-01 -5.4121315500e-01  2.6244224320e+00  2.5198192270e+00  2.6362425030e+00
    5.8000000000e+00 -7.5179444600e-01 -6.0986781600e-01 -5.3628014500e-01  2.6118516990e+00  2.5117870620e+00  2.6278673530e+00
    5.8100000000e+00 -7.4773163600e-01 -6.0657901400e-01 -5.3138746300e-01  2.5994487140e+00  2.5038910460e+00  2.6196915850e+00
    5.8200000000e+00 -7.4358824800e-01 -6.0337739500e-01 -5.2654786300e-01  2.5872168600e+00  2.4961284900e+00  2.6117351100e+00
    5.8300000000e+00 -7.3937221300e-01 -6.0027889200e-01 -5.2178097300e-01  2.5751602620e+00  2.4884945380e+00  2.6040167920e+00
    5.8400000000e+00 -7.3509260000e-01 -5.9729893400e-01 -5.1711354900e-01  2.5632833830e+00  2.4809819770e+00  2.5965522320e+00
    5.8500000000e+00 -7.3076010000e-01 -5.9445198200e-01 -5.1257883200e-01  2.5515901660e+00  2.4735811480e+00  2.5893513430e+00
    5.8600000000e+00 -7.2638695200e-01 -5.9175096400e-01 -5.0821496200e-01  2.5400830050e+00  2.4662800780e+00  2.5824161310e+00
    5.8700000000e+00 -7.2198629000e-01 -5.8920673000e-01 -5.0406257200e-01  2.5287618570e+00  2.4590648760e+00  2.5757390980e+00
    5.8800000000e+00 -7.1757106800e-01 -5.8682770300e-01 -5.0016190100e-01  2.5176237640e+00  2.4519203460e+00  2.5693025810e+00
    5.8900000000e+00 -7.1315282200e-01 -5.8461979900e-01 -4.9654984300e-01  2.5066629670e+00  2.4448307150e+00  2.5630791150e+00
    5.9000000000e+00 -7.0874056900e-01 -5.8258667600e-01 -4.9325733600e-01  2.4958716120e+00  2.4377803180e+00  2.5570327300e+00
    5.9100000000e+00 -7.0434014000e-01 -5.8073024700e-01 -4.9030737300e-01  2.4852409130e+00  2.4307540710e+00  2.5511209370e+00
    5.9200000000e+00 -6.9995409200e-01 -5.7905134000e-01 -4.8771376500e-01  2.4747625260e+00  2.4237376300e+00  2.5452970940e+00
    5.9300000000e+00 -6.9558224500e-01 -5.7755033000e-01 -4.8548064100e-01  2.4644298160e+00  2.4167171790e+00  2.5395128660e+00
    5.9400000000e+00 -6.9122273100e-01 -5.7622755200e-01 -4.8360258500e-01  2.4542387490e+00  2.4096788820e+00  2.5337205980e+00
    5.9500000000e+00 -6.8687327400e-01 -5.7508334800e-01 -4.8206531500e-01  2.4441882050e+00  2.4026081430e+00  2.5278754920e+00
    5.9600000000e+00 -6.8253242700e-01 -5.7411765000e-01 -4.8084681800e-01  2.4342796910e+00  2.3954888550e+00  2.5219375190e+00
    5.9700000000e+00 -6.7820045800e-01 -5.7332913000e-01 -4.7991892200e-01  2.4245165810e+00  2.3883029010e+00  2.5158730080e+00
    5.9800000000e+00 -6.7387974800e-01 -5.7271405100e-01 -4.7924925800e-01  2.4149031390e+00  2.3810301070e+00  2.5096557770e+00
    5.9900000000e+00 -6.6957468400e-01 -5.7226508100e-01 -4.7880351200e-01  2.4054436190e+00  2.3736487840e+00  2.5032676680e+00
    6.0000000000e+00 -6.6529124200e-01 -5.7197037600e-01 -4.7854777500e-01  2.3961416450e+00  2.3661368310e+00  2.4966983500e+00
    6.0100000000e+00 -6.6103645900e-01 -5.7181316300e-01 -4.7845071000e-01  2.3869999580e+00  2.3584732120e+00  2.4899443190e+00
    6.0200000000e+00 -6.5681802900e-01 -5.7177195900e-01 -4.7848521400e-01  2.3780204530e+00  2.3506395430e+00  2.4830072050e+00
    6.0300000000e+00 -6.5264410900e-01 -5.7182137800e-01 -4.7862930200e-01  2.3692043380e+00  2.3426214760e+00  2.4758915880e+00
    6.0400000000e+00 -6.4852332600e-01 -5.7193335000e-01 -4.7886606100e-01  2.3605522520e+00  2.3344096790e+00  2.4686027050e+00
    6.0500000000e+00 -6.4446486300e-01 -5.7207852200e-01 -4.7918269200e-01  2.3520642420e+00  2.3260003210e+00  2.4611444420e+00
    6.0600000000e+00 -6.4047850600e-01 -5.7222762400e-01 -4.7956885400e-01  2.3437395990e+00  2.3173951000e+00  2.4535179570e+00
    6.0700000000e+00 -6.3657453900e-01 -5.7235266300e-01 -4.8001465100e-01  2.3355766350e+00  2.3086009510e+00  2.4457211750e+00
    6.0800000000e+00 -6.3276349400e-01 -5.7242792800e-01 -4.8050864400e-01  2.3275725340e+00  2.2996295530e+00  2.4377491820e+00
    6.0900000000e+00 -6.2905582400e-01 -5.7243083800e-01 -4.8103627300e-01  2.3197233680e+00  2.2904967510e+00  2.4295954080e+00
    6.1000000000e+00 -6.2546163000e-01 -5.7234271100e-01 -4.8157891100e-01  2.3120243320e+00  2.2812218730e+00  2.4212533380e+00
    6.1100000000e+00 -6.2199058000e-01 -5.7214948700e-01 -4.8211368900e-01  2.3044701300e+00  2.2718269130e+00  2.4127184510e+00
    6.1200000000e+00 -6.1865213100e-01 -5.7184234500e-01 -4.8261408300e-01  2.2970553810e+00  2.2623354830e+00  2.4039900960e+00
    6.1300000000e+00 -6.1545603100e-01 -5.7141810100e-01 -4.8305115300e-01  2.2897748660e+00  2.2527715000e+00  2.3950730380e+00
    6.1400000000e+00 -6.1241300900e-01 -5.7087920800e-01 -4.8339527400e-01  2.2826234230e+00  2.2431576760e+00  2.3859785060e+00
    6.1500000000e+00 -6.0953544800e-01 -5.7023324800e-01 -4.8361817300e-01  2.2755954260e+00  2.2335139690e+00  2.3767246120e+00
    6.1600000000e+00 -6.0683780200e-01 -5.6949188800e-01 -4.8369504500e-01  2.2686838510e+00  2.2238562500e+00  2.3673360900e+00
    6.1700000000e+00 -6.0433657500e-01 -5.6866943700e-01 -4.8360654100e-01  2.2618790830e+00  2.2141953970e+00  2.3578433540e+00
    6.1800000000e+00 -6.0204975400e-01 -5.6778121600e-01 -4.8334041500e-01  2.2551676890e+00  2.2045369610e+00  2.3482809290e+00
    6.1900000000e+00 -5.9999570900e-01 -5.6684202500e-01 -4.8289263300e-01  2.2485313960e+00  2.1948813730e+00  2.3386854040e+00
    6.2000000000e+00 -5.9819168600e-01 -5.6586486500e-01 -4.8226778900e-01  2.2419464820e+00  2.1852245780e+00  2.3290930770e+00
    6.2100000000e+00 -5.9665206900e-01 -5.6486002800e-01 -4.8147876600e-01  2.2353837210e+00  2.1755588790e+00  2.3195375630e+00
    6.2200000000e+00 -5.9538664200e-01 -5.6383450100e-01 -4.8054564700e-01  2.2288089060e+00  2.1658738510e+00  2.3100476230e+00
    6.2300000000e+00 -5.9439903600e-01 -5.6279158000e-01 -4.7949400500e-01  2.2221839370e+00  2.1561572000e+00  2.3006454700e+00
    6.2400000000e+00 -5.9368553000e-01 -5.6173062100e-01 -4.7835280600e-01  2.2154683530e+00  2.1463956100e+00  2.2913457350e+00
    6.2500000000e+00 -5.9323431400e-01 -5.6064686500e-01 -4.7715219300e-01  2.2086211940e+00  2.1365755940e+00  2.2821551800e+00
    6.2600000000e+00 -5.9302529100e-01 -5.5953137400e-01 -4.7592143600e-01  2.2016030390e+00  2.1266844300e+00  2.2730730800e+00
    6.2700000000e+00 -5.9303043100e-01 -5.5837115800e-01 -4.7468727100e-01  2.1943780840e+00  2.1167111730e+00  2.2640921150e+00
    6.2800000000e+00 -5.9321471300e-01 -5.5714956000e-01 -4.7347269700e-01  2.1869160910e+00  2.1066477150e+00  2.2551995450e+00
    6.2900000000e+00 -5.9353759500e-01 -5.5584694000e-01 -4.7229622600e-01  2.1791940690e+00  2.0964897760e+00  2.2463784290e+00
    6.3000000000e+00 -5.9395496300e-01 -5.5444168300e-01 -4.7117143000e-01  2.1711974820e+00  2.0862377260e+00  2.2376087810e+00
    6.3100000000e+00 -5.9442138400e-01 -5.5291143500e-01 -4.7010667700e-01  2.1629208470e+00  2.0758971080e+00  2.2288686200e+00
    6.3200000000e+00 -5.9489243500e-01 -5.5123449500e-01 -4.6910493400e-01  2.1543675980e+00  2.0654787920e+00  2.2201349720e+00
    6.3300000000e+00 -5.9532683200e-01 -5.4939120200e-01 -4.6816365800e-01  2.1455492350e+00  2.0549986970e+00  2.2113849290e+00
    6.3400000000e+00 -5.9568808000e-01 -5.4736517900e-01 -4.6727482200e-01  2.1364838970e+00  2.0444771180e+00  2.2025967920e+00
    6.3500000000e+00 -5.9594548600e-01 -5.4514430000e-01 -4.6642517500e-01  2.1271946090e+00  2.0339377340e+00  2.1937513130e+00
    6.3600000000e+00 -5.9607450900e-01 -5.4272130000e-01 -4.6559681700e-01  2.1177075280e+00  2.0234064250e+00  2.1848329590e+00
    6.3700000000e+00 -5.9605657500e-01 -5.4009400600e-01 -4.6476814000e-01  2.1080504320e+00  2.0129100380e+00  2.1758310870e+00
    6.3800000000e+00 -5.9587862000e-01 -5.3726524900e-01 -4.6391514500e-01  2.0982515880e+00  2.0024752320e+00  2.1667409010e+00
    6.3900000000e+00 -5.9553256200e-01 -5.3424252600e-01 -4.6301305800e-01  2.0883389930e+00  1.9921274650e+00  2.1575640290e+00
    6.4000000000e+00 -5.9501489000e-01 -5.3103748700e-01 -4.6203813400e-01  2.0783398300e+00  1.9818901550e+00  2.1483086140e+00
    6.4100000000e+00 -5.9432637800e-01 -5.2766530900e-01 -4.6096946700e-01  2.0682799850e+00  1.9717840060e+00  2.1389888430e+00
    6.4200000000e+00 -5.9347185700e-01 -5.2414398900e-01 -4.5979060000e-01  2.0581834880e+00  1.9618265110e+00  2.1296239230e+00
    6.4300000000e+00 -5.9245992200e-01 -5.2049358400e-01 -4.5849076200e-01  2.0480718500e+00  1.9520316310e+00  2.1202365930e+00
    6.4400000000e+00 -5.9130245400e-01 -5.1673544500e-01 -4.5706556300e-01  2.0379633210e+00  1.9424096480e+00  2.1108513310e+00
    6.4500000000e+00 -5.9001389700e-01 -5.1289147700e-01 -4.5551710900e-01  2.0278721930e+00  1.9329672010e+00  2.1014924460e+00
    6.4600000000e+00 -5.8861029100e-01 -5.0898349600e-01 -4.5385349900e-01  2.0178082550e+00  1.9237074700e+00  2.0921822730e+00
    6.4700000000e+00 -5.8710810700e-01 -5.0503267900e-01 -4.5208781600e-01  2.0077764970e+00  1.9146304680e+00  2.0829396670e+00
    6.4800000000e+00 -5.8552298700e-01 -5.0105915400e-01 -4.5023673700e-01  1.9977771540e+00  1.9057333990e+00  2.0737789490e+00
    6.4900000000e+00 -5.8386848300e-01 -4.9708170400e-01 -4.4831895900e-01  1.9878061050e+00  1.8970110460e+00  2.0647093940e+00
    6.5000000000e+00 -5.8215491800e-01 -4.9311757700e-01 -4.4635365600e-01  1.9778556520e+00  1.8884561390e+00  2.0557352600e+00
    6.5100000000e+00 -5.8038849400e-01 -4.8918239600e-01 -4.4435914400e-01  1.9679156210e+00  1.8800596970e+00  2.0468563030e+00
    6.5200000000e+00 -5.7857075500e-01 -4.8529010900e-01 -4.4235190600e-01  1.9579747200e+00  1.8718112960e+00  2.0380686140e+00
    6.5300000000e+00 -5.7669848400e-01 -4.8145296600e-01 -4.4034603500e-01  1.9480220160e+00  1.8636992800e+00  2.0293656460e+00
    6.5400000000e+00 -5.7476406300e-01 -4.7768145900e-01 -4.3835312500e-01  1.9380484030e+00  1.8557109240e+00  2.0207392240e+00
    6.5500000000e+00 -5.7275628300e-01 -4.7398420000e-01 -4.3638253300e-01  1.9280478700e+00  1.8478325920e+00  2.0121803740e+00
    6.5600000000e+00 -5.7066149300e-01 -4.7036775900e-01 -4.3444190300e-01  1.9180184590e+00  1.8400499800e+00  2.0036798560e+00
    6.5700000000e+00 -5.6846497900e-01 -4.6683651400e-01 -4.3253777100e-01  1.9079627990e+00  1.8323484630e+00  1.9952282790e+00
    6.5800000000e+00 -5.6615240000e-01 -4.6339260600e-01 -4.3067604500e-01  1.8978881980e+00  1.8247135790e+00  1.9868158590e+00
    6.5900000000e+00 -5.6371115600e-01 -4.6003609600e-01 -4.2886217100e-01  1.8878063060e+00  1.8171315690e+00  1.9784318970e+00
    6.6000000000e+00 -5.6113157400e-01 -4.5676537200e-01 -4.2710089100e-01  1.8777324140e+00  1.8095898650e+00  1.9700641970e+00
    6.6100000000e+00 -5.5840781200e-01 -4.5357777300e-01 -4.2539559800e-01  1.8676844490e+00  1.8020773780e+00  1.9616986590e+00
    6.6200000000e+00 -5.5553843600e-01 -4.5047032100e-01 -4.2374741800e-01  1.8576817740e+00  1.7945844600e+00  1.9533192310e+00
    6.6300000000e+00 -5.5252660200e-01 -4.4744038300e-01 -4.2215425100e-01  1.8477438790e+00  1.7871025060e+00  1.9449083370e+00
    6.6400000000e+00 -5.4937982800e-01 -4.4448607700e-01 -4.2060997900e-01  1.8378890960e+00  1.7796232330e+00  1.9364477370e+00
    6.6500000000e+00 -5.4610937900e-01 -4.4160626900e-01 -4.1910404400e-01  1.8281334890e+00  1.7721377820e+00  1.9279197190e+00
    6.6600000000e+00 -5.4272935300e-01 -4.3880009200e-01 -4.1762148400e-01  1.8184900340e+00  1.7646358570e+00  1.9193084140e+00
    6.6700000000e+00 -5.3925562400e-01 -4.3606602500e-01 -4.1614343600e-01  1.8089682010e+00  1.7571051260e+00  1.9106010540e+00
    6.6800000000e+00 -5.3570480000e-01 -4.3340066500e-01 -4.1464803100e-01  1.7995739230e+00  1.7495310900e+00  1.9017889790e+00
    6.6900000000e+00 -5.3209336500e-01 -4.3079743800e-01 -4.1311154300e-01  1.7903098630e+00  1.7418975340e+00  1.8928682970e+00
    6.7000000000e+00 -5.2843707500e-01 -4.2824550500e-01 -4.1150963100e-01  1.7811758660e+00  1.7341875780e+00  1.8838401390e+00
    6.7100000000e+00 -5.2475059300e-01 -4.2572913600e-01 -4.0981852100e-01  1.7721694150e+00  1.7263851850e+00  1.8747105480e+00
    6.7200000000e+00 -5.2104726800e-01 -4.2322771000e-01 -4.0801601300e-01  1.7632860190e+00  1.7184769260e+00  1.8654900700e+00
    6.7300000000e+00 -5.1733897200e-01 -4.2071641700e-01 -4.0608225300e-01  1.7545195200e+00  1.7104536860e+00  1.8561931870e+00
    6.7400000000e+00 -5.1363589900e-01 -4.1816756800e-01 -4.0400027800e-01  1.7458623740e+00  1.7023120460e+00  1.8468377010e+00
    6.7500000000e+00 -5.0994635100e-01 -4.1555235000e-01 -4.0175640100e-01  1.7373059990e+00  1.6940551300e+00  1.8374441470e+00
    6.7600000000e+00 -5.0627656900e-01 -4.1284276000e-01 -3.9934051900e-01  1.7288412380e+00  1.6856927890e+00  1.8280352880e+00
    6.7700000000e+00 -5.0263070700e-01 -4.1001346200e-01 -3.9674644200e-01  1.7204589310e+00  1.6772411400e+00  1.8186356330e+00
    6.7800000000e+00 -4.9901103000e-01 -4.0704335000e-01 -3.9397227600e-01  1.7121505080e+00  1.6687215510e+00  1.8092709250e+00
    6.7900000000e+00 -4.9541834500e-01 -4.0391665800e-01 -3.9102085100e-01  1.7039085000e+00  1.6601592420e+00  1.7999674660e+00
    6.8000000000e+00 -4.9185262300e-01 -4.0062355400e-01 -3.8790010300e-01  1.6957268430e+00  1.6515817190e+00  1.7907512200e+00
    6.8100000000e+00 -4.8831369800e-01 -3.9716023800e-01 -3.8462325700e-01  1.6876009050e+00  1.6430172080e+00  1.7816466600e+00
    6.8200000000e+00 -4.8480193200e-01 -3.9352863500e-01 -3.8120868300e-01  1.6795272160e+00  1.6344932410e+00  1.7726754180e+00
    6.8300000000e+00 -4.8131869800e-01 -3.8973576200e-01 -3.7767929300e-01  1.6715029380e+00  1.6260354920e+00  1.7638548940e+00
    6.8400000000e+00 -4.7786661700e-01 -3.8579290600e-01 -3.7406144400e-01  1.6635251620e+00  1.6176668890e+00  1.7551970010e+00
    6.8500000000e+00 -4.7444946600e-01 -3.8171470100e-01 -3.7038340400e-01  1.6555901590e+00  1.6094070340e+00  1.7467072690e+00
    6.8600000000e+00 -4.7107178000e-01 -3.7751818900e-01 -3.6667354200e-01  1.6476926930e+00  1.6012718930e+00  1.7383844710e+00
    6.8700000000e+00 -4.6773817400e-01 -3.7322196000e-01 -3.6295844600e-01  1.6398255410e+00  1.5932737320e+00  1.7302208700e+00
    6.8800000000e+00 -4.6445249700e-01 -3.6884539700e-01 -3.5926122100e-01  1.6319792880e+00  1.5854212210e+00  1.7222030730e+00
    6.8900000000e+00 -4.6121689900e-01 -3.6440806900e-01 -3.5560018100e-01  1.6241424740e+00  1.5777196580e+00  1.7143133770e+00
    6.9000000000e+00 -4.5803097800e-01 -3.5992923300e-01 -3.5198809600e-01  1.6163021050e+00  1.5701712330e+00  1.7065314150e+00
    6.9100000000e+00 -4.5489112000e-01 -3.5542744000e-01 -3.4843202100e-01  1.6084444960e+00  1.5627753240e+00  1.6988358740e+00
    6.9200000000e+00 -4.5179017900e-01 -3.5092019800e-01 -3.4493367200e-01  1.6005563640e+00  1.5555288070e+00  1.6912060500e+00
    6.9300000000e+00 -4.4871757900e-01 -3.4642371000e-01 -3.4149020300e-01  1.5926260350e+00  1.5484263990e+00  1.6836230890e+00
    6.9400000000e+00 -4.4565988200e-01 -3.4195268200e-01 -3.3809521800e-01  1.5846445820e+00  1.5414610290e+00  1.6760708300e+00
    6.9500000000e+00 -4.4260177000e-01 -3.3752024000e-01 -3.3473985300e-01  1.5766067090e+00  1.5346242220e+00  1.6685362570e+00
    6.9600000000e+00 -4.3952733200e-01 -3.3313795800e-01 -3.3141380700e-01  1.5685112380e+00  1.5279064570e+00  1.6610095980e+00
    6.9700000000e+00 -4.3642146200e-01 -3.2881598900e-01 -3.2810623600e-01  1.5603610770e+00  1.5212974480e+00  1.6534841540e+00
    6.9800000000e+00 -4.3327118900e-01 -3.2456325400e-01 -3.2480647600e-01  1.5521626650e+00  1.5147863120e+00  1.6459559330e+00
    6.9900000000e+00 -4.3006669600e-01 -3.2038765300e-01 -3.2150454800e-01  1.5439249420e+00  1.5083616000e+00  1.6384231390e+00
    7.0000000000e+00 -4.2680189200e-01 -3.1629622000e-01 -3.1819143800e-01  1.5356580000e+00  1.5020111950e+00  1.6308855930e+00
    7.0100000000e+00 -4.2347440500e-01 -3.1229516600e-01 -3.1485912600e-01  1.5273716070e+00  1.4957220920e+00  1.6233441720e+00
    7.0200000000e+00 -4.2008499300e-01 -3.0838976600e-01 -3.1150038500e-01  1.5190738560e+00  1.4894801260e+00  1.6158003510e+00
    7.0300000000e+00 -4.1663647500e-01 -3.0458403800e-01 -3.0810841000e-01  1.5107701750e+00  1.4832697040e+00  1.6082559520e+00
    7.0400000000e+00 -4.1313235800e-01 -3.0088023100e-01 -3.0467638400e-01  1.5024628630e+00  1.4770736470e+00  1.6007131720e+00
    7.0500000000e+00 -4.0957542700e-01 -2.9727814200e-01 -3.0119712900e-01  1.4941512360e+00  1.4708732330e+00  1.5931749110e+00
    7.0600000000e+00 -4.0596654400e-01 -2.9377434100e-01 -2.9766300600e-01  1.4858323290e+00  1.4646485320e+00  1.5856453250e+00
    7.0700000000e+00 -4.0230388400e-01 -2.9036145000e-01 -2.9406617300e-01  1.4775020060e+00  1.4583790850e+00  1.5781304840e+00
    7.0800000000e+00 -3.9858269600e-01 -2.8702760100e-01 -2.9039923100e-01  1.4691562380e+00  1.4520449350e+00  1.5706389040e+00
    7.0900000000e+00 -3.9479560500e-01 -2.8375625600e-01 -2.8665619600e-01  1.4607923190e+00  1.4456279220e+00  1.5631817720e+00
    7.1000000000e+00 -3.9093333400e-01 -2.8052649800e-01 -2.8283359400e-01  1.4524098180e+00  1.4391131060e+00  1.5557727210e+00
    7.1100000000e+00 -3.8698569900e-01 -2.7731384300e-01 -2.7893147000e-01  1.4440111480e+00  1.4324901140e+00  1.5484271070e+00
    7.1200000000e+00 -3.8294269200e-01 -2.7409153700e-01 -2.7495408600e-01  1.4356017080e+00  1.4257541980e+00  1.5411608930e+00
    7.1300000000e+00 -3.7879549900e-01 -2.7083220200e-01 -2.7091016500e-01  1.4271896380e+00  1.4189068190e+00  1.5339893000e+00
    7.1400000000e+00 -3.7453732600e-01 -2.6750962400e-01 -2.6681265000e-01  1.4187852310e+00  1.4119556490e+00  1.5269254290e+00
    7.1500000000e+00 -3.7016395400e-01 -2.6410046900e-01 -2.6267802400e-01  1.4104001320e+00  1.4049139590e+00  1.5199790480e+00
    7.1600000000e+00 -3.6567396100e-01 -2.6058568100e-01 -2.5852528800e-01  1.4020464020e+00  1.3977994660e+00  1.5131556330e+00
    7.1700000000e+00 -3.6106859400e-01 -2.5695138400e-01 -2.5437471900e-01  1.3937355830e+00  1.3906327970e+00  1.5064557700e+00
    7.1800000000e+00 -3.5635130900e-01 -2.5318918700e-01 -2.5024649700e-01  1.3854778990e+00  1.3834357970e+00  1.4998749240e+00
    7.1900000000e+00 -3.5152705400e-01 -2.4929589300e-01 -2.4615933300e-01  1.3772816950e+00  1.3762299260e+00  1.4934036100e+00
    7.2000000000e+00 -3.4660140600e-01 -2.4527272000e-01 -2.4212919100e-01  1.3691532130e+00  1.3690349620e+00  1.4870279420e+00
    7.2100000000e+00 -3.4157970700e-01 -2.4112423200e-01 -2.3816823300e-01  1.3610967410e+00  1.3618681560e+00  1.4807305260e+00
    7.2200000000e+00 -3.3646636600e-01 -2.3685718800e-01 -2.3428407500e-01  1.3531150870e+00  1.3547438640e+00  1.4744915920e+00
    7.2300000000e+00 -3.3126443500e-01 -2.3247951100e-01 -2.3047940000e-01  1.3452102860e+00  1.3476735930e+00  1.4682902620e+00
    7.2400000000e+00 -3.2597552600e-01 -2.2799949300e-01 -2.2675194400e-01  1.3373844070e+00  1.3406663300e+00  1.4621058130e+00
    7.2500000000e+00 -3.2060006800e-01 -2.2342526400e-01 -2.2309477900e-01  1.3296403070e+00  1.3337289920e+00  1.4559188420e+00
    7.2600000000e+00 -3.1513786200e-01 -2.1876449900e-01 -2.1949684100e-01  1.3219822090e+00  1.3268668990e+00  1.4497122830e+00
    7.2700000000e+00 -3.0958883900e-01 -2.1402428700e-01 -2.1594363300e-01  1.3144160090e+00  1.3200841910e+00  1.4434722450e+00
    7.2800000000e+00 -3.0395390100e-01 -2.0921110700e-01 -2.1241806600e-01  1.3069492360e+00  1.3133841750e+00  1.4371886780e+00
    7.2900000000e+00 -2.9823569900e-01 -2.0433086700e-01 -2.0890141900e-01  1.2995906620e+00  1.3067696220e+00  1.4308558680e+00
    7.3000000000e+00 -2.9243920700e-01 -1.9938900000e-01 -2.0537441600e-01  1.2923496050e+00  1.3002430160e+00  1.4244727200e+00
    7.3100000000e+00 -2.8657198100e-01 -1.9439063100e-01 -2.0181839000e-01  1.2852350270e+00  1.2938067560e+00  1.4180427940e+00
    7.3200000000e+00 -2.8064403300e-01 -1.8934079600e-01 -1.9821648200e-01  1.2782545920e+00  1.2874632770e+00  1.4115740300e+00
    7.3300000000e+00 -2.7466735000e-01 -1.8424470500e-01 -1.9455478000e-01  1.2714138210e+00  1.2812150780e+00  1.4050781250e+00
    7.3400000000e+00 -2.6865512000e-01 -1.7910800500e-01 -1.9082327100e-01  1.2647155040e+00  1.2750646170e+00  1.3985695680e+00
    7.3500000000e+00 -2.6262081900e-01 -1.7393699100e-01 -1.8701648300e-01  1.2581594420e+00  1.2690140830e+00  1.3920643670e+00
    7.3600000000e+00 -2.5657727900e-01 -1.6873870700e-01 -1.8313369900e-01  1.2517425340e+00  1.2630650600e+00  1.3855786060e+00
    7.3700000000e+00 -2.5053589200e-01 -1.6352090600e-01 -1.7917868200e-01  1.2454591750e+00  1.2572181280e+00  1.3791269610e+00
    7.3800000000e+00 -2.4450602600e-01 -1.5829182300e-01 -1.7515890400e-01  1.2393018620e+00  1.2514724600e+00  1.3727213740e+00
    7.3900000000e+00 -2.3849470600e-01 -1.5305976400e-01 -1.7108435300e-01  1.2332619140e+00  1.2458254860e+00  1.3663700570e+00
    7.4000000000e+00 -2.3250653700e-01 -1.4783252500e-01 -1.6696605200e-01  1.2273301920e+00  1.2402727130e+00  1.3600769690e+00
    7.4100000000e+00 -2.2654384400e-01 -1.4261670900e-01 -1.6281448700e-01  1.2214977350e+00  1.2348077650e+00  1.3538418620e+00
    7.4200000000e+00 -2.2060694200e-01 -1.3741702800e-01 -1.5863815600e-01  1.2157562800e+00  1.2294227270e+00  1.3476608920e+00
    7.4300000000e+00 -2.1469447900e-01 -1.3223574000e-01 -1.5444245400e-01  1.2100986630e+00  1.2241087700e+00  1.3415277350e+00
    7.4400000000e+00 -2.0880383400e-01 -1.2707233800e-01 -1.5022907900e-01  1.2045191070e+00  1.2188570080e+00  1.3354350180e+00
    7.4500000000e+00 -2.0293153800e-01 -1.2192359600e-01 -1.4599603100e-01  1.1990134380e+00  1.2136594630e+00  1.3293758620e+00
    7.4600000000e+00 -1.9707374300e-01 -1.1678400000e-01 -1.4173821800e-01  1.1935792000e+00  1.2085099650e+00  1.3233452680e+00
    7.4700000000e+00 -1.9122673200e-01 -1.1164649500e-01 -1.3744854700e-01  1.1882156660e+00  1.2034048300e+00  1.3173411240e+00
    7.4800000000e+00 -1.8538745500e-01 -1.0650343400e-01 -1.3311928400e-01  1.1829236850e+00  1.1983431900e+00  1.3113646600e+00
    7.4900000000e+00 -1.7955399800e-01 -1.0134754400e-01 -1.2874342700e-01  1.1777053450e+00  1.1933269410e+00  1.3054202960e+00
    7.5000000000e+00 -1.7372593800e-01 -9.6172756000e-02 -1.2431583300e-01  1.1725634610e+00  1.1883603530e+00  1.2995149620e+00
    7.5100000000e+00 -1.6790445700e-01 -9.0974787000e-02 -1.1983388800e-01  1.1675009460e+00  1.1834494480e+00  1.2936570700e+00
    7.5200000000e+00 -1.6209220200e-01 -8.5751414000e-02 -1.1529765400e-01  1.1625201860e+00  1.1786012990e+00  1.2878553930e+00
    7.5300000000e+00 -1.5629290000e-01 -8.0502502000e-02 -1.1070954400e-01  1.1576225250e+00  1.1738233770e+00  1.2821181000e+00
    7.5400000000e+00 -1.5051079300e-01 -7.5229856000e-02 -1.0607369000e-01  1.1528079790e+00  1.1691230270e+00  1.2764521260e+00
    7.5500000000e+00 -1.4475003700e-01 -6.9937009000e-02 -1.0139520700e-01  1.1480752100e+00  1.1645070790e+00  1.2708629400e+00
    7.5600000000e+00 -1.3901416200e-01 -6.4629004000e-02 -9.6679584000e-02  1.1434217690e+00  1.1599815610e+00  1.2653546590e+00
    7.5700000000e+00 -1.3330571900e-01 -5.9312176000e-02 -9.1932297000e-02  1.1388445110e+00  1.1555514360e+00  1.2599303560e+00
    7.5800000000e+00 -1.2762614200e-01 -5.3993909000e-02 -8.7158693000e-02  1.1343401120e+00  1.1512203560e+00  1.2545924160e+00
    7.5900000000e+00 -1.2197583000e-01 -4.8682323000e-02 -8.2364068000e-02  1.1299055600e+00  1.1469904270e+00  1.2493427760e+00
    7.6000000000e+00 -1.1635443100e-01 -4.3385855000e-02 -7.7553834000e-02  1.1255385640e+00  1.1428620470e+00  1.2441830030e+00
    7.6100000000e+00 -1.1076124500e-01 -3.8112781000e-02 -7.2733642000e-02  1.1212378140e+00  1.1388338810e+00  1.2391142070e+00
    7.6200000000e+00 -1.0519571500e-01 -3.2870732000e-02 -6.7909402000e-02  1.1170030520e+00  1.1349030070e+00  1.2341368610e+00
    7.6300000000e+00 -9.9657918000e-02 -2.7666290000e-02 -6.3087142000e-02  1.1128349490e+00  1.1310652310e+00  1.2292506140e+00
    7.6400000000e+00 -9.4148987000e-02 -2.2504736000e-02 -5.8272755000e-02  1.1087347760e+00  1.1273155210e+00  1.2244541890e+00
    7.6500000000e+00 -8.8671384000e-02 -1.7389988000e-02 -5.3471673000e-02  1.1047039120e+00  1.1236484750e+00  1.2197454290e+00
    7.6600000000e+00 -8.3228958000e-02 -1.2324700000e-02 -4.8688584000e-02  1.1007432450e+00  1.1200587330e+00  1.2151215240e+00
    7.6700000000e+00 -7.7826751000e-02 -7.3104770000e-03 -4.3927265000e-02  1.0968525720e+00  1.1165412810e+00  1.2105793700e+00
    7.6800000000e+00 -7.2470559000e-02 -2.3481260000e-03 -3.9190632000e-02  1.0930300980e+00  1.1130916290e+00  1.2061160030e+00
    7.6900000000e+00 -6.7166313000e-02  2.5621260000e-03 -3.4480996000e-02  1.0892721420e+00  1.1097058900e+00  1.2017289700e+00
    7.7000000000e+00 -6.1919388000e-02  7.4204600000e-03 -2.9800519000e-02  1.0855730870e+00  1.1063808270e+00  1.1974165400e+00
    7.7100000000e+00 -5.6733919000e-02  1.2227307000e-02 -2.5151729000e-02  1.0819256020e+00  1.1031139050e+00  1.1931776500e+00
    7.7200000000e+00 -5.1612255000e-02  1.6983177000e-02 -2.0537973000e-02  1.0783210890e+00  1.0999033720e+00  1.1890115790e+00
    7.7300000000e+00 -4.6554585000e-02  2.1688396000e-02 -1.5963660000e-02  1.0747502860e+00  1.0967483130e+00  1.1849174150e+00
    7.7400000000e+00 -4.1558791000e-02  2.6342773000e-02 -1.1434212000e-02  1.0712039690e+00  1.0936486220e+00  1.1808934390e+00
    7.7500000000e+00 -3.6620539000e-02  3.0945228000e-02 -6.9557230000e-03  1.0676736550e+00  1.0906048240e+00  1.1769365940e+00
    7.7600000000e+00 -3.1733593000e-02  3.5493481000e-02 -2.5343980000e-03  1.0641522530e+00  1.0876177080e+00  1.1730421660e+00
    7.7700000000e+00 -2.6890334000e-02  3.9983891000e-02  1.8240720000e-03  1.0606345670e+00  1.0846878160e+00  1.1692037370e+00
    7.7800000000e+00 -2.2082425000e-02  4.4411529000e-02  6.1150780000e-03  1.0571175990e+00  1.0818148630e+00  1.1654134140e+00
    7.7900000000e+00 -1.7301527000e-02  4.8770492000e-02  1.0335485000e-02  1.0536005970e+00  1.0789972020e+00  1.1616622260e+00
    7.8000000000e+00 -1.2539976000e-02  5.3054423000e-02  1.4483823000e-02  1.0500848370e+00  1.0762314490e+00  1.1579405930e+00
    7.8100000000e+00 -7.7913070000e-03  5.7257146000e-02  1.8560295000e-02  1.0465731930e+00  1.0735123380e+00  1.1542387600e+00
    7.8200000000e+00 -3.0505570000e-03  6.1373302000e-02  2.2566667000e-02  1.0430695720e+00  1.0708328240e+00  1.1505471400e+00
    7.8300000000e+00  1.6856810000e-03  6.5398901000e-02  2.6506123000e-02  1.0395783260e+00  1.0681844040e+00  1.1468565440e+00
    7.8400000000e+00  6.4194220000e-03  6.9331708000e-02  3.0383123000e-02  1.0361037460e+00  1.0655575900e+00  1.1431583480e+00
    7.8500000000e+00  1.1151593000e-02  7.3171459000e-02  3.4203296000e-02  1.0326497090e+00  1.0629424730e+00  1.1394446080e+00
    7.8600000000e+00  1.5882409000e-02  7.6919884000e-02  3.7973355000e-02  1.0292195180e+00  1.0603292960e+00  1.1357081880e+00
    7.8700000000e+00  2.0611697000e-02  8.0580562000e-02  4.1701009000e-02  1.0258159110e+00  1.0577090180e+00  1.1319428880e+00
    7.8800000000e+00  2.5339135000e-02  8.4158604000e-02  4.5394863000e-02  1.0224411870e+00  1.0550737940e+00  1.1281435900e+00
    7.8900000000e+00  3.0064351000e-02  8.7660200000e-02  4.9064282000e-02  1.0190973860e+00  1.0524173360e+00  1.1243063840e+00
    7.9000000000e+00  3.4786918000e-02  9.1092067000e-02  5.2719249000e-02  1.0157864270e+00  1.0497350980e+00  1.1204286880e+00
    7.9100000000e+00  3.9506274000e-02  9.4460872000e-02  5.6370224000e-02  1.0125101760e+00  1.0470242530e+00  1.1165093420e+00
    7.9200000000e+00  4.4221658000e-02  9.7772723000e-02  6.0028004000e-02  1.0092704170e+00  1.0442834690e+00  1.1125487150e+00
    7.9300000000e+00  4.8932110000e-02  1.0103278900e-01  6.3703581000e-02  1.0060687800e+00  1.0415125340e+00  1.1085488510e+00
    7.9400000000e+00  5.3636550000e-02  1.0424510800e-01  6.7407939000e-02  1.0029066700e+00  1.0387119060e+00  1.1045136600e+00
    7.9500000000e+00  5.8333916000e-02  1.0741256100e-01  7.1151733000e-02  9.9978529200e-01  1.0358822690e+00  1.1004491350e+00
    7.9600000000e+00  6.3023274000e-02  1.1053697500e-01  7.4944823000e-02  9.9670577500e-01  1.0330241550e+00  1.0963635320e+00
    7.9700000000e+00  6.7703844000e-02  1.1361930900e-01  7.8795624000e-02  9.9366938300e-01  1.0301376520e+00  1.0922674050e+00
    7.9800000000e+00  7.2374868000e-02  1.1665986500e-01  8.2710374000e-02  9.9067773700e-01  1.0272221820e+00  1.0881734060e+00
    7.9900000000e+00  7.7035332000e-02  1.1965852300e-01  8.6692402000e-02  9.8773296300e-01  1.0242763470e+00  1.0840957740e+00
    8.0000000000e+00  8.1683611000e-02  1.2261499200e-01  9.0741564000e-02  9.8483766500e-01  1.0212977860e+00  1.0800495230e+00
    8.0100000000e+00  8.6317118000e-02  1.2552910300e-01  9.4853966000e-02  9.8199470800e-01  1.0182830860e+00  1.0760494050e+00
    8.0200000000e+00  9.0932066000e-02  1.2840116900e-01  9.9022067000e-02  9.7920682700e-01  1.0152277350e+00  1.0721087770e+00
    8.0300000000e+00  9.5523419000e-02  1.3123239400e-01  1.0323517700e-01  9.7647611800e-01  1.0121261880e+00  1.0682385330e+00
    8.0400000000e+00  1.0008507700e-01  1.3402530400e-01  1.0748029400e-01  9.7380353000e-01  1.0089720770e+00  1.0644462270e+00
    8.0500000000e+00  1.0461026000e-01  1.3678414200e-01  1.1174321300e-01  9.7118843600e-01  1.0057585890e+00  1.0607355210e+00
    8.0600000000e+00  1.0909206500e-01  1.3951514100e-01  1.1600975800e-01  9.6862839000e-01  1.0024790240e+00  1.0571059970e+00
    8.0700000000e+00  1.1352408600e-01  1.4222659600e-01  1.2026703600e-01  9.6611910800e-01  9.9912747200e-01  1.0535534000e+00
    8.0800000000e+00  1.1790101800e-01  1.4492868600e-01  1.2450454800e-01  9.6365469500e-01  9.9569953500e-01  1.0500702730e+00
    8.0900000000e+00  1.2221910900e-01  1.4763301200e-01  1.2871503900e-01  9.6122809900e-01  9.9219297700e-01  1.0466469250e+00
    8.1000000000e+00  1.2647640300e-01  1.5035190000e-01  1.3289496500e-01  9.5883168000e-01  9.8860820000e-01  1.0432726500e+00
    8.1100000000e+00  1.3067273300e-01  1.5309756200e-01  1.3704452600e-01  9.5645781100e-01  9.8494844100e-01  1.0399370070e+00
    8.1200000000e+00  1.3480949300e-01  1.5588120600e-01  1.4116724200e-01  9.5409936200e-01  9.8121965800e-01  1.0366310280e+00
    8.1300000000e+00  1.3888928800e-01  1.5871225600e-01  1.4526917000e-01  9.5175002400e-01  9.7743010600e-01  1.0333481690e+00
    8.1400000000e+00  1.4291556600e-01  1.6159776200e-01  1.4935786300e-01  9.4940441600e-01  9.7358968000e-01  1.0300849110e+00
    8.1500000000e+00  1.4689234100e-01  1.6454208700e-01  1.5344125800e-01  9.4705806000e-01  9.6970910400e-01  1.0268409570e+00
    8.1600000000e+00  1.5082404800e-01  1.6754688600e-01  1.5752661400e-01  9.4470729600e-01  9.6579909300e-01  1.0236190540e+00
    8.1700000000e+00  1.5471552000e-01  1.7061136500e-01  1.6161963200e-01  9.4234925100e-01  9.6186959600e-01  1.0204245210e+00
    8.1800000000e+00  1.5857199700e-01  1.7373275600e-01  1.6572380900e-01  9.3998192700e-01  9.5792920200e-01  1.0172645830e+00
    8.1900000000e+00  1.6239907000e-01  1.7690691500e-01  1.6984003200e-01  9.3760440800e-01  9.5398476700e-01  1.0141476050e+00
    8.2000000000e+00  1.6620246300e-01  1.8012896700e-01  1.7396640000e-01  9.3521712500e-01  9.5004129500e-01  1.0110823110e+00
    8.2100000000e+00  1.6998762800e-01  1.8339388300e-01  1.7809822800e-01  9.3282206300e-01  9.4610201700e-01  1.0080770010e+00
    8.2200000000e+00  1.7375918000e-01  1.8669693600e-01  1.8222822800e-01  9.3042278600e-01  9.4216865700e-01  1.0051388150e+00
    8.2300000000e+00  1.7752028800e-01  1.9003399200e-01  1.8634684900e-01  9.2802421200e-01  9.3824177800e-01  1.0022730450e+00
    8.2400000000e+00  1.8127214300e-01  1.9340162000e-01  1.9044279300e-01  9.2563209200e-01  9.3432114700e-01  9.9948252100e-01
    8.2500000000e+00  1.8501366000e-01  1.9679705700e-01  1.9450369700e-01  9.2325228300e-01  9.3040603800e-01  9.9676712700e-01
    8.2600000000e+00  1.8874147400e-01  2.0021808400e-01  1.9851696400e-01  9.2088990100e-01  9.2649542100e-01  9.9412349600e-01
    8.2700000000e+00  1.9245028200e-01  2.0366288400e-01  2.0247070100e-01  9.1854851400e-01  9.2258802100e-01  9.9154496500e-01
    8.2800000000e+00  1.9613346500e-01  2.0712995200e-01  2.0635467100e-01  9.1622950500e-01  9.1868227300e-01  9.8902181100e-01
    8.2900000000e+00  1.9978392100e-01  2.1061812200e-01  2.1016115100e-01  9.1393169200e-01  9.1477621300e-01  9.8654180900e-01
    8.3000000000e+00  2.0339496900e-01  2.1412669600e-01  2.1388558100e-01  9.1165128500e-01  9.1086741200e-01  9.8409105000e-01
    8.3100000000e+00  2.0696122400e-01  2.1765566600e-01  2.1752690300e-01  9.0938214700e-01  9.0695298700e-01  9.8165494100e-01
    8.3200000000e+00  2.1047931900e-01  2.2120594800e-01  2.2108754800e-01  9.0711634300e-01  9.0302975200e-01  9.7921923700e-01
    8.3300000000e+00  2.1394840000e-01  2.2477955100e-01  2.2457308500e-01  9.0484489800e-01  8.9909449400e-01  9.7677098600e-01
    8.3400000000e+00  2.1737033100e-01  2.2837963200e-01  2.2799161500e-01  9.0255867400e-01  8.9514433400e-01  9.7429925700e-01
    8.3500000000e+00  2.2074960800e-01  2.3201038800e-01  2.3135302100e-01  9.0024925100e-01  8.9117709600e-01  9.7179559600e-01
    8.3600000000e+00  2.2409296500e-01  2.3567681600e-01  2.3466819800e-01  8.9790973500e-01  8.8719162100e-01  9.6925421200e-01
    8.3700000000e+00  2.2740875400e-01  2.3938437000e-01  2.3794835600e-01  8.9553536600e-01  8.8318796200e-01  9.6667193700e-01
    8.3800000000e+00  2.3070616300e-01  2.4313859100e-01  2.4120443400e-01  8.9312388000e-01  8.7916744900e-01  9.6404804500e-01
    8.3900000000e+00  2.3399437900e-01  2.4694475600e-01  2.4444663000e-01  8.9067557200e-01  8.7513261700e-01  9.6138399000e-01
    8.4000000000e+00  2.3728180600e-01  2.5080759200e-01  2.4768401700e-01  8.8819308800e-01  8.7108704400e-01  9.5868310400e-01
    8.4100000000e+00  2.4057544100e-01  2.5473108200e-01  2.5092421900e-01  8.8568097700e-01  8.6703513900e-01  9.5595025700e-01
    8.4200000000e+00  2.4388044700e-01  2.5871834500e-01  2.5417313600e-01  8.8314510400e-01  8.6298190200e-01  9.5319145300e-01
    8.4300000000e+00  2.4719996500e-01  2.6277158800e-01  2.5743475400e-01  8.8059198800e-01  8.5893270600e-01  9.5041335300e-01
    8.4400000000e+00  2.5053513600e-01  2.6689209400e-01  2.6071108300e-01  8.7802818000e-01  8.5489309300e-01  9.4762272100e-01
    8.4500000000e+00  2.5388530400e-01  2.7108025600e-01  2.6400228400e-01  8.7545971300e-01  8.5086857900e-01  9.4482585200e-01
    8.4600000000e+00  2.5724834500e-01  2.7533562600e-01  2.6730699000e-01  8.7289168300e-01  8.4686448400e-01  9.4202806800e-01
    8.4700000000e+00  2.6062105300e-01  2.7965700900e-01  2.7062280000e-01  8.7032796300e-01  8.4288576200e-01  9.3923335100e-01
    8.4800000000e+00  2.6399955800e-01  2.8404258900e-01  2.7394686300e-01  8.6777105600e-01  8.3893684900e-01  9.3644420600e-01
    8.4900000000e+00  2.6737973000e-01  2.8849010500e-01  2.7727645700e-01  8.6522204700e-01  8.3502154900e-01  9.3366176200e-01
    8.5000000000e+00  2.7075754900e-01  2.9299707400e-01  2.8060945600e-01  8.6268065100e-01  8.3114297300e-01  9.3088607700e-01
    8.5100000000e+00  2.7412945300e-01  2.9756101700e-01  2.8394461800e-01  8.6014533400e-01  8.2730355600e-01  9.2811660000e-01
    8.5200000000e+00  2.7749265000e-01  3.0217968800e-01  2.8728165200e-01  8.5761350900e-01  8.2350517400e-01  9.2535268400e-01
    8.5300000000e+00  2.8084538200e-01  3.0685123000e-01  2.9062106100e-01  8.5508182200e-01  8.1974933500e-01  9.2259406500e-01
    8.5400000000e+00  2.8418710100e-01  3.1157424700e-01  2.9396380500e-01  8.5254651600e-01  8.1603743900e-01  9.1984123100e-01
    8.5500000000e+00  2.8751851000e-01  3.1634773900e-01  2.9731082200e-01  8.5000386000e-01  8.1237104600e-01  9.1709559900e-01
    8.5600000000e+00  2.9084144300e-01  3.2117092700e-01  3.0066250700e-01  8.4745058300e-01  8.0875209000e-01  9.1435947200e-01
    8.5700000000e+00  2.9415857000e-01  3.2604297500e-01  3.0401824700e-01  8.4488422700e-01  8.0518299300e-01  9.1163574600e-01
    8.5800000000e+00  2.9747298100e-01  3.3096268900e-01  3.0737611500e-01  8.4230333600e-01  8.0166662800e-01  9.0892742700e-01
    8.5900000000e+00  3.0078774200e-01  3.3592825000e-01  3.1073282000e-01  8.3970745600e-01  7.9820613400e-01  9.0623702800e-01
    8.6000000000e+00  3.0410551500e-01  3.4093706900e-01  3.1408392700e-01  8.3709693100e-01  7.9480462000e-01  9.0356598800e-01
    8.6100000000e+00  3.0742833400e-01  3.4598578800e-01  3.1742433700e-01  8.3447256500e-01  7.9146481700e-01  9.0091424800e-01
    8.6200000000e+00  3.1075757500e-01  3.5107045500e-01  3.2074889100e-01  8.3183525900e-01  7.8818876300e-01  8.9828008000e-01
    8.6300000000e+00  3.1409409300e-01  3.5618682600e-01  3.2405297300e-01  8.2918570800e-01  7.8497760600e-01  8.9566020900e-01
    8.6400000000e+00  3.1743845700e-01  3.6133071900e-01  3.2733297500e-01  8.2652423400e-01  7.8183155800e-01  8.9305016300e-01
    8.6500000000e+00  3.2079119500e-01  3.6649834600e-01  3.3058651900e-01  8.2385075500e-01  7.7875001900e-01  8.9044475600e-01
    8.6600000000e+00  3.2415298700e-01  3.7168653900e-01  3.3381243800e-01  8.2116487300e-01  7.7573181600e-01  8.8783855500e-01
    8.6700000000e+00  3.2752476400e-01  3.7689285400e-01  3.3701057400e-01  8.1846599800e-01  7.7277550300e-01  8.8522621900e-01
    8.6800000000e+00  3.3090773900e-01  3.8211552900e-01  3.4018148200e-01  8.1575346900e-01  7.6987964800e-01  8.8260263800e-01
    8.6900000000e+00  3.3430339300e-01  3.8735335000e-01  3.4332619400e-01  8.1302664900e-01  7.6704305900e-01  8.7996288500e-01
    8.7000000000e+00  3.3771345200e-01  3.9260544800e-01  3.4644610900e-01  8.1028498900e-01  7.6426491800e-01  8.7730204500e-01
    8.7100000000e+00  3.4113985900e-01  3.9787108500e-01  3.4954306200e-01  8.0752807500e-01  7.6154483100e-01  8.7461502800e-01
    8.7200000000e+00  3.4458473700e-01  4.0314944900e-01  3.5261955500e-01  8.0475567100e-01  7.5888277800e-01  8.7189647200e-01
    8.7300000000e+00  3.4805034200e-01  4.0843949200e-01  3.5567904000e-01  8.0196775100e-01  7.5627899300e-01  8.6914082500e-01
    8.7400000000e+00  3.5153900600e-01  4.1373984400e-01  3.5872617800e-01  7.9916449100e-01  7.5373379500e-01  8.6634259900e-01
    8.7500000000e+00  3.5505311300e-01  4.1904881900e-01  3.6176695300e-01  7.9634623600e-01  7.5124739100e-01  8.6349677000e-01
    8.7600000000e+00  3.5859510500e-01  4.2436450600e-01  3.6480859100e-01  7.9351345200e-01  7.4881971600e-01  8.6059921600e-01
    8.7700000000e+00  3.6216755600e-01  4.2968493700e-01  3.6785930100e-01  7.9066670500e-01  7.4645034200e-01  8.5764710400e-01
    8.7800000000e+00  3.6577326400e-01  4.3500827000e-01  3.7092787100e-01  7.8780670400e-01  7.4413849200e-01  8.5463913500e-01
    8.7900000000e+00  3.6941532400e-01  4.4033293300e-01  3.7402322200e-01  7.8493441400e-01  7.4188314000e-01  8.5157560900e-01
    8.8000000000e+00  3.7309714700e-01  4.4565768800e-01  3.7715399100e-01  7.8205124200e-01  7.3968317800e-01  8.4845832600e-01
    8.8100000000e+00  3.7682236600e-01  4.5098159500e-01  3.8032822700e-01  7.7915923100e-01  7.3753757900e-01  8.4529035600e-01
    8.8200000000e+00  3.8059465800e-01  4.5630389700e-01  3.8355320300e-01  7.7626121500e-01  7.3544551300e-01  8.4207575500e-01
    8.8300000000e+00  3.8441749800e-01  4.6162385800e-01  3.8683536300e-01  7.7336090000e-01  7.3340638100e-01  8.3881928900e-01
    8.8400000000e+00  3.8829388800e-01  4.6694061900e-01  3.9018037000e-01  7.7046284400e-01  7.3141975500e-01  8.3552619600e-01
    8.8500000000e+00  3.9222611800e-01  4.7225308800e-01  3.9359320600e-01  7.6757234100e-01  7.2948524800e-01  8.3220204400e-01
    8.8600000000e+00  3.9621556700e-01  4.7755992400e-01  3.9707829300e-01  7.6469524900e-01  7.2760233900e-01  8.2885266700e-01
    8.8700000000e+00  4.0026257800e-01  4.8285960600e-01  4.0063959500e-01  7.6183777200e-01  7.2577020200e-01  8.2548417700e-01
    8.8800000000e+00  4.0436637400e-01  4.8815058700e-01  4.0428065500e-01  7.5900622500e-01  7.2398756800e-01  8.2210304100e-01
    8.8900000000e+00  4.0852504100e-01  4.9343151700e-01  4.0800457200e-01  7.5620679700e-01  7.2225266500e-01  8.1871617300e-01
    8.9000000000e+00  4.1273554100e-01  4.9870148900e-01  4.1181389800e-01  7.5344530600e-01  7.2056327200e-01  8.1533101500e-01
    8.9100000000e+00  4.1699379400e-01  5.0396027600e-01  4.1571048100e-01  7.5072695400e-01  7.1891687200e-01  8.1195557500e-01
    8.9200000000e+00  4.2129479700e-01  5.0920849100e-01  4.1969527000e-01  7.4805609800e-01  7.1731092000e-01  8.0859840900e-01
    8.9300000000e+00  4.2563281600e-01  5.1444764400e-01  4.2376810100e-01  7.4543603900e-01  7.1574318700e-01  8.0526853000e-01
    8.9400000000e+00  4.3000162600e-01  5.1968005200e-01  4.2792749100e-01  7.4286885500e-01  7.1421213300e-01  8.0197524000e-01
    8.9500000000e+00  4.3439479500e-01  5.2490858300e-01  4.3217044700e-01  7.4035529800e-01  7.1271724300e-01  7.9872788800e-01
    8.9600000000e+00  4.3880599700e-01  5.3013627200e-01  4.3649233300e-01  7.3789475600e-01  7.1125925800e-01  7.9553554000e-01
    8.9700000000e+00  4.4322932600e-01  5.3536583600e-01  4.4088681500e-01  7.3548529200e-01  7.0984025000e-01  7.9240656900e-01
    8.9800000000e+00  4.4765961700e-01  5.4059916800e-01  4.4534593900e-01  7.3312376600e-01  7.0846349300e-01  7.8934819400e-01
    8.9900000000e+00  4.5209272600e-01  5.4583690700e-01  4.4986037000e-01  7.3080602300e-01  7.0713312700e-01  7.8636600600e-01
    9.0000000000e+00  4.5652578300e-01  5.5107816000e-01  4.5441980000e-01  7.2852717300e-01  7.0585367800e-01  7.8346355200e-01
    9.0100000000e+00  4.6095736700e-01  5.5632044100e-01  4.5901352300e-01  7.2628194400e-01  7.0462948700e-01  7.8064205400e-01
    9.0200000000e+00  4.6538758700e-01  5.6155983400e-01  4.6363111100e-01  7.2406509900e-01  7.0346418100e-01  7.7790032800e-01
    9.0300000000e+00  4.6981802000e-01  5.6679134000e-01  4.6826310000e-01  7.2187188800e-01  7.0236025100e-01  7.7523494200e-01
    9.0400000000e+00  4.7425150000e-01  5.7200934000e-01  4.7290160800e-01  7.1969847700e-01  7.0131882900e-01  7.7264061900e-01
    9.0500000000e+00  4.7869176000e-01  5.7720805800e-01  4.7754077200e-01  7.1754229900e-01  7.0033964700e-01  7.7011081900e-01
    9.0600000000e+00  4.8314296000e-01  5.8238196500e-01  4.8217695100e-01  7.1540225700e-01  6.9942117600e-01  7.6763844500e-01
    9.0700000000e+00  4.8760915900e-01  5.8752605500e-01  4.8680868700e-01  7.1327875400e-01  6.9856085700e-01  7.6521655400e-01
    9.0800000000e+00  4.9209382500e-01  5.9263599400e-01  4.9143642300e-01  7.1117351700e-01  6.9775537600e-01  7.6283898500e-01
    9.0900000000e+00  4.9659943100e-01  5.9770814400e-01  4.9606204600e-01  7.0908925900e-01  6.9700090700e-01  7.6050084000e-01
    9.1000000000e+00  5.0112722600e-01  6.0273953000e-01  5.0068833000e-01  7.0702921900e-01  6.9629329400e-01  7.5819875900e-01
    9.1100000000e+00  5.0567719600e-01  6.0772776200e-01  5.0531834500e-01  7.0499665800e-01  6.9562816100e-01  7.5593098700e-01
    9.1200000000e+00  5.1024822900e-01  6.1267098600e-01  5.0995493400e-01  7.0299439900e-01  6.9500096800e-01  7.5369724800e-01
    9.1300000000e+00  5.1483843200e-01  6.1756785000e-01  5.1460028600e-01  7.0102448100e-01  6.9440703300e-01  7.5149846900e-01
    9.1400000000e+00  5.1944555000e-01  6.2241751300e-01  5.1925566500e-01  6.9908798900e-01  6.9384154700e-01  7.4933642500e-01
    9.1500000000e+00  5.2406739200e-01  6.2721966600e-01  5.2392127400e-01  6.9718506800e-01  6.9329961200e-01  7.4721336000e-01
    9.1600000000e+00  5.2870218400e-01  6.3197457500e-01  5.2859623900e-01  6.9531511600e-01  6.9277628400e-01  7.4513163700e-01
    9.1700000000e+00  5.3334879800e-01  6.3668310600e-01  5.3327866600e-01  6.9347708100e-01  6.9226665600e-01  7.4309344300e-01
    9.1800000000e+00  5.3800681400e-01  6.4134675500e-01  5.3796574300e-01  6.9166981200e-01  6.9176595700e-01  7.4110054000e-01
    9.1900000000e+00  5.4267643200e-01  6.4596764900e-01  5.4265386300e-01  6.8989237100e-01  6.9126967900e-01  7.3915404700e-01
    9.2000000000e+00  5.4735826700e-01  6.5054849800e-01  5.4733877900e-01  6.8814426900e-01  6.9077373000e-01  7.3725423500e-01
    9.2100000000e+00  5.5205308000e-01  6.5509249200e-01  5.5201580300e-01  6.8642557100e-01  6.9027459500e-01  7.3540034300e-01
    9.2200000000e+00  5.5676149700e-01  6.5960311800e-01  5.5668007800e-01  6.8473688000e-01  6.8976946200e-01  7.3359042900e-01
    9.2300000000e+00  5.6148377800e-01  6.6408390300e-01  5.6132689900e-01  6.8307919300e-01  6.8925627400e-01  7.3182128300e-01
    9.2400000000e+00  5.6621967200e-01  6.6853813500e-01  5.6595207700e-01  6.8145368200e-01  6.8873367300e-01  7.3008846700e-01
    9.2500000000e+00  5.7096840000e-01  6.7296861300e-01  5.7055228700e-01  6.7986142000e-01  6.8820080700e-01  7.2838646100e-01
    9.2600000000e+00  5.7572875600e-01  6.7737748900e-01  5.7512534100e-01  6.7830314500e-01  6.8765703000e-01  7.2670894000e-01
    9.2700000000e+00  5.8049932400e-01  6.8176625600e-01  5.7967034500e-01  6.7677909200e-01  6.8710154400e-01  7.2504911400e-01
    9.2800000000e+00  5.8527874800e-01  6.8613588600e-01  5.8418772200e-01  6.7528895400e-01  6.8653304600e-01  7.2340008400e-01
    9.2900000000e+00  5.9006599100e-01  6.9048713200e-01  5.8867911100e-01  6.7383197800e-01  6.8594944500e-01  7.2175514000e-01
    9.3000000000e+00  5.9486051700e-01  6.9482092900e-01  5.9314720800e-01  6.7240719800e-01  6.8534772200e-01  7.2010797400e-01
    9.3100000000e+00  5.9966233700e-01  6.9913885100e-01  5.9759559200e-01  6.7101372400e-01  6.8472395500e-01  7.1845279000e-01
    9.3200000000e+00  6.0447189500e-01  7.0344355200e-01  6.0202859300e-01  6.6965104000e-01  6.8407353000e-01  7.1678435700e-01
    9.3300000000e+00  6.0928980600e-01  7.0773910400e-01  6.0645120900e-01  6.6831921500e-01  6.8339152900e-01  7.1509803400e-01
    9.3400000000e+00  6.1411650800e-01  7.1203119000e-01  6.1086906300e-01  6.6701895900e-01  6.8267324400e-01  7.1338982700e-01
    9.3500000000e+00  6.1895189900e-01  7.1632707300e-01  6.1528835000e-01  6.6575150700e-01  6.8191473600e-01  7.1165647500e-01
    9.3600000000e+00  6.2379505000e-01  7.2063537200e-01  6.1971576000e-01  6.6451832000e-01  6.8111337500e-01  7.0989557300e-01
    9.3700000000e+00  6.2864408000e-01  7.2496565200e-01  6.2415833200e-01  6.6332065900e-01  6.8026825500e-01  7.0810568300e-01
    9.3800000000e+00  6.3349623700e-01  7.2932789200e-01  6.2862326500e-01  6.6215912300e-01  6.7938044300e-01  7.0628642200e-01
    9.3900000000e+00  6.3834818500e-01  7.3373193000e-01  6.3311769100e-01  6.6103323400e-01  6.7845303100e-01  7.0443847500e-01
    9.4000000000e+00  6.4319647100e-01  7.3818692900e-01  6.3764843400e-01  6.5994118700e-01  6.7749101900e-01  7.0256355400e-01
    9.4100000000e+00  6.4803806400e-01  7.4270093200e-01  6.4222179800e-01  6.5887979900e-01  6.7650105600e-01  7.0066426800e-01
    9.4200000000e+00  6.5287088900e-01  7.4728052000e-01  6.4684338300e-01  6.5784470500e-01  6.7549108300e-01  6.9874392700e-01
    9.4300000000e+00  6.5769423100e-01  7.5193058700e-01  6.5151798700e-01  6.5683074300e-01  6.7446992200e-01  6.9680629100e-01
    9.4400000000e+00  6.6250895500e-01  7.5665422600e-01  6.5624959600e-01  6.5583246400e-01  6.7344682800e-01  6.9485528600e-01
    9.4500000000e+00  6.6731752300e-01  7.6145273400e-01  6.6104149600e-01  6.5484467700e-01  6.7243103000e-01  6.9289472800e-01
    9.4600000000e+00  6.7212380600e-01  7.6632575200e-01  6.6589649600e-01  6.5386293600e-01  6.7143129600e-01  6.9092811400e-01
    9.4700000000e+00  6.7693276700e-01  7.7127152500e-01  6.7081723300e-01  6.5288391100e-01  6.7045555300e-01  6.8895853000e-01
    9.4800000000e+00  6.8175005600e-01  7.7628727600e-01  6.7580649900e-01  6.5190561800e-01  6.6951061800e-01  6.8698871300e-01
    9.4900000000e+00  6.8658158100e-01  7.8136962900e-01  6.8086751500e-01  6.5092750000e-01  6.6860208600e-01  6.8502127100e-01
    9.5000000000e+00  6.9143311100e-01  7.8651503500e-01  6.8600408600e-01  6.4995038200e-01  6.6773437800e-01  6.8305902800e-01
    9.5100000000e+00  6.9630991800e-01  7.9172010700e-01  6.9122057300e-01  6.4897630600e-01  6.6691093900e-01  6.8110542800e-01
    9.5200000000e+00  7.0121651700e-01  7.9698183100e-01  6.9652167900e-01  6.4800829800e-01  6.6613452500e-01  6.7916492800e-01
    9.5300000000e+00  7.0615648600e-01  8.0229761900e-01  7.0191205300e-01  6.4705006100e-01  6.6540752300e-01  6.7724327300e-01
    9.5400000000e+00  7.1113240300e-01  8.0766522300e-01  7.0739576500e-01  6.4610567200e-01  6.6473221300e-01  6.7534760400e-01
    9.5500000000e+00  7.1614588300e-01  8.1308254800e-01  7.1297574500e-01  6.4517927500e-01  6.6411094400e-01  6.7348633000e-01
    9.5600000000e+00  7.2119770100e-01  8.1854742700e-01  7.1865327000e-01  6.4427484000e-01  6.6354617300e-01  6.7166875400e-01
    9.5700000000e+00  7.2628798100e-01  8.2405741300e-01  7.2442761700e-01  6.4339599800e-01  6.6304037700e-01  6.6990449200e-01
    9.5800000000e+00  7.3141639300e-01  8.2960966100e-01  7.3029597100e-01  6.4254597400e-01  6.6259586200e-01  6.6820275000e-01
    9.5900000000e+00  7.3658232800e-01  8.3520092500e-01  7.3625363800e-01  6.4172760200e-01  6.6221452500e-01  6.6657158200e-01
    9.6000000000e+00  7.4178500000e-01  8.4082769500e-01  7.4229455500e-01  6.4094340000e-01  6.6189763600e-01  6.6501728200e-01
    9.6100000000e+00  7.4702347300e-01  8.4648643300e-01  7.4841201400e-01  6.4019564800e-01  6.6164569500e-01  6.6354400800e-01
    9.6200000000e+00  7.5229662700e-01  8.5217387100e-01  7.5459948800e-01  6.3948641900e-01  6.6145843400e-01  6.6215372000e-01
    9.6300000000e+00  7.5760310400e-01  8.5788728500e-01  7.6085141500e-01  6.3881754400e-01  6.6133495000e-01  6.6084645300e-01
    9.6400000000e+00  7.6294128600e-01  8.6362467100e-01  7.6716380400e-01  6.3819050200e-01  6.6127395200e-01  6.5962084900e-01
    9.6500000000e+00  7.6830935700e-01  8.6938479600e-01  7.7353459900e-01  6.3760627900e-01  6.6127406100e-01  6.5847486900e-01
    9.6600000000e+00  7.7370545200e-01  8.7516711100e-01  7.7996374900e-01  6.3706523200e-01  6.6133407500e-01  6.5740654900e-01
    9.6700000000e+00  7.7912788100e-01  8.8097157000e-01  7.8645302800e-01  6.3656703300e-01  6.6145316000e-01  6.5641472600e-01
    9.6800000000e+00  7.8457539400e-01  8.8679841200e-01  7.9300563600e-01  6.3611070800e-01  6.6163091700e-01  6.5549962100e-01
    9.6900000000e+00  7.9004741200e-01  8.9264796100e-01  7.9962565000e-01  6.3569479200e-01  6.6186735800e-01  6.5466326500e-01
    9.7000000000e+00  7.9554419100e-01  8.9852049300e-01  8.0631739400e-01  6.3531757400e-01  6.6216280100e-01  6.5390972600e-01
    9.7100000000e+00  8.0106688500e-01  9.0441617900e-01  8.1308477300e-01  6.3497737000e-01  6.6251773200e-01  6.5324513200e-01
    9.7200000000e+00  8.0661750600e-01  9.1033510200e-01  8.1993064200e-01  6.3467280000e-01  6.6293267700e-01  6.5267750100e-01
    9.7300000000e+00  8.1219881700e-01  9.1627736200e-01  8.2685626000e-01  6.3440302200e-01  6.6340810300e-01  6.5221638900e-01
    9.7400000000e+00  8.1781417400e-01  9.2224322000e-01  8.3386087800e-01  6.3416791800e-01  6.6394438800e-01  6.5187239800e-01
    9.7500000000e+00  8.2346734700e-01  9.2823327800e-01  8.4094149900e-01  6.3396823700e-01  6.6454190300e-01  6.5165659800e-01
    9.7600000000e+00  8.2916230400e-01  9.3424860800e-01  8.4809281100e-01  6.3380570100e-01  6.6520119900e-01  6.5157991600e-01
    9.7700000000e+00  8.3490297800e-01  9.4029079000e-01  8.5530730100e-01  6.3368307000e-01  6.6592328800e-01  6.5165255200e-01
    9.7800000000e+00  8.4069299700e-01  9.4636179500e-01  8.6257550900e-01  6.3360414500e-01  6.6670996800e-01  6.5188346700e-01
    9.7900000000e+00  8.4653541700e-01  9.5246369600e-01  8.6988639500e-01  6.3357369200e-01  6.6756410100e-01  6.5227996500e-01
    9.8000000000e+00  8.5243247600e-01  9.5859824300e-01  8.7722779800e-01  6.3359728000e-01  6.6848975500e-01  6.5284739900e-01
    9.8100000000e+00  8.5838541500e-01  9.6476637800e-01  8.8458693100e-01  6.3368105500e-01  6.6949216900e-01  6.5358900800e-01
    9.8200000000e+00  8.6439438600e-01  9.7096775800e-01  8.9195091000e-01  6.3383147500e-01  6.7057751400e-01  6.5450589400e-01
    9.8300000000e+00  8.7045844000e-01  9.7720039600e-01  8.9930724000e-01  6.3405505800e-01  6.7175247200e-01  6.5559714700e-01
    9.8400000000e+00  8.7657557700e-01  9.8346046100e-01  9.0664424800e-01  6.3435816200e-01  6.7302370900e-01  6.5686010700e-01
    9.8500000000e+00  8.8274282600e-01  9.8974225700e-01  9.1395137800e-01  6.3474681900e-01  6.7439729900e-01  6.5829073700e-01
    9.8600000000e+00  8.8895631400e-01  9.9603838600e-01  9.2121934200e-01  6.3522658700e-01  6.7587817000e-01  6.5988404300e-01
    9.8700000000e+00  8.9521134100e-01  1.0023400550e+00  9.2844009900e-01  6.3580242500e-01  6.7746961600e-01  6.6163447600e-01
    9.8800000000e+00  9.0150244900e-01  1.0086375130e+00  9.3560670000e-01  6.3647853100e-01  6.7917289200e-01  6.6353624900e-01
    9.8900000000e+00  9.0782354300e-01  1.0149205770e+00  9.4271307400e-01  6.3725817700e-01  6.8098693900e-01  6.6558351200e-01
    9.9000000000e+00  9.1416806100e-01  1.0211792510e+00  9.4975382400e-01  6.3814353500e-01  6.8290822300e-01  6.6777038700e-01
    9.9100000000e+00  9.2052923000e-01  1.0274043900e+00  9.5672410500e-01  6.3913555200e-01  6.8493075500e-01  6.7009092400e-01
    9.9200000000e+00  9.2690036000e-01  1.0335883810e+00  9.6361961500e-01  6.4023390100e-01  6.8704628800e-01  6.7253902900e-01
    9.9300000000e+00  9.3327514100e-01  1.0397257670e+00  9.7043665600e-01  6.4143704200e-01  6.8924473200e-01  6.7510845800e-01
    9.9400000000e+00  9.3964790100e-01  1.0458137560e+00  9.7717222300e-01  6.4274236600e-01  6.9151475200e-01  6.7779290500e-01
    9.9500000000e+00  9.4601376600e-01  1.0518525200e+00  9.8382401900e-01  6.4414638900e-01  6.9384452500e-01  6.8058617400e-01
    9.9600000000e+00  9.5236874600e-01  1.0578452540e+00  9.9039036200e-01  6.4564493700e-01  6.9622257300e-01  6.8348238500e-01
    9.9700000000e+00  9.5870977200e-01  1.0637979600e+00  9.9686995700e-01  6.4723327800e-01  6.9863857100e-01  6.8647612800e-01
    9.9800000000e+00  9.6503474000e-01  1.0697189850e+00  1.0032615820e+00  6.4890619700e-01  7.0108403400e-01  6.8956248800e-01
    9.9900000000e+00  9.7134261900e-01  1.0756183650e+00  1.0095637520e+00  6.5065803900e-01  7.0355279900e-01  6.9273688700e-01
    1.0000000000e+01  9.7763363600e-01  1.0815070900e+00  1.0157744600e+00  6.5248279600e-01  7.0604123200e-01  6.9599475300e-01
    1.0010000000e+01  9.8390950400e-01  1.0873964030e+00  1.0218910880e+00  6.5437428000e-01  7.0854816400e-01  6.9933102500e-01
    1.0020000000e+01  9.9017364400e-01  1.0932972410e+00  1.0279105590e+00  6.5632644200e-01  7.1107460600e-01  7.0273959300e-01
    1.0030000000e+01  9.9643131200e-01  1.0992198980e+00  1.0338297840e+00  6.5833380800e-01  7.1362334700e-01  7.0621278900e-01
    1.0040000000e+01  1.0026895710e+00  1.1051739050e+00  1.0396463570e+00  6.6039200700e-01  7.1619854500e-01  7.0974104300e-01
    1.0050000000e+01  1.0089570750e+00  1.1111680910e+00  1.0453594570e+00  6.6249829700e-01  7.1880542900e-01  7.1331284700e-01
    1.0060000000e+01  1.0152436690e+00  1.1172107260e+00  1.0509708000e+00  6.6465200700e-01  7.2145015400e-01  7.1691510200e-01
    1.0070000000e+01  1.0215598730e+00  1.1233096440e+00  1.0564854810e+00  6.6685483900e-01  7.2413980800e-01  7.2053388200e-01
    1.0080000000e+01  1.0279163060e+00  1.1294722820e+00  1.0619125230e+00  6.6911098800e-01  7.2688252700e-01  7.2415555800e-01
    1.0090000000e+01  1.0343231280e+00  1.1357056000e+00  1.0672649880e+00  6.7142709000e-01  7.2968764800e-01  7.2776815000e-01
    1.0100000000e+01  1.0407895620e+00  1.1420158910e+00  1.0725595570e+00  6.7381204000e-01  7.3256582700e-01  7.3136272000e-01
    1.0110000000e+01  1.0473235180e+00  1.1484085280e+00  1.0778156040e+00  6.7627673300e-01  7.3552907500e-01  7.3493457500e-01
    1.0120000000e+01  1.0539313050e+00  1.1548876860e+00  1.0830538510e+00  6.7883375600e-01  7.3859071700e-01  7.3848409500e-01
    1.0130000000e+01  1.0606174310e+00  1.1614560790e+00  1.0882947900e+00  6.8149709700e-01  7.4176526900e-01  7.4201703200e-01
    1.0140000000e+01  1.0673844560e+00  1.1681147430e+00  1.0935571090e+00  6.8428184100e-01  7.4506826000e-01  7.4554424100e-01
    1.0150000000e+01  1.0742328890e+00  1.1748628500e+00  1.0988563340e+00  6.8720389600e-01  7.4851603400e-01  7.4908089100e-01
    1.0160000000e+01  1.0811611150e+00  1.1816975490e+00  1.1042038650e+00  6.9027971600e-01  7.5212553600e-01  7.5264530700e-01
    1.0170000000e+01  1.0881653570e+00  1.1886138190e+00  1.1096065040e+00  6.9352603500e-01  7.5591408400e-01  7.5625763800e-01
    1.0180000000e+01  1.0952396580e+00  1.1956043250e+00  1.1150664470e+00  6.9695961200e-01  7.5989910600e-01  7.5993856200e-01
    1.0190000000e+01  1.1023758840e+00  1.2026592870e+00  1.1205816740e+00  7.0059699300e-01  7.6409782800e-01  7.6370819600e-01
    1.0200000000e+01  1.1095637450e+00  1.2097663950e+00  1.1261465600e+00  7.0445427300e-01  7.6852689900e-01  7.6758531300e-01
    1.0210000000e+01  1.1167908130e+00  1.2169108040e+00  1.1317525530e+00  7.0854687500e-01  7.7320194600e-01  7.7158689300e-01
    1.0220000000e+01  1.1240425550e+00  1.2240752500e+00  1.1373887800e+00  7.1288930700e-01  7.7813712200e-01  7.7572793500e-01
    1.0230000000e+01  1.1313023730e+00  1.2312402910e+00  1.1430424910e+00  7.1749491100e-01  7.8334467400e-01  7.8002142900e-01
    1.0240000000e+01  1.1385516820e+00  1.2383846550e+00  1.1486993440e+00  7.2237558500e-01  7.8883460200e-01  7.8447836600e-01
    1.0250000000e+01  1.1457700350e+00  1.2454856420e+00  1.1543435540e+00  7.2754150200e-01  7.9461444100e-01  7.8910769600e-01
    1.0260000000e+01  1.1529353060e+00  1.2525195140e+00  1.1599580110e+00  7.3300081900e-01  8.0068916700e-01  7.9391617400e-01
    1.0270000000e+01  1.1600239320e+00  1.2594618280e+00  1.1655244290e+00  7.3875943400e-01  8.0706118900e-01  7.9890809900e-01
    1.0280000000e+01  1.1670112050e+00  1.2662876760e+00  1.1710236110e+00  7.4482078000e-01  8.1373038100e-01  8.0408498500e-01
    1.0290000000e+01  1.1738715870e+00  1.2729718580e+00  1.1764358670e+00  7.5118569200e-01  8.2069408800e-01  8.0944521300e-01
    1.0300000000e+01  1.1805790320e+00  1.2794890110e+00  1.1817415880e+00  7.5785233600e-01  8.2794706700e-01  8.1498375500e-01
    1.0310000000e+01  1.1871072690e+00  1.2858137590e+00  1.1869219790e+00  7.6481620600e-01  8.3548135100e-01  8.2069201900e-01
    1.0320000000e+01  1.1934300550e+00  1.2919209370e+00  1.1919598960e+00  7.7207014500e-01  8.4328604400e-01  8.2655790000e-01
    1.0330000000e+01  1.1995213580e+00  1.2977859310e+00  1.1968407240e+00  7.7960439700e-01  8.5134709200e-01  8.3256607600e-01
    1.0340000000e+01  1.2053554860e+00  1.3033851570e+00  1.2015532110e+00  7.8740661700e-01  8.5964708800e-01  8.3869858400e-01
    1.0350000000e+01  1.2109071830e+00  1.3086966720e+00  1.2060901460e+00  7.9546183100e-01  8.6816516800e-01  8.4493566400e-01
    1.0360000000e+01  1.2161517100e+00  1.3137008880e+00  1.2104487990e+00  8.0375230400e-01  8.7687707200e-01  8.5125682000e-01
    1.0370000000e+01  1.2210649820e+00  1.3183813340e+00  1.2146310230e+00  8.1225729500e-01  8.8575539500e-01  8.5764201100e-01
    1.0380000000e+01  1.2256238140e+00  1.3227253910e+00  1.2186429940e+00  8.2095271300e-01  8.9477006600e-01  8.6407285800e-01
    1.0390000000e+01  1.2298063600e+00  1.3267249260e+00  1.2224945920e+00  8.2981069700e-01  9.0388903100e-01  8.7053372100e-01
    1.0400000000e+01  1.2335928050e+00  1.3303767670e+00  1.2261984790e+00  8.3879919300e-01  9.1307911200e-01  8.7701254400e-01
    1.0410000000e+01  1.2369663690e+00  1.3336829740e+00  1.2297689850e+00  8.4788164900e-01  9.2230697600e-01  8.8350136500e-01
    1.0420000000e+01  1.2399146190e+00  1.3366508920e+00  1.2332209290e+00  8.5701696300e-01  9.3154017500e-01  8.8999645700e-01
    1.0430000000e+01  1.2424310270e+00  1.3392929880e+00  1.2365685110e+00  8.6615988600e-01  9.4074819300e-01  8.9649812300e-01
    1.0440000000e+01  1.2445166000e+00  1.3416264560e+00  1.2398243780e+00  8.7526202400e-01  9.4990349000e-01  9.0301019500e-01
    1.0450000000e+01  1.2461813110e+00  1.3436725800e+00  1.2429989330e+00  8.8427351800e-01  9.5898248600e-01  9.0953935600e-01
    1.0460000000e+01  1.2474450380e+00  1.3454558280e+00  1.2460999020e+00  8.9314538100e-01  9.6796641800e-01  9.1609437400e-01
    1.0470000000e+01  1.2483376880e+00  1.3470026980e+00  1.2491321420e+00  9.0183225700e-01  9.7684198100e-01  9.2268534200e-01
    1.0480000000e+01  1.2488983430e+00  1.3483403620e+00  1.2520976330e+00  9.1029528300e-01  9.8560162200e-01  9.2932298100e-01
    1.0490000000e+01  1.2491733990e+00  1.3494952630e+00  1.2549956230e+00  9.1850460700e-01  9.9424341500e-01  9.3601805400e-01
    1.0500000000e+01  1.2492139100e+00  1.3504918380e+00  1.2578228430e+00  9.2644119600e-01  1.0027705090e+00  9.4278088500e-01
    1.0510000000e+01  1.2490724650e+00  1.3513515280e+00  1.2605737810e+00  9.3409764800e-01  1.0111902270e+00  9.4962101000e-01
    1.0520000000e+01  1.2488000440e+00  1.3520921990e+00  1.2632409400e+00  9.4147796400e-01  1.0195130110e+00  9.5654691600e-01
    1.0530000000e+01  1.2484432080e+00  1.3527279440e+00  1.2658150780e+00  9.4859637600e-01  1.0277513900e+00  9.6356587700e-01
    1.0540000000e+01  1.2480418890e+00  1.3532691720e+00  1.2682853750e+00  9.5547549500e-01  1.0359191400e+00  9.7068382400e-01
    1.0550000000e+01  1.2476279070e+00  1.3537227900e+00  1.2706395390e+00  9.6214403900e-01  1.0440307010e+00  9.7790522200e-01
    1.0560000000e+01  1.2472242060e+00  1.3540923320e+00  1.2728638550e+00  9.6863441500e-01  1.0521007730e+00  9.8523288800e-01
    1.0570000000e+01  1.2468447500e+00  1.3543779340e+00  1.2749432290e+00  9.7498033200e-01  1.0601439720e+00  9.9266771000e-01
    1.0580000000e+01  1.2464950000e+00  1.3545761800e+00  1.2768612850e+00  9.8121459600e-01  1.0681743560e+00  1.0002082570e+00
    1.0590000000e+01  1.2461728830e+00  1.3546799670e+00  1.2786006170e+00  9.8736718400e-01  1.0762047290e+00  1.0078502860e+00
    1.0600000000e+01  1.2458701660e+00  1.3546785430e+00  1.2801432310e+00  9.9346369400e-01  1.0842457080e+00  1.0155862270e+00
    1.0610000000e+01  1.2455741360e+00  1.3545578870e+00  1.2814712410e+00  9.9952424900e-01  1.0923046470e+00  1.0234047280e+00
    1.0620000000e+01  1.2452694440e+00  1.3543015300e+00  1.2825677830e+00  1.0055629260e+00  1.1003845880e+00  1.0312903830e+00
    1.0630000000e+01  1.2449399770e+00  1.3538917820e+00  1.2834180860e+00  1.0115877300e+00  1.1084834530e+00  1.0392237360e+00
    1.0640000000e+01  1.2445705850e+00  1.3533112990e+00  1.2840106070e+00  1.0176010920e+00  1.1165936450e+00  1.0471816310e+00
    1.0650000000e+01  1.2441485220e+00  1.3525447910e+00  1.2843380730e+00  1.0236008350e+00  1.1247021990e+00  1.0551379340e+00
    1.0660000000e+01  1.2436644720e+00  1.3515806810e+00  1.2843983120e+00  1.0295814800e+00  1.1327915150e+00  1.0630645940e+00
    1.0670000000e+01  1.2431130720e+00  1.3504124870e+00  1.2841947510e+00  1.0355357340e+00  1.1408406680e+00  1.0709329410e+00
    1.0680000000e+01  1.2424929200e+00  1.3490397110e+00  1.2837365050e+00  1.0414560030e+00  1.1488271680e+00  1.0787151090e+00
    1.0690000000e+01  1.2418060950e+00  1.3474680830e+00  1.2830380500e+00  1.0473357360e+00  1.1567289760e+00  1.0863854250e+00
    1.0700000000e+01  1.2410572900e+00  1.3457090680e+00  1.2821185220e+00  1.0531704580e+00  1.1645265300e+00  1.0939216300e+00
    1.0710000000e+01  1.2402527030e+00  1.3437786700e+00  1.2810007410e+00  1.0589583940e+00  1.1722044760e+00  1.1013058340e+00
    1.0720000000e+01  1.2393988630e+00  1.3416956860e+00  1.2797100460e+00  1.0647006160e+00  1.1797528390e+00  1.1085251670e+00
    1.0730000000e+01  1.2385015730e+00  1.3394796800e+00  1.2782730770e+00  1.0704007780e+00  1.1871674770e+00  1.1155720970e+00
    1.0740000000e+01  1.2375651150e+00  1.3371489920e+00  1.2767165490e+00  1.0760645200e+00  1.1944497450e+00  1.1224444560e+00
    1.0750000000e+01  1.2365918030e+00  1.3347190860e+00  1.2750660960e+00  1.0816987120e+00  1.2016055000e+00  1.1291451920e+00
    1.0760000000e+01  1.2355818690e+00  1.3322014390e+00  1.2733452370e+00  1.0873107080e+00  1.2086436510e+00  1.1356818860e+00
    1.0770000000e+01  1.2345336030e+00  1.3296030750e+00  1.2715744860e+00  1.0929077360e+00  1.2155745210e+00  1.1420660500e+00
    1.0780000000e+01  1.2334436230e+00  1.3269266950e+00  1.2697706840e+00  1.0984964960e+00  1.2224082960e+00  1.1483122590e+00
    1.0790000000e+01  1.2323071290e+00  1.3241712770e+00  1.2679465600e+00  1.1040829440e+00  1.2291537320e+00  1.1544371710e+00
    1.0800000000e+01  1.2311180660e+00  1.3213329700e+00  1.2661105760e+00  1.1096721730e+00  1.2358172530e+00  1.1604585090e+00
    1.0810000000e+01  1.2298691830e+00  1.3184061130e+00  1.2642670110e+00  1.1152682890e+00  1.2424024400e+00  1.1663940870e+00
    1.0820000000e+01  1.2285520520e+00  1.3153842170e+00  1.2624162780e+00  1.1208741870e+00  1.2489098800e+00  1.1722609550e+00
    1.0830000000e+01  1.2271571410e+00  1.3122608270e+00  1.2605553770e+00  1.1264912150e+00  1.2553372850e+00  1.1780747080e+00
    1.0840000000e+01  1.2256740370e+00  1.3090302060e+00  1.2586784230e+00  1.1321187600e+00  1.2616797800e+00  1.1838489590e+00
    1.0850000000e+01  1.2240918700e+00  1.3056878650e+00  1.2567772020e+00  1.1377538690e+00  1.2679302710e+00  1.1895949500e+00
    1.0860000000e+01  1.2223999080e+00  1.3022309550e+00  1.2548417280e+00  1.1433909950e+00  1.2740798480e+00  1.1953212630e+00
    1.0870000000e+01  1.2205882600e+00  1.2986585720e+00  1.2528608150e+00  1.1490219590e+00  1.2801181770e+00  1.2010335950e+00
    1.0880000000e+01  1.2186485750e+00  1.2949720250e+00  1.2508227090e+00  1.1546361540e+00  1.2860339170e+00  1.2067346090e+00
    1.0890000000e+01  1.2165746430e+00  1.2911750530e+00  1.2487157850e+00  1.1602209530e+00  1.2918151870e+00  1.2124239010e+00
    1.0900000000e+01  1.2143628480e+00  1.2872739550e+00  1.2465292960e+00  1.1657622590e+00  1.2974501000e+00  1.2180981460e+00
    1.0910000000e+01  1.2120124370e+00  1.2832776060e+00  1.2442540990e+00  1.1712451250e+00  1.3029273490e+00  1.2237514730e+00
    1.0920000000e+01  1.2095256540e+00  1.2791972920e+00  1.2418832630e+00  1.1766543820e+00  1.3082368060e+00  1.2293760830e+00
    1.0930000000e+01  1.2069077710e+00  1.2750463850e+00  1.2394124500e+00  1.1819752550e+00  1.3133700390e+00  1.2349630640e+00
    1.0940000000e+01  1.2041670270e+00  1.2708398950e+00  1.2368399810e+00  1.1871939960e+00  1.3183206970e+00  1.2405032980e+00
    1.0950000000e+01  1.2013144700e+00  1.2665939830e+00  1.2341665680e+00  1.1922985700e+00  1.3230847240e+00  1.2459883350e+00
    1.0960000000e+01  1.1983636210e+00  1.2623255060e+00  1.2313947410e+00  1.1972793790e+00  1.3276604290e+00  1.2514110890e+00
    1.0970000000e+01  1.1953298740e+00  1.2580516430e+00  1.2285280720e+00  1.2021299780e+00  1.3320484730e+00  1.2567662370e+00
    1.0980000000e+01  1.1922296080e+00  1.2537896080e+00  1.2255703350e+00  1.2068476510e+00  1.3362518360e+00  1.2620502820e+00
    1.0990000000e+01  1.1890790320e+00  1.2495563970e+00  1.2225247610e+00  1.2114336620e+00  1.3402758160e+00  1.2672612870e+00
    1.1000000000e+01  1.1858929360e+00  1.2453685180e+00  1.2193934860e+00  1.2158930800e+00  1.3441280660e+00  1.2723983580e+00
    1.1010000000e+01  1.1826835410e+00  1.2412416700e+00  1.2161772750e+00  1.2202340990e+00  1.3478186320e+00  1.2774610100e+00
    1.1020000000e+01  1.1794596830e+00  1.2371903350e+00  1.2128755110e+00  1.2244669710e+00  1.3513599620e+00  1.2824485280e+00
    1.1030000000e+01  1.1762264760e+00  1.2332273190e+00  1.2094863820e+00  1.2286027020e+00  1.3547668210e+00  1.2873594260e+00
    1.1040000000e+01  1.1729854900e+00  1.2293632530e+00  1.2060071930e+00  1.2326517680e+00  1.3580560750e+00  1.2921910350e+00
    1.1050000000e+01  1.1697353860e+00  1.2256061250e+00  1.2024347230e+00  1.2366230450e+00  1.3612463480e+00  1.2969392140e+00
    1.1060000000e+01  1.1664728400e+00  1.2219608860e+00  1.1987656090e+00  1.2405231130e+00  1.3643575340e+00  1.3015981410e+00
    1.1070000000e+01  1.1631935740e+00  1.2184291690e+00  1.1949967390e+00  1.2443559770e+00  1.3674102090e+00  1.3061601480e+00
    1.1080000000e+01  1.1598933410e+00  1.2150091620e+00  1.1911257250e+00  1.2481231870e+00  1.3704249820e+00  1.3106155980e+00
    1.1090000000e+01  1.1565686900e+00  1.2116956340e+00  1.1871514570e+00  1.2518242800e+00  1.3734218280e+00  1.3149528290e+00
    1.1100000000e+01  1.1532174690e+00  1.2084801080e+00  1.1830747610e+00  1.2554574040e+00  1.3764194580e+00  1.3191582490e+00
    1.1110000000e+01  1.1498389990e+00  1.2053511570e+00  1.1788991070e+00  1.2590200080e+00  1.3794347540e+00  1.3232166350e+00
    1.1120000000e+01  1.1464339700e+00  1.2022947950e+00  1.1746312820e+00  1.2625094440e+00  1.3824822910e+00  1.3271116890e+00
    1.1130000000e+01  1.1430041420e+00  1.1992949320e+00  1.1702819280e+00  1.2659233780e+00  1.3855739490e+00  1.3308268390e+00
    1.1140000000e+01  1.1395519800e+00  1.1963338690e+00  1.1658658550e+00  1.2692599770e+00  1.3887186210e+00  1.3343462350e+00
    1.1150000000e+01  1.1360803490e+00  1.1933928450e+00  1.1614020580e+00  1.2725178710e+00  1.3919220020e+00  1.3376558690e+00
    1.1160000000e+01  1.1325923560e+00  1.1904525900e+00  1.1569134270e+00  1.2756959990e+00  1.3951864960e+00  1.3407447120e+00
    1.1170000000e+01  1.1290913790e+00  1.1874939040e+00  1.1524261300e+00  1.2787934310e+00  1.3985112190e+00  1.3436058000e+00
    1.1180000000e+01  1.1255812530e+00  1.1844981810e+00  1.1479686970e+00  1.2818092820e+00  1.4018921430e+00  1.3462371680e+00
    1.1190000000e+01  1.1220665260e+00  1.1814478760e+00  1.1435708170e+00  1.2847427910e+00  1.4053223310e+00  1.3486425740e+00
    1.1200000000e+01  1.1185526980e+00  1.1783268370e+00  1.1392619130e+00  1.2875935830e+00  1.4087922410e+00  1.3508318880e+00
    1.1210000000e+01  1.1150463430e+00  1.1751205170e+00  1.1350695470e+00  1.2903620950e+00  1.4122900310e+00  1.3528210960e+00
    1.1220000000e+01  1.1115550530e+00  1.1718160810e+00  1.1310178110e+00  1.2930500990e+00  1.4158017770e+00  1.3546317970e+00
    1.1230000000e+01  1.1080871470e+00  1.1684024900e+00  1.1271258620e+00  1.2956612550e+00  1.4193115600e+00  1.3562902000e+00
    1.1240000000e+01  1.1046511480e+00  1.1648706740e+00  1.1234068100e+00  1.2982015790e+00  1.4228014380e+00  1.3578256460e+00
    1.1250000000e+01  1.1012550460e+00  1.1612138820e+00  1.1198671420e+00  1.3006797490e+00  1.4262513510e+00  1.3592688150e+00
    1.1260000000e+01  1.0979054220e+00  1.1574282660e+00  1.1165067770e+00  1.3031071480e+00  1.4296391220e+00  1.3606498350e+00
    1.1270000000e+01  1.0946065380e+00  1.1535136400e+00  1.1133197620e+00  1.3054975930e+00  1.4329406710e+00  1.3619965620e+00
    1.1280000000e+01  1.0913595160e+00  1.1494743170e+00  1.1102954650e+00  1.3078667460e+00  1.4361305880e+00  1.3633332720e+00
    1.1290000000e+01  1.0881617180e+00  1.1453198260e+00  1.1074200610e+00  1.3102312610e+00  1.4391830840e+00  1.3646799010e+00
    1.1300000000e+01  1.0850064340e+00  1.1410653310e+00  1.1046780350e+00  1.3126077430e+00  1.4420732840e+00  1.3660518900e+00
    1.1310000000e+01  1.0818829060e+00  1.1367316040e+00  1.1020534780e+00  1.3150116770e+00  1.4447787010e+00  1.3674605250e+00
    1.1320000000e+01  1.0787766590e+00  1.1323445000e+00  1.0995310240e+00  1.3174564130e+00  1.4472807120e+00  1.3689136090e+00
    1.1330000000e+01  1.0756700880e+00  1.1279339630e+00  1.0970963710e+00  1.3199523420e+00  1.4495658100e+00  1.3704162520e+00
    1.1340000000e+01  1.0725432070e+00  1.1235326960e+00  1.0947364530e+00  1.3225062700e+00  1.4516264930e+00  1.3719716030e+00
    1.1350000000e+01  1.0693744640e+00  1.1191746800e+00  1.0924393800e+00  1.3251210460e+00  1.4534617060e+00  1.3735814060e+00
    1.1360000000e+01  1.0661415570e+00  1.1148936930e+00  1.0901942650e+00  1.3277953880e+00  1.4550768420e+00  1.3752463610e+00
    1.1370000000e+01  1.0628221910e+00  1.1107219790e+00  1.0879910610e+00  1.3305238940e+00  1.4564834060e+00  1.3769663060e+00
    1.1380000000e+01  1.0593947280e+00  1.1066891060e+00  1.0858204550e+00  1.3332971630e+00  1.4576984150e+00  1.3787402910e+00
    1.1390000000e+01  1.0558387480e+00  1.1028210330e+00  1.0836738450e+00  1.3361019780e+00  1.4587436310e+00  1.3805666220e+00
    1.1400000000e+01  1.0521355190e+00  1.0991393770e+00  1.0815433490e+00  1.3389214780e+00  1.4596446800e+00  1.3824429110e+00
    1.1410000000e+01  1.0482684570e+00  1.0956608610e+00  1.0794218490e+00  1.3417353010e+00  1.4604300700e+00  1.3843661520e+00
    1.1420000000e+01  1.0442236230e+00  1.0923969660e+00  1.0773030000e+00  1.3445196850e+00  1.4611301200e+00  1.3863328090e+00
    1.1430000000e+01  1.0399903550e+00  1.0893538280e+00  1.0751812350e+00  1.3472475740e+00  1.4617758390e+00  1.3883388890e+00
    1.1440000000e+01  1.0355620590e+00  1.0865324110e+00  1.0730517780e+00  1.3498888420e+00  1.4623977940e+00  1.3903799870e+00
    1.1450000000e+01  1.0309371550e+00  1.0839289750e+00  1.0709106880e+00  1.3524107540e+00  1.4630250850e+00  1.3924513150e+00
    1.1460000000e+01  1.0261200700e+00  1.0815358120e+00  1.0687549640e+00  1.3547788020e+00  1.4636845170e+00  1.3945477430e+00
    1.1470000000e+01  1.0211221050e+00  1.0793421370e+00  1.0665826930e+00  1.3569579850e+00  1.4644000810e+00  1.3966639180e+00
    1.1480000000e+01  1.0159619480e+00  1.0773350270e+00  1.0643931980e+00  1.3589145320e+00  1.4651927760e+00  1.3987944720e+00
    1.1490000000e+01  1.0106656090e+00  1.0755002270e+00  1.0621871170e+00  1.3606179160e+00  1.4660807440e+00  1.4009343440e+00
    1.1500000000e+01  1.0052656270e+00  1.0738227350e+00  1.0599663630e+00  1.3620429080e+00  1.4670796220e+00  1.4030791620e+00
    1.1510000000e+01  9.9979954200e-01  1.0722871030e+00  1.0577339230e+00  1.3631713550e+00  1.4682029580e+00  1.4052256350e+00
    1.1520000000e+01  9.9430776000e-01  1.0708774820e+00  1.0554935220e+00  1.3639933640e+00  1.4694625540e+00  1.4073718640e+00
    1.1530000000e+01  9.8883110900e-01  1.0695775350e+00  1.0532491660e+00  1.3645076780e+00  1.4708686200e+00  1.4095175510e+00
    1.1540000000e+01  9.8340843300e-01  1.0683703220e+00  1.0510046400e+00  1.3647211550e+00  1.4724297150e+00  1.4116640370e+00
    1.1550000000e+01  9.7807460400e-01  1.0672383220e+00  1.0487629900e+00  1.3646474690e+00  1.4741525160e+00  1.4138142100e+00
    1.1560000000e+01  9.7285920900e-01  1.0661636530e+00  1.0465260370e+00  1.3643052770e+00  1.4760415190e+00  1.4159722520e+00
    1.1570000000e+01  9.6778605000e-01  1.0651285240e+00  1.0442939310e+00  1.3637162170e+00  1.4780988220e+00  1.4181432460e+00
    1.1580000000e+01  9.6287337500e-01  1.0641158310e+00  1.0420648010e+00  1.3629030630e+00  1.4803241050e+00  1.4203326200e+00
    1.1590000000e+01  9.5813466500e-01  1.0631097960e+00  1.0398345530e+00  1.3618883140e+00  1.4827148910e+00  1.4225454260e+00
    1.1600000000e+01  9.5357969400e-01  1.0620964610e+00  1.0375969280e+00  1.3606933230e+00  1.4852670870e+00  1.4247854710e+00
    1.1610000000e+01  9.4921561000e-01  1.0610639390e+00  1.0353439060e+00  1.3593379720e+00  1.4879756890e+00  1.4270544210e+00
    1.1620000000e+01  9.4504783200e-01  1.0600023310e+00  1.0330665170e+00  1.3578407740e+00  1.4908355270e+00  1.4293510200e+00
    1.1630000000e+01  9.4108064200e-01  1.0589033660e+00  1.0307560180e+00  1.3562192490e+00  1.4938418660e+00  1.4316706500e+00
    1.1640000000e+01  9.3731741800e-01  1.0577598670e+00  1.0284052600e+00  1.3544903990e+00  1.4969907560e+00  1.4340054060e+00
    1.1650000000e+01  9.3376054700e-01  1.0565651990e+00  1.0260099960e+00  1.3526711210e+00  1.5002791020e+00  1.4363447770e+00
    1.1660000000e+01  9.3041108300e-01  1.0553128440e+00  1.0235698320e+00  1.3507783920e+00  1.5037045130e+00  1.4386768640e+00
    1.1670000000e+01  9.2726830800e-01  1.0539961760e+00  1.0210885920e+00  1.3488291630e+00  1.5072650510e+00  1.4409899320e+00
    1.1680000000e+01  9.2432937000e-01  1.0526084090e+00  1.0185740050e+00  1.3468399180e+00  1.5109590150e+00  1.4432739870e+00
    1.1690000000e+01  9.2158917000e-01  1.0511426560e+00  1.0160367590e+00  1.3448259750e+00  1.5147848510e+00  1.4455220660e+00
    1.1700000000e+01  9.1904062200e-01  1.0495919590e+00  1.0134891470e+00  1.3428006930e+00  1.5187412030e+00  1.4477310020e+00
    1.1710000000e+01  9.1667531500e-01  1.0479492160e+00  1.0109435720e+00  1.3407747810e+00  1.5228270520e+00  1.4499015370e+00
    1.1720000000e+01  9.1448449800e-01  1.0462069400e+00  1.0084112150e+00  1.3387559140e+00  1.5270418500e+00  1.4520378280e+00
    1.1730000000e+01  9.1246021100e-01  1.0443568740e+00  1.0059011100e+00  1.3367487830e+00  1.5313855360e+00  1.4541464770e+00
    1.1740000000e+01  9.1059636500e-01  1.0423895430e+00  1.0034197700e+00  1.3347556270e+00  1.5358583430e+00  1.4562353390e+00
    1.1750000000e+01  9.0888955100e-01  1.0402938470e+00  1.0009714070e+00  1.3327771850e+00  1.5404603750e+00  1.4583123610e+00
    1.1760000000e+01  9.0733942000e-01  1.0380568210e+00  9.9855865900e-01  1.3308139120e+00  1.5451909780e+00  1.4603847470e+00
    1.1770000000e+01  9.0594856300e-01  1.0356636530e+00  9.9618361100e-01  1.3288672800e+00  1.5500479770e+00  1.4624586260e+00
    1.1780000000e+01  9.0472189700e-01  1.0330980050e+00  9.9384883300e-01  1.3269409410e+00  1.5550269270e+00  1.4645393320e+00
    1.1790000000e+01  9.0366563400e-01  1.0303426070e+00  9.9155813300e-01  1.3250415750e+00  1.5601204910e+00  1.4666322470e+00
    1.1800000000e+01  9.0278601700e-01  1.0273800610e+00  9.8931675300e-01  1.3231792750e+00  1.5653180360e+00  1.4687439930e+00
    1.1810000000e+01  9.0208799800e-01  1.0241937370e+00  9.8713089800e-01  1.3213674170e+00  1.5706055190e+00  1.4708836740e+00
    1.1820000000e+01  9.0157409600e-01  1.0207686650e+00  9.8500662100e-01  1.3196220500e+00  1.5759656460e+00  1.4730638210e+00
    1.1830000000e+01  9.0124359500e-01  1.0170923480e+00  9.8294827100e-01  1.3179609020e+00  1.5813782790e+00  1.4753007510e+00
    1.1840000000e+01  9.0109219100e-01  1.0131554340e+00  9.8095684100e-01  1.3164022130e+00  1.5868210490e+00  1.4776141970e+00
    1.1850000000e+01  9.0111211800e-01  1.0089522000e+00  9.7902853800e-01  1.3149635640e+00  1.5922701370e+00  1.4800262300e+00
    1.1860000000e+01  9.0129268700e-01  1.0044808210e+00  9.7715388200e-01  1.3136609070e+00  1.5977011770e+00  1.4825596590e+00
    1.1870000000e+01  9.0162110600e-01  9.9974336600e-01  9.7531748600e-01  1.3125079340e+00  1.6030902110e+00  1.4852361850e+00
    1.1880000000e+01  9.0208340300e-01  9.9474550200e-01  9.7349852200e-01  1.3115158470e+00  1.6084146290e+00  1.4880746310e+00
    1.1890000000e+01  9.0266527500e-01  9.8949591200e-01  9.7167176400e-01  1.3106935190e+00  1.6136539610e+00  1.4910894950e+00
    1.1900000000e+01  9.0335271400e-01  9.8400549000e-01  9.6980898600e-01  1.3100479410e+00  1.6187904340e+00  1.4942899950e+00
    1.1910000000e+01  9.0413232800e-01  9.7828642200e-01  9.6788050000e-01  1.3095848360e+00  1.6238092040e+00  1.4976796670e+00
    1.1920000000e+01  9.0499134600e-01  9.7235127900e-01  9.6585660100e-01  1.3093092520e+00  1.6286982630e+00  1.5012564570e+00
    1.1930000000e+01  9.0591737700e-01  9.6621226500e-01  9.6370877800e-01  1.3092260420e+00  1.6334480360e+00  1.5050132020e+00
    1.1940000000e+01  9.0689802200e-01  9.5988069500e-01  9.6141060900e-01  1.3093401460e+00  1.6380507720e+00  1.5089383220e+00
    1.1950000000e+01  9.0792043100e-01  9.5336679200e-01  9.5893835300e-01  1.3096566730e+00  1.6424998320e+00  1.5130165910e+00
    1.1960000000e+01  9.0897088300e-01  9.4667978800e-01  9.5627130000e-01  1.3101808070e+00  1.6467890140e+00  1.5172298650e+00
    1.1970000000e+01  9.1003440800e-01  9.3982830700e-01  9.5339198400e-01  1.3109175940e+00  1.6509120250e+00  1.5215577370e+00
    1.1980000000e+01  9.1109445800e-01  9.3282093300e-01  9.5028631900e-01  1.3118715920e+00  1.6548622350e+00  1.5259781280e+00
    1.1990000000e+01  9.1213264900e-01  9.2566683000e-01  9.4694370300e-01  1.3130464080e+00  1.6586327650e+00  1.5304678720e+00
    1.2000000000e+01  9.1312859800e-01  9.1837622800e-01  9.4335704800e-01  1.3144440700e+00  1.6622169170e+00  1.5350033440e+00
    1.2010000000e+01  9.1405996800e-01  9.1096061900e-01  9.3952268400e-01  1.3160642700e+00  1.6656088510e+00  1.5395611240e+00
    1.2020000000e+01  9.1490277700e-01  9.0343254700e-01  9.3544006200e-01  1.3179035010e+00  1.6688043440e+00  1.5441186520e+00
    1.2030000000e+01  9.1563207400e-01  8.9580498300e-01  9.3111126900e-01  1.3199542430e+00  1.6718014050e+00  1.5486547690e+00
    1.2040000000e+01  9.1622297400e-01  8.8809037500e-01  9.2654038000e-01  1.3222043310e+00  1.6746005300e+00  1.5531500370e+00
    1.2050000000e+01  9.1665197100e-01  8.8029960900e-01  9.2173278000e-01  1.3246366930e+00  1.6772044700e+00  1.5575867850e+00
    1.2060000000e+01  9.1689837400e-01  8.7244110700e-01  9.1669458500e-01  1.3272295650e+00  1.6796174790e+00  1.5619488730e+00
    1.2070000000e+01  9.1694566200e-01  8.6452034100e-01  9.1143229900e-01  1.3299572290e+00  1.6818441640e+00  1.5662212580e+00
    1.2080000000e+01  9.1678253700e-01  8.5653992100e-01  9.0595276000e-01  1.3327912040e+00  1.6838881710e+00  1.5703895090e+00
    1.2090000000e+01  9.1640352300e-01  8.4850028500e-01  9.0026338000e-01  1.3357017570e+00  1.6857510040e+00  1.5744394070e+00
    1.2100000000e+01  9.1580902500e-01  8.4040087200e-01  8.9437259000e-01  1.3386595050e+00  1.6874312730e+00  1.5783567930e+00
    1.2110000000e+01  9.1500486400e-01  8.3224151000e-01  8.8829034200e-01  1.3416369240e+00  1.6889245350e+00  1.5821277040e+00
    1.2120000000e+01  9.1400137600e-01  8.2402370900e-01  8.8202851300e-01  1.3446095720e+00  1.6902237850e+00  1.5857388300e+00
    1.2130000000e+01  9.1281224700e-01  8.1575156300e-01  8.7560106400e-01  1.3475569040e+00  1.6913204310e+00  1.5891781930e+00
    1.2140000000e+01  9.1145322700e-01  8.0743207900e-01  8.6902386900e-01  1.3504626670e+00  1.6922055070e+00  1.5924359120e+00
    1.2150000000e+01  9.0994090400e-01  7.9907493700e-01  8.6231418200e-01  1.3533148710e+00  1.6928708070e+00  1.5955048860e+00
    1.2160000000e+01  9.0829163400e-01  7.9069182400e-01  8.5548983600e-01  1.3561054390e+00  1.6933096680e+00  1.5983812400e+00
    1.2170000000e+01  9.0652071000e-01  7.8229560000e-01  8.4856828200e-01  1.3588296250e+00  1.6935172820e+00  1.6010644120e+00
    1.2180000000e+01  9.0464177800e-01  7.7389958100e-01  8.4156567400e-01  1.3614852940e+00  1.6934905630e+00  1.6035568510e+00
    1.2190000000e+01  9.0266649900e-01  7.6551713500e-01  8.3449617500e-01  1.3640721420e+00  1.6932277380e+00  1.6058633920e+00
    1.2200000000e+01  9.0060443600e-01  7.5716164700e-01  8.2737160500e-01  1.3665909130e+00  1.6927279060e+00  1.6079904570e+00
    1.2210000000e+01  8.9846316800e-01  7.4884678100e-01  8.2020146300e-01  1.3690426400e+00  1.6919907780e+00  1.6099452860e+00
    1.2220000000e+01  8.9624861000e-01  7.4058686200e-01  8.1299324000e-01  1.3714279650e+00  1.6910167190e+00  1.6117353960e+00
    1.2230000000e+01  8.9396555700e-01  7.3239718000e-01  8.0575281700e-01  1.3737466020e+00  1.6898070870e+00  1.6133683670e+00
    1.2240000000e+01  8.9161840100e-01  7.2429405300e-01  7.9848473600e-01  1.3759970170e+00  1.6883647870e+00  1.6148519340e+00
    1.2250000000e+01  8.8921194100e-01  7.1629459400e-01  7.9119215500e-01  1.3781764260e+00  1.6866948690e+00  1.6161942370e+00
    1.2260000000e+01  8.8675216900e-01  7.0841618800e-01  7.8387644800e-01  1.3802811210e+00  1.6848050060e+00  1.6174039610e+00
    1.2270000000e+01  8.8424686600e-01  7.0067576200e-01  7.7653656000e-01  1.3823071390e+00  1.6827057610e+00  1.6184901440e+00
    1.2280000000e+01  8.8170588700e-01  6.9308898700e-01  7.6916835800e-01  1.3842511500e+00  1.6804105410e+00  1.6194614850e+00
    1.2290000000e+01  8.7914103900e-01  6.8566952200e-01  7.6176430300e-01  1.3861114380e+00  1.6779352670e+00  1.6203252030e+00
    1.2300000000e+01  8.7656556300e-01  6.7842843700e-01  7.5431370000e-01  1.3878887670e+00  1.6752978020e+00  1.6210856330e+00
    1.2310000000e+01  8.7399329400e-01  6.7137387300e-01  7.4680362000e-01  1.3895869900e+00  1.6725172230e+00  1.6217429110e+00
    1.2320000000e+01  8.7143764300e-01  6.6451098900e-01  7.3922043100e-01  1.3912132930e+00  1.6696130720e+00  1.6222920780e+00
    1.2330000000e+01  8.6891059600e-01  6.5784215400e-01  7.3155166000e-01  1.3927780520e+00  1.6666046810e+00  1.6227228920e+00
    1.2340000000e+01  8.6642184100e-01  6.5136732700e-01  7.2378783500e-01  1.3942943810e+00  1.6635106800e+00  1.6230204220e+00
    1.2350000000e+01  8.6397812900e-01  6.4508450800e-01  7.1592394100e-01  1.3957774730e+00  1.6603487250e+00  1.6231663450e+00
    1.2360000000e+01  8.6158286100e-01  6.3899015200e-01  7.0796024500e-01  1.3972438470e+00  1.6571354340e+00  1.6231406880e+00
    1.2370000000e+01  8.5923587500e-01  6.3307948000e-01  6.9990235400e-01  1.3987105750e+00  1.6538864530e+00  1.6229236920e+00
    1.2380000000e+01  8.5693338500e-01  6.2734664100e-01  6.9176060200e-01  1.4001945140e+00  1.6506165930e+00  1.6224974740e+00
    1.2390000000e+01  8.5466806800e-01  6.2178476500e-01  6.8354891200e-01  1.4017115370e+00  1.6473399420e+00  1.6218472310e+00
    1.2400000000e+01  8.5242929400e-01  6.1638593800e-01  6.7528342000e-01  1.4032757830e+00  1.6440699220e+00  1.6209618900e+00
    1.2410000000e+01  8.5020353700e-01  6.1114116000e-01  6.6698109400e-01  1.4048989320e+00  1.6408193000e+00  1.6198341880e+00
    1.2420000000e+01  8.4797496700e-01  6.0604029300e-01  6.5865855600e-01  1.4065895820e+00  1.6376001760e+00  1.6184602970e+00
    1.2430000000e+01  8.4572620400e-01  6.0107197200e-01  6.5033120800e-01  1.4083527860e+00  1.6344239710e+00  1.6168391550e+00
    1.2440000000e+01  8.4343916400e-01  5.9622344700e-01  6.4201270600e-01  1.4101897970e+00  1.6313013950e+00  1.6149716360e+00
    1.2450000000e+01  8.4109593400e-01  5.9148031400e-01  6.3371474000e-01  1.4120980420e+00  1.6282423290e+00  1.6128597080e+00
    1.2460000000e+01  8.3867960000e-01  5.8682616500e-01  6.2544708000e-01  1.4140712910e+00  1.6252555260e+00  1.6105056300e+00
    1.2470000000e+01  8.3617499800e-01  5.8224226200e-01  6.1721784200e-01  1.4160999980e+00  1.6223480280e+00  1.6079112550e+00
    1.2480000000e+01  8.3356937900e-01  5.7770739400e-01  6.0903394100e-01  1.4181717700e+00  1.6195242850e+00  1.6050774600e+00
    1.2490000000e+01  8.3085297800e-01  5.7319810500e-01  6.0090169100e-01  1.4202719700e+00  1.6167850370e+00  1.6020037510e+00
    1.2500000000e+01  8.2801947400e-01  5.6868944300e-01  5.9282751300e-01  1.4223844470e+00  1.6141261510e+00  1.5986881010e+00
    1.2510000000e+01  8.2506627900e-01  5.6415627600e-01  5.8481866900e-01  1.4244924300e+00  1.6115376580e+00  1.5951270370e+00
    1.2520000000e+01  8.2199458600e-01  5.5957507600e-01  5.7688390800e-01  1.4265795160e+00  1.6090032640e+00  1.5913160030e+00
    1.2530000000e+01  8.1880908200e-01  5.5492595700e-01  5.6903392600e-01  1.4286306950e+00  1.6065005650e+00  1.5872499250e+00
    1.2540000000e+01  8.1551732200e-01  5.5019466500e-01  5.6128157700e-01  1.4306332400e+00  1.6040020350e+00  1.5829238710e+00
    1.2550000000e+01  8.1212882000e-01  5.4537417200e-01  5.5364184500e-01  1.4325773320e+00  1.6014767630e+00  1.5783336880e+00
    1.2560000000e+01  8.0865400400e-01  5.4046558900e-01  5.4613163800e-01  1.4344562840e+00  1.5988927390e+00  1.5734765160e+00
    1.2570000000e+01  8.0510322600e-01  5.3547821200e-01  5.3876954000e-01  1.4362663700e+00  1.5962193630e+00  1.5683511530e+00
    1.2580000000e+01  8.0148601500e-01  5.3042866700e-01  5.3157559800e-01  1.4380063320e+00  1.5934298320e+00  1.5629583300e+00
    1.2590000000e+01  7.9781064200e-01  5.2533927200e-01  5.2457117900e-01  1.4396767570e+00  1.5905030330e+00  1.5573010040e+00
    1.2600000000e+01  7.9408399700e-01  5.2023590900e-01  5.1777882400e-01  1.4412794740e+00  1.5874246830e+00  1.5513847760e+00
    1.2610000000e+01  7.9031166900e-01  5.1514574200e-01  5.1122197000e-01  1.4428171230e+00  1.5841876120e+00  1.5452184420e+00
    1.2620000000e+01  7.8649807700e-01  5.1009517400e-01  5.0492438700e-01  1.4442929160e+00  1.5807912450e+00  1.5388146310e+00
    1.2630000000e+01  7.8264654600e-01  5.0510828600e-01  4.9890925100e-01  1.4457105390e+00  1.5772405110e+00  1.5321903310e+00
    1.2640000000e+01  7.7875926400e-01  5.0020590600e-01  4.9319789100e-01  1.4470741120e+00  1.5735444780e+00  1.5253671040e+00
    1.2650000000e+01  7.7483713700e-01  4.9540526200e-01  4.8780836100e-01  1.4483880940e+00  1.5697150010e+00  1.5183707930e+00
    1.2660000000e+01  7.7087960000e-01  4.9072007600e-01  4.8275410800e-01  1.4496570860e+00  1.5657655970e+00  1.5112306560e+00
    1.2670000000e+01  7.6688446300e-01  4.8616089900e-01  4.7804298800e-01  1.4508855110e+00  1.5617106200e+00  1.5039779850e+00
    1.2680000000e+01  7.6284785400e-01  4.8173552300e-01  4.7367684700e-01  1.4520772070e+00  1.5575647430e+00  1.4966444290e+00
    1.2690000000e+01  7.5876427400e-01  4.7744935100e-01  4.6965173000e-01  1.4532349850e+00  1.5533426680e+00  1.4892602720e+00
    1.2700000000e+01  7.5462678300e-01  4.7330568100e-01  4.6595865400e-01  1.4543601900e+00  1.5490589800e+00  1.4818529280e+00
    1.2710000000e+01  7.5042727400e-01  4.6930586100e-01  4.6258478300e-01  1.4554523090e+00  1.5447280750e+00  1.4744458420e+00
    1.2720000000e+01  7.4615683200e-01  4.6544934600e-01  4.5951481200e-01  1.4565086110e+00  1.5403640990e+00  1.4670578550e+00
    1.2730000000e+01  7.4180617700e-01  4.6173367300e-01  4.5673236500e-01  1.4575238220e+00  1.5359808240e+00  1.4597030300e+00
    1.2740000000e+01  7.3736622400e-01  4.5815439500e-01  4.5422128800e-01  1.4584898380e+00  1.5315914530e+00  1.4523908610e+00
    1.2750000000e+01  7.3282880400e-01  4.5470504900e-01  4.5196676600e-01  1.4593955300e+00  1.5272083150e+00  1.4451267730e+00
    1.2760000000e+01  7.2818755300e-01  4.5137721200e-01  4.4995622000e-01  1.4602267280e+00  1.5228425060e+00  1.4379128460e+00
    1.2770000000e+01  7.2343891900e-01  4.4816065300e-01  4.4817998000e-01  1.4609665120e+00  1.5185035030e+00  1.4307486840e+00
    1.2780000000e+01  7.1858315600e-01  4.4504357800e-01  4.4663171300e-01  1.4615958950e+00  1.5141988290e+00  1.4236324040e+00
    1.2790000000e+01  7.1362511900e-01  4.4201292700e-01  4.4530860800e-01  1.4620949330e+00  1.5099337560e+00  1.4165616650e+00
    1.2800000000e+01  7.0857464500e-01  4.3905469400e-01  4.4421130300e-01  1.4624441580e+00  1.5057110420e+00  1.4095347080e+00
    1.2810000000e+01  7.0344638800e-01  4.3615427900e-01  4.4334357300e-01  1.4626261760e+00  1.5015306540e+00  1.4025513600e+00
    1.2820000000e+01  6.9825902800e-01  4.3329694100e-01  4.4271177900e-01  1.4626271590e+00  1.4973894710e+00  1.3956139460e+00
    1.2830000000e+01  6.9303394500e-01  4.3046840900e-01  4.4232408800e-01  1.4624379580e+00  1.4932810070e+00  1.3887280730e+00
    1.2840000000e+01  6.8779354200e-01  4.2765570100e-01  4.4218946300e-01  1.4620546430e+00  1.4891952560e+00  1.3819032410e+00
    1.2850000000e+01  6.8255951400e-01  4.2484809700e-01  4.4231644200e-01  1.4614783380e+00  1.4851187870e+00  1.3751531720e+00
    1.2860000000e+01  6.7735135800e-01  4.2203818100e-01  4.4271176900e-01  1.4607144220e+00  1.4810352010e+00  1.3684957860e+00
    1.2870000000e+01  6.7218537100e-01  4.1922274500e-01  4.4337899500e-01  1.4597712460e+00  1.4769259670e+00  1.3619527060e+00
    1.2880000000e+01  6.6707428800e-01  4.1640341600e-01  4.4431723800e-01  1.4586586660e+00  1.4727715920e+00  1.3555482840e+00
    1.2890000000e+01  6.6202753600e-01  4.1358686000e-01  4.4552030200e-01  1.4573866530e+00  1.4685529560e+00  1.3493081770e+00
    1.2900000000e+01  6.5705198100e-01  4.1078454100e-01  4.4697632800e-01  1.4559642590e+00  1.4642526510e+00  1.3432576540e+00
    1.2910000000e+01  6.5215295600e-01  4.0801210300e-01  4.4866808400e-01  1.4543990560e+00  1.4598561280e+00  1.3374198500e+00
    1.2920000000e+01  6.4733531100e-01  4.0528848900e-01  4.5057386100e-01  1.4526971190e+00  1.4553525750e+00  1.3318142400e+00
    1.2930000000e+01  6.4260426300e-01  4.0263493100e-01  4.5266882100e-01  1.4508634610e+00  1.4507354750e+00  1.3264555690e+00
    1.2940000000e+01  6.3796588400e-01  4.0007394300e-01  4.5492658400e-01  1.4489027730e+00  1.4460028870e+00  1.3213533520e+00
    1.2950000000e+01  6.3342714000e-01  3.9762835300e-01  4.5732077900e-01  1.4468202570e+00  1.4411575130e+00  1.3165119560e+00
    1.2960000000e+01  6.2899549200e-01  3.9532040800e-01  4.5982636200e-01  1.4446223440e+00  1.4362066220e+00  1.3119311820e+00
    1.2970000000e+01  6.2467821100e-01  3.9317092200e-01  4.6242055600e-01  1.4423170990e+00  1.4311618570e+00  1.3076071520e+00
    1.2980000000e+01  6.2048154800e-01  3.9119844100e-01  4.6508337400e-01  1.4399142300e+00  1.4260389250e+00  1.3035333300e+00
    1.2990000000e+01  6.1641000900e-01  3.8941841500e-01  4.6779777900e-01  1.4374246810e+00  1.4208571420e+00  1.2997015120e+00
    1.3000000000e+01  6.1246589400e-01  3.8784242600e-01  4.7054953800e-01  1.4348599240e+00  1.4156387770e+00  1.2961026760e+00
    1.3010000000e+01  6.0864921000e-01  3.8647751300e-01  4.7332691500e-01  1.4322311110e+00  1.4104081770e+00  1.2927276310e+00
    1.3020000000e+01  6.0495797200e-01  3.8532571800e-01  4.7612025600e-01  1.4295482840e+00  1.4051906650e+00  1.2895674720e+00
    1.3030000000e+01  6.0138880700e-01  3.8438393500e-01  4.7892157500e-01  1.4268198120e+00  1.4000112960e+00  1.2866138540e+00
    1.3040000000e+01  5.9793771600e-01  3.8364414100e-01  4.8172415400e-01  1.4240521480e+00  1.3948935550e+00  1.2838591360e+00
    1.3050000000e+01  5.9460082400e-01  3.8309402500e-01  4.8452219900e-01  1.4212499370e+00  1.3898581590e+00  1.2812964160e+00
    1.3060000000e+01  5.9137497500e-01  3.8271798000e-01  4.8731054000e-01  1.4184164210e+00  1.3849221170e+00  1.2789194990e+00
    1.3070000000e+01  5.8825806800e-01  3.8249832200e-01  4.9008438100e-01  1.4155540160e+00  1.3800981590e+00  1.2767228120e+00
    1.3080000000e+01  5.8524907400e-01  3.8241659600e-01  4.9283911300e-01  1.4126649420e+00  1.3753946200e+00  1.2747012640e+00
    1.3090000000e+01  5.8234778200e-01  3.8245476900e-01  4.9557018500e-01  1.4097517370e+00  1.3708157490e+00  1.2728500660e+00
    1.3100000000e+01  5.7955433800e-01  3.8259617600e-01  4.9827306000e-01  1.4068175610e+00  1.3663623520e+00  1.2711645370e+00
    1.3110000000e+01  5.7686871600e-01  3.8282611700e-01  5.0094327000e-01  1.4038661960e+00  1.3620326340e+00  1.2696399110e+00
    1.3120000000e+01  5.7429029100e-01  3.8313210900e-01  5.0357655800e-01  1.4009017570e+00  1.3578230670e+00  1.2682712040e+00
    1.3130000000e+01  5.7181762900e-01  3.8350382900e-01  5.0616908500e-01  1.3979281950e+00  1.3537291840e+00  1.2670531780e+00
    1.3140000000e+01  5.6944861900e-01  3.8393285200e-01  5.0871764600e-01  1.3949487270e+00  1.3497461910e+00  1.2659804210e+00
    1.3150000000e+01  5.6718091700e-01  3.8441225900e-01  5.1121982300e-01  1.3919653920e+00  1.3458693770e+00  1.2650475580e+00
    1.3160000000e+01  5.6501263800e-01  3.8493621100e-01  5.1367404200e-01  1.3889788800e+00  1.3420943170e+00  1.2642495270e+00
    1.3170000000e+01  5.6294310000e-01  3.8549955900e-01  5.1607948500e-01  1.3859887570e+00  1.3384168910e+00  1.2635818820e+00
    1.3180000000e+01  5.6097343400e-01  3.8609754100e-01  5.1843587900e-01  1.3829940600e+00  1.3348331520e+00  1.2630410400e+00
    1.3190000000e+01  5.5910686700e-01  3.8672561700e-01  5.2074319600e-01  1.3799941700e+00  1.3313390970e+00  1.2626244440e+00
    1.3200000000e+01  5.5734858700e-01  3.8737946100e-01  5.2300131900e-01  1.3769897780e+00  1.3279304020e+00  1.2623306030e+00
    1.3210000000e+01  5.5570519100e-01  3.8805511600e-01  5.2520971000e-01  1.3739837330e+00  1.3246022000e+00  1.2621590270e+00
    1.3220000000e+01  5.5418382000e-01  3.8874927800e-01  5.2736711400e-01  1.3709816030e+00  1.3213489710e+00  1.2621100710e+00
    1.3230000000e+01  5.5279112300e-01  3.8945963900e-01  5.2947131800e-01  1.3679918750e+00  1.3181646070e+00  1.2621847110e+00
    1.3240000000e+01  5.5153222600e-01  3.9018519000e-01  5.3151896800e-01  1.3650257450e+00  1.3150426620e+00  1.2623842670e+00
    1.3250000000e+01  5.5040983300e-01  3.9092639700e-01  5.3350544200e-01  1.3620965690e+00  1.3119767600e+00  1.2627100730e+00
    1.3260000000e+01  5.4942356200e-01  3.9168516300e-01  5.3542481500e-01  1.3592190310e+00  1.3089610650e+00  1.2631631220e+00
    1.3270000000e+01  5.4856960300e-01  3.9246457600e-01  5.3726990700e-01  1.3564081390e+00  1.3059907090e+00  1.2637436690e+00
    1.3280000000e+01  5.4784071900e-01  3.9326848400e-01  5.3903245400e-01  1.3536781490e+00  1.3030620440e+00  1.2644508590e+00
    1.3290000000e+01  5.4722661600e-01  3.9410101200e-01  5.4070338000e-01  1.3510415410e+00  1.3001726770e+00  1.2652823840e+00
    1.3300000000e+01  5.4671464800e-01  3.9496615300e-01  5.4227318200e-01  1.3485081810e+00  1.2973212660e+00  1.2662342290e+00
    1.3310000000e+01  5.4629078200e-01  3.9586752700e-01  5.4373238200e-01  1.3460847840e+00  1.2945071630e+00  1.2673005350e+00
    1.3320000000e+01  5.4594067500e-01  3.9680838300e-01  5.4507201000e-01  1.3437747690e+00  1.2917300140e+00  1.2684736040e+00
    1.3330000000e+01  5.4565070800e-01  3.9779180200e-01  5.4628405800e-01  1.3415785280e+00  1.2889894430e+00  1.2697440540e+00
    1.3340000000e+01  5.4540880900e-01  3.9882104900e-01  5.4736184600e-01  1.3394940520e+00  1.2862849060e+00  1.2711011000e+00
    1.3350000000e+01  5.4520492200e-01  3.9989995100e-01  5.4830027600e-01  1.3375177920e+00  1.2836157580e+00  1.2725329000e+00
    1.3360000000e+01  5.4503108700e-01  4.0103321100e-01  5.4909594000e-01  1.3356455790e+00  1.2809815080e+00  1.2740269180e+00
    1.3370000000e+01  5.4488112900e-01  4.0222658800e-01  5.4974713800e-01  1.3338734230e+00  1.2783822150e+00  1.2755702300e+00
    1.3380000000e+01  5.4475008800e-01  4.0348690900e-01  5.5025386000e-01  1.3321980520e+00  1.2758189340e+00  1.2771497520e+00
    1.3390000000e+01  5.4463352000e-01  4.0482192800e-01  5.5061779200e-01  1.3306171130e+00  1.2732941720e+00  1.2787524050e+00
    1.3400000000e+01  5.4452684500e-01  4.0624003300e-01  5.5084238300e-01  1.3291290340e+00  1.2708123070e+00  1.2803652850e+00
    1.3410000000e+01  5.4442487200e-01  4.0774983000e-01  5.5093297900e-01  1.3277326270e+00  1.2683799290e+00  1.2819758990e+00
    1.3420000000e+01  5.4432158000e-01  4.0935960300e-01  5.5089694100e-01  1.3264265400e+00  1.2660060890e+00  1.2835725310e+00
    1.3430000000e+01  5.4421017100e-01  4.1107668300e-01  5.5074367200e-01  1.3252087030e+00  1.2637024080e+00  1.2851447580e+00
    1.3440000000e+01  5.4408335500e-01  4.1290673700e-01  5.5048445000e-01  1.3240758570e+00  1.2614830050e+00  1.2866840500e+00
    1.3450000000e+01  5.4393378500e-01  4.1485305800e-01  5.5013201200e-01  1.3230232520e+00  1.2593642220e+00  1.2881843810e+00
    1.3460000000e+01  5.4375458100e-01  4.1691590400e-01  5.4969988300e-01  1.3220445400e+00  1.2573641340e+00  1.2896427060e+00
    1.3470000000e+01  5.4353984000e-01  4.1909196700e-01  5.4920150800e-01  1.3211318530e+00  1.2555018430e+00  1.2910591990e+00
    1.3480000000e+01  5.4328508300e-01  4.2137402800e-01  5.4864930800e-01  1.3202760500e+00  1.2537966220e+00  1.2924371800e+00
    1.3490000000e+01  5.4298759600e-01  4.2375085800e-01  5.4805378300e-01  1.3194670810e+00  1.2522669400e+00  1.2937826940e+00
    1.3500000000e+01  5.4264663700e-01  4.2620740700e-01  5.4742280500e-01  1.3186944160e+00  1.2509294530e+00  1.2951038190e+00
    1.3510000000e+01  5.4226351500e-01  4.2872527500e-01  5.4676117800e-01  1.3179474980e+00  1.2497980650e+00  1.2964097530e+00
    1.3520000000e+01  5.4184155800e-01  4.3128346400e-01  5.4607051900e-01  1.3172161720e+00  1.2488831200e+00  1.2977098380e+00
    1.3530000000e+01  5.4138598900e-01  4.3385935800e-01  5.4534946800e-01  1.3164910680e+00  1.2481908560e+00  1.2990125900e+00
    1.3540000000e+01  5.4090375000e-01  4.3642983400e-01  5.4459418400e-01  1.3157639340e+00  1.2477231630e+00  1.3003248680e+00
    1.3550000000e+01  5.4040327800e-01  4.3897240500e-01  5.4379907500e-01  1.3150279150e+00  1.2474777000e+00  1.3016512480e+00
    1.3560000000e+01  5.3989426300e-01  4.4146624900e-01  5.4295769200e-01  1.3142777890e+00  1.2474483720e+00  1.3029936740e+00
    1.3570000000e+01  5.3938738000e-01  4.4389303000e-01  5.4206368700e-01  1.3135101630e+00  1.2476260970e+00  1.3043514260e+00
    1.3580000000e+01  5.3889400600e-01  4.4623737700e-01  5.4111171800e-01  1.3127236320e+00  1.2479997750e+00  1.3057214270e+00
    1.3590000000e+01  5.3842592500e-01  4.4848700400e-01  5.4009818900e-01  1.3119189190e+00  1.2485573250e+00  1.3070988530e+00
    1.3600000000e+01  5.3799500700e-01  4.5063245200e-01  5.3902169700e-01  1.3110989820e+00  1.2492866290e+00  1.3084779730e+00
    1.3610000000e+01  5.3761285300e-01  4.5266654100e-01  5.3788313100e-01  1.3102691160e+00  1.2501762610e+00  1.3098530850e+00
    1.3620000000e+01  5.3729038500e-01  4.5458364300e-01  5.3668538700e-01  1.3094370110e+00  1.2512158990e+00  1.3112193940e+00
    1.3630000000e+01  5.3703737400e-01  4.5637892200e-01  5.3543279000e-01  1.3086127550e+00  1.2523964000e+00  1.3125736910e+00
    1.3640000000e+01  5.3686188600e-01  4.5804769800e-01  5.3413030900e-01  1.3078087360e+00  1.2537095580e+00  1.3139147170e+00
    1.3650000000e+01  5.3676970700e-01  4.5958502400e-01  5.3278274300e-01  1.3070393880e+00  1.2551476470e+00  1.3152431940e+00
    1.3660000000e+01  5.3676376000e-01  4.6098555400e-01  5.3139400100e-01  1.3063207550e+00  1.2567028850e+00  1.3165615390e+00
    1.3670000000e+01  5.3684362200e-01  4.6224367100e-01  5.2996658800e-01  1.3056698480e+00  1.2583669280e+00  1.3178733560e+00
    1.3680000000e+01  5.3700519800e-01  4.6335382200e-01  5.2850134800e-01  1.3051038210e+00  1.2601305210e+00  1.3191828160e+00
    1.3690000000e+01  5.3724064500e-01  4.6431095400e-01  5.2699746400e-01  1.3046390070e+00  1.2619833470e+00  1.3204940410e+00
    1.3700000000e+01  5.3753860500e-01  4.6511097400e-01  5.2545267900e-01  1.3042899140e+00  1.2639140790e+00  1.3218105940e+00
    1.3710000000e+01  5.3788475300e-01  4.6575112000e-01  5.2386364300e-01  1.3040682870e+00  1.2659106130e+00  1.3231351280e+00
    1.3720000000e+01  5.3826266200e-01  4.6623022800e-01  5.2222631200e-01  1.3039823600e+00  1.2679604220e+00  1.3244692410e+00
    1.3730000000e+01  5.3865488500e-01  4.6654884400e-01  5.2053628400e-01  1.3040364140e+00  1.2700509760e+00  1.3258134880e+00
    1.3740000000e+01  5.3904414100e-01  4.6670918300e-01  5.1878902000e-01  1.3042307100e+00  1.2721701640e+00  1.3271675000e+00
    1.3750000000e+01  5.3941445300e-01  4.6671494700e-01  5.1697992900e-01  1.3045618200e+00  1.2743066720e+00  1.3285301040e+00
    1.3760000000e+01  5.3975209800e-01  4.6657103800e-01  5.1510435700e-01  1.3050233040e+00  1.2764502640e+00  1.3298993650e+00
    1.3770000000e+01  5.4004626600e-01  4.6628319800e-01  5.1315757300e-01  1.3056066270e+00  1.2785919230e+00  1.3312725100e+00
    1.3780000000e+01  5.4028936600e-01  4.6585765900e-01  5.1113484100e-01  1.3063022010e+00  1.2807238540e+00  1.3326457540e+00
    1.3790000000e+01  5.4047701000e-01  4.6530085600e-01  5.0903164600e-01  1.3071004080e+00  1.2828393430e+00  1.3340141280e+00
    1.3800000000e+01  5.4060770000e-01  4.6461926700e-01  5.0684405200e-01  1.3079925300e+00  1.2849325380e+00  1.3353713930e+00
    1.3810000000e+01  5.4068229900e-01  4.6381939600e-01  5.0456912100e-01  1.3089715040e+00  1.2869982230e+00  1.3367101470e+00
    1.3820000000e+01  5.4070334200e-01  4.6290790300e-01  5.0220526800e-01  1.3100324890e+00  1.2890316500e+00  1.3380221260e+00
    1.3830000000e+01  5.4067424800e-01  4.6189181200e-01  4.9975245000e-01  1.3111732330e+00  1.2910285050e+00  1.3392986260e+00
    1.3840000000e+01  5.4059846600e-01  4.6077873800e-01  4.9721215100e-01  1.3123942130e+00  1.2929850550e+00  1.3405309430e+00
    1.3850000000e+01  5.4047859000e-01  4.5957702900e-01  4.9458720100e-01  1.3136985640e+00  1.2948984440e+00  1.3417107150e+00
    1.3860000000e+01  5.4031550000e-01  4.5829573800e-01  4.9188152600e-01  1.3150917500e+00  1.2967671300e+00  1.3428300960e+00
    1.3870000000e+01  5.4010759000e-01  4.5694436900e-01  4.8909993000e-01  1.3165809810e+00  1.2985913400e+00  1.3438817870e+00
    1.3880000000e+01  5.3985017400e-01  4.5553237500e-01  4.8624799600e-01  1.3181743770e+00  1.3003734430e+00  1.3448589750e+00
    1.3890000000e+01  5.3953518000e-01  4.5406846700e-01  4.8333210800e-01  1.3198799350e+00  1.3021181220e+00  1.3457552880e+00
    1.3900000000e+01  5.3915120000e-01  4.5255981200e-01  4.8035956100e-01  1.3217044070e+00  1.3038322560e+00  1.3465648380e+00
    1.3910000000e+01  5.3868393300e-01  4.5101128100e-01  4.7733867800e-01  1.3236522280e+00  1.3055244580e+00  1.3472824090e+00
    1.3920000000e+01  5.3811699400e-01  4.4942488000e-01  4.7427883400e-01  1.3257246640e+00  1.3072043280e+00  1.3479037530e+00
    1.3930000000e+01  5.3743294500e-01  4.4779950600e-01  4.7119032500e-01  1.3279193150e+00  1.3088814850e+00  1.3484259320e+00
    1.3940000000e+01  5.3661439600e-01  4.4613107300e-01  4.6808408000e-01  1.3302300100e+00  1.3105645670e+00  1.3488476270e+00
    1.3950000000e+01  5.3564499500e-01  4.4441303700e-01  4.6497124500e-01  1.3326470780e+00  1.3122603390e+00  1.3491693030e+00
    1.3960000000e+01  5.3451018400e-01  4.4263719200e-01  4.6186272200e-01  1.3351578790e+00  1.3139730870e+00  1.3493932040e+00
    1.3970000000e+01  5.3319767000e-01  4.4079461600e-01  4.5876877500e-01  1.3377474390e+00  1.3157043790e+00  1.3495231720e+00
    1.3980000000e+01  5.3169764700e-01  4.3887657300e-01  4.5569875000e-01  1.3403990640e+00  1.3174532030e+00  1.3495643440e+00
    1.3990000000e+01  5.3000285900e-01  4.3687522700e-01  4.5266096500e-01  1.3430948440e+00  1.3192164260e+00  1.3495228260e+00
    1.4000000000e+01  5.2810860100e-01  4.3478406200e-01  4.4966273200e-01  1.3458160160e+00  1.3209894370e+00  1.3494053940e+00
    1.4010000000e+01  5.2601277500e-01  4.3259796600e-01  4.4671047200e-01  1.3485432450e+00  1.3227668130e+00  1.3492193050e+00
    1.4020000000e+01  5.2371600800e-01  4.3031303000e-01  4.4380986700e-01  1.3512568980e+00  1.3245428810e+00  1.3489722030e+00
    1.4030000000e+01  5.2122184900e-01  4.2792616200e-01  4.4096598600e-01  1.3539373890e+00  1.3263120330e+00  1.3486721370e+00
    1.4040000000e+01  5.1853697300e-01  4.2543465000e-01  4.3818338000e-01  1.3565656870e+00  1.3280687780e+00  1.3483276570e+00
    1.4050000000e+01  5.1567128300e-01  4.2283583200e-01  4.3546608800e-01  1.3591239960e+00  1.3298075300e+00  1.3479479820e+00
    1.4060000000e+01  5.1263780800e-01  4.2012697400e-01  4.3281755100e-01  1.3615965930e+00  1.3315222520e+00  1.3475432290e+00
    1.4070000000e+01  5.0945230100e-01  4.1730540600e-01  4.3024035200e-01  1.3639707140e+00  1.3332060800e+00  1.3471246440e+00
    1.4080000000e+01  5.0613248800e-01  4.1436886500e-01  4.2773578300e-01  1.3662373630e+00  1.3348510760e+00  1.3467047880e+00
    1.4090000000e+01  5.0269701100e-01  4.1131595000e-01  4.2530320900e-01  1.3683918870e+00  1.3364481900e+00  1.3462975380e+00
    1.4100000000e+01  4.9916416400e-01  4.0814655400e-01  4.2293932500e-01  1.3704341770e+00  1.3379874420e+00  1.3459177990e+00
    1.4110000000e+01  4.9555057100e-01  4.0486216800e-01  4.2063743900e-01  1.3723684420e+00  1.3394582720e+00  1.3455808360e+00
    1.4120000000e+01  4.9186999800e-01  4.0146602600e-01  4.1838698000e-01  1.3742025470e+00  1.3408499510e+00  1.3453012270e+00
    1.4130000000e+01  4.8813241800e-01  3.9796309100e-01  4.1617343600e-01  1.3759470010e+00  1.3421519730e+00  1.3450915390e+00
    1.4140000000e+01  4.8434344600e-01  3.9435995300e-01  4.1397882600e-01  1.3776137180e+00  1.3433543750e+00  1.3449609290e+00
    1.4150000000e+01  4.8050417100e-01  3.9066469800e-01  4.1178276300e-01  1.3792146700e+00  1.3444479710e+00  1.3449139280e+00
    1.4160000000e+01  4.7661139500e-01  3.8688679400e-01  4.0956398900e-01  1.3807605720e+00  1.3454245510e+00  1.3449496610e+00
    1.4170000000e+01  4.7265822200e-01  3.8303699100e-01  4.0730215400e-01  1.3822597150e+00  1.3462770770e+00  1.3450617010e+00
    1.4180000000e+01  4.6863494900e-01  3.7912720400e-01  4.0497957100e-01  1.3837170230e+00  1.3469999170e+00  1.3452386060e+00
    1.4190000000e+01  4.6453016200e-01  3.7517034200e-01  4.0258263500e-01  1.3851334040e+00  1.3475891010e+00  1.3454650870e+00
    1.4200000000e+01  4.6033195000e-01  3.7118004700e-01  4.0010268000e-01  1.3865054370e+00  1.3480425750e+00  1.3457235890e+00
    1.4210000000e+01  4.5602914800e-01  3.6717036200e-01  3.9753618600e-01  1.3878253960e+00  1.3483604020e+00  1.3459960060e+00
    1.4220000000e+01  4.5161251700e-01  3.6315532800e-01  3.9488434500e-01  1.3890815990e+00  1.3485448920e+00  1.3462652490e+00
    1.4230000000e+01  4.4707577900e-01  3.5914856700e-01  3.9215217200e-01  1.3902590710e+00  1.3486006540e+00  1.3465164410e+00
    1.4240000000e+01  4.4241643500e-01  3.5516282400e-01  3.8934737100e-01  1.3913404480e+00  1.3485345810e+00  1.3467376230e+00
    1.4250000000e+01  4.3763628800e-01  3.5120948600e-01  3.8647919400e-01  1.3923070670e+00  1.3483557570e+00  1.3469199810e+00
    1.4260000000e+01  4.3274165600e-01  3.4729804300e-01  3.8355747400e-01  1.3931401410e+00  1.3480752450e+00  1.3470576970e+00
    1.4270000000e+01  4.2774324900e-01  3.4343554500e-01  3.8059191100e-01  1.3938219220e+00  1.3477057050e+00  1.3471475850e+00
    1.4280000000e+01  4.2265577000e-01  3.3962613300e-01  3.7759162900e-01  1.3943367580e+00  1.3472607830e+00  1.3471886610e+00
    1.4290000000e+01  4.1749726400e-01  3.3587075400e-01  3.7456491600e-01  1.3946719880e+00  1.3467543010e+00  1.3471817640e+00
    1.4300000000e+01  4.1228830200e-01  3.3216718600e-01  3.7151905700e-01  1.3948186350e+00  1.3461993180e+00  1.3471292690e+00
    1.4310000000e+01  4.0705104700e-01  3.2851041800e-01  3.6846016700e-01  1.3947718640e+00  1.3456072270e+00  1.3470348820e+00
    1.4320000000e+01  4.0180823700e-01  3.2489335300e-01  3.6539296100e-01  1.3945312270e+00  1.3449870470e+00  1.3469034280e+00
    1.4330000000e+01  3.9658215100e-01  3.2130771900e-01  3.6232048600e-01  1.3941006270e+00  1.3443450500e+00  1.3467405600e+00
    1.4340000000e+01  3.9139360900e-01  3.1774499800e-01  3.5924387600e-01  1.3934880400e+00  1.3436847610e+00  1.3465523290e+00
    1.4350000000e+01  3.8626109500e-01  3.1419722500e-01  3.5616222200e-01  1.3927049660e+00  1.3430073030e+00  1.3463445920e+00
    1.4360000000e+01  3.8120008200e-01  3.1065751900e-01  3.5307269400e-01  1.3917656640e+00  1.3423119490e+00  1.3461223410e+00
    1.4370000000e+01  3.7622262700e-01  3.0712032000e-01  3.4997092200e-01  1.3906862690e+00  1.3415967540e+00  1.3458890670e+00
    1.4380000000e+01  3.7133726100e-01  3.0358135800e-01  3.4685164700e-01  1.3894838750e+00  1.3408591120e+00  1.3456463100e+00
    1.4390000000e+01  3.6654913200e-01  3.0003745000e-01  3.4370951000e-01  1.3881757070e+00  1.3400961560e+00  1.3453935010e+00
    1.4400000000e+01  3.6186034900e-01  2.9648622000e-01  3.4053983500e-01  1.3867784520e+00  1.3393049700e+00  1.3451281510e+00
    1.4410000000e+01  3.5727043000e-01  2.9292586100e-01  3.3733925500e-01  1.3853077800e+00  1.3384826190e+00  1.3448463290e+00
    1.4420000000e+01  3.5277677000e-01  2.8935497700e-01  3.3410606400e-01  1.3837780590e+00  1.3376260810e+00  1.3445433370e+00
    1.4430000000e+01  3.4837506100e-01  2.8577255900e-01  3.3084025700e-01  1.3822022170e+00  1.3367321360e+00  1.3442144340e+00
    1.4440000000e+01  3.4405964200e-01  2.8217804700e-01  3.2754327300e-01  1.3805916970e+00  1.3357972980e+00  1.3438554700e+00
    1.4450000000e+01  3.3982376800e-01  2.7857144400e-01  3.2421752600e-01  1.3789564520e+00  1.3348178050e+00  1.3434633270e+00
    1.4460000000e+01  3.3565981800e-01  2.7495343300e-01  3.2086582900e-01  1.3773049370e+00  1.3337896980e+00  1.3430360980e+00
    1.4470000000e+01  3.3155948600e-01  2.7132544400e-01  3.1749083300e-01  1.3756440910e+00  1.3327089360e+00  1.3425730100e+00
    1.4480000000e+01  3.2751397100e-01  2.6768967600e-01  3.1409459100e-01  1.3739793030e+00  1.3315715320e+00  1.3420741260e+00
    1.4490000000e+01  3.2351419300e-01  2.6404908300e-01  3.1067830200e-01  1.3723143890e+00  1.3303736610e+00  1.3415399040e+00
    1.4500000000e+01  3.1955101300e-01  2.6040734600e-01  3.0724228800e-01  1.3706516000e+00  1.3291117380e+00  1.3409707200e+00
    1.4510000000e+01  3.1561547700e-01  2.5676887500e-01  3.0378616600e-01  1.3689916630e+00  1.3277824770e+00  1.3403664450e+00
    1.4520000000e+01  3.1169903100e-01  2.5313884100e-01  3.0030917500e-01  1.3673338770e+00  1.3263829500e+00  1.3397261380e+00
    1.4530000000e+01  3.0779372500e-01  2.4952325500e-01  2.9681059800e-01  1.3656762450e+00  1.3249106850e+00  1.3390479090e+00
    1.4540000000e+01  3.0389236700e-01  2.4592905500e-01  2.9329019700e-01  1.3640156370e+00  1.3233638410e+00  1.3383289500e+00
    1.4550000000e+01  2.9998864600e-01  2.4236417200e-01  2.8974860700e-01  1.3623479760e+00  1.3217414850e+00  1.3375657340e+00
    1.4560000000e+01  2.9607719600e-01  2.3883750800e-01  2.8618765200e-01  1.3606684270e+00  1.3200439670e+00  1.3367543450e+00
    1.4570000000e+01  2.9215362300e-01  2.3535875100e-01  2.8261053100e-01  1.3589715810e+00  1.3182733600e+00  1.3358909150e+00
    1.4580000000e+01  2.8821448300e-01  2.3193800500e-01  2.7902183900e-01  1.3572516130e+00  1.3164338940e+00  1.3349721240e+00
    1.4590000000e+01  2.8425724000e-01  2.2858519600e-01  2.7542743100e-01  1.3555023980e+00  1.3145322930e+00  1.3339957000e+00
    1.4600000000e+01  2.8028021200e-01  2.2530933000e-01  2.7183409300e-01  1.3537175890e+00  1.3125779080e+00  1.3329608780e+00
    1.4610000000e+01  2.7628254800e-01  2.2211765400e-01  2.6824907200e-01  1.3518906410e+00  1.3105825810e+00  1.3318687380e+00
    1.4620000000e+01  2.7226424300e-01  2.1901485500e-01  2.6467949300e-01  1.3500148320e+00  1.3085602210e+00  1.3307223870e+00
    1.4630000000e+01  2.6822620800e-01  2.1600239400e-01  2.6113170800e-01  1.3480832870e+00  1.3065260960e+00  1.3295269550e+00
    1.4640000000e+01  2.6417036700e-01  2.1307807100e-01  2.5761065700e-01  1.3460890560e+00  1.3044959050e+00  1.3282893800e+00
    1.4650000000e+01  2.6009976000e-01  2.1023589500e-01  2.5411927900e-01  1.3440252660e+00  1.3024847180e+00  1.3270179820e+00
    1.4660000000e+01  2.5601860100e-01  2.0746629500e-01  2.5065806200e-01  1.3418853300e+00  1.3005058810e+00  1.3257218380e+00
    1.4670000000e+01  2.5193225300e-01  2.0475666900e-01  2.4722479800e-01  1.3396632010e+00  1.2985700160e+00  1.3244100040e+00
    1.4680000000e+01  2.4784711300e-01  2.0209224000e-01  2.4381460300e-01  1.3373536180e+00  1.2966842120e+00  1.3230906420e+00
    1.4690000000e+01  2.4377041000e-01  1.9945713400e-01  2.4042024900e-01  1.3349523000e+00  1.2948515150e+00  1.3217701630e+00
    1.4700000000e+01  2.3970995200e-01  1.9683556800e-01  2.3703278100e-01  1.3324560460e+00  1.2930707660e+00  1.3204525040e+00
    1.4710000000e+01  2.3567388000e-01  1.9421303000e-01  2.3364237900e-01  1.3298627260e+00  1.2913368120e+00  1.3191386410e+00
    1.4720000000e+01  2.3167048300e-01  1.9157733600e-01  2.3023935200e-01  1.3271712030e+00  1.2896410410e+00  1.3178264190e+00
    1.4730000000e+01  2.2770809400e-01  1.8891947800e-01  2.2681513800e-01  1.3243811940e+00  1.2879721980e+00  1.3165107390e+00
    1.4740000000e+01  2.2379509300e-01  1.8623420200e-01  2.2336319300e-01  1.3214931720e+00  1.2863173980e+00  1.3151840580e+00
    1.4750000000e+01  2.1993996100e-01  1.8352027600e-01  2.1987965500e-01  1.3185083260e+00  1.2846632510e+00  1.3138371590e+00
    1.4760000000e+01  2.1615135000e-01  1.8078043200e-01  2.1636373100e-01  1.3154286200e+00  1.2829970190e+00  1.3124600850e+00
    1.4770000000e+01  2.1243808900e-01  1.7802097500e-01  2.1281776500e-01  1.3122569300e+00  1.2813077090e+00  1.3110431390e+00
    1.4780000000e+01  2.0880910400e-01  1.7525108200e-01  2.0924699800e-01  1.3089972170e+00  1.2795870080e+00  1.3095778630e+00
    1.4790000000e+01  2.0527324500e-01  1.7248186000e-01  2.0565902700e-01  1.3056546650e+00  1.2778299590e+00  1.3080579010e+00
    1.4800000000e+01  2.0183905600e-01  1.6972523300e-01  2.0206301500e-01  1.3022357520e+00  1.2760353030e+00  1.3064796530e+00
    1.4810000000e+01  1.9851455100e-01  1.6699280700e-01  1.9846870400e-01  1.2987482400e+00  1.2742054640e+00  1.3048426670e+00
    1.4820000000e+01  1.9530701200e-01  1.6429481200e-01  1.9488532700e-01  1.2952011330e+00  1.2723461590e+00  1.3031496690e+00
    1.4830000000e+01  1.9222282900e-01  1.6163926500e-01  1.9132055200e-01  1.2916046290e+00  1.2704657060e+00  1.3014062260e+00
    1.4840000000e+01  1.8926731100e-01  1.5903144000e-01  1.8777958100e-01  1.2879701100e+00  1.2685741310e+00  1.2996200360e+00
    1.4850000000e+01  1.8644443400e-01  1.5647369300e-01  1.8426456200e-01  1.2843101290e+00  1.2666821870e+00  1.2977999350e+00
    1.4860000000e+01  1.8375648300e-01  1.5396563600e-01  1.8077440000e-01  1.2806383550e+00  1.2648004510e+00  1.2959547450e+00
    1.4870000000e+01  1.8120361300e-01  1.5150460800e-01  1.7730500300e-01  1.2769693540e+00  1.2629386030e+00  1.2940921450e+00
    1.4880000000e+01  1.7878340400e-01  1.4908630400e-01  1.7384991400e-01  1.2733181810e+00  1.2611050090e+00  1.2922177260e+00
    1.4890000000e+01  1.7649052500e-01  1.4670544400e-01  1.7040122700e-01  1.2696997270e+00  1.2593066110e+00  1.2903343640e+00
    1.4900000000e+01  1.7431662800e-01  1.4435631300e-01  1.6695061800e-01  1.2661279070e+00  1.2575490930e+00  1.2884419910e+00
    1.4910000000e+01  1.7225053000e-01  1.4203309600e-01  1.6349033000e-01  1.2626147670e+00  1.2558372270e+00  1.2865377410e+00
    1.4920000000e+01  1.7027873000e-01  1.3972994900e-01  1.6001397400e-01  1.2591696470e+00  1.2541752540e+00  1.2846164030e+00
    1.4930000000e+01  1.6838621400e-01  1.3744086300e-01  1.5651707200e-01  1.2557985410e+00  1.2525671920e+00  1.2826710620e+00
    1.4940000000e+01  1.6655746000e-01  1.3515937100e-01  1.5299732400e-01  1.2525037400e+00  1.2510169620e+00  1.2806937860e+00
    1.4950000000e+01  1.6477751900e-01  1.3287823700e-01  1.4945466000e-01  1.2492838410e+00  1.2495283130e+00  1.2786762680e+00
    1.4960000000e+01  1.6303303100e-01  1.3058920200e-01  1.4589113400e-01  1.2461341010e+00  1.2481045620e+00  1.2766103780e+00
    1.4970000000e+01  1.6131305400e-01  1.2828288600e-01  1.4231075400e-01  1.2430470960e+00  1.2467481980e+00  1.2744886000e+00
    1.4980000000e+01  1.5960962000e-01  1.2594887500e-01  1.3871927100e-01  1.2400135730e+00  1.2454604370e+00  1.2723044180e+00
    1.4990000000e+01  1.5791798400e-01  1.2357600300e-01  1.3512393900e-01  1.2370233800e+00  1.2442408190e+00  1.2700526740e+00
    1.5000000000e+01  1.5623659700e-01  1.2115279100e-01  1.3153319100e-01  1.2340663720e+00  1.2430869260e+00  1.2677299090e+00
    1.5010000000e+01  1.5456684100e-01  1.1866797700e-01  1.2795621300e-01  1.2311331980e+00  1.2419942800e+00  1.2653346570e+00
    1.5020000000e+01  1.5291261800e-01  1.1611104500e-01  1.2440239900e-01  1.2282159410e+00  1.2409564210e+00  1.2628676340e+00
    1.5030000000e+01  1.5127984400e-01  1.1347271000e-01  1.2088072600e-01  1.2253085990e+00  1.2399651650e+00  1.2603317330e+00
    1.5040000000e+01  1.4967591500e-01  1.1074526700e-01  1.1739914900e-01  1.2224074180e+00  1.2390109900e+00  1.2577318050e+00
    1.5050000000e+01  1.4810916000e-01  1.0792280900e-01  1.1396410900e-01  1.2195111310e+00  1.2380835000e+00  1.2550742320e+00
    1.5060000000e+01  1.4658828200e-01  1.0500128300e-01  1.1058024400e-01  1.2166211000e+00  1.2371719110e+00  1.2523663670e+00
    1.5070000000e+01  1.4512176900e-01  1.0197839700e-01  1.0725032700e-01  1.2137413960e+00  1.2362655090e+00  1.2496159520e+00
    1.5080000000e+01  1.4371726300e-01  9.8853400000e-02  1.0397539500e-01  1.2108787800e+00  1.2353540350e+00  1.2468306090e+00
    1.5090000000e+01  1.4238086600e-01  9.5626772000e-02  1.0075500500e-01  1.2080425390e+00  1.2344279630e+00  1.2440174700e+00
    1.5100000000e+01  1.4111645100e-01  9.2299867000e-02  9.7587524000e-02  1.2052441360e+00  1.2334786450e+00  1.2411829410e+00
    1.5110000000e+01  1.3992502500e-01  8.8874566000e-02  9.4470389000e-02  1.2024966210e+00  1.2324983350e+00  1.2383325890e+00
    1.5120000000e+01  1.3880427100e-01  8.5352961000e-02  9.1400326000e-02  1.1998138190e+00  1.2314801010e+00  1.2354710580e+00
    1.5130000000e+01  1.3774835600e-01  8.1737120000e-02  8.8373533000e-02  1.1972093570e+00  1.2304176590e+00  1.2326020070e+00
    1.5140000000e+01  1.3674808800e-01  7.8028923000e-02  8.5385882000e-02  1.1946956410e+00  1.2293051630e+00  1.2297280180e+00
    1.5150000000e+01  1.3579143000e-01  7.4229978000e-02  8.2433174000e-02  1.1922829420e+00  1.2281369640e+00  1.2268505290e+00
    1.5160000000e+01  1.3486429100e-01  7.0341610000e-02  7.9511466000e-02  1.1899787380e+00  1.2269073730e+00  1.2239698180e+00
    1.5170000000e+01  1.3395146900e-01  6.6364908000e-02  7.6617436000e-02  1.1877874040e+00  1.2256104170e+00  1.2210851190e+00
    1.5180000000e+01  1.3303755500e-01  6.2300855000e-02  7.3748723000e-02  1.1857102660e+00  1.2242396090e+00  1.2181948840e+00
    1.5190000000e+01  1.3210767100e-01  5.8150525000e-02  7.0904159000e-02  1.1837459480e+00  1.2227877370e+00  1.2152971930e+00
    1.5200000000e+01  1.3114794400e-01  5.3915371000e-02  6.8083823000e-02  1.1818908680e+00  1.2212466970e+00  1.2123902410e+00
    1.5210000000e+01  1.3014571600e-01  4.9597591000e-02  6.5288901000e-02  1.1801397590e+00  1.2196074060e+00  1.2094728280e+00
    1.5220000000e+01  1.2908956800e-01  4.5200575000e-02  6.2521364000e-02  1.1784860760e+00  1.2178598240e+00  1.2065447580e+00
    1.5230000000e+01  1.2796924300e-01  4.0729379000e-02  5.9783508000e-02  1.1769222850e+00  1.2159931370e+00  1.2036070880e+00
    1.5240000000e+01  1.2677556900e-01  3.6191191000e-02  5.7077447000e-02  1.1754400010e+00  1.2139961190e+00  1.2006622000e+00
    1.5250000000e+01  1.2550043600e-01  3.1595700000e-02  5.4404590000e-02  1.1740300780e+00  1.2118576900e+00  1.1977136750e+00
    1.5260000000e+01  1.2413682500e-01  2.6955307000e-02  5.1765205000e-02  1.1726826600e+00  1.2095676360e+00  1.1947659800e+00
    1.5270000000e+01  1.2267887000e-01  2.2285089000e-02  4.9158100000e-02  1.1713872720e+00  1.2071174550e+00  1.1918240100e+00
    1.5280000000e+01  1.2112192900e-01  1.7602472000e-02  4.6580518000e-02  1.1701329280e+00  1.2045012090e+00  1.1888925100e+00
    1.5290000000e+01  1.1946263700e-01  1.2926606000e-02  4.4028262000e-02  1.1689082720e+00  1.2017162930e+00  1.1859754890e+00
    1.5300000000e+01  1.1769894400e-01  8.2774810000e-03  4.1496062000e-02  1.1677017080e+00  1.1987639960e+00  1.1830757200e+00
    1.5310000000e+01  1.1583014300e-01  3.6748620000e-03  3.8978140000e-02  1.1665015470e+00  1.1956497780e+00  1.1801944530e+00
    1.5320000000e+01  1.1385690400e-01 -8.6284900000e-04  3.6468833000e-02  1.1652961530e+00  1.1923831900e+00  1.1773313920e+00
    1.5330000000e+01  1.1178130400e-01 -5.3196930000e-03  3.3963156000e-02  1.1640741290e+00  1.1889774560e+00  1.1744849830e+00
    1.5340000000e+01  1.0960682000e-01 -9.6830680000e-03  3.1457140000e-02  1.1628245320e+00  1.1854487160e+00  1.1716528980e+00
    1.5350000000e+01  1.0733827700e-01 -1.3944373000e-02  2.8947884000e-02  1.1615371260e+00  1.1818150370e+00  1.1688326110e+00
    1.5360000000e+01  1.0498169900e-01 -1.8099307000e-02  2.6433318000e-02  1.1602026360e+00  1.1780952800e+00  1.1660218880e+00
    1.5370000000e+01  1.0254409000e-01 -2.2147818000e-02  2.3911766000e-02  1.1588129540e+00  1.1743079590e+00  1.1632190510e+00
    1.5380000000e+01  1.0003314300e-01 -2.6093712000e-02  2.1381471000e-02  1.1573612780e+00  1.1704702140e+00  1.1604229750e+00
    1.5390000000e+01  9.7456931000e-02 -2.9944022000e-02  1.8840212000e-02  1.1558421410e+00  1.1665969970e+00  1.1576328230e+00
    1.5400000000e+01  9.4823622000e-02 -3.3708225000e-02  1.6285148000e-02  1.1542513420e+00  1.1627005220e+00  1.1548476480e+00
    1.5410000000e+01  9.2141251000e-02 -3.7397416000e-02  1.3712883000e-02  1.1525857990e+00  1.1587899830e+00  1.1520659830e+00
    1.5420000000e+01  8.9417584000e-02 -4.1023540000e-02  1.1119731000e-02  1.1508433530e+00  1.1548715040e+00  1.1492855420e+00
    1.5430000000e+01  8.6660081000e-02 -4.4598715000e-02  8.5020570000e-03  1.1490225850e+00  1.1509482620e+00  1.1465030850e+00
    1.5440000000e+01  8.3875924000e-02 -4.8134686000e-02  5.8566350000e-03  1.1471226740e+00  1.1470207020e+00  1.1437144590e+00
    1.5450000000e+01  8.1072082000e-02 -5.1642379000e-02  3.1809200000e-03  1.1451433350e+00  1.1430868210e+00  1.1409147630e+00
    1.5460000000e+01  7.8255359000e-02 -5.5131546000e-02  4.7322700000e-04  1.1430848220e+00  1.1391424560e+00  1.1380985840e+00
    1.5470000000e+01  7.5432382000e-02 -5.8610469000e-02 -2.2671940000e-03  1.1409479820e+00  1.1351815900e+00  1.1352602600e+00
    1.5480000000e+01  7.2609532000e-02 -6.2085692000e-02 -5.0401660000e-03  1.1387342870e+00  1.1311966660e+00  1.1323941320e+00
    1.5490000000e+01  6.9792830000e-02 -6.5561793000e-02 -7.8446860000e-03  1.1364458300e+00  1.1271789370e+00  1.1294947780e+00
    1.5500000000e+01  6.6987831000e-02 -6.9041180000e-02 -1.0679080000e-02  1.1340852600e+00  1.1231188600e+00  1.1265571830e+00
    1.5510000000e+01  6.4199548000e-02 -7.2523953000e-02 -1.3541239000e-02  1.1316556670e+00  1.1190065590e+00  1.1235768460e+00
    1.5520000000e+01  6.1432444000e-02 -7.6007869000e-02 -1.6428865000e-02  1.1291604670e+00  1.1148323420e+00  1.1205497610e+00
    1.5530000000e+01  5.8690446000e-02 -7.9488438000e-02 -1.9339695000e-02  1.1266033140e+00  1.1105872500e+00  1.1174722780e+00
    1.5540000000e+01  5.5976988000e-02 -8.2959173000e-02 -2.2271620000e-02  1.1239880480e+00  1.1062635800e+00  1.1143408410e+00
    1.5550000000e+01  5.3295027000e-02 -8.6412006000e-02 -2.5222645000e-02  1.1213186720e+00  1.1018553290e+00  1.1111516850e+00
    1.5560000000e+01  5.0647032000e-02 -8.9837812000e-02 -2.8190652000e-02  1.1185993440e+00  1.0973584940e+00  1.1079005650e+00
    1.5570000000e+01  4.8034951000e-02 -9.3226995000e-02 -3.1173021000e-02  1.1158343460e+00  1.0927711850e+00  1.1045826380e+00
    1.5580000000e+01  4.5460165000e-02 -9.6570060000e-02 -3.4166182000e-02  1.1130280340e+00  1.0880935510e+00  1.1011925630e+00
    1.5590000000e+01  4.2923454000e-02 -9.9858098000e-02 -3.7165237000e-02  1.1101847480e+00  1.0833275480e+00  1.0977248390e+00
    1.5600000000e+01  4.0424991000e-02 -1.0308314600e-01 -4.0163767000e-02  1.1073087060e+00  1.0784765840e+00  1.0941743200e+00
    1.5610000000e+01  3.7964373000e-02 -1.0623839700e-01 -4.3153889000e-02  1.1044038880e+00  1.0735451180e+00  1.0905367940e+00
    1.5620000000e+01  3.5540677000e-02 -1.0931826600e-01 -4.6126557000e-02  1.1014739290e+00  1.0685382590e+00  1.0868094920e+00
    1.5630000000e+01  3.3152559000e-02 -1.1231834100e-01 -4.9072059000e-02  1.0985220390e+00  1.0634614030e+00  1.0829914360e+00
    1.5640000000e+01  3.0798356000e-02 -1.1523524600e-01 -5.1980585000e-02  1.0955509440e+00  1.0583199470e+00  1.0790835580e+00
    1.5650000000e+01  2.8476201000e-02 -1.1806643900e-01 -5.4842793000e-02  1.0925628670e+00  1.0531190830e+00  1.0750885980e+00
    1.5660000000e+01  2.6184126000e-02 -1.2080999100e-01 -5.7650264000e-02  1.0895595240e+00  1.0478636850e+00  1.0710108190e+00
    1.5670000000e+01  2.3920163000e-02 -1.2346437100e-01 -6.0395819000e-02  1.0865421430e+00  1.0425582880e+00  1.0668555890e+00
    1.5680000000e+01  2.1682436000e-02 -1.2602826700e-01 -6.3073654000e-02  1.0835115040e+00  1.0372071460e+00  1.0626289040e+00
    1.5690000000e+01  1.9469244000e-02 -1.2850046900e-01 -6.5679271000e-02  1.0804679800e+00  1.0318143350e+00  1.0583369100e+00
    1.5700000000e+01  1.7279152000e-02 -1.3087982400e-01 -6.8209244000e-02  1.0774116090e+00  1.0263838790e+00  1.0539855070e+00
    1.5710000000e+01  1.5111058000e-02 -1.3316525900e-01 -7.0660829000e-02  1.0743422000e+00  1.0209198690e+00  1.0495801160e+00
    1.5720000000e+01  1.2964237000e-02 -1.3535585400e-01 -7.3031528000e-02  1.0712594660e+00  1.0154265300e+00  1.0451256470e+00
    1.5730000000e+01  1.0838318000e-02 -1.3745093100e-01 -7.5318688000e-02  1.0681631830e+00  1.0099082520e+00  1.0406267140e+00
    1.5740000000e+01  8.7331940000e-03 -1.3945014900e-01 -7.7519272000e-02  1.0650533400e+00  1.0043695680e+00  1.0360880250e+00
    1.5750000000e+01  6.6488660000e-03 -1.4135358500e-01 -7.9629861000e-02  1.0619302440e+00  9.9881509600e-01  1.0315148840e+00
    1.5760000000e+01  4.5852290000e-03 -1.4316178600e-01 -8.1646954000e-02  1.0587945350e+00  9.9324945500e-01  1.0269136490e+00
    1.5770000000e+01  2.5418700000e-03 -1.4487580100e-01 -8.3567497000e-02  1.0556471070e+00  9.8767715900e-01  1.0222920200e+00
    1.5780000000e+01  5.1791000000e-04 -1.4649718700e-01 -8.5389557000e-02  1.0524889140e+00  9.8210249200e-01  1.0176590330e+00
    1.5790000000e+01 -1.4880610000e-03 -1.4802795900e-01 -8.7112974000e-02  1.0493207190e+00  9.7652937600e-01  1.0130247250e+00
    1.5800000000e+01 -3.4779060000e-03 -1.4947049800e-01 -8.8739845000e-02  1.0461428050e+00  9.7096122500e-01  1.0083994930e+00
    1.5810000000e+01 -5.4537390000e-03 -1.5082738400e-01 -9.0274681000e-02  1.0429547400e+00  9.6540084600e-01  1.0037932550e+00
    1.5820000000e+01 -7.4176120000e-03 -1.5210117400e-01 -9.1724197000e-02  1.0397552340e+00  9.5985039300e-01  9.9921457800e-01
    1.5830000000e+01 -9.3711430000e-03 -1.5329415800e-01 -9.3096730000e-02  1.0365421590e+00  9.5431143500e-01  9.9466996300e-01
    1.5840000000e+01 -1.1315169000e-02 -1.5440814600e-01 -9.4401408000e-02  1.0333127300e+00  9.4878512400e-01  9.9016341400e-01
    1.5850000000e+01 -1.3249503000e-02 -1.5544435100e-01 -9.5647207000e-02  1.0300638360e+00  9.4327246200e-01  9.8569641300e-01
    1.5860000000e+01 -1.5172848000e-02 -1.5640338500e-01 -9.6842112000e-02  1.0267924610e+00  9.3777459500e-01  9.8126825600e-01
    1.5870000000e+01 -1.7082903000e-02 -1.5728538900e-01 -9.7992504000e-02  1.0234960920e+00  9.3229309600e-01  9.7687670100e-01
    1.5880000000e+01 -1.8976632000e-02 -1.5809025800e-01 -9.9102888000e-02  1.0201730620e+00  9.2683015500e-01  9.7251875900e-01
    1.5890000000e+01 -2.0850642000e-02 -1.5881792000e-01 -1.0017595700e-01  1.0168227260e+00  9.2138868900e-01  9.6819147200e-01
    1.5900000000e+01 -2.2701582000e-02 -1.5946862200e-01 -1.0121294400e-01  1.0134454770e+00  9.1597233500e-01  9.6389255600e-01
    1.5910000000e+01 -2.4526502000e-02 -1.6004320900e-01 -1.0221413400e-01  1.0100425940e+00  9.1058536700e-01  9.5962081500e-01
    1.5920000000e+01 -2.6323097000e-02 -1.6054336100e-01 -1.0317946100e-01  1.0066159790e+00  9.0523254300e-01  9.5537630600e-01
    1.5930000000e+01 -2.8089809000e-02 -1.6097179900e-01 -1.0410906200e-01  1.0031678240e+00  8.9991887600e-01  9.5116029800e-01
    1.5940000000e+01 -2.9825792000e-02 -1.6133244000e-01 -1.0500374800e-01  9.9970030800e-01  8.9464935100e-01  9.4697503600e-01
    1.5950000000e+01 -3.1530742000e-02 -1.6163047100e-01 -1.0586535400e-01  9.9621534400e-01  8.8942857600e-01  9.4282340000e-01
    1.5960000000e+01 -3.3204666000e-02 -1.6187231900e-01 -1.0669695100e-01  9.9271444600e-01  8.8426038500e-01  9.3870847400e-01
    1.5970000000e+01 -3.4847625000e-02 -1.6206550000e-01 -1.0750290300e-01  9.8919872500e-01  8.7914744600e-01  9.3463308100e-01
    1.5980000000e+01 -3.6459523000e-02 -1.6221831900e-01 -1.0828878800e-01  9.8566899700e-01  8.7409090200e-01  9.3059932600e-01
    1.5990000000e+01 -3.8039979000e-02 -1.6233946800e-01 -1.0906116800e-01  9.8212597100e-01  8.6909010100e-01  9.2660817600e-01
    1.6000000000e+01 -3.9588317000e-02 -1.6243752200e-01 -1.0982723400e-01  9.7857048100e-01  8.6414246300e-01  9.2265912800e-01
    1.6010000000e+01 -4.1103652000e-02 -1.6252040900e-01 -1.1059435400e-01  9.7500368500e-01  8.5924349900e-01  9.1875000300e-01
    1.6020000000e+01 -4.2585079000e-02 -1.6259487700e-01 -1.1136956900e-01  9.7142721300e-01  8.5438700000e-01  9.1487688500e-01
    1.6030000000e+01 -4.4031911000e-02 -1.6266604500e-01 -1.1215907600e-01  9.6784322000e-01  8.4956538000e-01  9.1103423800e-01
    1.6040000000e+01 -4.5443928000e-02 -1.6273705800e-01 -1.1296777300e-01  9.6425433000e-01  8.4477016400e-01  9.0721517400e-01
    1.6050000000e+01 -4.6821599000e-02 -1.6280890900e-01 -1.1379891400e-01  9.6066348500e-01  8.3999255000e-01  9.0341187200e-01
    1.6060000000e+01 -4.8166247000e-02 -1.6288044100e-01 -1.1465391200e-01  9.5707371000e-01  8.3522402100e-01  8.9961608200e-01
    1.6070000000e+01 -4.9480116000e-02 -1.6294854100e-01 -1.1553233400e-01  9.5348781500e-01  8.3045692300e-01  8.9581966100e-01
    1.6080000000e+01 -5.0766345000e-02 -1.6300849900e-01 -1.1643205800e-01  9.4990807700e-01  8.2568494800e-01  8.9201507100e-01
    1.6090000000e+01 -5.2028827000e-02 -1.6305450200e-01 -1.1734958500e-01  9.4633593300e-01  8.2090349300e-01  8.8819577100e-01
    1.6100000000e+01 -5.3271956000e-02 -1.6308021200e-01 -1.1828043800e-01  9.4277171100e-01  8.1610982500e-01  8.8435647600e-01
    1.6110000000e+01 -5.4500300000e-02 -1.6307936300e-01 -1.1921958800e-01  9.3921445500e-01  8.1130306500e-01  8.8049325400e-01
    1.6120000000e+01 -5.5718204000e-02 -1.6304631600e-01 -1.2016185700e-01  9.3566186300e-01  8.0648396200e-01  8.7660348900e-01
    1.6130000000e+01 -5.6929392000e-02 -1.6297649300e-01 -1.2110224700e-01  9.3211034700e-01  8.0165449300e-01  8.7268572800e-01
    1.6140000000e+01 -5.8136601000e-02 -1.6286663800e-01 -1.2203618000e-01  9.2855522600e-01  7.9681734500e-01  8.6873945500e-01
    1.6150000000e+01 -5.9341291000e-02 -1.6271486200e-01 -1.2295963500e-01  9.2499102000e-01  7.9197532700e-01  8.6476483200e-01
    1.6160000000e+01 -6.0543459000e-02 -1.6252045600e-01 -1.2386917600e-01  9.2141181200e-01  7.8713083200e-01  8.6076245100e-01
    1.6170000000e+01 -6.1741563000e-02 -1.6228350100e-01 -1.2476191100e-01  9.1781163100e-01  7.8228541400e-01  8.5673311500e-01
    1.6180000000e+01 -6.2932559000e-02 -1.6200434900e-01 -1.2563539200e-01  9.1418483900e-01  7.7743957400e-01  8.5267769300e-01
    1.6190000000e+01 -6.4112020000e-02 -1.6168306400e-01 -1.2648749300e-01  9.1052647300e-01  7.7259278500e-01  8.4859703300e-01
    1.6200000000e+01 -6.5274343000e-02 -1.6131893100e-01 -1.2731630900e-01  9.0683253600e-01  7.6774375300e-01  8.4449193700e-01
    1.6210000000e+01 -6.6412987000e-02 -1.6091012700e-01 -1.2812007500e-01  9.0310021300e-01  7.6289085700e-01  8.4036316400e-01
    1.6220000000e+01 -6.7520740000e-02 -1.6045361100e-01 -1.2889710800e-01  8.9932802300e-01  7.5803268000e-01  8.3621145700e-01
    1.6230000000e+01 -6.8589982000e-02 -1.5994524400e-01 -1.2964577700e-01  8.9551591400e-01  7.5316854100e-01  8.3203756400e-01
    1.6240000000e+01 -6.9612944000e-02 -1.5938010600e-01 -1.3036447800e-01  8.9166532200e-01  7.4829891300e-01  8.2784227000e-01
    1.6250000000e+01 -7.0581958000e-02 -1.5875294900e-01 -1.3105162300e-01  8.8777920400e-01  7.4342568000e-01  8.2362642700e-01
    1.6260000000e+01 -7.1489733000e-02 -1.5805869000e-01 -1.3170563800e-01  8.8386205700e-01  7.3855219100e-01  8.1939099100e-01
    1.6270000000e+01 -7.2329660000e-02 -1.5729286000e-01 -1.3232498600e-01  8.7991991100e-01  7.3368312600e-01  8.1513706300e-01
    1.6280000000e+01 -7.3096163000e-02 -1.5645193700e-01 -1.3290820500e-01  8.7596025400e-01  7.2882424400e-01  8.1086591400e-01
    1.6290000000e+01 -7.3785082000e-02 -1.5553355300e-01 -1.3345397300e-01  8.7199186200e-01  7.2398205700e-01  8.0657899900e-01
    1.6300000000e+01 -7.4394049000e-02 -1.5453657300e-01 -1.3396117100e-01  8.6802448800e-01  7.1916352400e-01  8.0227793300e-01
    1.6310000000e+01 -7.4922781000e-02 -1.5346109400e-01 -1.3442895000e-01  8.6406840500e-01  7.1437578900e-01  7.9796444000e-01
    1.6320000000e+01 -7.5373231000e-02 -1.5230843000e-01 -1.3485676400e-01  8.6013381900e-01  7.0962597800e-01  7.9364025900e-01
    1.6330000000e+01 -7.5749516000e-02 -1.5108109700e-01 -1.3524436100e-01  8.5623023200e-01  7.0492101900e-01  7.8930704900e-01
    1.6340000000e+01 -7.6057617000e-02 -1.4978282700e-01 -1.3559172800e-01  8.5236583600e-01  7.0026743200e-01  7.8496629300e-01
    1.6350000000e+01 -7.6304868000e-02 -1.4841855100e-01 -1.3589900300e-01  8.4854706400e-01  6.9567106800e-01  7.8061923400e-01
    1.6360000000e+01 -7.6499316000e-02 -1.4699430500e-01 -1.3616635600e-01  8.4477836200e-01  6.9113678600e-01  7.7626687300e-01
    1.6370000000e+01 -7.6649066000e-02 -1.4551700700e-01 -1.3639388600e-01  8.4106221900e-01  6.8666810900e-01  7.7191000300e-01
    1.6380000000e+01 -7.6761728000e-02 -1.4399407400e-01 -1.3658156000e-01  8.3739944000e-01  6.8226694100e-01  7.6754930600e-01
    1.6390000000e+01 -7.6844046000e-02 -1.4243291100e-01 -1.3672919800e-01  8.3378957900e-01  6.7793342200e-01  7.6318545400e-01
    1.6400000000e+01 -7.6901746000e-02 -1.4084033300e-01 -1.3683652100e-01  8.3023141800e-01  6.7366599500e-01  7.5881920700e-01
    1.6410000000e+01 -7.6939595000e-02 -1.3922203700e-01 -1.3690324700e-01  8.2672342300e-01  6.6946169900e-01  7.5445145700e-01
    1.6420000000e+01 -7.6961600000e-02 -1.3758221700e-01 -1.3692918700e-01  8.2326407200e-01  6.6531666400e-01  7.5008321700e-01
    1.6430000000e+01 -7.6971294000e-02 -1.3592340000e-01 -1.3691432700e-01  8.1985204400e-01  6.6122673000e-01  7.4571555700e-01
    1.6440000000e+01 -7.6972024000e-02 -1.3424656000e-01 -1.3685885500e-01  8.1648625300e-01  6.5718806900e-01  7.4134949500e-01
    1.6450000000e+01 -7.6967195000e-02 -1.3255146600e-01 -1.3676313200e-01  8.1316576700e-01  6.5319770000e-01  7.3698589800e-01
    1.6460000000e+01 -7.6960430000e-02 -1.3083720500e-01 -1.3662761200e-01  8.0988963900e-01  6.4925378600e-01  7.3262540100e-01
    1.6470000000e+01 -7.6955634000e-02 -1.2910274200e-01 -1.3645272700e-01  8.0665670200e-01  6.4535566900e-01  7.2826837500e-01
    1.6480000000e+01 -7.6956963000e-02 -1.2734741000e-01 -1.3623877900e-01  8.0346536800e-01  6.4150366400e-01  7.2391495200e-01
    1.6490000000e+01 -7.6968728000e-02 -1.2557121600e-01 -1.3598584700e-01  8.0031345500e-01  6.3769868100e-01  7.1956509900e-01
    1.6500000000e+01 -7.6995234000e-02 -1.2377491400e-01 -1.3569373600e-01  7.9719807200e-01  6.3394178300e-01  7.1521871900e-01
    1.6510000000e+01 -7.7040617000e-02 -1.2195987000e-01 -1.3536197400e-01  7.9411554900e-01  6.3023381200e-01  7.1087576200e-01
    1.6520000000e+01 -7.7108657000e-02 -1.2012777100e-01 -1.3498986700e-01  7.9106141500e-01  6.2657516300e-01  7.0653632400e-01
    1.6530000000e+01 -7.7202596000e-02 -1.1828029800e-01 -1.3457657000e-01  7.8803039400e-01  6.2296575400e-01  7.0220071100e-01
    1.6540000000e+01 -7.7324934000e-02 -1.1641885100e-01 -1.3412118600e-01  7.8501643500e-01  6.1940517100e-01  6.9786944700e-01
    1.6550000000e+01 -7.7477186000e-02 -1.1454441400e-01 -1.3362284000e-01  7.8201277400e-01  6.1589293200e-01  6.9354325200e-01
    1.6560000000e+01 -7.7659606000e-02 -1.1265758500e-01 -1.3308071900e-01  7.7901207700e-01  6.1242877100e-01  6.8922298000e-01
    1.6570000000e+01 -7.7870901000e-02 -1.1075874800e-01 -1.3249407300e-01  7.7600670500e-01  6.0901286600e-01  6.8490956300e-01
    1.6580000000e+01 -7.8108004000e-02 -1.0884834700e-01 -1.3186217500e-01  7.7298913100e-01  6.0564595000e-01  6.8060397600e-01
    1.6590000000e+01 -7.8365985000e-02 -1.0692717300e-01 -1.3118427800e-01  7.6995249400e-01  6.0232927500e-01  6.7630724000e-01
    1.6600000000e+01 -7.8638189000e-02 -1.0499661100e-01 -1.3045957300e-01  7.6689122500e-01  5.9906445800e-01  6.7202046700e-01
    1.6610000000e+01 -7.8916647000e-02 -1.0305880000e-01 -1.2968720600e-01  7.6380164100e-01  5.9585323200e-01  6.6774492300e-01
    1.6620000000e+01 -7.9192723000e-02 -1.0111668300e-01 -1.2886631000e-01  7.6068235300e-01  5.9269717400e-01  6.6348207700e-01
    1.6630000000e+01 -7.9457910000e-02 -9.9173960000e-02 -1.2799608600e-01  7.5753440800e-01  5.8959742500e-01  6.5923362200e-01
    1.6640000000e+01 -7.9704638000e-02 -9.7234964000e-02 -1.2707586700e-01  7.5436108000e-01  5.8655445600e-01  6.5500145800e-01
    1.6650000000e+01 -7.9926918000e-02 -9.5304471000e-02 -1.2610516300e-01  7.5116737200e-01  5.8356788400e-01  6.5078764300e-01
    1.6660000000e+01 -8.0120717000e-02 -9.3387475000e-02 -1.2508367600e-01  7.4795932000e-01  5.8063634500e-01  6.4659433100e-01
    1.6670000000e+01 -8.0284019000e-02 -9.1488951000e-02 -1.2401126900e-01  7.4474325000e-01  5.7775742800e-01  6.4242373500e-01
    1.6680000000e+01 -8.0416591000e-02 -8.9613598000e-02 -1.2288793400e-01  7.4152514900e-01  5.7492766900e-01  6.3827812000e-01
    1.6690000000e+01 -8.0519589000e-02 -8.7765592000e-02 -1.2171376800e-01  7.3831023500e-01  5.7214259700e-01  6.3415983600e-01
    1.6700000000e+01 -8.0595092000e-02 -8.5948339000e-02 -1.2048897700e-01  7.3510276600e-01  5.6939683000e-01  6.3007136400e-01
    1.6710000000e+01 -8.0645708000e-02 -8.4164252000e-02 -1.1921393300e-01  7.3190604400e-01  5.6668424000e-01  6.2601537100e-01
    1.6720000000e+01 -8.0674302000e-02 -8.2414544000e-02 -1.1788925800e-01  7.2872254000e-01  5.6399816700e-01  6.2199473600e-01
    1.6730000000e+01 -8.0683856000e-02 -8.0699083000e-02 -1.1651594900e-01  7.2555404100e-01  5.6133171100e-01  6.1801253100e-01
    1.6740000000e+01 -8.0677433000e-02 -7.9016314000e-02 -1.1509548900e-01  7.2240176200e-01  5.5867807000e-01  6.1407194500e-01
    1.6750000000e+01 -8.0658184000e-02 -7.7363298000e-02 -1.1362994300e-01  7.1926638200e-01  5.5603091100e-01  6.1017615400e-01
    1.6760000000e+01 -8.0629350000e-02 -7.5735867000e-02 -1.1212200500e-01  7.1614800900e-01  5.5338472800e-01  6.0632814300e-01
    1.6770000000e+01 -8.0594206000e-02 -7.4128887000e-02 -1.1057497500e-01  7.1304609800e-01  5.5073513200e-01  6.0253050300e-01
    1.6780000000e+01 -8.0555937000e-02 -7.2536615000e-02 -1.0899265400e-01  7.0995936100e-01  5.4807904100e-01  5.9878523300e-01
    1.6790000000e+01 -8.0517442000e-02 -7.0953072000e-02 -1.0737916600e-01  7.0688572500e-01  5.4541473400e-01  5.9509357500e-01
    1.6800000000e+01 -8.0481089000e-02 -6.9372398000e-02 -1.0573870500e-01  7.0382235500e-01  5.4274178000e-01  5.9145592000e-01
    1.6810000000e+01 -8.0448462000e-02 -6.7789137000e-02 -1.0407525500e-01  7.0076579600e-01  5.4006087200e-01  5.8787182100e-01
    1.6820000000e+01 -8.0420166000e-02 -6.6198428000e-02 -1.0239231300e-01  6.9771221800e-01  5.3737360800e-01  5.8434011900e-01
    1.6830000000e+01 -8.0395717000e-02 -6.4596104000e-02 -1.0069268500e-01  6.9465773500e-01  5.3468226400e-01  5.8085918300e-01
    1.6840000000e+01 -8.0373582000e-02 -6.2978726000e-02 -9.8978403000e-02  6.9159875900e-01  5.3198958100e-01  5.7742721900e-01
    1.6850000000e+01 -8.0351342000e-02 -6.1343562000e-02 -9.7250779000e-02  6.8853230900e-01  5.2929859300e-01  5.7404259900e-01
    1.6860000000e+01 -8.0325965000e-02 -5.9688549000e-02 -9.5510605000e-02  6.8545622100e-01  5.2661249300e-01  5.7070412000e-01
    1.6870000000e+01 -8.0294107000e-02 -5.8012231000e-02 -9.3758454000e-02  6.8236922400e-01  5.2393452500e-01  5.6741114800e-01
    1.6880000000e+01 -8.0252386000e-02 -5.6313709000e-02 -9.1995000000e-02  6.7927089700e-01  5.2126790500e-01  5.6416360500e-01
    1.6890000000e+01 -8.0197574000e-02 -5.4592577000e-02 -9.0221292000e-02  6.7616154200e-01  5.1861576700e-01  5.6096180500e-01
    1.6900000000e+01 -8.0126687000e-02 -5.2848881000e-02 -8.8438921000e-02  6.7304204400e-01  5.1598112200e-01  5.5780618900e-01
    1.6910000000e+01 -8.0037008000e-02 -5.1083078000e-02 -8.6650034000e-02  6.6991376900e-01  5.1336683100e-01  5.5469702100e-01
    1.6920000000e+01 -7.9926079000e-02 -4.9296024000e-02 -8.4857224000e-02  6.6677853100e-01  5.1077557600e-01  5.5163411400e-01
    1.6930000000e+01 -7.9791740000e-02 -4.7488963000e-02 -8.3063304000e-02  6.6363861500e-01  5.0820981200e-01  5.4861663500e-01
    1.6940000000e+01 -7.9632231000e-02 -4.5663516000e-02 -8.1271035000e-02  6.6049681100e-01  5.0567170300e-01  5.4564303000e-01
    1.6950000000e+01 -7.9446371000e-02 -4.3821646000e-02 -7.9482847000e-02  6.5735640100e-01  5.0316303200e-01  5.4271105500e-01
    1.6960000000e+01 -7.9233763000e-02 -4.1965585000e-02 -7.7700599000e-02  6.5422104700e-01  5.0068511100e-01  5.3981791800e-01
    1.6970000000e+01 -7.8994979000e-02 -4.0097727000e-02 -7.5925412000e-02  6.5109456800e-01  4.9823869800e-01  5.3696049800e-01
    1.6980000000e+01 -7.8731631000e-02 -3.8220483000e-02 -7.4157599000e-02  6.4798061600e-01  4.9582395900e-01  5.3413559900e-01
    1.6990000000e+01 -7.8446315000e-02 -3.6336127000e-02 -7.2396691000e-02  6.4488234000e-01  4.9344045100e-01  5.3134021200e-01
    1.7000000000e+01 -7.8142416000e-02 -3.4446629000e-02 -7.0641559000e-02  6.4180207700e-01  4.9108716900e-01  5.2857173500e-01
    1.7010000000e+01 -7.7823807000e-02 -3.2553503000e-02 -6.8890582000e-02  6.3874115700e-01  4.8876262000e-01  5.2582812000e-01
    1.7020000000e+01 -7.7494517000e-02 -3.0657660000e-02 -6.7141847000e-02  6.3569983500e-01  4.8646494600e-01  5.2310794500e-01
    1.7030000000e+01 -7.7158417000e-02 -2.8759284000e-02 -6.5393328000e-02  6.3267734300e-01  4.8419208800e-01  5.2041041900e-01
    1.7040000000e+01 -7.6818982000e-02 -2.6857747000e-02 -6.3643026000e-02  6.2967203600e-01  4.8194201100e-01  5.1773533500e-01
    1.7050000000e+01 -7.6479129000e-02 -2.4951584000e-02 -6.1889071000e-02  6.2668158000e-01  4.7971297100e-01  5.1508301600e-01
    1.7060000000e+01 -7.6141141000e-02 -2.3038579000e-02 -6.0129793000e-02  6.2370313900e-01  4.7750381400e-01  5.1245427500e-01
    1.7070000000e+01 -7.5806653000e-02 -2.1115953000e-02 -5.8363803000e-02  6.2073353600e-01  4.7531424400e-01  5.0985037900e-01
    1.7080000000e+01 -7.5476664000e-02 -1.9180676000e-02 -5.6590083000e-02  6.1776937600e-01  4.7314502600e-01  5.0727302600e-01
    1.7090000000e+01 -7.5151557000e-02 -1.7229835000e-02 -5.4808117000e-02  6.1480712300e-01  4.7099805300e-01  5.0472428500e-01
    1.7100000000e+01 -7.4831108000e-02 -1.5261012000e-02 -5.3018029000e-02  6.1184315900e-01  4.6887627300e-01  5.0220648700e-01
    1.7110000000e+01 -7.4514460000e-02 -1.3272606000e-02 -5.1220690000e-02  6.0887382300e-01  4.6678348400e-01  4.9972203600e-01
    1.7120000000e+01 -7.4200078000e-02 -1.1264045000e-02 -4.9417770000e-02  6.0589547400e-01  4.6472403500e-01  4.9727316900e-01
    1.7130000000e+01 -7.3885678000e-02 -9.2358850000e-03 -4.7611680000e-02  6.0290458400e-01  4.6270249900e-01  4.9486167600e-01
    1.7140000000e+01 -7.3568173000e-02 -7.1897980000e-03 -4.5805411000e-02  5.9989788300e-01  4.6072335300e-01  4.9248865600e-01
    1.7150000000e+01 -7.3243645000e-02 -5.1284790000e-03 -4.4002275000e-02  5.9687254800e-01  4.5879070500e-01  4.9015433200e-01
    1.7160000000e+01 -7.2907378000e-02 -3.0555030000e-03 -4.2205589000e-02  5.9382643600e-01  4.5690806900e-01  4.8785798500e-01
    1.7170000000e+01 -7.2553967000e-02 -9.7513600000e-04 -4.0418349000e-02  5.9075831100e-01  4.5507818000e-01  4.8559800000e-01
    1.7180000000e+01 -7.2177500000e-02  1.1078760000e-03 -3.8642943000e-02  5.8766806400e-01  4.5330287700e-01  4.8337203900e-01
    1.7190000000e+01 -7.1771813000e-02  3.1885470000e-03 -3.6880952000e-02  5.8455688600e-01  4.5158302000e-01  4.8117731000e-01
    1.7200000000e+01 -7.1330802000e-02  5.2619040000e-03 -3.5133058000e-02  5.8142738100e-01  4.4991849300e-01  4.7901088800e-01
    1.7210000000e+01 -7.0848768000e-02  7.3232320000e-03 -3.3399099000e-02  5.7828359000e-01  4.4830826200e-01  4.7687004200e-01
    1.7220000000e+01 -7.0320797000e-02  9.3682850000e-03 -3.1678236000e-02  5.7513092800e-01  4.4675052200e-01  4.7475251800e-01
    1.7230000000e+01 -6.9743118000e-02  1.1393440000e-02 -2.9969213000e-02  5.7197601200e-01  4.4524288100e-01  4.7265671300e-01
    1.7240000000e+01 -6.9113428000e-02  1.3395775000e-02 -2.8270665000e-02  5.6882638300e-01  4.4378259500e-01  4.7058172700e-01
    1.7250000000e+01 -6.8431140000e-02  1.5373068000e-02 -2.6581388000e-02  5.6569013200e-01  4.4236679000e-01  4.6852728500e-01
    1.7260000000e+01 -6.7697524000e-02  1.7323718000e-02 -2.4900549000e-02  5.6257544600e-01  4.4099267000e-01  4.6649356200e-01
    1.7270000000e+01 -6.6915723000e-02  1.9246610000e-02 -2.3227783000e-02  5.5949012200e-01  4.3965767300e-01  4.6448095100e-01
    1.7280000000e+01 -6.6090616000e-02  2.1140932000e-02 -2.1563180000e-02  5.5644107000e-01  4.3835954900e-01  4.6248983700e-01
    1.7290000000e+01 -6.5228540000e-02  2.3005990000e-02 -1.9907189000e-02  5.5343386300e-01  4.3709637400e-01  4.6052041500e-01
    1.7300000000e+01 -6.4336877000e-02  2.4841041000e-02 -1.8260466000e-02  5.5047238400e-01  4.3586647000e-01  4.5857258900e-01
    1.7310000000e+01 -6.3423542000e-02  2.6645180000e-02 -1.6623715000e-02  5.4755860700e-01  4.3466827400e-01  4.5664594600e-01
    1.7320000000e+01 -6.2496427000e-02  2.8417303000e-02 -1.4997564000e-02  5.4469255300e-01  4.3350015400e-01  4.5473979600e-01
    1.7330000000e+01 -6.1562853000e-02  3.0156166000e-02 -1.3382480000e-02  5.4187242100e-01  4.3236024000e-01  4.5285325000e-01
    1.7340000000e+01 -6.0629107000e-02  3.1860524000e-02 -1.1778732000e-02  5.3909488900e-01  4.3124628500e-01  4.5098530000e-01
    1.7350000000e+01 -5.9700105000e-02  3.3529332000e-02 -1.0186398000e-02  5.3635554000e-01  4.3015560900e-01  4.4913488500e-01
    1.7360000000e+01 -5.8779229000e-02  3.5161970000e-02 -8.6053740000e-03  5.3364936400e-01  4.2908515300e-01  4.4730093200e-01
    1.7370000000e+01 -5.7868344000e-02  3.6758425000e-02 -7.0353930000e-03  5.3097125100e-01  4.2803163000e-01  4.4548237500e-01
    1.7380000000e+01 -5.6967975000e-02  3.8319399000e-02 -5.4760200000e-03  5.2831643100e-01  4.2699175900e-01  4.4367815700e-01
    1.7390000000e+01 -5.6077603000e-02  3.9846295000e-02 -3.9266290000e-03  5.2568078700e-01  4.2596254300e-01  4.4188724800e-01
    1.7400000000e+01 -5.5196024000e-02  4.1341093000e-02 -2.3863810000e-03  5.2306102100e-01  4.2494151300e-01  4.4010867100e-01
    1.7410000000e+01 -5.4321696000e-02  4.2806112000e-02 -8.5419400000e-04  5.2045468300e-01  4.2392690700e-01  4.3834155600e-01
    1.7420000000e+01 -5.3453028000e-02  4.4243725000e-02  6.7126200000e-04  5.1786006300e-01  4.2291772400e-01  4.3658520100e-01
    1.7430000000e+01 -5.2588575000e-02  4.5656080000e-02  2.1915600000e-03  5.1527602400e-01  4.2191365200e-01  4.3483914900e-01
    1.7440000000e+01 -5.1727119000e-02  4.7044879000e-02  3.7084880000e-03  5.1270180100e-01  4.2091488200e-01  4.3310326800e-01
    1.7450000000e+01 -5.0867665000e-02  4.8411280000e-02  5.2240060000e-03  5.1013682900e-01  4.1992185300e-01  4.3137782500e-01
    1.7460000000e+01 -5.0009371000e-02  4.9755914000e-02  6.7401780000e-03  5.0758063300e-01  4.1893500100e-01  4.2966358300e-01
    1.7470000000e+01 -4.9151454000e-02  5.1079018000e-02  8.2590730000e-03  5.0503278500e-01  4.1795455200e-01  4.2796188300e-01
    1.7480000000e+01 -4.8293125000e-02  5.2380623000e-02  9.7826140000e-03  5.0249293200e-01  4.1698042300e-01  4.2627472400e-01
    1.7490000000e+01 -4.7433566000e-02  5.3660750000e-02  1.1312371000e-02  4.9996085200e-01  4.1601222300e-01  4.2460479500e-01
    1.7500000000e+01 -4.6571968000e-02  5.4919556000e-02  1.2849322000e-02  4.9743651600e-01  4.1504934300e-01  4.2295543700e-01
    1.7510000000e+01 -4.5707613000e-02  5.6157400000e-02  1.4393606000e-02  4.9492011100e-01  4.1409108400e-01  4.2133050100e-01
    1.7520000000e+01 -4.4839967000e-02  5.7374836000e-02  1.5944327000e-02  4.9241200800e-01  4.1313678600e-01  4.1973410700e-01
    1.7530000000e+01 -4.3968748000e-02  5.8572552000e-02  1.7499446000e-02  4.8991267100e-01  4.1218591200e-01  4.1817032600e-01
    1.7540000000e+01 -4.3093948000e-02  5.9751283000e-02  1.9055793000e-02  4.8742253900e-01  4.1123807800e-01  4.1664282900e-01
    1.7550000000e+01 -4.2215781000e-02  6.0911742000e-02  2.0609207000e-02  4.8494190800e-01  4.1029303700e-01  4.1515455200e-01
    1.7560000000e+01 -4.1334592000e-02  6.2054582000e-02  2.2154781000e-02  4.8247084100e-01  4.0935063200e-01  4.1370743900e-01
    1.7570000000e+01 -4.0450720000e-02  6.3180389000e-02  2.3687173000e-02  4.8000914600e-01  4.0841074600e-01  4.1230227800e-01
    1.7580000000e+01 -3.9564377000e-02  6.4289715000e-02  2.5200932000e-02  4.7755639800e-01  4.0747327500e-01  4.1093864700e-01
    1.7590000000e+01 -3.8675538000e-02  6.5383107000e-02  2.6690819000e-02  4.7511203100e-01  4.0653811400e-01  4.0961497200e-01
    1.7600000000e+01 -3.7783887000e-02  6.6461140000e-02  2.8152068000e-02  4.7267546400e-01  4.0560518800e-01  4.0832865500e-01
    1.7610000000e+01 -3.6888824000e-02  6.7524422000e-02  2.9580583000e-02  4.7024624300e-01  4.0467447900e-01  4.0707627300e-01
    1.7620000000e+01 -3.5989535000e-02  6.8573582000e-02  3.0973063000e-02  4.6782416500e-01  4.0374606800e-01  4.0585378600e-01
    1.7630000000e+01 -3.5085115000e-02  6.9609233000e-02  3.2327053000e-02  4.6540936900e-01  4.0282015800e-01  4.0465676500e-01
    1.7640000000e+01 -3.4174715000e-02  7.0631923000e-02  3.3640940000e-02  4.6300235900e-01  4.0189708000e-01  4.0348058300e-01
    1.7650000000e+01 -3.3257700000e-02  7.1642093000e-02  3.4913907000e-02  4.6060395300e-01  4.0097727600e-01  4.0232058300e-01
    1.7660000000e+01 -3.2333751000e-02  7.2640040000e-02  3.6145864000e-02  4.5821518400e-01  4.0006126300e-01  4.0117220700e-01
    1.7670000000e+01 -3.1402933000e-02  7.3625893000e-02  3.7337368000e-02  4.5583714700e-01  3.9914958600e-01  4.0003108500e-01
    1.7680000000e+01 -3.0465676000e-02  7.4599612000e-02  3.8489559000e-02  4.5347085200e-01  3.9824276000e-01  3.9889310700e-01
    1.7690000000e+01 -2.9522708000e-02  7.5561008000e-02  3.9604098000e-02  4.5111708400e-01  3.9734121700e-01  3.9775447300e-01
    1.7700000000e+01 -2.8574932000e-02  7.6509782000e-02  4.0683114000e-02  4.4877632100e-01  3.9644525600e-01  3.9661174700e-01
    1.7710000000e+01 -2.7623282000e-02  7.7445593000e-02  4.1729152000e-02  4.4644869500e-01  3.9555500600e-01  3.9546191700e-01
    1.7720000000e+01 -2.6668582000e-02  7.8368132000e-02  4.2745110000e-02  4.4413403000e-01  3.9467043400e-01  3.9430245500e-01
    1.7730000000e+01 -2.5711429000e-02  7.9277196000e-02  4.3734150000e-02  4.4183192000e-01  3.9379136100e-01  3.9313137500e-01
    1.7740000000e+01 -2.4752125000e-02  8.0172758000e-02  4.4699593000e-02  4.3954185700e-01  3.9291753800e-01  3.9194726900e-01
    1.7750000000e+01 -2.3790660000e-02  8.1054996000e-02  4.5644804000e-02  4.3726337100e-01  3.9204872400e-01  3.9074931600e-01
    1.7760000000e+01 -2.2826752000e-02  8.1924299000e-02  4.6573081000e-02  4.3499615800e-01  3.9118479700e-01  3.8953725300e-01
    1.7770000000e+01 -2.1859937000e-02  8.2781223000e-02  4.7487571000e-02  4.3274019500e-01  3.9032585200e-01  3.8831132700e-01
    1.7780000000e+01 -2.0889688000e-02  8.3626413000e-02  4.8391212000e-02  4.3049580400e-01  3.8947229800e-01  3.8707223000e-01
    1.7790000000e+01 -1.9915550000e-02  8.4460481000e-02  4.9286702000e-02  4.2826367300e-01  3.8862492500e-01  3.8582106200e-01
    1.7800000000e+01 -1.8937278000e-02  8.5283858000e-02  5.0176464000e-02  4.2604484200e-01  3.8778492600e-01  3.8455930500e-01
    1.7810000000e+01 -1.7954966000e-02  8.6096614000e-02  5.1062601000e-02  4.2384063700e-01  3.8695387000e-01  3.8328881900e-01
    1.7820000000e+01 -1.6969164000e-02  8.6898293000e-02  5.1946804000e-02  4.2165257500e-01  3.8613359500e-01  3.8201182900e-01
    1.7830000000e+01 -1.5980966000e-02  8.7687766000e-02  5.2830232000e-02  4.1948222300e-01  3.8532602800e-01  3.8073087700e-01
    1.7840000000e+01 -1.4992069000e-02  8.8463175000e-02  5.3713389000e-02  4.1733101900e-01  3.8453293500e-01  3.7944871300e-01
    1.7850000000e+01 -1.4004761000e-02  8.9221963000e-02  5.4596021000e-02  4.1520006300e-01  3.8375564500e-01  3.7816810700e-01
    1.7860000000e+01 -1.3021843000e-02  8.9961043000e-02  5.5477091000e-02  4.1308990400e-01  3.8299478700e-01  3.7689161200e-01
    1.7870000000e+01 -1.2046470000e-02  9.0677057000e-02  5.6354852000e-02  4.1100034300e-01  3.8225010600e-01  3.7562130700e-01
    1.7880000000e+01 -1.1081914000e-02  9.1366710000e-02  5.7227017000e-02  4.0893029000e-01  3.8152040400e-01  3.7435856900e-01
    1.7890000000e+01 -1.0131278000e-02  9.2027103000e-02  5.8091022000e-02  4.0687770800e-01  3.8080360900e-01  3.7310392200e-01
    1.7900000000e+01 -9.1971870000e-03  9.2656012000e-02  5.8944325000e-02  4.0483964700e-01  3.8009699100e-01  3.7185698300e-01
    1.7910000000e+01 -8.2814940000e-03  9.3252056000e-02  5.9784711000e-02  4.0281239000e-01  3.7939745400e-01  3.7061653400e-01
    1.7920000000e+01 -7.3850360000e-03  9.3814733000e-02  6.0610547000e-02  4.0079169600e-01  3.7870187700e-01  3.6938068400e-01
    1.7930000000e+01 -6.5074730000e-03  9.4344322000e-02  6.1420965000e-02  3.9877311800e-01  3.7800742600e-01  3.6814711400e-01
    1.7940000000e+01 -5.6472310000e-03  9.4841669000e-02  6.2215943000e-02  3.9675237400e-01  3.7731180200e-01  3.6691336400e-01
    1.7950000000e+01 -4.8015750000e-03  9.5307901000e-02  6.2996284000e-02  3.9472573700e-01  3.7661337400e-01  3.6567711000e-01
    1.7960000000e+01 -3.9668120000e-03  9.5744124000e-02  6.3763516000e-02  3.9269038300e-01  3.7591118400e-01  3.6443641700e-01
    1.7970000000e+01 -3.1386060000e-03  9.6151139000e-02  6.4519718000e-02  3.9064466100e-01  3.7520483500e-01  3.6318993300e-01
    1.7980000000e+01 -2.3123700000e-03  9.6529246000e-02  6.5267321000e-02  3.8858824600e-01  3.7449427300e-01  3.6193701000e-01
    1.7990000000e+01 -1.4836880000e-03  9.6878146000e-02  6.6008888000e-02  3.8652214600e-01  3.7377951200e-01  3.6067776900e-01
    1.8000000000e+01 -6.4871100000e-04  9.7196978000e-02  6.6746899000e-02  3.8444857100e-01  3.7306034200e-01  3.5941310400e-01
    1.8010000000e+01  1.9553000000e-04  9.7484466000e-02  6.7483556000e-02  3.8237068000e-01  3.7233608800e-01  3.5814464100e-01
    1.8020000000e+01  1.0509140000e-03  9.7739162000e-02  6.8220592000e-02  3.8029226100e-01  3.7160544600e-01  3.5687465400e-01
    1.8030000000e+01  1.9181400000e-03  9.7959729000e-02  6.8959108000e-02  3.7821737600e-01  3.7086644100e-01  3.5560594800e-01
    1.8040000000e+01  2.7967440000e-03  9.8145225000e-02  6.9699425000e-02  3.7615002100e-01  3.7011651500e-01  3.5434169800e-01
    1.8050000000e+01  3.6852040000e-03  9.8295319000e-02  7.0440973000e-02  3.7409382300e-01  3.6935272300e-01  3.5308524500e-01
    1.8060000000e+01  4.5811210000e-03  9.8410394000e-02  7.1182228000e-02  3.7205179600e-01  3.6857201000e-01  3.5183985600e-01
    1.8070000000e+01  5.4814320000e-03  9.8491528000e-02  7.1920726000e-02  3.7002615500e-01  3.6777150700e-01  3.5060844800e-01
    1.8080000000e+01  6.3826660000e-03  9.8540339000e-02  7.2653157000e-02  3.6801820100e-01  3.6694878000e-01  3.4939332000e-01
    1.8090000000e+01  7.2812170000e-03  9.8558736000e-02  7.3375547000e-02  3.6602828000e-01  3.6610199300e-01  3.4819590200e-01
    1.8100000000e+01  8.1736040000e-03  9.8548621000e-02  7.4083534000e-02  3.6405581400e-01  3.6522993100e-01  3.4701658200e-01
    1.8110000000e+01  9.0567130000e-03  9.8511622000e-02  7.4772676000e-02  3.6209941700e-01  3.6433189200e-01  3.4585461800e-01
    1.8120000000e+01  9.9279870000e-03  9.8448892000e-02  7.5438789000e-02  3.6015706500e-01  3.6340746200e-01  3.4470816400e-01
    1.8130000000e+01  1.0785539000e-02  9.8361045000e-02  7.6078244000e-02  3.5822631200e-01  3.6245622200e-01  3.4357440400e-01
    1.8140000000e+01  1.1628192000e-02  9.8248228000e-02  7.6688208000e-02  3.5630452800e-01  3.6147745800e-01  3.4244976700e-01
    1.8150000000e+01  1.2455441000e-02  9.8110319000e-02  7.7266793000e-02  3.5438910400e-01  3.6046992700e-01  3.4133020100e-01
    1.8160000000e+01  1.3267357000e-02  9.7947213000e-02  7.7813115000e-02  3.5247763600e-01  3.5943174500e-01  3.4021146600e-01
    1.8170000000e+01  1.4064448000e-02  9.7759134000e-02  7.8327257000e-02  3.5056803600e-01  3.5836040500e-01  3.3908942500e-01
    1.8180000000e+01  1.4847519000e-02  9.7546895000e-02  7.8810155000e-02  3.4865860800e-01  3.5725292400e-01  3.3796029800e-01
    1.8190000000e+01  1.5617526000e-02  9.7312081000e-02  7.9263410000e-02  3.4674805400e-01  3.5610609800e-01  3.3682085500e-01
    1.8200000000e+01  1.6375455000e-02  9.7057100000e-02  7.9689064000e-02  3.4483546400e-01  3.5491677700e-01  3.3566853800e-01
    1.8210000000e+01  1.7122220000e-02  9.6785128000e-02  8.0089355000e-02  3.4292027100e-01  3.5368214100e-01  3.3450150100e-01
    1.8220000000e+01  1.7858575000e-02  9.6499960000e-02  8.0466497000e-02  3.4100219000e-01  3.5239990400e-01  3.3331857100e-01
    1.8230000000e+01  1.8585049000e-02  9.6205821000e-02  8.0822488000e-02  3.3908115200e-01  3.5106843400e-01  3.3211913700e-01
    1.8240000000e+01  1.9301893000e-02  9.5907180000e-02  8.1158981000e-02  3.3715721600e-01  3.4968680000e-01  3.3090301000e-01
    1.8250000000e+01  2.0009046000e-02  9.5608585000e-02  8.1477209000e-02  3.3523047300e-01  3.4825475700e-01  3.2967024600e-01
    1.8260000000e+01  2.0706131000e-02  9.5314543000e-02  8.1777982000e-02  3.3330093600e-01  3.4677269800e-01  3.2842098400e-01
    1.8270000000e+01  2.1392473000e-02  9.5029436000e-02  8.2061712000e-02  3.3136842700e-01  3.4524160800e-01  3.2715528700e-01
    1.8280000000e+01  2.2067170000e-02  9.4757453000e-02  8.2328507000e-02  3.2943245900e-01  3.4366300900e-01  3.2587301600e-01
    1.8290000000e+01  2.2729195000e-02  9.4502537000e-02  8.2578273000e-02  3.2749214600e-01  3.4203893100e-01  3.2457374100e-01
    1.8300000000e+01  2.3377535000e-02  9.4268328000e-02  8.2810849000e-02  3.2554614800e-01  3.4037187700e-01  3.2325669500e-01
    1.8310000000e+01  2.4011362000e-02  9.4058101000e-02  8.3026148000e-02  3.2359266200e-01  3.3866478300e-01  3.2192077100e-01
    1.8320000000e+01  2.4630190000e-02  9.3874708000e-02  8.3224273000e-02  3.2162949300e-01  3.3692097600e-01  3.2056456800e-01
    1.8330000000e+01  2.5234005000e-02  9.3720514000e-02  8.3405631000e-02  3.1965417200e-01  3.3514411500e-01  3.1918648100e-01
    1.8340000000e+01  2.5823335000e-02  9.3597340000e-02  8.3570985000e-02  3.1766412900e-01  3.3333812100e-01  3.1778481900e-01
    1.8350000000e+01  2.6399247000e-02  9.3506424000e-02  8.3721472000e-02  3.1565686800e-01  3.3150708700e-01  3.1635793800e-01
    1.8360000000e+01  2.6963272000e-02  9.3448382000e-02  8.3858560000e-02  3.1363012200e-01  3.2965518400e-01  3.1490436800e-01
    1.8370000000e+01  2.7517280000e-02  9.3423210000e-02  8.3983958000e-02  3.1158195300e-01  3.2778654600e-01  3.1342290800e-01
    1.8380000000e+01  2.8063348000e-02  9.3430302000e-02  8.4099500000e-02  3.0951077900e-01  3.2590516000e-01  3.1191267400e-01
    1.8390000000e+01  2.8603644000e-02  9.3468503000e-02  8.4207024000e-02  3.0741535000e-01  3.2401477200e-01  3.1037309000e-01
    1.8400000000e+01  2.9140359000e-02  9.3536179000e-02  8.4308278000e-02  3.0529467500e-01  3.2211881200e-01  3.0880382100e-01
    1.8410000000e+01  2.9675695000e-02  9.3631285000e-02  8.4404879000e-02  3.0314795400e-01  3.2022035300e-01  3.0720468700e-01
    1.8420000000e+01  3.0211902000e-02  9.3751435000e-02  8.4498323000e-02  3.0097453000e-01  3.1832209000e-01  3.0557557800e-01
    1.8430000000e+01  3.0751330000e-02  9.3893930000e-02  8.4590039000e-02  2.9877389300e-01  3.1642632400e-01  3.0391639400e-01
    1.8440000000e+01  3.1296472000e-02  9.4055779000e-02  8.4681446000e-02  2.9654573300e-01  3.1453494600e-01  3.0222705100e-01
    1.8450000000e+01  3.1849968000e-02  9.4233713000e-02  8.4774002000e-02  2.9429002600e-01  3.1264938200e-01  3.0050751200e-01
    1.8460000000e+01  3.2414549000e-02  9.4424205000e-02  8.4869197000e-02  2.9200712600e-01  3.1077050800e-01  2.9875785100e-01
    1.8470000000e+01  3.2992938000e-02  9.4623539000e-02  8.4968506000e-02  2.8969784300e-01  3.0889854800e-01  2.9697829600e-01
    1.8480000000e+01  3.3587702000e-02  9.4827940000e-02  8.5073313000e-02  2.8736345500e-01  3.0703296500e-01  2.9516923800e-01
    1.8490000000e+01  3.4201109000e-02  9.5033760000e-02  8.5184832000e-02  2.8500567300e-01  3.0517239700e-01  2.9333118000e-01
    1.8500000000e+01  3.4835001000e-02  9.5237702000e-02  8.5304068000e-02  2.8262653500e-01  3.0331465800e-01  2.9146464600e-01
    1.8510000000e+01  3.5490715000e-02  9.5437055000e-02  8.5431830000e-02  2.8022826000e-01  3.0145682500e-01  2.8957007000e-01
    1.8520000000e+01  3.6169072000e-02  9.5629889000e-02  8.5568804000e-02  2.7781308500e-01  2.9959541500e-01  2.8764769900e-01
    1.8530000000e+01  3.6870423000e-02  9.5815187000e-02  8.5715675000e-02  2.7538311300e-01  2.9772661800e-01  2.8569754000e-01
    1.8540000000e+01  3.7594747000e-02  9.5992873000e-02  8.5873270000e-02  2.7294018600e-01  2.9584656500e-01  2.8371937700e-01
    1.8550000000e+01  3.8341786000e-02  9.6163764000e-02  8.6042673000e-02  2.7048582400e-01  2.9395157600e-01  2.8171284700e-01
    1.8560000000e+01  3.9111182000e-02  9.6329441000e-02  8.6225307000e-02  2.6802121200e-01  2.9203836700e-01  2.7967757600e-01
    1.8570000000e+01  3.9902595000e-02  9.6492081000e-02  8.6422947000e-02  2.6554724200e-01  2.9010418600e-01  2.7761333200e-01
    1.8580000000e+01  4.0715791000e-02  9.6654281000e-02  8.6637660000e-02  2.6306459900e-01  2.8814688400e-01  2.7552017600e-01
    1.8590000000e+01  4.1550672000e-02  9.6818900000e-02  8.6871693000e-02  2.6057386600e-01  2.8616493800e-01  2.7339857800e-01
    1.8600000000e+01  4.2407255000e-02  9.6988926000e-02  8.7127328000e-02  2.5807561700e-01  2.8415743800e-01  2.7124947700e-01
    1.8610000000e+01  4.3285610000e-02  9.7167361000e-02  8.7406715000e-02  2.5557048400e-01  2.8212407400e-01  2.6907428400e-01
    1.8620000000e+01  4.4185770000e-02  9.7357113000e-02  8.7711726000e-02  2.5305917800e-01  2.8006510700e-01  2.6687481900e-01
    1.8630000000e+01  4.5107659000e-02  9.7560888000e-02  8.8043842000e-02  2.5054245300e-01  2.7798133800e-01  2.6465319700e-01
    1.8640000000e+01  4.6051033000e-02  9.7781065000e-02  8.8404100000e-02  2.4802103100e-01  2.7587404300e-01  2.6241169200e-01
    1.8650000000e+01  4.7015484000e-02  9.8019599000e-02  8.8793093000e-02  2.4549550800e-01  2.7374487500e-01  2.6015259200e-01
    1.8660000000e+01  4.8000488000e-02  9.8277937000e-02  8.9211027000e-02  2.4296626500e-01  2.7159572500e-01  2.5787808600e-01
    1.8670000000e+01  4.9005499000e-02  9.8556995000e-02  8.9657800000e-02  2.4043341000e-01  2.6942856400e-01  2.5559018800e-01
    1.8680000000e+01  5.0030053000e-02  9.8857187000e-02  9.0133095000e-02  2.3789677300e-01  2.6724528000e-01  2.5329071500e-01
    1.8690000000e+01  5.1073873000e-02  9.9178519000e-02  9.0636435000e-02  2.3535594800e-01  2.6504754300e-01  2.5098130000e-01
    1.8700000000e+01  5.2136936000e-02  9.9520704000e-02  9.1167219000e-02  2.3281035900e-01  2.6283672400e-01  2.4866341100e-01
    1.8710000000e+01  5.3219515000e-02  9.9883302000e-02  9.1724720000e-02  2.3025935700e-01  2.6061386300e-01  2.4633836900e-01
    1.8720000000e+01  5.4322181000e-02  1.0026583900e-01  9.2308076000e-02  2.2770229700e-01  2.5837968800e-01  2.4400733100e-01
    1.8730000000e+01  5.5445789000e-02  1.0066789800e-01  9.2916282000e-02  2.2513861200e-01  2.5613468200e-01  2.4167125200e-01
    1.8740000000e+01  5.6591460000e-02  1.0108916500e-01  9.3548222000e-02  2.2256787900e-01  2.5387914900e-01  2.3933082600e-01
    1.8750000000e+01  5.7760551000e-02  1.0152944200e-01  9.4202722000e-02  2.1998987100e-01  2.5161329500e-01  2.3698643200e-01
    1.8760000000e+01  5.8954620000e-02  1.0198863700e-01  9.4878644000e-02  2.1740462300e-01  2.4933727500e-01  2.3463810100e-01
    1.8770000000e+01  6.0175374000e-02  1.0246673500e-01  9.5574996000e-02  2.1481249100e-01  2.4705123700e-01  2.3228552300e-01
    1.8780000000e+01  6.1424589000e-02  1.0296376900e-01  9.6291035000e-02  2.1221420700e-01  2.4475533800e-01  2.2992809900e-01
    1.8790000000e+01  6.2704010000e-02  1.0347979700e-01  9.7026355000e-02  2.0961090600e-01  2.4244975000e-01  2.2756503300e-01
    1.8800000000e+01  6.4015241000e-02  1.0401487300e-01  9.7780923000e-02  2.0700412800e-01  2.4013466300e-01  2.2519545200e-01
    1.8810000000e+01  6.5359630000e-02  1.0456902300e-01  9.8555074000e-02  2.0439577600e-01  2.3781027100e-01  2.2281853600e-01
    1.8820000000e+01  6.6738176000e-02  1.0514222700e-01  9.9349455000e-02  2.0178804700e-01  2.3547675500e-01  2.2043362700e-01
    1.8830000000e+01  6.8151457000e-02  1.0573440800e-01  1.0016492700e-01  1.9918332900e-01  2.3313425400e-01  2.1804031000e-01
    1.8840000000e+01  6.9599590000e-02  1.0634542300e-01  1.0100246200e-01  1.9658409500e-01  2.3078282500e-01  2.1563844000e-01
    1.8850000000e+01  7.1082222000e-02  1.0697508100e-01  1.0186302800e-01  1.9399277600e-01  2.2842240200e-01  2.1322812800e-01
    1.8860000000e+01  7.2598553000e-02  1.0762317400e-01  1.0274752000e-01  1.9141164900e-01  2.2605275400e-01  2.1080967500e-01
    1.8870000000e+01  7.4147389000e-02  1.0828952800e-01  1.0365671900e-01  1.8884272300e-01  2.2367345400e-01  2.0838349900e-01
    1.8880000000e+01  7.5727218000e-02  1.0897406900e-01  1.0459130300e-01  1.8628764900e-01  2.2128385400e-01  2.0595006300e-01
    1.8890000000e+01  7.7336317000e-02  1.0967690400e-01  1.0555188000e-01  1.8374764200e-01  2.1888309900e-01  2.0350981900e-01
    1.8900000000e+01  7.8972880000e-02  1.1039840400e-01  1.0653904800e-01  1.8122344300e-01  2.1647015700e-01  2.0106319500e-01
    1.8910000000e+01  8.0635148000e-02  1.1113927000e-01  1.0755343100e-01  1.7871530400e-01  2.1404388700e-01  1.9861061200e-01
    1.8920000000e+01  8.2321554000e-02  1.1190059000e-01  1.0859571000e-01  1.7622303400e-01  2.1160312300e-01  1.9615251500e-01
    1.8930000000e+01  8.4030842000e-02  1.1268386000e-01  1.0966662100e-01  1.7374607000e-01  2.0914678600e-01  1.9368942100e-01
    1.8940000000e+01  8.5762163000e-02  1.1349097200e-01  1.1076692100e-01  1.7128359500e-01  2.0667398400e-01  1.9122194800e-01
    1.8950000000e+01  8.7515124000e-02  1.1432418500e-01  1.1189735800e-01  1.6883468100e-01  2.0418412900e-01  1.8875083400e-01
    1.8960000000e+01  8.9289787000e-02  1.1518605200e-01  1.1305862300e-01  1.6639843800e-01  2.0167702200e-01  1.8627692100e-01
    1.8970000000e+01  9.1086622000e-02  1.1607934300e-01  1.1425132000e-01  1.6397415100e-01  1.9915294500e-01  1.8380113400e-01
    1.8980000000e+01  9.2906409000e-02  1.1700692500e-01  1.1547595200e-01  1.6156138700e-01  1.9661271600e-01  1.8132443800e-01
    1.8990000000e+01  9.4750123000e-02  1.1797163900e-01  1.1673292600e-01  1.5916005600e-01  1.9405773100e-01  1.7884780100e-01
    1.9000000000e+01  9.6618814000e-02  1.1897614600e-01  1.1802257100e-01  1.5677042600e-01  1.9148996400e-01  1.7637215800e-01
    1.9010000000e+01  9.8513498000e-02  1.2002277800e-01  1.1934517200e-01  1.5439309700e-01  1.8891191400e-01  1.7389839400e-01
    1.9020000000e+01  1.0043508200e-01  1.2111340200e-01  1.2070100700e-01  1.5202893900e-01  1.8632651600e-01  1.7142732700e-01
    1.9030000000e+01  1.0238432500e-01  1.2224932300e-01  1.2209038800e-01  1.4967902700e-01  1.8373699400e-01  1.6895972300e-01
    1.9040000000e+01  1.0436182900e-01  1.2343123300e-01  1.2351370200e-01  1.4734457600e-01  1.8114669500e-01  1.6649630900e-01
    1.9050000000e+01  1.0636805700e-01  1.2465923200e-01  1.2497143900e-01  1.4502690600e-01  1.7855892600e-01  1.6403781500e-01
    1.9060000000e+01  1.0840335200e-01  1.2593289200e-01  1.2646422600e-01  1.4272742300e-01  1.7597680400e-01  1.6158501700e-01
    1.9070000000e+01  1.1046794700e-01  1.2725136300e-01  1.2799282400e-01  1.4044762300e-01  1.7340315800e-01  1.5913881300e-01
    1.9080000000e+01  1.1256195700e-01  1.2861348100e-01  1.2955811800e-01  1.3818911300e-01  1.7084047200e-01  1.5670029000e-01
    1.9090000000e+01  1.1468535000e-01  1.3001787800e-01  1.3116105400e-01  1.3595361800e-01  1.6829087300e-01  1.5427080100e-01
    1.9100000000e+01  1.1683790300e-01  1.3146306600e-01  1.3280256000e-01  1.3374297600e-01  1.6575612800e-01  1.5185201900e-01
    1.9110000000e+01  1.1901915300e-01  1.3294750100e-01  1.3448343800e-01  1.3155911400e-01  1.6323766700e-01  1.4944594900e-01
    1.9120000000e+01  1.2122836100e-01  1.3446964600e-01  1.3620424400e-01  1.2940399500e-01  1.6073659000e-01  1.4705490800e-01
    1.9130000000e+01  1.2346448800e-01  1.3602802900e-01  1.3796519600e-01  1.2727955300e-01  1.5825367500e-01  1.4468145000e-01
    1.9140000000e+01  1.2572620200e-01  1.3762131900e-01  1.3976611000e-01  1.2518762700e-01  1.5578940200e-01  1.4232827100e-01
    1.9150000000e+01  1.2801190500e-01  1.3924840900e-01  1.4160637100e-01  1.2312989400e-01  1.5334398600e-01  1.3999809700e-01
    1.9160000000e+01  1.3031976900e-01  1.4090849700e-01  1.4348495200e-01  1.2110782200e-01  1.5091745900e-01  1.3769357600e-01
    1.9170000000e+01  1.3264778700e-01  1.4260114800e-01  1.4540045400e-01  1.1912263900e-01  1.4850978300e-01  1.3541719400e-01
    1.9180000000e+01  1.3499381200e-01  1.4432630300e-01  1.4735116100e-01  1.1717531200e-01  1.4612098600e-01  1.3317121600e-01
    1.9190000000e+01  1.3735560100e-01  1.4608424700e-01  1.4933509700e-01  1.1526653300e-01  1.4375131300e-01  1.3095764100e-01
    1.9200000000e+01  1.3973084800e-01  1.4787550500e-01  1.5135008300e-01  1.1339670500e-01  1.4140135300e-01  1.2877817400e-01
    1.9210000000e+01  1.4211723100e-01  1.4970070400e-01  1.5339379000e-01  1.1156592300e-01  1.3907212200e-01  1.2663420500e-01
    1.9220000000e+01  1.4451246600e-01  1.5156040900e-01  1.5546379300e-01  1.0977396400e-01  1.3676509300e-01  1.2452679300e-01
    1.9230000000e+01  1.4691437300e-01  1.5345495200e-01  1.5755764000e-01  1.0802028500e-01  1.3448215900e-01  1.2245665400e-01
    1.9240000000e+01  1.4932095600e-01  1.5538429600e-01  1.5967291400e-01  1.0630405000e-01  1.3222554400e-01  1.2042417200e-01
    1.9250000000e+01  1.5173046600e-01  1.5734793900e-01  1.6180730700e-01  1.0462417600e-01  1.2999767000e-01  1.1842942700e-01
    1.9260000000e+01  1.5414145800e-01  1.5934485900e-01  1.6395867400e-01  1.0297941400e-01  1.2780100900e-01  1.1647224800e-01
    1.9270000000e+01  1.5655280600e-01  1.6137352500e-01  1.6612506300e-01  1.0136843900e-01  1.2563792700e-01  1.1455227700e-01
    1.9280000000e+01  1.5896369300e-01  1.6343194200e-01  1.6830471400e-01  9.9789938000e-02  1.2351054800e-01  1.1266904200e-01
    1.9290000000e+01  1.6137356000e-01  1.6551773700e-01  1.7049604200e-01  9.8242690000e-02  1.2142063900e-01  1.1082200800e-01
    1.9300000000e+01  1.6378204700e-01  1.6762826600e-01  1.7269758200e-01  9.6725614000e-02  1.1936953800e-01  1.0901061500e-01
    1.9310000000e+01  1.6618891600e-01  1.6976072300e-01  1.7490795600e-01  9.5237786000e-02  1.1735810700e-01  1.0723427000e-01
    1.9320000000e+01  1.6859398400e-01  1.7191226100e-01  1.7712583600e-01  9.3778428000e-02  1.1538671800e-01  1.0549232900e-01
    1.9330000000e+01  1.7099707700e-01  1.7408009300e-01  1.7934994600e-01  9.2346876000e-02  1.1345526400e-01  1.0378405400e-01
    1.9340000000e+01  1.7339800400e-01  1.7626159900e-01  1.8157909100e-01  9.0942534000e-02  1.1156318200e-01  1.0210858500e-01
    1.9350000000e+01  1.7579655900e-01  1.7845442200e-01  1.8381220100e-01  8.9564825000e-02  1.0970951100e-01  1.0046492000e-01
    1.9360000000e+01  1.7819254000e-01  1.8065655700e-01  1.8604839100e-01  8.8213161000e-02  1.0789295800e-01  9.8851935000e-02
    1.9370000000e+01  1.8058579000e-01  1.8286641700e-01  1.8828701000e-01  8.6886919000e-02  1.0611199800e-01  9.7268422000e-02
    1.9380000000e+01  1.8297623500e-01  1.8508287800e-01  1.9052767600e-01  8.5585454000e-02  1.0436499000e-01  9.5713155000e-02
    1.9390000000e+01  1.8536391900e-01  1.8730528200e-01  1.9277028000e-01  8.4308120000e-02  1.0265031500e-01  9.4184964000e-02
    1.9400000000e+01  1.8774902600e-01  1.8953340100e-01  1.9501495800e-01  8.3054313000e-02  1.0096649700e-01  9.2682809000e-02
    1.9410000000e+01  1.9013188300e-01  1.9176735000e-01  1.9726205100e-01  8.1823523000e-02  9.9312310000e-02  9.1205843000e-02
    1.9420000000e+01  1.9251293500e-01  1.9400747600e-01  1.9951203300e-01  8.0615388000e-02  9.7686849000e-02  8.9753441000e-02
    1.9430000000e+01  1.9489270600e-01  1.9625424200e-01  2.0176544700e-01  7.9429731000e-02  9.6089547000e-02  8.8325222000e-02
    1.9440000000e+01  1.9727174700e-01  1.9850811200e-01  2.0402284000e-01  7.8266586000e-02  9.4520147000e-02  8.6921030000e-02
    1.9450000000e+01  1.9965057300e-01  2.0076947800e-01  2.0628471800e-01  7.7126205000e-02  9.2978641000e-02  8.5540905000e-02
    1.9460000000e+01  2.0202960700e-01  2.0303861600e-01  2.0855151700e-01  7.6009043000e-02  9.1465198000e-02  8.4185050000e-02
    1.9470000000e+01  2.0440913200e-01  2.0531569600e-01  2.1082359200e-01  7.4915722000e-02  8.9980096000e-02  8.2853794000e-02
    1.9480000000e+01  2.0678925400e-01  2.0760080200e-01  2.1310122900e-01  7.3846992000e-02  8.8523674000e-02  8.1547572000e-02
    1.9490000000e+01  2.0916988700e-01  2.0989397200e-01  2.1538463900e-01  7.2803684000e-02  8.7096324000e-02  8.0266918000e-02
    1.9500000000e+01  2.1155074600e-01  2.1219523100e-01  2.1767396800e-01  7.1786662000e-02  8.5698509000e-02  7.9012469000e-02
    1.9510000000e+01  2.1393135200e-01  2.1450459000e-01  2.1996927800e-01  7.0796788000e-02  8.4330800000e-02  7.7784974000e-02
    1.9520000000e+01  2.1631103800e-01  2.1682202600e-01  2.2227052400e-01  6.9834884000e-02  8.2993914000e-02  7.6585296000e-02
    1.9530000000e+01  2.1868897000e-01  2.1914742400e-01  2.2457751900e-01  6.8901703000e-02  8.1688744000e-02  7.5414412000e-02
    1.9540000000e+01  2.2106415400e-01  2.2148051600e-01  2.2688990400e-01  6.7997903000e-02  8.0416351000e-02  7.4273388000e-02
    1.9550000000e+01  2.2343546200e-01  2.2382080500e-01  2.2920711500e-01  6.7124021000e-02  7.9177937000e-02  7.3163351000e-02
    1.9560000000e+01  2.2580165100e-01  2.2616751900e-01  2.3152836100e-01  6.6280455000e-02  7.7974775000e-02  7.2085447000e-02
    1.9570000000e+01  2.2816139000e-01  2.2851958700e-01  2.3385262000e-01  6.5467440000e-02  7.6808135000e-02  7.1040796000e-02
    1.9580000000e+01  2.3051329400e-01  2.3087564000e-01  2.3617863100e-01  6.4685041000e-02  7.5679202000e-02  7.0030443000e-02
    1.9590000000e+01  2.3285595400e-01  2.3323405100e-01  2.3850491100e-01  6.3933148000e-02  7.4589002000e-02  6.9055314000e-02
    1.9600000000e+01  2.3518797100e-01  2.3559297900e-01  2.4082977300e-01  6.3211477000e-02  7.3538356000e-02  6.8116169000e-02
    1.9610000000e+01  2.3750798400e-01  2.3795042600e-01  2.4315135800e-01  6.2519583000e-02  7.2527853000e-02  6.7213566000e-02
    1.9620000000e+01  2.3981469800e-01  2.4030429100e-01  2.4546766900e-01  6.1856879000e-02  7.1557834000e-02  6.6347822000e-02
    1.9630000000e+01  2.4210689200e-01  2.4265240300e-01  2.4777661600e-01  6.1222652000e-02  7.0628401000e-02  6.5518993000e-02
    1.9640000000e+01  2.4438344000e-01  2.4499255800e-01  2.5007606600e-01  6.0616089000e-02  6.9739416000e-02  6.4726854000e-02
    1.9650000000e+01  2.4664330400e-01  2.4732253800e-01  2.5236389600e-01  6.0036291000e-02  6.8890507000e-02  6.3970897000e-02
    1.9660000000e+01  2.4888554200e-01  2.4964013200e-01  2.5463804400e-01  5.9482294000e-02  6.8081063000e-02  6.3250332000e-02
    1.9670000000e+01  2.5110929900e-01  2.5194316600e-01  2.5689655700e-01  5.8953076000e-02  6.7310224000e-02  6.2564108000e-02
    1.9680000000e+01  2.5331380900e-01  2.5422953000e-01  2.5913764200e-01  5.8447567000e-02  6.6576880000e-02  6.1910937000e-02
    1.9690000000e+01  2.5549838900e-01  2.5649722500e-01  2.6135969900e-01  5.7964651000e-02  6.5879664000e-02  6.1289336000e-02
    1.9700000000e+01  2.5766244800e-01  2.5874441000e-01  2.6356134900e-01  5.7503168000e-02  6.5216964000e-02  6.0697666000e-02
    1.9710000000e+01  2.5980549100e-01  2.6096945100e-01  2.6574145000e-01  5.7061918000e-02  6.4586948000e-02  6.0134184000e-02
    1.9720000000e+01  2.6192712600e-01  2.6317096200e-01  2.6789909900e-01  5.6639673000e-02  6.3987601000e-02  5.9597090000e-02
    1.9730000000e+01  2.6402707700e-01  2.6534784400e-01  2.7003362100e-01  5.6235184000e-02  6.3416776000e-02  5.9084570000e-02
    1.9740000000e+01  2.6610518500e-01  2.6749929600e-01  2.7214455200e-01  5.5847202000e-02  6.2872258000e-02  5.8594833000e-02
    1.9750000000e+01  2.6816140900e-01  2.6962482300e-01  2.7423161500e-01  5.5474499000e-02  6.2351821000e-02  5.8126137000e-02
    1.9760000000e+01  2.7019582000e-01  2.7172421300e-01  2.7629470000e-01  5.5115883000e-02  6.1853285000e-02  5.7676811000e-02
    1.9770000000e+01  2.7220858700e-01  2.7379751500e-01  2.7833383200e-01  5.4770219000e-02  6.1374569000e-02  5.7245263000e-02
    1.9780000000e+01  2.7419996100e-01  2.7584499900e-01  2.8034916100e-01  5.4436437000e-02  6.0913722000e-02  5.6829992000e-02
    1.9790000000e+01  2.7617026000e-01  2.7786711800e-01  2.8234093100e-01  5.4113542000e-02  6.0468955000e-02  5.6429591000e-02
    1.9800000000e+01  2.7811985200e-01  2.7986446400e-01  2.8430946700e-01  5.3800612000e-02  6.0038645000e-02  5.6042752000e-02
    1.9810000000e+01  2.8004913900e-01  2.8183773200e-01  2.8625515500e-01  5.3496794000e-02  5.9621347000e-02  5.5668262000e-02
    1.9820000000e+01  2.8195854600e-01  2.8378769000e-01  2.8817841800e-01  5.3201300000e-02  5.9215787000e-02  5.5304999000e-02
    1.9830000000e+01  2.8384852100e-01  2.8571514700e-01  2.9007971300e-01  5.2913396000e-02  5.8820859000e-02  5.4951922000e-02
    1.9840000000e+01  2.8571952900e-01  2.8762093200e-01  2.9195951100e-01  5.2632400000e-02  5.8435612000e-02  5.4608061000e-02
    1.9850000000e+01  2.8757205300e-01  2.8950586800e-01  2.9381829800e-01  5.2357677000e-02  5.8059243000e-02  5.4272506000e-02
    1.9860000000e+01  2.8940659600e-01  2.9137076000e-01  2.9565657200e-01  5.2088641000e-02  5.7691088000e-02  5.3944395000e-02
    1.9870000000e+01  2.9122368400e-01  2.9321636500e-01  2.9747484700e-01  5.1824756000e-02  5.7330607000e-02  5.3622910000e-02
    1.9880000000e+01  2.9302385400e-01  2.9504338200e-01  2.9927364800e-01  5.1565551000e-02  5.6977365000e-02  5.3307273000e-02
    1.9890000000e+01  2.9480765000e-01  2.9685243100e-01  3.0105352100e-01  5.1310616000e-02  5.6631010000e-02  5.2996739000e-02
    1.9900000000e+01  2.9657560400e-01  2.9864404900e-01  3.0281502800e-01  5.1059606000e-02  5.6291248000e-02  5.2690595000e-02
    1.9910000000e+01  2.9832822900e-01  3.0041868400e-01  3.0455875500e-01  5.0812237000e-02  5.5957815000e-02  5.2388154000e-02
    1.9920000000e+01  3.0006599800e-01  3.0217670300e-01  3.0628531700e-01  5.0568271000e-02  5.5630442000e-02  5.2088756000e-02
    1.9930000000e+01  3.0178934500e-01  3.0391841400e-01  3.0799536400e-01  5.0327506000e-02  5.5308839000e-02  5.1791767000e-02
    1.9940000000e+01  3.0349865800e-01  3.0564408200e-01  3.0968959600e-01  5.0089750000e-02  5.4992670000e-02  5.1496583000e-02
    1.9950000000e+01  3.0519429100e-01  3.0735396100e-01  3.1136876500e-01  4.9854810000e-02  5.4681551000e-02  5.1202646000e-02
    1.9960000000e+01  3.0687657200e-01  3.0904832000e-01  3.1303368400e-01  4.9622480000e-02  5.4375052000e-02  5.0909454000e-02
    1.9970000000e+01  3.0854582300e-01  3.1072746400e-01  3.1468521700e-01  4.9392530000e-02  5.4072706000e-02  5.0616585000e-02
    1.9980000000e+01  3.1020237200e-01  3.1239175000e-01  3.1632427200e-01  4.9164709000e-02  5.3774030000e-02  5.0323709000e-02
    1.9990000000e+01  3.1184657300e-01  3.1404159600e-01  3.1795178700e-01  4.8938747000e-02  5.3478543000e-02  5.0030603000e-02
    2.0000000000e+01  3.1347881700e-01  3.1567748000e-01  3.1956870300e-01  4.8714371000e-02  5.3185784000e-02  4.9737158000e-02
