# Dielectric function: real and imaginary components
#        Energy (eV)          Re_eps_x          Re_eps_y          Re_eps_z          Im_eps_x          Im_eps_y          Im_eps_z
    0.0000000000e+00  6.8395498610e+00  8.9573668490e+00  8.2992944630e+00  0.0000000000e+00  0.0000000000e+00  0.0000000000e+00
    1.0000000000e-02  6.8396022890e+00  8.9574763370e+00  8.2993890360e+00  1.5984570000e-03  3.3668430000e-03  2.9121730000e-03
    2.0000000000e-02  6.8397595840e+00  8.9578048360e+00  8.2996727840e+00  3.1972520000e-03  6.7347630000e-03  5.8253260000e-03
    3.0000000000e-02  6.8400217780e+00  8.9583524440e+00  8.3001457970e+00  4.7967220000e-03  1.0104837000e-02  8.7404420000e-03
    4.0000000000e-02  6.8403889240e+00  8.9591193250e+00  8.3008082220e+00  6.3972040000e-03  1.3478144000e-02  1.1658506000e-02
    5.0000000000e-02  6.8408610960e+00  8.9601057090e+00  8.3016602700e+00  7.9990390000e-03  1.6855768000e-02  1.4580504000e-02
    6.0000000000e-02  6.8414383900e+00  8.9613118930e+00  8.3027022080e+00  9.6025650000e-03  2.0238796000e-02  1.7507430000e-02
    7.0000000000e-02  6.8421209240e+00  8.9627382400e+00  8.3039343650e+00  1.1208124000e-02  2.3628324000e-02  2.0440281000e-02
    8.0000000000e-02  6.8429088350e+00  8.9643851810e+00  8.3053571310e+00  1.2816058000e-02  2.7025451000e-02  2.3380062000e-02
    9.0000000000e-02  6.8438022840e+00  8.9662532110e+00  8.3069709540e+00  1.4426712000e-02  3.0431288000e-02  2.6327786000e-02
    1.0000000000e-01  6.8448014540e+00  8.9683428950e+00  8.3087763480e+00  1.6040432000e-02  3.3846952000e-02  2.9284476000e-02
    1.1000000000e-01  6.8459065470e+00  8.9706548680e+00  8.3107738860e+00  1.7657566000e-02  3.7273575000e-02  3.2251165000e-02
    1.2000000000e-01  6.8471177900e+00  8.9731898300e+00  8.3129642030e+00  1.9278465000e-02  4.0712296000e-02  3.5228897000e-02
    1.3000000000e-01  6.8484354300e+00  8.9759485540e+00  8.3153479990e+00  2.0903483000e-02  4.4164273000e-02  3.8218732000e-02
    1.4000000000e-01  6.8498597380e+00  8.9789318800e+00  8.3179260370e+00  2.2532978000e-02  4.7630675000e-02  4.1221741000e-02
    1.5000000000e-01  6.8513910050e+00  8.9821407230e+00  8.3206991450e+00  2.4167308000e-02  5.1112688000e-02  4.4239013000e-02
    1.6000000000e-01  6.8530295480e+00  8.9855760670e+00  8.3236682180e+00  2.5806839000e-02  5.4611517000e-02  4.7271654000e-02
    1.7000000000e-01  6.8547757040e+00  8.9892389710e+00  8.3268342140e+00  2.7451938000e-02  5.8128384000e-02  5.0320788000e-02
    1.8000000000e-01  6.8566298350e+00  8.9931305650e+00  8.3301981610e+00  2.9102976000e-02  6.1664533000e-02  5.3387560000e-02
    1.9000000000e-01  6.8585923240e+00  8.9972520590e+00  8.3337611570e+00  3.0760330000e-02  6.5221231000e-02  5.6473137000e-02
    2.0000000000e-01  6.8606635810e+00  9.0016047350e+00  8.3375243670e+00  3.2424382000e-02  6.8799767000e-02  5.9578708000e-02
    2.1000000000e-01  6.8628440370e+00  9.0061899560e+00  8.3414890270e+00  3.4095518000e-02  7.2401456000e-02  6.2705490000e-02
    2.2000000000e-01  6.8651341480e+00  9.0110091620e+00  8.3456564490e+00  3.5774129000e-02  7.6027642000e-02  6.5854723000e-02
    2.3000000000e-01  6.8675343960e+00  9.0160638740e+00  8.3500280160e+00  3.7460613000e-02  7.9679695000e-02  6.9027679000e-02
    2.4000000000e-01  6.8700452870e+00  9.0213556950e+00  8.3546051860e+00  3.9155375000e-02  8.3359021000e-02  7.2225660000e-02
    2.5000000000e-01  6.8726673500e+00  9.0268863140e+00  8.3593894950e+00  4.0858824000e-02  8.7067053000e-02  7.5449999000e-02
    2.6000000000e-01  6.8754011430e+00  9.0326575020e+00  8.3643825580e+00  4.2571377000e-02  9.0805264000e-02  7.8702065000e-02
    2.7000000000e-01  6.8782472490e+00  9.0386711200e+00  8.3695860700e+00  4.4293460000e-02  9.4575162000e-02  8.1983264000e-02
    2.8000000000e-01  6.8812062750e+00  9.0449291180e+00  8.3750018090e+00  4.6025503000e-02  9.8378295000e-02  8.5295040000e-02
    2.9000000000e-01  6.8842788600e+00  9.0514335370e+00  8.3806316370e+00  4.7767948000e-02  1.0221625400e-01  8.8638882000e-02
    3.0000000000e-01  6.8874656650e+00  9.0581865120e+00  8.3864775020e+00  4.9521243000e-02  1.0609067400e-01  9.2016318000e-02
    3.1000000000e-01  6.8907673820e+00  9.0651902730e+00  8.3925414420e+00  5.1285846000e-02  1.1000323600e-01  9.5428927000e-02
    3.2000000000e-01  6.8941847300e+00  9.0724471510e+00  8.3988255850e+00  5.3062223000e-02  1.1395567200e-01  9.8878337000e-02
    3.3000000000e-01  6.8977184590e+00  9.0799595750e+00  8.4053321540e+00  5.4850852000e-02  1.1794976900e-01  1.0236622700e-01
    3.4000000000e-01  6.9013693450e+00  9.0877300800e+00  8.4120634680e+00  5.6652220000e-02  1.2198736700e-01  1.0589433300e-01
    3.5000000000e-01  6.9051381970e+00  9.0957613060e+00  8.4190219440e+00  5.8466825000e-02  1.2607036600e-01  1.0946445100e-01
    3.6000000000e-01  6.9090258540e+00  9.1040560040e+00  8.4262101020e+00  6.0295177000e-02  1.3020073100e-01  1.1307843900e-01
    3.7000000000e-01  6.9130331850e+00  9.1126170360e+00  8.4336305670e+00  6.2137797000e-02  1.3438049100e-01  1.1673822000e-01
    3.8000000000e-01  6.9171610930e+00  9.1214473820e+00  8.4412860740e+00  6.3995221000e-02  1.3861174700e-01  1.2044579100e-01
    3.9000000000e-01  6.9214105130e+00  9.1305501390e+00  8.4491794660e+00  6.5867995000e-02  1.4289667300e-01  1.2420322000e-01
    4.0000000000e-01  6.9257824120e+00  9.1399285300e+00  8.4573137050e+00  6.7756681000e-02  1.4723752400e-01  1.2801265700e-01
    4.1000000000e-01  6.9302777930e+00  9.1495859020e+00  8.4656918700e+00  6.9661855000e-02  1.5163663700e-01  1.3187633500e-01
    4.2000000000e-01  6.9348976940e+00  9.1595257360e+00  8.4743171640e+00  7.1584108000e-02  1.5609643900e-01  1.3579657600e-01
    4.3000000000e-01  6.9396431880e+00  9.1697516460e+00  8.4831929150e+00  7.3524047000e-02  1.6061944900e-01  1.3977579600e-01
    4.4000000000e-01  6.9445153850e+00  9.1802673850e+00  8.4923225860e+00  7.5482298000e-02  1.6520828600e-01  1.4381651300e-01
    4.5000000000e-01  6.9495154340e+00  9.1910768520e+00  8.5017097740e+00  7.7459500000e-02  1.6986567600e-01  1.4792135000e-01
    4.6000000000e-01  6.9546445210e+00  9.2021840950e+00  8.5113582160e+00  7.9456316000e-02  1.7459445400e-01  1.5209304400e-01
    4.7000000000e-01  6.9599038720e+00  9.2135933150e+00  8.5212717960e+00  8.1473424000e-02  1.7939757700e-01  1.5633445300e-01
    4.8000000000e-01  6.9652947550e+00  9.2253088740e+00  8.5314545490e+00  8.3511524000e-02  1.8427812500e-01  1.6064856000e-01
    4.9000000000e-01  6.9708184780e+00  9.2373352960e+00  8.5419106670e+00  8.5571338000e-02  1.8923931300e-01  1.6503848800e-01
    5.0000000000e-01  6.9764763940e+00  9.2496772800e+00  8.5526445030e+00  8.7653610000e-02  1.9428449800e-01  1.6950750100e-01
    5.1000000000e-01  6.9822698980e+00  9.2623397000e+00  8.5636605790e+00  8.9759107000e-02  1.9941718800e-01  1.7405902000e-01
    5.2000000000e-01  6.9882004320e+00  9.2753276120e+00  8.5749635920e+00  9.1888621000e-02  2.0464105100e-01  1.7869662800e-01
    5.3000000000e-01  6.9942694840e+00  9.2886462650e+00  8.5865584190e+00  9.4042972000e-02  2.0995992600e-01  1.8342408400e-01
    5.4000000000e-01  7.0004785910e+00  9.3023011040e+00  8.5984501280e+00  9.6223004000e-02  2.1537783600e-01  1.8824533400e-01
    5.5000000000e-01  7.0068293380e+00  9.3162977790e+00  8.6106439790e+00  9.8429591000e-02  2.2089899400e-01  1.9316452300e-01
    5.6000000000e-01  7.0133233620e+00  9.3306421510e+00  8.6231454380e+00  1.0066364000e-01  2.2652782300e-01  1.9818600700e-01
    5.7000000000e-01  7.0199623520e+00  9.3453403020e+00  8.6359601800e+00  1.0292608500e-01  2.3226896600e-01  2.0331437100e-01
    5.8000000000e-01  7.0267480530e+00  9.3603985430e+00  8.6490941000e+00  1.0521789900e-01  2.3812730000e-01  2.0855444300e-01
    5.9000000000e-01  7.0336822630e+00  9.3758234220e+00  8.6625533200e+00  1.0754008400e-01  2.4410795400e-01  2.1391131100e-01
    6.0000000000e-01  7.0407668400e+00  9.3916217330e+00  8.6763441990e+00  1.0989368600e-01  2.5021632700e-01  2.1939034100e-01
    6.1000000000e-01  7.0480036990e+00  9.4078005270e+00  8.6904733420e+00  1.1227978500e-01  2.5645810500e-01  2.2499719900e-01
    6.2000000000e-01  7.0553948180e+00  9.4243671190e+00  8.7049476100e+00  1.1469950500e-01  2.6283928200e-01  2.3073786900e-01
    6.3000000000e-01  7.0629422380e+00  9.4413291000e+00  8.7197741270e+00  1.1715401300e-01  2.6936618100e-01  2.3661868100e-01
    6.4000000000e-01  7.0706480660e+00  9.4586943470e+00  8.7349602960e+00  1.1964452200e-01  2.7604548200e-01  2.4264633300e-01
    6.5000000000e-01  7.0785144760e+00  9.4764710360e+00  8.7505138020e+00  1.2217229400e-01  2.8288424200e-01  2.4882792200e-01
    6.6000000000e-01  7.0865437100e+00  9.4946676490e+00  8.7664426310e+00  1.2473864200e-01  2.8988992800e-01  2.5517097100e-01
    6.7000000000e-01  7.0947380850e+00  9.5132929880e+00  8.7827550750e+00  1.2734493600e-01  2.9707044600e-01  2.6168346500e-01
    6.8000000000e-01  7.1030999920e+00  9.5323561860e+00  8.7994597440e+00  1.2999259900e-01  3.0443417400e-01  2.6837388400e-01
    6.9000000000e-01  7.1116318970e+00  9.5518667210e+00  8.8165655810e+00  1.3268312000e-01  3.1198999800e-01  2.7525124400e-01
    7.0000000000e-01  7.1203363490e+00  9.5718344220e+00  8.8340818690e+00  1.3541805100e-01  3.1974735400e-01  2.8232514300e-01
    7.1000000000e-01  7.1292159760e+00  9.5922694900e+00  8.8520182430e+00  1.3819901000e-01  3.2771627200e-01  2.8960580100e-01
    7.2000000000e-01  7.1382734950e+00  9.6131825010e+00  8.8703847060e+00  1.4102769300e-01  3.3590741800e-01  2.9710411800e-01
    7.3000000000e-01  7.1475117090e+00  9.6345844240e+00  8.8891916310e+00  1.4390587000e-01  3.4433215200e-01  3.0483172600e-01
    7.4000000000e-01  7.1569335130e+00  9.6564866290e+00  8.9084497790e+00  1.4683539400e-01  3.5300258400e-01  3.1280105500e-01
    7.5000000000e-01  7.1665418970e+00  9.6789009000e+00  8.9281703030e+00  1.4981820700e-01  3.6193163400e-01  3.2102539800e-01
    7.6000000000e-01  7.1763399490e+00  9.7018394430e+00  8.9483647610e+00  1.5285634400e-01  3.7113310200e-01  3.2951898400e-01
    7.7000000000e-01  7.1863308570e+00  9.7253148960e+00  8.9690451150e+00  1.5595193800e-01  3.8062174400e-01  3.3829706800e-01
    7.8000000000e-01  7.1965179160e+00  9.7493403350e+00  8.9902237430e+00  1.5910723000e-01  3.9041335500e-01  3.4737601100e-01
    7.9000000000e-01  7.2069045280e+00  9.7739292810e+00  9.0119134380e+00  1.6232457400e-01  4.0052486000e-01  3.5677339000e-01
    8.0000000000e-01  7.2174942070e+00  9.7990957000e+00  9.0341274030e+00  1.6560644500e-01  4.1097441200e-01  3.6650810000e-01
    8.1000000000e-01  7.2282905840e+00  9.8248540060e+00  9.0568792530e+00  1.6895544800e-01  4.2178151000e-01  3.7660048100e-01
    8.2000000000e-01  7.2392974080e+00  9.8512190500e+00  9.0801829960e+00  1.7237432600e-01  4.3296711400e-01  3.8707245000e-01
    8.3000000000e-01  7.2505185530e+00  9.8782061140e+00  9.1040530200e+00  1.7586597100e-01  4.4455378200e-01  3.9794764900e-01
    8.4000000000e-01  7.2619580200e+00  9.9058308940e+00  9.1285040680e+00  1.7943343700e-01  4.5656582300e-01  4.0925160900e-01
    8.5000000000e-01  7.2736199390e+00  9.9341094710e+00  9.1535511990e+00  1.8307994500e-01  4.6902945900e-01  4.2101193500e-01
    8.6000000000e-01  7.2855085790e+00  9.9630582800e+00  9.1792097430e+00  1.8680890300e-01  4.8197300600e-01  4.3325850100e-01
    8.7000000000e-01  7.2976283440e+00  9.9926940570e+00  9.2054952380e+00  1.9062391900e-01  4.9542707800e-01  4.4602367600e-01
    8.8000000000e-01  7.3099837810e+00  1.0023033779e+01  9.2324233470e+00  1.9452881100e-01  5.0942481000e-01  4.5934256700e-01
    8.9000000000e-01  7.3225795810e+00  1.0054094582e+01  9.2600097550e+00  1.9852762900e-01  5.2400210200e-01  4.7325329300e-01
    9.0000000000e-01  7.3354205850e+00  1.0085893652e+01  9.2882700350e+00  2.0262467200e-01  5.3919789400e-01  4.8779728000e-01
    9.1000000000e-01  7.3485117820e+00  1.0118448093e+01  9.3172194860e+00  2.0682450600e-01  5.5505446100e-01  5.0301959300e-01
    9.2000000000e-01  7.3618583120e+00  1.0151774758e+01  9.3468729240e+00  2.1113199000e-01  5.7161775000e-01  5.1896930000e-01
    9.3000000000e-01  7.3754654670e+00  1.0185890040e+01  9.3772444240e+00  2.1555229300e-01  5.8893773400e-01  5.3569986700e-01
    9.4000000000e-01  7.3893386910e+00  1.0220809605e+01  9.4083470020e+00  2.2009092900e-01  6.0706881700e-01  5.5326959200e-01
    9.5000000000e-01  7.4034835780e+00  1.0256548075e+01  9.4401922230e+00  2.2475377800e-01  6.2607026100e-01  5.7174208000e-01
    9.6000000000e-01  7.4179058660e+00  1.0293118617e+01  9.4727897190e+00  2.2954712000e-01  6.4600665900e-01  5.9118674900e-01
    9.7000000000e-01  7.4326114330e+00  1.0330532459e+01  9.5061465930e+00  2.3447767100e-01  6.6694844300e-01  6.1167937900e-01
    9.8000000000e-01  7.4476062880e+00  1.0368798279e+01  9.5402667000e+00  2.3955261600e-01  6.8897241700e-01  6.3330269000e-01
    9.9000000000e-01  7.4628965590e+00  1.0407921468e+01  9.5751497610e+00  2.4477965200e-01  7.1216233400e-01  6.5614694100e-01
    1.0000000000e+00  7.4784884760e+00  1.0447903228e+01  9.6107902880e+00  2.5016703200e-01  7.3660948100e-01  6.8031054300e-01
    1.0100000000e+00  7.4943883500e+00  1.0488739473e+01  9.6471762890e+00  2.5572360900e-01  7.6241327600e-01  7.0590066800e-01
    1.0200000000e+00  7.5106025450e+00  1.0530419502e+01  9.6842876920e+00  2.6145889000e-01  7.8968184500e-01  7.3303381000e-01
    1.0300000000e+00  7.5271374430e+00  1.0572924396e+01  9.7220944600e+00  2.6738308400e-01  8.1853255900e-01  7.6183627400e-01
    1.0400000000e+00  7.5439994000e+00  1.0616225090e+01  9.7605543320e+00  2.7350716500e-01  8.4909247200e-01  7.9244452600e-01
    1.0500000000e+00  7.5611946920e+00  1.0660280076e+01  9.7996101500e+00  2.7984292400e-01  8.8149860500e-01  8.2500531700e-01
    1.0600000000e+00  7.5787294470e+00  1.0705032678e+01  9.8391867010e+00  2.8640302900e-01  9.1589798600e-01  8.5967547800e-01
    1.0700000000e+00  7.5966095620e+00  1.0750407847e+01  9.8791870510e+00  2.9320108200e-01  9.5244733600e-01  8.9662124300e-01
    1.0800000000e+00  7.6148406050e+00  1.0796308452e+01  9.9194883370e+00  3.0025167500e-01  9.9131223500e-01  9.3601689200e-01
    1.0900000000e+00  7.6334276980e+00  1.0842611032e+01  9.9599370310e+00  3.0757043400e-01  1.0326655720e+00  9.7804249900e-01
    1.1000000000e+00  7.6523753770e+00  1.0889161045e+01  1.0000343748e+01  3.1517405400e-01  1.0766850380e+00  1.0228804570e+00
    1.1100000000e+00  7.6716874300e+00  1.0935767697e+01  1.0040477760e+01  3.2308031700e-01  1.1235493300e+00  1.0707104600e+00
    1.1200000000e+00  7.6913667190e+00  1.0982198542e+01  1.0080061509e+01  3.3130808500e-01  1.1734327320e+00  1.1217025210e+00
    1.1300000000e+00  7.7114149730e+00  1.1028174171e+01  1.0118765595e+01  3.3987725500e-01  1.2264976410e+00  1.1760076290e+00
    1.1400000000e+00  7.7318325740e+00  1.1073363514e+01  1.0156204935e+01  3.4880867300e-01  1.2828846600e+00  1.2337456910e+00
    1.1500000000e+00  7.7526183360e+00  1.1117380524e+01  1.0191937091e+01  3.5812399400e-01  1.3426998840e+00  1.2949905200e+00
    1.1600000000e+00  7.7737692860e+00  1.1159783279e+01  1.0225464029e+01  3.6784547100e-01  1.4059992060e+00  1.3597519400e+00
    1.1700000000e+00  7.7952804850e+00  1.1200076855e+01  1.0256238831e+01  3.7799567700e-01  1.4727697530e+00  1.4279555050e+00
    1.1800000000e+00  7.8171448990e+00  1.1237721567e+01  1.0283679010e+01  3.8859715400e-01  1.5429090650e+00  1.4994210340e+00
    1.1900000000e+00  7.8393533520e+00  1.1272148266e+01  1.0307187889e+01  3.9967199200e-01  1.6162033510e+00  1.5738419820e+00
    1.2000000000e+00  7.8618946090e+00  1.1302782180e+01  1.0326184984e+01  4.1124137000e-01  1.6923070340e+00  1.6507686150e+00
    1.2100000000e+00  7.8847555910e+00  1.1329076181e+01  1.0340145164e+01  4.2332509700e-01  1.7707268090e+00  1.7295988050e+00
    1.2200000000e+00  7.9079217650e+00  1.1350553137e+01  1.0348644771e+01  4.3594119900e-01  1.8508142580e+00  1.8095806250e+00
    1.2300000000e+00  7.9313776650e+00  1.1366855245e+01  1.0351410771e+01  4.4910563100e-01  1.9317715160e+00  1.8898306120e+00
    1.2400000000e+00  7.9551075290e+00  1.1377796056e+01  1.0348366996e+01  4.6283216700e-01  2.0126740280e+00  1.9693700940e+00
    1.2500000000e+00  7.9790959560e+00  1.1383408669e+01  1.0339670049e+01  4.7713252200e-01  2.0925129600e+00  2.0471794390e+00
    1.2600000000e+00  8.0033284990e+00  1.1383982000e+01  1.0325727276e+01  4.9201671500e-01  2.1702570240e+00  2.1222666980e+00
    1.2700000000e+00  8.0277920710e+00  1.1380076712e+01  1.0307190679e+01  5.0749361800e-01  2.2449298280e+00  2.1937435750e+00
    1.2800000000e+00  8.0524751200e+00  1.1372513966e+01  1.0284923969e+01  5.2357161600e-01  2.3156949230e+00  2.2608989660e+00
    1.2900000000e+00  8.0773675140e+00  1.1362333655e+01  1.0259944404e+01  5.4025923500e-01  2.3819375710e+00  2.3232593700e+00
    1.3000000000e+00  8.1024602150e+00  1.1350723806e+01  1.0233345700e+01  5.5756563000e-01  2.4433309520e+00  2.3806267890e+00
    1.3100000000e+00  8.1277448410e+00  1.1338928263e+01  1.0206211915e+01  5.7550082500e-01  2.4998757350e+00  2.4330881460e+00
    1.3200000000e+00  8.1532132410e+00  1.1328144240e+01  1.0179533780e+01  5.9407571000e-01  2.5519057090e+00  2.4809949700e+00
    1.3300000000e+00  8.1788572520e+00  1.1319423625e+01  1.0154138269e+01  6.1330183700e-01  2.6000577810e+00  2.5249169400e+00
    1.3400000000e+00  8.2046686900e+00  1.1313591313e+01  1.0130639443e+01  6.3319114800e-01  2.6452107140e+00  2.5655767070e+00
    1.3500000000e+00  8.2306396170e+00  1.1311190492e+01  1.0109414674e+01  6.5375579900e-01  2.6884020250e+00  2.6037755090e+00
    1.3600000000e+00  8.2567627980e+00  1.1312459734e+01  1.0090606311e+01  6.7500821700e-01  2.7307352190e+00  2.6403191890e+00
    1.3700000000e+00  8.2830322120e+00  1.1317341239e+01  1.0074145436e+01  6.9696153000e-01  2.7732896810e+00  2.6759528180e+00
    1.3800000000e+00  8.3094434160e+00  1.1325515065e+01  1.0059792226e+01  7.1963038500e-01  2.8170433050e+00  2.7113096480e+00
    1.3900000000e+00  8.3359935450e+00  1.1336451400e+01  1.0047186502e+01  7.4303210400e-01  2.8628143630e+00  2.7468775890e+00
    1.4000000000e+00  8.3626807720e+00  1.1349472124e+01  1.0035902149e+01  7.6718800100e-01  2.9112251790e+00  2.7829839840e+00
    1.4100000000e+00  8.3895031330e+00  1.1363813682e+01  1.0025499717e+01  7.9212462400e-01  2.9626867490e+00  2.8197977030e+00
    1.4200000000e+00  8.4164567320e+00  1.1378685145e+01  1.0015572467e+01  8.1787462800e-01  3.0174010670e+00  2.8573461700e+00
    1.4300000000e+00  8.4435334820e+00  1.1393317611e+01  1.0005782149e+01  8.4447700500e-01  3.0753765830e+00  2.8955438750e+00
    1.4400000000e+00  8.4707186370e+00  1.1407003395e+01  9.9958821320e+00  8.7197648900e-01  3.1364520700e+00  2.9342281370e+00
    1.4500000000e+00  8.4979884400e+00  1.1419125315e+01  9.9857269610e+00  9.0042206200e-01  3.2003248030e+00  2.9731974600e+00
    1.4600000000e+00  8.5253082160e+00  1.1429177593e+01  9.9752690640e+00  9.2986461300e-01  3.2665802580e+00  3.0122478840e+00
    1.4700000000e+00  8.5526312030e+00  1.1436780218e+01  9.9645448160e+00  9.6035394000e-01  3.3347219870e+00  3.0512035370e+00
    1.4800000000e+00  8.5798982890e+00  1.1441688174e+01  9.9536532060e+00  9.9193534900e-01  3.4042015580e+00  3.0899387630e+00
    1.4900000000e+00  8.6070387640e+00  1.1443795951e+01  9.9427307350e+00  1.0246461550e+00  3.4744490160e+00  3.1283906870e+00
    1.5000000000e+00  8.6339720710e+00  1.1443136747e+01  9.9319260060e+00  1.0585123440e+00  3.5449041190e+00  3.1665624140e+00
    1.5100000000e+00  8.6606104970e+00  1.1439875192e+01  9.9213768850e+00  1.0935456570e+00  3.6150477660e+00  3.2045180480e+00
    1.5200000000e+00  8.6868627270e+00  1.1434292545e+01  9.9111923790e+00  1.1297413130e+00  3.6844318890e+00  3.2423713970e+00
    1.5300000000e+00  8.7126381730e+00  1.1426764241e+01  9.9014405900e+00  1.1670765780e+00  3.7527052830e+00  3.2802706210e+00
    1.5400000000e+00  8.7378519380e+00  1.1417730999e+01  9.8921433600e+00  1.2055104780e+00  3.8196326100e+00  3.3183813140e+00
    1.5500000000e+00  8.7624301700e+00  1.1407666001e+01  9.8832772870e+00  1.2449849520e+00  3.8851045150e+00  3.3568705630e+00
    1.5600000000e+00  8.7863154050e+00  1.1397041479e+01  9.8747798800e+00  1.2854277380e+00  3.9491380560e+00  3.3958942530e+00
    1.5700000000e+00  8.8094712650e+00  1.1386297943e+01  9.8665586970e+00  1.3267571830e+00  4.0118682430e+00  3.4355891610e+00
    1.5800000000e+00  8.8318857780e+00  1.1375818499e+01  9.8585008800e+00  1.3688888960e+00  4.0735327110e+00  3.4760702450e+00
    1.5900000000e+00  8.8535724870e+00  1.1365909332e+01  9.8504805970e+00  1.4117438520e+00  4.1344521060e+00  3.5174322040e+00
    1.6000000000e+00  8.8745686720e+00  1.1356786179e+01  9.8423627710e+00  1.4552571620e+00  4.1950085350e+00  3.5597533060e+00
    1.6100000000e+00  8.8949303080e+00  1.1348565803e+01  9.8340027670e+00  1.4993863850e+00  4.2556235710e+00  3.6030989510e+00
    1.6200000000e+00  8.9147238320e+00  1.1341261400e+01  9.8252430840e+00  1.5441180500e+00  4.3167362930e+00  3.6475227190e+00
    1.6300000000e+00  8.9340154290e+00  1.1334781379e+01  9.8159090820e+00  1.5894710520e+00  4.3787811320e+00  3.6930635830e+00
    1.6400000000e+00  8.9528591230e+00  1.1328931847e+01  9.8058061160e+00  1.6354958870e+00  4.4421651520e+00  3.7397392130e+00
    1.6500000000e+00  8.9712854280e+00  1.1323423752e+01  9.7947201490e+00  1.6822692930e+00  4.5072449700e+00  3.7875364860e+00
    1.6600000000e+00  8.9892924930e+00  1.1317885835e+01  9.7824230740e+00  1.7298846690e+00  4.5743044380e+00  3.8364011390e+00
    1.6700000000e+00  9.0068413700e+00  1.1311883952e+01  9.7686829950e+00  1.7784395080e+00  4.6435351630e+00  3.8862288160e+00
    1.6800000000e+00  9.0238564180e+00  1.1304946241e+01  9.7532787700e+00  1.8280217460e+00  4.7150224410e+00  3.9368596390e+00
    1.6900000000e+00  9.0402309120e+00  1.1296592243e+01  9.7360173240e+00  1.8786972190e+00  4.7887389850e+00  3.9880780330e+00
    1.7000000000e+00  9.0558369510e+00  1.1286362975e+01  9.7167516970e+00  1.9305002530e+00  4.8645478710e+00  4.0396189110e+00
    1.7100000000e+00  9.0705380060e+00  1.1273848418e+01  9.6953973450e+00  1.9834288120e+00  4.9422146730e+00  4.0911805330e+00
    1.7200000000e+00  9.0842020120e+00  1.1258709190e+01  9.6719441380e+00  2.0374447690e+00  5.0214271550e+00  4.1424434820e+00
    1.7300000000e+00  9.0967129450e+00  1.1240690196e+01  9.6464616700e+00  2.0924789130e+00  5.1018196720e+00  4.1930941090e+00
    1.7400000000e+00  9.1079792420e+00  1.1219625568e+01  9.6190961270e+00  2.1484395020e+00  5.1829988540e+00  4.2428499360e+00
    1.7500000000e+00  9.1179381620e+00  1.1195435678e+01  9.5900579760e+00  2.2052226720e+00  5.2645674010e+00  4.2914837530e+00
    1.7600000000e+00  9.1265560170e+00  1.1168118139e+01  9.5596010010e+00  2.2627228990e+00  5.3461437050e+00  4.3388428940e+00
    1.7700000000e+00  9.1338249590e+00  1.1137735165e+01  9.5279946100e+00  2.3208419920e+00  5.4273761560e+00  4.3848603680e+00
    1.7800000000e+00  9.1397575050e+00  1.1104399526e+01  9.4954926710e+00  2.3794956950e+00  5.5079520970e+00  4.4295552760e+00
    1.7900000000e+00  9.1443800790e+00  1.1068260879e+01  9.4623031970e+00  2.4386176570e+00  5.5876020920e+00  4.4730212630e+00
    1.8000000000e+00  9.1477266250e+00  1.1029493597e+01  9.4285637490e+00  2.4981611030e+00  5.6661005910e+00  4.5154036230e+00
    1.8100000000e+00  9.1498328800e+00  1.0988286683e+01  9.3943270610e+00  2.5580988900e+00  5.7432641260e+00  4.5568677600e+00
    1.8200000000e+00  9.1507313990e+00  1.0944835903e+01  9.3595600650e+00  2.6184225760e+00  5.8189480980e+00  4.5975636500e+00
    1.8300000000e+00  9.1504471330e+00  1.0899337914e+01  9.3241572460e+00  2.6791409140e+00  5.8930430290e+00  4.6375921170e+00
    1.8400000000e+00  9.1489932550e+00  1.0851985940e+01  9.2879666450e+00  2.7402778290e+00  5.9654708610e+00  4.6769787690e+00
    1.8500000000e+00  9.1463671090e+00  1.0802966491e+01  9.2508244120e+00  2.8018696630e+00  6.0361815710e+00  4.7156602520e+00
    1.8600000000e+00  9.1425463890e+00  1.0752456681e+01  9.2125921940e+00  2.8639613700e+00  6.1051500840e+00  4.7534852800e+00
    1.8700000000e+00  9.1374859850e+00  1.0700621942e+01  9.1731911800e+00  2.9266014250e+00  6.1723733050e+00  4.7902303070e+00
    1.8800000000e+00  9.1311161180e+00  1.0647614146e+01  9.1326273060e+00  2.9898354730e+00  6.2378671700e+00  4.8256271930e+00
    1.8900000000e+00  9.1233424510e+00  1.0593570208e+01  9.0910037630e+00  3.0536991010e+00  6.3016637430e+00  4.8593982850e+00
    1.9000000000e+00  9.1140486790e+00  1.0538611154e+01  9.0485191500e+00  3.1182105720e+00  6.3638086260e+00  4.8912932830e+00
    1.9100000000e+00  9.1031016720e+00  1.0482841319e+01  9.0054520060e+00  3.1833646230e+00  6.4243588870e+00  4.9211222490e+00
    1.9200000000e+00  9.0903586040e+00  1.0426347093e+01  8.9621345510e+00  3.2491285350e+00  6.4833814760e+00  4.9487799530e+00
    1.9300000000e+00  9.0756748640e+00  1.0369194678e+01  8.9189200160e+00  3.3154412900e+00  6.5409515460e+00  4.9742584070e+00
    1.9400000000e+00  9.0589111160e+00  1.0311426697e+01  8.8761486780e+00  3.3822159350e+00  6.5971496580e+00  4.9976464540e+00
    1.9500000000e+00  9.0399379540e+00  1.0253058342e+01  8.8341175490e+00  3.4493443330e+00  6.6520566670e+00  5.0191173670e+00
    1.9600000000e+00  9.0186371830e+00  1.0194074582e+01  8.7930577540e+00  3.5167026770e+00  6.7057455430e+00  5.0389072370e+00
    1.9700000000e+00  8.9948997830e+00  1.0134430498e+01  8.7531220180e+00  3.5841557630e+00  6.7582704230e+00  5.0572881310e+00
    1.9800000000e+00  8.9686216970e+00  1.0074056630e+01  8.7143828480e+00  3.6515582860e+00  6.8096544720e+00  5.0745404210e+00
    1.9900000000e+00  8.9396994270e+00  1.0012870205e+01  8.6768401370e+00  3.7187522020e+00  6.8598792700e+00  5.0909283050e+00
    2.0000000000e+00  8.9080277020e+00  9.9507915500e+00  8.6404356120e+00  3.7855603610e+00  6.9088788110e+00  5.1066813390e+00
    2.0100000000e+00  8.8735011650e+00  9.8877633250e+00  8.6050708820e+00  3.8517777710e+00  6.9565406680e+00  5.1219833840e+00
    2.0200000000e+00  8.8360211640e+00  9.8237690440e+00  8.5706260150e+00  3.9171626720e+00  7.0027154740e+00  5.1369688500e+00
    2.0300000000e+00  8.7955076080e+00  9.7588470750e+00  8.5369762030e+00  3.9814299420e+00  7.0472339930e+00  5.1517251040e+00
    2.0400000000e+00  8.7519146580e+00  9.6930969910e+00  8.5040050150e+00  4.0442491140e+00  7.0899293080e+00  5.1662993780e+00
    2.0500000000e+00  8.7052481680e+00  9.6266766290e+00  8.4716135150e+00  4.1052485340e+00  7.1306604720e+00  5.1807084310e+00
    2.0600000000e+00  8.6555823070e+00  9.5597899750e+00  8.4397251180e+00  4.1640261870e+00  7.1693336480e+00  5.1949494190e+00
    2.0700000000e+00  8.6030728540e+00  9.4926676840e+00  8.4082864040e+00  4.2201666500e+00  7.2059172700e+00  5.2090106390e+00
    2.0800000000e+00  8.5479650620e+00  9.4255432270e+00  8.3772643670e+00  4.2732627870e+00  7.2404489400e+00  5.2228810140e+00
    2.0900000000e+00  8.4905946000e+00  9.3586281470e+00  8.3466407920e+00  4.3229401910e+00  7.2730332430e+00  5.2365573790e+00
    2.1000000000e+00  8.4313807910e+00  9.2920897620e+00  8.3164046980e+00  4.3688819680e+00  7.3038310640e+00  5.2500488240e+00
    2.1100000000e+00  8.3708121770e+00  9.2260339180e+00  8.2865439400e+00  4.4108512980e+00  7.3330421330e+00  5.2633777080e+00
    2.1200000000e+00  8.3094253150e+00  9.1604944220e+00  8.2570371510e+00  4.4487091600e+00  7.3608830920e+00  5.2765772590e+00
    2.1300000000e+00  8.2477786780e+00  9.0954298270e+00  8.2278471410e+00  4.4824250320e+00  7.3875634980e+00  5.2896860700e+00
    2.1400000000e+00  8.1864243820e+00  9.0307274750e+00  8.1989167730e+00  4.5120791390e+00  7.4132619760e+00  5.3027401150e+00
    2.1500000000e+00  8.1258808480e+00  8.9662142360e+00  8.1701681030e+00  4.5378560020e+00  7.4381043210e+00  5.3157632180e+00
    2.1600000000e+00  8.0666093790e+00  8.9016731580e+00  8.1415052720e+00  4.5600303570e+00  7.4621450970e+00  5.3287571430e+00
    2.1700000000e+00  8.0089968860e+00  8.8368650490e+00  8.1128212550e+00  4.5789475420e+00  7.4853540000e+00  5.3416926500e+00
    2.1800000000e+00  7.9533458780e+00  8.7715538600e+00  8.0840080920e+00  4.5950010710e+00  7.5076081580e+00  5.3545028750e+00
    2.1900000000e+00  7.8998716990e+00  8.7055345180e+00  8.0549698060e+00  4.6086101210e+00  7.5286913680e+00  5.3670802820e+00
    2.2000000000e+00  7.8487059930e+00  8.6386615720e+00  8.0256367440e+00  4.6201992790e+00  7.5483011710e+00  5.3792781420e+00
    2.2100000000e+00  7.7999047320e+00  8.5708765840e+00  7.9959797680e+00  4.6301821610e+00  7.5660644310e+00  5.3909171380e+00
    2.2200000000e+00  7.7534587820e+00  8.5022316960e+00  7.9660224100e+00  4.6389497070e+00  7.5815616220e+00  5.4017971250e+00
    2.2300000000e+00  7.7093050050e+00  8.4329062960e+00  7.9358490160e+00  4.6468631220e+00  7.5943592210e+00  5.4117133440e+00
    2.2400000000e+00  7.6673361930e+00  8.3632135040e+00  7.9056071480e+00  4.6542506290e+00  7.6040482620e+00  5.4204755850e+00
    2.2500000000e+00  7.6274086900e+00  8.2935937460e+00  7.8755030870e+00  4.6614066620e+00  7.6102855260e+00  5.4279279770e+00
    2.2600000000e+00  7.5893474050e+00  8.2245940770e+00  7.8457903820e+00  4.6685918160e+00  7.6128323450e+00  5.4339666000e+00
    2.2700000000e+00  7.5529486860e+00  8.1568342690e+00  7.8167526190e+00  4.6760320120e+00  7.6115852360e+00  5.4385521850e+00
    2.2800000000e+00  7.5179822710e+00  8.0909634310e+00  7.7886828190e+00  4.6839157970e+00  7.6065931630e+00  5.4417158040e+00
    2.2900000000e+00  7.4841938960e+00  8.0276132510e+00  7.7618626400e+00  4.6923895290e+00  7.5980581780e+00  5.4435567840e+00
    2.3000000000e+00  7.4513100610e+00  7.9673550770e+00  7.7365446130e+00  4.7015510070e+00  7.5863193590e+00  5.4442335510e+00
    2.3100000000e+00  7.4190460230e+00  7.9106674140e+00  7.7129399510e+00  4.7114429070e+00  7.5718233720e+00  5.4439495470e+00
    2.3200000000e+00  7.3871172660e+00  7.8579181310e+00  7.6912131710e+00  4.7220477690e+00  7.5550876610e+00  5.4429372040e+00
    2.3300000000e+00  7.3552538140e+00  7.8093622610e+00  7.6714832840e+00  4.7332863220e+00  7.5366634980e+00  5.4414430910e+00
    2.3400000000e+00  7.3232159470e+00  7.7651528650e+00  7.6538299540e+00  4.7450204760e+00  7.5171054180e+00  5.4397167850e+00
    2.3500000000e+00  7.2908093430e+00  7.7253597750e+00  7.6383021890e+00  4.7570615900e+00  7.4969513590e+00  5.4380049560e+00
    2.3600000000e+00  7.2578975300e+00  7.6899899990e+00  7.6249268230e+00  4.7691837030e+00  7.4767146520e+00  5.4365508630e+00
    2.3700000000e+00  7.2244098350e+00  7.6590041900e+00  7.6137143550e+00  4.7811405330e+00  7.4568859090e+00  5.4355982770e+00
    2.3800000000e+00  7.1903436020e+00  7.6323255850e+00  7.6046604380e+00  4.7926844130e+00  7.4379406180e+00  5.4353979030e+00
    2.3900000000e+00  7.1557603000e+00  7.6098405870e+00  7.5977423800e+00  4.8035849920e+00  7.4203474390e+00  5.4362138790e+00
    2.4000000000e+00  7.1207759400e+00  7.5913926320e+00  7.5929111070e+00  4.8136455470e+00  7.4045728510e+00  5.4383279120e+00
    2.4100000000e+00  7.0855470040e+00  7.5767727450e+00  7.5900800840e+00  4.8227150680e+00  7.3910795080e+00  5.4420390330e+00
    2.4200000000e+00  7.0502536760e+00  7.5657106690e+00  7.5891134050e+00  4.8306948070e+00  7.3803177850e+00  5.4476577890e+00
    2.4300000000e+00  7.0150825210e+00  7.5578699180e+00  7.5898156240e+00  4.8375387110e+00  7.3727118710e+00  5.4554947330e+00
    2.4400000000e+00  6.9802109070e+00  7.5528489030e+00  7.5919257660e+00  4.8432480050e+00  7.3686430030e+00  5.4658441570e+00
    2.4500000000e+00  6.9457952230e+00  7.5501887880e+00  7.5951173820e+00  4.8478610400e+00  7.3684328990e+00  5.4789650290e+00
    2.4600000000e+00  6.9119643740e+00  7.5493874050e+00  7.5990055760e+00  4.8514403250e+00  7.3723303270e+00  5.4950617120e+00
    2.4700000000e+00  6.8788191940e+00  7.5499173870e+00  7.6031607810e+00  4.8540591010e+00  7.3805030770e+00  5.5142672430e+00
    2.4800000000e+00  6.8464373150e+00  7.5512459560e+00  7.6071279310e+00  4.8557899480e+00  7.3930366410e+00  5.5366316950e+00
    2.4900000000e+00  6.8148820770e+00  7.5528534860e+00  7.6104487950e+00  4.8566975440e+00  7.4099397030e+00  5.5621173490e+00
    2.5000000000e+00  6.7842131860e+00  7.5542481290e+00  7.6126846650e+00  4.8568368640e+00  7.4311552870e+00  5.5906014170e+00
    2.5100000000e+00  6.7544964660e+00  7.5549745790e+00  7.6134365690e+00  4.8562570430e+00  7.4565752890e+00  5.6218858180e+00
    2.5200000000e+00  6.7258101650e+00  7.5546162750e+00  7.6123606180e+00  4.8550098220e+00  7.4860554840e+00  5.6557124230e+00
    2.5300000000e+00  6.6982460370e+00  7.5527918030e+00  7.6091770420e+00  4.8531604570e+00  7.5194280760e+00  5.6917813390e+00
    2.5400000000e+00  6.6719045910e+00  7.5491475240e+00  7.6036726550e+00  4.8507983090e+00  7.5565096610e+00  5.7297695380e+00
    2.5500000000e+00  6.6468853410e+00  7.5433492190e+00  7.5956976570e+00  4.8480443760e+00  7.5971037570e+00  5.7693474070e+00
    2.5600000000e+00  6.6232740840e+00  7.5350753710e+00  7.5851585330e+00  4.8450537740e+00  7.6409985910e+00  5.8101916430e+00
    2.5700000000e+00  6.6011299260e+00  7.5240138430e+00  7.5720090920e+00  4.8420124520e+00  7.6879618960e+00  5.8519939000e+00
    2.5800000000e+00  6.5804746630e+00  7.5098624470e+00  7.5562414750e+00  4.8391288240e+00  7.7377349160e+00  5.8944655880e+00
    2.5900000000e+00  6.5612863650e+00  7.4923327850e+00  7.5378783390e+00  4.8366221000e+00  7.7900273460e+00  5.9373398150e+00
    2.6000000000e+00  6.5434978430e+00  7.4711561960e+00  7.5169667690e+00  4.8347096390e+00  7.8445141520e+00  5.9803716860e+00
    2.6100000000e+00  6.5269994940e+00  7.4460907760e+00  7.4935738160e+00  4.8335954540e+00  7.9008343530e+00  6.0233380350e+00
    2.6200000000e+00  6.5116451840e+00  7.4169289390e+00  7.4677831690e+00  4.8334613440e+00  7.9585914710e+00  6.0660373800e+00
    2.6300000000e+00  6.4972594630e+00  7.3835055300e+00  7.4396922740e+00  4.8344612200e+00  8.0173554930e+00  6.1082904170e+00
    2.6400000000e+00  6.4836445700e+00  7.3457066300e+00  7.4094092210e+00  4.8367182750e+00  8.0766666490e+00  6.1499409770e+00
    2.6500000000e+00  6.4705861660e+00  7.3034788900e+00  7.3770489310e+00  4.8403240580e+00  8.1360417360e+00  6.1908570450e+00
    2.6600000000e+00  6.4578574760e+00  7.2568386400e+00  7.3427284990e+00  4.8453381790e+00  8.1949838370e+00  6.2309312250e+00
    2.6700000000e+00  6.4452222280e+00  7.2058793810e+00  7.3065619340e+00  4.8517875480e+00  8.2529959470e+00  6.2700801020e+00
    2.6800000000e+00  6.4324373130e+00  7.1507758710e+00  7.2686547830e+00  4.8596644360e+00  8.3095983040e+00  6.3082421190e+00
    2.6900000000e+00  6.4192563310e+00  7.0917830360e+00  7.2290992510e+00  4.8689233970e+00  8.3643483700e+00  6.3453739620e+00
    2.7000000000e+00  6.4054350030e+00  7.0292284180e+00  7.1879703260e+00  4.8794776880e+00  8.4168615360e+00  6.3814456580e+00
    2.7100000000e+00  6.3907389310e+00  6.9634976960e+00  7.1453232050e+00  4.8911963810e+00  8.4668300730e+00  6.4164348020e+00
    2.7200000000e+00  6.3749535130e+00  6.8950138860e+00  7.1011921270e+00  4.9039035000e+00  8.5140377070e+00  6.4503202790e+00
    2.7300000000e+00  6.3578951080e+00  6.8242119230e+00  7.0555905920e+00  4.9173803010e+00  8.5583675120e+00  6.4830757440e+00
    2.7400000000e+00  6.3394220880e+00  6.7515111260e+00  7.0085130090e+00  4.9313712870e+00  8.5998016370e+00  6.5146630290e+00
    2.7500000000e+00  6.3194442660e+00  6.6772884980e+00  6.9599379120e+00  4.9455938870e+00  8.6384124340e+00  6.5450256420e+00
    2.7600000000e+00  6.2979293040e+00  6.6018557260e+00  6.9098329400e+00  4.9597510840e+00  8.6743456750e+00  6.5740826890e+00
    2.7700000000e+00  6.2749051300e+00  6.5254422910e+00  6.8581616980e+00  4.9735457530e+00  8.7077975280e+00  6.6017237500e+00
    2.7800000000e+00  6.2504579560e+00  6.4481862880e+00  6.8048923930e+00  4.9866951670e+00  8.7389876090e+00  6.6278053550e+00
    2.7900000000e+00  6.2247261260e+00  6.3701337140e+00  6.7500078460e+00  4.9989441180e+00  8.7681307700e+00  6.6521496990e+00
    2.8000000000e+00  6.1978906490e+00  6.2912460000e+00  6.6935162510e+00  5.0100752860e+00  8.7954102900e+00  6.6745461040e+00
    2.8100000000e+00  6.1701637060e+00  6.2114147940e+00  6.6354619290e+00  5.0199160250e+00  8.8209548340e+00  6.6947554850e+00
    2.8200000000e+00  6.1417765730e+00  6.1304823330e+00  6.5759352150e+00  5.0283413580e+00  8.8448209970e+00  6.7125179240e+00
    2.8300000000e+00  6.1129682740e+00  6.0482653710e+00  6.5150805900e+00  5.0352735440e+00  8.8669825410e+00  6.7275632010e+00
    2.8400000000e+00  6.0839758540e+00  5.9645806170e+00  6.4531021290e+00  5.0406790130e+00  8.8873267230e+00  6.7396238780e+00
    2.8500000000e+00  6.0550267290e+00  5.8792698050e+00  6.3902654180e+00  5.0445636110e+00  8.9056575830e+00  6.7484502010e+00
    2.8600000000e+00  6.0263331660e+00  5.7922227580e+00  6.3268952830e+00  5.0469670300e+00  8.9217057740e+00  6.7538257280e+00
    2.8700000000e+00  5.9980886400e+00  5.7033968310e+00  6.2633691220e+00  5.0479571390e+00  8.9351442960e+00  6.7555823340e+00
    2.8800000000e+00  5.9704656630e+00  5.6128311280e+00  6.2001061160e+00  5.0476246890e+00  8.9456091170e+00  6.7536131790e+00
    2.8900000000e+00  5.9436146000e+00  5.5206538890e+00  6.1375531290e+00  5.0460786220e+00  8.9527230200e+00  6.7478823840e+00
    2.9000000000e+00  5.9176630040e+00  5.4270820910e+00  6.0761685300e+00  5.0434419840e+00  8.9561201470e+00  6.7384305550e+00
    2.9100000000e+00  5.8927151430e+00  5.3324133950e+00  6.0164053720e+00  5.0398482140e+00  8.9554682030e+00  6.7253757740e+00
    2.9200000000e+00  5.8688516130e+00  5.2370121650e+00  5.9586954060e+00  5.0354374600e+00  8.9504854480e+00  6.7089102670e+00
    2.9300000000e+00  5.8461292160e+00  5.1412925410e+00  5.9034351460e+00  5.0303525970e+00  8.9409507540e+00  6.6892934840e+00
    2.9400000000e+00  5.8245815030e+00  5.0457020720e+00  5.8509747780e+00  5.0247348580e+00  8.9267067430e+00  6.6668427030e+00
    2.9500000000e+00  5.8042204300e+00  4.9507087900e+00  5.8016100930e+00  5.0187192610e+00  8.9076578500e+00  6.6419223910e+00
    2.9600000000e+00  5.7850394220e+00  4.8567931560e+00  5.7555770940e+00  5.0124303650e+00  8.8837662590e+00  6.6149333270e+00
    2.9700000000e+00  5.7670178040e+00  4.7644444460e+00  5.7130486350e+00  5.0059790300e+00  8.8550488280e+00  6.5863020860e+00
    2.9800000000e+00  5.7501261700e+00  4.6741596240e+00  5.6741324140e+00  4.9994608400e+00  8.8215772790e+00  6.5564709630e+00
    2.9900000000e+00  5.7343319640e+00  4.5864418920e+00  5.6388699310e+00  4.9929565470e+00  8.7834824520e+00  6.5258881080e+00
    3.0000000000e+00  5.7196043720e+00  4.5017961360e+00  5.6072363350e+00  4.9865345440e+00  8.7409618050e+00  6.4949975250e+00
    3.0100000000e+00  5.7059177350e+00  4.4207192780e+00  5.5791414010e+00  4.9802549290e+00  8.6942879540e+00  6.4642286710e+00
    3.0200000000e+00  5.6932529620e+00  4.3436849410e+00  5.5544320350e+00  4.9741744080e+00  8.6438152670e+00  6.4339856130e+00
    3.0300000000e+00  5.6815968040e+00  4.2711234010e+00  5.5328968380e+00  4.9683511510e+00  8.5899814400e+00  6.4046359150e+00
    3.0400000000e+00  5.6709392600e+00  4.2033992670e+00  5.5142732290e+00  4.9628487520e+00  8.5333017520e+00  6.3764997600e+00
    3.0500000000e+00  5.6612696630e+00  4.1407902550e+00  5.4982574880e+00  4.9577387160e+00  8.4743550120e+00  6.3498401500e+00
    3.0600000000e+00  5.6525721540e+00  4.0834706360e+00  5.4845177110e+00  4.9531011450e+00  8.4137618760e+00  6.3248553250e+00
    3.0700000000e+00  5.6448212210e+00  4.0315023740e+00  5.4727090800e+00  4.9490236170e+00  8.3521577520e+00  6.3016746530e+00
    3.0800000000e+00  5.6379779250e+00  3.9848357680e+00  5.4624902400e+00  4.9455984560e+00  8.2901636680e+00  6.2803590030e+00
    3.0900000000e+00  5.6319872970e+00  3.9433198250e+00  5.4535390500e+00  4.9429187670e+00  8.2283590500e+00  6.2609060240e+00
    3.1000000000e+00  5.6267772010e+00  3.9067208590e+00  5.4455658630e+00  4.9410737070e+00  8.1672600890e+00  6.2432599590e+00
    3.1100000000e+00  5.6222588300e+00  3.8747463080e+00  5.4383227620e+00  4.9401435600e+00  8.1073064490e+00  6.2273248080e+00
    3.1200000000e+00  5.6183287600e+00  3.8470699110e+00  5.4316078020e+00  4.9401951300e+00  8.0488574230e+00  6.2129790820e+00
    3.1300000000e+00  5.6148723480e+00  3.8233542820e+00  5.4252641270e+00  4.9412779440e+00  7.9921967870e+00  6.2000901510e+00
    3.1400000000e+00  5.6117681240e+00  3.8032678770e+00  5.4191746380e+00  4.9434215960e+00  7.9375439620e+00  6.1885263720e+00
    3.1500000000e+00  5.6088927710e+00  3.7864948530e+00  5.4132535230e+00  4.9466344290e+00  7.8850680870e+00  6.1781655700e+00
    3.1600000000e+00  5.6061262860e+00  3.7727381740e+00  5.4074363860e+00  4.9509036370e+00  7.8349015670e+00  6.1688991520e+00
    3.1700000000e+00  5.6033569500e+00  3.7617177580e+00  5.4016708370e+00  4.9561967090e+00  7.7871505090e+00  6.1606318290e+00
    3.1800000000e+00  5.6004858000e+00  3.7531663000e+00  5.3959092330e+00  4.9624641190e+00  7.7419008590e+00  6.1532777320e+00
    3.1900000000e+00  5.5974303750e+00  3.7468252710e+00  5.3901047580e+00  4.9696431060e+00  7.6992205740e+00  6.1467542960e+00
    3.2000000000e+00  5.5941275050e+00  3.7424427690e+00  5.3842112750e+00  4.9776624050e+00  7.6591592570e+00  6.1409756820e+00
    3.2100000000e+00  5.5905349200e+00  3.7397737550e+00  5.3781865600e+00  4.9864478210e+00  7.6217470840e+00  6.1358474060e+00
    3.2200000000e+00  5.5866313150e+00  3.7385820870e+00  5.3719978350e+00  4.9959284330e+00  7.5869945850e+00  6.1312634180e+00
    3.2300000000e+00  5.5824145330e+00  3.7386431490e+00  5.3656281940e+00  5.0060430560e+00  7.5548940070e+00  6.1271061660e+00
    3.2400000000e+00  5.5778975560e+00  3.7397458220e+00  5.3590826000e+00  5.0167463240e+00  7.5254221300e+00  6.1232494770e+00
    3.2500000000e+00  5.5731022950e+00  3.7416930400e+00  5.3523925140e+00  5.0280135560e+00  7.4985436820e+00  6.1195635990e+00
    3.2600000000e+00  5.5680515580e+00  3.7443008870e+00  5.3456187030e+00  5.0398434780e+00  7.4742143050e+00  6.1159216060e+00
    3.2700000000e+00  5.5627600010e+00  3.7473968610e+00  5.3388521590e+00  5.0522580730e+00  7.4523822920e+00  6.1122064870e+00
    3.2800000000e+00  5.5572251790e+00  3.7508182320e+00  5.3322132090e+00  5.0652991770e+00  7.4329889080e+00  6.1083184230e+00
    3.2900000000e+00  5.5514199070e+00  3.7544113010e+00  5.3258489110e+00  5.0790219320e+00  7.4159676920e+00  6.1041819650e+00
    3.3000000000e+00  5.5452870460e+00  3.7580319260e+00  5.3199287030e+00  5.0934856930e+00  7.4012435130e+00  6.0997528310e+00
    3.3100000000e+00  5.5387374880e+00  3.7615471480e+00  5.3146382670e+00  5.1087433440e+00  7.3887321620e+00  6.0950239540e+00
    3.3200000000e+00  5.5316517270e+00  3.7648374030e+00  5.3101716250e+00  5.1248302050e+00  7.3783409180e+00  6.0900302510e+00
    3.3300000000e+00  5.5238849500e+00  3.7677987140e+00  5.3067217180e+00  5.1417537190e+00  7.3699701640e+00  6.0848514910e+00
    3.3400000000e+00  5.5152752000e+00  3.7703445020e+00  5.3044700080e+00  5.1594849820e+00  7.3635157810e+00  6.0796126680e+00
    3.3500000000e+00  5.5056538810e+00  3.7724068980e+00  5.3035759570e+00  5.1779529340e+00  7.3588720610e+00  6.0744814910e+00
    3.3600000000e+00  5.4948577130e+00  3.7739376990e+00  5.3041673800e+00  5.1970417580e+00  7.3559350070e+00  6.0696630090e+00
    3.3700000000e+00  5.4827411560e+00  3.7749089840e+00  5.3063326350e+00  5.2165917410e+00  7.3546062120e+00  6.0653918020e+00
    3.3800000000e+00  5.4691883170e+00  3.7753131670e+00  5.3101153170e+00  5.2364035780e+00  7.3547976020e+00  6.0619225650e+00
    3.3900000000e+00  5.4541234210e+00  3.7751618710e+00  5.3155117190e+00  5.2562458310e+00  7.3564371820e+00  6.0595200780e+00
    3.4000000000e+00  5.4375190320e+00  3.7744828310e+00  5.3224708360e+00  5.2758650250e+00  7.3594754970e+00  6.0584495290e+00
    3.4100000000e+00  5.4194014310e+00  3.7733141240e+00  5.3308963530e+00  5.2949976810e+00  7.3638919490e+00  6.0589678260e+00
    3.4200000000e+00  5.3998527370e+00  3.7716955400e+00  5.3406499290e+00  5.3133834960e+00  7.3696997160e+00  6.0613161730e+00
    3.4300000000e+00  5.3790095290e+00  3.7696575620e+00  5.3515552340e+00  5.3307787980e+00  7.3769478930e+00  6.0657138010e+00
    3.4400000000e+00  5.3570579080e+00  3.7672090800e+00  5.3634024370e+00  5.3469693430e+00  7.3857197850e+00  6.0723525700e+00
    3.4500000000e+00  5.3342251810e+00  3.7643254120e+00  5.3759531860e+00  5.3617814020e+00  7.3961267990e+00  6.0813921740e+00
    3.4600000000e+00  5.3107687100e+00  3.7609383420e+00  5.3889462830e+00  5.3750900450e+00  7.4082981020e+00  6.0929558880e+00
    3.4700000000e+00  5.2869629870e+00  3.7569298010e+00  5.4021043090e+00  5.3868236630e+00  7.4223668760e+00  6.1071270930e+00
    3.4800000000e+00  5.2630864680e+00  3.7521303990e+00  5.4151412380e+00  5.3969642580e+00  7.4384546520e+00  6.1239470570e+00
    3.4900000000e+00  5.2394098530e+00  3.7463234010e+00  5.4277707350e+00  5.4055437920e+00  7.4566556630e+00  6.1434145570e+00
    3.5000000000e+00  5.2161872470e+00  3.7392538740e+00  5.4397144820e+00  5.4126376920e+00  7.4770233520e+00  6.1654877420e+00
    3.5100000000e+00  5.1936508680e+00  3.7306418070e+00  5.4507095940e+00  5.4183572330e+00  7.4995609380e+00  6.1900883100e+00
    3.5200000000e+00  5.1720090340e+00  3.7201972320e+00  5.4605142220e+00  5.4228425170e+00  7.5242172750e+00  6.2171075120e+00
    3.5300000000e+00  5.1514463230e+00  3.7076350360e+00  5.4689107220e+00  5.4262573760e+00  7.5508882010e+00  6.2464131240e+00
    3.5400000000e+00  5.1321243850e+00  3.6926873080e+00  5.4757062840e+00  5.4287866560e+00  7.5794225350e+00  6.2778562410e+00
    3.5500000000e+00  5.1141819870e+00  3.6751118180e+00  5.4807314650e+00  5.4306355390e+00  7.6096310210e+00  6.3112768880e+00
    3.5600000000e+00  5.0977333310e+00  3.6546961950e+00  5.4838375220e+00  5.4320299310e+00  7.6412962400e+00  6.3465077610e+00
    3.5700000000e+00  5.0828642970e+00  3.6312582770e+00  5.4848936270e+00  5.4332167060e+00  7.6741817190e+00  6.3833759780e+00
    3.5800000000e+00  5.0696268700e+00  3.6046436990e+00  5.4837849170e+00  5.4344626020e+00  7.7080390740e+00  6.4217032730e+00
    3.5900000000e+00  5.0580324920e+00  3.5747219210e+00  5.4804119570e+00  5.4360508610e+00  7.7426126920e+00  6.4613054970e+00
    3.6000000000e+00  5.0480454150e+00  3.5413816820e+00  5.4746916090e+00  5.4382750450e+00  7.7776419320e+00  6.5019924100e+00
    3.6100000000e+00  5.0395772920e+00  3.5045266530e+00  5.4665587690e+00  5.4414299960e+00  7.8128609820e+00  6.5435686080e+00
    3.6200000000e+00  5.0324841990e+00  3.4640719240e+00  5.4559680160e+00  5.4458004220e+00  7.8479965460e+00  6.5858359270e+00
    3.6300000000e+00  5.0265670150e+00  3.4199420740e+00  5.4428942030e+00  5.4516480660e+00  7.8827635510e+00  6.6285971010e+00
    3.6400000000e+00  5.0215755870e+00  3.3720717070e+00  5.4273312240e+00  5.4591987360e+00  7.9168593640e+00  6.6716598700e+00
    3.6500000000e+00  5.0172165940e+00  3.3204092960e+00  5.4092888020e+00  5.4686305060e+00  7.9499574720e+00  6.7148403450e+00
    3.6600000000e+00  5.0131645500e+00  3.2649247790e+00  5.3887878450e+00  5.4800642290e+00  7.9817021230e+00  6.7579644880e+00
    3.6700000000e+00  5.0090750690e+00  3.2056206770e+00  5.3658555950e+00  5.4935571800e+00  8.0117057200e+00  6.8008669500e+00
    3.6800000000e+00  5.0045994030e+00  3.1425455440e+00  5.3405221010e+00  5.5091003070e+00  8.0395506690e+00  6.8433873260e+00
    3.6900000000e+00  4.9993992140e+00  3.0758077840e+00  5.3128194340e+00  5.5266193150e+00  8.0647968360e+00  6.8853647670e+00
    3.7000000000e+00  4.9931604820e+00  3.0055873390e+00  5.2827843210e+00  5.5459795220e+00  8.0869947210e+00  6.9266326220e+00
    3.7100000000e+00  4.9856054760e+00  2.9321428340e+00  5.2504639350e+00  5.5669941360e+00  8.1057033320e+00  6.9670149870e+00
    3.7200000000e+00  4.9765017490e+00  2.8558123870e+00  5.2159235150e+00  5.5894352280e+00  8.1205106280e+00  7.0063266460e+00
    3.7300000000e+00  4.9656674180e+00  2.7770074570e+00  5.1792539550e+00  5.6130462340e+00  8.1310537910e+00  7.0443770480e+00
    3.7400000000e+00  4.9529725070e+00  2.6962004110e+00  5.1405773950e+00  5.6375545580e+00  8.1370366050e+00  7.0809778720e+00
    3.7500000000e+00  4.9383367620e+00  2.6139076040e+00  5.1000493950e+00  5.6626828220e+00  8.1382419250e+00  7.1159529310e+00
    3.7600000000e+00  4.9217249900e+00  2.5306703130e+00  5.0578570420e+00  5.6881576810e+00  8.1345383470e+00  7.1491487070e+00
    3.7700000000e+00  4.9031413020e+00  2.4470357070e+00  5.0142131610e+00  5.7137157360e+00  8.1258813370e+00  7.1804438130e+00
    3.7800000000e+00  4.8826236280e+00  2.3635393920e+00  4.9693474100e+00  5.7391068040e+00  8.1123098170e+00  7.2097560420e+00
    3.7900000000e+00  4.8602394450e+00  2.2806902280e+00  4.9234953970e+00  5.7640953860e+00  8.0939394340e+00  7.2370461070e+00
    3.8000000000e+00  4.8360831060e+00  2.1989575550e+00  4.8768871390e+00  5.7884614120e+00  8.0709534160e+00  7.2623176550e+00
    3.8100000000e+00  4.8102745370e+00  2.1187607740e+00  4.8297361530e+00  5.8120012670e+00  8.0435915120e+00  7.2856136480e+00
    3.8200000000e+00  4.7829586930e+00  2.0404614240e+00  4.7822303710e+00  5.8345297580e+00  8.0121371960e+00  7.3070096210e+00
    3.8300000000e+00  4.7543050040e+00  1.9643582600e+00  4.7345257050e+00  5.8558832660e+00  7.9769033680e+00  7.3266047090e+00
    3.8400000000e+00  4.7245060990e+00  1.8906859610e+00  4.6867426960e+00  5.8759239690e+00  7.9382171770e+00  7.3445115040e+00
    3.8500000000e+00  4.6937752610e+00  1.8196179690e+00  4.6389662270e+00  5.8945447480e+00  7.8964050280e+00  7.3608457890e+00
    3.8600000000e+00  4.6623422260e+00  1.7512734440e+00  4.5912479840e+00  5.9116742660e+00  7.8517792010e+00  7.3757169330e+00
    3.8700000000e+00  4.6304471420e+00  1.6857276780e+00  4.5436112430e+00  5.9272815360e+00  7.8046274560e+00  7.3892195240e+00
    3.8800000000e+00  4.5983327750e+00  1.6230247640e+00  4.4960576150e+00  5.9413792370e+00  7.7552067080e+00  7.4014266100e+00
    3.8900000000e+00  4.5662353590e+00  1.5631909890e+00  4.4485753970e+00  5.9540250210e+00  7.7037412270e+00  7.4123849440e+00
    3.9000000000e+00  4.5343748630e+00  1.5062473850e+00  4.4011491720e+00  5.9653202520e+00  7.6504252900e+00  7.4221126610e+00
    3.9100000000e+00  4.5029456720e+00  1.4522200570e+00  4.3537700600e+00  5.9754060430e+00  7.5954296760e+00  7.4305999200e+00
    3.9200000000e+00  4.4721086490e+00  1.4011471610e+00  4.3064457040e+00  5.9844568970e+00  7.5389110040e+00  7.4378129100e+00
    3.9300000000e+00  4.4419852520e+00  1.3530817880e+00  4.2592087490e+00  5.9926727080e+00  7.4810226140e+00  7.4437013210e+00
    3.9400000000e+00  4.4126539090e+00  1.3080904250e+00  4.2121224180e+00  6.0002699940e+00  7.4219254500e+00  7.4482087860e+00
    3.9500000000e+00  4.3841484320e+00  1.2662472700e+00  4.1652819170e+00  6.0074730950e+00  7.3617973120e+00  7.4512851300e+00
    3.9600000000e+00  4.3564580380e+00  1.2276252880e+00  4.1188109760e+00  6.0145057020e+00  7.3008389970e+00  7.4528986280e+00
    3.9700000000e+00  4.3295286370e+00  1.1922854810e+00  4.0728536750e+00  6.0215827750e+00  7.2392762700e+00  7.4530461490e+00
    3.9800000000e+00  4.3032653290e+00  1.1602661680e+00  4.0275627540e+00  6.0289027190e+00  7.1773572950e+00  7.4517592430e+00
    3.9900000000e+00  4.2775362800e+00  1.1315741040e+00  3.9830864390e+00  6.0366398800e+00  7.1153459430e+00  7.4491048570e+00
    4.0000000000e+00  4.2521782260e+00  1.1061789130e+00  3.9395563240e+00  6.0449376570e+00  7.0535120900e+00  7.4451804880e+00
    4.0100000000e+00  4.2270036480e+00  1.0840116980e+00  3.8970787290e+00  6.0539028450e+00  6.9921205480e+00  7.4401047240e+00
    4.0200000000e+00  4.2018092940e+00  1.0649679430e+00  3.8557313210e+00  6.0636018470e+00  6.9314203860e+00  7.4340052610e+00
    4.0300000000e+00  4.1763853700e+00  1.0489141230e+00  3.8155656050e+00  6.0740592680e+00  6.8716363080e+00  7.4270071050e+00
    4.0400000000e+00  4.1505245460e+00  1.0356968320e+00  3.7766145340e+00  6.0852590040e+00  6.8129633080e+00  7.4192237410e+00
    4.0500000000e+00  4.1240299090e+00  1.0251529120e+00  3.7389032180e+00  6.0971475940e+00  6.7555652610e+00  7.4107533550e+00
    4.0600000000e+00  4.0967212360e+00  1.0171189490e+00  3.7024599000e+00  6.1096392350e+00  6.6995774410e+00  7.4016809990e+00
    4.0700000000e+00  4.0684392040e+00  1.0114386720e+00  3.6673243010e+00  6.1226217300e+00  6.6451123580e+00  7.3920860700e+00
    4.0800000000e+00  4.0390475220e+00  1.0079671460e+00  3.6335511520e+00  6.1359625600e+00  6.5922677810e+00  7.3820531870e+00
    4.0900000000e+00  4.0084332250e+00  1.0065711630e+00  3.6012079080e+00  6.1495143610e+00  6.5411355070e+00  7.3716837630e+00
    4.1000000000e+00  3.9765056120e+00  1.0071258340e+00  3.5703670760e+00  6.1631192450e+00  6.4918092860e+00  7.3611055710e+00
    4.1100000000e+00  3.9431945000e+00  1.0095080090e+00  3.5410946820e+00  6.1766116110e+00  6.4443904050e+00  7.3504781330e+00
    4.1200000000e+00  3.9084485630e+00  1.0135877410e+00  3.5134371260e+00  6.1898193960e+00  6.3989897800e+00  7.3399928090e+00
    4.1300000000e+00  3.8722345490e+00  1.0192194320e+00  3.4874087990e+00  6.2025640720e+00  6.3557259930e+00  7.3298675150e+00
    4.1400000000e+00  3.8345379110e+00  1.0262344430e+00  3.4629825340e+00  6.2146600810e+00  6.3147194950e+00  7.3203369940e+00
    4.1500000000e+00  3.7953650690e+00  1.0344366470e+00  3.4400843270e+00  6.2259146410e+00  6.2760839970e+00  7.3116402610e+00
    4.1600000000e+00  3.7547469160e+00  1.0436017760e+00  3.4185928990e+00  6.2361288980e+00  6.2399166020e+00  7.3040072020e+00
    4.1700000000e+00  3.7127427240e+00  1.0534805600e+00  3.3983438430e+00  6.2451011170e+00  6.2062884080e+00  7.2976462820e+00
    4.1800000000e+00  3.6694432510e+00  1.0638049110e+00  3.3791372960e+00  6.2526320760e+00  6.1752370020e+00  7.2927349620e+00
    4.1900000000e+00  3.6249719120e+00  1.0742958990e+00  3.3607475950e+00  6.2585321460e+00  6.1467616640e+00  7.2894137370e+00
    4.2000000000e+00  3.5794832370e+00  1.0846722120e+00  3.3429331970e+00  6.2626289410e+00  6.1208213710e+00  7.2877839160e+00
    4.2100000000e+00  3.5331585780e+00  1.0946580650e+00  3.3254454130e+00  6.2647741730e+00  6.0973351350e+00  7.2879084980e+00
    4.2200000000e+00  3.4861997280e+00  1.1039900190e+00  3.3080350790e+00  6.2648484620e+00  6.0761838380e+00  7.2898149560e+00
    4.2300000000e+00  3.4388217460e+00  1.1124227420e+00  3.2904570740e+00  6.2627634230e+00  6.0572127950e+00  7.2934986000e+00
    4.2400000000e+00  3.3912463510e+00  1.1197341330e+00  3.2724732520e+00  6.2584611320e+00  6.0402345790e+00  7.2989255540e+00
    4.2500000000e+00  3.3436970170e+00  1.1257303360e+00  3.2538547220e+00  6.2519117980e+00  6.0250321080e+00  7.3060349590e+00
    4.2600000000e+00  3.2963961990e+00  1.1302509720e+00  3.2343842290e+00  6.2431108670e+00  6.0113624620e+00  7.3147407540e+00
    4.2700000000e+00  3.2495644010e+00  1.1331744090e+00  3.2138588600e+00  6.2320767830e+00  5.9989620510e+00  7.3249337430e+00
    4.2800000000e+00  3.2034202280e+00  1.1344224150e+00  3.1920926320e+00  6.2188502030e+00  5.9875536350e+00  7.3364845780e+00
    4.2900000000e+00  3.1581803640e+00  1.1339631760e+00  3.1689180490e+00  6.2034948640e+00  5.9768551610e+00  7.3492477100e+00
    4.3000000000e+00  3.1140584910e+00  1.1318117520e+00  3.1441858640e+00  6.1860997590e+00  5.9665898120e+00  7.3630656340e+00
    4.3100000000e+00  3.0712625540e+00  1.1280273800e+00  3.1177628190e+00  6.1667818510e+00  5.9564960990e+00  7.3777721890e+00
    4.3200000000e+00  3.0299901740e+00  1.1227077780e+00  3.0895280180e+00  6.1456884710e+00  5.9463366830e+00  7.3931936630e+00
    4.3300000000e+00  2.9904224040e+00  1.1159811780e+00  3.0593693570e+00  6.1229985300e+00  5.9359047450e+00  7.4091469280e+00
    4.3400000000e+00  2.9527163290e+00  1.1079973350e+00  3.0271817570e+00  6.0989218920e+00  5.9250272940e+00  7.4254347350e+00
    4.3500000000e+00  2.9169971810e+00  1.0989188620e+00  2.9928687570e+00  6.0736964570e+00  5.9135654090e+00  7.4418392490e+00
    4.3600000000e+00  2.8833507730e+00  1.0889140290e+00  2.9563484020e+00  6.0475827700e+00  5.9014120330e+00  7.4581156100e+00
    4.3700000000e+00  2.8518170540e+00  1.0781517350e+00  2.9175634500e+00  6.0208562480e+00  5.8884883640e+00  7.4739877140e+00
    4.3800000000e+00  2.8223855320e+00  1.0667987760e+00  2.8764949090e+00  5.9937973520e+00  5.8747400450e+00  7.4891483280e+00
    4.3900000000e+00  2.7949931920e+00  1.0550189390e+00  2.8331769780e+00  5.9666802230e+00  5.8601342270e+00  7.5032652380e+00
    4.4000000000e+00  2.7695254100e+00  1.0429730020e+00  2.7877106200e+00  5.9397605050e+00  5.8446581990e+00  7.5159942480e+00
    4.4100000000e+00  2.7458201290e+00  1.0308184650e+00  2.7402726370e+00  5.9132632030e+00  5.8283196660e+00  7.5269985260e+00
    4.4200000000e+00  2.7236753520e+00  1.0187080170e+00  2.6911172990e+00  5.8873715700e+00  5.8111481140e+00  7.5359723210e+00
    4.4300000000e+00  2.7028596490e+00  1.0067861700e+00  2.6405686340e+00  5.8622180330e+00  5.7931961980e+00  7.5426656320e+00
    4.4400000000e+00  2.6831250100e+00  9.9518422700e-01  2.5890032330e+00  5.8378780880e+00  5.7745399360e+00  7.5469056090e+00
    4.4500000000e+00  2.6642210280e+00  9.8401442800e-01  2.5368255030e+00  5.8143678180e+00  5.7552767570e+00  7.5486106640e+00
    4.4600000000e+00  2.6459092470e+00  9.7336449100e-01  2.4844391110e+00  5.7916452410e+00  5.7355210690e+00  7.5477945520e+00
    4.4700000000e+00  2.6279765190e+00  9.6329381600e-01  2.4322192390e+00  5.7696152700e+00  5.7153977300e+00  7.5445597640e+00
    4.4800000000e+00  2.6102464910e+00  9.5383218500e-01  2.3804899940e+00  5.7481376770e+00  5.6950344130e+00  7.5390818270e+00
    4.4900000000e+00  2.5925886700e+00  9.4498115600e-01  2.3295099340e+00  5.7270373180e+00  5.6745540800e+00  7.5315878300e+00
    4.5000000000e+00  2.5749248440e+00  9.3671776700e-01  2.2794667210e+00  5.7061159030e+00  5.6540687100e+00  7.5223332610e+00
    4.5100000000e+00  2.5572327450e+00  9.2899967000e-01  2.2304799550e+00  5.6851647590e+00  5.6336749920e+00  7.5115809380e+00
    4.5200000000e+00  2.5395468770e+00  9.2177070300e-01  2.1826098520e+00  5.6639780810e+00  5.6134522200e+00  7.4995846950e+00
    4.5300000000e+00  2.5219563620e+00  9.1496596400e-01  2.1358688160e+00  5.6423661810e+00  5.5934621230e+00  7.4865789620e+00
    4.5400000000e+00  2.5045997100e+00  9.0851575300e-01  2.0902330980e+00  5.6201680570e+00  5.5737500390e+00  7.4727739790e+00
    4.5500000000e+00  2.4876566260e+00  9.0234812300e-01  2.0456524740e+00  5.5972624460e+00  5.5543466770e+00  7.4583552950e+00
    4.5600000000e+00  2.4713372880e+00  8.9639012400e-01  2.0020568390e+00  5.5735765510e+00  5.5352697470e+00  7.4434856990e+00
    4.5700000000e+00  2.4558698660e+00  8.9056810900e-01  1.9593595780e+00  5.5490917620e+00  5.5165248910e+00  7.4283076700e+00
    4.5800000000e+00  2.4414872370e+00  8.8480766800e-01  1.9174584050e+00  5.5238460820e+00  5.4981055500e+00  7.4129447380e+00
    4.5900000000e+00  2.4284138340e+00  8.7903384700e-01  1.8762348910e+00  5.4979332920e+00  5.4799916850e+00  7.3975007570e+00
    4.6000000000e+00  2.4168534110e+00  8.7317238100e-01  1.8355541890e+00  5.4714992240e+00  5.4621475490e+00  7.3820567310e+00
    4.6100000000e+00  2.4069782350e+00  8.6715254400e-01  1.7952664320e+00  5.4447356040e+00  5.4445190900e+00  7.3666656280e+00
    4.6200000000e+00  2.3989200400e+00  8.6091196000e-01  1.7552109270e+00  5.4178719260e+00  5.4270318770e+00  7.3513462450e+00
    4.6300000000e+00  2.3927629720e+00  8.5440324100e-01  1.7152236720e+00  5.3911657460e+00  5.4095906790e+00  7.3360776630e+00
    4.6400000000e+00  2.3885387760e+00  8.4760169900e-01  1.6751479310e+00  5.3648917780e+00  5.3920817100e+00  7.3207959610e+00
    4.6500000000e+00  2.3862244690e+00  8.4051285300e-01  1.6348468700e+00  5.3393302070e+00  5.3743781770e+00  7.3053946570e+00
    4.6600000000e+00  2.3857427180e+00  8.3317819600e-01  1.5942166100e+00  5.3147548030e+00  5.3563490600e+00  7.2897297990e+00
    4.6700000000e+00  2.3869649520e+00  8.2567781100e-01  1.5531977790e+00  5.2914215190e+00  5.3378703020e+00  7.2736298610e+00
    4.6800000000e+00  2.3897170320e+00  8.1812891100e-01  1.5117836080e+00  5.2695583230e+00  5.3188369980e+00  7.2569098010e+00
    4.6900000000e+00  2.3937869960e+00  8.1068015800e-01  1.4700230400e+00  5.2493569120e+00  5.2991748950e+00  7.2393878390e+00
    4.7000000000e+00  2.3989342220e+00  8.0350228900e-01  1.4280179070e+00  5.2309667680e+00  5.2788496790e+00  7.2209029660e+00
    4.7100000000e+00  2.4048992280e+00  7.9677612600e-01  1.3859141360e+00  5.2144917600e+00  5.2578729330e+00  7.2013309110e+00
    4.7200000000e+00  2.4114133210e+00  7.9067926300e-01  1.3438878040e+00  5.1999891890e+00  5.2363042130e+00  7.1805963990e+00
    4.7300000000e+00  2.4182074390e+00  7.8537268200e-01  1.3021276650e+00  5.1874708970e+00  5.2142491460e+00  7.1586799870e+00
    4.7400000000e+00  2.4250197510e+00  7.8098840300e-01  1.2608163440e+00  5.1769058840e+00  5.1918538350e+00  7.1356184620e+00
    4.7500000000e+00  2.4316019000e+00  7.7761907400e-01  1.2201126560e+00  5.1682237490e+00  5.1692959990e+00  7.1114986880e+00
    4.7600000000e+00  2.4377240830e+00  7.7531028400e-01  1.1801374190e+00  5.1613183970e+00  5.1467734800e+00  7.0864457450e+00
    4.7700000000e+00  2.4431794130e+00  7.7405626400e-01  1.1409647160e+00  5.1560516800e+00  5.1244908470e+00  7.0606070940e+00
    4.7800000000e+00  2.4477880600e+00  7.7379950100e-01  1.1026196880e+00  5.1522569880e+00  5.1026450640e+00  7.0341352520e+00
    4.7900000000e+00  2.4514015190e+00  7.7443453600e-01  1.0650828300e+00  5.1497431120e+00  5.0814113950e+00  7.0071717290e+00
    4.8000000000e+00  2.4539070940e+00  7.7581586000e-01  1.0282994940e+00  5.1482989190e+00  5.0609308430e+00  6.9798347820e+00
    4.8100000000e+00  2.4552322830e+00  7.7776932000e-01  9.9219228200e-01  5.1476993710e+00  5.0413004490e+00  6.9522126080e+00
    4.8200000000e+00  2.4553484590e+00  7.8010597000e-01  9.5667352600e-01  5.1477132500e+00  5.0225675530e+00  6.9243623580e+00
    4.8300000000e+00  2.4542729790e+00  7.8263689500e-01  9.2165532900e-01  5.1481126210e+00  5.0047286570e+00  6.8963139410e+00
    4.8400000000e+00  2.4520688470e+00  7.8518731600e-01  8.8705549500e-01  5.1486836580e+00  4.9877329560e+00  6.8680765360e+00
    4.8500000000e+00  2.4488411310e+00  7.8760843300e-01  8.5279902900e-01  5.1492379850e+00  4.9714898760e+00  6.8396453540e+00
    4.8600000000e+00  2.4447297480e+00  7.8978581200e-01  8.1881609500e-01  5.1496233080e+00  4.9558794020e+00  6.8110064350e+00
    4.8700000000e+00  2.4398987430e+00  7.9164382900e-01  7.8503821700e-01  5.1497318870e+00  4.9407636490e+00  6.7821381660e+00
    4.8800000000e+00  2.4345228730e+00  7.9314637100e-01  7.5139482600e-01  5.1495054560e+00  4.9259981540e+00  6.7530092530e+00
    4.8900000000e+00  2.4287729160e+00  7.9429459600e-01  7.1781201500e-01  5.1489355680e+00  4.9114417500e+00  6.7235739730e+00
    4.9000000000e+00  2.4228015360e+00  7.9512282200e-01  6.8421468000e-01  5.1480590300e+00  4.8969644810e+00  6.6937662400e+00
    4.9100000000e+00  2.4167316030e+00  7.9569356600e-01  6.5053236500e-01  5.1469489350e+00  4.8824536080e+00  6.6634944270e+00
    4.9200000000e+00  2.4106484370e+00  7.9609233400e-01  6.1670815000e-01  5.1457026050e+00  4.8678181990e+00  6.6326387500e+00
    4.9300000000e+00  2.4045967460e+00  7.9642230900e-01  5.8270918400e-01  5.1444282720e+00  4.8529928610e+00  6.6010525830e+00
    4.9400000000e+00  2.3985820970e+00  7.9679859600e-01  5.4853691800e-01  5.1432323820e+00  4.8379409580e+00  6.5685682540e+00
    4.9500000000e+00  2.3925759900e+00  7.9734157200e-01  5.1423504800e-01  5.1422090580e+00  4.8226572030e+00  6.5350069680e+00
    4.9600000000e+00  2.3865231590e+00  7.9816901700e-01  4.7989349000e-01  5.1414325510e+00  4.8071690340e+00  6.5001915900e+00
    4.9700000000e+00  2.3803496870e+00  7.9938719200e-01  4.4564743300e-01  5.1409528000e+00  4.7915359360e+00  6.4639604220e+00
    4.9800000000e+00  2.3739708210e+00  8.0108160800e-01  4.1167145200e-01  5.1407936220e+00  4.7758459110e+00  6.4261798030e+00
    4.9900000000e+00  2.3672978630e+00  8.0330866800e-01  3.7816963200e-01  5.1409527910e+00  4.7602087330e+00  6.3867536080e+00
    5.0000000000e+00  2.3602439790e+00  8.0608960400e-01  3.4536340000e-01  5.1414032340e+00  4.7447462730e+00  6.3456283310e+00
    5.0100000000e+00  2.3527290890e+00  8.0940787900e-01  3.1347919200e-01  5.1420948020e+00  4.7295808300e+00  6.3027933530e+00
    5.0200000000e+00  2.3446841950e+00  8.1321076800e-01  2.8273795100e-01  5.1429563470e+00  4.7148229440e+00  6.2582770410e+00
    5.0300000000e+00  2.3360554360e+00  8.1741508200e-01  2.5334790800e-01  5.1438981000e+00  4.7005603380e+00  6.2121401080e+00
    5.0400000000e+00  2.3268080460e+00  8.2191632000e-01  2.2550119900e-01  5.1448145800e+00  4.6868494700e+00  6.1644681390e+00
    5.0500000000e+00  2.3169301840e+00  8.2660002300e-01  1.9937388900e-01  5.1455882860e+00  4.6737107370e+00  6.1153651310e+00
    5.0600000000e+00  2.3064363890e+00  8.3135381700e-01  1.7512818900e-01  5.1460944410e+00  4.6611277520e+00  6.0649493570e+00
    5.0700000000e+00  2.2953702860e+00  8.3607869600e-01  1.5291524800e-01  5.1462069200e+00  4.6490505130e+00  6.0133520580e+00
    5.0800000000e+00  2.2838060130e+00  8.4069836400e-01  1.3287694300e-01  5.1458053470e+00  4.6374017860e+00  5.9607186080e+00
    5.0900000000e+00  2.2718477800e+00  8.4516584600e-01  1.1514556100e-01  5.1447830790e+00  4.6260857280e+00  5.9072110620e+00
    5.1000000000e+00  2.2596270410e+00  8.4946701300e-01  9.9840972000e-02  5.1430554970e+00  4.6149976610e+00  5.8530106770e+00
    5.1100000000e+00  2.2472969660e+00  8.5362106600e-01  8.7065682000e-02  5.1405677120e+00  4.6040339830e+00  5.7983189880e+00
    5.1200000000e+00  2.2350243470e+00  8.5767830400e-01  7.6898793000e-02  5.1373005680e+00  4.5931013670e+00  5.7433564600e+00
    5.1300000000e+00  2.2229796100e+00  8.6171566500e-01  6.9390240000e-02  5.1332738930e+00  4.5821246310e+00  5.6883583880e+00
    5.1400000000e+00  2.2113261570e+00  8.6583060900e-01  6.4556634000e-02  5.1285463060e+00  4.5710528980e+00  5.6335684210e+00
    5.1500000000e+00  2.2002104780e+00  8.7013389500e-01  6.2379678000e-02  5.1232115510e+00  4.5598638000e+00  5.5792307330e+00
    5.1600000000e+00  2.1897543840e+00  8.7474178200e-01  6.2807486000e-02  5.1173920260e+00  4.5485656650e+00  5.5255821350e+00
    5.1700000000e+00  2.1800501580e+00  8.7976814100e-01  6.5758454000e-02  5.1112307710e+00  4.5371976620e+00  5.4728454050e+00
    5.1800000000e+00  2.1711587160e+00  8.8531697400e-01  7.1126812000e-02  5.1048833070e+00  4.5258280160e+00  5.4212247620e+00
    5.1900000000e+00  2.1631101850e+00  8.9147578500e-01  7.8788684000e-02  5.0985105160e+00  4.5145504780e+00  5.3709038230e+00
    5.2000000000e+00  2.1559058470e+00  8.9831019500e-01  8.8607551000e-02  5.0922731970e+00  4.5034793660e+00  5.3220458070e+00
    5.2100000000e+00  2.1495203950e+00  9.0586011500e-01  1.0043829800e-01  5.0863282690e+00  4.4927435770e+00  5.2747953090e+00
    5.2200000000e+00  2.1439036890e+00  9.1413764800e-01  1.1412950000e-01  5.0808260800e+00  4.4824800700e+00  5.2292807200e+00
    5.2300000000e+00  2.1389817380e+00  9.2312671500e-01  1.2952404500e-01  5.0759079810e+00  4.4728273070e+00  5.1856163690e+00
    5.2400000000e+00  2.1346571570e+00  9.3278430100e-01  1.4645860200e-01  5.0717034090e+00  4.4639191530e+00  5.1439037160e+00
    5.2500000000e+00  2.1308097600e+00  9.4304298600e-01  1.6476264700e-01  5.0683260030e+00  4.4558796260e+00  5.1042312110e+00
    5.2600000000e+00  2.1272981080e+00  9.5381439400e-01  1.8425782200e-01  5.0658688050e+00  4.4488187360e+00  5.0666728710e+00
    5.2700000000e+00  2.1239627160e+00  9.6499311900e-01  2.0475827800e-01  5.0643990390e+00  4.4428295040e+00  5.0312859420e+00
    5.2800000000e+00  2.1206312620e+00  9.7646076600e-01  2.2607236200e-01  5.0639533510e+00  4.4379860470e+00  4.9981083170e+00
    5.2900000000e+00  2.1171256270e+00  9.8808987600e-01  2.4800564500e-01  5.0645344760e+00  4.4343425550e+00  4.9671564560e+00
    5.3000000000e+00  2.1132701400e+00  9.9974761500e-01  2.7036489900e-01  5.0661101690e+00  4.4319329600e+00  4.9384244450e+00
    5.3100000000e+00  2.1089000040e+00  1.0112992290e+00  2.9296232600e-01  5.0686148200e+00  4.4307711470e+00  4.9118845610e+00
    5.3200000000e+00  2.1038688110e+00  1.0226112380e+00  3.1561930700e-01  5.0719536930e+00  4.4308516700e+00  4.8874892660e+00
    5.3300000000e+00  2.0980541840e+00  1.0335543390e+00  3.3816905700e-01  5.0760091860e+00  4.4321509110e+00  4.8651741820e+00
    5.3400000000e+00  2.0913609800e+00  1.0440059450e+00  3.6045795200e-01  5.0806481920e+00  4.4346286320e+00  4.8448613820e+00
    5.3500000000e+00  2.0837219880e+00  1.0538523330e+00  3.8234568300e-01  5.0857295260e+00  4.4382298350e+00  4.8264623450e+00
    5.3600000000e+00  2.0750964820e+00  1.0629903690e+00  4.0370466400e-01  5.0911105500e+00  4.4428868310e+00  4.8098801860e+00
    5.3700000000e+00  2.0654672600e+00  1.0713288520e+00  4.2441917500e-01  5.0966524670e+00  4.4485214940e+00  4.7950110600e+00
    5.3800000000e+00  2.0548368050e+00  1.0787894340e+00  4.4438463000e-01  5.1022241080e+00  4.4550476580e+00  4.7817448900e+00
    5.3900000000e+00  2.0432230650e+00  1.0853070310e+00  4.6350712700e-01  5.1077042610e+00  4.4623736590e+00  4.7699656570e+00
    5.4000000000e+00  2.0306551730e+00  1.0908295910e+00  4.8170332100e-01  5.1129826480e+00  4.4704048590e+00  4.7595514040e+00
    5.4100000000e+00  2.0171693440e+00  1.0953171570e+00  4.9890066000e-01  5.1179595990e+00  4.4790458940e+00  4.7503740330e+00
    5.4200000000e+00  2.0028052650e+00  1.0987403400e+00  5.1503810900e-01  5.1225443900e+00  4.4882022600e+00  4.7422989350e+00
    5.4300000000e+00  1.9876034470e+00  1.1010785940e+00  5.3006755500e-01  5.1266522990e+00  4.4977809670e+00  4.7351846350e+00
    5.4400000000e+00  1.9716041150e+00  1.1023188910e+00  5.4395606200e-01  5.1302006730e+00  4.5076901970e+00  4.7288828290e+00
    5.4500000000e+00  1.9548481270e+00  1.1024553810e+00  5.5668887400e-01  5.1331046470e+00  4.5178383610e+00  4.7232393530e+00
    5.4600000000e+00  1.9373801220e+00  1.1014903400e+00  5.6827272700e-01  5.1352734200e+00  4.5281333020e+00  4.7180965970e+00
    5.4700000000e+00  1.9192536170e+00  1.0994361910e+00  5.7873873300e-01  5.1366081310e+00  4.5384825520e+00  4.7132976380e+00
    5.4800000000e+00  1.9005373150e+00  1.0963177720e+00  5.8814392400e-01  5.1370021650e+00  4.5487953220e+00  4.7086918890e+00
    5.4900000000e+00  1.8813214900e+00  1.0921736730e+00  5.9657073400e-01  5.1363443970e+00  4.5589863070e+00  4.7041415960e+00
    5.5000000000e+00  1.8617232140e+00  1.0870555170e+00  6.0412413400e-01  5.1345252830e+00  4.5689806360e+00  4.6995281720e+00
    5.5100000000e+00  1.8418892540e+00  1.0810246020e+00  6.1092665400e-01  5.1314452260e+00  4.5787186680e+00  4.6947573100e+00
    5.5200000000e+00  1.8219958520e+00  1.0741461380e+00  6.1711207600e-01  5.1270241850e+00  4.5881591360e+00  4.6897621010e+00
    5.5300000000e+00  1.8022450340e+00  1.0664821540e+00  6.2281882900e-01  5.1212112600e+00  4.5972794510e+00  4.6845038640e+00
    5.5400000000e+00  1.7828576290e+00  1.0580846690e+00  6.2818408000e-01  5.1139929480e+00  4.6060727240e+00  4.6789709800e+00
    5.5500000000e+00  1.7640636690e+00  1.0489907430e+00  6.3333920600e-01  5.1053989500e+00  4.6145419580e+00  4.6731764350e+00
    5.5600000000e+00  1.7460911810e+00  1.0392205450e+00  6.3840680800e-01  5.0955047140e+00  4.6226926500e+00  4.6671550070e+00
    5.5700000000e+00  1.7291546510e+00  1.0287788400e+00  6.4349895200e-01  5.0844303570e+00  4.6305254040e+00  4.6609608870e+00
    5.5800000000e+00  1.7134444530e+00  1.0176594040e+00  6.4871593200e-01  5.0723361100e+00  4.6380301530e+00  4.6546662160e+00
    5.5900000000e+00  1.6991183850e+00  1.0058511950e+00  6.5414473900e-01  5.0594149350e+00  4.6451830480e+00  4.6483605230e+00
    5.6000000000e+00  1.6862960920e+00  9.9334481200e-01  6.5985657600e-01  5.0458833230e+00  4.6519464050e+00  4.6421505770e+00
    5.6100000000e+00  1.6750566540e+00  9.8013781600e-01  6.6590309600e-01  5.0319715060e+00  4.6582712670e+00  4.6361598850e+00
    5.6200000000e+00  1.6654391010e+00  9.6623797100e-01  6.7231157400e-01  5.0179142450e+00  4.6641015930e+00  4.6305269270e+00
    5.6300000000e+00  1.6574451700e+00  9.5166408800e-01  6.7907962000e-01  5.0039430830e+00  4.6693788230e+00  4.6254014580e+00
    5.6400000000e+00  1.6510434110e+00  9.3644481500e-01  6.8617041800e-01  4.9902805210e+00  4.6740456330e+00  4.6209385570e+00
    5.6500000000e+00  1.6461737300e+00  9.2061618200e-01  6.9350947700e-01  4.9771361500e+00  4.6780481010e+00  4.6172906120e+00
    5.6600000000e+00  1.6427516300e+00  9.0421896000e-01  7.0098375100e-01  4.9647043800e+00  4.6813359950e+00  4.6145978720e+00
    5.6700000000e+00  1.6406717160e+00  8.8729683100e-01  7.0844360000e-01  4.9531632170e+00  4.6838614850e+00  4.6129784730e+00
    5.6800000000e+00  1.6398103920e+00  8.6989611200e-01  7.1570768700e-01  4.9426734380e+00  4.6855769670e+00  4.6125189450e+00
    5.6900000000e+00  1.6400279510e+00  8.5206728500e-01  7.2257054000e-01  4.9333776780e+00  4.6864330390e+00  4.6132661170e+00
    5.7000000000e+00  1.6411704970e+00  8.3386807700e-01  7.2881223700e-01  4.9253991270e+00  4.6863776190e+00  4.6152211570e+00
    5.7100000000e+00  1.6430722030e+00  8.1536729000e-01  7.3420954300e-01  4.9188398590e+00  4.6853569900e+00  4.6183362710e+00
    5.7200000000e+00  1.6455583190e+00  7.9664831400e-01  7.3854770400e-01  4.9137791060e+00  4.6833190110e+00  4.6225143690e+00
    5.7300000000e+00  1.6484490830e+00  7.7781123800e-01  7.4163208600e-01  4.9102720270e+00  4.6802182100e+00  4.6276117800e+00
    5.7400000000e+00  1.6515643820e+00  7.5897276800e-01  7.4329883700e-01  4.9083495810e+00  4.6760219310e+00  4.6334439180e+00
    5.7500000000e+00  1.6547286130e+00  7.4026364800e-01  7.4342376400e-01  4.9080199940e+00  4.6707165050e+00  4.6397935250e+00
    5.7600000000e+00  1.6577749300e+00  7.2182377000e-01  7.4192876900e-01  4.9092719780e+00  4.6643123930e+00  4.6464209360e+00
    5.7700000000e+00  1.6605480160e+00  7.0379556400e-01  7.3878533500e-01  4.9120794000e+00  4.6568474840e+00  4.6530755480e+00
    5.7800000000e+00  1.6629047290e+00  6.8631647900e-01  7.3401488900e-01  4.9164066300e+00  4.6483880730e+00  4.6595075750e+00
    5.7900000000e+00  1.6647124460e+00  6.6951144500e-01  7.2768618700e-01  4.9222135080e+00  4.6390273770e+00  4.6654791530e+00
    5.8000000000e+00  1.6658454750e+00  6.5348614900e-01  7.1991016900e-01  4.9294589390e+00  4.6288817830e+00  4.6707740200e+00
    5.8100000000e+00  1.6661803700e+00  6.3832181000e-01  7.1083294400e-01  4.9381023690e+00  4.6180852730e+00  4.6752052480e+00
    5.8200000000e+00  1.6655911670e+00  6.2407190900e-01  7.0062760100e-01  4.9481029910e+00  4.6067826700e+00  4.6786207870e+00
    5.8300000000e+00  1.6639454730e+00  6.1076106900e-01  6.8948545800e-01  4.9594169380e+00  4.5951223910e+00  4.6809068400e+00
    5.8400000000e+00  1.6611019920e+00  5.9838608100e-01  6.7760724400e-01  4.9719930960e+00  4.5832494200e+00  4.6819891830e+00
    5.8500000000e+00  1.6569097240e+00  5.8691882400e-01  6.6519457500e-01  4.9857682290e+00  4.5712991190e+00  4.6818326050e+00
    5.8600000000e+00  1.6512087450e+00  5.7631071000e-01  6.5244200600e-01  5.0006619650e+00  4.5593924160e+00  4.6804386410e+00
    5.8700000000e+00  1.6438323720e+00  5.6649809100e-01  6.3952995400e-01  5.0165720170e+00  4.5476327500e+00  4.6778417140e+00
    5.8800000000e+00  1.6346105310e+00  5.5740796800e-01  6.2661879000e-01  5.0333698030e+00  4.5361049920e+00  4.6741038870e+00
    5.8900000000e+00  1.6233742390e+00  5.4896326100e-01  6.1384443900e-01  5.0508965730e+00  4.5248762590e+00  4.6693084740e+00
    5.9000000000e+00  1.6099612170e+00  5.4108697500e-01  6.0131577000e-01  5.0689601590e+00  4.5139982520e+00  4.6635528830e+00
    5.9100000000e+00  1.5942227100e+00  5.3370481400e-01  5.8911397700e-01  5.0873325590e+00  4.5035104910e+00  4.6569412340e+00
    5.9200000000e+00  1.5760315480e+00  5.2674614200e-01  5.7729394500e-01  5.1057486820e+00  4.4934436540e+00  4.6495773170e+00
    5.9300000000e+00  1.5552914610e+00  5.2014358900e-01  5.6588738300e-01  5.1239067350e+00  4.4838223580e+00  4.6415584730e+00
    5.9400000000e+00  1.5319474490e+00  5.1383183200e-01  5.5490735900e-01  5.1414708630e+00  4.4746669460e+00  4.6329708400e+00
    5.9500000000e+00  1.5059967260e+00  5.0774616800e-01  5.4435371300e-01  5.1580767950e+00  4.4659942610e+00  4.6238862700e+00
    5.9600000000e+00  1.4774993140e+00  5.0182130700e-01  5.3421885400e-01  5.1733411470e+00  4.4578176210e+00  4.6143610460e+00
    5.9700000000e+00  1.4465868810e+00  4.9599056100e-01  5.2449338500e-01  5.1868747210e+00  4.4501463770e+00  4.6044363560e+00
    5.9800000000e+00  1.4134681280e+00  4.9018533200e-01  5.1517110000e-01  5.1982994780e+00  4.4429853130e+00  4.5941404140e+00
    5.9900000000e+00  1.3784291300e+00  4.8433473900e-01  5.0625288900e-01  5.2072680210e+00  4.4363339600e+00  4.5834919370e+00
    6.0000000000e+00  1.3418275610e+00  4.7836525400e-01  4.9774919300e-01  5.2134836750e+00  4.4301857130e+00  4.5725046090e+00
    6.0100000000e+00  1.3040806640e+00  4.7220042100e-01  4.8968073100e-01  5.2167188620e+00  4.4245265300e+00  4.5611920270e+00
    6.0200000000e+00  1.2656478100e+00  4.6576091300e-01  4.8207738400e-01  5.2168295570e+00  4.4193330950e+00  4.5495725060e+00
    6.0300000000e+00  1.2270092840e+00  4.5896530600e-01  4.7497539000e-01  5.2137641900e+00  4.4145704580e+00  4.5376730660e+00
    6.0400000000e+00  1.1886433740e+00  4.5173195800e-01  4.6841324000e-01  5.2075660820e+00  4.4101894450e+00  4.5255319800e+00
    6.0500000000e+00  1.1510039140e+00  4.4398223900e-01  4.6242699700e-01  5.1983693610e+00  4.4061243210e+00  4.5131994690e+00
    6.0600000000e+00  1.1145002470e+00  4.3564514600e-01  4.5704586700e-01  5.1863889610e+00  4.4022913610e+00  4.5007364770e+00
    6.0700000000e+00  1.0794812070e+00  4.2666300800e-01  4.5228883300e-01  5.1719058900e+00  4.3985890200e+00  4.4882118900e+00
    6.0800000000e+00  1.0462242200e+00  4.1699765800e-01  4.4816286500e-01  5.1552493610e+00  4.3949003110e+00  4.4756989270e+00
    6.0900000000e+00  1.0149300170e+00  4.0663611500e-01  4.4466276700e-01  5.1367776390e+00  4.3910977010e+00  4.4632715540e+00
    6.1000000000e+00  9.8572273000e-01  3.9559467000e-01  4.4177228400e-01  5.1168594550e+00  4.3870504420e+00  4.4510016530e+00
    6.1100000000e+00  9.5865451200e-01  3.8392024200e-01  4.3946576600e-01  5.0958575350e+00  4.3826336490e+00  4.4389573290e+00
    6.1200000000e+00  9.3371335600e-01  3.7168825400e-01  4.3770969300e-01  5.0741152600e+00  4.3777379650e+00  4.4272022610e+00
    6.1300000000e+00  9.1083266100e-01  3.5899682500e-01  4.3646354700e-01  5.0519467710e+00  4.3722782700e+00  4.4157956610e+00
    6.1400000000e+00  8.8990130400e-01  3.4595782100e-01  4.3567994800e-01  5.0296302390e+00  4.3661998990e+00  4.4047922220e+00
    6.1500000000e+00  8.7077341200e-01  3.3268597900e-01  4.3530429500e-01  5.0074036300e+00  4.3594811700e+00  4.3942415640e+00
    6.1600000000e+00  8.5327755500e-01  3.1928775200e-01  4.3527441600e-01  4.9854622620e+00  4.3521316920e+00  4.3841869700e+00
    6.1700000000e+00  8.3722541900e-01  3.0585157900e-01  4.3552068500e-01  4.9639576270e+00  4.3441866460e+00  4.3746635160e+00
    6.1800000000e+00  8.2242019300e-01  2.9244105100e-01  4.3596691400e-01  4.9429973170e+00  4.3356979530e+00  4.3656959440e+00
    6.1900000000e+00  8.0866475100e-01  2.7909189800e-01  4.3653205300e-01  4.9226461120e+00  4.3267237260e+00  4.3572966970e+00
    6.2000000000e+00  7.9576954700e-01  2.6581306700e-01  4.3713253800e-01  4.9029284290e+00  4.3173175990e+00  4.3494644270e+00
    6.2100000000e+00  7.8355988200e-01  2.5259155800e-01  4.3768500300e-01  4.8838322300e+00  4.3075194710e+00  4.3421831640e+00
    6.2200000000e+00  7.7188215700e-01  2.3940010100e-01  4.3810910000e-01  4.8653142940e+00  4.2973488920e+00  4.3354221040e+00
    6.2300000000e+00  7.6060875500e-01  2.2620641500e-01  4.3833028600e-01  4.8473065860e+00  4.2868018480e+00  4.3291358920e+00
    6.2400000000e+00  7.4964135800e-01  2.1298268500e-01  4.3828258200e-01  4.8297233240e+00  4.2758511400e+00  4.3232652800e+00
    6.2500000000e+00  7.3891264400e-01  1.9971394500e-01  4.3791143700e-01  4.8124683650e+00  4.2644500330e+00  4.3177381380e+00
    6.2600000000e+00  7.2838640900e-01  1.8640437800e-01  4.3717680400e-01  4.7954425780e+00  4.2525384320e+00  4.3124709870e+00
    6.2700000000e+00  7.1805619600e-01  1.7308090100e-01  4.3605639800e-01  4.7785509690e+00  4.2400505880e+00  4.3073713880e+00
    6.2800000000e+00  7.0794244000e-01  1.5979383000e-01  4.3454881800e-01  4.7617093270e+00  4.2269232600e+00  4.3023415250e+00
    6.2900000000e+00  6.9808815700e-01  1.4661481200e-01  4.3267599000e-01  4.7448500730e+00  4.2131033060e+00  4.2972831650e+00
    6.3000000000e+00  6.8855326700e-01  1.3363250300e-01  4.3048420800e-01  4.7279269460e+00  4.1985539010e+00  4.2921038450e+00
    6.3100000000e+00  6.7940780400e-01  1.2094668600e-01  4.2804317700e-01  4.7109180320e+00  4.1832587720e+00  4.2867237680e+00
    6.3200000000e+00  6.7072455200e-01  1.0866166100e-01  4.2544269300e-01  4.6938267720e+00  4.1672241860e+00  4.2810825490e+00
    6.3300000000e+00  6.6257177900e-01  9.6879708000e-02  4.2278707200e-01  4.6766807420e+00  4.1504787280e+00  4.2751448900e+00
    6.3400000000e+00  6.5500688000e-01  8.5695328000e-02  4.2018781600e-01  4.6595283740e+00  4.1330711510e+00  4.2689043150e+00
    6.3500000000e+00  6.4807156400e-01  7.5190752000e-02  4.1775535200e-01  4.6424340770e+00  4.1150668400e+00  4.2623844660e+00
    6.3600000000e+00  6.4178899000e-01  6.5432952000e-02  4.1559075800e-01  4.6254725040e+00  4.0965434400e+00  4.2556378070e+00
    6.3700000000e+00  6.3616284900e-01  5.6472151000e-02  4.1377832600e-01  4.6087227080e+00  4.0775862300e+00  4.2487419650e+00
    6.3800000000e+00  6.3117810600e-01  4.8341675000e-02  4.1237961000e-01  4.5922628730e+00  4.0582836520e+00  4.2417941870e+00
    6.3900000000e+00  6.2680290100e-01  4.1058911000e-02  4.1142935000e-01  4.5761659580e+00  4.0387233080e+00  4.2349045210e+00
    6.4000000000e+00  6.2299108200e-01  3.4627127000e-02  4.1093345400e-01  4.5604963780e+00  4.0189886040e+00  4.2281883270e+00
    6.4100000000e+00  6.1968500200e-01  2.9037925000e-02  4.1086905100e-01  4.5453075550e+00  3.9991561530e+00  4.2217587190e+00
    6.4200000000e+00  6.1681839300e-01  2.4274126000e-02  4.1118647300e-01  4.5306401270e+00  3.9792940360e+00  4.2157194580e+00
    6.4300000000e+00  6.1431931200e-01  2.0312848000e-02  4.1181293200e-01  4.5165206310e+00  3.9594609710e+00  4.2101587520e+00
    6.4400000000e+00  6.1211327700e-01  1.7128526000e-02  4.1265757600e-01  4.5029605850e+00  3.9397064110e+00  4.2051443420e+00
    6.4500000000e+00  6.1012667500e-01  1.4695616000e-02  4.1361751700e-01  4.4899560930e+00  3.9200715060e+00  4.2007201510e+00
    6.4600000000e+00  6.0829043200e-01  1.2990710000e-02  4.1458437300e-01  4.4774881400e+00  3.9005907910e+00  4.1969046880e+00
    6.4700000000e+00  6.0654379300e-01  1.1993860000e-02  4.1545083900e-01  4.4655238320e+00  3.8812943580e+00  4.1936912660e+00
    6.4800000000e+00  6.0483792000e-01  1.1689015000e-02  4.1611674400e-01  4.4540186860e+00  3.8622101800e+00  4.1910499520e+00
    6.4900000000e+00  6.0313892800e-01  1.2063592000e-02  4.1649411000e-01  4.4429200250e+00  3.8433662660e+00  4.1889310010e+00
    6.5000000000e+00  6.0142997800e-01  1.3107354000e-02  4.1651080700e-01  4.4321713150e+00  3.8247923320e+00  4.1872693380e+00
    6.5100000000e+00  5.9971208700e-01  1.4810882000e-02  4.1611260400e-01  4.4217171570e+00  3.8065208010e+00  4.1859895240e+00
    6.5200000000e+00  5.9800342800e-01  1.7163958000e-02  4.1526364700e-01  4.4115085370e+00  3.7885870800e+00  4.1850105830e+00
    6.5300000000e+00  5.9633701600e-01  2.0154176000e-02  4.1394569400e-01  4.4015078090e+00  3.7710292330e+00  4.1842501760e+00
    6.5400000000e+00  5.9475690000e-01  2.3765954000e-02  4.1215660300e-01  4.3916929040e+00  3.7538872690e+00  4.1836278210e+00
    6.5500000000e+00  5.9331314100e-01  2.7980018000e-02  4.0990862800e-01  4.3820602440e+00  3.7372023330e+00  4.1830671550e+00
    6.5600000000e+00  5.9205606300e-01  3.2773214000e-02  4.0722696200e-01  4.3726260330e+00  3.7210160600e+00  4.1824975390e+00
    6.5700000000e+00  5.9103036400e-01  3.8118431000e-02  4.0414868300e-01  4.3634257610e+00  3.7053701850e+00  4.1818554620e+00
    6.5800000000e+00  5.9026964500e-01  4.3984366000e-02  4.0072192600e-01  4.3545120240e+00  3.6903063860e+00  4.1810861830e+00
    6.5900000000e+00  5.8979182700e-01  5.0334944000e-02  3.9700487300e-01  4.3459509190e+00  3.6758661220e+00  4.1801458320e+00
    6.6000000000e+00  5.8959574300e-01  5.7128421000e-02  3.9306406900e-01  4.3378173780e+00  3.6620901390e+00  4.1790038560e+00
    6.6100000000e+00  5.8965908900e-01  6.4316381000e-02  3.8897172200e-01  4.3301898100e+00  3.6490173870e+00  4.1776453680e+00
    6.6200000000e+00  5.8993780400e-01  7.1843037000e-02  3.8480197700e-01  4.3231443690e+00  3.6366832430e+00  4.1760728280e+00
    6.6300000000e+00  5.9036695300e-01  7.9645240000e-02  3.8062650900e-01  4.3167491750e+00  3.6251172200e+00  4.1743064870e+00
    6.6400000000e+00  5.9086315400e-01  8.7653451000e-02  3.7651007200e-01  4.3110588690e+00  3.6143405650e+00  4.1723833490e+00
    6.6500000000e+00  5.9132850600e-01  9.5793688000e-02  3.7250666100e-01  4.3061099320e+00  3.6043642310e+00  4.1703547720e+00
    6.6600000000e+00  5.9165576800e-01  1.0399014800e-01  3.6865680700e-01  4.3019172830e+00  3.5951876710e+00  4.1682831590e+00
    6.6700000000e+00  5.9173435500e-01  1.1216806500e-01  3.6498612800e-01  4.2984725520e+00  3.5867986360e+00  4.1662383980e+00
    6.6800000000e+00  5.9145651800e-01  1.2025631900e-01  3.6150493300e-01  4.2957442490e+00  3.5791739240e+00  4.1642945770e+00
    6.6900000000e+00  5.9072303700e-01  1.2818945300e-01  3.5820843300e-01  4.2936797780e+00  3.5722807590e+00  4.1625272850e+00
    6.7000000000e+00  5.8944780800e-01  1.3590902300e-01  3.5507709100e-01  4.2922089410e+00  3.5660784350e+00  4.1610114550e+00
    6.7100000000e+00  5.8756095400e-01  1.4336437600e-01  3.5207681500e-01  4.2912484250e+00  3.5605198730e+00  4.1598194680e+00
    6.7200000000e+00  5.8501028400e-01  1.5051313100e-01  3.4915896400e-01  4.2907066110e+00  3.5555529200e+00  4.1590191470e+00
    6.7300000000e+00  5.8176123300e-01  1.5732162600e-01  3.4626038000e-01  4.2904881380e+00  3.5511214180e+00  4.1586713430e+00
    6.7400000000e+00  5.7779558100e-01  1.6376553700e-01  3.4330380000e-01  4.2904977220e+00  3.5471662020e+00  4.1588270100e+00
    6.7500000000e+00  5.7310943200e-01  1.6983069700e-01  3.4019904000e-01  4.2906429520e+00  3.5436262960e+00  4.1595238940e+00
    6.7600000000e+00  5.6771092600e-01  1.7551399900e-01  3.3684521900e-01  4.2908359720e+00  3.5404405400e+00  4.1607831790e+00
    6.7700000000e+00  5.6161817700e-01  1.8082412700e-01  3.3313411400e-01  4.2909941990e+00  3.5375498040e+00  4.1626065300e+00
    6.7800000000e+00  5.5485774900e-01  1.8578178500e-01  3.2895450400e-01  4.2910403620e+00  3.5348998120e+00  4.1649740110e+00
    6.7900000000e+00  5.4746387600e-01  1.9041907500e-01  3.2419716500e-01  4.2909022860e+00  3.5324444070e+00  4.1678432390e+00
    6.8000000000e+00  5.3947834900e-01  1.9477775500e-01  3.1876004700e-01  4.2905128450e+00  3.5301489520e+00  4.1711499670e+00
    6.8100000000e+00  5.3095086000e-01  1.9890623900e-01  3.1255315800e-01  4.2898104450e+00  3.5279933890e+00  4.1748100750e+00
    6.8200000000e+00  5.2193941600e-01  2.0285542500e-01  3.0550270600e-01  4.2887402610e+00  3.5259744500e+00  4.1787228050e+00
    6.8300000000e+00  5.1251036900e-01  2.0667366400e-01  2.9755418600e-01  4.2872562140e+00  3.5241065180e+00  4.1827749170e+00
    6.8400000000e+00  5.0273765500e-01  2.1040138200e-01  2.8867419200e-01  4.2853235250e+00  3.5224208140e+00  4.1868453920e+00
    6.8500000000e+00  4.9270090300e-01  2.1406601900e-01  2.7885088800e-01  4.2829214310e+00  3.5209628220e+00  4.1908102520e+00
    6.8600000000e+00  4.8248229300e-01  2.1767788700e-01  2.6809321200e-01  4.2800455840e+00  3.5197881120e+00  4.1945470400e+00
    6.8700000000e+00  4.7216222500e-01  2.2122749600e-01  2.5642910000e-01  4.2767095110e+00  3.5189569790e+00  4.1979386040e+00
    6.8800000000e+00  4.6181416800e-01  2.2468463400e-01  2.4390310500e-01  4.2729446250e+00  3.5185284860e+00  4.2008759670e+00
    6.8900000000e+00  4.5149925600e-01  2.2799927600e-01  2.3057383900e-01  4.2687983470e+00  3.5185545080e+00  4.2032603080e+00
    6.9000000000e+00  4.4126142100e-01  2.3110415500e-01  2.1651152800e-01  4.2643302210e+00  3.5190743570e+00  4.2050042300e+00
    6.9100000000e+00  4.3112392600e-01  2.3391868300e-01  2.0179581200e-01  4.2596061940e+00  3.5201104040e+00  4.2060326100e+00
    6.9200000000e+00  4.2108802600e-01  2.3635383800e-01  1.8651372300e-01  4.2546916750e+00  3.5216649760e+00  4.2062832320e+00
    6.9300000000e+00  4.1113426400e-01  2.3831764300e-01  1.7075770200e-01  4.2496442890e+00  3.5237186640e+00  4.2057073090e+00
    6.9400000000e+00  4.0122639100e-01  2.3972085000e-01  1.5462354200e-01  4.2445074280e+00  3.5262301300e+00  4.2042698420e+00
    6.9500000000e+00  3.9131744200e-01  2.4048247900e-01  1.3820820800e-01  4.2393056750e+00  3.5291373990e+00  4.2019497170e+00
    6.9600000000e+00  3.8135701100e-01  2.4053479600e-01  1.2160758200e-01  4.2340428200e+00  3.5323605870e+00  4.1987394070e+00
    6.9700000000e+00  3.7129854700e-01  2.3982734900e-01  1.0491426900e-01  4.2287027100e+00  3.5358058570e+00  4.1946442260e+00
    6.9800000000e+00  3.6110553700e-01  2.3832972800e-01  8.8215606000e-02  4.2232526090e+00  3.5393702880e+00  4.1896811040e+00
    6.9900000000e+00  3.5075574400e-01  2.3603283400e-01  7.1592043000e-02  4.2176483020e+00  3.5429472090e+00  4.1838769790e+00
    7.0000000000e+00  3.4024312800e-01  2.3294863300e-01  5.5115992000e-02  4.2118399220e+00  3.5464315360e+00  4.1772669370e+00
    7.0100000000e+00  3.2957754100e-01  2.2910851400e-01  3.8851182000e-02  4.2057775440e+00  3.5497246420e+00  4.1698922710e+00
    7.0200000000e+00  3.1878269600e-01  2.2456051500e-01  2.2852467000e-02  4.1994157670e+00  3.5527384330e+00  4.1617986380e+00
    7.0300000000e+00  3.0789305400e-01  2.1936574700e-01  7.1659550000e-03  4.1927168580e+00  3.5553983860e+00  4.1530343740e+00
    7.0400000000e+00  2.9695038700e-01  2.1359435100e-01 -8.1706270000e-03  4.1856523550e+00  3.5576454580e+00  4.1436490010e+00
    7.0500000000e+00  2.8600060200e-01  2.0732134300e-01 -2.3127399000e-02  4.1782033410e+00  3.5594368490e+00  4.1336918620e+00
    7.0600000000e+00  2.7509128400e-01  2.0062259900e-01 -3.7681576000e-02  4.1703597980e+00  3.5607457040e+00  4.1232108370e+00
    7.0700000000e+00  2.6427009300e-01  1.9357124600e-01 -5.1816414000e-02  4.1621195490e+00  3.5615598970e+00  4.1122512230e+00
    7.0800000000e+00  2.5358392800e-01  1.8623458300e-01 -6.5519826000e-02  4.1534872920e+00  3.5618800630e+00  4.1008549120e+00
    7.0900000000e+00  2.4307851900e-01  1.7867167300e-01 -7.8782745000e-02  4.1444740090e+00  3.5617170180e+00  4.0890600750e+00
    7.1000000000e+00  2.3279804400e-01  1.7093167100e-01 -9.1597470000e-02  4.1350968320e+00  3.5610887350e+00  4.0769015250e+00
    7.1100000000e+00  2.2278444600e-01  1.6305299500e-01 -1.0395633300e-01  4.1253791610e+00  3.5600169910e+00  4.0644117780e+00
    7.1200000000e+00  2.1307632400e-01  1.5506345400e-01 -1.1585101800e-01  4.1153506860e+00  3.5585238860e+00  4.0516226400e+00
    7.1300000000e+00  2.0370752700e-01  1.4698142200e-01 -1.2727280500e-01  4.1050470020e+00  3.5566284710e+00  4.0385669780e+00
    7.1400000000e+00  1.9470575600e-01  1.3881808700e-01 -1.3821375600e-01  4.0945086220e+00  3.5543438550e+00  4.0252802090e+00
    7.1500000000e+00  1.8609150900e-01  1.3058063200e-01 -1.4866869300e-01  4.0837794690e+00  3.5516751650e+00  4.0118010380e+00
    7.1600000000e+00  1.7787761400e-01  1.2227604400e-01 -1.5863753800e-01  4.0729050460e+00  3.5486187360e+00  3.9981710960e+00
    7.1700000000e+00  1.7006939000e-01  1.1391507000e-01 -1.6812746600e-01  4.0619306360e+00  3.5451627530e+00  3.9844333370e+00
    7.1800000000e+00  1.6266533900e-01  1.0551573400e-01 -1.7715428600e-01  4.0508997760e+00  3.5412893690e+00  3.9706293530e+00
    7.1900000000e+00  1.5565810600e-01  9.7105877000e-02 -1.8574255800e-01  4.0398531560e+00  3.5369780360e+00  3.9567959860e+00
    7.2000000000e+00  1.4903549200e-01  8.8724296000e-02 -1.9392418100e-01  4.0288279240e+00  3.5322096020e+00  3.9429618740e+00
    7.2100000000e+00  1.4278136600e-01  8.0420326000e-02 -2.0173547100e-01  4.0178572370e+00  3.5269705830e+00  3.9291446100e+00
    7.2200000000e+00  1.3687648100e-01  7.2251932000e-02 -2.0921306200e-01  4.0069699100e+00  3.5212570290e+00  3.9153491590e+00
    7.2300000000e+00  1.3129930500e-01  6.4282615000e-02 -2.1638923400e-01  3.9961900580e+00  3.5150775070e+00  3.9015679940e+00
    7.2400000000e+00  1.2602702100e-01  5.6577525000e-02 -2.2328742800e-01  3.9855367830e+00  3.5084549150e+00  3.8877831130e+00
    7.2500000000e+00  1.2103673400e-01  4.9199217000e-02 -2.2991870800e-01  3.9750240880e+00  3.5014270010e+00  3.8739697410e+00
    7.2600000000e+00  1.1630679400e-01  4.2203455000e-02 -2.3627982500e-01  3.9646611840e+00  3.4940455890e+00  3.8601012550e+00
    7.2700000000e+00  1.1181800000e-01  3.5635398000e-02 -2.4235325200e-01  3.9544532810e+00  3.4863746190e+00  3.8461545780e+00
    7.2800000000e+00  1.0755442700e-01  2.9526474000e-02 -2.4810925500e-01  3.9444027860e+00  3.4784871560e+00  3.8321152690e+00
    7.2900000000e+00  1.0350372700e-01  2.3892212000e-02 -2.5350971900e-01  3.9345106420e+00  3.4704615790e+00  3.8179814940e+00
    7.3000000000e+00  9.9656920000e-02  1.8731271000e-02 -2.5851317800e-01  3.9247775470e+00  3.4623772510e+00  3.8037663230e+00
    7.3100000000e+00  9.6007859000e-02  1.4025792000e-02 -2.6308027600e-01  3.9152048440e+00  3.4543100730e+00  3.7894980010e+00
    7.3200000000e+00  9.2552626000e-02  9.7430690000e-03 -2.6717887800e-01  3.9057950310e+00  3.4463283700e+00  3.7752182340e+00
    7.3300000000e+00  8.9289038000e-02  5.8383440000e-03 -2.7078810500e-01  3.8965520120e+00  3.4384895470e+00  3.7609788100e+00
    7.3400000000e+00  8.6216349000e-02  2.2583460000e-03 -2.7390077600e-01  3.8874812550e+00  3.4308378320e+00  3.7468371210e+00
    7.3500000000e+00  8.3335090000e-02 -1.0548740000e-03 -2.7652404600e-01  3.8785900440e+00  3.4234032230e+00  3.7328512930e+00
    7.3600000000e+00  8.0646913000e-02 -4.1602320000e-03 -2.7867827000e-01  3.8698878850e+00  3.4162015660e+00  3.7190756280e+00
    7.3700000000e+00  7.8154300000e-02 -7.1143270000e-03 -2.8039443100e-01  3.8613870780e+00  3.4092355310e+00  3.7055569630e+00
    7.3800000000e+00  7.5860008000e-02 -9.9687390000e-03 -2.8171061200e-01  3.8531033410e+00  3.4024962390e+00  3.6923323880e+00
    7.3900000000e+00  7.3766229000e-02 -1.2767947000e-02 -2.8266815500e-01  3.8450563800e+00  3.3959652920e+00  3.6794284720e+00
    7.4000000000e+00  7.1873458000e-02 -1.5547848000e-02 -2.8330809800e-01  3.8372702430e+00  3.3896170470e+00  3.6668619630e+00
    7.4100000000e+00  7.0179152000e-02 -1.8334831000e-02 -2.8366840200e-01  3.8297733430e+00  3.3834209960e+00  3.6546416120e+00
    7.4200000000e+00  6.8676332000e-02 -2.1145392000e-02 -2.8378228500e-01  3.8225980630e+00  3.3773441610e+00  3.6427706960e+00
    7.4300000000e+00  6.7352266000e-02 -2.3986209000e-02 -2.8367775400e-01  3.8157799320e+00  3.3713534360e+00  3.6312496860e+00
    7.4400000000e+00  6.6187392000e-02 -2.6854683000e-02 -2.8337819900e-01  3.8093564370e+00  3.3654177990e+00  3.6200785910e+00
    7.4500000000e+00  6.5154571000e-02 -2.9739879000e-02 -2.8290374900e-01  3.8033655800e+00  3.3595103510e+00  3.6092586310e+00
    7.4600000000e+00  6.4218692000e-02 -3.2623870000e-02 -2.8227299300e-01  3.7978443080e+00  3.3536101450e+00  3.5987930380e+00
    7.4700000000e+00  6.3336607000e-02 -3.5483484000e-02 -2.8150465900e-01  3.7928268960e+00  3.3477037000e+00  3.5886870170e+00
    7.4800000000e+00  6.2457359000e-02 -3.8292413000e-02 -2.8061891600e-01  3.7883433550e+00  3.3417861070e+00  3.5789470310e+00
    7.4900000000e+00  6.1522677000e-02 -4.1023591000e-02 -2.7963811100e-01  3.7844178570e+00  3.3358615780e+00  3.5695797110e+00
    7.5000000000e+00  6.0467746000e-02 -4.3651699000e-02 -2.7858690700e-01  3.7810672060e+00  3.3299433410e+00  3.5605906720e+00
    7.5100000000e+00  5.9222291000e-02 -4.6155539000e-02 -2.7749188800e-01  3.7782993790e+00  3.3240528320e+00  3.5519835150e+00
    7.5200000000e+00  5.7711978000e-02 -4.8520079000e-02 -2.7638083300e-01  3.7761122140e+00  3.3182182690e+00  3.5437591720e+00
    7.5300000000e+00  5.5860158000e-02 -5.0737973000e-02 -2.7528183600e-01  3.7744923270e+00  3.3124727600e+00  3.5359156910e+00
    7.5400000000e+00  5.3589899000e-02 -5.2810477000e-02 -2.7422249700e-01  3.7734143510e+00  3.3068521460e+00  3.5284484320e+00
    7.5500000000e+00  5.0826249000e-02 -5.4747750000e-02 -2.7322934600e-01  3.7728406080e+00  3.3013928060e+00  3.5213506070e+00
    7.5600000000e+00  4.7498633000e-02 -5.6568628000e-02 -2.7232764300e-01  3.7727212590e+00  3.2961295660e+00  3.5146139880e+00
    7.5700000000e+00  4.3543281000e-02 -5.8299951000e-02 -2.7154156500e-01  3.7729950140e+00  3.2910938310e+00  3.5082296010e+00
    7.5800000000e+00  3.8905520000e-02 -5.9975558000e-02 -2.7089474300e-01  3.7735904250e+00  3.2863120080e+00  3.5021882090e+00
    7.5900000000e+00  3.3541791000e-02 -6.1635041000e-02 -2.7041098800e-01  3.7744277470e+00  3.2818042470e+00  3.4964804690e+00
    7.6000000000e+00  2.7421187000e-02 -6.3322350000e-02 -2.7011506600e-01  3.7754213300e+00  3.2775835230e+00  3.4910967250e+00
    7.6100000000e+00  2.0526343000e-02 -6.5084344000e-02 -2.7003338200e-01  3.7764823610e+00  3.2736550430e+00  3.4860264590e+00
    7.6200000000e+00  1.2853575000e-02 -6.6969377000e-02 -2.7019448500e-01  3.7775217820e+00  3.2700159580e+00  3.4812574520e+00
    7.6300000000e+00  4.4122260000e-03 -6.9025979000e-02 -2.7062934000e-01  3.7784530960e+00  3.2666552860e+00  3.4767746920e+00
    7.6400000000e+00 -4.7766930000e-03 -7.1301632000e-02 -2.7137126700e-01  3.7791948290e+00  3.2635539590e+00  3.4725590430e+00
    7.6500000000e+00 -1.4682403000e-02 -7.3841609000e-02 -2.7245541000e-01  3.7796724620e+00  3.2606849230e+00  3.4685857480e+00
    7.6600000000e+00 -2.5266614000e-02 -7.6687741000e-02 -2.7391760500e-01  3.7798196990e+00  3.2580132630e+00  3.4648229040e+00
    7.6700000000e+00 -3.6485902000e-02 -7.9877047000e-02 -2.7579253800e-01  3.7795790420e+00  3.2554964480e+00  3.4612301820e+00
    7.6800000000e+00 -4.8294027000e-02 -8.3440153000e-02 -2.7811127300e-01  3.7789016780e+00  3.2530848320e+00  3.4577581200e+00
    7.6900000000e+00 -6.0643999000e-02 -8.7399634000e-02 -2.8089835200e-01  3.7777467490e+00  3.2507226150e+00  3.4543482770e+00
    7.7000000000e+00 -7.3489732000e-02 -9.1768445000e-02 -2.8416885600e-01  3.7760800840e+00  3.2483493840e+00  3.4509344610e+00
    7.7100000000e+00 -8.6787142000e-02 -9.6548773000e-02 -2.8792584700e-01  3.7738725470e+00  3.2459022040e+00  3.4474449980e+00
    7.7200000000e+00 -1.0049458200e-01 -1.0173153700e-01 -2.9215861600e-01  3.7710981800e+00  3.2433181090e+00  3.4438058660e+00
    7.7300000000e+00 -1.1457256100e-01 -1.0729669600e-01 -2.9684200000e-01  3.7677323570e+00  3.2405366440e+00  3.4399443400e+00
    7.7400000000e+00 -1.2898274100e-01 -1.1321430000e-01 -3.0193688300e-01  3.7637502030e+00  3.2375021450e+00  3.4357927170e+00
    7.7500000000e+00 -1.4368634900e-01 -1.1944608700e-01 -3.0739184300e-01  3.7591255570e+00  3.2341654930e+00  3.4312917170e+00
    7.7600000000e+00 -1.5864219700e-01 -1.2594732600e-01 -3.1314573100e-01  3.7538306830e+00  3.2304852210e+00  3.4263931880e+00
    7.7700000000e+00 -1.7380465300e-01 -1.3266866100e-01 -3.1913090800e-01  3.7478368770e+00  3.2264280600e+00  3.4210618610e+00
    7.7800000000e+00 -1.8912191500e-01 -1.3955778600e-01 -3.2527677400e-01  3.7411159440e+00  3.2219690290e+00  3.4152759790e+00
    7.7900000000e+00 -2.0453493000e-01 -1.4656091300e-01 -3.3151316500e-01  3.7336423760e+00  3.2170912330e+00  3.4090267770e+00
    7.8000000000e+00 -2.1997719800e-01 -1.5362403700e-01 -3.3777319900e-01  3.7253959070e+00  3.2117854320e+00  3.4023169510e+00
    7.8100000000e+00 -2.3537550400e-01 -1.6069397500e-01 -3.4399524100e-01  3.7163640830e+00  3.2060494310e+00  3.3951584120e+00
    7.8200000000e+00 -2.5065150300e-01 -1.6771913900e-01 -3.5012378200e-01  3.7065445110e+00  3.1998873150e+00  3.3875697900e+00
    7.8300000000e+00 -2.6572393700e-01 -1.7464997300e-01 -3.5610929700e-01  3.6959465180e+00  3.1933086380e+00  3.3795741560e+00
    7.8400000000e+00 -2.8051122100e-01 -1.8143903500e-01 -3.6190733100e-01  3.6845921270e+00  3.1863277180e+00  3.3711973700e+00
    7.8500000000e+00 -2.9493416100e-01 -1.8804081400e-01 -3.6747722400e-01  3.6725163360e+00  3.1789632290e+00  3.3624672790e+00
    7.8600000000e+00 -3.0891862800e-01 -1.9441148900e-01 -3.7278091500e-01  3.6597667800e+00  3.1712381990e+00  3.3534137710e+00
    7.8700000000e+00 -3.2239810100e-01 -2.0050888000e-01 -3.7778220100e-01  3.6464028630e+00  3.1631804110e+00  3.3440695130e+00
    7.8800000000e+00 -3.3531604200e-01 -2.0629280400e-01 -3.8244670600e-01  3.6324944240e+00  3.1548230370e+00  3.3344710350e+00
    7.8900000000e+00 -3.4762808200e-01 -2.1172594200e-01 -3.8674263300e-01  3.6181199300e+00  3.1462052710e+00  3.3246597930e+00
    7.9000000000e+00 -3.5930394600e-01 -2.1677518500e-01 -3.9064221300e-01  3.6033641670e+00  3.1373726800e+00  3.3146828110e+00
    7.9100000000e+00 -3.7032898200e-01 -2.2141328900e-01 -3.9412356800e-01  3.5883153800e+00  3.1283770640e+00  3.3045926030e+00
    7.9200000000e+00 -3.8070508100e-01 -2.2562060900e-01 -3.9717261100e-01  3.5730618880e+00  3.1192757170e+00  3.2944462320e+00
    7.9300000000e+00 -3.9045075800e-01 -2.2938667300e-01 -3.9978454300e-01  3.5576883190e+00  3.1101300990e+00  3.2843035560e+00
    7.9400000000e+00 -3.9960020600e-01 -2.3271139700e-01 -4.0196462500e-01  3.5422717090e+00  3.1010040040e+00  3.2742249450e+00
    7.9500000000e+00 -4.0820124700e-01 -2.3560580000e-01 -4.0372804700e-01  3.5268778210e+00  3.0919613800e+00  3.2642688760e+00
    7.9600000000e+00 -4.1631224500e-01 -2.3809213500e-01 -4.0509898900e-01  3.5115580390e+00  3.0830639620e+00  3.2544898150e+00
    7.9700000000e+00 -4.2399818100e-01 -2.4020343400e-01 -4.0610915000e-01  3.4963471830e+00  3.0743688780e+00  3.2449367080e+00
    7.9800000000e+00 -4.3132619800e-01 -2.4198244600e-01 -4.0679609800e-01  3.4812624620e+00  3.0659263950e+00  3.2356521530e+00
    7.9900000000e+00 -4.3836097200e-01 -2.4348001400e-01 -4.0720178700e-01  3.4663037230e+00  3.0577779510e+00  3.2266721810e+00
    8.0000000000e+00 -4.4516030800e-01 -2.4475298600e-01 -4.0737142400e-01  3.4514549940e+00  3.0499546570e+00  3.2180263850e+00
    8.0100000000e+00 -4.5177135200e-01 -2.4586179900e-01 -4.0735273000e-01  3.4366872330e+00  3.0424764080e+00  3.2097381600e+00
    8.0200000000e+00 -4.5822777100e-01 -2.4686798100e-01 -4.0719550400e-01  3.4219620580e+00  3.0353516960e+00  3.2018248320e+00
    8.0300000000e+00 -4.6454819800e-01 -2.4783183100e-01 -4.0695133600e-01  3.4072360990e+00  3.0285780890e+00  3.1942975600e+00
    8.0400000000e+00 -4.7073608800e-01 -2.4881049800e-01 -4.0667329000e-01  3.3924655370e+00  3.0221432200e+00  3.1871609950e+00
    8.0500000000e+00 -4.7678094600e-01 -2.4985656000e-01 -4.0641542100e-01  3.3776103330e+00  3.0160260250e+00  3.1804127410e+00
    8.0600000000e+00 -4.8266075000e-01 -2.5101706700e-01 -4.0623202000e-01  3.3626377200e+00  3.0101979980e+00  3.1740427150e+00
    8.0700000000e+00 -4.8834521000e-01 -2.5233285400e-01 -4.0617652700e-01  3.3475245830e+00  3.0046242830e+00  3.1680325250e+00
    8.0800000000e+00 -4.9379940500e-01 -2.5383794300e-01 -4.0630007600e-01  3.3322585470e+00  2.9992646170e+00  3.1623550020e+00
    8.0900000000e+00 -4.9898726500e-01 -2.5555885600e-01 -4.0664971600e-01  3.3168377370e+00  2.9940742150e+00  3.1569740460e+00
    8.1000000000e+00 -5.0387443000e-01 -2.5751384300e-01 -4.0726635900e-01  3.3012694390e+00  2.9890048000e+00  3.1518449290e+00
    8.1100000000e+00 -5.0843008100e-01 -2.5971210800e-01 -4.0818261900e-01  3.2855680570e+00  2.9840059100e+00  3.1469152130e+00
    8.1200000000e+00 -5.1262763800e-01 -2.6215320100e-01 -4.0942073700e-01  3.2697529330e+00  2.9790265360e+00  3.1421263540e+00
    8.1300000000e+00 -5.1644446200e-01 -2.6482674600e-01 -4.1099086300e-01  3.2538465680e+00  2.9740170510e+00  3.1374160170e+00
    8.1400000000e+00 -5.1986096300e-01 -2.6771260600e-01 -4.1288995300e-01  3.2378736510e+00  2.9689313370e+00  3.1327210060e+00
    8.1500000000e+00 -5.2285967900e-01 -2.7078158100e-01 -4.1510151600e-01  3.2218610140e+00  2.9637289770e+00  3.1279806000e+00
    8.1600000000e+00 -5.2542482700e-01 -2.7399669700e-01 -4.1759638500e-01  3.2058383360e+00  2.9583774070e+00  3.1231400230e+00
    8.1700000000e+00 -5.2754269900e-01 -2.7731514500e-01 -4.2033456000e-01  3.1898391900e+00  2.9528538210e+00  3.1181536700e+00
    8.1800000000e+00 -5.2920296100e-01 -2.8069086500e-01 -4.2326804700e-01  3.1739018550e+00  2.9471465970e+00  3.1129877280e+00
    8.1900000000e+00 -5.3040063000e-01 -2.8407765500e-01 -4.2634446900e-01  3.1580694280e+00  2.9412559490e+00  3.1076218120e+00
    8.2000000000e+00 -5.3113829400e-01 -2.8743250300e-01 -4.2951105600e-01  3.1423888940e+00  2.9351935560e+00  3.1020493490e+00
    8.2100000000e+00 -5.3142799400e-01 -2.9071874100e-01 -4.3271852800e-01  3.1269091060e+00  2.9289810530e+00  3.0962766310e+00
    8.2200000000e+00 -5.3129228600e-01 -2.9390854100e-01 -4.3592435000e-01  3.1116779320e+00  2.9226475100e+00  3.0903206430e+00
    8.2300000000e+00 -5.3076413600e-01 -2.9698437300e-01 -4.3909494400e-01  3.0967389840e+00  2.9162261920e+00  3.0842060270e+00
    8.2400000000e+00 -5.2988556700e-01 -2.9993922400e-01 -4.4220661200e-01  3.0821284900e+00  2.9097510790e+00  3.0779616760e+00
    8.2500000000e+00 -5.2870523400e-01 -3.0277557200e-01 -4.4524521700e-01  3.0678728120e+00  2.9032536600e+00  3.0716175270e+00
    8.2600000000e+00 -5.2727527400e-01 -3.0550335800e-01 -4.4820486100e-01  3.0539869680e+00  2.8967604630e+00  3.0652019980e+00
    8.2700000000e+00 -5.2564791100e-01 -3.0813735500e-01 -4.5108602800e-01  3.0404743510e+00  2.8902916480e+00  3.0587403740e+00
    8.2800000000e+00 -5.2387228200e-01 -3.1069445000e-01 -4.5389365700e-01  3.0273275790e+00  2.8838607680e+00  3.0522541460e+00
    8.2900000000e+00 -5.2199188700e-01 -3.1319133300e-01 -4.5663557700e-01  3.0145302520e+00  2.8774755860e+00  3.0457611110e+00
    8.3000000000e+00 -5.2004287200e-01 -3.1564299300e-01 -4.5932153600e-01  3.0020592580e+00  2.8711395870e+00  3.0392758850e+00
    8.3100000000e+00 -5.1805319500e-01 -3.1806219600e-01 -4.6196281800e-01  2.9898872420e+00  2.8648537170e+00  3.0328104050e+00
    8.3200000000e+00 -5.1604256100e-01 -3.2045985000e-01 -4.6457228400e-01  2.9779849390e+00  2.8586178320e+00  3.0263741250e+00
    8.3300000000e+00 -5.1402289600e-01 -3.2284593100e-01 -4.6716447000e-01  2.9663231750e+00  2.8524314950e+00  3.0199737500e+00
    8.3400000000e+00 -5.1199918100e-01 -3.2523052600e-01 -4.6975545300e-01  2.9548744720e+00  2.8462939580e+00  3.0136125780e+00
    8.3500000000e+00 -5.0997044700e-01 -3.2762451200e-01 -4.7236220700e-01  2.9436143130e+00  2.8402034640e+00  3.0072896940e+00
    8.3600000000e+00 -5.0793088000e-01 -3.3003959500e-01 -4.7500143300e-01  2.9325221120e+00  2.8341561840e+00  3.0009993340e+00
    8.3700000000e+00 -5.0587098400e-01 -3.3248759200e-01 -4.7768795600e-01  2.9215819790e+00  2.8281452150e+00  2.9947307550e+00
    8.3800000000e+00 -5.0377886800e-01 -3.3497911200e-01 -4.8043299200e-01  2.9107832910e+00  2.8221600510e+00  2.9884687960e+00
    8.3900000000e+00 -5.0164165700e-01 -3.3752195300e-01 -4.8324264400e-01  2.9001210290e+00  2.8161867690e+00  2.9821951930e+00
    8.4000000000e+00 -4.9944706400e-01 -3.4011960500e-01 -4.8611695500e-01  2.8895957980e+00  2.8102090310e+00  2.9758904870e+00
    8.4100000000e+00 -4.9718501700e-01 -3.4277024400e-01 -4.8904977200e-01  2.8792133930e+00  2.8042097620e+00  2.9695362440e+00
    8.4200000000e+00 -4.9484918800e-01 -3.4546649000e-01 -4.9202948800e-01  2.8689838180e+00  2.7981732280e+00  2.9631172110e+00
    8.4300000000e+00 -4.9243816000e-01 -3.4819604600e-01 -4.9504056800e-01  2.8589197700e+00  2.7920871550e+00  2.9566230410e+00
    8.4400000000e+00 -4.8995598300e-01 -3.5094318500e-01 -4.9806562200e-01  2.8490347410e+00  2.7859445220e+00  2.9500493230e+00
    8.4500000000e+00 -4.8741197100e-01 -3.5369089200e-01 -5.0108770000e-01  2.8393410160e+00  2.7797446850e+00  2.9433977430e+00
    8.4600000000e+00 -4.8481973500e-01 -3.5642337600e-01 -5.0409245400e-01  2.8298479460e+00  2.7734936230e+00  2.9366753760e+00
    8.4700000000e+00 -4.8219566000e-01 -3.5912857300e-01 -5.0706984400e-01  2.8205607860e+00  2.7672031870e+00  2.9298932290e+00
    8.4800000000e+00 -4.7955714800e-01 -3.6180023900e-01 -5.1001513400e-01  2.8114802770e+00  2.7608893970e+00  2.9230642980e+00
    8.4900000000e+00 -4.7692096700e-01 -3.6443928300e-01 -5.1292905500e-01  2.8026029600e+00  2.7545700020e+00  2.9162014390e+00
    8.5000000000e+00 -4.7430201500e-01 -3.6705404700e-01 -5.1581714900e-01  2.7939220440e+00  2.7482616710e+00  2.9093154530e+00
    8.5100000000e+00 -4.7171261500e-01 -3.6965947200e-01 -5.1868850600e-01  2.7854285660e+00  2.7419772430e+00  2.9024136510e+00
    8.5200000000e+00 -4.6916236900e-01 -3.7227525200e-01 -5.2155416100e-01  2.7771125770e+00  2.7357235450e+00  2.8954991040e+00
    8.5300000000e+00 -4.6665846600e-01 -3.7492330800e-01 -5.2442551600e-01  2.7689641350e+00  2.7295001110e+00  2.8885705700e+00
    8.5400000000e+00 -4.6420627000e-01 -3.7762503900e-01 -5.2731303400e-01  2.7609739860e+00  2.7232990180e+00  2.8816229670e+00
    8.5500000000e+00 -4.6181004000e-01 -3.8039883700e-01 -5.3022536200e-01  2.7531338810e+00  2.7171057690e+00  2.8746481440e+00
    8.5600000000e+00 -4.5947359700e-01 -3.8325824700e-01 -5.3316889800e-01  2.7454365610e+00  2.7109009980e+00  2.8676357070e+00
    8.5700000000e+00 -4.5720084800e-01 -3.8621102600e-01 -5.3614766800e-01  2.7378754860e+00  2.7046626030e+00  2.8605737090e+00
    8.5800000000e+00 -4.5499608000e-01 -3.8925911700e-01 -5.3916336100e-01  2.7304444170e+00  2.6983678910e+00  2.8534491330e+00
    8.5900000000e+00 -4.5286400400e-01 -3.9239941500e-01 -5.4221538100e-01  2.7231369670e+00  2.6919953770e+00  2.8462481810e+00
    8.6000000000e+00 -4.5080959800e-01 -3.9562505200e-01 -5.4530079800e-01  2.7159462410e+00  2.6855259800e+00  2.8389564380e+00
    8.6100000000e+00 -4.4883782500e-01 -3.9892688700e-01 -5.4841417100e-01  2.7088646440e+00  2.6789434890e+00  2.8315590320e+00
    8.6200000000e+00 -4.4695334200e-01 -4.0229486200e-01 -5.5154726800e-01  2.7018838770e+00  2.6722343610e+00  2.8240408600e+00
    8.6300000000e+00 -4.4516030500e-01 -4.0571896100e-01 -5.5468870600e-01  2.6949950830e+00  2.6653869830e+00  2.8163869590e+00
    8.6400000000e+00 -4.4346235300e-01 -4.0918960300e-01 -5.5782358900e-01  2.6881890520e+00  2.6583906910e+00  2.8085830690e+00
    8.6500000000e+00 -4.4186275600e-01 -4.1269744700e-01 -5.6093320700e-01  2.6814563480e+00  2.6512348340e+00  2.8006164110e+00
    8.6600000000e+00 -4.4036467100e-01 -4.1623274600e-01 -5.6399490100e-01  2.6747872670e+00  2.6439081850e+00  2.7924767300e+00
    8.6700000000e+00 -4.3897137800e-01 -4.1978450700e-01 -5.6698223700e-01  2.6681715480e+00  2.6363988530e+00  2.7841575650e+00
    8.6800000000e+00 -4.3768635300e-01 -4.2333978600e-01 -5.6986566100e-01  2.6615978750e+00  2.6286947010e+00  2.7756576460e+00
    8.6900000000e+00 -4.3651303900e-01 -4.2688336700e-01 -5.7261374800e-01  2.6550532280e+00  2.6207840690e+00  2.7669822280e+00
    8.7000000000e+00 -4.3545423500e-01 -4.3039791100e-01 -5.7519507400e-01  2.6485222630e+00  2.6126565190e+00  2.7581440410e+00
    8.7100000000e+00 -4.3451108300e-01 -4.3386447400e-01 -5.7758055700e-01  2.6419869070e+00  2.6043032810e+00  2.7491635470e+00
    8.7200000000e+00 -4.3368174300e-01 -4.3726311200e-01 -5.7974593500e-01  2.6354263900e+00  2.5957172520e+00  2.7400682780e+00
    8.7300000000e+00 -4.3295996100e-01 -4.4057324300e-01 -5.8167394900e-01  2.6288178870e+00  2.5868925880e+00  2.7308912070e+00
    8.7400000000e+00 -4.3233383300e-01 -4.4377355800e-01 -5.8335580600e-01  2.6221378410e+00  2.5778241180e+00  2.7216683440e+00
    8.7500000000e+00 -4.3178508000e-01 -4.4684140700e-01 -5.8479164600e-01  2.6153638770e+00  2.5685069070e+00  2.7124359150e+00
    8.7600000000e+00 -4.3128911500e-01 -4.4975182200e-01 -5.8598990300e-01  2.6084770480e+00  2.5589362780e+00  2.7032276220e+00
    8.7700000000e+00 -4.3081601900e-01 -4.5247645200e-01 -5.8696574400e-01  2.6014640680e+00  2.5491084440e+00  2.6940724080e+00
    8.7800000000e+00 -4.3033239100e-01 -4.5498274300e-01 -5.8773888600e-01  2.5943191130e+00  2.5390217860e+00  2.6849930640e+00
    8.7900000000e+00 -4.2980381800e-01 -4.5723364300e-01 -5.8833124800e-01  2.5870448410e+00  2.5286786070e+00  2.6760058040e+00
    8.8000000000e+00 -4.2919762600e-01 -4.5918802400e-01 -5.8876481800e-01  2.5796524470e+00  2.5180871380e+00  2.6671207100e+00
    8.8100000000e+00 -4.2848545500e-01 -4.6080192000e-01 -5.8906007200e-01  2.5721606820e+00  2.5072634990e+00  2.6583428300e+00
    8.8200000000e+00 -4.2764529500e-01 -4.6203054500e-01 -5.8923505800e-01  2.5645940320e+00  2.4962332850e+00  2.6496735750e+00
    8.8300000000e+00 -4.2666267500e-01 -4.6283096200e-01 -5.8930514400e-01  2.5569803380e+00  2.4850325020e+00  2.6411121190e+00
    8.8400000000e+00 -4.2553089800e-01 -4.6316515200e-01 -5.8928327700e-01  2.5493482690e+00  2.4737075780e+00  2.6326565550e+00
    8.8500000000e+00 -4.2425040300e-01 -4.6300313200e-01 -5.8918056600e-01  2.5417250330e+00  2.4623143230e+00  2.6243046820e+00
    8.8600000000e+00 -4.2282745600e-01 -4.6232571800e-01 -5.8900698800e-01  2.5341346240e+00  2.4509158100e+00  2.6160543960e+00
    8.8700000000e+00 -4.2127251600e-01 -4.6112653000e-01 -5.8877207000e-01  2.5265967470e+00  2.4395793500e+00  2.6079037220e+00
    8.8800000000e+00 -4.1959855200e-01 -4.5941292200e-01 -5.8848543000e-01  2.5191264240e+00  2.4283728810e+00  2.5998505470e+00
    8.8900000000e+00 -4.1781955400e-01 -4.5720566200e-01 -5.8815710100e-01  2.5117341270e+00  2.4173612040e+00  2.5918921620e+00
    8.9000000000e+00 -4.1594936800e-01 -4.5453740300e-01 -5.8779759900e-01  2.5044262850e+00  2.4066025600e+00  2.5840246910e+00
    8.9100000000e+00 -4.1400087100e-01 -4.5145015500e-01 -5.8741771500e-01  2.4972059710e+00  2.3961459560e+00  2.5762425170e+00
    8.9200000000e+00 -4.1198546500e-01 -4.4799214200e-01 -5.8702804900e-01  2.4900736470e+00  2.3860295510e+00  2.5685377980e+00
    8.9300000000e+00 -4.0991281700e-01 -4.4421449900e-01 -5.8663833700e-01  2.4830278650e+00  2.3762801880e+00  2.5609001710e+00
    8.9400000000e+00 -4.0779077900e-01 -4.4016822700e-01 -5.8625663400e-01  2.4760658990e+00  2.3669139870e+00  2.5533166940e+00
    8.9500000000e+00 -4.0562544300e-01 -4.3590175100e-01 -5.8588845500e-01  2.4691843040e+00  2.3579377610e+00  2.5457721020e+00
    8.9600000000e+00 -4.0342129300e-01 -4.3145924900e-01 -5.8553598600e-01  2.4623793920e+00  2.3493509190e+00  2.5382493550e+00
    8.9700000000e+00 -4.0118147400e-01 -4.2687978200e-01 -5.8519746100e-01  2.4556476420e+00  2.3411475090e+00  2.5307304780e+00
    8.9800000000e+00 -3.9890817900e-01 -4.2219714200e-01 -5.8486683100e-01  2.4489859840e+00  2.3333181470e+00  2.5231975960e+00
    8.9900000000e+00 -3.9660312400e-01 -4.1744021300e-01 -5.8453377000e-01  2.4423919100e+00  2.3258515920e+00  2.5156340760e+00
    9.0000000000e+00 -3.9426804300e-01 -4.1263365500e-01 -5.8418405100e-01  2.4358633400e+00  2.3187359240e+00  2.5080256250e+00
    9.0100000000e+00 -3.9190507600e-01 -4.0779869300e-01 -5.8380025500e-01  2.4293982080e+00  2.3119592950e+00  2.5003612190e+00
    9.0200000000e+00 -3.8951688900e-01 -4.0295389300e-01 -5.8336273200e-01  2.4229938370e+00  2.3055103550e+00  2.4926337480e+00
    9.0300000000e+00 -3.8710641600e-01 -3.9811582500e-01 -5.8285066800e-01  2.4166462420e+00  2.2993784430e+00  2.4848402980e+00
    9.0400000000e+00 -3.8467618800e-01 -3.9329962700e-01 -5.8224313300e-01  2.4103495660e+00  2.2935536490e+00  2.4769820820e+00
    9.0500000000e+00 -3.8222733100e-01 -3.8851949500e-01 -5.8151994900e-01  2.4040958720e+00  2.2880267970e+00  2.4690640530e+00
    9.0600000000e+00 -3.7975844100e-01 -3.8378913400e-01 -5.8066230800e-01  2.3978754530e+00  2.2827893660e+00  2.4610943240e+00
    9.0700000000e+00 -3.7726460300e-01 -3.7912220300e-01 -5.7965307100e-01  2.3916776800e+00  2.2778333060e+00  2.4530835300e+00
    9.0800000000e+00 -3.7473682200e-01 -3.7453270900e-01 -5.7847679900e-01  2.3854922890e+00  2.2731507290e+00  2.4450442550e+00
    9.0900000000e+00 -3.7216202300e-01 -3.7003531100e-01 -5.7711958600e-01  2.3793108440e+00  2.2687334380e+00  2.4369906620e+00
    9.1000000000e+00 -3.6952364000e-01 -3.6564543800e-01 -5.7556882400e-01  2.3731281040e+00  2.2645723320e+00  2.4289383560e+00
    9.1100000000e+00 -3.6680264200e-01 -3.6137915500e-01 -5.7381302200e-01  2.3669430390e+00  2.2606567530e+00  2.4209044850e+00
    9.1200000000e+00 -3.6397877100e-01 -3.5725275200e-01 -5.7184180700e-01  2.3607593880e+00  2.2569738860e+00  2.4129080240e+00
    9.1300000000e+00 -3.6103177800e-01 -3.5328209700e-01 -5.6964616800e-01  2.3545857760e+00  2.2535083470e+00  2.4049701240e+00
    9.1400000000e+00 -3.5794247500e-01 -3.4948183300e-01 -5.6721897700e-01  2.3484355350e+00  2.2502420390e+00  2.3971143930e+00
    9.1500000000e+00 -3.5469360800e-01 -3.4586457900e-01 -5.6455573800e-01  2.3423263670e+00  2.2471543310e+00  2.3893670020e+00
    9.1600000000e+00 -3.5127058600e-01 -3.4244024600e-01 -5.6165547200e-01  2.3362799670e+00  2.2442224970e+00  2.3817564800e+00
    9.1700000000e+00 -3.4766216800e-01 -3.3921558800e-01 -5.5852162800e-01  2.3303216430e+00  2.2414223430e+00  2.3743131720e+00
    9.1800000000e+00 -3.4386117500e-01 -3.3619399400e-01 -5.5516285500e-01  2.3244798720e+00  2.2387288700e+00  2.3670683310e+00
    9.1900000000e+00 -3.3986524400e-01 -3.3337549000e-01 -5.5159350900e-01  2.3187857120e+00  2.2361168640e+00  2.3600529150e+00
    9.2000000000e+00 -3.3567756900e-01 -3.3075683600e-01 -5.4783377300e-01  2.3132720030e+00  2.2335613530e+00  2.3532961790e+00
    9.2100000000e+00 -3.3130752600e-01 -3.2833162600e-01 -5.4390932900e-01  2.3079722940e+00  2.2310379310e+00  2.3468242340e+00
    9.2200000000e+00 -3.2677107900e-01 -3.2609030600e-01 -5.3985058200e-01  2.3029195300e+00  2.2285230360e+00  2.3406587200e+00
    9.2300000000e+00 -3.2209084900e-01 -3.2402010600e-01 -5.3569150500e-01  2.2981445500e+00  2.2259942610e+00  2.3348157810e+00
    9.2400000000e+00 -3.1729576100e-01 -3.2210493300e-01 -5.3146824400e-01  2.2936745140e+00  2.2234307980e+00  2.3293054300e+00
    9.2500000000e+00 -3.1242026200e-01 -3.2032532700e-01 -5.2721765400e-01  2.2895313980e+00  2.2208140340e+00  2.3241313640e+00
    9.2600000000e+00 -3.0750309900e-01 -3.1865857300e-01 -5.2297592600e-01  2.2857307140e+00  2.2181282740e+00  2.3192911860e+00
    9.2700000000e+00 -3.0258578600e-01 -3.1707901400e-01 -5.1877741100e-01  2.2822805780e+00  2.2153615210e+00  2.3147769390e+00
    9.2800000000e+00 -2.9771084300e-01 -3.1555859400e-01 -5.1465370100e-01  2.2791812280e+00  2.2125062330e+00  2.3105758360e+00
    9.2900000000e+00 -2.9292000300e-01 -3.1406760800e-01 -5.1063294300e-01  2.2764250140e+00  2.2095599950e+00  2.3066710860e+00
    9.3000000000e+00 -2.8825249300e-01 -3.1257563500e-01 -5.0673937200e-01  2.2739968450e+00  2.2065260660e+00  2.3030427680e+00
    9.3100000000e+00 -2.8374353600e-01 -3.1105265400e-01 -5.0299300900e-01  2.2718750140e+00  2.2034137760e+00  2.2996687180e+00
    9.3200000000e+00 -2.7942311900e-01 -3.0947035100e-01 -4.9940954300e-01  2.2700323200e+00  2.2002387100e+00  2.2965254380e+00
    9.3300000000e+00 -2.7531507200e-01 -3.0780360400e-01 -4.9600040700e-01  2.2684373810e+00  2.1970225680e+00  2.2935889850e+00
    9.3400000000e+00 -2.7143646500e-01 -3.0603205100e-01 -4.9277304800e-01  2.2670560730e+00  2.1937925970e+00  2.2908358080e+00
    9.3500000000e+00 -2.6779731600e-01 -3.0414158500e-01 -4.8973139800e-01  2.2658530380e+00  2.1905804890e+00  2.2882434440e+00
    9.3600000000e+00 -2.6440060500e-01 -3.0212553200e-01 -4.8687648300e-01  2.2647932110e+00  2.1874207440e+00  2.2857910390e+00
    9.3700000000e+00 -2.6124262300e-01 -2.9998527400e-01 -4.8420708000e-01  2.2638433170e+00  2.1843486280e+00  2.2834596140e+00
    9.3800000000e+00 -2.5831364400e-01 -2.9773014200e-01 -4.8172034000e-01  2.2629732650e+00  2.1813979640e+00  2.2812321290e+00
    9.3900000000e+00 -2.5559891900e-01 -2.9537656000e-01 -4.7941228800e-01  2.2621573740e+00  2.1785990940e+00  2.2790933550e+00
    9.4000000000e+00 -2.5307995300e-01 -2.9294656100e-01 -4.7727814400e-01  2.2613753230e+00  2.1759773080e+00  2.2770296750e+00
    9.4100000000e+00 -2.5073599400e-01 -2.9046594500e-01 -4.7531247400e-01  2.2606127610e+00  2.1735519510e+00  2.2750288900e+00
    9.4200000000e+00 -2.4854565100e-01 -2.8796241400e-01 -4.7350923800e-01  2.2598615060e+00  2.1713362750e+00  2.2730801350e+00
    9.4300000000e+00 -2.4648851600e-01 -2.8546399200e-01 -4.7186180300e-01  2.2591192920e+00  2.1693379050e+00  2.2711739250e+00
    9.4400000000e+00 -2.4454665800e-01 -2.8299794200e-01 -4.7036304600e-01  2.2583890520e+00  2.1675596870e+00  2.2693023260e+00
    9.4500000000e+00 -2.4270582100e-01 -2.8059021000e-01 -4.6900561500e-01  2.2576777770e+00  2.1660006240e+00  2.2674591740e+00
    9.4600000000e+00 -2.4095619000e-01 -2.7826529800e-01 -4.6778237000e-01  2.2569950540e+00  2.1646566280e+00  2.2656402310e+00
    9.4700000000e+00 -2.3929258200e-01 -2.7604633900e-01 -4.6668698200e-01  2.2563514620e+00  2.1635209750e+00  2.2638431610e+00
    9.4800000000e+00 -2.3771404200e-01 -2.7395515000e-01 -4.6571457600e-01  2.2557570730e+00  2.1625844430e+00  2.2620672410e+00
    9.4900000000e+00 -2.3622293800e-01 -2.7201207500e-01 -4.6486228900e-01  2.2552203130e+00  2.1618353070e+00  2.2603127810e+00
    9.5000000000e+00 -2.3482376000e-01 -2.7023560200e-01 -4.6412960000e-01  2.2547473800e+00  2.1612593690e+00  2.2585802830e+00
    9.5100000000e+00 -2.3352194800e-01 -2.6864182700e-01 -4.6351830600e-01  2.2543422640e+00  2.1608402160e+00  2.2568694590e+00
    9.5200000000e+00 -2.3232300000e-01 -2.6724396200e-01 -4.6303208600e-01  2.2540072830e+00  2.1605597800e+00  2.2551782680e+00
    9.5300000000e+00 -2.3123210000e-01 -2.6605209100e-01 -4.6267568100e-01  2.2537438930e+00  2.1603991540e+00  2.2535021590e+00
    9.5400000000e+00 -2.3025428000e-01 -2.6507330200e-01 -4.6245378400e-01  2.2535534650e+00  2.1603394800e+00  2.2518336800e+00
    9.5500000000e+00 -2.2939503000e-01 -2.6431221400e-01 -4.6236982900e-01  2.2534377660e+00  2.1603627010e+00  2.2501625510e+00
    9.5600000000e+00 -2.2866110700e-01 -2.6377177500e-01 -4.6242487000e-01  2.2533989540e+00  2.1604519710e+00  2.2484762090e+00
    9.5700000000e+00 -2.2806127200e-01 -2.6345413100e-01 -4.6261673400e-01  2.2534390550e+00  2.1605916170e+00  2.2467607710e+00
    9.5800000000e+00 -2.2760668100e-01 -2.6336131400e-01 -4.6293957900e-01  2.2535590450e+00  2.1607666780e+00  2.2450022510e+00
    9.5900000000e+00 -2.2731079300e-01 -2.6349558700e-01 -4.6338393600e-01  2.2537577510e+00  2.1609621620e+00  2.2431878870e+00
    9.6000000000e+00 -2.2718876000e-01 -2.6385933400e-01 -4.6393725300e-01  2.2540308460e+00  2.1611622270e+00  2.2413073830e+00
    9.6100000000e+00 -2.2725640800e-01 -2.6445452400e-01 -4.6458485900e-01  2.2543701600e+00  2.1613494950e+00  2.2393538720e+00
    9.6200000000e+00 -2.2752902800e-01 -2.6528186400e-01 -4.6531124900e-01  2.2547634470e+00  2.1615046770e+00  2.2373244600e+00
    9.6300000000e+00 -2.2802018200e-01 -2.6633978000e-01 -4.6610146800e-01  2.2551946270e+00  2.1616066160e+00  2.2352202240e+00
    9.6400000000e+00 -2.2874072400e-01 -2.6762342900e-01 -4.6694235900e-01  2.2556444040e+00  2.1616327840e+00  2.2330457010e+00
    9.6500000000e+00 -2.2969814200e-01 -2.6912391900e-01 -4.6782347400e-01  2.2560911260e+00  2.1615602080e+00  2.2308079620e+00
    9.6600000000e+00 -2.3089624600e-01 -2.7082791300e-01 -4.6873752200e-01  2.2565117230e+00  2.1613667130e+00  2.2285155070e+00
    9.6700000000e+00 -2.3233516300e-01 -2.7271773900e-01 -4.6968038300e-01  2.2568825800e+00  2.1610323060e+00  2.2261771930e+00
    9.6800000000e+00 -2.3401157000e-01 -2.7477204700e-01 -4.7065080300e-01  2.2571802670e+00  2.1605404700e+00  2.2238013650e+00
    9.6900000000e+00 -2.3591905600e-01 -2.7696691600e-01 -4.7164994300e-01  2.2573820650e+00  2.1598791280e+00  2.2213952340e+00
    9.7000000000e+00 -2.3804852700e-01 -2.7927722800e-01 -4.7268091800e-01  2.2574662710e+00  2.1590411100e+00  2.2189644570e+00
    9.7100000000e+00 -2.4038855900e-01 -2.8167804200e-01 -4.7374838100e-01  2.2574123190e+00  2.1580240870e+00  2.2165128160e+00
    9.7200000000e+00 -2.4292560000e-01 -2.8414576800e-01 -4.7485811300e-01  2.2572007650e+00  2.1568300570e+00  2.2140418930e+00
    9.7300000000e+00 -2.4564400900e-01 -2.8665897400e-01 -4.7601654000e-01  2.2568132450e+00  2.1554645480e+00  2.2115507240e+00
    9.7400000000e+00 -2.4852590000e-01 -2.8919883400e-01 -4.7723007300e-01  2.2562325080e+00  2.1539357700e+00  2.2090354640e+00
    9.7500000000e+00 -2.5155087500e-01 -2.9174929900e-01 -4.7850421900e-01  2.2554426360e+00  2.1522538110e+00  2.2064891870e+00
    9.7600000000e+00 -2.5469576700e-01 -2.9429708600e-01 -4.7984248800e-01  2.2544295380e+00  2.1504299770e+00  2.2039019780e+00
    9.7700000000e+00 -2.5793454600e-01 -2.9683159800e-01 -4.8124522400e-01  2.2531816920e+00  2.1484762160e+00  2.2012614610e+00
    9.7800000000e+00 -2.6123855500e-01 -2.9934478000e-01 -4.8270857200e-01  2.2516910420e+00  2.1464045950e+00  2.1985538330e+00
    9.7900000000e+00 -2.6457712400e-01 -3.0183088700e-01 -4.8422383200e-01  2.2499538790e+00  2.1442267920e+00  2.1957653530e+00
    9.8000000000e+00 -2.6791855600e-01 -3.0428610000e-01 -4.8577741800e-01  2.2479714860e+00  2.1419536320e+00  2.1928841030e+00
    9.8100000000e+00 -2.7123132000e-01 -3.0670798900e-01 -4.8735152500e-01  2.2457504200e+00  2.1395947630e+00  2.1899017330e+00
    9.8200000000e+00 -2.7448526700e-01 -3.0909485300e-01 -4.8892548200e-01  2.2433023370e+00  2.1371585550e+00  2.1868148670e+00
    9.8300000000e+00 -2.7765266300e-01 -3.1144506800e-01 -4.9047755400e-01  2.2406434600e+00  2.1346523250e+00  2.1836258940e+00
    9.8400000000e+00 -2.8070891300e-01 -3.1375661200e-01 -4.9198692000e-01  2.2377937880e+00  2.1320828480e+00  2.1803429860e+00
    9.8500000000e+00 -2.8363293300e-01 -3.1602691500e-01 -4.9343545100e-01  2.2347762640e+00  2.1294570620e+00  2.1769793730e+00
    9.8600000000e+00 -2.8640723400e-01 -3.1825309500e-01 -4.9480900300e-01  2.2316160290e+00  2.1267827830e+00  2.1735520320e+00
    9.8700000000e+00 -2.8901782700e-01 -3.2043255700e-01 -4.9609803700e-01  2.2283398800e+00  2.1240692190e+00  2.1700800770e+00
    9.8800000000e+00 -2.9145407800e-01 -3.2256380300e-01 -4.9729753800e-01  2.2249759560e+00  2.1213271500e+00  2.1665831990e+00
    9.8900000000e+00 -2.9370866400e-01 -3.2464727900e-01 -4.9840635100e-01  2.2215536210e+00  2.1185687100e+00  2.1630804330e+00
    9.9000000000e+00 -2.9577770800e-01 -3.2668607200e-01 -4.9942620900e-01  2.2181034490e+00  2.1158068190e+00  2.1595895040e+00
    9.9100000000e+00 -2.9766114900e-01 -3.2868636000e-01 -5.0036078200e-01  2.2146571750e+00  2.1130543820e+00  2.1561267630e+00
    9.9200000000e+00 -2.9936331500e-01 -3.3065755700e-01 -5.0121505400e-01  2.2112474740e+00  2.1103233620e+00  2.1527075920e+00
    9.9300000000e+00 -3.0089359800e-01 -3.3261217200e-01 -5.0199523400e-01  2.2079074460e+00  2.1076238560e+00  2.1493470010e+00
    9.9400000000e+00 -3.0226708800e-01 -3.3456541400e-01 -5.0270918400e-01  2.2046697440e+00  2.1049632290e+00  2.1460600520e+00
    9.9500000000e+00 -3.0350498100e-01 -3.3653457800e-01 -5.0336718600e-01  2.2015653600e+00  2.1023453480e+00  2.1428618230e+00
    9.9600000000e+00 -3.0463462200e-01 -3.3853822300e-01 -5.0398271000e-01  2.1986221610e+00  2.0997699700e+00  2.1397667790e+00
    9.9700000000e+00 -3.0568907300e-01 -3.4059516900e-01 -5.0457281100e-01  2.1958633270e+00  2.0972323200e+00  2.1367876100e+00
    9.9800000000e+00 -3.0670616800e-01 -3.4272335000e-01 -5.0515789000e-01  2.1933058770e+00  2.0947229360e+00  2.1339338010e+00
    9.9900000000e+00 -3.0772710300e-01 -3.4493858600e-01 -5.0576073000e-01  2.1909594740e+00  2.0922278300e+00  2.1312103370e+00
    1.0000000000e+01 -3.0879466700e-01 -3.4725339000e-01 -5.0640493900e-01  2.1888256780e+00  2.0897290380e+00  2.1286168980e+00
    1.0010000000e+01 -3.0995131400e-01 -3.4967595200e-01 -5.0711312800e-01  2.1868977610e+00  2.0872055170e+00  2.1261478170e+00
    1.0020000000e+01 -3.1123727700e-01 -3.5220943500e-01 -5.0790524000e-01  2.1851611060e+00  2.0846343480e+00  2.1237928320e+00
    1.0030000000e+01 -3.1268894800e-01 -3.5485167500e-01 -5.0879739400e-01  2.1835941270e+00  2.0819920730e+00  2.1215384470e+00
    1.0040000000e+01 -3.1433768100e-01 -3.5759529800e-01 -5.0980144700e-01  2.1821695470e+00  2.0792560290e+00  2.1193695780e+00
    1.0050000000e+01 -3.1620907600e-01 -3.6042819500e-01 -5.1092529000e-01  2.1808558300e+00  2.0764055070e+00  2.1172710800e+00
    1.0060000000e+01 -3.1832271700e-01 -3.6333422900e-01 -5.1217368400e-01  2.1796185870e+00  2.0734226540e+00  2.1152288660e+00
    1.0070000000e+01 -3.2069227500e-01 -3.6629404300e-01 -5.1354933400e-01  2.1784218110e+00  2.0702931130e+00  2.1132304550e+00
    1.0080000000e+01 -3.2332581700e-01 -3.6928588100e-01 -5.1505391200e-01  2.1772288700e+00  2.0670064330e+00  2.1112649720e+00
    1.0090000000e+01 -3.2622624300e-01 -3.7228637500e-01 -5.1668879200e-01  2.1760032620e+00  2.0635563360e+00  2.1093227410e+00
    1.0100000000e+01 -3.2939171800e-01 -3.7527132700e-01 -5.1845539100e-01  2.1747091550e+00  2.0599408680e+00  2.1073947180e+00
    1.0110000000e+01 -3.3281608000e-01 -3.7821649200e-01 -5.2035514700e-01  2.1733117830e+00  2.0561624520e+00  2.1054719580e+00
    1.0120000000e+01 -3.3648918300e-01 -3.8109838400e-01 -5.2238922500e-01  2.1717777310e+00  2.0522278180e+00  2.1035452940e+00
    1.0130000000e+01 -3.4039718200e-01 -3.8389505500e-01 -5.2455813600e-01  2.1700751600e+00  2.0481477810e+00  2.1016053020e+00
    1.0140000000e+01 -3.4452274700e-01 -3.8658683200e-01 -5.2686142800e-01  2.1681740030e+00  2.0439368820e+00  2.0996425520e+00
    1.0150000000e+01 -3.4884522200e-01 -3.8915698200e-01 -5.2929758900e-01  2.1660461340e+00  2.0396129020e+00  2.0976480490e+00
    1.0160000000e+01 -3.5334072400e-01 -3.9159228900e-01 -5.3186426900e-01  2.1636655720e+00  2.0351962610e+00  2.0956137240e+00
    1.0170000000e+01 -3.5798217200e-01 -3.9388355100e-01 -5.3455880800e-01  2.1610087190e+00  2.0307093060e+00  2.0935327930e+00
    1.0180000000e+01 -3.6273929600e-01 -3.9602596600e-01 -5.3737898600e-01  2.1580547040e+00  2.0261754540e+00  2.0913997950e+00
    1.0190000000e+01 -3.6757864500e-01 -3.9801933100e-01 -5.4032380700e-01  2.1547858500e+00  2.0216181810e+00  2.0892102050e+00
    1.0200000000e+01 -3.7246370200e-01 -3.9986795200e-01 -5.4339406700e-01  2.1511883000e+00  2.0170598860e+00  2.0869596270e+00
    1.0210000000e+01 -3.7735516100e-01 -4.0158017000e-01 -5.4659250400e-01  2.1472527520e+00  2.0125207680e+00  2.0846426770e+00
    1.0220000000e+01 -3.8221146500e-01 -4.0316748500e-01 -5.4992338200e-01  2.1429752620e+00  2.0080178860e+00  2.0822518220e+00
    1.0230000000e+01 -3.8698963400e-01 -4.0464336900e-01 -5.5339153400e-01  2.1383579970e+00  2.0035646080e+00  2.0797764410e+00
    1.0240000000e+01 -3.9164641300e-01 -4.0602199600e-01 -5.5700100100e-01  2.1334098240e+00  1.9991705870e+00  2.0772023500e+00
    1.0250000000e+01 -3.9613966900e-01 -4.0731714100e-01 -5.6075353000e-01  2.1281465890e+00  1.9948422410e+00  2.0745119420e+00
    1.0260000000e+01 -4.0042993600e-01 -4.0854149600e-01 -5.6464721000e-01  2.1225909600e+00  1.9905835830e+00  2.0716849490e+00
    1.0270000000e+01 -4.0448191400e-01 -4.0970649600e-01 -5.6867548500e-01  2.1167717900e+00  1.9863971150e+00  2.0686996870e+00
    1.0280000000e+01 -4.0826571500e-01 -4.1082257100e-01 -5.7282672400e-01  2.1107230200e+00  1.9822845270e+00  2.0655345890e+00
    1.0290000000e+01 -4.1175769400e-01 -4.1189960900e-01 -5.7708438300e-01  2.1044822610e+00  1.9782470170e+00  2.0621697690e+00
    1.0300000000e+01 -4.1494077700e-01 -4.1294739600e-01 -5.8142769700e-01  2.0980892860e+00  1.9742852240e+00  2.0585883680e+00
    1.0310000000e+01 -4.1780434300e-01 -4.1397579100e-01 -5.8583275700e-01  2.0915846070e+00  1.9703989100e+00  2.0547775130e+00
    1.0320000000e+01 -4.2034376900e-01 -4.1499459900e-01 -5.9027374600e-01  2.0850083100e+00  1.9665865860e+00  2.0507287970e+00
    1.0330000000e+01 -4.2255980400e-01 -4.1601316800e-01 -5.9472412800e-01  2.0783991600e+00  1.9628452960e+00  2.0464382790e+00
    1.0340000000e+01 -4.2445788900e-01 -4.1703985400e-01 -5.9915757900e-01  2.0717939640e+00  1.9591706690e+00  2.0419061530e+00
    1.0350000000e+01 -4.2604746100e-01 -4.1808153900e-01 -6.0354860300e-01  2.0652271320e+00  1.9555572690e+00  2.0371362550e+00
    1.0360000000e+01 -4.2734127500e-01 -4.1914334700e-01 -6.0787284000e-01  2.0587303920e+00  1.9519991800e+00  2.0321356450e+00
    1.0370000000e+01 -4.2835472800e-01 -4.2022865500e-01 -6.1210724600e-01  2.0523326820e+00  1.9484906960e+00  2.0269143720e+00
    1.0380000000e+01 -4.2910524900e-01 -4.2133943100e-01 -6.1623033000e-01  2.0460602200e+00  1.9450269620e+00  2.0214854530e+00
    1.0390000000e+01 -4.2961182600e-01 -4.2247684000e-01 -6.2022264200e-01  2.0399367480e+00  1.9416044050e+00  2.0158649240e+00
    1.0400000000e+01 -4.2989475300e-01 -4.2364200400e-01 -6.2406753200e-01  2.0339838990e+00  1.9382208470e+00  2.0100717300e+00
    1.0410000000e+01 -4.2997566000e-01 -4.2483674600e-01 -6.2775207200e-01  2.0282215520e+00  1.9348752580e+00  2.0041272320e+00
    1.0420000000e+01 -4.2987780200e-01 -4.2606415600e-01 -6.3126788300e-01  2.0226680220e+00  1.9315671770e+00  1.9980542320e+00
    1.0430000000e+01 -4.2962650400e-01 -4.2732884400e-01 -6.3461157600e-01  2.0173399650e+00  1.9282959250e+00  1.9918755500e+00
    1.0440000000e+01 -4.2924959300e-01 -4.2863680700e-01 -6.3778459200e-01  2.0122519080e+00  1.9250597540e+00  1.9856123970e+00
    1.0450000000e+01 -4.2877762200e-01 -4.2999494100e-01 -6.4079234700e-01  2.0074154310e+00  1.9218551180e+00  1.9792828390e+00
    1.0460000000e+01 -4.2824370000e-01 -4.3141025200e-01 -6.4364278600e-01  2.0028381280e+00  1.9186761870e+00  1.9729006860e+00
    1.0470000000e+01 -4.2768285100e-01 -4.3288890000e-01 -6.4634457100e-01  1.9985225370e+00  1.9155147180e+00  1.9664750140e+00
    1.0480000000e+01 -4.2713088600e-01 -4.3443524000e-01 -6.4890520500e-01  1.9944652620e+00  1.9123603290e+00  1.9600104430e+00
    1.0490000000e+01 -4.2662289800e-01 -4.3605099600e-01 -6.5132939700e-01  1.9906565060e+00  1.9092011380e+00  1.9535081270e+00
    1.0500000000e+01 -4.2619158100e-01 -4.3773472800e-01 -6.5361792100e-01  1.9870801380e+00  1.9060247020e+00  1.9469672920e+00
    1.0510000000e+01 -4.2586558200e-01 -4.3948168400e-01 -6.5576714900e-01  1.9837143630e+00  1.9028191230e+00  1.9403871090e+00
    1.0520000000e+01 -4.2566814100e-01 -4.4128406600e-01 -6.5776933100e-01  1.9805329080e+00  1.8995741420e+00  1.9337686140e+00
    1.0530000000e+01 -4.2561618500e-01 -4.4313169800e-01 -6.5961357200e-01  1.9775066110e+00  1.8962820780e+00  1.9271163930e+00
    1.0540000000e+01 -4.2571997700e-01 -4.4501296600e-01 -6.6128738400e-01  1.9746051890e+00  1.8929384600e+00  1.9204397860e+00
    1.0550000000e+01 -4.2598335600e-01 -4.4691592500e-01 -6.6277858000e-01  1.9717989770e+00  1.8895422780e+00  1.9137534510e+00
    1.0560000000e+01 -4.2640447500e-01 -4.4882937600e-01 -6.6407724500e-01  1.9690604340e+00  1.8860958340e+00  1.9070771790e+00
    1.0570000000e+01 -4.2697692000e-01 -4.5074381200e-01 -6.6517750500e-01  1.9663652550e+00  1.8826042540e+00  1.9004350310e+00
    1.0580000000e+01 -4.2769100200e-01 -4.5265208800e-01 -6.6607886000e-01  1.9636930270e+00  1.8790747440e+00  1.8938539130e+00
    1.0590000000e+01 -4.2853506800e-01 -4.5454979700e-01 -6.6678691700e-01  1.9610274150e+00  1.8755157090e+00  1.8873618130e+00
    1.0600000000e+01 -4.2949665100e-01 -4.5643532200e-01 -6.6731348500e-01  1.9583559610e+00  1.8719358810e+00  1.8809859540e+00
    1.0610000000e+01 -4.3056337200e-01 -4.5830962600e-01 -6.6767606200e-01  1.9556696050e+00  1.8683435290e+00  1.8747510820e+00
    1.0620000000e+01 -4.3172355600e-01 -4.6017584400e-01 -6.6789685000e-01  1.9529620570e+00  1.8647458560e+00  1.8686781050e+00
    1.0630000000e+01 -4.3296657300e-01 -4.6203877300e-01 -6.6800148100e-01  1.9502291310e+00  1.8611486110e+00  1.8627831680e+00
    1.0640000000e+01 -4.3428293400e-01 -4.6390438400e-01 -6.6801763700e-01  1.9474681200e+00  1.8575559060e+00  1.8570772080e+00
    1.0650000000e+01 -4.3566420300e-01 -4.6577940800e-01 -6.6797375800e-01  1.9446772570e+00  1.8539701720e+00  1.8515659250e+00
    1.0660000000e+01 -4.3710274900e-01 -4.6767104900e-01 -6.6789791700e-01  1.9418553150e+00  1.8503921580e+00  1.8462500610e+00
    1.0670000000e+01 -4.3859138300e-01 -4.6958677400e-01 -6.6781691700e-01  1.9390013740e+00  1.8468208870e+00  1.8411258590e+00
    1.0680000000e+01 -4.4012294800e-01 -4.7153407500e-01 -6.6775559300e-01  1.9361148050e+00  1.8432534950e+00  1.8361856290e+00
    1.0690000000e+01 -4.4168994100e-01 -4.7352010600e-01 -6.6773626400e-01  1.9331955110e+00  1.8396850230e+00  1.8314183270e+00
    1.0700000000e+01 -4.4328432600e-01 -4.7555108900e-01 -6.6777829000e-01  1.9302443960e+00  1.8361082410e+00  1.8268101780e+00
    1.0710000000e+01 -4.4489761900e-01 -4.7763151300e-01 -6.6789771600e-01  1.9272639680e+00  1.8325136850e+00  1.8223453310e+00
    1.0720000000e+01 -4.4652134300e-01 -4.7976322600e-01 -6.6810699800e-01  1.9242589250e+00  1.8288900570e+00  1.8180065870e+00
    1.0730000000e+01 -4.4814782000e-01 -4.8194461900e-01 -6.6841486700e-01  1.9212365310e+00  1.8252250500e+00  1.8137762290e+00
    1.0740000000e+01 -4.4977116400e-01 -4.8417012700e-01 -6.6882639100e-01  1.9182066250e+00  1.8215065750e+00  1.8096369200e+00
    1.0750000000e+01 -4.5138832500e-01 -4.8643023100e-01 -6.6934330100e-01  1.9151811740e+00  1.8177242120e+00  1.8055726200e+00
    1.0760000000e+01 -4.5299993400e-01 -4.8871205400e-01 -6.6996462400e-01  1.9121733900e+00  1.8138706550e+00  1.8015694110e+00
    1.0770000000e+01 -4.5461079300e-01 -4.9100051300e-01 -6.7068757600e-01  1.9091964940e+00  1.8099428940e+00  1.7976160810e+00
    1.0780000000e+01 -4.5622986500e-01 -4.9327987800e-01 -6.7150862500e-01  1.9062623180e+00  1.8059429200e+00  1.7937043730e+00
    1.0790000000e+01 -4.5786974100e-01 -4.9553554000e-01 -6.7242455900e-01  1.9033799520e+00  1.8018778200e+00  1.7898288410e+00
    1.0800000000e+01 -4.5954561000e-01 -4.9775572500e-01 -6.7343340500e-01  1.9005546380e+00  1.7977592340e+00  1.7859863560e+00
    1.0810000000e+01 -4.6127386500e-01 -4.9993294000e-01 -6.7453508200e-01  1.8977871030e+00  1.7936022310e+00  1.7821753690e+00
    1.0820000000e+01 -4.6307054600e-01 -5.0206493900e-01 -6.7573175500e-01  1.8950734540e+00  1.7894237300e+00  1.7783950720e+00
    1.0830000000e+01 -4.6494983700e-01 -5.0415509700e-01 -6.7702792200e-01  1.8924056610e+00  1.7852406750e+00  1.7746445620e+00
    1.0840000000e+01 -4.6692287400e-01 -5.0621210900e-01 -6.7843031300e-01  1.8897725980e+00  1.7810682040e+00  1.7709220740e+00
    1.0850000000e+01 -4.6899708200e-01 -5.0824909900e-01 -6.7994764900e-01  1.8871614400e+00  1.7769180570e+00  1.7672242800e+00
    1.0860000000e+01 -4.7117614900e-01 -5.1028224800e-01 -6.8159028200e-01  1.8845591790e+00  1.7727974210e+00  1.7635456010e+00
    1.0870000000e+01 -4.7346062600e-01 -5.1232918800e-01 -6.8336964900e-01  1.8819539360e+00  1.7687083360e+00  1.7598775540e+00
    1.0880000000e+01 -4.7584898200e-01 -5.1440735800e-01 -6.8529749100e-01  1.8793358270e+00  1.7646476920e+00  1.7562081660e+00
    1.0890000000e+01 -4.7833884500e-01 -5.1653254700e-01 -6.8738480100e-01  1.8766972300e+00  1.7606077430e+00  1.7525216040e+00
    1.0900000000e+01 -4.8092811900e-01 -5.1871778000e-01 -6.8964059100e-01  1.8740324690e+00  1.7565770090e+00  1.7487981710e+00
    1.0910000000e+01 -4.8361573400e-01 -5.2097262400e-01 -6.9207063600e-01  1.8713370880e+00  1.7525414110e+00  1.7450147560e+00
    1.0920000000e+01 -4.8640193400e-01 -5.2330294300e-01 -6.9467642800e-01  1.8686069600e+00  1.7484854380e+00  1.7411457290e+00
    1.0930000000e+01 -4.8928812300e-01 -5.2571105300e-01 -6.9745450300e-01  1.8658374670e+00  1.7443932060e+00  1.7371641520e+00
    1.0940000000e+01 -4.9227642200e-01 -5.2819616200e-01 -7.0039623500e-01  1.8630229210e+00  1.7402492480e+00  1.7330430800e+00
    1.0950000000e+01 -4.9536910700e-01 -5.3075494900e-01 -7.0348802200e-01  1.8601562810e+00  1.7360389810e+00  1.7287567740e+00
    1.0960000000e+01 -4.9856806500e-01 -5.3338209000e-01 -7.0671175900e-01  1.8572291050e+00  1.7317488550e+00  1.7242816870e+00
    1.0970000000e+01 -5.0187434500e-01 -5.3607060200e-01 -7.1004542000e-01  1.8542316610e+00  1.7273662690e+00  1.7195972170e+00
    1.0980000000e+01 -5.0528780300e-01 -5.3881190600e-01 -7.1346365400e-01  1.8511531170e+00  1.7228794380e+00  1.7146862790e+00
    1.0990000000e+01 -5.0880679600e-01 -5.4159564500e-01 -7.1693838300e-01  1.8479817560e+00  1.7182773780e+00  1.7095358020e+00
    1.1000000000e+01 -5.1242790000e-01 -5.4440938700e-01 -7.2043942600e-01  1.8447052400e+00  1.7135501770e+00  1.7041372150e+00
    1.1010000000e+01 -5.1614564300e-01 -5.4723841400e-01 -7.2393525600e-01  1.8413109520e+00  1.7086896010e+00  1.6984869140e+00
    1.1020000000e+01 -5.1995228800e-01 -5.5006582800e-01 -7.2739395200e-01  1.8377864380e+00  1.7036899460e+00  1.6925866420e+00
    1.1030000000e+01 -5.2383772500e-01 -5.5287310800e-01 -7.3078434900e-01  1.8341199710e+00  1.6985489430e+00  1.6864436450e+00
    1.1040000000e+01 -5.2778953000e-01 -5.5564112400e-01 -7.3407730600e-01  1.8303011850e+00  1.6932684550e+00  1.6800704930e+00
    1.1050000000e+01 -5.3179323800e-01 -5.5835148000e-01 -7.3724693500e-01  1.8263217300e+00  1.6878547210e+00  1.6734844710e+00
    1.1060000000e+01 -5.3583285200e-01 -5.6098792100e-01 -7.4027158600e-01  1.8221758570e+00  1.6823180170e+00  1.6667065880e+00
    1.1070000000e+01 -5.3989155300e-01 -5.6353753100e-01 -7.4313444800e-01  1.8178608430e+00  1.6766717680e+00  1.6597603130e+00
    1.1080000000e+01 -5.4395256700e-01 -5.6599147300e-01 -7.4582365700e-01  1.8133771620e+00  1.6709312350e+00  1.6526702640e+00
    1.1090000000e+01 -5.4800007400e-01 -5.6834513900e-01 -7.4833199500e-01  1.8087283460e+00  1.6651120700e+00  1.6454610460e+00
    1.1100000000e+01 -5.5202003800e-01 -5.7059774000e-01 -7.5065629800e-01  1.8039205340e+00  1.6592289920e+00  1.6381564150e+00
    1.1110000000e+01 -5.5600082000e-01 -5.7275146200e-01 -7.5279680100e-01  1.7989617350e+00  1.6532948220e+00  1.6307787860e+00
    1.1120000000e+01 -5.5993349200e-01 -5.7481043600e-01 -7.5475659100e-01  1.7938609350e+00  1.6473199930e+00  1.6233490430e+00
    1.1130000000e+01 -5.6381180800e-01 -5.7677974800e-01 -7.5654127400e-01  1.7886271580e+00  1.6413125230e+00  1.6158864560e+00
    1.1140000000e+01 -5.6763183500e-01 -5.7866468000e-01 -7.5815883100e-01  1.7832686300e+00  1.6352783250e+00  1.6084085640e+00
    1.1150000000e+01 -5.7139133500e-01 -5.8047026200e-01 -7.5961955800e-01  1.7777921530e+00  1.6292216660e+00  1.6009308610e+00
    1.1160000000e+01 -5.7508896900e-01 -5.8220111600e-01 -7.6093590200e-01  1.7722027530e+00  1.6231456090e+00  1.5934662980e+00
    1.1170000000e+01 -5.7872345900e-01 -5.8386146800e-01 -7.6212204600e-01  1.7665036630e+00  1.6170523060e+00  1.5860246620e+00
    1.1180000000e+01 -5.8229280900e-01 -5.8545521200e-01 -7.6319317400e-01  1.7606966200e+00  1.6109431290e+00  1.5786120240e+00
    1.1190000000e+01 -5.8579371900e-01 -5.8698591000e-01 -7.6416445600e-01  1.7547824290e+00  1.6048186850e+00  1.5712304180e+00
    1.1200000000e+01 -5.8922126800e-01 -5.8845669700e-01 -7.6504987700e-01  1.7487617240e+00  1.5986787990e+00  1.5638779040e+00
    1.1210000000e+01 -5.9256894000e-01 -5.8987009600e-01 -7.6586110000e-01  1.7426357760e+00  1.5925225500e+00  1.5565490520e+00
    1.1220000000e+01 -5.9582896500e-01 -5.9122781500e-01 -7.6660653200e-01  1.7364072220e+00  1.5863484020e+00  1.5492358150e+00
    1.1230000000e+01 -5.9899292700e-01 -5.9253058100e-01 -7.6729073400e-01  1.7300805790e+00  1.5801544360e+00  1.5419286610e+00
    1.1240000000e+01 -6.0205249500e-01 -5.9377805200e-01 -7.6791423200e-01  1.7236624760e+00  1.5739386320e+00  1.5346178320e+00
    1.1250000000e+01 -6.0500016600e-01 -5.9496883500e-01 -7.6847374200e-01  1.7171615790e+00  1.5676991740e+00  1.5272945750e+00
    1.1260000000e+01 -6.0782988400e-01 -5.9610057600e-01 -7.6896274400e-01  1.7105882780e+00  1.5614347350e+00  1.5199522070e+00
    1.1270000000e+01 -6.1053747600e-01 -5.9717012800e-01 -7.6937233900e-01  1.7039542030e+00  1.5551447290e+00  1.5125869270e+00
    1.1280000000e+01 -6.1312088200e-01 -5.9817377900e-01 -7.6969227100e-01  1.6972716930e+00  1.5488295100e+00  1.5051983090e+00
    1.1290000000e+01 -6.1558022100e-01 -5.9910754000e-01 -7.6991200200e-01  1.6905532900e+00  1.5424905100e+00  1.4977894600e+00
    1.1300000000e+01 -6.1791774700e-01 -5.9996746400e-01 -7.7002175300e-01  1.6838112960e+00  1.5361302830e+00  1.4903668560e+00
    1.1310000000e+01 -6.2013775100e-01 -6.0074997300e-01 -7.7001338900e-01  1.6770574050e+00  1.5297524400e+00  1.4829398990e+00
    1.1320000000e+01 -6.2224646100e-01 -6.0145213500e-01 -7.6988112400e-01  1.6703023650e+00  1.5233614720e+00  1.4755202700e+00
    1.1330000000e+01 -6.2425192900e-01 -6.0207183700e-01 -7.6962196500e-01  1.6635556390e+00  1.5169624880e+00  1.4681211460e+00
    1.1340000000e+01 -6.2616387500e-01 -6.0260783100e-01 -7.6923592100e-01  1.6568250220e+00  1.5105609450e+00  1.4607563600e+00
    1.1350000000e+01 -6.2799345800e-01 -6.0305966800e-01 -7.6872594700e-01  1.6501162230e+00  1.5041624260e+00  1.4534395890e+00
    1.1360000000e+01 -6.2975289400e-01 -6.0342756400e-01 -7.6809767600e-01  1.6434324260e+00  1.4977725250e+00  1.4461836270e+00
    1.1370000000e+01 -6.3145492100e-01 -6.0371228400e-01 -7.6735897000e-01  1.6367738990e+00  1.4913968530e+00  1.4389998170e+00
    1.1380000000e+01 -6.3311208800e-01 -6.0391511500e-01 -7.6651936900e-01  1.6301377160e+00  1.4850411340e+00  1.4318976800e+00
    1.1390000000e+01 -6.3473588800e-01 -6.0403797400e-01 -7.6558950600e-01  1.6235176710e+00  1.4787113060e+00  1.4248847500e+00
    1.1400000000e+01 -6.3633581300e-01 -6.0408363700e-01 -7.6458058700e-01  1.6169044570e+00  1.4724135610e+00  1.4179666000e+00
    1.1410000000e+01 -6.3791840600e-01 -6.0405605300e-01 -7.6350396900e-01  1.6102861660e+00  1.4661542190e+00  1.4111469860e+00
    1.1420000000e+01 -6.3948644300e-01 -6.0396063500e-01 -7.6237087200e-01  1.6036491200e+00  1.4599394270e+00  1.4044280660e+00
    1.1430000000e+01 -6.4103837800e-01 -6.0380443800e-01 -7.6119218500e-01  1.5969790110e+00  1.4537746740e+00  1.3978106040e+00
    1.1440000000e+01 -6.4256817500e-01 -6.0359614300e-01 -7.5997834300e-01  1.5902622270e+00  1.4476641940e+00  1.3912941560e+00
    1.1450000000e+01 -6.4406560500e-01 -6.0334579400e-01 -7.5873922600e-01  1.5834872300e+00  1.4416103470e+00  1.3848772370e+00
    1.1460000000e+01 -6.4551700700e-01 -6.0306430400e-01 -7.5748406900e-01  1.5766457920e+00  1.4356130750e+00  1.3785574890e+00
    1.1470000000e+01 -6.4690643600e-01 -6.0276273700e-01 -7.5622141200e-01  1.5697339100e+00  1.4296695270e+00  1.3723318900e+00
    1.1480000000e+01 -6.4821704700e-01 -6.0245145300e-01 -7.5495911300e-01  1.5627522870e+00  1.4237739190e+00  1.3661969680e+00
    1.1490000000e+01 -6.4943253800e-01 -6.0213919300e-01 -7.5370446400e-01  1.5557063270e+00  1.4179176920e+00  1.3601490240e+00
    1.1500000000e+01 -6.5053846700e-01 -6.0183220000e-01 -7.5246440100e-01  1.5486056660e+00  1.4120899890e+00  1.3541842610e+00
    1.1510000000e+01 -6.5152330100e-01 -6.0153350700e-01 -7.5124578100e-01  1.5414633530e+00  1.4062784350e+00  1.3482987910e+00
    1.1520000000e+01 -6.5237911900e-01 -6.0124251500e-01 -7.5005564300e-01  1.5342947900e+00  1.4004701690e+00  1.3424884830e+00
    1.1530000000e+01 -6.5310193200e-01 -6.0095494300e-01 -7.4890136600e-01  1.5271165950e+00  1.3946530010e+00  1.3367486550e+00
    1.1540000000e+01 -6.5369166300e-01 -6.0066320500e-01 -7.4779066500e-01  1.5199454980e+00  1.3888165320e+00  1.3310736710e+00
    1.1550000000e+01 -6.5415182700e-01 -6.0035716200e-01 -7.4673136100e-01  1.5127973680e+00  1.3829530720e+00  1.3254565420e+00
    1.1560000000e+01 -6.5448901400e-01 -6.0002514200e-01 -7.4573097200e-01  1.5056864240e+00  1.3770582180e+00  1.3198886280e+00
    1.1570000000e+01 -6.5471221300e-01 -5.9965505900e-01 -7.4479615200e-01  1.4986246600e+00  1.3711310140e+00  1.3143595240e+00
    1.1580000000e+01 -6.5483207800e-01 -5.9923546200e-01 -7.4393209700e-01  1.4916214850e+00  1.3651737150e+00  1.3088571810e+00
    1.1590000000e+01 -6.5486015000e-01 -5.9875636800e-01 -7.4314201700e-01  1.4846835870e+00  1.3591912200e+00  1.3033682550e+00
    1.1600000000e+01 -6.5480812100e-01 -5.9820979000e-01 -7.4242675500e-01  1.4778150030e+00  1.3531903230e+00  1.2978786360e+00
    1.1610000000e+01 -6.5468717500e-01 -5.9758993400e-01 -7.4178461600e-01  1.4710174020e+00  1.3471788980e+00  1.2923740800e+00
    1.1620000000e+01 -6.5450746800e-01 -5.9689311400e-01 -7.4121142600e-01  1.4642905250e+00  1.3411651730e+00  1.2868408460e+00
    1.1630000000e+01 -6.5427780400e-01 -5.9611744600e-01 -7.4070078300e-01  1.4576327650e+00  1.3351571520e+00  1.2812662520e+00
    1.1640000000e+01 -6.5400555700e-01 -5.9526243000e-01 -7.4024445600e-01  1.4510417810e+00  1.3291622460e+00  1.2756390830e+00
    1.1650000000e+01 -6.5369682400e-01 -5.9432849400e-01 -7.3983283800e-01  1.4445150640e+00  1.3231871000e+00  1.2699498180e+00
    1.1660000000e+01 -6.5335678400e-01 -5.9331657400e-01 -7.3945536900e-01  1.4380503520e+00  1.3172376030e+00  1.2641906850e+00
    1.1670000000e+01 -6.5299016700e-01 -5.9222777500e-01 -7.3910086400e-01  1.4316458200e+00  1.3113190160e+00  1.2583556130e+00
    1.1680000000e+01 -6.5260172300e-01 -5.9106311800e-01 -7.3875772200e-01  1.4253000260e+00  1.3054362100e+00  1.2524401420e+00
    1.1690000000e+01 -6.5219657000e-01 -5.8982340900e-01 -7.3841405100e-01  1.4190116560e+00  1.2995939560e+00  1.2464413970e+00
    1.1700000000e+01 -6.5178036400e-01 -5.8850921400e-01 -7.3805777800e-01  1.4127791550e+00  1.2937972610e+00  1.2403581320e+00
    1.1710000000e+01 -6.5135927300e-01 -5.8712098600e-01 -7.3767683900e-01  1.4066003520e+00  1.2880517190e+00  1.2341908630e+00
    1.1720000000e+01 -6.5093980900e-01 -5.8565934800e-01 -7.3725949000e-01  1.4004721770e+00  1.2823638170e+00  1.2279419800e+00
    1.1730000000e+01 -6.5052861100e-01 -5.8412553600e-01 -7.3679475500e-01  1.3943904720e+00  1.2767411560e+00  1.2216157710e+00
    1.1740000000e+01 -6.5013223000e-01 -5.8252198300e-01 -7.3627293100e-01  1.3883498880e+00  1.2711924630e+00  1.2152182550e+00
    1.1750000000e+01 -6.4975694700e-01 -5.8085294700e-01 -7.3568606200e-01  1.3823437910e+00  1.2657273650e+00  1.2087567960e+00
    1.1760000000e+01 -6.4940856600e-01 -5.7912507100e-01 -7.3502824900e-01  1.3763641200e+00  1.2603558610e+00  1.2022395240e+00
    1.1770000000e+01 -6.4909211600e-01 -5.7734774500e-01 -7.3429573100e-01  1.3704012180e+00  1.2550875390e+00  1.1956746470e+00
    1.1780000000e+01 -6.4881137700e-01 -5.7553313600e-01 -7.3348667800e-01  1.3644436910e+00  1.2499306490e+00  1.1890697610e+00
    1.1790000000e+01 -6.4856824100e-01 -5.7369586000e-01 -7.3260074100e-01  1.3584784220e+00  1.2448911560e+00  1.1824313120e+00
    1.1800000000e+01 -6.4836196900e-01 -5.7185230600e-01 -7.3163843600e-01  1.3524908530e+00  1.2399719630e+00  1.1757642680e+00
    1.1810000000e+01 -6.4818847300e-01 -5.7001969900e-01 -7.3060048200e-01  1.3464656070e+00  1.2351724010e+00  1.1690720660e+00
    1.1820000000e+01 -6.4803981600e-01 -5.6821504900e-01 -7.2948718800e-01  1.3403874410e+00  1.2304880890e+00  1.1623568010e+00
    1.1830000000e+01 -6.4790406000e-01 -5.6645412100e-01 -7.2829799200e-01  1.3342424270e+00  1.2259111590e+00  1.1556196070e+00
    1.1840000000e+01 -6.4776555600e-01 -5.6475057900e-01 -7.2703118300e-01  1.3280191840e+00  1.2214307970e+00  1.1488611470e+00
    1.1850000000e+01 -6.4760568000e-01 -5.6311537800e-01 -7.2568379200e-01  1.3217099900e+00  1.2170340050e+00  1.1420821390e+00
    1.1860000000e+01 -6.4740391200e-01 -5.6155647100e-01 -7.2425167700e-01  1.3153115980e+00  1.2127064680e+00  1.1352838720e+00
    1.1870000000e+01 -6.4713913600e-01 -5.6007880100e-01 -7.2272973200e-01  1.3088256560e+00  1.2084333990e+00  1.1284686740e+00
    1.1880000000e+01 -6.4679098800e-01 -5.5868455900e-01 -7.2111225800e-01  1.3022586890e+00  1.2042002800e+00  1.1216402940e+00
    1.1890000000e+01 -6.4634110400e-01 -5.5737361700e-01 -7.1939342900e-01  1.2956216990e+00  1.1999934110e+00  1.1148041720e+00
    1.1900000000e+01 -6.4577417500e-01 -5.5614406900e-01 -7.1756786200e-01  1.2889294170e+00  1.1958002520e+00  1.1079675550e+00
    1.1910000000e+01 -6.4507872200e-01 -5.5499278800e-01 -7.1563121700e-01  1.2821993330e+00  1.1916095160e+00  1.1011394190e+00
    1.1920000000e+01 -6.4424755900e-01 -5.5391589900e-01 -7.1358078200e-01  1.2754505680e+00  1.1874110570e+00  1.0943301930e+00
    1.1930000000e+01 -6.4327792300e-01 -5.5290911200e-01 -7.1141595100e-01  1.2687026880e+00  1.1831955930e+00  1.0875512750e+00
    1.1940000000e+01 -6.4217126900e-01 -5.5196783200e-01 -7.0913853400e-01  1.2619745550e+00  1.1789543380e+00  1.0808143860e+00
    1.1950000000e+01 -6.4093274600e-01 -5.5108704900e-01 -7.0675282400e-01  1.2552833030e+00  1.1746786670e+00  1.0741308290e+00
    1.1960000000e+01 -6.3957040900e-01 -5.5026102100e-01 -7.0426540100e-01  1.2486435360e+00  1.1703599050e+00  1.0675107450e+00
    1.1970000000e+01 -6.3809424300e-01 -5.4948284600e-01 -7.0168467500e-01  1.2420668200e+00  1.1659893390e+00  1.0609624880e+00
    1.1980000000e+01 -6.3651510100e-01 -5.4874402900e-01 -6.9902023100e-01  1.2355615340e+00  1.1615584980e+00  1.0544921970e+00
    1.1990000000e+01 -6.3484370200e-01 -5.4803418600e-01 -6.9628209500e-01  1.2291330700e+00  1.1570596840e+00  1.0481036470e+00
    1.2000000000e+01 -6.3308980100e-01 -5.4734101400e-01 -6.9348001600e-01  1.2227843570e+00  1.1524866650e+00  1.0417983740e+00
    1.2010000000e+01 -6.3126164100e-01 -5.4665056400e-01 -6.9062289700e-01  1.2165165980e+00  1.1478353960e+00  1.0355760100e+00
    1.2020000000e+01 -6.2936574200e-01 -5.4594783500e-01 -6.8771840800e-01  1.2103300920e+00  1.1431046220e+00  1.0294347640e+00
    1.2030000000e+01 -6.2740699700e-01 -5.4521758500e-01 -6.8477280700e-01  1.2042250070e+00  1.1382962060e+00  1.0233719230e+00
    1.2040000000e+01 -6.2538902400e-01 -5.4444521700e-01 -6.8179091900e-01  1.1982019890e+00  1.1334151420e+00  1.0173843210e+00
    1.2050000000e+01 -6.2331465800e-01 -5.4361759100e-01 -6.7877622800e-01  1.1922625540e+00  1.1284692420e+00  1.0114687340e+00
    1.2060000000e+01 -6.2118648000e-01 -5.4272364300e-01 -6.7573102100e-01  1.1864092520e+00  1.1234685770e+00  1.0056222020e+00
    1.2070000000e+01 -6.1900730500e-01 -5.4175473200e-01 -6.7265657500e-01  1.1806456620e+00  1.1184248130e+00  9.9984230000e-01
    1.2080000000e+01 -6.1678061500e-01 -5.4070473200e-01 -6.6955337000e-01  1.1749762560e+00  1.1133505580e+00  9.9412738000e-01
    1.2090000000e+01 -6.1451091400e-01 -5.3956994200e-01 -6.6642138000e-01  1.1694061820e+00  1.1082588230e+00  9.8847679000e-01
    1.2100000000e+01 -6.1220403500e-01 -5.3834891300e-01 -6.6326043200e-01  1.1639409660e+00  1.1031626600e+00  9.8289102800e-01
    1.2110000000e+01 -6.0986738200e-01 -5.3704230100e-01 -6.6007065500e-01  1.1585861380e+00  1.0980749180e+00  9.7737179700e-01
    1.2120000000e+01 -6.0751008600e-01 -5.3565281100e-01 -6.5685297500e-01  1.1533467550e+00  1.0930080830e+00  9.7192189700e-01
    1.2130000000e+01 -6.0514301500e-01 -5.3418525000e-01 -6.5360959300e-01  1.1482268540e+00  1.0879740630e+00  9.6654492500e-01
    1.2140000000e+01 -6.0277860700e-01 -5.3264661900e-01 -6.5034435600e-01  1.1432288670e+00  1.0829838560e+00  9.6124477800e-01
    1.2150000000e+01 -6.0043048900e-01 -5.3104615000e-01 -6.4706293500e-01  1.1383530790e+00  1.0780470370e+00  9.5602499800e-01
    1.2160000000e+01 -5.9811290900e-01 -5.2939515200e-01 -6.4377274100e-01  1.1335971980e+00  1.0731711050e+00  9.5088805500e-01
    1.2170000000e+01 -5.9584001200e-01 -5.2770657700e-01 -6.4048255900e-01  1.1289561300e+00  1.0683607870e+00  9.4583466300e-01
    1.2180000000e+01 -5.9362504000e-01 -5.2599427200e-01 -6.3720192500e-01  1.1244220010e+00  1.0636174600e+00  9.4086326700e-01
    1.2190000000e+01 -5.9147956000e-01 -5.2427197300e-01 -6.3394033000e-01  1.1199844590e+00  1.0589388310e+00  9.3596978400e-01
    1.2200000000e+01 -5.8941282100e-01 -5.2255216900e-01 -6.3070636300e-01  1.1156312370e+00  1.0543189990e+00  9.3114765700e-01
    1.2210000000e+01 -5.8743135600e-01 -5.2084501100e-01 -6.2750693200e-01  1.1113489210e+00  1.0497489340e+00  9.2638822200e-01
    1.2220000000e+01 -5.8553887700e-01 -5.1915742500e-01 -6.2434667300e-01  1.1071238060e+00  1.0452173240e+00  9.2168132200e-01
    1.2230000000e+01 -5.8373650200e-01 -5.1749256900e-01 -6.2122761500e-01  1.1029427070e+00  1.0407116970e+00  9.1701607700e-01
    1.2240000000e+01 -5.8202326200e-01 -5.1584969800e-01 -6.1814913300e-01  1.0987935920e+00  1.0362196550e+00  9.1238169200e-01
    1.2250000000e+01 -5.8039675900e-01 -5.1422445300e-01 -6.1510817200e-01  1.0946659410e+00  1.0317300710e+00  9.0776820400e-01
    1.2260000000e+01 -5.7885386700e-01 -5.1260951900e-01 -6.1209967000e-01  1.0905507820e+00  1.0272341040e+00  9.0316707600e-01
    1.2270000000e+01 -5.7739129900e-01 -5.1099556000e-01 -6.0911712000e-01  1.0864404600e+00  1.0227259150e+00  8.9857160000e-01
    1.2280000000e+01 -5.7600596900e-01 -5.0937230500e-01 -6.0615317600e-01  1.0823282150e+00  1.0182030230e+00  8.9397709000e-01
    1.2290000000e+01 -5.7469507500e-01 -5.0772964300e-01 -6.0320024500e-01  1.0782077150e+00  1.0136662790e+00  8.8938088200e-01
    1.2300000000e+01 -5.7345596200e-01 -5.0605859300e-01 -6.0025099700e-01  1.0740726610e+00  1.0091194960e+00  8.8478217100e-01
    1.2310000000e+01 -5.7228581600e-01 -5.0435205500e-01 -5.9729877400e-01  1.0699165730e+00  1.0045688250e+00  8.8018175000e-01
    1.2320000000e+01 -5.7118131600e-01 -5.0260528700e-01 -5.9433788100e-01  1.0657327700e+00  1.0000219740e+00  8.7558167300e-01
    1.2330000000e+01 -5.7013834800e-01 -5.0081608300e-01 -5.9136376500e-01  1.0615145530e+00  9.9548738900e-01  8.7098489700e-01
    1.2340000000e+01 -5.6915184900e-01 -4.9898470600e-01 -5.8837310000e-01  1.0572554970e+00  9.9097348200e-01  8.6639491600e-01
    1.2350000000e+01 -5.6821580700e-01 -4.9711361200e-01 -5.8536376900e-01  1.0529498060e+00  9.8648798800e-01  8.6181541500e-01
    1.2360000000e+01 -5.6732342700e-01 -4.9520703100e-01 -5.8233476400e-01  1.0485926210e+00  9.8203747200e-01  8.5724995200e-01
    1.2370000000e+01 -5.6646740100e-01 -4.9327048500e-01 -5.7928602200e-01  1.0441802520e+00  9.7762702700e-01  8.5270171400e-01
    1.2380000000e+01 -5.6564026200e-01 -4.9131028800e-01 -5.7621820000e-01  1.0397102880e+00  9.7326013500e-01  8.4817333600e-01
    1.2390000000e+01 -5.6483476300e-01 -4.8933310000e-01 -5.7313245700e-01  1.0351815750e+00  9.6893868200e-01  8.4366681400e-01
    1.2400000000e+01 -5.6404423500e-01 -4.8734556000e-01 -5.7003025600e-01  1.0305940500e+00  9.6466307400e-01  8.3918348400e-01
    1.2410000000e+01 -5.6326286800e-01 -4.8535402400e-01 -5.6691320700e-01  1.0259484310e+00  9.6043240600e-01  8.3472403600e-01
    1.2420000000e+01 -5.6248585800e-01 -4.8336438800e-01 -5.6378295900e-01  1.0212458130e+00  9.5624463800e-01  8.3028852800e-01
    1.2430000000e+01 -5.6170935700e-01 -4.8138196600e-01 -5.6064110000e-01  1.0164872070e+00  9.5209674000e-01  8.2587636300e-01
    1.2440000000e+01 -5.6093022900e-01 -4.7941139400e-01 -5.5748902000e-01  1.0116731440e+00  9.4798480200e-01  8.2148625300e-01
    1.2450000000e+01 -5.6014562800e-01 -4.7745650600e-01 -5.5432771500e-01  1.0068034230e+00  9.4390413700e-01  8.1711617500e-01
    1.2460000000e+01 -5.5935249600e-01 -4.7552020600e-01 -5.5115751500e-01  1.0018770850e+00  9.3984938700e-01  8.1276339800e-01
    1.2470000000e+01 -5.5854711000e-01 -4.7360431400e-01 -5.4797777700e-01  9.9689263800e-01  9.3581468900e-01  8.0842461900e-01
    1.2480000000e+01 -5.5772477400e-01 -4.7170945500e-01 -5.4478658400e-01  9.9184847500e-01  9.3179388100e-01  8.0409623800e-01
    1.2490000000e+01 -5.5687976300e-01 -4.6983498300e-01 -5.4158055100e-01  9.8674339300e-01  9.2778076300e-01  7.9977477600e-01
    1.2500000000e+01 -5.5600550500e-01 -4.6797899000e-01 -5.3835476700e-01  9.8157707500e-01  9.2376937300e-01  7.9545738600e-01
    1.2510000000e+01 -5.5509497400e-01 -4.6613837900e-01 -5.3510295700e-01  9.7635042800e-01  9.1975424300e-01  7.9114239700e-01
    1.2520000000e+01 -5.5414117600e-01 -4.6430899400e-01 -5.3181782800e-01  9.7106569300e-01  9.1573063500e-01  7.8682977600e-01
    1.2530000000e+01 -5.5313761200e-01 -4.6248578200e-01 -5.2849157800e-01  9.6572633800e-01  9.1169472600e-01  7.8252146400e-01
    1.2540000000e+01 -5.5207862300e-01 -4.6066298000e-01 -5.2511649900e-01  9.6033675200e-01  9.0764375800e-01  7.7822150400e-01
    1.2550000000e+01 -5.5095955300e-01 -4.5883432000e-01 -5.2168557700e-01  9.5490186200e-01  9.0357615600e-01  7.7393596000e-01
    1.2560000000e+01 -5.4977671800e-01 -4.5699324000e-01 -5.1819301900e-01  9.4942672900e-01  8.9949161300e-01  7.6967263900e-01
    1.2570000000e+01 -5.4852720200e-01 -4.5513311300e-01 -5.1463462000e-01  9.4391623700e-01  8.9539113400e-01  7.6544066700e-01
    1.2580000000e+01 -5.4720854800e-01 -4.5324746400e-01 -5.1100795300e-01  9.3837491500e-01  8.9127706100e-01  7.6125001400e-01
    1.2590000000e+01 -5.4581840000e-01 -4.5133019600e-01 -5.0731236800e-01  9.3280694700e-01  8.8715306900e-01  7.5711103200e-01
    1.2600000000e+01 -5.4435418200e-01 -4.4937582200e-01 -5.0354885400e-01  9.2721635800e-01  8.8302415400e-01  7.5303411400e-01
    1.2610000000e+01 -5.4281290900e-01 -4.4737972900e-01 -4.9971984200e-01  9.2160737400e-01  8.7889660000e-01  7.4902948000e-01
    1.2620000000e+01 -5.4119119000e-01 -4.4533849200e-01 -4.9582904000e-01  9.1598487100e-01  8.7477790800e-01  7.4510712100e-01
    1.2630000000e+01 -5.3948547700e-01 -4.4325022400e-01 -4.9188136600e-01  9.1035483100e-01  8.7067663000e-01  7.4127681400e-01
    1.2640000000e+01 -5.3769254100e-01 -4.4111494800e-01 -4.8788301100e-01  9.0472467200e-01  8.6660207700e-01  7.3754815200e-01
    1.2650000000e+01 -5.3581013200e-01 -4.3893490300e-01 -4.8384160600e-01  8.9910336900e-01  8.6256386800e-01  7.3393048100e-01
    1.2660000000e+01 -5.3383768800e-01 -4.3671473000e-01 -4.7976642900e-01  8.9350127300e-01  8.5857135300e-01  7.3043270400e-01
    1.2670000000e+01 -5.3177698900e-01 -4.3446146000e-01 -4.7566856300e-01  8.8792963100e-01  8.5463293700e-01  7.2706294200e-01
    1.2680000000e+01 -5.2963262000e-01 -4.3218428000e-01 -4.7156093000e-01  8.8239983500e-01  8.5075542000e-01  7.2382807200e-01
    1.2690000000e+01 -5.2741213900e-01 -4.2989410300e-01 -4.6745815600e-01  8.7692249600e-01  8.4694341000e-01  7.2073322800e-01
    1.2700000000e+01 -5.2512590700e-01 -4.2760296200e-01 -4.6337626700e-01  8.7150646600e-01  8.4319889700e-01  7.1778134300e-01
    1.2710000000e+01 -5.2278656000e-01 -4.2532331700e-01 -4.5933223500e-01  8.6615793700e-01  8.3952101000e-01  7.1497278200e-01
    1.2720000000e+01 -5.2040819300e-01 -4.2306732900e-01 -4.5534345000e-01  8.6087975700e-01  8.3590597500e-01  7.1230512300e-01
    1.2730000000e+01 -5.1800534700e-01 -4.2084615600e-01 -4.5142715000e-01  8.5567104700e-01  8.3234726700e-01  7.0977309100e-01
    1.2740000000e+01 -5.1559193200e-01 -4.1866931900e-01 -4.4759989100e-01  8.5052716100e-01  8.2883592100e-01  7.0736862100e-01
    1.2750000000e+01 -5.1318021700e-01 -4.1654417400e-01 -4.4387705800e-01  8.4543998100e-01  8.2536099100e-01  7.0508103500e-01
    1.2760000000e+01 -5.1077996100e-01 -4.1447550400e-01 -4.4027246100e-01  8.4039845700e-01  8.2191011900e-01  7.0289728600e-01
    1.2770000000e+01 -5.0839776200e-01 -4.1246527800e-01 -4.3679799700e-01  8.3538933800e-01  8.1847017900e-01  7.0080224400e-01
    1.2780000000e+01 -5.0603659800e-01 -4.1051257100e-01 -4.3346336700e-01  8.3039800800e-01  8.1502796000e-01  6.9877899200e-01
    1.2790000000e+01 -5.0369557600e-01 -4.0861365100e-01 -4.3027583700e-01  8.2540938300e-01  8.1157083000e-01  6.9680913400e-01
    1.2800000000e+01 -5.0136987000e-01 -4.0676223800e-01 -4.2724000200e-01  8.2040884600e-01  8.0808736000e-01  6.9487311000e-01
    1.2810000000e+01 -4.9905087000e-01 -4.0494988900e-01 -4.2435755500e-01  8.1538320300e-01  8.0456784200e-01  6.9295054300e-01
    1.2820000000e+01 -4.9672656200e-01 -4.0316650600e-01 -4.2162705900e-01  8.1032161000e-01  8.0100468200e-01  6.9102066200e-01
    1.2830000000e+01 -4.9438214700e-01 -4.0140089200e-01 -4.1904375100e-01  8.0521642200e-01  7.9739263800e-01  6.8906281400e-01
    1.2840000000e+01 -4.9200090000e-01 -3.9964132400e-01 -4.1659945000e-01  8.0006387400e-01  7.9372890700e-01  6.8705710600e-01
    1.2850000000e+01 -4.8956521600e-01 -3.9787609000e-01 -4.1428261300e-01  7.9486451600e-01  7.9001306200e-01  6.8498511700e-01
    1.2860000000e+01 -4.8705776100e-01 -3.9609395500e-01 -4.1207863000e-01  7.8962333200e-01  7.8624688100e-01  6.8283064600e-01
    1.2870000000e+01 -4.8446261300e-01 -3.9428454100e-01 -4.0997033700e-01  7.8434953300e-01  7.8243410500e-01  6.8058037000e-01
    1.2880000000e+01 -4.8176629900e-01 -3.9243861900e-01 -4.0793872600e-01  7.7905602200e-01  7.7858015200e-01  6.7822432800e-01
    1.2890000000e+01 -4.7895860300e-01 -3.9054832900e-01 -4.0596375300e-01  7.7375860200e-01  7.7469181500e-01  6.7575615100e-01
    1.2900000000e+01 -4.7603311600e-01 -3.8860734800e-01 -4.0402512200e-01  7.6847501400e-01  7.7077695600e-01  6.7317304400e-01
    1.2910000000e+01 -4.7298746500e-01 -3.8661100700e-01 -4.0210295000e-01  7.6322391800e-01  7.6684418100e-01  6.7047556300e-01
    1.2920000000e+01 -4.6982328200e-01 -3.8455635400e-01 -4.0017826600e-01  7.5802389100e-01  7.6290249900e-01  6.6766728900e-01
    1.2930000000e+01 -4.6654592300e-01 -3.8244215100e-01 -3.9823335700e-01  7.5289254000e-01  7.5896095700e-01  6.6475449500e-01
    1.2940000000e+01 -4.6316402400e-01 -3.8026878200e-01 -3.9625201900e-01  7.4784573800e-01  7.5502827700e-01  6.6174585300e-01
    1.2950000000e+01 -4.5968891200e-01 -3.7803804100e-01 -3.9421978200e-01  7.4289702400e-01  7.5111251400e-01  6.5865219300e-01
    1.2960000000e+01 -4.5613393100e-01 -3.7575282800e-01 -3.9212414500e-01  7.3805715500e-01  7.4722080100e-01  6.5548628800e-01
    1.2970000000e+01 -4.5251369800e-01 -3.7341675400e-01 -3.8995484400e-01  7.3333383900e-01  7.4335921800e-01  6.5226259400e-01
    1.2980000000e+01 -4.4884331200e-01 -3.7103374200e-01 -3.8770411300e-01  7.2873164600e-01  7.3953283600e-01  6.4899695200e-01
    1.2990000000e+01 -4.4513757300e-01 -3.6860768900e-01 -3.8536691700e-01  7.2425212800e-01  7.3574593400e-01  6.4570620900e-01
    1.3000000000e+01 -4.4141025700e-01 -3.6614227600e-01 -3.8294112600e-01  7.1989416000e-01  7.3200234600e-01  6.4240778900e-01
    1.3010000000e+01 -4.3767352600e-01 -3.6364099700e-01 -3.8042762800e-01  7.1565448300e-01  7.2830587000e-01  6.3911923000e-01
    1.3020000000e+01 -4.3393754000e-01 -3.6110740900e-01 -3.7783036800e-01  7.1152841100e-01  7.2466062200e-01  6.3585769400e-01
    1.3030000000e+01 -4.3021035000e-01 -3.5854558600e-01 -3.7515634000e-01  7.0751062500e-01  7.2107122500e-01  6.3263944800e-01
    1.3040000000e+01 -4.2649807400e-01 -3.5596068200e-01 -3.7241548500e-01  7.0359594000e-01  7.1754271800e-01  6.2947931500e-01
    1.3050000000e+01 -4.2280535600e-01 -3.5335945100e-01 -3.6962050000e-01  6.9977993400e-01  7.1408016200e-01  6.2639007700e-01
    1.3060000000e+01 -4.1913602000e-01 -3.5075056700e-01 -3.6678649100e-01  6.9605933000e-01  7.1068795100e-01  6.2338186900e-01
    1.3070000000e+01 -4.1549380800e-01 -3.4814460300e-01 -3.6393043700e-01  6.9243206500e-01  7.0736893500e-01  6.2046160400e-01
    1.3080000000e+01 -4.1188304900e-01 -3.4555358300e-01 -3.6107047500e-01  6.8889704000e-01  7.0412355500e-01  6.1763250200e-01
    1.3090000000e+01 -4.0830913500e-01 -3.4299012100e-01 -3.5822499700e-01  6.8545361600e-01  7.0094918500e-01  6.1489381600e-01
    1.3100000000e+01 -4.0477870900e-01 -3.4046627600e-01 -3.5541165600e-01  6.8210098100e-01  6.9783988700e-01  6.1224082700e-01
    1.3110000000e+01 -4.0129956300e-01 -3.3799233400e-01 -3.5264635900e-01  6.7883753300e-01  6.9478667800e-01  6.0966515100e-01
    1.3120000000e+01 -3.9788029500e-01 -3.3557576100e-01 -3.4994239000e-01  6.7566041900e-01  6.9177834600e-01  6.0715536800e-01
    1.3130000000e+01 -3.9452986000e-01 -3.3322058800e-01 -3.4730976800e-01  6.7256527900e-01  6.8880266500e-01  6.0469791700e-01
    1.3140000000e+01 -3.9125713000e-01 -3.3092736700e-01 -3.4475495300e-01  6.6954621900e-01  6.8584780600e-01  6.0227814900e-01
    1.3150000000e+01 -3.8807056100e-01 -3.2869376900e-01 -3.4228094100e-01  6.6659591500e-01  6.8290366300e-01  5.9988139600e-01
    1.3160000000e+01 -3.8497800200e-01 -3.2651572900e-01 -3.3988772000e-01  6.6370576300e-01  6.7996279500e-01  5.9749388600e-01
    1.3170000000e+01 -3.8198658300e-01 -3.2438893100e-01 -3.3757300200e-01  6.6086597300e-01  6.7702076300e-01  5.9510337200e-01
    1.3180000000e+01 -3.7910263400e-01 -3.2231032300e-01 -3.3533306800e-01  6.5806558300e-01  6.7407575500e-01  5.9269938100e-01
    1.3190000000e+01 -3.7633151800e-01 -3.2027934900e-01 -3.3316354900e-01  6.5529240000e-01  6.7112752400e-01  5.9027308700e-01
    1.3200000000e+01 -3.7367735900e-01 -3.1829858300e-01 -3.3105997200e-01  6.5253296300e-01  6.6817582100e-01  5.8781687500e-01
    1.3210000000e+01 -3.7114265500e-01 -3.1637360300e-01 -3.2901797000e-01  6.4977259600e-01  6.6521863500e-01  5.8532377300e-01
    1.3220000000e+01 -3.6872784500e-01 -3.1451205300e-01 -3.2703313500e-01  6.4699564000e-01  6.6225057700e-01  5.8278692300e-01
    1.3230000000e+01 -3.6643093500e-01 -3.1272203800e-01 -3.2510059400e-01  6.4418586700e-01  6.5926177800e-01  5.8019926700e-01
    1.3240000000e+01 -3.6424726800e-01 -3.1101010300e-01 -3.2321446100e-01  6.4132706700e-01  6.5623753000e-01  5.7755355800e-01
    1.3250000000e+01 -3.6216950300e-01 -3.0937915600e-01 -3.2136735100e-01  6.3840370300e-01  6.5315879700e-01  5.7484271700e-01
    1.3260000000e+01 -3.6018783700e-01 -3.0782670800e-01 -3.1955011500e-01  6.3540155100e-01  6.5000353900e-01  5.7206044500e-01
    1.3270000000e+01 -3.5829041500e-01 -3.0634370700e-01 -3.1775191700e-01  6.3230822900e-01  6.4674866400e-01  5.6920196200e-01
    1.3280000000e+01 -3.5646388600e-01 -3.0491417800e-01 -3.1596064000e-01  6.2911353900e-01  6.4337229200e-01  5.6626468200e-01
    1.3290000000e+01 -3.5469399900e-01 -3.0351568500e-01 -3.1416357800e-01  6.2580959600e-01  6.3985602000e-01  5.6324868500e-01
    1.3300000000e+01 -3.5296616900e-01 -3.0212054400e-01 -3.1234827700e-01  6.2239076300e-01  6.3618687700e-01  5.6015687900e-01
    1.3310000000e+01 -3.5126593200e-01 -3.0069759200e-01 -3.1050336900e-01  6.1885341600e-01  6.3235874800e-01  5.5699484500e-01
    1.3320000000e+01 -3.4957925300e-01 -2.9921427900e-01 -3.0861929000e-01  6.1519560000e-01  6.2837314500e-01  5.5377040000e-01
    1.3330000000e+01 -3.4789265700e-01 -2.9763884100e-01 -3.0668878400e-01  6.1141666000e-01  6.2423928000e-01  5.5049297000e-01
    1.3340000000e+01 -3.4619319200e-01 -2.9594234400e-01 -3.0470716800e-01  6.0751689800e-01  6.1997350000e-01  5.4717287700e-01
    1.3350000000e+01 -3.4446826100e-01 -2.9410039300e-01 -3.0267236600e-01  6.0349734600e-01  6.1559816100e-01  5.4382061900e-01
    1.3360000000e+01 -3.4270537600e-01 -2.9209439600e-01 -3.0058474700e-01  5.9935968100e-01  6.1114012000e-01  5.4044623700e-01
    1.3370000000e+01 -3.4089191800e-01 -2.8991228500e-01 -2.9844683400e-01  5.9510632000e-01  6.0662900100e-01  5.3705877700e-01
    1.3380000000e+01 -3.3901499300e-01 -2.8754869300e-01 -2.9626292500e-01  5.9074066700e-01  6.0209543200e-01  5.3366588500e-01
    1.3390000000e+01 -3.3706143400e-01 -2.8500464900e-01 -2.9403866500e-01  5.8626745300e-01  5.9756943500e-01  5.3027351400e-01
    1.3400000000e+01 -3.3501800500e-01 -2.8228689500e-01 -2.9178061300e-01  5.8169308700e-01  5.9307908700e-01  5.2688572800e-01
    1.3410000000e+01 -3.3287177600e-01 -2.7940698400e-01 -2.8949578200e-01  5.7702592200e-01  5.8864951800e-01  5.2350460000e-01
    1.3420000000e+01 -3.3061061500e-01 -2.7638029500e-01 -2.8719119600e-01  5.7227636000e-01  5.8430224800e-01  5.2013018000e-01
    1.3430000000e+01 -3.2822372000e-01 -2.7322506500e-01 -2.8487342600e-01  5.6745677000e-01  5.8005479600e-01  5.1676055100e-01
    1.3440000000e+01 -3.2570209000e-01 -2.6996148700e-01 -2.8254814100e-01  5.6258121900e-01  5.7592048900e-01  5.1339196800e-01
    1.3450000000e+01 -3.2303889800e-01 -2.6661088200e-01 -2.8021967600e-01  5.5766507800e-01  5.7190839800e-01  5.1001910000e-01
    1.3460000000e+01 -3.2022970800e-01 -2.6319492000e-01 -2.7789063200e-01  5.5272455700e-01  5.6802338500e-01  5.0663537800e-01
    1.3470000000e+01 -3.1727258500e-01 -2.5973485300e-01 -2.7556155600e-01  5.4777622300e-01  5.6426623900e-01  5.0323345600e-01
    1.3480000000e+01 -3.1416808400e-01 -2.5625079200e-01 -2.7323073200e-01  5.4283654100e-01  5.6063394200e-01  4.9980578300e-01
    1.3490000000e+01 -3.1091917400e-01 -2.5276102800e-01 -2.7089412500e-01  5.3792143800e-01  5.5712007900e-01  4.9634524800e-01
    1.3500000000e+01 -3.0753108300e-01 -2.4928145500e-01 -2.6854553100e-01  5.3304588700e-01  5.5371538300e-01  4.9284586100e-01
    1.3510000000e+01 -3.0401108000e-01 -2.4582515700e-01 -2.6617693500e-01  5.2822352000e-01  5.5040840900e-01  4.8930340500e-01
    1.3520000000e+01 -3.0036816200e-01 -2.4240216900e-01 -2.6377909700e-01  5.2346627600e-01  5.4718625800e-01  4.8571596300e-01
    1.3530000000e+01 -2.9661266900e-01 -2.3901945200e-01 -2.6134231300e-01  5.1878411000e-01  5.4403531500e-01  4.8208425700e-01
    1.3540000000e+01 -2.9275581200e-01 -2.3568105200e-01 -2.5885728300e-01  5.1418480300e-01  5.4094190900e-01  4.7841170400e-01
    1.3550000000e+01 -2.8880916000e-01 -2.3238840000e-01 -2.5631597200e-01  5.0967390200e-01  5.3789285200e-01  4.7470416900e-01
    1.3560000000e+01 -2.8478412900e-01 -2.2914069800e-01 -2.5371235800e-01  5.0525480200e-01  5.3487582100e-01  4.7096942600e-01
    1.3570000000e+01 -2.8069151900e-01 -2.2593532600e-01 -2.5104294000e-01  5.0092898000e-01  5.3187958000e-01  4.6721636000e-01
    1.3580000000e+01 -2.7654115700e-01 -2.2276818600e-01 -2.4830693900e-01  4.9669634300e-01  5.2889405800e-01  4.6345405000e-01
    1.3590000000e+01 -2.7234168600e-01 -2.1963396700e-01 -2.4550614200e-01  4.9255566200e-01  5.2591034300e-01  4.5969082700e-01
    1.3600000000e+01 -2.6810051400e-01 -2.1652629900e-01 -2.4264443500e-01  4.8850500300e-01  5.2292066200e-01  4.5593347200e-01
    1.3610000000e+01 -2.6382390700e-01 -2.1343782100e-01 -2.3972708200e-01  4.8454212300e-01  5.1991837500e-01  4.5218663800e-01
    1.3620000000e+01 -2.5951719700e-01 -2.1036020700e-01 -2.3675987300e-01  4.8066474800e-01  5.1689806200e-01  4.4845257200e-01
    1.3630000000e+01 -2.5518502900e-01 -2.0728419600e-01 -2.3374824600e-01  4.7687072800e-01  5.1385567800e-01  4.4473115400e-01
    1.3640000000e+01 -2.5083159000e-01 -2.0419968700e-01 -2.3069650500e-01  4.7315806900e-01  5.1078879400e-01  4.4102021500e-01
    1.3650000000e+01 -2.4646077100e-01 -2.0109591800e-01 -2.2760718500e-01  4.6952487700e-01  5.0769686400e-01  4.3731609400e-01
    1.3660000000e+01 -2.4207624900e-01 -1.9796177500e-01 -2.2448065200e-01  4.6596927900e-01  5.0458149600e-01  4.3361435700e-01
    1.3670000000e+01 -2.3768150400e-01 -1.9478620500e-01 -2.2131495500e-01  4.6248936100e-01  5.0144667100e-01  4.2991061600e-01
    1.3680000000e+01 -2.3327979900e-01 -1.9155873900e-01 -2.1810596000e-01  4.5908314500e-01  4.9829885000e-01  4.2620134100e-01
    1.3690000000e+01 -2.2887417500e-01 -1.8827007200e-01 -2.1484774800e-01  4.5574860100e-01  4.9514695000e-01  4.2248459600e-01
    1.3700000000e+01 -2.2446746700e-01 -1.8491266200e-01 -2.1153324500e-01  4.5248368500e-01  4.9200216200e-01  4.1876060100e-01
    1.3710000000e+01 -2.2006235300e-01 -1.8148130100e-01 -2.0815500500e-01  4.4928634700e-01  4.8887759100e-01  4.1503204300e-01
    1.3720000000e+01 -2.1566140800e-01 -1.7797358600e-01 -2.0470605600e-01  4.4615451700e-01  4.8578775400e-01  4.1130411400e-01
    1.3730000000e+01 -2.1126714700e-01 -1.7439028300e-01 -2.0118070300e-01  4.4308604900e-01  4.8274795000e-01  4.0758424500e-01
    1.3740000000e+01 -2.0688201700e-01 -1.7073551300e-01 -1.9757518800e-01  4.4007864200e-01  4.7977354100e-01  4.0388161300e-01
    1.3750000000e+01 -2.0250834600e-01 -1.6701677600e-01 -1.9388813600e-01  4.3712977400e-01  4.7687919000e-01  4.0020645100e-01
    1.3760000000e+01 -1.9814825200e-01 -1.6324477700e-01 -1.9012075100e-01  4.3423666600e-01  4.7407811400e-01  3.9656929000e-01
    1.3770000000e+01 -1.9380352600e-01 -1.5943308800e-01 -1.8627676400e-01  4.3139630100e-01  4.7138138500e-01  3.9298019200e-01
    1.3780000000e+01 -1.8947554100e-01 -1.5559765500e-01 -1.8236214900e-01  4.2860551200e-01  4.6879733700e-01  3.8944807000e-01
    1.3790000000e+01 -1.8516520400e-01 -1.5175620000e-01 -1.7838467900e-01  4.2586110500e-01  4.6633109100e-01  3.8598015800e-01
    1.3800000000e+01 -1.8087298500e-01 -1.4792753200e-01 -1.7435337200e-01  4.2315999200e-01  4.6398422100e-01  3.8258163700e-01
    1.3810000000e+01 -1.7659899200e-01 -1.4413081100e-01 -1.7027788900e-01  4.2049929200e-01  4.6175455900e-01  3.7925546000e-01
    1.3820000000e+01 -1.7234308400e-01 -1.4038478300e-01 -1.6616794000e-01  4.1787637700e-01  4.5963615800e-01  3.7600232300e-01
    1.3830000000e+01 -1.6810497900e-01 -1.3670700600e-01 -1.6203272800e-01  4.1528885600e-01  4.5761939100e-01  3.7282080100e-01
    1.3840000000e+01 -1.6388431300e-01 -1.3311309500e-01 -1.5788046800e-01  4.1273450800e-01  4.5569122400e-01  3.6970759200e-01
    1.3850000000e+01 -1.5968065300e-01 -1.2961601800e-01 -1.5371797800e-01  4.1021121500e-01  4.5383565200e-01  3.6665787300e-01
    1.3860000000e+01 -1.5549345200e-01 -1.2622549200e-01 -1.4955038900e-01  4.0771690300e-01  4.5203429900e-01  3.6366573600e-01
    1.3870000000e+01 -1.5132198000e-01 -1.2294753200e-01 -1.4538096700e-01  4.0524954200e-01  4.5026716100e-01  3.6072467500e-01
    1.3880000000e+01 -1.4716525300e-01 -1.1978418100e-01 -1.4121108000e-01  4.0280718900e-01  4.4851345400e-01  3.5782811400e-01
    1.3890000000e+01 -1.4302199700e-01 -1.1673347600e-01 -1.3704030200e-01  4.0038808300e-01  4.4675248900e-01  3.5496991200e-01
    1.3900000000e+01 -1.3889065400e-01 -1.1378962500e-01 -1.3286667000e-01  3.9799076700e-01  4.4496452800e-01  3.5214482000e-01
    1.3910000000e+01 -1.3476945500e-01 -1.1094338100e-01 -1.2868705200e-01  3.9561420900e-01  4.4313153700e-01  3.4934883100e-01
    1.3920000000e+01 -1.3065654800e-01 -1.0818256800e-01 -1.2449760000e-01  3.9325790000e-01  4.4123780600e-01  3.4657940500e-01
    1.3930000000e+01 -1.2655016600e-01 -1.0549270700e-01 -1.2029424400e-01  3.9092189600e-01  4.3927039700e-01  3.4383552900e-01
    1.3940000000e+01 -1.2244882400e-01 -1.0285768900e-01 -1.1607315500e-01  3.8860680000e-01  4.3721943600e-01  3.4111762600e-01
    1.3950000000e+01 -1.1835150100e-01 -1.0026045800e-01 -1.1183114900e-01  3.8631366400e-01  4.3507823100e-01  3.3842731400e-01
    1.3960000000e+01 -1.1425778300e-01 -9.7683673000e-02 -1.0756596300e-01  3.8404382600e-01  4.3284325000e-01  3.3576706800e-01
    1.3970000000e+01 -1.1016795400e-01 -9.5110320000e-02 -1.0327639300e-01  3.8179870400e-01  4.3051395800e-01  3.3313981700e-01
    1.3980000000e+01 -1.0608300000e-01 -9.2524241000e-02 -9.8962277000e-02  3.7957955800e-01  4.2809252700e-01  3.3054854800e-01
    1.3990000000e+01 -1.0200454900e-01 -8.9910552000e-02 -9.4624333000e-02  3.7738727100e-01  4.2558345200e-01  3.2799596300e-01
    1.4000000000e+01 -9.7934727000e-02 -8.7255929000e-02 -9.0263905000e-02  3.7522214600e-01  4.2299311400e-01  3.2548424900e-01
    1.4010000000e+01 -9.3875968000e-02 -8.4548753000e-02 -8.5882653000e-02  3.7308377100e-01  4.2032932500e-01  3.2301497300e-01
    1.4020000000e+01 -8.9830792000e-02 -8.1779134000e-02 -8.1482254000e-02  3.7097094600e-01  4.1760091700e-01  3.2058912200e-01
    1.4030000000e+01 -8.5801571000e-02 -7.8938840000e-02 -7.7064163000e-02  3.6888168300e-01  4.1481740100e-01  3.1820725900e-01
    1.4040000000e+01 -8.1790325000e-02 -7.6021189000e-02 -7.2629488000e-02  3.6681328000e-01  4.1198871100e-01  3.1586976100e-01
    1.4050000000e+01 -7.7798560000e-02 -7.3020931000e-02 -6.8178989000e-02  3.6476243900e-01  4.0912501800e-01  3.1357707600e-01
    1.4060000000e+01 -7.3827159000e-02 -6.9934138000e-02 -6.3713204000e-02  3.6272540500e-01  4.0623660400e-01  3.1132994600e-01
    1.4070000000e+01 -6.9876320000e-02 -6.6758131000e-02 -5.9232661000e-02  3.6069810600e-01  4.0333375900e-01  3.0912954300e-01
    1.4080000000e+01 -6.5945518000e-02 -6.3491414000e-02 -5.4738145000e-02  3.5867626800e-01  4.0042668700e-01  3.0697748900e-01
    1.4090000000e+01 -6.2033475000e-02 -6.0133623000e-02 -5.0230938000e-02  3.5665552000e-01  3.9752541600e-01  3.0487574500e-01
    1.4100000000e+01 -5.8138110000e-02 -5.6685470000e-02 -4.5712995000e-02  3.5463148700e-01  3.9463969900e-01  3.0282641400e-01
    1.4110000000e+01 -5.4256486000e-02 -5.3148682000e-02 -4.1187021000e-02  3.5259991300e-01  3.9177892300e-01  3.0083148000e-01
    1.4120000000e+01 -5.0384742000e-02 -4.9525921000e-02 -3.6656446000e-02  3.5055681600e-01  3.8895202200e-01  2.9889254100e-01
    1.4130000000e+01 -4.6518061000e-02 -4.5820699000e-02 -3.2125304000e-02  3.4849870700e-01  3.8616740100e-01  2.9701058000e-01
    1.4140000000e+01 -4.2650697000e-02 -4.2037277000e-02 -2.7598052000e-02  3.4642285000e-01  3.8343289300e-01  2.9518579300e-01
    1.4150000000e+01 -3.8776081000e-02 -3.8180581000e-02 -2.3079357000e-02  3.4432755600e-01  3.8075573800e-01  2.9341748300e-01
    1.4160000000e+01 -3.4887050000e-02 -3.4256131000e-02 -1.8573876000e-02  3.4221245700e-01  3.7814259200e-01  2.9170402000e-01
    1.4170000000e+01 -3.0976176000e-02 -3.0270013000e-02 -1.4086038000e-02  3.4007872400e-01  3.7559953900e-01  2.9004284600e-01
    1.4180000000e+01 -2.7036180000e-02 -2.6228890000e-02 -9.6198370000e-03  3.3792918600e-01  3.7313210800e-01  2.8843053600e-01
    1.4190000000e+01 -2.3060393000e-02 -2.2140067000e-02 -5.1786440000e-03  3.3576829400e-01  3.7074523500e-01  2.8686288900e-01
    1.4200000000e+01 -1.9043202000e-02 -1.8011556000e-02 -7.6503700000e-04  3.3360194800e-01  3.6844315600e-01  2.8533507000e-01
    1.4210000000e+01 -1.4980423000e-02 -1.3852130000e-02  3.6193310000e-03  3.3143716700e-01  3.6622922100e-01  2.8384178000e-01
    1.4220000000e+01 -1.0869556000e-02 -9.6712890000e-03  7.9738410000e-03  3.2928165700e-01  3.6410562500e-01  2.8237745800e-01
    1.4230000000e+01 -6.7098780000e-03 -5.4791110000e-03  1.2298953000e-02  3.2714331500e-01  3.6207310200e-01  2.8093651600e-01
    1.4240000000e+01 -2.5023700000e-03 -1.2859490000e-03  1.6596201000e-02  3.2502974000e-01  3.6013065200e-01  2.7951357800e-01
    1.4250000000e+01  1.7505090000e-03  2.8979940000e-03  2.0868133000e-02  3.2294781300e-01  3.5827535000e-01  2.7810372000e-01
    1.4260000000e+01  6.0451660000e-03  7.0631890000e-03  2.5118178000e-02  3.2090339200e-01  3.5650232600e-01  2.7670268600e-01
    1.4270000000e+01  1.0377264000e-02  1.1201316000e-02  2.9350478000e-02  3.1890116600e-01  3.5480492200e-01  2.7530706700e-01
    1.4280000000e+01  1.4742113000e-02  1.5305735000e-02  3.3569667000e-02  3.1694465200e-01  3.5317504600e-01  2.7391443500e-01
    1.4290000000e+01  1.9134977000e-02  1.9371826000e-02  3.7780639000e-02  3.1503633000e-01  3.5160368200e-01  2.7252340800e-01
    1.4300000000e+01  2.3551283000e-02  2.3397132000e-02  4.1988298000e-02  3.1317784200e-01  3.5008148300e-01  2.7113366700e-01
    1.4310000000e+01  2.7986697000e-02  2.7381286000e-02  4.6197323000e-02  3.1137022600e-01  3.4859937300e-01  2.6974590000e-01
    1.4320000000e+01  3.2437103000e-02  3.1325756000e-02  5.0411954000e-02  3.0961410200e-01  3.4714906900e-01  2.6836169900e-01
    1.4330000000e+01  3.6898490000e-02  3.5233442000e-02  5.4635822000e-02  3.0790978600e-01  3.4572345200e-01  2.6698340500e-01
    1.4340000000e+01  4.1366828000e-02  3.9108223000e-02  5.8871819000e-02  3.0625730300e-01  3.4431676100e-01  2.6561391000e-01
    1.4350000000e+01  4.5837959000e-02  4.2954521000e-02  6.3122046000e-02  3.0465629600e-01  3.4292462500e-01  2.6425645200e-01
    1.4360000000e+01  5.0307576000e-02  4.6776946000e-02  6.7387812000e-02  3.0310585900e-01  3.4154395800e-01  2.6291440500e-01
    1.4370000000e+01  5.4771308000e-02  5.0580050000e-02  7.1669703000e-02  3.0160434500e-01  3.4017280300e-01  2.6159110200e-01
    1.4380000000e+01  5.9224927000e-02  5.4368171000e-02  7.5967682000e-02  3.0014920700e-01  3.3881016200e-01  2.6028969900e-01
    1.4390000000e+01  6.3664652000e-02  5.8145352000e-02  8.0281218000e-02  2.9873693400e-01  3.3745584700e-01  2.5901309600e-01
    1.4400000000e+01  6.8087507000e-02  6.1915293000e-02  8.4609402000e-02  2.9736313200e-01  3.3611038400e-01  2.5776391500e-01
    1.4410000000e+01  7.2491635000e-02  6.5681312000e-02  8.8951044000e-02  2.9602276700e-01  3.3477493500e-01  2.5654452100e-01
    1.4420000000e+01  7.6876523000e-02  6.9446302000e-02  9.3304718000e-02  2.9471055800e-01  3.3345126700e-01  2.5535706000e-01
    1.4430000000e+01  8.1243035000e-02  7.3212660000e-02  9.7668780000e-02  2.9342143900e-01  3.3214172600e-01  2.5420351300e-01
    1.4440000000e+01  8.5593262000e-02  7.6982181000e-02  1.0204133200e-01  2.9215104200e-01  3.3084921800e-01  2.5308572300e-01
    1.4450000000e+01  8.9930167000e-02  8.0755922000e-02  1.0642016700e-01  2.9089606500e-01  3.2957716500e-01  2.5200539000e-01
    1.4460000000e+01  9.4257105000e-02  8.4534019000e-02  1.1080271200e-01  2.8965447300e-01  3.2832941300e-01  2.5096402400e-01
    1.4470000000e+01  9.8577309000e-02  8.8315505000e-02  1.1518597600e-01  2.8842548600e-01  3.2711006500e-01  2.4996286300e-01
    1.4480000000e+01  1.0289343300e-01  9.2098148000e-02  1.1956653300e-01  2.8720934800e-01  3.2592323400e-01  2.4900275000e-01
    1.4490000000e+01  1.0720724100e-01  9.5878355000e-02  1.2394054100e-01  2.8600694100e-01  3.2477270300e-01  2.4808399700e-01
    1.4500000000e+01  1.1151948800e-01  9.9651181000e-02  1.2830380300e-01  2.8481933100e-01  3.2366154500e-01  2.4720624000e-01
    1.4510000000e+01  1.1582999900e-01  1.0341045800e-01  1.3265187800e-01  2.8364731500e-01  3.2259172400e-01  2.4636830200e-01
    1.4520000000e+01  1.2013790000e-01  1.0714904900e-01  1.3698022700e-01  2.8249107100e-01  3.2156373600e-01  2.4556807600e-01
    1.4530000000e+01  1.2444194900e-01  1.1085919700e-01  1.4128439200e-01  2.8134993100e-01  3.2057631800e-01  2.4480243200e-01
    1.4540000000e+01  1.2874089700e-01  1.1453295200e-01  1.4556021300e-01  2.8022229800e-01  3.1962626400e-01  2.4406715900e-01
    1.4550000000e+01  1.3303383900e-01  1.1816262300e-01  1.4980406500e-01  2.7910568800e-01  3.1870834200e-01  2.4335693600e-01
    1.4560000000e+01  1.3732050100e-01  1.2174124800e-01  1.5401313400e-01  2.7799687800e-01  3.1781531600e-01  2.4266535300e-01
    1.4570000000e+01  1.4160147200e-01  1.2526305700e-01  1.5818571700e-01  2.7689210500e-01  3.1693805800e-01  2.4198499800e-01
    1.4580000000e+01  1.4587835400e-01  1.2872391200e-01  1.6232154000e-01  2.7578732300e-01  3.1606575700e-01  2.4130762300e-01
    1.4590000000e+01  1.5015385500e-01  1.3212173500e-01  1.6642207200e-01  2.7467846800e-01  3.1518622000e-01  2.4062441400e-01
    1.4600000000e+01  1.5443181100e-01  1.3545689100e-01  1.7049078600e-01  2.7356174500e-01  3.1428628300e-01  2.3992638800e-01
    1.4610000000e+01  1.5871714600e-01  1.3873250500e-01  1.7453333100e-01  2.7243391400e-01  3.1335233800e-01  2.3920489600e-01
    1.4620000000e+01  1.6301576600e-01  1.4195464700e-01  1.7855755300e-01  2.7129256400e-01  3.1237098300e-01  2.3845222400e-01
    1.4630000000e+01  1.6733438400e-01  1.4513236600e-01  1.8257332000e-01  2.7013637500e-01  3.1132975700e-01  2.3766223100e-01
    1.4640000000e+01  1.7168027400e-01  1.4827748400e-01  1.8659213300e-01  2.6896533400e-01  3.1021790600e-01  2.3683094700e-01
    1.4650000000e+01  1.7606097000e-01  1.5140416000e-01  1.9062652800e-01  2.6778089700e-01  3.0902710500e-01  2.3595705500e-01
    1.4660000000e+01  1.8048391000e-01  1.5452822700e-01  1.9468931700e-01  2.6658606000e-01  3.0775204200e-01  2.3504216800e-01
    1.4670000000e+01  1.8495605800e-01  1.5766635700e-01  1.9879276100e-01  2.6538534600e-01  3.0639076900e-01  2.3409084500e-01
    1.4680000000e+01  1.8948354400e-01  1.6083514700e-01  2.0294775500e-01  2.6418466800e-01  3.0494478900e-01  2.3311033300e-01
    1.4690000000e+01  1.9407134200e-01  1.6405023300e-01  2.0716316300e-01  2.6299109900e-01  3.0341883300e-01  2.3211005300e-01
    1.4700000000e+01  1.9872304200e-01  1.6732554000e-01  2.1144535100e-01  2.6181256000e-01  3.0182039800e-01  2.3110091300e-01
    1.4710000000e+01  2.0344071800e-01  1.7067273000e-01  2.1579798800e-01  2.6065745700e-01  3.0015908800e-01  2.3009453600e-01
    1.4720000000e+01  2.0822491400e-01  1.7410090600e-01  2.2022210400e-01  2.5953432600e-01  2.9844585900e-01  2.2910250200e-01
    1.4730000000e+01  2.1307472900e-01  1.7761656100e-01  2.2471635900e-01  2.5845149900e-01  2.9669225800e-01  2.2813570400e-01
    1.4740000000e+01  2.1798796200e-01  1.8122375700e-01  2.2927746300e-01  2.5741685400e-01  2.9490973100e-01  2.2720386200e-01
    1.4750000000e+01  2.2296130600e-01  1.8492447600e-01  2.3390067500e-01  2.5643762100e-01  2.9310906700e-01  2.2631521500e-01
    1.4760000000e+01  2.2799052500e-01  1.8871909300e-01  2.3858029500e-01  2.5552027500e-01  2.9130002100e-01  2.2547639900e-01
    1.4770000000e+01  2.3307062400e-01  1.9260688500e-01  2.4331011900e-01  2.5467046300e-01  2.8949111800e-01  2.2469246400e-01
    1.4780000000e+01  2.3819597100e-01  1.9658652900e-01  2.4808380700e-01  2.5389296400e-01  2.8768964400e-01  2.2396699700e-01
    1.4790000000e+01  2.4336041200e-01  2.0065652100e-01  2.5289514700e-01  2.5319163400e-01  2.8590178200e-01  2.2330230600e-01
    1.4800000000e+01  2.4855736800e-01  2.0481547800e-01  2.5773823700e-01  2.5256934700e-01  2.8413286000e-01  2.2269962800e-01
    1.4810000000e+01  2.5377995600e-01  2.0906231200e-01  2.6260757600e-01  2.5202791500e-01  2.8238764600e-01  2.2215932400e-01
    1.4820000000e+01  2.5902114800e-01  2.1339626500e-01  2.6749809200e-01  2.5156800600e-01  2.8067064800e-01  2.2168104200e-01
    1.4830000000e+01  2.6427395700e-01  2.1781683600e-01  2.7240514000e-01  2.5118908700e-01  2.7898635800e-01  2.2126383400e-01
    1.4840000000e+01  2.6953167300e-01  2.2232362800e-01  2.7732448200e-01  2.5088940500e-01  2.7733942500e-01  2.2090622100e-01
    1.4850000000e+01  2.7478809600e-01  2.2691616600e-01  2.8225227500e-01  2.5066603000e-01  2.7573471800e-01  2.2060621600e-01
    1.4860000000e+01  2.8003777500e-01  2.3159372600e-01  2.8718510900e-01  2.5051495300e-01  2.7417731500e-01  2.2036130900e-01
    1.4870000000e+01  2.8527620900e-01  2.3635520100e-01  2.9212007600e-01  2.5043124100e-01  2.7267240900e-01  2.2016845900e-01
    1.4880000000e+01  2.9050000900e-01  2.4119903000e-01  2.9705489800e-01  2.5040922400e-01  2.7122517800e-01  2.2002410300e-01
    1.4890000000e+01  2.9570701900e-01  2.4612319300e-01  3.0198807900e-01  2.5044270100e-01  2.6984064800e-01  2.1992421400e-01
    1.4900000000e+01  3.0089641000e-01  2.5112526100e-01  3.0691906500e-01  2.5052516000e-01  2.6852355800e-01  2.1986443500e-01
    1.4910000000e+01  3.0606873800e-01  2.5620249300e-01  3.1184837200e-01  2.5065000000e-01  2.6727826100e-01  2.1984027900e-01
    1.4920000000e+01  3.1122599000e-01  2.6135197600e-01  3.1677765900e-01  2.5081078400e-01  2.6610867200e-01  2.1984738400e-01
    1.4930000000e+01  3.1637157700e-01  2.6657076600e-01  3.2170970900e-01  2.5100151200e-01  2.6501826600e-01  2.1988179900e-01
    1.4940000000e+01  3.2151027600e-01  2.7185603600e-01  3.2664832000e-01  2.5121692100e-01  2.6401014400e-01  2.1994026400e-01
    1.4950000000e+01  3.2664808600e-01  2.7720517200e-01  3.3159810600e-01  2.5145278000e-01  2.6308714800e-01  2.2002043700e-01
    1.4960000000e+01  3.3179200300e-01  2.8261582500e-01  3.3656425300e-01  2.5170614800e-01  2.6225201400e-01  2.2012104800e-01
    1.4970000000e+01  3.3694972300e-01  2.8808588000e-01  3.4155224200e-01  2.5197556900e-01  2.6150752100e-01  2.2024196600e-01
    1.4980000000e+01  3.4212931700e-01  2.9361337800e-01  3.4656759200e-01  2.5226116900e-01  2.6085660600e-01  2.2038417800e-01
    1.4990000000e+01  3.4733890800e-01  2.9919639600e-01  3.5161564300e-01  2.5256466200e-01  2.6030242900e-01  2.2054970400e-01
    1.5000000000e+01  3.5258638500e-01  3.0483293700e-01  3.5670141100e-01  2.5288927700e-01  2.5984836200e-01  2.2074147100e-01
    1.5010000000e+01  3.5787917600e-01  3.1052086500e-01  3.6182948500e-01  2.5323964600e-01  2.5949794400e-01  2.2096318800e-01
    1.5020000000e+01  3.6322408200e-01  3.1625789400e-01  3.6700399400e-01  2.5362167100e-01  2.5925481900e-01  2.2121922900e-01
    1.5030000000e+01  3.6862714400e-01  3.2204163300e-01  3.7222858600e-01  2.5404240500e-01  2.5912272400e-01  2.2151455500e-01
    1.5040000000e+01  3.7409353900e-01  3.2786964600e-01  3.7750643100e-01  2.5450995500e-01  2.5910553300e-01  2.2185467200e-01
    1.5050000000e+01  3.7962746800e-01  3.3373947600e-01  3.8284019500e-01  2.5503339700e-01  2.5920738700e-01  2.2224562500e-01
    1.5060000000e+01  3.8523203000e-01  3.3964858600e-01  3.8823200300e-01  2.5562270200e-01  2.5943287300e-01  2.2269400400e-01
    1.5070000000e+01  3.9090906800e-01  3.4559418000e-01  3.9368334700e-01  2.5628864800e-01  2.5978719800e-01  2.2320696700e-01
    1.5080000000e+01  3.9665899800e-01  3.5157291200e-01  3.9919496900e-01  2.5704269200e-01  2.6027630900e-01  2.2379224000e-01
    1.5090000000e+01  4.0248061500e-01  3.5758049900e-01  4.0476668600e-01  2.5789680100e-01  2.6090687600e-01  2.2445808900e-01
    1.5100000000e+01  4.0837092100e-01  3.6361132700e-01  4.1039719700e-01  2.5886320000e-01  2.6168610900e-01  2.2521322700e-01
    1.5110000000e+01  4.1432498400e-01  3.6965810500e-01  4.1608387200e-01  2.5995405700e-01  2.6262141000e-01  2.2606665300e-01
    1.5120000000e+01  4.2033586900e-01  3.7571165400e-01  4.2182256100e-01  2.6118108900e-01  2.6371987600e-01  2.2702738400e-01
    1.5130000000e+01  4.2639468300e-01  3.8176087100e-01  4.2760746800e-01  2.6255513000e-01  2.6498774000e-01  2.2810410200e-01
    1.5140000000e+01  4.3249073000e-01  3.8779289500e-01  4.3343113500e-01  2.6408567900e-01  2.6642980200e-01  2.2930471000e-01
    1.5150000000e+01  4.3861182900e-01  3.9379343200e-01  4.3928457400e-01  2.6578048300e-01  2.6804894100e-01  2.3063585800e-01
    1.5160000000e+01  4.4474475000e-01  3.9974722300e-01  4.4515758000e-01  2.6764521000e-01  2.6984574800e-01  2.3210248700e-01
    1.5170000000e+01  4.5087576700e-01  4.0563857100e-01  4.5103920500e-01  2.6968325500e-01  2.7181830500e-01  2.3370747400e-01
    1.5180000000e+01  4.5699126400e-01  4.1145188800e-01  4.5691836700e-01  2.7189573200e-01  2.7396211100e-01  2.3545144100e-01
    1.5190000000e+01  4.6307832500e-01  4.1717222300e-01  4.6278451000e-01  2.7428167300e-01  2.7627012200e-01  2.3733277300e-01
    1.5200000000e+01  4.6912524000e-01  4.2278575800e-01  4.6862824400e-01  2.7683841000e-01  2.7873288600e-01  2.3934787000e-01
    1.5210000000e+01  4.7512184900e-01  4.2828027300e-01  4.7444187200e-01  2.7956212300e-01  2.8133876600e-01  2.4149159500e-01
    1.5220000000e+01  4.8105966600e-01  4.3364556900e-01  4.8021974400e-01  2.8244847100e-01  2.8407421600e-01  2.4375787200e-01
    1.5230000000e+01  4.8693178000e-01  4.3887388200e-01  4.8595839400e-01  2.8549323300e-01  2.8692416000e-01  2.4614035500e-01
    1.5240000000e+01  4.9273253000e-01  4.4396024000e-01  4.9165646900e-01  2.8869285900e-01  2.8987246300e-01  2.4863310400e-01
    1.5250000000e+01  4.9845699400e-01  4.4890274300e-01  4.9731446100e-01  2.9204488000e-01  2.9290251500e-01  2.5123117500e-01
    1.5260000000e+01  5.0410037300e-01  4.5370273000e-01  5.0293428200e-01  2.9554810800e-01  2.9599792900e-01  2.5393110400e-01
    1.5270000000e+01  5.0965732600e-01  4.5836475800e-01  5.0851874900e-01  2.9920261100e-01  2.9914331900e-01  2.5673122600e-01
    1.5280000000e+01  5.1512133500e-01  4.6289637400e-01  5.1407101100e-01  3.0300945800e-01  3.0232510800e-01  2.5963184100e-01
    1.5290000000e+01  5.2048416200e-01  4.6730765600e-01  5.1959397800e-01  3.0697025700e-01  3.0553230100e-01  2.6263521400e-01
    1.5300000000e+01  5.2573546400e-01  4.7161051100e-01  5.2508978300e-01  3.1108650400e-01  3.0875714100e-01  2.6574542900e-01
    1.5310000000e+01  5.3086261700e-01  4.7581778900e-01  5.3055932200e-01  3.1535880400e-01  3.1199559000e-01  2.6896812700e-01
    1.5320000000e+01  5.3585078600e-01  4.7994222400e-01  5.3600188400e-01  3.1978601500e-01  3.1524754900e-01  2.7231013900e-01
    1.5330000000e+01  5.4068328400e-01  4.8399530600e-01  5.4141488800e-01  3.2436438800e-01  3.1851677500e-01  2.7577906600e-01
    1.5340000000e+01  5.4534220700e-01  4.8798615400e-01  5.4679373700e-01  3.2908681400e-01  3.2181045300e-01  2.7938281400e-01
    1.5350000000e+01  5.4980933500e-01  4.9192052200e-01  5.5213178100e-01  3.3394224500e-01  3.2513841300e-01  2.8312913600e-01
    1.5360000000e+01  5.5406722600e-01  4.9580006900e-01  5.5742038600e-01  3.3891540600e-01  3.2851202300e-01  2.8702518800e-01
    1.5370000000e+01  5.5810041500e-01  4.9962198300e-01  5.6264909000e-01  3.4398684500e-01  3.3194288200e-01  2.9107713700e-01
    1.5380000000e+01  5.6189659300e-01  5.0337905900e-01  5.6780582900e-01  3.4913336500e-01  3.3544141700e-01  2.9528983300e-01
    1.5390000000e+01  5.6544763900e-01  5.0706020500e-01  5.7287718500e-01  3.5432882900e-01  3.3901557000e-01  2.9966655400e-01
    1.5400000000e+01  5.6875036600e-01  5.1065133800e-01  5.7784866100e-01  3.5954525700e-01  3.4266970800e-01  3.0420881100e-01
    1.5410000000e+01  5.7180690200e-01  5.1413655800e-01  5.8270493000e-01  3.6475411100e-01  3.4640387400e-01  3.0891619500e-01
    1.5420000000e+01  5.7462465700e-01  5.1749946000e-01  5.8743009000e-01  3.6992762700e-01  3.5021341800e-01  3.1378624900e-01
    1.5430000000e+01  5.7721590000e-01  5.2072447100e-01  5.9200791100e-01  3.7504002000e-01  3.5408902200e-01  3.1881433300e-01
    1.5440000000e+01  5.7959704400e-01  5.2379809300e-01  5.9642211900e-01  3.8006846900e-01  3.5801708500e-01  3.2399347600e-01
    1.5450000000e+01  5.8178774100e-01  5.2670997600e-01  6.0065674900e-01  3.8499379500e-01  3.6198040400e-01  3.2931424400e-01
    1.5460000000e+01  5.8380993700e-01  5.2945376200e-01  6.0469657900e-01  3.8980084100e-01  3.6595909700e-01  3.3476463600e-01
    1.5470000000e+01  5.8568697000e-01  5.3202765200e-01  6.0852765300e-01  3.9447859300e-01  3.6993169400e-01  3.4033009200e-01
    1.5480000000e+01  5.8744276900e-01  5.3443467100e-01  6.1213786000e-01  3.9902012100e-01  3.7387630600e-01  3.4599363700e-01
    1.5490000000e+01  5.8910115800e-01  5.3668263400e-01  6.1551749600e-01  4.0342241100e-01  3.7777180100e-01  3.5173621100e-01
    1.5500000000e+01  5.9068525300e-01  5.3878385400e-01  6.1865974900e-01  4.0768612000e-01  3.8159890700e-01  3.5753718900e-01
    1.5510000000e+01  5.9221691400e-01  5.4075461400e-01  6.2156101500e-01  4.1181527100e-01  3.8534118900e-01  3.6337504700e-01
    1.5520000000e+01  5.9371626000e-01  5.4261447200e-01  6.2422099300e-01  4.1581688000e-01  3.8898589700e-01  3.6922811300e-01
    1.5530000000e+01  5.9520125400e-01  5.4438540600e-01  6.2664253400e-01  4.1970049500e-01  3.9252465300e-01  3.7507529800e-01
    1.5540000000e+01  5.9668739800e-01  5.4609081500e-01  6.2883127300e-01  4.2347765600e-01  3.9595397600e-01  3.8089671600e-01
    1.5550000000e+01  5.9818756100e-01  5.4775439500e-01  6.3079509800e-01  4.2716130800e-01  3.9927558300e-01  3.8667411600e-01
    1.5560000000e+01  5.9971197000e-01  5.4939891800e-01  6.3254357100e-01  4.3076521200e-01  4.0249643500e-01  3.9239106700e-01
    1.5570000000e+01  6.0126835400e-01  5.5104501200e-01  6.3408739100e-01  4.3430340600e-01  4.0562847200e-01  3.9803292900e-01
    1.5580000000e+01  6.0286219600e-01  5.5271001900e-01  6.3543798700e-01  4.3778976300e-01  4.0868804900e-01  4.0358662600e-01
    1.5590000000e+01  6.0449706800e-01  5.5440702200e-01  6.3660731900e-01  4.4123767100e-01  4.1169510200e-01  4.0904033600e-01
    1.5600000000e+01  6.0617500400e-01  5.5614411200e-01  6.3760789400e-01  4.4465983800e-01  4.1467213700e-01  4.1438316500e-01
    1.5610000000e+01  6.0789686200e-01  5.5792387700e-01  6.3845298600e-01  4.4806822300e-01  4.1764310000e-01  4.1960494700e-01
    1.5620000000e+01  6.0966265200e-01  5.5974310700e-01  6.3915698600e-01  4.5147408300e-01  4.2063218500e-01  4.2469622800e-01
    1.5630000000e+01  6.1147180100e-01  5.6159271000e-01  6.3973577800e-01  4.5488811000e-01  4.2366257400e-01  4.2964852100e-01
    1.5640000000e+01  6.1332331400e-01  5.6345783400e-01  6.4020699100e-01  4.5832063600e-01  4.2675510700e-01  4.3445481800e-01
    1.5650000000e+01  6.1521584300e-01  5.6531829400e-01  6.4059001900e-01  4.6178185300e-01  4.2992689400e-01  4.3911029400e-01
    1.5660000000e+01  6.1714766400e-01  5.6714934200e-01  6.4090569300e-01  4.6528204200e-01  4.3318991900e-01  4.4361307900e-01
    1.5670000000e+01  6.1911657000e-01  5.6892287900e-01  6.4117561000e-01  4.6883176600e-01  4.3654977400e-01  4.4796492300e-01
    1.5680000000e+01  6.2111969900e-01  5.7060906700e-01  6.4142117600e-01  4.7244203000e-01  4.4000467400e-01  4.5217161100e-01
    1.5690000000e+01  6.2315330600e-01  5.7217828800e-01  6.4166249000e-01  4.7612441000e-01  4.4354491400e-01  4.5624301000e-01
    1.5700000000e+01  6.2521244200e-01  5.7360329100e-01  6.4191723000e-01  4.7989112900e-01  4.4715290900e-01  4.6019270400e-01
    1.5710000000e+01  6.2729055100e-01  5.7486132900e-01  6.4219971400e-01  4.8375505300e-01  4.5080387200e-01  4.6403726000e-01
    1.5720000000e+01  6.2937898800e-01  5.7593607200e-01  6.4252026600e-01  4.8772952500e-01  4.5446712500e-01  4.6779520400e-01
    1.5730000000e+01  6.3146651500e-01  5.7681910100e-01  6.4288496600e-01  4.9182799400e-01  4.5810795900e-01  4.7148585700e-01
    1.5740000000e+01  6.3353888300e-01  5.7751079600e-01  6.4329582500e-01  4.9606340400e-01  4.6168988300e-01  4.7512819400e-01
    1.5750000000e+01  6.3557862300e-01  5.7802052800e-01  6.4375132700e-01  5.0044737400e-01  4.6517705600e-01  4.7873988500e-01
    1.5760000000e+01  6.3756512300e-01  5.7836612700e-01  6.4424722300e-01  5.0498926200e-01  4.6853665800e-01  4.8233666100e-01
    1.5770000000e+01  6.3947503900e-01  5.7857267700e-01  6.4477741600e-01  5.0969526400e-01  4.7174097300e-01  4.8593207400e-01
    1.5780000000e+01  6.4128298700e-01  5.7867081000e-01  6.4533474200e-01  5.1456766400e-01  4.7476897900e-01  4.8953762400e-01
    1.5790000000e+01  6.4296242900e-01  5.7869466900e-01  6.4591148900e-01  5.1960432400e-01  4.7760733900e-01  4.9316315600e-01
    1.5800000000e+01  6.4448663600e-01  5.7867978900e-01  6.4649958500e-01  5.2479845100e-01  4.8025075400e-01  4.9681734800e-01
    1.5810000000e+01  6.4582964900e-01  5.7866106600e-01  6.4709046000e-01  5.3013860400e-01  4.8270173100e-01  5.0050809800e-01
    1.5820000000e+01  6.4696716200e-01  5.7867097000e-01  6.4767471400e-01  5.3560890900e-01  4.8496985100e-01  5.0424266900e-01
    1.5830000000e+01  6.4787733500e-01  5.7873810500e-01  6.4824174400e-01  5.4118941000e-01  4.8707066500e-01  5.0802752700e-01
    1.5840000000e+01  6.4854151400e-01  5.7888616700e-01  6.4877952200e-01  5.4685656800e-01  4.8902433100e-01  5.1186791500e-01
    1.5850000000e+01  6.4894486900e-01  5.7913333200e-01  6.4927462800e-01  5.5258387800e-01  4.9085412700e-01  5.1576727100e-01
    1.5860000000e+01  6.4907691400e-01  5.7949206700e-01  6.4971258600e-01  5.5834261700e-01  4.9258494900e-01  5.1972666100e-01
    1.5870000000e+01  6.4893186800e-01  5.7996931400e-01  6.5007846300e-01  5.6410272400e-01  4.9424191900e-01  5.2374435900e-01
    1.5880000000e+01  6.4850880600e-01  5.8056699900e-01  6.5035761500e-01  5.6983375400e-01  4.9584917400e-01  5.2781570100e-01
    1.5890000000e+01  6.4781157000e-01  5.8128277000e-01  6.5053645000e-01  5.7550586000e-01  4.9742890500e-01  5.3193321800e-01
    1.5900000000e+01  6.4684842100e-01  5.8211088900e-01  6.5060308400e-01  5.8109071500e-01  4.9900066400e-01  5.3608704200e-01
    1.5910000000e+01  6.4563148000e-01  5.8304319700e-01  6.5054778500e-01  5.8656228200e-01  5.0058097100e-01  5.4026549600e-01
    1.5920000000e+01  6.4417599900e-01  5.8407008300e-01  6.5036316000e-01  5.9189738000e-01  5.0218319600e-01  5.4445575200e-01
    1.5930000000e+01  6.4249956900e-01  5.8518136100e-01  6.5004410700e-01  5.9707599100e-01  5.0381771500e-01  5.4864444700e-01
    1.5940000000e+01  6.4062135200e-01  5.8636700400e-01  6.4958756400e-01  6.0208132200e-01  5.0549229200e-01  5.5281817100e-01
    1.5950000000e+01  6.3856143100e-01  5.8761765500e-01  6.4899216700e-01  6.0689967100e-01  5.0721262100e-01  5.5696375100e-01
    1.5960000000e+01  6.3634031700e-01  5.8892487700e-01  6.4825790700e-01  6.1152016400e-01  5.0898292900e-01  5.6106834600e-01
    1.5970000000e+01  6.3397864400e-01  5.9028115900e-01  6.4738587000e-01  6.1593446100e-01  5.1080654900e-01  5.6511937400e-01
    1.5980000000e+01  6.3149699400e-01  5.9167971600e-01  6.4637812700e-01  6.2013651400e-01  5.1268635300e-01  5.6910434600e-01
    1.5990000000e+01  6.2891579900e-01  5.9311417700e-01  6.4523779800e-01  6.2412239600e-01  5.1462498500e-01  5.7301069700e-01
    1.6000000000e+01  6.2625525400e-01  5.9457827500e-01  6.4396924700e-01  6.2789023000e-01  5.1662487900e-01  5.7682569200e-01
    1.6010000000e+01  6.2353518900e-01  5.9606563600e-01  6.4257838400e-01  6.3144015800e-01  5.1868810100e-01  5.8053646800e-01
    1.6020000000e+01  6.2077487600e-01  5.9756974300e-01  6.4107298200e-01  6.3477431800e-01  5.2081611000e-01  5.8413025000e-01
    1.6030000000e+01  6.1799281000e-01  5.9908409000e-01  6.3946293800e-01  6.3789677000e-01  5.2300954100e-01  5.8759474900e-01
    1.6040000000e+01  6.1520647100e-01  6.0060244800e-01  6.3776040000e-01  6.4081336300e-01  5.2526812400e-01  5.9091870600e-01
    1.6050000000e+01  6.1243213600e-01  6.0211917200e-01  6.3597968500e-01  6.4353153100e-01  5.2759075300e-01  5.9409252900e-01
    1.6060000000e+01  6.0968475300e-01  6.0362943800e-01  6.3413695100e-01  6.4606006800e-01  5.2997572100e-01  5.9710893000e-01
    1.6070000000e+01  6.0697788400e-01  6.0512935000e-01  6.3224963300e-01  6.4840889700e-01  5.3242102500e-01  5.9996345300e-01
    1.6080000000e+01  6.0432370700e-01  6.0661590200e-01  6.3033569400e-01  6.5058889600e-01  5.3492467700e-01  6.0265480100e-01
    1.6090000000e+01  6.0173302000e-01  6.0808684400e-01  6.2841277900e-01  6.5261176700e-01  5.3748494100e-01  6.0518488800e-01
    1.6100000000e+01  5.9921524100e-01  6.0954049600e-01  6.2649739000e-01  6.5448995200e-01  5.4010048100e-01  6.0755861000e-01
    1.6110000000e+01  5.9677835600e-01  6.1097558200e-01  6.2460419900e-01  6.5623657300e-01  5.4277043400e-01  6.0978334700e-01
    1.6120000000e+01  5.9442883700e-01  6.1239108900e-01  6.2274556000e-01  6.5786535000e-01  5.4549443200e-01  6.1186828500e-01
    1.6130000000e+01  5.9217152700e-01  6.1378616900e-01  6.2093130000e-01  6.5939050000e-01  5.4827263500e-01  6.1382364400e-01
    1.6140000000e+01  5.9000953000e-01  6.1516004200e-01  6.1916876400e-01  6.6082657800e-01  5.5110578700e-01  6.1565990900e-01
    1.6150000000e+01  5.8794410600e-01  6.1651187100e-01  6.1746312200e-01  6.6218830200e-01  5.5399529000e-01  6.1738717000e-01
    1.6160000000e+01  5.8597457700e-01  6.1784056100e-01  6.1581783600e-01  6.6349034600e-01  5.5694328900e-01  6.1901464100e-01
    1.6170000000e+01  5.8409822600e-01  6.1914449000e-01  6.1423524500e-01  6.6474709800e-01  5.5995270400e-01  6.2055041000e-01
    1.6180000000e+01  5.8231020300e-01  6.2042117000e-01  6.1271713300e-01  6.6597236300e-01  5.6302715400e-01  6.2200143100e-01
    1.6190000000e+01  5.8060345500e-01  6.2166690000e-01  6.1126520100e-01  6.6717896800e-01  5.6617075200e-01  6.2337373500e-01
    1.6200000000e+01  5.7896875600e-01  6.2287647100e-01  6.0988135800e-01  6.6837826200e-01  5.6938772100e-01  6.2467278100e-01
    1.6210000000e+01  5.7739489600e-01  6.2404301700e-01  6.0856780100e-01  6.6957954200e-01  5.7268189200e-01  6.2590384300e-01
    1.6220000000e+01  5.7586909800e-01  6.2515806600e-01  6.0732689100e-01  6.7078949400e-01  5.7605612100e-01  6.2707233200e-01
    1.6230000000e+01  5.7437766000e-01  6.2621181400e-01  6.0616092300e-01  6.7201174300e-01  5.7951173700e-01  6.2818397000e-01
    1.6240000000e+01  5.7290675300e-01  6.2719361600e-01  6.0507186000e-01  6.7324662400e-01  5.8304810800e-01  6.2924478800e-01
    1.6250000000e+01  5.7144328600e-01  6.2809260800e-01  6.0406115400e-01  6.7449124700e-01  5.8666242100e-01  6.3026097400e-01
    1.6260000000e+01  5.6997570500e-01  6.2889838700e-01  6.0312969700e-01  6.7573982600e-01  5.9034971700e-01  6.3123866500e-01
    1.6270000000e+01  5.6849461700e-01  6.2960159900e-01  6.0227791800e-01  6.7698426100e-01  5.9410317800e-01  6.3218375100e-01
    1.6280000000e+01  5.6699317300e-01  6.3019436800e-01  6.0150596100e-01  6.7821483800e-01  5.9791461700e-01  6.3310178600e-01
    1.6290000000e+01  5.6546719800e-01  6.3067047100e-01  6.0081388500e-01  6.7942095400e-01  6.0177506600e-01  6.3399801800e-01
    1.6300000000e+01  5.6391509400e-01  6.3102524800e-01  6.0020179500e-01  6.8059178000e-01  6.0567535500e-01  6.3487752700e-01
    1.6310000000e+01  5.6233759100e-01  6.3125529000e-01  5.9966987500e-01  6.8171676600e-01  6.0960654800e-01  6.3574540400e-01
    1.6320000000e+01  5.6073743100e-01  6.3135797300e-01  5.9921831800e-01  6.8278599200e-01  6.1356017200e-01  6.3660690500e-01
    1.6330000000e+01  5.5911905700e-01  6.3133097500e-01  5.9884719400e-01  6.8379037300e-01  6.1752815800e-01  6.3746754100e-01
    1.6340000000e+01  5.5748836100e-01  6.3117189700e-01  5.9855630000e-01  6.8472175000e-01  6.2150255000e-01  6.3833309000e-01
    1.6350000000e+01  5.5585250800e-01  6.3087810500e-01  5.9834504300e-01  6.8557294600e-01  6.2547502600e-01  6.3920953800e-01
    1.6360000000e+01  5.5421983700e-01  6.3044685300e-01  5.9821235400e-01  6.8633782200e-01  6.2943637800e-01  6.4010299200e-01
    1.6370000000e+01  5.5259979200e-01  6.2987569100e-01  5.9815666000e-01  6.8701137500e-01  6.3337607300e-01  6.4101958500e-01
    1.6380000000e+01  5.5100286200e-01  6.2916308500e-01  5.9817586700e-01  6.8758989700e-01  6.3728204500e-01  6.4196538600e-01
    1.6390000000e+01  5.4944046900e-01  6.2830913000e-01  5.9826736700e-01  6.8807118600e-01  6.4114077900e-01  6.4294632000e-01
    1.6400000000e+01  5.4792477900e-01  6.2731620500e-01  5.9842804800e-01  6.8845477800e-01  6.4493772000e-01  6.4396807500e-01
    1.6410000000e+01  5.4646842100e-01  6.2618943700e-01  5.9865434200e-01  6.8874215900e-01  6.4865792300e-01  6.4503600500e-01
    1.6420000000e+01  5.4508411500e-01  6.2493689600e-01  5.9894230700e-01  6.8893691200e-01  6.5228686000e-01  6.4615504300e-01
    1.6430000000e+01  5.4378425800e-01  6.2356948900e-01  5.9928775700e-01  6.8904475600e-01  6.5581124000e-01  6.4732963900e-01
    1.6440000000e+01  5.4258049500e-01  6.2210059600e-01  5.9968642100e-01  6.8907347200e-01  6.5921973800e-01  6.4856376600e-01
    1.6450000000e+01  5.4148333500e-01  6.2054550500e-01  6.0013410100e-01  6.8903271600e-01  6.6250355600e-01  6.4986100800e-01
    1.6460000000e+01  5.4050184000e-01  6.1892073900e-01  6.0062675800e-01  6.8893375900e-01  6.6565677400e-01  6.5122473000e-01
    1.6470000000e+01  5.3964339700e-01  6.1724333500e-01  6.0116051200e-01  6.8878918900e-01  6.6867648400e-01  6.5265828500e-01
    1.6480000000e+01  5.3891355300e-01  6.1553016200e-01  6.0173151500e-01  6.8861260500e-01  6.7156272500e-01  6.5416520200e-01
    1.6490000000e+01  5.3831590000e-01  6.1379730500e-01  6.0233573200e-01  6.8841832300e-01  6.7431824100e-01  6.5574929400e-01
    1.6500000000e+01  5.3785196500e-01  6.1205959100e-01  6.0296866700e-01  6.8822107100e-01  6.7694810400e-01  6.5741464300e-01
    1.6510000000e+01  5.3752112800e-01  6.1033026500e-01  6.0362511300e-01  6.8803564100e-01  6.7945925500e-01  6.5916543000e-01
    1.6520000000e+01  5.3732058200e-01  6.0862083600e-01  6.0429900200e-01  6.8787648200e-01  6.8186003200e-01  6.6100564800e-01
    1.6530000000e+01  5.3724540400e-01  6.0694108300e-01  6.0498340400e-01  6.8775722300e-01  6.8415973700e-01  6.6293875300e-01
    1.6540000000e+01  5.3728879300e-01  6.0529917000e-01  6.0567070900e-01  6.8769017400e-01  6.8636832100e-01  6.6496732000e-01
    1.6550000000e+01  5.3744250100e-01  6.0370181300e-01  6.0635296000e-01  6.8768590200e-01  6.8849619600e-01  6.6709283000e-01
    1.6560000000e+01  5.3769743200e-01  6.0215440900e-01  6.0702227800e-01  6.8775297300e-01  6.9055420600e-01  6.6931563000e-01
    1.6570000000e+01  5.3804431200e-01  6.0066105100e-01  6.0767126700e-01  6.8789795900e-01  6.9255369000e-01  6.7163511700e-01
    1.6580000000e+01  5.3847431400e-01  5.9922436600e-01  6.0829327700e-01  6.8812572300e-01  6.9450656500e-01  6.7405011400e-01
    1.6590000000e+01  5.3897946900e-01  5.9784518300e-01  6.0888244800e-01  6.8843994200e-01  6.9642529300e-01  6.7655935000e-01
    1.6600000000e+01  5.3955280200e-01  5.9652210500e-01  6.0943349400e-01  6.8884375000e-01  6.9832265100e-01  6.7916191500e-01
    1.6610000000e+01  5.4018813000e-01  5.9525110600e-01  6.0994126200e-01  6.8934032800e-01  7.0021120300e-01  6.8185755200e-01
    1.6620000000e+01  5.4087962300e-01  5.9402531500e-01  6.1040016900e-01  6.8993330900e-01  7.0210253100e-01  6.8464670500e-01
    1.6630000000e+01  5.4162122400e-01  5.9283511900e-01  6.1080365600e-01  6.9062688300e-01  7.0400628100e-01  6.8753026900e-01
    1.6640000000e+01  5.4240611200e-01  5.9166867800e-01  6.1114379900e-01  6.9142558800e-01  7.0592922200e-01  6.9050908700e-01
    1.6650000000e+01  5.4322635600e-01  5.9051282600e-01  6.1141118400e-01  6.9233385100e-01  7.0787447700e-01  6.9358329500e-01
    1.6660000000e+01  5.4407283900e-01  5.8935427500e-01  6.1159507800e-01  6.9335540600e-01  7.0984111400e-01  6.9675165500e-01
    1.6670000000e+01  5.4493549600e-01  5.8818094600e-01  6.1168388000e-01  6.9449273300e-01  7.1182421000e-01  7.0001100300e-01
    1.6680000000e+01  5.4580379100e-01  5.8698323900e-01  6.1166577100e-01  6.9574668300e-01  7.1381539900e-01  7.0335593900e-01
    1.6690000000e+01  5.4666733300e-01  5.8575502800e-01  6.1152941300e-01  6.9711634800e-01  7.1580386900e-01  7.0677880900e-01
    1.6700000000e+01  5.4751648400e-01  5.8449424600e-01  6.1126458600e-01  6.9859924400e-01  7.1777766200e-01  7.1026996600e-01
    1.6710000000e+01  5.4834282500e-01  5.8320294400e-01  6.1086261800e-01  7.0019173000e-01  7.1972509700e-01  7.1381825300e-01
    1.6720000000e+01  5.4913938500e-01  5.8188681800e-01  6.1031655800e-01  7.0188960400e-01  7.2163609500e-01  7.1741158200e-01
    1.6730000000e+01  5.4990058000e-01  5.8055429300e-01  6.0962104100e-01  7.0368872400e-01  7.2350318800e-01  7.2103746900e-01
    1.6740000000e+01  5.5062189500e-01  5.7921533600e-01  6.0877194100e-01  7.0558552300e-01  7.2532206600e-01  7.2468337500e-01
    1.6750000000e+01  5.5129936900e-01  5.7788022400e-01  6.0776590900e-01  7.0757733900e-01  7.2709158900e-01  7.2833675800e-01
    1.6760000000e+01  5.5192901000e-01  5.7655851800e-01  6.0659998700e-01  7.0966246900e-01  7.2881330700e-01  7.3198480300e-01
    1.6770000000e+01  5.5250624400e-01  5.7525842700e-01  6.0527146500e-01  7.1183997600e-01  7.3049067300e-01  7.3561389600e-01
    1.6780000000e+01  5.5302552000e-01  5.7398664200e-01  6.0377810700e-01  7.1410927900e-01  7.3212816100e-01  7.3920899400e-01
    1.6790000000e+01  5.5348011600e-01  5.7274860500e-01  6.0211880000e-01  7.1646962800e-01  7.3373053700e-01  7.4275310800e-01
    1.6800000000e+01  5.5386218500e-01  5.7154905600e-01  6.0029452600e-01  7.1891956000e-01  7.3530246000e-01  7.4622709700e-01
    1.6810000000e+01  5.5416301000e-01  5.7039264000e-01  5.9830950700e-01  7.2145645000e-01  7.3684849000e-01  7.4960996500e-01
    1.6820000000e+01  5.5437337400e-01  5.6928436600e-01  5.9617224300e-01  7.2407621500e-01  7.3837347700e-01  7.5287968400e-01
    1.6830000000e+01  5.5448396600e-01  5.6822972700e-01  5.9389621800e-01  7.2677320000e-01  7.3988316600e-01  7.5601449200e-01
    1.6840000000e+01  5.5448572300e-01  5.6723444100e-01  5.9150006200e-01  7.2954020800e-01  7.4138482300e-01  7.5899447000e-01
    1.6850000000e+01  5.5437004900e-01  5.6630383400e-01  5.8900710600e-01  7.3236859000e-01  7.4288768000e-01  7.6180313900e-01
    1.6860000000e+01  5.5412893800e-01  5.6544202000e-01  5.8644435700e-01  7.3524829900e-01  7.4440303600e-01  7.6442882700e-01
    1.6870000000e+01  5.5375505800e-01  5.6465107200e-01  5.8384106700e-01  7.3816782900e-01  7.4594396900e-01  7.6686559200e-01
    1.6880000000e+01  5.5324191300e-01  5.6393035100e-01  5.8122708300e-01  7.4111403700e-01  7.4752468800e-01  7.6911359600e-01
    1.6890000000e+01  5.5258419000e-01  5.6327616200e-01  5.7863123100e-01  7.4407190300e-01  7.4915965900e-01  7.7117892400e-01
    1.6900000000e+01  5.5177834100e-01  5.6268176500e-01  5.7607990000e-01  7.4702435700e-01  7.5086265200e-01  7.7307291700e-01
    1.6910000000e+01  5.5082338000e-01  5.6213775500e-01  5.7359596800e-01  7.4995231300e-01  7.5264589400e-01  7.7481115300e-01
    1.6920000000e+01  5.4972180100e-01  5.6163271300e-01  5.7119813000e-01  7.5283505100e-01  7.5451943900e-01  7.7641222000e-01
    1.6930000000e+01  5.4848043700e-01  5.6115400500e-01  5.6890067400e-01  7.5565099500e-01  7.5649086500e-01  7.7789641700e-01
    1.6940000000e+01  5.4711110100e-01  5.6068857000e-01  5.6671365500e-01  7.5837889700e-01  7.5856529200e-01  7.7928453500e-01
    1.6950000000e+01  5.4563080000e-01  5.6022357700e-01  5.6464346200e-01  7.6099931800e-01  7.6074569800e-01  7.8059684000e-01
    1.6960000000e+01  5.4406141800e-01  5.5974682600e-01  5.6269363400e-01  7.6349624100e-01  7.6303341500e-01  7.8185239100e-01
    1.6970000000e+01  5.4242880700e-01  5.5924686600e-01  5.6086581900e-01  7.6585857100e-01  7.6542865700e-01  7.8306875300e-01
    1.6980000000e+01  5.4076134800e-01  5.5871286200e-01  5.5916068500e-01  7.6808129100e-01  7.6793096100e-01  7.8426216400e-01
    1.6990000000e+01  5.3908816600e-01  5.5813430500e-01  5.5757860000e-01  7.7016608100e-01  7.7053942400e-01  7.8544806300e-01
    1.7000000000e+01  5.3743723200e-01  5.5750070400e-01  5.5611994100e-01  7.7212128500e-01  7.7325272300e-01  7.8664188200e-01
    1.7010000000e+01  5.3583362000e-01  5.5680134800e-01  5.5478495000e-01  7.7396125200e-01  7.7606893800e-01  7.8785990600e-01
    1.7020000000e+01  5.3429814100e-01  5.5602523900e-01  5.5357312700e-01  7.7570520700e-01  7.7898528000e-01  7.8911998700e-01
    1.7030000000e+01  5.3284646800e-01  5.5516117400e-01  5.5248227400e-01  7.7737582500e-01  7.8199780100e-01  7.9044191800e-01
    1.7040000000e+01  5.3148876600e-01  5.5419798500e-01  5.5150734200e-01  7.7899775300e-01  7.8510116600e-01  7.9184734400e-01
    1.7050000000e+01  5.3022976300e-01  5.5312485200e-01  5.5063932800e-01  7.8059624300e-01  7.8828853200e-01  7.9335914200e-01
    1.7060000000e+01  5.2906911800e-01  5.5193166600e-01  5.4986440900e-01  7.8219599700e-01  7.9155155200e-01  7.9500033700e-01
    1.7070000000e+01  5.2800198400e-01  5.5060937600e-01  5.4916350300e-01  7.8382027700e-01  7.9488050300e-01  7.9679268300e-01
    1.7080000000e+01  5.2701963500e-01  5.4915028500e-01  5.4851233600e-01  7.8549024700e-01  7.9826451800e-01  7.9875510000e-01
    1.7090000000e+01  5.2611010300e-01  5.4754826900e-01  5.4788203000e-01  7.8722450700e-01  8.0169191700e-01  8.0090214900e-01
    1.7100000000e+01  5.2525878200e-01  5.4579887100e-01  5.4724017100e-01  7.8903876400e-01  8.0515059200e-01  8.0324270500e-01
    1.7110000000e+01  5.2444900300e-01  5.4389925700e-01  5.4655225300e-01  7.9094560800e-01  8.0862840300e-01  8.0577898200e-01
    1.7120000000e+01  5.2366256500e-01  5.4184803400e-01  5.4578340500e-01  7.9295433700e-01  8.1211352700e-01  8.0850598600e-01
    1.7130000000e+01  5.2288025400e-01  5.3964494700e-01  5.4490024300e-01  7.9507082700e-01  8.1559469300e-01  8.1141149500e-01
    1.7140000000e+01  5.2208236400e-01  5.3729053000e-01  5.4387270500e-01  7.9729742800e-01  8.1906125900e-01  8.1447657500e-01
    1.7150000000e+01  5.2124924200e-01  5.3478577700e-01  5.4267566700e-01  7.9963287100e-01  8.2250311300e-01  8.1767664600e-01
    1.7160000000e+01  5.2036190600e-01  5.3213193000e-01  5.4129018700e-01  8.0207222400e-01  8.2591044100e-01  8.2098297800e-01
    1.7170000000e+01  5.1940274800e-01  5.2933043000e-01  5.3970422400e-01  8.0460691100e-01  8.2927341700e-01  8.2436449100e-01
    1.7180000000e+01  5.1835633300e-01  5.2638303700e-01  5.3791277200e-01  8.0722488400e-01  8.3258191200e-01  8.2778963800e-01
    1.7190000000e+01  5.1721026400e-01  5.2329210700e-01  5.3591743600e-01  8.0991101400e-01  8.3582529900e-01  8.3122818000e-01
    1.7200000000e+01  5.1595601900e-01  5.2006095500e-01  5.3372553100e-01  8.1264775700e-01  8.3899238900e-01  8.3465266100e-01
    1.7210000000e+01  5.1458966200e-01  5.1669424400e-01  5.3134888400e-01  8.1541613600e-01  8.4207153500e-01  8.3803947200e-01
    1.7220000000e+01  5.1311227300e-01  5.1319834900e-01  5.2880249000e-01  8.1819699500e-01  8.4505089000e-01  8.4136947100e-01
    1.7230000000e+01  5.1152998500e-01  5.0958165400e-01  5.2610318800e-01  8.2097243800e-01  8.4791880600e-01  8.4462817500e-01
    1.7240000000e+01  5.0985354100e-01  5.0585472700e-01  5.2326849100e-01  8.2372730000e-01  8.5066435700e-01  8.4780561100e-01
    1.7250000000e+01  5.0809737000e-01  5.0203034400e-01  5.2031560900e-01  8.2645045100e-01  8.5327796400e-01  8.5089593700e-01
    1.7260000000e+01  5.0627823900e-01  4.9812330100e-01  5.1726071100e-01  8.2913576900e-01  8.5575207100e-01  8.5389693100e-01
    1.7270000000e+01  5.0441364600e-01  4.9414998700e-01  5.1411836400e-01  8.3178262300e-01  8.5808180200e-01  8.5680943800e-01
    1.7280000000e+01  5.0252013000e-01  4.9012770800e-01  5.1090113100e-01  8.3439580300e-01  8.6026549300e-01  8.5963682200e-01
    1.7290000000e+01  5.0061172800e-01  4.8607381300e-01  5.0761923400e-01  8.3698491500e-01  8.6230501800e-01  8.6238442400e-01
    1.7300000000e+01  4.9869873000e-01  4.8200469400e-01  5.0428028100e-01  8.3956333800e-01  8.6420580100e-01  8.6505901100e-01
    1.7310000000e+01  4.9678686500e-01  4.7793480400e-01  5.0088904000e-01  8.4214688900e-01  8.6597649500e-01  8.6766815700e-01
    1.7320000000e+01  4.9487694900e-01  4.7387580500e-01  4.9744730400e-01  8.4475237400e-01  8.6762834700e-01  8.7021954200e-01
    1.7330000000e+01  4.9296497900e-01  4.6983595500e-01  4.9395390700e-01  8.4739617700e-01  8.6917432800e-01  8.7272015700e-01
    1.7340000000e+01  4.9104260300e-01  4.6581977400e-01  4.9040495500e-01  8.5009300600e-01  8.7062811800e-01  8.7517547700e-01
    1.7350000000e+01  4.8909786900e-01  4.6182801200e-01  4.8679429600e-01  8.5285488900e-01  8.7200305300e-01  8.7758865100e-01
    1.7360000000e+01  4.8711616500e-01  4.5785787600e-01  4.8311424000e-01  8.5569043900e-01  8.7331108100e-01  8.7995980900e-01
    1.7370000000e+01  4.8508124900e-01  4.5390353400e-01  4.7935650000e-01  8.5860440700e-01  8.7456178300e-01  8.8228555900e-01
    1.7380000000e+01  4.8297631600e-01  4.4995688400e-01  4.7551329600e-01  8.6159750600e-01  8.7576150100e-01  8.8455874600e-01
    1.7390000000e+01  4.8078505800e-01  4.4600860500e-01  4.7157856600e-01  8.6466647700e-01  8.7691263600e-01  8.8676852300e-01
    1.7400000000e+01  4.7849267100e-01  4.4204949300e-01  4.6754918600e-01  8.6780439800e-01  8.7801324700e-01  8.8890078400e-01
    1.7410000000e+01  4.7608679800e-01  4.3807199600e-01  4.6342610400e-01  8.7100123500e-01  8.7905708000e-01  8.9093898400e-01
    1.7420000000e+01  4.7355834400e-01  4.3407180100e-01  4.5921524300e-01  8.7424464400e-01  8.8003414000e-01  8.9286532700e-01
    1.7430000000e+01  4.7090207900e-01  4.3004924600e-01  4.5492805900e-01  8.7752103700e-01  8.8093186600e-01  8.9466225600e-01
    1.7440000000e+01  4.6811693600e-01  4.2601032400e-01  4.5058164100e-01  8.8081686300e-01  8.8173682500e-01  8.9631414700e-01
    1.7450000000e+01  4.6520588400e-01  4.2196706800e-01  4.4619830800e-01  8.8412002100e-01  8.8243679000e-01  8.9780902600e-01
    1.7460000000e+01  4.6217532600e-01  4.1793719000e-01  4.4180468100e-01  8.8742126100e-01  8.8302293100e-01  8.9914019900e-01
    1.7470000000e+01  4.5903398500e-01  4.1394295100e-01  4.3743028400e-01  8.9071539300e-01  8.8349186800e-01  9.0030760600e-01
    1.7480000000e+01  4.5579134200e-01  4.1000934400e-01  4.3310573100e-01  8.9400211300e-01  8.8384729600e-01  9.0131879200e-01
    1.7490000000e+01  4.5245576300e-01  4.0616173400e-01  4.2886061400e-01  8.9728625500e-01  8.8410098100e-01  9.0218934600e-01
    1.7500000000e+01  4.4903253700e-01  4.0242321800e-01  4.2472124000e-01  9.0057736100e-01  8.8427293600e-01  9.0294272700e-01
    1.7510000000e+01  4.4552207400e-01  3.9881196600e-01  4.2070842800e-01  9.0388851700e-01  8.8439072000e-01  9.0360938700e-01
    1.7520000000e+01  4.4191856900e-01  3.9533886300e-01  4.1683560000e-01  9.0723454600e-01  8.8448788000e-01  9.0422524100e-01
    1.7530000000e+01  4.3820935500e-01  3.9200570800e-01  4.1310738400e-01  9.1062973400e-01  8.8460166000e-01  9.0482958600e-01
    1.7540000000e+01  4.3437511000e-01  3.8880422400e-01  4.0951891200e-01  9.1408539800e-01  8.8477021100e-01  9.0546268600e-01
    1.7550000000e+01  4.3039093800e-01  3.8571598400e-01  4.0605585900e-01  9.1760762400e-01  8.8502957200e-01  9.0616326300e-01
    1.7560000000e+01  4.2622819900e-01  3.8271331000e-01  4.0269521600e-01  9.2119549800e-01  8.8541077700e-01  9.0696618500e-01
    1.7570000000e+01  4.2185684800e-01  3.7976102900e-01  3.9940663200e-01  9.2484009900e-01  8.8593737800e-01  9.0790053000e-01
    1.7580000000e+01  4.1724794100e-01  3.7681888800e-01  3.9615416500e-01  9.2852435900e-01  8.8662367500e-01  9.0898818800e-01
    1.7590000000e+01  4.1237596700e-01  3.7384434000e-01  3.9289820300e-01  9.3222378600e-01  8.8747379300e-01  9.1024304400e-01
    1.7600000000e+01  4.0722070500e-01  3.7079538200e-01  3.8959738700e-01  9.3590785500e-01  8.8848165900e-01  9.1167068800e-01
    1.7610000000e+01  4.0176842400e-01  3.6763316000e-01  3.8621038400e-01  9.3954181100e-01  8.8963179100e-01  9.1326859200e-01
    1.7620000000e+01  3.9601239500e-01  3.6432411100e-01  3.8269743300e-01  9.4308858700e-01  8.9090073200e-01  9.1502662000e-01
    1.7630000000e+01  3.8995279500e-01  3.6084153400e-01  3.7902164000e-01  9.4651058100e-01  8.9225892000e-01  9.1692777700e-01
    1.7640000000e+01  3.8359616200e-01  3.5716652900e-01  3.7515000400e-01  9.4977110800e-01  8.9367277400e-01  9.1894911600e-01
    1.7650000000e+01  3.7695460600e-01  3.5328833600e-01  3.7105420900e-01  9.5283547700e-01  8.9510682200e-01  9.2106273100e-01
    1.7660000000e+01  3.7004494000e-01  3.4920414200e-01  3.6671117800e-01  9.5567168200e-01  8.9652572900e-01  9.2323679400e-01
    1.7670000000e+01  3.6288786400e-01  3.4491841300e-01  3.6210342000e-01  9.5825077700e-01  8.9789611200e-01  9.2543660700e-01
    1.7680000000e+01  3.5550729100e-01  3.4044182700e-01  3.5721917900e-01  9.6054703900e-01  8.9918805500e-01  9.2762561500e-01
    1.7690000000e+01  3.4792984500e-01  3.3578990300e-01  3.5205241300e-01  9.6253800000e-01  9.0037623700e-01  9.2976636500e-01
    1.7700000000e+01  3.4018454900e-01  3.3098144300e-01  3.4660261800e-01  9.6420446600e-01  9.0144060500e-01  9.3182137300e-01
    1.7710000000e+01  3.3230266200e-01  3.2603692900e-01  3.4087456000e-01  9.6553061200e-01  9.0236653000e-01  9.3375387700e-01
    1.7720000000e+01  3.2431759900e-01  3.2097707000e-01  3.3487793900e-01  9.6650424400e-01  9.0314449700e-01  9.3552847500e-01
    1.7730000000e+01  3.1626480900e-01  3.1582165000e-01  3.2862704300e-01  9.6711727100e-01  9.0376939700e-01  9.3711167400e-01
    1.7740000000e+01  3.0818147700e-01  3.1058878500e-01  3.2214039600e-01  9.6736637900e-01  9.0423961400e-01  9.3847237500e-01
    1.7750000000e+01  3.0010590400e-01  3.0529461800e-01  3.1544041300e-01  9.6725381600e-01  9.0455609400e-01  9.3958234500e-01
    1.7760000000e+01  2.9207648400e-01  2.9995334600e-01  3.0855301400e-01  9.6678811400e-01  9.0472158700e-01  9.4041667800e-01
    1.7770000000e+01  2.8413028500e-01  2.9457743900e-01  3.0150719200e-01  9.6598456000e-01  9.0474016200e-01  9.4095427800e-01
    1.7780000000e+01  2.7630134000e-01  2.8917784800e-01  2.9433447100e-01  9.6486519700e-01  9.0461700700e-01  9.4117832000e-01
    1.7790000000e+01  2.6861883900e-01  2.8376405800e-01  2.8706823500e-01  9.6345824800e-01  9.0435841500e-01  9.4107667000e-01
    1.7800000000e+01  2.6110546800e-01  2.7834391600e-01  2.7974291900e-01  9.6179689700e-01  9.0397180200e-01  9.4064219900e-01
    1.7810000000e+01  2.5377615800e-01  2.7292327200e-01  2.7239306900e-01  9.5991751600e-01  9.0346558200e-01  9.3987290100e-01
    1.7820000000e+01  2.4663743100e-01  2.6750554800e-01  2.6505236100e-01  9.5785750100e-01  9.0284879000e-01  9.3877175900e-01
    1.7830000000e+01  2.3968747400e-01  2.6209143000e-01  2.5775267100e-01  9.5565295100e-01  9.0213042200e-01  9.3734631400e-01
    1.7840000000e+01  2.3291697500e-01  2.5667881400e-01  2.5052335500e-01  9.5333648200e-01  9.0131858100e-01  9.3560798000e-01
    1.7850000000e+01  2.2631062200e-01  2.5126313200e-01  2.4339082600e-01  9.5093542900e-01  9.0041956100e-01  9.3357121600e-01
    1.7860000000e+01  2.1984908600e-01  2.4583805300e-01  2.3637847200e-01  9.4847067300e-01  8.9943708100e-01  9.3125272100e-01
    1.7870000000e+01  2.1351124100e-01  2.4039649100e-01  2.2950683500e-01  9.4595622400e-01  8.9837183000e-01  9.2867082300e-01
    1.7880000000e+01  2.0727629700e-01  2.3493172100e-01  2.2279389200e-01  9.4339960400e-01  8.9722146500e-01  9.2584515900e-01
    1.7890000000e+01  2.0112554400e-01  2.2943841700e-01  2.1625524100e-01  9.4080292500e-01  8.9598106800e-01  9.2279662500e-01
    1.7900000000e+01  1.9504348200e-01  2.2391336600e-01  2.0990403400e-01  9.3816443500e-01  8.9464400200e-01  9.1954746800e-01
    1.7910000000e+01  1.8901818500e-01  2.1835571400e-01  2.0375062700e-01  9.3548023300e-01  8.9320294600e-01  9.1612131100e-01
    1.7920000000e+01  1.8304097000e-01  2.1276672200e-01  1.9780204200e-01  9.3274579100e-01  8.9165087300e-01  9.1254291700e-01
    1.7930000000e+01  1.7710551800e-01  2.0714910600e-01  1.9206142800e-01  9.2995703300e-01  8.8998173600e-01  9.0883759400e-01
    1.7940000000e+01  1.7120676900e-01  2.0150619400e-01  1.8652774500e-01  9.2711079500e-01  8.8819068600e-01  9.0503028300e-01
    1.7950000000e+01  1.6533987600e-01  1.9584114600e-01  1.8119583400e-01  9.2420466600e-01  8.8627383100e-01  9.0114446500e-01
    1.7960000000e+01  1.5949950800e-01  1.9015646300e-01  1.7605692800e-01  9.2123637000e-01  8.8422760800e-01  8.9720109600e-01
    1.7970000000e+01  1.5367964600e-01  1.8445393900e-01  1.7109955700e-01  9.1820291500e-01  8.8204801000e-01  8.9321778700e-01
    1.7980000000e+01  1.4787388500e-01  1.7873504100e-01  1.6631072100e-01  9.1509979600e-01  8.7972988000e-01  8.8920837300e-01
    1.7990000000e+01  1.4207614800e-01  1.7300164900e-01  1.6167711600e-01  9.1192047700e-01  8.7726648900e-01  8.8518297100e-01
    1.8000000000e+01  1.3628158200e-01  1.6725694900e-01  1.5718621300e-01  9.0865630000e-01  8.7464951500e-01  8.8114849400e-01
    1.8010000000e+01  1.3048744900e-01  1.6150629600e-01  1.5282700000e-01  9.0529685000e-01  8.7186945500e-01  8.7710952500e-01
    1.8020000000e+01  1.2469376500e-01  1.5575786600e-01  1.4859027100e-01  9.0183070100e-01  8.6891639900e-01  8.7306937100e-01
    1.8030000000e+01  1.1890358000e-01  1.5002295000e-01  1.4446841800e-01  8.9824639200e-01  8.6578105300e-01  8.6903106900e-01
    1.8040000000e+01  1.1312279700e-01  1.4431584400e-01  1.4045481800e-01  8.9453344900e-01  8.6245584700e-01  8.6499814200e-01
    1.8050000000e+01  1.0735959900e-01  1.3865330700e-01  1.3654294700e-01  8.9068322600e-01  8.5893594800e-01  8.6097494300e-01
    1.8060000000e+01  1.0162356300e-01  1.3305367200e-01  1.3272546600e-01  8.8668942100e-01  8.5522004300e-01  8.5696651100e-01
    1.8070000000e+01  9.5924680000e-02  1.2753573200e-01  1.2899348600e-01  8.8254814300e-01  8.5131073400e-01  8.5297797600e-01
    1.8080000000e+01  9.0272480000e-02  1.2211756400e-01  1.2533622000e-01  8.7825754600e-01  8.4721454800e-01  8.4901365600e-01
    1.8090000000e+01  8.4675466000e-02  1.1681543600e-01  1.2174109800e-01  8.7381712400e-01  8.4294154600e-01  8.4507606200e-01
    1.8100000000e+01  7.9140963000e-02  1.1164293300e-01  1.1819435000e-01  8.6922686600e-01  8.3850463700e-01  8.4116502300e-01
    1.8110000000e+01  7.3675412000e-02  1.0661033800e-01  1.1468191600e-01  8.6448647500e-01  8.3391868800e-01  8.3727714100e-01
    1.8120000000e+01  6.8285010000e-02  1.0172431000e-01  1.1119053000e-01  8.5959484300e-01  8.2919951500e-01  8.3340565100e-01
    1.8130000000e+01  6.2976547000e-02  9.6987871000e-02  1.0770875900e-01  8.5454993100e-01  8.2436285200e-01  8.2954071400e-01
    1.8140000000e+01  5.7758246000e-02  9.2400668000e-02  1.0422786400e-01  8.4934908900e-01  8.1942336400e-01  8.2567006600e-01
    1.8150000000e+01  5.2640381000e-02  8.7959524000e-02  1.0074234600e-01  8.4398979300e-01  8.1439378400e-01  8.2177991500e-01
    1.8160000000e+01  4.7635519000e-02  8.3659219000e-02  9.7250140000e-02  8.3847066600e-01  8.0928425100e-01  8.1785594000e-01
    1.8170000000e+01  4.2758260000e-02  7.9493431000e-02  9.3752449000e-02  8.3279258800e-01  8.0410192700e-01  8.1388424500e-01
    1.8180000000e+01  3.8024485000e-02  7.5455764000e-02  9.0253275000e-02  8.2695966600e-01  7.9885093500e-01  8.0985214200e-01
    1.8190000000e+01  3.3450185000e-02  7.1540726000e-02  8.6758756000e-02  8.2097984300e-01  7.9353264700e-01  8.0574867100e-01
    1.8200000000e+01  2.9050084000e-02  6.7744533000e-02  8.3276433000e-02  8.1486499500e-01  7.8814628000e-01  8.0156479700e-01
    1.8210000000e+01  2.4836283000e-02  6.4065648000e-02  7.9814593000e-02  8.0863045300e-01  7.8268971800e-01  7.9729331200e-01
    1.8220000000e+01  2.0817159000e-02  6.0504970000e-02  7.6381808000e-02  8.0229402400e-01  7.7716044900e-01  7.9292852400e-01
    1.8230000000e+01  1.6996723000e-02  5.7065697000e-02  7.2986735000e-02  7.9587465200e-01  7.7155645700e-01  7.8846584400e-01
    1.8240000000e+01  1.3374522000e-02  5.3752880000e-02  6.9638166000e-02  7.8939094000e-01  7.6587697400e-01  7.8390143900e-01
    1.8250000000e+01  9.9460810000e-03  5.0572795000e-02  6.6345261000e-02  7.8285976400e-01  7.6012298600e-01  7.7923203600e-01
    1.8260000000e+01  6.7037940000e-03  4.7532212000e-02  6.3117843000e-02  7.7629518100e-01  7.5429747900e-01  7.7445496500e-01
    1.8270000000e+01  3.6381030000e-03  4.4637679000e-02  5.9966622000e-02  7.6970775200e-01  7.4840542500e-01  7.6956842100e-01
    1.8280000000e+01  7.3876300000e-04  4.1894872000e-02  5.6903237000e-02  7.6310434300e-01  7.4245354500e-01  7.6457187400e-01
    1.8290000000e+01 -2.0039800000e-03  3.9308082000e-02  5.3940070000e-02  7.5648836500e-01  7.3644989700e-01  7.5946652400e-01
    1.8300000000e+01 -4.5984560000e-03  3.6879841000e-02  5.1089832000e-02  7.4986035700e-01  7.3040333200e-01  7.5425566100e-01
    1.8310000000e+01 -7.0509450000e-03  3.4610749000e-02  4.8364994000e-02  7.4321877300e-01  7.2432283800e-01  7.4894485400e-01
    1.8320000000e+01 -9.3653920000e-03  3.2499508000e-02  4.5777155000e-02  7.3656081100e-01  7.1821684100e-01  7.4354189600e-01
    1.8330000000e+01 -1.1543378000e-02  3.0543222000e-02  4.3336457000e-02  7.2988318800e-01  7.1209250700e-01  7.3805651700e-01
    1.8340000000e+01 -1.3584291000e-02  2.8737961000e-02  4.1051147000e-02  7.2318277800e-01  7.0595515500e-01  7.3249991700e-01
    1.8350000000e+01 -1.5485582000e-02  2.7079573000e-02  3.8927310000e-02  7.1645710200e-01  6.9980788700e-01  7.2688417600e-01
    1.8360000000e+01 -1.7243062000e-02  2.5564648000e-02  3.6968817000e-02  7.0970471600e-01  6.9365156100e-01  7.2122162700e-01
    1.8370000000e+01 -1.8851221000e-02  2.4191492000e-02  3.5177470000e-02  7.0292552000e-01  6.8748515600e-01  7.1552425400e-01
    1.8380000000e+01 -2.0303562000e-02  2.2960938000e-02  3.3553321000e-02  6.9612101400e-01  6.8130655900e-01  7.0980316400e-01
    1.8390000000e+01 -2.1593004000e-02  2.1876809000e-02  3.2095155000e-02  6.8929451400e-01  6.7511366000e-01  7.0406819100e-01
    1.8400000000e+01 -2.2712320000e-02  2.0945914000e-02  3.0801089000e-02  6.8245127500e-01  6.6890562100e-01  6.9832768000e-01
    1.8410000000e+01 -2.3654639000e-02  2.0177522000e-02  2.9669226000e-02  6.7559851200e-01  6.6268408100e-01  6.9258849200e-01
    1.8420000000e+01 -2.4413927000e-02  1.9582397000e-02  2.8698292000e-02  6.6874527200e-01  6.5645408600e-01  6.8685627500e-01
    1.8430000000e+01 -2.4985427000e-02  1.9171527000e-02  2.7888132000e-02  6.6190216400e-01  6.5022458700e-01  6.8113597000e-01
    1.8440000000e+01 -2.5365985000e-02  1.8954778000e-02  2.7239976000e-02  6.5508099000e-01  6.4400843500e-01  6.7543250400e-01
    1.8450000000e+01 -2.5554238000e-02  1.8939665000e-02  2.6756413000e-02  6.4829428800e-01  6.3782189400e-01  6.6975156500e-01
    1.8460000000e+01 -2.5550653000e-02  1.9130403000e-02  2.6441039000e-02  6.4155488300e-01  6.3168378600e-01  6.6410032400e-01
    1.8470000000e+01 -2.5357411000e-02  1.9527335000e-02  2.6297838000e-02  6.3487547000e-01  6.2561442200e-01  6.5848797200e-01
    1.8480000000e+01 -2.4978182000e-02  2.0126754000e-02  2.6330400000e-02  6.2826829800e-01  6.1963446500e-01  6.5292598200e-01
    1.8490000000e+01 -2.4417829000e-02  2.0921088000e-02  2.6541109000e-02  6.2174499700e-01  6.1376387000e-01  6.4742807300e-01
    1.8500000000e+01 -2.3682121000e-02  2.1899376000e-02  2.6930406000e-02  6.1531655900e-01  6.0802102400e-01  6.4200990400e-01
    1.8510000000e+01 -2.2777517000e-02  2.3047927000e-02  2.7496223000e-02  6.0899345400e-01  6.0242213000e-01  6.3668857800e-01
    1.8520000000e+01 -2.1711102000e-02  2.4351046000e-02  2.8233588000e-02  6.0278583000e-01  5.9698089200e-01  6.3148205000e-01
    1.8530000000e+01 -2.0490686000e-02  2.5791710000e-02  2.9134406000e-02  5.9670370700e-01  5.9170846000e-01  6.2640848800e-01
    1.8540000000e+01 -1.9125059000e-02  2.7352095000e-02  3.0187371000e-02  5.9075707900e-01  5.8661357400e-01  6.2148565500e-01
    1.8550000000e+01 -1.7624326000e-02  2.9013907000e-02  3.1377971000e-02  5.8495584900e-01  5.8170280500e-01  6.1673029400e-01
    1.8560000000e+01 -1.6000255000e-02  3.0758518000e-02  3.2688579000e-02  5.7930956600e-01  5.7698078100e-01  6.1215751600e-01
    1.8570000000e+01 -1.4266529000e-02  3.2566944000e-02  3.4098637000e-02  5.7382698200e-01  5.7245030200e-01  6.0778018000e-01
    1.8580000000e+01 -1.2438833000e-02  3.4419776000e-02  3.5584937000e-02  5.6851545600e-01  5.6811228700e-01  6.0360826000e-01
    1.8590000000e+01 -1.0534730000e-02  3.6297166000e-02  3.7122060000e-02  5.6338030100e-01  5.6396553800e-01  5.9964819600e-01
    1.8600000000e+01 -8.5732970000e-03  3.8178968000e-02  3.8682994000e-02  5.5842412500e-01  5.6000638700e-01  5.9590230100e-01
    1.8610000000e+01 -6.5745270000e-03  4.0045102000e-02  4.0239941000e-02  5.5364627800e-01  5.5622830900e-01  5.9236825600e-01
    1.8620000000e+01 -4.5585210000e-03  4.1876133000e-02  4.1765323000e-02  5.4904246700e-01  5.5262163200e-01  5.8903879600e-01
    1.8630000000e+01 -2.5445550000e-03  4.3654048000e-02  4.3232919000e-02  5.4460462600e-01  5.4917343400e-01  5.8590166000e-01
    1.8640000000e+01 -5.5007400000e-04  4.5363105000e-02  4.4619046000e-02  5.4032108600e-01  5.4586772800e-01  5.8293987600e-01
    1.8650000000e+01  1.4102450000e-03  4.6990657000e-02  4.5903670000e-02  5.3617706500e-01  5.4268595100e-01  5.8013239100e-01
    1.8660000000e+01  3.3252660000e-03  4.8527809000e-02  4.7071310000e-02  5.3215544500e-01  5.3960774500e-01  5.7745502400e-01
    1.8670000000e+01  5.1878990000e-03  4.9969804000e-02  4.8111633000e-02  5.2823778500e-01  5.3661195000e-01  5.7488166000e-01
    1.8680000000e+01  6.9952640000e-03  5.1316064000e-02  4.9019682000e-02  5.2440545100e-01  5.3367768900e-01  5.7238555500e-01
    1.8690000000e+01  8.7484720000e-03  5.2569865000e-02  4.9795712000e-02  5.2064072900e-01  5.3078540800e-01  5.6994063600e-01
    1.8700000000e+01  1.0452083000e-02  5.3737713000e-02  5.0444671000e-02  5.1692780300e-01  5.2791773200e-01  5.6752264400e-01
    1.8710000000e+01  1.2113285000e-02  5.4828494000e-02  5.0975418000e-02  5.1325345600e-01  5.2506004200e-01  5.6511005600e-01
    1.8720000000e+01  1.3740947000e-02  5.5852548000e-02  5.1399765000e-02  5.0960745300e-01  5.2220072200e-01  5.6268469300e-01
    1.8730000000e+01  1.5344666000e-02  5.6820784000e-02  5.1731459000e-02  5.0598256500e-01  5.1933109500e-01  5.6023202500e-01
    1.8740000000e+01  1.6933948000e-02  5.7743938000e-02  5.1985200000e-02  5.0237430200e-01  5.1644509900e-01  5.5774116700e-01
    1.8750000000e+01  1.8517605000e-02  5.8632048000e-02  5.2175777000e-02  4.9878043700e-01  5.1353880300e-01  5.5520462200e-01
    1.8760000000e+01  2.0103415000e-02  5.9494144000e-02  5.2317389000e-02  4.9520044100e-01  5.1060984600e-01  5.5261784200e-01
    1.8770000000e+01  2.1698007000e-02  6.0338165000e-02  5.2423186000e-02  4.9163494500e-01  5.0765688200e-01  5.4997866400e-01
    1.8780000000e+01  2.3306936000e-02  6.1171057000e-02  5.2505029000e-02  4.8808529400e-01  5.0467908900e-01  5.4728672800e-01
    1.8790000000e+01  2.4934853000e-02  6.1999008000e-02  5.2573462000e-02  4.8455324200e-01  5.0167580700e-01  5.4454294600e-01
    1.8800000000e+01  2.6585716000e-02  6.2827784000e-02  5.2637829000e-02  4.8104079100e-01  4.9864631600e-01  5.4174907600e-01
    1.8810000000e+01  2.8262962000e-02  6.3663091000e-02  5.2706475000e-02  4.7755015200e-01  4.9558980000e-01  5.3890745500e-01
    1.8820000000e+01  2.9969614000e-02  6.4510887000e-02  5.2786962000e-02  4.7408378300e-01  4.9250547400e-01  5.3602087700e-01
    1.8830000000e+01  3.1708307000e-02  6.5377582000e-02  5.2886221000e-02  4.7064446200e-01  4.8939285200e-01  5.3309259500e-01
    1.8840000000e+01  3.3481222000e-02  6.6270079000e-02  5.3010613000e-02  4.6723534400e-01  4.8625208500e-01  5.3012639000e-01
    1.8850000000e+01  3.5289955000e-02  6.7195633000e-02  5.3165883000e-02  4.6385996600e-01  4.8308427300e-01  5.2712665000e-01
    1.8860000000e+01  3.7135362000e-02  6.8161571000e-02  5.3357020000e-02  4.6052216500e-01  4.7989169600e-01  5.2409840600e-01
    1.8870000000e+01  3.9017418000e-02  6.9174928000e-02  5.3588054000e-02  4.5722589800e-01  4.7667788300e-01  5.2104727000e-01
    1.8880000000e+01  4.0935146000e-02  7.0242088000e-02  5.3861858000e-02  4.5397498100e-01  4.7344753300e-01  5.1797926900e-01
    1.8890000000e+01  4.2886663000e-02  7.1368485000e-02  5.4179999000e-02  4.5077276800e-01  4.7020627700e-01  5.1490055500e-01
    1.8900000000e+01  4.4869364000e-02  7.2558447000e-02  5.4542707000e-02  4.4762185100e-01  4.6696036500e-01  5.1181705000e-01
    1.8910000000e+01  4.6880239000e-02  7.3815172000e-02  5.4948981000e-02  4.4452382100e-01  4.6371633300e-01  5.0873405800e-01
    1.8920000000e+01  4.8916294000e-02  7.5140835000e-02  5.5396856000e-02  4.4147918600e-01  4.6048072100e-01  5.0565593200e-01
    1.8930000000e+01  5.0974988000e-02  7.6536780000e-02  5.5883784000e-02  4.3848746100e-01  4.5725987900e-01  5.0258585700e-01
    1.8940000000e+01  5.3054613000e-02  7.8003735000e-02  5.6407070000e-02  4.3554743800e-01  4.5405990600e-01  4.9952579300e-01
    1.8950000000e+01  5.5154534000e-02  7.9542002000e-02  5.6964297000e-02  4.3265760600e-01  4.5088667500e-01  4.9647659000e-01
    1.8960000000e+01  5.7275240000e-02  8.1151562000e-02  5.7553651000e-02  4.2981662600e-01  4.4774594600e-01  4.9343824700e-01
    1.8970000000e+01  5.9418203000e-02  8.2832100000e-02  5.8174113000e-02  4.2702379700e-01  4.4464349200e-01  4.9041025700e-01
    1.8980000000e+01  6.1585570000e-02  8.4582931000e-02  5.8825497000e-02  4.2427941300e-01  4.4158520800e-01  4.8739196200e-01
    1.8990000000e+01  6.3779753000e-02  8.6402870000e-02  5.9508358000e-02  4.2158496700e-01  4.3857713600e-01  4.8438286400e-01
    1.9000000000e+01  6.6003004000e-02  8.8290092000e-02  6.0223826000e-02  4.1894319800e-01  4.3562542500e-01  4.8138284200e-01
    1.9010000000e+01  6.8257026000e-02  9.0242023000e-02  6.0973404000e-02  4.1635798500e-01  4.3273618900e-01  4.7839227800e-01
    1.9020000000e+01  7.0542664000e-02  9.2255304000e-02  6.1758784000e-02  4.1383415100e-01  4.2991533300e-01  4.7541211800e-01
    1.9030000000e+01  7.2859689000e-02  9.4325847000e-02  6.2581680000e-02  4.1137721600e-01  4.2716837000e-01  4.7244387400e-01
    1.9040000000e+01  7.5206661000e-02  9.6448951000e-02  6.3443678000e-02  4.0899313200e-01  4.2450029000e-01  4.6948961600e-01
    1.9050000000e+01  7.7580837000e-02  9.8619467000e-02  6.4346093000e-02  4.0668803400e-01  4.2191549500e-01  4.6655192800e-01
    1.9060000000e+01  7.9978118000e-02  1.0083192800e-01  6.5289821000e-02  4.0446797200e-01  4.1941782000e-01  4.6363384000e-01
    1.9070000000e+01  8.2393030000e-02  1.0308064500e-01  6.6275220000e-02  4.0233863900e-01  4.1701061100e-01  4.6073869500e-01
    1.9080000000e+01  8.4818749000e-02  1.0535971500e-01  6.7302036000e-02  4.0030506800e-01  4.1469679900e-01  4.5786998500e-01
    1.9090000000e+01  8.7247200000e-02  1.0766296600e-01  6.8369404000e-02  3.9837131700e-01  4.1247896400e-01  4.5503115700e-01
    1.9100000000e+01  8.9669249000e-02  1.0998386500e-01  6.9475936000e-02  3.9654015900e-01  4.1035931400e-01  4.5222545300e-01
    1.9110000000e+01  9.2074973000e-02  1.1231542100e-01  7.0619857000e-02  3.9481283000e-01  4.0833960100e-01  4.4945582000e-01
    1.9120000000e+01  9.4454009000e-02  1.1465013600e-01  7.1799148000e-02  3.9318883200e-01  4.0642094300e-01  4.4672490700e-01
    1.9130000000e+01  9.6795944000e-02  1.1698002800e-01  7.3011639000e-02  3.9166585500e-01  4.0460360800e-01  4.4403512800e-01
    1.9140000000e+01  9.9090707000e-02  1.1929677100e-01  7.4255027000e-02  3.9023978100e-01  4.0288677800e-01  4.4138874900e-01
    1.9150000000e+01  1.0132895400e-01  1.2159193700e-01  7.5526828000e-02  3.8890479100e-01  4.0126835200e-01  4.3878794900e-01
    1.9160000000e+01  1.0350240600e-01  1.2385733600e-01  7.6824292000e-02  3.8765356000e-01  3.9974484400e-01  4.3623481900e-01
    1.9170000000e+01  1.0560413600e-01  1.2608539400e-01  7.8144340000e-02  3.8647750700e-01  3.9831140800e-01  4.3373129500e-01
    1.9180000000e+01  1.0762879600e-01  1.2826952800e-01  7.9483539000e-02  3.8536710700e-01  3.9696200300e-01  4.3127905900e-01
    1.9190000000e+01  1.0957278200e-01  1.3040444000e-01  8.0838134000e-02  3.8431225500e-01  3.9568969200e-01  4.2887943600e-01
    1.9200000000e+01  1.1143430300e-01  1.3248629600e-01  8.2204125000e-02  3.8330266200e-01  3.9448702100e-01  4.2653332600e-01
    1.9210000000e+01  1.1321336200e-01  1.3451276500e-01  8.3577332000e-02  3.8232828100e-01  3.9334643500e-01  4.2424116800e-01
    1.9220000000e+01  1.1491160700e-01  1.3648292500e-01  8.4953468000e-02  3.8137973300e-01  3.9226067600e-01  4.2200293600e-01
    1.9230000000e+01  1.1653204700e-01  1.3839705000e-01  8.6328166000e-02  3.8044868200e-01  3.9122310600e-01  4.1981813500e-01
    1.9240000000e+01  1.1807865600e-01  1.4025632000e-01  8.7697009000e-02  3.7952810000e-01  3.9022795400e-01  4.1768579000e-01
    1.9250000000e+01  1.1955588700e-01  1.4206248100e-01  8.9055542000e-02  3.7861238300e-01  3.8927043800e-01  4.1560440500e-01
    1.9260000000e+01  1.2096820200e-01  1.4381748800e-01  9.0399316000e-02  3.7769726800e-01  3.8834678100e-01  4.1357190900e-01
    1.9270000000e+01  1.2231966700e-01  1.4552318300e-01  9.1723942000e-02  3.7677958400e-01  3.8745409500e-01  4.1158558300e-01
    1.9280000000e+01  1.2361370900e-01  1.4718103300e-01  9.3025188000e-02  3.7585687400e-01  3.8659017000e-01  4.0964198900e-01
    1.9290000000e+01  1.2485304900e-01  1.4879198600e-01  9.4299115000e-02  3.7492697500e-01  3.8575318100e-01  4.0773689800e-01
    1.9300000000e+01  1.2603983700e-01  1.5035645700e-01  9.5542252000e-02  3.7398764300e-01  3.8494136900e-01  4.0586525200e-01
    1.9310000000e+01  1.2717590600e-01  1.5187445500e-01  9.6751821000e-02  3.7303629900e-01  3.8415276900e-01  4.0402116200e-01
    1.9320000000e+01  1.2826309600e-01  1.5334580800e-01  9.7925987000e-02  3.7206993900e-01  3.8338502100e-01  4.0219797500e-01
    1.9330000000e+01  1.2930354700e-01  1.5477043700e-01  9.9064116000e-02  3.7108520400e-01  3.8263533000e-01  4.0038842700e-01
    1.9340000000e+01  1.3029990300e-01  1.5614860400e-01  1.0016701300e-01  3.7007856600e-01  3.8190054500e-01  3.9858488600e-01
    1.9350000000e+01  1.3125538000e-01  1.5748107900e-01  1.0123709600e-01  3.6904655900e-01  3.8117734500e-01  3.9677968400e-01
    1.9360000000e+01  1.3217372600e-01  1.5876918900e-01  1.0227848900e-01  3.6798598200e-01  3.8046247000e-01  3.9496552300e-01
    1.9370000000e+01  1.3305910300e-01  1.6001476000e-01  1.0329699100e-01  3.6689402900e-01  3.7975291800e-01  3.9313592700e-01
    1.9380000000e+01  1.3391596100e-01  1.6121997100e-01  1.0429991000e-01  3.6576833200e-01  3.7904608500e-01  3.9128570100e-01
    1.9390000000e+01  1.3474893800e-01  1.6238719900e-01  1.0529574600e-01  3.6460693300e-01  3.7833980600e-01  3.8941135100e-01
    1.9400000000e+01  1.3556283500e-01  1.6351887900e-01  1.0629373700e-01  3.6340822700e-01  3.7763231300e-01  3.8751142300e-01
    1.9410000000e+01  1.3636264500e-01  1.6461743100e-01  1.0730330000e-01  3.6217092300e-01  3.7692215000e-01  3.8558667900e-01
    1.9420000000e+01  1.3715362500e-01  1.6568525600e-01  1.0833341200e-01  3.6089405300e-01  3.7620809000e-01  3.8364010200e-01
    1.9430000000e+01  1.3794137400e-01  1.6672478200e-01  1.0939201700e-01  3.5957705500e-01  3.7548908700e-01  3.8167668700e-01
    1.9440000000e+01  1.3873187300e-01  1.6773851800e-01  1.1048552500e-01  3.5821990900e-01  3.7476427900e-01  3.7970305100e-01
    1.9450000000e+01  1.3953146800e-01  1.6872910200e-01  1.1161847500e-01  3.5682331900e-01  3.7403304900e-01  3.7772690000e-01
    1.9460000000e+01  1.4034677500e-01  1.6969929500e-01  1.1279341000e-01  3.5538891000e-01  3.7329510400e-01  3.7575643100e-01
    1.9470000000e+01  1.4118450400e-01  1.7065193500e-01  1.1401096200e-01  3.5391940100e-01  3.7255056300e-01  3.7379974500e-01
    1.9480000000e+01  1.4205121700e-01  1.7158985400e-01  1.1527012200e-01  3.5241873700e-01  3.7180001400e-01  3.7186436900e-01
    1.9490000000e+01  1.4295302700e-01  1.7251576700e-01  1.1656864500e-01  3.5089214700e-01  3.7104455400e-01  3.6995694300e-01
    1.9500000000e+01  1.4389525800e-01  1.7343216900e-01  1.1790349200e-01  3.4934611800e-01  3.7028578100e-01  3.6808310000e-01
    1.9510000000e+01  1.4488210700e-01  1.7434121700e-01  1.1927122500e-01  3.4778826100e-01  3.6952578200e-01  3.6624753900e-01
    1.9520000000e+01  1.4591632900e-01  1.7524462400e-01  1.2066827800e-01  3.4622705700e-01  3.6876708500e-01  3.6445423900e-01
    1.9530000000e+01  1.4699900500e-01  1.7614353600e-01  1.2209105500e-01  3.4467151200e-01  3.6801259900e-01  3.6270673200e-01
    1.9540000000e+01  1.4812942800e-01  1.7703841100e-01  1.2353585300e-01  3.4313073200e-01  3.6726551200e-01  3.6100834800e-01
    1.9550000000e+01  1.4930511700e-01  1.7792890300e-01  1.2499865800e-01  3.4161348700e-01  3.6652914400e-01  3.5936233100e-01
    1.9560000000e+01  1.5052197200e-01  1.7881378000e-01  1.2647488400e-01  3.4012780200e-01  3.6580672400e-01  3.5777179300e-01
    1.9570000000e+01  1.5177453700e-01  1.7969091600e-01  1.2795917900e-01  3.3868063200e-01  3.6510113300e-01  3.5623948400e-01
    1.9580000000e+01  1.5305631300e-01  1.8055738700e-01  1.2944536100e-01  3.3727764500e-01  3.6441460300e-01  3.5476744600e-01
    1.9590000000e+01  1.5436009900e-01  1.8140969600e-01  1.3092656400e-01  3.3592311100e-01  3.6374846100e-01  3.5335662700e-01
    1.9600000000e+01  1.5567829400e-01  1.8224411100e-01  1.3239556800e-01  3.3461988700e-01  3.6310296300e-01  3.5200657300e-01
    1.9610000000e+01  1.5700316600e-01  1.8305706500e-01  1.3384526800e-01  3.3336946200e-01  3.6247728300e-01  3.5071528700e-01
    1.9620000000e+01  1.5832705700e-01  1.8384553100e-01  1.3526917400e-01  3.3217203900e-01  3.6186968100e-01  3.4947930500e-01
    1.9630000000e+01  1.5964254400e-01  1.8460729200e-01  1.3666184400e-01  3.3102661400e-01  3.6127782000e-01  3.4829397500e-01
    1.9640000000e+01  1.6094258000e-01  1.8534103800e-01  1.3801915100e-01  3.2993104900e-01  3.6069916600e-01  3.4715386700e-01
    1.9650000000e+01  1.6222063700e-01  1.8604627500e-01  1.3933837500e-01  3.2888212900e-01  3.6013137300e-01  3.4605323900e-01
    1.9660000000e+01  1.6347086000e-01  1.8672308000e-01  1.4061811000e-01  3.2787562500e-01  3.5957257800e-01  3.4498646500e-01
    1.9670000000e+01  1.6468825900e-01  1.8737177000e-01  1.4185806200e-01  3.2690638900e-01  3.5902152800e-01  3.4394836200e-01
    1.9680000000e+01  1.6586890400e-01  1.8799257100e-01  1.4305876800e-01  3.2596850600e-01  3.5847756300e-01  3.4293441100e-01
    1.9690000000e+01  1.6701009100e-01  1.8858534600e-01  1.4422130300e-01  3.2505552200e-01  3.5794044600e-01  3.4194086400e-01
    1.9700000000e+01  1.6811045900e-01  1.8914945100e-01  1.4534700400e-01  3.2416073500e-01  3.5741011300e-01  3.4096475600e-01
    1.9710000000e+01  1.6917000300e-01  1.8968370300e-01  1.4643721800e-01  3.2327753600e-01  3.5688641200e-01  3.4000384800e-01
    1.9720000000e+01  1.7018997400e-01  1.9018647900e-01  1.4749310000e-01  3.2239973700e-01  3.5636885900e-01  3.3905650300e-01
    1.9730000000e+01  1.7117268000e-01  1.9065587500e-01  1.4851546800e-01  3.2152185200e-01  3.5585648900e-01  3.3812151700e-01
    1.9740000000e+01  1.7212120400e-01  1.9108991200e-01  1.4950472800e-01  3.2063928800e-01  3.5534779500e-01  3.3719793400e-01
    1.9750000000e+01  1.7303909800e-01  1.9148670900e-01  1.5046086000e-01  3.1974842300e-01  3.5484075500e-01  3.3628486200e-01
    1.9760000000e+01  1.7393008600e-01  1.9184460600e-01  1.5138346700e-01  3.1884657700e-01  3.5433291900e-01  3.3538130600e-01
    1.9770000000e+01  1.7479782600e-01  1.9216221500e-01  1.5227184900e-01  3.1793189000e-01  3.5382152100e-01  3.3448605500e-01
    1.9780000000e+01  1.7564574700e-01  1.9243841000e-01  1.5312509300e-01  3.1700315100e-01  3.5330355700e-01  3.3359758900e-01
    1.9790000000e+01  1.7647697400e-01  1.9267228100e-01  1.5394216200e-01  3.1605959600e-01  3.5277581800e-01  3.3271402200e-01
    1.9800000000e+01  1.7729433100e-01  1.9286309400e-01  1.5472198800e-01  3.1510073200e-01  3.5223485700e-01  3.3183304300e-01
    1.9810000000e+01  1.7810041000e-01  1.9301029800e-01  1.5546356800e-01  3.1412619500e-01  3.5167691200e-01  3.3095186800e-01
    1.9820000000e+01  1.7889767300e-01  1.9311359300e-01  1.5616610000e-01  3.1313566500e-01  3.5109781300e-01  3.3006719600e-01
    1.9830000000e+01  1.7968856100e-01  1.9317307800e-01  1.5682913900e-01  3.1212884400e-01  3.5049290700e-01  3.2917519400e-01
    1.9840000000e+01  1.8047559500e-01  1.9318945100e-01  1.5745279000e-01  3.1110547400e-01  3.4985705300e-01  3.2827152500e-01
    1.9850000000e+01  1.8126145400e-01  1.9316423500e-01  1.5803791300e-01  3.1006540000e-01  3.4918471000e-01  3.2735144600e-01
    1.9860000000e+01  1.8204902200e-01  1.9309998100e-01  1.5858631100e-01  3.0900864500e-01  3.4847010300e-01  3.2640998900e-01
    1.9870000000e+01  1.8284141800e-01  1.9300041500e-01  1.5910086900e-01  3.0793551500e-01  3.4770749600e-01  3.2544221000e-01
    1.9880000000e+01  1.8364199200e-01  1.9287049100e-01  1.5958561400e-01  3.0684672300e-01  3.4689149700e-01  3.2444351000e-01
    1.9890000000e+01  1.8445427500e-01  1.9271634500e-01  1.6004566700e-01  3.0574352700e-01  3.4601739900e-01  3.2340998300e-01
    1.9900000000e+01  1.8528186200e-01  1.9254513300e-01  1.6048707900e-01  3.0462786500e-01  3.4508148500e-01  3.2233875900e-01
    1.9910000000e+01  1.8612824200e-01  1.9236478600e-01  1.6091653600e-01  3.0350247100e-01  3.4408128600e-01  3.2122829000e-01
    1.9920000000e+01  1.8699655700e-01  1.9218370000e-01  1.6134098100e-01  3.0237091800e-01  3.4301573700e-01  3.2007855300e-01
    1.9930000000e+01  1.8788934300e-01  1.9201038900e-01  1.6176715200e-01  3.0123758000e-01  3.4188525500e-01  3.1889110500e-01
    1.9940000000e+01  1.8880826600e-01  1.9185315500e-01  1.6220112000e-01  3.0010749500e-01  3.4069169100e-01  3.1766899500e-01
    1.9950000000e+01  1.8975392100e-01  1.9171978900e-01  1.6264785100e-01  2.9898612800e-01  3.3943821200e-01  3.1641651300e-01
    1.9960000000e+01  1.9072570600e-01  1.9161734600e-01  1.6311088800e-01  2.9787906400e-01  3.3812910800e-01  3.1513878800e-01
    1.9970000000e+01  1.9172182000e-01  1.9155199600e-01  1.6359217800e-01  2.9679167000e-01  3.3676956600e-01  3.1384130600e-01
    1.9980000000e+01  1.9273938000e-01  1.9152895500e-01  1.6409207500e-01  2.9572877100e-01  3.3536545700e-01  3.1252939400e-01
    1.9990000000e+01  1.9377464000e-01  1.9155246900e-01  1.6460953000e-01  2.9469440100e-01  3.3392314700e-01  3.1120774100e-01
    2.0000000000e+01  1.9482327500e-01  1.9162583000e-01  1.6514240800e-01  2.9369165400e-01  3.3244935500e-01  3.0988003600e-01
