# Dielectric function: real and imaginary components
#        Energy (eV)          Re_eps_x          Re_eps_y          Re_eps_z          Im_eps_x          Im_eps_y          Im_eps_z
    0.0000000000e+00  7.8064229490e+00  8.1552037330e+00  8.1813995570e+00  0.0000000000e+00  0.0000000000e+00  0.0000000000e+00
    1.0000000000e-02  7.8064839810e+00  8.1552669340e+00  8.1814670300e+00  1.8573280000e-03  1.9214560000e-03  2.0530910000e-03
    2.0000000000e-02  7.8066670860e+00  8.1554565480e+00  8.1816694630e+00  3.7150040000e-03  3.8432470000e-03  4.1065640000e-03
    3.0000000000e-02  7.8069722980e+00  8.1557726080e+00  8.1820068900e+00  5.5733770000e-03  5.7657100000e-03  6.1608000000e-03
    4.0000000000e-02  7.8073996720e+00  8.1562151650e+00  8.1824793740e+00  7.4327950000e-03  7.6891810000e-03  8.2161810000e-03
    5.0000000000e-02  7.8079492860e+00  8.1567842970e+00  8.1830869980e+00  9.2936080000e-03  9.6139960000e-03  1.0273089000e-02
    6.0000000000e-02  7.8086212390e+00  8.1574800980e+00  8.1838298740e+00  1.1156167000e-02  1.1540493000e-02  1.2331909000e-02
    7.0000000000e-02  7.8094156540e+00  8.1583026880e+00  8.1847081330e+00  1.3020822000e-02  1.3469011000e-02  1.4393025000e-02
    8.0000000000e-02  7.8103326760e+00  8.1592522050e+00  8.1857219360e+00  1.4887927000e-02  1.5399890000e-02  1.6456823000e-02
    9.0000000000e-02  7.8113724700e+00  8.1603288100e+00  8.1868714650e+00  1.6757835000e-02  1.7333469000e-02  1.8523691000e-02
    1.0000000000e-01  7.8125352260e+00  8.1615326880e+00  8.1881569270e+00  1.8630903000e-02  1.9270093000e-02  2.0594018000e-02
    1.1000000000e-01  7.8138211570e+00  8.1628640420e+00  8.1895785560e+00  2.0507489000e-02  2.1210105000e-02  2.2668197000e-02
    1.2000000000e-01  7.8152304970e+00  8.1643231010e+00  8.1911366090e+00  2.2387952000e-02  2.3153851000e-02  2.4746619000e-02
    1.3000000000e-01  7.8167635040e+00  8.1659101110e+00  8.1928313690e+00  2.4272654000e-02  2.5101681000e-02  2.6829683000e-02
    1.4000000000e-01  7.8184204580e+00  8.1676253460e+00  8.1946631430e+00  2.6161962000e-02  2.7053945000e-02  2.8917787000e-02
    1.5000000000e-01  7.8202016650e+00  8.1694690980e+00  8.1966322660e+00  2.8056242000e-02  2.9010997000e-02  3.1011333000e-02
    1.6000000000e-01  7.8221074500e+00  8.1714416840e+00  8.1987390950e+00  2.9955867000e-02  3.0973193000e-02  3.3110727000e-02
    1.7000000000e-01  7.8241381660e+00  8.1735434420e+00  8.2009840160e+00  3.1861210000e-02  3.2940892000e-02  3.5216378000e-02
    1.8000000000e-01  7.8262941860e+00  8.1757747340e+00  8.2033674400e+00  3.3772649000e-02  3.4914457000e-02  3.7328698000e-02
    1.9000000000e-01  7.8285759100e+00  8.1781359460e+00  8.2058898040e+00  3.5690566000e-02  3.6894254000e-02  3.9448104000e-02
    2.0000000000e-01  7.8309837620e+00  8.1806274850e+00  8.2085515720e+00  3.7615347000e-02  3.8880652000e-02  4.1575016000e-02
    2.1000000000e-01  7.8335181870e+00  8.1832497830e+00  8.2113532340e+00  3.9547383000e-02  4.0874026000e-02  4.3709862000e-02
    2.2000000000e-01  7.8361796590e+00  8.1860032960e+00  8.2142953070e+00  4.1487068000e-02  4.2874753000e-02  4.5853070000e-02
    2.3000000000e-01  7.8389686760e+00  8.1888885030e+00  8.2173783380e+00  4.3434802000e-02  4.4883216000e-02  4.8005078000e-02
    2.4000000000e-01  7.8418857600e+00  8.1919059090e+00  8.2206028970e+00  4.5390990000e-02  4.6899802000e-02  5.0166325000e-02
    2.5000000000e-01  7.8449314590e+00  8.1950560420e+00  8.2239695870e+00  4.7356042000e-02  4.8924902000e-02  5.2337259000e-02
    2.6000000000e-01  7.8481063490e+00  8.1983394550e+00  8.2274790370e+00  4.9330376000e-02  5.0958914000e-02  5.4518333000e-02
    2.7000000000e-01  7.8514110290e+00  8.2017567270e+00  8.2311319030e+00  5.1314413000e-02  5.3002240000e-02  5.6710005000e-02
    2.8000000000e-01  7.8548461280e+00  8.2053084630e+00  8.2349288730e+00  5.3308582000e-02  5.5055289000e-02  5.8912742000e-02
    2.9000000000e-01  7.8584123000e+00  8.2089952930e+00  8.2388706650e+00  5.5313318000e-02  5.7118476000e-02  6.1127018000e-02
    3.0000000000e-01  7.8621102270e+00  8.2128178730e+00  8.2429580230e+00  5.7329064000e-02  5.9192221000e-02  6.3353311000e-02
    3.1000000000e-01  7.8659406200e+00  8.2167768860e+00  8.2471917250e+00  5.9356271000e-02  6.1276951000e-02  6.5592111000e-02
    3.2000000000e-01  7.8699042180e+00  8.2208730430e+00  8.2515725800e+00  6.1395395000e-02  6.3373103000e-02  6.7843913000e-02
    3.3000000000e-01  7.8740017870e+00  8.2251070810e+00  8.2561014250e+00  6.3446903000e-02  6.5481116000e-02  7.0109222000e-02
    3.4000000000e-01  7.8782341250e+00  8.2294797660e+00  8.2607791330e+00  6.5511269000e-02  6.7601441000e-02  7.2388553000e-02
    3.5000000000e-01  7.8826020580e+00  8.2339918930e+00  8.2656066070e+00  6.7588975000e-02  6.9734535000e-02  7.4682427000e-02
    3.6000000000e-01  7.8871064430e+00  8.2386442840e+00  8.2705847840e+00  6.9680515000e-02  7.1880865000e-02  7.6991377000e-02
    3.7000000000e-01  7.8917481680e+00  8.2434377910e+00  8.2757146330e+00  7.1786391000e-02  7.4040903000e-02  7.9315946000e-02
    3.8000000000e-01  7.8965281540e+00  8.2483732960e+00  8.2809971590e+00  7.3907115000e-02  7.6215136000e-02  8.1656688000e-02
    3.9000000000e-01  7.9014473510e+00  8.2534517140e+00  8.2864334010e+00  7.6043210000e-02  7.8404055000e-02  8.4014166000e-02
    4.0000000000e-01  7.9065067440e+00  8.2586739860e+00  8.2920244340e+00  7.8195210000e-02  8.0608164000e-02  8.6388956000e-02
    4.1000000000e-01  7.9117073510e+00  8.2640410890e+00  8.2977713680e+00  8.0363661000e-02  8.2827976000e-02  8.8781646000e-02
    4.2000000000e-01  7.9170502240e+00  8.2695540300e+00  8.3036753520e+00  8.2549120000e-02  8.5064016000e-02  9.1192836000e-02
    4.3000000000e-01  7.9225364500e+00  8.2752138500e+00  8.3097375700e+00  8.4752158000e-02  8.7316819000e-02  9.3623140000e-02
    4.4000000000e-01  7.9281671510e+00  8.2810216210e+00  8.3159592470e+00  8.6973357000e-02  8.9586934000e-02  9.6073185000e-02
    4.5000000000e-01  7.9339434860e+00  8.2869784540e+00  8.3223416450e+00  8.9213315000e-02  9.1874919000e-02  9.8543612000e-02
    4.6000000000e-01  7.9398666510e+00  8.2930854900e+00  8.3288860680e+00  9.1472643000e-02  9.4181348000e-02  1.0103507700e-01
    4.7000000000e-01  7.9459378800e+00  8.2993439090e+00  8.3355938580e+00  9.3751967000e-02  9.6506806000e-02  1.0354825100e-01
    4.8000000000e-01  7.9521584450e+00  8.3057549250e+00  8.3424664030e+00  9.6051929000e-02  9.8851894000e-02  1.0608382100e-01
    4.9000000000e-01  7.9585296590e+00  8.3123197930e+00  8.3495051300e+00  9.8373188000e-02  1.0121722500e-01  1.0864249300e-01
    5.0000000000e-01  7.9650528750e+00  8.3190398010e+00  8.3567115120e+00  1.0071641700e-01  1.0360342900e-01  1.1122498800e-01
    5.1000000000e-01  7.9717294890e+00  8.3259162820e+00  8.3640870660e+00  1.0308230900e-01  1.0601115200e-01  1.1383204500e-01
    5.2000000000e-01  7.9785609370e+00  8.3329506030e+00  8.3716333560e+00  1.0547157600e-01  1.0844105600e-01  1.1646442400e-01
    5.3000000000e-01  7.9855487010e+00  8.3401441760e+00  8.3793519900e+00  1.0788494700e-01  1.1089381900e-01  1.1912290300e-01
    5.4000000000e-01  7.9926943080e+00  8.3474984530e+00  8.3872446280e+00  1.1032317200e-01  1.1337013800e-01  1.2180828200e-01
    5.5000000000e-01  7.9999993290e+00  8.3550149300e+00  8.3953129760e+00  1.1278702300e-01  1.1587073000e-01  1.2452138100e-01
    5.6000000000e-01  8.0074653850e+00  8.3626951470e+00  8.4035587930e+00  1.1527729200e-01  1.1839632900e-01  1.2726304400e-01
    5.7000000000e-01  8.0150941440e+00  8.3705406890e+00  8.4119838870e+00  1.1779479500e-01  1.2094769100e-01  1.3003413700e-01
    5.8000000000e-01  8.0228873220e+00  8.3785531850e+00  8.4205901240e+00  1.2034037200e-01  1.2352559300e-01  1.3283555000e-01
    5.9000000000e-01  8.0308466900e+00  8.3867343150e+00  8.4293794190e+00  1.2291488600e-01  1.2613083300e-01  1.3566820200e-01
    6.0000000000e-01  8.0389740690e+00  8.3950858070e+00  8.4383537470e+00  1.2551922700e-01  1.2876423500e-01  1.3853303400e-01
    6.1000000000e-01  8.0472713350e+00  8.4036094360e+00  8.4475151380e+00  1.2815431300e-01  1.3142664400e-01  1.4143101700e-01
    6.2000000000e-01  8.0557404180e+00  8.4123070330e+00  8.4568656840e+00  1.3082109000e-01  1.3411893300e-01  1.4436315100e-01
    6.3000000000e-01  8.0643833070e+00  8.4211804780e+00  8.4664075350e+00  1.3352053200e-01  1.3684199900e-01  1.4733046600e-01
    6.4000000000e-01  8.0732020490e+00  8.4302317070e+00  8.4761429060e+00  1.3625364600e-01  1.3959676800e-01  1.5033402300e-01
    6.5000000000e-01  8.0821987520e+00  8.4394627130e+00  8.4860740730e+00  1.3902146900e-01  1.4238419500e-01  1.5337491600e-01
    6.6000000000e-01  8.0913755850e+00  8.4488755440e+00  8.4962033810e+00  1.4182507400e-01  1.4520526500e-01  1.5645427400e-01
    6.7000000000e-01  8.1007347830e+00  8.4584723090e+00  8.5065332420e+00  1.4466556900e-01  1.4806099400e-01  1.5957326100e-01
    6.8000000000e-01  8.1102786450e+00  8.4682551770e+00  8.5170661380e+00  1.4754409700e-01  1.5095243200e-01  1.6273308100e-01
    6.9000000000e-01  8.1200095410e+00  8.4782263800e+00  8.5278046240e+00  1.5046184300e-01  1.5388066300e-01  1.6593497400e-01
    7.0000000000e-01  8.1299299080e+00  8.4883882130e+00  8.5387513270e+00  1.5342003000e-01  1.5684680800e-01  1.6918022400e-01
    7.1000000000e-01  8.1400422580e+00  8.4987430410e+00  8.5499089530e+00  1.5641992500e-01  1.5985202500e-01  1.7247015500e-01
    7.2000000000e-01  8.1503491770e+00  8.5092932940e+00  8.5612802850e+00  1.5946283800e-01  1.6289751200e-01  1.7580614000e-01
    7.3000000000e-01  8.1608533270e+00  8.5200414740e+00  8.5728681890e+00  1.6255012700e-01  1.6598451000e-01  1.7918959700e-01
    7.4000000000e-01  8.1715574520e+00  8.5309901560e+00  8.5846756150e+00  1.6568319900e-01  1.6911430200e-01  1.8262199200e-01
    7.5000000000e-01  8.1824643760e+00  8.5421419910e+00  8.5967055970e+00  1.6886351200e-01  1.7228821900e-01  1.8610484500e-01
    7.6000000000e-01  8.1935770100e+00  8.5534997060e+00  8.6089612610e+00  1.7209257700e-01  1.7550763900e-01  1.8963973100e-01
    7.7000000000e-01  8.2048983500e+00  8.5650661080e+00  8.6214458240e+00  1.7537196400e-01  1.7877399000e-01  1.9322828000e-01
    7.8000000000e-01  8.2164314860e+00  8.5768440890e+00  8.6341625980e+00  1.7870330100e-01  1.8208875400e-01  1.9687218200e-01
    7.9000000000e-01  8.2281796010e+00  8.5888366230e+00  8.6471149950e+00  1.8208827700e-01  1.8545347100e-01  2.0057319100e-01
    8.0000000000e-01  8.2401459730e+00  8.6010467770e+00  8.6603065270e+00  1.8552865000e-01  1.8886973600e-01  2.0433312600e-01
    8.1000000000e-01  8.2523339830e+00  8.6134777040e+00  8.6737408120e+00  1.8902624500e-01  1.9233920900e-01  2.0815387600e-01
    8.2000000000e-01  8.2647471150e+00  8.6261326550e+00  8.6874215750e+00  1.9258295900e-01  1.9586361400e-01  2.1203740200e-01
    8.3000000000e-01  8.2773889600e+00  8.6390149780e+00  8.7013526560e+00  1.9620076900e-01  1.9944474400e-01  2.1598574200e-01
    8.4000000000e-01  8.2902632220e+00  8.6521281210e+00  8.7155380080e+00  1.9988172800e-01  2.0308446600e-01  2.2000101500e-01
    8.5000000000e-01  8.3033737190e+00  8.6654756360e+00  8.7299817090e+00  2.0362797900e-01  2.0678472000e-01  2.2408542300e-01
    8.6000000000e-01  8.3167243890e+00  8.6790611860e+00  8.7446879560e+00  2.0744175000e-01  2.1054753100e-01  2.2824126100e-01
    8.7000000000e-01  8.3303192960e+00  8.6928885430e+00  8.7596610780e+00  2.1132536700e-01  2.1437500500e-01  2.3247091300e-01
    8.8000000000e-01  8.3441626300e+00  8.7069615960e+00  8.7749055390e+00  2.1528125400e-01  2.1826934100e-01  2.3677686800e-01
    8.9000000000e-01  8.3582587150e+00  8.7212843550e+00  8.7904259370e+00  2.1931194100e-01  2.2223283200e-01  2.4116171400e-01
    9.0000000000e-01  8.3726120130e+00  8.7358609530e+00  8.8062270170e+00  2.2342007000e-01  2.2626787200e-01  2.4562815500e-01
    9.1000000000e-01  8.3872271320e+00  8.7506956540e+00  8.8223136710e+00  2.2760840000e-01  2.3037696200e-01  2.5017900800e-01
    9.2000000000e-01  8.4021088270e+00  8.7657928550e+00  8.8386909450e+00  2.3187981400e-01  2.3456271400e-01  2.5481721400e-01
    9.3000000000e-01  8.4172620070e+00  8.7811570910e+00  8.8553640450e+00  2.3623732900e-01  2.3882786200e-01  2.5954584600e-01
    9.4000000000e-01  8.4326917420e+00  8.7967930410e+00  8.8723383440e+00  2.4068410100e-01  2.4317526700e-01  2.6436811500e-01
    9.5000000000e-01  8.4484032710e+00  8.8127055350e+00  8.8896193840e+00  2.4522343300e-01  2.4760792300e-01  2.6928737600e-01
    9.6000000000e-01  8.4644020040e+00  8.8288995550e+00  8.9072128880e+00  2.4985878700e-01  2.5212896800e-01  2.7430714200e-01
    9.7000000000e-01  8.4806935320e+00  8.8453802470e+00  8.9251247620e+00  2.5459379100e-01  2.5674169400e-01  2.7943108700e-01
    9.8000000000e-01  8.4972836310e+00  8.8621529200e+00  8.9433611070e+00  2.5943225000e-01  2.6144955300e-01  2.8466306400e-01
    9.9000000000e-01  8.5141782760e+00  8.8792230600e+00  8.9619282190e+00  2.6437815800e-01  2.6625617000e-01  2.9000710700e-01
    1.0000000000e+00  8.5313836380e+00  8.8965963300e+00  8.9808326050e+00  2.6943571000e-01  2.7116535500e-01  2.9546744900e-01
    1.0100000000e+00  8.5489061050e+00  8.9142785790e+00  9.0000809860e+00  2.7460931300e-01  2.7618111300e-01  3.0104853200e-01
    1.0200000000e+00  8.5667522770e+00  8.9322758510e+00  9.0196803060e+00  2.7990360300e-01  2.8130765900e-01  3.0675502000e-01
    1.0300000000e+00  8.5849289850e+00  8.9505943890e+00  9.0396377400e+00  2.8532345700e-01  2.8654943300e-01  3.1259181600e-01
    1.0400000000e+00  8.6034432950e+00  8.9692406460e+00  9.0599607040e+00  2.9087401100e-01  2.9191111300e-01  3.1856407400e-01
    1.0500000000e+00  8.6223025170e+00  8.9882212880e+00  9.0806568650e+00  2.9656067800e-01  2.9739763400e-01  3.2467722000e-01
    1.0600000000e+00  8.6415142200e+00  9.0075432060e+00  9.1017341480e+00  3.0238916600e-01  3.0301420600e-01  3.3093696700e-01
    1.0700000000e+00  8.6610862330e+00  9.0272135230e+00  9.1232007480e+00  3.0836549700e-01  3.0876633300e-01  3.3734933700e-01
    1.0800000000e+00  8.6810266630e+00  9.0472396010e+00  9.1450651400e+00  3.1449603400e-01  3.1465983600e-01  3.4392068000e-01
    1.0900000000e+00  8.7013439030e+00  9.0676290510e+00  9.1673360870e+00  3.2078750000e-01  3.2070087500e-01  3.5065770200e-01
    1.1000000000e+00  8.7220466440e+00  9.0883897380e+00  9.1900226540e+00  3.2724700800e-01  3.2689597700e-01  3.5756748400e-01
    1.1100000000e+00  8.7431438810e+00  9.1095297960e+00  9.2131342150e+00  3.3388208600e-01  3.3325206200e-01  3.6465751500e-01
    1.1200000000e+00  8.7646449320e+00  9.1310576270e+00  9.2366804680e+00  3.4070071400e-01  3.3977647300e-01  3.7193571900e-01
    1.1300000000e+00  8.7865594450e+00  9.1529819180e+00  9.2606714440e+00  3.4771134900e-01  3.4647701400e-01  3.7941048900e-01
    1.1400000000e+00  8.8088974090e+00  9.1753116420e+00  9.2851175160e+00  3.5492297100e-01  3.5336198200e-01  3.8709072100e-01
    1.1500000000e+00  8.8316691690e+00  9.1980560700e+00  9.3100294150e+00  3.6234511800e-01  3.6044020900e-01  3.9498585500e-01
    1.1600000000e+00  8.8548854340e+00  9.2212247730e+00  9.3354182360e+00  3.6998792800e-01  3.6772110500e-01  4.0310591400e-01
    1.1700000000e+00  8.8785572880e+00  9.2448276310e+00  9.3612954490e+00  3.7786219500e-01  3.7521470800e-01  4.1146155300e-01
    1.1800000000e+00  8.9026962040e+00  9.2688748360e+00  9.3876729130e+00  3.8597941200e-01  3.8293173800e-01  4.2006411200e-01
    1.1900000000e+00  8.9273140490e+00  9.2933768940e+00  9.4145628760e+00  3.9435183600e-01  3.9088365200e-01  4.2892566400e-01
    1.2000000000e+00  8.9524230980e+00  9.3183446250e+00  9.4419779920e+00  4.0299254600e-01  3.9908271100e-01  4.3805908200e-01
    1.2100000000e+00  8.9780360370e+00  9.3437891640e+00  9.4699313190e+00  4.1191551500e-01  4.0754204700e-01  4.4747810600e-01
    1.2200000000e+00  9.0041659680e+00  9.3697219510e+00  9.4984363290e+00  4.2113568600e-01  4.1627574700e-01  4.5719741100e-01
    1.2300000000e+00  9.0308264150e+00  9.3961547240e+00  9.5275069030e+00  4.3066905100e-01  4.2529893100e-01  4.6723269200e-01
    1.2400000000e+00  9.0580313250e+00  9.4230995030e+00  9.5571573340e+00  4.4053274700e-01  4.3462785400e-01  4.7760075000e-01
    1.2500000000e+00  9.0857950560e+00  9.4505685700e+00  9.5874023150e+00  4.5074515400e-01  4.4428000100e-01  4.8831958800e-01
    1.2600000000e+00  9.1141323790e+00  9.4785744370e+00  9.6182569290e+00  4.6132600700e-01  4.5427420800e-01  4.9940852000e-01
    1.2700000000e+00  9.1430584530e+00  9.5071298070e+00  9.6497366310e+00  4.7229651300e-01  4.6463078400e-01  5.1088828700e-01
    1.2800000000e+00  9.1725888070e+00  9.5362475250e+00  9.6818572170e+00  4.8367948700e-01  4.7537164800e-01  5.2278118100e-01
    1.2900000000e+00  9.2027393060e+00  9.5659405100e+00  9.7146347880e+00  4.9549949800e-01  4.8652047800e-01  5.3511119100e-01
    1.3000000000e+00  9.2335261070e+00  9.5962216710e+00  9.7480856980e+00  5.0778302200e-01  4.9810287700e-01  5.4790415100e-01
    1.3100000000e+00  9.2649656030e+00  9.6271038010e+00  9.7822264870e+00  5.2055862300e-01  5.1014655200e-01  5.6118791100e-01
    1.3200000000e+00  9.2970743390e+00  9.6585994420e+00  9.8170737950e+00  5.3385713900e-01  5.2268150100e-01  5.7499251600e-01
    1.3300000000e+00  9.3298689220e+00  9.6907207230e+00  9.8526442490e+00  5.4771188600e-01  5.3574022300e-01  5.8935040400e-01
    1.3400000000e+00  9.3633658930e+00  9.7234791540e+00  9.8889543310e+00  5.6215888000e-01  5.4935793900e-01  6.0429661600e-01
    1.3500000000e+00  9.3975815750e+00  9.7568853740e+00  9.9260201960e+00  5.7723707600e-01  5.6357281800e-01  6.1986902400e-01
    1.3600000000e+00  9.4325318750e+00  9.7909488430e+00  9.9638574620e+00  5.9298861800e-01  5.7842621900e-01  6.3610856800e-01
    1.3700000000e+00  9.4682320500e+00  9.8256774710e+00  1.0002480945e+01  6.0945910600e-01  5.9396292500e-01  6.5305950100e-01
    1.3800000000e+00  9.5046964140e+00  9.8610771620e+00  1.0041904328e+01  6.2669786800e-01  6.1023138300e-01  6.7076964800e-01
    1.3900000000e+00  9.5419379830e+00  9.8971512700e+00  1.0082139772e+01  6.4475824100e-01  6.2728391400e-01  6.8929065300e-01
    1.4000000000e+00  9.5799680530e+00  9.9338999530e+00  1.0123197434e+01  6.6369783800e-01  6.4517689000e-01  7.0867822000e-01
    1.4100000000e+00  9.6187956830e+00  9.9713194030e+00  1.0165084893e+01  6.8357880900e-01  6.6397085900e-01  7.2899232000e-01
    1.4200000000e+00  9.6584271030e+00  1.0009400949e+01  1.0207806470e+01  7.0446805900e-01  6.8373057000e-01  7.5029736100e-01
    1.4300000000e+00  9.6988650060e+00  1.0048130024e+01  1.0251362433e+01  7.2643741900e-01  7.0452488000e-01  7.7266227000e-01
    1.4400000000e+00  9.7401077450e+00  1.0087484990e+01  1.0295748065e+01  7.4956372900e-01  7.2642647300e-01  7.9616047700e-01
    1.4500000000e+00  9.7821484280e+00  1.0127435843e+01  1.0340952618e+01  7.7392881800e-01  7.4951134800e-01  8.2086973500e-01
    1.4600000000e+00  9.8249739120e+00  1.0167942817e+01  1.0386958142e+01  7.9961931600e-01  7.7385799000e-01  8.4687173400e-01
    1.4700000000e+00  9.8685637450e+00  1.0208954949e+01  1.0433738226e+01  8.2672629000e-01  7.9954616200e-01  8.7425143600e-01
    1.4800000000e+00  9.9128890660e+00  1.0250408690e+01  1.0481256698e+01  8.5534463700e-01  8.2665522600e-01  9.0309606400e-01
    1.4900000000e+00  9.9579115440e+00  1.0292226693e+01  1.0529466371e+01  8.8557221200e-01  8.5526195500e-01  9.3349367100e-01
    1.5000000000e+00  1.0003582429e+01  1.0334316954e+01  1.0578307952e+01  9.1750867800e-01  8.8543776800e-01  9.6553123500e-01
    1.5100000000e+00  1.0049841802e+01  1.0376572501e+01  1.0627709285e+01  9.5125408600e-01  9.1724544500e-01  9.9929223700e-01
    1.5200000000e+00  1.0096618132e+01  1.0418871904e+01  1.0677585139e+01  9.8690723000e-01  9.5073540400e-01  1.0348537630e+00
    1.5300000000e+00  1.0143828216e+01  1.0461080799e+01  1.0727837773e+01  1.0245638840e+00  9.8594174200e-01  1.0722832180e+00
    1.5400000000e+00  1.0191377546e+01  1.0503054637e+01  1.0778358522e+01  1.0643150290e+00  1.0228783830e+00  1.1116348890e+00
    1.5500000000e+00  1.0239161109e+01  1.0544642707e+01  1.0829030563e+01  1.1062452460e+00  1.0615357400e+00  1.1529467030e+00
    1.5600000000e+00  1.0287064532e+01  1.0585693334e+01  1.0879732919e+01  1.1504314060e+00  1.1018783810e+00  1.1962376310e+00
    1.5700000000e+00  1.0334965437e+01  1.0626059920e+01  1.0930345523e+01  1.1969417680e+00  1.1438441730e+00  1.2415062930e+00
    1.5800000000e+00  1.0382734851e+01  1.0665607310e+01  1.0980754934e+01  1.2458355180e+00  1.1873452330e+00  1.2887312290e+00
    1.5900000000e+00  1.0430238507e+01  1.0704217784e+01  1.1030860012e+01  1.2971627180e+00  1.2322707830e+00  1.3378731760e+00
    1.6000000000e+00  1.0477337906e+01  1.0741795973e+01  1.1080576726e+01  1.3509645920e+00  1.2784916970e+00  1.3888793020e+00
    1.6100000000e+00  1.0523891053e+01  1.0778272128e+01  1.1129841276e+01  1.4072740290e+00  1.3258662110e+00  1.4416889970e+00
    1.6200000000e+00  1.0569752816e+01  1.0813603465e+01  1.1178610966e+01  1.4661162020e+00  1.3742460590e+00  1.4962403770e+00
    1.6300000000e+00  1.0614774843e+01  1.0847773668e+01  1.1226862719e+01  1.5275091410e+00  1.4234822270e+00  1.5524764750e+00
    1.6400000000e+00  1.0658805048e+01  1.0880791022e+01  1.1274589674e+01  1.5914640920e+00  1.4734296980e+00  1.6103501060e+00
    1.6500000000e+00  1.0701686756e+01  1.0912685857e+01  1.1321796750e+01  1.6579854140e+00  1.5239508570e+00  1.6698267890e+00
    1.6600000000e+00  1.0743257719e+01  1.0943508018e+01  1.1368496282e+01  1.7270698300e+00  1.5749176270e+00  1.7308855960e+00
    1.6700000000e+00  1.0783349390e+01  1.0973324906e+01  1.1414704690e+01  1.7987049520e+00  1.6262127610e+00  1.7935184730e+00
    1.6800000000e+00  1.0821786843e+01  1.1002220325e+01  1.1460440735e+01  1.8728672330e+00  1.6777308550e+00  1.8577289390e+00
    1.6900000000e+00  1.0858389646e+01  1.1030293991e+01  1.1505725285e+01  1.9495197620e+00  1.7293797290e+00  1.9235312740e+00
    1.7000000000e+00  1.0892973708e+01  1.1057661322e+01  1.1550581929e+01  2.0286104530e+00  1.7810825630e+00  1.9909510460e+00
    1.7100000000e+00  1.0925353766e+01  1.1084452902e+01  1.1595037387e+01  2.1100711950e+00  1.8327809760e+00  2.0600273880e+00
    1.7200000000e+00  1.0955345866e+01  1.1110813067e+01  1.1639120565e+01  2.1938182290e+00  1.8844388890e+00  2.1308167350e+00
    1.7300000000e+00  1.0982769066e+01  1.1136897153e+01  1.1682859377e+01  2.2797536580e+00  1.9360467730e+00  2.2033972010e+00
    1.7400000000e+00  1.1007445702e+01  1.1162867151e+01  1.1726274974e+01  2.3677675190e+00  1.9876257240e+00  2.2778723320e+00
    1.7500000000e+00  1.1029199881e+01  1.1188885777e+01  1.1769373694e+01  2.4577395180e+00  2.0392307520e+00  2.3543729310e+00
    1.7600000000e+00  1.1047854384e+01  1.1215109136e+01  1.1812137637e+01  2.5495393540e+00  2.0909526760e+00  2.4330559010e+00
    1.7700000000e+00  1.1063226685e+01  1.1241678379e+01  1.1854515170e+01  2.6430246660e+00  2.1429180820e+00  2.5140995370e+00
    1.7800000000e+00  1.1075125278e+01  1.1268710945e+01  1.1896412821e+01  2.7380359650e+00  2.1952869080e+00  2.5976953160e+00
    1.7900000000e+00  1.1083347851e+01  1.1296292154e+01  1.1937689867e+01  2.8343884380e+00  2.2482473580e+00  2.6840367610e+00
    1.8000000000e+00  1.1087682949e+01  1.1324468157e+01  1.1978156681e+01  2.9318612060e+00  2.3020081470e+00  2.7733064430e+00
    1.8100000000e+00  1.1087916654e+01  1.1353241268e+01  1.2017577486e+01  3.0301853990e+00  2.3567884840e+00  2.8656625130e+00
    1.8200000000e+00  1.1083845281e+01  1.1382568608e+01  1.2055677662e+01  3.1290331850e+00  2.4128067230e+00  2.9612264070e+00
    1.8300000000e+00  1.1075294200e+01  1.1412364529e+01  1.2092155118e+01  3.2280105370e+00  2.4702690300e+00  3.0600734260e+00
    1.8400000000e+00  1.1062141560e+01  1.1442506635e+01  1.2126694601e+01  3.3266567800e+00  2.5293595990e+00  3.1622277320e+00
    1.8500000000e+00  1.1044344169e+01  1.1472844496e+01  1.2158983180e+01  3.4244534870e+00  2.5902337990e+00  3.2676628160e+00
    1.8600000000e+00  1.1021961401e+01  1.1503209567e+01  1.2188724775e+01  3.5208440630e+00  2.6530150290e+00  3.3763078330e+00
    1.8700000000e+00  1.0995172363e+01  1.1533424653e+01  1.2215651454e+01  3.6152632790e+00  2.7177953170e+00  3.4880593960e+00
    1.8800000000e+00  1.0964281967e+01  1.1563311433e+01  1.2239529338e+01  3.7071737230e+00  2.7846388820e+00  3.6027975680e+00
    1.8900000000e+00  1.0929713268e+01  1.1592695197e+01  1.2260157350e+01  3.7961041500e+00  2.8535873320e+00  3.7204039750e+00
    1.9000000000e+00  1.0891985938e+01  1.1621406696e+01  1.2277357732e+01  3.8816838000e+00  2.9246649710e+00  3.8407791370e+00
    1.9100000000e+00  1.0851683565e+01  1.1649281759e+01  1.2290958403e+01  3.9636672140e+00  2.9978829830e+00  3.9638555230e+00
    1.9200000000e+00  1.0809414607e+01  1.1676159804e+01  1.2300768738e+01  4.0419458780e+00  3.0732418190e+00  4.0896026250e+00
    1.9300000000e+00  1.0765772906e+01  1.1701882432e+01  1.2306552105e+01  4.1165456110e+00  3.1507318430e+00  4.2180209930e+00
    1.9400000000e+00  1.0721303304e+01  1.1726292970e+01  1.2307999899e+01  4.1876113340e+00  3.2303328910e+00  4.3491236080e+00
    1.9500000000e+00  1.0676476347e+01  1.1749237272e+01  1.2304712505e+01  4.2553829270e+00  3.3120137210e+00  4.4829051440e+00
    1.9600000000e+00  1.0631673875e+01  1.1770565444e+01  1.2296192193e+01  4.3201669760e+00  3.3957322630e+00  4.6193019690e+00
    1.9700000000e+00  1.0587184920e+01  1.1790133711e+01  1.2281851587e+01  4.3823090330e+00  3.4814371770e+00  4.7581476790e+00
    1.9800000000e+00  1.0543209572e+01  1.1807805476e+01  1.2261039344e+01  4.4421698330e+00  3.5690706960e+00  4.8991301010e+00
    1.9900000000e+00  1.0499867565e+01  1.1823450800e+01  1.2233082500e+01  4.5001071340e+00  3.6585721660e+00  5.0417560560e+00
    2.0000000000e+00  1.0457208520e+01  1.1836943942e+01  1.2197342907e+01  4.5564630360e+00  3.7498813300e+00  5.1853298730e+00
    2.0100000000e+00  1.0415221790e+01  1.1848159143e+01  1.2153283156e+01  4.6115553970e+00  3.8429403700e+00  5.3289508590e+00
    2.0200000000e+00  1.0373845194e+01  1.1856965333e+01  1.2100535538e+01  4.6656716000e+00  3.9376938510e+00  5.4715336130e+00
    2.0300000000e+00  1.0332973040e+01  1.1863220750e+01  1.2038965758e+01  4.7190633410e+00  4.0340861800e+00  5.6118529960e+00
    2.0400000000e+00  1.0292464295e+01  1.1866768505e+01  1.1968721908e+01  4.7719420670e+00  4.1320566430e+00  5.7486124050e+00
    2.0500000000e+00  1.0252151490e+01  1.1867434020e+01  1.1890259274e+01  4.8244754710e+00  4.2315324730e+00  5.8805299200e+00
    2.0600000000e+00  1.0211850274e+01  1.1865024940e+01  1.1804333759e+01  4.8767858200e+00  4.3324207110e+00  6.0064323930e+00
    2.0700000000e+00  1.0171368837e+01  1.1859333879e+01  1.1711961457e+01  4.9289505980e+00  4.4345996620e+00  6.1253442110e+00
    2.0800000000e+00  1.0130516242e+01  1.1850144129e+01  1.1614348496e+01  4.9810052850e+00  4.5379107900e+00  6.2365567620e+00
    2.0900000000e+00  1.0089108975e+01  1.1837238372e+01  1.1512801795e+01  5.0329474850e+00  4.6421519710e+00  6.3396678010e+00
    2.1000000000e+00  1.0046975744e+01  1.1820410194e+01  1.1408635482e+01  5.0847414680e+00  4.7470731680e+00  6.4345864260e+00
    2.1100000000e+00  1.0003961039e+01  1.1799477797e+01  1.1303087393e+01  5.1363225130e+00  4.8523757920e+00  6.5215072740e+00
    2.1200000000e+00  9.9599280740e+00  1.1774298589e+01  1.1197255448e+01  5.1876010910e+00  4.9577169470e+00  6.6008637360e+00
    2.1300000000e+00  9.9147613020e+00  1.1744782585e+01  1.1092056591e+01  5.2384673120e+00  5.0627192070e+00  6.6732721890e+00
    2.1400000000e+00  9.8683681020e+00  1.1710902084e+01  1.0988204568e+01  5.2887959940e+00  5.1669855580e+00  6.7394768300e+00
    2.1500000000e+00  9.8206788920e+00  1.1672695202e+01  1.0886199708e+01  5.3384521510e+00  5.2701177420e+00  6.8002994330e+00
    2.1600000000e+00  9.7716451930e+00  1.1630261855e+01  1.0786324813e+01  5.3872959720e+00  5.3717349940e+00  6.8565929660e+00
    2.1700000000e+00  9.7212358820e+00  1.1583752431e+01  1.0688645177e+01  5.4351860170e+00  5.4714895510e+00  6.9091950960e+00
    2.1800000000e+00  9.6694328450e+00  1.1533351252e+01  1.0593015162e+01  5.4819796040e+00  5.5690756760e+00  6.9588781560e+00
    2.1900000000e+00  9.6162277750e+00  1.1479258449e+01  1.0499096506e+01  5.5275302400e+00  5.6642303200e+00  7.0062954220e+00
    2.2000000000e+00  9.5616218000e+00  1.1421674429e+01  1.0406393486e+01  5.5716830830e+00  5.7567255840e+00  7.0519278660e+00
    2.2100000000e+00  9.5056288380e+00  1.1360790557e+01  1.0314307308e+01  5.6142702960e+00  5.8463551720e+00  7.0960389910e+00
    2.2200000000e+00  9.4482824130e+00  1.1296788176e+01  1.0222207759e+01  5.6551084330e+00  5.9329185370e+00  7.1386467920e+00
    2.2300000000e+00  9.3896445400e+00  1.1229846053e+01  1.0129515496e+01  5.6939995730e+00  6.0162069620e+00  7.1795207900e+00
    2.2400000000e+00  9.3298145870e+00  1.1160154364e+01  1.0035784614e+01  5.7307370050e+00  6.0959953540e+00  7.2182087570e+00
    2.2500000000e+00  9.2689358850e+00  1.1087931821e+01  9.9407733040e+00  5.7651150890e+00  6.1720421650e+00  7.2540927880e+00
    2.2600000000e+00  9.2071983150e+00  1.1013441805e+01  9.8444910730e+00  5.7969419390e+00  6.2440980430e+00  7.2864688880e+00
    2.2700000000e+00  9.1448359500e+00  1.0937003670e+01  9.7472142900e+00  5.8260528530e+00  6.3119218160e+00  7.3146393940e+00
    2.2800000000e+00  9.0821199460e+00  1.0858996477e+01  9.6494670700e+00  5.8523222800e+00  6.3753008830e+00  7.3380047470e+00
    2.2900000000e+00  9.0193478940e+00  1.0779854173e+01  9.5519706960e+00  5.8756724970e+00  6.4340722620e+00  7.3561410030e+00
    2.3000000000e+00  8.9568315580e+00  1.0700052988e+01  9.4555702150e+00  5.8960780840e+00  6.4881408110e+00  7.3688523340e+00
    2.3100000000e+00  8.8948849620e+00  1.0620093084e+01  9.3611502660e+00  5.9135664270e+00  6.5374920500e+00  7.3761926610e+00
    2.3200000000e+00  8.8338141540e+00  1.0540477000e+01  9.2695529240e+00  5.9282154390e+00  6.5821983040e+00  7.3784563520e+00
    2.3300000000e+00  8.7739089730e+00  1.0461687310e+01  9.1815084120e+00  5.9401499910e+00  6.6224178980e+00  7.3761429170e+00
    2.3400000000e+00  8.7154361120e+00  1.0384165566e+01  9.0975858460e+00  5.9495381630e+00  6.6583878170e+00  7.3699040610e+00
    2.3500000000e+00  8.6586324040e+00  1.0308294214e+01  9.0181667600e+00  5.9565875340e+00  6.6904105500e+00  7.3604825860e+00
    2.3600000000e+00  8.6036974550e+00  1.0234383030e+01  8.9434402010e+00  5.9615407100e+00  6.7188361380e+00  7.3486518230e+00
    2.3700000000e+00  8.5507857270e+00  1.0162661442e+01  8.8734154490e+00  5.9646687700e+00  6.7440408170e+00  7.3351619530e+00
    2.3800000000e+00  8.4999992330e+00  1.0093277795e+01  8.8079473150e+00  5.9662615180e+00  6.7664041470e+00  7.3206968540e+00
    2.3900000000e+00  8.4513828180e+00  1.0026306075e+01  8.7467692770e+00  5.9666143460e+00  6.7862869980e+00  7.3058427080e+00
    2.4000000000e+00  8.4049240110e+00  9.9617597000e+00  8.6895307700e+00  5.9660128800e+00  6.8040131250e+00  7.2910683130e+00
    2.4100000000e+00  8.3605585470e+00  9.8996108670e+00  8.6358359040e+00  5.9647177200e+00  6.8198570010e+00  7.2767166220e+00
    2.4200000000e+00  8.3181812540e+00  9.8398126720e+00  8.5852812390e+00  5.9629519930e+00  6.8340399700e+00  7.2630072350e+00
    2.4300000000e+00  8.2776604680e+00  9.7823203090e+00  8.5374899060e+00  5.9608939290e+00  6.8467354740e+00  7.2500494130e+00
    2.4400000000e+00  8.2388533670e+00  9.7271073480e+00  8.4921389390e+00  5.9586753470e+00  6.8580822600e+00  7.2378644440e+00
    2.4500000000e+00  8.2016195940e+00  9.6741739250e+00  8.4489767540e+00  5.9563854970e+00  6.8682025400e+00  7.2264147510e+00
    2.4600000000e+00  8.1658314100e+00  9.6235454580e+00  8.4078288070e+00  5.9540786130e+00  6.8772207450e+00  7.2156356980e+00
    2.4700000000e+00  8.1313796960e+00  9.5752628890e+00  8.3685913710e+00  5.9517831430e+00  6.8852782810e+00  7.2054652620e+00
    2.4800000000e+00  8.0981761180e+00  9.5293676270e+00  8.3312156160e+00  5.9495108700e+00  6.8925408190e+00  7.1958671290e+00
    2.4900000000e+00  8.0661523470e+00  9.4858856500e+00  8.2956858840e+00  5.9472646610e+00  6.8991967550e+00  7.1868442840e+00
    2.5000000000e+00  8.0352574250e+00  9.4448151600e+00  8.2619967340e+00  5.9450442180e+00  6.9054478750e+00  7.1784423180e+00
    2.5100000000e+00  8.0054543860e+00  9.4061209650e+00  8.2301328470e+00  5.9428496760e+00  6.9114952450e+00  7.1707436740e+00
    2.5200000000e+00  7.9767170340e+00  9.3697367250e+00  8.2000546040e+00  5.9406833100e+00  6.9175243140e+00  7.1638554210e+00
    2.5300000000e+00  7.9490275580e+00  9.3355741990e+00  8.1716907140e+00  5.9385498960e+00  6.9236930350e+00  7.1578936480e+00
    2.5400000000e+00  7.9223753360e+00  9.3035369930e+00  8.1449379480e+00  5.9364564350e+00  6.9301257110e+00  7.1529674220e+00
    2.5500000000e+00  7.8967569520e+00  9.2735356480e+00  8.1196671550e+00  5.9344120110e+00  6.9369137080e+00  7.1491648040e+00
    2.5600000000e+00  7.8721770980e+00  9.2455009560e+00  8.0957340830e+00  5.9324284530e+00  6.9441225900e+00  7.1465428110e+00
    2.5700000000e+00  7.8486497690e+00  9.2193931920e+00  8.0729931700e+00  5.9305223260e+00  6.9518041050e+00  7.1451225550e+00
    2.5800000000e+00  7.8261988990e+00  9.1952059730e+00  8.0513122550e+00  5.9287184420e+00  6.9600108260e+00  7.1448900930e+00
    2.5900000000e+00  7.8048574650e+00  9.1729644710e+00  8.0305861990e+00  5.9270546520e+00  6.9688112760e+00  7.1458028890e+00
    2.6000000000e+00  7.7846642010e+00  9.1527184150e+00  8.0107476240e+00  5.9255871290e+00  6.9783036560e+00  7.1478011770e+00
    2.6100000000e+00  7.7656574990e+00  9.1345307140e+00  7.9917732080e+00  5.9243948660e+00  6.9886267660e+00  7.1508230690e+00
    2.6200000000e+00  7.7478668300e+00  9.1184626960e+00  7.9736844360e+00  5.9235818530e+00  6.9999669740e+00  7.1548217900e+00
    2.6300000000e+00  7.7313028230e+00  9.1045571620e+00  7.9565421550e+00  5.9232757060e+00  7.0125603270e+00  7.1597831290e+00
    2.6400000000e+00  7.7159477310e+00  9.0928207500e+00  7.9404349870e+00  5.9236221610e+00  7.0266890720e+00  7.1657409380e+00
    2.6500000000e+00  7.7017481450e+00  9.0832075040e+00  7.9254623840e+00  5.9247758050e+00  7.0426722950e+00  7.1727886470e+00
    2.6600000000e+00  7.6886114160e+00  9.0756057640e+00  7.9117137690e+00  5.9268882240e+00  7.0608511290e+00  7.1810850620e+00
    2.6700000000e+00  7.6764065860e+00  9.0698303330e+00  7.8992457220e+00  5.9300952530e+00  7.0815699100e+00  7.1908532800e+00
    2.6800000000e+00  7.6649698480e+00  9.0656212050e+00  7.8880594430e+00  5.9345051390e+00  7.1051554460e+00  7.2023721950e+00
    2.6900000000e+00  7.6541138490e+00  9.0626490980e+00  7.8780808800e+00  5.9401892670e+00  7.1318970070e+00  7.2159607590e+00
    2.7000000000e+00  7.6436396040e+00  9.0605269080e+00  7.8691458350e+00  5.9471767060e+00  7.1620294760e+00  7.2319559530e+00
    2.7100000000e+00  7.6333493390e+00  9.0588252930e+00  7.8609920030e+00  5.9554532580e+00  7.1957214050e+00  7.2506861710e+00
    2.7200000000e+00  7.6230584670e+00  9.0570901700e+00  7.8532592650e+00  5.9649649420e+00  7.2330687940e+00  7.2724423760e+00
    2.7300000000e+00  7.6126050280e+00  9.0548599530e+00  7.8454986580e+00  5.9756251130e+00  7.2740943750e+00  7.2974497250e+00
    2.7400000000e+00  7.6018555180e+00  9.0516808710e+00  7.8371895430e+00  5.9873237010e+00  7.3187514640e+00  7.3258422760e+00
    2.7500000000e+00  7.5907068200e+00  9.0471193310e+00  7.8277637420e+00  5.9999368370e+00  7.3669310400e+00  7.3576430650e+00
    2.7600000000e+00  7.5790847960e+00  9.0407709720e+00  7.8166349040e+00  6.0133352400e+00  7.4184706970e+00  7.3927513490e+00
    2.7700000000e+00  7.5669407210e+00  9.0322665290e+00  7.8032309780e+00  6.0273902910e+00  7.4731642930e+00  7.4309382900e+00
    2.7800000000e+00  7.5542470090e+00  9.0212748590e+00  7.7870273810e+00  6.0419774860e+00  7.5307714750e+00  7.4718518510e+00
    2.7900000000e+00  7.5409934730e+00  9.0075035880e+00  7.7675781960e+00  6.0569776540e+00  7.5910265030e+00  7.5150310370e+00
    2.8000000000e+00  7.5271849350e+00  8.9906977760e+00  7.7445426050e+00  6.0722768150e+00  7.6536459340e+00  7.5599288210e+00
    2.8100000000e+00  7.5128404050e+00  8.9706370220e+00  7.7177039020e+00  6.0877656850e+00  7.7183348310e+00  7.6059421980e+00
    2.8200000000e+00  7.4979935560e+00  8.9471315060e+00  7.6869789380e+00  6.1033397300e+00  7.7847911760e+00  7.6524468640e+00
    2.8300000000e+00  7.4826939110e+00  8.9200175190e+00  7.6524167380e+00  6.1189003190e+00  7.8527082860e+00  7.6988332860e+00
    2.8400000000e+00  7.4670080350e+00  8.8891531470e+00  7.6141861790e+00  6.1343572310e+00  7.9217751840e+00  7.7445405390e+00
    2.8500000000e+00  7.4510200020e+00  8.8544147020e+00  7.5725539300e+00  6.1496324090e+00  7.9916750380e+00  7.7890843110e+00
    2.8600000000e+00  7.4348305480e+00  8.8156945610e+00  7.5278551060e+00  6.1646646180e+00  8.0620819150e+00  7.8320760370e+00
    2.8700000000e+00  7.4185544240e+00  8.7729010260e+00  7.4804601410e+00  6.1794143680e+00  8.1326562360e+00  7.8732311390e+00
    2.8800000000e+00  7.4023158330e+00  8.7259608770e+00  7.4307419450e+00  6.1938682820e+00  8.2030396210e+00  7.9123657460e+00
    2.8900000000e+00  7.3862422070e+00  8.6748251080e+00  7.3790474470e+00  6.2080420220e+00  8.2728501570e+00  7.9493828880e+00
    2.9000000000e+00  7.3704570730e+00  8.6194779510e+00  7.3256768730e+00  6.2219810740e+00  8.3416795470e+00  7.9842506090e+00
    2.9100000000e+00  7.3550730780e+00  8.5599485740e+00  7.2708729420e+00  6.2357591910e+00  8.4090937180e+00  8.0169755120e+00
    2.9200000000e+00  7.3401861650e+00  8.4963240640e+00  7.2148206170e+00  6.2494748960e+00  8.4746382690e+00  8.0475756680e+00
    2.9300000000e+00  7.3258715620e+00  8.4287616570e+00  7.1576566480e+00  6.2632469700e+00  8.5378494730e+00  8.0760566270e+00
    2.9400000000e+00  7.3121814770e+00  8.3574978940e+00  7.0994869630e+00  6.2772100250e+00  8.5982706420e+00  8.1023937130e+00
    2.9500000000e+00  7.2991438040e+00  8.2828525240e+00  7.0404090620e+00  6.2915109470e+00  8.6554726810e+00  8.1265228710e+00
    2.9600000000e+00  7.2867607540e+00  8.2052255430e+00  6.9805359380e+00  6.3063063320e+00  8.7090768130e+00  8.1483413400e+00
    2.9700000000e+00  7.2750065390e+00  8.1250865490e+00  6.9200176790e+00  6.3217602750e+00  8.7587769240e+00  8.1677180750e+00
    2.9800000000e+00  7.2638238140e+00  8.0429566230e+00  6.8590570250e+00  6.3380413540e+00  8.8043586970e+00  8.1845123820e+00
    2.9900000000e+00  7.2531194460e+00  7.9593839680e+00  6.7979159560e+00  6.3553176580e+00  8.8457128820e+00  8.1985976650e+00
    3.0000000000e+00  7.2427608700e+00  7.8749155420e+00  6.7369119300e+00  6.3737491520e+00  8.8828405340e+00  8.2098860920e+00
    3.0100000000e+00  7.2325745850e+00  7.7900676830e+00  6.6764044110e+00  6.3934775750e+00  8.9158490080e+00  8.2183497170e+00
    3.0200000000e+00  7.2223480900e+00  7.7052991240e+00  6.6167743050e+00  6.4146148800e+00  8.9449386880e+00  8.2240343630e+00
    3.0300000000e+00  7.2118358650e+00  7.6209895860e+00  6.5584002640e+00  6.4372318200e+00  8.9703818180e+00  8.2270642510e+00
    3.0400000000e+00  7.2007691190e+00  7.5374263970e+00  6.5016361150e+00  6.4613483480e+00  8.9924959570e+00  8.2276374590e+00
    3.0500000000e+00  7.1888683740e+00  7.4548003200e+00  6.4467929180e+00  6.4869270920e+00  9.0116153120e+00  8.2260141460e+00
    3.0600000000e+00  7.1758576020e+00  7.3732104270e+00  6.3941276800e+00  6.5138705460e+00  9.0280632650e+00  8.2225006240e+00
    3.0700000000e+00  7.1614787480e+00  7.2926766350e+00  6.3438390940e+00  6.5420220980e+00  9.0421289470e+00  8.2174326290e+00
    3.0800000000e+00  7.1455056770e+00  7.2131577450e+00  6.2960692230e+00  6.5711706910e+00  9.0540498020e+00  8.2111606290e+00
    3.0900000000e+00  7.1277568040e+00  7.1345724520e+00  6.2509091230e+00  6.6010588860e+00  9.0640010760e+00  8.2040390430e+00
    3.1000000000e+00  7.1081056390e+00  7.0568208670e+00  6.2084060200e+00  6.6313940840e+00  9.0720921960e+00  8.1964201020e+00
    3.1100000000e+00  7.0864883400e+00  6.9798045370e+00  6.1685697750e+00  6.6618625160e+00  9.0783691600e+00  8.1886519550e+00
    3.1200000000e+00  7.0629073550e+00  6.9034435840e+00  6.1313769630e+00  6.6921452500e+00  9.0828215610e+00  8.1810797520e+00
    3.1300000000e+00  7.0374303340e+00  6.8276904650e+00  6.0967717290e+00  6.7219349900e+00  9.0853926950e+00  8.1740479880e+00
    3.1400000000e+00  7.0101840560e+00  6.7525404710e+00  6.0646634610e+00  6.7509520170e+00  9.0859916160e+00  8.1679023210e+00
    3.1500000000e+00  6.9813437540e+00  6.6780394120e+00  6.0349220480e+00  6.7789575100e+00  9.0845065470e+00  8.1629895030e+00
    3.1600000000e+00  6.9511190420e+00  6.6042885920e+00  6.0073718300e+00  6.8057626780e+00  9.0808197020e+00  8.1596545760e+00
    3.1700000000e+00  6.9197382130e+00  6.5314466100e+00  5.9817854150e+00  6.8312327710e+00  9.0748236230e+00  8.1582350340e+00
    3.1800000000e+00  6.8874329130e+00  6.4597268970e+00  5.9578784110e+00  6.8552858810e+00  9.0664387140e+00  8.1590520000e+00
    3.1900000000e+00  6.8544250000e+00  6.3893898510e+00  5.9353060110e+00  6.8778872820e+00  9.0556306560e+00  8.1623986290e+00
    3.2000000000e+00  6.8209168180e+00  6.3207291300e+00  5.9136624190e+00  6.8990406880e+00  9.0424255620e+00  8.1685261240e+00
    3.2100000000e+00  6.7870853510e+00  6.2540528530e+00  5.8924840870e+00  6.9187780500e+00  9.0269203400e+00  8.1776280690e+00
    3.2200000000e+00  6.7530799900e+00  6.1896618120e+00  5.8712576960e+00  6.9371493640e+00  9.0092862690e+00  8.1898242280e+00
    3.2300000000e+00  6.7190232040e+00  6.1278276270e+00  5.8494333260e+00  6.9542134790e+00  8.9897649640e+00  8.2051454820e+00
    3.2400000000e+00  6.6850132600e+00  6.0687738350e+00  5.8264425890e+00  6.9700303730e+00  8.9686573940e+00  8.2235217770e+00
    3.2500000000e+00  6.6511283350e+00  6.0126621660e+00  5.8017206400e+00  6.9846549220e+00  8.9463078650e+00  8.2447748190e+00
    3.2600000000e+00  6.6174317180e+00  5.9595851000e+00  5.7747304030e+00  6.9981320510e+00  8.9230854920e+00  8.2686166410e+00
    3.2700000000e+00  6.5839780740e+00  5.9095645630e+00  5.7449871260e+00  7.0104933180e+00  8.8993656420e+00  8.2946543850e+00
    3.2800000000e+00  6.5508207610e+00  5.8625558000e+00  5.7120816290e+00  7.0217553000e+00  8.8755132340e+00  8.3224009930e+00
    3.2900000000e+00  6.5180198980e+00  5.8184550230e+00  5.6757010050e+00  7.0319204480e+00  8.8518690770e+00  8.3512912120e+00
    3.3000000000e+00  6.4856503480e+00  5.7771094520e+00  5.6356458320e+00  7.0409810780e+00  8.8287397550e+00  8.3807022650e+00
    3.3100000000e+00  6.4538082380e+00  5.7383285370e+00  5.5918430290e+00  7.0489267590e+00  8.8063911830e+00  8.4099787060e+00
    3.3200000000e+00  6.4226144020e+00  5.7018952280e+00  5.5443531980e+00  7.0557546450e+00  8.7850457240e+00  8.4384608730e+00
    3.3300000000e+00  6.3922132880e+00  5.6675762320e+00  5.4933710510e+00  7.0614813630e+00  8.7648825240e+00  8.4655159660e+00
    3.3400000000e+00  6.3627666460e+00  5.6351302110e+00  5.4392174970e+00  7.0661543150e+00  8.7460403480e+00  8.4905699120e+00
    3.3500000000e+00  6.3344424170e+00  5.6043131710e+00  5.3823225580e+00  7.0698599710e+00  8.7286216560e+00  8.5131372680e+00
    3.3600000000e+00  6.3074005070e+00  5.5748809980e+00  5.3231995420e+00  7.0727270650e+00  8.7126963130e+00  8.5328457410e+00
    3.3700000000e+00  6.2817780100e+00  5.5465900440e+00  5.2624125880e+00  7.0749236250e+00  8.6983034000e+00  8.5494520790e+00
    3.3800000000e+00  6.2576767430e+00  5.5191975380e+00  5.2005411470e+00  7.0766482050e+00  8.6854503280e+00  8.5628472290e+00
    3.3900000000e+00  6.2351553910e+00  5.4924638070e+00  5.1381456540e+00  7.0781169540e+00  8.6741097140e+00  8.5730505090e+00
    3.4000000000e+00  6.2142274480e+00  5.4661577170e+00  5.0757381720e+00  7.0795490820e+00  8.6642156460e+00  8.5801944980e+00
    3.4100000000e+00  6.1948647900e+00  5.4400654780e+00  5.0137603940e+00  7.0811533320e+00  8.6556615400e+00  8.5845036660e+00
    3.4200000000e+00  6.1770055870e+00  5.4140016730e+00  4.9525697090e+00  7.0831175680e+00  8.6483015300e+00  8.5862700820e+00
    3.4300000000e+00  6.1605646620e+00  5.3878204530e+00  4.8924325790e+00  7.0856025830e+00  8.6419562780e+00  8.5858289770e+00
    3.4400000000e+00  6.1454443490e+00  5.3614248660e+00  4.8335237820e+00  7.0887403190e+00  8.6364229140e+00  8.5835359080e+00
    3.4500000000e+00  6.1315442810e+00  5.3347728170e+00  4.7759300140e+00  7.0926358980e+00  8.6314878740e+00  8.5797462370e+00
    3.4600000000e+00  6.1187690590e+00  5.3078790880e+00  4.7196567620e+00  7.0973725580e+00  8.6269411370e+00  8.5747970360e+00
    3.4700000000e+00  6.1070332030e+00  5.2808134980e+00  4.6646378830e+00  7.1030184250e+00  8.6225905410e+00  8.5689912620e+00
    3.4800000000e+00  6.0962631100e+00  5.2536956060e+00  4.6107477540e+00  7.1096341450e+00  8.6182753490e+00  8.5625842400e+00
    3.4900000000e+00  6.0863959540e+00  5.2266862580e+00  4.5578160030e+00  7.1172803300e+00  8.6138785100e+00  8.5557728480e+00
    3.5000000000e+00  6.0773757610e+00  5.1999761080e+00  4.5056446650e+00  7.1260238060e+00  8.6093371310e+00  8.5486882030e+00
    3.5100000000e+00  6.0691471970e+00  5.1737711470e+00  4.4540270890e+00  7.1359416240e+00  8.6046504130e+00  8.5413929180e+00
    3.5200000000e+00  6.0616480670e+00  5.1482755370e+00  4.4027672260e+00  7.1471220320e+00  8.5998839980e+00  8.5338838450e+00
    3.5300000000e+00  6.0548018400e+00  5.1236725090e+00  4.3516972930e+00  7.1596619700e+00  8.5951694980e+00  8.5261006220e+00
    3.5400000000e+00  6.0485116870e+00  5.1001048130e+00  4.3006916020e+00  7.1736612620e+00  8.5906981130e+00  8.5179392830e+00
    3.5500000000e+00  6.0426574080e+00  5.0776568180e+00  4.2496748190e+00  7.1892142990e+00  8.5867077630e+00  8.5092691190e+00
    3.5600000000e+00  6.0370962270e+00  5.0563407960e+00  4.1986239640e+00  7.2064005570e+00  8.5834640640e+00  8.4999503190e+00
    3.5700000000e+00  6.0316678670e+00  5.0360899010e+00  4.1475647490e+00  7.2252757010e+00  8.5812366040e+00  8.4898499130e+00
    3.5800000000e+00  6.0262035210e+00  5.0167597640e+00  4.0965638800e+00  7.2458651750e+00  8.5802731660e+00  8.4788543140e+00
    3.5900000000e+00  6.0205375270e+00  4.9981394330e+00  4.0457192920e+00  7.2681619530e+00  8.5807754010e+00  8.4668778760e+00
    3.6000000000e+00  6.0145197930e+00  4.9799708130e+00  3.9951500090e+00  7.2921296230e+00  8.5828797480e+00  8.4538678800e+00
    3.6100000000e+00  6.0080265370e+00  4.9619740480e+00  3.9449865360e+00  7.3177109880e+00  8.5866468760e+00  8.4398069430e+00
    3.6200000000e+00  6.0009668870e+00  4.9438749240e+00  3.8953618860e+00  7.3448412830e+00  8.5920616390e+00  8.4247137930e+00
    3.6300000000e+00  5.9932834200e+00  4.9254297380e+00  3.8464027960e+00  7.3734640140e+00  8.5990435730e+00  8.4086428840e+00
    3.6400000000e+00  5.9849456980e+00  4.9064434050e+00  3.7982206460e+00  7.4035466390e+00  8.6074659280e+00  8.3916826570e+00
    3.6500000000e+00  5.9759371510e+00  4.8867779350e+00  3.7509019640e+00  7.4350930910e+00  8.6171794670e+00  8.3739516790e+00
    3.6600000000e+00  5.9662369390e+00  4.8663504420e+00  3.7044991530e+00  7.4681504830e+00  8.6280364200e+00  8.3555917750e+00
    3.6700000000e+00  5.9557994300e+00  4.8451220440e+00  3.6590228480e+00  7.5028081750e+00  8.6399102380e+00  8.3367576050e+00
    3.6800000000e+00  5.9445344750e+00  4.8230807010e+00  3.6144377600e+00  7.5391886790e+00  8.6527080700e+00  8.3176030810e+00
    3.6900000000e+00  5.9322916400e+00  4.8002218320e+00  3.5706636710e+00  7.5774311630e+00  8.6663747170e+00  8.2982661470e+00
    3.7000000000e+00  5.9188509400e+00  4.7765303340e+00  3.5275822880e+00  7.6176695300e+00  8.6808886560e+00  8.2788544430e+00
    3.7100000000e+00  5.9039216020e+00  4.7519666210e+00  3.4850491880e+00  7.6600078110e+00  8.6962520070e+00  8.2594345650e+00
    3.7200000000e+00  5.8871492230e+00  4.7264580440e+00  3.4429086480e+00  7.7044959070e+00  8.7124769010e+00  8.2400269840e+00
    3.7300000000e+00  5.8681305220e+00  4.6998958700e+00  3.4010082860e+00  7.7511084720e+00  8.7295705770e+00  8.2206071680e+00
    3.7400000000e+00  5.8464340540e+00  4.6721371700e+00  3.3592106620e+00  7.7997291190e+00  8.7475210110e+00  8.2011117330e+00
    3.7500000000e+00  5.8216246970e+00  4.6430106980e+00  3.3174000560e+00  7.8501412940e+00  8.7662841660e+00  8.1814470880e+00
    3.7600000000e+00  5.7932896800e+00  4.6123258040e+00  3.2754844230e+00  7.9020262160e+00  8.7857734050e+00  8.1614975170e+00
    3.7700000000e+00  5.7610641900e+00  4.5798838180e+00  3.2333942550e+00  7.9549676030e+00  8.8058512290e+00  8.1411302180e+00
    3.7800000000e+00  5.7246551200e+00  4.5454915940e+00  3.1910812240e+00  8.0084624660e+00  8.8263235360e+00  8.1201963550e+00
    3.7900000000e+00  5.6838619560e+00  4.5089772000e+00  3.1485195330e+00  8.0619372520e+00  8.8469368360e+00  8.0985290950e+00
    3.8000000000e+00  5.6385939720e+00  4.4702075460e+00  3.1057118200e+00  8.1147688410e+00  8.8673793530e+00  8.0759413220e+00
    3.8100000000e+00  5.5888826540e+00  4.4291072440e+00  3.0626994230e+00  8.1663099690e+00  8.8872872960e+00  8.0522264780e+00
    3.8200000000e+00  5.5348879070e+00  4.3856770160e+00  3.0195747040e+00  8.2159183600e+00  8.9062575370e+00  8.0271654140e+00
    3.8300000000e+00  5.4768964210e+00  4.3400091090e+00  2.9764916640e+00  8.2629880830e+00  8.9238672400e+00  8.0005403400e+00
    3.8400000000e+00  5.4153109710e+00  4.2922966000e+00  2.9336708920e+00  8.3069806780e+00  8.9396996550e+00  7.9721546400e+00
    3.8500000000e+00  5.3506304800e+00  4.2428338790e+00  2.8913961450e+00  8.3474528080e+00  8.9533736950e+00  7.9418552790e+00
    3.8600000000e+00  5.2834221010e+00  4.1920067580e+00  2.8500019330e+00  8.3840770770e+00  8.9645736240e+00  7.9095535650e+00
    3.8700000000e+00  5.2142880710e+00  4.1402725130e+00  2.8098537250e+00  8.4166532680e+00  8.9730745800e+00  7.8752403580e+00
    3.8800000000e+00  5.1438311450e+00  4.0881320760e+00  2.7713239580e+00  8.4451085400e+00  8.9787601460e+00  7.8389932370e+00
    3.8900000000e+00  5.0726227460e+00  4.0360981140e+00  2.7347675820e+00  8.4694868570e+00  8.9816294530e+00  7.8009750030e+00
    3.9000000000e+00  5.0011775680e+00  3.9846634620e+00  2.7005004650e+00  8.4899296140e+00  8.9817931960e+00  7.7614245930e+00
    3.9100000000e+00  4.9299371300e+00  3.9342741610e+00  2.6687828570e+00  8.5066507610e+00  8.9794599670e+00  7.7206426040e+00
    3.9200000000e+00  4.8592631890e+00  3.8853102220e+00  2.6398088510e+00  8.5199104200e+00  8.9749160230e+00  7.6789740420e+00
    3.9300000000e+00  4.7894400920e+00  3.8380753580e+00  2.6137015410e+00  8.5299908190e+00  8.9685025820e+00  7.6367906840e+00
    3.9400000000e+00  4.7206837420e+00  3.7927948190e+00  2.5905127940e+00  8.5371774520e+00  8.9605946270e+00  7.5944747670e+00
    3.9500000000e+00  4.6531539520e+00  3.7496187090e+00  2.5702261880e+00  8.5417469450e+00  8.9515840030e+00  7.5524048390e+00
    3.9600000000e+00  4.5869669360e+00  3.7086273620e+00  2.5527618040e+00  8.5439614230e+00  8.9418676220e+00  7.5109437830e+00
    3.9700000000e+00  4.5222053970e+00  3.6698358590e+00  2.5379821510e+00  8.5440678650e+00  8.9318395850e+00  7.4704284930e+00
    3.9800000000e+00  4.4589248990e+00  3.6331962530e+00  2.5256991340e+00  8.5423000820e+00  8.9218847310e+00  7.4311606360e+00
    3.9900000000e+00  4.3971565800e+00  3.5985980080e+00  2.5156825210e+00  8.5388809880e+00  8.9123710500e+00  7.3933983470e+00
    4.0000000000e+00  4.3369072790e+00  3.5658686290e+00  2.5076703830e+00  8.5340234240e+00  8.9036394060e+00  7.3573493770e+00
    4.0100000000e+00  4.2781586540e+00  3.5347770210e+00  2.5013815100e+00  8.5279287780e+00  8.8959907040e+00  7.3231667470e+00
    4.0200000000e+00  4.2208667160e+00  3.5050415430e+00  2.4965290450e+00  8.5207835310e+00  8.8896722190e+00  7.2909480290e+00
    4.0300000000e+00  4.1649627340e+00  3.4763434180e+00  2.4928338020e+00  8.5127544060e+00  8.8848657880e+00  7.2607389530e+00
    4.0400000000e+00  4.1103559530e+00  3.4483444930e+00  2.4900354460e+00  8.5039829330e+00  8.8816806050e+00  7.2325411050e+00
    4.0500000000e+00  4.0569382210e+00  3.4207069910e+00  2.4878999100e+00  8.4945801020e+00  8.8801525220e+00  7.2063225740e+00
    4.0600000000e+00  4.0045905890e+00  3.3931121290e+00  2.4862221780e+00  8.4846216740e+00  8.8802502800e+00  7.1820296790e+00
    4.0700000000e+00  3.9531919380e+00  3.3652747070e+00  2.4848245640e+00  8.4741448240e+00  8.8818874970e+00  7.1595977170e+00
    4.0800000000e+00  3.9026295070e+00  3.3369516950e+00  2.4835515630e+00  8.4631470410e+00  8.8849379430e+00  7.1389590490e+00
    4.0900000000e+00  3.8528106950e+00  3.3079443980e+00  2.4822629250e+00  8.4515884260e+00  8.8892511050e+00  7.1200476100e+00
    4.1000000000e+00  3.8036747600e+00  3.2780952050e+00  2.4808266940e+00  8.4393982880e+00  8.8946653590e+00  7.1027998320e+00
    4.1100000000e+00  3.7552024380e+00  3.2472809960e+00  2.4791135400e+00  8.4264862670e+00  8.9010170510e+00  7.0871527210e+00
    4.1200000000e+00  3.7074214050e+00  3.2154056000e+00  2.4769931130e+00  8.4127570860e+00  8.9081450430e+00  7.0730401470e+00
    4.1300000000e+00  3.6604060450e+00  3.1823933830e+00  2.4743325360e+00  8.3981269830e+00  8.9158914860e+00  7.0603883810e+00
    4.1400000000e+00  3.6142711020e+00  3.1481852330e+00  2.4709968090e+00  8.3825392780e+00  8.9241002770e+00  7.0491116350e+00
    4.1500000000e+00  3.5691600600e+00  3.1127372280e+00  2.4668508000e+00  8.3659765490e+00  8.9326149140e+00  7.0391080390e+00
    4.1600000000e+00  3.5252301230e+00  3.0760214920e+00  2.4617625350e+00  8.3484676170e+00  8.9412771200e+00  7.0302563020e+00
    4.1700000000e+00  3.4826362600e+00  3.0380282300e+00  2.4556076490e+00  8.3300885770e+00  8.9499270540e+00  7.0224132650e+00
    4.1800000000e+00  3.4415166940e+00  2.9987678510e+00  2.4482748500e+00  8.3109582910e+00  8.9584052860e+00  7.0154125960e+00
    4.1900000000e+00  3.4019816990e+00  2.9582722810e+00  2.4396722200e+00  8.2912296750e+00  8.9665561720e+00  7.0090649810e+00
    4.2000000000e+00  3.3641066880e+00  2.9165949430e+00  2.4297340220e+00  8.2710786560e+00  8.9742319970e+00  7.0031601910e+00
    4.2100000000e+00  3.3279296390e+00  2.8738092810e+00  2.4184274510e+00  8.2506926770e+00  8.9812971450e+00  6.9974714180e+00
    4.2200000000e+00  3.2934521900e+00  2.8300060010e+00  2.4057585190e+00  8.2302602590e+00  8.9876317460e+00  6.9917620780e+00
    4.2300000000e+00  3.2606433200e+00  2.7852893920e+00  2.3917760270e+00  8.2099625420e+00  8.9931343810e+00  6.9857949540e+00
    4.2400000000e+00  3.2294445410e+00  2.7397730540e+00  2.3765725490e+00  8.1899670840e+00  8.9977236390e+00  6.9793430280e+00
    4.2500000000e+00  3.1997757090e+00  2.6935754480e+00  2.3602816200e+00  8.1704238550e+00  9.0013383440e+00  6.9722007310e+00
    4.2600000000e+00  3.1715408280e+00  2.6468157540e+00  2.3430709780e+00  8.1514631090e+00  9.0039363380e+00  6.9641939720e+00
    4.2700000000e+00  3.1446334870e+00  2.5996107470e+00  2.3251325630e+00  8.1331948120e+00  9.0054919530e+00  6.9551872000e+00
    4.2800000000e+00  3.1189416600e+00  2.5520733960e+00  2.3066708460e+00  8.1157092990e+00  9.0059927570e+00  6.9450862920e+00
    4.2900000000e+00  3.0943516990e+00  2.5043135020e+00  2.2878915080e+00  8.0990788890e+00  9.0054366520e+00  6.9338369520e+00
    4.3000000000e+00  3.0707514160e+00  2.4564399800e+00  2.2689924290e+00  8.0833601180e+00  9.0038306390e+00  6.9214193770e+00
    4.3100000000e+00  3.0480322510e+00  2.4085635030e+00  2.2501582580e+00  8.0685963070e+00  9.0011921550e+00  6.9078408190e+00
    4.3200000000e+00  3.0260906300e+00  2.3607977470e+00  2.2315588220e+00  8.0548202030e+00  8.9975530120e+00  6.8931280250e+00
    4.3300000000e+00  3.0048286720e+00  2.3132576310e+00  2.2133505930e+00  8.0420565830e+00  8.9929648180e+00  6.8773213000e+00
    4.3400000000e+00  2.9841543390e+00  2.2660538240e+00  2.1956797490e+00  8.0303248550e+00  8.9875038730e+00  6.8604711610e+00
    4.3500000000e+00  2.9639809320e+00  2.2192840720e+00  2.1786852250e+00  8.0196416920e+00  8.9812733500e+00  6.8426376250e+00
    4.3600000000e+00  2.9442256990e+00  2.1730231130e+00  2.1625005560e+00  8.0100236030e+00  8.9744011370e+00  6.8238913740e+00
    4.3700000000e+00  2.9248073230e+00  2.1273136180e+00  2.1472540150e+00  8.0014890760e+00  8.9670329340e+00  6.8043157210e+00
    4.3800000000e+00  2.9056422890e+00  2.0821605040e+00  2.1330671730e+00  7.9940596270e+00  8.9593215430e+00  6.7840083740e+00
    4.3900000000e+00  2.8866406060e+00  2.0375301270e+00  2.1200523790e+00  7.9877590870e+00  8.9514144040e+00  6.7630824380e+00
    4.4000000000e+00  2.8677017860e+00  1.9933546660e+00  2.1083096750e+00  7.9826106780e+00  8.9434418550e+00  6.7416664280e+00
    4.4100000000e+00  2.8487122530e+00  1.9495407110e+00  2.0979235000e+00  7.9786320460e+00  8.9355084480e+00  6.7199033180e+00
    4.4200000000e+00  2.8295451730e+00  1.9059801490e+00  2.0889593970e+00  7.9758290490e+00  8.9276887930e+00  6.6979486170e+00
    4.4300000000e+00  2.8100631930e+00  1.8625609970e+00  2.0814609610e+00  7.9741896000e+00  8.9200283340e+00  6.6759674140e+00
    4.4400000000e+00  2.7901237830e+00  1.8191760380e+00  2.0754473600e+00  7.9736789770e+00  8.9125483380e+00  6.6541303290e+00
    4.4500000000e+00  2.7695862180e+00  1.7757276910e+00  2.0709119320e+00  7.9742376690e+00  8.9052535390e+00  6.6326084960e+00
    4.4600000000e+00  2.7483188020e+00  1.7321284780e+00  2.0678222770e+00  7.9757821320e+00  8.8981404040e+00  6.6115679530e+00
    4.4700000000e+00  2.7262050840e+00  1.6882973060e+00  2.0661221150e+00  7.9782080730e+00  8.8912040080e+00  6.5911640740e+00
    4.4800000000e+00  2.7031482830e+00  1.6441526200e+00  2.0657348340e+00  7.9813953910e+00  8.8844417430e+00  6.5715367130e+00
    4.4900000000e+00  2.6790737520e+00  1.5996041060e+00  2.0665683430e+00  7.9852138070e+00  8.8778526420e+00  6.5528066900e+00
    4.5000000000e+00  2.6539297740e+00  1.5545451160e+00  2.0685206420e+00  7.9895285500e+00  8.8714318590e+00  6.5350739860e+00
    4.5100000000e+00  2.6276869910e+00  1.5088481170e+00  2.0714854310e+00  7.9942058500e+00  8.8651608110e+00  6.5184176910e+00
    4.5200000000e+00  2.6003365290e+00  1.4623652030e+00  2.0753571710e+00  7.9991182240e+00  8.8589945880e+00  6.5028975320e+00
    4.5300000000e+00  2.5718865770e+00  1.4149348400e+00  2.0800352410e+00  8.0041493700e+00  8.8528491710e+00  6.4885565540e+00
    4.5400000000e+00  2.5423571670e+00  1.3663946930e+00  2.0854270290e+00  8.0091980700e+00  8.8465914190e+00  6.4754245700e+00
    4.5500000000e+00  2.5117732810e+00  1.3165989790e+00  2.0914500010e+00  8.0141801430e+00  8.8400344970e+00  6.4635220990e+00
    4.5600000000e+00  2.4801570780e+00  1.2654376690e+00  2.0980327290e+00  8.0190274390e+00  8.8329404400e+00  6.4528646610e+00
    4.5700000000e+00  2.4475206830e+00  1.2128543880e+00  2.1051147560e+00  8.0236833470e+00  8.8250301170e+00  6.4434673370e+00
    4.5800000000e+00  2.4138612180e+00  1.1588601640e+00  2.1126450210e+00  8.0280950960e+00  8.8159995130e+00  6.4353493550e+00
    4.5900000000e+00  2.3791595350e+00  1.1035409970e+00  2.1205786590e+00  8.0322040060e+00  8.8055402290e+00  6.4285381920e+00
    4.6000000000e+00  2.3433834180e+00  1.0470582410e+00  2.1288722140e+00  8.0359354970e+00  8.7933616440e+00  6.4230724750e+00
    4.6100000000e+00  2.3064950630e+00  9.8964185400e-01  2.1374777730e+00  8.0391908300e+00  8.7792121820e+00  6.4190029810e+00
    4.6200000000e+00  2.2684618440e+00  9.3157732200e-01  2.1463368560e+00  8.0418422770e+00  8.7628974420e+00  6.4163913170e+00
    4.6300000000e+00  2.2292687200e+00  8.7318767400e-01  2.1553750010e+00  8.0437328100e+00  8.7442934170e+00  6.4153063060e+00
    4.6400000000e+00  2.1889303930e+00  8.1481240600e-01  2.1644979060e+00  8.0446806370e+00  8.7233535600e+00  6.4158185510e+00
    4.6500000000e+00  2.1475013930e+00  7.5678540400e-01  2.1735896090e+00  8.0444881320e+00  8.7001090350e+00  6.4179939030e+00
    4.6600000000e+00  2.1050825940e+00  6.9941413300e-01  2.1825128600e+00  8.0429540390e+00  8.6746621720e+00  6.4218866080e+00
    4.6700000000e+00  2.0618232980e+00  6.4296228300e-01  2.1911115590e+00  8.0398873870e+00  8.6471739220e+00  6.4275328180e+00
    4.6800000000e+00  2.0179187130e+00  5.8763771300e-01  2.1992149990e+00  8.0351213980e+00  8.6178468550e+00  6.4349449720e+00
    4.6900000000e+00  1.9736033200e+00  5.3358686400e-01  2.2066435930e+00  8.0285258880e+00  8.5869059140e+00  6.4441074160e+00
    4.7000000000e+00  1.9291410550e+00  4.8089584500e-01  2.2132158180e+00  8.0200171240e+00  8.5545794200e+00  6.4549735780e+00
    4.7100000000e+00  1.8848132750e+00  4.2959738800e-01  2.2187560220e+00  8.0095645500e+00  8.5210826650e+00  6.4674650290e+00
    4.7200000000e+00  1.8409054050e+00  3.7968206600e-01  2.2231026750e+00  7.9971941260e+00  8.4866058700e+00  6.4814727800e+00
    4.7300000000e+00  1.7976930440e+00  3.3111166400e-01  2.2261164270e+00  7.9829880400e+00  8.4513074040e+00  6.4968611000e+00
    4.7400000000e+00  1.7554284840e+00  2.8383259400e-01  2.2276870920e+00  7.9670805950e+00  8.4153123100e+00  6.5134740080e+00
    4.7500000000e+00  1.7143287940e+00  2.3778747700e-01  2.2277385250e+00  7.9496503090e+00  8.3787153620e+00  6.5311442040e+00
    4.7600000000e+00  1.6745668320e+00  1.9292355900e-01  2.2262302810e+00  7.9309087810e+00  8.3415873200e+00  6.5497037080e+00
    4.7700000000e+00  1.6362662520e+00  1.4919730300e-01  2.2231552990e+00  7.9110874950e+00  8.3039827170e+00  6.5689948870e+00
    4.7800000000e+00  1.5995010370e+00  1.0657524100e-01  2.2185334690e+00  7.8904242240e+00  8.2659474430e+00  6.5888801150e+00
    4.7900000000e+00  1.5642992330e+00  6.5031921000e-02  2.2124018640e+00  7.8691507560e+00  8.2275247420e+00  6.6092483040e+00
    4.8000000000e+00  1.5306498910e+00  2.4546182000e-02  2.2048032790e+00  7.8474833190e+00  8.1887588270e+00  6.6300170270e+00
    4.8100000000e+00  1.4985117770e+00 -1.4902923000e-02  2.1957751960e+00  7.8256164210e+00  8.1496960760e+00  6.6511299500e+00
    4.8200000000e+00  1.4678224140e+00 -5.3339623000e-02  2.1853411650e+00  7.8037201300e+00  8.1103842800e+00  6.6725503530e+00
    4.8300000000e+00  1.4385063240e+00 -9.0793858000e-02  2.1735058920e+00  7.7819402640e+00  8.0708706200e+00  6.6942523690e+00
    4.8400000000e+00  1.4104818150e+00 -1.2730252200e-01  2.1602543260e+00  7.7604007330e+00  8.0311989350e+00  6.7162119220e+00
    4.8500000000e+00  1.3836660410e+00 -1.6290952100e-01  2.1455540190e+00  7.7392073180e+00  7.9914066560e+00  6.7383990520e+00
    4.8600000000e+00  1.3579782300e+00 -1.9766457700e-01  2.1293593710e+00  7.7184523820e+00  7.9515217300e+00  6.7607726100e+00
    4.8700000000e+00  1.3333409560e+00 -2.3162075800e-01  2.1116162530e+00  7.6982200670e+00  7.9115599740e+00  6.7832773610e+00
    4.8800000000e+00  1.3096792180e+00 -2.6483089300e-01  2.0922658620e+00  7.6785914910e+00  7.8715233880e+00  6.8058427030e+00
    4.8900000000e+00  1.2869172060e+00 -2.9734336300e-01  2.0712475070e+00  7.6596491150e+00  7.8313999020e+00  6.8283818020e+00
    4.9000000000e+00  1.2649729890e+00 -3.2919797100e-01  2.0485008710e+00  7.6414792850e+00  7.7911646950e+00  6.8507900980e+00
    4.9100000000e+00  1.2437519380e+00 -3.6042253900e-01  2.0239689110e+00  7.6241719230e+00  7.7507828110e+00  6.8729428150e+00
    4.9200000000e+00  1.2231402450e+00 -3.9103058700e-01  1.9976026060e+00  7.6078168370e+00  7.7102125350e+00  6.8946920590e+00
    4.9300000000e+00  1.2030001300e+00 -4.2102003200e-01  1.9693681690e+00  7.5924967770e+00  7.6694089910e+00  6.9158648740e+00
    4.9400000000e+00  1.1831681040e+00 -4.5037262300e-01  1.9392563610e+00  7.5782782150e+00  7.6283277080e+00  6.9362639270e+00
    4.9500000000e+00  1.1634570590e+00 -4.7905388600e-01  1.9072925190e+00  7.5652012990e+00  7.5869282280e+00  6.9556721060e+00
    4.9600000000e+00  1.1436621820e+00 -5.0701363600e-01  1.8735453330e+00  7.5532705890e+00  7.5451779490e+00  6.9738614040e+00
    4.9700000000e+00  1.1235700880e+00 -5.3418739500e-01  1.8381323640e+00  7.5424478470e+00  7.5030562340e+00  6.9906053680e+00
    4.9800000000e+00  1.1029702710e+00 -5.6049911800e-01  1.8012209840e+00  7.5326477660e+00  7.4605584420e+00  7.0056934750e+00
    4.9900000000e+00  1.0816679610e+00 -5.8586528700e-01  1.7630242930e+00  7.5237371000e+00  7.4176992060e+00  7.0189454430e+00
    5.0000000000e+00  1.0594975050e+00 -6.1020000400e-01  1.7237925240e+00  7.5155375890e+00  7.3745143270e+00  7.0302236190e+00
    5.0100000000e+00  1.0363352500e+00 -6.3342029500e-01  1.6838010540e+00  7.5078330160e+00  7.3310609560e+00  7.0394421060e+00
    5.0200000000e+00  1.0121105260e+00 -6.5545089700e-01  1.6433363130e+00  7.5003805310e+00  7.2874163630e+00  7.0465719240e+00
    5.0300000000e+00  9.8681299500e-01 -6.7622815200e-01  1.6026808920e+00  7.4929257780e+00  7.2436759100e+00  7.0516419050e+00
    5.0400000000e+00  9.6049473800e-01 -6.9570323600e-01  1.5620990370e+00  7.4852203970e+00  7.1999508240e+00  7.0547353050e+00
    5.0500000000e+00  9.3326615600e-01 -7.1384526900e-01  1.5218237510e+00  7.4770396120e+00  7.1563659500e+00  7.0559823330e+00
    5.0600000000e+00  9.0528606700e-01 -7.3064477100e-01  1.4820468290e+00  7.4681972430e+00  7.1130570230e+00  7.0555491390e+00
    5.0700000000e+00  8.7674765100e-01 -7.4611737700e-01  1.4429130470e+00  7.4585559500e+00  7.0701666780e+00  7.0536243860e+00
    5.0800000000e+00  8.4786279400e-01 -7.6030701200e-01  1.4045192680e+00  7.4480316440e+00  7.0278385410e+00  7.0504051750e+00
    5.0900000000e+00  8.1884745100e-01 -7.7328724800e-01  1.3669182930e+00  7.4365923830e+00  6.9862093770e+00  7.0460844200e+00
    5.1000000000e+00  7.8990998800e-01 -7.8515957800e-01  1.3301262160e+00  7.4242532720e+00  6.9454001740e+00  7.0408415210e+00
    5.1100000000e+00  7.6124336800e-01 -7.9604795700e-01  1.2941312240e+00  7.4110694410e+00  6.9055077770e+00  7.0348372810e+00
    5.1200000000e+00  7.3302089400e-01 -8.0608993200e-01  1.2589016410e+00  7.3971291140e+00  6.8665989930e+00  7.0282127430e+00
    5.1300000000e+00  7.0539436500e-01 -8.1542574200e-01  1.2243916440e+00  7.3825481810e+00  6.8287087840e+00  7.0210905290e+00
    5.1400000000e+00  6.7849310800e-01 -8.2418750300e-01  1.1905442270e+00  7.3674668090e+00  6.7918432750e+00  7.0135767430e+00
    5.1500000000e+00  6.5242243500e-01 -8.3249081700e-01  1.1572921820e+00  7.3520477590e+00  6.7559871990e+00  7.0057617500e+00
    5.1600000000e+00  6.2726054700e-01 -8.4043073300e-01  1.1245586240e+00  7.3364754170e+00  6.7211142060e+00  6.9977190410e+00
    5.1700000000e+00  6.0305359200e-01 -8.4808305900e-01  1.0922586580e+00  7.3209541920e+00  6.6871976620e+00  6.9895025010e+00
    5.1800000000e+00  5.7980936400e-01 -8.5551069200e-01  1.0603032550e+00  7.3057049900e+00  6.6542192310e+00  6.9811432910e+00
    5.1900000000e+00  5.5749074000e-01 -8.6277332200e-01  1.0286054180e+00  7.2909588640e+00  6.6221730270e+00  6.9726479420e+00
    5.2000000000e+00  5.3601033800e-01 -8.6993787600e-01  9.9708780000e-01  7.2769476150e+00  6.5910641630e+00  6.9639990390e+00
    5.2100000000e+00  5.1522783600e-01 -8.7708685200e-01  9.6569026600e-01  7.2638918910e+00  6.5609020440e+00  6.9551592140e+00
    5.2200000000e+00  4.9495094900e-01 -8.8432218800e-01  9.3437572600e-01  7.2519879650e+00  6.5316901330e+00  6.9460782320e+00
    5.2300000000e+00  4.7494044400e-01 -8.9176356800e-01  9.0313287900e-01  7.2413946690e+00  6.5034148300e+00  6.9367021370e+00
    5.2400000000e+00  4.5491886700e-01 -8.9954149200e-01  8.7197521500e-01  7.2322218950e+00  6.4760362640e+00  6.9269829260e+00
    5.2500000000e+00  4.3458220600e-01 -9.0778672900e-01  8.4093641700e-01  7.2245217560e+00  6.4494831800e+00  6.9168870990e+00
    5.2600000000e+00  4.1361346600e-01 -9.1661856700e-01  8.1006299300e-01  7.2182830090e+00  6.4236530010e+00  6.9064017920e+00
    5.2700000000e+00  3.9169717500e-01 -9.2613434200e-01  7.7940534700e-01  7.2134289630e+00  6.3984168650e+00  6.8955377120e+00
    5.2800000000e+00  3.6853397100e-01 -9.3640227500e-01  7.4900861900e-01  7.2098188510e+00  6.3736282930e+00  6.8843286830e+00
    5.2900000000e+00  3.4385454800e-01 -9.4745866300e-01  7.1890444300e-01  7.2072525350e+00  6.3491334830e+00  6.8728280650e+00
    5.3000000000e+00  3.1743229900e-01 -9.5930937200e-01  6.8910456900e-01  7.2054783520e+00  6.3247810500e+00  6.8611026470e+00
    5.3100000000e+00  2.8909395100e-01 -9.7193460000e-01  6.5959704900e-01  7.2042038980e+00  6.3004294810e+00  6.8492247920e+00
    5.3200000000e+00  2.5872743000e-01 -9.8529525600e-01  6.3034536500e-01  7.2031093210e+00  6.2759513610e+00  6.8372638220e+00
    5.3300000000e+00  2.2628619500e-01 -9.9933918400e-01  6.0129063600e-01  7.2018624910e+00  6.2512344030e+00  6.8252776640e+00
    5.3400000000e+00  1.9178940600e-01 -1.0140058800e+00  5.7235662400e-01  7.2001350530e+00  6.2261801500e+00  6.8133058630e+00
    5.3500000000e+00  1.5531759700e-01 -1.0292290340e+00  5.4345690900e-01  7.1976181110e+00  6.2007016980e+00  6.8013649130e+00
    5.3600000000e+00  1.1700393600e-01 -1.0449370990e+00  5.1450319200e-01  7.1940360750e+00  6.1747217740e+00  6.7894466530e+00
    5.3700000000e+00  7.7021744000e-02 -1.0610526990e+00  4.8541341400e-01  7.1891571940e+00  6.1481721190e+00  6.7775199560e+00
    5.3800000000e+00  3.5569551000e-02 -1.0774919870e+00  4.5611831200e-01  7.1827995360e+00  6.1209944740e+00  6.7655354060e+00
    5.3900000000e+00 -7.1445690000e-03 -1.0941650110e+00  4.2656526200e-01  7.1748317260e+00  6.0931428030e+00  6.7534320060e+00
    5.4000000000e+00 -5.0917369000e-02 -1.1109777370e+00  3.9671876800e-01  7.1651685190e+00  6.0645859180e+00  6.7411445350e+00
    5.4100000000e+00 -9.5561703000e-02 -1.1278358520e+00  3.6655765400e-01  7.1537621360e+00  6.0353094230e+00  6.7286099640e+00
    5.4200000000e+00 -1.4091345900e-01 -1.1446498430e+00  3.3606973600e-01  7.1405909380e+00  6.0053159800e+00  6.7157715230e+00
    5.4300000000e+00 -1.8683365600e-01 -1.1613404260e+00  3.0524530900e-01  7.1256473490e+00  5.9746232650e+00  6.7025795070e+00
    5.4400000000e+00 -2.3320605400e-01 -1.1778431240e+00  2.7407106900e-01  7.1089268910e+00  5.9432595070e+00  6.6889885480e+00
    5.4500000000e+00 -2.7993125500e-01 -1.1941108770e+00  2.4252610800e-01  7.0904197980e+00  5.9112571400e+00  6.6749518600e+00
    5.4600000000e+00 -3.2691871100e-01 -1.2101139110e+00  2.1058122600e-01  7.0701061470e+00  5.8786455320e+00  6.6604136240e+00
    5.4700000000e+00 -3.7407822200e-01 -1.2258366250e+00  1.7820226000e-01  7.0479547800e+00  5.8454440450e+00  6.6453011730e+00
    5.4800000000e+00 -4.2131238300e-01 -1.2412717960e+00  1.4535730000e-01  7.0239256660e+00  5.8116566440e+00  6.6295188170e+00
    5.4900000000e+00 -4.6851112700e-01 -1.2564128450e+00  1.1202686600e-01  6.9979748370e+00  5.7772690300e+00  6.6129450070e+00
    5.5000000000e+00 -5.1554902400e-01 -1.2712452580e+00  7.8215471000e-02  6.9700607250e+00  5.7422489300e+00  6.5954339860e+00
    5.5100000000e+00 -5.6228538900e-01 -1.2857383410e+00  4.3962529000e-02  6.9401506190e+00  5.7065497620e+00  6.5768223360e+00
    5.5200000000e+00 -6.0856679800e-01 -1.2998386180e+00  9.3506000000e-03  6.9082261800e+00  5.6701174570e+00  6.5569399120e+00
    5.5300000000e+00 -6.5423120500e-01 -1.3134660500e+00 -2.5490742000e-02  6.8742872680e+00  5.6328997670e+00  6.5356238240e+00
    5.5400000000e+00 -6.9911271600e-01 -1.3265140650e+00 -6.0386362000e-02  6.8383538160e+00  5.5948568900e+00  6.5127335160e+00
    5.5500000000e+00 -7.4304616900e-01 -1.3388538480e+00 -9.5122421000e-02  6.8004659480e+00  5.5559717620e+00  6.4881647300e+00
    5.5600000000e+00 -7.8587096300e-01 -1.3503426040e+00 -1.2945775300e-01  6.7606828320e+00  5.5162581960e+00  6.4618603690e+00
    5.5700000000e+00 -8.2743392200e-01 -1.3608345690e+00 -1.6313816700e-01  6.7190808410e+00  5.4757652480e+00  6.4338168550e+00
    5.5800000000e+00 -8.6759130000e-01 -1.3701928940e+00 -1.9591175500e-01  6.6757515070e+00  5.4345769320e+00  6.4040853850e+00
    5.5900000000e+00 -9.0621014200e-01 -1.3783002380e+00 -2.2754331300e-01  6.6307994970e+00  5.3928074090e+00  6.3727683440e+00
    5.6000000000e+00 -9.4316913900e-01 -1.3850663180e+00 -2.5782638200e-01  6.5843406770e+00  5.3505928790e+00  6.3400117120e+00
    5.6100000000e+00 -9.7835902600e-01 -1.3904315330e+00 -2.8659192700e-01  6.5365003490e+00  5.3080819980e+00  6.3059947680e+00
    5.6200000000e+00 -1.0116825670e+00 -1.3943668960e+00 -3.1371325600e-01  6.4874118380e+00  5.2654267440e+00  6.2709184270e+00
    5.6300000000e+00 -1.0430543340e+00 -1.3968713510e+00 -3.3910728200e-01  6.4372156660e+00  5.2227750380e+00  6.2349935430e+00
    5.6400000000e+00 -1.0724007440e+00 -1.3979678960e+00 -3.6273261000e-01  6.3860594210e+00  5.1802655070e+00  6.1984302080e+00
    5.6500000000e+00 -1.0996608670e+00 -1.3976995940e+00 -3.8458519100e-01  6.3340980520e+00  5.1380239650e+00  6.1614287750e+00
    5.6600000000e+00 -1.1247883330e+00 -1.3961258830e+00 -4.0469235500e-01  6.2814939940e+00  5.0961607780e+00  6.1241729760e+00
    5.6700000000e+00 -1.1477541830e+00 -1.3933188780e+00 -4.2310592700e-01  6.2284163030e+00  5.0547685030e+00  6.0868252100e+00
    5.6800000000e+00 -1.1685500340e+00 -1.3893590660e+00 -4.3989504300e-01  6.1750382320e+00  5.0139197490e+00  6.0495239060e+00
    5.6900000000e+00 -1.1871906620e+00 -1.3843299740e+00 -4.5513911400e-01  6.1215330740e+00  4.9736658450e+00  6.0123828080e+00
    5.7000000000e+00 -1.2037151330e+00 -1.3783120140e+00 -4.6892134700e-01  6.0680686620e+00  4.9340371090e+00  5.9754920100e+00
    5.7100000000e+00 -1.2181859750e+00 -1.3713762710e+00 -4.8132326000e-01  6.0148012100e+00  4.8950453830e+00  5.9389204760e+00
    5.7200000000e+00 -1.2306862160e+00 -1.3635793680e+00 -4.9242053600e-01  5.9618693260e+00  4.8566888460e+00  5.9027196280e+00
    5.7300000000e+00 -1.2413144320e+00 -1.3549604500e+00 -5.0228041900e-01  5.9093889180e+00  4.8189585110e+00  5.8669274300e+00
    5.7400000000e+00 -1.2501781140e+00 -1.3455408320e+00 -5.1096052600e-01  5.8574496440e+00  4.7818452990e+00  5.8315723540e+00
    5.7500000000e+00 -1.2573858150e+00 -1.3353262290e+00 -5.1850869000e-01  5.8061134800e+00  4.7453465100e+00  5.7966767830e+00
    5.7600000000e+00 -1.2630387630e+00 -1.3243109450e+00 -5.2496329500e-01  5.7554159070e+00  4.7094707580e+00  5.7622597180e+00
    5.7700000000e+00 -1.2672228880e+00 -1.3124831220e+00 -5.3035367100e-01  5.7053700330e+00  4.6742409250e+00  5.7283390170e+00
    5.7800000000e+00 -1.2700024770e+00 -1.2998301820e+00 -5.3470041100e-01  5.6559735500e+00  4.6396951930e+00  5.6949335760e+00
    5.7900000000e+00 -1.2714166140e+00 -1.2863438860e+00 -5.3801585200e-01  5.6072178330e+00  4.6058864890e+00  5.6620658350e+00
    5.8000000000e+00 -1.2714792550e+00 -1.2720247410e+00 -5.4030520900e-01  5.5590979200e+00  4.5728808130e+00  5.6297646710e+00
    5.8100000000e+00 -1.2701830640e+00 -1.2568857710e+00 -5.4156886300e-01  5.5116217450e+00  4.5407547620e+00  5.5980683480e+00
    5.8200000000e+00 -1.2675063300e+00 -1.2409557190e+00 -5.4180599500e-01  5.4648171320e+00  4.5095923600e+00  5.5670268430e+00
    5.8300000000e+00 -1.2634217080e+00 -1.2242816630e+00 -5.4101930200e-01  5.4187355520e+00  4.4794811260e+00  5.5367027450e+00
    5.8400000000e+00 -1.2579052390e+00 -1.2069308250e+00 -5.3922005300e-01  5.3734524000e+00  4.4505072960e+00  5.5071701930e+00
    5.8500000000e+00 -1.2509443420e+00 -1.1889911460e+00 -5.3643247800e-01  5.3290642290e+00  4.4227502270e+00  5.4785117910e+00
    5.8600000000e+00 -1.2425438830e+00 -1.1705701620e+00 -5.3269662500e-01  5.2856838120e+00  4.3962763330e+00  5.4508139800e+00
    5.8700000000e+00 -1.2327299170e+00 -1.1517918190e+00 -5.2806916600e-01  5.2434340130e+00  4.3711331600e+00  5.4241617510e+00
    5.8800000000e+00 -1.2215510950e+00 -1.1327911990e+00 -5.2262217000e-01  5.2024414320e+00  4.3473444730e+00  5.3986336270e+00
    5.8900000000e+00 -1.2090780330e+00 -1.1137075330e+00 -5.1644025900e-01  5.1628306270e+00  4.3249072400e+00  5.3742976740e+00
    5.9000000000e+00 -1.1954012060e+00 -1.0946763260e+00 -5.0961675000e-01  5.1247195470e+00  4.3037912090e+00  5.3512089590e+00
    5.9100000000e+00 -1.1806281130e+00 -1.0758217360e+00 -5.0224941500e-01  5.0882165100e+00  4.2839413590e+00  5.3294086100e+00
    5.9200000000e+00 -1.1648805810e+00 -1.0572504060e+00 -4.9443643200e-01  5.0534186640e+00  4.2652829420e+00  5.3089244250e+00
    5.9300000000e+00 -1.1482928820e+00 -1.0390477530e+00 -4.8627305000e-01  5.0204114190e+00  4.2477282900e+00  5.2897728300e+00
    5.9400000000e+00 -1.1310109870e+00 -1.0212772240e+00 -4.7784942700e-01  4.9892680180e+00  4.2311841390e+00  5.2719618010e+00
    5.9500000000e+00 -1.1131926720e+00 -1.0039824190e+00 -4.6924989900e-01  4.9600483540e+00  4.2155581030e+00  5.2554941960e+00
    5.9600000000e+00 -1.0950076990e+00 -9.8719129100e-01 -4.6055371300e-01  4.9327964600e+00  4.2007631120e+00  5.2403708380e+00
    5.9700000000e+00 -1.0766370150e+00 -9.7092115700e-01 -4.5183687900e-01  4.9075366540e+00  4.1867191430e+00  5.2265927730e+00
    5.9800000000e+00 -1.0582700180e+00 -9.5518306800e-01 -4.4317462300e-01  4.8842689950e+00  4.1733522990e+00  5.2141623600e+00
    5.9900000000e+00 -1.0400994310e+00 -9.3998425300e-01 -4.3464383000e-01  4.8629652330e+00  4.1605920500e+00  5.2030832060e+00
    6.0000000000e+00 -1.0223140390e+00 -9.2532803400e-01 -4.2632504500e-01  4.8435665740e+00  4.1483680100e+00  5.1933591940e+00
    6.0100000000e+00 -1.0050902650e+00 -9.1121138800e-01 -4.1830380000e-01  4.8259843610e+00  4.1366077760e+00  5.1849930350e+00
    6.0200000000e+00 -9.8858406300e-01 -8.9762118600e-01 -4.1067135900e-01  4.8101041380e+00  4.1252370070e+00  5.1779847140e+00
    6.0300000000e+00 -9.7292472300e-01 -8.8453062600e-01 -4.0352508400e-01  4.7957927670e+00  4.1141821440e+00  5.1723300600e+00
    6.0400000000e+00 -9.5821184600e-01 -8.7189729500e-01 -3.9696875800e-01  4.7829075170e+00  4.1033752730e+00  5.1680194430e+00
    6.0500000000e+00 -9.4451611200e-01 -8.5966380900e-01 -3.9111304100e-01  4.7713055020e+00  4.0927599710e+00  5.1650363590e+00
    6.0600000000e+00 -9.3188357900e-01 -8.4776113900e-01 -3.8607606400e-01  4.7608517850e+00  4.0822966630e+00  5.1633555380e+00
    6.0700000000e+00 -9.2034253500e-01 -8.3611401800e-01 -3.8198381800e-01  4.7514247820e+00  4.0719663430e+00  5.1629402420e+00
    6.0800000000e+00 -9.0991139500e-01 -8.2464738900e-01 -3.7896979400e-01  4.7429182480e+00  4.0617719890e+00  5.1637386720e+00
    6.0900000000e+00 -9.0060609500e-01 -8.1329286000e-01 -3.7717324500e-01  4.7352399380e+00  4.0517376690e+00  5.1656797280e+00
    6.1000000000e+00 -8.9244572800e-01 -8.0199436800e-01 -3.7673561600e-01  4.7283076810e+00  4.0419056830e+00  5.1686687860e+00
    6.1100000000e+00 -8.8545575100e-01 -7.9071262000e-01 -3.7779505800e-01  4.7220440130e+00  4.0323322700e+00  5.1725843240e+00
    6.1200000000e+00 -8.7966867500e-01 -7.7942805500e-01 -3.8047934900e-01  4.7163704970e+00  4.0230823390e+00  5.1772762750e+00
    6.1300000000e+00 -8.7512265300e-01 -7.6814221800e-01 -3.8489797000e-01  4.7112026670e+00  4.0142236380e+00  5.1825667600e+00
    6.1400000000e+00 -8.7185854200e-01 -7.5687740300e-01 -3.9113426600e-01  4.7064460700e+00  4.0058207950e+00  5.1882534690e+00
    6.1500000000e+00 -8.6991602400e-01 -7.4567457100e-01 -3.9923873500e-01  4.7019936040e+00  3.9979297450e+00  5.1941155580e+00
    6.1600000000e+00 -8.6932916700e-01 -7.3458968200e-01 -4.0922424900e-01  4.6977241400e+00  3.9905931070e+00  5.1999215010e+00
    6.1700000000e+00 -8.7012170100e-01 -7.2368886600e-01 -4.2106378700e-01  4.6935023730e+00  3.9838370230e+00  5.2054380770e+00
    6.1800000000e+00 -8.7230217400e-01 -7.1304302300e-01 -4.3469077900e-01  4.6891799780e+00  3.9776697750e+00  5.2104395620e+00
    6.1900000000e+00 -8.7585925000e-01 -7.0272253300e-01 -4.5000185300e-01  4.6845981450e+00  3.9720822110e+00  5.2147162910e+00
    6.2000000000e+00 -8.8075752200e-01 -6.9279270900e-01 -4.6686149300e-01  4.6795916170e+00  3.9670497720e+00  5.2180820440e+00
    6.2100000000e+00 -8.8693436500e-01 -6.8331045600e-01 -4.8510810000e-01  4.6739941650e+00  3.9625356550e+00  5.2203799870e+00
    6.2200000000e+00 -8.9429839500e-01 -6.7432239300e-01 -5.0456109800e-01  4.6676452370e+00  3.9584945810e+00  5.2214871140e+00
    6.2300000000e+00 -9.0273000800e-01 -6.6586448200e-01 -5.2502892700e-01  4.6603971900e+00  3.9548765510e+00  5.2213171060e+00
    6.2400000000e+00 -9.1208419900e-01 -6.5796297500e-01 -5.4631779300e-01  4.6521223230e+00  3.9516300360e+00  5.2198212740e+00
    6.2500000000e+00 -9.2219551300e-01 -6.5063626700e-01 -5.6824078600e-01  4.6427188680e+00  3.9487041380e+00  5.2169870730e+00
    6.2600000000e+00 -9.3288458900e-01 -6.4389708000e-01 -5.9062645600e-01  4.6321152220e+00  3.9460494720e+00  5.2128337470e+00
    6.2700000000e+00 -9.4396556200e-01 -6.3775432700e-01 -6.1332556100e-01  4.6202719960e+00  3.9436178340e+00  5.2074051590e+00
    6.2800000000e+00 -9.5525348500e-01 -6.3221408600e-01 -6.3621468100e-01  4.6071818430e+00  3.9413610270e+00  5.2007607230e+00
    6.2900000000e+00 -9.6657104100e-01 -6.2727941700e-01 -6.5919600500e-01  4.5928672800e+00  3.9392294780e+00  5.1929660270e+00
    6.3000000000e+00 -9.7775401900e-01 -6.2294911700e-01 -6.8219358300e-01  4.5773770120e+00  3.9371713370e+00  5.1840850310e+00
    6.3100000000e+00 -9.8865524700e-01 -6.1921586800e-01 -7.0514733700e-01  4.5607813370e+00  3.9351325600e+00  5.1741752510e+00
    6.3200000000e+00 -9.9914697100e-01 -6.1606443500e-01 -7.2800666100e-01  4.5431672630e+00  3.9330581630e+00  5.1632864290e+00
    6.3300000000e+00 -1.0091219080e+00 -6.1347054100e-01 -7.5072535200e-01  4.5246338590e+00  3.9308944400e+00  5.1514620910e+00
    6.3400000000e+00 -1.0184933620e+00 -6.1140080300e-01 -7.7325889500e-01  4.5052881270e+00  3.9285916280e+00  5.1387426500e+00
    6.3500000000e+00 -1.0271948280e+00 -6.0981377200e-01 -7.9556419000e-01  4.4852414580e+00  3.9261064630e+00  5.1251684950e+00
    6.3600000000e+00 -1.0351793570e+00 -6.0866185100e-01 -8.1760102400e-01  4.4646064750e+00  3.9234041290e+00  5.1107818580e+00
    6.3700000000e+00 -1.0424187470e+00 -6.0789367300e-01 -8.3933413800e-01  4.4434940280e+00  3.9204593570e+00  5.0956269210e+00
    6.3800000000e+00 -1.0489024030e+00 -6.0745651900e-01 -8.6073475400e-01  4.4220101630e+00  3.9172566500e+00  5.0797483110e+00
    6.3900000000e+00 -1.0546356240e+00 -6.0729844100e-01 -8.8178077300e-01  4.4002530900e+00  3.9137898000e+00  5.0631886900e+00
    6.4000000000e+00 -1.0596371020e+00 -6.0736991600e-01 -9.0245536100e-01  4.3783103630e+00  3.9100609630e+00  5.0459863890e+00
    6.4100000000e+00 -1.0639355640e+00 -6.0762498100e-01 -9.2274417000e-01  4.3562566440e+00  3.9060795890e+00  5.0281740530e+00
    6.4200000000e+00 -1.0675657230e+00 -6.0802196600e-01 -9.4263192500e-01  4.3341524790e+00  3.9018614260e+00  5.0097789600e+00
    6.4300000000e+00 -1.0705638910e+00 -6.0852403800e-01 -9.6209935800e-01  4.3120444070e+00  3.8974277630e+00  4.9908252950e+00
    6.4400000000e+00 -1.0729638140e+00 -6.0909979400e-01 -9.8112159200e-01  4.2899666340e+00  3.8928048760e+00  4.9713380720e+00
    6.4500000000e+00 -1.0747934300e+00 -6.0972413100e-01 -9.9966880600e-01  4.2679441420e+00  3.8880235190e+00  4.9513478500e+00
    6.4600000000e+00 -1.0760731460e+00 -6.1037941600e-01 -1.0177095650e+00  4.2459968190e+00  3.8831181390e+00  4.9308949760e+00
    6.4700000000e+00 -1.0768160770e+00 -6.1105682600e-01 -1.0352164910e+00  4.2241438570e+00  3.8781255160e+00  4.9100319160e+00
    6.4800000000e+00 -1.0770302310e+00 -6.1175743900e-01 -1.0521731510e+00  4.2024074700e+00  3.8730826350e+00  4.8888224680e+00
    6.4900000000e+00 -1.0767221660e+00 -6.1249265200e-01 -1.0685804630e+00  4.1808150480e+00  3.8680238790e+00  4.8673373240e+00
    6.5000000000e+00 -1.0759012170e+00 -6.1328351300e-01 -1.0844607150e+00  4.1593991720e+00  3.8629778900e+00  4.8456464230e+00
    6.5100000000e+00 -1.0745831950e+00 -6.1415884300e-01 -1.0998576870e+00  4.1381954200e+00  3.8579646460e+00  4.8238095000e+00
    6.5200000000e+00 -1.0727925020e+00 -6.1515230700e-01 -1.1148322350e+00  4.1172384600e+00  3.8529932870e+00  4.8018669370e+00
    6.5300000000e+00 -1.0705620300e+00 -6.1629884100e-01 -1.1294538930e+00  4.0965573580e+00  3.8480610970e+00  4.7798331050e+00
    6.5400000000e+00 -1.0679306320e+00 -6.1763095600e-01 -1.1437900180e+00  4.0761712540e+00  3.8431537560e+00  4.7576938290e+00
    6.5500000000e+00 -1.0649385900e+00 -6.1917540000e-01 -1.1578946330e+00  4.0560865010e+00  3.8382467860e+00  4.7354086500e+00
    6.5600000000e+00 -1.0616218770e+00 -6.2095052700e-01 -1.1717990530e+00  4.0362960840e+00  3.8333079170e+00  4.7129174630e+00
    6.5700000000e+00 -1.0580063320e+00 -6.2296459000e-01 -1.1855058800e+00  4.0167817120e+00  3.8283000540e+00  4.6901502780e+00
    6.5800000000e+00 -1.0541029380e+00 -6.2521503200e-01 -1.1989871640e+00  3.9975184560e+00  3.8231845240e+00  4.6670384250e+00
    6.5900000000e+00 -1.0499052390e+00 -6.2768878300e-01 -1.2121867820e+00  3.9784813420e+00  3.8179242840e+00  4.6435255150e+00
    6.6000000000e+00 -1.0453896610e+00 -6.3036347200e-01 -1.2250265120e+00  3.9596528760e+00  3.8124868290e+00  4.6195767170e+00
    6.6100000000e+00 -1.0405189990e+00 -6.3320943300e-01 -1.2374148940e+00  3.9410302360e+00  3.8068465140e+00  4.5951852370e+00
    6.6200000000e+00 -1.0352488130e+00 -6.3619227100e-01 -1.2492577290e+00  3.9226307980e+00  3.8009861100e+00  4.5703752880e+00
    6.6300000000e+00 -1.0295359000e+00 -6.3927573100e-01 -1.2604688970e+00  3.9044948080e+00  3.7948974220e+00  4.5452012110e+00
    6.6400000000e+00 -1.0233475280e+00 -6.4242453200e-01 -1.2709801280e+00  3.8866844570e+00  3.7885809150e+00  4.5197428840e+00
    6.6500000000e+00 -1.0166698370e+00 -6.4560681400e-01 -1.2807484490e+00  3.8692792090e+00  3.7820444070e+00  4.4940980390e+00
    6.6600000000e+00 -1.0095138430e+00 -6.4879585700e-01 -1.2897603700e+00  3.8523679900e+00  3.7753010230e+00  4.4683725770e+00
    6.6700000000e+00 -1.0019178690e+00 -6.5197082800e-01 -1.2980323300e+00  3.8360395100e+00  3.7683667500e+00  4.4426702330e+00
    6.6800000000e+00 -9.9394593600e-01 -6.5511643800e-01 -1.3056075350e+00  3.8203724430e+00  3.7612580300e+00  4.4170830170e+00
    6.6900000000e+00 -9.8568249400e-01 -6.5822163900e-01 -1.3125498100e+00  3.8054271770e+00  3.7539898870e+00  4.3916836520e+00
    6.7000000000e+00 -9.7722459600e-01 -6.6127768300e-01 -1.3189355000e+00  3.7912404730e+00  3.7465750020e+00  4.3665208640e+00
    6.7100000000e+00 -9.6867304900e-01 -6.6427611200e-01 -1.3248446390e+00  3.7778236820e+00  3.7390239380e+00  4.3416178960e+00
    6.7200000000e+00 -9.6012411600e-01 -6.6720728200e-01 -1.3303526010e+00  3.7651643810e+00  3.7313464130e+00  4.3169741530e+00
    6.7300000000e+00 -9.5166301300e-01 -6.7005991100e-01 -1.3355232820e+00  3.7532306720e+00  3.7235531950e+00  4.2925694280e+00
    6.7400000000e+00 -9.4335986600e-01 -6.7282184500e-01 -1.3404045440e+00  3.7419769930e+00  3.7156579510e+00  4.2683698450e+00
    6.7500000000e+00 -9.3526825400e-01 -6.7548181400e-01 -1.3450262050e+00  3.7313502750e+00  3.7076784000e+00  4.2443344540e+00
    6.7600000000e+00 -9.2742593000e-01 -6.7803165600e-01 -1.3494004040e+00  3.7212954590e+00  3.6996363600e+00  4.2204215090e+00
    6.7700000000e+00 -9.1985707500e-01 -6.8046834500e-01 -1.3535238100e+00  3.7117597770e+00  3.6915566200e+00  4.1965936360e+00
    6.7800000000e+00 -9.1257535700e-01 -6.8279528300e-01 -1.3573809440e+00  3.7026955560e+00  3.6834649610e+00  4.1728215360e+00
    6.7900000000e+00 -9.0558715900e-01 -6.8502259600e-01 -1.3609479240e+00  3.6940616200e+00  3.6753858100e+00  4.1490861890e+00
    6.8000000000e+00 -8.9889452300e-01 -6.8716646100e-01 -1.3641961140e+00  3.6858235680e+00  3.6673400360e+00  4.1253798140e+00
    6.8100000000e+00 -8.9249760300e-01 -6.8924772900e-01 -1.3670954580e+00  3.6779532530e+00  3.6593432470e+00  4.1017059510e+00
    6.8200000000e+00 -8.8639652200e-01 -6.9129014600e-01 -1.3696174530e+00  3.6704277630e+00  3.6514047420e+00  4.0780789000e+00
    6.8300000000e+00 -8.8059268000e-01 -6.9331849800e-01 -1.3717378510e+00  3.6632281190e+00  3.6435271060e+00  4.0545226790e+00
    6.8400000000e+00 -8.7508952300e-01 -6.9535687800e-01 -1.3734390970e+00  3.6563378280e+00  3.6357063540e+00  4.0310694310e+00
    6.8500000000e+00 -8.6989280700e-01 -6.9742719400e-01 -1.3747124120e+00  3.6497413960e+00  3.6279324340e+00  4.0077572090e+00
    6.8600000000e+00 -8.6501034500e-01 -6.9954795500e-01 -1.3755592270e+00  3.6434229320e+00  3.6201899610e+00  3.9846271230e+00
    6.8700000000e+00 -8.6045127500e-01 -7.0173326800e-01 -1.3759916740e+00  3.6373650090e+00  3.6124590300e+00  3.9617200340e+00
    6.8800000000e+00 -8.5622495100e-01 -7.0399193800e-01 -1.3760318770e+00  3.6315479460e+00  3.6047160730e+00  3.9390731680e+00
    6.8900000000e+00 -8.5233965500e-01 -7.0632654900e-01 -1.3757100330e+00  3.6259496620e+00  3.5969348340e+00  3.9167172220e+00
    6.9000000000e+00 -8.4880140900e-01 -7.0873251800e-01 -1.3750615820e+00  3.6205461520e+00  3.5890876170e+00  3.8946744370e+00
    6.9100000000e+00 -8.4561318900e-01 -7.1119726500e-01 -1.3741239880e+00  3.6153124640e+00  3.5811470190e+00  3.8729579830e+00
    6.9200000000e+00 -8.4277475300e-01 -7.1369980100e-01 -1.3729337770e+00  3.6102239120e+00  3.5730881900e+00  3.8515726210e+00
    6.9300000000e+00 -8.4028312700e-01 -7.1621109500e-01 -1.3715243380e+00  3.6052571310e+00  3.5648914750e+00  3.8305163110e+00
    6.9400000000e+00 -8.3813352600e-01 -7.1869542800e-01 -1.3699247070e+00  3.6003906310e+00  3.5565450580e+00  3.8097822400e+00
    6.9500000000e+00 -8.3632031700e-01 -7.2111272900e-01 -1.3681592360e+00  3.5956046770e+00  3.5480471510e+00  3.7893607860e+00
    6.9600000000e+00 -8.3483758500e-01 -7.2342161500e-01 -1.3662478720e+00  3.5908806130e+00  3.5394073270e+00  3.7692411550e+00
    6.9700000000e+00 -8.3367901300e-01 -7.2558275300e-01 -1.3642067620e+00  3.5862000060e+00  3.5306468490e+00  3.7494126560e+00
    6.9800000000e+00 -8.3283708100e-01 -7.2756218400e-01 -1.3620490720e+00  3.5815441250e+00  3.5217980080e+00  3.7298657250e+00
    6.9900000000e+00 -8.3230191400e-01 -7.2933439500e-01 -1.3597860910e+00  3.5768941340e+00  3.5129025970e+00  3.7105927410e+00
    7.0000000000e+00 -8.3206030100e-01 -7.3088500800e-01 -1.3574287290e+00  3.5722321650e+00  3.5040096030e+00  3.6915884720e+00
    7.0100000000e+00 -8.3209540800e-01 -7.3221295000e-01 -1.3549893510e+00  3.5675430380e+00  3.4951721300e+00  3.6728498490e+00
    7.0200000000e+00 -8.3238750800e-01 -7.3333186200e-01 -1.3524836030e+00  3.5628161690e+00  3.4864435370e+00  3.6543747280e+00
    7.0300000000e+00 -8.3291569700e-01 -7.3427036200e-01 -1.3499316520e+00  3.5580470550e+00  3.4778729320e+00  3.6361595630e+00
    7.0400000000e+00 -8.3366027900e-01 -7.3507078400e-01 -1.3473581760e+00  3.5532378880e+00  3.4695003520e+00  3.6181962740e+00
    7.0500000000e+00 -8.3460528700e-01 -7.3578612600e-01 -1.3447906230e+00  3.5483970790e+00  3.4613522650e+00  3.6004690060e+00
    7.0600000000e+00 -8.3574061600e-01 -7.3647528000e-01 -1.3422556940e+00  3.5435378090e+00  3.4534381610e+00  3.5829517340e+00
    7.0700000000e+00 -8.3706345300e-01 -7.3719698300e-01 -1.3397745420e+00  3.5386759570e+00  3.4457489930e+00  3.5656076550e+00
    7.0800000000e+00 -8.3857893300e-01 -7.3800332100e-01 -1.3373576640e+00  3.5338277980e+00  3.4382580150e+00  3.5483909730e+00
    7.0900000000e+00 -8.4030019100e-01 -7.3893382400e-01 -1.3350007450e+00  3.5290077480e+00  3.4309240960e+00  3.5312511340e+00
    7.1000000000e+00 -8.4224798400e-01 -7.4001119400e-01 -1.3326826130e+00  3.5242261870e+00  3.4236971430e+00  3.5141388800e+00
    7.1100000000e+00 -8.4444998100e-01 -7.4123941600e-01 -1.3303660600e+00  3.5194872680e+00  3.4165247870e+00  3.4970129560e+00
    7.1200000000e+00 -8.4693954400e-01 -7.4260458700e-01 -1.3280016170e+00  3.5147865800e+00  3.4093592290e+00  3.4798460210e+00
    7.1300000000e+00 -8.4975371900e-01 -7.4407823700e-01 -1.3255335940e+00  3.5101087550e+00  3.4021631380e+00  3.4626284530e+00
    7.1400000000e+00 -8.5293012700e-01 -7.4562251300e-01 -1.3229071950e+00  3.5054253430e+00  3.3949136940e+00  3.4453692040e+00
    7.1500000000e+00 -8.5650270800e-01 -7.4719626300e-01 -1.3200752100e+00  3.5006935770e+00  3.3876042850e+00  3.4280935770e+00
    7.1600000000e+00 -8.6049657500e-01 -7.4876100400e-01 -1.3170029660e+00  3.4958566510e+00  3.3802437930e+00  3.4108384880e+00
    7.1700000000e+00 -8.6492265800e-01 -7.5028587300e-01 -1.3136706450e+00  3.4908460670e+00  3.3728538390e+00  3.3936463460e+00
    7.1800000000e+00 -8.6977306000e-01 -7.5175094000e-01 -1.3100727430e+00  3.4855862180e+00  3.3654646710e+00  3.3765589040e+00
    7.1900000000e+00 -8.7501815900e-01 -7.5314861100e-01 -1.3062150910e+00  3.4800009170e+00  3.3581104900e+00  3.3596123450e+00
    7.2000000000e+00 -8.8060630100e-01 -7.5448323800e-01 -1.3021103820e+00  3.4740211060e+00  3.3508250270e+00  3.3428344850e+00
    7.2100000000e+00 -8.8646656200e-01 -7.5576932200e-01 -1.2977733900e+00  3.4675925810e+00  3.3436379850e+00  3.3262443590e+00
    7.2200000000e+00 -8.9251445500e-01 -7.5702888800e-01 -1.2932169750e+00  3.4606824110e+00  3.3365726870e+00  3.3098539240e+00
    7.2300000000e+00 -8.9865989400e-01 -7.5828862700e-01 -1.2884496480e+00  3.4532829000e+00  3.3296449800e+00  3.2936711030e+00
    7.2400000000e+00 -9.0481626800e-01 -7.5957728500e-01 -1.2834749610e+00  3.4454123010e+00  3.3228632290e+00  3.2777032310e+00
    7.2500000000e+00 -9.1090925500e-01 -7.6092362600e-01 -1.2782924930e+00  3.4371120840e+00  3.3162290680e+00  3.2619600860e+00
    7.2600000000e+00 -9.1688404200e-01 -7.6235508500e-01 -1.2728999450e+00  3.4284411200e+00  3.3097385500e+00  3.2464559190e+00
    7.2700000000e+00 -9.2270991800e-01 -7.6389713800e-01 -1.2672957390e+00  3.4194676380e+00  3.3033833630e+00  3.2312102890e+00
    7.2800000000e+00 -9.2838165400e-01 -7.6557323900e-01 -1.2614815900e+00  3.4102601230e+00  3.2971518170e+00  3.2162477360e+00
    7.2900000000e+00 -9.3391754300e-01 -7.6740512000e-01 -1.2554646730e+00  3.4008784020e+00  3.2910293700e+00  3.2015964920e+00
    7.3000000000e+00 -9.3935445100e-01 -7.6941313500e-01 -1.2492590990e+00  3.3913660710e+00  3.2849985880e+00  3.1872864820e+00
    7.3100000000e+00 -9.4474060300e-01 -7.7161625500e-01 -1.2428865360e+00  3.3817452190e+00  3.2790385960e+00  3.1733469410e+00
    7.3200000000e+00 -9.5012705000e-01 -7.7403143800e-01 -1.2363759090e+00  3.3720140220e+00  3.2731242960e+00  3.1598039910e+00
    7.3300000000e+00 -9.5555891300e-01 -7.7667219900e-01 -1.2297622750e+00  3.3621474800e+00  3.2672258100e+00  3.1466785320e+00
    7.3400000000e+00 -9.6106751000e-01 -7.7954656900e-01 -1.2230851100e+00  3.3521011270e+00  3.2613086380e+00  3.1339847310e+00
    7.3500000000e+00 -9.6666434300e-01 -7.8265487700e-01 -1.2163863190e+00  3.3418172030e+00  3.2553349220e+00  3.1217291860e+00
    7.3600000000e+00 -9.7233767300e-01 -7.8598796300e-01 -1.2097082360e+00  3.3312324210e+00  3.2492658770e+00  3.1099107370e+00
    7.3700000000e+00 -9.7805203300e-01 -7.8952644900e-01 -1.2030917740e+00  3.3202862920e+00  3.2430651370e+00  3.0985207610e+00
    7.3800000000e+00 -9.8375059200e-01 -7.9324147100e-01 -1.1965747440e+00  3.3089288940e+00  3.2367024550e+00  3.0875438480e+00
    7.3900000000e+00 -9.8935988600e-01 -7.9709696600e-01 -1.1901903290e+00  3.2971271410e+00  3.2301570460e+00  3.0769588360e+00
    7.4000000000e+00 -9.9479612000e-01 -8.0105324900e-01 -1.1839657800e+00  3.2848689100e+00  3.2234198970e+00  3.0667402590e+00
    7.4100000000e+00 -9.9997210200e-01 -8.0507136700e-01 -1.1779214980e+00  3.2721647400e+00  3.2164945510e+00  3.0568602640e+00
    7.4200000000e+00 -1.0048039240e+00 -8.0911751400e-01 -1.1720707710e+00  3.2590472290e+00  3.2093961720e+00  3.0472908840e+00
    7.4300000000e+00 -1.0092166400e+00 -8.1316682000e-01 -1.1664203560e+00  3.2455685520e+00  3.2021489700e+00  3.0380064170e+00
    7.4400000000e+00 -1.0131485280e+00 -8.1720590400e-01 -1.1609719770e+00  3.2317967610e+00  3.1947824140e+00  3.0289855180e+00
    7.4500000000e+00 -1.0165538290e+00 -8.2123383400e-01 -1.1557245870e+00  3.2178115070e+00  3.1873267900e+00  3.0202126210e+00
    7.4600000000e+00 -1.0194041310e+00 -8.2526140900e-01 -1.1506770690e+00  3.2036997780e+00  3.1798088070e+00  3.0116783940e+00
    7.4700000000e+00 -1.0216887620e+00 -8.2930896700e-01 -1.1458309690e+00  3.1895519540e+00  3.1722478710e+00  3.0033791260e+00
    7.4800000000e+00 -1.0234145330e+00 -8.3340313900e-01 -1.1411928570e+00  3.1754582820e+00  3.1646534540e+00  2.9953150790e+00
    7.4900000000e+00 -1.0246050700e+00 -8.3757307100e-01 -1.1367759260e+00  3.1615056520e+00  3.1570237970e+00  2.9874880070e+00
    7.5000000000e+00 -1.0252997670e+00 -8.4184657900e-01 -1.1326005700e+00  3.1477745440e+00  3.1493459050e+00  2.9798981770e+00
    7.5100000000e+00 -1.0255522580e+00 -8.4624663700e-01 -1.1286937860e+00  3.1343360740e+00  3.1415967310e+00  2.9725412790e+00
    7.5200000000e+00 -1.0254282630e+00 -8.5078844000e-01 -1.1250874020e+00  3.1212492560e+00  3.1337453270e+00  2.9654057270e+00
    7.5300000000e+00 -1.0250027420e+00 -8.5547729600e-01 -1.1218153730e+00  3.1085587060e+00  3.1257558040e+00  2.9584707780e+00
    7.5400000000e+00 -1.0243564840e+00 -8.6030756600e-01 -1.1189105490e+00  3.0962930950e+00  3.1175908540e+00  2.9517058020e+00
    7.5500000000e+00 -1.0235723740e+00 -8.6526286500e-01 -1.1164014440e+00  3.0844645440e+00  3.1092154920e+00  2.9450707890e+00
    7.5600000000e+00 -1.0227317050e+00 -8.7031762000e-01 -1.1143094920e+00  3.0730690480e+00  3.1006005510e+00  2.9385179250e+00
    7.5700000000e+00 -1.0219108720e+00 -8.7543985500e-01 -1.1126471250e+00  3.0620878260e+00  3.0917253600e+00  2.9319938930e+00
    7.5800000000e+00 -1.0211786990e+00 -8.8059479400e-01 -1.1114167640e+00  3.0514893760e+00  3.0825791370e+00  2.9254424660e+00
    7.5900000000e+00 -1.0205945360e+00 -8.8574867700e-01 -1.1106106450e+00  3.0412319590e+00  3.0731608410e+00  2.9188070470e+00
    7.6000000000e+00 -1.0202071530e+00 -8.9087210500e-01 -1.1102112660e+00  3.0312662320e+00  3.0634775540e+00  2.9120329530e+00
    7.6100000000e+00 -1.0200543430e+00 -8.9594237900e-01 -1.1101922780e+00  3.0215377790e+00  3.0535417450e+00  2.9050693540e+00
    7.6200000000e+00 -1.0201630910e+00 -9.0094450200e-01 -1.1105196850e+00  3.0119893710e+00  3.0433679740e+00  2.8978708830e+00
    7.6300000000e+00 -1.0205501440e+00 -9.0587082000e-01 -1.1111532950e+00  3.0025628290e+00  3.0329696310e+00  2.8903989380e+00
    7.6400000000e+00 -1.0212227680e+00 -9.1071950700e-01 -1.1120484290e+00  2.9932004830e+00  3.0223561910e+00  2.8826226260e+00
    7.6500000000e+00 -1.0221795300e+00 -9.1549224200e-01 -1.1131578290e+00  2.9838462600e+00  3.0115313340e+00  2.8745192750e+00
    7.6600000000e+00 -1.0234109750e+00 -9.2019146700e-01 -1.1144336720e+00  2.9744465410e+00  3.0004920630e+00  2.8660743630e+00
    7.6700000000e+00 -1.0249001810e+00 -9.2481760300e-01 -1.1158294460e+00  2.9649509470e+00  2.9892288310e+00  2.8572808100e+00
    7.6800000000e+00 -1.0266232720e+00 -9.2936650000e-01 -1.1173014090e+00  2.9553131910e+00  2.9777265710e+00  2.8481376710e+00
    7.6900000000e+00 -1.0285500420e+00 -9.3382735900e-01 -1.1188093560e+00  2.9454920250e+00  2.9659664960e+00  2.8386484760e+00
    7.7000000000e+00 -1.0306448410e+00 -9.3818131400e-01 -1.1203166120e+00  2.9354522230e+00  2.9539285130e+00  2.8288195780e+00
    7.7100000000e+00 -1.0328677600e+00 -9.4240084400e-01 -1.1217893580e+00  2.9251653990e+00  2.9415940540e+00  2.8186589140e+00
    7.7200000000e+00 -1.0351760610e+00 -9.4645017400e-01 -1.1231956440e+00  2.9146105180e+00  2.9289490400e+00  2.8081754110e+00
    7.7300000000e+00 -1.0375256710e+00 -9.5028669400e-01 -1.1245044950e+00  2.9037739820e+00  2.9159866270e+00  2.7973790670e+00
    7.7400000000e+00 -1.0398725630e+00 -9.5386330200e-01 -1.1256854450e+00  2.8926493310e+00  2.9027093180e+00  2.7862814460e+00
    7.7500000000e+00 -1.0421739000e+00 -9.5713132700e-01 -1.1267086010e+00  2.8812366430e+00  2.8891301130e+00  2.7748962250e+00
    7.7600000000e+00 -1.0443888740e+00 -9.6004359500e-01 -1.1275450620e+00  2.8695418040e+00  2.8752725410e+00  2.7632394160e+00
    7.7700000000e+00 -1.0464792870e+00 -9.6255713000e-01 -1.1281673300e+00  2.8575757360e+00  2.8611696820e+00  2.7513291620e+00
    7.7800000000e+00 -1.0484099060e+00 -9.6463516200e-01 -1.1285493570e+00  2.8453536870e+00  2.8468624930e+00  2.7391852440e+00
    7.7900000000e+00 -1.0501486810e+00 -9.6624831300e-01 -1.1286660560e+00  2.8328946320e+00  2.8323979030e+00  2.7268287170e+00
    7.8000000000e+00 -1.0516669080e+00 -9.6737512000e-01 -1.1284924780e+00  2.8202207870e+00  2.8178270370e+00  2.7142820890e+00
    7.8100000000e+00 -1.0529394020e+00 -9.6800217700e-01 -1.1280030910e+00  2.8073572060e+00  2.8032037910e+00  2.7015702960e+00
    7.8200000000e+00 -1.0539447340e+00 -9.6812424800e-01 -1.1271717450e+00  2.7943313880e+00  2.7885837140e+00  2.6887223360e+00
    7.8300000000e+00 -1.0546654940e+00 -9.6774451800e-01 -1.1259727110e+00  2.7811728260e+00  2.7740229840e+00  2.6757730790e+00
    7.8400000000e+00 -1.0550885100e+00 -9.6687498600e-01 -1.1243828370e+00  2.7679124380e+00  2.7595772010e+00  2.6627645910e+00
    7.8500000000e+00 -1.0552049550e+00 -9.6553679400e-01 -1.1223844640e+00  2.7545819470e+00  2.7452998000e+00  2.6497463690e+00
    7.8600000000e+00 -1.0550102950e+00 -9.6376020400e-01 -1.1199684400e+00  2.7412132710e+00  2.7312400570e+00  2.6367741980e+00
    7.8700000000e+00 -1.0545041620e+00 -9.6158394300e-01 -1.1171365630e+00  2.7278380270e+00  2.7174408470e+00  2.6239077340e+00
    7.8800000000e+00 -1.0536902670e+00 -9.5905377400e-01 -1.1139029420e+00  2.7144871480e+00  2.7039364380e+00  2.6112072380e+00
    7.8900000000e+00 -1.0525764570e+00 -9.5622027900e-01 -1.1102940840e+00  2.7011904990e+00  2.6907506680e+00  2.5987300410e+00
    7.9000000000e+00 -1.0511749060e+00 -9.5313601300e-01 -1.1063478180e+00  2.6879762840e+00  2.6778958060e+00  2.5865272390e+00
    7.9100000000e+00 -1.0495022410e+00 -9.4985227900e-01 -1.1021113120e+00  2.6748700990e+00  2.6653723350e+00  2.5746409660e+00
    7.9200000000e+00 -1.0475793020e+00 -9.4641586000e-01 -1.0976384670e+00  2.6618936120e+00  2.6531697860e+00  2.5631023890e+00
    7.9300000000e+00 -1.0454302510e+00 -9.4286608000e-01 -1.0929869110e+00  2.6490631020e+00  2.6412686400e+00  2.5519304970e+00
    7.9400000000e+00 -1.0430808940e+00 -9.3923257900e-01 -1.0882147660e+00  2.6363882690e+00  2.6296431690e+00  2.5411317430e+00
    7.9500000000e+00 -1.0405563960e+00 -9.3553415600e-01 -1.0833774040e+00  2.6238717620e+00  2.6182649530e+00  2.5307006160e+00
    7.9600000000e+00 -1.0378787830e+00 -9.3177891000e-01 -1.0785244710e+00  2.6115097440e+00  2.6071066560e+00  2.5206211970e+00
    7.9700000000e+00 -1.0350647820e+00 -9.2796574600e-01 -1.0736975520e+00  2.5992935530e+00  2.5961455320e+00  2.5108696130e+00
    7.9800000000e+00 -1.0321245390e+00 -9.2408709500e-01 -1.0689288250e+00  2.5872122120e+00  2.5853661520e+00  2.5014171440e+00
    7.9900000000e+00 -1.0290615440e+00 -9.2013246200e-01 -1.0642409400e+00  2.5752552740e+00  2.5747618890e+00  2.4922335340e+00
    8.0000000000e+00 -1.0258738090e+00 -9.1609227400e-01 -1.0596481050e+00  2.5634153970e+00  2.5643349350e+00  2.4832899890e+00
    8.0100000000e+00 -1.0225560120e+00 -9.1196140800e-01 -1.0551581380e+00  2.5516900620e+00  2.5540947890e+00  2.4745613760e+00
    8.0200000000e+00 -1.0191020670e+00 -9.0774182800e-01 -1.0507750370e+00  2.5400821070e+00  2.5440554780e+00  2.4660273360e+00
    8.0300000000e+00 -1.0155074980e+00 -9.0344388000e-01 -1.0465015430e+00  2.5285990410e+00  2.5342319410e+00  2.4576722400e+00
    8.0400000000e+00 -1.0117710530e+00 -8.9908599500e-01 -1.0423412500e+00  2.5172514570e+00  2.5246361840e+00  2.4494841670e+00
    8.0500000000e+00 -1.0078952840e+00 -8.9469285000e-01 -1.0382999450e+00  2.5060510500e+00  2.5152738690e+00  2.4414532470e+00
    8.0600000000e+00 -1.0038860970e+00 -8.9029226300e-01 -1.0343860770e+00  2.4950088410e+00  2.5061419270e+00  2.4335697460e+00
    8.0700000000e+00 -9.9975159600e-01 -8.8591137600e-01 -1.0306103850e+00  2.4841340500e+00  2.4972276220e+00  2.4258222480e+00
    8.0800000000e+00 -9.9550069200e-01 -8.8157273900e-01 -1.0269848510e+00  2.4734338360e+00  2.4885092120e+00  2.4181962200e+00
    8.0900000000e+00 -9.9114199000e-01 -8.7729096700e-01 -1.0235211790e+00  2.4629138250e+00  2.4799581020e+00  2.4106731230e+00
    8.1000000000e+00 -9.8668327800e-01 -8.7307045900e-01 -1.0202290380e+00  2.4525790900e+00  2.4715421140e+00  2.4032301810e+00
    8.1100000000e+00 -9.8213173500e-01 -8.6890451400e-01 -1.0171142940e+00  2.4424351600e+00  2.4632293690e+00  2.3958408160e+00
    8.1200000000e+00 -9.7749469500e-01 -8.6477592100e-01 -1.0141774270e+00  2.4324886700e+00  2.4549922100e+00  2.3884757240e+00
    8.1300000000e+00 -9.7278064400e-01 -8.6065890700e-01 -1.0114123400e+00  2.4227474310e+00  2.4468106190e+00  2.3811045070e+00
    8.1400000000e+00 -9.6800009000e-01 -8.5652211700e-01 -1.0088057260e+00  2.4132199300e+00  2.4386747050e+00  2.3736977620e+00
    8.1500000000e+00 -9.6316604200e-01 -8.5233220300e-01 -1.0063371670e+00  2.4039144810e+00  2.4305859870e+00  2.3662294470e+00
    8.1600000000e+00 -9.5829402200e-01 -8.4805754400e-01 -1.0039801130e+00  2.3948383100e+00  2.4225573950e+00  2.3586792730e+00
    8.1700000000e+00 -9.5340173500e-01 -8.4367165100e-01 -1.0017037960e+00  2.3859968210e+00  2.4146120830e+00  2.3510347790e+00
    8.1800000000e+00 -9.4850862100e-01 -8.3915590000e-01 -9.9947598800e-01  2.3773931470e+00  2.4067812880e+00  2.3432926760e+00
    8.1900000000e+00 -9.4363548000e-01 -8.3450138600e-01 -9.9726627700e-01  2.3690278600e+00  2.3991015840e+00  2.3354590520e+00
    8.2000000000e+00 -9.3880421300e-01 -8.2970981400e-01 -9.9504935100e-01  2.3608986660e+00  2.3916118530e+00  2.3275482270e+00
    8.2100000000e+00 -9.3403752800e-01 -8.2479348900e-01 -9.9280762600e-01  2.3529999230e+00  2.3843502860e+00  2.3195803010e+00
    8.2200000000e+00 -9.2935837600e-01 -8.1977452500e-01 -9.9053269700e-01  2.3453219870e+00  2.3773516530e+00  2.3115777870e+00
    8.2300000000e+00 -9.2478891900e-01 -8.1468342400e-01 -9.8822526800e-01  2.3378506280e+00  2.3706449730e+00  2.3035619470e+00
    8.2400000000e+00 -9.2034903900e-01 -8.0955716200e-01 -9.8589363500e-01  2.3305668430e+00  2.3642517020e+00  2.2955495400e+00
    8.2500000000e+00 -9.1605465200e-01 -8.0443693200e-01 -9.8355107100e-01  2.3234473760e+00  2.3581845030e+00  2.2875505330e+00
    8.2600000000e+00 -9.1191623700e-01 -7.9936567100e-01 -9.8121265600e-01  2.3164660300e+00  2.3524466760e+00  2.2795670830e+00
    8.2700000000e+00 -9.0793800400e-01 -7.9438555700e-01 -9.7889214000e-01  2.3095956040e+00  2.3470323010e+00  2.2715938110e+00
    8.2800000000e+00 -9.0411794200e-01 -7.8953569300e-01 -9.7659927400e-01  2.3028100500e+00  2.3419270920e+00  2.2636191490e+00
    8.2900000000e+00 -9.0044875400e-01 -7.8485021000e-01 -9.7433791400e-01  2.2960864110e+00  2.3371098800e+00  2.2556274620e+00
    8.3000000000e+00 -8.9691942600e-01 -7.8035696600e-01 -9.7210503300e-01  2.2894061690e+00  2.3325545600e+00  2.2476015850e+00
    8.3100000000e+00 -8.9351708500e-01 -7.7607697600e-01 -9.6989066600e-01  2.2827558560e+00  2.3282322440e+00  2.2395254720e+00
    8.3200000000e+00 -8.9022880500e-01 -7.7202456000e-01 -9.6767875100e-01  2.2761269530e+00  2.3241133810e+00  2.2313866660e+00
    8.3300000000e+00 -8.8704314600e-01 -7.6820816400e-01 -9.6544876500e-01  2.2695152490e+00  2.3201695930e+00  2.2231783250e+00
    8.3400000000e+00 -8.8395134400e-01 -7.6463167500e-01 -9.6317796400e-01  2.2629198440e+00  2.3163750300e+00  2.2149005600e+00
    8.3500000000e+00 -8.8094813500e-01 -7.6129605300e-01 -9.6084399800e-01  2.2563419170e+00  2.3127070970e+00  2.2065609100e+00
    8.3600000000e+00 -8.7803224100e-01 -7.5820101100e-01 -9.5842754700e-01  2.2497833400e+00  2.3091465000e+00  2.1981738290e+00
    8.3700000000e+00 -8.7520648900e-01 -7.5534648200e-01 -9.5591462500e-01  2.2432451430e+00  2.3056766080e+00  2.1897592190e+00
    8.3800000000e+00 -8.7247746500e-01 -7.5273359000e-01 -9.5329817000e-01  2.2367258850e+00  2.3022823040e+00  2.1813401740e+00
    8.3900000000e+00 -8.6985461000e-01 -7.5036494300e-01 -9.5057862700e-01  2.2302200540e+00  2.2989485740e+00  2.1729402910e+00
    8.4000000000e+00 -8.6734868300e-01 -7.4824421500e-01 -9.4776343300e-01  2.2237167210e+00  2.2956591980e+00  2.1645809950e+00
    8.4100000000e+00 -8.6496965000e-01 -7.4637514900e-01 -9.4486548500e-01  2.2171987370e+00  2.2923958600e+00  2.1562793710e+00
    8.4200000000e+00 -8.6272422000e-01 -7.4476027200e-01 -9.4190097000e-01  2.2106427440e+00  2.2891378910e+00  2.1480468870e+00
    8.4300000000e+00 -8.6061339900e-01 -7.4339968500e-01 -9.3888701400e-01  2.2040201560e+00  2.2858626890e+00  2.1398891810e+00
    8.4400000000e+00 -8.5863046600e-01 -7.4229022400e-01 -9.3583968900e-01  2.1972990520e+00  2.2825466660e+00  2.1318067980e+00
    8.4500000000e+00 -8.5675971800e-01 -7.4142518300e-01 -9.3277270100e-01  2.1904467510e+00  2.2791664370e+00  2.1237965530e+00
    8.4600000000e+00 -8.5497620400e-01 -7.4079460700e-01 -9.2969691600e-01  2.1834327120e+00  2.2756999870e+00  2.1158530720e+00
    8.4700000000e+00 -8.5324644900e-01 -7.4038605800e-01 -9.2662060400e-01  2.1762313440e+00  2.2721275440e+00  2.1079701220e+00
    8.4800000000e+00 -8.5153002800e-01 -7.4018566200e-01 -9.2355010700e-01  2.1688243920e+00  2.2684320200e+00  2.1001414500e+00
    8.4900000000e+00 -8.4978174700e-01 -7.4017922900e-01 -9.2049063900e-01  2.1612026720e+00  2.2645989470e+00  2.0923611070e+00
    8.5000000000e+00 -8.4795413200e-01 -7.4035324900e-01 -9.1744694400e-01  2.1533670620e+00  2.2606159280e+00  2.0846233360e+00
    8.5100000000e+00 -8.4600000400e-01 -7.4069556800e-01 -9.1442370500e-01  2.1453287700e+00  2.2564716740e+00  2.0769222410e+00
    8.5200000000e+00 -8.4387496000e-01 -7.4119560900e-01 -9.1142572800e-01  2.1371089640e+00  2.2521547580e+00  2.0692513590e+00
    8.5300000000e+00 -8.4153965500e-01 -7.4184400400e-01 -9.0845796400e-01  2.1287378110e+00  2.2476522780e+00  2.0616032230e+00
    8.5400000000e+00 -8.3896176900e-01 -7.4263158700e-01 -9.0552539900e-01  2.1202529970e+00  2.2429486450e+00  2.0539688650e+00
    8.5500000000e+00 -8.3611754100e-01 -7.4354778600e-01 -9.0263275200e-01  2.1116977570e+00  2.2380248040e+00  2.0463372260e+00
    8.5600000000e+00 -8.3299267700e-01 -7.4457857600e-01 -8.9978381000e-01  2.1031185430e+00  2.2328581490e+00  2.0386945360e+00
    8.5700000000e+00 -8.2958250800e-01 -7.4570430400e-01 -8.9698032000e-01  2.0945625580e+00  2.2274233690e+00  2.0310238460e+00
    8.5800000000e+00 -8.2589137200e-01 -7.4689781300e-01 -8.9422042500e-01  2.0860754740e+00  2.2216942730e+00  2.0233050400e+00
    8.5900000000e+00 -8.2193139300e-01 -7.4812332300e-01 -8.9149691000e-01  2.0776996120e+00  2.2156464500e+00  2.0155155890e+00
    8.6000000000e+00 -8.1772092800e-01 -7.4933640200e-01 -8.8879564900e-01  2.0694727870e+00  2.2092603810e+00  2.0076322130e+00
    8.6100000000e+00 -8.1328302700e-01 -7.5048515200e-01 -8.8609471600e-01  2.0614277740e+00  2.2025244880e+00  1.9996333180e+00
    8.6200000000e+00 -8.0864412900e-01 -7.5151248000e-01 -8.8336454100e-01  2.0535922710e+00  2.1954376380e+00  1.9915018710e+00
    8.6300000000e+00 -8.0383311800e-01 -7.5235912300e-01 -8.8056924200e-01  2.0459890850e+00  2.1880107200e+00  1.9832282120e+00
    8.6400000000e+00 -7.9888069500e-01 -7.5296699100e-01 -8.7766906500e-01  2.0386363610e+00  2.1802671430e+00  1.9748122820e+00
    8.6500000000e+00 -7.9381894400e-01 -7.5328243900e-01 -8.7462358500e-01  2.0315476820e+00  2.1722422860e+00  1.9662648270e+00
    8.6600000000e+00 -7.8868095800e-01 -7.5325915700e-01 -8.7139519700e-01  2.0247320230e+00  2.1639820560e+00  1.9576073610e+00
    8.6700000000e+00 -7.8350036500e-01 -7.5286047200e-01 -8.6795237300e-01  2.0181935660e+00  2.1555407640e+00  1.9488708630e+00
    8.6800000000e+00 -7.7831068100e-01 -7.5206097100e-01 -8.6427221400e-01  2.0119315010e+00  2.1469785490e+00  1.9400934420e+00
    8.6900000000e+00 -7.7314444400e-01 -7.5084738300e-01 -8.6034199300e-01  2.0059399320e+00  2.1383585300e+00  1.9313173320e+00
    8.7000000000e+00 -7.6803219500e-01 -7.4921869900e-01 -8.5615952500e-01  2.0002080440e+00  2.1297438900e+00  1.9225856800e+00
    8.7100000000e+00 -7.6300144200e-01 -7.4718555500e-01 -8.5173248800e-01  1.9947206510e+00  2.1211950680e+00  1.9139395890e+00
    8.7200000000e+00 -7.5807580900e-01 -7.4476892800e-01 -8.4707689600e-01  1.9894591250e+00  2.1127672500e+00  1.9054157490e+00
    8.7300000000e+00 -7.5327458500e-01 -7.4199823300e-01 -8.4221511100e-01  1.9844026110e+00  2.1045083200e+00  1.8970448560e+00
    8.7400000000e+00 -7.4861280300e-01 -7.3890897300e-01 -8.3717370800e-01  1.9795293120e+00  2.0964574370e+00  1.8888508410e+00
    8.7500000000e+00 -7.4410181700e-01 -7.3554010900e-01 -8.3198151400e-01  1.9748175440e+00  2.0886443430e+00  1.8808507710e+00
    8.7600000000e+00 -7.3975024300e-01 -7.3193140600e-01 -8.2666797900e-01  1.9702463380e+00  2.0810894870e+00  1.8730552500e+00
    8.7700000000e+00 -7.3556494300e-01 -7.2812099200e-01 -8.2126194500e-01  1.9657954420e+00  2.0738049630e+00  1.8654690510e+00
    8.7800000000e+00 -7.3155173200e-01 -7.2414344500e-01 -8.1579075300e-01  1.9614448030e+00  2.0667961440e+00  1.8580918410e+00
    8.7900000000e+00 -7.2771557200e-01 -7.2002860100e-01 -8.1027958300e-01  1.9571737320e+00  2.0600638100e+00  1.8509188670e+00
    8.8000000000e+00 -7.2406014900e-01 -7.1580127500e-01 -8.0475091600e-01  1.9529601210e+00  2.0536064540e+00  1.8439416150e+00
    8.8100000000e+00 -7.2058696500e-01 -7.1148186400e-01 -7.9922407000e-01  1.9487799980e+00  2.0474223890e+00  1.8371484850e+00
    8.8200000000e+00 -7.1729419100e-01 -7.0708771200e-01 -7.9371481600e-01  1.9446076600e+00  2.0415113120e+00  1.8305255350e+00
    8.8300000000e+00 -7.1417561900e-01 -7.0263489500e-01 -7.8823515900e-01  1.9404163900e+00  2.0358750480e+00  1.8240573180e+00
    8.8400000000e+00 -7.1121996500e-01 -6.9814004600e-01 -7.8279331900e-01  1.9361796290e+00  2.0305173730e+00  1.8177277340e+00
    8.8500000000e+00 -7.0841067400e-01 -6.9362176300e-01 -7.7739394600e-01  1.9318723720e+00  2.0254430200e+00  1.8115208120e+00
    8.8600000000e+00 -7.0572622000e-01 -6.8910129200e-01 -7.7203848500e-01  1.9274725390e+00  2.0206561700e+00  1.8054213200e+00
    8.8700000000e+00 -7.0314080300e-01 -6.8460232500e-01 -7.6672557300e-01  1.9229621460e+00  2.0161588780e+00  1.7994151870e+00
    8.8800000000e+00 -7.0062527800e-01 -6.8015004800e-01 -7.6145137800e-01  1.9183282000e+00  2.0119498740e+00  1.7934898040e+00
    8.8900000000e+00 -6.9814820400e-01 -6.7576975300e-01 -7.5620984600e-01  1.9135633250e+00  2.0080240650e+00  1.7876343070e+00
    8.9000000000e+00 -6.9567693900e-01 -6.7148548000e-01 -7.5099294200e-01  1.9086661760e+00  2.0043728170e+00  1.7818399620e+00
    8.9100000000e+00 -6.9317877000e-01 -6.6731908400e-01 -7.4579101100e-01  1.9036416870e+00  2.0009848440e+00  1.7761006420e+00
    8.9200000000e+00 -6.9062212000e-01 -6.6328996500e-01 -7.4059338600e-01  1.8985011610e+00  1.9978473230e+00  1.7704133110e+00
    8.9300000000e+00 -6.8797784700e-01 -6.5941541100e-01 -7.3538924800e-01  1.8932621460e+00  1.9949468430e+00  1.7647783330e+00
    8.9400000000e+00 -6.8522060500e-01 -6.5571132700e-01 -7.3016866600e-01  1.8879480270e+00  1.9922698730e+00  1.7591994640e+00
    8.9500000000e+00 -6.8233017900e-01 -6.5219297000e-01 -7.2492362600e-01  1.8825872510e+00  1.9898026630e+00  1.7536834180e+00
    8.9600000000e+00 -6.7929266500e-01 -6.4887536500e-01 -7.1964884000e-01  1.8772121770e+00  1.9875307260e+00  1.7482390490e+00
    8.9700000000e+00 -6.7610135300e-01 -6.4577325100e-01 -7.1434216500e-01  1.8718575730e+00  1.9854381820e+00  1.7428762850e+00
    8.9800000000e+00 -6.7275719800e-01 -6.4290059100e-01 -7.0900456900e-01  1.8665588920e+00  1.9835072890e+00  1.7376050220e+00
    8.9900000000e+00 -6.6926881400e-01 -6.4026987500e-01 -7.0363968000e-01  1.8613504350e+00  1.9817183520e+00  1.7324341880e+00
    9.0000000000e+00 -6.6565198600e-01 -6.3789149400e-01 -6.9825306300e-01  1.8562635620e+00  1.9800500440e+00  1.7273711480e+00
    9.0100000000e+00 -6.6192871800e-01 -6.3577340800e-01 -6.9285142900e-01  1.8513250810e+00  1.9784799450e+00  1.7224214900e+00
    9.0200000000e+00 -6.5812587500e-01 -6.3392113800e-01 -6.8744196800e-01  1.8465559300e+00  1.9769850690e+00  1.7175891670e+00
    9.0300000000e+00 -6.5427351100e-01 -6.3233793000e-01 -6.8203194200e-01  1.8419702890e+00  1.9755421650e+00  1.7128768220e+00
    9.0400000000e+00 -6.5040300800e-01 -6.3102487800e-01 -6.7662853800e-01  1.8375751930e+00  1.9741277660e+00  1.7082861470e+00
    9.0500000000e+00 -6.4654520300e-01 -6.2998078300e-01 -6.7123894300e-01  1.8333707310e+00  1.9727181290e+00  1.7038181030e+00
    9.0600000000e+00 -6.4272872700e-01 -6.2920171600e-01 -6.6587045700e-01  1.8293508010e+00  1.9712893150e+00  1.6994729560e+00
    9.0700000000e+00 -6.3897874400e-01 -6.2868045600e-01 -6.6053053300e-01  1.8255043010e+00  1.9698176690e+00  1.6952501390e+00
    9.0800000000e+00 -6.3531623400e-01 -6.2840608300e-01 -6.5522663700e-01  1.8218165500e+00  1.9682807650e+00  1.6911480810e+00
    9.0900000000e+00 -6.3175781500e-01 -6.2836406000e-01 -6.4996595700e-01  1.8182706850e+00  1.9666586890e+00  1.6871641090e+00
    9.1000000000e+00 -6.2831599100e-01 -6.2853696300e-01 -6.4475501700e-01  1.8148488210e+00  1.9649353520e+00  1.6832945480e+00
    9.1100000000e+00 -6.2499962500e-01 -6.2890585600e-01 -6.3959936500e-01  1.8115328700e+00  1.9630994580e+00  1.6795350420e+00
    9.1200000000e+00 -6.2181443300e-01 -6.2945205000e-01 -6.3450344200e-01  1.8083050430e+00  1.9611448340e+00  1.6758810320e+00
    9.1300000000e+00 -6.1876338000e-01 -6.3015892700e-01 -6.2947071800e-01  1.8051481560e+00  1.9590699840e+00  1.6723282820e+00
    9.1400000000e+00 -6.1584694800e-01 -6.3101344900e-01 -6.2450409300e-01  1.8020458710e+00  1.9568769410e+00  1.6688732980e+00
    9.1500000000e+00 -6.1306334700e-01 -6.3200710600e-01 -6.1960649400e-01  1.7989829890e+00  1.9545696110e+00  1.6655135220e+00
    9.1600000000e+00 -6.1040877300e-01 -6.3313616900e-01 -6.1478155300e-01  1.7959457970e+00  1.9521519230e+00  1.6622472230e+00
    9.1700000000e+00 -6.0787778200e-01 -6.3440126400e-01 -6.1003423400e-01  1.7929224390e+00  1.9496260400e+00  1.6590730490e+00
    9.1800000000e+00 -6.0546380500e-01 -6.3580636800e-01 -6.0537125300e-01  1.7899032130e+00  1.9469908690e+00  1.6559892710e+00
    9.1900000000e+00 -6.0315979100e-01 -6.3735739700e-01 -6.0080114600e-01  1.7868807210e+00  1.9442410300e+00  1.6529927940e+00
    9.2000000000e+00 -6.0095888100e-01 -6.3906055700e-01 -5.9633387000e-01  1.7838498270e+00  1.9413663460e+00  1.6500781050e+00
    9.2100000000e+00 -5.9885509200e-01 -6.4092063100e-01 -5.9197990700e-01  1.7808074150e+00  1.9383519130e+00  1.6472363710e+00
    9.2200000000e+00 -5.9684391500e-01 -6.4293941400e-01 -5.8774893000e-01  1.7777519360e+00  1.9351787340e+00  1.6444549350e+00
    9.2300000000e+00 -5.9492280500e-01 -6.4511446700e-01 -5.8364823900e-01  1.7746827670e+00  1.9318248260e+00  1.6417174070e+00
    9.2400000000e+00 -5.9309146800e-01 -6.4743836300e-01 -5.7968126200e-01  1.7715993690e+00  1.9282666570e+00  1.6390044330e+00
    9.2500000000e+00 -5.9135186300e-01 -6.4989850200e-01 -5.7584640800e-01  1.7685003050e+00  1.9244806820e+00  1.6362950770e+00
    9.2600000000e+00 -5.8970779600e-01 -6.5247746000e-01 -5.7213654800e-01  1.7653822070e+00  1.9204447330e+00  1.6335686220e+00
    9.2700000000e+00 -5.8816409000e-01 -6.5515375300e-01 -5.6853923000e-01  1.7622389040e+00  1.9161390610e+00  1.6308064710e+00
    9.2800000000e+00 -5.8672536600e-01 -6.5790275900e-01 -5.6503762700e-01  1.7590608850e+00  1.9115469130e+00  1.6279938460e+00
    9.2900000000e+00 -5.8539460600e-01 -6.6069757300e-01 -5.6161203500e-01  1.7558353010e+00  1.9066546630e+00  1.6251209860e+00
    9.3000000000e+00 -5.8417176500e-01 -6.6350958500e-01 -5.5824168800e-01  1.7525465930e+00  1.9014516480e+00  1.6221836960e+00
    9.3100000000e+00 -5.8305270400e-01 -6.6630869400e-01 -5.5490657500e-01  1.7491776720e+00  1.8959299380e+00  1.6191831980e+00
    9.3200000000e+00 -5.8202869800e-01 -6.6906322000e-01 -5.5158901800e-01  1.7457115010e+00  1.8900842620e+00  1.6161253560e+00
    9.3300000000e+00 -5.8108664100e-01 -6.7173968500e-01 -5.4827480300e-01  1.7421327390e+00  1.8839122480e+00  1.6130194650e+00
    9.3400000000e+00 -5.8020993200e-01 -6.7430267200e-01 -5.4495376000e-01  1.7384291550e+00  1.8774150120e+00  1.6098767900e+00
    9.3500000000e+00 -5.7937983200e-01 -6.7671495800e-01 -5.4161977100e-01  1.7345925010e+00  1.8705980110e+00  1.6067091090e+00
    9.3600000000e+00 -5.7857700000e-01 -6.7893803800e-01 -5.3827026500e-01  1.7306186840e+00  1.8634720050e+00  1.6035274680e+00
    9.3700000000e+00 -5.7778284500e-01 -6.8093308300e-01 -5.3490538500e-01  1.7265072710e+00  1.8560539800e+00  1.6003413310e+00
    9.3800000000e+00 -5.7698038000e-01 -6.8266232700e-01 -5.3152701400e-01  1.7222604940e+00  1.8483678220e+00  1.5971581890e+00
    9.3900000000e+00 -5.7615441900e-01 -6.8409081600e-01 -5.2813791300e-01  1.7178821100e+00  1.8404446070e+00  1.5939835970e+00
    9.4000000000e+00 -5.7529115000e-01 -6.8518839100e-01 -5.2474113100e-01  1.7133764750e+00  1.8323223110e+00  1.5908215050e+00
    9.4100000000e+00 -5.7437731900e-01 -6.8593169300e-01 -5.2133973900e-01  1.7087481430e+00  1.8240448100e+00  1.5876746450e+00
    9.4200000000e+00 -5.7339937900e-01 -6.8630588700e-01 -5.1793685000e-01  1.7040021170e+00  1.8156601430e+00  1.5845448260e+00
    9.4300000000e+00 -5.7234300300e-01 -6.8630577300e-01 -5.1453574700e-01  1.6991446670e+00  1.8072181270e+00  1.5814329840e+00
    9.4400000000e+00 -5.7119322400e-01 -6.8593602600e-01 -5.1113997900e-01  1.6941844070e+00  1.7987676040e+00  1.5783389940e+00
    9.4500000000e+00 -5.6993527000e-01 -6.8521043300e-01 -5.0775325000e-01  1.6891332490e+00  1.7903537070e+00  1.5752613210e+00
    9.4600000000e+00 -5.6855594500e-01 -6.8415019700e-01 -5.0437902800e-01  1.6840068600e+00  1.7820155680e+00  1.5721966470e+00
    9.4700000000e+00 -5.6704520300e-01 -6.8278156800e-01 -5.0101988900e-01  1.6788243930e+00  1.7737847890e+00  1.5691396570e+00
    9.4800000000e+00 -5.6539756600e-01 -6.8113315400e-01 -4.9767666200e-01  1.6736074880e+00  1.7656848910e+00  1.5660831120e+00
    9.4900000000e+00 -5.6361303400e-01 -6.7923331700e-01 -4.9434755100e-01  1.6683787140e+00  1.7577317530e+00  1.5630183300e+00
    9.5000000000e+00 -5.6169733200e-01 -6.7710801400e-01 -4.9102742800e-01  1.6631597290e+00  1.7499349170e+00  1.5599360730e+00
    9.5100000000e+00 -5.5966146800e-01 -6.7477936000e-01 -4.8770750200e-01  1.6579694800e+00  1.7422995230e+00  1.5568277520e+00
    9.5200000000e+00 -5.5752071300e-01 -6.7226508800e-01 -4.8437548500e-01  1.6528226700e+00  1.7348285290e+00  1.5536867380e+00
    9.5300000000e+00 -5.5529317300e-01 -6.6957894000e-01 -4.8101630300e-01  1.6477286560e+00  1.7275248680e+00  1.5505095580e+00
    9.5400000000e+00 -5.5299811000e-01 -6.6673188800e-01 -4.7761318600e-01  1.6426908280e+00  1.7203931650e+00  1.5472967070e+00
    9.5500000000e+00 -5.5065418800e-01 -6.6373393100e-01 -4.7414896600e-01  1.6377064950e+00  1.7134407090e+00  1.5440529840e+00
    9.5600000000e+00 -5.4827774100e-01 -6.6059610400e-01 -4.7060730000e-01  1.6327672610e+00  1.7066775080e+00  1.5407873360e+00
    9.5700000000e+00 -5.4588120300e-01 -6.5733228500e-01 -4.6697365800e-01  1.6278598760e+00  1.7001154280e+00  1.5375123530e+00
    9.5800000000e+00 -5.4347181200e-01 -6.5396040400e-01 -4.6323599500e-01  1.6229675210e+00  1.6937665830e+00  1.5342435760e+00
    9.5900000000e+00 -5.4105074400e-01 -6.5050282800e-01 -4.5938514100e-01  1.6180714330e+00  1.6876413430e+00  1.5309987950e+00
    9.6000000000e+00 -5.3861276000e-01 -6.4698582100e-01 -4.5541498400e-01  1.6131527390e+00  1.6817463520e+00  1.5277974110e+00
    9.6100000000e+00 -5.3614643700e-01 -6.4343824500e-01 -4.5132255300e-01  1.6081942940e+00  1.6760829330e+00  1.5246599050e+00
    9.6200000000e+00 -5.3363492200e-01 -6.3988973500e-01 -4.4710805100e-01  1.6031823330e+00  1.6706461410e+00  1.5216073740e+00
    9.6300000000e+00 -5.3105710400e-01 -6.3636866800e-01 -4.4277488500e-01  1.5981077750e+00  1.6654245630e+00  1.5186611310e+00
    9.6400000000e+00 -5.2838904500e-01 -6.3290023500e-01 -4.3832970100e-01  1.5929670880e+00  1.6604008190e+00  1.5158423000e+00
    9.6500000000e+00 -5.2560548200e-01 -6.2950479500e-01 -4.3378242000e-01  1.5877627070e+00  1.6555526630e+00  1.5131714190e+00
    9.6600000000e+00 -5.2268129500e-01 -6.2619668800e-01 -4.2914629800e-01  1.5825030550e+00  1.6508545150e+00  1.5106679750e+00
    9.6700000000e+00 -5.1959283100e-01 -6.2298356300e-01 -4.2443795300e-01  1.5772022390e+00  1.6462792590e+00  1.5083498560e+00
    9.6800000000e+00 -5.1631906100e-01 -6.1986627100e-01 -4.1967731000e-01  1.5718795210e+00  1.6418001520e+00  1.5062326670e+00
    9.6900000000e+00 -5.1284256500e-01 -6.1683933200e-01 -4.1488736400e-01  1.5665586040e+00  1.6373926680e+00  1.5043289200e+00
    9.7000000000e+00 -5.0915036100e-01 -6.1389192100e-01 -4.1009365400e-01  1.5612667680e+00  1.6330361180e+00  1.5026471740e+00
    9.7100000000e+00 -5.0523454500e-01 -6.1100928300e-01 -4.0532337200e-01  1.5560338610e+00  1.6287148840e+00  1.5011912510e+00
    9.7200000000e+00 -5.0109271600e-01 -6.0817443500e-01 -4.0060413100e-01  1.5508911420e+00  1.6244191800e+00  1.4999597290e+00
    9.7300000000e+00 -4.9672809800e-01 -6.0537000200e-01 -3.9596249500e-01  1.5458700290e+00  1.6201452530e+00  1.4989458970e+00
    9.7400000000e+00 -4.9214931700e-01 -6.0258001500e-01 -3.9142250500e-01  1.5410008500e+00  1.6158950360e+00  1.4981382690e+00
    9.7500000000e+00 -4.8736982900e-01 -5.9979150500e-01 -3.8700446600e-01  1.5363117260e+00  1.6116752640e+00  1.4975216760e+00
    9.7600000000e+00 -4.8240705600e-01 -5.9699572900e-01 -3.8272425000e-01  1.5318277330e+00  1.6074961360e+00  1.4970787450e+00
    9.7700000000e+00 -4.7728138200e-01 -5.9418887300e-01 -3.7859325900e-01  1.5275704290e+00  1.6033696580e+00  1.4967915420e+00
    9.7800000000e+00 -4.7201518600e-01 -5.9137214600e-01 -3.7461905300e-01  1.5235577750e+00  1.5993078950e+00  1.4966430240e+00
    9.7900000000e+00 -4.6663207700e-01 -5.8855125800e-01 -3.7080649600e-01  1.5198043630e+00  1.5953213630e+00  1.4966180630e+00
    9.8000000000e+00 -4.6115644100e-01 -5.8573543900e-01 -3.6715918400e-01  1.5163217890e+00  1.5914178160e+00  1.4967038380e+00
    9.8100000000e+00 -4.5561330700e-01 -5.8293623100e-01 -3.6368084000e-01  1.5131189830e+00  1.5876015230e+00  1.4968895700e+00
    9.8200000000e+00 -4.5002842200e-01 -5.8016629400e-01 -3.6037641900e-01  1.5102023240e+00  1.5838730250e+00  1.4971656650e+00
    9.8300000000e+00 -4.4442836000e-01 -5.7743841500e-01 -3.5725271700e-01  1.5075754550e+00  1.5802292180e+00  1.4975224640e+00
    9.8400000000e+00 -4.3884047300e-01 -5.7476472100e-01 -3.5431836800e-01  1.5052388450e+00  1.5766635470e+00  1.4979488340e+00
    9.8500000000e+00 -4.3329253200e-01 -5.7215602200e-01 -3.5158323100e-01  1.5031892030e+00  1.5731662030e+00  1.4984308360e+00
    9.8600000000e+00 -4.2781200000e-01 -5.6962111600e-01 -3.4905725100e-01  1.5014189550e+00  1.5697242970e+00  1.4989507150e+00
    9.8700000000e+00 -4.2242500200e-01 -5.6716596500e-01 -3.4674894300e-01  1.4999159660e+00  1.5663221350e+00  1.4994863570e+00
    9.8800000000e+00 -4.1715509800e-01 -5.6479277100e-01 -3.4466369900e-01  1.4986636340e+00  1.5629417570e+00  1.5000113390e+00
    9.8900000000e+00 -4.1202204800e-01 -5.6249909600e-01 -3.4280213300e-01  1.4976414320e+00  1.5595638730e+00  1.5004955670e+00
    9.9000000000e+00 -4.0704074100e-01 -5.6027724900e-01 -3.4115865000e-01  1.4968258740e+00  1.5561691860e+00  1.5009064750e+00
    9.9100000000e+00 -4.0222041500e-01 -5.5811413300e-01 -3.3972041200e-01  1.4961918300e+00  1.5527400080e+00  1.5012106580e+00
    9.9200000000e+00 -3.9756429500e-01 -5.5599168100e-01 -3.3846678200e-01  1.4957140820e+00  1.5492619310e+00  1.5013758250e+00
    9.9300000000e+00 -3.9306969100e-01 -5.5388786900e-01 -3.3736934400e-01  1.4953689860e+00  1.5457253170e+00  1.5013729040e+00
    9.9400000000e+00 -3.8872860000e-01 -5.5177820800e-01 -3.3639249200e-01  1.4951361070e+00  1.5421263900e+00  1.5011781860e+00
    9.9500000000e+00 -3.8452880200e-01 -5.4963750900e-01 -3.3549465500e-01  1.4949996940e+00  1.5384677830e+00  1.5007753390e+00
    9.9600000000e+00 -3.8045545100e-01 -5.4744173400e-01 -3.3463012900e-01  1.4949498190e+00  1.5347585030e+00  1.5001571330e+00
    9.9700000000e+00 -3.7649307400e-01 -5.4516972000e-01 -3.3375150900e-01  1.4949830100e+00  1.5310133190e+00  1.4993266400e+00
    9.9800000000e+00 -3.7262781900e-01 -5.4280462200e-01 -3.3281252900e-01  1.4951021580e+00  1.5272516790e+00  1.4982976640e+00
    9.9900000000e+00 -3.6884967200e-01 -5.4033495100e-01 -3.3177106800e-01  1.4953155640e+00  1.5234962500e+00  1.4970941950e+00
    1.0000000000e+01 -3.6515425500e-01 -5.3775510100e-01 -3.3059186500e-01  1.4956351050e+00  1.5197712200e+00  1.4957488120e+00
    1.0010000000e+01 -3.6154377700e-01 -5.3506533200e-01 -3.2924852900e-01  1.4960737020e+00  1.5161005440e+00  1.4943001780e+00
    1.0020000000e+01 -3.5802684700e-01 -5.3227117900e-01 -3.2772444900e-01  1.4966425100e+00  1.5125062830e+00  1.4927899840e+00
    1.0030000000e+01 -3.5461704900e-01 -5.2938235200e-01 -3.2601245100e-01  1.4973483950e+00  1.5090072560e+00  1.4912598870e+00
    1.0040000000e+01 -3.5133050900e-01 -5.2641124200e-01 -3.2411332500e-01  1.4981922630e+00  1.5056181570e+00  1.4897490200e+00
    1.0050000000e+01 -3.4818294500e-01 -5.2337121100e-01 -3.2203363400e-01  1.4991686560e+00  1.5023492840e+00  1.4882925250e+00
    1.0060000000e+01 -3.4518685300e-01 -5.2027492200e-01 -3.1978341600e-01  1.5002667320e+00  1.4992069400e+00  1.4869213130e+00
    1.0070000000e+01 -3.4234946000e-01 -5.1713298200e-01 -3.1737438300e-01  1.5014723960e+00  1.4961944470e+00  1.4856628600e+00
    1.0080000000e+01 -3.3967188100e-01 -5.1395311700e-01 -3.1481906500e-01  1.5027711000e+00  1.4933136270e+00  1.4845426230e+00
    1.0090000000e+01 -3.3714960600e-01 -5.1074004800e-01 -3.1213101200e-01  1.5041506690e+00  1.4905664720e+00  1.4835854380e+00
    1.0100000000e+01 -3.3477416300e-01 -5.0749608200e-01 -3.0932583300e-01  1.5056035630e+00  1.4879567010e+00  1.4828163570e+00
    1.0110000000e+01 -3.3253551300e-01 -5.0422228800e-01 -3.0642262000e-01  1.5071281580e+00  1.4854909120e+00  1.4822605660e+00
    1.0120000000e+01 -3.3042467800e-01 -5.0092004300e-01 -3.0344518100e-01  1.5087288930e+00  1.4831791420e+00  1.4819423660e+00
    1.0130000000e+01 -3.2843610200e-01 -4.9759262800e-01 -3.0042261700e-01  1.5104153460e+00  1.4810347570e+00  1.4818834480e+00
    1.0140000000e+01 -3.2656935800e-01 -4.9424665100e-01 -2.9738899300e-01  1.5122005300e+00  1.4790737660e+00  1.4821009060e+00
    1.0150000000e+01 -3.2483000700e-01 -4.9089308000e-01 -2.9438208600e-01  1.5140987620e+00  1.4773137030e+00  1.4826054690e+00
    1.0160000000e+01 -3.2322956700e-01 -4.8754785200e-01 -2.9144143200e-01  1.5161235100e+00  1.4757722780e+00  1.4834003300e+00
    1.0170000000e+01 -3.2178473100e-01 -4.8423203300e-01 -2.8860600100e-01  1.5182855380e+00  1.4744659590e+00  1.4844808240e+00
    1.0180000000e+01 -3.2051605600e-01 -4.8097160500e-01 -2.8591189600e-01  1.5205916090e+00  1.4734086050e+00  1.4858349960e+00
    1.0190000000e+01 -3.1944642200e-01 -4.7779692000e-01 -2.8339041600e-01  1.5230438430e+00  1.4726102200e+00  1.4874449800e+00
    1.0200000000e+01 -3.1859956700e-01 -4.7474190300e-01 -2.8106677200e-01  1.5256397300e+00  1.4720758760e+00  1.4892889660e+00
    1.0210000000e+01 -3.1799893700e-01 -4.7184303800e-01 -2.7895960300e-01  1.5283726320e+00  1.4718048480e+00  1.4913434390e+00
    1.0220000000e+01 -3.1766703000e-01 -4.6913819500e-01 -2.7708134000e-01  1.5312325640e+00  1.4717899580e+00  1.4935853790e+00
    1.0230000000e+01 -3.1762523200e-01 -4.6666533500e-01 -2.7543927200e-01  1.5342069570e+00  1.4720171470e+00  1.4959940810e+00
    1.0240000000e+01 -3.1789405000e-01 -4.6446109100e-01 -2.7403710900e-01  1.5372811820e+00  1.4724652840e+00  1.4985523970e+00
    1.0250000000e+01 -3.1849353700e-01 -4.6255924500e-01 -2.7287673300e-01  1.5404386910e+00  1.4731062460e+00  1.5012473210e+00
    1.0260000000e+01 -3.1944368100e-01 -4.6098911500e-01 -2.7195989100e-01  1.5436607380e+00  1.4739053640e+00  1.5040699640e+00
    1.0270000000e+01 -3.2076456400e-01 -4.5977394900e-01 -2.7128968700e-01  1.5469257800e+00  1.4748223310e+00  1.5070150870e+00
    1.0280000000e+01 -3.2247616000e-01 -4.5892952500e-01 -2.7087181900e-01  1.5502086820e+00  1.4758126290e+00  1.5100803180e+00
    1.0290000000e+01 -3.2459771800e-01 -4.5846317800e-01 -2.7071558900e-01  1.5534798980e+00  1.4768294540e+00  1.5132651190e+00
    1.0300000000e+01 -3.2714671700e-01 -4.5837349500e-01 -2.7083470300e-01  1.5567047910e+00  1.4778259350e+00  1.5165695280e+00
    1.0310000000e+01 -3.3013745400e-01 -4.5865080300e-01 -2.7124777200e-01  1.5598432680e+00  1.4787573570e+00  1.5199926100e+00
    1.0320000000e+01 -3.3357934100e-01 -4.5927839800e-01 -2.7197840100e-01  1.5628498720e+00  1.4795830250e+00  1.5235306540e+00
    1.0330000000e+01 -3.3747511300e-01 -4.6023428000e-01 -2.7305467200e-01  1.5656744770e+00  1.4802674360e+00  1.5271752240e+00
    1.0340000000e+01 -3.4181916500e-01 -4.6149298700e-01 -2.7450792100e-01  1.5682636290e+00  1.4807806440e+00  1.5309113000e+00
    1.0350000000e+01 -3.4659628300e-01 -4.6302712800e-01 -2.7637081600e-01  1.5705624930e+00  1.4810978910e+00  1.5347158130e+00
    1.0360000000e+01 -3.5178100100e-01 -4.6480829000e-01 -2.7867489200e-01  1.5725172270e+00  1.4811988100e+00  1.5385568780e+00
    1.0370000000e+01 -3.5733770500e-01 -4.6680724900e-01 -2.8144785900e-01  1.5740775250e+00  1.4810666560e+00  1.5423939090e+00
    1.0380000000e+01 -3.6322149000e-01 -4.6899366000e-01 -2.8471105100e-01  1.5751990680e+00  1.4806879580e+00  1.5461786990e+00
    1.0390000000e+01 -3.6937969000e-01 -4.7133562400e-01 -2.8847739400e-01  1.5758456240e+00  1.4800528240e+00  1.5498572930e+00
    1.0400000000e+01 -3.7575389100e-01 -4.7379958900e-01 -2.9275016700e-01  1.5759906460e+00  1.4791558690e+00  1.5533724200e+00
    1.0410000000e+01 -3.8228227800e-01 -4.7635095100e-01 -2.9752268000e-01  1.5756182490e+00  1.4779974700e+00  1.5566660550e+00
    1.0420000000e+01 -3.8890209000e-01 -4.7895551200e-01 -3.0277880000e-01  1.5747235350e+00  1.4765848820e+00  1.5596817710e+00
    1.0430000000e+01 -3.9555200700e-01 -4.8158168100e-01 -3.0849408800e-01  1.5733122570e+00  1.4749327140e+00  1.5623665430e+00
    1.0440000000e+01 -4.0217425200e-01 -4.8420301400e-01 -3.1463720700e-01  1.5713999020e+00  1.4730623960e+00  1.5646718910e+00
    1.0450000000e+01 -4.0871625400e-01 -4.8680057300e-01 -3.2117125800e-01  1.5690103420e+00  1.4710004890e+00  1.5665544030e+00
    1.0460000000e+01 -4.1513177300e-01 -4.8936453600e-01 -3.2805479500e-01  1.5661742660e+00  1.4687760030e+00  1.5679758500e+00
    1.0470000000e+01 -4.2138153300e-01 -4.9189462900e-01 -3.3524243800e-01  1.5629276300e+00  1.4664171400e+00  1.5689031930e+00
    1.0480000000e+01 -4.2743348100e-01 -4.9439921100e-01 -3.4268516200e-01  1.5593102880e+00  1.4639480460e+00  1.5693087480e+00
    1.0490000000e+01 -4.3326288800e-01 -4.9689314400e-01 -3.5033050200e-01  1.5553648810e+00  1.4613861840e+00  1.5691707030e+00
    1.0500000000e+01 -4.3885247400e-01 -4.9939483500e-01 -3.5812295500e-01  1.5511359030e+00  1.4587407750e+00  1.5684739710e+00
    1.0510000000e+01 -4.4419265000e-01 -5.0192301400e-01 -3.6600482300e-01  1.5466687870e+00  1.4560125620e+00  1.5672112560e+00
    1.0520000000e+01 -4.4928184600e-01 -5.0449382800e-01 -3.7391765200e-01  1.5420088440e+00  1.4531948250e+00  1.5653840280e+00
    1.0530000000e+01 -4.5412679500e-01 -5.0711874800e-01 -3.8180423500e-01  1.5371998980e+00  1.4502753510e+00  1.5630030920e+00
    1.0540000000e+01 -4.5874256800e-01 -5.0980355500e-01 -3.8961097200e-01  1.5322826100e+00  1.4472388740e+00  1.5600884380e+00
    1.0550000000e+01 -4.6315216500e-01 -5.1254844300e-01 -3.9729025100e-01  1.5272925700e+00  1.4440694560e+00  1.5566682090e+00
    1.0560000000e+01 -4.6738552900e-01 -5.1534902100e-01 -4.0480242500e-01  1.5222583380e+00  1.4407523490e+00  1.5527767970e+00
    1.0570000000e+01 -4.7147794900e-01 -5.1819783200e-01 -4.1211703000e-01  1.5171996540e+00  1.4372750340e+00  1.5484522890e+00
    1.0580000000e+01 -4.7546790600e-01 -5.2108591900e-01 -4.1921300000e-01  1.5121260210e+00  1.4336273640e+00  1.5437336460e+00
    1.0590000000e+01 -4.7939445700e-01 -5.2400404500e-01 -4.2607787700e-01  1.5070358580e+00  1.4298009710e+00  1.5386580690e+00
    1.0600000000e+01 -4.8329433200e-01 -5.2694326800e-01 -4.3270621300e-01  1.5019163450e+00  1.4257882310e+00  1.5332589400e+00
    1.0610000000e+01 -4.8719892700e-01 -5.2989482600e-01 -4.3909751200e-01  1.4967440920e+00  1.4215811920e+00  1.5275645890e+00
    1.0620000000e+01 -4.9113144200e-01 -5.3284942700e-01 -4.4525413800e-01  1.4914866750e+00  1.4171707660e+00  1.5215979070e+00
    1.0630000000e+01 -4.9510444500e-01 -5.3579619900e-01 -4.5117948900e-01  1.4861050440e+00  1.4125464150e+00  1.5153766500e+00
    1.0640000000e+01 -4.9911818500e-01 -5.3872152200e-01 -4.5687665000e-01  1.4805566740e+00  1.4076963670e+00  1.5089141640e+00
    1.0650000000e+01 -5.0315991500e-01 -5.4160798900e-01 -4.6234750100e-01  1.4747992050e+00  1.4026083360e+00  1.5022202390e+00
    1.0660000000e+01 -5.0720439900e-01 -5.4443360500e-01 -4.6759218200e-01  1.4687941740e+00  1.3972706580e+00  1.4953019160e+00
    1.0670000000e+01 -5.1121559600e-01 -5.4717136300e-01 -4.7260873500e-01  1.4625104070e+00  1.3916737490e+00  1.4881641690e+00
    1.0680000000e+01 -5.1514928900e-01 -5.4978927600e-01 -4.7739278500e-01  1.4559266470e+00  1.3858117950e+00  1.4808104920e+00
    1.0690000000e+01 -5.1895631400e-01 -5.5225098800e-01 -4.8193720700e-01  1.4490331400e+00  1.3796845450e+00  1.4732435230e+00
    1.0700000000e+01 -5.2258592500e-01 -5.5451702600e-01 -4.8623180600e-01  1.4418320970e+00  1.3732989890e+00  1.4654657830e+00
    1.0710000000e+01 -5.2598890800e-01 -5.5654670500e-01 -4.9026311100e-01  1.4343371360e+00  1.3666706750e+00  1.4574805870e+00
    1.0720000000e+01 -5.2912012600e-01 -5.5830052000e-01 -4.9401439500e-01  1.4265719590e+00  1.3598243740e+00  1.4492931370e+00
    1.0730000000e+01 -5.3194038000e-01 -5.5974277400e-01 -4.9746603300e-01  1.4185685730e+00  1.3527939140e+00  1.4409116870e+00
    1.0740000000e+01 -5.3441758200e-01 -5.6084405900e-01 -5.0059625700e-01  1.4103653430e+00  1.3456211010e+00  1.4323486730e+00
    1.0750000000e+01 -5.3652732300e-01 -5.6158324900e-01 -5.0338231400e-01  1.4020051160e+00  1.3383538810e+00  1.4236216270e+00
    1.0760000000e+01 -5.3825302100e-01 -5.6194875200e-01 -5.0580195100e-01  1.3935335420e+00  1.3310440030e+00  1.4147537350e+00
    1.0770000000e+01 -5.3958579600e-01 -5.6193892400e-01 -5.0783509400e-01  1.3849976490e+00  1.3237445330e+00  1.4057738830e+00
    1.0780000000e+01 -5.4052421900e-01 -5.6156174400e-01 -5.0946551800e-01  1.3764446510e+00  1.3165075590e+00  1.3967161520e+00
    1.0790000000e+01 -5.4107401700e-01 -5.6083395300e-01 -5.1068228800e-01  1.3679208980e+00  1.3093822790e+00  1.3876187610e+00
    1.0800000000e+01 -5.4124776300e-01 -5.5977990000e-01 -5.1148078100e-01  1.3594709020e+00  1.3024135720e+00  1.3785225960e+00
    1.0810000000e+01 -5.4106450500e-01 -5.5843029600e-01 -5.1186315400e-01  1.3511363460e+00  1.2956409880e+00  1.3694695170e+00
    1.0820000000e+01 -5.4054926200e-01 -5.5682101900e-01 -5.1183823800e-01  1.3429550800e+00  1.2890980590e+00  1.3605006700e+00
    1.0830000000e+01 -5.3973232700e-01 -5.5499196800e-01 -5.1142093300e-01  1.3349601260e+00  1.2828118070e+00  1.3516550360e+00
    1.0840000000e+01 -5.3864833100e-01 -5.5298597700e-01 -5.1063126900e-01  1.3271787740e+00  1.2768023710e+00  1.3429683360e+00
    1.0850000000e+01 -5.3733506900e-01 -5.5084770500e-01 -5.0949331200e-01  1.3196318700e+00  1.2710827130e+00  1.3344723870e+00
    1.0860000000e+01 -5.3583215200e-01 -5.4862244900e-01 -5.0803411600e-01  1.3123333810e+00  1.2656584350e+00  1.3261948330e+00
    1.0870000000e+01 -5.3417956700e-01 -5.4635487300e-01 -5.0628283900e-01  1.3052903130e+00  1.2605277530e+00  1.3181591850e+00
    1.0880000000e+01 -5.3241627400e-01 -5.4408763200e-01 -5.0427007000e-01  1.2985030050e+00  1.2556817260e+00  1.3103850110e+00
    1.0890000000e+01 -5.3057897500e-01 -5.4186000200e-01 -5.0202739100e-01  1.2919657640e+00  1.2511048080e+00  1.3028881660e+00
    1.0900000000e+01 -5.2870114700e-01 -5.3970658900e-01 -4.9958707600e-01  1.2856677600e+00  1.2467757760e+00  1.2956809710e+00
    1.0910000000e+01 -5.2681241200e-01 -5.3765630900e-01 -4.9698187500e-01  1.2795940630e+00  1.2426690260e+00  1.2887722840e+00
    1.0920000000e+01 -5.2493822900e-01 -5.3573175700e-01 -4.9424477900e-01  1.2737266830e+00  1.2387561660e+00  1.2821674820e+00
    1.0930000000e+01 -5.2309986800e-01 -5.3394911500e-01 -4.9140870800e-01  1.2680455090e+00  1.2350077300e+00  1.2758684010e+00
    1.0940000000e+01 -5.2131456700e-01 -5.3231862400e-01 -4.8850611100e-01  1.2625290760e+00  1.2313948050e+00  1.2698732980e+00
    1.0950000000e+01 -5.1959576400e-01 -5.3084555100e-01 -4.8556848600e-01  1.2571551380e+00  1.2278903240e+00  1.2641768970e+00
    1.0960000000e+01 -5.1795331900e-01 -5.2953145800e-01 -4.8262587400e-01  1.2519010840e+00  1.2244698720e+00  1.2587705810e+00
    1.0970000000e+01 -5.1639365500e-01 -5.2837553200e-01 -4.7970640500e-01  1.2467442770e+00  1.2211119260e+00  1.2536427250e+00
    1.0980000000e+01 -5.1491983800e-01 -5.2737573300e-01 -4.7683595500e-01  1.2416624010e+00  1.2177976180e+00  1.2487791580e+00
    1.0990000000e+01 -5.1353163400e-01 -5.2652963600e-01 -4.7403798900e-01  1.2366338900e+00  1.2145101830e+00  1.2441636850e+00
    1.1000000000e+01 -5.1222567000e-01 -5.2583491600e-01 -4.7133359500e-01  1.2316384520e+00  1.2112342650e+00  1.2397785900e+00
    1.1010000000e+01 -5.1099575200e-01 -5.2528952200e-01 -4.6874169400e-01  1.2266576100e+00  1.2079552130e+00  1.2356049960e+00
    1.1020000000e+01 -5.0983339000e-01 -5.2489160300e-01 -4.6627932400e-01  1.2216751690e+00  1.2046584320e+00  1.2316230210e+00
    1.1030000000e+01 -5.0872846400e-01 -5.2463920600e-01 -4.6396186200e-01  1.2166774750e+00  1.2013288400e+00  1.2278117140e+00
    1.1040000000e+01 -5.0766991200e-01 -5.2452978400e-01 -4.6180308900e-01  1.2116534200e+00  1.1979504810e+00  1.2241488330e+00
    1.1050000000e+01 -5.0664631600e-01 -5.2455955900e-01 -4.5981501800e-01  1.2065942160e+00  1.1945063530e+00  1.2206105950e+00
    1.1060000000e+01 -5.0564629200e-01 -5.2472280600e-01 -4.5800752600e-01  1.2014930250e+00  1.1909785210e+00  1.2171715150e+00
    1.1070000000e+01 -5.0465866700e-01 -5.2501120000e-01 -4.5638787000e-01  1.1963445590e+00  1.1873485350e+00  1.2138044210e+00
    1.1080000000e+01 -5.0367248700e-01 -5.2541332400e-01 -4.5496018800e-01  1.1911447450e+00  1.1835981060e+00  1.2104806380e+00
    1.1090000000e+01 -5.0267691000e-01 -5.2591444500e-01 -4.5372501800e-01  1.1858904970e+00  1.1797099650e+00  1.2071703070e+00
    1.1100000000e+01 -5.0166105300e-01 -5.2649657900e-01 -4.5267886200e-01  1.1805796100e+00  1.1756687920e+00  1.2038428060e+00
    1.1110000000e+01 -5.0061383400e-01 -5.2713886100e-01 -4.5181375700e-01  1.1752107650e+00  1.1714621140e+00  1.2004672840e+00
    1.1120000000e+01 -4.9952383300e-01 -5.2781818600e-01 -4.5111685900e-01  1.1697836380e+00  1.1670810940e+00  1.1970133330e+00
    1.1130000000e+01 -4.9837921700e-01 -5.2851009800e-01 -4.5057009600e-01  1.1642991180e+00  1.1625211420e+00  1.1934518900e+00
    1.1140000000e+01 -4.9716777000e-01 -5.2918987700e-01 -4.5015000800e-01  1.1587596070e+00  1.1577822530e+00  1.1897563820e+00
    1.1150000000e+01 -4.9587708000e-01 -5.2983375600e-01 -4.4982792000e-01  1.1531693710e+00  1.1528690080e+00  1.1859040580e+00
    1.1160000000e+01 -4.9449492800e-01 -5.3042013600e-01 -4.4957055100e-01  1.1475348580e+00  1.1477901570e+00  1.1818773920e+00
    1.1170000000e+01 -4.9300985800e-01 -5.3093063500e-01 -4.4934110600e-01  1.1418648810e+00  1.1425577760e+00  1.1776653460e+00
    1.1180000000e+01 -4.9141188800e-01 -5.3135078600e-01 -4.4910078600e-01  1.1361705720e+00  1.1371860850e+00  1.1732643250e+00
    1.1190000000e+01 -4.8969322300e-01 -5.3167023900e-01 -4.4881058000e-01  1.1304650180e+00  1.1316900660e+00  1.1686786630e+00
    1.1200000000e+01 -4.8784881400e-01 -5.3188243400e-01 -4.4843315400e-01  1.1247625920e+00  1.1260841530e+00  1.1639205740e+00
    1.1210000000e+01 -4.8587662000e-01 -5.3198379900e-01 -4.4793465900e-01  1.1190780820e+00  1.1203811900e+00  1.1590095890e+00
    1.1220000000e+01 -4.8377748700e-01 -5.3197268100e-01 -4.4728631600e-01  1.1134257630e+00  1.1145918550e+00  1.1539715430e+00
    1.1230000000e+01 -4.8155467300e-01 -5.3184824200e-01 -4.4646567700e-01  1.1078186220e+00  1.1087245840e+00  1.1488372130e+00
    1.1240000000e+01 -4.7921312800e-01 -5.3160954300e-01 -4.4545750900e-01  1.1022678620e+00  1.1027859170e+00  1.1436407010e+00
    1.1250000000e+01 -4.7675870500e-01 -5.3125495400e-01 -4.4425425700e-01  1.0967827620e+00  1.0967810990e+00  1.1384176600e+00
    1.1260000000e+01 -4.7419743900e-01 -5.3078191300e-01 -4.4285605000e-01  1.0913708340e+00  1.0907147440e+00  1.1332034650e+00
    1.1270000000e+01 -4.7153502100e-01 -5.3018696000e-01 -4.4127025300e-01  1.0860382200e+00  1.0845914220e+00  1.1280314440e+00
    1.1280000000e+01 -4.6877648400e-01 -5.2946595300e-01 -4.3951056200e-01  1.0807901970e+00  1.0784160780e+00  1.1229312970e+00
    1.1290000000e+01 -4.6592611200e-01 -5.2861436100e-01 -4.3759572100e-01  1.0756317140e+00  1.0721942950e+00  1.1179278190e+00
    1.1300000000e+01 -4.6298755100e-01 -5.2762755200e-01 -4.3554795500e-01  1.0705679100e+00  1.0659323970e+00  1.1130400720e+00
    1.1310000000e+01 -4.5996409600e-01 -5.2650106400e-01 -4.3339128200e-01  1.0656045330e+00  1.0596374550e+00  1.1082810350e+00
    1.1320000000e+01 -4.5685913200e-01 -5.2523080200e-01 -4.3114986000e-01  1.0607482320e+00  1.0533172130e+00  1.1036577730e+00
    1.1330000000e+01 -4.5367666700e-01 -5.2381318700e-01 -4.2884653600e-01  1.0560066620e+00  1.0469799560e+00  1.0991720620e+00
    1.1340000000e+01 -4.5042188900e-01 -5.2224521400e-01 -4.2650173600e-01  1.0513883760e+00  1.0406343630e+00  1.0948213580e+00
    1.1350000000e+01 -4.4710167900e-01 -5.2052443300e-01 -4.2413274700e-01  1.0469025040e+00  1.0342893740e+00  1.0905999710e+00
    1.1360000000e+01 -4.4372499200e-01 -5.1864886100e-01 -4.2175342800e-01  1.0425582520e+00  1.0279541050e+00  1.0865003000e+00
    1.1370000000e+01 -4.4030306400e-01 -5.1661687100e-01 -4.1937431400e-01  1.0383642800e+00  1.0216378530e+00  1.0825139840e+00
    1.1380000000e+01 -4.3684942000e-01 -5.1442708900e-01 -4.1700303000e-01  1.0343280000e+00  1.0153501940e+00  1.0786328760e+00
    1.1390000000e+01 -4.3337965100e-01 -5.1207837100e-01 -4.1464492600e-01  1.0304548790e+00  1.0091011660e+00  1.0748497540e+00
    1.1400000000e+01 -4.2991097200e-01 -5.0956988800e-01 -4.1230384900e-01  1.0267477970e+00  1.0029014830e+00  1.0711587590e+00
    1.1410000000e+01 -4.2646157300e-01 -5.0690134300e-01 -4.0998293900e-01  1.0232065470e+00  9.9676272800e-01  1.0675555440e+00
    1.1420000000e+01 -4.2304980500e-01 -5.0407329000e-01 -4.0768539000e-01  1.0198275500e+00  9.9069746500e-01  1.0640371520e+00
    1.1430000000e+01 -4.1969330200e-01 -5.0108751600e-01 -4.0541509800e-01  1.0166038330e+00  9.8471922400e-01  1.0606016520e+00
    1.1440000000e+01 -4.1640813000e-01 -4.9794742900e-01 -4.0317712800e-01  1.0135252930e+00  9.7884235900e-01  1.0572475740e+00
    1.1450000000e+01 -4.1320807100e-01 -4.9465842000e-01 -4.0097794100e-01  1.0105791970e+00  9.7308177900e-01  1.0539732020e+00
    1.1460000000e+01 -4.1010410100e-01 -4.9122816900e-01 -3.9882534000e-01  1.0077508540e+00  9.6745257900e-01  1.0507758180e+00
    1.1470000000e+01 -4.0710409700e-01 -4.8766688000e-01 -3.9672812000e-01  1.0050243610e+00  9.6196957000e-01  1.0476509990e+00
    1.1480000000e+01 -4.0421274600e-01 -4.8398742600e-01 -3.9469545800e-01  1.0023833590e+00  9.5664670100e-01  1.0445920640e+00
    1.1490000000e+01 -4.0143162400e-01 -4.8020535400e-01 -3.9273612500e-01  9.9981175100e-01  9.5149637900e-01  1.0415897890e+00
    1.1500000000e+01 -3.9875942000e-01 -4.7633866400e-01 -3.9085760800e-01  9.9729436200e-01  9.4652870600e-01  1.0386323990e+00
    1.1510000000e+01 -3.9619229500e-01 -4.7240731500e-01 -3.8906527600e-01  9.9481753600e-01  9.4175073100e-01  1.0357058730e+00
    1.1520000000e+01 -3.9372435600e-01 -4.6843243100e-01 -3.8736166900e-01  9.9236964600e-01  9.3716583400e-01  1.0327945070e+00
    1.1530000000e+01 -3.9134826600e-01 -4.6443523800e-01 -3.8574598700e-01  9.8994149200e-01  9.3277339500e-01  1.0298816770e+00
    1.1540000000e+01 -3.8905595900e-01 -4.6043589400e-01 -3.8421383100e-01  9.8752655000e-01  9.2856886800e-01  1.0269507290e+00
    1.1550000000e+01 -3.8683943500e-01 -4.5645235100e-01 -3.8275719300e-01  9.8512100700e-01  9.2454429900e-01  1.0239859130e+00
    1.1560000000e+01 -3.8469157600e-01 -4.5249948200e-01 -3.8136472900e-01  9.8272355600e-01  9.2068925600e-01  1.0209732980e+00
    1.1570000000e+01 -3.8260687100e-01 -4.4858860200e-01 -3.8002226600e-01  9.8033491300e-01  9.1699204800e-01  1.0179015780e+00
    1.1580000000e+01 -3.8058197000e-01 -4.4472749400e-01 -3.7871354100e-01  9.7795709300e-01  9.1344104700e-01  1.0147627090e+00
    1.1590000000e+01 -3.7861593700e-01 -4.4092094800e-01 -3.7742108100e-01  9.7559252500e-01  9.1002589100e-01  1.0115522940e+00
    1.1600000000e+01 -3.7671017600e-01 -4.3717174200e-01 -3.7612715300e-01  9.7324312000e-01  9.0673839900e-01  1.0082696870e+00
    1.1610000000e+01 -3.7486801600e-01 -4.3348190400e-01 -3.7481465600e-01  9.7090943700e-01  9.0357299000e-01  1.0049177890e+00
    1.1620000000e+01 -3.7309402700e-01 -4.2985405100e-01 -3.7346783600e-01  9.6859006700e-01  9.0052655900e-01  1.0015026060e+00
    1.1630000000e+01 -3.7139318000e-01 -4.2629255900e-01 -3.7207277000e-01  9.6628132900e-01  8.9759779200e-01  9.9803268300e-01
    1.1640000000e+01 -3.6976998400e-01 -4.2280433800e-01 -3.7061758800e-01  9.6397728400e-01  8.9478604600e-01  9.9451852600e-01
    1.1650000000e+01 -3.6822771500e-01 -4.1939906500e-01 -3.6909253000e-01  9.6167005100e-01  8.9208999800e-01  9.9097213900e-01
    1.1660000000e+01 -3.6676784000e-01 -4.1608884800e-01 -3.6748992800e-01  9.5935034500e-01  8.8950632600e-01  9.8740670100e-01
    1.1670000000e+01 -3.6538966800e-01 -4.1288738500e-01 -3.6580423000e-01  9.5700814700e-01  8.8702863100e-01  9.8383637500e-01
    1.1680000000e+01 -3.6409025600e-01 -4.0980878900e-01 -3.6403212400e-01  9.5463341200e-01  8.8464678000e-01  9.8027612800e-01
    1.1690000000e+01 -3.6286454400e-01 -4.0686628500e-01 -3.6217274400e-01  9.5221673800e-01  8.8234672900e-01  9.7674149900e-01
    1.1700000000e+01 -3.6170567000e-01 -4.0407094300e-01 -3.6022789300e-01  9.4974992400e-01  8.8011080100e-01  9.7324822300e-01
    1.1710000000e+01 -3.6060543300e-01 -4.0143061100e-01 -3.5820218000e-01  9.4722639400e-01  8.7791834100e-01  9.6981171200e-01
    1.1720000000e+01 -3.5955483000e-01 -3.9894910600e-01 -3.5610298900e-01  9.4464144000e-01  8.7574666000e-01  9.6644645000e-01
    1.1730000000e+01 -3.5854463600e-01 -3.9662574000e-01 -3.5394024800e-01  9.4199229200e-01  8.7357215100e-01  9.6316539300e-01
    1.1740000000e+01 -3.5756595600e-01 -3.9445519600e-01 -3.5172600300e-01  9.3927800700e-01  8.7137148200e-01  9.5997946300e-01
    1.1750000000e+01 -3.5661070900e-01 -3.9242775600e-01 -3.4947388000e-01  9.3649920300e-01  8.6912275900e-01  9.5689722800e-01
    1.1760000000e+01 -3.5567200600e-01 -3.9052985400e-01 -3.4719851600e-01  9.3365764600e-01  8.6680654100e-01  9.5392477200e-01
    1.1770000000e+01 -3.5474436700e-01 -3.8874487500e-01 -3.4491506200e-01  9.3075573500e-01  8.6440662200e-01  9.5106574900e-01
    1.1780000000e+01 -3.5382375000e-01 -3.8705410900e-01 -3.4263881900e-01  9.2779594000e-01  8.6191050600e-01  9.4832153800e-01
    1.1790000000e+01 -3.5290737400e-01 -3.8543772000e-01 -3.4038501500e-01  9.2478025300e-01  8.5930957800e-01  9.4569140100e-01
    1.1800000000e+01 -3.5199335100e-01 -3.8387564000e-01 -3.3816869400e-01  9.2170973700e-01  8.5659901000e-01  9.4317257700e-01
    1.1810000000e+01 -3.5108016500e-01 -3.8234832800e-01 -3.3600461100e-01  9.1858422900e-01  8.5377746400e-01  9.4076024300e-01
    1.1820000000e+01 -3.5016606000e-01 -3.8083736200e-01 -3.3390704600e-01  9.1540225700e-01  8.5084669200e-01  9.3844737100e-01
    1.1830000000e+01 -3.4924841700e-01 -3.7932589600e-01 -3.3188945900e-01  9.1216118500e-01  8.4781106800e-01  9.3622456200e-01
    1.1840000000e+01 -3.4832320200e-01 -3.7779899100e-01 -3.2996394200e-01  9.0885758400e-01  8.4467708400e-01  9.3407995800e-01
    1.1850000000e+01 -3.4738454100e-01 -3.7624383900e-01 -3.2814055700e-01  9.0548782100e-01  8.4145283800e-01  9.3199937400e-01
    1.1860000000e+01 -3.4642453700e-01 -3.7464988400e-01 -3.2642665000e-01  9.0204880300e-01  8.3814747700e-01  9.2996670700e-01
    1.1870000000e+01 -3.4543336300e-01 -3.7300881100e-01 -3.2482631100e-01  8.9853880000e-01  8.3477064200e-01  9.2796463300e-01
    1.1880000000e+01 -3.4439969000e-01 -3.7131438900e-01 -3.2334010700e-01  8.9495823600e-01  8.3133192400e-01  9.2597548700e-01
    1.1890000000e+01 -3.4331141800e-01 -3.6956214500e-01 -3.2196513300e-01  8.9131028900e-01  8.2784039100e-01  9.2398218900e-01
    1.1900000000e+01 -3.4215663200e-01 -3.6774890700e-01 -3.2069537400e-01  8.8760119600e-01  8.2430426600e-01  9.2196907600e-01
    1.1910000000e+01 -3.4092463000e-01 -3.6587226000e-01 -3.1952227400e-01  8.8384015400e-01  8.2073080300e-01  9.1992252600e-01
    1.1920000000e+01 -3.3960684400e-01 -3.6393003100e-01 -3.1843541400e-01  8.8003885000e-01  8.1712640400e-01  9.1783134700e-01
    1.1930000000e+01 -3.3819751500e-01 -3.6191989500e-01 -3.1742318800e-01  8.7621067400e-01  8.1349694100e-01  9.1568693700e-01
    1.1940000000e+01 -3.3669400700e-01 -3.5983919700e-01 -3.1647342200e-01  8.7236977600e-01  8.0984820400e-01  9.1348327000e-01
    1.1950000000e+01 -3.3509677000e-01 -3.5768502800e-01 -3.1557390000e-01  8.6853013200e-01  8.0618636000e-01  9.1121675400e-01
    1.1960000000e+01 -3.3340900000e-01 -3.5545450600e-01 -3.1471279200e-01  8.6470474700e-01  8.0251829100e-01  9.0888601200e-01
    1.1970000000e+01 -3.3163612200e-01 -3.5314519500e-01 -3.1387899600e-01  8.6090508200e-01  7.9885174800e-01  9.0649161900e-01
    1.1980000000e+01 -3.2978519500e-01 -3.5075552600e-01 -3.1306238100e-01  8.5714071400e-01  7.9519526400e-01  9.0403580800e-01
    1.1990000000e+01 -3.2786433500e-01 -3.4828512500e-01 -3.1225396000e-01  8.5341918500e-01  7.9155790000e-01  9.0152217200e-01
    1.2000000000e+01 -3.2588218900e-01 -3.4573497500e-01 -3.1144597000e-01  8.4974599600e-01  7.8794887000e-01  8.9895539200e-01
    1.2010000000e+01 -3.2384747000e-01 -3.4310740400e-01 -3.1063190600e-01  8.4612470200e-01  7.8437717300e-01  8.9634100400e-01
    1.2020000000e+01 -3.2176854700e-01 -3.4040593900e-01 -3.0980653500e-01  8.4255709200e-01  7.8085130800e-01  8.9368524000e-01
    1.2030000000e+01 -3.1965310200e-01 -3.3763510100e-01 -3.0896594700e-01  8.3904343600e-01  7.7737909100e-01  8.9099492700e-01
    1.2040000000e+01 -3.1750787100e-01 -3.3480022700e-01 -3.0810768300e-01  8.3558281800e-01  7.7396759000e-01  8.8827739400e-01
    1.2050000000e+01 -3.1533849600e-01 -3.3190733600e-01 -3.0723096500e-01  8.3217350300e-01  7.7062309700e-01  8.8554030600e-01
    1.2060000000e+01 -3.1314949500e-01 -3.2896306100e-01 -3.0633696500e-01  8.2881331000e-01  7.6735109500e-01  8.8279135500e-01
    1.2070000000e+01 -3.1094434800e-01 -3.2597458600e-01 -3.0542901900e-01  8.2549996100e-01  7.6415617700e-01  8.8003774200e-01
    1.2080000000e+01 -3.0872567500e-01 -3.2294954000e-01 -3.0451265800e-01  8.2223134300e-01  7.6104192500e-01  8.7728548200e-01
    1.2090000000e+01 -3.0649546900e-01 -3.1989581700e-01 -3.0359534000e-01  8.1900569600e-01  7.5801079000e-01  8.7453862600e-01
    1.2100000000e+01 -3.0425535700e-01 -3.1682131000e-01 -3.0268585900e-01  8.1582168400e-01  7.5506403600e-01  8.7179854800e-01
    1.2110000000e+01 -3.0200684800e-01 -3.1373361900e-01 -3.0179345000e-01  8.1267838700e-01  7.5220179400e-01  8.6906345700e-01
    1.2120000000e+01 -2.9975154700e-01 -3.1063978500e-01 -3.0092670800e-01  8.0957518100e-01  7.4942324200e-01  8.6632825700e-01
    1.2130000000e+01 -2.9749129500e-01 -3.0754612200e-01 -3.0009249000e-01  8.0651155500e-01  7.4672688600e-01  8.6358481200e-01
    1.2140000000e+01 -2.9522819800e-01 -3.0445819100e-01 -2.9929494700e-01  8.0348687800e-01  7.4411088300e-01  8.6082258600e-01
    1.2150000000e+01 -2.9296454000e-01 -3.0138091600e-01 -2.9853481800e-01  8.0050017900e-01  7.4157332000e-01  8.5802960100e-01
    1.2160000000e+01 -2.9070257100e-01 -2.9831880700e-01 -2.9780908300e-01  7.9754999600e-01  7.3911241000e-01  8.5519358500e-01
    1.2170000000e+01 -2.8844425100e-01 -2.9527624000e-01 -2.9711101400e-01  7.9463436100e-01  7.3672654200e-01  8.5230317700e-01
    1.2180000000e+01 -2.8619099200e-01 -2.9225771700e-01 -2.9643062400e-01  7.9175093100e-01  7.3441420300e-01  8.4934905900e-01
    1.2190000000e+01 -2.8394350500e-01 -2.8926806700e-01 -2.9575548300e-01  7.8889723400e-01  7.3217376600e-01  8.4632486900e-01
    1.2200000000e+01 -2.8170180000e-01 -2.8631253500e-01 -2.9507177900e-01  7.8607097900e-01  7.3000319700e-01  8.4322778600e-01
    1.2210000000e+01 -2.7946533000e-01 -2.8339672300e-01 -2.9436550700e-01  7.8327031800e-01  7.2789970800e-01  8.4005868600e-01
    1.2220000000e+01 -2.7723324600e-01 -2.8052635000e-01 -2.9362360600e-01  7.8049399200e-01  7.2585943000e-01  8.3682188500e-01
    1.2230000000e+01 -2.7500466900e-01 -2.7770685600e-01 -2.9283486700e-01  7.7774133200e-01  7.2387719000e-01  8.3352450000e-01
    1.2240000000e+01 -2.7277890400e-01 -2.7494286800e-01 -2.9199049800e-01  7.7501213900e-01  7.2194646400e-01  8.3017558000e-01
    1.2250000000e+01 -2.7055554000e-01 -2.7223764100e-01 -2.9108428800e-01  7.7230649900e-01  7.2005957700e-01  8.2678519400e-01
    1.2260000000e+01 -2.6833444000e-01 -2.6959257200e-01 -2.9011242700e-01  7.6962461200e-01  7.1820816200e-01  8.2336362700e-01
    1.2270000000e+01 -2.6611566100e-01 -2.6700692500e-01 -2.8907309800e-01  7.6696668900e-01  7.1638381900e-01  8.1992084500e-01
    1.2280000000e+01 -2.6389935800e-01 -2.6447782600e-01 -2.8796599700e-01  7.6433293000e-01  7.1457888700e-01  8.1646624400e-01
    1.2290000000e+01 -2.6168572600e-01 -2.6200058600e-01 -2.8679195600e-01  7.6172357100e-01  7.1278719300e-01  8.1300866500e-01
    1.2300000000e+01 -2.5947499800e-01 -2.5956929400e-01 -2.8555276500e-01  7.5913895900e-01  7.1100464100e-01  8.0955655600e-01
    1.2310000000e+01 -2.5726752200e-01 -2.5717761000e-01 -2.8425123100e-01  7.5657960800e-01  7.0922955500e-01  8.0611811000e-01
    1.2320000000e+01 -2.5506387000e-01 -2.5481965700e-01 -2.8289141000e-01  7.5404620000e-01  7.0746270200e-01  8.0270126200e-01
    1.2330000000e+01 -2.5286495700e-01 -2.5249085800e-01 -2.8147888400e-01  7.5153952600e-01  7.0570699300e-01  7.9931341700e-01
    1.2340000000e+01 -2.5067213100e-01 -2.5018862600e-01 -2.8002089000e-01  7.4906033800e-01  7.0396689500e-01  7.9596095600e-01
    1.2350000000e+01 -2.4848718500e-01 -2.4791279600e-01 -2.7852619300e-01  7.4660917800e-01  7.0224764800e-01  7.9264859100e-01
    1.2360000000e+01 -2.4631229300e-01 -2.4566576000e-01 -2.7700461000e-01  7.4418618600e-01  7.0055438100e-01  7.8937878200e-01
    1.2370000000e+01 -2.4414985900e-01 -2.4345231000e-01 -2.7546629200e-01  7.4179096300e-01  6.9889125700e-01  7.8615135900e-01
    1.2380000000e+01 -2.4200232700e-01 -2.4127921100e-01 -2.7392087500e-01  7.3942248700e-01  6.9726072300e-01  7.8296348400e-01
    1.2390000000e+01 -2.3987197200e-01 -2.3915459200e-01 -2.7237669300e-01  7.3707912100e-01  6.9566293900e-01  7.7980992500e-01
    1.2400000000e+01 -2.3776070800e-01 -2.3708718800e-01 -2.7084017500e-01  7.3475868200e-01  6.9409541500e-01  7.7668358500e-01
    1.2410000000e+01 -2.3566993700e-01 -2.3508552200e-01 -2.6931547900e-01  7.3245856300e-01  6.9255288900e-01  7.7357614000e-01
    1.2420000000e+01 -2.3360042400e-01 -2.3315707200e-01 -2.6780434400e-01  7.3017590000e-01  6.9102743200e-01  7.7047869200e-01
    1.2430000000e+01 -2.3155222600e-01 -2.3130749800e-01 -2.6630610100e-01  7.2790777100e-01  6.8950882100e-01  7.6738237500e-01
    1.2440000000e+01 -2.2952467500e-01 -2.2954000200e-01 -2.6481779500e-01  7.2565144300e-01  6.8798511500e-01  7.6427890800e-01
    1.2450000000e+01 -2.2751646300e-01 -2.2785489200e-01 -2.6333439700e-01  7.2340463600e-01  6.8644343400e-01  7.6116111000e-01
    1.2460000000e+01 -2.2552583700e-01 -2.2624942600e-01 -2.6184912800e-01  7.2116577000e-01  6.8487083000e-01  7.5802338800e-01
    1.2470000000e+01 -2.2355092600e-01 -2.2471794200e-01 -2.6035392600e-01  7.1893412700e-01  6.8325516100e-01  7.5486215000e-01
    1.2480000000e+01 -2.2159014100e-01 -2.2325227600e-01 -2.5884004400e-01  7.1670986400e-01  6.8158585200e-01  7.5167608800e-01
    1.2490000000e+01 -2.1964258100e-01 -2.2184237600e-01 -2.5729874600e-01  7.1449382500e-01  6.7985444000e-01  7.4846623400e-01
    1.2500000000e+01 -2.1770833400e-01 -2.2047702500e-01 -2.5572197300e-01  7.1228716800e-01  6.7805485900e-01  7.4523577400e-01
    1.2510000000e+01 -2.1578859100e-01 -2.1914453900e-01 -2.5410287100e-01  7.1009086800e-01  6.7618346200e-01  7.4198962200e-01
    1.2520000000e+01 -2.1388552800e-01 -2.1783336800e-01 -2.5243608000e-01  7.0790518700e-01  6.7423883100e-01  7.3873386200e-01
    1.2530000000e+01 -2.1200195900e-01 -2.1653252200e-01 -2.5071775300e-01  7.0572923300e-01  6.7222144900e-01  7.3547519600e-01
    1.2540000000e+01 -2.1014083200e-01 -2.1523182700e-01 -2.4894536300e-01  7.0356069100e-01  6.7013334400e-01  7.3222052300e-01
    1.2550000000e+01 -2.0830465200e-01 -2.1392204200e-01 -2.4711740600e-01  7.0139576500e-01  6.6797774000e-01  7.2897674100e-01
    1.2560000000e+01 -2.0649492100e-01 -2.1259486500e-01 -2.4523315200e-01  6.9922933600e-01  6.6575877900e-01  7.2575075800e-01
    1.2570000000e+01 -2.0471165300e-01 -2.1124289500e-01 -2.4329253900e-01  6.9705529000e-01  6.6348132200e-01  7.2254965600e-01
    1.2580000000e+01 -2.0295300800e-01 -2.0985957800e-01 -2.4129628500e-01  6.9486698700e-01  6.6115081800e-01  7.1938086500e-01
    1.2590000000e+01 -2.0121505700e-01 -2.0843916600e-01 -2.3924615900e-01  6.9265783400e-01  6.5877322300e-01  7.1625222300e-01
    1.2600000000e+01 -1.9949170000e-01 -2.0697669700e-01 -2.3714533900e-01  6.9042194800e-01  6.5635495800e-01  7.1317184600e-01
    1.2610000000e+01 -1.9777478800e-01 -2.0546801300e-01 -2.3499871600e-01  6.8815488400e-01  6.5390287500e-01  7.1014776900e-01
    1.2620000000e+01 -1.9605449600e-01 -2.0390979900e-01 -2.3281303600e-01  6.8585437600e-01  6.5142422500e-01  7.0718743200e-01
    1.2630000000e+01 -1.9431999600e-01 -2.0229965000e-01 -2.3059681700e-01  6.8352098300e-01  6.4892661500e-01  7.0429710600e-01
    1.2640000000e+01 -1.9256040700e-01 -2.0063615800e-01 -2.2836004000e-01  6.8115849800e-01  6.4641794200e-01  7.0148137000e-01
    1.2650000000e+01 -1.9076591000e-01 -1.9891901000e-01 -2.2611368600e-01  6.7877398500e-01  6.4390629600e-01  6.9874274200e-01
    1.2660000000e+01 -1.8892887600e-01 -1.9714909900e-01 -2.2386919800e-01  6.7637736200e-01  6.4139981200e-01  6.9608147900e-01
    1.2670000000e+01 -1.8704477400e-01 -1.9532861400e-01 -2.2163795600e-01  6.7398056500e-01  6.3890647700e-01  6.9349554400e-01
    1.2680000000e+01 -1.8511270800e-01 -1.9346108300e-01 -2.1943079900e-01  6.7159638400e-01  6.3643386200e-01  6.9098067600e-01
    1.2690000000e+01 -1.8313545100e-01 -1.9155135600e-01 -2.1725758200e-01  6.6923719700e-01  6.3398882900e-01  6.8853052700e-01
    1.2700000000e+01 -1.8111900200e-01 -1.8960547400e-01 -2.1512675400e-01  6.6691380800e-01  6.3157720400e-01  6.8613685300e-01
    1.2710000000e+01 -1.7907174900e-01 -1.8763044100e-01 -2.1304493600e-01  6.6463457700e-01  6.2920348900e-01  6.8378979100e-01
    1.2720000000e+01 -1.7700343500e-01 -1.8563389500e-01 -2.1101650800e-01  6.6240498400e-01  6.2687064100e-01  6.8147825500e-01
    1.2730000000e+01 -1.7492411000e-01 -1.8362371600e-01 -2.0904328900e-01  6.6022762500e-01  6.2457996200e-01  6.7919048000e-01
    1.2740000000e+01 -1.7284327200e-01 -1.8160762000e-01 -2.0712436400e-01  6.5810259000e-01  6.2233111200e-01  6.7691469800e-01
    1.2750000000e+01 -1.7076930600e-01 -1.7959277900e-01 -2.0525613800e-01  6.5602806100e-01  6.2012225200e-01  6.7463986500e-01
    1.2760000000e+01 -1.6870925900e-01 -1.7758552500e-01 -2.0343261600e-01  6.5400097400e-01  6.1795028500e-01  6.7235635800e-01
    1.2770000000e+01 -1.6666891000e-01 -1.7559116900e-01 -2.0164588900e-01  6.5201758200e-01  6.1581115700e-01  6.7005654200e-01
    1.2780000000e+01 -1.6465300400e-01 -1.7361393000e-01 -1.9988674600e-01  6.5007381100e-01  6.1370015200e-01  6.6773516200e-01
    1.2790000000e+01 -1.6266552300e-01 -1.7165695900e-01 -1.9814534800e-01  6.4816539300e-01  6.1161213900e-01  6.6538953000e-01
    1.2800000000e+01 -1.6070986800e-01 -1.6972240700e-01 -1.9641189100e-01  6.4628782100e-01  6.0954173400e-01  6.6301953800e-01
    1.2810000000e+01 -1.5878888200e-01 -1.6781147200e-01 -1.9467721500e-01  6.4443623300e-01  6.0748338600e-01  6.6062751200e-01
    1.2820000000e+01 -1.5690472900e-01 -1.6592438700e-01 -1.9293335900e-01  6.4260533500e-01  6.0543142600e-01  6.5821795800e-01
    1.2830000000e+01 -1.5505868700e-01 -1.6406033100e-01 -1.9117404500e-01  6.4078943600e-01  6.0338014000e-01  6.5579719500e-01
    1.2840000000e+01 -1.5325093800e-01 -1.6221730300e-01 -1.8939508700e-01  6.3898263900e-01  6.0132391900e-01  6.5337289000e-01
    1.2850000000e+01 -1.5148046400e-01 -1.6039199800e-01 -1.8759470200e-01  6.3717913400e-01  5.9925753100e-01  6.5095348700e-01
    1.2860000000e+01 -1.4974505900e-01 -1.5857979100e-01 -1.8577367600e-01  6.3537354400e-01  5.9717649800e-01  6.4854752600e-01
    1.2870000000e+01 -1.4804149300e-01 -1.5677486100e-01 -1.8393533100e-01  6.3356124500e-01  5.9507753500e-01  6.4616290600e-01
    1.2880000000e+01 -1.4636576100e-01 -1.5497051900e-01 -1.8208526300e-01  6.3173859200e-01  5.9295897300e-01  6.4380614900e-01
    1.2890000000e+01 -1.4471338600e-01 -1.5315971300e-01 -1.8023082800e-01  6.2990305200e-01  5.9082106000e-01  6.4148175900e-01
    1.2900000000e+01 -1.4307971100e-01 -1.5133566000e-01 -1.7838043600e-01  6.2805323500e-01  5.8866606900e-01  6.3919178000e-01
    1.2910000000e+01 -1.4146016700e-01 -1.4949250500e-01 -1.7654272200e-01  6.2618884900e-01  5.8649814800e-01  6.3693560900e-01
    1.2920000000e+01 -1.3985049900e-01 -1.4762589100e-01 -1.7472570600e-01  6.2431061700e-01  5.8432292600e-01  6.3471011300e-01
    1.2930000000e+01 -1.3824695800e-01 -1.4573333800e-01 -1.7293605900e-01  6.2242015800e-01  5.8214694200e-01  6.3251003000e-01
    1.2940000000e+01 -1.3664646600e-01 -1.4381438700e-01 -1.7117857600e-01  6.2051986000e-01  5.7997697100e-01  6.3032857800e-01
    1.2950000000e+01 -1.3504677200e-01 -1.4187048700e-01 -1.6945592200e-01  6.1861272600e-01  5.7781939500e-01  6.2815819700e-01
    1.2960000000e+01 -1.3344659900e-01 -1.3990470100e-01 -1.6776866400e-01  6.1670219300e-01  5.7567967000e-01  6.2599127600e-01
    1.2970000000e+01 -1.3184576200e-01 -1.3792128100e-01 -1.6611557300e-01  6.1479189900e-01  5.7356196300e-01  6.2382076200e-01
    1.2980000000e+01 -1.3024525400e-01 -1.3592520200e-01 -1.6449407200e-01  6.1288538300e-01  5.7146893800e-01  6.2164055800e-01
    1.2990000000e+01 -1.2864722600e-01 -1.3392168000e-01 -1.6290074400e-01  6.1098574500e-01  5.6940168900e-01  6.1944566600e-01
    1.3000000000e+01 -1.2705485200e-01 -1.3191570600e-01 -1.6133175000e-01  6.0909528100e-01  5.6735980500e-01  6.1723212800e-01
    1.3010000000e+01 -1.2547205700e-01 -1.2991162700e-01 -1.5978310000e-01  6.0721517600e-01  5.6534155700e-01  6.1499684300e-01
    1.3020000000e+01 -1.2390313700e-01 -1.2791279000e-01 -1.5825076900e-01  6.0534531300e-01  5.6334421500e-01  6.1273737200e-01
    1.3030000000e+01 -1.2235234200e-01 -1.2592132400e-01 -1.5673070900e-01  6.0348423300e-01  5.6136447100e-01  6.1045180800e-01
    1.3040000000e+01 -1.2082349700e-01 -1.2393809100e-01 -1.5521883500e-01  6.0162924100e-01  5.5939892100e-01  6.0813873900e-01
    1.3050000000e+01 -1.1931970700e-01 -1.2196283200e-01 -1.5371106300e-01  5.9977662100e-01  5.5744451100e-01  6.0579725400e-01
    1.3060000000e+01 -1.1784318400e-01 -1.1999448500e-01 -1.5220340200e-01  5.9792189100e-01  5.5549887700e-01  6.0342694300e-01
    1.3070000000e+01 -1.1639515600e-01 -1.1803159300e-01 -1.5069207800e-01  5.9606004700e-01  5.5356048900e-01  6.0102781500e-01
    1.3080000000e+01 -1.1497584100e-01 -1.1607270400e-01 -1.4917360600e-01  5.9418576300e-01  5.5162859600e-01  5.9860014000e-01
    1.3090000000e+01 -1.1358442300e-01 -1.1411666100e-01 -1.4764475700e-01  5.9229356300e-01  5.4970299800e-01  5.9614423800e-01
    1.3100000000e+01 -1.1221903500e-01 -1.1216272000e-01 -1.4610238600e-01  5.9037797900e-01  5.4778374200e-01  5.9366030600e-01
    1.3110000000e+01 -1.1087673200e-01 -1.1021048500e-01 -1.4454315900e-01  5.8843372300e-01  5.4587081500e-01  5.9114837200e-01
    1.3120000000e+01 -1.0955348200e-01 -1.0825969900e-01 -1.4296325200e-01  5.8645589300e-01  5.4396396400e-01  5.8860841800e-01
    1.3130000000e+01 -1.0824420300e-01 -1.0630996800e-01 -1.4135813500e-01  5.8444020500e-01  5.4206266400e-01  5.8604068800e-01
    1.3140000000e+01 -1.0694285700e-01 -1.0436051800e-01 -1.3972253200e-01  5.8238324800e-01  5.4016626300e-01  5.8344611800e-01
    1.3150000000e+01 -1.0564262600e-01 -1.0241007200e-01 -1.3805060500e-01  5.8028271900e-01  5.3827425000e-01  5.8082678300e-01
    1.3160000000e+01 -1.0433615500e-01 -1.0045689600e-01 -1.3633636300e-01  5.7813763400e-01  5.3638658400e-01  5.7818625000e-01
    1.3170000000e+01 -1.0301587100e-01 -9.8499015000e-02 -1.3457422700e-01  5.7594845400e-01  5.3450396000e-01  5.7552973000e-01
    1.3180000000e+01 -1.0167433500e-01 -9.6534577000e-02 -1.3275964100e-01  5.7371713500e-01  5.3262796300e-01  5.7286397300e-01
    1.3190000000e+01 -1.0030460300e-01 -9.4562257000e-02 -1.3088961800e-01  5.7144706800e-01  5.3076101600e-01  5.7019690700e-01
    1.3200000000e+01 -9.8900561000e-02 -9.2581619000e-02 -1.2896309700e-01  5.6914292100e-01  5.2890615000e-01  5.6753706200e-01
    1.3210000000e+01 -9.7457207000e-02 -9.0593350000e-02 -1.2698104600e-01  5.6681038000e-01  5.2706661300e-01  5.6489290500e-01
    1.3220000000e+01 -9.5970846000e-02 -8.8599298000e-02 -1.2494627700e-01  5.6445583700e-01  5.2524541900e-01  5.6227217500e-01
    1.3230000000e+01 -9.4439179000e-02 -8.6602321000e-02 -1.2286303300e-01  5.6208602200e-01  5.2344490800e-01  5.5968137400e-01
    1.3240000000e+01 -9.2861284000e-02 -8.4605960000e-02 -1.2073640600e-01  5.5970764600e-01  5.2166641900e-01  5.5712547400e-01
    1.3250000000e+01 -9.1237498000e-02 -8.2614028000e-02 -1.1857172600e-01  5.5732706900e-01  5.1991013100e-01  5.5460790900e-01
    1.3260000000e+01 -8.9569210000e-02 -8.0630175000e-02 -1.1637404700e-01  5.5495004100e-01  5.1817508200e-01  5.5213081300e-01
    1.3270000000e+01 -8.7858604000e-02 -7.8657525000e-02 -1.1414783200e-01  5.5258151500e-01  5.1645936200e-01  5.4969543100e-01
    1.3280000000e+01 -8.6108380000e-02 -7.6698444000e-02 -1.1189688200e-01  5.5022556600e-01  5.1476040900e-01  5.4730257500e-01
    1.3290000000e+01 -8.4321481000e-02 -7.4754460000e-02 -1.0962449400e-01  5.4788538000e-01  5.1307535200e-01  5.4495300500e-01
    1.3300000000e+01 -8.2500849000e-02 -7.2826331000e-02 -1.0733375100e-01  5.4556333900e-01  5.1140131700e-01  5.4264763500e-01
    1.3310000000e+01 -8.0649241000e-02 -7.0914226000e-02 -1.0502786200e-01  5.4326115000e-01  5.0973563900e-01  5.4038754000e-01
    1.3320000000e+01 -7.8769102000e-02 -6.9017951000e-02 -1.0271040500e-01  5.4098002500e-01  5.0807595300e-01  5.3817377200e-01
    1.3330000000e+01 -7.6862527000e-02 -6.7137156000e-02 -1.0038544500e-01  5.3872085800e-01  5.0642015000e-01  5.3600708300e-01
    1.3340000000e+01 -7.4931278000e-02 -6.5271481000e-02 -9.8057470000e-02  5.3648438900e-01  5.0476624200e-01  5.3388761700e-01
    1.3350000000e+01 -7.2976853000e-02 -6.3420570000e-02 -9.5731193000e-02  5.3427131100e-01  5.0311217200e-01  5.3181467400e-01
    1.3360000000e+01 -7.1000553000e-02 -6.1583974000e-02 -9.3411261000e-02  5.3208233200e-01  5.0145562800e-01  5.2978658200e-01
    1.3370000000e+01 -6.9003546000e-02 -5.9760946000e-02 -9.1101935000e-02  5.2991819300e-01  4.9979395000e-01  5.2780068700e-01
    1.3380000000e+01 -6.6986886000e-02 -5.7950166000e-02 -8.8806787000e-02  5.2777969000e-01  4.9812413600e-01  5.2585347500e-01
    1.3390000000e+01 -6.4951532000e-02 -5.6149478000e-02 -8.6528452000e-02  5.2566770400e-01  4.9644300500e-01  5.2394077500e-01
    1.3400000000e+01 -6.2898370000e-02 -5.4355682000e-02 -8.4268462000e-02  5.2358326100e-01  4.9474748900e-01  5.2205803900e-01
    1.3410000000e+01 -6.0828294000e-02 -5.2564461000e-02 -8.2027159000e-02  5.2152761600e-01  4.9303503200e-01  5.2020066300e-01
    1.3420000000e+01 -5.8742333000e-02 -5.0770473000e-02 -7.9803720000e-02  5.1950229900e-01  4.9130403400e-01  5.1836431600e-01
    1.3430000000e+01 -5.6641844000e-02 -4.8967639000e-02 -7.7596275000e-02  5.1750909500e-01  4.8955425300e-01  5.1654526700e-01
    1.3440000000e+01 -5.4528699000e-02 -4.7149585000e-02 -7.5402118000e-02  5.1554991900e-01  4.8778708700e-01  5.1474064200e-01
    1.3450000000e+01 -5.2405417000e-02 -4.5310188000e-02 -7.3217992000e-02  5.1362657400e-01  4.8600567400e-01  5.1294862200e-01
    1.3460000000e+01 -5.0275158000e-02 -4.3444128000e-02 -7.1040405000e-02  5.1174043200e-01  4.8421477200e-01  5.1116852900e-01
    1.3470000000e+01 -4.8141551000e-02 -4.1547353000e-02 -6.8865945000e-02  5.0989212300e-01  4.8242044400e-01  5.0940082800e-01
    1.3480000000e+01 -4.6008361000e-02 -3.9617384000e-02 -6.6691579000e-02  5.0808131600e-01  4.8062961000e-01  5.0764704500e-01
    1.3490000000e+01 -4.3879057000e-02 -3.7653437000e-02 -6.4514896000e-02  5.0630668900e-01  4.7884954800e-01  5.0590962200e-01
    1.3500000000e+01 -4.1756385000e-02 -3.5656371000e-02 -6.2334318000e-02  5.0456612000e-01  4.7708743100e-01  5.0419173100e-01
    1.3510000000e+01 -3.9642075000e-02 -3.3628513000e-02 -6.0149269000e-02  5.0285707300e-01  4.7534994400e-01  5.0249705000e-01
    1.3520000000e+01 -3.7536761000e-02 -3.1573414000e-02 -5.7960290000e-02  5.0117709900e-01  4.7364301400e-01  5.0082949000e-01
    1.3530000000e+01 -3.5440150000e-02 -2.9495588000e-02 -5.5769101000e-02  4.9952432900e-01  4.7197162600e-01  4.9919289700e-01
    1.3540000000e+01 -3.3351404000e-02 -2.7400251000e-02 -5.3578563000e-02  4.9789783400e-01  4.7033972800e-01  4.9759071600e-01
    1.3550000000e+01 -3.1269662000e-02 -2.5293080000e-02 -5.1392551000e-02  4.9629777400e-01  4.6875018500e-01  4.9602566900e-01
    1.3560000000e+01 -2.9194566000e-02 -2.3179997000e-02 -4.9215716000e-02  4.9472528900e-01  4.6720477600e-01  4.9449947400e-01
    1.3570000000e+01 -2.7126693000e-02 -2.1066967000e-02 -4.7053161000e-02  4.9318215600e-01  4.6570422400e-01  4.9301265600e-01
    1.3580000000e+01 -2.5067787000e-02 -1.8959812000e-02 -4.4910074000e-02  4.9167029600e-01  4.6424824900e-01  4.9156446400e-01
    1.3590000000e+01 -2.3020753000e-02 -1.6864049000e-02 -4.2791361000e-02  4.9019121100e-01  4.6283565300e-01  4.9015291800e-01
    1.3600000000e+01 -2.0989400000e-02 -1.4784735000e-02 -4.0701319000e-02  4.8874548400e-01  4.6146442000e-01  4.8877496200e-01
    1.3610000000e+01 -1.8977988000e-02 -1.2726333000e-02 -3.8643379000e-02  4.8733242000e-01  4.6013186400e-01  4.8742670200e-01
    1.3620000000e+01 -1.6990658000e-02 -1.0692623000e-02 -3.6619946000e-02  4.8594992500e-01  4.5883480500e-01  4.8610369400e-01
    1.3630000000e+01 -1.5030851000e-02 -8.6866630000e-03 -3.4632323000e-02  4.8459463000e-01  4.5756977400e-01  4.8480124700e-01
    1.3640000000e+01 -1.3100827000e-02 -6.7108380000e-03 -3.2680718000e-02  4.8326226000e-01  4.5633321400e-01  4.8351472600e-01
    1.3650000000e+01 -1.1201374000e-02 -4.7669810000e-03 -3.0764322000e-02  4.8194817400e-01  4.5512164700e-01  4.8223983300e-01
    1.3660000000e+01 -9.3317660000e-03 -2.8565450000e-03 -2.8881446000e-02  4.8064798800e-01  4.5393174500e-01  4.8097286300e-01
    1.3670000000e+01 -7.4899830000e-03 -9.8077900000e-04 -2.7029730000e-02  4.7935816700e-01  4.5276031600e-01  4.7971092800e-01
    1.3680000000e+01 -5.6731520000e-03  8.5914500000e-04 -2.5206407000e-02  4.7807649300e-01  4.5160419300e-01  4.7845212800e-01
    1.3690000000e+01 -3.8781580000e-03  2.6620950000e-03 -2.3408640000e-02  4.7680231200e-01  4.5046007200e-01  4.7719565800e-01
    1.3700000000e+01 -2.1023090000e-03  4.4270470000e-03 -2.1633907000e-02  4.7553653400e-01  4.4932435000e-01  4.7594178100e-01
    1.3710000000e+01 -3.4397200000e-04  6.1532390000e-03 -1.9880386000e-02  4.7428134500e-01  4.4819300900e-01  4.7469167900e-01
    1.3720000000e+01  1.3969490000e-03  7.8403940000e-03 -1.8147276000e-02  4.7303969000e-01  4.4706159000e-01  4.7344713100e-01
    1.3730000000e+01  3.1187710000e-03  9.4889480000e-03 -1.6434981000e-02  4.7181457500e-01  4.4592527800e-01  4.7221007100e-01
    1.3740000000e+01  4.8180980000e-03  1.1100251000e-02 -1.4745101000e-02  4.7060831700e-01  4.4477908200e-01  4.7098208200e-01
    1.3750000000e+01  6.4901950000e-03  1.2676684000e-02 -1.3080202000e-02  4.6942186600e-01  4.4361810600e-01  4.6976393400e-01
    1.3760000000e+01  8.1296150000e-03  1.4221684000e-02 -1.1443407000e-02  4.6825434000e-01  4.4243786400e-01  4.6855525300e-01
    1.3770000000e+01  9.7309650000e-03  1.5739635000e-02 -9.8378870000e-03  4.6710285600e-01  4.4123459400e-01  4.6735439900e-01
    1.3780000000e+01  1.1289667000e-02  1.7235672000e-02 -8.2663700000e-03  4.6596269600e-01  4.4000552900e-01  4.6615858100e-01
    1.3790000000e+01  1.2802559000e-02  1.8715384000e-02 -6.7307640000e-03  4.6482775100e-01  4.3874908900e-01  4.6496415900e-01
    1.3800000000e+01  1.4268252000e-02  2.0184490000e-02 -5.2319610000e-03  4.6369115800e-01  4.3746497600e-01  4.6376704900e-01
    1.3810000000e+01  1.5687194000e-02  2.1648486000e-02 -3.7698530000e-03  4.6254597000e-01  4.3615415900e-01  4.6256313400e-01
    1.3820000000e+01  1.7061472000e-02  2.3112326000e-02 -2.3435050000e-03  4.6138575900e-01  4.3481876100e-01  4.6134858600e-01
    1.3830000000e+01  1.8394436000e-02  2.4580149000e-02 -9.5140300000e-04  4.6020504800e-01  4.3346187100e-01  4.6012004100e-01
    1.3840000000e+01  1.9690233000e-02  2.6055071000e-02  4.0827800000e-04  4.5899953200e-01  4.3208728400e-01  4.5887463700e-01
    1.3850000000e+01  2.0953357000e-02  2.7539050000e-02  1.7374830000e-03  4.5776611800e-01  4.3069920400e-01  4.5760993700e-01
    1.3860000000e+01  2.2188259000e-02  2.9032825000e-02  3.0381640000e-03  4.5650280300e-01  4.2930191400e-01  4.5632380900e-01
    1.3870000000e+01  2.3399070000e-02  3.0535955000e-02  4.3122640000e-03  4.5520845100e-01  4.2789943400e-01  4.5501429900e-01
    1.3880000000e+01  2.4589449000e-02  3.2046955000e-02  5.5617500000e-03  4.5388252500e-01  4.2649518600e-01  4.5367954800e-01
    1.3890000000e+01  2.5762537000e-02  3.3563548000e-02  6.7886710000e-03  4.5252480700e-01  4.2509171000e-01  4.5231776100e-01
    1.3900000000e+01  2.6921020000e-02  3.5083001000e-02  7.9952040000e-03  4.5113516600e-01  4.2369047600e-01  4.5092721300e-01
    1.3910000000e+01  2.8067269000e-02  3.6602519000e-02  9.1836860000e-03  4.4971337700e-01  4.2229182600e-01  4.4950627700e-01
    1.3920000000e+01  2.9203514000e-02  3.8119626000e-02  1.0356611000e-02  4.4825902700e-01  4.2089506500e-01  4.4805345000e-01
    1.3930000000e+01  3.0332033000e-02  3.9632472000e-02  1.1516632000e-02  4.4677150800e-01  4.1949868800e-01  4.4656736700e-01
    1.3940000000e+01  3.1455315000e-02  4.1140026000e-02  1.2666563000e-02  4.4525007500e-01  4.1810067700e-01  4.4504681000e-01
    1.3950000000e+01  3.2576184000e-02  4.2642138000e-02  1.3809410000e-02  4.4369397100e-01  4.1669882600e-01  4.4349071200e-01
    1.3960000000e+01  3.3697870000e-02  4.4139487000e-02  1.4948404000e-02  4.4210258400e-01  4.1529103300e-01  4.4189819400e-01
    1.3970000000e+01  3.4824009000e-02  4.5633465000e-02  1.6087046000e-02  4.4047562300e-01  4.1387552500e-01  4.4026864300e-01
    1.3980000000e+01  3.5958596000e-02  4.7126013000e-02  1.7229102000e-02  4.3881329900e-01  4.1245103000e-01  4.3860182500e-01
    1.3990000000e+01  3.7105860000e-02  4.8619451000e-02  1.8378554000e-02  4.3711648100e-01  4.1101687800e-01  4.3689802300e-01
    1.4000000000e+01  3.8270092000e-02  5.0116305000e-02  1.9539463000e-02  4.3538682000e-01  4.0957307100e-01  4.3515816400e-01
    1.4010000000e+01  3.9455425000e-02  5.1619120000e-02  2.0715772000e-02  4.3362681400e-01  4.0812031700e-01  4.3338387900e-01
    1.4020000000e+01  4.0665588000e-02  5.3130281000e-02  2.1911076000e-02  4.3183979700e-01  4.0666002600e-01  4.3157748500e-01
    1.4030000000e+01  4.1903662000e-02  5.4651818000e-02  2.3128409000e-02  4.3002985000e-01  4.0519426500e-01  4.2974185400e-01
    1.4040000000e+01  4.3171868000e-02  5.6185216000e-02  2.4370097000e-02  4.2820162900e-01  4.0372566000e-01  4.2788020500e-01
    1.4050000000e+01  4.4471415000e-02  5.7731252000e-02  2.5637709000e-02  4.2636012200e-01  4.0225723800e-01  4.2599585300e-01
    1.4060000000e+01  4.5802424000e-02  5.9289870000e-02  2.6932112000e-02  4.2451037100e-01  4.0079221200e-01  4.2409196500e-01
    1.4070000000e+01  4.7163960000e-02  6.0860133000e-02  2.8253606000e-02  4.2265717600e-01  3.9933371800e-01  4.2217136200e-01
    1.4080000000e+01  4.8554141000e-02  6.2440267000e-02  2.9602108000e-02  4.2080482300e-01  3.9788453300e-01  4.2023639700e-01
    1.4090000000e+01  4.9970337000e-02  6.4027810000e-02  3.0977356000e-02  4.1895688200e-01  3.9644681500e-01  4.1828889800e-01
    1.4100000000e+01  5.1409397000e-02  6.5619855000e-02  3.2379110000e-02  4.1711606900e-01  3.9502190500e-01  4.1633018500e-01
    1.4110000000e+01  5.2867892000e-02  6.7213363000e-02  3.3807337000e-02  4.1528420700e-01  3.9361024700e-01  4.1436113100e-01
    1.4120000000e+01  5.4342321000e-02  6.8805481000e-02  3.5262369000e-02  4.1346224300e-01  3.9221143300e-01  4.1238228700e-01
    1.4130000000e+01  5.5829282000e-02  7.0393801000e-02  3.6745028000e-02  4.1165030300e-01  3.9082438100e-01  4.1039405100e-01
    1.4140000000e+01  5.7325591000e-02  7.1976510000e-02  3.8256695000e-02  4.0984775500e-01  3.8944759000e-01  4.0839688800e-01
    1.4150000000e+01  5.8828395000e-02  7.3552414000e-02  3.9799302000e-02  4.0805324900e-01  3.8807942500e-01  4.0639158100e-01
    1.4160000000e+01  6.0335293000e-02  7.5120826000e-02  4.1375217000e-02  4.0626474900e-01  3.8671835100e-01  4.0437948500e-01
    1.4170000000e+01  6.1844503000e-02  7.6681375000e-02  4.2987028000e-02  4.0447956600e-01  3.8536306300e-01  4.0236274000e-01
    1.4180000000e+01  6.3355075000e-02  7.8233808000e-02  4.4637238000e-02  4.0269444700e-01  3.8401250600e-01  4.0034438400e-01
    1.4190000000e+01  6.4867122000e-02  7.9777822000e-02  4.6327917000e-02  4.0090575800e-01  3.8266578200e-01  3.9832834100e-01
    1.4200000000e+01  6.6382033000e-02  8.1312999000e-02  4.8060389000e-02  3.9910978300e-01  3.8132199000e-01  3.9631925700e-01
    1.4210000000e+01  6.7902581000e-02  8.2838852000e-02  4.9834997000e-02  3.9730316100e-01  3.7998007400e-01  3.9432222500e-01
    1.4220000000e+01  6.9432855000e-02  8.4354944000e-02  5.1651011000e-02  3.9548339400e-01  3.7863872100e-01  3.9234244000e-01
    1.4230000000e+01  7.0977978000e-02  8.5861062000e-02  5.3506677000e-02  3.9364935700e-01  3.7729636400e-01  3.9038485800e-01
    1.4240000000e+01  7.2543602000e-02  8.7357356000e-02  5.5399393000e-02  3.9180169100e-01  3.7595126700e-01  3.8845392500e-01
    1.4250000000e+01  7.4135239000e-02  8.8844423000e-02  5.7325954000e-02  3.8994298300e-01  3.7460169500e-01  3.8655341200e-01
    1.4260000000e+01  7.5757542000e-02  9.0323289000e-02  5.9282824000e-02  3.8807766400e-01  3.7324609300e-01  3.8468638200e-01
    1.4270000000e+01  7.7413659000e-02  9.1795302000e-02  6.1266341000e-02  3.8621162200e-01  3.7188325200e-01  3.8285526100e-01
    1.4280000000e+01  7.9104778000e-02  9.3261961000e-02  6.3272860000e-02  3.8435157800e-01  3.7051239400e-01  3.8106197900e-01
    1.4290000000e+01  8.0829951000e-02  9.4724725000e-02  6.5298771000e-02  3.8250433100e-01  3.6913317200e-01  3.7930812300e-01
    1.4300000000e+01  8.2586226000e-02  9.6184835000e-02  6.7340444000e-02  3.8067599600e-01  3.6774558000e-01  3.7759506000e-01
    1.4310000000e+01  8.4369041000e-02  9.7643203000e-02  6.9394101000e-02  3.7887136700e-01  3.6634978000e-01  3.7592396800e-01
    1.4320000000e+01  8.6172830000e-02  9.9100394000e-02  7.1455698000e-02  3.7709348100e-01  3.6494590200e-01  3.7429577600e-01
    1.4330000000e+01  8.7991709000e-02  1.0055671300e-01  7.3520844000e-02  3.7534345800e-01  3.6353384100e-01  3.7271101200e-01
    1.4340000000e+01  8.9820148000e-02  1.0201238900e-01  7.5584818000e-02  3.7362060400e-01  3.6211311900e-01  3.7116960400e-01
    1.4350000000e+01  9.1653509000e-02  1.0346781100e-01  7.7642692000e-02  3.7192272600e-01  3.6068285900e-01  3.6967066900e-01
    1.4360000000e+01  9.3488411000e-02  1.0492376300e-01  7.9689559000e-02  3.7024660100e-01  3.5924186900e-01  3.6821236600e-01
    1.4370000000e+01  9.5322885000e-02  1.0638159900e-01  8.1720829000e-02  3.6858847700e-01  3.5778883900e-01  3.6679184000e-01
    1.4380000000e+01  9.7156353000e-02  1.0784331000e-01  8.3732537000e-02  3.6694454800e-01  3.5632260500e-01  3.6540528600e-01
    1.4390000000e+01  9.8989474000e-02  1.0931146900e-01  8.5721622000e-02  3.6531134300e-01  3.5484241200e-01  3.6404812700e-01
    1.4400000000e+01  1.0082392800e-01  1.1078908000e-01  8.7686132000e-02  3.6368600800e-01  3.5334813800e-01  3.6271527900e-01
    1.4410000000e+01  1.0266216900e-01  1.1227935400e-01  8.9625326000e-02  3.6206651200e-01  3.5184043300e-01  3.6140146600e-01
    1.4420000000e+01  1.0450716700e-01  1.1378545600e-01  9.1539681000e-02  3.6045177700e-01  3.5032077100e-01  3.6010154800e-01
    1.4430000000e+01  1.0636215200e-01  1.1531026000e-01  9.3430802000e-02  3.5884176300e-01  3.4879141800e-01  3.5881081800e-01
    1.4440000000e+01  1.0823033200e-01  1.1685613300e-01  9.5301262000e-02  3.5723750500e-01  3.4725533900e-01  3.5752526600e-01
    1.4450000000e+01  1.1011460200e-01  1.1842475000e-01  9.7154383000e-02  3.5564108000e-01  3.4571603200e-01  3.5624177800e-01
    1.4460000000e+01  1.1201725200e-01  1.2001695200e-01  9.8993996000e-02  3.5405549900e-01  3.4417733100e-01  3.5495827300e-01
    1.4470000000e+01  1.1393971500e-01  1.2163268600e-01  1.0082416700e-01  3.5248450300e-01  3.4264314900e-01  3.5367378400e-01
    1.4480000000e+01  1.1588238200e-01  1.2327101500e-01  1.0264892500e-01  3.5093228500e-01  3.4111721000e-01  3.5238846900e-01
    1.4490000000e+01  1.1784451900e-01  1.2493024600e-01  1.0447198300e-01  3.4940316200e-01  3.3960280200e-01  3.5110357200e-01
    1.4500000000e+01  1.1982429800e-01  1.2660813100e-01  1.0629647700e-01  3.4790125400e-01  3.3810258800e-01  3.4982130400e-01
    1.4510000000e+01  1.2181892600e-01  1.2830213200e-01  1.0812472400e-01  3.4643019000e-01  3.3661852800e-01  3.4854466300e-01
    1.4520000000e+01  1.2382484300e-01  1.3000966600e-01  1.0995804000e-01  3.4499289900e-01  3.3515192500e-01  3.4727718100e-01
    1.4530000000e+01  1.2583795900e-01  1.3172828600e-01  1.1179663800e-01  3.4359147200e-01  3.3370355700e-01  3.4602262000e-01
    1.4540000000e+01  1.2785389300e-01  1.3345575500e-01  1.1363962500e-01  3.4222710800e-01  3.3227385400e-01  3.4478465100e-01
    1.4550000000e+01  1.2986819100e-01  1.3519001500e-01  1.1548510100e-01  3.4090012800e-01  3.3086305000e-01  3.4356654600e-01
    1.4560000000e+01  1.3187651200e-01  1.3692909700e-01  1.1733035700e-01  3.3961002000e-01  3.2947126500e-01  3.4237093400e-01
    1.4570000000e+01  1.3387478500e-01  1.3867102100e-01  1.1917211900e-01  3.3835552300e-01  3.2809848200e-01  3.4119964900e-01
    1.4580000000e+01  1.3585933400e-01  1.4041375000e-01  1.2100680700e-01  3.3713471800e-01  3.2674447200e-01  3.4005366500e-01
    1.4590000000e+01  1.3782699300e-01  1.4215522600e-01  1.2283077200e-01  3.3594513900e-01  3.2540868100e-01  3.3893312600e-01
    1.4600000000e+01  1.3977519700e-01  1.4389347400e-01  1.2464048200e-01  3.3478388900e-01  3.2409016400e-01  3.3783741700e-01
    1.4610000000e+01  1.4170206000e-01  1.4562675600e-01  1.2643266200e-01  3.3364778200e-01  3.2278757900e-01  3.3676527200e-01
    1.4620000000e+01  1.4360643400e-01  1.4735371100e-01  1.2820438600e-01  3.3253351100e-01  3.2149926700e-01  3.3571488200e-01
    1.4630000000e+01  1.4548792500e-01  1.4907345300e-01  1.2995315100e-01  3.3143785000e-01  3.2022339000e-01  3.3468401000e-01
    1.4640000000e+01  1.4734684500e-01  1.5078558800e-01  1.3167691300e-01  3.3035786400e-01  3.1895811100e-01  3.3367009700e-01
    1.4650000000e+01  1.4918409600e-01  1.5249015800e-01  1.3337411600e-01  3.2929112700e-01  3.1770174800e-01  3.3267037800e-01
    1.4660000000e+01  1.5100096500e-01  1.5418752800e-01  1.3504368500e-01  3.2823589500e-01  3.1645288800e-01  3.3168198500e-01
    1.4670000000e+01  1.5279885000e-01  1.5587823500e-01  1.3668500600e-01  3.2719120200e-01  3.1521043600e-01  3.3070205500e-01
    1.4680000000e+01  1.5457896700e-01  1.5756286100e-01  1.3829787300e-01  3.2615685500e-01  3.1397358400e-01  3.2972782200e-01
    1.4690000000e+01  1.5634204800e-01  1.5924193200e-01  1.3988241400e-01  3.2513331000e-01  3.1274173500e-01  3.2875668800e-01
    1.4700000000e+01  1.5808811300e-01  1.6091589700e-01  1.4143900000e-01  3.2412145800e-01  3.1151439700e-01  3.2778626900e-01
    1.4710000000e+01  1.5981630500e-01  1.6258516000e-01  1.4296814300e-01  3.2312231100e-01  3.1029109800e-01  3.2681440400e-01
    1.4720000000e+01  1.6152485400e-01  1.6425015400e-01  1.4447039800e-01  3.2213666000e-01  3.0907134500e-01  3.2583911900e-01
    1.4730000000e+01  1.6321114800e-01  1.6591142900e-01  1.4594628500e-01  3.2116468900e-01  3.0785464300e-01  3.2485855800e-01
    1.4740000000e+01  1.6487195600e-01  1.6756971000e-01  1.4739626100e-01  3.2020563400e-01  3.0664057000e-01  3.2387087200e-01
    1.4750000000e+01  1.6650378300e-01  1.6922590200e-01  1.4882073800e-01  3.1925749700e-01  3.0542888200e-01  3.2287409800e-01
    1.4760000000e+01  1.6810334800e-01  1.7088104600e-01  1.5022018000e-01  3.1831690900e-01  3.0421961800e-01  3.2186606000e-01
    1.4770000000e+01  1.6966812200e-01  1.7253621400e-01  1.5159524100e-01  3.1737917200e-01  3.0301317200e-01  3.2084431900e-01
    1.4780000000e+01  1.7119684800e-01  1.7419238700e-01  1.5294692700e-01  3.1643853900e-01  3.0181032700e-01  3.1980619800e-01
    1.4790000000e+01  1.7268994100e-01  1.7585032000e-01  1.5427674400e-01  3.1548869000e-01  3.0061223500e-01  3.1874888500e-01
    1.4800000000e+01  1.7414967600e-01  1.7751042500e-01  1.5558678700e-01  3.1452337100e-01  2.9942035500e-01  3.1766959400e-01
    1.4810000000e+01  1.7558009800e-01  1.7917267100e-01  1.5687975900e-01  3.1353707600e-01  2.9823635400e-01  3.1656575200e-01
    1.4820000000e+01  1.7698666300e-01  1.8083652000e-01  1.5815891700e-01  3.1252564600e-01  2.9706199200e-01  3.1543517700e-01
    1.4830000000e+01  1.7837566100e-01  1.8250088900e-01  1.5942796800e-01  3.1148667800e-01  2.9589898300e-01  3.1427622300e-01
    1.4840000000e+01  1.7975354100e-01  1.8416414700e-01  1.6069093400e-01  3.1041966000e-01  2.9474885100e-01  3.1308787100e-01
    1.4850000000e+01  1.8112625200e-01  1.8582414300e-01  1.6195201100e-01  3.0932582100e-01  2.9361277600e-01  3.1186979100e-01
    1.4860000000e+01  1.8249874200e-01  1.8747828400e-01  1.6321542300e-01  3.0820774900e-01  2.9249144100e-01  3.1062236200e-01
    1.4870000000e+01  1.8387468200e-01  1.8912365500e-01  1.6448527200e-01  3.0706888800e-01  2.9138489700e-01  3.0934666600e-01
    1.4880000000e+01  1.8525642100e-01  1.9075718700e-01  1.6576540400e-01  3.0591302000e-01  2.9029245400e-01  3.0804444900e-01
    1.4890000000e+01  1.8664513600e-01  1.9237586500e-01  1.6705927400e-01  3.0474385000e-01  2.8921262800e-01  3.0671805100e-01
    1.4900000000e+01  1.8804107200e-01  1.9397694700e-01  1.6836983700e-01  3.0356474200e-01  2.8814315400e-01  3.0537029600e-01
    1.4910000000e+01  1.8944379500e-01  1.9555817700e-01  1.6969947500e-01  3.0237859600e-01  2.8708107100e-01  3.0400436600e-01
    1.4920000000e+01  1.9085238300e-01  1.9711795800e-01  1.7104997500e-01  3.0118783200e-01  2.8602286000e-01  3.0262365700e-01
    1.4930000000e+01  1.9226555500e-01  1.9865547700e-01  1.7242253800e-01  2.9999439100e-01  2.8496463300e-01  3.0123164700e-01
    1.4940000000e+01  1.9368174900e-01  2.0017077200e-01  1.7381784100e-01  2.9879974000e-01  2.8390233600e-01  2.9983179600e-01
    1.4950000000e+01  1.9509919500e-01  2.0166474300e-01  1.7523610600e-01  2.9760484400e-01  2.8283195600e-01  2.9842747900e-01
    1.4960000000e+01  1.9651601300e-01  2.0313911100e-01  1.7667717000e-01  2.9641012300e-01  2.8174972900e-01  2.9702197600e-01
    1.4970000000e+01  1.9793033900e-01  2.0459633200e-01  1.7814052200e-01  2.9521544500e-01  2.8065231800e-01  2.9561848100e-01
    1.4980000000e+01  1.9934045800e-01  2.0603946300e-01  1.7962529400e-01  2.9402014700e-01  2.7953697600e-01  2.9422013100e-01
    1.4990000000e+01  2.0074492300e-01  2.0747199400e-01  1.8113021800e-01  2.9282310200e-01  2.7840165000e-01  2.9283001100e-01
    1.5000000000e+01  2.0214264800e-01  2.0889765600e-01  1.8265354900e-01  2.9162281700e-01  2.7724505200e-01  2.9145110800e-01
    1.5010000000e+01  2.0353295300e-01  2.1032022000e-01  1.8419299500e-01  2.9041753500e-01  2.7606666000e-01  2.9008621800e-01
    1.5020000000e+01  2.0491559300e-01  2.1174331600e-01  1.8574569100e-01  2.8920532600e-01  2.7486665700e-01  2.8873779800e-01
    1.5030000000e+01  2.0629077300e-01  2.1317028200e-01  1.8730822000e-01  2.8798417200e-01  2.7364583300e-01  2.8740778300e-01
    1.5040000000e+01  2.0765916100e-01  2.1460406000e-01  1.8887671900e-01  2.8675204700e-01  2.7240544700e-01  2.8609741800e-01
    1.5050000000e+01  2.0902190000e-01  2.1604714800e-01  1.9044704100e-01  2.8550701200e-01  2.7114707700e-01  2.8480710100e-01
    1.5060000000e+01  2.1038060300e-01  2.1750159900e-01  1.9201497300e-01  2.8424732000e-01  2.6987247700e-01  2.8353629800e-01
    1.5070000000e+01  2.1173731100e-01  2.1896906100e-01  1.9357648600e-01  2.8297154100e-01  2.6858346300e-01  2.8228352100e-01
    1.5080000000e+01  2.1309441900e-01  2.2045084100e-01  1.9512797900e-01  2.8167868000e-01  2.6728181600e-01  2.8104638300e-01
    1.5090000000e+01  2.1445454300e-01  2.2194798800e-01  1.9666650400e-01  2.8036826600e-01  2.6596921900e-01  2.7982173100e-01
    1.5100000000e+01  2.1582037300e-01  2.2346139200e-01  1.9818994200e-01  2.7904039700e-01  2.6464723200e-01  2.7860583400e-01
    1.5110000000e+01  2.1719451700e-01  2.2499187600e-01  1.9969711500e-01  2.7769572800e-01  2.6331729700e-01  2.7739460900e-01
    1.5120000000e+01  2.1857936300e-01  2.2654029500e-01  2.0118783500e-01  2.7633541300e-01  2.6198078900e-01  2.7618387600e-01
    1.5130000000e+01  2.1997697900e-01  2.2810758900e-01  2.0266288300e-01  2.7496100700e-01  2.6063911100e-01  2.7496960000e-01
    1.5140000000e+01  2.2138905600e-01  2.2969479800e-01  2.0412392500e-01  2.7357437200e-01  2.5929381800e-01  2.7374812500e-01
    1.5150000000e+01  2.2281688200e-01  2.3130299800e-01  2.0557337200e-01  2.7217757100e-01  2.5794674700e-01  2.7251637300e-01
    1.5160000000e+01  2.2426132600e-01  2.3293317600e-01  2.0701419300e-01  2.7077279700e-01  2.5660011100e-01  2.7127199900e-01
    1.5170000000e+01  2.2572284400e-01  2.3458605300e-01  2.0844969200e-01  2.6936229300e-01  2.5525652700e-01  2.7001348500e-01
    1.5180000000e+01  2.2720146100e-01  2.3626190000e-01  2.0988327300e-01  2.6794829300e-01  2.5391896300e-01  2.6874017300e-01
    1.5190000000e+01  2.2869676200e-01  2.3796037700e-01  2.1131819900e-01  2.6653293900e-01  2.5259060400e-01  2.6745222000e-01
    1.5200000000e+01  2.3020789100e-01  2.3968043600e-01  2.1275738200e-01  2.6511818400e-01  2.5127464800e-01  2.6615049400e-01
    1.5210000000e+01  2.3173357400e-01  2.4142030700e-01  2.1420322100e-01  2.6370566100e-01  2.4997407500e-01  2.6483639100e-01
    1.5220000000e+01  2.3327219300e-01  2.4317757200e-01  2.1565750900e-01  2.6229654700e-01  2.4869142400e-01  2.6351162600e-01
    1.5230000000e+01  2.3482192900e-01  2.4494932400e-01  2.1712143100e-01  2.6089143900e-01  2.4742860100e-01  2.6217800000e-01
    1.5240000000e+01  2.3638095500e-01  2.4673237400e-01  2.1859564900e-01  2.5949028000e-01  2.4618676200e-01  2.6083720400e-01
    1.5250000000e+01  2.3794767500e-01  2.4852349500e-01  2.2008044100e-01  2.5809236900e-01  2.4496627600e-01  2.5949067700e-01
    1.5260000000e+01  2.3952094500e-01  2.5031964500e-01  2.2157588500e-01  2.5669646100e-01  2.4376677700e-01  2.5813955800e-01
    1.5270000000e+01  2.4110024800e-01  2.5211815400e-01  2.2308200900e-01  2.5530096300e-01  2.4258727600e-01  2.5678471000e-01
    1.5280000000e+01  2.4268578000e-01  2.5391685900e-01  2.2459890000e-01  2.5390418300e-01  2.4142632000e-01  2.5542680700e-01
    1.5290000000e+01  2.4427842100e-01  2.5571416600e-01  2.2612673200e-01  2.5250459400e-01  2.4028217100e-01  2.5406644400e-01
    1.5300000000e+01  2.4587961400e-01  2.5750907200e-01  2.2766574400e-01  2.5110104600e-01  2.3915297200e-01  2.5270421000e-01
    1.5310000000e+01  2.4749117100e-01  2.5930114100e-01  2.2921618200e-01  2.4969291400e-01  2.3803690800e-01  2.5134072300e-01
    1.5320000000e+01  2.4911506600e-01  2.6109044500e-01  2.3077825000e-01  2.4828014000e-01  2.3693233800e-01  2.4997660300e-01
    1.5330000000e+01  2.5075324500e-01  2.6287749000e-01  2.3235211600e-01  2.4686319200e-01  2.3583792400e-01  2.4861241000e-01
    1.5340000000e+01  2.5240750600e-01  2.6466310400e-01  2.3393796300e-01  2.4544296500e-01  2.3475272400e-01  2.4724860300e-01
    1.5350000000e+01  2.5407944200e-01  2.6644830800e-01  2.3553609500e-01  2.4402067000e-01  2.3367627300e-01  2.4588552600e-01
    1.5360000000e+01  2.5577044800e-01  2.6823416300e-01  2.3714705000e-01  2.4259774500e-01  2.3260861800e-01  2.4452349100e-01
    1.5370000000e+01  2.5748176300e-01  2.7002160000e-01  2.3877166700e-01  2.4117582500e-01  2.3155031300e-01  2.4316291100e-01
    1.5380000000e+01  2.5921448300e-01  2.7181125900e-01  2.4041108100e-01  2.3975674900e-01  2.3050235900e-01  2.4180450300e-01
    1.5390000000e+01  2.6096955600e-01  2.7360334700e-01  2.4206661200e-01  2.3834262000e-01  2.2946609000e-01  2.4044947300e-01
    1.5400000000e+01  2.6274769300e-01  2.7539753100e-01  2.4373956200e-01  2.3693584100e-01  2.2844301400e-01  2.3909966300e-01
    1.5410000000e+01  2.6454925800e-01  2.7719290000e-01  2.4543093700e-01  2.3553912200e-01  2.2743462500e-01  2.3775759600e-01
    1.5420000000e+01  2.6637412200e-01  2.7898798800e-01  2.4714116000e-01  2.3415541100e-01  2.2644220200e-01  2.3642640900e-01
    1.5430000000e+01  2.6822155900e-01  2.8078086300e-01  2.4886980500e-01  2.3278776000e-01  2.2546663900e-01  2.3510966300e-01
    1.5440000000e+01  2.7009019300e-01  2.8256927600e-01  2.5061541300e-01  2.3143913700e-01  2.2450830900e-01  2.3381104700e-01
    1.5450000000e+01  2.7197803400e-01  2.8435082800e-01  2.5237542800e-01  2.3011223200e-01  2.2356699700e-01  2.3253402200e-01
    1.5460000000e+01  2.7388258600e-01  2.8612314800e-01  2.5414626000e-01  2.2880928200e-01  2.2264188000e-01  2.3128145400e-01
    1.5470000000e+01  2.7580100000e-01  2.8788405500e-01  2.5592348500e-01  2.2753197000e-01  2.2173157200e-01  2.3005526800e-01
    1.5480000000e+01  2.7773025200e-01  2.8963169100e-01  2.5770215200e-01  2.2628137300e-01  2.2083419200e-01  2.2885620400e-01
    1.5490000000e+01  2.7966729900e-01  2.9136462400e-01  2.5947716000e-01  2.2505798600e-01  2.1994745700e-01  2.2768367000e-01
    1.5500000000e+01  2.8160920400e-01  2.9308193100e-01  2.6124367000e-01  2.2386177200e-01  2.1906879500e-01  2.2653574500e-01
    1.5510000000e+01  2.8355323500e-01  2.9478325500e-01  2.6299747700e-01  2.2269223300e-01  2.1819545100e-01  2.2540929800e-01
    1.5520000000e+01  2.8549693500e-01  2.9646884600e-01  2.6473533200e-01  2.2154849300e-01  2.1732462400e-01  2.2430022500e-01
    1.5530000000e+01  2.8743817100e-01  2.9813958100e-01  2.6645516200e-01  2.2042937900e-01  2.1645360400e-01  2.2320375500e-01
    1.5540000000e+01  2.8937517700e-01  2.9979694200e-01  2.6815619900e-01  2.1933351400e-01  2.1557992500e-01  2.2211479100e-01
    1.5550000000e+01  2.9130656400e-01  3.0144296600e-01  2.6983900700e-01  2.1825942000e-01  2.1470152000e-01  2.2102827300e-01
    1.5560000000e+01  2.9323130900e-01  3.0308013800e-01  2.7150541700e-01  2.1720562600e-01  2.1381686400e-01  2.1993951400e-01
    1.5570000000e+01  2.9514869700e-01  3.0471125500e-01  2.7315839000e-01  2.1617076400e-01  2.1292509300e-01  2.1884452500e-01
    1.5580000000e+01  2.9705822900e-01  3.0633924700e-01  2.7480179200e-01  2.1515364600e-01  2.1202608000e-01  2.1774028500e-01
    1.5590000000e+01  2.9895951900e-01  3.0796698000e-01  2.7644010400e-01  2.1415328400e-01  2.1112046100e-01  2.1662496000e-01
    1.5600000000e+01  3.0085217900e-01  3.0959705400e-01  2.7807806400e-01  2.1316887000e-01  2.1020961400e-01  2.1549802800e-01
    1.5610000000e+01  3.0273574100e-01  3.1123161300e-01  2.7972028500e-01  2.1219970700e-01  2.0929556900e-01  2.1436029700e-01
    1.5620000000e+01  3.0460961300e-01  3.1287218400e-01  2.8137087200e-01  2.1124510900e-01  2.0838087500e-01  2.1321380200e-01
    1.5630000000e+01  3.0647310000e-01  3.1451954600e-01  2.8303309500e-01  2.1030429200e-01  2.0746843300e-01  2.1206157200e-01
    1.5640000000e+01  3.0832546700e-01  3.1617366400e-01  2.8470916200e-01  2.0937629400e-01  2.0656128800e-01  2.1090731400e-01
    1.5650000000e+01  3.1016604200e-01  3.1783366100e-01  2.8640011400e-01  2.0845992600e-01  2.0566242000e-01  2.0975503700e-01
    1.5660000000e+01  3.1199433700e-01  3.1949785400e-01  2.8810586900e-01  2.0755378100e-01  2.0477451900e-01  2.0860869500e-01
    1.5670000000e+01  3.1381015100e-01  3.2116384100e-01  2.8982535900e-01  2.0665630500e-01  2.0389978400e-01  2.0747188200e-01
    1.5680000000e+01  3.1561363800e-01  3.2282865100e-01  2.9155676000e-01  2.0576590400e-01  2.0303973700e-01  2.0634762200e-01
    1.5690000000e+01  3.1740532100e-01  3.2448893900e-01  2.9329773400e-01  2.0488107300e-01  2.0219508200e-01  2.0523826600e-01
    1.5700000000e+01  3.1918604700e-01  3.2614122600e-01  2.9504565100e-01  2.0400052200e-01  2.0136562700e-01  2.0414547500e-01
    1.5710000000e+01  3.2095691800e-01  3.2778215700e-01  2.9679777800e-01  2.0312326500e-01  2.0055028400e-01  2.0307026000e-01
    1.5720000000e+01  3.2271918200e-01  3.2940874800e-01  2.9855140200e-01  2.0224868300e-01  1.9974715400e-01  2.0201306300e-01
    1.5730000000e+01  3.2447414000e-01  3.3101859000e-01  3.0030392500e-01  2.0137655400e-01  1.9895368800e-01  2.0097382900e-01
    1.5740000000e+01  3.2622303300e-01  3.3260996800e-01  3.0205291900e-01  2.0050705900e-01  1.9816690900e-01  1.9995208900e-01
    1.5750000000e+01  3.2796694000e-01  3.3418190000e-01  3.0379616600e-01  1.9964077100e-01  1.9738364300e-01  1.9894702800e-01
    1.5760000000e+01  3.2970666000e-01  3.3573408100e-01  3.0553168400e-01  1.9877862200e-01  1.9660072300e-01  1.9795755000e-01
    1.5770000000e+01  3.3144258800e-01  3.3726677200e-01  3.0725772500e-01  1.9792182200e-01  1.9581513400e-01  1.9698234000e-01
    1.5780000000e+01  3.3317461500e-01  3.3878067000e-01  3.0897277600e-01  1.9707173300e-01  1.9502408400e-01  1.9601990600e-01
    1.5790000000e+01  3.3490207400e-01  3.4027680200e-01  3.1067554100e-01  1.9622968700e-01  1.9422500300e-01  1.9506861200e-01
    1.5800000000e+01  3.3662375500e-01  3.4175646600e-01  3.1236493300e-01  1.9539678600e-01  1.9341551400e-01  1.9412668100e-01
    1.5810000000e+01  3.3833801900e-01  3.4322122700e-01  3.1404007200e-01  1.9457371200e-01  1.9259339600e-01  1.9319219100e-01
    1.5820000000e+01  3.4004297500e-01  3.4467296000e-01  3.1570032300e-01  1.9376059800e-01  1.9175659300e-01  1.9226306500e-01
    1.5830000000e+01  3.4173670600e-01  3.4611388600e-01  3.1734534800e-01  1.9295698900e-01  1.9090327000e-01  1.9133706700e-01
    1.5840000000e+01  3.4341747300e-01  3.4754658900e-01  3.1897518100e-01  1.9216190500e-01  1.9003191100e-01  1.9041184100e-01
    1.5850000000e+01  3.4508386700e-01  3.4897397900e-01  3.2059030800e-01  1.9137398800e-01  1.8914145700e-01  1.8948497900e-01
    1.5860000000e+01  3.4673486800e-01  3.5039918000e-01  3.2219171900e-01  1.9059167500e-01  1.8823142100e-01  1.8855414300e-01
    1.5870000000e+01  3.4836981200e-01  3.5182537300e-01  3.2378092300e-01  1.8981337300e-01  1.8730197000e-01  1.8761721200e-01
    1.5880000000e+01  3.4998828900e-01  3.5325559700e-01  3.2535990200e-01  1.8903756800e-01  1.8635393500e-01  1.8667244900e-01
    1.5890000000e+01  3.5159001500e-01  3.5469256400e-01  3.2693099600e-01  1.8826286500e-01  1.8538874600e-01  1.8571865000e-01
    1.5900000000e+01  3.5317471400e-01  3.5613850200e-01  3.2849674200e-01  1.8748794500e-01  1.8440829600e-01  1.8475524800e-01
    1.5910000000e+01  3.5474204900e-01  3.5759506900e-01  3.3005967400e-01  1.8671146900e-01  1.8341476600e-01  1.8378236700e-01
    1.5920000000e+01  3.5629163400e-01  3.5906333800e-01  3.3162210900e-01  1.8593195700e-01  1.8241043300e-01  1.8280079200e-01
    1.5930000000e+01  3.5782309600e-01  3.6054385700e-01  3.3318596000e-01  1.8514769400e-01  1.8139750700e-01  1.8181188000e-01
    1.5940000000e+01  3.5933619900e-01  3.6203675500e-01  3.3475257900e-01  1.8435666800e-01  1.8037801700e-01  1.8081741500e-01
    1.5950000000e+01  3.6083098400e-01  3.6354185500e-01  3.3632265700e-01  1.8355658500e-01  1.7935375900e-01  1.7981941900e-01
    1.5960000000e+01  3.6230789000e-01  3.6505878000e-01  3.3789617900e-01  1.8274493200e-01  1.7832630100e-01  1.7881994000e-01
    1.5970000000e+01  3.6376785400e-01  3.6658701500e-01  3.3947244700e-01  1.8191909400e-01  1.7729701100e-01  1.7782083700e-01
    1.5980000000e+01  3.6521236300e-01  3.6812593400e-01  3.4105017300e-01  1.8107649100e-01  1.7626709100e-01  1.7682357600e-01
    1.5990000000e+01  3.6664346500e-01  3.6967480300e-01  3.4262762200e-01  1.8021473800e-01  1.7523759100e-01  1.7582906200e-01
    1.6000000000e+01  3.6806372600e-01  3.7123277700e-01  3.4420282500e-01  1.7933180200e-01  1.7420940400e-01  1.7483752200e-01
    1.6010000000e+01  3.6947615000e-01  3.7279891700e-01  3.4577380200e-01  1.7842615400e-01  1.7318324100e-01  1.7384846400e-01
    1.6020000000e+01  3.7088404100e-01  3.7437221500e-01  3.4733880400e-01  1.7749690000e-01  1.7215960900e-01  1.7286071900e-01
    1.6030000000e+01  3.7229082200e-01  3.7595164500e-01  3.4889651600e-01  1.7654387500e-01  1.7113881200e-01  1.7187256800e-01
    1.6040000000e+01  3.7369980800e-01  3.7753619600e-01  3.5044620300e-01  1.7556766800e-01  1.7012096300e-01  1.7088192700e-01
    1.6050000000e+01  3.7511398000e-01  3.7912488900e-01  3.5198776500e-01  1.7456957500e-01  1.6910601500e-01  1.6988656900e-01
    1.6060000000e+01  3.7653577000e-01  3.8071677700e-01  3.5352171100e-01  1.7355145400e-01  1.6809378200e-01  1.6888434200e-01
    1.6070000000e+01  3.7796692100e-01  3.8231092400e-01  3.5504905100e-01  1.7251552000e-01  1.6708394400e-01  1.6787334000e-01
    1.6080000000e+01  3.7940841800e-01  3.8390638400e-01  3.5657114900e-01  1.7146409300e-01  1.6607601100e-01  1.6685200400e-01
    1.6090000000e+01  3.8086052900e-01  3.8550221200e-01  3.5808956900e-01  1.7039933900e-01  1.6506927300e-01  1.6581914800e-01
    1.6100000000e+01  3.8232292600e-01  3.8709751600e-01  3.5960595300e-01  1.6932305700e-01  1.6406273000e-01  1.6477392200e-01
    1.6110000000e+01  3.8379487500e-01  3.8869155200e-01  3.6112195500e-01  1.6823652200e-01  1.6305503900e-01  1.6371575400e-01
    1.6120000000e+01  3.8527544500e-01  3.9028386500e-01  3.6263921500e-01  1.6714042200e-01  1.6204451600e-01  1.6264428600e-01
    1.6130000000e+01  3.8676372800e-01  3.9187444200e-01  3.6415937000e-01  1.6603485900e-01  1.6102919300e-01  1.6155934500e-01
    1.6140000000e+01  3.8825901100e-01  3.9346384300e-01  3.6568406000e-01  1.6491943000e-01  1.6000695200e-01  1.6046094100e-01
    1.6150000000e+01  3.8976090700e-01  3.9505327900e-01  3.6721492200e-01  1.6379334200e-01  1.5897571900e-01  1.5934928900e-01
    1.6160000000e+01  3.9126943100e-01  3.9664461000e-01  3.6875354800e-01  1.6265554400e-01  1.5793368900e-01  1.5822482500e-01
    1.6170000000e+01  3.9278503000e-01  3.9824025400e-01  3.7030143800e-01  1.6150485000e-01  1.5687954400e-01  1.5708820500e-01
    1.6180000000e+01  3.9430859000e-01  3.9984301400e-01  3.7185995000e-01  1.6034005600e-01  1.5581263400e-01  1.5594027400e-01
    1.6190000000e+01  3.9584142200e-01  4.0145585000e-01  3.7343027000e-01  1.5916002900e-01  1.5473307900e-01  1.5478201700e-01
    1.6200000000e+01  3.9738525100e-01  4.0308161800e-01  3.7501340600e-01  1.5796379900e-01  1.5364178200e-01  1.5361451300e-01
    1.6210000000e+01  3.9894219500e-01  4.0472283400e-01  3.7661021400e-01  1.5675064600e-01  1.5254034900e-01  1.5243890100e-01
    1.6220000000e+01  4.0051473600e-01  4.0638148300e-01  3.7822140300e-01  1.5552020500e-01  1.5143093800e-01  1.5125637400e-01
    1.6230000000e+01  4.0210566300e-01  4.0805888900e-01  3.7984754600e-01  1.5427258200e-01  1.5031605100e-01  1.5006818300e-01
    1.6240000000e+01  4.0371796700e-01  4.0975567400e-01  3.8148905200e-01  1.5300846900e-01  1.4919830400e-01  1.4887565100e-01
    1.6250000000e+01  4.0535468900e-01  4.1147179500e-01  3.8314612200e-01  1.5172923800e-01  1.4808020900e-01  1.4768015500e-01
    1.6260000000e+01  4.0701871600e-01  4.1320664200e-01  3.8481870500e-01  1.5043698600e-01  1.4696399100e-01  1.4648308700e-01
    1.6270000000e+01  4.0871256300e-01  4.1495919500e-01  3.8650646500e-01  1.4913450400e-01  1.4585145400e-01  1.4528577500e-01
    1.6280000000e+01  4.1043815900e-01  4.1672818900e-01  3.8820878700e-01  1.4782516400e-01  1.4474391800e-01  1.4408939400e-01
    1.6290000000e+01  4.1219668500e-01  4.1851229400e-01  3.8992482200e-01  1.4651273100e-01  1.4364220600e-01  1.4289486500e-01
    1.6300000000e+01  4.1398849100e-01  4.2031026900e-01  3.9165356800e-01  1.4520112200e-01  1.4254670100e-01  1.4170278500e-01
    1.6310000000e+01  4.1581310200e-01  4.2212107300e-01  3.9339398700e-01  1.4389416200e-01  1.4145743200e-01  1.4051338300e-01
    1.6320000000e+01  4.1766930600e-01  4.2394394900e-01  3.9514511400e-01  1.4259536100e-01  1.4037418800e-01  1.3932652500e-01
    1.6330000000e+01  4.1955530900e-01  4.2577844500e-01  3.9690617400e-01  1.4130774800e-01  1.3929664000e-01  1.3814175600e-01
    1.6340000000e+01  4.2146891500e-01  4.2762441500e-01  3.9867666500e-01  1.4003377000e-01  1.3822445000e-01  1.3695837800e-01
    1.6350000000e+01  4.2340772400e-01  4.2948197600e-01  4.0045641100e-01  1.3877526900e-01  1.3715736800e-01  1.3577554300e-01
    1.6360000000e+01  4.2536929100e-01  4.3135145200e-01  4.0224557900e-01  1.3753351000e-01  1.3609531100e-01  1.3459235700e-01
    1.6370000000e+01  4.2735126200e-01  4.3323330000e-01  4.0404466800e-01  1.3630925800e-01  1.3503841300e-01  1.3340796900e-01
    1.6380000000e+01  4.2935146000e-01  4.3512802500e-01  4.0585447700e-01  1.3510287500e-01  1.3398705400e-01  1.3222164500e-01
    1.6390000000e+01  4.3136792600e-01  4.3703609000e-01  4.0767606600e-01  1.3391441400e-01  1.3294186700e-01  1.3103282300e-01
    1.6400000000e+01  4.3339893300e-01  4.3895783700e-01  4.0951071800e-01  1.3274370900e-01  1.3190370700e-01  1.2984115600e-01
    1.6410000000e+01  4.3544298100e-01  4.4089341100e-01  4.1135991300e-01  1.3159043800e-01  1.3087360600e-01  1.2864655800e-01
    1.6420000000e+01  4.3749878200e-01  4.4284271200e-01  4.1322528500e-01  1.3045418000e-01  1.2985270400e-01  1.2744925200e-01
    1.6430000000e+01  4.3956524200e-01  4.4480536600e-01  4.1510856800e-01  1.2933445700e-01  1.2884216500e-01  1.2624983600e-01
    1.6440000000e+01  4.4164144000e-01  4.4678072600e-01  4.1701150700e-01  1.2823076800e-01  1.2784309800e-01  1.2504933500e-01
    1.6450000000e+01  4.4372660200e-01  4.4876789800e-01  4.1893573700e-01  1.2714261700e-01  1.2685647000e-01  1.2384923100e-01
    1.6460000000e+01  4.4582006500e-01  4.5076579300e-01  4.2088264000e-01  1.2606953700e-01  1.2588305100e-01  1.2265145000e-01
    1.6470000000e+01  4.4792124700e-01  4.5277318700e-01  4.2285320500e-01  1.2501108700e-01  1.2492336300e-01  1.2145828500e-01
    1.6480000000e+01  4.5002961100e-01  4.5478879000e-01  4.2484792400e-01  1.2396684300e-01  1.2397766000e-01  1.2027227300e-01
    1.6490000000e+01  4.5214465500e-01  4.5681132500e-01  4.2686673600e-01  1.2293637400e-01  1.2304592200e-01  1.1909603200e-01
    1.6500000000e+01  4.5426591500e-01  4.5883958400e-01  4.2890903600e-01  1.2191921500e-01  1.2212787900e-01  1.1793209600e-01
    1.6510000000e+01  4.5639298500e-01  4.6087249100e-01  4.3097375000e-01  1.2091484700e-01  1.2122303100e-01  1.1678276200e-01
    1.6520000000e+01  4.5852555000e-01  4.6290914800e-01  4.3305944500e-01  1.1992269700e-01  1.2033069900e-01  1.1564999800e-01
    1.6530000000e+01  4.6066341800e-01  4.6494886600e-01  4.3516446100e-01  1.1894216000e-01  1.1945007500e-01  1.1453538800e-01
    1.6540000000e+01  4.6280653900e-01  4.6699118200e-01  4.3728703100e-01  1.1797263000e-01  1.1858027700e-01  1.1344014000e-01
    1.6550000000e+01  4.6495499700e-01  4.6903586700e-01  4.3942537100e-01  1.1701354000e-01  1.1772041100e-01  1.1236512800e-01
    1.6560000000e+01  4.6710900200e-01  4.7108290500e-01  4.4157774100e-01  1.1606440400e-01  1.1686962400e-01  1.1131094600e-01
    1.6570000000e+01  4.6926885100e-01  4.7313246900e-01  4.4374246400e-01  1.1512483200e-01  1.1602715400e-01  1.1027796400e-01
    1.6580000000e+01  4.7143490300e-01  4.7518488500e-01  4.4591793300e-01  1.1419453900e-01  1.1519235800e-01  1.0926636700e-01
    1.6590000000e+01  4.7360755000e-01  4.7724059200e-01  4.4810260200e-01  1.1327333300e-01  1.1436474300e-01  1.0827616800e-01
    1.6600000000e+01  4.7578721500e-01  4.7930009900e-01  4.5029499700e-01  1.1236110800e-01  1.1354397200e-01  1.0730721300e-01
    1.6610000000e+01  4.7797435000e-01  4.8136394500e-01  4.5249372900e-01  1.1145783700e-01  1.1272986900e-01  1.0635917900e-01
    1.6620000000e+01  4.8016944600e-01  4.8343266500e-01  4.5469753100e-01  1.1056357300e-01  1.1192241200e-01  1.0543158000e-01
    1.6630000000e+01  4.8237304000e-01  4.8550675200e-01  4.5690528600e-01  1.0967848000e-01  1.1112171700e-01  1.0452378400e-01
    1.6640000000e+01  4.8458570300e-01  4.8758663100e-01  4.5911606500e-01  1.0880286400e-01  1.1032802400e-01  1.0363505600e-01
    1.6650000000e+01  4.8680800800e-01  4.8967263700e-01  4.6132914100e-01  1.0793720700e-01  1.0954167100e-01  1.0276460300e-01
    1.6660000000e+01  4.8904046900e-01  4.9176498600e-01  4.6354398500e-01  1.0708219600e-01  1.0876306000e-01  1.0191163000e-01
    1.6670000000e+01  4.9128347500e-01  4.9386377400e-01  4.6576024600e-01  1.0623871300e-01  1.0799262600e-01  1.0107538000e-01
    1.6680000000e+01  4.9353721100e-01  4.9596896700e-01  4.6797772300e-01  1.0540780600e-01  1.0723079100e-01  1.0025517200e-01
    1.6690000000e+01  4.9580160600e-01  4.9808041900e-01  4.7019632600e-01  1.0459061500e-01  1.0647791400e-01  9.9450412000e-02
    1.6700000000e+01  4.9807631100e-01  5.0019791100e-01  4.7241605600e-01  1.0378828400e-01  1.0573426000e-01  9.8660597000e-02
    1.6710000000e+01  5.0036071100e-01  5.0232119900e-01  4.7463698600e-01  1.0300187300e-01  1.0499996600e-01  9.7885317000e-02
    1.6720000000e+01  5.0265398100e-01  5.0445008500e-01  4.7685925300e-01  1.0223227500e-01  1.0427505200e-01  9.7124260000e-02
    1.6730000000e+01  5.0495516400e-01  5.0658447700e-01  4.7908305100e-01  1.0148017900e-01  1.0355945000e-01  9.6377229000e-02
    1.6740000000e+01  5.0726324900e-01  5.0872442900e-01  4.8130861000e-01  1.0074606200e-01  1.0285306800e-01  9.5644163000e-02
    1.6750000000e+01  5.0957724500e-01  5.1087015600e-01  4.8353616300e-01  1.0003022000e-01  1.0215588100e-01  9.4925166000e-02
    1.6760000000e+01  5.1189621600e-01  5.1302199700e-01  4.8576589200e-01  9.9332821000e-02  1.0146800500e-01  9.4220511000e-02
    1.6770000000e+01  5.1421929100e-01  5.1518034700e-01  4.8799786500e-01  9.8653962000e-02  1.0078976800e-01  9.3530637000e-02
    1.6780000000e+01  5.1654564300e-01  5.1734556100e-01  4.9023197600e-01  9.7993714000e-02  1.0012173700e-01  9.2856104000e-02
    1.6790000000e+01  5.1887444400e-01  5.1951785000e-01  4.9246790200e-01  9.7352145000e-02  9.9464700000e-02  9.2197529000e-02
    1.6800000000e+01  5.2120482400e-01  5.2169719600e-01  4.9470509400e-01  9.6729315000e-02  9.8819614000e-02  9.1555511000e-02
    1.6810000000e+01  5.2353583400e-01  5.2388329000e-01  4.9694279700e-01  9.6125237000e-02  9.8187510000e-02  9.0930552000e-02
    1.6820000000e+01  5.2586644300e-01  5.2607551600e-01  4.9918009300e-01  9.5539834000e-02  9.7569398000e-02  9.0323003000e-02
    1.6830000000e+01  5.2819554800e-01  5.2827296900e-01  5.0141596200e-01  9.4972884000e-02  9.6966164000e-02  8.9733028000e-02
    1.6840000000e+01  5.3052202500e-01  5.3047450100e-01  5.0364934100e-01  9.4423979000e-02  9.6378493000e-02  8.9160598000e-02
    1.6850000000e+01  5.3284478600e-01  5.3267879000e-01  5.0587917400e-01  9.3892513000e-02  9.5806805000e-02  8.8605501000e-02
    1.6860000000e+01  5.3516284300e-01  5.3488442200e-01  5.0810444800e-01  9.3377697000e-02  9.5251227000e-02  8.8067361000e-02
    1.6870000000e+01  5.3747536100e-01  5.3708996000e-01  5.1032422000e-01  9.2878596000e-02  9.4711581000e-02  8.7545661000e-02
    1.6880000000e+01  5.3978167400e-01  5.3929402900e-01  5.1253763700e-01  9.2394193000e-02  9.4187394000e-02  8.7039772000e-02
    1.6890000000e+01  5.4208128400e-01  5.4149537700e-01  5.1474394700e-01  9.1923443000e-02  9.3677928000e-02  8.6548974000e-02
    1.6900000000e+01  5.4437382700e-01  5.4369293200e-01  5.1694250700e-01  9.1465316000e-02  9.3182226000e-02  8.6072483000e-02
    1.6910000000e+01  5.4665902600e-01  5.4588584100e-01  5.1913277900e-01  9.1018817000e-02  9.2699170000e-02  8.5609485000e-02
    1.6920000000e+01  5.4893664500e-01  5.4807348400e-01  5.2131431600e-01  9.0582964000e-02  9.2227546000e-02  8.5159151000e-02
    1.6930000000e+01  5.5120646600e-01  5.5025546700e-01  5.2348674000e-01  9.0156750000e-02  9.1766104000e-02  8.4720653000e-02
    1.6940000000e+01  5.5346829900e-01  5.5243159200e-01  5.2564971800e-01  8.9739088000e-02  9.1313606000e-02  8.4293162000e-02
    1.6950000000e+01  5.5572203000e-01  5.5460182600e-01  5.2780294700e-01  8.9328763000e-02  9.0868844000e-02  8.3875824000e-02
    1.6960000000e+01  5.5796769600e-01  5.5676627100e-01  5.2994616300e-01  8.8924421000e-02  9.0430645000e-02  8.3467733000e-02
    1.6970000000e+01  5.6020557100e-01  5.5892515100e-01  5.3207915700e-01  8.8524594000e-02  8.9997862000e-02  8.3067911000e-02
    1.6980000000e+01  5.6243624100e-01  5.6107882100e-01  5.3420182400e-01  8.8127771000e-02  8.9569358000e-02  8.2675299000e-02
    1.6990000000e+01  5.6466064100e-01  5.6322778900e-01  5.3631420800e-01  8.7732505000e-02  8.9144016000e-02  8.2288774000e-02
    1.7000000000e+01  5.6688005100e-01  5.6537275100e-01  5.3841653700e-01  8.7337539000e-02  8.8720758000e-02  8.1907192000e-02
    1.7010000000e+01  5.6909603100e-01  5.6751460400e-01  5.4050924900e-01  8.6941923000e-02  8.8298601000e-02  8.1529454000e-02
    1.7020000000e+01  5.7131032100e-01  5.6965445000e-01  5.4259297200e-01  8.6545092000e-02  8.7876721000e-02  8.1154574000e-02
    1.7030000000e+01  5.7352470700e-01  5.7179355900e-01  5.4466848600e-01  8.6146921000e-02  8.7454524000e-02  8.0781748000e-02
    1.7040000000e+01  5.7574088200e-01  5.7393329600e-01  5.4673664600e-01  8.5747705000e-02  8.7031712000e-02  8.0410390000e-02
    1.7050000000e+01  5.7796032400e-01  5.7607503200e-01  5.4879830100e-01  8.5348104000e-02  8.6608307000e-02  8.0040150000e-02
    1.7060000000e+01  5.8018419900e-01  5.7822002900e-01  5.5085420500e-01  8.4949045000e-02  8.6184645000e-02  7.9670876000e-02
    1.7070000000e+01  5.8241331600e-01  5.8036934600e-01  5.5290495300e-01  8.4551593000e-02  8.5761319000e-02  7.9302553000e-02
    1.7080000000e+01  5.8464812700e-01  5.8252376700e-01  5.5495095000e-01  8.4156828000e-02  8.5339089000e-02  7.8935214000e-02
    1.7090000000e+01  5.8688877800e-01  5.8468377100e-01  5.5699242200e-01  8.3765729000e-02  8.4918764000e-02  7.8568849000e-02
    1.7100000000e+01  5.8913519200e-01  5.8684956000e-01  5.5902947000e-01  8.3379105000e-02  8.4501097000e-02  7.8203324000e-02
    1.7110000000e+01  5.9138716500e-01  5.8902111600e-01  5.6106214500e-01  8.2997560000e-02  8.4086685000e-02  7.7838336000e-02
    1.7120000000e+01  5.9364445500e-01  5.9119829500e-01  5.6309054100e-01  8.2621506000e-02  8.3675927000e-02  7.7473407000e-02
    1.7130000000e+01  5.9590683900e-01  5.9338092700e-01  5.6511487800e-01  8.2251211000e-02  8.3269008000e-02  7.7107915000e-02
    1.7140000000e+01  5.9817414300e-01  5.9556889200e-01  5.6713555800e-01  8.1886848000e-02  8.2865930000e-02  7.6741158000e-02
    1.7150000000e+01  6.0044623100e-01  5.9776218500e-01  5.6915319700e-01  8.1528545000e-02  8.2466572000e-02  7.6372428000e-02
    1.7160000000e+01  6.0272298600e-01  5.9996093700e-01  5.7116861500e-01  8.1176407000e-02  8.2070755000e-02  7.6001095000e-02
    1.7170000000e+01  6.0500427600e-01  6.0216541100e-01  5.7318280900e-01  8.0830520000e-02  8.1678305000e-02  7.5626673000e-02
    1.7180000000e+01  6.0728993700e-01  6.0437597600e-01  5.7519689700e-01  8.0490930000e-02  8.1289109000e-02  7.5248869000e-02
    1.7190000000e+01  6.0957977100e-01  6.0659306200e-01  5.7721205600e-01  8.0157615000e-02  8.0903139000e-02  7.4867611000e-02
    1.7200000000e+01  6.1187355700e-01  6.0881710900e-01  5.7922945800e-01  7.9830456000e-02  8.0520466000e-02  7.4483058000e-02
    1.7210000000e+01  6.1417108400e-01  6.1104852600e-01  5.8125020500e-01  7.9509212000e-02  8.0141244000e-02  7.4095579000e-02
    1.7220000000e+01  6.1647218700e-01  6.1328765500e-01  5.8327527800e-01  7.9193511000e-02  7.9765673000e-02  7.3705724000e-02
    1.7230000000e+01  6.1877679400e-01  6.1553476200e-01  5.8530550600e-01  7.8882847000e-02  7.9393956000e-02  7.3314171000e-02
    1.7240000000e+01  6.2108497500e-01  6.1779005200e-01  5.8734154300e-01  7.8576606000e-02  7.9026252000e-02  7.2921676000e-02
    1.7250000000e+01  6.2339698100e-01  6.2005370200e-01  5.8938388200e-01  7.8274097000e-02  7.8662643000e-02  7.2529023000e-02
    1.7260000000e+01  6.2571327500e-01  6.2232591700e-01  5.9143287500e-01  7.7974609000e-02  7.8303125000e-02  7.2136983000e-02
    1.7270000000e+01  6.2803454700e-01  6.2460697500e-01  5.9348876500e-01  7.7677472000e-02  7.7947623000e-02  7.1746297000e-02
    1.7280000000e+01  6.3036169800e-01  6.2689726600e-01  5.9555171200e-01  7.7382131000e-02  7.7596028000e-02  7.1357675000e-02
    1.7290000000e+01  6.3269580300e-01  6.2919730900e-01  5.9762180800e-01  7.7088203000e-02  7.7248255000e-02  7.0971805000e-02
    1.7300000000e+01  6.3503805300e-01  6.3150773900e-01  5.9969907600e-01  7.6795524000e-02  7.6904293000e-02  7.0589367000e-02
    1.7310000000e+01  6.3738968600e-01  6.3382927600e-01  6.0178345100e-01  7.6504170000e-02  7.6564255000e-02  7.0211035000e-02
    1.7320000000e+01  6.3975191800e-01  6.3616267400e-01  6.0387477000e-01  7.6214449000e-02  7.6228404000e-02  6.9837468000e-02
    1.7330000000e+01  6.4212588300e-01  6.3850866200e-01  6.0597274800e-01  7.5926877000e-02  7.5897159000e-02  6.9469277000e-02
    1.7340000000e+01  6.4451258900e-01  6.4086789200e-01  6.0807698800e-01  7.5642128000e-02  7.5571075000e-02  6.9106993000e-02
    1.7350000000e+01  6.4691290100e-01  6.4324089100e-01  6.1018699100e-01  7.5360992000e-02  7.5250805000e-02  6.8751026000e-02
    1.7360000000e+01  6.4932753200e-01  6.4562803600e-01  6.1230219600e-01  7.5084322000e-02  7.4937042000e-02  6.8401636000e-02
    1.7370000000e+01  6.5175706100e-01  6.4802955800e-01  6.1442202700e-01  7.4812999000e-02  7.4630456000e-02  6.8058914000e-02
    1.7380000000e+01  6.5420194300e-01  6.5044556700e-01  6.1654593700e-01  7.4547909000e-02  7.4331637000e-02  6.7722791000e-02
    1.7390000000e+01  6.5666252600e-01  6.5287610500e-01  6.1867346100e-01  7.4289926000e-02  7.4041055000e-02  6.7393052000e-02
    1.7400000000e+01  6.5913906100e-01  6.5532120600e-01  6.2080424300e-01  7.4039908000e-02  7.3759051000e-02  6.7069383000e-02
    1.7410000000e+01  6.6163169900e-01  6.5778095200e-01  6.2293804900e-01  7.3798681000e-02  7.3485845000e-02  6.6751410000e-02
    1.7420000000e+01  6.6414049100e-01  6.6025552300e-01  6.2507476100e-01  7.3567024000e-02  7.3221580000e-02  6.6438742000e-02
    1.7430000000e+01  6.6666539500e-01  6.6274520800e-01  6.2721435100e-01  7.3345643000e-02  7.2966368000e-02  6.6131003000e-02
    1.7440000000e+01  6.6920628800e-01  6.6525040900e-01  6.2935685000e-01  7.3135131000e-02  7.2720338000e-02  6.5827850000e-02
    1.7450000000e+01  6.7176300000e-01  6.6777161100e-01  6.3150231600e-01  7.2935943000e-02  7.2483671000e-02  6.5528958000e-02
    1.7460000000e+01  6.7433536300e-01  6.7030935700e-01  6.3365080800e-01  7.2748370000e-02  7.2256617000e-02  6.5234008000e-02
    1.7470000000e+01  6.7692326600e-01  6.7286421000e-01  6.3580238100e-01  7.2572541000e-02  7.2039495000e-02  6.4942642000e-02
    1.7480000000e+01  6.7952670900e-01  6.7543673700e-01  6.3795710100e-01  7.2408438000e-02  7.1832676000e-02  6.4654432000e-02
    1.7490000000e+01  6.8214586100e-01  6.7802749900e-01  6.4011508400e-01  7.2255930000e-02  7.1636559000e-02  6.4368850000e-02
    1.7500000000e+01  6.8478108700e-01  6.8063705900e-01  6.4227654900e-01  7.2114831000e-02  7.1451555000e-02  6.4085257000e-02
    1.7510000000e+01  6.8743296500e-01  6.8326600100e-01  6.4444188100e-01  7.1984956000e-02  7.1278067000e-02  6.3802919000e-02
    1.7520000000e+01  6.9010228800e-01  6.8591495500e-01  6.4661168000e-01  7.1866183000e-02  7.1116491000e-02  6.3521056000e-02
    1.7530000000e+01  6.9279003100e-01  6.8858462300e-01  6.4878680400e-01  7.1758510000e-02  7.0967228000e-02  6.3238906000e-02
    1.7540000000e+01  6.9549732000e-01  6.9127579700e-01  6.5096837600e-01  7.1662091000e-02  7.0830705000e-02  6.2955807000e-02
    1.7550000000e+01  6.9822538200e-01  6.9398936900e-01  6.5315775900e-01  7.1577264000e-02  7.0707409000e-02  6.2671282000e-02
    1.7560000000e+01  7.0097549600e-01  6.9672632400e-01  6.5535651000e-01  7.1504553000e-02  7.0597914000e-02  6.2385114000e-02
    1.7570000000e+01  7.0374896000e-01  6.9948772800e-01  6.5756630200e-01  7.1444657000e-02  7.0502911000e-02  6.2097399000e-02
    1.7580000000e+01  7.0654705900e-01  7.0227469600e-01  6.5978883200e-01  7.1398422000e-02  7.0423221000e-02  6.1808568000e-02
    1.7590000000e+01  7.0937106300e-01  7.0508837900e-01  6.6202573300e-01  7.1366814000e-02  7.0359798000e-02  6.1519380000e-02
    1.7600000000e+01  7.1222223900e-01  7.0792994200e-01  6.6427849500e-01  7.1350896000e-02  7.0313727000e-02  6.1230882000e-02
    1.7610000000e+01  7.1510187100e-01  7.1080056000e-01  6.6654840200e-01  7.1351823000e-02  7.0286210000e-02  6.0944354000e-02
    1.7620000000e+01  7.1801129300e-01  7.1370142200e-01  6.6883650000e-01  7.1370849000e-02  7.0278568000e-02  6.0661240000e-02
    1.7630000000e+01  7.2095190800e-01  7.1663373900e-01  6.7114358900e-01  7.1409365000e-02  7.0292237000e-02  6.0383074000e-02
    1.7640000000e+01  7.2392519300e-01  7.1959875800e-01  6.7347023100e-01  7.1468940000e-02  7.0328790000e-02  6.0111428000e-02
    1.7650000000e+01  7.2693267600e-01  7.2259776500e-01  6.7581677100e-01  7.1551379000e-02  7.0389957000e-02  5.9847852000e-02
    1.7660000000e+01  7.2997589100e-01  7.2563207500e-01  6.7818337300e-01  7.1658763000e-02  7.0477657000e-02  5.9593845000e-02
    1.7670000000e+01  7.3305631900e-01  7.2870302200e-01  6.8057005000e-01  7.1793468000e-02  7.0594033000e-02  5.9350828000e-02
    1.7680000000e+01  7.3617531400e-01  7.3181192200e-01  6.8297670300e-01  7.1958166000e-02  7.0741471000e-02  5.9120124000e-02
    1.7690000000e+01  7.3933404400e-01  7.3496004500e-01  6.8540315400e-01  7.2155784000e-02  7.0922623000e-02  5.8902957000e-02
    1.7700000000e+01  7.4253346100e-01  7.3814857300e-01  6.8784918600e-01  7.2389454000e-02  7.1140419000e-02  5.8700453000e-02
    1.7710000000e+01  7.4577428400e-01  7.4137856100e-01  6.9031456800e-01  7.2662453000e-02  7.1398062000e-02  5.8513653000e-02
    1.7720000000e+01  7.4905703200e-01  7.4465090300e-01  6.9279908300e-01  7.2978152000e-02  7.1699025000e-02  5.8343531000e-02
    1.7730000000e+01  7.5238205700e-01  7.4796629600e-01  6.9530254600e-01  7.3339990000e-02  7.2047041000e-02  5.8191022000e-02
    1.7740000000e+01  7.5574959700e-01  7.5132521500e-01  6.9782481100e-01  7.3751475000e-02  7.2446086000e-02  5.8057048000e-02
    1.7750000000e+01  7.5915982000e-01  7.5472788800e-01  7.0036576600e-01  7.4216213000e-02  7.2900357000e-02  5.7942549000e-02
    1.7760000000e+01  7.6261284500e-01  7.5817428200e-01  7.0292533200e-01  7.4737963000e-02  7.3414264000e-02  5.7848504000e-02
    1.7770000000e+01  7.6610874200e-01  7.6166409100e-01  7.0550343700e-01  7.5320704000e-02  7.3992405000e-02  5.7775959000e-02
    1.7780000000e+01  7.6964749800e-01  7.6519672800e-01  7.0810000200e-01  7.5968701000e-02  7.4639565000e-02  5.7726038000e-02
    1.7790000000e+01  7.7322896600e-01  7.6877132000e-01  7.1071490700e-01  7.6686564000e-02  7.5360715000e-02  5.7699956000e-02
    1.7800000000e+01  7.7685278000e-01  7.7238669400e-01  7.1334796700e-01  7.7479290000e-02  7.6161017000e-02  5.7699016000e-02
    1.7810000000e+01  7.8051827400e-01  7.7604136300e-01  7.1599889600e-01  7.8352283000e-02  7.7045841000e-02  5.7724602000e-02
    1.7820000000e+01  7.8422438200e-01  7.7973348600e-01  7.1866728900e-01  7.9311350000e-02  7.8020784000e-02  5.7778155000e-02
    1.7830000000e+01  7.8796955100e-01  7.8346082900e-01  7.2135259800e-01  8.0362681000e-02  7.9091689000e-02  5.7861145000e-02
    1.7840000000e+01  7.9175165400e-01  7.8722070300e-01  7.2405413600e-01  8.1512810000e-02  8.0264658000e-02  5.7975042000e-02
    1.7850000000e+01  7.9556792000e-01  7.9100988800e-01  7.2677108000e-01  8.2768569000e-02  8.1546054000e-02  5.8121281000e-02
    1.7860000000e+01  7.9941485600e-01  7.9482454700e-01  7.2950249000e-01  8.4137034000e-02  8.2942495000e-02  5.8301239000e-02
    1.7870000000e+01  8.0328818800e-01  7.9866012500e-01  7.3224733900e-01  8.5625470000e-02  8.4460824000e-02  5.8516225000e-02
    1.7880000000e+01  8.0718278200e-01  8.0251124700e-01  7.3500453200e-01  8.7241263000e-02  8.6108060000e-02  5.8767472000e-02
    1.7890000000e+01  8.1109258400e-01  8.0637160700e-01  7.3777293800e-01  8.8991852000e-02  8.7891321000e-02  5.9056149000e-02
    1.7900000000e+01  8.1501054000e-01  8.1023386600e-01  7.4055140900e-01  9.0884634000e-02  8.9817723000e-02  5.9383379000e-02
    1.7910000000e+01  8.1892852600e-01  8.1408956100e-01  7.4333879100e-01  9.2926868000e-02  9.1894249000e-02  5.9750259000e-02
    1.7920000000e+01  8.2283728000e-01  8.1792902500e-01  7.4613392600e-01  9.5125542000e-02  9.4127591000e-02  6.0157899000e-02
    1.7930000000e+01  8.2672634500e-01  8.2174133700e-01  7.4893564500e-01  9.7487222000e-02  9.6523983000e-02  6.0607453000e-02
    1.7940000000e+01  8.3058403100e-01  8.2551428900e-01  7.5174274100e-01  1.0001787700e-01  9.9088997000e-02  6.1100153000e-02
    1.7950000000e+01  8.3439740100e-01  8.2923438300e-01  7.5455392600e-01  1.0272267600e-01  1.0182734200e-01  6.1637335000e-02
    1.7960000000e+01  8.3815229700e-01  8.3288685200e-01  7.5736777900e-01  1.0560577000e-01  1.0474263200e-01  6.2220454000e-02
    1.7970000000e+01  8.4183341100e-01  8.3645572300e-01  7.6018268800e-01  1.0867005100e-01  1.0783715800e-01  6.2851079000e-02
    1.7980000000e+01  8.4542441400e-01  8.3992391400e-01  7.6299678000e-01  1.1191693200e-01  1.1111163400e-01  6.3530864000e-02
    1.7990000000e+01  8.4890814200e-01  8.4327338600e-01  7.6580787400e-01  1.1534613800e-01  1.1456495500e-01  6.4261507000e-02
    1.8000000000e+01  8.5226681800e-01  8.4648535100e-01  7.6861343600e-01  1.1895555900e-01  1.1819396300e-01  6.5044691000e-02
    1.8010000000e+01  8.5548229400e-01  8.4954051500e-01  7.7141055000e-01  1.2274116000e-01  1.2199324700e-01  6.5882017000e-02
    1.8020000000e+01  8.5853626500e-01  8.5241937300e-01  7.7419590000e-01  1.2669695300e-01  1.2595499200e-01  6.6774940000e-02
    1.8030000000e+01  8.6141043000e-01  8.5510249500e-01  7.7696575900e-01  1.3081499000e-01  1.3006886100e-01  6.7724695000e-02
    1.8040000000e+01  8.6408659500e-01  8.5757082400e-01  7.7971598100e-01  1.3508532800e-01  1.3432190200e-01  6.8732221000e-02
    1.8050000000e+01  8.6654677100e-01  8.5980597700e-01  7.8244199600e-01  1.3949592700e-01  1.3869843800e-01  6.9798079000e-02
    1.8060000000e+01  8.6877330100e-01  8.6179060200e-01  7.8513881400e-01  1.4403244400e-01  1.4317995100e-01  7.0922338000e-02
    1.8070000000e+01  8.7074912900e-01  8.6350884100e-01  7.8780105200e-01  1.4867797900e-01  1.4774494800e-01  7.2104450000e-02
    1.8080000000e+01  8.7245822500e-01  8.6494693000e-01  7.9042299700e-01  1.5341283400e-01  1.5236890700e-01  7.3343102000e-02
    1.8090000000e+01  8.7388617500e-01  8.6609393200e-01  7.9299871500e-01  1.5821438000e-01  1.5702437600e-01  7.4636060000e-02
    1.8100000000e+01  8.7502086600e-01  8.6694254400e-01  7.9552222500e-01  1.6305711800e-01  1.6168131300e-01  7.5980028000e-02
    1.8110000000e+01  8.7585317300e-01  8.6748985700e-01  7.9798772100e-01  1.6791295600e-01  1.6630771300e-01  7.7370529000e-02
    1.8120000000e+01  8.7637756700e-01  8.6773794200e-01  8.0038985500e-01  1.7275167300e-01  1.7087050700e-01  7.8801846000e-02
    1.8130000000e+01  8.7659258900e-01  8.6769418000e-01  8.0272406400e-01  1.7754150900e-01  1.7533663200e-01  8.0267027000e-02
    1.8140000000e+01  8.7650119500e-01  8.6737125600e-01  8.0498691600e-01  1.8224982200e-01  1.7967418600e-01  8.1757988000e-02
    1.8150000000e+01  8.7611100600e-01  8.6678685600e-01  8.0717646500e-01  1.8684377500e-01  1.8385352400e-01  8.3265714000e-02
    1.8160000000e+01  8.7543447400e-01  8.6596310000e-01  8.0929256700e-01  1.9129106600e-01  1.8784821300e-01  8.4780585000e-02
    1.8170000000e+01  8.7448899400e-01  8.6492580800e-01  8.1133712000e-01  1.9556074200e-01  1.9163580500e-01  8.6292825000e-02
    1.8180000000e+01  8.7329687600e-01  8.6370364400e-01  8.1331417200e-01  1.9962411900e-01  1.9519841300e-01  8.7793035000e-02
    1.8190000000e+01  8.7188511500e-01  8.6232720600e-01  8.1522986800e-01  2.0345581500e-01  1.9852309800e-01  8.9272791000e-02
    1.8200000000e+01  8.7028487100e-01  8.6082806900e-01  8.1709219100e-01  2.0703479800e-01  2.0160208400e-01  9.0725228000e-02
    1.8210000000e+01  8.6853061300e-01  8.5923780300e-01  8.1891052500e-01  2.1034535900e-01  2.0443279200e-01  9.2145535000e-02
    1.8220000000e+01  8.6665898100e-01  8.5758700600e-01  8.2069506400e-01  2.1337783200e-01  2.0701766800e-01  9.3531296000e-02
    1.8230000000e+01  8.6470744700e-01  8.5590437500e-01  8.2245614300e-01  2.1612898200e-01  2.0936381600e-01  9.4882631000e-02
    1.8240000000e+01  8.6271295400e-01  8.5421590800e-01  8.2420357300e-01  2.1860200300e-01  2.1148242000e-01  9.6202118000e-02
    1.8250000000e+01  8.6071064900e-01  8.5254427400e-01  8.2594605500e-01  2.2080617800e-01  2.1338802300e-01  9.7494539000e-02
    1.8260000000e+01  8.5873282600e-01  8.5090839300e-01  8.2769072100e-01  2.2275629500e-01  2.1509771500e-01  9.8766490000e-02
    1.8270000000e+01  8.5680806200e-01  8.4932321800e-01  8.2944281800e-01  2.2447193200e-01  2.1663033400e-01  1.0002592800e-01
    1.8280000000e+01  8.5496053000e-01  8.4779965400e-01  8.3120552100e-01  2.2597669800e-01  2.1800570400e-01  1.0128170400e-01
    1.8290000000e+01  8.5320940300e-01  8.4634456800e-01  8.3297984100e-01  2.2729742600e-01  2.1924393000e-01  1.0254310800e-01
    1.8300000000e+01  8.5156832700e-01  8.4496084800e-01  8.3476460600e-01  2.2846327300e-01  2.2036468800e-01  1.0381943400e-01
    1.8310000000e+01  8.5004501100e-01  8.4364754700e-01  8.3655650700e-01  2.2950468600e-01  2.2138648500e-01  1.0511954900e-01
    1.8320000000e+01  8.4864099900e-01  8.4240018800e-01  8.3835020400e-01  2.3045221500e-01  2.2232584900e-01  1.0645147100e-01
    1.8330000000e+01  8.4735173800e-01  8.4121129900e-01  8.4013852000e-01  2.3133523200e-01  2.2319653900e-01  1.0782195900e-01
    1.8340000000e+01  8.4616696700e-01  8.4007123500e-01  8.4191271600e-01  2.3218068400e-01  2.2400887500e-01  1.0923613300e-01
    1.8350000000e+01  8.4507139100e-01  8.3896920700e-01  8.4366285800e-01  2.3301198400e-01  2.2476933600e-01  1.1069716000e-01
    1.8360000000e+01  8.4404555800e-01  8.3789442500e-01  8.4537823100e-01  2.3384812500e-01  2.2548051600e-01  1.1220602500e-01
    1.8370000000e+01  8.4306683100e-01  8.3683716300e-01  8.4704779900e-01  2.3470301500e-01  2.2614146100e-01  1.1376138500e-01
    1.8380000000e+01  8.4211040300e-01  8.3578961900e-01  8.4866068200e-01  2.3558498000e-01  2.2674831300e-01  1.1535951600e-01
    1.8390000000e+01  8.4115035800e-01  8.3474646700e-01  8.5020663200e-01  2.3649636800e-01  2.2729512600e-01  1.1699433100e-01
    1.8400000000e+01  8.4016086000e-01  8.3370511500e-01  8.5167654100e-01  2.3743326900e-01  2.2777472200e-01  1.1865748500e-01
    1.8410000000e+01  8.3911752100e-01  8.3266570500e-01  8.5306294700e-01  2.3838540300e-01  2.2817946600e-01  1.2033858100e-01
    1.8420000000e+01  8.3799895900e-01  8.3163096400e-01  8.5436054200e-01  2.3933632500e-01  2.2850192700e-01  1.2202551000e-01
    1.8430000000e+01  8.3678844800e-01  8.3060596800e-01  8.5556662600e-01  2.4026410400e-01  2.2873541800e-01  1.2370494600e-01
    1.8440000000e+01  8.3547545500e-01  8.2959787500e-01  8.5668143500e-01  2.4114257800e-01  2.2887446500e-01  1.2536301800e-01
    1.8450000000e+01  8.3405680300e-01  8.2861559100e-01  8.5770827200e-01  2.4194317500e-01  2.2891524100e-01  1.2698609600e-01
    1.8460000000e+01  8.3253720700e-01  8.2766936200e-01  8.5865337000e-01  2.4263714800e-01  2.2885595800e-01  1.2856164100e-01
    1.8470000000e+01  8.3092899900e-01  8.2677024100e-01  8.5952546300e-01  2.4319793900e-01  2.2869719500e-01  1.3007897900e-01
    1.8480000000e+01  8.2925106200e-01  8.2592944200e-01  8.6033510400e-01  2.4360335000e-01  2.2844207800e-01  1.3152989900e-01
    1.8490000000e+01  8.2752705800e-01  8.2515763900e-01  8.6109382700e-01  2.4383719500e-01  2.2809626500e-01  1.3290895900e-01
    1.8500000000e+01  8.2578326600e-01  8.2446429000e-01  8.6181327500e-01  2.4389021800e-01  2.2766768600e-01  1.3421347700e-01
    1.8510000000e+01  8.2404629900e-01  8.2385709300e-01  8.6250445000e-01  2.4376020800e-01  2.2716609700e-01  1.3544321600e-01
    1.8520000000e+01  8.2234105100e-01  8.2334164000e-01  8.6317716700e-01  2.4345136200e-01  2.2660248900e-01  1.3659985400e-01
    1.8530000000e+01  8.2068905400e-01  8.2292128900e-01  8.6383978900e-01  2.4297306400e-01  2.2598847300e-01  1.3768637400e-01
    1.8540000000e+01  8.1910742600e-01  8.2259723100e-01  8.6449921200e-01  2.4233831400e-01  2.2533571700e-01  1.3870647300e-01
    1.8550000000e+01  8.1760840500e-01  8.2236869500e-01  8.6516104700e-01  2.4156200700e-01  2.2465548600e-01  1.3966410100e-01
    1.8560000000e+01  8.1619947000e-01  8.2223322400e-01  8.6582990400e-01  2.4065927500e-01  2.2395831800e-01  1.4056317600e-01
    1.8570000000e+01  8.1488395400e-01  8.2218695600e-01  8.6650969800e-01  2.3964405300e-01  2.2325380900e-01  1.4140747100e-01
    1.8580000000e+01  8.1366204200e-01  8.2222490600e-01  8.6720388800e-01  2.3852799400e-01  2.2255048400e-01  1.4220064400e-01
    1.8590000000e+01  8.1253201100e-01  8.2234119700e-01  8.6791562800e-01  2.3731981700e-01  2.2185572500e-01  1.4294635200e-01
    1.8600000000e+01  8.1149156300e-01  8.2252929100e-01  8.6864779600e-01  2.3602515700e-01  2.2117572700e-01  1.4364838500e-01
    1.8610000000e+01  8.1053906900e-01  8.2278218600e-01  8.6940294500e-01  2.3464687700e-01  2.2051547500e-01  1.4431077700e-01
    1.8620000000e+01  8.0967456200e-01  8.2309263700e-01  8.7018319000e-01  2.3318581000e-01  2.1987875700e-01  1.4493786100e-01
    1.8630000000e+01  8.0890036600e-01  8.2345335800e-01  8.7099007500e-01  2.3164178600e-01  2.1926821800e-01  1.4553425800e-01
    1.8640000000e+01  8.0822125500e-01  8.2385720400e-01  8.7182443400e-01  2.3001480200e-01  2.1868547200e-01  1.4610480900e-01
    1.8650000000e+01  8.0764414900e-01  8.2429729500e-01  8.7268628100e-01  2.2830613500e-01  2.1813127600e-01  1.4665446500e-01
    1.8660000000e+01  8.0717739300e-01  8.2476704300e-01  8.7357470000e-01  2.2651923200e-01  2.1760571600e-01  1.4718813400e-01
    1.8670000000e+01  8.0682975000e-01  8.2526007200e-01  8.7448777000e-01  2.2466023100e-01  2.1710837600e-01  1.4771048300e-01
    1.8680000000e+01  8.0660928000e-01  8.2577004900e-01  8.7542252600e-01  2.2273802100e-01  2.1663840100e-01  1.4822568800e-01
    1.8690000000e+01  8.0652229800e-01  8.2629048700e-01  8.7637498300e-01  2.2076386300e-01  2.1619442400e-01  1.4873713500e-01
    1.8700000000e+01  8.0657259400e-01  8.2681460200e-01  8.7734025700e-01  2.1875064200e-01  2.1577434400e-01  1.4924709400e-01
    1.8710000000e+01  8.0676101500e-01  8.2733531300e-01  8.7831281700e-01  2.1671189900e-01  2.1537497700e-01  1.4975639100e-01
    1.8720000000e+01  8.0708544600e-01  8.2784543100e-01  8.7928684700e-01  2.1466083500e-01  2.1499169800e-01  1.5026415100e-01
    1.8730000000e+01  8.0754113800e-01  8.2833804400e-01  8.8025672400e-01  2.1260942700e-01  2.1461814100e-01  1.5076764000e-01
    1.8740000000e+01  8.0812126900e-01  8.2880702900e-01  8.8121754200e-01  2.1056776400e-01  2.1424607700e-01  1.5126226400e-01
    1.8750000000e+01  8.0881762500e-01  8.2924760200e-01  8.8216564300e-01  2.0854363700e-01  2.1386548000e-01  1.5174172000e-01
    1.8760000000e+01  8.0962130100e-01  8.2965681600e-01  8.8309909800e-01  2.0654235400e-01  2.1346477400e-01  1.5219830000e-01
    1.8770000000e+01  8.1052336000e-01  8.3003394500e-01  8.8401810300e-01  2.0456673500e-01  2.1303119600e-01  1.5262331200e-01
    1.8780000000e+01  8.1151544300e-01  8.3038076200e-01  8.8492526000e-01  2.0261723400e-01  2.1255118900e-01  1.5300759500e-01
    1.8790000000e+01  8.1259032800e-01  8.3070175700e-01  8.8582573600e-01  2.0069216800e-01  2.1201079700e-01  1.5334209700e-01
    1.8800000000e+01  8.1374244600e-01  8.3100434100e-01  8.8672730000e-01  1.9878805500e-01  2.1139607000e-01  1.5361848400e-01
    1.8810000000e+01  8.1496833400e-01  8.3129908000e-01  8.8764021300e-01  1.9690007900e-01  2.1069352600e-01  1.5382976500e-01
    1.8820000000e+01  8.1626698000e-01  8.3159991700e-01  8.8857699300e-01  1.9502267300e-01  2.0989074700e-01  1.5397089300e-01
    1.8830000000e+01  8.1764002000e-01  8.3192430500e-01  8.8955203000e-01  1.9315020300e-01  2.0897716800e-01  1.5403933200e-01
    1.8840000000e+01  8.1909174000e-01  8.3229314300e-01  8.9058107900e-01  1.9127771000e-01  2.0794503600e-01  1.5403553900e-01
    1.8850000000e+01  8.2062887700e-01  8.3273038300e-01  8.9168063900e-01  1.8940162900e-01  2.0679046500e-01  1.5396334300e-01
    1.8860000000e+01  8.2226024900e-01  8.3326226900e-01  8.9286724000e-01  1.8752043700e-01  2.0551445300e-01  1.5383018300e-01
    1.8870000000e+01  8.2399623400e-01  8.3391621300e-01  8.9415668200e-01  1.8563518100e-01  2.0412368000e-01  1.5364721100e-01
    1.8880000000e+01  8.2584816900e-01  8.3471941300e-01  8.9556324000e-01  1.8374988000e-01  2.0263097400e-01  1.5342922400e-01
    1.8890000000e+01  8.2782767400e-01  8.3569735200e-01  8.9709887600e-01  1.8187180000e-01  2.0105535300e-01  1.5319444100e-01
    1.8900000000e+01  8.2994593300e-01  8.3687233200e-01  8.9877248500e-01  1.8001161300e-01  1.9942164100e-01  1.5296411400e-01
    1.8910000000e+01  8.3221290800e-01  8.3826219200e-01  9.0058919800e-01  1.7818342000e-01  1.9775973000e-01  1.5276198400e-01
    1.8920000000e+01  8.3463652400e-01  8.3987925900e-01  9.0254978000e-01  1.7640462000e-01  1.9610356600e-01  1.5261357100e-01
    1.8930000000e+01  8.3722182800e-01  8.4172959100e-01  9.0465017300e-01  1.7469558300e-01  1.9448998300e-01  1.5254531500e-01
    1.8940000000e+01  8.3997020000e-01  8.4381249700e-01  9.0688121000e-01  1.7307910100e-01  1.9295743300e-01  1.5258360200e-01
    1.8950000000e+01  8.4287867300e-01  8.4612030300e-01  9.0922855600e-01  1.7157961700e-01  1.9154471300e-01  1.5275370400e-01
    1.8960000000e+01  8.4593945800e-01  8.4863835700e-01  9.1167288700e-01  1.7022227300e-01  1.9028968300e-01  1.5307870500e-01
    1.8970000000e+01  8.4913970700e-01  8.5134523300e-01  9.1419032400e-01  1.6903183000e-01  1.8922803300e-01  1.5357847100e-01
    1.8980000000e+01  8.5246156300e-01  8.5421314800e-01  9.1675308800e-01  1.6803156000e-01  1.8839210500e-01  1.5426873600e-01
    1.8990000000e+01  8.5588246900e-01  8.5720855100e-01  9.1933034500e-01  1.6724217800e-01  1.8780980800e-01  1.5516035600e-01
    1.9000000000e+01  8.5937570100e-01  8.6029289300e-01  9.2188919000e-01  1.6668089100e-01  1.8750363600e-01  1.5625876800e-01
    1.9010000000e+01  8.6291108400e-01  8.6342352200e-01  9.2439569800e-01  1.6636059600e-01  1.8748982200e-01  1.5756366600e-01
    1.9020000000e+01  8.6645584200e-01  8.6655472300e-01  9.2681600600e-01  1.6628924500e-01  1.8777762400e-01  1.5906890700e-01
    1.9030000000e+01  8.6997552300e-01  8.6963885900e-01  9.2911737200e-01  1.6646939500e-01  1.8836876600e-01  1.6076261600e-01
    1.9040000000e+01  8.7343500800e-01  8.7262762000e-01  9.3126916500e-01  1.6689793300e-01  1.8925702300e-01  1.6262748600e-01
    1.9050000000e+01  8.7679954000e-01  8.7547339100e-01  9.3324378500e-01  1.6756597400e-01  1.9042799400e-01  1.6464123000e-01
    1.9060000000e+01  8.8003577800e-01  8.7813072000e-01  9.3501746900e-01  1.6845896700e-01  1.9185909500e-01  1.6677718000e-01
    1.9070000000e+01  8.8311282700e-01  8.8055787200e-01  9.3657099300e-01  1.6955700100e-01  1.9351984000e-01  1.6900500500e-01
    1.9080000000e+01  8.8600321000e-01  8.8271839600e-01  9.3789024900e-01  1.7083531100e-01  1.9537244900e-01  1.7129152500e-01
    1.9090000000e+01  8.8868371400e-01  8.8458261400e-01  9.3896669000e-01  1.7226500500e-01  1.9737285400e-01  1.7360162900e-01
    1.9100000000e+01  8.9113607400e-01  8.8612891800e-01  9.3979763700e-01  1.7381394900e-01  1.9947207400e-01  1.7589927300e-01
    1.9110000000e+01  8.9334743700e-01  8.8734474600e-01  9.4038641400e-01  1.7544779800e-01  2.0161794900e-01  1.7814856100e-01
    1.9120000000e+01  8.9531058100e-01  8.8822711200e-01  9.4074228100e-01  1.7713109200e-01  2.0375711600e-01  1.8031489000e-01
    1.9130000000e+01  8.9702385500e-01  8.8878261400e-01  9.4088011500e-01  1.7882835500e-01  2.0583711300e-01  1.8236613600e-01
    1.9140000000e+01  8.9849087400e-01  8.8902688800e-01  9.4081980000e-01  1.8050511900e-01  2.0780842500e-01  1.8427380400e-01
    1.9150000000e+01  8.9971998300e-01  8.8898351700e-01  9.4058529400e-01  1.8212879500e-01  2.0962629400e-01  1.8601404400e-01
    1.9160000000e+01  9.0072355600e-01  8.8868253500e-01  9.4020340000e-01  1.8366932600e-01  2.1125213100e-01  1.8756843000e-01
    1.9170000000e+01  9.0151723600e-01  8.8815866100e-01  9.3970232100e-01  1.8509959300e-01  2.1265440600e-01  1.8892435400e-01
    1.9180000000e+01  9.0211919500e-01  8.8744948000e-01  9.3911013800e-01  1.8639557700e-01  2.1380899700e-01  1.9007498900e-01
    1.9190000000e+01  9.0254950900e-01  8.8659375700e-01  9.3845336300e-01  1.8753634000e-01  2.1469904000e-01  1.9101877600e-01
    1.9200000000e+01  9.0282968600e-01  8.8563001500e-01  9.3775574800e-01  1.8850390100e-01  2.1531441400e-01  1.9175850500e-01
    1.9210000000e+01  9.0298233800e-01  8.8459542200e-01  9.3703745900e-01  1.8928310800e-01  2.1565100500e-01  1.9230010400e-01
    1.9220000000e+01  9.0303094200e-01  8.8352499000e-01  9.3631468600e-01  1.8986155500e-01  2.1570988700e-01  1.9265127800e-01
    1.9230000000e+01  9.0299962900e-01  8.8245099400e-01  9.3559969200e-01  1.9022957400e-01  2.1549650100e-01  1.9282016000e-01
    1.9240000000e+01  9.0291293500e-01  8.8140256000e-01  9.3490125200e-01  1.9038026700e-01  2.1501986200e-01  1.9281409400e-01
    1.9250000000e+01  9.0279548400e-01  8.8040536800e-01  9.3422540500e-01  1.9030953900e-01  2.1429177100e-01  1.9263865400e-01
    1.9260000000e+01  9.0267160700e-01  8.7948145900e-01  9.3357643100e-01  1.9001607600e-01  2.1332602100e-01  1.9229695200e-01
    1.9270000000e+01  9.0256493000e-01  8.7864916400e-01  9.3295795900e-01  1.8950120600e-01  2.1213755400e-01  1.9178927800e-01
    1.9280000000e+01  9.0249798900e-01  8.7792322300e-01  9.3237412600e-01  1.8876864900e-01  2.1074159200e-01  1.9111307500e-01
    1.9290000000e+01  9.0249192400e-01  8.7731511100e-01  9.3183068800e-01  1.8782413800e-01  2.0915279500e-01  1.9026326400e-01
    1.9300000000e+01  9.0256631900e-01  8.7683361900e-01  9.3133601400e-01  1.8667495900e-01  2.0738451000e-01  1.8923289400e-01
    1.9310000000e+01  9.0273922200e-01  8.7648565700e-01  9.3090186000e-01  1.8532947000e-01  2.0544821800e-01  1.8801407500e-01
    1.9320000000e+01  9.0302735800e-01  8.7627721000e-01  9.3054384700e-01  1.8379670200e-01  2.0335328700e-01  1.8659917000e-01
    1.9330000000e+01  9.0344648700e-01  8.7621434000e-01  9.3028155800e-01  1.8208611100e-01  2.0110707900e-01  1.8498212500e-01
    1.9340000000e+01  9.0401180900e-01  8.7630406200e-01  9.3013819000e-01  1.8020756200e-01  1.9871543000e-01  1.8315984400e-01
    1.9350000000e+01  9.0473830900e-01  8.7655496500e-01  9.3013974000e-01  1.7817155600e-01  1.9618342400e-01  1.8113344000e-01
    1.9360000000e+01  9.0564090800e-01  8.7697746200e-01  9.3031376600e-01  1.7598962400e-01  1.9351633200e-01  1.7890918300e-01
    1.9370000000e+01  9.0673436700e-01  8.7758365600e-01  9.3068785900e-01  1.7367478700e-01  1.9072054400e-01  1.7649899000e-01
    1.9380000000e+01  9.0803292300e-01  8.7838686600e-01  9.3128800400e-01  1.7124194000e-01  1.8780433200e-01  1.7392036100e-01
    1.9390000000e+01  9.0954975900e-01  8.7940093900e-01  9.3213708100e-01  1.6870804300e-01  1.8477835400e-01  1.7119575200e-01
    1.9400000000e+01  9.1129638800e-01  8.8063948600e-01  9.3325370500e-01  1.6609206300e-01  1.8165585700e-01  1.6835150100e-01
    1.9410000000e+01  9.1328210700e-01  8.8211515000e-01  9.3465153300e-01  1.6341467100e-01  1.7845261200e-01  1.6541649300e-01
    1.9420000000e+01  9.1551359900e-01  8.8383900600e-01  9.3633908400e-01  1.6069777100e-01  1.7518665100e-01  1.6242077700e-01
    1.9430000000e+01  9.1799472100e-01  8.8582009500e-01  9.3831998200e-01  1.5796393600e-01  1.7187789900e-01  1.5939434000e-01
    1.9440000000e+01  9.2072647800e-01  8.8806510600e-01  9.4059349900e-01  1.5523585600e-01  1.6854774800e-01  1.5636614600e-01
    1.9450000000e+01  9.2370713800e-01  8.9057816300e-01  9.4315523700e-01  1.5253585400e-01  1.6521863400e-01  1.5336349400e-01
    1.9460000000e+01  9.2693242200e-01  8.9336069200e-01  9.4599780900e-01  1.4988548200e-01  1.6191362300e-01  1.5041164900e-01
    1.9470000000e+01  9.3039573400e-01  8.9641133300e-01  9.4911144600e-01  1.4730521100e-01  1.5865599800e-01  1.4753368700e-01
    1.9480000000e+01  9.3408840600e-01  8.9972590600e-01  9.5248449000e-01  1.4481417000e-01  1.5546883500e-01  1.4475045500e-01
    1.9490000000e+01  9.3799994600e-01  9.0329744100e-01  9.5610378200e-01  1.4242993700e-01  1.5237456800e-01  1.4208058300e-01
    1.9500000000e+01  9.4211830000e-01  9.0711627600e-01  9.5995498400e-01  1.4016835800e-01  1.4939453900e-01  1.3954051300e-01
    1.9510000000e+01  9.4643013300e-01  9.1117025900e-01  9.6402285400e-01  1.3804340600e-01  1.4654855800e-01  1.3714452800e-01
    1.9520000000e+01  9.5092112100e-01  9.1544503700e-01  9.6829150400e-01  1.3606707800e-01  1.4385450900e-01  1.3490477600e-01
    1.9530000000e+01  9.5557624400e-01  9.1992443200e-01  9.7274464300e-01  1.3424934100e-01  1.4132801400e-01  1.3283131700e-01
    1.9540000000e+01  9.6038007900e-01  9.2459087800e-01  9.7736581300e-01  1.3259811800e-01  1.3898220200e-01  1.3093217000e-01
    1.9550000000e+01  9.6531708100e-01  9.2942588800e-01  9.8213860900e-01  1.3111930500e-01  1.3682756200e-01  1.2921338300e-01
    1.9560000000e+01  9.7037186800e-01  9.3441053800e-01  9.8704689700e-01  1.2981682400e-01  1.3487191500e-01  1.2767911700e-01
    1.9570000000e+01  9.7552949400e-01  9.3952592000e-01  9.9207502100e-01  1.2869271000e-01  1.3312047600e-01  1.2633174400e-01
    1.9580000000e+01  9.8077572400e-01  9.4475356600e-01  9.9720800500e-01  1.2774724900e-01  1.3157601000e-01  1.2517197000e-01
    1.9590000000e+01  9.8609728900e-01  9.5007580700e-01  1.0024317490e+00  1.2697916400e-01  1.3023906000e-01  1.2419898300e-01
    1.9600000000e+01  9.9148210400e-01  9.5547606600e-01  1.0077332020e+00  1.2638587300e-01  1.2910822900e-01  1.2341064400e-01
    1.9610000000e+01  9.9691941900e-01  9.6093906400e-01  1.0131005030e+00  1.2596378500e-01  1.2818050300e-01  1.2280370400e-01
    1.9620000000e+01  1.0023998870e+00  9.6645094900e-01  1.0185230790e+00  1.2570863400e-01  1.2745157600e-01  1.2237404400e-01
    1.9630000000e+01  1.0079155400e+00  9.7199934800e-01  1.0239916890e+00  1.2561579400e-01  1.2691616800e-01  1.2211692900e-01
    1.9640000000e+01  1.0134596870e+00  9.7757335400e-01  1.0294984150e+00  1.2568056900e-01  1.2656831900e-01  1.2202725800e-01
    1.9650000000e+01  1.0190267520e+00  9.8316347400e-01  1.0350366110e+00  1.2589840600e-01  1.2640163200e-01  1.2209978600e-01
    1.9660000000e+01  1.0246120870e+00  9.8876154000e-01  1.0406008050e+00  1.2626504800e-01  1.2640948600e-01  1.2232932700e-01
    1.9670000000e+01  1.0302117860e+00  9.9436061300e-01  1.0461865790e+00  1.2677661000e-01  1.2658519900e-01  1.2271091500e-01
    1.9680000000e+01  1.0358225230e+00  9.9995488800e-01  1.0517904400e+00  1.2742960600e-01  1.2692216400e-01  1.2323991800e-01
    1.9690000000e+01  1.0414414250e+00  1.0055396010e+00  1.0574096820e+00  1.2822094300e-01  1.2741395900e-01  1.2391213100e-01
    1.9700000000e+01  1.0470659810e+00  1.0111109550e+00  1.0630422690e+00  1.2914789400e-01  1.2805445800e-01  1.2472382700e-01
    1.9710000000e+01  1.0526939870e+00  1.0166660340e+00  1.0686867190e+00  1.3020809300e-01  1.2883794700e-01  1.2567180100e-01
    1.9720000000e+01  1.0583235040e+00  1.0222027070e+00  1.0743420030e+00  1.3139953400e-01  1.2975924800e-01  1.2675341200e-01
    1.9730000000e+01  1.0639528140e+00  1.0277194840e+00  1.0800074400e+00  1.3272061200e-01  1.3081385100e-01  1.2796661100e-01
    1.9740000000e+01  1.0695803420e+00  1.0332153330e+00  1.0856825740e+00  1.3417016600e-01  1.3199802900e-01  1.2930997100e-01
    1.9750000000e+01  1.0752045550e+00  1.0386894290e+00  1.0913670460e+00  1.3574752200e-01  1.3330889900e-01  1.3078268000e-01
    1.9760000000e+01  1.0808238080e+00  1.0441408820e+00  1.0970604610e+00  1.3745250600e-01  1.3474440200e-01  1.3238451600e-01
    1.9770000000e+01  1.0864361890e+00  1.0495684570e+00  1.1027622770e+00  1.3928540100e-01  1.3630318700e-01  1.3411576700e-01
    1.9780000000e+01  1.0920393650e+00  1.0549703580e+00  1.1084717230e+00  1.4124684800e-01  1.3798438500e-01  1.3597713900e-01
    1.9790000000e+01  1.0976304640e+00  1.0603440930e+00  1.1141877640e+00  1.4333769200e-01  1.3978731600e-01  1.3796965200e-01
    1.9800000000e+01  1.1032060190e+00  1.0656864710e+00  1.1199091030e+00  1.4555880200e-01  1.4171116100e-01  1.4009454600e-01
    1.9810000000e+01  1.1087619570e+00  1.0709937080e+00  1.1256342070e+00  1.4791087700e-01  1.4375465700e-01  1.4235321900e-01
    1.9820000000e+01  1.1142936540e+00  1.0762616490e+00  1.1313613480e+00  1.5039426900e-01  1.4591584900e-01  1.4474718700e-01
    1.9830000000e+01  1.1197960180e+00  1.0814860590e+00  1.1370886300e+00  1.5300881800e-01  1.4819193600e-01  1.4727807900e-01
    1.9840000000e+01  1.1252636220e+00  1.0866629500e+00  1.1428140190e+00  1.5575372000e-01  1.5057923800e-01  1.4994763900e-01
    1.9850000000e+01  1.1306908550e+00  1.0917889120e+00  1.1485353540e+00  1.5862742100e-01  1.5307326100e-01  1.5275775000e-01
    1.9860000000e+01  1.1360721120e+00  1.0968614060e+00  1.1542503540e+00  1.6162754500e-01  1.5566888700e-01  1.5571045600e-01
    1.9870000000e+01  1.1414020010e+00  1.1018789880e+00  1.1599566140e+00  1.6475088100e-01  1.5836064900e-01  1.5880801100e-01
    1.9880000000e+01  1.1466755600e+00  1.1068414420e+00  1.1656515890e+00  1.6799341600e-01  1.6114308600e-01  1.6205293700e-01
    1.9890000000e+01  1.1518884640e+00  1.1117497840e+00  1.1713325300e+00  1.7135044700e-01  1.6401113300e-01  1.6544810500e-01
    1.9900000000e+01  1.1570371970e+00  1.1166061390e+00  1.1769963780e+00  1.7481674300e-01  1.6696050900e-01  1.6899681000e-01
    1.9910000000e+01  1.1621191620e+00  1.1214134960e+00  1.1826396030e+00  1.7838676900e-01  1.6998806600e-01  1.7270282200e-01
    1.9920000000e+01  1.1671327200e+00  1.1261753370e+00  1.1882579830e+00  1.8205491300e-01  1.7309203900e-01  1.7657037800e-01
    1.9930000000e+01  1.1720771620e+00  1.1308952120e+00  1.1938463700e+00  1.8581572300e-01  1.7627217900e-01  1.8060408300e-01
    1.9940000000e+01  1.1769526200e+00  1.1355762640e+00  1.1993984690e+00  1.8966410600e-01  1.7952973300e-01  1.8480872400e-01
    1.9950000000e+01  1.1817599380e+00  1.1402207980e+00  1.2049066780e+00  1.9359549400e-01  1.8286728500e-01  1.8918898800e-01
    1.9960000000e+01  1.1865005130e+00  1.1448299090e+00  1.2103620150e+00  1.9760597800e-01  1.8628845500e-01  1.9374912500e-01
    1.9970000000e+01  1.1911761170e+00  1.1494032400e+00  1.2157541610e+00  2.0169238800e-01  1.8979751300e-01  1.9849258800e-01
    1.9980000000e+01  1.1957887020e+00  1.1539388710e+00  1.2210716100e+00  2.0585236100e-01  1.9339895200e-01  2.0342170800e-01
    1.9990000000e+01  1.2003401760e+00  1.1584333420e+00  1.2263018970e+00  2.1008434400e-01  1.9709707300e-01  2.0853742000e-01
    2.0000000000e+01  1.2048321630e+00  1.1628817730e+00  1.2314318800e+00  2.1438755800e-01  2.0089563600e-01  2.1383908100e-01
