# Dielectric function: real and imaginary components
#        Energy (eV)          Re_eps_x          Re_eps_y          Re_eps_z          Im_eps_x          Im_eps_y          Im_eps_z
    0.0000000000e+00  7.6919932290e+00  7.2358898700e+00  7.7117555680e+00  0.0000000000e+00  0.0000000000e+00  0.0000000000e+00
    1.0000000000e-02  7.6920419130e+00  7.2359273080e+00  7.7118157940e+00  1.4805000000e-03  1.1362090000e-03  1.8409920000e-03
    2.0000000000e-02  7.6921879710e+00  7.2360396300e+00  7.7119964870e+00  2.9612640000e-03  2.2725910000e-03  3.6824340000e-03
    3.0000000000e-02  7.6924314300e+00  7.2362268510e+00  7.7122976890e+00  4.4425560000e-03  3.4093170000e-03  5.5247760000e-03
    4.0000000000e-02  7.6927723320e+00  7.2364889980e+00  7.7127194700e+00  5.9246400000e-03  4.5465600000e-03  7.3684680000e-03
    5.0000000000e-02  7.6932107340e+00  7.2368261110e+00  7.7132619280e+00  7.4077800000e-03  5.6844920000e-03  9.2139630000e-03
    6.0000000000e-02  7.6937467120e+00  7.2372382380e+00  7.7139251900e+00  8.8922430000e-03  6.8232880000e-03  1.1061714000e-02
    7.0000000000e-02  7.6943803600e+00  7.2377254390e+00  7.7147094100e+00  1.0378295000e-02  7.9631200000e-03  1.2912176000e-02
    8.0000000000e-02  7.6951117850e+00  7.2382877870e+00  7.7156147720e+00  1.1866203000e-02  9.1041640000e-03  1.4765807000e-02
    9.0000000000e-02  7.6959411140e+00  7.2389253630e+00  7.7166414880e+00  1.3356235000e-02  1.0246593000e-02  1.6623068000e-02
    1.0000000000e-01  7.6968684910e+00  7.2396382610e+00  7.7177897980e+00  1.4848661000e-02  1.1390585000e-02  1.8484421000e-02
    1.1000000000e-01  7.6978940770e+00  7.2404265860e+00  7.7190599710e+00  1.6343753000e-02  1.2536316000e-02  2.0350335000e-02
    1.2000000000e-01  7.6990180470e+00  7.2412904540e+00  7.7204523060e+00  1.7841783000e-02  1.3683964000e-02  2.2221278000e-02
    1.3000000000e-01  7.7002405990e+00  7.2422299920e+00  7.7219671320e+00  1.9343027000e-02  1.4833708000e-02  2.4097727000e-02
    1.4000000000e-01  7.7015619440e+00  7.2432453390e+00  7.7236048050e+00  2.0847761000e-02  1.5985730000e-02  2.5980162000e-02
    1.5000000000e-01  7.7029823120e+00  7.2443366450e+00  7.7253657130e+00  2.2356265000e-02  1.7140210000e-02  2.7869067000e-02
    1.6000000000e-01  7.7045019520e+00  7.2455040720e+00  7.7272502730e+00  2.3868819000e-02  1.8297333000e-02  2.9764933000e-02
    1.7000000000e-01  7.7061211280e+00  7.2467477940e+00  7.7292589350e+00  2.5385710000e-02  1.9457284000e-02  3.1668257000e-02
    1.8000000000e-01  7.7078401250e+00  7.2480679950e+00  7.7313921770e+00  2.6907222000e-02  2.0620250000e-02  3.3579541000e-02
    1.9000000000e-01  7.7096592450e+00  7.2494648740e+00  7.7336505100e+00  2.8433647000e-02  2.1786419000e-02  3.5499296000e-02
    2.0000000000e-01  7.7115788080e+00  7.2509386370e+00  7.7360344750e+00  2.9965277000e-02  2.2955983000e-02  3.7428040000e-02
    2.1000000000e-01  7.7135991520e+00  7.2524895080e+00  7.7385446470e+00  3.1502410000e-02  2.4129134000e-02  3.9366298000e-02
    2.2000000000e-01  7.7157206370e+00  7.2541177190e+00  7.7411816330e+00  3.3045344000e-02  2.5306069000e-02  4.1314604000e-02
    2.3000000000e-01  7.7179436370e+00  7.2558235160e+00  7.7439460720e+00  3.4594386000e-02  2.6486985000e-02  4.3273501000e-02
    2.4000000000e-01  7.7202685500e+00  7.2576071580e+00  7.7468386390e+00  3.6149842000e-02  2.7672084000e-02  4.5243542000e-02
    2.5000000000e-01  7.7226957910e+00  7.2594689150e+00  7.7498600410e+00  3.7712024000e-02  2.8861567000e-02  4.7225290000e-02
    2.6000000000e-01  7.7252257940e+00  7.2614090700e+00  7.7530110200e+00  3.9281251000e-02  3.0055642000e-02  4.9219318000e-02
    2.7000000000e-01  7.7278590170e+00  7.2634279220e+00  7.7562923540e+00  4.0857844000e-02  3.1254518000e-02  5.1226212000e-02
    2.8000000000e-01  7.7305959330e+00  7.2655257800e+00  7.7597048580e+00  4.2442128000e-02  3.2458408000e-02  5.3246569000e-02
    2.9000000000e-01  7.7334370390e+00  7.2677029670e+00  7.7632493820e+00  4.4034437000e-02  3.3667527000e-02  5.5280997000e-02
    3.0000000000e-01  7.7363828530e+00  7.2699598200e+00  7.7669268130e+00  4.5635108000e-02  3.4882096000e-02  5.7330120000e-02
    3.1000000000e-01  7.7394339120e+00  7.2722966900e+00  7.7707380780e+00  4.7244484000e-02  3.6102337000e-02  5.9394575000e-02
    3.2000000000e-01  7.7425907770e+00  7.2747139430e+00  7.7746841430e+00  4.8862914000e-02  3.7328478000e-02  6.1475013000e-02
    3.3000000000e-01  7.7458540300e+00  7.2772119570e+00  7.7787660130e+00  5.0490755000e-02  3.8560750000e-02  6.3572103000e-02
    3.4000000000e-01  7.7492242750e+00  7.2797911250e+00  7.7829847330e+00  5.2128368000e-02  3.9799390000e-02  6.5686527000e-02
    3.5000000000e-01  7.7527021390e+00  7.2824518560e+00  7.7873413900e+00  5.3776124000e-02  4.1044637000e-02  6.7818986000e-02
    3.6000000000e-01  7.7562882730e+00  7.2851945740e+00  7.7918371150e+00  5.5434398000e-02  4.2296738000e-02  6.9970200000e-02
    3.7000000000e-01  7.7599833500e+00  7.2880197180e+00  7.7964730820e+00  5.7103576000e-02  4.3555942000e-02  7.2140907000e-02
    3.8000000000e-01  7.7637880690e+00  7.2909277400e+00  7.8012505090e+00  5.8784049000e-02  4.4822505000e-02  7.4331864000e-02
    3.9000000000e-01  7.7677031520e+00  7.2939191120e+00  7.8061706600e+00  6.0476219000e-02  4.6096687000e-02  7.6543851000e-02
    4.0000000000e-01  7.7717293460e+00  7.2969943210e+00  7.8112348470e+00  6.2180495000e-02  4.7378757000e-02  7.8777668000e-02
    4.1000000000e-01  7.7758674250e+00  7.3001538680e+00  7.8164444280e+00  6.3897295000e-02  4.8668985000e-02  8.1034139000e-02
    4.2000000000e-01  7.7801181870e+00  7.3033982740e+00  7.8218008130e+00  6.5627047000e-02  4.9967653000e-02  8.3314114000e-02
    4.3000000000e-01  7.7844824590e+00  7.3067280760e+00  7.8273054600e+00  6.7370191000e-02  5.1275044000e-02  8.5618466000e-02
    4.4000000000e-01  7.7889610940e+00  7.3101438290e+00  7.8329598830e+00  6.9127173000e-02  5.2591453000e-02  8.7948096000e-02
    4.5000000000e-01  7.7935549710e+00  7.3136461040e+00  7.8387656460e+00  7.0898453000e-02  5.3917179000e-02  9.0303933000e-02
    4.6000000000e-01  7.7982650020e+00  7.3172354950e+00  7.8447243700e+00  7.2684503000e-02  5.5252529000e-02  9.2686935000e-02
    4.7000000000e-01  7.8030921230e+00  7.3209126090e+00  7.8508377320e+00  7.4485803000e-02  5.6597819000e-02  9.5098093000e-02
    4.8000000000e-01  7.8080373040e+00  7.3246780770e+00  7.8571074680e+00  7.6302850000e-02  5.7953373000e-02  9.7538428000e-02
    4.9000000000e-01  7.8131015430e+00  7.3285325480e+00  7.8635353750e+00  7.8136150000e-02  5.9319523000e-02  1.0000899800e-01
    5.0000000000e-01  7.8182858690e+00  7.3324766910e+00  7.8701233100e+00  7.9986225000e-02  6.0696611000e-02  1.0251089500e-01
    5.1000000000e-01  7.8235913460e+00  7.3365111960e+00  7.8768731950e+00  8.1853610000e-02  6.2084987000e-02  1.0504525000e-01
    5.2000000000e-01  7.8290190680e+00  7.3406367750e+00  7.8837870190e+00  8.3738854000e-02  6.3485014000e-02  1.0761323400e-01
    5.3000000000e-01  7.8345701640e+00  7.3448541590e+00  7.8908668360e+00  8.5642523000e-02  6.4897062000e-02  1.1021606000e-01
    5.4000000000e-01  7.8402457960e+00  7.3491641060e+00  7.8981147740e+00  8.7565197000e-02  6.6321514000e-02  1.1285498400e-01
    5.5000000000e-01  7.8460471630e+00  7.3535673930e+00  7.9055330310e+00  8.9507475000e-02  6.7758764000e-02  1.1553131000e-01
    5.6000000000e-01  7.8519755010e+00  7.3580648220e+00  7.9131238800e+00  9.1469972000e-02  6.9209219000e-02  1.1824639100e-01
    5.7000000000e-01  7.8580320820e+00  7.3626572200e+00  7.9208896720e+00  9.3453321000e-02  7.0673297000e-02  1.2100163100e-01
    5.8000000000e-01  7.8642182160e+00  7.3673454380e+00  7.9288328390e+00  9.5458174000e-02  7.2151431000e-02  1.2379848800e-01
    5.9000000000e-01  7.8705352550e+00  7.3721303530e+00  7.9369558930e+00  9.7485204000e-02  7.3644066000e-02  1.2663847900e-01
    6.0000000000e-01  7.8769845880e+00  7.3770128680e+00  7.9452614340e+00  9.9535105000e-02  7.5151663000e-02  1.2952317900e-01
    6.1000000000e-01  7.8835676500e+00  7.3819939140e+00  7.9537521500e+00  1.0160859100e-01  7.6674699000e-02  1.3245422800e-01
    6.2000000000e-01  7.8902859150e+00  7.3870744480e+00  7.9624308200e+00  1.0370640000e-01  7.8213665000e-02  1.3543333500e-01
    6.3000000000e-01  7.8971409050e+00  7.3922554580e+00  7.9713003190e+00  1.0582929400e-01  7.9769072000e-02  1.3846227800e-01
    6.4000000000e-01  7.9041341840e+00  7.3975379610e+00  7.9803636200e+00  1.0797805900e-01  8.1341446000e-02  1.4154291100e-01
    6.5000000000e-01  7.9112673650e+00  7.4029230040e+00  7.9896237970e+00  1.1015350800e-01  8.2931333000e-02  1.4467716600e-01
    6.6000000000e-01  7.9185421090e+00  7.4084116640e+00  7.9990840310e+00  1.1235648100e-01  8.4539300000e-02  1.4786706200e-01
    6.7000000000e-01  7.9259601270e+00  7.4140050540e+00  8.0087476140e+00  1.1458784600e-01  8.6165933000e-02  1.5111470400e-01
    6.8000000000e-01  7.9335231820e+00  7.4197043190e+00  8.0186179480e+00  1.1684850400e-01  8.7811841000e-02  1.5442229300e-01
    6.9000000000e-01  7.9412330890e+00  7.4255106360e+00  8.0286985570e+00  1.1913938200e-01  8.9477656000e-02  1.5779212800e-01
    7.0000000000e-01  7.9490917180e+00  7.4314252220e+00  8.0389930850e+00  1.2146144600e-01  9.1164035000e-02  1.6122661500e-01
    7.1000000000e-01  7.9571009960e+00  7.4374493280e+00  8.0495053050e+00  1.2381569300e-01  9.2871661000e-02  1.6472827100e-01
    7.2000000000e-01  7.9652629070e+00  7.4435842430e+00  8.0602391210e+00  1.2620315600e-01  9.4601242000e-02  1.6829973300e-01
    7.3000000000e-01  7.9735794970e+00  7.4498312970e+00  8.0711985740e+00  1.2862490800e-01  9.6353518000e-02  1.7194376400e-01
    7.4000000000e-01  7.9820528740e+00  7.4561918590e+00  8.0823878510e+00  1.3108206200e-01  9.8129258000e-02  1.7566326100e-01
    7.5000000000e-01  7.9906852090e+00  7.4626673420e+00  8.0938112840e+00  1.3357577100e-01  9.9929264000e-02  1.7946126200e-01
    7.6000000000e-01  7.9994787420e+00  7.4692592010e+00  8.1054733600e+00  1.3610723500e-01  1.0175437200e-01  1.8334096000e-01
    7.7000000000e-01  8.0084357780e+00  7.4759689350e+00  8.1173787270e+00  1.3867769800e-01  1.0360545300e-01  1.8730570700e-01
    7.8000000000e-01  8.0175586980e+00  7.4827980920e+00  8.1295321990e+00  1.4128845500e-01  1.0548342000e-01  1.9135902700e-01
    7.9000000000e-01  8.0268499530e+00  7.4897482670e+00  8.1419387650e+00  1.4394085000e-01  1.0738922300e-01  1.9550463000e-01
    8.0000000000e-01  8.0363120720e+00  7.4968211040e+00  8.1546035930e+00  1.4663628400e-01  1.0932385700e-01  1.9974641900e-01
    8.1000000000e-01  8.0459476630e+00  7.5040183000e+00  8.1675320390e+00  1.4937621400e-01  1.1128836500e-01  2.0408850800e-01
    8.2000000000e-01  8.0557594150e+00  7.5113416050e+00  8.1807296540e+00  1.5216215600e-01  1.1328383600e-01  2.0853523300e-01
    8.3000000000e-01  8.0657501020e+00  7.5187928240e+00  8.1942021930e+00  1.5499569100e-01  1.1531141300e-01  2.1309117000e-01
    8.4000000000e-01  8.0759225870e+00  7.5263738200e+00  8.2079556220e+00  1.5787846600e-01  1.1737229500e-01  2.1776115000e-01
    8.5000000000e-01  8.0862798240e+00  7.5340865140e+00  8.2219961240e+00  1.6081219900e-01  1.1946774100e-01  2.2255027800e-01
    8.6000000000e-01  8.0968248600e+00  7.5419328900e+00  8.2363301130e+00  1.6379868300e-01  1.2159907100e-01  2.2746395400e-01
    8.7000000000e-01  8.1075608420e+00  7.5499149940e+00  8.2509642400e+00  1.6683979000e-01  1.2376767600e-01  2.3250789200e-01
    8.8000000000e-01  8.1184910190e+00  7.5580349400e+00  8.2659054010e+00  1.6993747500e-01  1.2597501700e-01  2.3768814400e-01
    8.9000000000e-01  8.1296187430e+00  7.5662949080e+00  8.2811607470e+00  1.7309378000e-01  1.2822263500e-01  2.4301112800e-01
    9.0000000000e-01  8.1409474780e+00  7.5746971490e+00  8.2967376960e+00  1.7631084300e-01  1.3051215100e-01  2.4848365100e-01
    9.1000000000e-01  8.1524808020e+00  7.5832439870e+00  8.3126439400e+00  1.7959089900e-01  1.3284527900e-01  2.5411294300e-01
    9.2000000000e-01  8.1642224120e+00  7.5919378230e+00  8.3288874570e+00  1.8293628800e-01  1.3522382800e-01  2.5990669000e-01
    9.3000000000e-01  8.1761761250e+00  7.6007811320e+00  8.3454765150e+00  1.8634946400e-01  1.3764970700e-01  2.6587306500e-01
    9.4000000000e-01  8.1883458890e+00  7.6097764720e+00  8.3624196920e+00  1.8983299400e-01  1.4012494000e-01  2.7202077400e-01
    9.5000000000e-01  8.2007357840e+00  7.6189264820e+00  8.3797258740e+00  1.9338957500e-01  1.4265166800e-01  2.7835909300e-01
    9.6000000000e-01  8.2133500280e+00  7.6282338870e+00  8.3974042710e+00  1.9702203500e-01  1.4523216100e-01  2.8489792200e-01
    9.7000000000e-01  8.2261929830e+00  7.6377014980e+00  8.4154644250e+00  2.0073334400e-01  1.4786882900e-01  2.9164782700e-01
    9.8000000000e-01  8.2392691600e+00  7.6473322150e+00  8.4339162140e+00  2.0452662300e-01  1.5056423000e-01  2.9862010600e-01
    9.9000000000e-01  8.2525832260e+00  7.6571290310e+00  8.4527698600e+00  2.0840515400e-01  1.5332108700e-01  3.0582684700e-01
    1.0000000000e+00  8.2661400090e+00  7.6670950280e+00  8.4720359350e+00  2.1237238900e-01  1.5614229700e-01  3.1328099300e-01
    1.0100000000e+00  8.2799445070e+00  7.6772333860e+00  8.4917253610e+00  2.1643196300e-01  1.5903094700e-01  3.2099642400e-01
    1.0200000000e+00  8.2940018900e+00  7.6875473770e+00  8.5118494140e+00  2.2058770800e-01  1.6199033300e-01  3.2898803700e-01
    1.0300000000e+00  8.3083175140e+00  7.6980403690e+00  8.5324197160e+00  2.2484366000e-01  1.6502397200e-01  3.3727183300e-01
    1.0400000000e+00  8.3228969200e+00  7.7087158240e+00  8.5534482340e+00  2.2920408200e-01  1.6813562800e-01  3.4586502400e-01
    1.0500000000e+00  8.3377458500e+00  7.7195772980e+00  8.5749472600e+00  2.3367347200e-01  1.7132932900e-01  3.5478613900e-01
    1.0600000000e+00  8.3528702480e+00  7.7306284340e+00  8.5969294010e+00  2.3825658400e-01  1.7460939200e-01  3.6405514800e-01
    1.0700000000e+00  8.3682762720e+00  7.7418729660e+00  8.6194075450e+00  2.4295844600e-01  1.7798044900e-01  3.7369359300e-01
    1.0800000000e+00  8.3839703010e+00  7.7533147040e+00  8.6423948310e+00  2.4778437800e-01  1.8144747700e-01  3.8372474200e-01
    1.0900000000e+00  8.3999589450e+00  7.7649575320e+00  8.6659045940e+00  2.5274001700e-01  1.8501582700e-01  3.9417374600e-01
    1.1000000000e+00  8.4162490500e+00  7.7768053940e+00  8.6899503120e+00  2.5783133500e-01  1.8869125800e-01  4.0506781800e-01
    1.1100000000e+00  8.4328477110e+00  7.7888622800e+00  8.7145455150e+00  2.6306467100e-01  1.9247997900e-01  4.1643643600e-01
    1.1200000000e+00  8.4497622800e+00  7.8011322080e+00  8.7397036890e+00  2.6844675400e-01  1.9638868600e-01  4.2831154800e-01
    1.1300000000e+00  8.4670003720e+00  7.8136191990e+00  8.7654381450e+00  2.7398473700e-01  2.0042460800e-01  4.4072781400e-01
    1.1400000000e+00  8.4845698790e+00  7.8263272510e+00  8.7917618560e+00  2.7968622700e-01  2.0459555800e-01  4.5372286100e-01
    1.1500000000e+00  8.5024789750e+00  7.8392602940e+00  8.8186872580e+00  2.8555932200e-01  2.0890998000e-01  4.6733755200e-01
    1.1600000000e+00  8.5207361260e+00  7.8524221490e+00  8.8462259960e+00  2.9161265200e-01  2.1337701200e-01  4.8161628900e-01
    1.1700000000e+00  8.5393500980e+00  7.8658164710e+00  8.8743886220e+00  2.9785542400e-01  2.1800654100e-01  4.9660732600e-01
    1.1800000000e+00  8.5583299650e+00  7.8794466730e+00  8.9031842160e+00  3.0429746400e-01  2.2280926400e-01  5.1236309600e-01
    1.1900000000e+00  8.5776851130e+00  7.8933158410e+00  8.9326199260e+00  3.1094927400e-01  2.2779675600e-01  5.2894055200e-01
    1.2000000000e+00  8.5974252520e+00  7.9074266280e+00  8.9627004080e+00  3.1782208600e-01  2.3298152900e-01  5.4640151100e-01
    1.2100000000e+00  8.6175604110e+00  7.9217811290e+00  8.9934271570e+00  3.2492792800e-01  2.3837709300e-01  5.6481298100e-01
    1.2200000000e+00  8.6381009490e+00  7.9363807210e+00  9.0247976920e+00  3.3227969000e-01  2.4399801100e-01  5.8424746400e-01
    1.2300000000e+00  8.6590575460e+00  7.9512258820e+00  9.0568045900e+00  3.3989120000e-01  2.4985994000e-01  6.0478320100e-01
    1.2400000000e+00  8.6804412070e+00  7.9663159780e+00  9.0894343480e+00  3.4777730700e-01  2.5597964900e-01  6.2650432600e-01
    1.2500000000e+00  8.7022632500e+00  7.9816490020e+00  9.1226660510e+00  3.5595397200e-01  2.6237502100e-01  6.4950089000e-01
    1.2600000000e+00  8.7245352940e+00  7.9972212920e+00  9.1564698270e+00  3.6443836700e-01  2.6906500000e-01  6.7386867500e-01
    1.2700000000e+00  8.7472692420e+00  8.0130271980e+00  9.1908051180e+00  3.7324898700e-01  2.7606948900e-01  6.9970875100e-01
    1.2800000000e+00  8.7704772520e+00  8.0290587250e+00  9.2256187470e+00  3.8240576500e-01  2.8340917500e-01  7.2712664400e-01
    1.2900000000e+00  8.7941717080e+00  8.0453051540e+00  9.2608428710e+00  3.9193020600e-01  2.9110525400e-01  7.5623104600e-01
    1.3000000000e+00  8.8183651660e+00  8.0617526630e+00  9.2963928720e+00  4.0184552800e-01  2.9917903400e-01  7.8713190900e-01
    1.3100000000e+00  8.8430703010e+00  8.0783839760e+00  9.3321653690e+00  4.1217681900e-01  3.0765140300e-01  8.1993783600e-01
    1.3200000000e+00  8.8682998270e+00  8.0951780950e+00  9.3680365420e+00  4.2295120200e-01  3.1654212900e-01  8.5475265000e-01
    1.3300000000e+00  8.8940664070e+00  8.1121101680e+00  9.4038610730e+00  4.3419801700e-01  3.2586900100e-01  8.9167111800e-01
    1.3400000000e+00  8.9203825330e+00  8.1291515740e+00  9.4394720640e+00  4.4594901800e-01  3.3564682100e-01  9.3077388000e-01
    1.3500000000e+00  8.9472603800e+00  8.1462703100e+00  9.4746823430e+00  4.5823857300e-01  3.4588630700e-01  9.7212181700e-01
    1.3600000000e+00  8.9747116370e+00  8.1634317530e+00  9.5092875190e+00  4.7110389000e-01  3.5659299300e-01  1.0157502610e+00
    1.3700000000e+00  9.0027472900e+00  8.1805998490e+00  9.5430710320e+00  4.8458524000e-01  3.6776628400e-01  1.0616637040e+00
    1.3800000000e+00  9.0313773700e+00  8.1977387020e+00  9.5758111580e+00  4.9872619200e-01  3.7939885200e-01  1.1098318370e+00
    1.3900000000e+00  9.0606106510e+00  8.2148144580e+00  9.6072895040e+00  5.1357385200e-01  3.9147657500e-01  1.1601877750e+00
    1.4000000000e+00  9.0904542980e+00  8.2317972420e+00  9.6373000690e+00  5.2917909400e-01  4.0397918600e-01  1.2126291510e+00
    1.4100000000e+00  9.1209134540e+00  8.2486628250e+00  9.6656575950e+00  5.4559678600e-01  4.1688167500e-01  1.2670222460e+00
    1.4200000000e+00  9.1519907610e+00  8.2653936470e+00  9.6922038490e+00  5.6288599000e-01  4.3015630800e-01  1.3232085860e+00
    1.4300000000e+00  9.1836858290e+00  8.2819788850e+00  9.7168109630e+00  5.8111014000e-01  4.4377493300e-01  1.3810127140e+00
    1.4400000000e+00  9.2159946340e+00  8.2984134780e+00  9.7393818520e+00  6.0033716800e-01  4.5771104200e-01  1.4402494620e+00
    1.4500000000e+00  9.2489088590e+00  8.3146963080e+00  9.7598487860e+00  6.2063959200e-01  4.7194104500e-01  1.5007293560e+00
    1.4600000000e+00  9.2824151960e+00  8.3308280320e+00  9.7781719100e+00  6.4209454500e-01  4.8644434400e-01  1.5622617960e+00
    1.4700000000e+00  9.3164945950e+00  8.3468092900e+00  9.7943393590e+00  6.6478374900e-01  5.0120209500e-01  1.6246569890e+00
    1.4800000000e+00  9.3511214780e+00  8.3626400280e+00  9.8083695600e+00  6.8879346600e-01  5.1619498500e-01  1.6877286070e+00
    1.4900000000e+00  9.3862629030e+00  8.3783204490e+00  9.8203147930e+00  7.1421441900e-01  5.3140070500e-01  1.7512992280e+00
    1.5000000000e+00  9.4218776270e+00  8.3938537310e+00  9.8302637830e+00  7.4114173100e-01  5.4679211600e-01  1.8152096680e+00
    1.5100000000e+00  9.4579150070e+00  8.4092500440e+00  9.8383406730e+00  7.6967486900e-01  5.6233711100e-01  1.8793317480e+00
    1.5200000000e+00  9.4943136280e+00  8.4245308980e+00  9.8446982540e+00  7.9991756500e-01  5.7800089500e-01  1.9435825440e+00
    1.5300000000e+00  9.5309995460e+00  8.4397324350e+00  9.8495045600e+00  8.3197761200e-01  5.9375085600e-01  2.0079372670e+00
    1.5400000000e+00  9.5678840450e+00  8.4549062600e+00  9.8529232900e+00  8.6596631400e-01  6.0956337700e-01  2.0724376590e+00
    1.5500000000e+00  9.6048609250e+00  8.4701168220e+00  9.8550898370e+00  9.0199731200e-01  6.2543120200e-01  2.1371930960e+00
    1.5600000000e+00  9.6418034790e+00  8.4854352390e+00  9.8560859170e+00  9.4018445000e-01  6.4136951500e-01  2.2023722630e+00
    1.5700000000e+00  9.6785614920e+00  8.5009304320e+00  9.8559168860e+00  9.8063836800e-01  6.5741897600e-01  2.2681845100e+00
    1.5800000000e+00  9.7149588070e+00  8.5166593310e+00  9.8544964360e+00  1.0234617070e+00  6.7364465900e-01  2.3348519350e+00
    1.5900000000e+00  9.7507920630e+00  8.5326582090e+00  9.8516428900e+00  1.0687430050e+00  6.9013084600e-01  2.4025756920e+00
    1.6000000000e+00  9.7858311700e+00  8.5489369100e+00  9.8470893760e+00  1.1165496820e+00  7.0697273800e-01  2.4715021600e+00
    1.6100000000e+00  9.8198219260e+00  8.5654769400e+00  9.8405069930e+00  1.1669207600e+00  7.2426678200e-01  2.5416955120e+00
    1.6200000000e+00  9.8524908680e+00  8.5822333730e+00  9.8315366970e+00  1.2198600900e+00  7.4210147600e-01  2.6131221430e+00
    1.6300000000e+00  9.8835521350e+00  8.5991397250e+00  9.8198232490e+00  1.2753308670e+00  7.6055008800e-01  2.6856494380e+00
    1.6400000000e+00  9.9127158160e+00  8.6161145000e+00  9.8050443160e+00  1.3332520600e+00  7.7966606100e-01  2.7590575470e+00
    1.6500000000e+00  9.9396970950e+00  8.6330681180e+00  9.7869297150e+00  1.3934971150e+00  7.9948114600e-01  2.8330594190e+00
    1.6600000000e+00  9.9642254410e+00  8.6499092370e+00  9.7652693100e+00  1.4558949920e+00  8.2000580100e-01  2.9073227450e+00
    1.6700000000e+00  9.9860532000e+00  8.6665499340e+00  9.7399117230e+00  1.5202333480e+00  8.4123114900e-01  2.9814881100e+00
    1.6800000000e+00  1.0004963120e+01  8.6829096080e+00  9.7107584720e+00  1.5862634900e+00  8.6313185900e-01  3.0551803010e+00
    1.6900000000e+00  1.0020774554e+01  8.6989176720e+00  9.6777584960e+00  1.6537067230e+00  8.8566944300e-01  3.1280130320e+00
    1.7000000000e+00  1.0033348201e+01  8.7145151930e+00  9.6409063000e+00  1.7222617360e+00  9.0879568400e-01  3.1995899790e+00
    1.7100000000e+00  1.0042589346e+01  8.7296556060e+00  9.6002442980e+00  1.7916128280e+00  9.3245597900e-01  3.2695058670e+00
    1.7200000000e+00  1.0048449406e+01  8.7443046210e+00  9.5558675560e+00  1.8614388470e+00  9.5659241700e-01  3.3373503260e+00
    1.7300000000e+00  1.0050925483e+01  8.7584394740e+00  9.5079282700e+00  1.9314226940e+00  9.8114643300e-01  3.4027151910e+00
    1.7400000000e+00  1.0050057389e+01  8.7720477340e+00  9.4566379680e+00  2.0012610330e+00  1.0060609180e+00  3.4652040790e+00
    1.7500000000e+00  1.0045921599e+01  8.7851258950e+00  9.4022669940e+00  2.0706733930e+00  1.0312817790e+00  3.5244424070e+00
    1.7600000000e+00  1.0038621901e+01  8.7976779000e+00  9.3451421780e+00  2.1394093350e+00  1.0567590340e+00  3.5800866930e+00
    1.7700000000e+00  1.0028277229e+01  8.8097136710e+00  9.2856438470e+00  2.2072519460e+00  1.0824475400e+00  3.6318332550e+00
    1.7800000000e+00  1.0015008266e+01  8.8212476280e+00  9.2242025270e+00  2.2740160260e+00  1.1083073720e+00  3.6794274170e+00
    1.7900000000e+00  9.9989254260e+00  8.8322972540e+00  9.1612943270e+00  2.3395401350e+00  1.1343038050e+00  3.7226743140e+00
    1.8000000000e+00  9.9801213930e+00  8.8428818560e+00  9.0974330460e+00  2.4036731930e+00  1.1604068140e+00  3.7614512550e+00
    1.8100000000e+00  9.9586709070e+00  8.8530218090e+00  9.0331571000e+00  2.4662580880e+00  1.1865901920e+00  3.7957199860e+00
    1.8200000000e+00  9.9346390220e+00  8.8627385000e+00  8.9690106350e+00  2.5271161210e+00  1.2128305590e+00  3.8255358410e+00
    1.8300000000e+00  9.9080968660e+00  8.8720550140e+00  8.9055202210e+00  2.5860365160e+00  1.2391067210e+00  3.8510504600e+00
    1.8400000000e+00  9.8791418520e+00  8.8809972700e+00  8.8431704900e+00  2.6427742550e+00  1.2653998340e+00  3.8725058990e+00
    1.8500000000e+00  9.8479179770e+00  8.8895950740e+00  8.7823830220e+00  2.6970575980e+00  1.2916946150e+00  3.8902201280e+00
    1.8600000000e+00  9.8146318010e+00  8.8978824260e+00  8.7235021930e+00  2.7486043740e+00  1.3179814870e+00  3.9045664160e+00
    1.8700000000e+00  9.7795607330e+00  8.9058965700e+00  8.6667896870e+00  2.7971442020e+00  1.3442591930e+00  3.9159507040e+00
    1.8800000000e+00  9.7430520010e+00  8.9136755340e+00  8.6124268050e+00  2.8424427880e+00  1.3705371550e+00  3.9247911340e+00
    1.8900000000e+00  9.7055125400e+00  8.9212543510e+00  8.5605217080e+00  2.8843243210e+00  1.3968367610e+00  3.9315024150e+00
    1.9000000000e+00  9.6673915720e+00  8.9286605440e+00  8.5111181330e+00  2.9226886670e+00  1.4231909380e+00  3.9364854430e+00
    1.9100000000e+00  9.6291587300e+00  8.9359097640e+00  8.4642030950e+00  2.9575212220e+00  1.4496416840e+00  3.9401205650e+00
    1.9200000000e+00  9.5912810140e+00  8.9430025940e+00  8.4197129240e+00  2.9888946760e+00  1.4762357470e+00  3.9427621500e+00
    1.9300000000e+00  9.5542017350e+00  8.9499233210e+00  8.3775387490e+00  3.0169633680e+00  1.5030191330e+00  3.9447327350e+00
    1.9400000000e+00  9.5183238820e+00  8.9566410880e+00  8.3375332500e+00  3.0419521100e+00  1.5300314780e+00  3.9463166230e+00
    1.9500000000e+00  9.4839991550e+00  8.9631132290e+00  8.2995198730e+00  3.0641421010e+00  1.5573014040e+00  3.9477543330e+00
    1.9600000000e+00  9.4515225290e+00  8.9692900830e+00  8.2633042250e+00  3.0838566190e+00  1.5848437540e+00  3.9492399030e+00
    1.9700000000e+00  9.4211310220e+00  8.9751202260e+00  8.2286858880e+00  3.1014485720e+00  1.6126590970e+00  3.9509223680e+00
    1.9800000000e+00  9.3930047030e+00  8.9805550610e+00  8.1954683290e+00  3.1172908010e+00  1.6407353650e+00  3.9529113320e+00
    1.9900000000e+00  9.3672681050e+00  8.9855519250e+00  8.1634651150e+00  3.1317688780e+00  1.6690509760e+00  3.9552850810e+00
    2.0000000000e+00  9.3439909830e+00  8.9900753140e+00  8.1325018780e+00  3.1452753310e+00  1.6975785530e+00  3.9580990400e+00
    2.0100000000e+00  9.3231882120e+00  8.9940962800e+00  8.1024147840e+00  3.1582040530e+00  1.7262883000e+00  3.9613925710e+00
    2.0200000000e+00  9.3048193810e+00  8.9975904820e+00  8.0730469820e+00  3.1709441030e+00  1.7551502540e+00  3.9651929960e+00
    2.0300000000e+00  9.2887887710e+00  9.0005356400e+00  8.0442446750e+00  3.1838726350e+00  1.7841349960e+00  3.9695165850e+00
    2.0400000000e+00  9.2749462890e+00  9.0029092520e+00  8.0158541800e+00  3.1973471540e+00  1.8132127810e+00  3.9743669800e+00
    2.0500000000e+00  9.2630895910e+00  9.0046873100e+00  7.9877209510e+00  3.2116974490e+00  1.8423515150e+00  3.9797319400e+00
    2.0600000000e+00  9.2529674600e+00  9.0058444200e+00  7.9596910960e+00  3.2272174300e+00  1.8715142870e+00  3.9855795990e+00
    2.0700000000e+00  9.2442844930e+00  9.0063552700e+00  7.9316153300e+00  3.2441570000e+00  1.9006572920e+00  3.9918555840e+00
    2.0800000000e+00  9.2367072800e+00  9.0061969090e+00  7.9033545930e+00  3.2627140610e+00  1.9297287190e+00  3.9984822090e+00
    2.0900000000e+00  9.2298723590e+00  9.0053511300e+00  7.8747859850e+00  3.2830269160e+00  1.9586687300e+00  4.0053604050e+00
    2.1000000000e+00  9.2233961900e+00  9.0038063810e+00  7.8458074270e+00  3.3051675200e+00  1.9874101630e+00  4.0123740890e+00
    2.1100000000e+00  9.2168872380e+00  9.0015591010e+00  7.8163400180e+00  3.3291362410e+00  2.0158793400e+00  4.0193958150e+00
    2.1200000000e+00  9.2099600300e+00  8.9986148620e+00  7.7863280040e+00  3.3548588910e+00  2.0439965200e+00  4.0262921420e+00
    2.1300000000e+00  9.2022507510e+00  8.9949899600e+00  7.7557372680e+00  3.3821868210e+00  2.0716759990e+00  4.0329276210e+00
    2.1400000000e+00  9.1934336620e+00  8.9907139390e+00  7.7245537120e+00  3.4109008030e+00  2.0988263690e+00  4.0391672140e+00
    2.1500000000e+00  9.1832373000e+00  8.9858330680e+00  7.6927824470e+00  3.4407192830e+00  2.1253517580e+00  4.0448779800e+00
    2.1600000000e+00  9.1714590860e+00  8.9804142330e+00  7.6604478010e+00  3.4713112980e+00  2.1511547540e+00  4.0499312170e+00
    2.1700000000e+00  9.1579767120e+00  8.9745483500e+00  7.6275932150e+00  3.5023138630e+00  2.1761413590e+00  4.0542058490e+00
    2.1800000000e+00  9.1427545810e+00  8.9683523370e+00  7.5942797240e+00  3.5333529610e+00  2.2002277740e+00  4.0575928640e+00
    2.1900000000e+00  9.1258438640e+00  8.9619688490e+00  7.5605821640e+00  3.5640664900e+00  2.2233484470e+00  4.0599997140e+00
    2.2000000000e+00  9.1073753580e+00  8.9555633020e+00  7.5265831200e+00  3.5941268620e+00  2.2454645460e+00  4.0613531400e+00
    2.2100000000e+00  9.0875453350e+00  8.9493179920e+00  7.4923656570e+00  3.6232605660e+00  2.2665719160e+00  4.0615991350e+00
    2.2200000000e+00  9.0665957010e+00  8.9434233830e+00  7.4580064310e+00  3.6512621420e+00  2.2867075370e+00  4.0606995420e+00
    2.2300000000e+00  9.0447908200e+00  8.9380669860e+00  7.4235708990e+00  3.6780006430e+00  2.3059534490e+00  4.0586257190e+00
    2.2400000000e+00  9.0223940620e+00  8.9334206140e+00  7.3891119010e+00  3.7034177320e+00  2.3244371840e+00  4.0553505210e+00
    2.2500000000e+00  8.9996473420e+00  8.9296272880e+00  7.3546721390e+00  3.7275178910e+00  2.3423280180e+00  4.0508403940e+00
    2.2600000000e+00  8.9767564960e+00  8.9267893680e+00  7.3202901360e+00  3.7503525820e+00  2.3598289020e+00  4.0450494220e+00
    2.2700000000e+00  8.9538843260e+00  8.9249595410e+00  7.2860083660e+00  3.7720013020e+00  2.3771646500e+00  4.0379168130e+00
    2.2800000000e+00  8.9311516720e+00  8.9241358690e+00  7.2518815670e+00  3.7925529760e+00  2.3945676230e+00  4.0293684530e+00
    2.2900000000e+00  8.9086453270e+00  8.9242615030e+00  7.2179831910e+00  3.8120908560e+00  2.4122625060e+00  4.0193219950e+00
    2.3000000000e+00  8.8864304580e+00  8.9252289700e+00  7.1844085370e+00  3.8306831530e+00  2.4304517520e+00  4.0076938390e+00
    2.3100000000e+00  8.8645646730e+00  8.9268884960e+00  7.1512743400e+00  3.8483803450e+00  2.4493030060e+00  3.9944057910e+00
    2.3200000000e+00  8.8431110340e+00  8.9290595890e+00  7.1187160620e+00  3.8652189190e+00  2.4689395210e+00  3.9793895120e+00
    2.3300000000e+00  8.8221477270e+00  8.9315449440e+00  7.0868850460e+00  3.8812304960e+00  2.4894343870e+00  3.9625880980e+00
    2.3400000000e+00  8.8017726310e+00  8.9341455430e+00  7.0559476960e+00  3.8964547490e+00  2.5108092460e+00  3.9439557700e+00
    2.3500000000e+00  8.7821014380e+00  8.9366754760e+00  7.0260876550e+00  3.9109540190e+00  2.5330379000e+00  3.9234579800e+00
    2.3600000000e+00  8.7632586060e+00  8.9389747320e+00  6.9975101290e+00  3.9248269510e+00  2.5560547060e+00  3.9010745070e+00
    2.3700000000e+00  8.7453614940e+00  8.9409181520e+00  6.9704458200e+00  3.9382179010e+00  2.5797668890e+00  3.8768070980e+00
    2.3800000000e+00  8.7284995880e+00  8.9424191470e+00  6.9451512530e+00  3.9513188720e+00  2.6040690840e+00  3.8506912540e+00
    2.3900000000e+00  8.7127124580e+00  8.9434275450e+00  6.9219029500e+00  3.9643615750e+00  2.6288578240e+00  3.8228097530e+00
    2.4000000000e+00  8.6979713250e+00  8.9439220380e+00  6.9009847570e+00  3.9775991560e+00  2.6540435500e+00  3.7933042950e+00
    2.4100000000e+00  8.6841691700e+00  8.9438987410e+00  6.8826697530e+00  3.9912796940e+00  2.6795580530e+00  3.7623817570e+00
    2.4200000000e+00  8.6711229320e+00  8.9433581840e+00  6.8671998880e+00  4.0056160410e+00  2.7053561460e+00  3.7303128810e+00
    2.4300000000e+00  8.6585887170e+00  8.9422933890e+00  6.8547670410e+00  4.0207579660e+00  2.7314114960e+00  3.6974231930e+00
    2.4400000000e+00  8.6462878520e+00  8.9406814580e+00  6.8454986020e+00  4.0367724500e+00  2.7577077230e+00  3.6640777460e+00
    2.4500000000e+00  8.6339390440e+00  8.9384803170e+00  6.8394493590e+00  4.0536362300e+00  2.7842268490e+00  3.6306623540e+00
    2.4600000000e+00  8.6212905870e+00  8.9356311980e+00  6.8365999280e+00  4.0712418720e+00  2.8109376670e+00  3.5975641520e+00
    2.4700000000e+00  8.6081468760e+00  8.9320662090e+00  6.8368608570e+00  4.0894157250e+00  2.8377865500e+00  3.5651536950e+00
    2.4800000000e+00  8.5943851280e+00  8.9277193370e+00  6.8400809910e+00  4.1079437990e+00  2.8646926320e+00  3.5337699800e+00
    2.4900000000e+00  8.5799606200e+00  8.9225385810e+00  6.8460586930e+00  4.1266005590e+00  2.8915483890e+00  3.5037089750e+00
    2.5000000000e+00  8.5649010910e+00  8.9164967380e+00  6.8545547390e+00  4.1451758770e+00  2.9182254690e+00  3.4752158160e+00
    2.5100000000e+00  8.5492926170e+00  8.9095986760e+00  6.8653059730e+00  4.1634965270e+00  2.9445846030e+00  3.4484806200e+00
    2.5200000000e+00  8.5332601570e+00  8.9018837440e+00  6.8780388860e+00  4.1814401100e+00  2.9704875590e+00  3.4236377970e+00
    2.5300000000e+00  8.5169460640e+00  8.8934230110e+00  6.8924823330e+00  4.1989407740e+00  2.9958087380e+00  3.4007686500e+00
    2.5400000000e+00  8.5004894530e+00  8.8843122230e+00  6.9083786280e+00  4.2159872280e+00  3.0204442010e+00  3.3799068590e+00
    2.5500000000e+00  8.4840087640e+00  8.8746622340e+00  6.9254923850e+00  4.2326143340e+00  3.0443166100e+00  3.3610462590e+00
    2.5600000000e+00  8.4675891020e+00  8.8645890950e+00  6.9436166320e+00  4.2488900610e+00  3.0673756710e+00  3.3441502020e+00
    2.5700000000e+00  8.4512752040e+00  8.8542058180e+00  6.9625759550e+00  4.2648998190e+00  3.0895947090e+00  3.3291616790e+00
    2.5800000000e+00  8.4350702330e+00  8.8436171570e+00  6.9822265810e+00  4.2807301390e+00  3.1109648030e+00  3.3160133560e+00
    2.5900000000e+00  8.4189400370e+00  8.8329178600e+00  7.0024535630e+00  4.2964534840e+00  3.1314882450e+00  3.3046366000e+00
    2.6000000000e+00  8.4028221150e+00  8.8221940260e+00  7.0231655370e+00  4.3121157510e+00  3.1511729180e+00  3.2949685910e+00
    2.6100000000e+00  8.3866382110e+00  8.8115265800e+00  7.0442878860e+00  4.3277277130e+00  3.1700287670e+00  3.2869567630e+00
    2.6200000000e+00  8.3703091430e+00  8.8009955990e+00  7.0657554740e+00  4.3432614050e+00  3.1880669080e+00  3.2805601830e+00
    2.6300000000e+00  8.3537701520e+00  8.7906841700e+00  7.0875062210e+00  4.3586520520e+00  3.2053013450e+00  3.2757480360e+00
    2.6400000000e+00  8.3369848150e+00  8.7806806680e+00  7.1094766340e+00  4.3738056370e+00  3.2217527270e+00  3.2724959260e+00
    2.6500000000e+00  8.3199554240e+00  8.7710787120e+00  7.1315999470e+00  4.3886114300e+00  3.2374532100e+00  3.2707811910e+00
    2.6600000000e+00  8.3027279920e+00  8.7619744790e+00  7.1538068640e+00  4.4029580010e+00  3.2524512620e+00  3.2705785430e+00
    2.6700000000e+00  8.2853906550e+00  8.7534615670e+00  7.1760283040e+00  4.4167504080e+00  3.2668152300e+00  3.2718571820e+00
    2.6800000000e+00  8.2680652780e+00  8.7456240490e+00  7.1981990840e+00  4.4299257910e+00  3.2806346160e+00  3.2745800290e+00
    2.6900000000e+00  8.2508933260e+00  8.7385288220e+00  7.2202613970e+00  4.4424646170e+00  3.2940182920e+00  3.2787051220e+00
    2.7000000000e+00  8.2340182010e+00  8.7322186310e+00  7.2421671460e+00  4.4543954650e+00  3.3070893900e+00  3.2841887260e+00
    2.7100000000e+00  8.2175670390e+00  8.7267073180e+00  7.2638785560e+00  4.4657924060e+00  3.3199772600e+00  3.2909894150e+00
    2.7200000000e+00  8.2016350330e+00  8.7219785890e+00  7.2853668460e+00  4.4767653980e+00  3.3328076350e+00  3.2990723130e+00
    2.7300000000e+00  8.1862748880e+00  8.7179889800e+00  7.3066090130e+00  4.4874453680e+00  3.3456927520e+00  3.3084127270e+00
    2.7400000000e+00  8.1714930090e+00  8.7146747410e+00  7.3275829950e+00  4.4979665250e+00  3.3587234310e+00  3.3189983980e+00
    2.7500000000e+00  8.1572528920e+00  8.7119613630e+00  7.3482617770e+00  4.5084487590e+00  3.3719647740e+00  3.3308296740e+00
    2.7600000000e+00  8.1434850710e+00  8.7097738000e+00  7.3686073630e+00  4.5189829370e+00  3.3854563230e+00  3.3439170790e+00
    2.7700000000e+00  8.1301019590e+00  8.7080452040e+00  7.3885658690e+00  4.5296214170e+00  3.3992164630e+00  3.3582761950e+00
    2.7800000000e+00  8.1170151370e+00  8.7067224860e+00  7.4080649990e+00  4.5403753280e+00  3.4132497990e+00  3.3739204700e+00
    2.7900000000e+00  8.1041521270e+00  8.7057677830e+00  7.4270148330e+00  4.5512191290e+00  3.4275556510e+00  3.3908532150e+00
    2.8000000000e+00  8.0914696340e+00  8.7051559640e+00  7.4453120620e+00  4.5621015870e+00  3.4421356610e+00  3.4090604520e+00
    2.8100000000e+00  8.0789608160e+00  8.7048691730e+00  7.4628469190e+00  4.5729610950e+00  3.4569988690e+00  3.4285061800e+00
    2.8200000000e+00  8.0666553530e+00  8.7048899650e+00  7.4795113800e+00  4.5837422410e+00  3.4721633160e+00  3.4491310370e+00
    2.8300000000e+00  8.0546126050e+00  8.7051948380e+00  7.4952068770e+00  4.5944103220e+00  3.4876540120e+00  3.4708544720e+00
    2.8400000000e+00  8.0429097500e+00  8.7057497390e+00  7.5098500330e+00  4.6049610580e+00  3.5034979510e+00  3.4935796680e+00
    2.8500000000e+00  8.0316277570e+00  8.7065087060e+00  7.5233755250e+00  4.6154240160e+00  3.5197174450e+00  3.5171998810e+00
    2.8600000000e+00  8.0208383200e+00  8.7074160530e+00  7.5357359750e+00  4.6258599160e+00  3.5363234640e+00  3.5416046800e+00
    2.8700000000e+00  8.0105942110e+00  8.7084117010e+00  7.5468995020e+00  4.6363533650e+00  3.5533106810e+00  3.5666848020e+00
    2.8800000000e+00  8.0009243030e+00  8.7094384910e+00  7.5568460130e+00  4.6470034580e+00  3.5706555300e+00  3.5923349040e+00
    2.8900000000e+00  7.9918331000e+00  8.7104497680e+00  7.5655634300e+00  4.6579147110e+00  3.5883178980e+00  3.6184541470e+00
    2.9000000000e+00  7.9833035190e+00  8.7114154910e+00  7.5730447730e+00  4.6691901680e+00  3.6062460980e+00  3.6449450790e+00
    2.9100000000e+00  7.9753010980e+00  8.7123255120e+00  7.5792866110e+00  4.6809274830e+00  3.6243839880e+00  3.6717115920e+00
    2.9200000000e+00  7.9677779060e+00  8.7131894780e+00  7.5842888800e+00  4.6932177250e+00  3.6426785860e+00  3.6986567230e+00
    2.9300000000e+00  7.9606749880e+00  8.7140337350e+00  7.5880557900e+00  4.7061459120e+00  3.6610865850e+00  3.7256808230e+00
    2.9400000000e+00  7.9539229560e+00  8.7148962980e+00  7.5905974400e+00  4.7197919520e+00  3.6795786780e+00  3.7526803200e+00
    2.9500000000e+00  7.9474411370e+00  8.7158212350e+00  7.5919318650e+00  4.7342308300e+00  3.6981414090e+00  3.7795470780e+00
    2.9600000000e+00  7.9411361610e+00  8.7168535860e+00  7.5920874590e+00  4.7495313940e+00  3.7167769570e+00  3.8061683480e+00
    2.9700000000e+00  7.9349010040e+00  8.7180354030e+00  7.5911057530e+00  4.7657537210e+00  3.7355017020e+00  3.8324273950e+00
    2.9800000000e+00  7.9286152550e+00  8.7194028530e+00  7.5890445030e+00  4.7829456400e+00  3.7543443970e+00  3.8582050990e+00
    2.9900000000e+00  7.9221468980e+00  8.7209839100e+00  7.5859807580e+00  4.8011392160e+00  3.7733444280e+00  3.8833828550e+00
    3.0000000000e+00  7.9153553310e+00  8.7227960750e+00  7.5820133190e+00  4.8203480020e+00  3.7925501160e+00  3.9078469770e+00
    3.0100000000e+00  7.9080950730e+00  8.7248437890e+00  7.5772638220e+00  4.8405655030e+00  3.8120165840e+00  3.9314944280e+00
    3.0200000000e+00  7.9002194420e+00  8.7271157310e+00  7.5718757790e+00  4.8617649050e+00  3.8318025320e+00  3.9542392470e+00
    3.0300000000e+00  7.8915836820e+00  8.7295826890e+00  7.5660113270e+00  4.8838997600e+00  3.8519654770e+00  3.9760187280e+00
    3.0400000000e+00  7.8820473020e+00  8.7321970290e+00  7.5598459730e+00  4.9069051230e+00  3.8725554810e+00  3.9967983090e+00
    3.0500000000e+00  7.8714756600e+00  8.7348947780e+00  7.5535621470e+00  4.9306986700e+00  3.8936080980e+00  4.0165744870e+00
    3.0600000000e+00  7.8597410880e+00  8.7376008580e+00  7.5473426140e+00  4.9551814260e+00  3.9151378840e+00  4.0353756270e+00
    3.0700000000e+00  7.8467239420e+00  8.7402372560e+00  7.5413646000e+00  4.9802379950e+00  3.9371340720e+00  4.0532611500e+00
    3.0800000000e+00  7.8323139550e+00  8.7427329920e+00  7.5357949680e+00  5.0057363760e+00  3.9595598390e+00  4.0703199380e+00
    3.0900000000e+00  7.8164121340e+00  8.7450341010e+00  7.5307861320e+00  5.0315276330e+00  3.9823558650e+00  4.0866687160e+00
    3.1000000000e+00  7.7989332510e+00  8.7471116200e+00  7.5264720100e+00  5.0574457450e+00  4.0054479390e+00  4.1024506840e+00
    3.1100000000e+00  7.7798088450e+00  8.7489659080e+00  7.5229633050e+00  5.0833079130e+00  4.0287573780e+00  4.1178340300e+00
    3.1200000000e+00  7.7589905280e+00  8.7506264170e+00  7.5203418830e+00  5.1089154570e+00  4.0522123690e+00  4.1330095120e+00
    3.1300000000e+00  7.7364534660e+00  8.7521469930e+00  7.5186546430e+00  5.1340553250e+00  4.0757582030e+00  4.1481861840e+00
    3.1400000000e+00  7.7122000190e+00  8.7535977230e+00  7.5179078680e+00  5.1585021950e+00  4.0993646480e+00  4.1635847880e+00
    3.1500000000e+00  7.6862636410e+00  8.7550549310e+00  7.5180631970e+00  5.1820213210e+00  4.1230294530e+00  4.1794289340e+00
    3.1600000000e+00  7.6587130370e+00  8.7565911260e+00  7.5190361440e+00  5.2043724690e+00  4.1467777920e+00  4.1959348230e+00
    3.1700000000e+00  7.6296562940e+00  8.7582664570e+00  7.5206975530e+00  5.2253154740e+00  4.1706582490e+00  4.2133005710e+00
    3.1800000000e+00  7.5992442840e+00  8.7601227060e+00  7.5228778150e+00  5.2446177990e+00  4.1947364850e+00  4.2316961450e+00
    3.1900000000e+00  7.5676723230e+00  8.7621802060e+00  7.5253733740e+00  5.2620641190e+00  4.2190878620e+00  4.2512545390e+00
    3.2000000000e+00  7.5351790530e+00  8.7644375170e+00  7.5279550380e+00  5.2774673640e+00  4.2437901890e+00  4.2720644790e+00
    3.2100000000e+00  7.5020418110e+00  8.7668733600e+00  7.5303779140e+00  5.2906801430e+00  4.2689174570e+00  4.2941647590e+00
    3.2200000000e+00  7.4685682760e+00  8.7694501520e+00  7.5323929720e+00  5.3016052090e+00  4.2945350920e+00  4.3175405350e+00
    3.2300000000e+00  7.4350847500e+00  8.7721184690e+00  7.5337602120e+00  5.3102036110e+00  4.3206970410e+00  4.3421223010e+00
    3.2400000000e+00  7.4019218850e+00  8.7748216890e+00  7.5342628750e+00  5.3164993840e+00  4.3474447880e+00  4.3677886170e+00
    3.2500000000e+00  7.3693990500e+00  8.7775000790e+00  7.5337213230e+00  5.3205799350e+00  4.3748081850e+00  4.3943735270e+00
    3.2600000000e+00  7.3378088050e+00  8.7800936090e+00  7.5320045340e+00  5.3225917020e+00  4.4028076400e+00  4.4216789110e+00
    3.2700000000e+00  7.3074031390e+00  8.7825429900e+00  7.5290369130e+00  5.3227311590e+00  4.4314568960e+00  4.4494907860e+00
    3.2800000000e+00  7.2783831380e+00  8.7847888890e+00  7.5247987550e+00  5.3212319350e+00  4.4607653980e+00  4.4775974130e+00
    3.2900000000e+00  7.2508933770e+00  8.7867698080e+00  7.5193199180e+00  5.3183495340e+00  4.4907392980e+00  4.5058062440e+00
    3.3000000000e+00  7.2250216280e+00  8.7884195830e+00  7.5126677980e+00  5.3143456490e+00  4.5213805150e+00  4.5339568940e+00
    3.3100000000e+00  7.2008034540e+00  8.7896656700e+00  7.5049319430e+00  5.3094742180e+00  4.5526838750e+00  4.5619281760e+00
    3.3200000000e+00  7.1782303110e+00  8.7904292260e+00  7.4962081650e+00  5.3039708530e+00  4.5846329540e+00  4.5896386140e+00
    3.3300000000e+00  7.1572592050e+00  8.7906275340e+00  7.4865847770e+00  5.2980463700e+00  4.6171957140e+00  4.6170412330e+00
    3.3400000000e+00  7.1378220480e+00  8.7901786830e+00  7.4761327570e+00  5.2918840350e+00  4.6503211430e+00  4.6441143300e+00
    3.3500000000e+00  7.1198335040e+00  8.7890078790e+00  7.4649006130e+00  5.2856393540e+00  4.6839379190e+00  4.6708502950e+00
    3.3600000000e+00  7.1031971070e+00  8.7870543310e+00  7.4529138030e+00  5.2794410500e+00  4.7179556810e+00  4.6972443970e+00
    3.3700000000e+00  7.0878101650e+00  8.7842775610e+00  7.4401779860e+00  5.2733922680e+00  4.7522689770e+00  4.7232849920e+00
    3.3800000000e+00  7.0735682590e+00  8.7806620740e+00  7.4266850990e+00  5.2675718130e+00  4.7867634370e+00  4.7489460770e+00
    3.3900000000e+00  7.0603697980e+00  8.7762196490e+00  7.4124211720e+00  5.2620358700e+00  4.8213233530e+00  4.7741826910e+00
    3.4000000000e+00  7.0481204680e+00  8.7709889220e+00  7.3973749400e+00  5.2568208110e+00  4.8558396210e+00  4.7989293120e+00
    3.4100000000e+00  7.0367369020e+00  8.7650323900e+00  7.3815463170e+00  5.2519473780e+00  4.8902170330e+00  4.8231011930e+00
    3.4200000000e+00  7.0261487410e+00  8.7584313440e+00  7.3649539500e+00  5.2474259140e+00  4.9243800290e+00  4.8465984330e+00
    3.4300000000e+00  7.0162986220e+00  8.7512795020e+00  7.3476410580e+00  5.2432618240e+00  4.9582763940e+00  4.8693123660e+00
    3.4400000000e+00  7.0071401760e+00  8.7436762270e+00  7.3296788890e+00  5.2394602310e+00  4.9918787020e+00  4.8911336240e+00
    3.4500000000e+00  6.9986347050e+00  8.7357201450e+00  7.3111673430e+00  5.2360290800e+00  5.0251837030e+00  4.9119610090e+00
    3.4600000000e+00  6.9907474320e+00  8.7275037610e+00  7.2922326730e+00  5.2329803980e+00  5.0582101190e+00  4.9317101290e+00
    3.4700000000e+00  6.9834441550e+00  8.7191094200e+00  7.2730225510e+00  5.2303299530e+00  5.0909954920e+00  4.9503208260e+00
    3.4800000000e+00  6.9766888050e+00  8.7106065550e+00  7.2536991820e+00  5.2280958230e+00  5.1235927200e+00  4.9677625990e+00
    3.4900000000e+00  6.9704420660e+00  8.7020499630e+00  7.2344313140e+00  5.2262964750e+00  5.1560667580e+00  4.9840376180e+00
    3.5000000000e+00  6.9646609190e+00  8.6934786360e+00  7.2153860440e+00  5.2249488140e+00  5.1884916650e+00  4.9991812480e+00
    3.5100000000e+00  6.9592988790e+00  8.6849147660e+00  7.1967212280e+00  5.2240664470e+00  5.2209478870e+00  5.0132603440e+00
    3.5200000000e+00  6.9543067300e+00  8.6763627970e+00  7.1785790630e+00  5.2236582790e+00  5.2535194340e+00  5.0263698260e+00
    3.5300000000e+00  6.9496335970e+00  8.6678086420e+00  7.1610811680e+00  5.2237274600e+00  5.2862906380e+00  5.0386281730e+00
    3.5400000000e+00  6.9452282770e+00  8.6592194850e+00  7.1443251520e+00  5.2242707420e+00  5.3193423920e+00  5.0501724620e+00
    3.5500000000e+00  6.9410407120e+00  8.6505445580e+00  7.1283824160e+00  5.2252782950e+00  5.3527480580e+00  5.0611534830e+00
    3.5600000000e+00  6.9370234290e+00  8.6417171200e+00  7.1132967480e+00  5.2267340590e+00  5.3865695180e+00  5.0717311410e+00
    3.5700000000e+00  6.9331327040e+00  8.6326575450e+00  7.0990833220e+00  5.2286165960e+00  5.4208538970e+00  5.0820701050e+00
    3.5800000000e+00  6.9293292130e+00  8.6232771490e+00  7.0857278670e+00  5.2309002570e+00  5.4556313520e+00  5.0923354070e+00
    3.5900000000e+00  6.9255780510e+00  8.6134822660e+00  7.0731860770e+00  5.2335563480e+00  5.4909140450e+00  5.1026876600e+00
    3.6000000000e+00  6.9218482000e+00  8.6031781520e+00  7.0613835550e+00  5.2365539100e+00  5.5266961900e+00  5.1132776350e+00
    3.6100000000e+00  6.9181117710e+00  8.5922724840e+00  7.0502167550e+00  5.2398598250e+00  5.5629548940e+00  5.1242402160e+00
    3.6200000000e+00  6.9143434790e+00  8.5806784040e+00  7.0395553570e+00  5.2434381650e+00  5.5996515830e+00  5.1356879500e+00
    3.6300000000e+00  6.9105208150e+00  8.5683171160e+00  7.0292464020e+00  5.2472490030e+00  5.6367339040e+00  5.1477046960e+00
    3.6400000000e+00  6.9066252180e+00  8.5551200020e+00  7.0191203000e+00  5.2512471350e+00  5.6741381080e+00  5.1603399610e+00
    3.6500000000e+00  6.9026442780e+00  8.5410300560e+00  7.0089985740e+00  5.2553812780e+00  5.7117918780e+00  5.1736045900e+00
    3.6600000000e+00  6.8985747060e+00  8.5260023980e+00  6.9987029840e+00  5.2595942950e+00  5.7496174370e+00  5.1874684110e+00
    3.6700000000e+00  6.8944255960e+00  8.5100036710e+00  6.9880654170e+00  5.2638248010e+00  5.7875345270e+00  5.2018603280e+00
    3.6800000000e+00  6.8902213560e+00  8.4930103910e+00  6.9769377920e+00  5.2680103320e+00  5.8254627240e+00  5.2166711070e+00
    3.6900000000e+00  6.8860036530e+00  8.4750066240e+00  6.9652011300e+00  5.2720919570e+00  5.8633225750e+00  5.2317588380e+00
    3.7000000000e+00  6.8818317570e+00  8.4559816580e+00  6.9527730020e+00  5.2760200190e+00  5.9010353100e+00  5.2469567820e+00
    3.7100000000e+00  6.8777807410e+00  8.4359284160e+00  6.9396126770e+00  5.2797604050e+00  5.9385212280e+00  5.2620830350e+00
    3.7200000000e+00  6.8739372470e+00  8.4148432470e+00  6.9257235080e+00  5.2833005580e+00  5.9756972740e+00  5.2769512940e+00
    3.7300000000e+00  6.8703927570e+00  8.3927274210e+00  6.9111523440e+00  5.2866542390e+00  6.0124745710e+00  5.2913818580e+00
    3.7400000000e+00  6.8672347460e+00  8.3695902440e+00  6.8959860100e+00  5.2898639650e+00  6.0487567820e+00  5.3052119960e+00
    3.7500000000e+00  6.8645365870e+00  8.3454533190e+00  6.8803451980e+00  5.2930001690e+00  6.0844400840e+00  5.3183048330e+00
    3.7600000000e+00  6.8623475260e+00  8.3203551480e+00  6.8643763650e+00  5.2961564010e+00  6.1194152550e+00  5.3305561080e+00
    3.7700000000e+00  6.8606844250e+00  8.2943550440e+00  6.8482423920e+00  5.2994405650e+00  6.1535719970e+00  5.3418983680e+00
    3.7800000000e+00  6.8595269960e+00  8.2675353260e+00  6.8321127980e+00  5.3029629130e+00  6.1868051130e+00  5.3523024620e+00
    3.7900000000e+00  6.8588178770e+00  8.2400009970e+00  6.8161542940e+00  5.3068223850e+00  6.2190216850e+00  5.3617764260e+00
    3.8000000000e+00  6.8584680780e+00  8.2118765620e+00  6.8005223170e+00  5.3110934480e+00  6.2501480540e+00  5.3703620370e+00
    3.8100000000e+00  6.8583672780e+00  8.1833002760e+00  6.7853541180e+00  5.3158157020e+00  6.2801353300e+00  5.3781294680e+00
    3.8200000000e+00  6.8583974460e+00  8.1544166970e+00  6.7707638170e+00  5.3209880870e+00  6.3089624340e+00  5.3851705850e+00
    3.8300000000e+00  6.8584475670e+00  8.1253687760e+00  6.7568396630e+00  5.3265685980e+00  6.3366362350e+00  5.3915915430e+00
    3.8400000000e+00  6.8584271880e+00  8.0962907840e+00  6.7436435740e+00  5.3324793320e+00  6.3631889810e+00  5.3975054030e+00
    3.8500000000e+00  6.8582769150e+00  8.0673029820e+00  6.7312127030e+00  5.3386157270e+00  6.3886738400e+00  5.4030254530e+00
    3.8600000000e+00  6.8579748180e+00  8.0385083890e+00  6.7195626240e+00  5.3448583180e+00  6.4131595740e+00  5.4082598250e+00
    3.8700000000e+00  6.8575385210e+00  8.0099914340e+00  6.7086914930e+00  5.3510852810e+00  6.4367252690e+00  5.4133077410e+00
    3.8800000000e+00  6.8570233980e+00  7.9818179400e+00  6.6985845280e+00  5.3571843770e+00  6.4594556310e+00  5.4182574730e+00
    3.8900000000e+00  6.8565175970e+00  7.9540359090e+00  6.6892181860e+00  5.3630633170e+00  6.4814369240e+00  5.4231858440e+00
    3.9000000000e+00  6.8561346170e+00  7.9266768060e+00  6.6805635810e+00  5.3686579980e+00  6.5027533560e+00  5.4281588400e+00
    3.9100000000e+00  6.8560041580e+00  7.8997574130e+00  6.6725889620e+00  5.3739382140e+00  6.5234836790e+00  5.4332328380e+00
    3.9200000000e+00  6.8562618860e+00  7.8732825180e+00  6.6652613100e+00  5.3789105470e+00  6.5436980580e+00  5.4384559400e+00
    3.9300000000e+00  6.8570389320e+00  7.8472486900e+00  6.6585473540e+00  5.3836182270e+00  6.5634555730e+00  5.4438690850e+00
    3.9400000000e+00  6.8584520070e+00  7.8216490850e+00  6.6524143910e+00  5.3881379630e+00  6.5828030020e+00  5.4495068690e+00
    3.9500000000e+00  6.8605951040e+00  7.7964787910e+00  6.6468311860e+00  5.3925740820e+00  6.6017755540e+00  5.4553982430e+00
    3.9600000000e+00  6.8635335640e+00  7.7717397380e+00  6.6417690060e+00  5.3970506940e+00  6.6203999140e+00  5.4615674170e+00
    3.9700000000e+00  6.8673009410e+00  7.7474440360e+00  6.6372026100e+00  5.4017028970e+00  6.6386994250e+00  5.4680352050e+00
    3.9800000000e+00  6.8718986070e+00  7.7236146850e+00  6.6331108040e+00  5.4066680460e+00  6.6567005410e+00  5.4748208810e+00
    3.9900000000e+00  6.8772976520e+00  7.7002831670e+00  6.6294762550e+00  5.4120779530e+00  6.6744392130e+00  5.4819443130e+00
    4.0000000000e+00  6.8834423650e+00  7.6774841710e+00  6.6262843840e+00  5.4180525010e+00  6.6919656500e+00  5.4894279870e+00
    4.0100000000e+00  6.8902545960e+00  7.6552484660e+00  6.6235214410e+00  5.4246947600e+00  6.7093462080e+00  5.4972984440e+00
    4.0200000000e+00  6.8976385090e+00  7.6335955090e+00  6.6211721050e+00  5.4320874260e+00  6.7266617790e+00  5.5055868310e+00
    4.0300000000e+00  6.9054854190e+00  7.6125275020e+00  6.6192170250e+00  5.4402903080e+00  6.7440029310e+00  5.5143284110e+00
    4.0400000000e+00  6.9136787120e+00  7.5920262780e+00  6.6176307540e+00  5.4493386200e+00  6.7614628730e+00  5.5235611440e+00
    4.0500000000e+00  6.9220988590e+00  7.5720537170e+00  6.6163803990e+00  5.4592419630e+00  6.7791298870e+00  5.5333235740e+00
    4.0600000000e+00  6.9306286250e+00  7.5525554540e+00  6.6154252030e+00  5.4699840350e+00  6.7970810080e+00  5.5436524310e+00
    4.0700000000e+00  6.9391584850e+00  7.5334668020e+00  6.6147170460e+00  5.4815231770e+00  6.8153783710e+00  5.5545803480e+00
    4.0800000000e+00  6.9475921930e+00  7.5147192020e+00  6.6142016510e+00  5.4937939290e+00  6.8340689220e+00  5.5661341130e+00
    4.0900000000e+00  6.9558523610e+00  7.4962454180e+00  6.6138201170e+00  5.5067098470e+00  6.8531872160e+00  5.5783336570e+00
    4.1000000000e+00  6.9638857260e+00  7.4779820700e+00  6.6135103020e+00  5.5201677980e+00  6.8727600910e+00  5.5911917390e+00
    4.1100000000e+00  6.9716676000e+00  7.4598689670e+00  6.6132077170e+00  5.5340539040e+00  6.8928115180e+00  5.6047140350e+00
    4.1200000000e+00  6.9792048030e+00  7.4418456820e+00  6.6128458540e+00  5.5482510350e+00  6.9133658090e+00  5.6188991340e+00
    4.1300000000e+00  6.9865363450e+00  7.4238467020e+00  6.6123561990e+00  5.5626473770e+00  6.9344479360e+00  5.6337380330e+00
    4.1400000000e+00  6.9937313830e+00  7.4057969950e+00  6.6116683930e+00  5.5771451810e+00  6.9560805740e+00  5.6492129560e+00
    4.1500000000e+00  7.0008844450e+00  7.3876097420e+00  6.6107110890e+00  5.5916685900e+00  6.9782785100e+00  5.6652956430e+00
    4.1600000000e+00  7.0081084700e+00  7.3691874390e+00  6.6094137860e+00  5.6061695220e+00  7.0010419430e+00  5.6819455930e+00
    4.1700000000e+00  7.0155266360e+00  7.3504265820e+00  6.6077096760e+00  5.6206310190e+00  7.0243505960e+00  5.6991088230e+00
    4.1800000000e+00  7.0232639950e+00  7.3312250990e+00  6.6055391490e+00  5.6350679740e+00  7.0481604320e+00  5.7167176240e+00
    4.1900000000e+00  7.0314397720e+00  7.3114909020e+00  6.6028534590e+00  5.6495255930e+00  7.0724040750e+00  5.7346915080e+00
    4.2000000000e+00  7.0401608430e+00  7.2911495680e+00  6.5996180800e+00  5.6640761290e+00  7.0969950030e+00  5.7529392770e+00
    4.2100000000e+00  7.0495166340e+00  7.2701494690e+00  6.5958154120e+00  5.6788144680e+00  7.1218346160e+00  5.7713619340e+00
    4.2200000000e+00  7.0595754910e+00  7.2484634050e+00  6.5914467680e+00  5.6938530330e+00  7.1468205360e+00  5.7898561390e+00
    4.2300000000e+00  7.0703824640e+00  7.2260867480e+00  6.5865336550e+00  5.7093164280e+00  7.1718543970e+00  5.8083180440e+00
    4.2400000000e+00  7.0819584040e+00  7.2030329120e+00  6.5811183950e+00  5.7253361420e+00  7.1968476860e+00  5.8266474570e+00
    4.2500000000e+00  7.0943001700e+00  7.1793274800e+00  6.5752639760e+00  5.7420456010e+00  7.2217248810e+00  5.8447524000e+00
    4.2600000000e+00  7.1073817080e+00  7.1550023200e+00  6.5690528520e+00  5.7595757200e+00  7.2464238660e+00  5.8625540110e+00
    4.2700000000e+00  7.1211557930e+00  7.1300907590e+00  6.5625843540e+00  5.7780510330e+00  7.2708941440e+00  5.8799915440e+00
    4.2800000000e+00  7.1355562610e+00  7.1046244320e+00  6.5559704570e+00  5.7975863660e+00  7.2950936920e+00  5.8970269340e+00
    4.2900000000e+00  7.1505006860e+00  7.0786319700e+00  6.5493299390e+00  5.8182840330e+00  7.3189852870e+00  5.9136482460e+00
    4.3000000000e+00  7.1658934960e+00  7.0521394380e+00  6.5427813200e+00  5.8402316160e+00  7.3425330320e+00  5.9298713000e+00
    4.3100000000e+00  7.1816294910e+00  7.0251722320e+00  6.5364352860e+00  5.8635004990e+00  7.3656996420e+00  5.9457390020e+00
    4.3200000000e+00  7.1975975420e+00  6.9977580770e+00  6.5303874800e+00  5.8881453500e+00  7.3884449920e+00  5.9613182240e+00
    4.3300000000e+00  7.2136841400e+00  6.9699305840e+00  6.5247125520e+00  5.9142046630e+00  7.4107263090e+00  5.9766944480e+00
    4.3400000000e+00  7.2297763210e+00  6.9417326290e+00  6.5194602140e+00  5.9417022450e+00  7.4325002490e+00  5.9919647190e+00
    4.3500000000e+00  7.2457636550e+00  6.9132186720e+00  6.5146538370e+00  5.9706492670e+00  7.4537267430e+00  6.0072297000e+00
    4.3600000000e+00  7.2615392060e+00  6.8844551600e+00  6.5102917770e+00  6.0010463550e+00  7.4743740540e+00  6.0225858050e+00
    4.3700000000e+00  7.2769997040e+00  6.8555185200e+00  6.5063512470e+00  6.0328852780e+00  7.4944240580e+00  6.0381184230e+00
    4.3800000000e+00  7.2920453620e+00  6.8264907530e+00  6.5027941540e+00  6.0661500080e+00  7.5138765590e+00  6.0538971370e+00
    4.3900000000e+00  7.3065797410e+00  6.7974532520e+00  6.4995739120e+00  6.1008172570e+00  7.5327515960e+00  6.0699735550e+00
    4.4000000000e+00  7.3205098650e+00  6.7684799190e+00  6.4966420900e+00  6.1368567760e+00  7.5510890950e+00  6.0863818610e+00
    4.4100000000e+00  7.3337465370e+00  6.7396307720e+00  6.4939537460e+00  6.1742316900e+00  7.5689458300e+00  6.1031416860e+00
    4.4200000000e+00  7.3462046520e+00  6.7109471260e+00  6.4914706780e+00  6.2128989830e+00  7.5863901640e+00  6.1202623600e+00
    4.4300000000e+00  7.3578033380e+00  6.6824490170e+00  6.4891623230e+00  6.2528100320e+00  7.6034954560e+00  6.1377474020e+00
    4.4400000000e+00  7.3684659110e+00  6.6541351080e+00  6.4870046920e+00  6.2939110210e+00  7.6203330970e+00  6.1555981000e+00
    4.4500000000e+00  7.3781197570e+00  6.6259849170e+00  6.4849781910e+00  6.3361431110e+00  7.6369660830e+00  6.1738154580e+00
    4.4600000000e+00  7.3866963240e+00  6.5979629320e+00  6.4830654530e+00  6.3794423710e+00  7.6534438300e+00  6.1924003200e+00
    4.4700000000e+00  7.3941313110e+00  6.5700240630e+00  6.4812501670e+00  6.4237395630e+00  7.6697986570e+00  6.2113521360e+00
    4.4800000000e+00  7.4003650830e+00  6.5421198490e+00  6.4795174870e+00  6.4689599000e+00  7.6860442440e+00  6.2306672710e+00
    4.4900000000e+00  7.4053432810e+00  6.5142048070e+00  6.4778559700e+00  6.5150228430e+00  7.7021761780e+00  6.2503379510e+00
    4.5000000000e+00  7.4090176090e+00  6.4862422620e+00  6.4762603960e+00  6.5618419330e+00  7.7181746350e+00  6.2703526830e+00
    4.5100000000e+00  7.4113468720e+00  6.4582089190e+00  6.4747344620e+00  6.6093246910e+00  7.7340089910e+00  6.2906985190e+00
    4.5200000000e+00  7.4122983090e+00  6.4300974320e+00  6.4732922950e+00  6.6573726830e+00  7.7496438990e+00  6.3113648960e+00
    4.5300000000e+00  7.4118492740e+00  6.4019163990e+00  6.4719580200e+00  6.7058819160e+00  7.7650459790e+00  6.3323482560e+00
    4.5400000000e+00  7.4099891670e+00  6.3736875910e+00  6.4707631800e+00  6.7547438160e+00  7.7801899690e+00  6.3536563930e+00
    4.5500000000e+00  7.4067213850e+00  6.3454408230e+00  6.4697423180e+00  6.8038469900e+00  7.7950631070e+00  6.3753114970e+00
    4.5600000000e+00  7.4020649470e+00  6.3172074790e+00  6.4689275060e+00  6.8530798490e+00  7.8096667990e+00  6.3973511840e+00
    4.5700000000e+00  7.3960553330e+00  6.2890141340e+00  6.4683428130e+00  6.9023340200e+00  7.8240152030e+00  6.4198272460e+00
    4.5800000000e+00  7.3887441850e+00  6.2608776990e+00  6.4679996970e+00  6.9515081980e+00  7.8381311990e+00  6.4428023310e+00
    4.5900000000e+00  7.3801976390e+00  6.2328031170e+00  6.4678940600e+00  7.0005118740e+00  7.8520408690e+00  6.4663451580e+00
    4.6000000000e+00  7.3704934560e+00  6.2047838290e+00  6.4680053970e+00  7.0492683000e+00  7.8657679530e+00  6.4905251170e+00
    4.6100000000e+00  7.3597174620e+00  6.1768044290e+00  6.4682980350e+00  7.0977161770e+00  7.8793295640e+00  6.5154071590e+00
    4.6200000000e+00  7.3479600580e+00  6.1488444180e+00  6.4687240850e+00  7.1458099760e+00  7.8927338300e+00  6.5410478030e+00
    4.6300000000e+00  7.3353135000e+00  6.1208819000e+00  6.4692274280e+00  7.1935192520e+00  7.9059793930e+00  6.5674928020e+00
    4.6400000000e+00  7.3218702410e+00  6.0928964800e+00  6.4697478940e+00  7.2408277550e+00  7.9190560850e+00  6.5947766620e+00
    4.6500000000e+00  7.3077220370e+00  6.0648712500e+00  6.4702248110e+00  7.2877331180e+00  7.9319459640e+00  6.6229237880e+00
    4.6600000000e+00  7.2929589930e+00  6.0367943090e+00  6.4705993680e+00  7.3342475580e+00  7.9446241360e+00  6.6519506960e+00
    4.6700000000e+00  7.2776675850e+00  6.0086604490e+00  6.4708155610e+00  7.3803993170e+00  7.9570593500e+00  6.6818685670e+00
    4.6800000000e+00  7.2619270260e+00  5.9804734470e+00  6.4708199020e+00  7.4262339080e+00  7.9692148590e+00  6.7126854670e+00
    4.6900000000e+00  7.2458041070e+00  5.9522488770e+00  6.4705603080e+00  7.4718139270e+00  7.9810503170e+00  6.7444078040e+00
    4.7000000000e+00  7.2293474470e+00  5.9240167630e+00  6.4699846990e+00  7.5172164180e+00  7.9925252910e+00  6.7770408580e+00
    4.7100000000e+00  7.2125826480e+00  5.8958230370e+00  6.4690397200e+00  7.5625275190e+00  8.0036044980e+00  6.8105885010e+00
    4.7200000000e+00  7.1955097580e+00  5.8677287510e+00  6.4676698810e+00  7.6078350550e+00  8.0142641670e+00  6.8450523460e+00
    4.7300000000e+00  7.1781038850e+00  5.8398063940e+00  6.4658172010e+00  7.6532204420e+00  8.0244983430e+00  6.8804305860e+00
    4.7400000000e+00  7.1603189050e+00  5.8121333800e+00  6.4634213780e+00  7.6987514830e+00  8.0343237040e+00  6.9167167310e+00
    4.7500000000e+00  7.1420934270e+00  5.7847835120e+00  6.4604204310e+00  7.7444773040e+00  8.0437815550e+00  6.9538983800e+00
    4.7600000000e+00  7.1233577650e+00  5.7578178130e+00  6.4567518180e+00  7.7904260260e+00  8.0529362220e+00  6.9919561430e+00
    4.7700000000e+00  7.1040406660e+00  5.7312763640e+00  6.4523540100e+00  7.8366051230e+00  8.0618698000e+00  7.0308628340e+00
    4.7800000000e+00  7.0840748360e+00  5.7051726080e+00  6.4471685130e+00  7.8830038880e+00  8.0706739450e+00  7.0705831190e+00
    4.7900000000e+00  7.0634006990e+00  5.6794911440e+00  6.4411422240e+00  7.9295972440e+00  8.0794399800e+00  7.1110738490e+00
    4.8000000000e+00  7.0419681380e+00  5.6541893450e+00  6.4342298820e+00  7.9763500530e+00  8.0882488480e+00  7.1522852930e+00
    4.8100000000e+00  7.0197362830e+00  5.6292024930e+00  6.4263962260e+00  8.0232210360e+00  8.0971624100e+00  7.1941634210e+00
    4.8200000000e+00  6.9966717140e+00  5.6044515360e+00  6.4176173620e+00  8.0701654900e+00  8.1062172720e+00  7.2366531480e+00
    4.8300000000e+00  6.9727458530e+00  5.5798522340e+00  6.4078808780e+00  8.1171360830e+00  8.1154217950e+00  7.2797022400e+00
    4.8400000000e+00  6.9479326790e+00  5.5553243630e+00  6.3971843820e+00  8.1640814520e+00  8.1247563600e+00  7.3232652940e+00
    4.8500000000e+00  6.9222080560e+00  5.5307998920e+00  6.3855324770e+00  8.2109428950e+00  8.1341764180e+00  7.3673071020e+00
    4.8600000000e+00  6.8955517420e+00  5.5062294070e+00  6.3729325010e+00  8.2576502000e+00  8.1436175310e+00  7.4118047350e+00
    4.8700000000e+00  6.8679525900e+00  5.4815865540e+00  6.3593896440e+00  8.3041181530e+00  8.1530015520e+00  7.4567479190e+00
    4.8800000000e+00  6.8394166180e+00  5.4568706020e+00  6.3449021860e+00  8.3502455050e+00  8.1622432460e+00  7.5021376160e+00
    4.8900000000e+00  6.8099767310e+00  5.4321074220e+00  6.3294574990e+00  8.3959180170e+00  8.1712569100e+00  7.5479829930e+00
    4.9000000000e+00  6.7797021120e+00  5.4073491360e+00  6.3130293040e+00  8.4410165640e+00  8.1799628210e+00  7.5942972370e+00
    4.9100000000e+00  6.7487047340e+00  5.3826725980e+00  6.2955764310e+00  8.4854303780e+00  8.1882934400e+00  7.6410927450e+00
    4.9200000000e+00  6.7171404000e+00  5.3581767260e+00  6.2770431080e+00  8.5290741850e+00  8.1961993330e+00  7.6883761950e+00
    4.9300000000e+00  6.6852022790e+00  5.3339786130e+00  6.2573606580e+00  8.5719067090e+00  8.2036547180e+00  7.7361439450e+00
    4.9400000000e+00  6.6531062610e+00  5.3102083210e+00  6.2364503870e+00  8.6139469560e+00  8.2106623920e+00  7.7843780720e+00
    4.9500000000e+00  6.6210692470e+00  5.2870022980e+00  6.2142274720e+00  8.6552844670e+00  8.2172577080e+00  7.8330432490e+00
    4.9600000000e+00  6.5892833920e+00  5.2644954880e+00  6.1906056670e+00  8.6960804950e+00  8.2235111220e+00  7.8820846770e+00
    4.9700000000e+00  6.5578905840e+00  5.2428124150e+00  6.1655026480e+00  8.7365587320e+00  8.2295287700e+00  7.9314272800e+00
    4.9800000000e+00  6.5269616900e+00  5.2220577690e+00  6.1388457080e+00  8.7769864280e+00  8.2354505810e+00  7.9809764820e+00
    4.9900000000e+00  6.4964842470e+00  5.2023073250e+00  6.1105772970e+00  8.8176487250e+00  8.2414456090e+00  8.0306208200e+00
    5.0000000000e+00  6.4663605090e+00  5.1836001800e+00  6.0806596520e+00  8.8588203720e+00  8.2477046300e+00  8.0802364680e+00
    5.0100000000e+00  6.4364157060e+00  5.1659332830e+00  6.0490776840e+00  8.9007392000e+00  8.2544304710e+00  8.1296932970e+00
    5.0200000000e+00  6.4064144810e+00  5.1492590120e+00  6.0158394500e+00  8.9435850250e+00  8.2618269500e+00  8.1788616700e+00
    5.0300000000e+00  6.3760823820e+00  5.1334861170e+00  5.9809740430e+00  8.9874661540e+00  8.2700875760e+00  8.2276187860e+00
    5.0400000000e+00  6.3451289740e+00  5.1184838690e+00  5.9445273660e+00  9.0324140460e+00  8.2793851570e+00  8.2758534430e+00
    5.0500000000e+00  6.3132696730e+00  5.1040888370e+00  5.9065568290e+00  9.0783852450e+00  8.2898632980e+00  8.3234684270e+00
    5.0600000000e+00  6.2802443550e+00  5.0901134080e+00  5.8671262620e+00  9.1252689200e+00  8.3016304160e+00  8.3703804310e+00
    5.0700000000e+00  6.2458318400e+00  5.0763551020e+00  5.8263021930e+00  9.1728980550e+00  8.3147565180e+00  8.4165181010e+00
    5.0800000000e+00  6.2098601770e+00  5.0626057690e+00  5.7841521140e+00  9.2210626190e+00  8.3292726330e+00  8.4618192900e+00
    5.0900000000e+00  6.1722131560e+00  5.0486599090e+00  5.7407446540e+00  9.2695235010e+00  8.3451725210e+00  8.5062287370e+00
    5.1000000000e+00  6.1328336050e+00  5.0343216090e+00  5.6961509780e+00  9.3180265300e+00  8.3624160560e+00  8.5496971160e+00
    5.1100000000e+00  6.0917238910e+00  5.0194098690e+00  5.6504463390e+00  9.3663162390e+00  8.3809336380e+00  8.5921818330e+00
    5.1200000000e+00  6.0489438380e+00  5.0037623560e+00  5.6037107120e+00  9.4141492230e+00  8.4006310030e+00  8.6336493430e+00
    5.1300000000e+00  6.0046060110e+00  4.9872378350e+00  5.5560277430e+00  9.4613068440e+00  8.4213939570e+00  8.6740781940e+00
    5.1400000000e+00  5.9588683010e+00  4.9697176350e+00  5.5074818020e+00  9.5076068370e+00  8.4430927670e+00  8.7134617540e+00
    5.1500000000e+00  5.9119238220e+00  4.9511065390e+00  5.4581534970e+00  9.5529131620e+00  8.4655861090e+00  8.7518096330e+00
    5.1600000000e+00  5.8639884060e+00  4.9313333990e+00  5.4081144730e+00  9.5971433240e+00  8.4887247150e+00  8.7891471630e+00
    5.1700000000e+00  5.8152862960e+00  4.9103516750e+00  5.3574224270e+00  9.6402723670e+00  8.5123549500e+00  8.8255128100e+00
    5.1800000000e+00  5.7660349420e+00  4.8881398630e+00  5.3061171740e+00  9.6823329360e+00  8.5363226720e+00  8.8609538680e+00
    5.1900000000e+00  5.7164301110e+00  4.8647015250e+00  5.2542182550e+00  9.7234110380e+00  8.5604776500e+00  8.8955209730e+00
    5.2000000000e+00  5.6666327100e+00  4.8400644110e+00  5.2017242850e+00  9.7636375670e+00  8.5846786230e+00  8.9292620640e+00
    5.2100000000e+00  5.6167587670e+00  4.8142781150e+00  5.1486140640e+00  9.8031762420e+00  8.6087987010e+00  8.9622162890e+00
    5.2200000000e+00  5.5668737700e+00  4.7874098120e+00  5.0948494140e+00  9.8422091910e+00  8.6327304690e+00  8.9944083120e+00
    5.2300000000e+00  5.5169919590e+00  4.7595380470e+00  5.0403796380e+00  9.8809219580e+00  8.6563898400e+00  9.0258435030e+00
    5.2400000000e+00  5.4670803490e+00  4.7307450350e+00  4.9851473350e+00  9.9194897970e+00  8.6797177070e+00  9.0565045270e+00
    5.2500000000e+00  5.4170664820e+00  4.7011084550e+00  4.9290950710e+00  9.9580668730e+00  8.7026786620e+00  9.0863497960e+00
    5.2600000000e+00  5.3668483450e+00  4.6706940190e+00  4.8721721870e+00  9.9967792940e+00  8.7252566010e+00  9.1153139810e+00
    5.2700000000e+00  5.3163047760e+00  4.6395501960e+00  4.8143409760e+00  1.0035722161e+01  8.7474476380e+00  9.1433104410e+00
    5.2800000000e+00  5.2653049190e+00  4.6077061140e+00  4.7555816910e+00  1.0074960131e+01  8.7692513880e+00  9.1702350450e+00
    5.2900000000e+00  5.2137157140e+00  4.5751731930e+00  4.6958961980e+00  1.0114530571e+01  8.7906620860e+00  9.1959707760e+00
    5.3000000000e+00  5.1614068960e+00  4.5419503010e+00  4.6353104530e+00  1.0154448233e+01  8.8116611570e+00  9.2203926130e+00
    5.3100000000e+00  5.1082534050e+00  4.5080315080e+00  4.5738761100e+00  1.0194710342e+01  8.8322126630e+00  9.2433725230e+00
    5.3200000000e+00  5.0541354370e+00  4.4734149350e+00  4.5116714190e+00  1.0235301126e+01  8.8522624730e+00  9.2647846650e+00
    5.3300000000e+00  4.9989366920e+00  4.4381109080e+00  4.4488013050e+00  1.0276194967e+01  8.8717412160e+00  9.2845109830e+00
    5.3400000000e+00  4.9425415910e+00  4.4021478370e+00  4.3853962820e+00  1.0317357601e+01  8.8905701540e+00  9.3024471790e+00
    5.3500000000e+00  4.8848324590e+00  4.3655749390e+00  4.3216097810e+00  1.0358745116e+01  8.9086685110e+00  9.3185087500e+00
    5.3600000000e+00  4.8256876820e+00  4.3284617720e+00  4.2576136860e+00  1.0400300902e+01  8.9259605660e+00  9.3326364730e+00
    5.3700000000e+00  4.7649817660e+00  4.2908954630e+00  4.1935922110e+00  1.0441951154e+01  8.9423812230e+00  9.3448005760e+00
    5.3800000000e+00  4.7025879540e+00  4.2529769010e+00  4.1297346440e+00  1.0483599868e+01  8.9578795380e+00  9.3550029380e+00
    5.3900000000e+00  4.6383836020e+00  4.2148170710e+00  4.0662278000e+00  1.0525124581e+01  8.9724204650e+00  9.3632769220e+00
    5.4000000000e+00  4.5722579670e+00  4.1765341910e+00  4.0032491470e+00  1.0566374159e+01  8.9859856650e+00  9.3696848910e+00
    5.4100000000e+00  4.5041214680e+00  4.1382515860e+00  3.9409615010e+00  1.0607169780e+01  8.9985742440e+00  9.3743138930e+00
    5.4200000000e+00  4.4339149050e+00  4.1000957360e+00  3.8795098780e+00  1.0647309839e+01  9.0102039780e+00  9.3772704570e+00
    5.4300000000e+00  4.3616168080e+00  4.0621937470e+00  3.8190205010e+00  1.0686578701e+01  9.0209129690e+00  9.3786756100e+00
    5.4400000000e+00  4.2872471320e+00  4.0246697350e+00  3.7596013610e+00  1.0724758352e+01  9.0307611870e+00  9.3786610940e+00
    5.4500000000e+00  4.2108661160e+00  3.9876400990e+00  3.7013432540e+00  1.0761641134e+01  9.0398310880e+00  9.3773672570e+00
    5.4600000000e+00  4.1325680630e+00  3.9512082330e+00  3.6443201170e+00  1.0797041222e+01  9.0482266140e+00  9.3749423000e+00
    5.4700000000e+00  4.0524710470e+00  3.9154595410e+00  3.5885879560e+00  1.0830802657e+01  9.0560703370e+00  9.3715419160e+00
    5.4800000000e+00  3.9707044840e+00  3.8804576760e+00  3.5341824200e+00  1.0862802386e+01  9.0634990530e+00  9.3673280520e+00
    5.4900000000e+00  3.8873970320e+00  3.8462425660e+00  3.4811159360e+00  1.0892947936e+01  9.0706586390e+00  9.3624658300e+00
    5.5000000000e+00  3.8026671440e+00  3.8128302420e+00  3.4293757560e+00  1.0921170548e+01  9.0776991200e+00  9.3571184410e+00
    5.5100000000e+00  3.7166178490e+00  3.7802139250e+00  3.3789242140e+00  1.0947415523e+01  9.0847707470e+00  9.3514406970e+00
    5.5200000000e+00  3.6293363360e+00  3.7483655250e+00  3.3297018200e+00  1.0971631996e+01  9.0920213740e+00  9.3455726700e+00
    5.5300000000e+00  3.5408978270e+00  3.7172367020e+00  3.2816328900e+00  1.0993764211e+01  9.0995948860e+00  9.3396349370e+00
    5.5400000000e+00  3.4513724420e+00  3.6867590210e+00  3.2346325950e+00  1.1013745808e+01  9.1076299890e+00  9.3337265640e+00
    5.5500000000e+00  3.3608333620e+00  3.6568431760e+00  3.1886138920e+00  1.1031497808e+01  9.1162585520e+00  9.3279261390e+00
    5.5600000000e+00  3.2693646190e+00  3.6273777820e+00  3.1434929600e+00  1.1046930161e+01  9.1256028110e+00  9.3222952900e+00
    5.5700000000e+00  3.1770672780e+00  3.5982284970e+00  3.0991922980e+00  1.1059946051e+01  9.1357711590e+00  9.3168835810e+00
    5.5800000000e+00  3.0840633430e+00  3.5692382960e+00  3.0556414190e+00  1.1070447874e+01  9.1468526300e+00  9.3117335380e+00
    5.5900000000e+00  2.9904973500e+00  3.5402295840e+00  3.0127755970e+00  1.1078343802e+01  9.1589105950e+00  9.3068848280e+00
    5.6000000000e+00  2.8965360120e+00  3.5110085700e+00  2.9705334120e+00  1.1083554201e+01  9.1719764250e+00  9.3023771080e+00
    5.6100000000e+00  2.8023663870e+00  3.4813719820e+00  2.9288537960e+00  1.1086017591e+01  9.1860440060e+00  9.2982514600e+00
    5.6200000000e+00  2.7081928280e+00  3.4511159020e+00  2.8876730530e+00  1.1085696179e+01  9.2010660340e+00  9.2945505590e+00
    5.6300000000e+00  2.6142326330e+00  3.4200461080e+00  2.8469221740e+00  1.1082580952e+01  9.2169528940e+00  9.2913177530e+00
    5.6400000000e+00  2.5207101350e+00  3.3879890410e+00  2.8065246900e+00  1.1076696095e+01  9.2335747170e+00  9.2885952320e+00
    5.6500000000e+00  2.4278491010e+00  3.3548022780e+00  2.7663953250e+00  1.1068102030e+01  9.2507668660e+00  9.2864214610e+00
    5.6600000000e+00  2.3358637660e+00  3.3203833080e+00  2.7264396850e+00  1.1056896205e+01  9.2683386880e+00  9.2848282120e+00
    5.6700000000e+00  2.2449494430e+00  3.2846754770e+00  2.6865550790e+00  1.1043210908e+01  9.2860849360e+00  9.2838376340e+00
    5.6800000000e+00  2.1552740210e+00  3.2476702000e+00  2.6466323280e+00  1.1027207944e+01  9.3037988130e+00  9.2834598360e+00
    5.6900000000e+00  2.0669716410e+00  3.2094049430e+00  2.6065581850e+00  1.1009070768e+01  9.3212853130e+00  9.2836913410e+00
    5.7000000000e+00  1.9801393770e+00  3.1699569910e+00  2.5662178670e+00  1.0988995233e+01  9.3383733190e+00  9.2845144930e+00
    5.7100000000e+00  1.8948370120e+00  3.1294336220e+00  2.5254972550e+00  1.0967180355e+01  9.3549249820e+00  9.2858976250e+00
    5.7200000000e+00  1.8110893330e+00  3.0879598990e+00  2.4842845050e+00  1.0943820204e+01  9.3708412280e+00  9.2877956170e+00
    5.7300000000e+00  1.7288899710e+00  3.0456656290e+00  2.4424710930e+00  1.0919097524e+01  9.3860627920e+00  9.2901504050e+00
    5.7400000000e+00  1.6482058770e+00  3.0026732120e+00  2.3999525100e+00  1.0893179027e+01  9.4005668140e+00  9.2928911100e+00
    5.7500000000e+00  1.5689818300e+00  2.9590878940e+00  2.3566290090e+00  1.0866211946e+01  9.4143597550e+00  9.2959336470e+00
    5.7600000000e+00  1.4911448800e+00  2.9149915360e+00  2.3124067810e+00  1.0838321299e+01  9.4274678500e+00  9.2991798910e+00
    5.7700000000e+00  1.4146089570e+00  2.8704404060e+00  2.2671998620e+00  1.0809607578e+01  9.4399266650e+00  9.3025167040e+00
    5.7800000000e+00  1.3392799790e+00  2.8254668380e+00  2.2209328870e+00  1.0780144892e+01  9.4517713400e+00  9.3058151900e+00
    5.7900000000e+00  1.2650616690e+00  2.7800840100e+00  2.1735446390e+00  1.0749979928e+01  9.4630288480e+00  9.3089306060e+00
    5.8000000000e+00  1.1918619710e+00  2.7342926320e+00  2.1249921620e+00  1.0719132199e+01  9.4737131380e+00  9.3117032770e+00
    5.8100000000e+00  1.1195996620e+00  2.6880881930e+00  2.0752551140e+00  1.0687596012e+01  9.4838234060e+00  9.3139607810e+00
    5.8200000000e+00  1.0482105440e+00  2.6414675380e+00  2.0243399530e+00  1.0655344343e+01  9.4933451580e+00  9.3155215570e+00
    5.8300000000e+00  9.7765251600e-01  2.5944338980e+00  1.9722834760e+00  1.0622334538e+01  9.5022533350e+00  9.3161999880e+00
    5.8400000000e+00  9.0790889900e-01  2.5469999510e+00  1.9191551980e+00  1.0588515476e+01  9.5105165440e+00  9.3158128900e+00
    5.8500000000e+00  8.3898950400e-01  2.4991889500e+00  1.8650579670e+00  1.0553835606e+01  9.5181015180e+00  9.3141871120e+00
    5.8600000000e+00  7.7092918100e-01  2.4510342400e+00  1.8101262770e+00  1.0518251100e+01  9.5249771300e+00  9.3111677330e+00
    5.8700000000e+00  7.0378384400e-01  2.4025776590e+00  1.7545218740e+00  1.0481733263e+01  9.5311175730e+00  9.3066259740e+00
    5.8800000000e+00  6.3762425900e-01  2.3538672940e+00  1.6984266590e+00  1.0444274376e+01  9.5365045600e+00  9.3004657060e+00
    5.8900000000e+00  5.7252819700e-01  2.3049549720e+00  1.6420334640e+00  1.0405891213e+01  9.5411285860e+00  9.2926273610e+00
    5.9000000000e+00  5.0857182400e-01  2.2558937750e+00  1.5855358990e+00  1.0366625742e+01  9.5449893420e+00  9.2830883800e+00
    5.9100000000e+00  4.4582136800e-01  2.2067357980e+00  1.5291188860e+00  1.0326542825e+01  9.5480954330e+00  9.2718599610e+00
    5.9200000000e+00  3.8432617600e-01  2.1575303030e+00  1.4729514750e+00  1.0285725191e+01  9.5504635630e+00  9.2589807840e+00
    5.9300000000e+00  3.2411406200e-01  2.1083223840e+00  1.4171830440e+00  1.0244266363e+01  9.5521174010e+00  9.2445090920e+00
    5.9400000000e+00  2.6518955600e-01  2.0591521610e+00  1.3619431150e+00  1.0202262547e+01  9.5530863700e+00  9.2285149320e+00
    5.9500000000e+00  2.0753516500e-01  2.0100544280e+00  1.3073440630e+00  1.0159804659e+01  9.5534045910e+00  9.2110741760e+00
    5.9600000000e+00  1.5111531600e-01  1.9610585410e+00  1.2534853120e+00  1.0116971560e+01  9.5531101460e+00  9.1922653180e+00
    5.9700000000e+00  9.5882271000e-02  1.9121883220e+00  1.2004573690e+00  1.0073825327e+01  9.5522447250e+00  9.1721691070e+00
    5.9800000000e+00  4.1783132000e-02  1.8634616990e+00  1.1483443560e+00  1.0030409021e+01  9.5508535480e+00  9.1508702740e+00
    5.9900000000e+00 -1.1232984000e-02  1.8148899350e+00  1.0972244070e+00  9.9867471060e+00  9.5489853510e+00  9.1284600820e+00
    6.0000000000e+00 -6.3208473000e-02  1.7664763740e+00  1.0471680290e+00  9.9428483680e+00  9.5466921630e+00  9.1050384550e+00
    6.0100000000e+00 -1.1417227200e-01  1.7182148330e+00  9.9823510500e-01  9.8987110070e+00  9.5440285640e+00  9.0807148180e+00
    6.0200000000e+00 -1.6413710000e-01  1.6700878670e+00  9.5047137400e-01  9.8543293010e+00  9.5410502190e+00  9.0556072670e+00
    6.0300000000e+00 -2.1309945800e-01  1.6220652230e+00  9.0390516200e-01  9.8097009860e+00  9.5378115780e+00  9.0298401400e+00
    6.0400000000e+00 -2.6104257900e-01  1.5741028480e+00  8.5854491700e-01  9.7648342290e+00  9.5343627680e+00  9.0035402190e+00
    6.0500000000e+00 -3.0794203500e-01  1.5261428100e+00  8.1437801300e-01  9.7197530170e+00  9.5307458280e+00  8.9768318940e+00
    6.0600000000e+00 -3.5377319400e-01  1.4781144560e+00  7.7137121600e-01  9.6744999720e+00  9.5269905910e+00  8.9498317610e+00
    6.0700000000e+00 -3.9851931800e-01  1.4299370380e+00  7.2947309000e-01  9.6291360420e+00  9.5231107140e+00  8.9226432780e+00
    6.0800000000e+00 -4.4217906200e-01  1.3815238200e+00  6.8861833200e-01  9.5837371230e+00  9.5191004630e+00  8.8953523450e+00
    6.0900000000e+00 -4.8477228700e-01  1.3327873570e+00  6.4873359700e-01  9.5383881330e+00  9.5149329190e+00  8.8680246460e+00
    6.1000000000e+00 -5.2634350700e-01  1.2836453060e+00  6.0974391900e-01  9.4931753740e+00  9.5105601330e+00  8.8407053530e+00
    6.1100000000e+00 -5.6696264200e-01  1.2340258380e+00  5.7157857300e-01  9.4481780730e+00  9.5059153650e+00  8.8134212250e+00
    6.1200000000e+00 -6.0672303300e-01  1.1838717270e+00  5.3417539700e-01  9.4034599590e+00  9.5009170500e+00  8.7861845550e+00
    6.1300000000e+00 -6.4573683600e-01  1.1331424660e+00  4.9748299100e-01  9.3590616470e+00  9.4954736610e+00  8.7589979690e+00
    6.1400000000e+00 -6.8412810500e-01  1.0818143010e+00  4.6146087600e-01  9.3149945840e+00  9.4894883950e+00  8.7318589990e+00
    6.1500000000e+00 -7.2202406000e-01  1.0298786600e+00  4.2607817300e-01  9.2712372660e+00  9.4828627170e+00  8.7047636340e+00
    6.1600000000e+00 -7.5954531400e-01  9.7733991600e-01  3.9131161700e-01  9.2277342720e+00  9.4754982080e+00  8.6777085370e+00
    6.1700000000e+00 -7.9679606400e-01  9.2421350900e-01  3.5714364300e-01  9.1843984010e+00  9.4672968000e+00  8.6506920800e+00
    6.1800000000e+00 -8.3385527300e-01  8.7052524700e-01  3.2356097000e-01  9.1411157580e+00  9.4581599770e+00  8.6237146590e+00
    6.1900000000e+00 -8.7076979100e-01  8.1631210900e-01  2.9055375900e-01  9.0977532600e+00  9.4479878880e+00  8.5967787780e+00
    6.2000000000e+00 -9.0754999200e-01  7.6162433000e-01  2.5811515600e-01  9.0541677430e+00  9.4366792830e+00  8.5698893080e+00
    6.2100000000e+00 -9.4416819100e-01  7.0652807200e-01  2.2624088900e-01  9.0102157510e+00  9.4241329340e+00  8.5430540470e+00
    6.2200000000e+00 -9.8055973500e-01  6.5110779300e-01  1.9492859600e-01  8.9657631770e+00  9.4102506770e+00  8.5162845170e+00
    6.2300000000e+00 -1.0166264890e+00  5.9546746700e-01  1.6417670200e-01  8.9206940640e+00  9.3949417700e+00  8.4895967390e+00
    6.2400000000e+00 -1.0522422790e+00  5.3973015200e-01  1.3398285100e-01  8.8749180490e+00  9.3781278320e+00  8.4630116610e+00
    6.2500000000e+00 -1.0872598200e+00  4.8403586300e-01  1.0434212100e-01  8.8283760890e+00  9.3597475470e+00  8.4365549740e+00
    6.2600000000e+00 -1.1215185670e+00  4.2853814200e-01  7.5245363000e-02  8.7810442360e+00  9.3397604610e+00  8.4102562470e+00
    6.2700000000e+00 -1.1548529460e+00  3.7339995900e-01  4.6677999000e-02  8.7329354560e+00  9.3181495820e+00  8.3841475120e+00
    6.2800000000e+00 -1.1871004680e+00  3.1878950900e-01  1.8619466000e-02  8.6840996110e+00  9.2949229380e+00  8.3582616390e+00
    6.2900000000e+00 -1.2181094470e+00  2.6487616400e-01 -8.9567410000e-03  8.6346218910e+00  9.2701144850e+00  8.3326308290e+00
    6.3000000000e+00 -1.2477461720e+00  2.1182643600e-01 -3.6082672000e-02  8.5846199030e+00  9.2437847410e+00  8.3072854890e+00
    6.3100000000e+00 -1.2759015070e+00  1.5979954500e-01 -6.2795489000e-02  8.5342395240e+00  9.2160211970e+00  8.2822535000e+00
    6.3200000000e+00 -1.3024968280e+00  1.0894227800e-01 -8.9137244000e-02  8.4836494300e+00  9.1869381320e+00  8.2575597220e+00
    6.3300000000e+00 -1.3274889890e+00  5.9383141000e-02 -1.1515494100e-01  8.4330341840e+00  9.1566752020e+00  8.2332254430e+00
    6.3400000000e+00 -1.3508737920e+00  1.1226335000e-02 -1.4090078800e-01  8.3825858930e+00  9.1253941990e+00  8.2092675220e+00
    6.3500000000e+00 -1.3726873380e+00 -3.5453561000e-02 -1.6643238400e-01  8.3324947260e+00  9.0932737630e+00  8.1856970590e+00
    6.3600000000e+00 -1.3930047110e+00 -8.0615257000e-02 -1.9181256300e-01  8.2829389770e+00  9.0605023870e+00  8.1625175780e+00
    6.3700000000e+00 -1.4119357510e+00 -1.2425212600e-01 -2.1710858800e-01  8.2340755800e+00  9.0272705410e+00  8.1397228160e+00
    6.3800000000e+00 -1.4296181020e+00 -1.6639119100e-01 -2.4239042100e-01  8.1860321660e+00  8.9937629450e+00  8.1172943830e+00
    6.3900000000e+00 -1.4462081420e+00 -2.0709017700e-01 -2.6772788700e-01  8.1389015600e+00  8.9601518990e+00  8.0951996670e+00
    6.4000000000e+00 -1.4618707990e+00 -2.4643342800e-01 -2.9318670200e-01  8.0927393840e+00  8.9265920560e+00  8.0733905350e+00
    6.4100000000e+00 -1.4767694110e+00 -2.8452742200e-01 -3.1882361800e-01  8.0475649260e+00  8.8932165400e+00  8.0518034200e+00
    6.4200000000e+00 -1.4910567670e+00 -3.2149625500e-01 -3.4468127200e-01  8.0033649770e+00  8.8601339600e+00  8.0303613260e+00
    6.4300000000e+00 -1.5048682210e+00 -3.5747699600e-01 -3.7078364800e-01  7.9600999310e+00  8.8274258470e+00  8.0089779450e+00
    6.4400000000e+00 -1.5183173730e+00 -3.9261450500e-01 -3.9713314700e-01  7.9177112050e+00  8.7951444300e+00  7.9875636180e+00
    6.4500000000e+00 -1.5314944350e+00 -4.2705528100e-01 -4.2371009600e-01  7.8761289790e+00  8.7633110680e+00  7.9660323130e+00
    6.4600000000e+00 -1.5444670170e+00 -4.6094027200e-01 -4.5047498900e-01  7.8352794180e+00  8.7319160820e+00  7.9443084470e+00
    6.4700000000e+00 -1.5572828880e+00 -4.9439712200e-01 -4.7737315300e-01  7.7950907050e+00  8.7009207530e+00  7.9223323330e+00
    6.4800000000e+00 -1.5699741470e+00 -5.2753278200e-01 -5.0434093500e-01  7.7554974620e+00  8.6702619880e+00  7.9000633890e+00
    6.4900000000e+00 -1.5825621840e+00 -5.6042777700e-01 -5.3131229000e-01  7.7164433020e+00  8.6398595930e+00  7.8774808320e+00
    6.5000000000e+00 -1.5950627930e+00 -5.9313326100e-01 -5.5822473900e-01  7.6778814360e+00  8.6096254020e+00  7.8545821170e+00
    6.5100000000e+00 -1.6074908210e+00 -6.2567161600e-01 -5.8502405200e-01  7.6397734400e+00  8.5794729620e+00  7.8313797780e+00
    6.5200000000e+00 -1.6198637550e+00 -6.5804061100e-01 -6.1166738800e-01  7.6020864750e+00  8.5493261810e+00  7.8078973550e+00
    6.5300000000e+00 -1.6322038030e+00 -6.9022036000e-01 -6.3812496600e-01  7.5647894240e+00  8.5191254840e+00  7.7841650150e+00
    6.5400000000e+00 -1.6445381640e+00 -7.2218170800e-01 -6.6438044000e-01  7.5278485660e+00  8.4888305510e+00  7.7602152650e+00
    6.5500000000e+00 -1.6568974230e+00 -7.5389442400e-01 -6.9043021700e-01  7.4912234480e+00  8.4584194350e+00  7.7360790060e+00
    6.5600000000e+00 -1.6693122180e+00 -7.8533367600e-01 -7.1628193700e-01  7.4548636750e+00  8.4278846830e+00  7.7117820730e+00
    6.5700000000e+00 -1.6818085860e+00 -8.1648383000e-01 -7.4195228400e-01  7.4187072330e+00  8.3972276050e+00  7.6873423220e+00
    6.5800000000e+00 -1.6944026130e+00 -8.4733920100e-01 -7.6746424800e-01  7.3826808630e+00  8.3664521440e+00  7.6627672910e+00
    6.5900000000e+00 -1.7070952720e+00 -8.7790211900e-01 -7.9284389700e-01  7.3467027500e+00  8.3355596440e+00  7.6380524630e+00
    6.6000000000e+00 -1.7198684380e+00 -9.0817913800e-01 -8.1811665700e-01  7.3106873890e+00  8.3045455240e+00  7.6131802170e+00
    6.6100000000e+00 -1.7326830120e+00 -9.3817650000e-01 -8.4330314900e-01  7.2745520400e+00  8.2733983140e+00  7.5881196610e+00
    6.6200000000e+00 -1.7454797710e+00 -9.6789600200e-01 -8.6841471000e-01  7.2382237570e+00  8.2421009710e+00  7.5628275960e+00
    6.6300000000e+00 -1.7581830130e+00 -9.9733219500e-01 -8.9344891500e-01  7.2016457230e+00  8.2106339640e+00  7.5372508810e+00
    6.6400000000e+00 -1.7707064750e+00 -1.0264714970e+00 -9.1838557800e-01  7.1647817050e+00  8.1789792170e+00  7.5113303320e+00
    6.6500000000e+00 -1.7829604370e+00 -1.0552932950e+00 -9.4318381100e-01  7.1276177950e+00  8.1471239660e+00  7.4850061000e+00
    6.6600000000e+00 -1.7948586980e+00 -1.0837727130e+00 -9.6778070500e-01  7.0901612670e+00  8.1150636320e+00  7.4582242270e+00
    6.6700000000e+00 -1.8063241640e+00 -1.1118843600e+00 -9.9209209000e-01  7.0524369990e+00  8.0828031500e+00  7.4309438250e+00
    6.6800000000e+00 -1.8172922610e+00 -1.1396062740e+00 -1.0160156020e+00  7.0144824560e+00  8.0503565490e+00  7.4031442190e+00
    6.6900000000e+00 -1.8277119580e+00 -1.1669233210e+00 -1.0394360980e+00  6.9763424230e+00  8.0177449420e+00  7.3748312820e+00
    6.7000000000e+00 -1.8375448040e+00 -1.1938294760e+00 -1.0622331720e+00  6.9380645110e+00  7.9849933420e+00  7.3460422010e+00
    6.7100000000e+00 -1.8467627320e+00 -1.2203286860e+00 -1.0842903370e+00  6.8996960640e+00  7.9521268710e+00  7.3168479660e+00
    6.7200000000e+00 -1.8553455150e+00 -1.2464342170e+00 -1.1055051290e+00  6.8612826120e+00  7.9191669680e+00  7.2873529450e+00
    6.7300000000e+00 -1.8632785530e+00 -1.2721666420e+00 -1.1257991600e+00  6.8228675780e+00  7.8861281680e+00  7.2576912140e+00
    6.7400000000e+00 -1.8705514240e+00 -1.2975508530e+00 -1.1451269500e+00  6.7844927790e+00  7.8530159180e+00  7.2280196050e+00
    6.7500000000e+00 -1.8771572970e+00 -1.3226125780e+00 -1.1634823620e+00  6.7461991350e+00  7.8198256780e+00  7.1985079620e+00
    6.7600000000e+00 -1.8830930510e+00 -1.3473749920e+00 -1.1809016790e+00  6.7080271420e+00  7.7865433400e+00  7.1693275350e+00
    6.7700000000e+00 -1.8883597810e+00 -1.3718558950e+00 -1.1974627610e+00  6.6700167960e+00  7.7531467170e+00  7.1406388320e+00
    6.7800000000e+00 -1.8929632590e+00 -1.3960657760e+00 -1.2132803000e+00  6.6322068630e+00  7.7196076870e+00  7.1125803920e+00
    6.7900000000e+00 -1.8969139460e+00 -1.4200067790e+00 -1.2284977820e+00  6.5946336430e+00  7.6858945300e+00  7.0852598420e+00
    6.8000000000e+00 -1.9002262750e+00 -1.4436724090e+00 -1.2432772600e+00  6.5573295640e+00  7.6519740810e+00  7.0587482490e+00
    6.8100000000e+00 -1.9029171220e+00 -1.4670476430e+00 -1.2577883370e+00  6.5203220670e+00  7.6178135340e+00  7.0330782430e+00
    6.8200000000e+00 -1.9050037060e+00 -1.4901091510e+00 -1.2721978090e+00  6.4836332700e+00  7.5833819890e+00  7.0082457810e+00
    6.8300000000e+00 -1.9065013720e+00 -1.5128255300e+00 -1.2866612200e+00  6.4472806710e+00  7.5486519400e+00  6.9842148790e+00
    6.8400000000e+00 -1.9074218580e+00 -1.5351576250e+00 -1.3013171310e+00  6.4112789050e+00  7.5136009320e+00  6.9609242040e+00
    6.8500000000e+00 -1.9077725450e+00 -1.5570592110e+00 -1.3162844120e+00  6.3756421800e+00  7.4782134640e+00  6.9382942330e+00
    6.8600000000e+00 -1.9075569250e+00 -1.5784782760e+00 -1.3316622340e+00  6.3403868100e+00  7.4424829820e+00  6.9162337610e+00
    6.8700000000e+00 -1.9067761670e+00 -1.5993590780e+00 -1.3475320220e+00  6.3055332470e+00  7.4064136570e+00  6.8946448250e+00
    6.8800000000e+00 -1.9054313540e+00 -1.6196448990e+00 -1.3639603490e+00  6.2711071760e+00  7.3700215540e+00  6.8734256110e+00
    6.8900000000e+00 -1.9035258630e+00 -1.6392812360e+00 -1.3810017630e+00  6.2371395620e+00  7.3333348890e+00  6.8524713910e+00
    6.9000000000e+00 -1.9010674460e+00 -1.6582190420e+00 -1.3987007430e+00  6.2036658060e+00  7.2963931810e+00  6.8316739440e+00
    6.9100000000e+00 -1.8980697370e+00 -1.6764175600e+00 -1.4170923270e+00  6.1707243140e+00  7.2592453680e+00  6.8109201530e+00
    6.9200000000e+00 -1.8945531510e+00 -1.6938463970e+00 -1.4362012960e+00  6.1383548140e+00  7.2219470650e+00  6.7900904940e+00
    6.9300000000e+00 -1.8905452550e+00 -1.7104865550e+00 -1.4560400930e+00  6.1065966160e+00  7.1845572970e+00  6.7690580830e+00
    6.9400000000e+00 -1.8860807110e+00 -1.7263302770e+00 -1.4766058500e+00  6.0754869320e+00  7.1471351400e+00  6.7476887380e+00
    6.9500000000e+00 -1.8812008670e+00 -1.7413797470e+00 -1.4978770230e+00  6.0450592810e+00  7.1097366860e+00  6.7258423590e+00
    6.9600000000e+00 -1.8759530000e+00 -1.7556448130e+00 -1.5198101690e+00  6.0153420210e+00  7.0724127980e+00  6.7033756760e+00
    6.9700000000e+00 -1.8703892150e+00 -1.7691401390e+00 -1.5423373410e+00  5.9863570440e+00  7.0352079910e+00  6.6801462750e+00
    6.9800000000e+00 -1.8645650050e+00 -1.7818823000e+00 -1.5653644990e+00  5.9581187710e+00  6.9981606010e+00  6.6560176440e+00
    6.9900000000e+00 -1.8585375420e+00 -1.7938874060e+00 -1.5887712380e+00  5.9306335550e+00  6.9613041570e+00  6.6308649210e+00
    7.0000000000e+00 -1.8523638440e+00 -1.8051697540e+00 -1.6124120140e+00  5.9038996070e+00  6.9246695840e+00  6.6045809720e+00
    7.0100000000e+00 -1.8460990100e+00 -1.8157417750e+00 -1.6361189780e+00  5.8779075030e+00  6.8882876410e+00  6.5770823860e+00
    7.0200000000e+00 -1.8397947820e+00 -1.8256152200e+00 -1.6597064540e+00  5.8526412200e+00  6.8521909600e+00  6.5483149730e+00
    7.0300000000e+00 -1.8334986340e+00 -1.8348032170e+00 -1.6829769650e+00  5.8280795280e+00  6.8164151040e+00  6.5182582670e+00
    7.0400000000e+00 -1.8272535150e+00 -1.8433225720e+00 -1.7057285980e+00  5.8041974560e+00  6.7809983770e+00  6.4869285530e+00
    7.0500000000e+00 -1.8210981960e+00 -1.8511956250e+00 -1.7277632850e+00  5.7809674950e+00  6.7459804530e+00  6.4543799660e+00
    7.0600000000e+00 -1.8150679940e+00 -1.8584511520e+00 -1.7488954200e+00  5.7583602730e+00  6.7114002760e+00  6.4207033050e+00
    7.0700000000e+00 -1.8091955120e+00 -1.8651240900e+00 -1.7689600400e+00  5.7363445510e+00  6.6772938680e+00  6.3860224460e+00
    7.0800000000e+00 -1.8035109890e+00 -1.8712543360e+00 -1.7878197430e+00  5.7148866700e+00  6.6436926960e+00  6.3504885350e+00
    7.0900000000e+00 -1.7980419800e+00 -1.8768851250e+00 -1.8053696210e+00  5.6939497520e+00  6.6106229580e+00  6.3142725030e+00
    7.1000000000e+00 -1.7928122800e+00 -1.8820616400e+00 -1.8215397610e+00  5.6734931220e+00  6.5781057320e+00  6.2775567290e+00
    7.1100000000e+00 -1.7878403140e+00 -1.8868302450e+00 -1.8362952570e+00  5.6534723720e+00  6.5461575980e+00  6.2405267600e+00
    7.1200000000e+00 -1.7831373800e+00 -1.8912384230e+00 -1.8496340880e+00  5.6338403560e+00  6.5147911750e+00  6.2033639400e+00
    7.1300000000e+00 -1.7787062990e+00 -1.8953351020e+00 -1.8615834750e+00  5.6145491380e+00  6.4840151590e+00  6.1662394550e+00
    7.1400000000e+00 -1.7745409310e+00 -1.8991709040e+00 -1.8721954260e+00  5.5955526230e+00  6.4538337570e+00  6.1293100120e+00
    7.1500000000e+00 -1.7706268860e+00 -1.9027979390e+00 -1.8815420780e+00  5.5768094070e+00  6.4242457180e+00  6.0927150180e+00
    7.1600000000e+00 -1.7669434330e+00 -1.9062689540e+00 -1.8897112250e+00  5.5582852210e+00  6.3952433560e+00  6.0565749820e+00
    7.1700000000e+00 -1.7634663520e+00 -1.9096359710e+00 -1.8968022570e+00  5.5399544450e+00  6.3668118990e+00  6.0209908080e+00
    7.1800000000e+00 -1.7601712050e+00 -1.9129486450e+00 -1.9029225450e+00  5.5218003060e+00  6.3389294140e+00  5.9860436950e+00
    7.1900000000e+00 -1.7570363600e+00 -1.9162526350e+00 -1.9081842510e+00  5.5038137020e+00  6.3115672980e+00  5.9517954470e+00
    7.2000000000e+00 -1.7540451970e+00 -1.9195882030e+00 -1.9127015050e+00  5.4859909170e+00  6.2846912700e+00  5.9182890400e+00
    7.2100000000e+00 -1.7511870610e+00 -1.9229891510e+00 -1.9165878780e+00  5.4683307200e+00  6.2582627290e+00  5.8855493510e+00
    7.2200000000e+00 -1.7484568680e+00 -1.9264821770e+00 -1.9199540510e+00  5.4508315100e+00  6.2322403620e+00  5.8535839630e+00
    7.2300000000e+00 -1.7458535780e+00 -1.9300866990e+00 -1.9229055530e+00  5.4334891090e+00  6.2065819050e+00  5.8223840460e+00
    7.2400000000e+00 -1.7433780220e+00 -1.9338152380e+00 -1.9255404250e+00  5.4162956250e+00  6.1812459410e+00  5.7919253690e+00
    7.2500000000e+00 -1.7410306970e+00 -1.9376744140e+00 -1.9279467340e+00  5.3992394780e+00  6.1561935180e+00  5.7621696510e+00
    7.2600000000e+00 -1.7388101030e+00 -1.9416665310e+00 -1.9301999990e+00  5.3823063710e+00  6.1313893350e+00  5.7330664750e+00
    7.2700000000e+00 -1.7367119380e+00 -1.9457915640e+00 -1.9323607660e+00  5.3654807260e+00  6.1068021950e+00  5.7045560170e+00
    7.2800000000e+00 -1.7347291750e+00 -1.9500492020e+00 -1.9344727200e+00  5.3487470140e+00  6.0824045310e+00  5.6765726410e+00
    7.2900000000e+00 -1.7328526890e+00 -1.9544404970e+00 -1.9365617730e+00  5.3320905690e+00  6.0581710080e+00  5.6490492450e+00
    7.3000000000e+00 -1.7310719940e+00 -1.9589686670e+00 -1.9386364800e+00  5.3154977530e+00  6.0340764270e+00  5.6219219690e+00
    7.3100000000e+00 -1.7293756710e+00 -1.9636387950e+00 -1.9406899510e+00  5.2989556100e+00  6.0100933820e+00  5.5951347560e+00
    7.3200000000e+00 -1.7277512830e+00 -1.9684563570e+00 -1.9427031810e+00  5.2824513790e+00  5.9861902240e+00  5.5686431830e+00
    7.3300000000e+00 -1.7261848370e+00 -1.9734248210e+00 -1.9446494890e+00  5.2659722160e+00  5.9623298360e+00  5.5424170770e+00
    7.3400000000e+00 -1.7246600360e+00 -1.9785427530e+00 -1.9464995870e+00  5.2495053550e+00  5.9384695750e+00  5.5164415500e+00
    7.3500000000e+00 -1.7231576140e+00 -1.9838009730e+00 -1.9482267020e+00  5.2330387220e+00  5.9145625300e+00  5.4907163110e+00
    7.3600000000e+00 -1.7216549810e+00 -1.9891803140e+00 -1.9498111210e+00  5.2165618830e+00  5.8905599520e+00  5.4652532980e+00
    7.3700000000e+00 -1.7201262530e+00 -1.9946504300e+00 -1.9512435930e+00  5.2000670910e+00  5.8664145370e+00  5.4400729270e+00
    7.3800000000e+00 -1.7185426090e+00 -2.0001699300e+00 -1.9525271270e+00  5.1835502740e+00  5.8420840840e+00  5.4151994630e+00
    7.3900000000e+00 -1.7168728680e+00 -2.0056878840e+00 -1.9536769360e+00  5.1670118820e+00  5.8175349500e+00  5.3906561930e+00
    7.4000000000e+00 -1.7150841880e+00 -2.0111465110e+00 -1.9547186320e+00  5.1504576380e+00  5.7927447970e+00  5.3664611630e+00
    7.4100000000e+00 -1.7131429040e+00 -2.0164846790e+00 -1.9556850780e+00  5.1338992470e+00  5.7677042270e+00  5.3426241430e+00
    7.4200000000e+00 -1.7110156020e+00 -2.0216417190e+00 -1.9566125850e+00  5.1173551010e+00  5.7424171300e+00  5.3191452110e+00
    7.4300000000e+00 -1.7086705740e+00 -2.0265610610e+00 -1.9575372520e+00  5.1008508700e+00  5.7168997630e+00  5.2960149810e+00
    7.4400000000e+00 -1.7060797090e+00 -2.0311933060e+00 -1.9584921040e+00  5.0844197470e+00  5.6911787630e+00  5.2732161040e+00
    7.4500000000e+00 -1.7032207300e+00 -2.0354984450e+00 -1.9595053920e+00  5.0681020610e+00  5.6652883790e+00  5.2507254460e+00
    7.4600000000e+00 -1.7000794820e+00 -2.0394470780e+00 -1.9606000740e+00  5.0519440020e+00  5.6392672560e+00  5.2285162970e+00
    7.4700000000e+00 -1.6966518290e+00 -2.0430205910e+00 -1.9617941660e+00  5.0359954170e+00  5.6131550950e+00  5.2065601010e+00
    7.4800000000e+00 -1.6929447270e+00 -2.0462103050e+00 -1.9631015340e+00  5.0203068340e+00  5.5869894970e+00  5.1848274850e+00
    7.4900000000e+00 -1.6889761240e+00 -2.0490157290e+00 -1.9645326580e+00  5.0049261400e+00  5.5608033030e+00  5.1632886070e+00
    7.5000000000e+00 -1.6847736090e+00 -2.0514421110e+00 -1.9660950890e+00  4.9898954540e+00  5.5346226730e+00  5.1419130480e+00
    7.5100000000e+00 -1.6803719980e+00 -2.0534975860e+00 -1.9677934520e+00  4.9752487230e+00  5.5084660980e+00  5.1206695730e+00
    7.5200000000e+00 -1.6758102520e+00 -2.0551902510e+00 -1.9696290850e+00  4.9610104170e+00  5.4823443870e+00  5.0995260270e+00
    7.5300000000e+00 -1.6711282680e+00 -2.0565255130e+00 -1.9715994790e+00  4.9471954550e+00  5.4562615640e+00  5.0784495620e+00
    7.5400000000e+00 -1.6663640280e+00 -2.0575039270e+00 -1.9736977720e+00  4.9338102690e+00  5.4302164750e+00  5.0574072140e+00
    7.5500000000e+00 -1.6615514600e+00 -2.0581196920e+00 -1.9759124640e+00  4.9208547070e+00  5.4042048900e+00  5.0363667440e+00
    7.5600000000e+00 -1.6567192330e+00 -2.0583598260e+00 -1.9782274460e+00  4.9083244250e+00  5.3782218650e+00  5.0152975740e+00
    7.5700000000e+00 -1.6518905190e+00 -2.0582040410e+00 -1.9806223390e+00  4.8962133990e+00  5.3522641990e+00  4.9941716760e+00
    7.5800000000e+00 -1.6470836650e+00 -2.0576252830e+00 -1.9830730380e+00  4.8845162390e+00  5.3263328150e+00  4.9729642840e+00
    7.5900000000e+00 -1.6423136810e+00 -2.0565909110e+00 -1.9855523780e+00  4.8732300200e+00  5.3004349110e+00  4.9516544020e+00
    7.6000000000e+00 -1.6375943070e+00 -2.0550644240e+00 -1.9880308100e+00  4.8623553550e+00  5.2745857030e+00  4.9302251270e+00
    7.6100000000e+00 -1.6329403960e+00 -2.0530075940e+00 -1.9904770350e+00  4.8518964960e+00  5.2488096320e+00  4.9086638250e+00
    7.6200000000e+00 -1.6283701530e+00 -2.0503828170e+00 -1.9928585770e+00  4.8418603530e+00  5.2231409500e+00  4.8869622510e+00
    7.6300000000e+00 -1.6239067500e+00 -2.0471554840e+00 -1.9951423410e+00  4.8322545270e+00  5.1976236970e+00  4.8651166470e+00
    7.6400000000e+00 -1.6195788760e+00 -2.0432962280e+00 -1.9972952080e+00  4.8230847180e+00  5.1723111490e+00  4.8431278280e+00
    7.6500000000e+00 -1.6154199810e+00 -2.0387829660e+00 -1.9992847080e+00  4.8143521010e+00  5.1472648190e+00  4.8210012080e+00
    7.6600000000e+00 -1.6114663690e+00 -2.0336027220e+00 -2.0010797740e+00  4.8060513230e+00  5.1225531100e+00  4.7987466770e+00
    7.6700000000e+00 -1.6077545940e+00 -2.0277532060e+00 -2.0026515000e+00  4.7981696180e+00  5.0982496020e+00  4.7763782740e+00
    7.6800000000e+00 -1.6043188260e+00 -2.0212441130e+00 -2.0039737740e+00  4.7906871920e+00  5.0744309580e+00  4.7539136460e+00
    7.6900000000e+00 -1.6011888160e+00 -2.0140979710e+00 -2.0050237070e+00  4.7835786480e+00  5.0511744410e+00  4.7313733800e+00
    7.7000000000e+00 -1.5983888070e+00 -2.0063503600e+00 -2.0057818350e+00  4.7768149490e+00  5.0285551140e+00  4.7087803360e+00
    7.7100000000e+00 -1.5959373890e+00 -1.9980493130e+00 -2.0062321510e+00  4.7703653450e+00  5.0066429690e+00  4.6861591020e+00
    7.7200000000e+00 -1.5938480070e+00 -1.9892538710e+00 -2.0063621150e+00  4.7641988910e+00  4.9855003060e+00  4.6635355940e+00
    7.7300000000e+00 -1.5921297620e+00 -1.9800319230e+00 -2.0061627470e+00  4.7582854200e+00  4.9651797180e+00  4.6409367270e+00
    7.7400000000e+00 -1.5907881900e+00 -1.9704576670e+00 -2.0056288320e+00  4.7525960900e+00  4.9457228960e+00  4.6183900500e+00
    7.7500000000e+00 -1.5898259160e+00 -1.9606090350e+00 -2.0047591630e+00  4.7471037070e+00  4.9271602970e+00  4.5959231960e+00
    7.7600000000e+00 -1.5892432370e+00 -1.9505654110e+00 -2.0035566820e+00  4.7417829680e+00  4.9095115470e+00  4.5735631390e+00
    7.7700000000e+00 -1.5890387410e+00 -1.9404058400e+00 -2.0020283950e+00  4.7366106570e+00  4.8927863390e+00  4.5513353110e+00
    7.7800000000e+00 -1.5892100310e+00 -1.9302077860e+00 -2.0001849970e+00  4.7315656890e+00  4.8769855980e+00  4.5292627040e+00
    7.7900000000e+00 -1.5897544760e+00 -1.9200464300e+00 -1.9980402260e+00  4.7266288830e+00  4.8621026830e+00  4.5073650770e+00
    7.8000000000e+00 -1.5906698370e+00 -1.9099944620e+00 -1.9956100160e+00  4.7217824010e+00  4.8481244560e+00  4.4856583600e+00
    7.8100000000e+00 -1.5919545500e+00 -1.9001222350e+00 -1.9929115100e+00  4.7170089330e+00  4.8350320420e+00  4.4641542760e+00
    7.8200000000e+00 -1.5936075600e+00 -1.8904981150e+00 -1.9899619930e+00  4.7122908490e+00  4.8228011760e+00  4.4428601950e+00
    7.8300000000e+00 -1.5956277300e+00 -1.8811888270e+00 -1.9867777750e+00  4.7076095550e+00  4.8114020880e+00  4.4217792430e+00
    7.8400000000e+00 -1.5980129910e+00 -1.8722595550e+00 -1.9833730550e+00  4.7029452710e+00  4.8007989840e+00  4.4009107110e+00
    7.8500000000e+00 -1.6007595040e+00 -1.8637736560e+00 -1.9797588750e+00  4.6982772740e+00  4.7909492790e+00  4.3802508020e+00
    7.8600000000e+00 -1.6038610680e+00 -1.8557918990e+00 -1.9759422820e+00  4.6935845370e+00  4.7818027860e+00  4.3597937350e+00
    7.8700000000e+00 -1.6073088970e+00 -1.8483712680e+00 -1.9719258800e+00  4.6888465350e+00  4.7733010140e+00  4.3395331390e+00
    7.8800000000e+00 -1.6110917790e+00 -1.8415633610e+00 -1.9677078790e+00  4.6840440280e+00  4.7653767330e+00  4.3194635580e+00
    7.8900000000e+00 -1.6151964790e+00 -1.8354124370e+00 -1.9632826920e+00  4.6791596670e+00  4.7579538860e+00  4.2995818610e+00
    7.9000000000e+00 -1.6196082780e+00 -1.8299531870e+00 -1.9586419850e+00  4.6741783810e+00  4.7509480080e+00  4.2798883110e+00
    7.9100000000e+00 -1.6243115290e+00 -1.8252083120e+00 -1.9537759860e+00  4.6690875760e+00  4.7442672720e+00  4.2603871540e+00
    7.9200000000e+00 -1.6292901930e+00 -1.8211861250e+00 -1.9486748360e+00  4.6638772000e+00  4.7378143330e+00  4.2410866540e+00
    7.9300000000e+00 -1.6345283590e+00 -1.8178784430e+00 -1.9433297060e+00  4.6585397040e+00  4.7314890010e+00  4.2219986590e+00
    7.9400000000e+00 -1.6400107480e+00 -1.8152590730e+00 -1.9377335430e+00  4.6530699090e+00  4.7251917130e+00  4.2031378520e+00
    7.9500000000e+00 -1.6457231830e+00 -1.8132832050e+00 -1.9318813330e+00  4.6474647520e+00  4.7188276360e+00  4.1845209430e+00
    7.9600000000e+00 -1.6516529890e+00 -1.8118879070e+00 -1.9257699530e+00  4.6417229260e+00  4.7123111220e+00  4.1661660340e+00
    7.9700000000e+00 -1.6577892800e+00 -1.8109939090e+00 -1.9193977800e+00  4.6358444420e+00  4.7055701940e+00  4.1480923810e+00
    7.9800000000e+00 -1.6641231550e+00 -1.8105087130e+00 -1.9127643440e+00  4.6298301660e+00  4.6985506520e+00  4.1303206170e+00
    7.9900000000e+00 -1.6706478150e+00 -1.8103309760e+00 -1.9058703240e+00  4.6236813380e+00  4.6912193390e+00  4.1128733500e+00
    8.0000000000e+00 -1.6773586410e+00 -1.8103558880e+00 -1.8987180810e+00  4.6173990440e+00  4.6835660890e+00  4.0957758860e+00
    8.0100000000e+00 -1.6842531730e+00 -1.8104810660e+00 -1.8913127770e+00  4.6109835940e+00  4.6756039940e+00  4.0790567180e+00
    8.0200000000e+00 -1.6913309220e+00 -1.8106123130e+00 -1.8836639090e+00  4.6044337710e+00  4.6673678090e+00  4.0627474640e+00
    8.0300000000e+00 -1.6985928300e+00 -1.8106685070e+00 -1.8757869330e+00  4.5977460500e+00  4.6589106760e+00  4.0468820690e+00
    8.0400000000e+00 -1.7060403560e+00 -1.8105850570e+00 -1.8677046120e+00  4.5909139840e+00  4.6502996420e+00  4.0314952600e+00
    8.0500000000e+00 -1.7136742240e+00 -1.8103156390e+00 -1.8594477430e+00  4.5839279840e+00  4.6416107010e+00  4.0166204570e+00
    8.0600000000e+00 -1.7214930880e+00 -1.8098323180e+00 -1.8510551150e+00  4.5767757110e+00  4.6329240850e+00  4.0022874510e+00
    8.0700000000e+00 -1.7294924460e+00 -1.8091245230e+00 -1.8425726650e+00  4.5694430640e+00  4.6243203410e+00  3.9885201990e+00
    8.0800000000e+00 -1.7376641060e+00 -1.8081974430e+00 -1.8340520110e+00  4.5619156040e+00  4.6158773830e+00  3.9753349980e+00
    8.0900000000e+00 -1.7459963640e+00 -1.8070703910e+00 -1.8255485490e+00  4.5541800650e+00  4.6076683290e+00  3.9627391970e+00
    8.1000000000e+00 -1.7544748270e+00 -1.8057753280e+00 -1.8171193590e+00  4.5462255870e+00  4.5997597580e+00  3.9507304780e+00
    8.1100000000e+00 -1.7630836650e+00 -1.8043554940e+00 -1.8088210540e+00  4.5380444000e+00  4.5922100120e+00  3.9392966750e+00
    8.1200000000e+00 -1.7718069360e+00 -1.8028638200e+00 -1.8007076940e+00  4.5296318800e+00  4.5850674110e+00  3.9284160890e+00
    8.1300000000e+00 -1.7806297160e+00 -1.8013608380e+00 -1.7928288650e+00  4.5209860460e+00  4.5783685190e+00  3.9180582470e+00
    8.1400000000e+00 -1.7895388410e+00 -1.7999119720e+00 -1.7852279850e+00  4.5121067120e+00  4.5721368050e+00  3.9081850680e+00
    8.1500000000e+00 -1.7985232200e+00 -1.7985843390e+00 -1.7779409560e+00  4.5029944880e+00  4.5663820840e+00  3.8987523640e+00
    8.1600000000e+00 -1.8075737590e+00 -1.7974434410e+00 -1.7709952250e+00  4.4936498050e+00  4.5611009540e+00  3.8897115720e+00
    8.1700000000e+00 -1.8166829440e+00 -1.7965501800e+00 -1.7644092820e+00  4.4840720570e+00  4.5562782580e+00  3.8810115740e+00
    8.1800000000e+00 -1.8258441430e+00 -1.7959585790e+00 -1.7581925580e+00  4.4742589390e+00  4.5518893290e+00  3.8726005010e+00
    8.1900000000e+00 -1.8350506790e+00 -1.7957144250e+00 -1.7523456590e+00  4.4642060660e+00  4.5479026850e+00  3.8644274190e+00
    8.2000000000e+00 -1.8442947630e+00 -1.7958548740e+00 -1.7468608600e+00  4.4539069660e+00  4.5442827780e+00  3.8564439060e+00
    8.2100000000e+00 -1.8535664400e+00 -1.7964089130e+00 -1.7417228320e+00  4.4433535220e+00  4.5409924730e+00  3.8486055000e+00
    8.2200000000e+00 -1.8628527410e+00 -1.7973984580e+00 -1.7369096240e+00  4.4325368500e+00  4.5379950080e+00  3.8408730330e+00
    8.2300000000e+00 -1.8721372600e+00 -1.7988398320e+00 -1.7323939110e+00  4.4214485070e+00  4.5352553200e+00  3.8332137860e+00
    8.2400000000e+00 -1.8814002690e+00 -1.8007453670e+00 -1.7281445170e+00  4.4100818050e+00  4.5327406890e+00  3.8256023950e+00
    8.2500000000e+00 -1.8906193730e+00 -1.8031248700e+00 -1.7241281760e+00  4.3984329590e+00  4.5304208000e+00  3.8180213840e+00
    8.2600000000e+00 -1.8997705740e+00 -1.8059868180e+00 -1.7203114070e+00  4.3865018470e+00  4.5282673580e+00  3.8104612290e+00
    8.2700000000e+00 -1.9088294930e+00 -1.8093391750e+00 -1.7166623750e+00  4.3742922280e+00  4.5262534370e+00  3.8029199070e+00
    8.2800000000e+00 -1.9177724800e+00 -1.8131898800e+00 -1.7131525310e+00  4.3618114390e+00  4.5243527380e+00  3.7954019100e+00
    8.2900000000e+00 -1.9265773890e+00 -1.8175470530e+00 -1.7097578450e+00  4.3490697090e+00  4.5225388130e+00  3.7879168330e+00
    8.3000000000e+00 -1.9352238920e+00 -1.8224189810e+00 -1.7064594720e+00  4.3360793190e+00  4.5207843090e+00  3.7804776980e+00
    8.3100000000e+00 -1.9436933480e+00 -1.8278138720e+00 -1.7032437920e+00  4.3228538380e+00  4.5190601790e+00  3.7730992830e+00
    8.3200000000e+00 -1.9519683400e+00 -1.8337393070e+00 -1.7001018960e+00  4.3094076670e+00  4.5173349130e+00  3.7657967190e+00
    8.3300000000e+00 -1.9600320770e+00 -1.8402012880e+00 -1.6970287180e+00  4.2957559900e+00  4.5155738900e+00  3.7585845670e+00
    8.3400000000e+00 -1.9678679120e+00 -1.8472028690e+00 -1.6940221300e+00  4.2819151550e+00  4.5137390980e+00  3.7514764260e+00
    8.3500000000e+00 -1.9754591610e+00 -1.8547425350e+00 -1.6910822160e+00  4.2679033780e+00  4.5117894960e+00  3.7444849560e+00
    8.3600000000e+00 -1.9827894190e+00 -1.8628126770e+00 -1.6882109150e+00  4.2537415910e+00  4.5096821700e+00  3.7376221260e+00
    8.3700000000e+00 -1.9898433700e+00 -1.8713986040e+00 -1.6854119970e+00  4.2394541370e+00  4.5073742450e+00  3.7308994110e+00
    8.3800000000e+00 -1.9966080270e+00 -1.8804785080e+00 -1.6826912610e+00  4.2250690690e+00  4.5048251880e+00  3.7243277780e+00
    8.3900000000e+00 -2.0030741190e+00 -1.8900244830e+00 -1.6800567510e+00  4.2106178370e+00  4.5019989580e+00  3.7179173790e+00
    8.4000000000e+00 -2.0092373120e+00 -1.9000044070e+00 -1.6775187970e+00  4.1961343500e+00  4.4988654290e+00  3.7116770120e+00
    8.4100000000e+00 -2.0150989570e+00 -1.9103841460e+00 -1.6750897590e+00  4.1816535670e+00  4.4954007370e+00  3.7056134980e+00
    8.4200000000e+00 -2.0206661900e+00 -1.9211294290e+00 -1.6727834690e+00  4.1672099190e+00  4.4915865690e+00  3.6997311730e+00
    8.4300000000e+00 -2.0259514190e+00 -1.9322068920e+00 -1.6706144630e+00  4.1528359160e+00  4.4874088110e+00  3.6940316440e+00
    8.4400000000e+00 -2.0309714360e+00 -1.9435841280e+00 -1.6685971720e+00  4.1385612020e+00  4.4828561550e+00  3.6885139100e+00
    8.4500000000e+00 -2.0357464430e+00 -1.9552289870e+00 -1.6667452980e+00  4.1244120990e+00  4.4779192470e+00  3.6831748200e+00
    8.4600000000e+00 -2.0402992970e+00 -1.9671086310e+00 -1.6650714940e+00  4.1104115450e+00  4.4725906380e+00  3.6780097120e+00
    8.4700000000e+00 -2.0446550670e+00 -1.9791888530e+00 -1.6635874360e+00  4.0965791250e+00  4.4668654550e+00  3.6730130490e+00
    8.4800000000e+00 -2.0488408220e+00 -1.9914339970e+00 -1.6623041780e+00  4.0829309720e+00  4.4607424360e+00  3.6681788290e+00
    8.4900000000e+00 -2.0528854360e+00 -2.0038074530e+00 -1.6612326380e+00  4.0694793880e+00  4.4542249300e+00  3.6635006690e+00
    8.5000000000e+00 -2.0568191350e+00 -2.0162725510e+00 -1.6603839980e+00  4.0562322580e+00  4.4473215980e+00  3.6589715570e+00
    8.5100000000e+00 -2.0606726380e+00 -2.0287935770e+00 -1.6597698640e+00  4.0431924910e+00  4.4400468040e+00  3.6545833750e+00
    8.5200000000e+00 -2.0644759400e+00 -2.0413368010e+00 -1.6594021310e+00  4.0303577420e+00  4.4324208060e+00  3.6503263630e+00
    8.5300000000e+00 -2.0682569020e+00 -2.0538715660e+00 -1.6592925570e+00  4.0177206450e+00  4.4244698960e+00  3.6461886630e+00
    8.5400000000e+00 -2.0720399390e+00 -2.0663715680e+00 -1.6594521170e+00  4.0052695900e+00  4.4162264650e+00  3.6421560440e+00
    8.5500000000e+00 -2.0758450360e+00 -2.0788164690e+00 -1.6598902200e+00  3.9929899760e+00  4.4077288770e+00  3.6382118830e+00
    8.5600000000e+00 -2.0796872590e+00 -2.0911938330e+00 -1.6606138810e+00  3.9808657520e+00  4.3990208760e+00  3.6343374600e+00
    8.5700000000e+00 -2.0835768300e+00 -2.1035012410e+00 -1.6616269590e+00  3.9688810430e+00  4.3901502870e+00  3.6305125780e+00
    8.5800000000e+00 -2.0875197540e+00 -2.1157482610e+00 -1.6629296090e+00  3.9570216730e+00  4.3811668500e+00  3.6267165110e+00
    8.5900000000e+00 -2.0915189580e+00 -2.1279579140e+00 -1.6645180880e+00  3.9452763910e+00  4.3721191360e+00  3.6229291900e+00
    8.6000000000e+00 -2.0955758210e+00 -2.1401672230e+00 -1.6663850250e+00  3.9336376300e+00  4.3630507250e+00  3.6191324620e+00
    8.6100000000e+00 -2.0996919330e+00 -2.1524264680e+00 -1.6685201510e+00  3.9221016490e+00  4.3539959370e+00  3.6153112510e+00
    8.6200000000e+00 -2.1038708230e+00 -2.1647969540e+00 -1.6709114510e+00  3.9106679940e+00  4.3449756470e+00  3.6114544240e+00
    8.6300000000e+00 -2.1081193910e+00 -2.1773472630e+00 -1.6735466190e+00  3.8993382740e+00  4.3359937650e+00  3.6075552370e+00
    8.6400000000e+00 -2.1124487770e+00 -2.1901482740e+00 -1.6764146560e+00  3.8881144290e+00  4.3270350060e+00  3.6036112620e+00
    8.6500000000e+00 -2.1168744800e+00 -2.2032674770e+00 -1.6795074450e+00  3.8769967340e+00  4.3180644170e+00  3.5996237270e+00
    8.6600000000e+00 -2.1214156610e+00 -2.2167633340e+00 -1.6828210930e+00  3.8659818570e+00  4.3090288700e+00  3.5955962770e+00
    8.6700000000e+00 -2.1260937170e+00 -2.2306804330e+00 -1.6863568000e+00  3.8550613050e+00  4.2998603830e+00  3.5915331970e+00
    8.6800000000e+00 -2.1309303300e+00 -2.2450461050e+00 -1.6901210270e+00  3.8442205370e+00  4.2904808140e+00  3.5874373090e+00
    8.6900000000e+00 -2.1359453160e+00 -2.2598688540e+00 -1.6941248120e+00  3.8334388760e+00  4.2808072190e+00  3.5833078130e+00
    8.7000000000e+00 -2.1411546330e+00 -2.2751386250e+00 -1.6983822250e+00  3.8226902430e+00  4.2707571480e+00  3.5791384610e+00
    8.7100000000e+00 -2.1465688450e+00 -2.2908286500e+00 -1.7029081390e+00  3.8119445040e+00  4.2602532390e+00  3.5749164160e+00
    8.7200000000e+00 -2.1521922190e+00 -2.3068984050e+00 -1.7077156430e+00  3.8011691850e+00  4.2492266770e+00  3.5706220670e+00
    8.7300000000e+00 -2.1580224680e+00 -2.3232971650e+00 -1.7128135300e+00  3.7903312120e+00  4.2376193340e+00  3.5662298670e+00
    8.7400000000e+00 -2.1640509880e+00 -2.3399676570e+00 -1.7182042710e+00  3.7793984500e+00  4.2253845480e+00  3.5617101060e+00
    8.7500000000e+00 -2.1702633880e+00 -2.3568493510e+00 -1.7238828190e+00  3.7683409450e+00  4.2124867160e+00  3.5570313260e+00
    8.7600000000e+00 -2.1766400990e+00 -2.3738810280e+00 -1.7298364210e+00  3.7571318890e+00  4.1988999290e+00  3.5521630080e+00
    8.7700000000e+00 -2.1831569850e+00 -2.3910023600e+00 -1.7360454700e+00  3.7457484580e+00  4.1846060510e+00  3.5470780950e+00
    8.7800000000e+00 -2.1897859760e+00 -2.4081543910e+00 -1.7424852200e+00  3.7341726480e+00  4.1695926870e+00  3.5417549470e+00
    8.7900000000e+00 -2.1964958310e+00 -2.4252789990e+00 -1.7491280620e+00  3.7223921770e+00  4.1538515410e+00  3.5361784470e+00
    8.8000000000e+00 -2.2032532200e+00 -2.4423176580e+00 -1.7559459380e+00  3.7104014240e+00  4.1373775720e+00  3.5303401150e+00
    8.8100000000e+00 -2.2100242080e+00 -2.4592099590e+00 -1.7629125060e+00  3.6982022320e+00  4.1201692180e+00  3.5242373090e+00
    8.8200000000e+00 -2.2167761930e+00 -2.4758924680e+00 -1.7700046880e+00  3.6858043520e+00  4.1022296740e+00  3.5178717160e+00
    8.8300000000e+00 -2.2234801570e+00 -2.4922984070e+00 -1.7772034520e+00  3.6732252650e+00  4.0835689540e+00  3.5112474800e+00
    8.8400000000e+00 -2.2301129810e+00 -2.5083585180e+00 -1.7844937660e+00  3.6604891970e+00  4.0642062670e+00  3.5043693040e+00
    8.8500000000e+00 -2.2366594560e+00 -2.5240031370e+00 -1.7918638390e+00  3.6476252510e+00  4.0441720940e+00  3.4972408340e+00
    8.8600000000e+00 -2.2431136010e+00 -2.5391652830e+00 -1.7993038480e+00  3.6346648140e+00  4.0235094290e+00  3.4898635460e+00
    8.8700000000e+00 -2.2494789680e+00 -2.5537843080e+00 -1.8068043790e+00  3.6216385340e+00  4.0022737720e+00  3.4822362400e+00
    8.8800000000e+00 -2.2557678230e+00 -2.5678095340e+00 -1.8143548130e+00  3.6085733470e+00  3.9805317320e+00  3.4743552000e+00
    8.8900000000e+00 -2.2619992740e+00 -2.5812033160e+00 -1.8219418870e+00  3.5954900170e+00  3.9583583460e+00  3.4662149480e+00
    8.9000000000e+00 -2.2681966870e+00 -2.5939430660e+00 -1.8295486000e+00  3.5824016030e+00  3.9358334380e+00  3.4578095350e+00
    8.9100000000e+00 -2.2743848310e+00 -2.6060219760e+00 -1.8371536320e+00  3.5693130390e+00  3.9130374930e+00  3.4491342230e+00
    8.9200000000e+00 -2.2805872760e+00 -2.6174483890e+00 -1.8447314090e+00  3.5562217840e+00  3.8900475490e+00  3.4401873800e+00
    8.9300000000e+00 -2.2868244250e+00 -2.6282439450e+00 -1.8522528790e+00  3.5431193010e+00  3.8669335850e+00  3.4309723800e+00
    8.9400000000e+00 -2.2931124080e+00 -2.6384407970e+00 -1.8596870200e+00  3.5299929370e+00  3.8437557320e+00  3.4214992320e+00
    8.9500000000e+00 -2.2994628310e+00 -2.6480782370e+00 -1.8670029700e+00  3.5168278080e+00  3.8205625470e+00  3.4117856530e+00
    8.9600000000e+00 -2.3058832160e+00 -2.6571991220e+00 -1.8741725800e+00  3.5036083600e+00  3.7973904130e+00  3.4018573710e+00
    8.9700000000e+00 -2.3123778540e+00 -2.6658464640e+00 -1.8811730500e+00  3.4903194180e+00  3.7742640420e+00  3.3917474720e+00
    8.9800000000e+00 -2.3189488220e+00 -2.6740605050e+00 -1.8879893110e+00  3.4769466730e+00  3.7511979330e+00  3.3814947950e+00
    8.9900000000e+00 -2.3255969240e+00 -2.6818765590e+00 -1.8946157380e+00  3.4634766470e+00  3.7281985380e+00  3.3711414990e+00
    9.0000000000e+00 -2.3323223580e+00 -2.6893237650e+00 -1.9010569170e+00  3.4498962470e+00  3.7052668310e+00  3.3607301170e+00
    9.0100000000e+00 -2.3391249880e+00 -2.6964248020e+00 -1.9073273050e+00  3.4361920510e+00  3.6824009150e+00  3.3503004970e+00
    9.0200000000e+00 -2.3460041000e+00 -2.7031964630e+00 -1.9134498030e+00  3.4223495600e+00  3.6595983430e+00  3.3398871190e+00
    9.0300000000e+00 -2.3529576930e+00 -2.7096508650e+00 -1.9194535210e+00  3.4083526520e+00  3.6368579000e+00  3.3295171870e+00
    9.0400000000e+00 -2.3599814230e+00 -2.7157970340e+00 -1.9253711540e+00  3.3941834940e+00  3.6141807090e+00  3.3192097600e+00
    9.0500000000e+00 -2.3670674620e+00 -2.7216425970e+00 -1.9312364440e+00  3.3798230390e+00  3.5915706470e+00  3.3089759330e+00
    9.0600000000e+00 -2.3742035980e+00 -2.7271953290e+00 -1.9370821840e+00  3.3652521500e+00  3.5690341260e+00  3.2988198770e+00
    9.0700000000e+00 -2.3813728670e+00 -2.7324644000e+00 -1.9429390170e+00  3.3504531740e+00  3.5465793890e+00  3.2887403280e+00
    9.0800000000e+00 -2.3885539350e+00 -2.7374611940e+00 -1.9488350780e+00  3.3354116840e+00  3.5242154560e+00  3.2787321150e+00
    9.0900000000e+00 -2.3957222490e+00 -2.7421996650e+00 -1.9547963000e+00  3.3201179870e+00  3.5019508930e+00  3.2687873350e+00
    9.1000000000e+00 -2.4028517970e+00 -2.7466961890e+00 -1.9608470900e+00  3.3045680480e+00  3.4797925580e+00  3.2588959470e+00
    9.1100000000e+00 -2.4099171200e+00 -2.7509689430e+00 -1.9670110240e+00  3.2887635960e+00  3.4577444800e+00  3.2490457550e+00
    9.1200000000e+00 -2.4168951690e+00 -2.7550368670e+00 -1.9733112480e+00  3.2727113680e+00  3.4358070250e+00  3.2392218790e+00
    9.1300000000e+00 -2.4237666350e+00 -2.7589182990e+00 -1.9797703970e+00  3.2564216970e+00  3.4139765020e+00  3.2294059440e+00
    9.1400000000e+00 -2.4305165170e+00 -2.7626294790e+00 -1.9864099480e+00  3.2399067610e+00  3.3922453340e+00  3.2195752790e+00
    9.1500000000e+00 -2.4371339360e+00 -2.7661831210e+00 -1.9932490590e+00  3.2231788810e+00  3.3706028560e+00  3.2097023830e+00
    9.1600000000e+00 -2.4436113020e+00 -2.7695873480e+00 -2.0003030650e+00  3.2062491850e+00  3.3490366990e+00  3.1997549000e+00
    9.1700000000e+00 -2.4499431300e+00 -2.7728452190e+00 -2.0075818920e+00  3.1891268180e+00  3.3275346160e+00  3.1896962380e+00
    9.1800000000e+00 -2.4561247600e+00 -2.7759550550e+00 -2.0150886600e+00  3.1718187690e+00  3.3060864580e+00  3.1794868120e+00
    9.1900000000e+00 -2.4621512660e+00 -2.7789115960e+00 -2.0228187760e+00  3.1543302290e+00  3.2846859570e+00  3.1690858220e+00
    9.2000000000e+00 -2.4680167130e+00 -2.7817078700e+00 -2.0307596680e+00  3.1366653130e+00  3.2633319350e+00  3.1584532950e+00
    9.2100000000e+00 -2.4737138480e+00 -2.7843374850e+00 -2.0388912300e+00  3.1188279350e+00  3.2420286630e+00  3.1475521200e+00
    9.2200000000e+00 -2.4792342010e+00 -2.7867969370e+00 -2.0471869070e+00  3.1008226530e+00  3.2207852360e+00  3.1363498020e+00
    9.2300000000e+00 -2.4845684940e+00 -2.7890875110e+00 -2.0556152400e+00  3.0826553180e+00  3.1996140360e+00  3.1248197240e+00
    9.2400000000e+00 -2.4897072310e+00 -2.7912164180e+00 -2.0641416380e+00  3.0643334820e+00  3.1785285240e+00  3.1129418180e+00
    9.2500000000e+00 -2.4946413580e+00 -2.7931969800e+00 -2.0727301690e+00  3.0458665530e+00  3.1575407580e+00  3.1007026190e+00
    9.2600000000e+00 -2.4993629150e+00 -2.7950478410e+00 -2.0813451220e+00  3.0272657270e+00  3.1366590310e+00  3.0880947810e+00
    9.2700000000e+00 -2.5038656480e+00 -2.7967913570e+00 -2.0899521940e+00  3.0085437370e+00  3.1158859960e+00  3.0751161830e+00
    9.2800000000e+00 -2.5081455560e+00 -2.7984514590e+00 -2.0985191740e+00  2.9897144230e+00  3.0952175230e+00  3.0617688220e+00
    9.2900000000e+00 -2.5122013520e+00 -2.8000512930e+00 -2.1070161140e+00  2.9707921190e+00  3.0746423920e+00  3.0480577430e+00
    9.3000000000e+00 -2.5160347580e+00 -2.8016109570e+00 -2.1154150610e+00  2.9517908470e+00  3.0541427840e+00  3.0339902120e+00
    9.3100000000e+00 -2.5196505520e+00 -2.8031455710e+00 -2.1236895660e+00  2.9327233240e+00  3.0336954510e+00  3.0195753150e+00
    9.3200000000e+00 -2.5230562600e+00 -2.8046638520e+00 -2.1318142190e+00  2.9135998820e+00  3.0132733780e+00  3.0048240420e+00
    9.3300000000e+00 -2.5262613910e+00 -2.8061672790e+00 -2.1397644900e+00  2.8944274330e+00  2.9928477470e+00  2.9897497290e+00
    9.3400000000e+00 -2.5292762460e+00 -2.8076498660e+00 -2.1475170360e+00  2.8752086780e+00  2.9723900010e+00  2.9743686420e+00
    9.3500000000e+00 -2.5321103650e+00 -2.8090985180e+00 -2.1550505180e+00  2.8559417840e+00  2.9518738480e+00  2.9587004050e+00
    9.3600000000e+00 -2.5347708370e+00 -2.8104939290e+00 -2.1623467660e+00  2.8366206610e+00  2.9312770570e+00  2.9427679790e+00
    9.3700000000e+00 -2.5372607300e+00 -2.8118119150e+00 -2.1693920450e+00  2.8172359130e+00  2.9105829130e+00  2.9265970590e+00
    9.3800000000e+00 -2.5395779230e+00 -2.8130251010e+00 -2.1761781060e+00  2.7977763630e+00  2.8897812130e+00  2.9102148470e+00
    9.3900000000e+00 -2.5417145410e+00 -2.8141047770e+00 -2.1827027410e+00  2.7782309680e+00  2.8688687330e+00  2.8936483480e+00
    9.4000000000e+00 -2.5436571230e+00 -2.8150227700e+00 -2.1889696540e+00  2.7585908540e+00  2.8478491100e+00  2.8769224400e+00
    9.4100000000e+00 -2.5453874930e+00 -2.8157531070e+00 -2.1949875700e+00  2.7388511960e+00  2.8267321960e+00  2.8600580190e+00
    9.4200000000e+00 -2.5468842210e+00 -2.8162733260e+00 -2.2007686610e+00  2.7190126890e+00  2.8055330160e+00  2.8430705230e+00
    9.4300000000e+00 -2.5481244930e+00 -2.8165653260e+00 -2.2063264790e+00  2.6990824570e+00  2.7842704950e+00  2.8259691190e+00
    9.4400000000e+00 -2.5490861650e+00 -2.8166157880e+00 -2.2116736720e+00  2.6790742990e+00  2.7629661710e+00  2.8087566930e+00
    9.4500000000e+00 -2.5497497560e+00 -2.8164162470e+00 -2.2168198490e+00  2.6590082770e+00  2.7416430240e+00  2.7914307070e+00
    9.4600000000e+00 -2.5501001970e+00 -2.8159629680e+00 -2.2217698990e+00  2.6389097030e+00  2.7203244620e+00  2.7739847670e+00
    9.4700000000e+00 -2.5501281500e+00 -2.8152566940e+00 -2.2265230270e+00  2.6188076760e+00  2.6990334670e+00  2.7564106960e+00
    9.4800000000e+00 -2.5498307880e+00 -2.8143023330e+00 -2.2310726170e+00  2.5987333070e+00  2.6777918140e+00  2.7387007580e+00
    9.4900000000e+00 -2.5492119950e+00 -2.8131085420e+00 -2.2354068910e+00  2.5787178690e+00  2.6566193410e+00  2.7208497240e+00
    9.5000000000e+00 -2.5482819960e+00 -2.8116871780e+00 -2.2395102100e+00  2.5587910290e+00  2.6355332860e+00  2.7028565210e+00
    9.5100000000e+00 -2.5470565150e+00 -2.8100525770e+00 -2.2433648080e+00  2.5389793620e+00  2.6145477520e+00  2.6847252790e+00
    9.5200000000e+00 -2.5455556000e+00 -2.8082207360e+00 -2.2469527160e+00  2.5193052590e+00  2.5936733720e+00  2.6664657270e+00
    9.5300000000e+00 -2.5438022780e+00 -2.8062084520e+00 -2.2502576540e+00  2.4997862830e+00  2.5729172290e+00  2.6480929190e+00
    9.5400000000e+00 -2.5418212080e+00 -2.8040325260e+00 -2.2532666940e+00  2.4804349790e+00  2.5522829940e+00  2.6296263550e+00
    9.5500000000e+00 -2.5396374770e+00 -2.8017091220e+00 -2.2559714880e+00  2.4612590610e+00  2.5317712500e+00  2.6110886110e+00
    9.5600000000e+00 -2.5372756490e+00 -2.7992532750e+00 -2.2583689290e+00  2.4422618830e+00  2.5113798920e+00  2.5925036590e+00
    9.5700000000e+00 -2.5347591030e+00 -2.7966785600e+00 -2.2604611600e+00  2.4234430440e+00  2.4911045480e+00  2.5738951200e+00
    9.5800000000e+00 -2.5321096670e+00 -2.7939968580e+00 -2.2622549820e+00  2.4047990130e+00  2.4709389740e+00  2.5552846930e+00
    9.5900000000e+00 -2.5293474740e+00 -2.7912181790e+00 -2.2637607900e+00  2.3863236370e+00  2.4508754220e+00  2.5366909950e+00
    9.6000000000e+00 -2.5264909350e+00 -2.7883505080e+00 -2.2649912640e+00  2.3680084800e+00  2.4309050050e+00  2.5181289070e+00
    9.6100000000e+00 -2.5235567080e+00 -2.7853997000e+00 -2.2659600670e+00  2.3498429810e+00  2.4110180780e+00  2.4996094620e+00
    9.6200000000e+00 -2.5205595480e+00 -2.7823694150e+00 -2.2666807260e+00  2.3318144900e+00  2.3912046600e+00  2.4811401350e+00
    9.6300000000e+00 -2.5175119890e+00 -2.7792611470e+00 -2.2671658060e+00  2.3139083070e+00  2.3714548700e+00  2.4627253980e+00
    9.6400000000e+00 -2.5144238680e+00 -2.7760743420e+00 -2.2674263840e+00  2.2961078190e+00  2.3517593660e+00  2.4443673610e+00
    9.6500000000e+00 -2.5113017690e+00 -2.7728066350e+00 -2.2674717390e+00  2.2783948580e+00  2.3321097510e+00  2.4260664090e+00
    9.6600000000e+00 -2.5081484960e+00 -2.7694541650e+00 -2.2673091840e+00  2.2607503120e+00  2.3124989040e+00  2.4078217810e+00
    9.6700000000e+00 -2.5049627190e+00 -2.7660119830e+00 -2.2669439920e+00  2.2431549740e+00  2.2929212220e+00  2.3896321410e+00
    9.6800000000e+00 -2.5017388690e+00 -2.7624744900e+00 -2.2663794120e+00  2.2255905700e+00  2.2733727420e+00  2.3714961700e+00
    9.6900000000e+00 -2.4984673960e+00 -2.7588358890e+00 -2.2656168420e+00  2.2080408350e+00  2.2538511250e+00  2.3534131690e+00
    9.7000000000e+00 -2.4951353620e+00 -2.7550905950e+00 -2.2646562060e+00  2.1904925110e+00  2.2343555200e+00  2.3353836410e+00
    9.7100000000e+00 -2.4917273610e+00 -2.7512335630e+00 -2.2634965460e+00  2.1729361320e+00  2.2148863240e+00  2.3174097100e+00
    9.7200000000e+00 -2.4882266530e+00 -2.7472605160e+00 -2.2621367500e+00  2.1553664670e+00  2.1954448680e+00  2.2994953050e+00
    9.7300000000e+00 -2.4846163680e+00 -2.7431680510e+00 -2.2605763020e+00  2.1377825680e+00  2.1760330810e+00  2.2816460180e+00
    9.7400000000e+00 -2.4808806240e+00 -2.7389536320e+00 -2.2588159060e+00  2.1201874280e+00  2.1566531770e+00  2.2638686870e+00
    9.7500000000e+00 -2.4770054070e+00 -2.7346155040e+00 -2.2568578550e+00  2.1025873190e+00  2.1373073750e+00  2.2461707680e+00
    9.7600000000e+00 -2.4729791300e+00 -2.7301525380e+00 -2.2547061270e+00  2.0849909540e+00  2.1179976980e+00  2.2285596480e+00
    9.7700000000e+00 -2.4687928610e+00 -2.7255640390e+00 -2.2523661800e+00  2.0674086210e+00  2.0987258490e+00  2.2110420100e+00
    9.7800000000e+00 -2.4644402740e+00 -2.7208495640e+00 -2.2498445600e+00  2.0498514190e+00  2.0794931620e+00  2.1936233630e+00
    9.7900000000e+00 -2.4599174350e+00 -2.7160087660e+00 -2.2471483710e+00  2.0323306530e+00  2.0603006170e+00  2.1763077730e+00
    9.8000000000e+00 -2.4552225170e+00 -2.7110412860e+00 -2.2442847320e+00  2.0148574010e+00  2.0411488900e+00  2.1590978230e+00
    9.8100000000e+00 -2.4503555090e+00 -2.7059466980e+00 -2.2412602760e+00  1.9974421980e+00  2.0220383990e+00  2.1419947550e+00
    9.8200000000e+00 -2.4453179300e+00 -2.7007244740e+00 -2.2380807580e+00  1.9800947980e+00  2.0029693250e+00  2.1249987650e+00
    9.8300000000e+00 -2.4401125320e+00 -2.6953739500e+00 -2.2347507780e+00  1.9628239750e+00  1.9839415950e+00  2.1081094000e+00
    9.8400000000e+00 -2.4347429780e+00 -2.6898942490e+00 -2.2312736700e+00  1.9456373860e+00  1.9649548460e+00  2.0913260120e+00
    9.8500000000e+00 -2.4292134830e+00 -2.6842841580e+00 -2.2276515250e+00  1.9285415080e+00  1.9460084040e+00  2.0746482270e+00
    9.8600000000e+00 -2.4235284540e+00 -2.6785419580e+00 -2.2238853800e+00  1.9115416900e+00  1.9271013090e+00  2.0580763860e+00
    9.8700000000e+00 -2.4176921750e+00 -2.6726652440e+00 -2.2199755530e+00  1.8946423200e+00  1.9082324040e+00  2.0416119100e+00
    9.8800000000e+00 -2.4117085960e+00 -2.6666507480e+00 -2.2159221040e+00  1.8778470790e+00  1.8894005070e+00  2.0252575270e+00
    9.8900000000e+00 -2.4055812400e+00 -2.6604942180e+00 -2.2117253580e+00  1.8611592300e+00  1.8706046490e+00  2.0090172990e+00
    9.9000000000e+00 -2.3993132260e+00 -2.6541903450e+00 -2.2073863990e+00  1.8445818720e+00  1.8518443640e+00  1.9928964480e+00
    9.9100000000e+00 -2.3929073640e+00 -2.6477327750e+00 -2.2029074290e+00  1.8281181460e+00  1.8331200120e+00  1.9769009850e+00
    9.9200000000e+00 -2.3863662850e+00 -2.6411141950e+00 -2.1982919190e+00  1.8117713630e+00  1.8144331390e+00  1.9610372620e+00
    9.9300000000e+00 -2.3796925720e+00 -2.6343265200e+00 -2.1935445350e+00  1.7955450930e+00  1.7957868380e+00  1.9453115490e+00
    9.9400000000e+00 -2.3728888960e+00 -2.6273611960e+00 -2.1886708980e+00  1.7794432240e+00  1.7771861210e+00  1.9297297740e+00
    9.9500000000e+00 -2.3659581790e+00 -2.6202096560e+00 -2.1836773180e+00  1.7634700060e+00  1.7586382440e+00  1.9142974760e+00
    9.9600000000e+00 -2.3589037810e+00 -2.6128639330e+00 -2.1785706350e+00  1.7476300550e+00  1.7401529360e+00  1.8990199500e+00
    9.9700000000e+00 -2.3517297170e+00 -2.6053174210e+00 -2.1733582780e+00  1.7319282940e+00  1.7217424350e+00  1.8839024700e+00
    9.9800000000e+00 -2.3444408800e+00 -2.5975657160e+00 -2.1680485510e+00  1.7163698150e+00  1.7034212750e+00  1.8689504370e+00
    9.9900000000e+00 -2.3370432290e+00 -2.5896074440e+00 -2.1626510880e+00  1.7009596490e+00  1.6852057320e+00  1.8541692970e+00
    1.0000000000e+01 -2.3295439160e+00 -2.5814449090e+00 -2.1571773130e+00  1.6857024570e+00  1.6671129510e+00  1.8395641700e+00
    1.0010000000e+01 -2.3219513300e+00 -2.5730844510e+00 -2.1516407360e+00  1.6706021440e+00  1.6491597980e+00  1.8251391750e+00
    1.0020000000e+01 -2.3142749970e+00 -2.5645363550e+00 -2.1460569450e+00  1.6556614410e+00  1.6313615820e+00  1.8108965790e+00
    1.0030000000e+01 -2.3065253490e+00 -2.5558143010e+00 -2.1404432060e+00  1.6408814720e+00  1.6137308170e+00  1.7968359170e+00
    1.0040000000e+01 -2.2987133090e+00 -2.5469343740e+00 -2.1348177170e+00  1.6262613840e+00  1.5962762320e+00  1.7829532740e+00
    1.0050000000e+01 -2.2908497280e+00 -2.5379137510e+00 -2.1291985770e+00  1.6117981060e+00  1.5790021860e+00  1.7692408660e+00
    1.0060000000e+01 -2.2829447120e+00 -2.5287692700e+00 -2.1236026420e+00  1.5974863020e+00  1.5619085790e+00  1.7556869880e+00
    1.0070000000e+01 -2.2750069300e+00 -2.5195160610e+00 -2.1180443990e+00  1.5833185790e+00  1.5449912740e+00  1.7422763730e+00
    1.0080000000e+01 -2.2670430000e+00 -2.5101664360e+00 -2.1125349960e+00  1.5692859450e+00  1.5282429620e+00  1.7289908980e+00
    1.0090000000e+01 -2.2590570650e+00 -2.5007291680e+00 -2.1070815500e+00  1.5553784660e+00  1.5116543190e+00  1.7158105700e+00
    1.0100000000e+01 -2.2510506230e+00 -2.4912092320e+00 -2.1016868030e+00  1.5415860560e+00  1.4952153070e+00  1.7027146820e+00
    1.0110000000e+01 -2.2430226430e+00 -2.4816080160e+00 -2.0963491640e+00  1.5278992570e+00  1.4789164200e+00  1.6896830040e+00
    1.0120000000e+01 -2.2349699330e+00 -2.4719239240e+00 -2.0910631140e+00  1.5143099290e+00  1.4627497110e+00  1.6766968670e+00
    1.0130000000e+01 -2.2268877020e+00 -2.4621532500e+00 -2.0858199160e+00  1.5008117410e+00  1.4467094930e+00  1.6637400260e+00
    1.0140000000e+01 -2.2187702220e+00 -2.4522911570e+00 -2.0806085030e+00  1.4874004380e+00  1.4307926400e+00  1.6507992150e+00
    1.0150000000e+01 -2.2106114810e+00 -2.4423326090e+00 -2.0754164100e+00  1.4740738630e+00  1.4149985170e+00  1.6378643660e+00
    1.0160000000e+01 -2.2024057740e+00 -2.4322731100e+00 -2.0702306390e+00  1.4608317900e+00  1.3993286250e+00  1.6249285540e+00
    1.0170000000e+01 -2.1941481490e+00 -2.4221091870e+00 -2.0650383690e+00  1.4476755960e+00  1.3837860620e+00  1.6119877100e+00
    1.0180000000e+01 -2.1858346970e+00 -2.4118386080e+00 -2.0598274670e+00  1.4346078720e+00  1.3683749630e+00  1.5990402300e+00
    1.0190000000e+01 -2.1774626950e+00 -2.4014603630e+00 -2.0545868270e+00  1.4216320100e+00  1.3530999970e+00  1.5860865500e+00
    1.0200000000e+01 -2.1690306130e+00 -2.3909745120e+00 -2.0493065720e+00  1.4087518440e+00  1.3379659960e+00  1.5731287640e+00
    1.0210000000e+01 -2.1605380610e+00 -2.3803819510e+00 -2.0439781960e+00  1.3959713470e+00  1.3229777520e+00  1.5601702850e+00
    1.0220000000e+01 -2.1519856920e+00 -2.3696842060e+00 -2.0385946880e+00  1.3832943970e+00  1.3081399540e+00  1.5472155470e+00
    1.0230000000e+01 -2.1433750970e+00 -2.3588832930e+00 -2.0331506620e+00  1.3707245640e+00  1.2934572250e+00  1.5342696820e+00
    1.0240000000e+01 -2.1347086700e+00 -2.3479816780e+00 -2.0276424680e+00  1.3582649260e+00  1.2789342130e+00  1.5213381330e+00
    1.0250000000e+01 -2.1259894370e+00 -2.3369823390e+00 -2.0220682070e+00  1.3459178890e+00  1.2645756520e+00  1.5084261670e+00
    1.0260000000e+01 -2.1172208100e+00 -2.3258888940e+00 -2.0164275870e+00  1.3336850550e+00  1.2503863650e+00  1.4955383490e+00
    1.0270000000e+01 -2.1084063030e+00 -2.3147057580e+00 -2.0107215610e+00  1.3215671710e+00  1.2363711730e+00  1.4826780410e+00
    1.0280000000e+01 -2.0995492220e+00 -2.3034382560e+00 -2.0049517620e+00  1.3095642070e+00  1.2225346970e+00  1.4698470600e+00
    1.0290000000e+01 -2.0906524280e+00 -2.2920926640e+00 -1.9991198350e+00  1.2976755460e+00  1.2088811070e+00  1.4570455880e+00
    1.0300000000e+01 -2.0817182030e+00 -2.2806761390e+00 -1.9932267740e+00  1.2859002680e+00  1.1954138350e+00  1.4442723640e+00
    1.0310000000e+01 -2.0727482730e+00 -2.2691965430e+00 -1.9872724210e+00  1.2742374450e+00  1.1821353320e+00  1.4315251310e+00
    1.0320000000e+01 -2.0637439600e+00 -2.2576621860e+00 -1.9812552110e+00  1.2626863680e+00  1.1690468840e+00  1.4188012300e+00
    1.0330000000e+01 -2.0547064160e+00 -2.2460815270e+00 -1.9751721940e+00  1.2512466550e+00  1.1561485350e+00  1.4060982050e+00
    1.0340000000e+01 -2.0456368490e+00 -2.2344628720e+00 -1.9690192980e+00  1.2399182170e+00  1.1434391080e+00  1.3934142970e+00
    1.0350000000e+01 -2.0365366780e+00 -2.2228141180e+00 -1.9627917330e+00  1.2287011180e+00  1.1309163170e+00  1.3807487480e+00
    1.0360000000e+01 -2.0274075760e+00 -2.2111425540e+00 -1.9564844450e+00  1.2175953870e+00  1.1185769340e+00  1.3681018760e+00
    1.0370000000e+01 -2.0182513950e+00 -2.1994547490e+00 -1.9500925000e+00  1.2066008660e+00  1.1064169830e+00  1.3554749520e+00
    1.0380000000e+01 -2.0090700480e+00 -2.1877564990e+00 -1.9436113150e+00  1.1957171300e+00  1.0944319260e+00  1.3428699350e+00
    1.0390000000e+01 -1.9998653740e+00 -2.1760528370e+00 -1.9370367080e+00  1.1849434920e+00  1.0826168090e+00  1.3302891780e+00
    1.0400000000e+01 -1.9906390530e+00 -2.1643480540e+00 -1.9303647790e+00  1.1742790640e+00  1.0709663580e+00  1.3177351840e+00
    1.0410000000e+01 -1.9813925820e+00 -2.1526457020e+00 -1.9235916720e+00  1.1637228220e+00  1.0594750380e+00  1.3052105100e+00
    1.0420000000e+01 -1.9721272680e+00 -2.1409485650e+00 -1.9167133340e+00  1.1532736440e+00  1.0481370930e+00  1.2927178570e+00
    1.0430000000e+01 -1.9628442180e+00 -2.1292585860e+00 -1.9097253610e+00  1.1429303100e+00  1.0369466120e+00  1.2802603070e+00
    1.0440000000e+01 -1.9535442780e+00 -2.1175767840e+00 -1.9026230170e+00  1.1326914980e+00  1.0258976390e+00  1.2678416510e+00
    1.0450000000e+01 -1.9442279210e+00 -2.1059031830e+00 -1.8954014450e+00  1.1225558310e+00  1.0149843560e+00  1.2554666940e+00
    1.0460000000e+01 -1.9348951500e+00 -2.0942368020e+00 -1.8880560340e+00  1.1125220200e+00  1.0042013000e+00  1.2431414360e+00
    1.0470000000e+01 -1.9255454610e+00 -2.0825757260e+00 -1.8805828740e+00  1.1025890840e+00  9.9354361700e-01  1.2308730600e+00
    1.0480000000e+01 -1.9161779400e+00 -2.0709172610e+00 -1.8729791690e+00  1.0927566160e+00  9.8300727400e-01  1.2186697030e+00
    1.0490000000e+01 -1.9067915110e+00 -2.0592581560e+00 -1.8652435160e+00  1.0830249970e+00  9.7258923500e-01  1.2065400540e+00
    1.0500000000e+01 -1.8973852960e+00 -2.0475948680e+00 -1.8573759780e+00  1.0733954830e+00  9.6228755200e-01  1.1944928680e+00
    1.0510000000e+01 -1.8879590040e+00 -2.0359238540e+00 -1.8493779430e+00  1.0638701040e+00  9.5210137900e-01  1.1825365110e+00
    1.0520000000e+01 -1.8785132580e+00 -2.0242418430e+00 -1.8412518070e+00  1.0544513680e+00  9.4203090400e-01  1.1706786220e+00
    1.0530000000e+01 -1.8690497460e+00 -2.0125460930e+00 -1.8330005580e+00  1.0451418350e+00  9.3207718700e-01  1.1589259620e+00
    1.0540000000e+01 -1.8595711640e+00 -2.0008345710e+00 -1.8246273740e+00  1.0359436440e+00  9.2224192800e-01  1.1472844540e+00
    1.0550000000e+01 -1.8500809320e+00 -1.9891060520e+00 -1.8161352950e+00  1.0268581170e+00  9.1252717000e-01  1.1357593950e+00
    1.0560000000e+01 -1.8405827430e+00 -1.9773600760e+00 -1.8075270310e+00  1.0178855310e+00  9.0293499000e-01  1.1243557630e+00
    1.0570000000e+01 -1.8310800580e+00 -1.9655967800e+00 -1.7988049320e+00  1.0090251460e+00  8.9346723000e-01  1.1130785790e+00
    1.0580000000e+01 -1.8215756670e+00 -1.9538166200e+00 -1.7899711150e+00  1.0002754720e+00  8.8412535100e-01  1.1019332350e+00
    1.0590000000e+01 -1.8120714420e+00 -1.9420200490e+00 -1.7810277190e+00  9.9163473000e-01  8.7491044300e-01  1.0909257500e+00
    1.0600000000e+01 -1.8025683540e+00 -1.9302072540e+00 -1.7719772620e+00  9.8310137100e-01  8.6582341400e-01  1.0800629040e+00
    1.0610000000e+01 -1.7930667570e+00 -1.9183780260e+00 -1.7628230380e+00  9.7467453200e-01  8.5686529600e-01  1.0693522260e+00
    1.0620000000e+01 -1.7835668630e+00 -1.9065318200e+00 -1.7535695030e+00  9.6635428200e-01  8.4803760700e-01  1.0588018250e+00
    1.0630000000e+01 -1.7740692950e+00 -1.8946680100e+00 -1.7442226050e+00  9.5814159200e-01  8.3934264000e-01  1.0484200810e+00
    1.0640000000e+01 -1.7645755430e+00 -1.8827862870e+00 -1.7347899950e+00  9.5003804000e-01  8.3078360600e-01  1.0382152170e+00
    1.0650000000e+01 -1.7550882350e+00 -1.8708871040e+00 -1.7252810920e+00  9.4204531800e-01  8.2236456400e-01  1.0281947990e+00
    1.0660000000e+01 -1.7456111290e+00 -1.8589720610e+00 -1.7157069880e+00  9.3416467700e-01  8.1409013900e-01  1.0183652130e+00
    1.0670000000e+01 -1.7361488540e+00 -1.8470441440e+00 -1.7060801740e+00  9.2639644200e-01  8.0596509400e-01  1.0087311810e+00
    1.0680000000e+01 -1.7267064710e+00 -1.8351077560e+00 -1.6964141170e+00  9.1873970500e-01  7.9799381900e-01  9.9929536400e-01
    1.0690000000e+01 -1.7172889590e+00 -1.8231685450e+00 -1.6867227210e+00  9.1119224900e-01  7.9017986200e-01  9.9005812000e-01
    1.0700000000e+01 -1.7079007500e+00 -1.8112330650e+00 -1.6770197380e+00  9.0375068900e-01  7.8252557100e-01  9.8101743600e-01
    1.0710000000e+01 -1.6985453910e+00 -1.7993083550e+00 -1.6673181810e+00  8.9641078300e-01  7.7503189400e-01  9.7216903100e-01
    1.0720000000e+01 -1.6892253750e+00 -1.7874014980e+00 -1.6576298150e+00  8.8916780900e-01  7.6769834700e-01  9.6350663500e-01
    1.0730000000e+01 -1.6799421470e+00 -1.7755192370e+00 -1.6479647450e+00  8.8201693800e-01  7.6052311500e-01  9.5502238100e-01
    1.0740000000e+01 -1.6706962370e+00 -1.7636676590e+00 -1.6383311470e+00  8.7495353400e-01  7.5350323600e-01  9.4670727200e-01
    1.0750000000e+01 -1.6614874630e+00 -1.7518519560e+00 -1.6287351250e+00  8.6797334000e-01  7.4663484900e-01  9.3855170100e-01
    1.0760000000e+01 -1.6523151510e+00 -1.7400762620e+00 -1.6191807110e+00  8.6107255100e-01  7.3991346400e-01  9.3054596800e-01
    1.0770000000e+01 -1.6431783110e+00 -1.7283435510e+00 -1.6096700040e+00  8.5424780600e-01  7.3333425300e-01  9.2268077400e-01
    1.0780000000e+01 -1.6340757640e+00 -1.7166555900e+00 -1.6002034370e+00  8.4749611300e-01  7.2689237500e-01  9.1494764500e-01
    1.0790000000e+01 -1.6250061940e+00 -1.7050129920e+00 -1.5907801520e+00  8.4081477800e-01  7.2058330600e-01  9.0733925900e-01
    1.0800000000e+01 -1.6159681550e+00 -1.6934153510e+00 -1.5813984530e+00  8.3420133000e-01  7.1440316500e-01  8.9984960700e-01
    1.0810000000e+01 -1.6069600360e+00 -1.6818614960e+00 -1.5720562470e+00  8.2765349400e-01  7.0834899400e-01  8.9247399700e-01
    1.0820000000e+01 -1.5979800290e+00 -1.6703498220e+00 -1.5627514170e+00  8.2116920400e-01  7.0241895300e-01  8.8520889900e-01
    1.0830000000e+01 -1.5890260970e+00 -1.6588786850e+00 -1.5534820660e+00  8.1474664500e-01  6.9661237700e-01  8.7805168800e-01
    1.0840000000e+01 -1.5800959950e+00 -1.6474467860e+00 -1.5442465870e+00  8.0838432400e-01  6.9092970800e-01  8.7100037400e-01
    1.0850000000e+01 -1.5711873080e+00 -1.6360535030e+00 -1.5350436070e+00  8.0208113200e-01  6.8537228200e-01  8.6405340000e-01
    1.0860000000e+01 -1.5622975390e+00 -1.6246991080e+00 -1.5258718550e+00  7.9583638300e-01  6.7994202500e-01  8.5720956700e-01
    1.0870000000e+01 -1.5534241830e+00 -1.6133848470e+00 -1.5167300570e+00  7.8964980500e-01  6.7464112300e-01  8.5046810300e-01
    1.0880000000e+01 -1.5445647900e+00 -1.6021129050e+00 -1.5076169230e+00  7.8352151100e-01  6.6947170200e-01  8.4382882700e-01
    1.0890000000e+01 -1.5357169840e+00 -1.5908862580e+00 -1.4985312960e+00  7.7745195400e-01  6.6443559200e-01  8.3729234200e-01
    1.0900000000e+01 -1.5268784580e+00 -1.5797084930e+00 -1.4894724380e+00  7.7144191200e-01  6.5953418300e-01  8.3086014900e-01
    1.0910000000e+01 -1.5180469630e+00 -1.5685836280e+00 -1.4804404030e+00  7.6549250000e-01  6.5476837700e-01  8.2453461600e-01
    1.0920000000e+01 -1.5092203110e+00 -1.5575159770e+00 -1.4714364220e+00  7.5960522800e-01  6.5013861000e-01  8.1831876400e-01
    1.0930000000e+01 -1.5003964370e+00 -1.5465100810e+00 -1.4624631920e+00  7.5378205300e-01  6.4564489700e-01  8.1221587600e-01
    1.0940000000e+01 -1.4915734820e+00 -1.5355707000e+00 -1.4535250010e+00  7.4802543200e-01  6.4128686600e-01  8.0622899600e-01
    1.0950000000e+01 -1.4827499190e+00 -1.5247028330e+00 -1.4446276620e+00  7.4233832600e-01  6.3706374500e-01  8.0036039700e-01
    1.0960000000e+01 -1.4739246720e+00 -1.5139117390e+00 -1.4357782530e+00  7.3672416600e-01  6.3297430000e-01  7.9461108900e-01
    1.0970000000e+01 -1.4650972290e+00 -1.5032029240e+00 -1.4269847050e+00  7.3118678700e-01  6.2901672500e-01  7.8898046200e-01
    1.0980000000e+01 -1.4562677260e+00 -1.4925820710e+00 -1.4182553030e+00  7.2573033500e-01  6.2518852400e-01  7.8346607900e-01
    1.0990000000e+01 -1.4474370190e+00 -1.4820549060e+00 -1.4095981740e+00  7.2035915800e-01  6.2148639600e-01  7.7806363600e-01
    1.1000000000e+01 -1.4386067180e+00 -1.4716270310e+00 -1.4010207990e+00  7.1507770000e-01  6.1790617000e-01  7.7276708000e-01
    1.1010000000e+01 -1.4297792220e+00 -1.4613037100e+00 -1.3925296030e+00  7.0989038300e-01  6.1444278500e-01  7.6756884600e-01
    1.1020000000e+01 -1.4209577320e+00 -1.4510896620e+00 -1.3841296490e+00  7.0480150600e-01  6.1109033700e-01  7.6246016500e-01
    1.1030000000e+01 -1.4121462710e+00 -1.4409888560e+00 -1.3758244250e+00  6.9981512700e-01  6.0784218000e-01  7.5743143400e-01
    1.1040000000e+01 -1.4033496970e+00 -1.4310043340e+00 -1.3676157380e+00  6.9493493200e-01  6.0469109100e-01  7.5247258000e-01
    1.1050000000e+01 -1.3945737000e+00 -1.4211380730e+00 -1.3595036810e+00  6.9016407600e-01  6.0162947100e-01  7.4757343000e-01
    1.1060000000e+01 -1.3858247690e+00 -1.4113908980e+00 -1.3514866760e+00  6.8550499500e-01  5.9864959000e-01  7.4272405300e-01
    1.1070000000e+01 -1.3771100970e+00 -1.4017624630e+00 -1.3435615660e+00  6.8095919400e-01  5.9574386600e-01  7.3791508600e-01
    1.1080000000e+01 -1.3684374060e+00 -1.3922513010e+00 -1.3357237680e+00  6.7652704400e-01  5.9290513900e-01  7.3313804300e-01
    1.1090000000e+01 -1.3598147000e+00 -1.3828549600e+00 -1.3279674880e+00  6.7220762400e-01  5.9012694500e-01  7.2838560300e-01
    1.1100000000e+01 -1.3512499490e+00 -1.3735702160e+00 -1.3202860150e+00  6.6799864300e-01  5.8740374200e-01  7.2365185000e-01
    1.1110000000e+01 -1.3427507570e+00 -1.3643933440e+00 -1.3126720820e+00  6.6389647300e-01  5.8473106500e-01  7.1893244500e-01
    1.1120000000e+01 -1.3343240580e+00 -1.3553204310e+00 -1.3051182780e+00  6.5989628900e-01  5.8210559800e-01  7.1422468800e-01
    1.1130000000e+01 -1.3259758770e+00 -1.3463476810e+00 -1.2976174740e+00  6.5599230500e-01  5.7952516600e-01  7.0952745700e-01
    1.1140000000e+01 -1.3177112000e+00 -1.3374717200e+00 -1.2901632040e+00  6.5217804800e-01  5.7698864000e-01  7.0484102000e-01
    1.1150000000e+01 -1.3095339490e+00 -1.3286898590e+00 -1.2827499720e+00  6.4844664600e-01  5.7449576800e-01  7.0016673000e-01
    1.1160000000e+01 -1.3014470400e+00 -1.3200003150e+00 -1.2753734350e+00  6.4479105600e-01  5.7204695700e-01  6.9550666600e-01
    1.1170000000e+01 -1.2934524960e+00 -1.3114023840e+00 -1.2680304670e+00  6.4120423400e-01  5.6964298300e-01  6.9086323200e-01
    1.1180000000e+01 -1.2855515660e+00 -1.3028965390e+00 -1.2607190850e+00  6.3767921800e-01  5.6728465700e-01  6.8623879200e-01
    1.1190000000e+01 -1.2777448170e+00 -1.2944844360e+00 -1.2534382900e+00  6.3420916100e-01  5.6497244200e-01  6.8163535800e-01
    1.1200000000e+01 -1.2700321690e+00 -1.2861687930e+00 -1.2461878170e+00  6.3078733700e-01  5.6270605600e-01  6.7705437100e-01
    1.1210000000e+01 -1.2624128950e+00 -1.2779531410e+00 -1.2389678680e+00  6.2740715900e-01  5.6048411400e-01  6.7249657300e-01
    1.1220000000e+01 -1.2548855860e+00 -1.2698414390e+00 -1.2317788420e+00  6.2406224100e-01  5.5830384700e-01  6.6796197300e-01
    1.1230000000e+01 -1.2474481300e+00 -1.2618375930e+00 -1.2246210860e+00  6.2074651000e-01  5.5616097200e-01  6.6344990300e-01
    1.1240000000e+01 -1.2400977380e+00 -1.2539449460e+00 -1.2174947040e+00  6.1745436100e-01  5.5404974400e-01  6.5895911600e-01
    1.1250000000e+01 -1.2328310320e+00 -1.2461658160e+00 -1.2103994230e+00  6.1418082700e-01  5.5196319200e-01  6.5448793800e-01
    1.1260000000e+01 -1.2256442160e+00 -1.2385011580e+00 -1.2033345190e+00  6.1092173300e-01  5.4989351000e-01  6.5003441700e-01
    1.1270000000e+01 -1.2185333250e+00 -1.2309504130e+00 -1.1962988010e+00  6.0767378100e-01  5.4783253300e-01  6.4559646400e-01
    1.1280000000e+01 -1.2114945070e+00 -1.2235115380e+00 -1.1892906290e+00  6.0443453700e-01  5.4577220600e-01  6.4117195700e-01
    1.1290000000e+01 -1.2045243020e+00 -1.2161812110e+00 -1.1823079500e+00  6.0120230000e-01  5.4370496000e-01  6.3675880200e-01
    1.1300000000e+01 -1.1976198620e+00 -1.2089551200e+00 -1.1753483000e+00  5.9797584300e-01  5.4162395100e-01  6.3235495500e-01
    1.1310000000e+01 -1.1907790350e+00 -1.2018282760e+00 -1.1684087770e+00  5.9475407300e-01  5.3952315000e-01  6.2795843400e-01
    1.1320000000e+01 -1.1840002960e+00 -1.1947952670e+00 -1.1614859610e+00  5.9153567200e-01  5.3739729400e-01  6.2356734700e-01
    1.1330000000e+01 -1.1772825170e+00 -1.1878504260e+00 -1.1545757980e+00  5.8831879500e-01  5.3524177500e-01  6.1917997900e-01
    1.1340000000e+01 -1.1706246180e+00 -1.1809878940e+00 -1.1476734830e+00  5.8510089800e-01  5.3305249900e-01  6.1479496300e-01
    1.1350000000e+01 -1.1640251670e+00 -1.1742015900e+00 -1.1407733950e+00  5.8187873000e-01  5.3082577700e-01  6.1041153700e-01
    1.1360000000e+01 -1.1574820190e+00 -1.1674851330e+00 -1.1338691110e+00  5.7864850400e-01  5.2855827200e-01  6.0602987000e-01
    1.1370000000e+01 -1.1509920360e+00 -1.1608317210e+00 -1.1269535670e+00  5.7540619100e-01  5.2624702200e-01  6.0165142600e-01
    1.1380000000e+01 -1.1445509560e+00 -1.1542340250e+00 -1.1200193470e+00  5.7214791700e-01  5.2388954200e-01  5.9727930100e-01
    1.1390000000e+01 -1.1381533980e+00 -1.1476841120e+00 -1.1130591360e+00  5.6887037100e-01  5.2148401000e-01  5.9291847800e-01
    1.1400000000e+01 -1.1317930220e+00 -1.1411734510e+00 -1.1060662740e+00  5.6557119700e-01  5.1902951500e-01  5.8857594200e-01
    1.1410000000e+01 -1.1254628050e+00 -1.1346930200e+00 -1.0990353830e+00  5.6224932300e-01  5.1652634100e-01  5.8426060100e-01
    1.1420000000e+01 -1.1191554110e+00 -1.1282335480e+00 -1.0919629770e+00  5.5890518400e-01  5.1397624500e-01  5.7998298700e-01
    1.1430000000e+01 -1.1128636240e+00 -1.1217858880e+00 -1.0848479780e+00  5.5554083200e-01  5.1138266200e-01  5.7575474700e-01
    1.1440000000e+01 -1.1065808170e+00 -1.1153414920e+00 -1.0776920510e+00  5.5215990700e-01  5.0875076600e-01  5.7158795400e-01
    1.1450000000e+01 -1.1003013820e+00 -1.1088929240e+00 -1.0704996970e+00  5.4876747200e-01  5.0608735900e-01  5.6749433400e-01
    1.1460000000e+01 -1.0940211270e+00 -1.1024343300e+00 -1.0632780900e+00  5.4536971500e-01  5.0340055900e-01  5.6348449100e-01
    1.1470000000e+01 -1.0877375570e+00 -1.0959617760e+00 -1.0560366790e+00  5.4197355000e-01  5.0069932500e-01  5.5956723100e-01
    1.1480000000e+01 -1.0814500470e+00 -1.0894734030e+00 -1.0487866100e+00  5.3858613600e-01  4.9799288400e-01  5.5574906000e-01
    1.1490000000e+01 -1.0751598640e+00 -1.0829693580e+00 -1.0415400540e+00  5.3521435600e-01  4.9529014100e-01  5.5203388900e-01
    1.1500000000e+01 -1.0688700450e+00 -1.0764515390e+00 -1.0343095070e+00  5.3186430200e-01  4.9259917900e-01  5.4842295600e-01
    1.1510000000e+01 -1.0625851090e+00 -1.0699231920e+00 -1.0271071410e+00  5.2854079900e-01  4.8992689500e-01  5.4491494400e-01
    1.1520000000e+01 -1.0563106430e+00 -1.0633884540e+00 -1.0199442400e+00  5.2524703300e-01  4.8727881800e-01  5.4150626300e-01
    1.1530000000e+01 -1.0500527700e+00 -1.0568519010e+00 -1.0128307860e+00  5.2198432100e-01  4.8465910400e-01  5.3819145100e-01
    1.1540000000e+01 -1.0438175710e+00 -1.0503181760e+00 -1.0057751870e+00  5.1875206800e-01  4.8207067800e-01  5.3496363400e-01
    1.1550000000e+01 -1.0376105320e+00 -1.0437917400e+00 -9.9878417200e-01  5.1554791500e-01  4.7951545800e-01  5.3181499800e-01
    1.1560000000e+01 -1.0314360830e+00 -1.0372767590e+00 -9.9186281900e-01  5.1236806300e-01  4.7699461800e-01  5.2873720300e-01
    1.1570000000e+01 -1.0252972910e+00 -1.0307771120e+00 -9.8501467300e-01  5.0920771100e-01  4.7450880100e-01  5.2572171400e-01
    1.1580000000e+01 -1.0191957340e+00 -1.0242964720e+00 -9.7824190300e-01  5.0606154000e-01  4.7205825000e-01  5.2276003800e-01
    1.1590000000e+01 -1.0131315400e+00 -1.0178384170e+00 -9.7154545800e-01  5.0292417700e-01  4.6964284700e-01  5.1984386600e-01
    1.1600000000e+01 -1.0071035730e+00 -1.0114064890e+00 -9.6492518700e-01  4.9979057100e-01  4.6726204900e-01  5.1696518000e-01
    1.1610000000e+01 -1.0011096910e+00 -1.0050041870e+00 -9.5837991900e-01  4.9665624100e-01  4.6491478700e-01  5.1411633600e-01
    1.1620000000e+01 -9.9514703400e-01 -9.9863486300e-01 -9.5190753800e-01  4.9351740400e-01  4.6259937300e-01  5.1129016100e-01
    1.1630000000e+01 -9.8921227800e-01 -9.9230155700e-01 -9.4550505800e-01  4.9037098900e-01  4.6031346000e-01  5.0848007000e-01
    1.1640000000e+01 -9.8330182000e-01 -9.8600680600e-01 -9.3916872800e-01  4.8721457800e-01  4.5805408900e-01  5.0568019000e-01
    1.1650000000e+01 -9.7741189000e-01 -9.7975247600e-01 -9.3289418800e-01  4.8404632400e-01  4.5581781900e-01  5.0288546300e-01
    1.1660000000e+01 -9.7153860600e-01 -9.7353966200e-01 -9.2667665200e-01  4.8086487600e-01  4.5360091100e-01  5.0009170800e-01
    1.1670000000e+01 -9.6567798800e-01 -9.6736864900e-01 -9.2051109500e-01  4.7766934400e-01  4.5139953500e-01  4.9729561800e-01
    1.1680000000e+01 -9.5982597500e-01 -9.6123895600e-01 -9.1439241600e-01  4.7445929100e-01  4.4920995900e-01  4.9449469500e-01
    1.1690000000e+01 -9.5397844300e-01 -9.5514941800e-01 -9.0831554300e-01  4.7123474500e-01  4.4702870400e-01  4.9168715700e-01
    1.1700000000e+01 -9.4813125700e-01 -9.4909830300e-01 -9.0227548100e-01  4.6799622100e-01  4.4485264500e-01  4.8887184100e-01
    1.1710000000e+01 -9.4228031700e-01 -9.4308342000e-01 -8.9626730900e-01  4.6474472400e-01  4.4267907000e-01  4.8604813600e-01
    1.1720000000e+01 -9.3642161100e-01 -9.3710222500e-01 -8.9028616400e-01  4.6148175200e-01  4.4050570200e-01  4.8321597200e-01
    1.1730000000e+01 -9.3055127300e-01 -9.3115188200e-01 -8.8432723700e-01  4.5820929800e-01  4.3833069500e-01  4.8037585300e-01
    1.1740000000e+01 -9.2466563300e-01 -9.2522931100e-01 -8.7838581900e-01  4.5492985100e-01  4.3615264700e-01  4.7752892200e-01
    1.1750000000e+01 -9.1876129400e-01 -9.1933121200e-01 -8.7245739800e-01  4.5164639400e-01  4.3397061500e-01  4.7467702700e-01
    1.1760000000e+01 -9.1283522400e-01 -9.1345409900e-01 -8.6653781600e-01  4.4836239900e-01  4.3178417300e-01  4.7182275100e-01
    1.1770000000e+01 -9.0688486000e-01 -9.0759436400e-01 -8.6062345400e-01  4.4508177300e-01  4.2959346600e-01  4.6896937400e-01
    1.1780000000e+01 -9.0090821700e-01 -9.0174836600e-01 -8.5471141100e-01  4.4180877600e-01  4.2739927500e-01  4.6612076600e-01
    1.1790000000e+01 -8.9490395900e-01 -8.9591255500e-01 -8.4879963700e-01  4.3854787800e-01  4.2520304400e-01  4.6328120600e-01
    1.1800000000e+01 -8.8887141000e-01 -8.9008360000e-01 -8.4288699900e-01  4.3530359800e-01  4.2300687600e-01  4.6045516200e-01
    1.1810000000e+01 -8.8281049600e-01 -8.8425850600e-01 -8.3697325700e-01  4.3208034400e-01  4.2081349500e-01  4.5764708400e-01
    1.1820000000e+01 -8.7672162600e-01 -8.7843471400e-01 -8.3105897900e-01  4.2888230500e-01  4.1862620000e-01  4.5486122600e-01
    1.1830000000e+01 -8.7060553100e-01 -8.7261018600e-01 -8.2514543100e-01  4.2571342400e-01  4.1644882000e-01  4.5210153600e-01
    1.1840000000e+01 -8.6446313900e-01 -8.6678350800e-01 -8.1923446800e-01  4.2257745900e-01  4.1428567300e-01  4.4937160600e-01
    1.1850000000e+01 -8.5829550600e-01 -8.6095401700e-01 -8.1332847000e-01  4.1947811300e-01  4.1214151700e-01  4.4667464500e-01
    1.1860000000e+01 -8.5210386500e-01 -8.5512196200e-01 -8.0743030000e-01  4.1641918300e-01  4.1002145700e-01  4.4401346100e-01
    1.1870000000e+01 -8.4588976500e-01 -8.4928867100e-01 -8.0154330100e-01  4.1340466600e-01  4.0793077600e-01  4.4139040400e-01
    1.1880000000e+01 -8.3965528800e-01 -8.4345668600e-01 -7.9567126400e-01  4.1043875600e-01  4.0587468600e-01  4.3880728300e-01
    1.1890000000e+01 -8.3340326400e-01 -8.3762982200e-01 -7.8981837700e-01  4.0752572800e-01  4.0385799600e-01  4.3626526000e-01
    1.1900000000e+01 -8.2713741600e-01 -8.3181309700e-01 -7.8398912100e-01  4.0466968900e-01  4.0188474200e-01  4.3376474800e-01
    1.1910000000e+01 -8.2086239300e-01 -8.2601254200e-01 -7.7818813500e-01  4.0187426700e-01  3.9995784300e-01  4.3130532500e-01
    1.1920000000e+01 -8.1458365200e-01 -8.2023487200e-01 -7.7242005500e-01  3.9914229600e-01  3.9807881900e-01  4.2888569500e-01
    1.1930000000e+01 -8.0830721200e-01 -8.1448709000e-01 -7.6668934300e-01  3.9647556500e-01  3.9624764700e-01  4.2650367600e-01
    1.1940000000e+01 -8.0203932200e-01 -8.0877605800e-01 -7.6100012000e-01  3.9387469100e-01  3.9446274000e-01  4.2415622700e-01
    1.1950000000e+01 -7.9578612100e-01 -8.0310810000e-01 -7.5535599600e-01  3.9133913500e-01  3.9272107900e-01  4.2183950300e-01
    1.1960000000e+01 -7.8955333900e-01 -7.9748867500e-01 -7.4975990600e-01  3.8886734400e-01  3.9101843700e-01  4.1954894000e-01
    1.1970000000e+01 -7.8334610000e-01 -7.9192215300e-01 -7.4421394400e-01  3.8645698500e-01  3.8934969300e-01  4.1727938700e-01
    1.1980000000e+01 -7.7716885900e-01 -7.8641169300e-01 -7.3871922400e-01  3.8410520700e-01  3.8770915600e-01  4.1502528000e-01
    1.1990000000e+01 -7.7102543500e-01 -7.8095922600e-01 -7.3327579000e-01  3.8180886400e-01  3.8609091000e-01  4.1278087400e-01
    1.2000000000e+01 -7.6491912900e-01 -7.7556553400e-01 -7.2788257600e-01  3.7956466500e-01  3.8448911000e-01  4.1054049900e-01
    1.2010000000e+01 -7.5885286900e-01 -7.7023039500e-01 -7.2253746100e-01  3.7736922600e-01  3.8289823800e-01  4.0829882000e-01
    1.2020000000e+01 -7.5282931100e-01 -7.6495278600e-01 -7.1723738500e-01  3.7521903500e-01  3.8131327700e-01  4.0605109100e-01
    1.2030000000e+01 -7.4685089100e-01 -7.5973111000e-01 -7.1197854300e-01  3.7311035700e-01  3.7972982400e-01  4.0379334000e-01
    1.2040000000e+01 -7.4091977900e-01 -7.5456342700e-01 -7.0675661500e-01  3.7103913600e-01  3.7814411700e-01  4.0152251100e-01
    1.2050000000e+01 -7.3503777700e-01 -7.4944766700e-01 -7.0156702900e-01  3.6900092900e-01  3.7655298800e-01  3.9923651700e-01
    1.2060000000e+01 -7.2920616500e-01 -7.4438180500e-01 -6.9640522000e-01  3.6699090300e-01  3.7495376000e-01  3.9693421800e-01
    1.2070000000e+01 -7.2342554400e-01 -7.3936398100e-01 -6.9126686400e-01  3.6500389500e-01  3.7334408800e-01  3.9461531400e-01
    1.2080000000e+01 -7.1769570100e-01 -7.3439253800e-01 -6.8614805500e-01  3.6303455000e-01  3.7172178100e-01  3.9228017900e-01
    1.2090000000e+01 -7.1201551300e-01 -7.2946599400e-01 -6.8104540200e-01  3.6107749900e-01  3.7008462000e-01  3.8992964500e-01
    1.2100000000e+01 -7.0638292500e-01 -7.2458293200e-01 -6.7595603000e-01  3.5912757500e-01  3.6843021700e-01  3.8756478700e-01
    1.2110000000e+01 -7.0079496700e-01 -7.1974183700e-01 -6.7087749800e-01  3.5718002800e-01  3.6675592700e-01  3.8518674900e-01
    1.2120000000e+01 -6.9524785700e-01 -7.1494090400e-01 -6.6580766900e-01  3.5523073500e-01  3.6505884300e-01  3.8279664500e-01
    1.2130000000e+01 -6.8973714200e-01 -7.1017785900e-01 -6.6074457000e-01  3.5327637900e-01  3.6333588400e-01  3.8039554600e-01
    1.2140000000e+01 -6.8425788500e-01 -7.0544982200e-01 -6.5568628800e-01  3.5131458200e-01  3.6158394300e-01  3.7798453700e-01
    1.2150000000e+01 -6.7880488000e-01 -7.0075323900e-01 -6.5063094000e-01  3.4934399200e-01  3.5980009700e-01  3.7556481300e-01
    1.2160000000e+01 -6.7337286800e-01 -6.9608389900e-01 -6.4557669700e-01  3.4736430900e-01  3.5798182900e-01  3.7313776500e-01
    1.2170000000e+01 -6.6795676000e-01 -6.9143702900e-01 -6.4052187100e-01  3.4537626700e-01  3.5612723100e-01  3.7070503800e-01
    1.2180000000e+01 -6.6255182900e-01 -6.8680746300e-01 -6.3546500700e-01  3.4338158100e-01  3.5423516900e-01  3.6826852800e-01
    1.2190000000e+01 -6.5715390000e-01 -6.8218984500e-01 -6.3040498100e-01  3.4138285200e-01  3.5230537300e-01  3.6583033900e-01
    1.2200000000e+01 -6.5175952100e-01 -6.7757885900e-01 -6.2534106000e-01  3.3938345100e-01  3.5033846000e-01  3.6339269900e-01
    1.2210000000e+01 -6.4636611300e-01 -6.7296943800e-01 -6.2027293600e-01  3.3738736900e-01  3.4833588300e-01  3.6095786700e-01
    1.2220000000e+01 -6.4097210300e-01 -6.6835693700e-01 -6.1520072000e-01  3.3539903100e-01  3.4629981400e-01  3.5852803100e-01
    1.2230000000e+01 -6.3557702600e-01 -6.6373726100e-01 -6.1012491100e-01  3.3342306300e-01  3.4423300200e-01  3.5610522200e-01
    1.2240000000e+01 -6.3018156100e-01 -6.5910692400e-01 -6.0504635100e-01  3.3146403400e-01  3.4213859600e-01  3.5369124600e-01
    1.2250000000e+01 -6.2478750200e-01 -6.5446305400e-01 -5.9996616400e-01  3.2952617200e-01  3.4001999300e-01  3.5128762700e-01
    1.2260000000e+01 -6.1939764800e-01 -6.4980335400e-01 -5.9488570200e-01  3.2761309600e-01  3.3788069900e-01  3.4889557000e-01
    1.2270000000e+01 -6.1401560500e-01 -6.4512603000e-01 -5.8980647700e-01  3.2572758200e-01  3.3572424500e-01  3.4651593400e-01
    1.2280000000e+01 -6.0864554100e-01 -6.4042971900e-01 -5.8473010600e-01  3.2387140500e-01  3.3355413600e-01  3.4414920200e-01
    1.2290000000e+01 -6.0329190600e-01 -6.3571342500e-01 -5.7965823100e-01  3.2204526200e-01  3.3137383800e-01  3.4179546700e-01
    1.2300000000e+01 -5.9795916200e-01 -6.3097648300e-01 -5.7459244000e-01  3.2024877500e-01  3.2918679600e-01  3.3945443300e-01
    1.2310000000e+01 -5.9265153100e-01 -6.2621855300e-01 -5.6953417200e-01  3.1848057100e-01  3.2699645700e-01  3.3712543600e-01
    1.2320000000e+01 -5.8737280400e-01 -6.2143965400e-01 -5.6448464300e-01  3.1673841000e-01  3.2480628700e-01  3.3480751100e-01
    1.2330000000e+01 -5.8212619500e-01 -6.1664022000e-01 -5.5944480000e-01  3.1501935300e-01  3.2261975700e-01  3.3249947000e-01
    1.2340000000e+01 -5.7691426200e-01 -6.1182117400e-01 -5.5441531100e-01  3.1331992500e-01  3.2044029400e-01  3.3019999600e-01
    1.2350000000e+01 -5.7173886200e-01 -6.0698398300e-01 -5.4939660400e-01  3.1163628600e-01  3.1827117300e-01  3.2790770900e-01
    1.2360000000e+01 -5.6660115600e-01 -6.0213068500e-01 -5.4438891900e-01  3.0996436400e-01  3.1611537400e-01  3.2562119700e-01
    1.2370000000e+01 -5.6150162400e-01 -5.9726383600e-01 -5.3939235800e-01  3.0829998400e-01  3.1397541100e-01  3.2333900200e-01
    1.2380000000e+01 -5.5644009100e-01 -5.9238639800e-01 -5.3440689300e-01  3.0663895900e-01  3.1185317500e-01  3.2105956600e-01
    1.2390000000e+01 -5.5141575500e-01 -5.8750155800e-01 -5.2943233500e-01  3.0497717500e-01  3.0974982600e-01  3.1878118700e-01
    1.2400000000e+01 -5.4642721700e-01 -5.8261250700e-01 -5.2446825300e-01  3.0331067300e-01  3.0766576700e-01  3.1650198900e-01
    1.2410000000e+01 -5.4147250200e-01 -5.7772223600e-01 -5.1951387500e-01  3.0163572200e-01  3.0560069100e-01  3.1421993600e-01
    1.2420000000e+01 -5.3654910300e-01 -5.7283336400e-01 -5.1456799300e-01  2.9994890300e-01  3.0355370800e-01  3.1193290900e-01
    1.2430000000e+01 -5.3165401900e-01 -5.6794803800e-01 -5.0962889000e-01  2.9824719700e-01  3.0152350800e-01  3.0963881100e-01
    1.2440000000e+01 -5.2678382800e-01 -5.6306789300e-01 -5.0469430800e-01  2.9652806100e-01  2.9950853500e-01  3.0733570600e-01
    1.2450000000e+01 -5.2193477300e-01 -5.5819408400e-01 -4.9976146900e-01  2.9478951300e-01  2.9750714100e-01  3.0502197000e-01
    1.2460000000e+01 -5.1710286900e-01 -5.5332735500e-01 -4.9482712600e-01  2.9303018900e-01  2.9551771100e-01  3.0269642900e-01
    1.2470000000e+01 -5.1228404000e-01 -5.4846813300e-01 -4.8988766700e-01  2.9124938000e-01  2.9353873200e-01  3.0035849400e-01
    1.2480000000e+01 -5.0747425800e-01 -5.4361663500e-01 -4.8493925100e-01  2.8944703100e-01  2.9156882400e-01  2.9800825700e-01
    1.2490000000e+01 -5.0266968400e-01 -5.3877295400e-01 -4.7997797500e-01  2.8762369300e-01  2.8960672300e-01  2.9564655700e-01
    1.2500000000e+01 -4.9786679500e-01 -5.3393713000e-01 -4.7500006800e-01  2.8578045100e-01  2.8765122700e-01  2.9327498800e-01
    1.2510000000e+01 -4.9306246500e-01 -5.2910916800e-01 -4.7000206700e-01  2.8391879700e-01  2.8570111800e-01  2.9089585100e-01
    1.2520000000e+01 -4.8825402000e-01 -5.2428901900e-01 -4.6498098000e-01  2.8204050800e-01  2.8375508700e-01  2.8851205000e-01
    1.2530000000e+01 -4.8343923800e-01 -5.1947651000e-01 -4.5993439700e-01  2.8014751600e-01  2.8181167700e-01  2.8612694800e-01
    1.2540000000e+01 -4.7861631400e-01 -5.1467124300e-01 -4.5486055200e-01  2.7824178900e-01  2.7986926100e-01  2.8374421000e-01
    1.2550000000e+01 -4.7378379800e-01 -5.0987248600e-01 -4.4975833000e-01  2.7632525300e-01  2.7792608500e-01  2.8136765200e-01
    1.2560000000e+01 -4.6894052600e-01 -5.0507908000e-01 -4.4462723900e-01  2.7439973800e-01  2.7598035100e-01  2.7900111500e-01
    1.2570000000e+01 -4.6408554500e-01 -5.0028938200e-01 -4.3946737800e-01  2.7246695300e-01  2.7403035300e-01  2.7664836600e-01
    1.2580000000e+01 -4.5921805800e-01 -4.9550126200e-01 -4.3427938900e-01  2.7052849100e-01  2.7207462100e-01  2.7431300900e-01
    1.2590000000e+01 -4.5433739000e-01 -4.9071215800e-01 -4.2906441500e-01  2.6858583400e-01  2.7011207000e-01  2.7199841100e-01
    1.2600000000e+01 -4.4944295700e-01 -4.8591916900e-01 -4.2382404900e-01  2.6664036600e-01  2.6814212400e-01  2.6970761600e-01
    1.2610000000e+01 -4.4453426100e-01 -4.8111919000e-01 -4.1856025200e-01  2.6469336400e-01  2.6616480000e-01  2.6744326900e-01
    1.2620000000e+01 -4.3961085900e-01 -4.7630905700e-01 -4.1327524600e-01  2.6274598300e-01  2.6418075700e-01  2.6520755000e-01
    1.2630000000e+01 -4.3467232700e-01 -4.7148570600e-01 -4.0797138600e-01  2.6079923000e-01  2.6219129800e-01  2.6300215400e-01
    1.2640000000e+01 -4.2971819000e-01 -4.6664631200e-01 -4.0265102300e-01  2.5885395300e-01  2.6019832800e-01  2.6082831600e-01
    1.2650000000e+01 -4.2474782700e-01 -4.6178842400e-01 -3.9731639600e-01  2.5691086100e-01  2.5820428300e-01  2.5868688800e-01
    1.2660000000e+01 -4.1976037400e-01 -4.5691005100e-01 -3.9196956300e-01  2.5497058800e-01  2.5621202700e-01  2.5657845200e-01
    1.2670000000e+01 -4.1475465400e-01 -4.5200972600e-01 -3.8661240000e-01  2.5303381600e-01  2.5422474000e-01  2.5450344000e-01
    1.2680000000e+01 -4.0972914600e-01 -4.4708653300e-01 -3.8124664700e-01  2.5110144600e-01  2.5224581000e-01  2.5246224000e-01
    1.2690000000e+01 -4.0468204200e-01 -4.4214010600e-01 -3.7587399700e-01  2.4917477400e-01  2.5027873900e-01  2.5045525200e-01
    1.2700000000e+01 -3.9961138100e-01 -4.3717062500e-01 -3.7049620600e-01  2.4725566400e-01  2.4832707100e-01  2.4848289300e-01
    1.2710000000e+01 -3.9451524600e-01 -4.3217881500e-01 -3.6511517800e-01  2.4534665100e-01  2.4639433900e-01  2.4654554200e-01
    1.2720000000e+01 -3.8939200800e-01 -4.2716596700e-01 -3.5973302600e-01  2.4345097900e-01  2.4448400400e-01  2.4464344100e-01
    1.2730000000e+01 -3.8424057000e-01 -4.2213396100e-01 -3.5435206500e-01  2.4157253400e-01  2.4259937900e-01  2.4277658200e-01
    1.2740000000e+01 -3.7906058000e-01 -4.1708529800e-01 -3.4897476100e-01  2.3971570800e-01  2.4074353200e-01  2.4094459100e-01
    1.2750000000e+01 -3.7385260000e-01 -4.1202310400e-01 -3.4360363100e-01  2.3788520200e-01  2.3891914700e-01  2.3914665300e-01
    1.2760000000e+01 -3.6861820000e-01 -4.0695110000e-01 -3.3824111800e-01  2.3608578000e-01  2.3712836200e-01  2.3738147400e-01
    1.2770000000e+01 -3.6335998900e-01 -4.0187351700e-01 -3.3288946700e-01  2.3432201300e-01  2.3537260600e-01  2.3564729200e-01
    1.2780000000e+01 -3.5808158200e-01 -3.9679495900e-01 -3.2755061600e-01  2.3259802300e-01  2.3365243800e-01  2.3394193000e-01
    1.2790000000e+01 -3.5278749600e-01 -3.9172020700e-01 -3.2222611300e-01  2.3091722600e-01  2.3196742900e-01  2.3226286300e-01
    1.2800000000e+01 -3.4748299700e-01 -3.8665398900e-01 -3.1691706400e-01  2.2928212300e-01  2.3031608400e-01  2.3060730200e-01
    1.2810000000e+01 -3.4217387800e-01 -3.8160071700e-01 -3.1162409500e-01  2.2769411000e-01  2.2869583500e-01  2.2897226600e-01
    1.2820000000e+01 -3.3686620600e-01 -3.7656421900e-01 -3.0634732500e-01  2.2615335300e-01  2.2710310200e-01  2.2735465200e-01
    1.2830000000e+01 -3.3156603300e-01 -3.7154749100e-01 -3.0108632800e-01  2.2465872500e-01  2.2553343000e-01  2.2575130200e-01
    1.2840000000e+01 -3.2627908300e-01 -3.6655247500e-01 -2.9584010700e-01  2.2320782000e-01  2.2398169300e-01  2.2415908600e-01
    1.2850000000e+01 -3.2101046100e-01 -3.6157990600e-01 -2.9060705400e-01  2.2179704300e-01  2.2244235800e-01  2.2257500300e-01
    1.2860000000e+01 -3.1576438500e-01 -3.5662922400e-01 -2.8538494600e-01  2.2042177900e-01  2.2090978600e-01  2.2099631300e-01
    1.2870000000e+01 -3.1054396700e-01 -3.5169857600e-01 -2.8017096400e-01  2.1907662300e-01  2.1937855200e-01  2.1942068200e-01
    1.2880000000e+01 -3.0535106700e-01 -3.4678490300e-01 -2.7496176800e-01  2.1775565500e-01  2.1784374800e-01  2.1784633600e-01
    1.2890000000e+01 -3.0018621800e-01 -3.4188410000e-01 -2.6975361300e-01  2.1645274000e-01  2.1630126000e-01  2.1627220500e-01
    1.2900000000e+01 -2.9504862600e-01 -3.3699124200e-01 -2.6454252200e-01  2.1516182500e-01  2.1474797900e-01  2.1469802500e-01
    1.2910000000e+01 -2.8993623300e-01 -3.3210085400e-01 -2.5932448300e-01  2.1387722800e-01  2.1318195200e-01  2.1312440200e-01
    1.2920000000e+01 -2.8484584000e-01 -3.2720719800e-01 -2.5409566400e-01  2.1259389400e-01  2.1160245200e-01  2.1155280100e-01
    1.2930000000e+01 -2.7977328700e-01 -3.2230457000e-01 -2.4885263000e-01  2.1130762000e-01  2.1000997800e-01  2.0998548800e-01
    1.2940000000e+01 -2.7471366400e-01 -3.1738756400e-01 -2.4359251700e-01  2.1001522900e-01  2.0840617300e-01  2.0842539100e-01
    1.2950000000e+01 -2.6966155500e-01 -3.1245131000e-01 -2.3831317200e-01  2.0871469700e-01  2.0679368200e-01  2.0687593500e-01
    1.2960000000e+01 -2.6461131800e-01 -3.0749164100e-01 -2.3301322000e-01  2.0740522400e-01  2.0517596900e-01  2.0534083500e-01
    1.2970000000e+01 -2.5955735100e-01 -3.0250520100e-01 -2.2769207300e-01  2.0608723400e-01  2.0355710600e-01  2.0382389500e-01
    1.2980000000e+01 -2.5449437400e-01 -2.9748949500e-01 -2.2234987800e-01  2.0476231800e-01  2.0194157300e-01  2.0232882900e-01
    1.2990000000e+01 -2.4941766700e-01 -2.9244288400e-01 -2.1698743000e-01  2.0343310300e-01  2.0033406700e-01  2.0085911500e-01
    1.3000000000e+01 -2.4432327300e-01 -2.8736454400e-01 -2.1160605000e-01  2.0210307600e-01  1.9873934800e-01  1.9941790100e-01
    1.3010000000e+01 -2.3920814600e-01 -2.8225442100e-01 -2.0620747900e-01  2.0077636300e-01  1.9716211600e-01  1.9800794600e-01
    1.3020000000e+01 -2.3407023100e-01 -2.7711316200e-01 -2.0079376600e-01  1.9945749400e-01  1.9560690400e-01  1.9663159800e-01
    1.3030000000e+01 -2.2890849100e-01 -2.7194206000e-01 -1.9536718200e-01  1.9815116600e-01  1.9407799400e-01  1.9529079800e-01
    1.3040000000e+01 -2.2372287500e-01 -2.6674298400e-01 -1.8993014400e-01  1.9686201500e-01  1.9257934400e-01  1.9398709000e-01
    1.3050000000e+01 -2.1851424400e-01 -2.6151831100e-01 -1.8448516100e-01  1.9559441500e-01  1.9111452000e-01  1.9272164400e-01
    1.3060000000e+01 -2.1328425500e-01 -2.5627084800e-01 -1.7903479800e-01  1.9435230000e-01  1.8968664700e-01  1.9149527600e-01
    1.3070000000e+01 -2.0803521600e-01 -2.5100376500e-01 -1.7358164400e-01  1.9313902800e-01  1.8829837200e-01  1.9030846600e-01
    1.3080000000e+01 -2.0276992000e-01 -2.4572051900e-01 -1.6812828800e-01  1.9195728200e-01  1.8695183200e-01  1.8916136100e-01
    1.3090000000e+01 -1.9749146700e-01 -2.4042478600e-01 -1.6267729800e-01  1.9080901500e-01  1.8564863200e-01  1.8805377400e-01
    1.3100000000e+01 -1.9220308900e-01 -2.3512039900e-01 -1.5723118400e-01  1.8969544400e-01  1.8438982100e-01  1.8698517300e-01
    1.3110000000e+01 -1.8690798400e-01 -2.2981127200e-01 -1.5179235500e-01  1.8861708000e-01  1.8317586700e-01  1.8595467000e-01
    1.3120000000e+01 -1.8160918200e-01 -2.2450131900e-01 -1.4636304800e-01  1.8757378700e-01  1.8200663500e-01  1.8496102200e-01
    1.3130000000e+01 -1.7630942400e-01 -2.1919434600e-01 -1.4094525700e-01  1.8656487100e-01  1.8088137500e-01  1.8400264600e-01
    1.3140000000e+01 -1.7101107300e-01 -2.1389394500e-01 -1.3554065100e-01  1.8558917500e-01  1.7979874200e-01  1.8307767200e-01
    1.3150000000e+01 -1.6571605100e-01 -2.0860337000e-01 -1.3015051200e-01  1.8464518600e-01  1.7875683700e-01  1.8218401600e-01
    1.3160000000e+01 -1.6042579400e-01 -2.0332544000e-01 -1.2477569200e-01  1.8373115200e-01  1.7775329000e-01  1.8131948700e-01
    1.3170000000e+01 -1.5514123300e-01 -1.9806245700e-01 -1.1941661800e-01  1.8284519300e-01  1.7678536400e-01  1.8048189500e-01
    1.3180000000e+01 -1.4986279900e-01 -1.9281616700e-01 -1.1407333400e-01  1.8198542700e-01  1.7585007700e-01  1.7966916100e-01
    1.3190000000e+01 -1.4459045500e-01 -1.8758775300e-01 -1.0874557300e-01  1.8115007700e-01  1.7494431900e-01  1.7887938900e-01
    1.3200000000e+01 -1.3932376100e-01 -1.8237785200e-01 -1.0343285700e-01  1.8033757200e-01  1.7406495100e-01  1.7811090600e-01
    1.3210000000e+01 -1.3406195000e-01 -1.7718659300e-01 -9.8134581000e-02  1.7954663100e-01  1.7320888900e-01  1.7736225600e-01
    1.3220000000e+01 -1.2880403200e-01 -1.7201363800e-01 -9.2850087000e-02  1.7877630500e-01  1.7237316500e-01  1.7663216000e-01
    1.3230000000e+01 -1.2354889800e-01 -1.6685821100e-01 -8.7578690000e-02  1.7802600300e-01  1.7155497400e-01  1.7591945500e-01
    1.3240000000e+01 -1.1829541500e-01 -1.6171913600e-01 -8.2319677000e-02  1.7729547700e-01  1.7075172400e-01  1.7522304300e-01
    1.3250000000e+01 -1.1304251400e-01 -1.5659486200e-01 -7.7072276000e-02  1.7658478300e-01  1.6996108000e-01  1.7454185200e-01
    1.3260000000e+01 -1.0778925400e-01 -1.5148350200e-01 -7.1835603000e-02  1.7589422600e-01  1.6918101700e-01  1.7387483200e-01
    1.3270000000e+01 -1.0253485500e-01 -1.4638288100e-01 -6.6608628000e-02  1.7522428400e-01  1.6840986800e-01  1.7322097400e-01
    1.3280000000e+01 -9.7278714000e-02 -1.4129059000e-01 -6.1390140000e-02  1.7457554600e-01  1.6764636400e-01  1.7257935600e-01
    1.3290000000e+01 -9.2020388000e-02 -1.3620405400e-01 -5.6178750000e-02  1.7394864400e-01  1.6688966400e-01  1.7194920500e-01
    1.3300000000e+01 -8.6759560000e-02 -1.3112059100e-01 -5.0972906000e-02  1.7334420400e-01  1.6613937800e-01  1.7132994600e-01
    1.3310000000e+01 -8.1495996000e-02 -1.2603748000e-01 -4.5770943000e-02  1.7276282400e-01  1.6539557400e-01  1.7072125300e-01
    1.3320000000e+01 -7.6229490000e-02 -1.2095201700e-01 -4.0571135000e-02  1.7220507400e-01  1.6465879300e-01  1.7012307700e-01
    1.3330000000e+01 -7.0959829000e-02 -1.1586159000e-01 -3.5371762000e-02  1.7167151800e-01  1.6393006400e-01  1.6953564900e-01
    1.3340000000e+01 -6.5686766000e-02 -1.1076375900e-01 -3.0171165000e-02  1.7116275800e-01  1.6321091100e-01  1.6895946400e-01
    1.3350000000e+01 -6.0410032000e-02 -1.0565636700e-01 -2.4967790000e-02  1.7067948600e-01  1.6250334400e-01  1.6839524500e-01
    1.3360000000e+01 -5.5129365000e-02 -1.0053765300e-01 -1.9760206000e-02  1.7022253000e-01  1.6180982500e-01  1.6784390800e-01
    1.3370000000e+01 -4.9844568000e-02 -9.5406380000e-02 -1.4547112000e-02  1.6979287900e-01  1.6113318800e-01  1.6730652300e-01
    1.3380000000e+01 -4.4555579000e-02 -9.0261935000e-02 -9.3273230000e-03  1.6939168300e-01  1.6047650800e-01  1.6678429700e-01
    1.3390000000e+01 -3.9262539000e-02 -8.5104398000e-02 -4.0997540000e-03  1.6902021400e-01  1.5984293700e-01  1.6627857400e-01
    1.3400000000e+01 -3.3965835000e-02 -7.9934545000e-02  1.1365780000e-03  1.6867980800e-01  1.5923551000e-01  1.6579085600e-01
    1.3410000000e+01 -2.8666127000e-02 -7.4753790000e-02  6.3825390000e-03  1.6837178500e-01  1.5865695400e-01  1.6532283200e-01
    1.3420000000e+01 -2.3364325000e-02 -6.9564056000e-02  1.1638833000e-02  1.6809736400e-01  1.5810953000e-01  1.6487640800e-01
    1.3430000000e+01 -1.8061553000e-02 -6.4367604000e-02  1.6905930000e-02  1.6785759600e-01  1.5759492300e-01  1.6445371700e-01
    1.3440000000e+01 -1.2759073000e-02 -5.9166842000e-02  2.2183979000e-02  1.6765332200e-01  1.5711420600e-01  1.6405710300e-01
    1.3450000000e+01 -7.4582180000e-03 -5.3964132000e-02  2.7472719000e-02  1.6748515900e-01  1.5666786800e-01  1.6368905900e-01
    1.3460000000e+01 -2.1603140000e-03 -4.8761634000e-02  3.2771411000e-02  1.6735352100e-01  1.5625590300e-01  1.6335213300e-01
    1.3470000000e+01  3.1333630000e-03 -4.3561198000e-02  3.8078801000e-02  1.6725866000e-01  1.5587794500e-01  1.6304880000e-01
    1.3480000000e+01  8.4216100000e-03 -3.8364310000e-02  4.3393128000e-02  1.6720072800e-01  1.5553342100e-01  1.6278133000e-01
    1.3490000000e+01  1.3703293000e-02 -3.3172103000e-02  4.8712177000e-02  1.6717982800e-01  1.5522169300e-01  1.6255165100e-01
    1.3500000000e+01  1.8977305000e-02 -2.7985411000e-02  5.4033376000e-02  1.6719605500e-01  1.5494219300e-01  1.6236124200e-01
    1.3510000000e+01  2.4242528000e-02 -2.2804861000e-02  5.9353914000e-02  1.6724950400e-01  1.5469450500e-01  1.6221106300e-01
    1.3520000000e+01  2.9497788000e-02 -1.7630987000e-02  6.4670880000e-02  1.6734026100e-01  1.5447841600e-01  1.6210151600e-01
    1.3530000000e+01  3.4741830000e-02 -1.2464343000e-02  6.9981389000e-02  1.6746837100e-01  1.5429391900e-01  1.6203245700e-01
    1.3540000000e+01  3.9973303000e-02 -7.3056070000e-03  7.5282703000e-02  1.6763380200e-01  1.5414116800e-01  1.6200323600e-01
    1.3550000000e+01  4.5190765000e-02 -2.1556680000e-03  8.0572327000e-02  1.6783640800e-01  1.5402041000e-01  1.6201275900e-01
    1.3560000000e+01  5.0392693000e-02  2.9843330000e-03  8.5848080000e-02  1.6807589500e-01  1.5393188000e-01  1.6205957400e-01
    1.3570000000e+01  5.5577492000e-02  8.1129820000e-03  9.1108139000e-02  1.6835179100e-01  1.5387568600e-01  1.6214195200e-01
    1.3580000000e+01  6.0743517000e-02  1.3228637000e-02  9.6351065000e-02  1.6866340600e-01  1.5385170200e-01  1.6225798600e-01
    1.3590000000e+01  6.5889105000e-02  1.8329496000e-02  1.0157580200e-01  1.6900979200e-01  1.5385946200e-01  1.6240566700e-01
    1.3600000000e+01  7.1012621000e-02  2.3413704000e-02  1.0678166000e-01  1.6938969400e-01  1.5389810400e-01  1.6258297100e-01
    1.3610000000e+01  7.6112541000e-02  2.8479481000e-02  1.1196827800e-01  1.6980151700e-01  1.5396634200e-01  1.6278791500e-01
    1.3620000000e+01  8.1187548000e-02  3.3525244000e-02  1.1713558300e-01  1.7024331700e-01  1.5406248700e-01  1.6301860500e-01
    1.3630000000e+01  8.6236649000e-02  3.8549714000e-02  1.2228374400e-01  1.7071281700e-01  1.5418451200e-01  1.6327326200e-01
    1.3640000000e+01  9.1259285000e-02  4.3551996000e-02  1.2741312900e-01  1.7120747700e-01  1.5433013700e-01  1.6355023400e-01
    1.3650000000e+01  9.6255429000e-02  4.8531619000e-02  1.3252428500e-01  1.7172459100e-01  1.5449693100e-01  1.6384799000e-01
    1.3660000000e+01  1.0122565500e-01  5.3488550000e-02  1.3761791700e-01  1.7226143100e-01  1.5468240600e-01  1.6416512600e-01
    1.3670000000e+01  1.0617116200e-01  5.8423188000e-02  1.4269489400e-01  1.7281540100e-01  1.5488410900e-01  1.6450036700e-01
    1.3680000000e+01  1.1109374700e-01  6.3336338000e-02  1.4775624400e-01  1.7338421100e-01  1.5509969400e-01  1.6485258600e-01
    1.3690000000e+01  1.1599574300e-01  6.8229187000e-02  1.5280314700e-01  1.7396603300e-01  1.5532698800e-01  1.6522084500e-01
    1.3700000000e+01  1.2087989900e-01  7.3103267000e-02  1.5783691500e-01  1.7455964500e-01  1.5556405200e-01  1.6560442800e-01
    1.3710000000e+01  1.2574923200e-01  7.7960420000e-02  1.6285894600e-01  1.7516453800e-01  1.5580924400e-01  1.6600287900e-01
    1.3720000000e+01  1.3060685100e-01  8.2802740000e-02  1.6787066300e-01  1.7578098600e-01  1.5606127200e-01  1.6641602300e-01
    1.3730000000e+01  1.3545576700e-01  8.7632511000e-02  1.7287344900e-01  1.7641007400e-01  1.5631924600e-01  1.6684397000e-01
    1.3740000000e+01  1.4029869500e-01  9.2452119000e-02  1.7786858600e-01  1.7705367200e-01  1.5658271700e-01  1.6728708300e-01
    1.3750000000e+01  1.4513786000e-01  9.7263965000e-02  1.8285720500e-01  1.7771436900e-01  1.5685169400e-01  1.6774594500e-01
    1.3760000000e+01  1.4997483200e-01  1.0207036400e-01  1.8784025500e-01  1.7839535400e-01  1.5712663700e-01  1.6822130100e-01
    1.3770000000e+01  1.5481037800e-01  1.0687344900e-01  1.9281849400e-01  1.7910025500e-01  1.5740842400e-01  1.6871401100e-01
    1.3780000000e+01  1.5964437200e-01  1.1167509500e-01  1.9779249800e-01  1.7983295700e-01  1.5769830100e-01  1.6922500900e-01
    1.3790000000e+01  1.6447574100e-01  1.1647684900e-01  2.0276267500e-01  1.8059738700e-01  1.5799780800e-01  1.6975526800e-01
    1.3800000000e+01  1.6930246800e-01  1.2127988700e-01  2.0772928100e-01  1.8139731700e-01  1.5830870200e-01  1.7030579000e-01
    1.3810000000e+01  1.7412163500e-01  1.2608499100e-01  2.1269243400e-01  1.8223615900e-01  1.5863286800e-01  1.7087760000e-01
    1.3820000000e+01  1.7892949900e-01  1.3089254500e-01  2.1765211400e-01  1.8311678800e-01  1.5897223700e-01  1.7147174900e-01
    1.3830000000e+01  1.8372159800e-01  1.3570254500e-01  2.2260815500e-01  1.8404138300e-01  1.5932870900e-01  1.7208932000e-01
    1.3840000000e+01  1.8849288200e-01  1.4051462700e-01  2.2756022300e-01  1.8501127900e-01  1.5970407900e-01  1.7273142000e-01
    1.3850000000e+01  1.9323786300e-01  1.4532810500e-01  2.3250778900e-01  1.8602684100e-01  1.6009997400e-01  1.7339917400e-01
    1.3860000000e+01  1.9795080500e-01  1.5014201600e-01  2.3745010100e-01  1.8708735700e-01  1.6051780600e-01  1.7409369000e-01
    1.3870000000e+01  2.0262593200e-01  1.5495517600e-01  2.4238616300e-01  1.8819096000e-01  1.6095872300e-01  1.7481602000e-01
    1.3880000000e+01  2.0725768600e-01  1.5976624000e-01  2.4731472200e-01  1.8933459300e-01  1.6142358500e-01  1.7556710800e-01
    1.3890000000e+01  2.1184099200e-01  1.6457376800e-01  2.5223427100e-01  1.9051403700e-01  1.6191294800e-01  1.7634773200e-01
    1.3900000000e+01  2.1637153500e-01  1.6937628500e-01  2.5714306700e-01  1.9172401600e-01  1.6242706600e-01  1.7715844900e-01
    1.3910000000e+01  2.2084600800e-01  1.7417234100e-01  2.6203915300e-01  1.9295838300e-01  1.6296590300e-01  1.7799954100e-01
    1.3920000000e+01  2.2526230900e-01  1.7896055300e-01  2.6692039000e-01  1.9421037600e-01  1.6352916600e-01  1.7887095300e-01
    1.3930000000e+01  2.2961964700e-01  1.8373964000e-01  2.7178450300e-01  1.9547293800e-01  1.6411632400e-01  1.7977224300e-01
    1.3940000000e+01  2.3391854800e-01  1.8850844000e-01  2.7662914100e-01  1.9673904900e-01  1.6472664200e-01  1.8070251300e-01
    1.3950000000e+01  2.3816076000e-01  1.9326593600e-01  2.8145197000e-01  1.9800203700e-01  1.6535919800e-01  1.8166036000e-01
    1.3960000000e+01  2.4234905900e-01  1.9801126500e-01  2.8625078600e-01  1.9925584300e-01  1.6601290100e-01  1.8264383300e-01
    1.3970000000e+01  2.4648700200e-01  2.0274374700e-01  2.9102365800e-01  2.0049518300e-01  1.6668650000e-01  1.8365044000e-01
    1.3980000000e+01  2.5057865500e-01  2.0746291100e-01  2.9576907500e-01  2.0171562100e-01  1.6737861400e-01  1.8467718400e-01
    1.3990000000e+01  2.5462833500e-01  2.1216852100e-01  3.0048608000e-01  2.0291354100e-01  1.6808774900e-01  1.8572066700e-01
    1.4000000000e+01  2.5864041500e-01  2.1686060200e-01  3.0517436800e-01  2.0408604400e-01  1.6881234500e-01  1.8677722500e-01
    1.4010000000e+01  2.6261918800e-01  2.2153945400e-01  3.0983433800e-01  2.0523079500e-01  1.6955081300e-01  1.8784309100e-01
    1.4020000000e+01  2.6656881800e-01  2.2620566100e-01  3.1446708600e-01  2.0634586000e-01  1.7030158500e-01  1.8891456000e-01
    1.4030000000e+01  2.7049336500e-01  2.3086009000e-01  3.1907435600e-01  2.0742956200e-01  1.7106316000e-01  1.8998813000e-01
    1.4040000000e+01  2.7439685200e-01  2.3550387800e-01  3.2365845500e-01  2.0848038000e-01  1.7183415500e-01  1.9106061400e-01
    1.4050000000e+01  2.7828337300e-01  2.4013841700e-01  3.2822216300e-01  2.0949690400e-01  1.7261334900e-01  1.9212921300e-01
    1.4060000000e+01  2.8215718400e-01  2.4476532200e-01  3.3276863700e-01  2.1047784600e-01  1.7339972700e-01  1.9319155500e-01
    1.4070000000e+01  2.8602278700e-01  2.4938639400e-01  3.3730133900e-01  2.1142210000e-01  1.7419251800e-01  1.9424570700e-01
    1.4080000000e+01  2.8988497100e-01  2.5400357600e-01  3.4182397800e-01  2.1232882300e-01  1.7499122100e-01  1.9529018500e-01
    1.4090000000e+01  2.9374881700e-01  2.5861889600e-01  3.4634047200e-01  2.1319754100e-01  1.7579561400e-01  1.9632395700e-01
    1.4100000000e+01  2.9761966900e-01  2.6323443400e-01  3.5085491700e-01  2.1402822800e-01  1.7660574900e-01  1.9734646600e-01
    1.4110000000e+01  3.0150308200e-01  2.6785228500e-01  3.5537155400e-01  2.1482139500e-01  1.7742194500e-01  1.9835766800e-01
    1.4120000000e+01  3.0540475500e-01  2.7247454400e-01  3.5989471300e-01  2.1557814400e-01  1.7824477400e-01  1.9935807900e-01
    1.4130000000e+01  3.0933046200e-01  2.7710329700e-01  3.6442873800e-01  2.1630022000e-01  1.7907506200e-01  2.0034882400e-01
    1.4140000000e+01  3.1328597000e-01  2.8174061400e-01  3.6897787600e-01  2.1699004700e-01  1.7991390500e-01  2.0133166500e-01
    1.4150000000e+01  3.1727695800e-01  2.8638852800e-01  3.7354615500e-01  2.1765077000e-01  1.8076269100e-01  2.0230900700e-01
    1.4160000000e+01  3.2130891600e-01  2.9104900000e-01  3.7813724900e-01  2.1828627300e-01  1.8162313000e-01  2.0328385000e-01
    1.4170000000e+01  3.2538704200e-01  2.9572387200e-01  3.8275436900e-01  2.1890120400e-01  1.8249728500e-01  2.0425972000e-01
    1.4180000000e+01  3.2951611500e-01  3.0041479100e-01  3.8740016500e-01  2.1950096800e-01  1.8338758200e-01  2.0524055600e-01
    1.4190000000e+01  3.3370036800e-01  3.0512313000e-01  3.9207667100e-01  2.2009171200e-01  1.8429681600e-01  2.0623058500e-01
    1.4200000000e+01  3.3794335200e-01  3.0984989100e-01  3.9678528400e-01  2.2068027700e-01  1.8522813200e-01  2.0723418200e-01
    1.4210000000e+01  3.4224779200e-01  3.1459559900e-01  4.0152678600e-01  2.2127413200e-01  1.8618497100e-01  2.0825574300e-01
    1.4220000000e+01  3.4661545600e-01  3.1936020800e-01  4.0630139500e-01  2.2188127200e-01  1.8717098600e-01  2.0929956500e-01
    1.4230000000e+01  3.5104701100e-01  3.2414301100e-01  4.1110885100e-01  2.2251008700e-01  1.8818991300e-01  2.1036976600e-01
    1.4240000000e+01  3.5554191100e-01  3.2894260800e-01  4.1594851100e-01  2.2316918300e-01  1.8924540800e-01  2.1147023400e-01
    1.4250000000e+01  3.6009830700e-01  3.3375691100e-01  4.2081944200e-01  2.2386716600e-01  1.9034086200e-01  2.1260461900e-01
    1.4260000000e+01  3.6471300400e-01  3.3858322500e-01  4.2572050000e-01  2.2461238600e-01  1.9147922700e-01  2.1377636400e-01
    1.4270000000e+01  3.6938149200e-01  3.4341838600e-01  4.3065037000e-01  2.2541265400e-01  1.9266287100e-01  2.1498875200e-01
    1.4280000000e+01  3.7409805100e-01  3.4825894300e-01  4.3560757000e-01  2.2627496900e-01  1.9389348700e-01  2.1624495500e-01
    1.4290000000e+01  3.7885593500e-01  3.5310135000e-01  4.4059042800e-01  2.2720526100e-01  1.9517207800e-01  2.1754807400e-01
    1.4300000000e+01  3.8364762200e-01  3.5794214800e-01  4.4559703300e-01  2.2820820500e-01  1.9649901300e-01  2.1890114800e-01
    1.4310000000e+01  3.8846511500e-01  3.6277809300e-01  4.5062518200e-01  2.2928710500e-01  1.9787412500e-01  2.2030712800e-01
    1.4320000000e+01  3.9330024100e-01  3.6760623900e-01  4.5567234400e-01  2.3044387500e-01  1.9929685000e-01  2.2176882000e-01
    1.4330000000e+01  3.9814494000e-01  3.7242394400e-01  4.6073564600e-01  2.3167911100e-01  2.0076634400e-01  2.2328881400e-01
    1.4340000000e+01  4.0299148100e-01  3.7722885100e-01  4.6581189000e-01  2.3299222000e-01  2.0228159300e-01  2.2486939500e-01
    1.4350000000e+01  4.0783261600e-01  3.8201883500e-01  4.7089760200e-01  2.3438159900e-01  2.0384146400e-01  2.2651247500e-01
    1.4360000000e+01  4.1266164400e-01  3.8679194900e-01  4.7598909700e-01  2.3584479500e-01  2.0544473900e-01  2.2821953200e-01
    1.4370000000e+01  4.1747242400e-01  3.9154639100e-01  4.8108255800e-01  2.3737862900e-01  2.0709011100e-01  2.2999157700e-01
    1.4380000000e+01  4.2225937200e-01  3.9628047600e-01  4.8617410800e-01  2.3897925800e-01  2.0877617400e-01  2.3182914300e-01
    1.4390000000e+01  4.2701746900e-01  4.0099263000e-01  4.9125988600e-01  2.4064218100e-01  2.1050141000e-01  2.3373227300e-01
    1.4400000000e+01  4.3174233700e-01  4.0568138300e-01  4.9633610900e-01  2.4236221400e-01  2.1226417200e-01  2.3570052000e-01
    1.4410000000e+01  4.3643037400e-01  4.1034536700e-01  5.0139915300e-01  2.4413347800e-01  2.1406266500e-01  2.3773294300e-01
    1.4420000000e+01  4.4107895700e-01  4.1498332800e-01  5.0644564900e-01  2.4594943900e-01  2.1589491500e-01  2.3982811900e-01
    1.4430000000e+01  4.4568666800e-01  4.1959414100e-01  5.1147258700e-01  2.4780304200e-01  2.1775872600e-01  2.4198416600e-01
    1.4440000000e+01  4.5025349600e-01  4.2417686500e-01  5.1647744000e-01  2.4968694700e-01  2.1965163800e-01  2.4419882000e-01
    1.4450000000e+01  4.5478097600e-01  4.2873081800e-01  5.2145826900e-01  2.5159385300e-01  2.2157088200e-01  2.4646955300e-01
    1.4460000000e+01  4.5927222200e-01  4.3325570000e-01  5.2641379400e-01  2.5351688900e-01  2.2351337000e-01  2.4879374100e-01
    1.4470000000e+01  4.6373182200e-01  4.3775172800e-01  5.3134339200e-01  2.5545001300e-01  2.2547571700e-01  2.5116885700e-01
    1.4480000000e+01  4.6816561600e-01  4.4221979900e-01  5.3624703700e-01  2.5738838200e-01  2.2745432400e-01  2.5359266800e-01
    1.4490000000e+01  4.7258034500e-01  4.4666162700e-01  5.4112515400e-01  2.5932863300e-01  2.2944553000e-01  2.5606338400e-01
    1.4500000000e+01  4.7698324400e-01  4.5107985300e-01  5.4597843300e-01  2.6126903900e-01  2.3144582300e-01  2.5857975400e-01
    1.4510000000e+01  4.8138160800e-01  4.5547808300e-01  5.5080763800e-01  2.6320952300e-01  2.3345211200e-01  2.6114106800e-01
    1.4520000000e+01  4.8578238800e-01  4.5986083900e-01  5.5561342500e-01  2.6515153600e-01  2.3546202600e-01  2.6374709100e-01
    1.4530000000e+01  4.9019188700e-01  4.6423339800e-01  5.6039622900e-01  2.6709782400e-01  2.3747421300e-01  2.6639793900e-01
    1.4540000000e+01  4.9461556000e-01  4.6860152900e-01  5.6515622300e-01  2.6905212800e-01  2.3948858900e-01  2.6909393300e-01
    1.4550000000e+01  4.9905794700e-01  4.7297113500e-01  5.6989334400e-01  2.7101888100e-01  2.4150649400e-01  2.7183546100e-01
    1.4560000000e+01  5.0352271600e-01  4.7734785600e-01  5.7460738600e-01  2.7300293300e-01  2.4353072700e-01  2.7462289500e-01
    1.4570000000e+01  5.0801278500e-01  4.8173668100e-01  5.7929812300e-01  2.7500936500e-01  2.4556544400e-01  2.7745657200e-01
    1.4580000000e+01  5.1253048600e-01  4.8614160700e-01  5.8396541700e-01  2.7704338400e-01  2.4761593800e-01  2.8033686800e-01
    1.4590000000e+01  5.1707772500e-01  4.9056541100e-01  5.8860928300e-01  2.7911033200e-01  2.4968834100e-01  2.8326433200e-01
    1.4600000000e+01  5.2165610100e-01  4.9500951200e-01  5.9322985600e-01  2.8121577500e-01  2.5178928300e-01  2.8623987200e-01
    1.4610000000e+01  5.2626695300e-01  4.9947395900e-01  5.9782725600e-01  2.8336566200e-01  2.5392556500e-01  2.8926493000e-01
    1.4620000000e+01  5.3091129400e-01  5.0395748300e-01  6.0240134300e-01  2.8556651800e-01  2.5610386200e-01  2.9234159200e-01
    1.4630000000e+01  5.3558964200e-01  5.0845762100e-01  6.0695142200e-01  2.8782562900e-01  2.5833048700e-01  2.9547258200e-01
    1.4640000000e+01  5.4030172400e-01  5.1297085400e-01  6.1147593100e-01  2.9015115900e-01  2.6061120600e-01  2.9866111900e-01
    1.4650000000e+01  5.4504608900e-01  5.1749276800e-01  6.1597220700e-01  2.9255215500e-01  2.6295111300e-01  3.0191064700e-01
    1.4660000000e+01  5.4981969300e-01  5.2201820600e-01  6.2043635900e-01  2.9503839100e-01  2.6535453700e-01  3.0522446900e-01
    1.4670000000e+01  5.5461750600e-01  5.2654140000e-01  6.2486329400e-01  2.9762004000e-01  2.6782498600e-01  3.0860537100e-01
    1.4680000000e+01  5.5943222000e-01  5.3105609800e-01  6.2924685600e-01  3.0030719300e-01  2.7036511100e-01  3.1205527200e-01
    1.4690000000e+01  5.6425411100e-01  5.3555566700e-01  6.3358008000e-01  3.0310927600e-01  2.7297667600e-01  3.1557495300e-01
    1.4700000000e+01  5.6907108200e-01  5.4003319200e-01  6.3785547800e-01  3.0603440500e-01  2.7566053300e-01  3.1916389000e-01
    1.4710000000e+01  5.7386888800e-01  5.4448155600e-01  6.4206534700e-01  3.0908877000e-01  2.7841658400e-01  3.2282017600e-01
    1.4720000000e+01  5.7863153100e-01  5.4889353500e-01  6.4620205200e-01  3.1227607300e-01  2.8124374300e-01  3.2654052300e-01
    1.4730000000e+01  5.8334179100e-01  5.5326189500e-01  6.5025827800e-01  3.1559708000e-01  2.8413988100e-01  3.3032031900e-01
    1.4740000000e+01  5.8798187200e-01  5.5757951500e-01  6.5422724300e-01  3.1904930400e-01  2.8710176500e-01  3.3415372600e-01
    1.4750000000e+01  5.9253410700e-01  5.6183954100e-01  6.5810286000e-01  3.2262684600e-01  2.9012500000e-01  3.3803379800e-01
    1.4760000000e+01  5.9698170100e-01  5.6603557700e-01  6.6187987200e-01  3.2632041100e-01  2.9320398000e-01  3.4195260300e-01
    1.4770000000e+01  6.0130946900e-01  5.7016192000e-01  6.6555394300e-01  3.3011748500e-01  2.9633187400e-01  3.4590133300e-01
    1.4780000000e+01  6.0550451600e-01  5.7421383700e-01  6.6912175300e-01  3.3400269600e-01  2.9950066000e-01  3.4987039200e-01
    1.4790000000e+01  6.0955683300e-01  5.7818786300e-01  6.7258108900e-01  3.3795832000e-01  3.0270123400e-01  3.5384947000e-01
    1.4800000000e+01  6.1345976900e-01  5.8208210800e-01  6.7593097900e-01  3.4196492900e-01  3.0592361100e-01  3.5782759800e-01
    1.4810000000e+01  6.1721033700e-01  5.8589652600e-01  6.7917186900e-01  3.4600215100e-01  3.0915722900e-01  3.6179324600e-01
    1.4820000000e+01  6.2080931600e-01  5.8963312300e-01  6.8230583600e-01  3.5004947800e-01  3.1239134700e-01  3.6573447200e-01
    1.4830000000e+01  6.2426115100e-01  5.9329604700e-01  6.8533680500e-01  3.5408709000e-01  3.1561552600e-01  3.6963916600e-01
    1.4840000000e+01  6.2757363800e-01  5.9689154300e-01  6.8827072700e-01  3.5809660100e-01  3.1882013900e-01  3.7349541100e-01
    1.4850000000e+01  6.3075742700e-01  6.0042775700e-01  6.9111565400e-01  3.6206168700e-01  3.2199687600e-01  3.7729193000e-01
    1.4860000000e+01  6.3382540100e-01  6.0391438900e-01  6.9388167000e-01  3.6596851900e-01  3.2513916900e-01  3.8101858200e-01
    1.4870000000e+01  6.3679201000e-01  6.0736224900e-01  6.9658065900e-01  3.6980600000e-01  3.2824250900e-01  3.8466685600e-01
    1.4880000000e+01  6.3967261900e-01  6.1078274600e-01  6.9922592700e-01  3.7356579300e-01  3.3130461600e-01  3.8823027000e-01
    1.4890000000e+01  6.4248294500e-01  6.1418737800e-01  7.0183170700e-01  3.7724218700e-01  3.3432546000e-01  3.9170465300e-01
    1.4900000000e+01  6.4523863200e-01  6.1758726500e-01  7.0441262100e-01  3.8083185200e-01  3.3730716700e-01  3.9508826400e-01
    1.4910000000e+01  6.4795495800e-01  6.2099274400e-01  7.0698314300e-01  3.8433354500e-01  3.4025382500e-01  3.9838176000e-01
    1.4920000000e+01  6.5064668400e-01  6.2441303800e-01  7.0955711200e-01  3.8774782700e-01  3.4317123800e-01  4.0158802900e-01
    1.4930000000e+01  6.5332799600e-01  6.2785600100e-01  7.1214732100e-01  3.9107685200e-01  3.4606664200e-01  4.0471191500e-01
    1.4940000000e+01  6.5601249600e-01  6.3132790800e-01  7.1476520600e-01  3.9432422200e-01  3.4894839700e-01  4.0775987500e-01
    1.4950000000e+01  6.5871318500e-01  6.3483331200e-01  7.1742062600e-01  3.9749493900e-01  3.5182566000e-01  4.1073957600e-01
    1.4960000000e+01  6.6144240900e-01  6.3837494400e-01  7.2012176200e-01  4.0059538900e-01  3.5470802500e-01  4.1365947100e-01
    1.4970000000e+01  6.6421175400e-01  6.4195368900e-01  7.2287512500e-01  4.0363335900e-01  3.5760516000e-01  4.1652836600e-01
    1.4980000000e+01  6.6703188900e-01  6.4556863300e-01  7.2568568000e-01  4.0661803200e-01  3.6052641800e-01  4.1935501300e-01
    1.4990000000e+01  6.6991237900e-01  6.4921720500e-01  7.2855709400e-01  4.0955995000e-01  3.6348046500e-01  4.2214776400e-01
    1.5000000000e+01  6.7286147100e-01  6.5289540600e-01  7.3149207300e-01  4.1247094100e-01  3.6647493800e-01  4.2491431900e-01
    1.5010000000e+01  6.7588586800e-01  6.5659813200e-01  7.3449277200e-01  4.1536399500e-01  3.6951616900e-01  4.2766161900e-01
    1.5020000000e+01  6.7899050400e-01  6.6031957300e-01  7.3756122300e-01  4.1825308900e-01  3.7260900600e-01  4.3039588900e-01
    1.5030000000e+01  6.8217831700e-01  6.6405364400e-01  7.4069971800e-01  4.2115293900e-01  3.7575675600e-01  4.3312287000e-01
    1.5040000000e+01  6.8545008100e-01  6.6779442400e-01  7.4391106400e-01  4.2407868300e-01  3.7896126700e-01  4.3584819800e-01
    1.5050000000e+01  6.8880428700e-01  6.7153653600e-01  7.4719866000e-01  4.2704550200e-01  3.8222314400e-01  4.3857789000e-01
    1.5060000000e+01  6.9223712600e-01  6.7527543400e-01  7.5056633500e-01  4.3006820600e-01  3.8554207600e-01  4.4131884600e-01
    1.5070000000e+01  6.9574255300e-01  6.7900755500e-01  7.5401794700e-01  4.3316080800e-01  3.8891724000e-01  4.4407926400e-01
    1.5080000000e+01  6.9931246600e-01  6.8273031400e-01  7.5755680600e-01  4.3633610400e-01  3.9234771600e-01  4.4686885000e-01
    1.5090000000e+01  7.0293696600e-01  6.8644195700e-01  7.6118500400e-01  4.3960529700e-01  3.9583287000e-01  4.4969876700e-01
    1.5100000000e+01  7.0660471700e-01  6.9014127100e-01  7.6490280100e-01  4.4297766700e-01  3.9937265000e-01  4.5258127900e-01
    1.5110000000e+01  7.1030340300e-01  6.9382721800e-01  7.6870817400e-01  4.4646033800e-01  4.0296774500e-01  4.5552915300e-01
    1.5120000000e+01  7.1402024500e-01  6.9749852700e-01  7.7259664900e-01  4.5005816000e-01  4.0661958700e-01  4.5855491600e-01
    1.5130000000e+01  7.1774255400e-01  7.0115330900e-01  7.7656141300e-01  4.5377377800e-01  4.1033019600e-01  4.6167008200e-01
    1.5140000000e+01  7.2145822500e-01  7.0478876600e-01  7.8059371100e-01  4.5760785600e-01  4.1410187800e-01  4.6488448300e-01
    1.5150000000e+01  7.2515611500e-01  7.0840101500e-01  7.8468344400e-01  4.6155947600e-01  4.1793682600e-01  4.6820578000e-01
    1.5160000000e+01  7.2882622600e-01  7.1198508400e-01  7.8881988600e-01  4.6562660600e-01  4.2183666400e-01  4.7163921600e-01
    1.5170000000e+01  7.3245969100e-01  7.1553506800e-01  7.9299242600e-01  4.6980656000e-01  4.2580200800e-01  4.7518761800e-01
    1.5180000000e+01  7.3604859100e-01  7.1904444600e-01  7.9719125900e-01  4.7409635900e-01  4.2983208200e-01  4.7885163000e-01
    1.5190000000e+01  7.3958568500e-01  7.2250652500e-01  8.0140795100e-01  4.7849291800e-01  4.3392446100e-01  4.8263015300e-01
    1.5200000000e+01  7.4306414600e-01  7.2591495500e-01  8.0563582300e-01  4.8299308400e-01  4.3807495700e-01  4.8652093100e-01
    1.5210000000e+01  7.4647738700e-01  7.2926429200e-01  8.0987012700e-01  4.8759353700e-01  4.4227767800e-01  4.9052121000e-01
    1.5220000000e+01  7.4981899400e-01  7.3255053300e-01  8.1410797400e-01  4.9229065100e-01  4.4652525500e-01  4.9462840300e-01
    1.5230000000e+01  7.5308277800e-01  7.3577157900e-01  8.1834807500e-01  4.9708037600e-01  4.5080924500e-01  4.9884066200e-01
    1.5240000000e+01  7.5626288100e-01  7.3892758600e-01  8.2259031600e-01  5.0195818800e-01  4.5512066800e-01  5.0315729700e-01
    1.5250000000e+01  7.5935390300e-01  7.4202114500e-01  8.2683526700e-01  5.0691912300e-01  4.5945065900e-01  5.0757901200e-01
    1.5260000000e+01  7.6235098200e-01  7.4505727500e-01  8.3108370300e-01  5.1195787100e-01  4.6379117700e-01  5.1210796000e-01
    1.5270000000e+01  7.6524982600e-01  7.4804317900e-01  8.3533617900e-01  5.1706890600e-01  4.6813571400e-01  5.1674766600e-01
    1.5280000000e+01  7.6804667700e-01  7.5098780100e-01  8.3959270900e-01  5.2224660400e-01  4.7247991700e-01  5.2150286300e-01
    1.5290000000e+01  7.7073824500e-01  7.5390118000e-01  8.4385252400e-01  5.2748533300e-01  4.7682207000e-01  5.2637929300e-01
    1.5300000000e+01  7.7332160500e-01  7.5679368100e-01  8.4811391200e-01  5.3277950300e-01  4.8116335300e-01  5.3138350900e-01
    1.5310000000e+01  7.7579410700e-01  7.5967517000e-01  8.5237409400e-01  5.3812357400e-01  4.8550786600e-01  5.3652267700e-01
    1.5320000000e+01  7.7815327900e-01  7.6255422100e-01  8.5662915000e-01  5.4351204100e-01  4.8986239000e-01  5.4180439300e-01
    1.5330000000e+01  7.8039674900e-01  7.6543743900e-01  8.6087397000e-01  5.4893938200e-01  4.9423592600e-01  5.4723651600e-01
    1.5340000000e+01  7.8252215700e-01  7.6832897100e-01  8.6510223400e-01  5.5439998400e-01  4.9863906300e-01  5.5282701500e-01
    1.5350000000e+01  7.8452709000e-01  7.7123023600e-01  8.6930639400e-01  5.5988802300e-01  5.0308325400e-01  5.5858386600e-01
    1.5360000000e+01  7.8640904900e-01  7.7413990300e-01  8.7347764400e-01  5.6539728300e-01  5.0758007800e-01  5.6451496300e-01
    1.5370000000e+01  7.8816549000e-01  7.7705407500e-01  8.7760584600e-01  5.7092092100e-01  5.1214058600e-01  5.7062805300e-01
    1.5380000000e+01  7.8979399500e-01  7.7996663300e-01  8.8167938700e-01  5.7645121800e-01  5.1677478500e-01  5.7693064900e-01
    1.5390000000e+01  7.9129257500e-01  7.8286966500e-01  8.8568499900e-01  5.8197936800e-01  5.2149130100e-01  5.8342986600e-01
    1.5400000000e+01  7.9266010800e-01  7.8575389200e-01  8.8960755200e-01  5.8749539600e-01  5.2629722300e-01  5.9013216800e-01
    1.5410000000e+01  7.9389683200e-01  7.8860902800e-01  8.9342989000e-01  5.9298827800e-01  5.3119807800e-01  5.9704297600e-01
    1.5420000000e+01  7.9500479800e-01  7.9142402500e-01  8.9713275000e-01  5.9844626200e-01  5.3619789600e-01  6.0416618900e-01
    1.5430000000e+01  7.9598816400e-01  7.9418719500e-01  9.0069481400e-01  6.0385738200e-01  5.4129927300e-01  6.1150360400e-01
    1.5440000000e+01  7.9685328400e-01  7.9688623700e-01  9.0409292200e-01  6.0921005500e-01  5.4650337700e-01  6.1905431800e-01
    1.5450000000e+01  7.9760855500e-01  7.9950822100e-01  9.0730245600e-01  6.1449364600e-01  5.5180983300e-01  6.2681413100e-01
    1.5460000000e+01  7.9826409500e-01  8.0203961600e-01  9.1029789400e-01  6.1969890700e-01  5.5721648600e-01  6.3477500400e-01
    1.5470000000e+01  7.9883133800e-01  8.0446643700e-01  9.1305354100e-01  6.2481824000e-01  5.6271905500e-01  6.4292462500e-01
    1.5480000000e+01  7.9932265200e-01  8.0677457700e-01  9.1554440700e-01  6.2984577700e-01  5.6831075400e-01  6.5124611200e-01
    1.5490000000e+01  7.9975106200e-01  8.0895035800e-01  9.1774722700e-01  6.3477736800e-01  5.7398199300e-01  6.5971793200e-01
    1.5500000000e+01  8.0013007800e-01  8.1098124700e-01  9.1964155900e-01  6.3961054500e-01  5.7972023700e-01  6.6831408500e-01
    1.5510000000e+01  8.0047360700e-01  8.1285667700e-01  9.2121088200e-01  6.4434455200e-01  5.8551014100e-01  6.7700460700e-01
    1.5520000000e+01  8.0079587800e-01  8.1456883400e-01  9.2244357800e-01  6.4898047100e-01  5.9133396400e-01  6.8575639000e-01
    1.5530000000e+01  8.0111127600e-01  8.1611330800e-01  9.2333370000e-01  6.5352144800e-01  5.9717225800e-01  6.9453431000e-01
    1.5540000000e+01  8.0143406600e-01  8.1748950000e-01  9.2388140600e-01  6.5797294000e-01  6.0300475300e-01  7.0330256300e-01
    1.5550000000e+01  8.0177793300e-01  8.1870073200e-01  9.2409300800e-01  6.6234294700e-01  6.0881132900e-01  7.1202611800e-01
    1.5560000000e+01  8.0215539200e-01  8.1975406200e-01  9.2398060000e-01  6.6664210900e-01  6.1457296900e-01  7.2067214400e-01
    1.5570000000e+01  8.0257708300e-01  8.2065983000e-01  9.2356128900e-01  6.7088361900e-01  6.2027259300e-01  7.2921128200e-01
    1.5580000000e+01  8.0305103500e-01  8.2143099800e-01  9.2285609800e-01  6.7508290200e-01  6.2589569400e-01  7.3761863700e-01
    1.5590000000e+01  8.0358199900e-01  8.2208238000e-01  9.2188863300e-01  6.7925701700e-01  6.3143074200e-01  7.4587441200e-01
    1.5600000000e+01  8.0417095000e-01  8.2262982800e-01  9.2068365300e-01  6.8342382200e-01  6.3686932700e-01  7.5396410100e-01
    1.5610000000e+01  8.0481486800e-01  8.2308947700e-01  9.1926567200e-01  6.8760096100e-01  6.4220607100e-01  7.6187826000e-01
    1.5620000000e+01  8.0550684600e-01  8.2347709500e-01  9.1765774200e-01  6.9180476900e-01  6.4743835500e-01  7.6961185000e-01
    1.5630000000e+01  8.0623658100e-01  8.2380761100e-01  9.1588054900e-01  6.9604925000e-01  6.5256589700e-01  7.7716327300e-01
    1.5640000000e+01  8.0699117500e-01  8.2409481500e-01  9.1395191300e-01  7.0034526700e-01  6.5759028800e-01  7.8453319500e-01
    1.5650000000e+01  8.0775615100e-01  8.2435123600e-01  9.1188675000e-01  7.0470004800e-01  6.6251452900e-01  7.9172333800e-01
    1.5660000000e+01  8.0851655000e-01  8.2458815800e-01  9.0969746300e-01  7.0911708000e-01  6.6734264300e-01  7.9873541200e-01
    1.5670000000e+01  8.0925792200e-01  8.2481570800e-01  9.0739468000e-01  7.1359636300e-01  6.7207937000e-01  8.0557035300e-01
    1.5680000000e+01  8.0996709900e-01  8.2504298700e-01  9.0498816700e-01  7.1813494100e-01  6.7672997400e-01  8.1222796800e-01
    1.5690000000e+01  8.1063268500e-01  8.2527818000e-01  9.0248773600e-01  7.2272757600e-01  6.8130011400e-01  8.1870701500e-01
    1.5700000000e+01  8.1124525100e-01  8.2552864700e-01  8.9990394600e-01  7.2736741600e-01  6.8579576200e-01  8.2500566900e-01
    1.5710000000e+01  8.1179732600e-01  8.2580098800e-01  8.9724847200e-01  7.3204656600e-01  6.9022314000e-01  8.3112221000e-01
    1.5720000000e+01  8.1228326300e-01  8.2610109000e-01  8.9453408400e-01  7.3675650600e-01  6.9458866500e-01  8.3705576700e-01
    1.5730000000e+01  8.1269907600e-01  8.2643417700e-01  8.9177427000e-01  7.4148836400e-01  6.9889889000e-01  8.4280692000e-01
    1.5740000000e+01  8.1304230800e-01  8.2680485400e-01  8.8898264300e-01  7.4623308800e-01  7.0316045400e-01  8.4837802800e-01
    1.5750000000e+01  8.1331194800e-01  8.2721715900e-01  8.8617228100e-01  7.5098156900e-01  7.0738003200e-01  8.5377322400e-01
    1.5760000000e+01  8.1350838600e-01  8.2767461700e-01  8.8335517500e-01  7.5572474400e-01  7.1156429200e-01  8.5899810300e-01
    1.5770000000e+01  8.1363340600e-01  8.2818030500e-01  8.8054191300e-01  7.6045371000e-01  7.1571985800e-01  8.6405921800e-01
    1.5780000000e+01  8.1369018800e-01  8.2873692400e-01  8.7774163700e-01  7.6515984700e-01  7.1985329000e-01  8.6896351700e-01
    1.5790000000e+01  8.1368334100e-01  8.2934688600e-01  8.7496227000e-01  7.6983496600e-01  7.2397106900e-01  8.7371787600e-01
    1.5800000000e+01  8.1361894600e-01  8.3001240100e-01  8.7221090000e-01  7.7447150800e-01  7.2807961700e-01  8.7832883500e-01
    1.5810000000e+01  8.1350458400e-01  8.3073557400e-01  8.6949419400e-01  7.7906281100e-01  7.3218533500e-01  8.8280257800e-01
    1.5820000000e+01  8.1334931100e-01  8.3151850300e-01  8.6681870500e-01  7.8360346300e-01  7.3629468300e-01  8.8714512500e-01
    1.5830000000e+01  8.1316350400e-01  8.3236336800e-01  8.6419099400e-01  7.8808972800e-01  7.4041430200e-01  8.9136262800e-01
    1.5840000000e+01  8.1295854000e-01  8.3327249300e-01  8.6161754200e-01  7.9251997800e-01  7.4455119900e-01  8.9546164600e-01
    1.5850000000e+01  8.1274628800e-01  8.3424835400e-01  8.5910451700e-01  7.9689504300e-01  7.4871300100e-01  8.9944929500e-01
    1.5860000000e+01  8.1253844600e-01  8.3529346900e-01  8.5665750600e-01  8.0121839400e-01  7.5290826100e-01  9.0333321800e-01
    1.5870000000e+01  8.1234581400e-01  8.3641013800e-01  8.5428131300e-01  8.0549609200e-01  7.5714677800e-01  9.0712139500e-01
    1.5880000000e+01  8.1217759600e-01  8.3759999800e-01  8.5197989900e-01  8.0973647900e-01  7.6143982800e-01  9.1082187600e-01
    1.5890000000e+01  8.1204084200e-01  8.3886343200e-01  8.4975647200e-01  8.1394965800e-01  7.6580023200e-01  9.1444251600e-01
    1.5900000000e+01  8.1194009800e-01  8.4019891400e-01  8.4761369200e-01  8.1814682000e-01  7.7024216200e-01  9.1799079800e-01
    1.5910000000e+01  8.1187728500e-01  8.4160242300e-01  8.4555393500e-01  8.2233952600e-01  7.7478067100e-01  9.2147377500e-01
    1.5920000000e+01  8.1185181100e-01  8.4306703200e-01  8.4357953700e-01  8.2653902400e-01  7.7943099300e-01  9.2489813200e-01
    1.5930000000e+01  8.1186084500e-01  8.4458279400e-01  8.4169299100e-01  8.3075567300e-01  7.8420769300e-01  9.2827035400e-01
    1.5940000000e+01  8.1189971500e-01  8.4613693200e-01  8.3989704400e-01  8.3499850800e-01  7.8912382300e-01  9.3159693700e-01
    1.5950000000e+01  8.1196234300e-01  8.4771431300e-01  8.3819470600e-01  8.3927495200e-01  7.9419020800e-01  9.3488462700e-01
    1.5960000000e+01  8.1204168500e-01  8.4929812500e-01  8.3658917500e-01  8.4359065700e-01  7.9941493200e-01  9.3814062200e-01
    1.5970000000e+01  8.1213013100e-01  8.5087063900e-01  8.3508370400e-01  8.4794942300e-01  8.0480310900e-01  9.4137273100e-01
    1.5980000000e+01  8.1221988200e-01  8.5241395500e-01  8.3368144300e-01  8.5235317600e-01  8.1035689900e-01  9.4458948300e-01
    1.5990000000e+01  8.1230330600e-01  8.5391064900e-01  8.3238528000e-01  8.5680197100e-01  8.1607573500e-01  9.4780018900e-01
    1.6000000000e+01  8.1237331500e-01  8.5534425500e-01  8.3119767600e-01  8.6129401600e-01  8.2195669200e-01  9.5101498700e-01
    1.6010000000e+01  8.1242377400e-01  8.5669958400e-01  8.3012049300e-01  8.6582574700e-01  8.2799491100e-01  9.5424487600e-01
    1.6020000000e+01  8.1244994900e-01  8.5796288600e-01  8.2915479200e-01  8.7039198300e-01  8.3418401400e-01  9.5750173000e-01
    1.6030000000e+01  8.1244898300e-01  8.5912192000e-01  8.2830058400e-01  8.7498620300e-01  8.4051647000e-01  9.6079827900e-01
    1.6040000000e+01  8.1242034300e-01  8.6016594700e-01  8.2755656000e-01  8.7960098700e-01  8.4698390300e-01  9.6414802100e-01
    1.6050000000e+01  8.1236618400e-01  8.6108571500e-01  8.2691979000e-01  8.8422861500e-01  8.5357734400e-01  9.6756503900e-01
    1.6060000000e+01  8.1229155400e-01  8.6187343100e-01  8.2638547100e-01  8.8886182500e-01  8.6028746300e-01  9.7106370400e-01
    1.6070000000e+01  8.1220437300e-01  8.6252272200e-01  8.2594675600e-01  8.9349465500e-01  8.6710479700e-01  9.7465827600e-01
    1.6080000000e+01  8.1211516800e-01  8.6302858600e-01  8.2559470600e-01  8.9812331500e-01  8.7401998100e-01  9.7836243700e-01
    1.6090000000e+01  8.1203653200e-01  8.6338729800e-01  8.2531840900e-01  9.0274698300e-01  8.8102400300e-01  9.8218882200e-01
    1.6100000000e+01  8.1198236000e-01  8.6359625000e-01  8.2510524500e-01  9.0736844900e-01  8.8810845500e-01  9.8614860800e-01
    1.6110000000e+01  8.1196690300e-01  8.6365371500e-01  8.2494125700e-01  9.1199454200e-01  8.9526577500e-01  9.9025122700e-01
    1.6120000000e+01  8.1200371500e-01  8.6355851700e-01  8.2481156200e-01  9.1663628900e-01  9.0248942600e-01  9.9450423000e-01
    1.6130000000e+01  8.1210458100e-01  8.6330961300e-01  8.2470072200e-01  9.2130879600e-01  9.0977397200e-01  9.9891329100e-01
    1.6140000000e+01  8.1227849900e-01  8.6290563300e-01  8.2459303400e-01  9.2603085500e-01  9.1711499300e-01  1.0034823020e+00
    1.6150000000e+01  8.1253077200e-01  8.6234446300e-01  8.2447269500e-01  9.3082431600e-01  9.2450881300e-01  1.0082134940e+00
    1.6160000000e+01  8.1286227800e-01  8.6162294700e-01  8.2432389200e-01  9.3571325500e-01  9.3195205400e-01  1.0131075050e+00
    1.6170000000e+01  8.1326893800e-01  8.6073680000e-01  8.2413085200e-01  9.4072299000e-01  9.3944109000e-01  1.0181633640e+00
    1.6180000000e+01  8.1374141800e-01  8.5968077200e-01  8.2387794600e-01  9.4587899800e-01  9.4697151000e-01  1.0233783740e+00
    1.6190000000e+01  8.1426507200e-01  8.5844902000e-01  8.2354990800e-01  9.5120578800e-01  9.5453770400e-01  1.0287479540e+00
    1.6200000000e+01  8.1482011500e-01  8.5703561100e-01  8.2313220200e-01  9.5672577800e-01  9.6213267600e-01  1.0342655020e+00
    1.6210000000e+01  8.1538203600e-01  8.5543502300e-01  8.2261154200e-01  9.6245821100e-01  9.6974810400e-01  1.0399223810e+00
    1.6220000000e+01  8.1592221400e-01  8.5364250800e-01  8.2197649200e-01  9.6841816000e-01  9.7737460400e-01  1.0457081330e+00
    1.6230000000e+01  8.1640876500e-01  8.5165425100e-01  8.2121804500e-01  9.7461564000e-01  9.8500209900e-01  1.0516109510e+00
    1.6240000000e+01  8.1680758500e-01  8.4946728500e-01  8.2033002700e-01  9.8105489000e-01  9.9262014900e-01  1.0576184200e+00
    1.6250000000e+01  8.1708358400e-01  8.4707924600e-01  8.1930920800e-01  9.8773388400e-01  1.0002181130e+00  1.0637184370e+00
    1.6260000000e+01  8.1720205000e-01  8.4448808600e-01  8.1815505500e-01  9.9464413700e-01  1.0077850860e+00  1.0699001630e+00
    1.6270000000e+01  8.1713006100e-01  8.4169187800e-01  8.1686910600e-01  1.0017708460e+00  1.0153095920e+00  1.0761548420e+00
    1.6280000000e+01  8.1683783500e-01  8.3868886000e-01  8.1545407700e-01  1.0090933950e+00  1.0227791400e+00  1.0824763320e+00
    1.6290000000e+01  8.1629991800e-01  8.3547775900e-01  8.1391284300e-01  1.0165861800e+00  1.0301797730e+00  1.0888612740e+00
    1.6300000000e+01  8.1549612600e-01  8.3205839000e-01  8.1224743600e-01  1.0242196790e+00  1.0374957500e+00  1.0953088880e+00
    1.6310000000e+01  8.1441219300e-01  8.2843244700e-01  8.1045821100e-01  1.0319616980e+00  1.0447095160e+00  1.1018204420e+00
    1.6320000000e+01  8.1304012400e-01  8.2460433000e-01  8.0854324900e-01  1.0397787070e+00  1.0518020020e+00  1.1083985170e+00
    1.6330000000e+01  8.1137825300e-01  8.2058187100e-01  8.0649803200e-01  1.0476372000e+00  1.0587532750e+00  1.1150461350e+00
    1.6340000000e+01  8.0943098500e-01  8.1637680800e-01  8.0431540000e-01  1.0555050440e+00  1.0655434420e+00  1.1217658600e+00
    1.6350000000e+01  8.0720824900e-01  8.1200493900e-01  8.0198577200e-01  1.0633527260e+00  1.0721537050e+00  1.1285589240e+00
    1.6360000000e+01  8.0472464600e-01  8.0748593900e-01  7.9949761800e-01  1.0711544450e+00  1.0785674200e+00  1.1354244640e+00
    1.6370000000e+01  8.0199835700e-01  8.0284287600e-01  7.9683815200e-01  1.0788889240e+00  1.0847710560e+00  1.1423589190e+00
    1.6380000000e+01  7.9904990700e-01  7.9810150100e-01  7.9399419300e-01  1.0865399070e+00  1.0907549740e+00  1.1493556770e+00
    1.6390000000e+01  7.9590089400e-01  7.9328938500e-01  7.9095309900e-01  1.0940962770e+00  1.0965140170e+00  1.1564050030e+00
    1.6400000000e+01  7.9257281600e-01  7.8843493600e-01  7.8770369900e-01  1.1015518580e+00  1.1020478730e+00  1.1634942800e+00
    1.6410000000e+01  7.8908608900e-01  7.8356635500e-01  7.8423708300e-01  1.1089049630e+00  1.1073612260e+00  1.1706085400e+00
    1.6420000000e+01  7.8545927400e-01  7.7871055000e-01  7.8054719300e-01  1.1161578020e+00  1.1124636620e+00  1.1777312280e+00
    1.6430000000e+01  7.8170851000e-01  7.7389206400e-01  7.7663111400e-01  1.1233158220e+00  1.1173692960e+00  1.1848451060e+00
    1.6440000000e+01  7.7784711200e-01  7.6913211100e-01  7.7248906500e-01  1.1303870490e+00  1.1220961140e+00  1.1919331970e+00
    1.6450000000e+01  7.7388527700e-01  7.6444781300e-01  7.6812408900e-01  1.1373814310e+00  1.1266650430e+00  1.1989796710e+00
    1.6460000000e+01  7.6982988100e-01  7.5985174400e-01  7.6354148500e-01  1.1443101690e+00  1.1310988430e+00  1.2059705720e+00
    1.6470000000e+01  7.6568438000e-01  7.5535183600e-01  7.5874803300e-01  1.1511850400e+00  1.1354209110e+00  1.2128943410e+00
    1.6480000000e+01  7.6144881400e-01  7.5095164300e-01  7.5375108700e-01  1.1580176960e+00  1.1396541680e+00  1.2197420720e+00
    1.6490000000e+01  7.5711995400e-01  7.4665093200e-01  7.4855760600e-01  1.1648189760e+00  1.1438201160e+00  1.2265074640e+00
    1.6500000000e+01  7.5269157400e-01  7.4244648100e-01  7.4317320400e-01  1.1715982610e+00  1.1479382000e+00  1.2331864490e+00
    1.6510000000e+01  7.4815482800e-01  7.3833297800e-01  7.3760134600e-01  1.1783629060e+00  1.1520254830e+00  1.2397764860e+00
    1.6520000000e+01  7.4349872200e-01  7.3430388700e-01  7.3184280000e-01  1.1851177470e+00  1.1560966800e+00  1.2462755630e+00
    1.6530000000e+01  7.3871065000e-01  7.3035215200e-01  7.2589546700e-01  1.1918647000e+00  1.1601644710e+00  1.2526810090e+00
    1.6540000000e+01  7.3377698700e-01  7.2647062700e-01  7.1975465100e-01  1.1986024320e+00  1.1642400100e+00  1.2589882490e+00
    1.6550000000e+01  7.2868376800e-01  7.2265219400e-01  7.1341380000e-01  1.2053261190e+00  1.1683334770e+00  1.2651896950e+00
    1.6560000000e+01  7.2341743800e-01  7.1888960200e-01  7.0686562300e-01  1.2120273050e+00  1.1724545220e+00  1.2712739390e+00
    1.6570000000e+01  7.1796569000e-01  7.1517509900e-01  7.0010344300e-01  1.2186939210e+00  1.1766124880e+00  1.2772253840e+00
    1.6580000000e+01  7.1231835500e-01  7.1150004100e-01  6.9312260400e-01  1.2253104990e+00  1.1808163340e+00  1.2830243570e+00
    1.6590000000e+01  7.0646827900e-01  7.0785461000e-01  6.8592173600e-01  1.2318586380e+00  1.1850743160e+00  1.2886476700e+00
    1.6600000000e+01  7.0041209800e-01  7.0422775400e-01  6.7850374500e-01  1.2383177540e+00  1.1893935160e+00  1.2940695040e+00
    1.6610000000e+01  6.9415078300e-01  7.0060739200e-01  6.7087646500e-01  1.2446660440e+00  1.1937793510e+00  1.2992624680e+00
    1.6620000000e+01  6.8768989200e-01  6.9698085100e-01  6.6305301900e-01  1.2508816160e+00  1.1982352080e+00  1.3041986900e+00
    1.6630000000e+01  6.8103946300e-01  6.9333543600e-01  6.5505195100e-01  1.2569436160e+00  1.2027622770e+00  1.3088508500e+00
    1.6640000000e+01  6.7421362100e-01  6.8965904000e-01  6.4689724800e-01  1.2628332480e+00  1.2073596190e+00  1.3131931800e+00
    1.6650000000e+01  6.6722995800e-01  6.8594067800e-01  6.3861829200e-01  1.2685345990e+00  1.2120244560e+00  1.3172024670e+00
    1.6660000000e+01  6.6010882000e-01  6.8217089000e-01  6.3024969100e-01  1.2740352500e+00  1.2167526120e+00  1.3208591710e+00
    1.6670000000e+01  6.5287254400e-01  6.7834196500e-01  6.2183090600e-01  1.2793267270e+00  1.2215390370e+00  1.3241486600e+00
    1.6680000000e+01  6.4554467300e-01  6.7444800200e-01  6.1340552200e-01  1.2844048310e+00  1.2263783750e+00  1.3270625270e+00
    1.6690000000e+01  6.3814911100e-01  6.7048479800e-01  6.0502008300e-01  1.2892698690e+00  1.2312654900e+00  1.3295998310e+00
    1.6700000000e+01  6.3070917900e-01  6.6644958200e-01  5.9672248900e-01  1.2939267520e+00  1.2361959490e+00  1.3317680670e+00
    1.6710000000e+01  6.2324659200e-01  6.6234063500e-01  5.8856005700e-01  1.2983848770e+00  1.2411663810e+00  1.3335836950e+00
    1.6720000000e+01  6.1578042500e-01  6.5815679600e-01  5.8057741700e-01  1.3026577400e+00  1.2461747020e+00  1.3350720940e+00
    1.6730000000e+01  6.0832618400e-01  6.5389695100e-01  5.7281446100e-01  1.3067622390e+00  1.2512201590e+00  1.3362669400e+00
    1.6740000000e+01  6.0089509100e-01  6.4955953800e-01  5.6530451400e-01  1.3107177300e+00  1.2563032030e+00  1.3372090430e+00
    1.6750000000e+01  5.9349367900e-01  6.4514216600e-01  5.5807286100e-01  1.3145449370e+00  1.2614252050e+00  1.3379447710e+00
    1.6760000000e+01  5.8612368600e-01  6.4064136200e-01  5.5113571900e-01  1.3182648260e+00  1.2665880970e+00  1.3385241690e+00
    1.6770000000e+01  5.7878223300e-01  6.3605248200e-01  5.4449968400e-01  1.3218975520e+00  1.2717939970e+00  1.3389989070e+00
    1.6780000000e+01  5.7146221200e-01  6.3136972500e-01  5.3816166800e-01  1.3254615220e+00  1.2770448800e+00  1.3394201680e+00
    1.6790000000e+01  5.6415281500e-01  6.2658621600e-01  5.3210933400e-01  1.3289726060e+00  1.2823423220e+00  1.3398365760e+00
    1.6800000000e+01  5.5684017800e-01  6.2169411200e-01  5.2632200700e-01  1.3324434730e+00  1.2876873080e+00  1.3402923010e+00
    1.6810000000e+01  5.4950812500e-01  6.1668469300e-01  5.2077201400e-01  1.3358830470e+00  1.2930800880e+00  1.3408254230e+00
    1.6820000000e+01  5.4213902200e-01  6.1154844800e-01  5.1542638700e-01  1.3392961010e+00  1.2985200460e+00  1.3414666970e+00
    1.6830000000e+01  5.3471473500e-01  6.0627514600e-01  5.1024883300e-01  1.3426830230e+00  1.3040055810e+00  1.3422387940e+00
    1.6840000000e+01  5.2721767500e-01  6.0085389500e-01  5.0520179700e-01  1.3460398210e+00  1.3095339900e+00  1.3431561090e+00
    1.6850000000e+01  5.1963184000e-01  5.9527317500e-01  5.0024848100e-01  1.3493584180e+00  1.3151013260e+00  1.3442251510e+00
    1.6860000000e+01  5.1194375800e-01  5.8952086200e-01  4.9535459700e-01  1.3526272550e+00  1.3207022030e+00  1.3454454790e+00
    1.6870000000e+01  5.0414318400e-01  5.8358426800e-01  4.9048969200e-01  1.3558321630e+00  1.3263295030e+00  1.3468110780e+00
    1.6880000000e+01  4.9622348000e-01  5.7745028700e-01  4.8562792300e-01  1.3589573960e+00  1.3319739650e+00  1.3483119800e+00
    1.6890000000e+01  4.8818161000e-01  5.7110573500e-01  4.8074822700e-01  1.3619866720e+00  1.3376236970e+00  1.3499359190e+00
    1.6900000000e+01  4.8001779400e-01  5.6453798300e-01  4.7583395800e-01  1.3649040740e+00  1.3432637160e+00  1.3516697970e+00
    1.6910000000e+01  4.7173494300e-01  5.5773586300e-01  4.7087211200e-01  1.3676946730e+00  1.3488756830e+00  1.3535007620e+00
    1.6920000000e+01  4.6333800500e-01  5.5069080300e-01  4.6585235400e-01  1.3703448460e+00  1.3544379770e+00  1.3554168330e+00
    1.6930000000e+01  4.5483340800e-01  5.4339798000e-01  4.6076605600e-01  1.3728422910e+00  1.3599262540e+00  1.3574070420e+00
    1.6940000000e+01  4.4622867200e-01  5.3585728600e-01  4.5560551400e-01  1.3751758770e+00  1.3653144640e+00  1.3594611790e+00
    1.6950000000e+01  4.3753226000e-01  5.2807389800e-01  4.5036349000e-01  1.3773354500e+00  1.3705762470e+00  1.3615692920e+00
    1.6960000000e+01  4.2875358600e-01  5.2005829900e-01  4.4503310300e-01  1.3793117140e+00  1.3756864790e+00  1.3637210910e+00
    1.6970000000e+01  4.1990310600e-01  5.1182575900e-01  4.3960808700e-01  1.3810962720e+00  1.3806227450e+00  1.3659054130e+00
    1.6980000000e+01  4.1099235600e-01  5.0339535400e-01  4.3408331700e-01  1.3826818210e+00  1.3853665220e+00  1.3681099070e+00
    1.6990000000e+01  4.0203386100e-01  4.9478870500e-01  4.2845552100e-01  1.3840624250e+00  1.3899039340e+00  1.3703210130e+00
    1.7000000000e+01  3.9304086700e-01  4.8602863400e-01  4.2272401900e-01  1.3852337680e+00  1.3942260720e+00  1.3725243170e+00
    1.7010000000e+01  3.8402694600e-01  4.7713787000e-01  4.1689133000e-01  1.3861932650e+00  1.3983289180e+00  1.3747052810e+00
    1.7020000000e+01  3.7500557900e-01  4.6813790500e-01  4.1096348400e-01  1.3869399820e+00  1.4022129670e+00  1.3768502590e+00
    1.7030000000e+01  3.6598984200e-01  4.5904802100e-01  4.0494992500e-01  1.3874743520e+00  1.4058826220e+00  1.3789476920e+00
    1.7040000000e+01  3.5699229700e-01  4.4988450400e-01  3.9886293900e-01  1.3877977990e+00  1.4093454090e+00  1.3809892680e+00
    1.7050000000e+01  3.4802512300e-01  4.4066005900e-01  3.9271665100e-01  1.3879123930e+00  1.4126110320e+00  1.3829708880e+00
    1.7060000000e+01  3.3910044400e-01  4.3138348200e-01  3.8652568400e-01  1.3878206680e+00  1.4156903010e+00  1.3848932640e+00
    1.7070000000e+01  3.3023071400e-01  4.2205962900e-01  3.8030362900e-01  1.3875257130e+00  1.4185939850e+00  1.3867620540e+00
    1.7080000000e+01  3.2142904300e-01  4.1268972600e-01  3.7406147700e-01  1.3870315220e+00  1.4213317020e+00  1.3885874870e+00
    1.7090000000e+01  3.1270928600e-01  4.0327199000e-01  3.6780620400e-01  1.3863435660e+00  1.4239109420e+00  1.3903834800e+00
    1.7100000000e+01  3.0408583200e-01  3.9380250800e-01  3.6153964900e-01  1.3854694380e+00  1.4263363320e+00  1.3921662940e+00
    1.7110000000e+01  2.9557306100e-01  3.8427629000e-01  3.5525786700e-01  1.3844194430e+00  1.4286091930e+00  1.3939528330e+00
    1.7120000000e+01  2.8718450400e-01  3.7468838500e-01  3.4895107400e-01  1.3832069510e+00  1.4307274400e+00  1.3957587600e+00
    1.7130000000e+01  2.7893183100e-01  3.6503497800e-01  3.4260424300e-01  1.3818484160e+00  1.4326858060e+00  1.3975966510e+00
    1.7140000000e+01  2.7082382800e-01  3.5531436800e-01  3.3619832200e-01  1.3803629920e+00  1.4344763770e+00  1.3994744430e+00
    1.7150000000e+01  2.6286551700e-01  3.4552774700e-01  3.2971192700e-01  1.3787717470e+00  1.4360894060e+00  1.4013944070e+00
    1.7160000000e+01  2.5505759900e-01  3.3567970200e-01  3.2312325800e-01  1.3770965920e+00  1.4375143300e+00  1.4033527830e+00
    1.7170000000e+01  2.4739628800e-01  3.2577837700e-01  3.1641197300e-01  1.3753590370e+00  1.4387408980e+00  1.4053401130e+00
    1.7180000000e+01  2.3987359200e-01  3.1583528800e-01  3.0956075000e-01  1.3735789880e+00  1.4397603060e+00  1.4073421740e+00
    1.7190000000e+01  2.3247795600e-01  3.0586478500e-01  3.0255635300e-01  1.3717736980e+00  1.4405662300e+00  1.4093413260e+00
    1.7200000000e+01  2.2519519100e-01  2.9588322100e-01  2.9539010700e-01  1.3699570300e+00  1.4411556390e+00  1.4113180210e+00
    1.7210000000e+01  2.1800952800e-01  2.8590790100e-01  2.8805784000e-01  1.3681390570e+00  1.4415293120e+00  1.4132522440e+00
    1.7220000000e+01  2.1090469800e-01  2.7595593500e-01  2.8055937200e-01  1.3663260110e+00  1.4416920070e+00  1.4151246910e+00
    1.7230000000e+01  2.0386491600e-01  2.6604310500e-01  2.7289776700e-01  1.3645205420e+00  1.4416522530e+00  1.4169175960e+00
    1.7240000000e+01  1.9687569800e-01  2.5618288100e-01  2.6507849200e-01  1.3627222400e+00  1.4414218280e+00  1.4186151890e+00
    1.7250000000e+01  1.8992444900e-01  2.4638566900e-01  2.5710863800e-01  1.3609283410e+00  1.4410149800e+00  1.4202038450e+00
    1.7260000000e+01  1.8300077500e-01  2.3665835000e-01  2.4899625400e-01  1.3591345420e+00  1.4404475230e+00  1.4216720320e+00
    1.7270000000e+01  1.7609650600e-01  2.2700409400e-01  2.4074982600e-01  1.3573358380e+00  1.4397359010e+00  1.4230101320e+00
    1.7280000000e+01  1.6920542800e-01  2.1742241700e-01  2.3237787000e-01  1.3555272590e+00  1.4388962990e+00  1.4242101830e+00
    1.7290000000e+01  1.6232279200e-01  2.0790942600e-01  2.2388862700e-01  1.3537044320e+00  1.4379438480e+00  1.4252655750e+00
    1.7300000000e+01  1.5544467100e-01  1.9845820100e-01  2.1528987300e-01  1.3518638800e+00  1.4368919390e+00  1.4261706950e+00
    1.7310000000e+01  1.4856728500e-01  1.8905930500e-01  2.0658884800e-01  1.3500030270e+00  1.4357516530e+00  1.4269205400e+00
    1.7320000000e+01  1.4168642000e-01  1.7970138500e-01  1.9779233500e-01  1.3481199240e+00  1.4345313240e+00  1.4275103560e+00
    1.7330000000e+01  1.3479702600e-01  1.7037185400e-01  1.8890688900e-01  1.3462127610e+00  1.4332362600e+00  1.4279353420e+00
    1.7340000000e+01  1.2789308000e-01  1.6105758800e-01  1.7993916000e-01  1.3442792510e+00  1.4318686500e+00  1.4281904770e+00
    1.7350000000e+01  1.2096772200e-01  1.5174559200e-01  1.7089629200e-01  1.3423160280e+00  1.4304276490e+00  1.4282705310e+00
    1.7360000000e+01  1.1401363700e-01  1.4242357000e-01  1.6178629100e-01  1.3403181360e+00  1.4289096050e+00  1.4281702560e+00
    1.7370000000e+01  1.0702360400e-01  1.3308035700e-01  1.5261830500e-01  1.3382787160e+00  1.4273083750e+00  1.4278847640e+00
    1.7380000000e+01  9.9991143000e-02  1.2370623900e-01  1.4340273600e-01  1.3361889150e+00  1.4256156610e+00  1.4274100500e+00
    1.7390000000e+01  9.2911140000e-02  1.1429316800e-01  1.3415110000e-01  1.3340380300e+00  1.4238213250e+00  1.4267435880e+00
    1.7400000000e+01  8.5780400000e-02  1.0483493300e-01  1.2487562300e-01  1.3318138470e+00  1.4219136600e+00  1.4258848930e+00
    1.7410000000e+01  7.8598069000e-02  9.5327324000e-02  1.1558855400e-01  1.3295031350e+00  1.4198796280e+00  1.4248359230e+00
    1.7420000000e+01  7.1365887000e-02  8.5768318000e-02  1.0630128200e-01  1.3270922450e+00  1.4177050880e+00  1.4236011820e+00
    1.7430000000e+01  6.4088265000e-02  7.6158292000e-02  9.7023403000e-02  1.3245677600e+00  1.4153750550e+00  1.4221874360e+00
    1.7440000000e+01  5.6772160000e-02  6.6500262000e-02  8.7761914000e-02  1.3219171450e+00  1.4128740340e+00  1.4206030150e+00
    1.7450000000e+01  4.9426771000e-02  5.6800099000e-02  7.8520745000e-02  1.3191293320e+00  1.4101864530e+00  1.4188567940e+00
    1.7460000000e+01  4.2063068000e-02  4.7066667000e-02  6.9300741000e-02  1.3161951800e+00  1.4072972230e+00  1.4169570230e+00
    1.7470000000e+01  3.4693206000e-02  3.7311822000e-02  6.0100135000e-02  1.3131077580e+00  1.4041923890e+00  1.4149102420e+00
    1.7480000000e+01  2.7329907000e-02  2.7550202000e-02  5.0915417000e-02  1.3098624040e+00  1.4008598320e+00  1.4127204770e+00
    1.7490000000e+01  1.9985903000e-02  1.7798792000e-02  4.1742420000e-02  1.3064565800e+00  1.3972899160e+00  1.4103888520e+00
    1.7500000000e+01  1.2673516000e-02  8.0762700000e-03  3.2577434000e-02  1.3028895490e+00  1.3934759830e+00  1.4079136580e+00
    1.7510000000e+01  5.4044550000e-03 -1.5977700000e-03  2.3418166000e-02  1.2991619870e+00  1.3894146150e+00  1.4052908070e+00
    1.7520000000e+01 -1.8101950000e-03 -1.1203616000e-02  1.4264430000e-02  1.2952756300e+00  1.3851056080e+00  1.4025145590e+00
    1.7530000000e+01 -8.9598320000e-03 -2.0722145000e-02  5.1185170000e-03  1.2912330650e+00  1.3805516990e+00  1.3995783980e+00
    1.7540000000e+01 -1.6034174000e-02 -3.0135320000e-02 -4.0147610000e-03  1.2870377000e+00  1.3757581060e+00  1.3964759260e+00
    1.7550000000e+01 -2.3023178000e-02 -3.9426451000e-02 -1.3128304000e-02  1.2826939030e+00  1.3707319920e+00  1.3932016630e+00
    1.7560000000e+01 -2.9917140000e-02 -4.8580203000e-02 -2.2213167000e-02  1.2782071970e+00  1.3654819910e+00  1.3897516970e+00
    1.7570000000e+01 -3.6706960000e-02 -5.7582443000e-02 -3.1259140000e-02  1.2735844130e+00  1.3600178730e+00  1.3861241440e+00
    1.7580000000e+01 -4.3384536000e-02 -6.6420016000e-02 -4.0255392000e-02  1.2688336700e+00  1.3543504460e+00  1.3823194090e+00
    1.7590000000e+01 -4.9943146000e-02 -7.5080577000e-02 -4.9191135000e-02  1.2639641610e+00  1.3484916520e+00  1.3783402870e+00
    1.7600000000e+01 -5.6377725000e-02 -8.3552608000e-02 -5.8056283000e-02  1.2589857680e+00  1.3424548270e+00  1.3741918880e+00
    1.7610000000e+01 -6.2684957000e-02 -9.1825670000e-02 -6.6842100000e-02  1.2539085880e+00  1.3362549970e+00  1.3698814290e+00
    1.7620000000e+01 -6.8863177000e-02 -9.9890915000e-02 -7.5541796000e-02  1.2487424880e+00  1.3299090650e+00  1.3654178320e+00
    1.7630000000e+01 -7.4912134000e-02 -1.0774178800e-01 -8.4151053000e-02  1.2434967580e+00  1.3234357640e+00  1.3608111550e+00
    1.7640000000e+01 -8.0832692000e-02 -1.1537479000e-01 -9.2668383000e-02  1.2381798940e+00  1.3168552670e+00  1.3560718260e+00
    1.7650000000e+01 -8.6626531000e-02 -1.2279013500e-01 -1.0109524900e-01  1.2327995200e+00  1.3101884290e+00  1.3512097210e+00
    1.7660000000e+01 -9.2295884000e-02 -1.2999211300e-01 -1.0943586600e-01  1.2273623780e+00  1.3034557220e+00  1.3462331800e+00
    1.7670000000e+01 -9.7843339000e-02 -1.3698903600e-01 -1.1769662700e-01  1.2218743970e+00  1.2966759970e+00  1.3411480810e+00
    1.7680000000e+01 -1.0327167600e-01 -1.4379268300e-01 -1.2588519300e-01  1.2163407780e+00  1.2898652960e+00  1.3359571340e+00
    1.7690000000e+01 -1.0858377200e-01 -1.5041732700e-01 -1.3400931500e-01  1.2107661120e+00  1.2830359190e+00  1.3306595330e+00
    1.7700000000e+01 -1.1378256500e-01 -1.5687847100e-01 -1.4207558200e-01  1.2051545040e+00  1.2761959120e+00  1.3252510850e+00
    1.7710000000e+01 -1.1887109200e-01 -1.6319151000e-01 -1.5008827800e-01  1.1995096720e+00  1.2693490540e+00  1.3197248050e+00
    1.7720000000e+01 -1.2385257700e-01 -1.6937054100e-01 -1.5804855200e-01  1.1938349850e+00  1.2624953000e+00  1.3140719070e+00
    1.7730000000e+01 -1.2873055100e-01 -1.7542744700e-01 -1.6595403700e-01  1.1881334080e+00  1.2556315580e+00  1.3082830150e+00
    1.7740000000e+01 -1.3350892800e-01 -1.8137135700e-01 -1.7379894300e-01  1.1824073480e+00  1.2487526460e+00  1.3023493820e+00
    1.7750000000e+01 -1.3819199500e-01 -1.8720845100e-01 -1.8157457400e-01  1.1766584090e+00  1.2418522660e+00  1.2962639330e+00
    1.7760000000e+01 -1.4278426200e-01 -1.9294204900e-01 -1.8927012200e-01  1.1708871220e+00  1.2349238970e+00  1.2900219890e+00
    1.7770000000e+01 -1.4729015800e-01 -1.9857292300e-01 -1.9687358100e-01  1.1650927150e+00  1.2279615430e+00  1.2836216410e+00
    1.7780000000e+01 -1.5171359100e-01 -2.0409974500e-01 -2.0437263600e-01  1.1592730040e+00  1.2209603330e+00  1.2770637940e+00
    1.7790000000e+01 -1.5605744600e-01 -2.0951965200e-01 -2.1175542600e-01  1.1534244700e+00  1.2139169390e+00  1.2703519530e+00
    1.7800000000e+01 -1.6032309100e-01 -2.1482887600e-01 -2.1901115700e-01  1.1475425390e+00  1.2068298300e+00  1.2634918450e+00
    1.7810000000e+01 -1.6451000500e-01 -2.2002342300e-01 -2.2613052500e-01  1.1416220670e+00  1.1996993140e+00  1.2564909440e+00
    1.7820000000e+01 -1.6861559200e-01 -2.2509971400e-01 -2.3310599000e-01  1.1356579480e+00  1.1925273420e+00  1.2493579360e+00
    1.7830000000e+01 -1.7263522400e-01 -2.3005510700e-01 -2.3993188200e-01  1.1296457530e+00  1.1853171000e+00  1.2421021870e+00
    1.7840000000e+01 -1.7656249900e-01 -2.3488820400e-01 -2.4660436600e-01  1.1235823270e+00  1.1780724150e+00  1.2347332110e+00
    1.7850000000e+01 -1.8038966000e-01 -2.3959885900e-01 -2.5312124600e-01  1.1174662440e+00  1.1707971200e+00  1.2272602140e+00
    1.7860000000e+01 -1.8410811600e-01 -2.4418790300e-01 -2.5948165600e-01  1.1112981150e+00  1.1634944940e+00  1.2196917360e+00
    1.7870000000e+01 -1.8770900700e-01 -2.4865666000e-01 -2.6568566700e-01  1.1050807320e+00  1.1561669280e+00  1.2120354560e+00
    1.7880000000e+01 -1.9118376800e-01 -2.5300638800e-01 -2.7173389200e-01  1.0988190470e+00  1.1488158860e+00  1.2042981610e+00
    1.7890000000e+01 -1.9452466000e-01 -2.5723781200e-01 -2.7762715900e-01  1.0925200150e+00  1.1414421380e+00  1.1964858850e+00
    1.7900000000e+01 -1.9772523000e-01 -2.6135086900e-01 -2.8336633800e-01  1.0861922880e+00  1.1340461640e+00  1.1886041430e+00
    1.7910000000e+01 -2.0078064300e-01 -2.6534470500e-01 -2.8895231800e-01  1.0798458090e+00  1.1266285970e+00  1.1806581730e+00
    1.7920000000e+01 -2.0368788300e-01 -2.6921787300e-01 -2.9438614400e-01  1.0734913320e+00  1.1191905540e+00  1.1726531140e+00
    1.7930000000e+01 -2.0644577700e-01 -2.7296863200e-01 -2.9966922800e-01  1.0671399430e+00  1.1117337990e+00  1.1645940320e+00
    1.7940000000e+01 -2.0905488300e-01 -2.7659523000e-01 -3.0480355600e-01  1.0608026370e+00  1.1042607120e+00  1.1564857930e+00
    1.7950000000e+01 -2.1151728500e-01 -2.8009607400e-01 -3.0979180300e-01  1.0544899920e+00  1.0967741570e+00  1.1483327840e+00
    1.7960000000e+01 -2.1383634300e-01 -2.8346977100e-01 -3.1463729200e-01  1.0482119560e+00  1.0892773190e+00  1.1401385610e+00
    1.7970000000e+01 -2.1601643900e-01 -2.8671505100e-01 -3.1934375800e-01  1.0419777270e+00  1.0817736020e+00  1.1319054870e+00
    1.7980000000e+01 -2.1806275100e-01 -2.8983064700e-01 -3.2391493100e-01  1.0357957000e+00  1.0742666490e+00  1.1236344760e+00
    1.7990000000e+01 -2.1998105100e-01 -2.9281521700e-01 -3.2835398300e-01  1.0296734780e+00  1.0667604740e+00  1.1153249050e+00
    1.8000000000e+01 -2.2177754200e-01 -2.9566737300e-01 -3.3266293100e-01  1.0236179170e+00  1.0592596770e+00  1.1069747690e+00
    1.8010000000e+01 -2.2345872400e-01 -2.9838585600e-01 -3.3684209800e-01  1.0176352110e+00  1.0517696640e+00  1.0985810680e+00
    1.8020000000e+01 -2.2503132500e-01 -3.0096984300e-01 -3.4088973200e-01  1.0117310030e+00  1.0442967780e+00  1.0901404040e+00
    1.8030000000e+01 -2.2650228500e-01 -3.0341933500e-01 -3.4480183900e-01  1.0059105030e+00  1.0368482870e+00  1.0816496920e+00
    1.8040000000e+01 -2.2787880600e-01 -3.0573554200e-01 -3.4857226700e-01  1.0001785940e+00  1.0294322110e+00  1.0731069180e+00
    1.8050000000e+01 -2.2916848000e-01 -3.0792118900e-01 -3.5219301300e-01  9.9453988600e-01  1.0220569820e+00  1.0645118510e+00
    1.8060000000e+01 -2.3037944600e-01 -3.0998069000e-01 -3.5565475600e-01  9.8899869300e-01  1.0147310290e+00  1.0558666590e+00
    1.8070000000e+01 -2.3152055300e-01 -3.1192018200e-01 -3.5894756700e-01  9.8355889500e-01  1.0074623120e+00  1.0471763840e+00
    1.8080000000e+01 -2.3260147100e-01 -3.1374743200e-01 -3.6206178800e-01  9.7822369600e-01  1.0002578810e+00  1.0384491950e+00
    1.8090000000e+01 -2.3363267500e-01 -3.1547163500e-01 -3.6498900800e-01  9.7299530300e-01  9.9312346600e-01  1.0296963690e+00
    1.8100000000e+01 -2.3462529300e-01 -3.1710312100e-01 -3.6772304700e-01  9.6787458400e-01  9.8606310600e-01  1.0209319480e+00
    1.8110000000e+01 -2.3559078200e-01 -3.1865295800e-01 -3.7026081200e-01  9.6286078300e-01  9.7907884700e-01  1.0121720500e+00
    1.8120000000e+01 -2.3654048900e-01 -3.2013244800e-01 -3.7260288900e-01  9.5795136200e-01  9.7217052700e-01  1.0034339120e+00
    1.8130000000e+01 -2.3748514800e-01 -3.2155254500e-01 -3.7475379300e-01  9.5314203100e-01  9.6533570700e-01  9.9473478600e-01
    1.8140000000e+01 -2.3843440100e-01 -3.2292322300e-01 -3.7672184300e-01  9.4842696100e-01  9.5856980600e-01  9.8609082300e-01
    1.8150000000e+01 -2.3939642500e-01 -3.2425290900e-01 -3.7851871600e-01  9.4379918300e-01  9.5186645200e-01  9.7751608100e-01
    1.8160000000e+01 -2.4037773300e-01 -3.2554806400e-01 -3.8015876700e-01  9.3925109500e-01  9.4521803600e-01  9.6902173900e-01
    1.8170000000e+01 -2.4138318200e-01 -3.2681299400e-01 -3.8165819900e-01  9.3477501400e-01  9.3861636800e-01  9.6061553300e-01
    1.8180000000e+01 -2.4241617800e-01 -3.2804993200e-01 -3.8303414000e-01  9.3036367200e-01  9.3205335400e-01  9.5230142600e-01
    1.8190000000e+01 -2.4347906500e-01 -3.2925934400e-01 -3.8430367100e-01  9.2601059700e-01  9.2552154200e-01  9.4407949700e-01
    1.8200000000e+01 -2.4457361200e-01 -3.3044040400e-01 -3.8548283900e-01  9.2171030300e-01  9.1901447800e-01  9.3594608300e-01
    1.8210000000e+01 -2.4570152900e-01 -3.3159150300e-01 -3.8658571100e-01  9.1745828000e-01  9.1252682700e-01  9.2789419100e-01
    1.8220000000e+01 -2.4686494100e-01 -3.3271070500e-01 -3.8762356500e-01  9.1325079000e-01  9.0605427400e-01  9.1991417700e-01
    1.8230000000e+01 -2.4806673900e-01 -3.3379605600e-01 -3.8860431300e-01  9.0908448300e-01  8.9959327800e-01  9.1199467000e-01
    1.8240000000e+01 -2.4931077900e-01 -3.3484572400e-01 -3.8953225500e-01  9.0495591100e-01  8.9314076000e-01  9.0412363400e-01
    1.8250000000e+01 -2.5060187000e-01 -3.3585796400e-01 -3.9040819200e-01  9.0086097900e-01  8.8669381300e-01  8.9628943000e-01
    1.8260000000e+01 -2.5194556100e-01 -3.3683094900e-01 -3.9122988100e-01  8.9679439900e-01  8.8024949400e-01  8.8848175800e-01
    1.8270000000e+01 -2.5334771300e-01 -3.3776253600e-01 -3.9199273400e-01  8.9274924800e-01  8.7380475000e-01  8.8069233600e-01
    1.8280000000e+01 -2.5481389800e-01 -3.3865001200e-01 -3.9269063900e-01  8.8871667900e-01  8.6735647800e-01  8.7291528600e-01
    1.8290000000e+01 -2.5634868700e-01 -3.3948989200e-01 -3.9331678200e-01  8.8468587200e-01  8.6090170300e-01  8.6514721800e-01
    1.8300000000e+01 -2.5795492300e-01 -3.4027779500e-01 -3.9386435000e-01  8.8064427200e-01  8.5443786100e-01  8.5738707900e-01
    1.8310000000e+01 -2.5963311600e-01 -3.4100844600e-01 -3.9432710000e-01  8.7657810100e-01  8.4796313100e-01  8.4963584700e-01
    1.8320000000e+01 -2.6138106100e-01 -3.4167580900e-01 -3.9469976200e-01  8.7247308200e-01  8.4147678500e-01  8.4189615700e-01
    1.8330000000e+01 -2.6319377400e-01 -3.4227335700e-01 -3.9497832900e-01  8.6831525600e-01  8.3497948800e-01  8.3417189100e-01
    1.8340000000e+01 -2.6506373700e-01 -3.4279446000e-01 -3.9516024800e-01  8.6409173300e-01  8.2847350400e-01  8.2646775400e-01
    1.8350000000e+01 -2.6698138900e-01 -3.4323284100e-01 -3.9524452600e-01  8.5979124200e-01  8.2196277200e-01  8.1878882800e-01
    1.8360000000e+01 -2.6893572400e-01 -3.4358306700e-01 -3.9523173500e-01  8.5540440600e-01  8.1545281000e-01  8.1114008900e-01
    1.8370000000e+01 -2.7091483400e-01 -3.4384097700e-01 -3.9512388000e-01  8.5092373600e-01  8.0895046700e-01  8.0352592000e-01
    1.8380000000e+01 -2.7290627600e-01 -3.4400401500e-01 -3.9492410100e-01  8.4634344900e-01  8.0246353600e-01  7.9594966000e-01
    1.8390000000e+01 -2.7489720300e-01 -3.4407142600e-01 -3.9463622000e-01  8.4165924800e-01  7.9600031000e-01  7.8841325700e-01
    1.8400000000e+01 -2.7687432900e-01 -3.4404431200e-01 -3.9426417200e-01  8.3686821700e-01  7.8956910600e-01  7.8091711100e-01
    1.8410000000e+01 -2.7882382200e-01 -3.4392557700e-01 -3.9381139400e-01  8.3196891400e-01  7.8317781300e-01  7.7346014000e-01
    1.8420000000e+01 -2.8073130100e-01 -3.4371977900e-01 -3.9328029400e-01  8.2696164100e-01  7.7683346600e-01  7.6604007500e-01
    1.8430000000e+01 -2.8258201600e-01 -3.4343288400e-01 -3.9267187000e-01  8.2184882100e-01  7.7054185400e-01  7.5865394000e-01
    1.8440000000e+01 -2.8436126900e-01 -3.4307192500e-01 -3.9198554800e-01  8.1663532100e-01  7.6430716300e-01  7.5129862000e-01
    1.8450000000e+01 -2.8605500400e-01 -3.4264454700e-01 -3.9121923500e-01  8.1132861700e-01  7.5813170100e-01  7.4397143300e-01
    1.8460000000e+01 -2.8765046600e-01 -3.4215842500e-01 -3.9036957200e-01  8.0593872000e-01  7.5201575100e-01  7.3667061100e-01
    1.8470000000e+01 -2.8913680500e-01 -3.4162063300e-01 -3.8943229900e-01  8.0047789100e-01  7.4595762700e-01  7.2939565800e-01
    1.8480000000e+01 -2.9050556900e-01 -3.4103702400e-01 -3.8840270500e-01  7.9496017700e-01  7.3995396400e-01  7.2214755100e-01
    1.8490000000e+01 -2.9175103000e-01 -3.4041173700e-01 -3.8727608700e-01  7.8940086300e-01  7.3400024000e-01  7.1492879200e-01
    1.8500000000e+01 -2.9287037200e-01 -3.3974693700e-01 -3.8604818800e-01  7.8381588800e-01  7.2809146100e-01  7.0774332300e-01
    1.8510000000e+01 -2.9386375300e-01 -3.3904283500e-01 -3.8471557700e-01  7.7822125500e-01  7.2222289000e-01  7.0059631700e-01
    1.8520000000e+01 -2.9473426700e-01 -3.3829798400e-01 -3.8327594400e-01  7.7263245000e-01  7.1639071400e-01  6.9349387000e-01
    1.8530000000e+01 -2.9548778800e-01 -3.3750979300e-01 -3.8172826300e-01  7.6706386600e-01  7.1059251700e-01  6.8644261500e-01
    1.8540000000e+01 -2.9613270700e-01 -3.3667515400e-01 -3.8007280900e-01  7.6152825700e-01  7.0482751200e-01  6.7944932500e-01
    1.8550000000e+01 -2.9667954600e-01 -3.3579106500e-01 -3.7831103800e-01  7.5603624400e-01  6.9909652000e-01  6.7252055300e-01
    1.8560000000e+01 -2.9714045900e-01 -3.3485515500e-01 -3.7644533800e-01  7.5059590700e-01  6.9340175100e-01  6.6566238200e-01
    1.8570000000e+01 -2.9752864300e-01 -3.3386607600e-01 -3.7447874300e-01  7.4521249400e-01  6.8774644200e-01  6.5888032000e-01
    1.8580000000e+01 -2.9785768000e-01 -3.3282373200e-01 -3.7241466900e-01  7.3988826700e-01  6.8213444000e-01  6.5217934600e-01
    1.8590000000e+01 -2.9814084600e-01 -3.3172937700e-01 -3.7025675800e-01  7.3462252000e-01  6.7656976500e-01  6.4556406800e-01
    1.8600000000e+01 -2.9839044000e-01 -3.3058559200e-01 -3.6800887200e-01  7.2941176200e-01  6.7105618500e-01  6.3903892400e-01
    1.8610000000e+01 -2.9861716500e-01 -3.2939616100e-01 -3.6567523400e-01  7.2425008700e-01  6.6559681500e-01  6.3260831600e-01
    1.8620000000e+01 -2.9882965000e-01 -3.2816583300e-01 -3.6326066200e-01  7.1912970000e-01  6.6019376000e-01  6.2627662000e-01
    1.8630000000e+01 -2.9903413900e-01 -3.2689998800e-01 -3.6077080500e-01  7.1404155500e-01  6.5484782400e-01  6.2004801600e-01
    1.8640000000e+01 -2.9923440200e-01 -3.2560419900e-01 -3.5821228800e-01  7.0897603300e-01  6.4955832500e-01  6.1392617000e-01
    1.8650000000e+01 -2.9943184900e-01 -3.2428374800e-01 -3.5559267800e-01  7.0392356900e-01  6.4432307200e-01  6.0791382600e-01
    1.8660000000e+01 -2.9962580400e-01 -3.2294313700e-01 -3.5292026600e-01  6.9887518300e-01  6.3913849800e-01  6.0201240700e-01
    1.8670000000e+01 -2.9981388900e-01 -3.2158567300e-01 -3.5020366600e-01  6.9382284900e-01  6.3399997500e-01  5.9622172000e-01
    1.8680000000e+01 -2.9999245100e-01 -3.2021319300e-01 -3.4745131300e-01  6.8875971600e-01  6.2890224200e-01  5.9053982900e-01
    1.8690000000e+01 -3.0015697600e-01 -3.1882595100e-01 -3.4467093200e-01  6.8368016800e-01  6.2383989900e-01  5.8496311300e-01
    1.8700000000e+01 -3.0030243700e-01 -3.1742268700e-01 -3.4186905200e-01  6.7857976200e-01  6.1880789300e-01  5.7948651400e-01
    1.8710000000e+01 -3.0042354700e-01 -3.1600082700e-01 -3.3905063100e-01  6.7345508600e-01  6.1380192000e-01  5.7410391900e-01
    1.8720000000e+01 -3.0051490500e-01 -3.1455678900e-01 -3.3621881100e-01  6.6830357900e-01  6.0881873500e-01  5.6880863800e-01
    1.8730000000e+01 -3.0057103600e-01 -3.1308631900e-01 -3.3337481500e-01  6.6312337500e-01  6.0385634600e-01  5.6359393300e-01
    1.8740000000e+01 -3.0058637100e-01 -3.1158485400e-01 -3.3051800700e-01  6.5791320000e-01  5.9891411400e-01  5.5845355500e-01
    1.8750000000e+01 -3.0055519300e-01 -3.1004788200e-01 -3.2764609200e-01  6.5267233200e-01  5.9399276100e-01  5.5338225400e-01
    1.8760000000e+01 -3.0047160700e-01 -3.0847129100e-01 -3.2475546100e-01  6.4740061400e-01  5.8909430200e-01  5.4837621800e-01
    1.8770000000e+01 -3.0032950300e-01 -3.0685168700e-01 -3.2184165000e-01  6.4209848700e-01  5.8422189000e-01  5.4343340400e-01
    1.8780000000e+01 -3.0012254100e-01 -3.0518668300e-01 -3.1889989400e-01  6.3676705000e-01  5.7937957100e-01  5.3855373400e-01
    1.8790000000e+01 -2.9984411300e-01 -3.0347508800e-01 -3.1592571700e-01  6.3140814400e-01  5.7457197600e-01  5.3373911400e-01
    1.8800000000e+01 -2.9948731400e-01 -3.0171701800e-01 -3.1291552200e-01  6.2602451000e-01  5.6980394800e-01  5.2899328200e-01
    1.8810000000e+01 -2.9904497500e-01 -2.9991386900e-01 -3.0986710200e-01  6.2062003600e-01  5.6508018000e-01  5.2432148700e-01
    1.8820000000e+01 -2.9850980700e-01 -2.9806819700e-01 -3.0678006000e-01  6.1520006900e-01  5.6040486700e-01  5.1973002500e-01
    1.8830000000e+01 -2.9787474500e-01 -2.9618350200e-01 -3.0365606500e-01  6.0977173800e-01  5.5578143700e-01  5.1522566300e-01
    1.8840000000e+01 -2.9713349100e-01 -2.9426396000e-01 -3.0049893200e-01  6.0434417300e-01  5.5121236300e-01  5.1081500200e-01
    1.8850000000e+01 -2.9628120300e-01 -2.9231412400e-01 -2.9731450500e-01  5.9892850000e-01  5.4669906000e-01  5.0650383800e-01
    1.8860000000e+01 -2.9531523800e-01 -2.9033863800e-01 -2.9411033600e-01  5.9353755200e-01  5.4224188000e-01  5.0229657900e-01
    1.8870000000e+01 -2.9423578800e-01 -2.8834197000e-01 -2.9089519200e-01  5.8818526100e-01  5.3784017400e-01  4.9819579000e-01
    1.8880000000e+01 -2.9304627900e-01 -2.8632820100e-01 -2.8767843900e-01  5.8288581600e-01  5.3349241800e-01  4.9420194000e-01
    1.8890000000e+01 -2.9175346000e-01 -2.8430085300e-01 -2.8446939100e-01  5.7765268800e-01  5.2919637100e-01  4.9031336200e-01
    1.8900000000e+01 -2.9036713100e-01 -2.8226279200e-01 -2.8127670200e-01  5.7249767100e-01  5.2494925700e-01  4.8652645100e-01
    1.8910000000e+01 -2.8889958400e-01 -2.8021617100e-01 -2.7810791000e-01  5.6743005700e-01  5.2074794700e-01  4.8283602900e-01
    1.8920000000e+01 -2.8736480300e-01 -2.7816242800e-01 -2.7496916000e-01  5.6245604600e-01  5.1658912400e-01  4.7923581500e-01
    1.8930000000e+01 -2.8577754700e-01 -2.7610231300e-01 -2.7186513000e-01  5.5757843600e-01  5.1246942000e-01  4.7571889700e-01
    1.8940000000e+01 -2.8415239600e-01 -2.7403593700e-01 -2.6879912200e-01  5.5279660600e-01  5.0838553400e-01  4.7227812100e-01
    1.8950000000e+01 -2.8250284800e-01 -2.7196282000e-01 -2.6577323800e-01  5.4810677800e-01  5.0433430700e-01  4.6890635700e-01
    1.8960000000e+01 -2.8084055800e-01 -2.6988193700e-01 -2.6278857800e-01  5.4350253600e-01  5.0031278500e-01  4.6559661400e-01
    1.8970000000e+01 -2.7917478600e-01 -2.6779173900e-01 -2.5984535200e-01  5.3897555400e-01  4.9631827900e-01  4.6234206000e-01
    1.8980000000e+01 -2.7751213400e-01 -2.6569016800e-01 -2.5694290800e-01  5.3451643800e-01  4.9234843700e-01  4.5913600500e-01
    1.8990000000e+01 -2.7585660800e-01 -2.6357468400e-01 -2.5407964400e-01  5.3011558400e-01  4.8840134100e-01  4.5597193000e-01
    1.9000000000e+01 -2.7420996700e-01 -2.6144232000e-01 -2.5125289000e-01  5.2576388300e-01  4.8447562200e-01  4.5284363000e-01
    1.9010000000e+01 -2.7257230000e-01 -2.5928977600e-01 -2.4845882200e-01  5.2145317800e-01  4.8057058200e-01  4.4974547800e-01
    1.9020000000e+01 -2.7094263900e-01 -2.5711357400e-01 -2.4569249900e-01  5.1717639700e-01  4.7668628300e-01  4.4667278700e-01
    1.9030000000e+01 -2.6931946700e-01 -2.5491023600e-01 -2.4294807000e-01  5.1292738500e-01  4.7282359500e-01  4.4362219100e-01
    1.9040000000e+01 -2.6770098100e-01 -2.5267647200e-01 -2.4021914700e-01  5.0870056700e-01  4.6898418600e-01  4.4059194800e-01
    1.9050000000e+01 -2.6608506800e-01 -2.5040936700e-01 -2.3749931200e-01  5.0449059100e-01  4.6517045600e-01  4.3758209100e-01
    1.9060000000e+01 -2.6446904800e-01 -2.4810652600e-01 -2.3478264100e-01  5.0029212600e-01  4.6138542200e-01  4.3459437900e-01
    1.9070000000e+01 -2.6284932800e-01 -2.4576619300e-01 -2.3206419400e-01  4.9609991400e-01  4.5763257700e-01  4.3163206100e-01
    1.9080000000e+01 -2.6122111500e-01 -2.4338731000e-01 -2.2934036600e-01  4.9190906500e-01  4.5391571700e-01  4.2869948600e-01
    1.9090000000e+01 -2.5957833700e-01 -2.4096953400e-01 -2.2660908200e-01  4.8771553200e-01  4.5023877800e-01  4.2580165400e-01
    1.9100000000e+01 -2.5791380200e-01 -2.3851319400e-01 -2.2386982200e-01  4.8351662000e-01  4.4660567700e-01  4.2294375500e-01
    1.9110000000e+01 -2.5621961200e-01 -2.3601922400e-01 -2.2112352300e-01  4.7931139000e-01  4.4302019900e-01  4.2013076500e-01
    1.9120000000e+01 -2.5448770800e-01 -2.3348906500e-01 -2.1837238700e-01  4.7510088300e-01  4.3948592200e-01  4.1736712800e-01
    1.9130000000e+01 -2.5271047700e-01 -2.3092458800e-01 -2.1561964500e-01  4.7088810200e-01  4.3600618800e-01  4.1465652900e-01
    1.9140000000e+01 -2.5088130300e-01 -2.2832803700e-01 -2.1286930700e-01  4.6667778400e-01  4.3258409800e-01  4.1200174500e-01
    1.9150000000e+01 -2.4899498600e-01 -2.2570199700e-01 -2.1012592100e-01  4.6247600500e-01  4.2922251500e-01  4.0940456200e-01
    1.9160000000e+01 -2.4704800200e-01 -2.2304939900e-01 -2.0739434700e-01  4.5828966800e-01  4.2592405500e-01  4.0686574800e-01
    1.9170000000e+01 -2.4503856400e-01 -2.2037352000e-01 -2.0467955800e-01  4.5412597100e-01  4.2269105700e-01  4.0438505000e-01
    1.9180000000e+01 -2.4296649500e-01 -2.1767799200e-01 -2.0198645300e-01  4.4999189300e-01  4.1952552600e-01  4.0196121600e-01
    1.9190000000e+01 -2.4083294500e-01 -2.1496679700e-01 -1.9931968500e-01  4.4589380300e-01  4.1642905700e-01  3.9959202800e-01
    1.9200000000e+01 -2.3864000900e-01 -2.1224422500e-01 -1.9668347900e-01  4.4183721400e-01  4.1340274300e-01  3.9727434900e-01
    1.9210000000e+01 -2.3639032900e-01 -2.0951481100e-01 -1.9408144100e-01  4.3782672500e-01  4.1044706300e-01  3.9500418800e-01
    1.9220000000e+01 -2.3408675000e-01 -2.0678321600e-01 -1.9151635100e-01  4.3386610800e-01  4.0756178400e-01  3.9277682800e-01
    1.9230000000e+01 -2.3173210000e-01 -2.0405404900e-01 -1.8898995800e-01  4.2995851300e-01  4.0474589300e-01  3.9058700500e-01
    1.9240000000e+01 -2.2932909800e-01 -2.0133167000e-01 -1.8650282200e-01  4.2610669000e-01  4.0199758600e-01  3.8842918600e-01
    1.9250000000e+01 -2.2688038700e-01 -1.9861996200e-01 -1.8405423400e-01  4.2231318400e-01  3.9931433300e-01  3.8629791100e-01
    1.9260000000e+01 -2.2438864500e-01 -1.9592214300e-01 -1.8164226400e-01  4.1858043900e-01  3.9669302100e-01  3.8418817500e-01
    1.9270000000e+01 -2.2185669900e-01 -1.9324062900e-01 -1.7926394600e-01  4.1491081700e-01  3.9413015700e-01  3.8209578000e-01
    1.9280000000e+01 -2.1928762000e-01 -1.9057696100e-01 -1.7691558900e-01  4.1130652900e-01  3.9162211600e-01  3.8001761600e-01
    1.9290000000e+01 -2.1668474200e-01 -1.8793182500e-01 -1.7459316300e-01  4.0776953200e-01  3.8916538200e-01  3.7795180200e-01
    1.9300000000e+01 -2.1405162400e-01 -1.8530513900e-01 -1.7229271200e-01  4.0430142700e-01  3.8675678400e-01  3.7589769400e-01
    1.9310000000e+01 -2.1139195300e-01 -1.8269620200e-01 -1.7001072100e-01  4.0090338400e-01  3.8439369200e-01  3.7385573400e-01
    1.9320000000e+01 -2.0870942500e-01 -1.8010390800e-01 -1.6774441700e-01  3.9757612600e-01  3.8207415600e-01  3.7182720800e-01
    1.9330000000e+01 -2.0600763100e-01 -1.7752698900e-01 -1.6549193800e-01  3.9431996600e-01  3.7979696300e-01  3.6981391900e-01
    1.9340000000e+01 -2.0328996900e-01 -1.7496426400e-01 -1.6325240200e-01  3.9113489000e-01  3.7756161600e-01  3.6781783600e-01
    1.9350000000e+01 -2.0055960400e-01 -1.7241485600e-01 -1.6102583600e-01  3.8802065900e-01  3.7536821000e-01  3.6584075100e-01
    1.9360000000e+01 -1.9781948100e-01 -1.6987833500e-01 -1.5881299800e-01  3.8497691800e-01  3.7321726000e-01  3.6388400400e-01
    1.9370000000e+01 -1.9507237300e-01 -1.6735477500e-01 -1.5661512200e-01  3.8200327900e-01  3.7110948800e-01  3.6194828400e-01
    1.9380000000e+01 -1.9232096300e-01 -1.6484472300e-01 -1.5443362000e-01  3.7909936300e-01  3.6904564100e-01  3.6003356000e-01
    1.9390000000e+01 -1.8956793000e-01 -1.6234910100e-01 -1.5226979800e-01  3.7626480100e-01  3.6702636400e-01  3.5813912800e-01
    1.9400000000e+01 -1.8681600900e-01 -1.5986910300e-01 -1.5012463300e-01  3.7349919100e-01  3.6505214900e-01  3.5626375000e-01
    1.9410000000e+01 -1.8406802500e-01 -1.5740610800e-01 -1.4799863500e-01  3.7080203400e-01  3.6312334300e-01  3.5440585600e-01
    1.9420000000e+01 -1.8132688800e-01 -1.5496164600e-01 -1.4589180900e-01  3.6817267200e-01  3.6124019200e-01  3.5256376300e-01
    1.9430000000e+01 -1.7859555500e-01 -1.5253742700e-01 -1.4380370500e-01  3.6561023900e-01  3.5940287300e-01  3.5073585400e-01
    1.9440000000e+01 -1.7587699500e-01 -1.5013540100e-01 -1.4173351500e-01  3.6311364400e-01  3.5761149100e-01  3.4892071800e-01
    1.9450000000e+01 -1.7317415000e-01 -1.4775783500e-01 -1.3968020100e-01  3.6068156800e-01  3.5586600800e-01  3.4711720700e-01
    1.9460000000e+01 -1.7048992400e-01 -1.4540735300e-01 -1.3764260800e-01  3.5831247500e-01  3.5416611500e-01  3.4532444700e-01
    1.9470000000e+01 -1.6782717900e-01 -1.4308691300e-01 -1.3561954500e-01  3.5600459800e-01  3.5251106400e-01  3.4354180500e-01
    1.9480000000e+01 -1.6518874000e-01 -1.4079969600e-01 -1.3360983900e-01  3.5375591700e-01  3.5089949500e-01  3.4176883300e-01
    1.9490000000e+01 -1.6257736400e-01 -1.3854891800e-01 -1.3161233400e-01  3.5156410600e-01  3.4932930800e-01  3.4000522600e-01
    1.9500000000e+01 -1.5999568700e-01 -1.3633757500e-01 -1.2962588300e-01  3.4942648600e-01  3.4779762300e-01  3.3825078700e-01
    1.9510000000e+01 -1.5744613100e-01 -1.3416818100e-01 -1.2764932100e-01  3.4733998700e-01  3.4630083300e-01  3.3650542800e-01
    1.9520000000e+01 -1.5493078000e-01 -1.3204254100e-01 -1.2568144400e-01  3.4530115700e-01  3.4483477800e-01  3.3476919100e-01
    1.9530000000e+01 -1.5245126200e-01 -1.2996160100e-01 -1.2372101700e-01  3.4330622300e-01  3.4339497900e-01  3.3304228700e-01
    1.9540000000e+01 -1.5000864000e-01 -1.2792540500e-01 -1.2176679300e-01  3.4135119500e-01  3.4197692200e-01  3.3132513800e-01
    1.9550000000e+01 -1.4760336500e-01 -1.2593316000e-01 -1.1981757000e-01  3.3943201700e-01  3.4057631800e-01  3.2961840300e-01
    1.9560000000e+01 -1.4523527100e-01 -1.2398338000e-01 -1.1787225000e-01  3.3754472300e-01  3.3918930300e-01  3.2792298900e-01
    1.9570000000e+01 -1.4290363400e-01 -1.2207408100e-01 -1.1592990500e-01  3.3568558200e-01  3.3781256900e-01  3.2624003200e-01
    1.9580000000e+01 -1.4060727400e-01 -1.2020298100e-01 -1.1398982600e-01  3.3385120600e-01  3.3644339100e-01  3.2457086100e-01
    1.9590000000e+01 -1.3834467600e-01 -1.1836766400e-01 -1.1205156100e-01  3.3203861000e-01  3.3507959900e-01  3.2291695300e-01
    1.9600000000e+01 -1.3611410800e-01 -1.1656569700e-01 -1.1011494400e-01  3.3024521900e-01  3.3371949700e-01  3.2127988300e-01
    1.9610000000e+01 -1.3391371500e-01 -1.1479468200e-01 -1.0818011400e-01  3.2846883600e-01  3.3236177700e-01  3.1966127600e-01
    1.9620000000e+01 -1.3174156700e-01 -1.1305226700e-01 -1.0624752400e-01  3.2670759900e-01  3.3100545200e-01  3.1806275200e-01
    1.9630000000e+01 -1.2959568200e-01 -1.1133613000e-01 -1.0431794900e-01  3.2495993700e-01  3.2964982400e-01  3.1648586200e-01
    1.9640000000e+01 -1.2747402400e-01 -1.0964395800e-01 -1.0239247500e-01  3.2322455800e-01  3.2829448700e-01  3.1493201900e-01
    1.9650000000e+01 -1.2537450200e-01 -1.0797345100e-01 -1.0047246100e-01  3.2150045800e-01  3.2693937300e-01  3.1340242800e-01
    1.9660000000e+01 -1.2329498000e-01 -1.0632235900e-01 -9.8559476000e-02  3.1978695500e-01  3.2558479900e-01  3.1189802400e-01
    1.9670000000e+01 -1.2123333100e-01 -1.0468856300e-01 -9.6655217000e-02  3.1808372800e-01  3.2423152800e-01  3.1041945100e-01
    1.9680000000e+01 -1.1918750500e-01 -1.0307020100e-01 -9.4761430000e-02  3.1639084200e-01  3.2288078700e-01  3.0896706300e-01
    1.9690000000e+01 -1.1715562300e-01 -1.0146581600e-01 -9.2879842000e-02  3.1470874100e-01  3.2153425200e-01  3.0754096400e-01
    1.9700000000e+01 -1.1513607400e-01 -9.9874528000e-02 -9.1012129000e-02  3.1303821200e-01  3.2019395800e-01  3.0614106400e-01
    1.9710000000e+01 -1.1312758900e-01 -9.8296167000e-02 -8.9159916000e-02  3.1138031000e-01  3.1886213500e-01  3.0476713800e-01
    1.9720000000e+01 -1.1112929900e-01 -9.6731362000e-02 -8.7324809000e-02  3.0973626300e-01  3.1754098600e-01  3.0341885200e-01
    1.9730000000e+01 -1.0914075700e-01 -9.5181530000e-02 -8.5508434000e-02  3.0810736300e-01  3.1623242600e-01  3.0209577000e-01
    1.9740000000e+01 -1.0716192900e-01 -9.3648780000e-02 -8.3712463000e-02  3.0649486300e-01  3.1493782800e-01  3.0079732900e-01
    1.9750000000e+01 -1.0519315900e-01 -9.2135714000e-02 -8.1938629000e-02  3.0489987500e-01  3.1365781000e-01  2.9952279000e-01
    1.9760000000e+01 -1.0323511300e-01 -9.0645170000e-02 -8.0188710000e-02  3.0332327700e-01  3.1239210600e-01  2.9827119400e-01
    1.9770000000e+01 -1.0128869000e-01 -8.9179937000e-02 -7.8464490000e-02  3.0176564700e-01  3.1113953500e-01  2.9704131300e-01
    1.9780000000e+01 -9.9354922000e-02 -8.7742468000e-02 -7.6767714000e-02  3.0022721800e-01  3.0989805700e-01  2.9583162000e-01
    1.9790000000e+01 -9.7434862000e-02 -8.6334650000e-02 -7.5100015000e-02  2.9870786900e-01  3.0866492300e-01  2.9464026300e-01
    1.9800000000e+01 -9.5529471000e-02 -8.4957616000e-02 -7.3462846000e-02  2.9720715100e-01  3.0743688200e-01  2.9346506400e-01
    1.9810000000e+01 -9.3639528000e-02 -8.3611645000e-02 -7.1857387000e-02  2.9572435900e-01  3.0621043000e-01  2.9230352900e-01
    1.9820000000e+01 -9.1765570000e-02 -8.2296136000e-02 -7.0284463000e-02  2.9425861800e-01  3.0498208000e-01  2.9115289200e-01
    1.9830000000e+01 -8.9907882000e-02 -8.1009669000e-02 -6.8744455000e-02  2.9280899400e-01  3.0374861200e-01  2.9001019000e-01
    1.9840000000e+01 -8.8066516000e-02 -7.9750143000e-02 -6.7237241000e-02  2.9137457800e-01  3.0250729900e-01  2.8887236500e-01
    1.9850000000e+01 -8.6241353000e-02 -7.8514968000e-02 -6.5762171000e-02  2.8995455100e-01  3.0125607000e-01  2.8773639800e-01
    1.9860000000e+01 -8.4432164000e-02 -7.7301303000e-02 -6.4318092000e-02  2.8854821200e-01  2.9999360000e-01  2.8659944100e-01
    1.9870000000e+01 -8.2638671000e-02 -7.6106294000e-02 -6.2903410000e-02  2.8715497000e-01  2.9871931000e-01  2.8545893700e-01
    1.9880000000e+01 -8.0860582000e-02 -7.4927304000e-02 -6.1516198000e-02  2.8577432200e-01  2.9743330100e-01  2.8431270400e-01
    1.9890000000e+01 -7.9097608000e-02 -7.3762086000e-02 -6.0154314000e-02  2.8440581600e-01  2.9613620800e-01  2.8315897700e-01
    1.9900000000e+01 -7.7349457000e-02 -7.2608897000e-02 -5.8815516000e-02  2.8304902900e-01  2.9482901900e-01  2.8199640000e-01
    1.9910000000e+01 -7.5615814000e-02 -7.1466539000e-02 -5.7497549000e-02  2.8170355100e-01  2.9351286900e-01  2.8082398200e-01
    1.9920000000e+01 -7.3896323000e-02 -7.0334321000e-02 -5.6198204000e-02  2.8036897800e-01  2.9218885500e-01  2.7964104200e-01
    1.9930000000e+01 -7.2190565000e-02 -6.9211969000e-02 -5.4915334000e-02  2.7904492500e-01  2.9085787400e-01  2.7844713600e-01
    1.9940000000e+01 -7.0498032000e-02 -6.8099485000e-02 -5.3646846000e-02  2.7773104100e-01  2.8952051800e-01  2.7724202000e-01
    1.9950000000e+01 -6.8818111000e-02 -6.6996990000e-02 -5.2390667000e-02  2.7642703900e-01  2.8817703900e-01  2.7602562500e-01
    1.9960000000e+01 -6.7150066000e-02 -6.5904572000e-02 -5.1144720000e-02  2.7513274300e-01  2.8682736300e-01  2.7479806900e-01
    1.9970000000e+01 -6.5493047000e-02 -6.4822166000e-02 -4.9906909000e-02  2.7384814800e-01  2.8547118000e-01  2.7355969900e-01
    1.9980000000e+01 -6.3846117000e-02 -6.3749484000e-02 -4.8675138000e-02  2.7257349000e-01  2.8410805200e-01  2.7231113700e-01
    1.9990000000e+01 -6.2208319000e-02 -6.2686008000e-02 -4.7447356000e-02  2.7130931600e-01  2.8273754200e-01  2.7105333500e-01
    2.0000000000e+01 -6.0578777000e-02 -6.1631038000e-02 -4.6221634000e-02  2.7005652000e-01  2.8135931400e-01  2.6978760300e-01
