# Dielectric function: real and imaginary components
#        Energy (eV)          Re_eps_x          Re_eps_y          Re_eps_z          Im_eps_x          Im_eps_y          Im_eps_z
    0.0000000000e+00  8.9094831610e+00  6.9671323050e+00  7.9614625150e+00  0.0000000000e+00  0.0000000000e+00  0.0000000000e+00
    1.0000000000e-02  8.9096244260e+00  6.9671954190e+00  7.9615634220e+00  4.3614930000e-03  1.9267800000e-03  3.0995030000e-03
    2.0000000000e-02  8.9100482720e+00  6.9673847750e+00  7.9618661720e+00  8.7246020000e-03  3.8539980000e-03  6.1999540000e-03
    3.0000000000e-02  8.9107548460e+00  6.9677004150e+00  7.9623708540e+00  1.3090944000e-02  5.7820950000e-03  9.3023030000e-03
    4.0000000000e-02  8.9117443920e+00  6.9681424060e+00  7.9630776120e+00  1.7462142000e-02  7.7115100000e-03  1.2407500000e-02
    5.0000000000e-02  8.9130172560e+00  6.9687108460e+00  7.9639866520e+00  2.1839823000e-02  9.6426830000e-03  1.5516500000e-02
    6.0000000000e-02  8.9145738780e+00  6.9694058570e+00  7.9650982370e+00  2.6225621000e-02  1.1576057000e-02  1.8630259000e-02
    7.0000000000e-02  8.9164148030e+00  6.9702275920e+00  7.9664126890e+00  3.0621180000e-02  1.3512077000e-02  2.1749741000e-02
    8.0000000000e-02  8.9185406700e+00  6.9711762300e+00  7.9679303900e+00  3.5028157000e-02  1.5451188000e-02  2.4875913000e-02
    9.0000000000e-02  8.9209522240e+00  6.9722519770e+00  7.9696517820e+00  3.9448218000e-02  1.7393839000e-02  2.8009750000e-02
    1.0000000000e-01  8.9236503080e+00  6.9734550700e+00  7.9715773670e+00  4.3883050000e-02  1.9340481000e-02  3.1152235000e-02
    1.1000000000e-01  8.9266358670e+00  6.9747857720e+00  7.9737077050e+00  4.8334352000e-02  2.1291571000e-02  3.4304358000e-02
    1.2000000000e-01  8.9299099500e+00  6.9762443740e+00  7.9760434200e+00  5.2803845000e-02  2.3247565000e-02  3.7467121000e-02
    1.3000000000e-01  8.9334737120e+00  6.9778311990e+00  7.9785851960e+00  5.7293272000e-02  2.5208927000e-02  4.0641535000e-02
    1.4000000000e-01  8.9373284110e+00  6.9795465950e+00  7.9813337800e+00  6.1804398000e-02  2.7176123000e-02  4.3828622000e-02
    1.5000000000e-01  8.9414754120e+00  6.9813909410e+00  7.9842899830e+00  6.6339016000e-02  2.9149625000e-02  4.7029421000e-02
    1.6000000000e-01  8.9459161890e+00  6.9833646450e+00  7.9874546750e+00  7.0898944000e-02  3.1129910000e-02  5.0244980000e-02
    1.7000000000e-01  8.9506523260e+00  6.9854681460e+00  7.9908287970e+00  7.5486033000e-02  3.3117460000e-02  5.3476365000e-02
    1.8000000000e-01  8.9556855180e+00  6.9877019110e+00  7.9944133490e+00  8.0102166000e-02  3.5112765000e-02  5.6724659000e-02
    1.9000000000e-01  8.9610175730e+00  6.9900664400e+00  7.9982094020e+00  8.4749263000e-02  3.7116318000e-02  5.9990960000e-02
    2.0000000000e-01  8.9666504150e+00  6.9925622610e+00  8.0022180910e+00  8.9429279000e-02  3.9128622000e-02  6.3276388000e-02
    2.1000000000e-01  8.9725860850e+00  6.9951899360e+00  8.0064406220e+00  9.4144213000e-02  4.1150187000e-02  6.6582081000e-02
    2.2000000000e-01  8.9788267420e+00  6.9979500560e+00  8.0108782670e+00  9.8896106000e-02  4.3181530000e-02  6.9909200000e-02
    2.3000000000e-01  8.9853746700e+00  7.0008432470e+00  8.0155323720e+00  1.0368704600e-01  4.5223177000e-02  7.3258926000e-02
    2.4000000000e-01  8.9922322740e+00  7.0038701640e+00  8.0204043530e+00  1.0851917000e-01  4.7275663000e-02  7.6632469000e-02
    2.5000000000e-01  8.9994020890e+00  7.0070314990e+00  8.0254956990e+00  1.1339466800e-01  4.9339533000e-02  8.0031062000e-02
    2.6000000000e-01  9.0068867790e+00  7.0103279750e+00  8.0308079750e+00  1.1831578700e-01  5.1415339000e-02  8.3455966000e-02
    2.7000000000e-01  9.0146891380e+00  7.0137603490e+00  8.0363428220e+00  1.2328483200e-01  5.3503649000e-02  8.6908471000e-02
    2.8000000000e-01  9.0228121010e+00  7.0173294160e+00  8.0421019580e+00  1.2830417300e-01  5.5605037000e-02  9.0389899000e-02
    2.9000000000e-01  9.0312587380e+00  7.0210360040e+00  8.0480871790e+00  1.3337624600e-01  5.7720092000e-02  9.3901603000e-02
    3.0000000000e-01  9.0400322640e+00  7.0248809760e+00  8.0543003670e+00  1.3850355800e-01  5.9849415000e-02  9.7444973000e-02
    3.1000000000e-01  9.0491360410e+00  7.0288652350e+00  8.0607434830e+00  1.4368869200e-01  6.1993620000e-02  1.0102143300e-01
    3.2000000000e-01  9.0585735810e+00  7.0329897180e+00  8.0674185730e+00  1.4893431100e-01  6.4153333000e-02  1.0463244700e-01
    3.3000000000e-01  9.0683485490e+00  7.0372554050e+00  8.0743277740e+00  1.5424316000e-01  6.6329198000e-02  1.0827952000e-01
    3.4000000000e-01  9.0784647710e+00  7.0416633110e+00  8.0814733080e+00  1.5961807800e-01  6.8521873000e-02  1.1196419900e-01
    3.5000000000e-01  9.0889262360e+00  7.0462144920e+00  8.0888574920e+00  1.6506199300e-01  7.0732030000e-02  1.1568807800e-01
    3.6000000000e-01  9.0997371020e+00  7.0509100470e+00  8.0964827350e+00  1.7057793800e-01  7.2960361000e-02  1.1945279700e-01
    3.7000000000e-01  9.1109016990e+00  7.0557511140e+00  8.1043515440e+00  1.7616904900e-01  7.5207576000e-02  1.2326004800e-01
    3.8000000000e-01  9.1224245370e+00  7.0607388760e+00  8.1124665240e+00  1.8183857600e-01  7.7474402000e-02  1.2711157600e-01
    3.9000000000e-01  9.1343103100e+00  7.0658745590e+00  8.1208303830e+00  1.8758988500e-01  7.9761586000e-02  1.3100918200e-01
    4.0000000000e-01  9.1465639010e+00  7.0711594340e+00  8.1294459350e+00  1.9342647100e-01  8.2069897000e-02  1.3495472700e-01
    4.1000000000e-01  9.1591903920e+00  7.0765948180e+00  8.1383160990e+00  1.9935195900e-01  8.4400126000e-02  1.3895013500e-01
    4.2000000000e-01  9.1721950650e+00  7.0821820760e+00  8.1474439090e+00  2.0537011500e-01  8.6753086000e-02  1.4299739600e-01
    4.3000000000e-01  9.1855834140e+00  7.0879226200e+00  8.1568325110e+00  2.1148485600e-01  8.9129616000e-02  1.4709856700e-01
    4.4000000000e-01  9.1993611480e+00  7.0938179140e+00  8.1664851700e+00  2.1770025400e-01  9.1530578000e-02  1.5125578400e-01
    4.5000000000e-01  9.2135342030e+00  7.0998694710e+00  8.1764052740e+00  2.2402055100e-01  9.3956862000e-02  1.5547125600e-01
    4.6000000000e-01  9.2281087440e+00  7.1060788580e+00  8.1865963350e+00  2.3045016300e-01  9.6409388000e-02  1.5974727700e-01
    4.7000000000e-01  9.2430911780e+00  7.1124476950e+00  8.1970619960e+00  2.3699369700e-01  9.8889104000e-02  1.6408622700e-01
    4.8000000000e-01  9.2584881620e+00  7.1189776590e+00  8.2078060350e+00  2.4365595600e-01  1.0139699000e-01  1.6849057800e-01
    4.9000000000e-01  9.2743066100e+00  7.1256704820e+00  8.2188323670e+00  2.5044195600e-01  1.0393405700e-01  1.7296289800e-01
    5.0000000000e-01  9.2905537050e+00  7.1325279580e+00  8.2301450510e+00  2.5735693800e-01  1.0650135400e-01  1.7750585900e-01
    5.1000000000e-01  9.3072369050e+00  7.1395519400e+00  8.2417482940e+00  2.6440637900e-01  1.0909996400e-01  1.8212224000e-01
    5.2000000000e-01  9.3243639610e+00  7.1467443420e+00  8.2536464580e+00  2.7159601000e-01  1.1173101100e-01  1.8681493700e-01
    5.3000000000e-01  9.3419429200e+00  7.1541071450e+00  8.2658440610e+00  2.7893183200e-01  1.1439565700e-01  1.9158696400e-01
    5.4000000000e-01  9.3599821400e+00  7.1616423950e+00  8.2783457880e+00  2.8642013000e-01  1.1709510900e-01  1.9644146800e-01
    5.5000000000e-01  9.3784903040e+00  7.1693522080e+00  8.2911564930e+00  2.9406749400e-01  1.1983061900e-01  2.0138173000e-01
    5.6000000000e-01  9.3974764290e+00  7.1772387700e+00  8.3042812070e+00  3.0188083900e-01  1.2260348500e-01  2.0641117400e-01
    5.7000000000e-01  9.4169498820e+00  7.1853043390e+00  8.3177251440e+00  3.0986742400e-01  1.2541505700e-01  2.1153338200e-01
    5.8000000000e-01  9.4369203910e+00  7.1935512500e+00  8.3314937070e+00  3.1803487500e-01  1.2826674000e-01  2.1675209500e-01
    5.9000000000e-01  9.4573980630e+00  7.2019819160e+00  8.3455924980e+00  3.2639121300e-01  1.3115999200e-01  2.2207122900e-01
    6.0000000000e-01  9.4783933990e+00  7.2105988300e+00  8.3600273210e+00  3.3494487500e-01  1.3409633200e-01  2.2749488200e-01
    6.1000000000e-01  9.4999173050e+00  7.2194045690e+00  8.3748041940e+00  3.4370474600e-01  1.3707734400e-01  2.3302734900e-01
    6.2000000000e-01  9.5219811150e+00  7.2284017960e+00  8.3899293530e+00  3.5268019000e-01  1.4010467700e-01  2.3867313300e-01
    6.3000000000e-01  9.5445966040e+00  7.2375932640e+00  8.4054092650e+00  3.6188108000e-01  1.4318005000e-01  2.4443695600e-01
    6.4000000000e-01  9.5677760080e+00  7.2469818190e+00  8.4212506340e+00  3.7131783900e-01  1.4630526000e-01  2.5032378000e-01
    6.5000000000e-01  9.5915320410e+00  7.2565703990e+00  8.4374604090e+00  3.8100147400e-01  1.4948218200e-01  2.5633881500e-01
    6.6000000000e-01  9.6158779180e+00  7.2663620470e+00  8.4540457980e+00  3.9094361900e-01  1.5271277500e-01  2.6248753900e-01
    6.7000000000e-01  9.6408273700e+00  7.2763599040e+00  8.4710142740e+00  4.0115658400e-01  1.5599909000e-01  2.6877571900e-01
    6.8000000000e-01  9.6663946700e+00  7.2865672200e+00  8.4883735870e+00  4.1165340000e-01  1.5934327100e-01  2.7520942500e-01
    6.9000000000e-01  9.6925946520e+00  7.2969873540e+00  8.5061317750e+00  4.2244787700e-01  1.6274756600e-01  2.8179505600e-01
    7.0000000000e-01  9.7194427350e+00  7.3076237800e+00  8.5242971760e+00  4.3355466100e-01  1.6621433000e-01  2.8853936100e-01
    7.1000000000e-01  9.7469549430e+00  7.3184800910e+00  8.5428784370e+00  4.4498929400e-01  1.6974603400e-01  2.9544946200e-01
    7.2000000000e-01  9.7751479310e+00  7.3295600020e+00  8.5618845290e+00  4.5676828900e-01  1.7334527200e-01  3.0253288300e-01
    7.3000000000e-01  9.8040390080e+00  7.3408673570e+00  8.5813247590e+00  4.6890920500e-01  1.7701476800e-01  3.0979758200e-01
    7.4000000000e-01  9.8336461620e+00  7.3524061290e+00  8.6012087800e+00  4.8143072600e-01  1.8075738800e-01  3.1725197500e-01
    7.5000000000e-01  9.8639880830e+00  7.3641804330e+00  8.6215466080e+00  4.9435275200e-01  1.8457614600e-01  3.2490497700e-01
    7.6000000000e-01  9.8950841890e+00  7.3761945210e+00  8.6423486330e+00  5.0769650300e-01  1.8847421900e-01  3.3276603900e-01
    7.7000000000e-01  9.9269546480e+00  7.3884527940e+00  8.6636256350e+00  5.2148462100e-01  1.9245495400e-01  3.4084518600e-01
    7.8000000000e-01  9.9596204010e+00  7.4009598080e+00  8.6853887950e+00  5.3574128900e-01  1.9652188000e-01  3.4915306200e-01
    7.9000000000e-01  9.9931031880e+00  7.4137202720e+00  8.7076497080e+00  5.5049236500e-01  2.0067872700e-01  3.5770098100e-01
    8.0000000000e-01  1.0027425564e+01  7.4267390630e+00  8.7304204030e+00  5.6576552100e-01  2.0492943500e-01  3.6650098000e-01
    8.1000000000e-01  1.0062610917e+01  7.4400212240e+00  8.7537133500e+00  5.8159040200e-01  2.0927817200e-01  3.7556587300e-01
    8.2000000000e-01  1.0098683489e+01  7.4535719730e+00  8.7775414740e+00  5.9799879500e-01  2.1372935000e-01  3.8490931900e-01
    8.3000000000e-01  1.0135668379e+01  7.4673967110e+00  8.8019181720e+00  6.1502482200e-01  2.1828764600e-01  3.9454589100e-01
    8.4000000000e-01  1.0173591557e+01  7.4815010210e+00  8.8268573170e+00  6.3270514600e-01  2.2295802100e-01  4.0449115000e-01
    8.5000000000e-01  1.0212479858e+01  7.4958906790e+00  8.8523732750e+00  6.5107920500e-01  2.2774574200e-01  4.1476173200e-01
    8.6000000000e-01  1.0252360974e+01  7.5105716590e+00  8.8784809090e+00  6.7018946000e-01  2.3265640800e-01  4.2537543700e-01
    8.7000000000e-01  1.0293263435e+01  7.5255501330e+00  8.9051955830e+00  6.9008168300e-01  2.3769597600e-01  4.3635133400e-01
    8.8000000000e-01  1.0335216580e+01  7.5408324830e+00  8.9325331690e+00  7.1080526000e-01  2.4287079000e-01  4.4770986600e-01
    8.9000000000e-01  1.0378250501e+01  7.5564252970e+00  8.9605100420e+00  7.3241353300e-01  2.4818761400e-01  4.5947298100e-01
    9.0000000000e-01  1.0422395980e+01  7.5723353780e+00  8.9891430730e+00  7.5496418400e-01  2.5365366600e-01  4.7166425700e-01
    9.1000000000e-01  1.0467684394e+01  7.5885697420e+00  9.0184496190e+00  7.7851964300e-01  2.5927666100e-01  4.8430905900e-01
    9.2000000000e-01  1.0514147588e+01  7.6051356210e+00  9.0484474960e+00  8.0314755800e-01  2.6506484600e-01  4.9743469500e-01
    9.3000000000e-01  1.0561817717e+01  7.6220404610e+00  9.0791549530e+00  8.2892129500e-01  2.7102705500e-01  5.1107060000e-01
    9.4000000000e-01  1.0610727037e+01  7.6392919180e+00  9.1105906250e+00  8.5592050800e-01  2.7717275600e-01  5.2524853200e-01
    9.5000000000e-01  1.0660907642e+01  7.6568978520e+00  9.1427734780e+00  8.8423174900e-01  2.8351210500e-01  5.4000278600e-01
    9.6000000000e-01  1.0712391131e+01  7.6748663160e+00  9.1757227280e+00  9.1394915300e-01  2.9005601600e-01  5.5537043600e-01
    9.7000000000e-01  1.0765208195e+01  7.6932055450e+00  9.2094577420e+00  9.4517518600e-01  2.9681622000e-01  5.7139159300e-01
    9.8000000000e-01  1.0819388100e+01  7.7119239360e+00  9.2439979140e+00  9.7802145300e-01  3.0380534700e-01  5.8810968800e-01
    9.9000000000e-01  1.0874958045e+01  7.7310300180e+00  9.2793625000e+00  1.0126095950e+00  3.1103700000e-01  6.0557178400e-01
    1.0000000000e+00  1.0931942377e+01  7.7505324240e+00  9.3155704190e+00  1.0490722460e+00  3.1852585300e-01  6.2382890700e-01
    1.0100000000e+00  1.0990361619e+01  7.7704398460e+00  9.3526400050e+00  1.0875540690e+00  3.2628773800e-01  6.4293640900e-01
    1.0200000000e+00  1.1050231285e+01  7.7907609760e+00  9.3905886950e+00  1.1282128550e+00  3.3433975600e-01  6.6295435500e-01
    1.0300000000e+00  1.1111560430e+01  7.8115044440e+00  9.4294326540e+00  1.1712206770e+00  3.4270038800e-01  6.8394792300e-01
    1.0400000000e+00  1.1174349889e+01  7.8326787240e+00  9.4691863160e+00  1.2167650850e+00  3.5138961400e-01  7.0598783300e-01
    1.0500000000e+00  1.1238590145e+01  7.8542920350e+00  9.5098618250e+00  1.2650502990e+00  3.6042904200e-01  7.2915077800e-01
    1.0600000000e+00  1.1304258755e+01  7.8763522050e+00  9.5514683700e+00  1.3162983650e+00  3.6984203800e-01  7.5351986000e-01
    1.0700000000e+00  1.1371317270e+01  7.8988665150e+00  9.5940113890e+00  1.3707502110e+00  3.7965386700e-01  7.7918500000e-01
    1.0800000000e+00  1.1439707550e+01  7.9218415050e+00  9.6374916280e+00  1.4286664970e+00  3.8989182200e-01  8.0624332500e-01
    1.0900000000e+00  1.1509347423e+01  7.9452827480e+00  9.6819040500e+00  1.4903281540e+00  4.0058536200e-01  8.3479947700e-01
    1.1000000000e+00  1.1580125589e+01  7.9691945760e+00  9.7272365650e+00  1.5560364220e+00  4.1176622800e-01  8.6496583700e-01
    1.1100000000e+00  1.1651895730e+01  7.9935797610e+00  9.7734685950e+00  1.6261121870e+00  4.2346854800e-01  8.9686260300e-01
    1.1200000000e+00  1.1724469792e+01  8.0184391510e+00  9.8205694680e+00  1.7008943300e+00  4.3572890000e-01  9.3061768600e-01
    1.1300000000e+00  1.1797610504e+01  8.0437712520e+00  9.8684966520e+00  1.7807367380e+00  4.4858634600e-01  9.6636637800e-01
    1.1400000000e+00  1.1871023238e+01  8.0695717640e+00  9.9171938660e+00  1.8660035830e+00  4.6208239300e-01  1.0042507250e+00
    1.1500000000e+00  1.1944347506e+01  8.0958330770e+00  9.9665891070e+00  1.9570624010e+00  4.7626089100e-01  1.0444185780e+00
    1.1600000000e+00  1.2017148528e+01  8.1225437470e+00  1.0016592640e+01  2.0542745030e+00  4.9116782800e-01  1.0870222680e+00
    1.1700000000e+00  1.2088909563e+01  8.1496879540e+00  1.0067095018e+01  2.1579822660e+00  5.0685102700e-01  1.1322168960e+00
    1.1800000000e+00  1.2159025960e+01  8.1772450000e+00  1.0117965188e+01  2.2684930170e+00  5.2335972800e-01  1.1801582030e+00
    1.1900000000e+00  1.2226802119e+01  8.2051888400e+00  1.0169048747e+01  2.3860594510e+00  5.4074406100e-01  1.2310000380e+00
    1.2000000000e+00  1.2291452842e+01  8.2334877110e+00  1.0220166388e+01  2.5108569480e+00  5.5905442500e-01  1.2848914090e+00
    1.2100000000e+00  1.2352110540e+01  8.2621038630e+00  1.0271112579e+01  2.6429587300e+00  5.7834080400e-01  1.3419731000e+00
    1.2200000000e+00  1.2407839717e+01  8.2909934070e+00  1.0321654533e+01  2.7823104770e+00  5.9865205700e-01  1.4023738240e+00
    1.2300000000e+00  1.2457659580e+01  8.3201062700e+00  1.0371531531e+01  2.9287067420e+00  6.2003523500e-01  1.4662058610e+00
    1.2400000000e+00  1.2500574889e+01  8.3493862100e+00  1.0420454734e+01  3.0817720850e+00  6.4253495600e-01  1.5335600850e+00
    1.2500000000e+00  1.2535613901e+01  8.3787708370e+00  1.0468107665e+01  3.2409500490e+00  6.6619286200e-01  1.6045003370e+00
    1.2600000000e+00  1.2561871010e+01  8.4081915540e+00  1.0514147665e+01  3.4055028870e+00  6.9104711400e-01  1.6790570910e+00
    1.2700000000e+00  1.2578550353e+01  8.4375733580e+00  1.0558208679e+01  3.5745240080e+00  7.1713188300e-01  1.7572204920e+00
    1.2800000000e+00  1.2585005792e+01  8.4668344600e+00  1.0599905857e+01  3.7469636270e+00  7.4447668400e-01  1.8389329660e+00
    1.2900000000e+00  1.2580772450e+01  8.4958857460e+00  1.0638842438e+01  3.9216661880e+00  7.7310542200e-01  1.9240818800e+00
    1.3000000000e+00  1.2565585676e+01  8.5246301830e+00  1.0674619299e+01  4.0974160540e+00  8.0303496500e-01  2.0124929810e+00
    1.3100000000e+00  1.2539384996e+01  8.5529624050e+00  1.0706847292e+01  4.2729863400e+00  8.3427309200e-01  2.1039256670e+00
    1.3200000000e+00  1.2502303052e+01  8.5807687690e+00  1.0735162055e+01  4.4471849270e+00  8.6681578300e-01  2.1980712870e+00
    1.3300000000e+00  1.2454642242e+01  8.6079283000e+00  1.0759240420e+01  4.6188923180e+00  9.0064392400e-01  2.2945557030e+00
    1.3400000000e+00  1.2396843915e+01  8.6343148840e+00  1.0778816918e+01  4.7870878950e+00  9.3571975400e-01  2.3929470180e+00
    1.3500000000e+00  1.2329455745e+01  8.6598009850e+00  1.0793698413e+01  4.9508640910e+00  9.7198357100e-01  2.4927687730e+00
    1.3600000000e+00  1.2253101880e+01  8.6842628920e+00  1.0803774672e+01  5.1094307010e+00  1.0093513680e+00  2.5935180610e+00
    1.3700000000e+00  1.2168458056e+01  8.7075871730e+00  1.0809022890e+01  5.2621132340e+00  1.0477141300e+00  2.6946870040e+00
    1.3800000000e+00  1.2076231129e+01  8.7296776670e+00  1.0809504904e+01  5.4083488810e+00  1.0869393260e+00  2.7957851580e+00
    1.3900000000e+00  1.1977140641e+01  8.7504621100e+00  1.0805356922e+01  5.5476817970e+00  1.1268748300e+00  2.8963598820e+00
    1.4000000000e+00  1.1871900055e+01  8.7698973990e+00  1.0796772984e+01  5.6797568110e+00  1.1673550490e+00  2.9960117630e+00
    1.4100000000e+00  1.1761197084e+01  8.7879727110e+00  1.0783984564e+01  5.8043088100e+00  1.2082086270e+00  3.0944029110e+00
    1.4200000000e+00  1.1645675267e+01  8.8047100050e+00  1.0767239525e+01  5.9211449450e+00  1.2492667810e+00  3.1912572270e+00
    1.4300000000e+00  1.1525921248e+01  8.8201619140e+00  1.0746783679e+01  6.0301186200e+00  1.2903712490e+00  3.2863532100e+00
    1.4400000000e+00  1.1402462941e+01  8.8344074430e+00  1.0722847544e+01  6.1310973480e+00  1.3313809660e+00  3.3795112380e+00
    1.4500000000e+00  1.1275782392e+01  8.8475461740e+00  1.0695639722e+01  6.2239298180e+00  1.3721768560e+00  3.4705780320e+00
    1.4600000000e+00  1.1146344039e+01  8.8596918080e+00  1.0665347025e+01  6.3084195090e+00  1.4126645260e+00  3.5594111410e+00
    1.4700000000e+00  1.1014635041e+01  8.8709658020e+00  1.0632140393e+01  6.3843123320e+00  1.4527749690e+00  3.6458658690e+00
    1.4800000000e+00  1.0881210753e+01  8.8814916730e+00  1.0596184969e+01  6.4513036740e+00  1.4924636390e+00  3.7297863090e+00
    1.4900000000e+00  1.0746736179e+01  8.8913902830e+00  1.0557652439e+01  6.5090664780e+00  1.5317083850e+00  3.8110013830e+00
    1.5000000000e+00  1.0612014142e+01  8.9007761970e+00  1.0516733721e+01  6.5572975670e+00  1.5705066910e+00  3.8893260640e+00
    1.5100000000e+00  1.0477992884e+01  8.9097550350e+00  1.0473650256e+01  6.5957753910e+00  1.6088725770e+00  3.9645673950e+00
    1.5200000000e+00  1.0345749465e+01  8.9184217130e+00  1.0428662438e+01  6.6244196860e+00  1.6468333660e+00  4.0365344250e+00
    1.5300000000e+00  1.0216449742e+01  8.9268594690e+00  1.0382074082e+01  6.6433427820e+00  1.6844264310e+00  4.1050507660e+00
    1.5400000000e+00  1.0091290077e+01  8.9351396830e+00  1.0334232344e+01  6.6528834500e+00  1.7216960110e+00  4.1699681900e+00
    1.5500000000e+00  9.9714293970e+00  8.9433225030e+00  1.0285523175e+01  6.6536172480e+00  1.7586902440e+00  4.2311795540e+00
    1.5600000000e+00  9.8579220490e+00  8.9514582860e+00  1.0236363048e+01  6.6463415740e+00  1.7954586510e+00  4.2886295270e+00
    1.5700000000e+00  9.7516616140e+00  8.9595897770e+00  1.0187188346e+01  6.6320385100e+00  1.8320503710e+00  4.3423221050e+00
    1.5800000000e+00  9.6533431640e+00  8.9677547610e+00  1.0138444031e+01  6.6118226870e+00  1.8685134850e+00  4.3923247480e+00
    1.5900000000e+00  9.5634471260e+00  8.9759887450e+00  1.0090573013e+01  6.5868837400e+00  1.9048956670e+00  4.4387698700e+00
    1.6000000000e+00  9.4822429990e+00  8.9843270920e+00  1.0044006784e+01  6.5584327510e+00  1.9412462410e+00  4.4818551120e+00
    1.6100000000e+00  9.4098072370e+00  8.9928058940e+00  9.9991567720e+00  6.5276594230e+00  1.9776193910e+00  4.5218438250e+00
    1.6200000000e+00  9.3460477960e+00  9.0014610240e+00  9.9564048120e+00  6.4957025970e+00  2.0140779610e+00  4.5590664500e+00
    1.6300000000e+00  9.2907285580e+00  9.0103250460e+00  9.9160907630e+00  6.4636325990e+00  2.0506969210e+00  4.5939220380e+00
    1.6400000000e+00  9.2434895080e+00  9.0194221650e+00  9.8784960020e+00  6.4324411510e+00  2.0875654600e+00  4.6268776330e+00
    1.6500000000e+00  9.2038619390e+00  9.0287619250e+00  9.8438231710e+00  6.4030339190e+00  2.1247867740e+00  4.6584623130e+00
    1.6600000000e+00  9.1712807630e+00  9.0383327720e+00  9.8121747290e+00  6.3762221530e+00  2.1624750510e+00  4.6892529520e+00
    1.6700000000e+00  9.1450972190e+00  9.0480967770e+00  9.7835346370e+00  6.3527123070e+00  2.2007497160e+00  4.7198503920e+00
    1.6800000000e+00  9.1245948190e+00  9.0579866240e+00  9.7577581440e+00  6.3330949440e+00  2.2397276340e+00  4.7508473730e+00
    1.6900000000e+00  9.1090096560e+00  9.0679055170e+00  9.7345735160e+00  6.3178356630e+00  2.2795143770e+00  4.7827922300e+00
    1.7000000000e+00  9.0975542350e+00  9.0777300890e+00  9.7135971000e+00  6.3072708510e+00  2.3201957690e+00  4.8161541320e+00
    1.7100000000e+00  9.0894424910e+00  9.0873158750e+00  9.6943598680e+00  6.3016100320e+00  2.3618307450e+00  4.8512956880e+00
    1.7200000000e+00  9.0839131600e+00  9.0965046350e+00  9.6763409560e+00  6.3009450770e+00  2.4044462260e+00  4.8884569610e+00
    1.7300000000e+00  9.0802489480e+00  9.1051327250e+00  9.6590024190e+00  6.3052651720e+00  2.4480343030e+00  4.9277520500e+00
    1.7400000000e+00  9.0777898380e+00  9.1130398060e+00  9.6418200770e+00  6.3144755400e+00  2.4925517930e+00  4.9691763510e+00
    1.7500000000e+00  9.0759398250e+00  9.1200772870e+00  9.6243073830e+00  6.3284176130e+00  2.5379220710e+00  5.0126206110e+00
    1.7600000000e+00  9.0741672360e+00  9.1261159670e+00  9.6060319800e+00  6.3468883630e+00  2.5840389950e+00  5.0578874970e+00
    1.7700000000e+00  9.0719995060e+00  9.1310523700e+00  9.5866267320e+00  6.3696568340e+00  2.6307726670e+00  5.1047076210e+00
    1.7800000000e+00  9.0690137620e+00  9.1348133060e+00  9.5657979110e+00  6.3964762780e+00  2.6779766590e+00  5.1527539990e+00
    1.7900000000e+00  9.0648250110e+00  9.1373582580e+00  9.5433326140e+00  6.4270907890e+00  2.7254961580e+00  5.2016558550e+00
    1.8000000000e+00  9.0590740500e+00  9.1386793430e+00  9.5191059580e+00  6.4612358760e+00  2.7731763120e+00  5.2510136100e+00
    1.8100000000e+00  9.0514174690e+00  9.1387988960e+00  9.4930869990e+00  6.4986331390e+00  2.8208699720e+00  5.3004166380e+00
    1.8200000000e+00  9.0415221040e+00  9.1377650600e+00  9.4653413210e+00  6.5389801320e+00  2.8684439990e+00  5.3494642390e+00
    1.8300000000e+00  9.0290659150e+00  9.1356461290e+00  9.4360281790e+00  6.5819375380e+00  2.9157835810e+00  5.3977888340e+00
    1.8400000000e+00  9.0137462470e+00  9.1325245660e+00  9.4053907630e+00  6.6271166370e+00  2.9627943970e+00  5.4450792700e+00
    1.8500000000e+00  8.9952950350e+00  9.1284915590e+00  9.3737392830e+00  6.6740704070e+00  3.0094029630e+00  5.4911014950e+00
    1.8600000000e+00  8.9734989850e+00  9.1236425940e+00  9.3414278110e+00  6.7222911690e+00  3.0555558450e+00  5.5357138410e+00
    1.8700000000e+00  8.9482216430e+00  9.1180740280e+00  9.3088269900e+00  6.7712164720e+00  3.1012184470e+00  5.5788746200e+00
    1.8800000000e+00  8.9194239100e+00  9.1118803210e+00  9.2762956660e+00  6.8202434440e+00  3.1463738590e+00  5.6206407310e+00
    1.8900000000e+00  8.8871799960e+00  9.1051514010e+00  9.2441549490e+00  6.8687504060e+00  3.1910218280e+00  5.6611573950e+00
    1.9000000000e+00  8.8516866270e+00  9.0979698580e+00  9.2126679200e+00  6.9161236740e+00  3.2351775980e+00  5.7006407790e+00
    1.9100000000e+00  8.8132643170e+00  9.0904078730e+00  9.1820269770e+00  6.9617871340e+00  3.2788702130e+00  5.7393566200e+00
    1.9200000000e+00  8.7723502180e+00  9.0825241450e+00  9.1523489460e+00  7.0052320790e+00  3.3221398730e+00  5.7775984220e+00
    1.9300000000e+00  8.7294827540e+00  9.0743612920e+00  9.1236763010e+00  7.0460448320e+00  3.3650341210e+00  5.8156680470e+00
    1.9400000000e+00  8.6852789570e+00  9.0659443910e+00  9.0959819100e+00  7.0839297210e+00  3.4076029270e+00  5.8538598820e+00
    1.9500000000e+00  8.6404061880e+00  9.0572813160e+00  9.0691750970e+00  7.1187253260e+00  3.4498931350e+00  5.8924479890e+00
    1.9600000000e+00  8.5955507520e+00  9.0483652450e+00  9.0431081780e+00  7.1504125890e+00  3.4919432090e+00  5.9316746850e+00
    1.9700000000e+00  8.5513861670e+00  9.0391791380e+00  9.0175841970e+00  7.1791145340e+00  3.5337793960e+00  5.9717392860e+00
    1.9800000000e+00  8.5085436250e+00  9.0297012330e+00  8.9923674230e+00  7.2050884460e+00  3.5754142800e+00  6.0127870390e+00
    1.9900000000e+00  8.4675863550e+00  9.0199101210e+00  8.9671978530e+00  7.2287121760e+00  3.6168479980e+00  6.0548998150e+00
    2.0000000000e+00  8.4289885540e+00  9.0097878990e+00  8.9418095490e+00  7.2504664120e+00  3.6580714160e+00  6.0980910560e+00
    2.0100000000e+00  8.3931187650e+00  8.9993205750e+00  8.9159508730e+00  7.2709143550e+00  3.6990697200e+00  6.1423072250e+00
    2.0200000000e+00  8.3602273060e+00  8.9884960060e+00  8.8894034280e+00  7.2906795700e+00  3.7398245320e+00  6.1874366270e+00
    2.0300000000e+00  8.3304375530e+00  8.9773008160e+00  8.8619962830e+00  7.3104222370e+00  3.7803130930e+00  6.2333244960e+00
    2.0400000000e+00  8.3037414200e+00  8.9657185130e+00  8.8336131650e+00  7.3308139000e+00  3.8205042000e+00  6.2797915270e+00
    2.0500000000e+00  8.2799997640e+00  8.9537309450e+00  8.8041920930e+00  7.3525111650e+00  3.8603519720e+00  6.3266522320e+00
    2.0600000000e+00  8.2589484990e+00  8.9413243880e+00  8.7737188700e+00  7.3761294010e+00  3.8997897530e+00  6.3737299000e+00
    2.0700000000e+00  8.2402107990e+00  8.9285000290e+00  8.7422171820e+00  7.4022180990e+00  3.9387270040e+00  6.4208662240e+00
    2.0800000000e+00  8.2233150200e+00  8.9152870310e+00  8.7097384180e+00  7.4312398450e+00  3.9770516720e+00  6.4679254290e+00
    2.0900000000e+00  8.2077170630e+00  8.9017550850e+00  8.6763537740e+00  7.4635547300e+00  4.0146392880e+00  6.5147943190e+00
    2.1000000000e+00  8.1928251240e+00  8.8880229690e+00  8.6421499270e+00  7.4994114190e+00  4.0513682650e+00  6.5613807220e+00
    2.1100000000e+00  8.1780243720e+00  8.8742602490e+00  8.6072278750e+00  7.5389450990e+00  4.0871390910e+00  6.6076129800e+00
    2.1200000000e+00  8.1626991920e+00  8.8606807490e+00  8.5717030600e+00  7.5821814350e+00  4.1218938960e+00  6.6534424180e+00
    2.1300000000e+00  8.1462513090e+00  8.8475282930e+00  8.5357039370e+00  7.6290446910e+00  4.1556326380e+00  6.6988490880e+00
    2.1400000000e+00  8.1281131970e+00  8.8350569430e+00  8.4993664540e+00  7.6793676160e+00  4.1884229310e+00  6.7438491940e+00
    2.1500000000e+00  8.1077574500e+00  8.8235089380e+00  8.4628232990e+00  7.7329007930e+00  4.2204019460e+00  6.7885010510e+00
    2.1600000000e+00  8.0847039320e+00  8.8130936670e+00  8.4261890720e+00  7.7893198600e+00  4.2517704910e+00  6.8329060930e+00
    2.1700000000e+00  8.0585271100e+00  8.8039704230e+00  8.3895446290e+00  7.8482303440e+00  4.2827806300e+00  6.8772026070e+00
    2.1800000000e+00  8.0288658170e+00  8.7962366490e+00  8.3529249210e+00  7.9091713380e+00  4.3137190610e+00  6.9215522270e+00
    2.1900000000e+00  7.9954366650e+00  8.7899222790e+00  8.3163140820e+00  7.9716205830e+00  4.3448886400e+00  6.9661218560e+00
    2.2000000000e+00  7.9580505810e+00  8.7849898650e+00  8.2796493360e+00  8.0350040870e+00  4.3765902330e+00  7.0110655270e+00
    2.2100000000e+00  7.9166300240e+00  8.7813394800e+00  8.2428324570e+00  8.0987129840e+00  4.4091065170e+00  7.0565109600e+00
    2.2200000000e+00  7.8712228890e+00  8.7788171140e+00  8.2057449910e+00  8.1621287320e+00  4.4426887050e+00  7.1025540080e+00
    2.2300000000e+00  7.8220086140e+00  8.7772253070e+00  8.1682622970e+00  8.2246554380e+00  4.4775465610e+00  7.1492614820e+00
    2.2400000000e+00  7.7692929100e+00  8.7763349650e+00  8.1302621470e+00  8.2857556270e+00  4.5138416700e+00  7.1966799540e+00
    2.2500000000e+00  7.7134897550e+00  8.7758976440e+00  8.0916258480e+00  8.3449841130e+00  4.5516837300e+00  7.2448462170e+00
    2.2600000000e+00  7.6550922410e+00  8.7756577880e+00  8.0522326680e+00  8.4020144220e+00  4.5911296620e+00  7.2937948830e+00
    2.2700000000e+00  7.5946364830e+00  8.7753644720e+00  8.0119507190e+00  8.4566536900e+00  4.6321854360e+00  7.3435600110e+00
    2.2800000000e+00  7.5326641330e+00  8.7747820940e+00  7.9706284050e+00  8.5088446970e+00  4.6748104850e+00  7.3941701170e+00
    2.2900000000e+00  7.4696886660e+00  8.7736993710e+00  7.9280899180e+00  8.5586565370e+00  4.7189244550e+00  7.4456382990e+00
    2.3000000000e+00  7.4061687710e+00  8.7719360050e+00  7.8841364780e+00  8.6062674710e+00  4.7644157500e+00  7.4979505860e+00
    2.3100000000e+00  7.3424897440e+00  8.7693465770e+00  7.8385529970e+00  8.6519440790e+00  4.8111510700e+00  7.5510556720e+00
    2.3200000000e+00  7.2789517910e+00  8.7658215560e+00  7.7911183520e+00  8.6960199120e+00  4.8589849740e+00  7.6048581570e+00
    2.3300000000e+00  7.2157631970e+00  8.7612856960e+00  7.7416171020e+00  8.7388752930e+00  4.9077685320e+00  7.6592158690e+00
    2.3400000000e+00  7.1530365930e+00  8.7556944670e+00  7.6898509470e+00  8.7809183600e+00  4.9573562660e+00  7.7139407160e+00
    2.3500000000e+00  7.0907874830e+00  8.7490294320e+00  7.6356492750e+00  8.8225666190e+00  5.0076109820e+00  7.7688020740e+00
    2.3600000000e+00  7.0289352880e+00  8.7412935790e+00  7.5788788830e+00  8.8642284330e+00  5.0584064860e+00  7.8235320560e+00
    2.3700000000e+00  6.9673076700e+00  8.7325074610e+00  7.5194531780e+00  8.9062845650e+00  5.1096287300e+00  7.8778327990e+00
    2.3800000000e+00  6.9056486930e+00  8.7227066140e+00  7.4573406680e+00  8.9490707950e+00  5.1611762890e+00  7.9313864820e+00
    2.3900000000e+00  6.8436305950e+00  8.7119400660e+00  7.3925715860e+00  8.9928630490e+00  5.2129611730e+00  7.9838688590e+00
    2.4000000000e+00  6.7808679740e+00  8.7002691470e+00  7.3252406400e+00  9.0378661870e+00  5.2649106920e+00  8.0349663490e+00
    2.4100000000e+00  6.7169327260e+00  8.6877654550e+00  7.2555035730e+00  9.0842067290e+00  5.3169704170e+00  8.0843953510e+00
    2.4200000000e+00  6.6513682730e+00  8.6745069820e+00  7.1835658790e+00  9.1319286900e+00  5.3691074320e+00  8.1319209230e+00
    2.4300000000e+00  6.5837025890e+00  8.6605720760e+00  7.1096636770e+00  9.1809910850e+00  5.4213124880e+00  8.1773709340e+00
    2.4400000000e+00  6.5134607650e+00  8.6460319240e+00  7.0340389210e+00  9.2312658190e+00  5.4735996080e+00  8.2206418240e+00
    2.4500000000e+00  6.4401786670e+00  8.6309431100e+00  6.9569131270e+00  9.2825358250e+00  5.5260022440e+00  8.2616934750e+00
    2.4600000000e+00  6.3634189620e+00  8.6153421700e+00  6.8784648140e+00  9.3344948320e+00  5.5785661880e+00  8.3005330060e+00
    2.4700000000e+00  6.2827893700e+00  8.5992437840e+00  6.7988154690e+00  9.3867511950e+00  5.6313405160e+00  8.3371899500e+00
    2.4800000000e+00  6.1979609270e+00  8.5826432680e+00  6.7180271940e+00  9.4388379610e+00  5.6843686420e+00  8.3716872710e+00
    2.4900000000e+00  6.1086825030e+00  8.5655228330e+00  6.6361127590e+00  9.4902295360e+00  5.7376816330e+00  8.4040136030e+00
    2.5000000000e+00  6.0147877670e+00  8.5478599930e+00  6.5530563820e+00  9.5403626100e+00  5.7912953230e+00  8.4341017130e+00
    2.5100000000e+00  5.9161927080e+00  8.5296360020e+00  6.4688416990e+00  9.5886566000e+00  5.8452116740e+00  8.4618168480e+00
    2.5200000000e+00  5.8128851060e+00  8.5108423570e+00  6.3834824650e+00  9.6345281110e+00  5.8994236740e+00  8.4869567070e+00
    2.5300000000e+00  5.7049106480e+00  8.4914841960e+00  6.2970514120e+00  9.6773953640e+00  5.9539222900e+00  8.5092629090e+00
    2.5400000000e+00  5.5923623970e+00  8.4715803360e+00  6.2097034450e+00  9.7166719370e+00  6.0087038010e+00  8.5284421350e+00
    2.5500000000e+00  5.4753798990e+00  8.4511605000e+00  6.1216904890e+00  9.7517532640e+00  6.0637761900e+00  8.5441941100e+00
    2.5600000000e+00  5.3541614410e+00  8.4302605610e+00  6.0333666940e+00  9.7820026490e+00  6.1191638390e+00  8.5562431150e+00
    2.5700000000e+00  5.2289887100e+00  8.4089166010e+00  5.9451838240e+00  9.8067447060e+00  6.1749102550e+00  8.5643699110e+00
    2.5800000000e+00  5.1002588980e+00  8.3871584100e+00  5.8576775110e+00  9.8252727760e+00  6.2310786860e+00  8.5684413970e+00
    2.5900000000e+00  4.9685164370e+00  8.3650030180e+00  5.7714454450e+00  9.8368734790e+00  6.2877505250e+00  8.5684358030e+00
    2.6000000000e+00  4.8344760620e+00  8.3424490250e+00  5.6871189010e+00  9.8408672590e+00  6.3450214540e+00  8.5644615000e+00
    2.6100000000e+00  4.6990304940e+00  8.3194727450e+00  5.6053293910e+00  9.8366601280e+00  6.4029956120e+00  8.5567677450e+00
    2.6200000000e+00  4.5632390450e+00  8.2960270750e+00  5.5266728200e+00  9.8237995470e+00  6.4617786890e+00  8.5457460760e+00
    2.6300000000e+00  4.4282966820e+00  8.2720435690e+00  5.4516740200e+00  9.8020269420e+00  6.5214714310e+00  8.5319218470e+00
    2.6400000000e+00  4.2954858380e+00  8.2474372720e+00  5.3807546390e+00  9.7713201150e+00  6.5821653010e+00  8.5159364790e+00
    2.6500000000e+00  4.1661151010e+00  8.2221128380e+00  5.3142068950e+00  9.7319202680e+00  6.6439417310e+00  8.4985220950e+00
    2.6600000000e+00  4.0414501900e+00  8.1959697140e+00  5.2521747610e+00  9.6843399440e+00  6.7068754340e+00  8.4804708400e+00
    2.6700000000e+00  3.9226435240e+00  8.1689040210e+00  5.1946431250e+00  9.6293498520e+00  6.7710409130e+00  8.4626012400e+00
    2.6800000000e+00  3.8106693350e+00  8.1408054370e+00  5.1414348110e+00  9.5679445360e+00  6.8365200390e+00  8.4457235860e+00
    2.6900000000e+00  3.7062713540e+00  8.1115487050e+00  5.0922150560e+00  9.5012892380e+00  6.9034077680e+00  8.4306058790e+00
    2.7000000000e+00  3.6099292400e+00  8.0809809950e+00  5.0465029920e+00  9.4306529860e+00  6.9718130520e+00  8.4179416340e+00
    2.7100000000e+00  3.5218477610e+00  8.0489078510e+00  5.0036896810e+00  9.3573352990e+00  7.0418529450e+00  8.4083208080e+00
    2.7200000000e+00  3.4419694700e+00  8.0150812700e+00  4.9630620000e+00  9.2825952180e+00  7.1136394410e+00  8.4022051070e+00
    2.7300000000e+00  3.3700079050e+00  7.9791933360e+00  4.9238314400e+00  9.2075910640e+00  7.1872605340e+00  8.3999089150e+00
    2.7400000000e+00  3.3054950870e+00  7.9408777020e+00  4.8851665770e+00  9.1333371470e+00  7.2627584720e+00  8.4015868490e+00
    2.7500000000e+00  3.2478352680e+00  7.8997194070e+00  4.8462277450e+00  9.0606803050e+00  7.3401089270e+00  8.4072287630e+00
    2.7600000000e+00  3.1963569640e+00  7.8552717360e+00  4.8062022300e+00  8.9902953030e+00  7.4192044160e+00  8.4166627620e+00
    2.7700000000e+00  3.1503571110e+00  7.8070775430e+00  4.7643380240e+00  8.9226951770e+00  7.4998440780e+00  8.4295664380e+00
    2.7800000000e+00  3.1091339130e+00  7.7546921600e+00  4.7199739090e+00  8.8582509260e+00  7.5817304070e+00  8.4454860220e+00
    2.7900000000e+00  3.0720077820e+00  7.6977054880e+00  4.6725636350e+00  8.7972149310e+00  7.6644722320e+00  8.4638623520e+00
    2.8000000000e+00  3.0383318590e+00  7.6357617990e+00  4.6216923020e+00  8.7397434910e+00  7.7475926600e+00  8.4840616670e+00
    2.8100000000e+00  3.0074948710e+00  7.5685765860e+00  4.5670838970e+00  8.6859153880e+00  7.8305406340e+00  8.5054086050e+00
    2.8200000000e+00  2.9789194790e+00  7.4959503130e+00  4.5086000380e+00  8.6357449520e+00  7.9127051020e+00  8.5272185690e+00
    2.8300000000e+00  2.9520591970e+00  7.4177790380e+00  4.4462310010e+00  8.5891894330e+00  7.9934310920e+00  8.5488270300e+00
    2.8400000000e+00  2.9263965250e+00  7.3340619280e+00  4.3800807220e+00  8.5461515990e+00  8.0720371100e+00  8.5696141230e+00
    2.8500000000e+00  2.9014441620e+00  7.2449057240e+00  4.3103475090e+00  8.5064793680e+00  8.1478334200e+00  8.5890236570e+00
    2.8600000000e+00  2.8767501560e+00  7.1505262500e+00  4.2373020430e+00  8.4699648060e+00  8.2201408280e+00  8.6065761560e+00
    2.8700000000e+00  2.8519066470e+00  7.0512470520e+00  4.1612640070e+00  8.4363448730e+00  8.2883098600e+00  8.6218756540e+00
    2.8800000000e+00  2.8265607810e+00  6.9474949540e+00  4.0825788810e+00  8.4053057970e+00  8.3517403140e+00  8.6346100120e+00
    2.8900000000e+00  2.8004257440e+00  6.8397919230e+00  4.0015967760e+00  8.3764919820e+00  8.4099010950e+00  8.6445448400e+00
    2.9000000000e+00  2.7732897020e+00  6.7287423060e+00  3.9186554470e+00  8.3495193390e+00  8.4623497170e+00  8.6515118970e+00
    2.9100000000e+00  2.7450207690e+00  6.6150145150e+00  3.8340692930e+00  8.3239919690e+00  8.5087500630e+00  8.6553939000e+00
    2.9200000000e+00  2.7155667570e+00  6.4993168590e+00  3.7481251070e+00  8.2995204780e+00  8.5488861610e+00  8.6561085150e+00
    2.9300000000e+00  2.6849492030e+00  6.3823684170e+00  3.6610838800e+00  8.2757398320e+00  8.5826692670e+00  8.6535944080e+00
    2.9400000000e+00  2.6532520350e+00  6.2648673070e+00  3.5731866070e+00  8.2523245650e+00  8.6101358190e+00  8.6478014260e+00
    2.9500000000e+00  2.6206060990e+00  6.1474600150e+00  3.4846614230e+00  8.2289993210e+00  8.6314349620e+00  8.6386855790e+00
    2.9600000000e+00  2.5871716450e+00  6.0307160370e+00  3.3957296550e+00  8.2055433160e+00  8.6468061090e+00  8.6262079460e+00
    2.9700000000e+00  2.5531214380e+00  5.9151117510e+00  3.3066095340e+00  8.1817882570e+00  8.6565490340e+00  8.6103356530e+00
    2.9800000000e+00  2.5186272710e+00  5.8010260310e+00  3.2175176480e+00  8.1576106000e+00  8.6609906040e+00  8.5910429580e+00
    2.9900000000e+00  2.4838520460e+00  5.6887481120e+00  3.1286693050e+00  8.1329202970e+00  8.6604531390e+00  8.5683112060e+00
    3.0000000000e+00  2.4489482470e+00  5.5784959740e+00  3.0402793360e+00  8.1076491330e+00  8.6552290620e+00  8.5421275160e+00
    3.0100000000e+00  2.4140619710e+00  5.4704417220e+00  2.9525644520e+00  8.0817417220e+00  8.6455652900e+00  8.5124831300e+00
    3.0200000000e+00  2.3793402350e+00  5.3647394990e+00  2.8657473720e+00  8.0551513980e+00  8.6316589560e+00  8.4793728320e+00
    3.0300000000e+00  2.3449385380e+00  5.2615514370e+00  2.7800619860e+00  8.0278416530e+00  8.6136640730e+00  8.4427967300e+00
    3.0400000000e+00  2.3110259240e+00  5.1610679090e+00  2.6957580960e+00  7.9997922210e+00  8.5917071670e+00  8.4027650760e+00
    3.0500000000e+00  2.2777857720e+00  5.0635195350e+00  2.6131040670e+00  7.9710077150e+00  8.5659088630e+00  8.3593058530e+00
    3.0600000000e+00  2.2454118770e+00  4.9691797050e+00  2.5323859990e+00  7.9415263960e+00  8.5364078700e+00  8.3124739750e+00
    3.0700000000e+00  2.2141005570e+00  4.8783577400e+00  2.4539027800e+00  7.9114269590e+00  8.5033837800e+00  8.2623603080e+00
    3.0800000000e+00  2.1840402580e+00  4.7913840470e+00  2.3779574210e+00  7.8808320130e+00  8.4670754920e+00  8.2090985310e+00
    3.0900000000e+00  2.1554003420e+00  4.7085896480e+00  2.3048460130e+00  7.8499078340e+00  8.4277928570e+00  8.1528683550e+00
    3.1000000000e+00  2.1283204840e+00  4.6302830550e+00  2.2348462560e+00  7.8188607500e+00  8.3859203600e+00  8.0938944690e+00
    3.1100000000e+00  2.1029016060e+00  4.5567275160e+00  2.1682074640e+00  7.7879309660e+00  8.3419128570e+00  8.0324417240e+00
    3.1200000000e+00  2.0791986620e+00  4.4881211010e+00  2.1051433460e+00  7.7573847170e+00  8.2962844800e+00  7.9688078840e+00
    3.1300000000e+00  2.0572151660e+00  4.4245813430e+00  2.0458278760e+00  7.7275054070e+00  8.2495923810e+00  7.9033156670e+00
    3.1400000000e+00  2.0368992210e+00  4.3661353480e+00  1.9903936220e+00  7.6985839860e+00  8.2024171630e+00  7.8363054870e+00
    3.1500000000e+00  2.0181409320e+00  4.3127157360e+00  1.9389313360e+00  7.6709085360e+00  8.1553417910e+00  7.7681296240e+00
    3.1600000000e+00  2.0007714030e+00  4.2641623260e+00  1.8914895220e+00  7.6447529200e+00  8.1089306230e+00  7.6991476410e+00
    3.1700000000e+00  1.9845637530e+00  4.2202291300e+00  1.8480731740e+00  7.6203644800e+00  8.0637101470e+00  7.6297221560e+00
    3.1800000000e+00  1.9692367830e+00  4.1805957390e+00  1.8086416330e+00  7.5979510730e+00  8.0201527800e+00  7.5602137450e+00
    3.1900000000e+00  1.9544618470e+00  4.1448818170e+00  1.7731063620e+00  7.5776680400e+00  7.9786647230e+00  7.4909738910e+00
    3.2000000000e+00  1.9398733280e+00  4.1126631830e+00  1.7413300880e+00  7.5596060460e+00  7.9395783190e+00  7.4223355660e+00
    3.2100000000e+00  1.9250828070e+00  4.0834879690e+00  1.7131289140e+00  7.5437809470e+00  7.9031487350e+00  7.3546019540e+00
    3.2200000000e+00  1.9096965850e+00  4.0568917370e+00  1.6882786600e+00  7.5301269970e+00  7.8695542530e+00  7.2880347970e+00
    3.2300000000e+00  1.8933357120e+00  4.0324109430e+00  1.6665257360e+00  7.5184946690e+00  7.8388992220e+00  7.2228444310e+00
    3.2400000000e+00  1.8756571450e+00  4.0095946800e+00  1.6476017710e+00  7.5086541610e+00  7.8112188260e+00  7.1591836700e+00
    3.2500000000e+00  1.8563741650e+00  3.9880149650e+00  1.6312401580e+00  7.5003051630e+00  7.7864851870e+00  7.0971470980e+00
    3.2600000000e+00  1.8352738740e+00  3.9672757680e+00  1.6171920920e+00  7.4930927940e+00  7.7646147620e+00  7.0367763280e+00
    3.2700000000e+00  1.8122295880e+00  3.9470206460e+00  1.6052396200e+00  7.4866286930e+00  7.7454772220e+00  6.9780706180e+00
    3.2800000000e+00  1.7872063330e+00  3.9269384720e+00  1.5952037900e+00  7.4805153740e+00  7.7289058620e+00  6.9210011530e+00
    3.2900000000e+00  1.7602585300e+00  3.9067665010e+00  1.5869468870e+00  7.4743712180e+00  7.7147091860e+00  6.8655266880e+00
    3.3000000000e+00  1.7315200930e+00  3.8862902370e+00  1.5803688770e+00  7.4678532750e+00  7.7026828100e+00  6.8116080410e+00
    3.3100000000e+00  1.7011883230e+00  3.8653399440e+00  1.5753992260e+00  7.4606754020e+00  7.6926205330e+00  6.7592193060e+00
    3.3200000000e+00  1.6695037840e+00  3.8437841940e+00  1.5719860050e+00  7.4526200880e+00  7.6843234310e+00  6.7083543980e+00
    3.3300000000e+00  1.6367286330e+00  3.8215212810e+00  1.5700845210e+00  7.4435434220e+00  7.6776060130e+00  6.6590285750e+00
    3.3400000000e+00  1.6031256130e+00  3.7984696120e+00  1.5696475350e+00  7.4333735550e+00  7.6722988750e+00  6.6112755350e+00
    3.3500000000e+00  1.5689394330e+00  3.7745583310e+00  1.5706185200e+00  7.4221035950e+00  7.6682476220e+00  6.5651415180e+00
    3.3600000000e+00  1.5343817060e+00  3.7497195540e+00  1.5729286040e+00  7.4097801110e+00  7.6653082860e+00  6.5206781240e+00
    3.3700000000e+00  1.4996202720e+00  3.7238835220e+00  1.5764969830e+00  7.3964884820e+00  7.6633399940e+00  6.4779355960e+00
    3.3800000000e+00  1.4647734960e+00  3.6969776750e+00  1.5812339510e+00  7.3823363860e+00  7.6621962060e+00  6.4369578340e+00
    3.3900000000e+00  1.4299098640e+00  3.6689300430e+00  1.5870453340e+00  7.3674369380e+00  7.6617162850e+00  6.3977799010e+00
    3.4000000000e+00  1.3950527720e+00  3.6396764830e+00  1.5938370260e+00  7.3518930910e+00  7.6617192230e+00  6.3604281020e+00
    3.4100000000e+00  1.3601898440e+00  3.6091705130e+00  1.6015185340e+00  7.3357849720e+00  7.6620009520e+00  6.3249222650e+00
    3.4200000000e+00  1.3252854900e+00  3.5773940230e+00  1.6100047020e+00  7.3191615160e+00  7.6623359000e+00  6.2912794370e+00
    3.4300000000e+00  1.2902949270e+00  3.5443672190e+00  1.6192152150e+00  7.3020372360e+00  7.6624826570e+00  6.2595180100e+00
    3.4400000000e+00  1.2551776920e+00  3.5101565070e+00  1.6290718790e+00  7.2843941890e+00  7.6621930220e+00  6.2296611740e+00
    3.4500000000e+00  1.2199087470e+00  3.4748795520e+00  1.6394942220e+00  7.2661884510e+00  7.6612235540e+00  6.2017386350e+00
    3.4600000000e+00  1.1844857730e+00  3.4387070430e+00  1.6503944360e+00  7.2473596610e+00  7.6593487230e+00  6.1757858900e+00
    3.4700000000e+00  1.1489319500e+00  3.4018608650e+00  1.6616730180e+00  7.2278417810e+00  7.6563749100e+00  6.1518409200e+00
    3.4800000000e+00  1.1132944380e+00  3.3646083510e+00  1.6732164280e+00  7.2075731370e+00  7.6521543720e+00  6.1299389670e+00
    3.4900000000e+00  1.0776395650e+00  3.3272524520e+00  1.6848974920e+00  7.1865041950e+00  7.6465981570e+00  6.1101067250e+00
    3.5000000000e+00  1.0420462300e+00  3.2901178850e+00  1.6965784480e+00  7.1646022630e+00  7.6396866870e+00  6.0923574920e+00
    3.5100000000e+00  1.0065990590e+00  3.2535338370e+00  1.7081156290e+00  7.1418531360e+00  7.6314766560e+00  6.0766885020e+00
    3.5200000000e+00  9.7138240400e-01  3.2178143010e+00  1.7193642840e+00  7.1182604130e+00  7.6221030210e+00  6.0630808190e+00
    3.5300000000e+00  9.3647561400e-01  3.1832376070e+00  1.7301821790e+00  7.0938433560e+00  7.6117752210e+00  6.0515012700e+00
    3.5400000000e+00  9.0194945500e-01  3.1500270530e+00  1.7404311600e+00  7.0686339920e+00  7.6007673460e+00  6.0419052180e+00
    3.5500000000e+00  8.6786343400e-01  3.1183345820e+00  1.7499767990e+00  7.0426736410e+00  7.5894026340e+00  6.0342388130e+00
    3.5600000000e+00  8.3426401700e-01  3.0882293500e+00  1.7586869380e+00  7.0160087580e+00  7.5780333580e+00  6.0284397110e+00
    3.5700000000e+00  8.0118420100e-01  3.0596925860e+00  1.7664303900e+00  6.9886860180e+00  7.5670178070e+00  6.0244359590e+00
    3.5800000000e+00  7.6864509300e-01  3.0326195530e+00  1.7730769730e+00  6.9607470930e+00  7.5566965070e+00  6.0221435620e+00
    3.5900000000e+00  7.3665992700e-01  3.0068286140e+00  1.7784995000e+00  6.9322241320e+00  7.5473701230e+00  6.0214638490e+00
    3.6000000000e+00  7.0524022800e-01  2.9820764560e+00  1.7825775450e+00  6.9031373470e+00  7.5392813590e+00  6.0222819230e+00
    3.6100000000e+00  6.7440294200e-01  2.9580777010e+00  1.7852020790e+00  6.8734958330e+00  7.5326027210e+00  6.0244671510e+00
    3.6200000000e+00  6.4417673600e-01  2.9345265340e+00  1.7862795980e+00  6.8433020070e+00  7.5274310980e+00  6.0278759020e+00
    3.6300000000e+00  6.1460563900e-01  2.9111178730e+00  1.7857345550e+00  6.8125589380e+00  7.5237891260e+00  6.0323558740e+00
    3.6400000000e+00  5.8574883100e-01  2.8875660380e+00  1.7835094930e+00  6.7812789430e+00  7.5216323410e+00  6.0377507670e+00
    3.6500000000e+00  5.5767641600e-01  2.8636195900e+00  1.7795631540e+00  6.7494914410e+00  7.5208606610e+00  6.0439039370e+00
    3.6600000000e+00  5.3046205300e-01  2.8390716930e+00  1.7738675760e+00  6.7172483650e+00  7.5213326880e+00  6.0506601420e+00
    3.6700000000e+00  5.0417389500e-01  2.8137657740e+00  1.7664054850e+00  6.6846261460e+00  7.5228815460e+00  6.0578652220e+00
    3.6800000000e+00  4.7886537300e-01  2.7875963280e+00  1.7571691020e+00  6.6517241340e+00  7.5253310640e+00  6.0653643620e+00
    3.6900000000e+00  4.5456702900e-01  2.7605047890e+00  1.7461608710e+00  6.6186598570e+00  7.5285110240e+00  6.0730000430e+00
    3.7000000000e+00  4.3128019700e-01  2.7324707630e+00  1.7333959490e+00  6.5855617590e+00  7.5322698470e+00  6.0806108390e+00
    3.7100000000e+00  4.0897312500e-01  2.7034996090e+00  1.7189056910e+00  6.5525600380e+00  7.5364830200e+00  6.0880318670e+00
    3.7200000000e+00  3.8758003100e-01  2.6736082870e+00  1.7027411830e+00  6.5197762660e+00  7.5410559550e+00  6.0950971810e+00
    3.7300000000e+00  3.6700351400e-01  2.6428119350e+00  1.6849759080e+00  6.4873126710e+00  7.5459210040e+00  6.1016439050e+00
    3.7400000000e+00  3.4712051700e-01  2.6111136030e+00  1.6657068970e+00  6.4552421880e+00  7.5510295480e+00  6.1075175800e+00
    3.7500000000e+00  3.2779155100e-01  2.5784988130e+00  1.6450540420e+00  6.4236005190e+00  7.5563411550e+00  6.1125780600e+00
    3.7600000000e+00  3.0887243800e-01  2.5449354500e+00  1.6231574460e+00  6.3923813310e+00  7.5618122630e+00  6.1167052820e+00
    3.7700000000e+00  2.9022741300e-01  2.5103783170e+00  1.6001729370e+00  6.3615353210e+00  7.5673866420e+00  6.1198042590e+00
    3.7800000000e+00  2.7174229100e-01  2.4747768220e+00  1.5762660200e+00  6.3309734660e+00  7.5729892050e+00  6.1218087000e+00
    3.7900000000e+00  2.5333639200e-01  2.4380839180e+00  1.5516047680e+00  6.3005743630e+00  7.5785237430e+00  6.1226827420e+00
    3.8000000000e+00  2.3497198400e-01  2.4002645850e+00  1.5263522880e+00  6.2701952110e+00  7.5838742980e+00  6.1224204650e+00
    3.8100000000e+00  2.1666008200e-01  2.3613026830e+00  1.5006595550e+00  6.2396856140e+00  7.5889092080e+00  6.1210431100e+00
    3.8200000000e+00  1.9846170200e-01  2.3212057060e+00  1.4746593510e+00  6.2089030080e+00  7.5934867170e+00  6.1185941880e+00
    3.8300000000e+00  1.8048404900e-01  2.2800075720e+00  1.4484619550e+00  6.1777280660e+00  7.5974611850e+00  6.1151329160e+00
    3.8400000000e+00  1.6287185200e-01  2.2377698450e+00  1.4221530730e+00  6.1460783130e+00  7.6006894280e+00  6.1107265980e+00
    3.8500000000e+00  1.4579472200e-01  2.1945817540e+00  1.3957942790e+00  6.1139183150e+00  7.6030371160e+00  6.1054426410e+00
    3.8600000000e+00  1.2943202900e-01  2.1505589800e+00  1.3694260730e+00  6.0812653650e+00  7.6043853990e+00  6.0993410090e+00
    3.8700000000e+00  1.1395694600e-01  2.1058408330e+00  1.3430734940e+00  6.0481902530e+00  7.6046377640e+00  6.0924679440e+00
    3.8800000000e+00  9.9521226000e-02  2.0605852570e+00  1.3167539260e+00  6.0148133290e+00  7.6037266740e+00  6.0848518910e+00
    3.8900000000e+00  8.6241954000e-02  2.0149613810e+00  1.2904864310e+00  5.9812964680e+00  7.6016190340e+00  6.0765025570e+00
    3.9000000000e+00  7.4191198000e-02  1.9691399120e+00  1.2643013860e+00  5.9478317550e+00  7.5983192710e+00  6.0674138820e+00
    3.9100000000e+00  6.3389285000e-02  1.9232823920e+00  1.2382487920e+00  5.9146277840e+00  7.5938689780e+00  6.0575712370e+00
    3.9200000000e+00  5.3802218000e-02  1.8775308680e+00  1.2124032640e+00  5.8818946350e+00  7.5883426830e+00  6.0469623930e+00
    3.9300000000e+00  4.5343502000e-02  1.8319996180e+00  1.1868639140e+00  5.8498287610e+00  7.5818400990e+00  6.0355907530e+00
    3.9400000000e+00  3.7880282000e-02  1.7867702670e+00  1.1617480450e+00  5.8185991040e+00  7.5744759720e+00  6.0234884260e+00
    3.9500000000e+00  3.1243197000e-02  1.7418909950e+00  1.1371788710e+00  5.7883357630e+00  7.5663691020e+00  6.0107262110e+00
    3.9600000000e+00  2.5238915000e-02  1.6973797850e+00  1.1132689090e+00  5.7591222420e+00  7.5576322620e+00  5.9974177570e+00
    3.9700000000e+00  1.9664004000e-02  1.6532309930e+00  1.0901019850e+00  5.7309918210e+00  7.5483645710e+00  5.9837161760e+00
    3.9800000000e+00  1.4318752000e-02  1.6094238730e+00  1.0677173850e+00  5.7039280880e+00  7.5386474410e+00  5.9698029200e+00
    3.9900000000e+00  9.0197220000e-03  1.5659313580e+00  1.0460994590e+00  5.6778691580e+00  7.5285445790e+00  5.9558704400e+00
    4.0000000000e+00  3.6102020000e-03  1.5227272630e+00  1.0251749540e+00  5.6527148190e+00  7.5181056860e+00  5.9421014950e+00
    4.0100000000e+00 -2.0319320000e-03  1.4797904130e+00  1.0048188250e+00  5.6283357500e+00  7.5073727130e+00  5.9286486690e+00
    4.0200000000e+00 -7.9891520000e-03  1.4371048950e+00  9.8486766500e-01  5.6045840480e+00  7.4963868550e+00  5.9156175830e+00
    4.0300000000e+00 -1.4302065000e-02  1.3946566290e+00  9.6513854900e-01  5.5813044020e+00  7.4851943560e+00  5.9030564800e+00
    4.0400000000e+00 -2.0970101000e-02  1.3524273730e+00  9.4545028300e-01  5.5583453300e+00  7.4738495130e+00  5.8909537220e+00
    4.0500000000e+00 -2.7955148000e-02  1.3103878990e+00  9.2564377200e-01  5.5355698230e+00  7.4624140800e+00  5.8792433260e+00
    4.0600000000e+00 -3.5188059000e-02  1.2684921430e+00  9.0559855000e-01  5.5128646200e+00  7.4509532760e+00  5.8678174300e+00
    4.0700000000e+00 -4.2577708000e-02  1.2266736770e+00  8.8524324000e-01  5.4901471870e+00  7.4395293760e+00  5.8565435220e+00
    4.0800000000e+00 -5.0021881000e-02  1.1848451310e+00  8.6455882000e-01  5.4673694880e+00  7.4281942610e+00  5.8452836320e+00
    4.0900000000e+00 -5.7418795000e-02  1.1429004300e+00  8.4357480700e-01  5.4445178410e+00  7.4169822430e+00  5.8339126090e+00
    4.1000000000e+00 -6.4677713000e-02  1.1007192630e+00  8.2235960000e-01  5.4216086930e+00  7.4059040170e+00  5.8223329750e+00
    4.1100000000e+00 -7.1726964000e-02  1.0581731120e+00  8.0100700100e-01  5.3986808440e+00  7.3949421680e+00  5.8104847850e+00
    4.1200000000e+00 -7.8518042000e-02  1.0151323560e+00  7.7962121200e-01  5.3757854860e+00  7.3840483150e+00  5.7983499020e+00
    4.1300000000e+00 -8.5025133000e-02  9.7147418700e-01  7.5830233000e-01  5.3529759610e+00  7.3731420100e+00  5.7859510940e+00
    4.1400000000e+00 -9.1240472000e-02  9.2709111400e-01  7.3713381700e-01  5.3302993270e+00  7.3621116590e+00  5.7733468850e+00
    4.1500000000e+00 -9.7166853000e-02  8.8189960200e-01  7.1617285000e-01  5.3077914030e+00  7.3508178940e+00  5.7606233450e+00
    4.1600000000e+00 -1.0280928600e-01  8.3584802200e-01  6.9544399500e-01  5.2854760890e+00  7.3390997430e+00  5.7478839160e+00
    4.1700000000e+00 -1.0816787800e-01  7.8892279000e-01  6.7493643000e-01  5.2633687180e+00  7.3267834750e+00  5.7352383810e+00
    4.1800000000e+00 -1.1323356100e-01  7.4115157000e-01  6.5460471800e-01  5.2414822590e+00  7.3136934650e+00  5.7227920720e+00
    4.1900000000e+00 -1.1798749400e-01  6.9260287000e-01  6.3437277700e-01  5.2198346520e+00  7.2996638120e+00  5.7106364730e+00
    4.2000000000e+00 -1.2240404500e-01  6.4338198500e-01  6.1414020900e-01  5.1984555050e+00  7.2845492900e+00  5.6988422960e+00
    4.2100000000e+00 -1.2645655100e-01  5.9362394000e-01  5.9378966500e-01  5.1773907730e+00  7.2682343960e+00  5.6874556150e+00
    4.2200000000e+00 -1.3012465300e-01  5.4348449000e-01  5.7319369100e-01  5.1567045820e+00  7.2506398070e+00  5.6764969250e+00
    4.2300000000e+00 -1.3340190100e-01  4.9313017000e-01  5.5221982200e-01  5.1364780140e+00  7.2317261870e+00  5.6659620910e+00
    4.2400000000e+00 -1.3630251600e-01  4.4272808600e-01  5.3073355600e-01  5.1168051260e+00  7.2114956180e+00  5.6558236060e+00
    4.2500000000e+00 -1.3886647700e-01  3.9243567400e-01  5.0859991100e-01  5.0977868470e+00  7.1899909860e+00  5.6460306680e+00
    4.2600000000e+00 -1.4116246200e-01  3.4239044100e-01  4.8568517700e-01  5.0795235320e+00  7.1672933490e+00  5.6365074220e+00
    4.2700000000e+00 -1.4328855300e-01  2.9269978600e-01  4.6186054000e-01  5.0621069800e+00  7.1435169540e+00  5.6271499750e+00
    4.2800000000e+00 -1.4537086000e-01  2.4343140700e-01  4.3700852300e-01  5.0456124950e+00  7.1188014220e+00  5.6178239080e+00
    4.2900000000e+00 -1.4756034600e-01  1.9460523200e-01  4.1103178900e-01  5.0300913650e+00  7.0933007620e+00  5.6083643150e+00
    4.3000000000e+00 -1.5002797800e-01  1.4618818600e-01  3.8386256400e-01  5.0155638810e+00  7.0671693460e+00  5.5985798010e+00
    4.3100000000e+00 -1.5295814100e-01  9.8093133000e-02  3.5547032500e-01  5.0020130200e+00  7.0405456080e+00  5.5882604200e+00
    4.3200000000e+00 -1.5654001900e-01  5.0183061000e-02  3.2586587100e-01  4.9893791390e+00  7.0135348860e+00  5.5771881760e+00
    4.3300000000e+00 -1.6095671800e-01  2.2809790000e-03  2.9510108100e-01  4.9775564680e+00  6.9861933120e+00  5.5651478420e+00
    4.3400000000e+00 -1.6637234600e-01 -4.5814787000e-02  2.6326506800e-01  4.9663925640e+00  6.9585148680e+00  5.5519360090e+00
    4.3500000000e+00 -1.7291792200e-01 -9.4311063000e-02  2.3047839800e-01  4.9556919690e+00  6.9304235530e+00  5.5373671960e+00
    4.3600000000e+00 -1.8067781500e-01 -1.4339802500e-01  1.9688716300e-01  4.9452249500e+00  6.9017721090e+00  5.5212769850e+00
    4.3700000000e+00 -1.8967890400e-01 -1.9322751900e-01  1.6265823000e-01  4.9347413760e+00  6.8723479100e+00  5.5035231010e+00
    4.3800000000e+00 -1.9988475300e-01 -2.4389405000e-01  1.2797612800e-01  4.9239886450e+00  6.8418856350e+00  5.4839857040e+00
    4.3900000000e+00 -2.1119647300e-01 -2.9542061200e-01  9.3041310000e-02  4.9127314710e+00  6.8100854180e+00  5.4625680180e+00
    4.4000000000e+00 -2.2346086800e-01 -3.4775091100e-01  5.8069053000e-02  4.9007706020e+00  6.7766345020e+00  5.4391980210e+00
    4.4100000000e+00 -2.3648496800e-01 -4.0074867700e-01  2.3288071000e-02  4.8879574420e+00  6.7412300300e+00  5.4138313940e+00
    4.4200000000e+00 -2.5005470600e-01 -4.5420393400e-01 -1.1061994000e-02  4.8742022280e+00  6.7036005920e+00  5.3864554850e+00
    4.4300000000e+00 -2.6395465700e-01 -5.0784528600e-01 -4.4734923000e-02  4.8594747340e+00  6.6635243650e+00  5.3570936680e+00
    4.4400000000e+00 -2.7798569200e-01 -5.6135664100e-01 -7.7484430000e-02  4.8437980130e+00  6.6208421580e+00  5.3258091640e+00
    4.4500000000e+00 -2.9197811300e-01 -6.1439628400e-01 -1.0907276700e-01  4.8272370180e+00  6.5754643450e+00  5.2927072180e+00
    4.4600000000e+00 -3.0579908300e-01 -6.6661602800e-01 -1.3928072800e-01  4.8098846600e+00  6.5273715440e+00  5.2579346130e+00
    4.4700000000e+00 -3.1935444600e-01 -7.1767836300e-01 -1.6791794700e-01  4.7918478820e+00  6.4766097730e+00  5.2216758480e+00
    4.4800000000e+00 -3.3258606600e-01 -7.6727011500e-01 -1.9483207100e-01  4.7732357130e+00  6.4232815210e+00  5.1841458970e+00
    4.4900000000e+00 -3.4546636000e-01 -8.1511194400e-01 -2.1991550100e-01  4.7541504100e+00  6.3675343970e+00  5.1455801160e+00
    4.5000000000e+00 -3.5799167500e-01 -8.6096366700e-01 -2.4310876500e-01  4.7346818590e+00  6.3095489000e+00  5.1062223550e+00
    4.5100000000e+00 -3.7017585300e-01 -9.0462577800e-01 -2.6440010100e-01  4.7149047300e+00  6.2495264700e+00  5.0663125910e+00
    4.5200000000e+00 -3.8204473300e-01 -9.4593763900e-01 -2.8382132900e-01  4.6948775390e+00  6.1876786790e+00  5.0260753950e+00
    4.5300000000e+00 -3.9363180700e-01 -9.8477279400e-01 -3.0144057000e-01  4.6746426930e+00  6.1242183950e+00  4.9857104180e+00
    4.5400000000e+00 -4.0497481200e-01 -1.0210321510e+00 -3.1735268000e-01  4.6542267850e+00  6.0593537850e+00  4.9453857790e+00
    4.5500000000e+00 -4.1611274400e-01 -1.0546361590e+00 -3.3166852400e-01  4.6336407450e+00  5.9932858820e+00  4.9052349120e+00
    4.5600000000e+00 -4.2708269500e-01 -1.0855176310e+00 -3.4450437300e-01  4.6128798690e+00  5.9262099650e+00  4.8653569920e+00
    4.5700000000e+00 -4.3791610100e-01 -1.1136169210e+00 -3.5597260000e-01  4.5919241420e+00  5.8583201370e+00  4.8258205770e+00
    4.5800000000e+00 -4.4863437300e-01 -1.1388808100e+00 -3.6617470300e-01  4.5707395490e+00  5.7898156260e+00  4.7866696910e+00
    4.5900000000e+00 -4.5924440000e-01 -1.1612655390e+00 -3.7519721600e-01  4.5492810350e+00  5.7209067530e+00  4.7479312880e+00
    4.6000000000e+00 -4.6973488700e-01 -1.1807433730e+00 -3.8311066100e-01  4.5274973470e+00  5.6518185560e+00  4.7096228980e+00
    4.6100000000e+00 -4.8007455800e-01 -1.1973111620e+00 -3.8997122800e-01  4.5053374060e+00  5.5827905610e+00  4.6717593990e+00
    4.6200000000e+00 -4.9021297600e-01 -1.2109988840e+00 -3.9582454100e-01  4.4827571620e+00  5.5140721550e+00  4.6343580370e+00
    4.6300000000e+00 -5.0008402000e-01 -1.2218761810e+00 -4.0071063600e-01  4.4597256450e+00  5.4459139230e+00  4.5974411830e+00
    4.6400000000e+00 -5.0961133000e-01 -1.2300552840e+00 -4.0466918300e-01  4.4362289990e+00  5.3785561280e+00  4.5610366090e+00
    4.6500000000e+00 -5.1871450200e-01 -1.2356893660e+00 -4.0774400900e-01  4.4122718950e+00  5.3122160110e+00  4.5251754480e+00
    4.6600000000e+00 -5.2731469100e-01 -1.2389660780e+00 -4.0998601500e-01  4.3878764630e+00  5.2470757990e+00  4.4898882810e+00
    4.6700000000e+00 -5.3533866400e-01 -1.2400967610e+00 -4.1145384100e-01  4.3630795310e+00  5.1832733170e+00  4.4552001900e+00
    4.6800000000e+00 -5.4272092900e-01 -1.2393025320e+00 -4.1221191800e-01  4.3379292900e+00  5.1208968070e+00  4.4211258190e+00
    4.6900000000e+00 -5.4940427700e-01 -1.2367990600e+00 -4.1232609700e-01  4.3124823860e+00  5.0599850110e+00  4.3876656740e+00
    4.7000000000e+00 -5.5533944500e-01 -1.2327822210e+00 -4.1185754500e-01  4.2868019960e+00  5.0005327900e+00  4.3548047230e+00
    4.7100000000e+00 -5.6048471500e-01 -1.2274168030e+00 -4.1085616600e-01  4.2609568940e+00  4.9425015820e+00  4.3225139960e+00
    4.7200000000e+00 -5.6480595800e-01 -1.2208300170e+00 -4.0935496300e-01  4.2350210730e+00  4.8858330760e+00  4.2907551710e+00
    4.7300000000e+00 -5.6827721400e-01 -1.2131106830e+00 -4.0736666100e-01  4.2090733780e+00  4.8304638840e+00  4.2594874720e+00
    4.7400000000e+00 -5.7088152000e-01 -1.2043139000e+00 -4.0488343300e-01  4.1831967700e+00  4.7763387700e+00  4.2286756640e+00
    4.7500000000e+00 -5.7261160000e-01 -1.1944699530e+00 -4.0187986300e-01  4.1574771900e+00  4.7234204130e+00  4.1982976810e+00
    4.7600000000e+00 -5.7347018100e-01 -1.1835955000e+00 -3.9831867200e-01  4.1320022950e+00  4.6716944680e+00  4.1683506140e+00
    4.7700000000e+00 -5.7347003900e-01 -1.1717048210e+00 -3.9415826000e-01  4.1068603740e+00  4.6211697270e+00  4.1388541430e+00
    4.7800000000e+00 -5.7263407200e-01 -1.1588192260e+00 -3.8936089000e-01  4.0821395420e+00  4.5718741600e+00  4.1098510170e+00
    4.7900000000e+00 -5.7099573600e-01 -1.1449733370e+00 -3.8390038100e-01  4.0579269900e+00  4.5238482230e+00  4.0814046780e+00
    4.8000000000e+00 -5.6859983500e-01 -1.1302177690e+00 -3.7776834300e-01  4.0343078020e+00  4.4771371470e+00  4.0535945120e+00
    4.8100000000e+00 -5.6550327200e-01 -1.1146184790e+00 -3.7097828900e-01  4.0113629710e+00  4.4317837480e+00  4.0265095160e+00
    4.8200000000e+00 -5.6177509800e-01 -1.0982536240e+00 -3.6356730600e-01  3.9891665740e+00  4.3878229700e+00  4.0002413430e+00
    4.8300000000e+00 -5.5749523400e-01 -1.0812091560e+00 -3.5559541700e-01  3.9677826080e+00  4.3452787870e+00  3.9748776670e+00
    4.8400000000e+00 -5.5275169900e-01 -1.0635743970e+00 -3.4714315600e-01  3.9472623560e+00  4.3041634800e+00  3.9504966780e+00
    4.8500000000e+00 -5.4763676300e-01 -1.0454386480e+00 -3.3830812600e-01  3.9276431730e+00  4.2644786700e+00  3.9271631040e+00
    4.8600000000e+00 -5.4224297700e-01 -1.0268893580e+00 -3.2920138700e-01  3.9089491690e+00  4.2262171330e+00  3.9049257020e+00
    4.8700000000e+00 -5.3666017000e-01 -1.0080117120e+00 -3.1994424100e-01  3.8911936180e+00  4.1893643600e+00  3.8838157570e+00
    4.8800000000e+00 -5.3097423200e-01 -9.8888900500e-01 -3.1066557900e-01  3.8743822840e+00  4.1538991500e+00  3.8638459280e+00
    4.8900000000e+00 -5.2526789800e-01 -9.6960288400e-01 -3.0149947900e-01  3.8585165300e+00  4.1197931010e+00  3.8450088820e+00
    4.9000000000e+00 -5.1962304900e-01 -9.5023275200e-01 -2.9258244300e-01  3.8435951640e+00  4.0870094170e+00  3.8272755380e+00
    4.9100000000e+00 -5.1412359200e-01 -9.3085402800e-01 -2.8404967800e-01  3.8296144100e+00  4.0555017690e+00  3.8105932480e+00
    4.9200000000e+00 -5.0885781100e-01 -9.1153547900e-01 -2.7603012700e-01  3.8165660130e+00  4.0252139080e+00  3.7948845810e+00
    4.9300000000e+00 -5.0391925700e-01 -8.9233611700e-01 -2.6864045200e-01  3.8044340750e+00  3.9960804540e+00  3.7800475640e+00
    4.9400000000e+00 -4.9940575500e-01 -8.7330226500e-01 -2.6197866000e-01  3.7931915870e+00  3.9680289610e+00  3.7659579960e+00
    4.9500000000e+00 -4.9541663600e-01 -8.5446527000e-01 -2.5611836900e-01  3.7827977070e+00  3.9409830700e+00  3.7524740050e+00
    4.9600000000e+00 -4.9204886800e-01 -8.3584019800e-01 -2.5110468900e-01  3.7731965990e+00  3.9148665090e+00  3.7394425240e+00
    4.9700000000e+00 -4.8939308200e-01 -8.1742577100e-01 -2.4695242100e-01  3.7643181720e+00  3.8896076230e+00  3.7267068500e+00
    4.9800000000e+00 -4.8753052100e-01 -7.9920577800e-01 -2.4364682100e-01  3.7560804320e+00  3.8651440950e+00  3.7141142960e+00
    4.9900000000e+00 -4.8653160100e-01 -7.8115213000e-01 -2.4114669500e-01  3.7483927090e+00  3.8414273450e+00  3.7015229300e+00
    5.0000000000e+00 -4.8645629900e-01 -7.6322957000e-01 -2.3938922200e-01  3.7411586680e+00  3.8184259540e+00  3.6888066620e+00
    5.0100000000e+00 -4.8735590900e-01 -7.4540168500e-01 -2.3829569500e-01  3.7342781480e+00  3.7961273780e+00  3.6758582480e+00
    5.0200000000e+00 -4.8927528600e-01 -7.2763753900e-01 -2.3777733100e-01  3.7276472050e+00  3.7745373660e+00  3.6625901800e+00
    5.0300000000e+00 -4.9225447200e-01 -7.0991791200e-01 -2.3774037600e-01  3.7211562970e+00  3.7536768260e+00  3.6489337190e+00
    5.0400000000e+00 -4.9632870700e-01 -6.9224008300e-01 -2.3808993800e-01  3.7146871300e+00  3.7335763800e+00  3.6348365940e+00
    5.0500000000e+00 -5.0152614700e-01 -6.7462022800e-01 -2.3873223500e-01  3.7081091200e+00  3.7142693160e+00  3.6202600410e+00
    5.0600000000e+00 -5.0786315600e-01 -6.5709287800e-01 -2.3957521200e-01  3.7012766740e+00  3.6957840190e+00  3.6051759370e+00
    5.0700000000e+00 -5.1533756400e-01 -6.3970739300e-01 -2.4052783700e-01  3.6940285190e+00  3.6781371460e+00  3.5895647160e+00
    5.0800000000e+00 -5.2392085400e-01 -6.2252196700e-01 -2.4149864700e-01  3.6861900670e+00  3.6613287670e+00  3.5734145900e+00
    5.0900000000e+00 -5.3355070400e-01 -6.0559616800e-01 -2.4239432300e-01  3.6775793840e+00  3.6453403630e+00  3.5567222740e+00
    5.1000000000e+00 -5.4412550200e-01 -5.8898337200e-01 -2.4311913100e-01  3.6680166180e+00  3.6301360670e+00  3.5394950280e+00
    5.1100000000e+00 -5.5550241900e-01 -5.7272449500e-01 -2.4357592100e-01  3.6573360120e+00  3.6156669140e+00  3.5217533660e+00
    5.1200000000e+00 -5.6750011600e-01 -5.5684418700e-01 -2.4366893800e-01  3.6453989040e+00  3.6018771900e+00  3.5035334990e+00
    5.1300000000e+00 -5.7990640700e-01 -5.4135011400e-01 -2.4330818600e-01  3.6321056920e+00  3.5887116090e+00  3.4848884480e+00
    5.1400000000e+00 -5.9249025200e-01 -5.2623530500e-01 -2.4241449500e-01  3.6174046870e+00  3.5761218560e+00  3.4658870700e+00
    5.1500000000e+00 -6.0501654100e-01 -5.1148289200e-01 -2.4092409200e-01  3.6012962000e+00  3.5640712740e+00  3.4466107500e+00
    5.1600000000e+00 -6.1726152000e-01 -4.9707211200e-01 -2.3879152100e-01  3.5838310160e+00  3.5525369150e+00  3.4271482380e+00
    5.1700000000e+00 -6.2902649200e-01 -4.8298426000e-01 -2.3599012800e-01  3.5651034250e+00  3.5415087600e+00  3.4075896660e+00
    5.1800000000e+00 -6.4014770900e-01 -4.6920734000e-01 -2.3251003500e-01  3.5452400380e+00  3.5309865630e+00  3.3880210010e+00
    5.1900000000e+00 -6.5050115900e-01 -4.5573854500e-01 -2.2835413400e-01  3.5243863870e+00  3.5209752320e+00  3.3685200750e+00
    5.2000000000e+00 -6.6000195200e-01 -4.4258423500e-01 -2.2353311800e-01  3.5026936970e+00  3.5114800070e+00  3.3491548130e+00
    5.2100000000e+00 -6.6859913300e-01 -4.2975771400e-01 -2.1806063200e-01  3.4803080260e+00  3.5025026340e+00  3.3299837450e+00
    5.2200000000e+00 -6.7626761200e-01 -4.1727569100e-01 -2.1194947500e-01  3.4573633500e+00  3.4940394550e+00  3.3110583690e+00
    5.2300000000e+00 -6.8299944200e-01 -4.0515461100e-01 -2.0520940600e-01  3.4339791340e+00  3.4860817160e+00  3.2924266770e+00
    5.2400000000e+00 -6.8879654400e-01 -3.9340802900e-01 -1.9784677600e-01  3.4102618390e+00  3.4786177640e+00  3.2741370350e+00
    5.2500000000e+00 -6.9366642600e-01 -3.8204579400e-01 -1.8986584600e-01  3.3863088440e+00  3.4716362230e+00  3.2562417070e+00
    5.2600000000e+00 -6.9762138300e-01 -3.7107525400e-01 -1.8127145400e-01  3.3622127690e+00  3.4651290540e+00  3.2387994380e+00
    5.2700000000e+00 -7.0068056400e-01 -3.6050406100e-01 -1.7207254300e-01  3.3380642930e+00  3.4590934370e+00  3.2218767280e+00
    5.2800000000e+00 -7.0287339100e-01 -3.5034371300e-01 -1.6228597500e-01  3.3139522750e+00  3.4535318740e+00  3.2055476250e+00
    5.2900000000e+00 -7.0424250300e-01 -3.4061282100e-01 -1.5194007400e-01  3.2899610000e+00  3.4484504010e+00  3.1898921000e+00
    5.3000000000e+00 -7.0484467100e-01 -3.3133923900e-01 -1.4107746200e-01  3.2661654010e+00  3.4438553430e+00  3.1749932580e+00
    5.3100000000e+00 -7.0474889500e-01 -3.2256053400e-01 -1.2975687200e-01  3.2426257660e+00  3.4397493560e+00  3.1609337430e+00
    5.3200000000e+00 -7.0403186500e-01 -3.1432275300e-01 -1.1805381600e-01  3.2193835200e+00  3.4361276080e+00  3.1477917480e+00
    5.3300000000e+00 -7.0277172000e-01 -3.0667779900e-01 -1.0606012900e-01  3.1964592690e+00  3.4329747960e+00  3.1356369900e+00
    5.3400000000e+00 -7.0104143400e-01 -2.9968000100e-01 -9.3882483000e-02  3.1738535720e+00  3.4302633990e+00  3.1245269620e+00
    5.3500000000e+00 -6.9890312300e-01 -2.9338245100e-01 -8.1640047000e-02  3.1515501980e+00  3.4279532510e+00  3.1145037020e+00
    5.3600000000e+00 -6.9640412900e-01 -2.8783358000e-01 -6.9461505000e-02  3.1295210800e+00  3.4259922790e+00  3.1055912630e+00
    5.3700000000e+00 -6.9357527100e-01 -2.8307427400e-01 -5.7481711000e-02  3.1077320140e+00  3.4243181600e+00  3.0977939770e+00
    5.3800000000e+00 -6.9043116700e-01 -2.7913570700e-01 -4.5838259000e-02  3.0861481980e+00  3.4228606430e+00  3.0910954660e+00
    5.3900000000e+00 -6.8697225300e-01 -2.7603801000e-01 -3.4668150000e-02  3.0647389350e+00  3.4215443000e+00  3.0854582430e+00
    5.4000000000e+00 -6.8318797000e-01 -2.7378989800e-01 -2.4104618000e-02  3.0434810660e+00  3.4202914500e+00  3.0808236800e+00
    5.4100000000e+00 -6.7906054100e-01 -2.7238931200e-01 -1.4273965000e-02  3.0223609500e+00  3.4190248810e+00  3.0771121700e+00
    5.4200000000e+00 -6.7456879800e-01 -2.7182493900e-01 -5.2922030000e-03  3.0013749650e+00  3.4176699320e+00  3.0742235040e+00
    5.4300000000e+00 -6.6969152000e-01 -2.7207824900e-01  2.7386750000e-03  2.9805287560e+00  3.4161555400e+00  3.0720376490e+00
    5.4400000000e+00 -6.6440994100e-01 -2.7312541900e-01  9.7348270000e-03  2.9598355660e+00  3.4144140630e+00  3.0704162730e+00
    5.4500000000e+00 -6.5870922700e-01 -2.7493845500e-01  1.5634867000e-02  2.9393141260e+00  3.4123801020e+00  3.0692053790e+00
    5.4600000000e+00 -6.5257898100e-01 -2.7748497900e-01  2.0403966000e-02  2.9189865370e+00  3.4099889220e+00  3.0682392830e+00
    5.4700000000e+00 -6.4601295600e-01 -2.8072657100e-01  2.4037196000e-02  2.8988764930e+00  3.4071753740e+00  3.0673460120e+00
    5.4800000000e+00 -6.3900825700e-01 -2.8461610600e-01  2.6561554000e-02  2.8790080390e+00  3.4038741990e+00  3.0663539680e+00
    5.4900000000e+00 -6.3156431800e-01 -2.8909500400e-01  2.8036132000e-02  2.8594049370e+00  3.4000222650e+00  3.0650994420e+00
    5.5000000000e+00 -6.2368190300e-01 -2.9409158600e-01  2.8550036000e-02  2.8400905980e+00  3.3955626980e+00  3.0634343450e+00
    5.5100000000e+00 -6.1536232400e-01 -2.9952157300e-01  2.8217951000e-02  2.8210884750e+00  3.3904501920e+00  3.0612333320e+00
    5.5200000000e+00 -6.0660701700e-01 -3.0529131200e-01  2.7173570000e-02  2.8024227690e+00  3.3846562460e+00  3.0583994510e+00
    5.5300000000e+00 -5.9741751600e-01 -3.1130354300e-01  2.5561488000e-02  2.7841192620e+00  3.3781728760e+00  3.0548675840e+00
    5.5400000000e+00 -5.8779583200e-01 -3.1746475000e-01  2.3528410000e-02  2.7662061240e+00  3.3710135710e+00  3.0506052170e+00
    5.5500000000e+00 -5.7774516200e-01 -3.2369262600e-01  2.1214636000e-02  2.7487145770e+00  3.3632109110e+00  3.0456104530e+00
    5.5600000000e+00 -5.6727086700e-01 -3.2992197600e-01  1.8746757000e-02  2.7316793320e+00  3.3548110780e+00  3.0399075210e+00
    5.5700000000e+00 -5.5638164600e-01 -3.3610778300e-01  1.6232319000e-02  2.7151387480e+00  3.3458663240e+00  3.0335403340e+00
    5.5800000000e+00 -5.4509085700e-01 -3.4222479000e-01  1.3757037000e-02  2.6991346730e+00  3.3364269360e+00  3.0265648830e+00
    5.5900000000e+00 -5.3341792400e-01 -3.4826386100e-01  1.1384805000e-02  2.6837118880e+00  3.3265343330e+00  3.0190414380e+00
    5.6000000000e+00 -5.2138971400e-01 -3.5422604000e-01  9.1604140000e-03  2.6689171130e+00  3.3162165260e+00  3.0110276080e+00
    5.6100000000e+00 -5.0904175900e-01 -3.6011568300e-01  7.1144490000e-03  2.6547975100e+00  3.3054865630e+00  3.0025732220e+00
    5.6200000000e+00 -4.9641912000e-01 -3.6593403000e-01  5.2694560000e-03  2.6413987190e+00  3.2943438220e+00  2.9937177530e+00
    5.6300000000e+00 -4.8357672000e-01 -3.7167425600e-01  3.6462340000e-03  2.6287625240e+00  3.2827775280e+00  2.9844905420e+00
    5.6400000000e+00 -4.7057899200e-01 -3.7731860600e-01  2.2690930000e-03  2.6169243430e+00  3.2707715000e+00  2.9749135880e+00
    5.6500000000e+00 -4.5749884000e-01 -3.8283769300e-01  1.1691170000e-03  2.6059107780e+00  3.2583091600e+00  2.9650061800e+00
    5.6600000000e+00 -4.4441594300e-01 -3.8819166600e-01  3.8488600000e-04  2.5957374140e+00  3.2453779360e+00  2.9547903150e+00
    5.6700000000e+00 -4.3141452100e-01 -3.9333270000e-01 -3.9364000000e-05  2.5864070010e+00  3.2319725050e+00  2.9442956960e+00
    5.6800000000e+00 -4.1858063500e-01 -3.9820810500e-01 -5.7638000000e-05  2.5779081000e+00  3.2180965710e+00  2.9335632560e+00
    5.6900000000e+00 -4.0599903400e-01 -4.0276338300e-01  3.7281900000e-04  2.5702142650e+00  3.2037632330e+00  2.9226464970e+00
    5.7000000000e+00 -3.9374958800e-01 -4.0694463700e-01  1.2865540000e-03  2.5632839580e+00  3.1889942490e+00  2.9116104990e+00
    5.7100000000e+00 -3.8190340300e-01 -4.1069997000e-01  2.7059830000e-03  2.5570614480e+00  3.1738187480e+00  2.9005289960e+00
    5.7200000000e+00 -3.7051894700e-01 -4.1397985200e-01  4.6391610000e-03  2.5514790000e+00  3.1582720470e+00  2.8894803790e+00
    5.7300000000e+00 -3.5963872600e-01 -4.1673676200e-01  7.0793010000e-03  2.5464605060e+00  3.1423951610e+00  2.8785435290e+00
    5.7400000000e+00 -3.4928718200e-01 -4.1892473300e-01  1.0005660000e-02  2.5419264230e+00  3.1262353400e+00  2.8677942510e+00
    5.7500000000e+00 -3.3947045900e-01 -4.2049954300e-01  1.3385189000e-02  2.5377995180e+00  3.1098475420e+00  2.8573025990e+00
    5.7600000000e+00 -3.3017840400e-01 -4.2142015300e-01  1.7174361000e-02  2.5340105600e+00  3.0932963360e+00  2.8471310290e+00
    5.7700000000e+00 -3.2138869900e-01 -4.2165164600e-01  2.1320939000e-02  2.5305029580e+00  3.0766574170e+00  2.8373330330e+00
    5.7800000000e+00 -3.1307254800e-01 -4.2116941100e-01  2.5765710000e-02  2.5272354290e+00  3.0600178000e+00  2.8279519730e+00
    5.7900000000e+00 -3.0520089100e-01 -4.1996380800e-01  3.0444425000e-02  2.5241821510e+00  3.0434740580e+00  2.8190200100e+00
    5.8000000000e+00 -2.9774997800e-01 -4.1804426300e-01  3.5290144000e-02  2.5213304450e+00  3.0271283680e+00  2.8105573160e+00
    5.8100000000e+00 -2.9070527800e-01 -4.1544172100e-01  4.0235983000e-02  2.5186765700e+00  3.0110827800e+00  2.8025719080e+00
    5.8200000000e+00 -2.8406318000e-01 -4.1220871300e-01  4.5217954000e-02  2.5162206620e+00  2.9954326140e+00  2.7950604080e+00
    5.8300000000e+00 -2.7783051300e-01 -4.0841684700e-01  5.0177433000e-02  2.5139618940e+00  2.9802601360e+00  2.7880098130e+00
    5.8400000000e+00 -2.7202243000e-01 -4.0415211800e-01  5.5062755000e-02  2.5118947200e+00  2.9656296510e+00  2.7814000410e+00
    5.8500000000e+00 -2.6665948300e-01 -3.9950890700e-01  5.9829627000e-02  2.5100065780e+00  2.9515847260e+00  2.7752067720e+00
    5.8600000000e+00 -2.6176466300e-01 -3.9458373400e-01  6.4440353000e-02  2.5082769570e+00  2.9381477770e+00  2.7694039930e+00
    5.8700000000e+00 -2.5736087500e-01 -3.8946969700e-01  6.8862156000e-02  2.5066773570e+00  2.9253217370e+00  2.7639657330e+00
    5.8800000000e+00 -2.5346893100e-01 -3.8425224700e-01  7.3065106000e-02  2.5051716610e+00  2.9130931560e+00  2.7588666910e+00
    5.8900000000e+00 -2.5010582200e-01 -3.7900652100e-01  7.7020192000e-02  2.5037165570e+00  2.9014360210e+00  2.7540817490e+00
    5.9000000000e+00 -2.4728291700e-01 -3.7379613100e-01  8.0698028000e-02  2.5022620260e+00  2.8903156270e+00  2.7495845610e+00
    5.9100000000e+00 -2.4500390000e-01 -3.6867309700e-01  8.4068520000e-02  2.5007521400e+00  2.8796921050e+00  2.7453456420e+00
    5.9200000000e+00 -2.4326250100e-01 -3.6367860300e-01  8.7101625000e-02  2.4991266130e+00  2.8695233930e+00  2.7413304150e+00
    5.9300000000e+00 -2.4204044200e-01 -3.5884431000e-01  8.9769118000e-02  2.4973233970e+00  2.8597676120e+00  2.7374977430e+00
    5.9400000000e+00 -2.4130624500e-01 -3.5419407400e-01  9.2047070000e-02  2.4952823750e+00  2.8503848210e+00  2.7337993450e+00
    5.9500000000e+00 -2.4101552200e-01 -3.4974593700e-01  9.3918562000e-02  2.4929497330e+00  2.8413380940e+00  2.7301803740e+00
    5.9600000000e+00 -2.4111316700e-01 -3.4551420600e-01  9.5376086000e-02  2.4902822650e+00  2.8325938320e+00  2.7265811690e+00
    5.9700000000e+00 -2.4153734900e-01 -3.4151133900e-01  9.6423119000e-02  2.4872506140e+00  2.8241212430e+00  2.7229399140e+00
    5.9800000000e+00 -2.4222470000e-01 -3.3774927600e-01  9.7074552000e-02  2.4838406170e+00  2.8158911240e+00  2.7191957430e+00
    5.9900000000e+00 -2.4311567400e-01 -3.3423989300e-01  9.7355918000e-02  2.4800522940e+00  2.8078742260e+00  2.7152917300e+00
    6.0000000000e+00 -2.4415891300e-01 -3.3099445500e-01  9.7301641000e-02  2.4758966240e+00  2.8000397320e+00  2.7111772340e+00
    6.0100000000e+00 -2.4531368700e-01 -3.2802225200e-01  9.6952751000e-02  2.4713908150e+00  2.7923543770e+00  2.7068093060e+00
    6.0200000000e+00 -2.4654992600e-01 -3.2532892000e-01  9.6354573000e-02  2.4665531650e+00  2.7847825940e+00  2.7021530870e+00
    6.0300000000e+00 -2.4784598400e-01 -3.2291510100e-01  9.5554846000e-02  2.4613986690e+00  2.7772876910e+00  2.6971814260e+00
    6.0400000000e+00 -2.4918475800e-01 -3.2077601500e-01  9.4602492000e-02  2.4559363020e+00  2.7698336950e+00  2.6918741130e+00
    6.0500000000e+00 -2.5054916100e-01 -3.1890219800e-01  9.3547038000e-02  2.4501685020e+00  2.7623871670e+00  2.6862171640e+00
    6.0600000000e+00 -2.5191799400e-01 -3.1728119900e-01  9.2438390000e-02  2.4440928370e+00  2.7549182860e+00  2.6802024610e+00
    6.0700000000e+00 -2.5326313900e-01 -3.1589961700e-01  9.1326640000e-02  2.4377054010e+00  2.7474007170e+00  2.6738278410e+00
    6.0800000000e+00 -2.5454867300e-01 -3.1474470800e-01  9.0261559000e-02  2.4310051580e+00  2.7398102290e+00  2.6670974730e+00
    6.0900000000e+00 -2.5573208400e-01 -3.1380483600e-01  8.9291646000e-02  2.4239982830e+00  2.7321225020e+00  2.6600222340e+00
    6.1000000000e+00 -2.5676737300e-01 -3.1306845500e-01  8.8462779000e-02  2.4167015860e+00  2.7243108910e+00  2.6526198050e+00
    6.1100000000e+00 -2.5760943600e-01 -3.1252175900e-01  8.7816642000e-02  2.4091442920e+00  2.7163450140e+00  2.6449142540e+00
    6.1200000000e+00 -2.5821886800e-01 -3.1214561200e-01  8.7389174000e-02  2.4013677840e+00  2.7081907830e+00  2.6369350250e+00
    6.1300000000e+00 -2.5856625000e-01 -3.1191260000e-01  8.7209289000e-02  2.3934233750e+00  2.6998121170e+00  2.6287153240e+00
    6.1400000000e+00 -2.5863511300e-01 -3.1178503700e-01  8.7298117000e-02  2.3853685590e+00  2.6911740520e+00  2.6202899730e+00
    6.1500000000e+00 -2.5842310100e-01 -3.1171446500e-01  8.7669022000e-02  2.3772625550e+00  2.6822466290e+00  2.6116929280e+00
    6.1600000000e+00 -2.5794131800e-01 -3.1164277600e-01  8.8328598000e-02  2.3691620330e+00  2.6730088090e+00  2.6029547450e+00
    6.1700000000e+00 -2.5721226300e-01 -3.1150476700e-01  8.9278699000e-02  2.3611177710e+00  2.6634517400e+00  2.5941004740e+00
    6.1800000000e+00 -2.5626706100e-01 -3.1123165600e-01  9.0519339000e-02  2.3531726870e+00  2.6535809530e+00  2.5851484500e+00
    6.1900000000e+00 -2.5514277000e-01 -3.1075510400e-01  9.2052012000e-02  2.3453611910e+00  2.6434173310e+00  2.5761103900e+00
    6.2000000000e+00 -2.5388034400e-01 -3.1001133900e-01  9.3882805000e-02  2.3377094780e+00  2.6329968230e+00  2.5669929700e+00
    6.2100000000e+00 -2.5252351000e-01 -3.0894503000e-01  9.6024628000e-02  2.3302361220e+00  2.6223689890e+00  2.5578006680e+00
    6.2200000000e+00 -2.5111841100e-01 -3.0751264400e-01  9.8498022000e-02  2.3229523490e+00  2.6115944700e+00  2.5485393950e+00
    6.2300000000e+00 -2.4971352500e-01 -3.0568493800e-01  1.0133034600e-01  2.3158615840e+00  2.6007415120e+00  2.5392201990e+00
    6.2400000000e+00 -2.4835925800e-01 -3.0344827800e-01  1.0455345900e-01  2.3089582380e+00  2.5898818380e+00  2.5298622900e+00
    6.2500000000e+00 -2.4710668000e-01 -3.0080453300e-01  1.0820037200e-01  2.3022260550e+00  2.5790862980e+00  2.5204948470e+00
    6.2600000000e+00 -2.4600511300e-01 -2.9776950000e-01  1.1230152900e-01  2.2956366090e+00  2.5684208850e+00  2.5111572900e+00
    6.2700000000e+00 -2.4509870400e-01 -2.9437009500e-01  1.1688140400e-01  2.2891486280e+00  2.5579437100e+00  2.5018981070e+00
    6.2800000000e+00 -2.4442241800e-01 -2.9064084900e-01  1.2195596300e-01  2.2827086850e+00  2.5477033870e+00  2.4927725640e+00
    6.2900000000e+00 -2.4399813400e-01 -2.8662041200e-01  1.2753129700e-01  2.2762534900e+00  2.5377389640e+00  2.4838398540e+00
    6.3000000000e+00 -2.4383160300e-01 -2.8234875500e-01  1.3360344000e-01  2.2697136870e+00  2.5280811850e+00  2.4751602460e+00
    6.3100000000e+00 -2.4391084100e-01 -2.7786558000e-01  1.4015912300e-01  2.2630186890e+00  2.5187545300e+00  2.4667927300e+00
    6.3200000000e+00 -2.4420631800e-01 -2.7321008200e-01  1.4717703400e-01  2.2561018790e+00  2.5097793380e+00  2.4587933950e+00
    6.3300000000e+00 -2.4467293600e-01 -2.6842186200e-01  1.5462915400e-01  2.2489054310e+00  2.5011733260e+00  2.4512145700e+00
    6.3400000000e+00 -2.4525346700e-01 -2.6354246000e-01  1.6248180400e-01  2.2413840750e+00  2.4929520530e+00  2.4441044790e+00
    6.3500000000e+00 -2.4588290200e-01 -2.5861685700e-01  1.7069629900e-01  2.2335073790e+00  2.4851281890e+00  2.4375070900e+00
    6.3600000000e+00 -2.4649302500e-01 -2.5369434700e-01  1.7922929000e-01  2.2252603850e+00  2.4777098420e+00  2.4314618420e+00
    6.3700000000e+00 -2.4701661100e-01 -2.4882840400e-01  1.8803303900e-01  2.2166427540e+00  2.4706983940e+00  2.4260030980e+00
    6.3800000000e+00 -2.4739077200e-01 -2.4407548600e-01  1.9705589600e-01  2.2076667780e+00  2.4640864200e+00  2.4211593520e+00
    6.3900000000e+00 -2.4755921000e-01 -2.3949298200e-01  2.0624313300e-01  2.1983547180e+00  2.4578561370e+00  2.4169523900e+00
    6.4000000000e+00 -2.4747334900e-01 -2.3513665000e-01  2.1553814500e-01  2.1887359530e+00  2.4519786380e+00  2.4133966140e+00
    6.4100000000e+00 -2.4709247100e-01 -2.3105790000e-01  2.2488391900e-01  2.1788443070e+00  2.4464139710e+00  2.4104987030e+00
    6.4200000000e+00 -2.4638309100e-01 -2.2730120100e-01  2.3422460600e-01  2.1687158460e+00  2.4411119620e+00  2.4082576920e+00
    6.4300000000e+00 -2.4531784800e-01 -2.2390177100e-01  2.4350706900e-01  2.1583872620e+00  2.4360136860e+00  2.4066654590e+00
    6.4400000000e+00 -2.4387413100e-01 -2.2088367100e-01  2.5268230300e-01  2.1478949090e+00  2.4310534480e+00  2.4057076130e+00
    6.4500000000e+00 -2.4203267900e-01 -2.1825839400e-01  2.6170665200e-01  2.1372744720e+00  2.4261612020e+00  2.4053647460e+00
    6.4600000000e+00 -2.3977633800e-01 -2.1602405500e-01  2.7054269000e-01  2.1265612100e+00  2.4212652710e+00  2.4056140610e+00
    6.4700000000e+00 -2.3708915900e-01 -2.1416528800e-01  2.7915961800e-01  2.1157907170e+00  2.4162952060e+00  2.4064312950e+00
    6.4800000000e+00 -2.3395602900e-01 -2.1265385000e-01  2.8753302500e-01  2.1050000080e+00  2.4111845610e+00  2.4077927800e+00
    6.4900000000e+00 -2.3036296700e-01 -2.1144988400e-01  2.9564389100e-01  2.0942287000e+00  2.4058733540e+00  2.4096773820e+00
    6.5000000000e+00 -2.2629807800e-01 -2.1050366600e-01  3.0347692300e-01  2.0835199690e+00  2.4003100280e+00  2.4120679730e+00
    6.5100000000e+00 -2.2175300900e-01 -2.0975759200e-01  3.1101842500e-01  2.0729209320e+00  2.3944528270e+00  2.4149521480e+00
    6.5200000000e+00 -2.1672455500e-01 -2.0914818500e-01  3.1825410800e-01  2.0624822900e+00  2.3882706230e+00  2.4183220220e+00
    6.5300000000e+00 -2.1121601400e-01 -2.0860792800e-01  3.2516727200e-01  2.0522572070e+00  2.3817433310e+00  2.4221731650e+00
    6.5400000000e+00 -2.0523790200e-01 -2.0806687900e-01  3.3173774500e-01  2.0422996940e+00  2.3748621440e+00  2.4265029770e+00
    6.5500000000e+00 -1.9880790500e-01 -2.0745415800e-01  3.3794173800e-01  2.0326629050e+00  2.3676297430e+00  2.4313089730e+00
    6.5600000000e+00 -1.9195012800e-01 -2.0669947300e-01  3.4375249900e-01  2.0233977890e+00  2.3600605630e+00  2.4365875070e+00
    6.5700000000e+00 -1.8469402800e-01 -2.0573488600e-01  3.4914134300e-01  2.0145524060e+00  2.3521810670e+00  2.4423332970e+00
    6.5800000000e+00 -1.7707346900e-01 -2.0449693700e-01  3.5407846500e-01  2.0061719370e+00  2.3440297970e+00  2.4485398360e+00
    6.5900000000e+00 -1.6912629200e-01 -2.0292910200e-01  3.5853298700e-01  1.9982991440e+00  2.3356569990e+00  2.4552003840e+00
    6.6000000000e+00 -1.6089459200e-01 -2.0098444100e-01  3.6247192400e-01  1.9909748660e+00  2.3271235350e+00  2.4623089270e+00
    6.6100000000e+00 -1.5242556700e-01 -1.9862814300e-01  3.6585820300e-01  1.9842380820e+00  2.3184989810e+00  2.4698603780e+00
    6.6200000000e+00 -1.4377259800e-01 -1.9583962700e-01  3.6864825500e-01  1.9781252440e+00  2.3098588640e+00  2.4778494690e+00
    6.6300000000e+00 -1.3499609900e-01 -1.9261385000e-01  3.7078999200e-01  1.9726688480e+00  2.3012812190e+00  2.4862681200e+00
    6.6400000000e+00 -1.2616373200e-01 -1.8896156000e-01  3.7222198200e-01  1.9678954390e+00  2.2928427650e+00  2.4951016140e+00
    6.6500000000e+00 -1.1734977400e-01 -1.8490837700e-01  3.7287436300e-01  1.9638234720e+00  2.2846151110e+00  2.5043242150e+00
    6.6600000000e+00 -1.0863370200e-01 -1.8049279300e-01  3.7267163700e-01  1.9604614290e+00  2.2766614140e+00  2.5138951380e+00
    6.6700000000e+00 -1.0009822600e-01 -1.7576331700e-01  3.7153703100e-01  1.9578065090e+00  2.2690338410e+00  2.5237556470e+00
    6.6800000000e+00 -9.1827116000e-02 -1.7077511500e-01  3.6939782500e-01  1.9558439920e+00  2.2617720230e+00  2.5338278510e+00
    6.6900000000e+00 -8.3903120000e-02 -1.6558649000e-01  3.6619086900e-01  1.9545471920e+00  2.2549025890e+00  2.5440153830e+00
    6.7000000000e+00 -7.6406133000e-02 -1.6025554600e-01  3.6186760300e-01  1.9538777910e+00  2.2484397160e+00  2.5542058420e+00
    6.7100000000e+00 -6.9411624000e-02 -1.5483731600e-01  3.5639802700e-01  1.9537863600e+00  2.2423865720e+00  2.5642746450e+00
    6.7200000000e+00 -6.2989226000e-02 -1.4938158800e-01  3.4977327500e-01  1.9542129300e+00  2.2367374420e+00  2.5740898030e+00
    6.7300000000e+00 -5.7201374000e-02 -1.4393161500e-01  3.4200660600e-01  1.9550875990e+00  2.2314802860e+00  2.5835170930e+00
    6.7400000000e+00 -5.2101911000e-02 -1.3852378500e-01  3.3313285000e-01  1.9563312270e+00  2.2265993840e+00  2.5924250960e+00
    6.7500000000e+00 -4.7734650000e-02 -1.3318820400e-01  3.2320645600e-01  1.9578562850e+00  2.2220777420e+00  2.6006895640e+00
    6.7600000000e+00 -4.4131906000e-02 -1.2795004300e-01  3.1229852900e-01  1.9595679530e+00  2.2178989340e+00  2.6081967100e+00
    6.7700000000e+00 -4.1313052000e-02 -1.2283135800e-01  3.0049337600e-01  1.9613654820e+00  2.2140481460e+00  2.6148451260e+00
    6.7800000000e+00 -3.9283161000e-02 -1.1785303400e-01  2.8788521100e-01  1.9631438940e+00  2.2105123110e+00  2.6205463380e+00
    6.7900000000e+00 -3.8031790000e-02 -1.1303647600e-01  2.7457558100e-01  1.9647960290e+00  2.2072793750e+00  2.6252242880e+00
    6.8000000000e+00 -3.7532019000e-02 -1.0840470300e-01  2.6067190800e-01  1.9662149780e+00  2.2043368690e+00  2.6288143360e+00
    6.8100000000e+00 -3.7739855000e-02 -1.0398260900e-01  2.4628713000e-01  1.9672969150e+00  2.2016701210e+00  2.6312624820e+00
    6.8200000000e+00 -3.8594182000e-02 -9.9796321000e-02  2.3154003900e-01  1.9679442940e+00  2.1992605060e+00  2.6325254370e+00
    6.8300000000e+00 -4.0017443000e-02 -9.5871766000e-02  2.1655560800e-01  1.9680692890e+00  2.1970841270e+00  2.6325717900e+00
    6.8400000000e+00 -4.1917218000e-02 -9.2232732000e-02  2.0146455600e-01  1.9675972520e+00  2.1951112100e+00  2.6313840730e+00
    6.8500000000e+00 -4.4188727000e-02 -8.8898788000e-02  1.8640168500e-01  1.9664698760e+00  2.1933063310e+00  2.6289611100e+00
    6.8600000000e+00 -4.6718171000e-02 -8.5883386000e-02  1.7150295800e-01  1.9646477310e+00  2.1916294100e+00  2.6253198420e+00
    6.8700000000e+00 -4.9386657000e-02 -8.3192402000e-02  1.5690179200e-01  1.9621119400e+00  2.1900372930e+00  2.6204960180e+00
    6.8800000000e+00 -5.2074412000e-02 -8.0823215000e-02  1.4272526200e-01  1.9588648680e+00  2.1884857180e+00  2.6145435130e+00
    6.8900000000e+00 -5.4665005000e-02 -7.8764380000e-02  1.2909088400e-01  1.9549298710e+00  2.1869314770e+00  2.6075324880e+00
    6.9000000000e+00 -5.7049383000e-02 -7.6995876000e-02  1.1610436200e-01  1.9503501650e+00  2.1853346300e+00  2.5995469060e+00
    6.9100000000e+00 -5.9129599000e-02 -7.5489943000e-02  1.0385831900e-01  1.9451869240e+00  2.1836606520e+00  2.5906819730e+00
    6.9200000000e+00 -6.0822122000e-02 -7.4212501000e-02  9.2431722000e-02  1.9395166330e+00  2.1818823570e+00  2.5810419230e+00
    6.9300000000e+00 -6.2060571000e-02 -7.3125108000e-02  8.1889587000e-02  1.9334277400e+00  2.1799814490e+00  2.5707383130e+00
    6.9400000000e+00 -6.2797682000e-02 -7.2187370000e-02  7.2282574000e-02  1.9270166870e+00  2.1779495250e+00  2.5598887100e+00
    6.9500000000e+00 -6.3006302000e-02 -7.1359624000e-02  6.3646218000e-02  1.9203834960e+00  2.1757883850e+00  2.5486154480e+00
    6.9600000000e+00 -6.2679235000e-02 -7.0605716000e-02  5.5999836000e-02  1.9136271840e+00  2.1735095690e+00  2.5370440590e+00
    6.9700000000e+00 -6.1827919000e-02 -6.9895620000e-02  4.9345340000e-02  1.9068413540e+00  2.1711330770e+00  2.5253010400e+00
    6.9800000000e+00 -6.0479981000e-02 -6.9207668000e-02  4.3666447000e-02  1.9001103220e+00  2.1686853250e+00  2.5135108000e+00
    6.9900000000e+00 -5.8675905000e-02 -6.8530145000e-02  3.8928776000e-02  1.8935060810e+00  2.1661964210e+00  2.5017919570e+00
    7.0000000000e+00 -5.6465073000e-02 -6.7862010000e-02  3.5081262000e-02  1.8870863200e+00  2.1636969500e+00  2.4902534120e+00
    7.0100000000e+00 -5.3901514000e-02 -6.7212549000e-02  3.2058998000e-02  1.8808936240e+00  2.1612145630e+00  2.4789908790e+00
    7.0200000000e+00 -5.1039689000e-02 -6.6599878000e-02  2.9787282000e-02  1.8749558710e+00  2.1587707310e+00  2.4680845650e+00
    7.0300000000e+00 -4.7930634000e-02 -6.6048326000e-02  2.8186253000e-02  1.8692877970e+00  2.1563781200e+00  2.4575985410e+00
    7.0400000000e+00 -4.4618782000e-02 -6.5584965000e-02  2.7175262000e-02  1.8638936120e+00  2.1540390010e+00  2.4475819760e+00
    7.0500000000e+00 -4.1139801000e-02 -6.5235712000e-02  2.6676105000e-02  1.8587704390e+00  2.1517450540e+00  2.4380719550e+00
    7.0600000000e+00 -3.7519695000e-02 -6.5021609000e-02  2.6614451000e-02  1.8539122660e+00  2.1494786550e+00  2.4290971700e+00
    7.0700000000e+00 -3.3775361000e-02 -6.4955895000e-02  2.6919221000e-02  1.8493139090e+00  2.1472155040e+00  2.4206814890e+00
    7.0800000000e+00 -2.9916534000e-02 -6.5042385000e-02  2.7520221000e-02  1.8449744580e+00  2.1449281150e+00  2.4128463740e+00
    7.0900000000e+00 -2.5948838000e-02 -6.5275362000e-02  2.8344825000e-02  1.8408996710e+00  2.1425895400e+00  2.4056114000e+00
    7.1000000000e+00 -2.1877429000e-02 -6.5640888000e-02  2.9314801000e-02  1.8371029720e+00  2.1401766440e+00  2.3989925690e+00
    7.1100000000e+00 -1.7710606000e-02 -6.6119114000e-02  3.0344413000e-02  1.8336049850e+00  2.1376724380e+00  2.3929987650e+00
    7.1200000000e+00 -1.3462830000e-02 -6.6687059000e-02  3.1340613000e-02  1.8304318010e+00  2.1350672520e+00  2.3876271980e+00
    7.1300000000e+00 -9.1567890000e-03 -6.7321351000e-02  3.2205585000e-02  1.8276124140e+00  2.1323588020e+00  2.3828589950e+00
    7.1400000000e+00 -4.8243870000e-03 -6.8000569000e-02  3.2841319000e-02  1.8251758010e+00  2.1295513920e+00  2.3786560390e+00
    7.1500000000e+00 -5.0678200000e-04 -6.8707038000e-02  3.3155390000e-02  1.8231480400e+00  2.1266545140e+00  2.3749598440e+00
    7.1600000000e+00  3.7463350000e-03 -6.9427991000e-02  3.3066905000e-02  1.8215496980e+00  2.1236810800e+00  2.3716927150e+00
    7.1700000000e+00  7.8780080000e-03 -7.0156076000e-02  3.2511700000e-02  1.8203935790e+00  2.1206454630e+00  2.3687609430e+00
    7.1800000000e+00  1.1825711000e-02 -7.0889186000e-02  3.1446118000e-02  1.8196828340e+00  2.1175615380e+00  2.3660594680e+00
    7.1900000000e+00  1.5523429000e-02 -7.1629593000e-02  2.9849091000e-02  1.8194094580e+00  2.1144409370e+00  2.3634773120e+00
    7.2000000000e+00  1.8904100000e-02 -7.2382519000e-02  2.7722535000e-02  1.8195532320e+00  2.1112917920e+00  2.3609031420e+00
    7.2100000000e+00  2.1902352000e-02 -7.3154348000e-02  2.5090235000e-02  1.8200812390e+00  2.1081181630e+00  2.3582304650e+00
    7.2200000000e+00  2.4457408000e-02 -7.3950802000e-02  2.1995515000e-02  1.8209480740e+00  2.1049202540e+00  2.3553620860e+00
    7.2300000000e+00  2.6515937000e-02 -7.4775437000e-02  1.8498019000e-02  1.8220968250e+00  2.1016953490e+00  2.3522135580e+00
    7.2400000000e+00  2.8034621000e-02 -7.5628693000e-02  1.4670006000e-02  1.8234608200e+00  2.0984392600e+00  2.3487154990e+00
    7.2500000000e+00  2.8982178000e-02 -7.6507677000e-02  1.0592570000e-02  1.8249660180e+00  2.0951479750e+00  2.3448147550e+00
    7.2600000000e+00  2.9340682000e-02 -7.7406625000e-02  6.3521650000e-03  1.8265338480e+00  2.0918192070e+00  2.3404745850e+00
    7.2700000000e+00  2.9106069000e-02 -7.8317915000e-02  2.0377050000e-03  1.8280842550e+00  2.0884535710e+00  2.3356741780e+00
    7.2800000000e+00  2.8287867000e-02 -7.9233407000e-02 -2.2617190000e-03  1.8295386760e+00  2.0850552750e+00  2.3304078820e+00
    7.2900000000e+00  2.6908236000e-02 -8.0145906000e-02 -6.4586230000e-03  1.8308227820e+00  2.0816322990e+00  2.3246844610e+00
    7.3000000000e+00  2.5000448000e-02 -8.1050599000e-02 -1.0468690000e-02  1.8318688340e+00  2.0781961200e+00  2.3185265590e+00
    7.3100000000e+00  2.2606905000e-02 -8.1946412000e-02 -1.4212396000e-02  1.8326175970e+00  2.0747610250e+00  2.3119703450e+00
    7.3200000000e+00  1.9776796000e-02 -8.2837231000e-02 -1.7616917000e-02  1.8330197350e+00  2.0713430070e+00  2.3050651800e+00
    7.3300000000e+00  1.6563441000e-02 -8.3732894000e-02 -2.0618413000e-02  1.8330365990e+00  2.0679581830e+00  2.2978730170e+00
    7.3400000000e+00  1.3021470000e-02 -8.4649739000e-02 -2.3164598000e-02  1.8326402550e+00  2.0646206970e+00  2.2904672530e+00
    7.3500000000e+00  9.2040640000e-03 -8.5610397000e-02 -2.5217377000e-02  1.8318126350e+00  2.0613401960e+00  2.2829307850e+00
    7.3600000000e+00  5.1606130000e-03 -8.6642540000e-02 -2.6755210000e-02  1.8305437840e+00  2.0581191910e+00  2.2753531440e+00
    7.3700000000e+00  9.3516800000e-04 -8.7776443000e-02 -2.7774747000e-02  1.8288293490e+00  2.0549507860e+00  2.2678267560e+00
    7.3800000000e+00 -3.4339740000e-03 -8.9041496000e-02 -2.8291383000e-02  1.8266676900e+00  2.0518173780e+00  2.2604426210e+00
    7.3900000000e+00 -7.9134580000e-03 -9.0462121000e-02 -2.8338470000e-02  1.8240571230e+00  2.0486908180e+00  2.2532858440e+00
    7.4000000000e+00 -1.2472971000e-02 -9.2053788000e-02 -2.7965237000e-02  1.8209938610e+00  2.0455343170e+00  2.2464315620e+00
    7.4100000000e+00 -1.7082682000e-02 -9.3819934000e-02 -2.7233635000e-02  1.8174710340e+00  2.0423059660e+00  2.2399417030e+00
    7.4200000000e+00 -2.1710577000e-02 -9.5750479000e-02 -2.6214529000e-02  1.8134789840e+00  2.0389633960e+00  2.2338628500e+00
    7.4300000000e+00 -2.6320229000e-02 -9.7822338000e-02 -2.4983650000e-02  1.8090066970e+00  2.0354687720e+00  2.2282252740e+00
    7.4400000000e+00 -3.0869417000e-02 -1.0000192700e-01 -2.3617656000e-02  1.8040440340e+00  2.0317932220e+00  2.2230430490e+00
    7.4500000000e+00 -3.5309798000e-02 -1.0224921800e-01 -2.2190565000e-02  1.7985843460e+00  2.0279198760e+00  2.2183151130e+00
    7.4600000000e+00 -3.9587617000e-02 -1.0452258900e-01 -2.0770742000e-02  1.7926269980e+00  2.0238449990e+00  2.2140270700e+00
    7.4700000000e+00 -4.3645322000e-02 -1.0678355300e-01 -1.9418596000e-02  1.7861794690e+00  2.0195771100e+00  2.2101535740e+00
    7.4800000000e+00 -4.7423832000e-02 -1.0900054100e-01 -1.8185089000e-02  1.7792587430e+00  2.0151344210e+00  2.2066610170e+00
    7.4900000000e+00 -5.0865154000e-02 -1.1115119100e-01 -1.7111067000e-02  1.7718918250e+00  2.0105412290e+00  2.2035102870e+00
    7.5000000000e+00 -5.3915021000e-02 -1.1322298600e-01 -1.6227353000e-02  1.7641153280e+00  2.0058240510e+00  2.2006593090e+00
    7.5100000000e+00 -5.6525181000e-02 -1.1521243100e-01 -1.5555396000e-02  1.7559741630e+00  2.0010081810e+00  2.1980651690e+00
    7.5200000000e+00 -5.8655018000e-02 -1.1712323500e-01 -1.5108268000e-02  1.7475195830e+00  1.9961151340e+00  2.1956857200e+00
    7.5300000000e+00 -6.0272289000e-02 -1.1896401400e-01 -1.4891737000e-02  1.7388068810e+00  1.9911611400e+00  2.1934806710e+00
    7.5400000000e+00 -6.1352951000e-02 -1.2074597700e-01 -1.4905269000e-02  1.7298932140e+00  1.9861566130e+00  2.1914122710e+00
    7.5500000000e+00 -6.1880260000e-02 -1.2248090900e-01 -1.5142813000e-02  1.7208359020e+00  1.9811063810e+00  2.1894457240e+00
    7.5600000000e+00 -6.1843517000e-02 -1.2417958700e-01 -1.5593351000e-02  1.7116914680e+00  1.9760104150e+00  2.1875494890e+00
    7.5700000000e+00 -6.1236846000e-02 -1.2585070800e-01 -1.6241221000e-02  1.7025153950e+00  1.9708648250e+00  2.1856956460e+00
    7.5800000000e+00 -6.0058349000e-02 -1.2750025600e-01 -1.7066307000e-02  1.6933624350e+00  1.9656629280e+00  2.1838604460e+00
    7.5900000000e+00 -5.8309768000e-02 -1.2913126200e-01 -1.8044234000e-02  1.6842871200e+00  1.9603962380e+00  2.1820251570e+00
    7.6000000000e+00 -5.5996604000e-02 -1.3074381800e-01 -1.9146800000e-02  1.6753442260e+00  1.9550552710e+00  2.1801772570e+00
    7.6100000000e+00 -5.3128537000e-02 -1.3233522500e-01 -2.0342881000e-02  1.6665889920e+00  1.9496301520e+00  2.1783118770e+00
    7.6200000000e+00 -4.9719958000e-02 -1.3390014400e-01 -2.1600041000e-02  1.6580770630e+00  1.9441110250e+00  2.1764332690e+00
    7.6300000000e+00 -4.5790513000e-02 -1.3543067900e-01 -2.2886951000e-02  1.6498642130e+00  1.9384883650e+00  2.1745559270e+00
    7.6400000000e+00 -4.1365613000e-02 -1.3691637500e-01 -2.4176477000e-02  1.6420059000e+00  1.9327532840e+00  2.1727049300e+00
    7.6500000000e+00 -3.6476910000e-02 -1.3834415600e-01 -2.5449128000e-02  1.6345566630e+00  1.9268979050e+00  2.1709151680e+00
    7.6600000000e+00 -3.1162744000e-02 -1.3969828800e-01 -2.6696350000e-02  1.6275693510e+00  1.9209158490e+00  2.1692292640e+00
    7.6700000000e+00 -2.5468489000e-02 -1.4096042800e-01 -2.7923100000e-02  1.6210941320e+00  1.9148028310e+00  2.1676942940e+00
    7.6800000000e+00 -1.9446722000e-02 -1.4210982200e-01 -2.9149266000e-02  1.6151772920e+00  1.9085573330e+00  2.1663576490e+00
    7.6900000000e+00 -1.3157116000e-02 -1.4312367700e-01 -3.0409647000e-02  1.6098598740e+00  1.9021812910e+00  2.1652625110e+00
    7.7000000000e+00 -6.6659920000e-03 -1.4397772400e-01 -3.1752455000e-02  1.6051762290e+00  1.8956807720e+00  2.1644435120e+00
    7.7100000000e+00 -4.5507000000e-05 -1.4464698100e-01 -3.3236516000e-02  1.6011525980e+00  1.8890665770e+00  2.1639230770e+00
    7.7200000000e+00  6.6275250000e-03 -1.4510674200e-01 -3.4927492000e-02  1.5978058190e+00  1.8823547430e+00  2.1637088170e+00
    7.7300000000e+00  1.3273142000e-02 -1.4533380400e-01 -3.6893538000e-02  1.5951422710e+00  1.8755668430e+00  2.1637922110e+00
    7.7400000000e+00  1.9810016000e-02 -1.4530791700e-01 -3.9200824000e-02  1.5931571220e+00  1.8687299630e+00  2.1641486570e+00
    7.7500000000e+00  2.6157430000e-02 -1.4501335200e-01 -4.1909348000e-02  1.5918339810e+00  1.8618762260e+00  2.1647388450e+00
    7.7600000000e+00  3.2237352000e-02 -1.4444042200e-01 -4.5069425000e-02  1.5911450090e+00  1.8550417570e+00  2.1655113140e+00
    7.7700000000e+00  3.7976446000e-02 -1.4358669800e-01 -4.8719212000e-02  1.5910515080e+00  1.8482650820e+00  2.1664059330e+00
    7.7800000000e+00  4.3307886000e-02 -1.4245770100e-01 -5.2883577000e-02  1.5915049760e+00  1.8415850710e+00  2.1673579320e+00
    7.7900000000e+00  4.8172833000e-02 -1.4106685000e-01 -5.7574501000e-02  1.5924485180e+00  1.8350386430e+00  2.1683019390e+00
    7.8000000000e+00  5.2521489000e-02 -1.3943460500e-01 -6.2792918000e-02  1.5938184720e+00  1.8286585370e+00  2.1691753730e+00
    7.8100000000e+00  5.6313723000e-02 -1.3758684500e-01 -6.8531632000e-02  1.5955461030e+00  1.8224714640e+00  2.1699205960e+00
    7.8200000000e+00  5.9519341000e-02 -1.3555266400e-01 -7.4778623000e-02  1.5975591990e+00  1.8164969410e+00  2.1704854370e+00
    7.8300000000e+00  6.2118108000e-02 -1.3336188800e-01 -8.1519896000e-02  1.5997835410e+00  1.8107469970e+00  2.1708220700e+00
    7.8400000000e+00  6.4099614000e-02 -1.3104268900e-01 -8.8741138000e-02  1.6021442190e+00  1.8052268030e+00  2.1708846910e+00
    7.8500000000e+00  6.5463051000e-02 -1.2861964100e-01 -9.6427733000e-02  1.6045668530e+00  1.7999361120e+00  2.1706267310e+00
    7.8600000000e+00  6.6216905000e-02 -1.2611251000e-01 -1.0456311200e-01  1.6069787650e+00  1.7948712630e+00  2.1699985030e+00
    7.8700000000e+00  6.6378519000e-02 -1.2353590300e-01 -1.1312587700e-01  1.6093101300e+00  1.7900274060e+00  2.1689460400e+00
    7.8800000000e+00  6.5973495000e-02 -1.2089978000e-01 -1.2208641700e-01  1.6114950580e+00  1.7854005860e+00  2.1674115800e+00
    7.8900000000e+00  6.5034932000e-02 -1.1821065800e-01 -1.3140386400e-01  1.6134725760e+00  1.7809893980e+00  2.1653357350e+00
    7.9000000000e+00  6.3602527000e-02 -1.1547328100e-01 -1.4102408200e-01  1.6151874270e+00  1.7767959970e+00  2.1626610010e+00
    7.9100000000e+00  6.1721610000e-02 -1.1269246200e-01 -1.5087917500e-01  1.6165906690e+00  1.7728263800e+00  2.1593360180e+00
    7.9200000000e+00  5.9442195000e-02 -1.0987480800e-01 -1.6088861200e-01  1.6176400760e+00  1.7690899570e+00  2.1553198850e+00
    7.9300000000e+00  5.6818102000e-02 -1.0703009500e-01 -1.7096184800e-01  1.6183003830e+00  1.7655985380e+00  2.1505859010e+00
    7.9400000000e+00  5.3906189000e-02 -1.0417210600e-01 -1.8100204300e-01  1.6185434640e+00  1.7623649440e+00  2.1451242730e+00
    7.9500000000e+00  5.0765670000e-02 -1.0131887600e-01 -1.9091042400e-01  1.6183485180e+00  1.7594014870e+00  2.1389435210e+00
    7.9600000000e+00  4.7457449000e-02 -9.8492380000e-02 -2.0059081900e-01  1.6177023330e+00  1.7567185560e+00  2.1320704980e+00
    7.9700000000e+00  4.4043370000e-02 -9.5717792000e-02 -2.0995389100e-01  1.6165996410e+00  1.7543234960e+00  2.1245491100e+00
    7.9800000000e+00  4.0585252000e-02 -9.3022493000e-02 -2.1892069900e-01  1.6150434930e+00  1.7522198800e+00  2.1164379240e+00
    7.9900000000e+00  3.7143671000e-02 -9.0435015000e-02 -2.2742527900e-01  1.6130455280e+00  1.7504071890e+00  2.1078070060e+00
    8.0000000000e+00  3.3776509000e-02 -8.7984066000e-02 -2.3541608600e-01  1.6106259670e+00  1.7488808220e+00  2.0987343830e+00
    8.0100000000e+00  3.0537390000e-02 -8.5697721000e-02 -2.4285630600e-01  1.6078131930e+00  1.7476323580e+00  2.0893025990e+00
    8.0200000000e+00  2.7474213000e-02 -8.3602818000e-02 -2.4972326600e-01  1.6046428710e+00  1.7466499300e+00  2.0795957410e+00
    8.0300000000e+00  2.4627983000e-02 -8.1724517000e-02 -2.5600729500e-01  1.6011566620e+00  1.7459186440e+00  2.0696971970e+00
    8.0400000000e+00  2.2032102000e-02 -8.0085983000e-02 -2.6171047500e-01  1.5974007050e+00  1.7454209810e+00  2.0596881560e+00
    8.0500000000e+00  1.9712142000e-02 -7.8708134000e-02 -2.6684561900e-01  1.5934241150e+00  1.7451371810e+00  2.0496466540e+00
    8.0600000000e+00  1.7686021000e-02 -7.7609427000e-02 -2.7143564100e-01  1.5892777000e+00  1.7450456360e+00  2.0396468340e+00
    8.0700000000e+00  1.5964355000e-02 -7.6805693000e-02 -2.7551327700e-01  1.5850130400e+00  1.7451233090e+00  2.0297580630e+00
    8.0800000000e+00  1.4550745000e-02 -7.6310044000e-02 -2.7912087100e-01  1.5806819120e+00  1.7453462070e+00  2.0200436740e+00
    8.0900000000e+00  1.3441794000e-02 -7.6132897000e-02 -2.8230993200e-01  1.5763358830e+00  1.7456898530e+00  2.0105593020e+00
    8.1000000000e+00  1.2626798000e-02 -7.6282102000e-02 -2.8514015000e-01  1.5720258200e+00  1.7461297540e+00  2.0013509690e+00
    8.1100000000e+00  1.2087213000e-02 -7.6763188000e-02 -2.8767772300e-01  1.5678010550e+00  1.7466417960e+00  1.9924531940e+00
    8.1200000000e+00  1.1796162000e-02 -7.7579693000e-02 -2.8999299100e-01  1.5637080110e+00  1.7472025530e+00  1.9838874560e+00
    8.1300000000e+00  1.1718314000e-02 -7.8733530000e-02 -2.9215751300e-01  1.5597883110e+00  1.7477894820e+00  1.9756612860e+00
    8.1400000000e+00  1.1810456000e-02 -8.0225372000e-02 -2.9424080400e-01  1.5560765590e+00  1.7483810230e+00  1.9677682100e+00
    8.1500000000e+00  1.2022944000e-02 -8.2055029000e-02 -2.9630704600e-01  1.5525981250e+00  1.7489566030e+00  1.9601886820e+00
    8.1600000000e+00  1.2302001000e-02 -8.4221825000e-02 -2.9841214800e-01  1.5493673830e+00  1.7494965660e+00  1.9528920090e+00
    8.1700000000e+00  1.2592654000e-02 -8.6724968000e-02 -3.0060151700e-01  1.5463867510e+00  1.7499820080e+00  1.9458391390e+00
    8.1800000000e+00  1.2841918000e-02 -8.9563918000e-02 -3.0290887400e-01  1.5436467680e+00  1.7503944880e+00  1.9389859940e+00
    8.1900000000e+00  1.3001788000e-02 -9.2738692000e-02 -3.0535624900e-01  1.5411272290e+00  1.7507155750e+00  1.9322868840e+00
    8.2000000000e+00  1.3031641000e-02 -9.6250023000e-02 -3.0795508400e-01  1.5387992100e+00  1.7509262170e+00  1.9256975430e+00
    8.2100000000e+00  1.2899790000e-02 -1.0009926300e-01 -3.1070816600e-01  1.5366276700e+00  1.7510059810e+00  1.9191773620e+00
    8.2200000000e+00  1.2584056000e-02 -1.0428795100e-01 -3.1361192900e-01  1.5345742570e+00  1.7509322880e+00  1.9126906250e+00
    8.2300000000e+00  1.2071408000e-02 -1.0881704000e-01 -3.1665869700e-01  1.5325999530e+00  1.7506797900e+00  1.9062067570e+00
    8.2400000000e+00  1.1356830000e-02 -1.1368584900e-01 -3.1983844900e-01  1.5306672210e+00  1.7502200620e+00  1.8996997910e+00
    8.2500000000e+00  1.0441707000e-02 -1.1889091400e-01 -3.2313989400e-01  1.5287414480e+00  1.7495216980e+00  1.8931473970e+00
    8.2600000000e+00  9.3320620000e-03 -1.2442491000e-01 -3.2655080200e-01  1.5267915820e+00  1.7485508170e+00  1.8865298790e+00
    8.2700000000e+00  8.0369970000e-03 -1.3027581200e-01 -3.3005771900e-01  1.5247900300e+00  1.7472719050e+00  1.8798294790e+00
    8.2800000000e+00  6.5676240000e-03 -1.3642637000e-01 -3.3364535400e-01  1.5227120270e+00  1.7456488200e+00  1.8730302580e+00
    8.2900000000e+00  4.9366210000e-03 -1.4285390800e-01 -3.3729598800e-01  1.5205347930e+00  1.7436458300e+00  1.8661186120e+00
    8.3000000000e+00  3.1583980000e-03 -1.4953035000e-01 -3.4098925800e-01  1.5182368050e+00  1.7412285340e+00  1.8590843600e+00
    8.3100000000e+00  1.2497220000e-03 -1.5642231200e-01 -3.4470259000e-01  1.5157974600e+00  1.7383646490e+00  1.8519221400e+00
    8.3200000000e+00 -7.6947500000e-04 -1.6349116300e-01 -3.4841243100e-01  1.5131972840e+00  1.7350247470e+00  1.8446327860e+00
    8.3300000000e+00 -2.8753770000e-03 -1.7069301200e-01 -3.5209625500e-01  1.5104187140e+00  1.7311831130e+00  1.8372242850e+00
    8.3400000000e+00 -5.0399320000e-03 -1.7797874500e-01 -3.5573518800e-01  1.5074473820e+00  1.7268188730e+00  1.8297119450e+00
    8.3500000000e+00 -7.2310600000e-03 -1.8529438200e-01 -3.5931687300e-01  1.5042736770e+00  1.7219174570e+00  1.8221174660e+00
    8.3600000000e+00 -9.4135560000e-03 -1.9258200900e-01 -3.6283811400e-01  1.5008943660e+00  1.7164722500e+00  1.8144667740e+00
    8.3700000000e+00 -1.1550687000e-02 -1.9978146500e-01 -3.6630672600e-01  1.4973139380e+00  1.7104861050e+00  1.8067867070e+00
    8.3800000000e+00 -1.3606367000e-02 -2.0683275100e-01 -3.6974207300e-01  1.4935454160e+00  1.7039723030e+00  1.7991008910e+00
    8.3900000000e+00 -1.5547694000e-02 -2.1367885100e-01 -3.7317397300e-01  1.4896103520e+00  1.6969545910e+00  1.7914254010e+00
    8.4000000000e+00 -1.7347482000e-02 -2.2026850100e-01 -3.7663991300e-01  1.4855379110e+00  1.6894661640e+00  1.7837649330e+00
    8.4100000000e+00 -1.8986417000e-02 -2.2655844400e-01 -3.8018090100e-01  1.4813630400e+00  1.6815476750e+00  1.7761101510e+00
    8.4200000000e+00 -2.0454482000e-02 -2.3251478300e-01 -3.8383651700e-01  1.4771239420e+00  1.6732446380e+00  1.7684367200e+00
    8.4300000000e+00 -2.1751402000e-02 -2.3811332400e-01 -3.8763992100e-01  1.4728591860e+00  1.6646046480e+00  1.7607061730e+00
    8.4400000000e+00 -2.2886047000e-02 -2.4333898300e-01 -3.9161351900e-01  1.4686048870e+00  1.6556748490e+00  1.7528684580e+00
    8.4500000000e+00 -2.3874927000e-02 -2.4818450700e-01 -3.9576586600e-01  1.4643923690e+00  1.6464999510e+00  1.7448657250e+00
    8.4600000000e+00 -2.4740070000e-02 -2.5264881000e-01 -4.0009007100e-01  1.4602466110e+00  1.6371209370e+00  1.7366367280e+00
    8.4700000000e+00 -2.5506706000e-02 -2.5673524100e-01 -4.0456372400e-01  1.4561856260e+00  1.6275744710e+00  1.7281212350e+00
    8.4800000000e+00 -2.6201127000e-02 -2.6045000500e-01 -4.0915007100e-01  1.4522206670e+00  1.6178928930e+00  1.7192639060e+00
    8.4900000000e+00 -2.6849050000e-02 -2.6380093200e-01 -4.1380002300e-01  1.4483570570e+00  1.6081046530e+00  1.7100173660e+00
    8.5000000000e+00 -2.7474569000e-02 -2.6679663800e-01 -4.1845457200e-01  1.4445952830e+00  1.5982349600e+00  1.7003443910e+00
    8.5100000000e+00 -2.8099667000e-02 -2.6944608100e-01 -4.2304725900e-01  1.4409320710e+00  1.5883064770e+00  1.6902193520e+00
    8.5200000000e+00 -2.8744086000e-02 -2.7175842800e-01 -4.2750654800e-01  1.4373612430e+00  1.5783399190e+00  1.6796291810e+00
    8.5300000000e+00 -2.9425357000e-02 -2.7374310800e-01 -4.3175813600e-01  1.4338743000e+00  1.5683544930e+00  1.6685740500e+00
    8.5400000000e+00 -3.0158801000e-02 -2.7540997900e-01 -4.3572734500e-01  1.4304608210e+00  1.5583681520e+00  1.6570678700e+00
    8.5500000000e+00 -3.0957467000e-02 -2.7676953100e-01 -4.3934178600e-01  1.4271087850e+00  1.5483976810e+00  1.6451384950e+00
    8.5600000000e+00 -3.1832021000e-02 -2.7783306600e-01 -4.4253430700e-01  1.4238049380e+00  1.5384586280e+00  1.6328274110e+00
    8.5700000000e+00 -3.2790683000e-02 -2.7861282500e-01 -4.4524609000e-01  1.4205352360e+00  1.5285650750e+00  1.6201886110e+00
    8.5800000000e+00 -3.3839286000e-02 -2.7912198200e-01 -4.4742954200e-01  1.4172853290e+00  1.5187292750e+00  1.6072865030e+00
    8.5900000000e+00 -3.4981493000e-02 -2.7937443300e-01 -4.4905053000e-01  1.4140410070e+00  1.5089611990e+00  1.5941929010e+00
    8.6000000000e+00 -3.6219138000e-02 -2.7938431300e-01 -4.5008957700e-01  1.4107885260e+00  1.4992680810e+00  1.5809833850e+00
    8.6100000000e+00 -3.7552619000e-02 -2.7916521500e-01 -4.5054180900e-01  1.4075147580e+00  1.4896541230e+00  1.5677335210e+00
    8.6200000000e+00 -3.8981268000e-02 -2.7872917600e-01 -4.5041571800e-01  1.4042071750e+00  1.4801204920e+00  1.5545154670e+00
    8.6300000000e+00 -4.0503606000e-02 -2.7808556100e-01 -4.4973107500e-01  1.4008536970e+00  1.4706657870e+00  1.5413953810e+00
    8.6400000000e+00 -4.2117486000e-02 -2.7724007900e-01 -4.4851642300e-01  1.3974424770e+00  1.4612870090e+00  1.5284318080e+00
    8.6500000000e+00 -4.3820084000e-02 -2.7619417800e-01 -4.4680661300e-01  1.3939616670e+00  1.4519809820e+00  1.5156750020e+00
    8.6600000000e+00 -4.5607774000e-02 -2.7494502100e-01 -4.4464066100e-01  1.3903992270e+00  1.4427460690e+00  1.5031669200e+00
    8.6700000000e+00 -4.7475895000e-02 -2.7348616800e-01 -4.4206003600e-01  1.3867428030e+00  1.4335838760e+00  1.4909416070e+00
    8.6800000000e+00 -4.9418452000e-02 -2.7180893400e-01 -4.3910731600e-01  1.3829797130e+00  1.4245006830e+00  1.4790257530e+00
    8.6900000000e+00 -5.1427775000e-02 -2.6990428900e-01 -4.3582510600e-01  1.3790970710e+00  1.4155082970e+00  1.4674393230e+00
    8.7000000000e+00 -5.3494214000e-02 -2.6776505400e-01 -4.3225515500e-01  1.3750820460e+00  1.4066241410e+00  1.4561962630e+00
    8.7100000000e+00 -5.5605888000e-02 -2.6538805900e-01 -4.2843766900e-01  1.3709222500e+00  1.3978704850e+00  1.4453052960e+00
    8.7200000000e+00 -5.7748564000e-02 -2.6277592700e-01 -4.2441089300e-01  1.3666062140e+00  1.3892728420e+00  1.4347707750e+00
    8.7300000000e+00 -5.9905648000e-02 -2.5993814400e-01 -4.2021097300e-01  1.3621239180e+00  1.3808577380e+00  1.4245934880e+00
    8.7400000000e+00 -6.2058322000e-02 -2.5689118400e-01 -4.1587207200e-01  1.3574673320e+00  1.3726501720e+00  1.4147712840e+00
    8.7500000000e+00 -6.4185792000e-02 -2.5365760800e-01 -4.1142659300e-01  1.3526309430e+00  1.3646711910e+00  1.4052994300e+00
    8.7600000000e+00 -6.6265676000e-02 -2.5026427800e-01 -4.0690535000e-01  1.3476122470e+00  1.3569360190e+00  1.3961706980e+00
    8.7700000000e+00 -6.8274506000e-02 -2.4673996500e-01 -4.0233755200e-01  1.3424121880e+00  1.3494530580e+00  1.3873752900e+00
    8.7800000000e+00 -7.0188361000e-02 -2.4311281700e-01 -3.9775053800e-01  1.3370354860e+00  1.3422239530e+00  1.3789007470e+00
    8.7900000000e+00 -7.1983594000e-02 -2.3940813800e-01 -3.9316931500e-01  1.3314908370e+00  1.3352446570e+00  1.3707320140e+00
    8.8000000000e+00 -7.3637612000e-02 -2.3564686800e-01 -3.8861603300e-01  1.3257909430e+00  1.3285072550e+00  1.3628517660e+00
    8.8100000000e+00 -7.5129671000e-02 -2.3184500500e-01 -3.8410956300e-01  1.3199523740e+00  1.3220021410e+00  1.3552409910e+00
    8.8200000000e+00 -7.6441643000e-02 -2.2801398000e-01 -3.7966532100e-01  1.3139952760e+00  1.3157201140e+00  1.3478797570e+00
    8.8300000000e+00 -7.7558763000e-02 -2.2416181600e-01 -3.7529540600e-01  1.3079429210e+00  1.3096540090e+00  1.3407479790e+00
    8.8400000000e+00 -7.8470308000e-02 -2.2029476100e-01 -3.7100901600e-01  1.3018210990e+00  1.3037996110e+00  1.3338260480e+00
    8.8500000000e+00 -7.9170207000e-02 -2.1641904100e-01 -3.6681301800e-01  1.2956573070e+00  1.2981557690e+00  1.3270951810e+00
    8.8600000000e+00 -7.9657489000e-02 -2.1254238800e-01 -3.6271250000e-01  1.2894797410e+00  1.2927238100e+00  1.3205374810e+00
    8.8700000000e+00 -7.9936474000e-02 -2.0867511800e-01 -3.5871118800e-01  1.2833160880e+00  1.2875064310e+00  1.3141357760e+00
    8.8800000000e+00 -8.0016611000e-02 -2.0483066200e-01 -3.5481163300e-01  1.2771922160e+00  1.2825063440e+00  1.3078733460e+00
    8.8900000000e+00 -7.9911893000e-02 -2.0102553600e-01 -3.5101519300e-01  1.2711308840e+00  1.2777248840e+00  1.3017336840e+00
    8.9000000000e+00 -7.9639857000e-02 -1.9727885600e-01 -3.4732186000e-01  1.2651506450e+00  1.2731607560e+00  1.2957003660e+00
    8.9100000000e+00 -7.9220230000e-02 -1.9361146500e-01 -3.4373004000e-01  1.2592650960e+00  1.2688090360e+00  1.2897570640e+00
    8.9200000000e+00 -7.8673374000e-02 -1.9004479000e-01 -3.4023632800e-01  1.2534826180e+00  1.2646604870e+00  1.2838876850e+00
    8.9300000000e+00 -7.8018706000e-02 -1.8659950400e-01 -3.3683534500e-01  1.2478066540e+00  1.2607012650e+00  1.2780766150e+00
    8.9400000000e+00 -7.7273321000e-02 -1.8329412100e-01 -3.3351962200e-01  1.2422365320e+00  1.2569130670e+00  1.2723090060e+00
    8.9500000000e+00 -7.6451008000e-02 -1.8014367000e-01 -3.3027953100e-01  1.2367687090e+00  1.2532737560e+00  1.2665711170e+00
    8.9600000000e+00 -7.5561795000e-02 -1.7715862100e-01 -3.2710326300e-01  1.2313982720e+00  1.2497584130e+00  1.2608507140e+00
    8.9700000000e+00 -7.4612096000e-02 -1.7434423700e-01 -3.2397685800e-01  1.2261204550e+00  1.2463407040e+00  1.2551375310e+00
    8.9800000000e+00 -7.3605410000e-02 -1.7170041700e-01 -3.2088434700e-01  1.2209319530e+00  1.2429943670e+00  1.2494238360e+00
    8.9900000000e+00 -7.2543444000e-02 -1.6922203800e-01 -3.1780806200e-01  1.2158318210e+00  1.2396946190e+00  1.2437050580e+00
    9.0000000000e+00 -7.1427457000e-02 -1.6689967600e-01 -3.1472918800e-01  1.2108218360e+00  1.2364193150e+00  1.2379804380e+00
    9.0100000000e+00 -7.0259600000e-02 -1.6472058900e-01 -3.1162861000e-01  1.2059062980e+00  1.2331497840e+00  1.2322535800e+00
    9.0200000000e+00 -6.9044032000e-02 -1.6266980800e-01 -3.0848802100e-01  1.2010913160e+00  1.2298713110e+00  1.2265327620e+00
    9.0300000000e+00 -6.7787639000e-02 -1.6073125300e-01 -3.0529123000e-01  1.1963837180e+00  1.2265733010e+00  1.2208308720e+00
    9.0400000000e+00 -6.6500246000e-02 -1.5888878100e-01 -3.0202545200e-01  1.1917897560e+00  1.2232491290e+00  1.2151648640e+00
    9.0500000000e+00 -6.5194267000e-02 -1.5712711100e-01 -2.9868240400e-01  1.1873138380e+00  1.2198957380e+00  1.2095547600e+00
    9.0600000000e+00 -6.3883840000e-02 -1.5543253900e-01 -2.9525898400e-01  1.1829575010e+00  1.2165130060e+00  1.2040223150e+00
    9.0700000000e+00 -6.2583583000e-02 -1.5379338200e-01 -2.9175745400e-01  1.1787188470e+00  1.2131029830e+00  1.1985895560e+00
    9.0800000000e+00 -6.1307206000e-02 -1.5220013700e-01 -2.8818511700e-01  1.1745925790e+00  1.2096691000e+00  1.1932774290e+00
    9.0900000000e+00 -6.0066278000e-02 -1.5064536600e-01 -2.8455364600e-01  1.1705706500e+00  1.2062154730e+00  1.1881047360e+00
    9.1000000000e+00 -5.8869414000e-02 -1.4912340600e-01 -2.8087823400e-01  1.1666433980e+00  1.2027463810e+00  1.1830874470e+00
    9.1100000000e+00 -5.7722064000e-02 -1.4762999700e-01 -2.7717676600e-01  1.1628009090e+00  1.1992659520e+00  1.1782383420e+00
    9.1200000000e+00 -5.6626952000e-02 -1.4616192200e-01 -2.7346912300e-01  1.1590342890e+00  1.1957780390e+00  1.1735669050e+00
    9.1300000000e+00 -5.5584993000e-02 -1.4471672200e-01 -2.6977668200e-01  1.1553365650e+00  1.1922862330e+00  1.1690792870e+00
    9.1400000000e+00 -5.4596481000e-02 -1.4329251400e-01 -2.6612194700e-01  1.1517030480e+00  1.1887939550e+00  1.1647782610e+00
    9.1500000000e+00 -5.3662238000e-02 -1.4188791900e-01 -2.6252823600e-01  1.1481311400e+00  1.1853045850e+00  1.1606630390e+00
    9.1600000000e+00 -5.2784513000e-02 -1.4050208500e-01 -2.5901930300e-01  1.1446196840e+00  1.1818215750e+00  1.1567289880e+00
    9.1700000000e+00 -5.1967478000e-02 -1.3913480000e-01 -2.5561876000e-01  1.1411680520e+00  1.1783485110e+00  1.1529672680e+00
    9.1800000000e+00 -5.1217301000e-02 -1.3778666600e-01 -2.5234926700e-01  1.1377751670e+00  1.1748891020e+00  1.1493645230e+00
    9.1900000000e+00 -5.0541820000e-02 -1.3645928200e-01 -2.4923144300e-01  1.1344386270e+00  1.1714470500e+00  1.1459027940e+00
    9.2000000000e+00 -4.9949947000e-02 -1.3515541200e-01 -2.4628263300e-01  1.1311540710e+00  1.1680258120e+00  1.1425597890e+00
    9.2100000000e+00 -4.9450922000e-02 -1.3387904000e-01 -2.4351568700e-01  1.1279148510e+00  1.1646282610e+00  1.1393096250e+00
    9.2200000000e+00 -4.9053558000e-02 -1.3263531800e-01 -2.4093797900e-01  1.1247119950e+00  1.1612563030e+00  1.1361240200e+00
    9.2300000000e+00 -4.8765596000e-02 -1.3143035300e-01 -2.3855085300e-01  1.1215344260e+00  1.1579104910e+00  1.1329738050e+00
    9.2400000000e+00 -4.8593240000e-02 -1.3027087000e-01 -2.3634962500e-01  1.1183693240e+00  1.1545897070e+00  1.1298305610e+00
    9.2500000000e+00 -4.8540870000e-02 -1.2916375800e-01 -2.3432410600e-01  1.1152025220e+00  1.1512909490e+00  1.1266681300e+00
    9.2600000000e+00 -4.8610871000e-02 -1.2811555200e-01 -2.3245955300e-01  1.1120188660e+00  1.1480092520e+00  1.1234638080e+00
    9.2700000000e+00 -4.8803517000e-02 -1.2713189100e-01 -2.3073784700e-01  1.1088024970e+00  1.1447377850e+00  1.1201991250e+00
    9.2800000000e+00 -4.9116806000e-02 -1.2621701400e-01 -2.2913871200e-01  1.1055371140e+00  1.1414681030e+00  1.1168601960e+00
    9.2900000000e+00 -4.9546244000e-02 -1.2537334800e-01 -2.2764082900e-01  1.1022062830e+00  1.1381905570e+00  1.1134377270e+00
    9.3000000000e+00 -5.0084615000e-02 -1.2460125400e-01 -2.2622276100e-01  1.0987939010e+00  1.1348948110e+00  1.1099267970e+00
    9.3100000000e+00 -5.0721835000e-02 -1.2389894700e-01 -2.2486369600e-01  1.0952848300e+00  1.1315703900e+00  1.1063265420e+00
    9.3200000000e+00 -5.1445037000e-02 -1.2326258600e-01 -2.2354404300e-01  1.0916657000e+00  1.1282072100e+00  1.1026398100e+00
    9.3300000000e+00 -5.2238969000e-02 -1.2268650400e-01 -2.2224597900e-01  1.0879257450e+00  1.1247959920e+00  1.0988728110e+00
    9.3400000000e+00 -5.3086750000e-02 -1.2216349700e-01 -2.2095396900e-01  1.0840575170e+00  1.1213285650e+00  1.0950347370e+00
    9.3500000000e+00 -5.3970905000e-02 -1.2168512500e-01 -2.1965528400e-01  1.0800573100e+00  1.1177980450e+00  1.0911372890e+00
    9.3600000000e+00 -5.4874550000e-02 -1.2124197100e-01 -2.1834046900e-01  1.0759251710e+00  1.1141989300e+00  1.0871940630e+00
    9.3700000000e+00 -5.5782519000e-02 -1.2082383100e-01 -2.1700366700e-01  1.0716644550e+00  1.1105271600e+00  1.0832197990e+00
    9.3800000000e+00 -5.6682265000e-02 -1.2041987300e-01 -2.1564275300e-01  1.0672809790e+00  1.1067801990e+00  1.0792295300e+00
    9.3900000000e+00 -5.7564365000e-02 -1.2001877500e-01 -2.1425922300e-01  1.0627819150e+00  1.1029571580e+00  1.0752377330e+00
    9.4000000000e+00 -5.8422574000e-02 -1.1960890900e-01 -2.1285786700e-01  1.0581745720e+00  1.0990589650e+00  1.0712575560e+00
    9.4100000000e+00 -5.9253417000e-02 -1.1917861000e-01 -2.1144628000e-01  1.0534652990e+00  1.0950885770e+00  1.0673001900e+00
    9.4200000000e+00 -6.0055413000e-02 -1.1871656200e-01 -2.1003427000e-01  1.0486586450e+00  1.0910511550e+00  1.0633744150e+00
    9.4300000000e+00 -6.0828077000e-02 -1.1821231800e-01 -2.0863322300e-01  1.0437569220e+00  1.0869541730e+00  1.0594863100e+00
    9.4400000000e+00 -6.1570883000e-02 -1.1765691200e-01 -2.0725545300e-01  1.0387602050e+00  1.0828073580e+00  1.0556391340e+00
    9.4500000000e+00 -6.2282385000e-02 -1.1704351200e-01 -2.0591360500e-01  1.0336667280e+00  1.0786224310e+00  1.0518333670e+00
    9.4600000000e+00 -6.2959627000e-02 -1.1636801100e-01 -2.0462013600e-01  1.0284735660e+00  1.0744126110e+00  1.0480668770e+00
    9.4700000000e+00 -6.3597928000e-02 -1.1562948700e-01 -2.0338692300e-01  1.0231774160e+00  1.0701919360e+00  1.0443351950e+00
    9.4800000000e+00 -6.4191028000e-02 -1.1483043600e-01 -2.0222502900e-01  1.0177753110e+00  1.0659744230e+00  1.0406318040e+00
    9.4900000000e+00 -6.4731469000e-02 -1.1397677600e-01 -2.0114460700e-01  1.0122651020e+00  1.0617731870e+00  1.0369483730e+00
    9.5000000000e+00 -6.5211077000e-02 -1.1307758900e-01 -2.0015488400e-01  1.0066456550e+00  1.0575995740e+00  1.0332748790e+00
    9.5100000000e+00 -6.5621353000e-02 -1.1214465900e-01 -1.9926412900e-01  1.0009167930e+00  1.0534623850e+00  1.0295995670e+00
    9.5200000000e+00 -6.5953687000e-02 -1.1119182400e-01 -1.9847951700e-01  9.9507908300e-01  1.0493672420e+00  1.0259088040e+00
    9.5300000000e+00 -6.6199342000e-02 -1.1023419200e-01 -1.9780681900e-01  9.8913364000e-01  1.0453160990e+00  1.0221868670e+00
    9.5400000000e+00 -6.6349315000e-02 -1.0928723800e-01 -1.9724987200e-01  9.8308205500e-01  1.0413069600e+00  1.0184158050e+00
    9.5500000000e+00 -6.6394164000e-02 -1.0836583700e-01 -1.9680987700e-01  9.7692651400e-01  1.0373338040e+00  1.0145754560e+00
    9.5600000000e+00 -6.6323964000e-02 -1.0748327600e-01 -1.9648457600e-01  9.7067006900e-01  1.0333867800e+00  1.0106437120e+00
    9.5700000000e+00 -6.6128452000e-02 -1.0665034100e-01 -1.9626740500e-01  9.6431693700e-01  1.0294526420e+00  1.0065970980e+00
    9.5800000000e+00 -6.5797351000e-02 -1.0587455300e-01 -1.9614674200e-01  9.5787271300e-01  1.0255154220e+00  1.0024116940e+00
    9.5900000000e+00 -6.5320786000e-02 -1.0515961000e-01 -1.9610538100e-01  9.5134438300e-01  1.0215572620e+00  9.9806437100e-01
    9.6000000000e+00 -6.4689658000e-02 -1.0450507100e-01 -1.9612037500e-01  9.4474012900e-01  1.0175593180e+00  9.9353431100e-01
    9.6100000000e+00 -6.3895855000e-02 -1.0390625900e-01 -1.9616335700e-01  9.3806898300e-01  1.0135026640e+00  9.8880464600e-01
    9.6200000000e+00 -6.2932252000e-02 -1.0335433600e-01 -1.9620143800e-01  9.3134045100e-01  1.0093691590e+00  9.8386405800e-01
    9.6300000000e+00 -6.1792535000e-02 -1.0283651800e-01 -1.9619863700e-01  9.2456423500e-01  1.0051422420e+00  9.7870809700e-01
    9.6400000000e+00 -6.0470933000e-02 -1.0233641200e-01 -1.9611774000e-01  9.1775012700e-01  1.0008076770e+00  9.7334001200e-01
    9.6500000000e+00 -5.8961977000e-02 -1.0183445400e-01 -1.9592237800e-01  9.1090807400e-01  9.9635424300e-01  9.6777094800e-01
    9.6600000000e+00 -5.7260367000e-02 -1.0130847900e-01 -1.9557905000e-01  9.0404836000e-01  9.9177435600e-01  9.6201946800e-01
    9.6700000000e+00 -5.5360983000e-02 -1.0073440900e-01 -1.9505887200e-01  8.9718181400e-01  9.8706459300e-01  9.5611048600e-01
    9.6800000000e+00 -5.3258993000e-02 -1.0008705100e-01 -1.9433883800e-01  8.9031995900e-01  9.8222610000e-01  9.5007377300e-01
    9.6900000000e+00 -5.0949991000e-02 -9.9340974000e-02 -1.9340253400e-01  8.8347508900e-01  9.7726484200e-01  9.4394226100e-01
    9.7000000000e+00 -4.8430123000e-02 -9.8471444000e-02 -1.9224032300e-01  8.7666029300e-01  9.7219169700e-01  9.3775036000e-01
    9.7100000000e+00 -4.5696181000e-02 -9.7455389000e-02 -1.9084907500e-01  8.6988947700e-01  9.6702238600e-01  9.3153245400e-01
    9.7200000000e+00 -4.2745709000e-02 -9.6272396000e-02 -1.8923161400e-01  8.6317743200e-01  9.6177722900e-01  9.2532167000e-01
    9.7300000000e+00 -3.9577178000e-02 -9.4905716000e-02 -1.8739599000e-01  8.5653993100e-01  9.5648068600e-01  9.1914893800e-01
    9.7400000000e+00 -3.6190280000e-02 -9.3343235000e-02 -1.8535472200e-01  8.4999378100e-01  9.5116062800e-01  9.1304231300e-01
    9.7500000000e+00 -3.2586316000e-02 -9.1578304000e-02 -1.8312404500e-01  8.4355675700e-01  9.4584730400e-01  9.0702648300e-01
    9.7600000000e+00 -2.8768585000e-02 -8.9610290000e-02 -1.8072318600e-01  8.3724734300e-01  9.4057203100e-01  9.0112240100e-01
    9.7700000000e+00 -2.4742680000e-02 -8.7444710000e-02 -1.7817364200e-01  8.3108428600e-01  9.3536571400e-01  8.9534700100e-01
    9.7800000000e+00 -2.0516574000e-02 -8.5092890000e-02 -1.7549843900e-01  8.2508604300e-01  9.3025737300e-01  8.8971300300e-01
    9.7900000000e+00 -1.6100472000e-02 -8.2571188000e-02 -1.7272135400e-01  8.1927023900e-01  9.2527289800e-01  8.8422883300e-01
    9.8000000000e+00 -1.1506477000e-02 -7.9899927000e-02 -1.6986611200e-01  8.1365325400e-01  9.2043417700e-01  8.7889868000e-01
    9.8100000000e+00 -6.7481560000e-03 -7.7102239000e-02 -1.6695562200e-01  8.0825000200e-01  9.1575865800e-01  8.7372273300e-01
    9.8200000000e+00 -1.8401200000e-03 -7.4203024000e-02 -1.6401127400e-01  8.0307392000e-01  9.1125927500e-01  8.6869756600e-01
    9.8300000000e+00  3.2022970000e-03 -7.1228120000e-02 -1.6105236500e-01  7.9813711000e-01  9.0694461600e-01  8.6381668800e-01
    9.8400000000e+00  8.3632170000e-03 -6.8203723000e-02 -1.5809570300e-01  7.9345055800e-01  9.0281915000e-01  8.5907117400e-01
    9.8500000000e+00  1.3626247000e-02 -6.5155979000e-02 -1.5515539400e-01  7.8902437800e-01  8.9888340700e-01  8.5445035200e-01
    9.8600000000e+00  1.8974368000e-02 -6.2110645000e-02 -1.5224282500e-01  7.8486799600e-01  8.9513403600e-01  8.4994244200e-01
    9.8700000000e+00  2.4389744000e-02 -5.9092712000e-02 -1.4936679300e-01  7.8099025600e-01  8.9156374000e-01  8.4553510900e-01
    9.8800000000e+00  2.9853454000e-02 -5.6125887000e-02 -1.4653372200e-01  7.7739940100e-01  8.8816117600e-01  8.4121588400e-01
    9.8900000000e+00  3.5345213000e-02 -5.3231916000e-02 -1.4374789500e-01  7.7410294200e-01  8.8491088200e-01  8.3697244800e-01
    9.9000000000e+00  4.0843101000e-02 -5.0429743000e-02 -1.4101163500e-01  7.7110737300e-01  8.8179334600e-01  8.3279284800e-01
    9.9100000000e+00  4.6323364000e-02 -4.7734558000e-02 -1.3832545200e-01  7.6841775100e-01  8.7878528800e-01  8.2866568300e-01
    9.9200000000e+00  5.1760320000e-02 -4.5156794000e-02 -1.3568816800e-01  7.6603714200e-01  8.7586021400e-01  8.2458032200e-01
    9.9300000000e+00  5.7126454000e-02 -4.2701169000e-02 -1.3309707700e-01  7.6396596600e-01  8.7298927300e-01  8.2052714700e-01
    9.9400000000e+00  6.2392729000e-02 -4.0365843000e-02 -1.3054819000e-01  7.6220129300e-01  8.7014244500e-01  8.1649779600e-01
    9.9500000000e+00  6.7529159000e-02 -3.8141809000e-02 -1.2803654900e-01  7.6073617900e-01  8.6729005500e-01  8.1248534700e-01
    9.9600000000e+00  7.2505649000e-02 -3.6012636000e-02 -1.2555658800e-01  7.5955913600e-01  8.6440460400e-01  8.0848440900e-01
    9.9700000000e+00  7.7293046000e-02 -3.3954749000e-02 -1.2310249600e-01  7.5865385500e-01  8.6146284100e-01  8.0449112400e-01
    9.9800000000e+00  8.1864314000e-02 -3.1938381000e-02 -1.2066855500e-01  7.5799925800e-01  8.5844789900e-01  8.0050307500e-01
    9.9900000000e+00  8.6195702000e-02 -2.9929310000e-02 -1.1824944500e-01  7.5756993100e-01  8.5535123400e-01  7.9651913600e-01
    1.0000000000e+01  9.0267759000e-02 -2.7891337000e-02 -1.1584051700e-01  7.5733692800e-01  8.5217400700e-01  7.9253926000e-01
    1.0010000000e+01  9.4066050000e-02 -2.5789273000e-02 -1.1343802200e-01  7.5726885300e-01  8.4892759300e-01  7.8856417100e-01
    1.0020000000e+01  9.7581528000e-02 -2.3592067000e-02 -1.1103923500e-01  7.5733309100e-01  8.4563299600e-01  7.8459498200e-01
    1.0030000000e+01  1.0081051400e-01 -2.1275604000e-02 -1.0864244100e-01  7.5749706600e-01  8.4231915200e-01  7.8063275300e-01
    1.0040000000e+01  1.0375435500e-01 -1.8824733000e-02 -1.0624672400e-01  7.5772937400e-01  8.3902034100e-01  7.7667806000e-01
    1.0050000000e+01  1.0641882400e-01 -1.6234234000e-02 -1.0385157200e-01  7.5800074500e-01  8.3577307000e-01  7.7273068900e-01
    1.0060000000e+01  1.0881334100e-01 -1.3508633000e-02 -1.0145637600e-01  7.5828478000e-01  8.3261289700e-01  7.6878952300e-01
    1.0070000000e+01  1.1095008300e-01 -1.0660949000e-02 -9.9059914000e-02  7.5855844600e-01  8.2957163000e-01  7.6485267200e-01
    1.0080000000e+01  1.1284303400e-01 -7.7106410000e-03 -9.6659936000e-02  7.5880232900e-01  8.2667522600e-01  7.6091781000e-01
    1.0090000000e+01  1.1450703900e-01 -4.6810800000e-03 -9.4252938000e-02  7.5900063600e-01  8.2394259300e-01  7.5698265900e-01
    1.0100000000e+01  1.1595692000e-01 -1.5968710000e-03 -9.1834132000e-02  7.5914094800e-01  8.2138536700e-01  7.5304551100e-01
    1.0110000000e+01  1.1720672900e-01  1.5186080000e-03 -8.9397603000e-02  7.5921375000e-01  8.1900861200e-01  7.4910571300e-01
    1.0120000000e+01  1.1826919700e-01  4.6452010000e-03 -8.6936605000e-02  7.5921179400e-01  8.1681232500e-01  7.4516406600e-01
    1.0130000000e+01  1.1915542100e-01  7.7672160000e-03 -8.4443931000e-02  7.5912936300e-01  8.1479352000e-01  7.4122312200e-01
    1.0140000000e+01  1.1987478800e-01  1.0873763000e-02 -8.1912338000e-02  7.5896152000e-01  8.1294861800e-01  7.3728740600e-01
    1.0150000000e+01  1.2043512800e-01  1.3958091000e-02 -7.9335042000e-02  7.5870340700e-01  8.1127575700e-01  7.3336356700e-01
    1.0160000000e+01  1.2084304800e-01  1.7016023000e-02 -7.6706296000e-02  7.5834964200e-01  8.0977662600e-01  7.2946043700e-01
    1.0170000000e+01  1.2110442700e-01  2.0043730000e-02 -7.4022071000e-02  7.5789384300e-01  8.0845748100e-01  7.2558894500e-01
    1.0180000000e+01  1.2122504500e-01  2.3035250000e-02 -7.1280788000e-02  7.5732832500e-01  8.0732910800e-01  7.2176180000e-01
    1.0190000000e+01  1.2121130700e-01  2.5980239000e-02 -6.8484023000e-02  7.5664399900e-01  8.0640571700e-01  7.1799287700e-01
    1.0200000000e+01  1.2107100900e-01  2.8862380000e-02 -6.5637017000e-02  7.5583051200e-01  8.0570299000e-01  7.1429630800e-01
    1.0210000000e+01  1.2081407700e-01  3.1658736000e-02 -6.2748875000e-02  7.5487668200e-01  8.0523565900e-01  7.1068534400e-01
    1.0220000000e+01  1.2045315400e-01  3.4340114000e-02 -5.9832330000e-02  7.5377119800e-01  8.0501505600e-01  7.0717113200e-01
    1.0230000000e+01  1.2000394400e-01  3.6872302000e-02 -5.6903068000e-02  7.5250356400e-01  8.0504705900e-01  7.0376161400e-01
    1.0240000000e+01  1.1948521200e-01  3.9217892000e-02 -5.3978679000e-02  7.5106517400e-01  8.0533069000e-01  7.0046069900e-01
    1.0250000000e+01  1.1891839800e-01  4.1338370000e-02 -5.1077396000e-02  7.4945039300e-01  8.0585747500e-01  6.9726786300e-01
    1.0260000000e+01  1.1832685000e-01  4.3196150000e-02 -4.8216791000e-02  7.4765749800e-01  8.0661153700e-01  6.9417818600e-01
    1.0270000000e+01  1.1773474500e-01  4.4756358000e-02 -4.5412610000e-02  7.4568934400e-01  8.0757027100e-01  6.9118280700e-01
    1.0280000000e+01  1.1716581200e-01  4.5988198000e-02 -4.2677857000e-02  7.4355365000e-01  8.0870545200e-01  6.8826967600e-01
    1.0290000000e+01  1.1664199900e-01  4.6865872000e-02 -4.0022205000e-02  7.4126287000e-01  8.0998458400e-01  6.8542447700e-01
    1.0300000000e+01  1.1618224400e-01  4.7369013000e-02 -3.7451717000e-02  7.3883363100e-01  8.1137235400e-01  6.8263159200e-01
    1.0310000000e+01  1.1580147700e-01  4.7482658000e-02 -3.4968829000e-02  7.3628583800e-01  8.1283203500e-01  6.7987500300e-01
    1.0320000000e+01  1.1550994500e-01  4.7196800000e-02 -3.2572525000e-02  7.3364152400e-01  8.1432670300e-01  6.7713907800e-01
    1.0330000000e+01  1.1531293000e-01  4.6505624000e-02 -3.0258622000e-02  7.3092357800e-01  8.1582013100e-01  6.7440922100e-01
    1.0340000000e+01  1.1521083400e-01  4.5406558000e-02 -2.8020106000e-02  7.2815449900e-01  8.1727727500e-01  6.7167242800e-01
    1.0350000000e+01  1.1519962100e-01  4.3899324000e-02 -2.5847507000e-02  7.2535526400e-01  8.1866431400e-01  6.6891777800e-01
    1.0360000000e+01  1.1527151400e-01  4.1985168000e-02 -2.3729342000e-02  7.2254442900e-01  8.1994829200e-01  6.6613689500e-01
    1.0370000000e+01  1.1541587500e-01  3.9666395000e-02 -2.1652654000e-02  7.1973749700e-01  8.2109648200e-01  6.6332436400e-01
    1.0380000000e+01  1.1562015000e-01  3.6946291000e-02 -1.9603674000e-02  7.1694660300e-01  8.2207560800e-01  6.6047806400e-01
    1.0390000000e+01  1.1587077700e-01  3.3829449000e-02 -1.7568611000e-02  7.1418047100e-01  8.2285109300e-01  6.5759933800e-01
    1.0400000000e+01  1.1615397200e-01  3.0322469000e-02 -1.5534481000e-02  7.1144461100e-01  8.2338647100e-01  6.5469294900e-01
    1.0410000000e+01  1.1645634600e-01  2.6434949000e-02 -1.3489917000e-02  7.0874165400e-01  8.2364309100e-01  6.5176679500e-01
    1.0420000000e+01  1.1676534600e-01  2.2180677000e-02 -1.1425854000e-02  7.0607176100e-01  8.2358022700e-01  6.4883142200e-01
    1.0430000000e+01  1.1706955200e-01  1.7578856000e-02 -9.3360230000e-03  7.0343301300e-01  8.2315565300e-01  6.4589938300e-01
    1.0440000000e+01  1.1735888900e-01  1.2655193000e-02 -7.2172420000e-03  7.0082178000e-01  8.2232673800e-01  6.4298455500e-01
    1.0450000000e+01  1.1762480300e-01  7.4426320000e-03 -5.0695150000e-03  6.9823306000e-01  8.2105196000e-01  6.4010147800e-01
    1.0460000000e+01  1.1786042100e-01  1.9815820000e-03 -2.8960040000e-03  6.9566083100e-01  8.1929272200e-01  6.3726478000e-01
    1.0470000000e+01  1.1806067800e-01 -3.6804580000e-03 -7.0294700000e-04  6.9309846600e-01  8.1701523600e-01  6.3448870500e-01
    1.0480000000e+01  1.1822235400e-01 -9.4898560000e-03  1.5004100000e-03  6.9053921500e-01  8.1419224900e-01  6.3178671400e-01
    1.0490000000e+01  1.1834396800e-01 -1.5388280000e-02  3.7018420000e-03  6.8797674000e-01  8.1080442600e-01  6.2917108300e-01
    1.0500000000e+01  1.1842547400e-01 -2.1314433000e-02  5.8861310000e-03  6.8540562300e-01  8.0684126700e-01  6.2665244300e-01
    1.0510000000e+01  1.1846776900e-01 -2.7205920000e-02  8.0350930000e-03  6.8282176000e-01  8.0230151800e-01  6.2423918400e-01
    1.0520000000e+01  1.1847205800e-01 -3.3001102000e-02  1.0127731000e-02  6.8022254600e-01  7.9719311900e-01  6.2193671100e-01
    1.0530000000e+01  1.1843920700e-01 -3.8640802000e-02  1.2140638000e-02  6.7760679500e-01  7.9153273400e-01  6.1974662700e-01
    1.0540000000e+01  1.1836917100e-01 -4.4069821000e-02  1.4048695000e-02  6.7497442800e-01  7.8534495700e-01  6.1766594000e-01
    1.0550000000e+01  1.1826060900e-01 -4.9238203000e-02  1.5826066000e-02  6.7232598400e-01  7.7866125500e-01  6.1568644900e-01
    1.0560000000e+01  1.1811069500e-01 -5.4102237000e-02  1.7447400000e-02  6.6966208200e-01  7.7151871000e-01  6.1379443000e-01
    1.0570000000e+01  1.1791508600e-01 -5.8625181000e-02  1.8889097000e-02  6.6698288500e-01  7.6395859700e-01  6.1197068500e-01
    1.0580000000e+01  1.1766800600e-01 -6.2777658000e-02  2.0130502000e-02  6.6428758900e-01  7.5602482600e-01  6.1019092500e-01
    1.0590000000e+01  1.1736240500e-01 -6.6537650000e-02  2.1154917000e-02  6.6157392600e-01  7.4776232700e-01  6.0842640500e-01
    1.0600000000e+01  1.1699024300e-01 -6.9890070000e-02  2.1950420000e-02  6.5883761700e-01  7.3921547900e-01  6.0664471700e-01
    1.0610000000e+01  1.1654296600e-01 -7.2825869000e-02  2.2510510000e-02  6.5607183200e-01  7.3042676200e-01  6.0481064500e-01
    1.0620000000e+01  1.1601224800e-01 -7.5340804000e-02  2.2834640000e-02  6.5326671100e-01  7.2143581200e-01  6.0288707300e-01
    1.0630000000e+01  1.1539100400e-01 -7.7434043000e-02  2.2928664000e-02  6.5040912900e-01  7.1227899100e-01  6.0083599700e-01
    1.0640000000e+01  1.1467457200e-01 -7.9106837000e-02  2.2805183000e-02  6.4748284600e-01  7.0298949500e-01  5.9861967000e-01
    1.0650000000e+01  1.1386189000e-01 -8.0361476000e-02  2.2483677000e-02  6.4446914100e-01  6.9359790100e-01  5.9620194000e-01
    1.0660000000e+01  1.1295643200e-01 -8.1200664000e-02  2.1990339000e-02  6.4134791800e-01  6.8413295700e-01  5.9354971900e-01
    1.0670000000e+01  1.1196669900e-01 -8.1627318000e-02  2.1357486000e-02  6.3809917500e-01  6.7462240400e-01  5.9063448200e-01
    1.0680000000e+01  1.1090614500e-01 -8.1644716000e-02  2.0622534000e-02  6.3470459600e-01  6.6509366600e-01  5.8743364200e-01
    1.0690000000e+01  1.0979251400e-01 -8.1256861000e-02  1.9826585000e-02  6.3114905300e-01  6.5557430800e-01  5.8393160300e-01
    1.0700000000e+01  1.0864668600e-01 -8.0468925000e-02  1.9012751000e-02  6.2742176700e-01  6.4609225500e-01  5.8012037800e-01
    1.0710000000e+01  1.0749120000e-01 -7.9287668000e-02  1.8224407000e-02  6.2351697700e-01  6.3667581500e-01  5.7599969500e-01
    1.0720000000e+01  1.0634867900e-01 -7.7721816000e-02  1.7503560000e-02  6.1943404800e-01  6.2735358600e-01  5.7157661900e-01
    1.0730000000e+01  1.0524039300e-01 -7.5782367000e-02  1.6889473000e-02  6.1517703000e-01  6.1815427200e-01  5.6686479600e-01
    1.0740000000e+01  1.0418513100e-01 -7.3482887000e-02  1.6417656000e-02  6.1075380300e-01  6.0910646400e-01  5.6188345700e-01
    1.0750000000e+01  1.0319851100e-01 -7.0839779000e-02  1.6119207000e-02  6.0617498700e-01  6.0023833700e-01  5.5665634600e-01
    1.0760000000e+01  1.0229272500e-01 -6.7872555000e-02  1.6020459000e-02  6.0145281100e-01  5.9157726600e-01  5.5121070800e-01
    1.0770000000e+01  1.0147665400e-01 -6.4604030000e-02  1.6142825000e-02  5.9660012900e-01  5.8314929800e-01  5.4557640700e-01
    1.0780000000e+01  1.0075619800e-01 -6.1060423000e-02  1.6502717000e-02  5.9162964900e-01  5.7497852100e-01  5.3978517800e-01
    1.0790000000e+01  1.0013469400e-01 -5.7271264000e-02  1.7111466000e-02  5.8655340400e-01  5.6708631900e-01  5.3386995700e-01
    1.0800000000e+01  9.9613325000e-02 -5.3269079000e-02  1.7975212000e-02  5.8138238300e-01  5.5949062100e-01  5.2786420200e-01
    1.0810000000e+01  9.9191490000e-02 -4.9088833000e-02  1.9094807000e-02  5.7612626000e-01  5.5220521800e-01  5.2180111100e-01
    1.0820000000e+01  9.8867157000e-02 -4.4767187000e-02  2.0465820000e-02  5.7079314900e-01  5.4523925300e-01  5.1571272100e-01
    1.0830000000e+01  9.8637258000e-02 -4.0341639000e-02  2.2078739000e-02  5.6538938700e-01  5.3859693000e-01  5.0962888300e-01
    1.0840000000e+01  9.8498135000e-02 -3.5849669000e-02  2.3919454000e-02  5.5991935800e-01  5.3227747000e-01  5.0357622100e-01
    1.0850000000e+01  9.8446073000e-02 -3.1327952000e-02  2.5970057000e-02  5.5438542100e-01  5.2627522200e-01  4.9757716000e-01
    1.0860000000e+01  9.8477847000e-02 -2.6811670000e-02  2.8209926000e-02  5.4878797500e-01  5.2057989600e-01  4.9164917200e-01
    1.0870000000e+01  9.8591271000e-02 -2.2333889000e-02  3.0617041000e-02  5.4312568300e-01  5.1517682200e-01  4.8580433000e-01
    1.0880000000e+01  9.8785661000e-02 -1.7924932000e-02  3.3169397000e-02  5.3739584500e-01  5.1004725500e-01  4.8004925500e-01
    1.0890000000e+01  9.9062180000e-02 -1.3611728000e-02  3.5846398000e-02  5.3159489100e-01  5.0516877500e-01  4.7438548800e-01
    1.0900000000e+01  9.9424046000e-02 -9.4171430000e-03  3.8630081000e-02  5.2571895200e-01  5.0051585300e-01  4.6881026300e-01
    1.0910000000e+01  9.9876572000e-02 -5.3593920000e-03  4.1506030000e-02  5.1976446000e-01  4.9606065800e-01  4.6331760300e-01
    1.0920000000e+01  1.0042706300e-01 -1.4516530000e-03  4.4463901000e-02  5.1372875700e-01  4.9177407900e-01  4.5789963400e-01
    1.0930000000e+01  1.0108454200e-01  2.2979910000e-03  4.7497488000e-02  5.0761066900e-01  4.8762690100e-01  4.5254795200e-01
    1.0940000000e+01  1.0185932200e-01  5.8862220000e-03  5.0604356000e-02  5.0141100100e-01  4.8359096900e-01  4.4725488000e-01
    1.0950000000e+01  1.0276242000e-01  9.3137870000e-03  5.3785119000e-02  4.9513291100e-01  4.7964018100e-01  4.4201447600e-01
    1.0960000000e+01  1.0380486900e-01  1.2584513000e-02  5.7042498000e-02  4.8878209200e-01  4.7575116800e-01  4.3682318000e-01
    1.0970000000e+01  1.0499698700e-01  1.5704199000e-02  6.0380313000e-02  4.8236671900e-01  4.7190356200e-01  4.3168009200e-01
    1.0980000000e+01  1.0634770000e-01  1.8679544000e-02  6.3802567000e-02  4.7589716900e-01  4.6807987300e-01  4.2658690600e-01
    1.0990000000e+01  1.0786401300e-01  2.1517259000e-02  6.7312692000e-02  4.6938554100e-01  4.6426499700e-01  4.2154761800e-01
    1.1000000000e+01  1.0955066100e-01  2.4223453000e-02  7.0913022000e-02  4.6284505200e-01  4.6044547900e-01  4.1656810400e-01
    1.1010000000e+01  1.1140998600e-01  2.6803377000e-02  7.4604424000e-02  4.5628940900e-01  4.5660863000e-01  4.1165568600e-01
    1.1020000000e+01  1.1344198400e-01  2.9261519000e-02  7.8386054000e-02  4.4973220300e-01  4.5274162800e-01  4.0681871200e-01
    1.1030000000e+01  1.1564449800e-01  3.1602081000e-02  8.2255157000e-02  4.4318638800e-01  4.4883069900e-01  4.0206615700e-01
    1.1040000000e+01  1.1801350800e-01  3.3829784000e-02  8.6206889000e-02  4.3666384400e-01  4.4486053400e-01  3.9740720200e-01
    1.1050000000e+01  1.2054350000e-01  3.5950959000e-02  9.0234188000e-02  4.3017504700e-01  4.4081404900e-01  3.9285072700e-01
    1.1060000000e+01  1.2322787500e-01  3.7974774000e-02  9.4327742000e-02  4.2372882800e-01  4.3667262900e-01  3.8840472200e-01
    1.1070000000e+01  1.2605940300e-01  3.9914418000e-02  9.8476142000e-02  4.1733223000e-01  4.3241693900e-01  3.8407563000e-01
    1.1080000000e+01  1.2903069500e-01  4.1787962000e-02  1.0266624500e-01  4.1099048300e-01  4.2802830200e-01  3.7986770000e-01
    1.1090000000e+01  1.3213468300e-01  4.3618656000e-02  1.0688377200e-01  4.0470708400e-01  4.2349049800e-01  3.7578244300e-01
    1.1100000000e+01  1.3536507400e-01  4.5434450000e-02  1.1111409000e-01  3.9848402100e-01  4.1879171800e-01  3.7181828500e-01
    1.1110000000e+01  1.3871674100e-01  4.7266714000e-02  1.1534309500e-01  3.9232213100e-01  4.1392632800e-01  3.6797048300e-01
    1.1120000000e+01  1.4218598400e-01  4.9148265000e-02  1.1955811100e-01  3.8622158100e-01  4.0889607600e-01  3.6423133600e-01
    1.1130000000e+01  1.4577061800e-01  5.1110999000e-02  1.2374868400e-01  3.8018243000e-01  4.0371049100e-01  3.6059067300e-01
    1.1140000000e+01  1.4946985700e-01  5.3183493000e-02  1.2790719300e-01  3.7420518900e-01  3.9838638300e-01  3.5703658700e-01
    1.1150000000e+01  1.5328399600e-01  5.5388954000e-02  1.3202918600e-01  3.6829130800e-01  3.9294650400e-01  3.5355633200e-01
    1.1160000000e+01  1.5721395500e-01  5.7743781000e-02  1.3611340600e-01  3.6244349600e-01  3.8741761000e-01  3.5013727300e-01
    1.1170000000e+01  1.6126074200e-01  6.0256911000e-02  1.4016149000e-01  3.5666585800e-01  3.8182821500e-01  3.4676779700e-01
    1.1180000000e+01  1.6542494500e-01  6.2929938000e-02  1.4417738400e-01  3.5096383100e-01  3.7620636500e-01  3.4343802400e-01
    1.1190000000e+01  1.6970628600e-01  6.5757897000e-02  1.4816656300e-01  3.4534396400e-01  3.7057767500e-01  3.4014025500e-01
    1.1200000000e+01  1.7410330400e-01  6.8730540000e-02  1.5213518900e-01  3.3981358300e-01  3.6496381400e-01  3.3686908200e-01
    1.1210000000e+01  1.7861316000e-01  7.1833879000e-02  1.5608935000e-01  3.3438040900e-01  3.5938151800e-01  3.3362118300e-01
    1.1220000000e+01  1.8323157000e-01  7.5051817000e-02  1.6003449300e-01  3.2905215200e-01  3.5384211800e-01  3.3039485900e-01
    1.1230000000e+01  1.8795284700e-01  7.8367725000e-02  1.6397514200e-01  3.2383611700e-01  3.4835151700e-01  3.2718945200e-01
    1.1240000000e+01  1.9277004600e-01  8.1765869000e-02  1.6791489200e-01  3.1873885200e-01  3.4291054500e-01  3.2400476600e-01
    1.1250000000e+01  1.9767519400e-01  8.5232651000e-02  1.7185664600e-01  3.1376584900e-01  3.3751561100e-01  3.2084060300e-01
    1.1260000000e+01  2.0265960000e-01  8.8757635000e-02  1.7580300300e-01  3.0892132500e-01  3.3215960900e-01  3.1769651100e-01
    1.1270000000e+01  2.0771420300e-01  9.2334302000e-02  1.7975667600e-01  3.0420810300e-01  3.2683304700e-01  3.1457175000e-01
    1.1280000000e+01  2.1282994000e-01  9.5960494000e-02  1.8372085700e-01  2.9962760600e-01  3.2152535100e-01  3.1146547400e-01
    1.1290000000e+01  2.1799809300e-01  9.9638455000e-02  1.8769944900e-01  2.9517996000e-01  3.1622626900e-01  3.0837705300e-01
    1.1300000000e+01  2.2321057000e-01  1.0337443300e-01  1.9169712200e-01  2.9086419600e-01  3.1092724200e-01  3.0530647900e-01
    1.1310000000e+01  2.2846010900e-01  1.0717783400e-01  1.9571919900e-01  2.8667852100e-01  3.0562259100e-01  3.0225477400e-01
    1.1320000000e+01  2.3374036600e-01  1.1106001500e-01  1.9977137600e-01  2.8262062700e-01  3.0031033100e-01  2.9922434000e-01
    1.1330000000e+01  2.3904589900e-01  1.1503287200e-01  2.0385931700e-01  2.7868799700e-01  2.9499249300e-01  2.9621920800e-01
    1.1340000000e+01  2.4437204900e-01  1.1910745500e-01  2.0798816200e-01  2.7487816000e-01  2.8967489200e-01  2.9324513800e-01
    1.1350000000e+01  2.4971475100e-01  1.2329281700e-01  2.1216199300e-01  2.7118887400e-01  2.8436641600e-01  2.9030955600e-01
    1.1360000000e+01  2.5507031000e-01  1.2759529600e-01  2.1638332300e-01  2.6761820800e-01  2.7907797100e-01  2.8742131800e-01
    1.1370000000e+01  2.6043519100e-01  1.3201830100e-01  2.2065266000e-01  2.6416452400e-01  2.7382133100e-01  2.8459030100e-01
    1.1380000000e+01  2.6580585600e-01  1.3656257800e-01  2.2496821200e-01  2.6082638000e-01  2.6860811000e-01  2.8182686700e-01
    1.1390000000e+01  2.7117867900e-01  1.4122681000e-01  2.2932576400e-01  2.5760239100e-01  2.6344904500e-01  2.7914125100e-01
    1.1400000000e+01  2.7654994400e-01  1.4600835500e-01  2.3371874600e-01  2.5449107500e-01  2.5835368700e-01  2.7654293400e-01
    1.1410000000e+01  2.8191591800e-01  1.5090392700e-01  2.3813846800e-01  2.5149073800e-01  2.5333045600e-01  2.7404007100e-01
    1.1420000000e+01  2.8727297100e-01  1.5591005000e-01  2.4257449900e-01  2.4859941600e-01  2.4838698200e-01  2.7163901600e-01
    1.1430000000e+01  2.9261770500e-01  1.6102321700e-01  2.4701514100e-01  2.4581488700e-01  2.4353055200e-01  2.6934395500e-01
    1.1440000000e+01  2.9794706300e-01  1.6623976100e-01  2.5144797000e-01  2.4313475400e-01  2.3876850200e-01  2.6715668200e-01
    1.1450000000e+01  3.0325839400e-01  1.7155553500e-01  2.5586041600e-01  2.4055656100e-01  2.3410843200e-01  2.6507649100e-01
    1.1460000000e+01  3.0854945500e-01  1.7696550200e-01  2.6024036400e-01  2.3807794100e-01  2.2955818800e-01  2.6310022700e-01
    1.1470000000e+01  3.1381836100e-01  1.8246339700e-01  2.6457672800e-01  2.3569675000e-01  2.2512559800e-01  2.6122248200e-01
    1.1480000000e+01  3.1906348200e-01  1.8804154600e-01  2.6885997500e-01  2.3341117500e-01  2.2081804500e-01  2.5943594400e-01
    1.1490000000e+01  3.2428331100e-01  1.9369090100e-01  2.7308253800e-01  2.3121980400e-01  2.1664197400e-01  2.5773190500e-01
    1.1500000000e+01  3.2947632300e-01  1.9940130700e-01  2.7723905800e-01  2.2912164700e-01  2.1260245300e-01  2.5610086700e-01
    1.1510000000e+01  3.3464082100e-01  2.0516192300e-01  2.8132643900e-01  2.2711612300e-01  2.0870286800e-01  2.5453321700e-01
    1.1520000000e+01  3.3977481300e-01  2.1096173400e-01  2.8534367600e-01  2.2520299600e-01  2.0494483100e-01  2.5301987900e-01
    1.1530000000e+01  3.4487588500e-01  2.1679003600e-01  2.8929147900e-01  2.2338229700e-01  2.0132828200e-01  2.5155288300e-01
    1.1540000000e+01  3.4994111500e-01  2.2263681900e-01  2.9317172600e-01  2.2165421600e-01  1.9785177200e-01  2.5012578000e-01
    1.1550000000e+01  3.5496699200e-01  2.2849297200e-01  2.9698679800e-01  2.2001897500e-01  1.9451283500e-01  2.4873383500e-01
    1.1560000000e+01  3.5994936300e-01  2.3435033000e-01  3.0073888700e-01  2.1847669200e-01  1.9130837000e-01  2.4737397000e-01
    1.1570000000e+01  3.6488340200e-01  2.4020154300e-01  3.0442936600e-01  2.1702722000e-01  1.8823495200e-01  2.4604445300e-01
    1.1580000000e+01  3.6976360000e-01  2.4603987000e-01  3.0805833300e-01  2.1566998400e-01  1.8528901700e-01  2.4474435600e-01
    1.1590000000e+01  3.7458378300e-01  2.5185894700e-01  3.1162439600e-01  2.1440378900e-01  1.8246689900e-01  2.4347288600e-01
    1.1600000000e+01  3.7933717100e-01  2.5765260300e-01  3.1512475100e-01  2.1322662200e-01  1.7976473300e-01  2.4222867800e-01
    1.1610000000e+01  3.8401648200e-01  2.6341479300e-01  3.1855553500e-01  2.1213543000e-01  1.7717829200e-01  2.4100918800e-01
    1.1620000000e+01  3.8861410800e-01  2.6913965000e-01  3.2191238800e-01  2.1112590800e-01  1.7470279400e-01  2.3981028300e-01
    1.1630000000e+01  3.9312235900e-01  2.7482165700e-01  3.2519112800e-01  2.1019230100e-01  1.7233277600e-01  2.3862610300e-01
    1.1640000000e+01  3.9753379800e-01  2.8045588400e-01  3.2838839700e-01  2.0932726400e-01  1.7006207300e-01  2.3744920500e-01
    1.1650000000e+01  4.0184162100e-01  2.8603822200e-01  3.3150216700e-01  2.0852181400e-01  1.6788391000e-01  2.3627095900e-01
    1.1660000000e+01  4.0604008100e-01  2.9156556600e-01  3.3453201400e-01  2.0776537900e-01  1.6579111000e-01  2.3508206900e-01
    1.1670000000e+01  4.1012490700e-01  2.9703589100e-01  3.3747912100e-01  2.0704598300e-01  1.6377635600e-01  2.3387311600e-01
    1.1680000000e+01  4.1409367000e-01  3.0244821800e-01  3.4034607500e-01  2.0635054400e-01  1.6183244600e-01  2.3263497600e-01
    1.1690000000e+01  4.1794607200e-01  3.0780249800e-01  3.4313655500e-01  2.0566528400e-01  1.5995250800e-01  2.3135903400e-01
    1.1700000000e+01  4.2168411700e-01  3.1309944400e-01  3.4585503700e-01  2.0497620900e-01  1.5813012800e-01  2.3003719600e-01
    1.1710000000e+01  4.2531213600e-01  3.1834036400e-01  3.4850663300e-01  2.0426964300e-01  1.5635941000e-01  2.2866174600e-01
    1.1720000000e+01  4.2883665800e-01  3.2352702300e-01  3.5109711100e-01  2.0353272800e-01  1.5463497700e-01  2.2722518800e-01
    1.1730000000e+01  4.3226614600e-01  3.2866154000e-01  3.5363307000e-01  2.0275387500e-01  1.5295194100e-01  2.2572014900e-01
    1.1740000000e+01  4.3561061500e-01  3.3374632600e-01  3.5612218900e-01  2.0192308100e-01  1.5130587400e-01  2.2413944200e-01
    1.1750000000e+01  4.3888122600e-01  3.3878403900e-01  3.5857346900e-01  2.0103210600e-01  1.4969277400e-01  2.2247630900e-01
    1.1760000000e+01  4.4208989000e-01  3.4377756500e-01  3.6099737300e-01  2.0007450900e-01  1.4810905300e-01  2.2072479600e-01
    1.1770000000e+01  4.4524895100e-01  3.4872999500e-01  3.6340580400e-01  1.9904558600e-01  1.4655152700e-01  2.1888022500e-01
    1.1780000000e+01  4.4837097200e-01  3.5364462300e-01  3.6581189500e-01  1.9794227100e-01  1.4501742900e-01  2.1693967800e-01
    1.1790000000e+01  4.5146859300e-01  3.5852492400e-01  3.6822961600e-01  1.9676304900e-01  1.4350442500e-01  2.1490242100e-01
    1.1800000000e+01  4.5455443500e-01  3.6337453400e-01  3.7067321100e-01  1.9550792400e-01  1.4201066000e-01  2.1277018800e-01
    1.1810000000e+01  4.5764100500e-01  3.6819719900e-01  3.7315653800e-01  1.9417844600e-01  1.4053479100e-01  2.1054726400e-01
    1.1820000000e+01  4.6074053000e-01  3.7299671200e-01  3.7569239500e-01  1.9277778000e-01  1.3907602900e-01  2.0824033000e-01
    1.1830000000e+01  4.6386472100e-01  3.7777682100e-01  3.7829193300e-01  1.9131076300e-01  1.3763415200e-01  2.0585807100e-01
    1.1840000000e+01  4.6702445300e-01  3.8254114300e-01  3.8096424600e-01  1.8978390800e-01  1.3620950300e-01  2.0341060700e-01
    1.1850000000e+01  4.7022938800e-01  3.8729307200e-01  3.8371620100e-01  1.8820528000e-01  1.3480296000e-01  2.0090884200e-01
    1.1860000000e+01  4.7348763100e-01  3.9203569600e-01  3.8655250700e-01  1.8658423300e-01  1.3341589200e-01  1.9836381900e-01
    1.1870000000e+01  4.7680545900e-01  3.9677172800e-01  3.8947599000e-01  1.8493100900e-01  1.3205009600e-01  1.9578619700e-01
    1.1880000000e+01  4.8018722500e-01  4.0150344700e-01  3.9248800100e-01  1.8325624400e-01  1.3070773100e-01  1.9318588400e-01
    1.1890000000e+01  4.8363545100e-01  4.0623265400e-01  3.9558887600e-01  1.8157048100e-01  1.2939123700e-01  1.9057188400e-01
    1.1900000000e+01  4.8715109200e-01  4.1096063800e-01  3.9877836900e-01  1.7988377600e-01  1.2810324100e-01  1.8795231600e-01
    1.1910000000e+01  4.9073390500e-01  4.1568816400e-01  4.0205598200e-01  1.7820546300e-01  1.2684647300e-01  1.8533458700e-01
    1.1920000000e+01  4.9438283000e-01  4.2041547600e-01  4.0542116900e-01  1.7654411900e-01  1.2562366700e-01  1.8272564200e-01
    1.1930000000e+01  4.9809628300e-01  4.2514232500e-01  4.0887339300e-01  1.7490767800e-01  1.2443747200e-01  1.8013224400e-01
    1.1940000000e+01  5.0187231000e-01  4.2986799900e-01  4.1241206200e-01  1.7330363100e-01  1.2329036600e-01  1.7756120700e-01
    1.1950000000e+01  5.0570859200e-01  4.3459139000e-01  4.1603637300e-01  1.7173923000e-01  1.2218458300e-01  1.7501956400e-01
    1.1960000000e+01  5.0960232400e-01  4.3931105800e-01  4.1974511500e-01  1.7022160900e-01  1.2112204400e-01  1.7251463300e-01
    1.1970000000e+01  5.1355005400e-01  4.4402533200e-01  4.2353646300e-01  1.6875778600e-01  1.2010431900e-01  1.7005399600e-01
    1.1980000000e+01  5.1754754500e-01  4.4873240500e-01  4.2740780500e-01  1.6735455300e-01  1.1913260500e-01  1.6764540000e-01
    1.1990000000e+01  5.2158970200e-01  4.5343043600e-01  4.3135561000e-01  1.6601828600e-01  1.1820775200e-01  1.6529660100e-01
    1.2000000000e+01  5.2567060600e-01  4.5811763900e-01  4.3537534300e-01  1.6475473400e-01  1.1733031300e-01  1.6301518000e-01
    1.2010000000e+01  5.2978362600e-01  4.6279233000e-01  4.3946143900e-01  1.6356882100e-01  1.1650061500e-01  1.6080832700e-01
    1.2020000000e+01  5.3392159600e-01  4.6745295000e-01  4.4360732800e-01  1.6246451000e-01  1.1571884600e-01  1.5868261700e-01
    1.2030000000e+01  5.3807702000e-01  4.7209804300e-01  4.4780552400e-01  1.6144472700e-01  1.1498512200e-01  1.5664378500e-01
    1.2040000000e+01  5.4224227900e-01  4.7672622600e-01  4.5204778500e-01  1.6051134700e-01  1.1429953400e-01  1.5469652300e-01
    1.2050000000e+01  5.4640982900e-01  4.8133613700e-01  4.5632533900e-01  1.5966522500e-01  1.1366216700e-01  1.5284431100e-01
    1.2060000000e+01  5.5057238800e-01  4.8592640000e-01  4.6062915900e-01  1.5890628100e-01  1.1307309900e-01  1.5108934000e-01
    1.2070000000e+01  5.5472308600e-01  4.9049560200e-01  4.6495026000e-01  1.5823362400e-01  1.1253238600e-01  1.4943251600e-01
    1.2080000000e+01  5.5885558200e-01  4.9504227800e-01  4.6927996500e-01  1.5764571500e-01  1.1204004100e-01  1.4787357300e-01
    1.2090000000e+01  5.6296411500e-01  4.9956491100e-01  4.7361010900e-01  1.5714056400e-01  1.1159601700e-01  1.4641126900e-01
    1.2100000000e+01  5.6704348900e-01  5.0406193700e-01  4.7793313400e-01  1.5671591900e-01  1.1120019600e-01  1.4504361600e-01
    1.2110000000e+01  5.7108898100e-01  5.0853174700e-01  4.8224209300e-01  1.5636944000e-01  1.1085237800e-01  1.4376810300e-01
    1.2120000000e+01  5.7509620100e-01  5.1297270200e-01  4.8653055700e-01  1.5609879600e-01  1.1055227700e-01  1.4258186200e-01
    1.2130000000e+01  5.7906092800e-01  5.1738313500e-01  4.9079249800e-01  1.5590170200e-01  1.1029952100e-01  1.4148174800e-01
    1.2140000000e+01  5.8297895800e-01  5.2176136200e-01  4.9502217200e-01  1.5577586500e-01  1.1009366100e-01  1.4046433500e-01
    1.2150000000e+01  5.8684601100e-01  5.2610567300e-01  4.9921405200e-01  1.5571887600e-01  1.0993417700e-01  1.3952584700e-01
    1.2160000000e+01  5.9065769500e-01  5.3041432300e-01  5.0336282300e-01  1.5572807000e-01  1.0982049000e-01  1.3866206800e-01
    1.2170000000e+01  5.9440954200e-01  5.3468550000e-01  5.0746344500e-01  1.5580039800e-01  1.0975195500e-01  1.3786824900e-01
    1.2180000000e+01  5.9809709400e-01  5.3891730700e-01  5.1151126700e-01  1.5593232300e-01  1.0972784400e-01  1.3713905400e-01
    1.2190000000e+01  6.0171601600e-01  5.4310773400e-01  5.1550216500e-01  1.5611976300e-01  1.0974731300e-01  1.3646855800e-01
    1.2200000000e+01  6.0526221200e-01  5.4725464800e-01  5.1943269600e-01  1.5635807400e-01  1.0980935300e-01  1.3585028900e-01
    1.2210000000e+01  6.0873193900e-01  5.5135580200e-01  5.2330022400e-01  1.5664207100e-01  1.0991273400e-01  1.3527733400e-01
    1.2220000000e+01  6.1212190200e-01  5.5540885600e-01  5.2710303100e-01  1.5696605900e-01  1.1005594500e-01  1.3474247100e-01
    1.2230000000e+01  6.1542933500e-01  5.5941142500e-01  5.3084037300e-01  1.5732388900e-01  1.1023714200e-01  1.3423833600e-01
    1.2240000000e+01  6.1865208100e-01  5.6336113600e-01  5.3451250200e-01  1.5770900400e-01  1.1045409500e-01  1.3375759600e-01
    1.2250000000e+01  6.2178866600e-01  5.6725570800e-01  5.3812063900e-01  1.5811451100e-01  1.1070415700e-01  1.3329311600e-01
    1.2260000000e+01  6.2483837400e-01  5.7109304700e-01  5.4166691800e-01  1.5853324900e-01  1.1098423800e-01  1.3283810700e-01
    1.2270000000e+01  6.2780132200e-01  5.7487135000e-01  5.4515430600e-01  1.5895788800e-01  1.1129081200e-01  1.3238625200e-01
    1.2280000000e+01  6.3067852700e-01  5.7858923100e-01  5.4858651000e-01  1.5938104500e-01  1.1161994600e-01  1.3193180600e-01
    1.2290000000e+01  6.3347196000e-01  5.8224583500e-01  5.5196789300e-01  1.5979543500e-01  1.1196737300e-01  1.3146968200e-01
    1.2300000000e+01  6.3618456000e-01  5.8584093900e-01  5.5530337400e-01  1.6019405400e-01  1.1232860600e-01  1.3099552900e-01
    1.2310000000e+01  6.3882020300e-01  5.8937501600e-01  5.5859832600e-01  1.6057036600e-01  1.1269908400e-01  1.3050580500e-01
    1.2320000000e+01  6.4138361300e-01  5.9284925400e-01  5.6185846200e-01  1.6091849800e-01  1.1307433700e-01  1.2999784500e-01
    1.2330000000e+01  6.4388022500e-01  5.9626552500e-01  5.6508969600e-01  1.6123340200e-01  1.1345014800e-01  1.2946991500e-01
    1.2340000000e+01  6.4631600800e-01  5.9962630700e-01  5.6829798300e-01  1.6151097900e-01  1.1382269100e-01  1.2892124900e-01
    1.2350000000e+01  6.4869727300e-01  6.0293458700e-01  5.7148915400e-01  1.6174815300e-01  1.1418864200e-01  1.2835204100e-01
    1.2360000000e+01  6.5103047200e-01  6.0619375000e-01  5.7466873900e-01  1.6194292200e-01  1.1454525700e-01  1.2776341200e-01
    1.2370000000e+01  6.5332198500e-01  6.0940746600e-01  5.7784180100e-01  1.6209435700e-01  1.1489043400e-01  1.2715733700e-01
    1.2380000000e+01  6.5557789200e-01  6.1257957000e-01  5.8101279000e-01  1.6220257500e-01  1.1522276200e-01  1.2653653300e-01
    1.2390000000e+01  6.5780374000e-01  6.1571392000e-01  5.8418540800e-01  1.6226864300e-01  1.1554155200e-01  1.2590431900e-01
    1.2400000000e+01  6.6000431500e-01  6.1881424500e-01  5.8736250700e-01  1.6229440300e-01  1.1584684600e-01  1.2526444500e-01
    1.2410000000e+01  6.6218347900e-01  6.2188396900e-01  5.9054602700e-01  1.6228221800e-01  1.1613938300e-01  1.2462088300e-01
    1.2420000000e+01  6.6434409500e-01  6.2492604100e-01  5.9373699000e-01  1.6223464300e-01  1.1642050700e-01  1.2397760100e-01
    1.2430000000e+01  6.6648810400e-01  6.2794279500e-01  5.9693556600e-01  1.6215409800e-01  1.1669202000e-01  1.2333833200e-01
    1.2440000000e+01  6.6861671600e-01  6.3093586200e-01  6.0014121900e-01  1.6204259200e-01  1.1695599000e-01  1.2270636700e-01
    1.2450000000e+01  6.7073070300e-01  6.3390615600e-01  6.0335291300e-01  1.6190157200e-01  1.1721454500e-01  1.2208442400e-01
    1.2460000000e+01  6.7283069700e-01  6.3685392000e-01  6.0656936000e-01  1.6173191900e-01  1.1746968600e-01  1.2147459100e-01
    1.2470000000e+01  6.7491743900e-01  6.3977883200e-01  6.0978924900e-01  1.6153407700e-01  1.1772313500e-01  1.2087838100e-01
    1.2480000000e+01  6.7699190600e-01  6.4268012500e-01  6.1301143200e-01  1.6130825600e-01  1.1797623600e-01  1.2029686600e-01
    1.2490000000e+01  6.7905531400e-01  6.4555671400e-01  6.1623502200e-01  1.6105465300e-01  1.1822990000e-01  1.1973087000e-01
    1.2500000000e+01  6.8110901000e-01  6.4840730900e-01  6.1945938900e-01  1.6077360700e-01  1.1848458900e-01  1.1918116300e-01
    1.2510000000e+01  6.8315430500e-01  6.5123051200e-01  6.2268407600e-01  1.6046565700e-01  1.1874030000e-01  1.1864863100e-01
    1.2520000000e+01  6.8519232200e-01  6.5402490800e-01  6.2590863900e-01  1.6013148500e-01  1.1899657400e-01  1.1813436500e-01
    1.2530000000e+01  6.8722390300e-01  6.5678915500e-01  6.2913248100e-01  1.5977177600e-01  1.1925249800e-01  1.1763966900e-01
    1.2540000000e+01  6.8924962200e-01  6.5952208500e-01  6.3235469800e-01  1.5938704700e-01  1.1950672700e-01  1.1716597500e-01
    1.2550000000e+01  6.9126990500e-01  6.6222280900e-01  6.3557398400e-01  1.5897750100e-01  1.1975752900e-01  1.1671469500e-01
    1.2560000000e+01  6.9328521500e-01  6.6489080900e-01  6.3878862000e-01  1.5854297200e-01  1.2000286800e-01  1.1628704500e-01
    1.2570000000e+01  6.9529625100e-01  6.6752601200e-01  6.4199654800e-01  1.5808298300e-01  1.2024051400e-01  1.1588387600e-01
    1.2580000000e+01  6.9730408400e-01  6.7012882200e-01  6.4519550800e-01  1.5759690500e-01  1.2046817700e-01  1.1550555300e-01
    1.2590000000e+01  6.9931020000e-01  6.7270009500e-01  6.4838322600e-01  1.5708416400e-01  1.2068365600e-01  1.1515190600e-01
    1.2600000000e+01  7.0131641200e-01  6.7524107600e-01  6.5155759200e-01  1.5654444400e-01  1.2088494800e-01  1.1482226400e-01
    1.2610000000e+01  7.0332469300e-01  6.7775328400e-01  6.5471681500e-01  1.5597781400e-01  1.2107034100e-01  1.1451555700e-01
    1.2620000000e+01  7.0533696700e-01  6.8023839100e-01  6.5785951900e-01  1.5538474200e-01  1.2123844000e-01  1.1423047600e-01
    1.2630000000e+01  7.0735491800e-01  6.8269809700e-01  6.6098476400e-01  1.5476600900e-01  1.2138814200e-01  1.1396564100e-01
    1.2640000000e+01  7.0937987200e-01  6.8513403800e-01  6.6409199300e-01  1.5412253400e-01  1.2151856800e-01  1.1371977200e-01
    1.2650000000e+01  7.1141278700e-01  6.8754774300e-01  6.6718092700e-01  1.5345515900e-01  1.2162895500e-01  1.1349180400e-01
    1.2660000000e+01  7.1345433400e-01  6.8994064200e-01  6.7025141900e-01  1.5276445400e-01  1.2171855500e-01  1.1328095900e-01
    1.2670000000e+01  7.1550507800e-01  6.9231413300e-01  6.7330330000e-01  1.5205057500e-01  1.2178654600e-01  1.1308673700e-01
    1.2680000000e+01  7.1756570700e-01  6.9466967400e-01  6.7633624700e-01  1.5131320400e-01  1.2183199200e-01  1.1290886600e-01
    1.2690000000e+01  7.1963727900e-01  6.9700888900e-01  6.7934968200e-01  1.5055160900e-01  1.2185385100e-01  1.1274718700e-01
    1.2700000000e+01  7.2172143900e-01  6.9933365700e-01  6.8234272800e-01  1.4976479200e-01  1.2185103200e-01  1.1260152100e-01
    1.2710000000e+01  7.2382055900e-01  7.0164617400e-01  6.8531420700e-01  1.4895173100e-01  1.2182247900e-01  1.1247152600e-01
    1.2720000000e+01  7.2593778900e-01  7.0394897200e-01  6.8826270300e-01  1.4811167100e-01  1.2176726800e-01  1.1235655900e-01
    1.2730000000e+01  7.2807698000e-01  7.0624491300e-01  6.9118666300e-01  1.4724441500e-01  1.2168470300e-01  1.1225556500e-01
    1.2740000000e+01  7.3024252000e-01  7.0853716200e-01  6.9408454300e-01  1.4635058300e-01  1.2157439600e-01  1.1216700100e-01
    1.2750000000e+01  7.3243907100e-01  7.1082915200e-01  6.9695498000e-01  1.4543178900e-01  1.2143633900e-01  1.1208881400e-01
    1.2760000000e+01  7.3467128700e-01  7.1312455300e-01  6.9979696700e-01  1.4449073000e-01  1.2127098100e-01  1.1201848200e-01
    1.2770000000e+01  7.3694349800e-01  7.1542721700e-01  7.0261001700e-01  1.4353117800e-01  1.2107931000e-01  1.1195311700e-01
    1.2780000000e+01  7.3925943800e-01  7.1774110600e-01  7.0539428700e-01  1.4255789000e-01  1.2086295200e-01  1.1188962700e-01
    1.2790000000e+01  7.4162199400e-01  7.2007017600e-01  7.0815063600e-01  1.4157643500e-01  1.2062426700e-01  1.1182491800e-01
    1.2800000000e+01  7.4403302400e-01  7.2241821500e-01  7.1088060900e-01  1.4059297500e-01  1.2036642200e-01  1.1175610000e-01
    1.2810000000e+01  7.4649323500e-01  7.2478863300e-01  7.1358634900e-01  1.3961399800e-01  1.2009341900e-01  1.1168068300e-01
    1.2820000000e+01  7.4900214300e-01  7.2718423600e-01  7.1627045800e-01  1.3864603000e-01  1.1981005400e-01  1.1159671400e-01
    1.2830000000e+01  7.5155811500e-01  7.2960701000e-01  7.1893582800e-01  1.3769534900e-01  1.1952180800e-01  1.1150286000e-01
    1.2840000000e+01  7.5415849000e-01  7.3205793500e-01  7.2158547400e-01  1.3676772800e-01  1.1923465700e-01  1.1139842900e-01
    1.2850000000e+01  7.5679977300e-01  7.3453686500e-01  7.2422239700e-01  1.3586823300e-01  1.1895485100e-01  1.1128335100e-01
    1.2860000000e+01  7.5947786700e-01  7.3704247000e-01  7.2684946000e-01  1.3500110100e-01  1.1868866100e-01  1.1115814500e-01
    1.2870000000e+01  7.6218831500e-01  7.3957224500e-01  7.2946929300e-01  1.3416970400e-01  1.1844213300e-01  1.1102387300e-01
    1.2880000000e+01  7.6492651000e-01  7.4212257200e-01  7.3208419100e-01  1.3337659300e-01  1.1822085900e-01  1.1088209500e-01
    1.2890000000e+01  7.6768785600e-01  7.4468882000e-01  7.3469600700e-01  1.3262359700e-01  1.1802977600e-01  1.1073481500e-01
    1.2900000000e+01  7.7046785300e-01  7.4726546900e-01  7.3730603900e-01  1.3191193900e-01  1.1787299500e-01  1.1058437900e-01
    1.2910000000e+01  7.7326213000e-01  7.4984625800e-01  7.3991493300e-01  1.3124233900e-01  1.1775364500e-01  1.1043334900e-01
    1.2920000000e+01  7.7606643300e-01  7.5242435500e-01  7.4252262800e-01  1.3061508400e-01  1.1767374500e-01  1.1028431800e-01
    1.2930000000e+01  7.7887661400e-01  7.5499254500e-01  7.4512835400e-01  1.3003004900e-01  1.1763410000e-01  1.1013971500e-01
    1.2940000000e+01  7.8168862800e-01  7.5754344700e-01  7.4773070400e-01  1.2948669300e-01  1.1763422500e-01  1.1000161400e-01
    1.2950000000e+01  7.8449856300e-01  7.6006974600e-01  7.5032775700e-01  1.2898403200e-01  1.1767230600e-01  1.0987157400e-01
    1.2960000000e+01  7.8730269700e-01  7.6256442900e-01  7.5291724500e-01  1.2852062400e-01  1.1774520800e-01  1.0975052900e-01
    1.2970000000e+01  7.9009758200e-01  7.6502102800e-01  7.5549673000e-01  1.2809457300e-01  1.1784852600e-01  1.0963873700e-01
    1.2980000000e+01  7.9288012800e-01  7.6743385000e-01  7.5806377300e-01  1.2770356300e-01  1.1797667600e-01  1.0953577300e-01
    1.2990000000e+01  7.9564768300e-01  7.6979819400e-01  7.6061610200e-01  1.2734491900e-01  1.1812302800e-01  1.0944055800e-01
    1.3000000000e+01  7.9839810400e-01  7.7211055900e-01  7.6315175200e-01  1.2701569100e-01  1.1828007400e-01  1.0935142400e-01
    1.3010000000e+01  8.0112979500e-01  7.7436881900e-01  7.6566920100e-01  1.2671275900e-01  1.1843965500e-01  1.0926619600e-01
    1.3020000000e+01  8.0384172700e-01  7.7657237500e-01  7.6816747800e-01  1.2643294500e-01  1.1859322400e-01  1.0918231300e-01
    1.3030000000e+01  8.0653342900e-01  7.7872223200e-01  7.7064626000e-01  1.2617312000e-01  1.1873215800e-01  1.0909696800e-01
    1.3040000000e+01  8.0920495600e-01  7.8082101900e-01  7.7310591800e-01  1.2593031900e-01  1.1884810700e-01  1.0900728400e-01
    1.3050000000e+01  8.1185683200e-01  7.8287290800e-01  7.7554752200e-01  1.2570184500e-01  1.1893333200e-01  1.0891050700e-01
    1.3060000000e+01  8.1448996700e-01  7.8488345200e-01  7.7797277700e-01  1.2548535400e-01  1.1898103300e-01  1.0880419100e-01
    1.3070000000e+01  8.1710554700e-01  7.8685934700e-01  7.8038390000e-01  1.2527893300e-01  1.1898562400e-01  1.0868636300e-01
    1.3080000000e+01  8.1970489800e-01  7.8880812200e-01  7.8278345200e-01  1.2508112800e-01  1.1894294300e-01  1.0855562600e-01
    1.3090000000e+01  8.2228934500e-01  7.9073779900e-01  7.8517414500e-01  1.2489093900e-01  1.1885036900e-01  1.0841120200e-01
    1.3100000000e+01  8.2486007700e-01  7.9265652700e-01  7.8755866100e-01  1.2470774700e-01  1.1870686200e-01  1.0825289300e-01
    1.3110000000e+01  8.2741805400e-01  7.9457222400e-01  7.8993951900e-01  1.2453120300e-01  1.1851288800e-01  1.0808099100e-01
    1.3120000000e+01  8.2996397400e-01  7.9649227200e-01  7.9231899500e-01  1.2436108500e-01  1.1827025800e-01  1.0789615600e-01
    1.3130000000e+01  8.3249831200e-01  7.9842327200e-01  7.9469910600e-01  1.2419716300e-01  1.1798189700e-01  1.0769930200e-01
    1.3140000000e+01  8.3502141000e-01  8.0037090700e-01  7.9708164300e-01  1.2403910900e-01  1.1765156400e-01  1.0749151600e-01
    1.3150000000e+01  8.3753360100e-01  8.0233989700e-01  7.9946821800e-01  1.2388647600e-01  1.1728359200e-01  1.0727401400e-01
    1.3160000000e+01  8.4003531200e-01  8.0433402700e-01  8.0186029900e-01  1.2373874300e-01  1.1688266100e-01  1.0704815200e-01
    1.3170000000e+01  8.4252711400e-01  8.0635621800e-01  8.0425922000e-01  1.2359541000e-01  1.1645363000e-01  1.0681545700e-01
    1.3180000000e+01  8.4500971900e-01  8.0840859800e-01  8.0666615100e-01  1.2345610700e-01  1.1600143600e-01  1.0657765600e-01
    1.3190000000e+01  8.4748389600e-01  8.1049256000e-01  8.0908204000e-01  1.2332067600e-01  1.1553102200e-01  1.0633669500e-01
    1.3200000000e+01  8.4995037500e-01  8.1260877600e-01  8.1150753900e-01  1.2318919900e-01  1.1504727500e-01  1.0609472300e-01
    1.3210000000e+01  8.5240973600e-01  8.1475720600e-01  8.1394293200e-01  1.2306197000e-01  1.1455494100e-01  1.0585405400e-01
    1.3220000000e+01  8.5486233100e-01  8.1693711300e-01  8.1638806900e-01  1.2293941700e-01  1.1405852500e-01  1.0561708900e-01
    1.3230000000e+01  8.5730825300e-01  8.1914710000e-01  8.1884232200e-01  1.2282200500e-01  1.1356215800e-01  1.0538623100e-01
    1.3240000000e+01  8.5974734700e-01  8.2138519900e-01  8.2130456200e-01  1.2271014300e-01  1.1306947100e-01  1.0516377400e-01
    1.3250000000e+01  8.6217924900e-01  8.2364899500e-01  8.2377315500e-01  1.2260410000e-01  1.1258348500e-01  1.0495178300e-01
    1.3260000000e+01  8.6460344900e-01  8.2593578500e-01  8.2624599200e-01  1.2250396300e-01  1.1210654900e-01  1.0475196500e-01
    1.3270000000e+01  8.6701934900e-01  8.2824274700e-01  8.2872056000e-01  1.2240960400e-01  1.1164032600e-01  1.0456553100e-01
    1.3280000000e+01  8.6942631600e-01  8.3056709100e-01  8.3119405200e-01  1.2232067700e-01  1.1118582500e-01  1.0439307200e-01
    1.3290000000e+01  8.7182372400e-01  8.3290618600e-01  8.3366352800e-01  1.2223660600e-01  1.1074346400e-01  1.0423446000e-01
    1.3300000000e+01  8.7421100100e-01  8.3525765300e-01  8.3612611000e-01  1.2215657600e-01  1.1031314900e-01  1.0408879300e-01
    1.3310000000e+01  8.7658768000e-01  8.3761943900e-01  8.3857920800e-01  1.2207952300e-01  1.0989435800e-01  1.0395440100e-01
    1.3320000000e+01  8.7895347000e-01  8.3998987500e-01  8.4102075000e-01  1.2200412700e-01  1.0948620900e-01  1.0382892400e-01
    1.3330000000e+01  8.8130834600e-01  8.4236773800e-01  8.4344938900e-01  1.2192882400e-01  1.0908753800e-01  1.0370947200e-01
    1.3340000000e+01  8.8365265300e-01  8.4475231800e-01  8.4586466100e-01  1.2185185100e-01  1.0869699600e-01  1.0359285600e-01
    1.3350000000e+01  8.8598719700e-01  8.4714347300e-01  8.4826706400e-01  1.2177134300e-01  1.0831316700e-01  1.0347587100e-01
    1.3360000000e+01  8.8831332400e-01  8.4954166100e-01  8.5065802600e-01  1.2168546300e-01  1.0793472500e-01  1.0335561400e-01
    1.3370000000e+01  8.9063293100e-01  8.5194793300e-01  8.5303977300e-01  1.2159257500e-01  1.0756061700e-01  1.0322977200e-01
    1.3380000000e+01  8.9294843400e-01  8.5436384900e-01  8.5541507900e-01  1.2149142000e-01  1.0719025400e-01  1.0309685500e-01
    1.3390000000e+01  8.9526265900e-01  8.5679133700e-01  8.5778696300e-01  1.2138127800e-01  1.0682368500e-01  1.0295632100e-01
    1.3400000000e+01  8.9757868400e-01  8.5923248200e-01  8.6015834500e-01  1.2126208400e-01  1.0646172600e-01  1.0280857800e-01
    1.3410000000e+01  8.9989965800e-01  8.6168926500e-01  8.6253174400e-01  1.2113449700e-01  1.0610600800e-01  1.0265486700e-01
    1.3420000000e+01  9.0222860500e-01  8.6416329700e-01  8.6490904500e-01  1.2099989400e-01  1.0575893300e-01  1.0249703900e-01
    1.3430000000e+01  9.0456824100e-01  8.6665557200e-01  8.6729137200e-01  1.2086031700e-01  1.0542354500e-01  1.0233727700e-01
    1.3440000000e+01  9.0692082300e-01  8.6916628100e-01  8.6967908100e-01  1.2071836700e-01  1.0510331000e-01  1.0217781100e-01
    1.3450000000e+01  9.0928804700e-01  8.7169470800e-01  8.7207184400e-01  1.2057706400e-01  1.0480186000e-01  1.0202066600e-01
    1.3460000000e+01  9.1167098500e-01  8.7423922300e-01  8.7446881800e-01  1.2043969400e-01  1.0452271200e-01  1.0186748500e-01
    1.3470000000e+01  9.1407007700e-01  8.7679736200e-01  8.7686883800e-01  1.2030965300e-01  1.0426901300e-01  1.0171942600e-01
    1.3480000000e+01  9.1648516800e-01  8.7936597300e-01  8.7927060800e-01  1.2019031900e-01  1.0404333400e-01  1.0157715900e-01
    1.3490000000e+01  9.1891557000e-01  8.8194142200e-01  8.8167286200e-01  1.2008494100e-01  1.0384752700e-01  1.0144090600e-01
    1.3500000000e+01  9.2136014000e-01  8.8451980600e-01  8.8407446300e-01  1.1999658300e-01  1.0368265500e-01  1.0131052700e-01
    1.3510000000e+01  9.2381735200e-01  8.8709717400e-01  8.8647447300e-01  1.1992809200e-01  1.0354899100e-01  1.0118561200e-01
    1.3520000000e+01  9.2628534500e-01  8.8966971600e-01  8.8887217100e-01  1.1988209300e-01  1.0344607700e-01  1.0106555700e-01
    1.3530000000e+01  9.2876195300e-01  8.9223392100e-01  8.9126707300e-01  1.1986099500e-01  1.0337283600e-01  1.0094962600e-01
    1.3540000000e+01  9.3124470300e-01  8.9478668300e-01  8.9365893300e-01  1.1986698200e-01  1.0332771200e-01  1.0083701000e-01
    1.3550000000e+01  9.3373080900e-01  8.9732535300e-01  8.9604775700e-01  1.1990200100e-01  1.0330882500e-01  1.0072686800e-01
    1.3560000000e+01  9.3621715900e-01  8.9984773000e-01  8.9843380600e-01  1.1996771000e-01  1.0331412400e-01  1.0061839900e-01
    1.3570000000e+01  9.3870031400e-01  9.0235200900e-01  9.0081759000e-01  1.2006541500e-01  1.0334151500e-01  1.0051090400e-01
    1.3580000000e+01  9.4117653100e-01  9.0483668700e-01  9.0319982800e-01  1.2019599100e-01  1.0338894900e-01  1.0040385900e-01
    1.3590000000e+01  9.4364181100e-01  9.0730045100e-01  9.0558140300e-01  1.2035979800e-01  1.0345445700e-01  1.0029697900e-01
    1.3600000000e+01  9.4609198200e-01  9.0974207300e-01  9.0796327700e-01  1.2055659800e-01  1.0353612500e-01  1.0019026000e-01
    1.3610000000e+01  9.4852280200e-01  9.1216033500e-01  9.1034640900e-01  1.2078549700e-01  1.0363203600e-01  1.0008399800e-01
    1.3620000000e+01  9.5093008900e-01  9.1455399600e-01  9.1273166600e-01  1.2104490500e-01  1.0374017100e-01  9.9978777000e-02
    1.3630000000e+01  9.5330986900e-01  9.1692181200e-01  9.1511974500e-01  1.2133253800e-01  1.0385830900e-01  9.9875438000e-02
    1.3640000000e+01  9.5565851700e-01  9.1926260400e-01  9.1751110400e-01  1.2164544900e-01  1.0398394800e-01  9.9775022000e-02
    1.3650000000e+01  9.5797289600e-01  9.2157536200e-01  9.1990592100e-01  1.2198010800e-01  1.0411425600e-01  9.9678709000e-02
    1.3660000000e+01  9.6025048100e-01  9.2385936200e-01  9.2230405500e-01  1.2233250500e-01  1.0424606700e-01  9.9587738000e-02
    1.3670000000e+01  9.6248944600e-01  9.2611428300e-01  9.2470504000e-01  1.2269829700e-01  1.0437592600e-01  9.9503330000e-02
    1.3680000000e+01  9.6468872000e-01  9.2834030100e-01  9.2710809200e-01  1.2307297700e-01  1.0450016900e-01  9.9426608000e-02
    1.3690000000e+01  9.6684798400e-01  9.3053815600e-01  9.2951213300e-01  1.2345205900e-01  1.0461502600e-01  9.9358523000e-02
    1.3700000000e+01  9.6896761200e-01  9.3270918700e-01  9.3191583700e-01  1.2383126000e-01  1.0471673900e-01  9.9299782000e-02
    1.3710000000e+01  9.7104854100e-01  9.3485533900e-01  9.3431768500e-01  1.2420664500e-01  1.0480168000e-01  9.9250793000e-02
    1.3720000000e+01  9.7309211000e-01  9.3697914700e-01  9.3671604400e-01  1.2457471300e-01  1.0486646400e-01  9.9211623000e-02
    1.3730000000e+01  9.7509987600e-01  9.3908369800e-01  9.3910924400e-01  1.2493241300e-01  1.0490805800e-01  9.9181975000e-02
    1.3740000000e+01  9.7707346500e-01  9.4117259000e-01  9.4149567500e-01  1.2527707200e-01  1.0492388400e-01  9.9161190000e-02
    1.3750000000e+01  9.7901447300e-01  9.4324985600e-01  9.4387386500e-01  1.2560628800e-01  1.0491193100e-01  9.9148281000e-02
    1.3760000000e+01  9.8092444800e-01  9.4531987000e-01  9.4624254900e-01  1.2591779900e-01  1.0487085400e-01  9.9141992000e-02
    1.3770000000e+01  9.8280493200e-01  9.4738721700e-01  9.4860070700e-01  1.2620937600e-01  1.0480006900e-01  9.9140866000e-02
    1.3780000000e+01  9.8465754200e-01  9.4945651900e-01  9.5094756400e-01  1.2647877400e-01  1.0469981400e-01  9.9143324000e-02
    1.3790000000e+01  9.8648406100e-01  9.5153224400e-01  9.5328257300e-01  1.2672373300e-01  1.0457116400e-01  9.9147717000e-02
    1.3800000000e+01  9.8828650200e-01  9.5361849200e-01  9.5560536800e-01  1.2694202600e-01  1.0441597900e-01  9.9152363000e-02
    1.3810000000e+01  9.9006713600e-01  9.5571880400e-01  9.5791572100e-01  1.2713154000e-01  1.0423679100e-01  9.9155536000e-02
    1.3820000000e+01  9.9182847300e-01  9.5783601100e-01  9.6021352300e-01  1.2729034500e-01  1.0403662000e-01  9.9155437000e-02
    1.3830000000e+01  9.9357320900e-01  9.5997214800e-01  9.6249879600e-01  1.2741674600e-01  1.0381875200e-01  9.9150143000e-02
    1.3840000000e+01  9.9530416800e-01  9.6212845000e-01  9.6477174100e-01  1.2750929900e-01  1.0358649600e-01  9.9137565000e-02
    1.3850000000e+01  9.9702424100e-01  9.6430543300e-01  9.6703282100e-01  1.2756678800e-01  1.0334295500e-01  9.9115432000e-02
    1.3860000000e+01  9.9873636400e-01  9.6650304200e-01  9.6928286400e-01  1.2758818400e-01  1.0309084900e-01  9.9081318000e-02
    1.3870000000e+01  1.0004435190e+00  9.6872085800e-01  9.7152315400e-01  1.2757259400e-01  1.0283240300e-01  9.9032718000e-02
    1.3880000000e+01  1.0021487860e+00  9.7095831600e-01  9.7375549800e-01  1.2751922400e-01  1.0256932000e-01  9.8967154000e-02
    1.3890000000e+01  1.0038554000e+00  9.7321491300e-01  9.7598225000e-01  1.2742737900e-01  1.0230284800e-01  9.8882320000e-02
    1.3900000000e+01  1.0055668350e+00  9.7549036400e-01  9.7820629300e-01  1.2729649700e-01  1.0203391000e-01  9.8776226000e-02
    1.3910000000e+01  1.0072868570e+00  9.7778468300e-01  9.8043097300e-01  1.2712623400e-01  1.0176329000e-01  9.8647327000e-02
    1.3920000000e+01  1.0090195630e+00  9.8009817400e-01  9.8266000100e-01  1.2691658100e-01  1.0149182200e-01  9.8494639000e-02
    1.3930000000e+01  1.0107693590e+00  9.8243134900e-01  9.8489733200e-01  1.2666801300e-01  1.0122055400e-01  9.8317821000e-02
    1.3940000000e+01  1.0125408870e+00  9.8478477300e-01  9.8714702700e-01  1.2638164900e-01  1.0095084700e-01  9.8117231000e-02
    1.3950000000e+01  1.0143388710e+00  9.8715889300e-01  9.8941309800e-01  1.2605938400e-01  1.0068440600e-01  9.7893951000e-02
    1.3960000000e+01  1.0161679000e+00  9.8955387400e-01  9.9169935100e-01  1.2570397900e-01  1.0042321600e-01  9.7649778000e-02
    1.3970000000e+01  1.0180321740e+00  9.9196948000e-01  9.9400921200e-01  1.2531905200e-01  1.0016943100e-01  9.7387171000e-02
    1.3980000000e+01  1.0199352540e+00  9.9440501700e-01  9.9634557600e-01  1.2490896800e-01  9.9925216000e-02  9.7109145000e-02
    1.3990000000e+01  1.0218798770e+00  9.9685934800e-01  9.9871068700e-01  1.2447863000e-01  9.9692597000e-02  9.6819116000e-02
    1.4000000000e+01  1.0238678630e+00  9.9933095900e-01  1.0011060680e+00  1.2403322300e-01  9.9473329000e-02  9.6520709000e-02
    1.4010000000e+01  1.0259001530e+00  1.0018180610e+00  1.0035325340e+00  1.2357794900e-01  9.9268815000e-02  9.6217547000e-02
    1.4020000000e+01  1.0279769330e+00  1.0043187100e+00  1.0059902710e+00  1.2311783800e-01  9.9080072000e-02  9.5913073000e-02
    1.4030000000e+01  1.0300978000e+00  1.0068308990e+00  1.0084789730e+00  1.2265765100e-01  9.8907739000e-02  9.5610416000e-02
    1.4040000000e+01  1.0322619120e+00  1.0093526410e+00  1.0109980120e+00  1.2220188300e-01  9.8752117000e-02  9.5312328000e-02
    1.4050000000e+01  1.0344680760e+00  1.0118820060e+00  1.0135465950e+00  1.2175482800e-01  9.8613212000e-02  9.5021202000e-02
    1.4060000000e+01  1.0367147400e+00  1.0144171380e+00  1.0161238780e+00  1.2132066300e-01  9.8490777000e-02  9.4739137000e-02
    1.4070000000e+01  1.0389999140e+00  1.0169562500e+00  1.0187290360e+00  1.2090348500e-01  9.8384333000e-02  9.4468043000e-02
    1.4080000000e+01  1.0413210560e+00  1.0194976250e+00  1.0213612620e+00  1.2050726200e-01  9.8293163000e-02  9.4209735000e-02
    1.4090000000e+01  1.0436749820e+00  1.0220396200e+00  1.0240197220e+00  1.2013571200e-01  9.8216293000e-02  9.3966011000e-02
    1.4100000000e+01  1.0460578290e+00  1.0245807000e+00  1.0267034930e+00  1.1979210600e-01  9.8152452000e-02  9.3738683000e-02
    1.4110000000e+01  1.0484651090e+00  1.0271195050e+00  1.0294114810e+00  1.1947905200e-01  9.8100049000e-02  9.3529563000e-02
    1.4120000000e+01  1.0508918580e+00  1.0296549340e+00  1.0321423760e+00  1.1919829200e-01  9.8057158000e-02  9.3340412000e-02
    1.4130000000e+01  1.0533328600e+00  1.0321862610e+00  1.0348946260e+00  1.1895055800e-01  9.8021547000e-02  9.3172868000e-02
    1.4140000000e+01  1.0557829090e+00  1.0347132410e+00  1.0376664600e+00  1.1873550600e-01  9.7990756000e-02  9.3028364000e-02
    1.4150000000e+01  1.0582370980e+00  1.0372362000e+00  1.0404559320e+00  1.1855174300e-01  9.7962217000e-02  9.2908075000e-02
    1.4160000000e+01  1.0606910740e+00  1.0397560710e+00  1.0432609900e+00  1.1839694500e-01  9.7933413000e-02  9.2812879000e-02
    1.4170000000e+01  1.0631412460e+00  1.0422743790e+00  1.0460795510e+00  1.1826804400e-01  9.7902048000e-02  9.2743351000e-02
    1.4180000000e+01  1.0655849290e+00  1.0447931540e+00  1.0489095530e+00  1.1816146600e-01  9.7866205000e-02  9.2699785000e-02
    1.4190000000e+01  1.0680203950e+00  1.0473148030e+00  1.0517490050e+00  1.1807339300e-01  9.7824448000e-02  9.2682225000e-02
    1.4200000000e+01  1.0704468600e+00  1.0498419610e+00  1.0545960070e+00  1.1800002500e-01  9.7775884000e-02  9.2690504000e-02
    1.4210000000e+01  1.0728643800e+00  1.0523773480e+00  1.0574487550e+00  1.1793780600e-01  9.7720158000e-02  9.2724277000e-02
    1.4220000000e+01  1.0752737060e+00  1.0549236520e+00  1.0603055400e+00  1.1788360400e-01  9.7657409000e-02  9.2783037000e-02
    1.4230000000e+01  1.0776760920e+00  1.0574834470e+00  1.0631647420e+00  1.1783482400e-01  9.7588210000e-02  9.2866124000e-02
    1.4240000000e+01  1.0800731030e+00  1.0600591520e+00  1.0660248350e+00  1.1778945600e-01  9.7513503000e-02  9.2972724000e-02
    1.4250000000e+01  1.0824664350e+00  1.0626530020e+00  1.0688843970e+00  1.1774605500e-01  9.7434555000e-02  9.3101859000e-02
    1.4260000000e+01  1.0848577710e+00  1.0652670340e+00  1.0717421340e+00  1.1770369100e-01  9.7352918000e-02  9.3252386000e-02
    1.4270000000e+01  1.0872486720e+00  1.0679030640e+00  1.0745969090e+00  1.1766185500e-01  9.7270418000e-02  9.3423001000e-02
    1.4280000000e+01  1.0896405090e+00  1.0705626530e+00  1.0774477710e+00  1.1762037000e-01  9.7189129000e-02  9.3612251000e-02
    1.4290000000e+01  1.0920344220e+00  1.0732470650e+00  1.0802939890e+00  1.1757929800e-01  9.7111351000e-02  9.3818562000e-02
    1.4300000000e+01  1.0944313100e+00  1.0759572090e+00  1.0831350740e+00  1.1753884400e-01  9.7039564000e-02  9.4040262000e-02
    1.4310000000e+01  1.0968318350e+00  1.0786936100e+00  1.0859707970e+00  1.1749928300e-01  9.6976354000e-02  9.4275622000e-02
    1.4320000000e+01  1.0992364520e+00  1.0814563820e+00  1.0888012120e+00  1.1746089000e-01  9.6924331000e-02  9.4522889000e-02
    1.4330000000e+01  1.1016454500e+00  1.0842452470e+00  1.0916266640e+00  1.1742389400e-01  9.6886036000e-02  9.4780333000e-02
    1.4340000000e+01  1.1040589970e+00  1.0870595750e+00  1.0944478040e+00  1.1738844900e-01  9.6863864000e-02  9.5046303000e-02
    1.4350000000e+01  1.1064771830e+00  1.0898984460e+00  1.0972655820e+00  1.1735463600e-01  9.6860010000e-02  9.5319293000e-02
    1.4360000000e+01  1.1089000360e+00  1.0927607190e+00  1.1000812230e+00  1.1732247300e-01  9.6876435000e-02  9.5598018000e-02
    1.4370000000e+01  1.1113275270e+00  1.0956450920e+00  1.1028961690e+00  1.1729192800e-01  9.6914866000e-02  9.5881490000e-02
    1.4380000000e+01  1.1137595470e+00  1.0985501530e+00  1.1057119940e+00  1.1726291600e-01  9.6976806000e-02  9.6169067000e-02
    1.4390000000e+01  1.1161958870e+00  1.1014744130e+00  1.1085302980e+00  1.1723527300e-01  9.7063554000e-02  9.6460487000e-02
    1.4400000000e+01  1.1186362170e+00  1.1044163250e+00  1.1113525890e+00  1.1720870800e-01  9.7176226000e-02  9.6755843000e-02
    1.4410000000e+01  1.1210801020e+00  1.1073742860e+00  1.1141801740e+00  1.1718272400e-01  9.7315775000e-02  9.7055528000e-02
    1.4420000000e+01  1.1235270380e+00  1.1103466260e+00  1.1170140820e+00  1.1715654300e-01  9.7482995000e-02  9.7360131000e-02
    1.4430000000e+01  1.1259765420e+00  1.1133316000e+00  1.1198550240e+00  1.1712903500e-01  9.7678514000e-02  9.7670315000e-02
    1.4440000000e+01  1.1284282620e+00  1.1163273670e+00  1.1227034110e+00  1.1709867400e-01  9.7902766000e-02  9.7986680000e-02
    1.4450000000e+01  1.1308821200e+00  1.1193319890e+00  1.1255594160e+00  1.1706354100e-01  9.8155932000e-02  9.8309649000e-02
    1.4460000000e+01  1.1333384530e+00  1.1223434630e+00  1.1284230860e+00  1.1702136200e-01  9.8437880000e-02  9.8639379000e-02
    1.4470000000e+01  1.1357981360e+00  1.1253597860e+00  1.1312944690e+00  1.1696960900e-01  9.8748083000e-02  9.8975727000e-02
    1.4480000000e+01  1.1382626930e+00  1.1283790660e+00  1.1341737570e+00  1.1690563000e-01  9.9085578000e-02  9.9318266000e-02
    1.4490000000e+01  1.1407343460e+00  1.1313996640e+00  1.1370614050e+00  1.1682681000e-01  9.9448951000e-02  9.9666355000e-02
    1.4500000000e+01  1.1432160380e+00  1.1344203530e+00  1.1399582190e+00  1.1673074700e-01  9.9836391000e-02  1.0001924300e-01
    1.4510000000e+01  1.1457113990e+00  1.1374404540e+00  1.1428653980e+00  1.1661543100e-01  1.0024580100e-01  1.0037620300e-01
    1.4520000000e+01  1.1482246720e+00  1.1404599370e+00  1.1457845260e+00  1.1647941200e-01  1.0067496600e-01  1.0073667100e-01
    1.4530000000e+01  1.1507605910e+00  1.1434794570e+00  1.1487175230e+00  1.1632194900e-01  1.0112174900e-01  1.0110037100e-01
    1.4540000000e+01  1.1533242300e+00  1.1465003230e+00  1.1516665470e+00  1.1614313000e-01  1.0158429500e-01  1.0146740900e-01
    1.4550000000e+01  1.1559208110e+00  1.1495244050e+00  1.1546338810e+00  1.1594394300e-01  1.0206122100e-01  1.0183834000e-01
    1.4560000000e+01  1.1585555110e+00  1.1525539860e+00  1.1576218090e+00  1.1572629600e-01  1.0255175900e-01  1.0221417700e-01
    1.4570000000e+01  1.1612332660e+00  1.1555915760e+00  1.1606324930e+00  1.1549299000e-01  1.0305586300e-01  1.0259637400e-01
    1.4580000000e+01  1.1639585960e+00  1.1586397080e+00  1.1636678770e+00  1.1524763700e-01  1.0357424500e-01  1.0298676300e-01
    1.4590000000e+01  1.1667354650e+00  1.1617007210e+00  1.1667296220e+00  1.1499454200e-01  1.0410836500e-01  1.0338747900e-01
    1.4600000000e+01  1.1695671870e+00  1.1647765680e+00  1.1698190600e+00  1.1473857000e-01  1.0466034500e-01  1.0380086800e-01
    1.4610000000e+01  1.1724563660e+00  1.1678686400e+00  1.1729371930e+00  1.1448500100e-01  1.0523284100e-01  1.0422939900e-01
    1.4620000000e+01  1.1754048680e+00  1.1709776490e+00  1.1760847040e+00  1.1423940000e-01  1.0582885200e-01  1.0467559200e-01
    1.4630000000e+01  1.1784138260e+00  1.1741035700e+00  1.1792619930e+00  1.1400748500e-01  1.0645151900e-01  1.0514195200e-01
    1.4640000000e+01  1.1814836590e+00  1.1772456540e+00  1.1824692190e+00  1.1379502400e-01  1.0710390000e-01  1.0563092000e-01
    1.4650000000e+01  1.1846141030e+00  1.1804025230e+00  1.1857063550e+00  1.1360774200e-01  1.0778878000e-01  1.0614485100e-01
    1.4660000000e+01  1.1878042540e+00  1.1835723060e+00  1.1889732400e+00  1.1345124400e-01  1.0850852700e-01  1.0668599900e-01
    1.4670000000e+01  1.1910525980e+00  1.1867528240e+00  1.1922696310e+00  1.1333095700e-01  1.0926501700e-01  1.0725652900e-01
    1.4680000000e+01  1.1943570400e+00  1.1899417690e+00  1.1955952390e+00  1.1325206800e-01  1.1005962800e-01  1.0785853600e-01
    1.4690000000e+01  1.1977149300e+00  1.1931368520e+00  1.1989497610e+00  1.1321946500e-01  1.1089331100e-01  1.0849407800e-01
    1.4700000000e+01  1.2011230890e+00  1.1963359050e+00  1.2023329000e+00  1.1323765400e-01  1.1176669900e-01  1.0916521200e-01
    1.4710000000e+01  1.2045778570e+00  1.1995369160e+00  1.2057443630e+00  1.1331066900e-01  1.1268022900e-01  1.0987403100e-01
    1.4720000000e+01  1.2080751790e+00  1.2027380010e+00  1.2091838680e+00  1.1344197900e-01  1.1363426200e-01  1.1062270500e-01
    1.4730000000e+01  1.2116107230e+00  1.2059373430e+00  1.2126511240e+00  1.1363440700e-01  1.1462916300e-01  1.1141351700e-01
    1.4740000000e+01  1.2151800410e+00  1.2091330870e+00  1.2161458210e+00  1.1389009200e-01  1.1566533600e-01  1.1224890500e-01
    1.4750000000e+01  1.2187787330e+00  1.2123232540e+00  1.2196675920e+00  1.1421050200e-01  1.1674321200e-01  1.1313150200e-01
    1.4760000000e+01  1.2224026070e+00  1.2155056470e+00  1.2232159790e+00  1.1459650900e-01  1.1786319400e-01  1.1406417900e-01
    1.4770000000e+01  1.2260478050e+00  1.2186777920e+00  1.2267903630e+00  1.1504851500e-01  1.1902557500e-01  1.1505008300e-01
    1.4780000000e+01  1.2297108700e+00  1.2218369120e+00  1.2303898820e+00  1.1556660600e-01  1.2023041600e-01  1.1609266700e-01
    1.4790000000e+01  1.2333887480e+00  1.2249799330e+00  1.2340133280e+00  1.1615071500e-01  1.2147743000e-01  1.1719568800e-01
    1.4800000000e+01  1.2370787510e+00  1.2281035380e+00  1.2376590310e+00  1.1680076400e-01  1.2276584200e-01  1.1836318000e-01
    1.4810000000e+01  1.2407784620e+00  1.2312042650e+00  1.2413247490e+00  1.1751677300e-01  1.2409427400e-01  1.1959938900e-01
    1.4820000000e+01  1.2444856380e+00  1.2342786520e+00  1.2450075670e+00  1.1829892800e-01  1.2546064000e-01  1.2090866900e-01
    1.4830000000e+01  1.2481980950e+00  1.2373234130e+00  1.2487038250e+00  1.1914761000e-01  1.2686209600e-01  1.2229535600e-01
    1.4840000000e+01  1.2519136070e+00  1.2403356510e+00  1.2524090780e+00  1.2006339400e-01  1.2829502800e-01  1.2376361100e-01
    1.4850000000e+01  1.2556298050e+00  1.2433130750e+00  1.2561180950e+00  1.2104702300e-01  1.2975510900e-01  1.2531726200e-01
    1.4860000000e+01  1.2593441000e+00  1.2462542010e+00  1.2598248850e+00  1.2209936300e-01  1.3123743000e-01  1.2695964200e-01
    1.4870000000e+01  1.2630535970e+00  1.2491585360e+00  1.2635227760e+00  1.2322133200e-01  1.3273668100e-01  1.2869342800e-01
    1.4880000000e+01  1.2667550480e+00  1.2520266910e+00  1.2672045200e+00  1.2441381600e-01  1.3424740000e-01  1.3052050100e-01
    1.4890000000e+01  1.2704448040e+00  1.2548604340e+00  1.2708624300e+00  1.2567756500e-01  1.3576425700e-01  1.3244183500e-01
    1.4900000000e+01  1.2741188200e+00  1.2576626490e+00  1.2744885490e+00  1.2701307200e-01  1.3728235100e-01  1.3445742000e-01
    1.4910000000e+01  1.2777726650e+00  1.2604372060e+00  1.2780748220e+00  1.2842046600e-01  1.3879748700e-01  1.3656622900e-01
    1.4920000000e+01  1.2814015760e+00  1.2631887490e+00  1.2816132560e+00  1.2989939300e-01  1.4030641000e-01  1.3876623000e-01
    1.4930000000e+01  1.2850005310e+00  1.2659224220e+00  1.2850960650e+00  1.3144891700e-01  1.4180696000e-01  1.4105443200e-01
    1.4940000000e+01  1.2885643340e+00  1.2686435690e+00  1.2885157790e+00  1.3306743700e-01  1.4329812500e-01  1.4342694600e-01
    1.4950000000e+01  1.2920877310e+00  1.2713574400e+00  1.2918653160e+00  1.3475260500e-01  1.4478001800e-01  1.4587904400e-01
    1.4960000000e+01  1.2955655300e+00  1.2740689320e+00  1.2951380460e+00  1.3650127300e-01  1.4625376400e-01  1.4840520200e-01
    1.4970000000e+01  1.2989927520e+00  1.2767823810e+00  1.2983278390e+00  1.3830944700e-01  1.4772132500e-01  1.5099912700e-01
    1.4980000000e+01  1.3023647880e+00  1.2795014200e+00  1.3014291330e+00  1.4017227200e-01  1.4918529800e-01  1.5365374500e-01
    1.4990000000e+01  1.3056775790e+00  1.2822289010e+00  1.3044370310e+00  1.4208403800e-01  1.5064868300e-01  1.5636119600e-01
    1.5000000000e+01  1.3089278070e+00  1.2849668830e+00  1.3073474360e+00  1.4403822800e-01  1.5211464900e-01  1.5911281300e-01
    1.5010000000e+01  1.3121130890e+00  1.2877166790e+00  1.3101572380e+00  1.4602760300e-01  1.5358631900e-01  1.6189914100e-01
    1.5020000000e+01  1.3152321790e+00  1.2904789720e+00  1.3128645400e+00  1.4804433000e-01  1.5506657500e-01  1.6470999300e-01
    1.5030000000e+01  1.3182851560e+00  1.2932539680e+00  1.3154689090e+00  1.5008017100e-01  1.5655791400e-01  1.6753459000e-01
    1.5040000000e+01  1.3212735930e+00  1.2960415980e+00  1.3179716420e+00  1.5212672900e-01  1.5806235800e-01  1.7036178800e-01
    1.5050000000e+01  1.3242006860e+00  1.2988417220e+00  1.3203759830e+00  1.5417576700e-01  1.5958144000e-01  1.7318041700e-01
    1.5060000000e+01  1.3270712990e+00  1.3016543290e+00  1.3226872730e+00  1.5621959100e-01  1.6111625500e-01  1.7597971500e-01
    1.5070000000e+01  1.3298919170e+00  1.3044797070e+00  1.3249129920e+00  1.5825147300e-01  1.6266756900e-01  1.7874984700e-01
    1.5080000000e+01  1.3326704510e+00  1.3073185630e+00  1.3270626400e+00  1.6026609700e-01  1.6423599100e-01  1.8148248000e-01
    1.5090000000e+01  1.3354159030e+00  1.3101720750e+00  1.3291474530e+00  1.6225995900e-01  1.6582215900e-01  1.8417135900e-01
    1.5100000000e+01  1.3381378920e+00  1.3130418790e+00  1.3311799170e+00  1.6423166200e-01  1.6742694800e-01  1.8681283700e-01
    1.5110000000e+01  1.3408460760e+00  1.3159299830e+00  1.3331730880e+00  1.6618206100e-01  1.6905165100e-01  1.8940628900e-01
    1.5120000000e+01  1.3435495560e+00  1.3188386180e+00  1.3351397590e+00  1.6811421800e-01  1.7069812500e-01  1.9195431100e-01
    1.5130000000e+01  1.3462562990e+00  1.3217700420e+00  1.3370915160e+00  1.7003316700e-01  1.7236886200e-01  1.9446265900e-01
    1.5140000000e+01  1.3489726830e+00  1.3247263390e+00  1.3390378200e+00  1.7194551700e-01  1.7406698600e-01  1.9693985600e-01
    1.5150000000e+01  1.3517031730e+00  1.3277092330e+00  1.3409852200e+00  1.7385893800e-01  1.7579615500e-01  1.9939648400e-01
    1.5160000000e+01  1.3544501750e+00  1.3307199800e+00  1.3429368410e+00  1.7578159200e-01  1.7756041100e-01  2.0184421600e-01
    1.5170000000e+01  1.3572140650e+00  1.3337593360e+00  1.3448922230e+00  1.7772155400e-01  1.7936398700e-01  2.0429471400e-01
    1.5180000000e+01  1.3599933750e+00  1.3368276370e+00  1.3468475590e+00  1.7968626700e-01  1.8121115300e-01  2.0675852900e-01
    1.5190000000e+01  1.3627851510e+00  1.3399249320e+00  1.3487962830e+00  1.8168209600e-01  1.8310611800e-01  2.0924416500e-01
    1.5200000000e+01  1.3655854180e+00  1.3430511620e+00  1.3507299350e+00  1.8371400200e-01  1.8505302900e-01  2.1175741900e-01
    1.5210000000e+01  1.3683897470e+00  1.3462063120e+00  1.3526391570e+00  1.8578540500e-01  1.8705607300e-01  2.1430106700e-01
    1.5220000000e+01  1.3711938280e+00  1.3493905040e+00  1.3545146890e+00  1.8789825100e-01  1.8911964700e-01  2.1687491300e-01
    1.5230000000e+01  1.3739939810e+00  1.3526040040e+00  1.3563482490e+00  1.9005329900e-01  1.9124857600e-01  2.1947614600e-01
    1.5240000000e+01  1.3767875140e+00  1.3558471360e+00  1.3581331940e+00  1.9225058200e-01  1.9344833600e-01  2.2209993600e-01
    1.5250000000e+01  1.3795728600e+00  1.3591201210e+00  1.3598649360e+00  1.9448997900e-01  1.9572524700e-01  2.2474017800e-01
    1.5260000000e+01  1.3823494630e+00  1.3624228450e+00  1.3615410640e+00  1.9677179300e-01  1.9808662300e-01  2.2739029000e-01
    1.5270000000e+01  1.3851174330e+00  1.3657545810e+00  1.3631612030e+00  1.9909722200e-01  2.0054086500e-01  2.3004396300e-01
    1.5280000000e+01  1.3878770280e+00  1.3691136710e+00  1.3647266290e+00  2.0146864500e-01  2.0309750000e-01  2.3269580100e-01
    1.5290000000e+01  1.3906280750e+00  1.3724971750e+00  1.3662396980e+00  2.0388966900e-01  2.0576715100e-01  2.3534174500e-01
    1.5300000000e+01  1.3933694110e+00  1.3759004820e+00  1.3677031840e+00  2.0636492300e-01  2.0856142800e-01  2.3797925700e-01
    1.5310000000e+01  1.3960984650e+00  1.3793169110e+00  1.3691196200e+00  2.0889966600e-01  2.1149271900e-01  2.4060721900e-01
    1.5320000000e+01  1.3988110260e+00  1.3827373080e+00  1.3704907590e+00  2.1149925300e-01  2.1457385100e-01  2.4322561200e-01
    1.5330000000e+01  1.4015012280e+00  1.3861496950e+00  1.3718172220e+00  2.1416857200e-01  2.1781762700e-01  2.4583501300e-01
    1.5340000000e+01  1.4041617460e+00  1.3895390100e+00  1.3730983830e+00  2.1691153500e-01  2.2123620600e-01  2.4843603500e-01
    1.5350000000e+01  1.4067841400e+00  1.3928869960e+00  1.3743324670e+00  2.1973068300e-01  2.2484038600e-01  2.5102879900e-01
    1.5360000000e+01  1.4093592880e+00  1.3961722780e+00  1.3755168050e+00  2.2262696000e-01  2.2863880800e-01  2.5361249600e-01
    1.5370000000e+01  1.4118778420e+00  1.3993706690e+00  1.3766482120e+00  2.2559964800e-01  2.3263714000e-01  2.5618508100e-01
    1.5380000000e+01  1.4143306320e+00  1.4024556930e+00  1.3777233950e+00  2.2864644600e-01  2.3683733300e-01  2.5874309800e-01
    1.5390000000e+01  1.4167089870e+00  1.4053993330e+00  1.3787394060e+00  2.3176366200e-01  2.4123700200e-01  2.6128161100e-01
    1.5400000000e+01  1.4190049530e+00  1.4081729270e+00  1.3796940870e+00  2.3494645500e-01  2.4582900400e-01  2.6379425300e-01
    1.5410000000e+01  1.4212113960e+00  1.4107481720e+00  1.3805865210e+00  2.3818909300e-01  2.5060127400e-01  2.6627338400e-01
    1.5420000000e+01  1.4233220220e+00  1.4130981250e+00  1.3814174520e+00  2.4148518100e-01  2.5553691000e-01  2.6871037600e-01
    1.5430000000e+01  1.4253313220e+00  1.4151981260e+00  1.3821896410e+00  2.4482783600e-01  2.6061450500e-01  2.7109602600e-01
    1.5440000000e+01  1.4272344960e+00  1.4170265760e+00  1.3829081120e+00  2.4820978600e-01  2.6580866200e-01  2.7342108100e-01
    1.5450000000e+01  1.4290273820e+00  1.4185655470e+00  1.3835802540e+00  2.5162339300e-01  2.7109062200e-01  2.7567685700e-01
    1.5460000000e+01  1.4307064310e+00  1.4198012060e+00  1.3842157370e+00  2.5506063300e-01  2.7642892200e-01  2.7785588500e-01
    1.5470000000e+01  1.4322687580e+00  1.4207241250e+00  1.3848262420e+00  2.5851305400e-01  2.8179005200e-01  2.7995254700e-01
    1.5480000000e+01  1.4337122430e+00  1.4213294950e+00  1.3854250120e+00  2.6197177200e-01  2.8713906600e-01  2.8196362500e-01
    1.5490000000e+01  1.4350356750e+00  1.4216173150e+00  1.3860262500e+00  2.6542753300e-01  2.9244018500e-01  2.8388873500e-01
    1.5500000000e+01  1.4362388730e+00  1.4215925660e+00  1.3866443920e+00  2.6887084900e-01  2.9765740600e-01  2.8573057800e-01
    1.5510000000e+01  1.4373227600e+00  1.4212653690e+00  1.3872933260e+00  2.7229219700e-01  3.0275518200e-01  2.8749499500e-01
    1.5520000000e+01  1.4382893370e+00  1.4206510900e+00  1.3879855910e+00  2.7568223500e-01  3.0769921100e-01  2.8919079500e-01
    1.5530000000e+01  1.4391415980e+00  1.4197703200e+00  1.3887316530e+00  2.7903198300e-01  3.1245733700e-01  2.9082936200e-01
    1.5540000000e+01  1.4398833770e+00  1.4186486610e+00  1.3895393000e+00  2.8233294300e-01  3.1700054700e-01  2.9242405900e-01
    1.5550000000e+01  1.4405192080e+00  1.4173162580e+00  1.3904132390e+00  2.8557712700e-01  3.2130400100e-01  2.9398947200e-01
    1.5560000000e+01  1.4410542260e+00  1.4158070320e+00  1.3913549360e+00  2.8875704000e-01  3.2534799600e-01  2.9554057600e-01
    1.5570000000e+01  1.4414941410e+00  1.4141576380e+00  1.3923627100e+00  2.9186562900e-01  3.2911874500e-01  2.9709189700e-01
    1.5580000000e+01  1.4418452650e+00  1.4124062180e+00  1.3934320760e+00  2.9489628000e-01  3.3260888500e-01  2.9865676500e-01
    1.5590000000e+01  1.4421145760e+00  1.4105910510e+00  1.3945562770e+00  2.9784286600e-01  3.3581763400e-01  3.0024673300e-01
    1.5600000000e+01  1.4423097550e+00  1.4087492220e+00  1.3957269430e+00  3.0069986700e-01  3.3875059700e-01  3.0187121700e-01
    1.5610000000e+01  1.4424391640e+00  1.4069154300e+00  1.3969347670e+00  3.0346253600e-01  3.4141927200e-01  3.0353737700e-01
    1.5620000000e+01  1.4425117500e+00  1.4051210100e+00  1.3981701290e+00  3.0612706800e-01  3.4384031700e-01  3.0525021000e-01
    1.5630000000e+01  1.4425368740e+00  1.4033931820e+00  1.3994235880e+00  3.0869072100e-01  3.4603469900e-01  3.0701281200e-01
    1.5640000000e+01  1.4425241150e+00  1.4017545320e+00  1.4006862100e+00  3.1115186600e-01  3.4802678800e-01  3.0882673000e-01
    1.5650000000e+01  1.4424830880e+00  1.4002226630e+00  1.4019497300e+00  3.1350995300e-01  3.4984345500e-01  3.1069232300e-01
    1.5660000000e+01  1.4424233290e+00  1.3988099810e+00  1.4032065850e+00  3.1576542200e-01  3.5151318900e-01  3.1260907700e-01
    1.5670000000e+01  1.4423542610e+00  1.3975235910e+00  1.4044498740e+00  3.1791962000e-01  3.5306521300e-01  3.1457583400e-01
    1.5680000000e+01  1.4422852440e+00  1.3963652960e+00  1.4056732970e+00  3.1997477600e-01  3.5452858500e-01  3.1659093400e-01
    1.5690000000e+01  1.4422256400e+00  1.3953317470e+00  1.4068711340e+00  3.2193407800e-01  3.5593127600e-01  3.1865231800e-01
    1.5700000000e+01  1.4421848210e+00  1.3944147680e+00  1.4080382520e+00  3.2380188800e-01  3.5729924800e-01  3.2075762400e-01
    1.5710000000e+01  1.4421720510e+00  1.3936018820e+00  1.4091701390e+00  3.2558402300e-01  3.5865559800e-01  3.2290433200e-01
    1.5720000000e+01  1.4421961730e+00  1.3928770520e+00  1.4102628880e+00  3.2728805800e-01  3.6001983600e-01  3.2508998000e-01
    1.5730000000e+01  1.4422651120e+00  1.3922215570e+00  1.4113130890e+00  3.2892352900e-01  3.6140737200e-01  3.2731243200e-01
    1.5740000000e+01  1.4423852230e+00  1.3916149570e+00  1.4123175680e+00  3.3050195000e-01  3.6282926900e-01  3.2957012400e-01
    1.5750000000e+01  1.4425605820e+00  1.3910359990e+00  1.4132729670e+00  3.3203656500e-01  3.6429225300e-01  3.3186221300e-01
    1.5760000000e+01  1.4427923300e+00  1.3904634210e+00  1.4141752330e+00  3.3354182600e-01  3.6579894200e-01  3.3418852700e-01
    1.5770000000e+01  1.4430781920e+00  1.3898765460e+00  1.4150190940e+00  3.3503261400e-01  3.6734819800e-01  3.3654926100e-01
    1.5780000000e+01  1.4434122630e+00  1.3892557090e+00  1.4157976710e+00  3.3652328000e-01  3.6893550700e-01  3.3894443600e-01
    1.5790000000e+01  1.4437851210e+00  1.3885825330e+00  1.4165023100e+00  3.3802663200e-01  3.7055330300e-01  3.4137317400e-01
    1.5800000000e+01  1.4441842610e+00  1.3878401420e+00  1.4171227120e+00  3.3955299200e-01  3.7219119700e-01  3.4383290100e-01
    1.5810000000e+01  1.4445947990e+00  1.3870133990e+00  1.4176473700e+00  3.4110942100e-01  3.7383612500e-01  3.4631860700e-01
    1.5820000000e+01  1.4450003580e+00  1.3860892200e+00  1.4180642550e+00  3.4269920800e-01  3.7547246500e-01  3.4882227300e-01
    1.5830000000e+01  1.4453840300e+00  1.3850569740e+00  1.4183616910e+00  3.4432161300e-01  3.7708219500e-01  3.5133252800e-01
    1.5840000000e+01  1.4457293250e+00  1.3839089610e+00  1.4185293230e+00  3.4597188100e-01  3.7864517200e-01  3.5383458800e-01
    1.5850000000e+01  1.4460210710e+00  1.3826408700e+00  1.4185590920e+00  3.4764145800e-01  3.8013958200e-01  3.5631048900e-01
    1.5860000000e+01  1.4462462040e+00  1.3812521540e+00  1.4184461290e+00  3.4931839100e-01  3.8154254900e-01  3.5873959400e-01
    1.5870000000e+01  1.4463944630e+00  1.3797462290e+00  1.4181895020e+00  3.5098788200e-01  3.8283086600e-01  3.6109935800e-01
    1.5880000000e+01  1.4464589350e+00  1.3781304560e+00  1.4177927290e+00  3.5263297400e-01  3.8398176700e-01  3.6336629100e-01
    1.5890000000e+01  1.4464364430e+00  1.3764159200e+00  1.4172640050e+00  3.5423535200e-01  3.8497362200e-01  3.6551706100e-01
    1.5900000000e+01  1.4463277230e+00  1.3746170640e+00  1.4166161030e+00  3.5577622800e-01  3.8578650000e-01  3.6752961500e-01
    1.5910000000e+01  1.4461373660e+00  1.3727512660e+00  1.4158659450e+00  3.5723722500e-01  3.8640258000e-01  3.6938422500e-01
    1.5920000000e+01  1.4458735390e+00  1.3708384360e+00  1.4150339120e+00  3.5860121900e-01  3.8680640200e-01  3.7106433700e-01
    1.5930000000e+01  1.4455474880e+00  1.3689006800e+00  1.4141429660e+00  3.5985302500e-01  3.8698506600e-01  3.7255715200e-01
    1.5940000000e+01  1.4451729250e+00  1.3669620250e+00  1.4132177140e+00  3.6097990900e-01  3.8692839700e-01  3.7385390100e-01
    1.5950000000e+01  1.4447653410e+00  1.3650481700e+00  1.4122835300e+00  3.6197187300e-01  3.8662916000e-01  3.7494983500e-01
    1.5960000000e+01  1.4443413530e+00  1.3631862220e+00  1.4113658210e+00  3.6282174400e-01  3.8608331300e-01  3.7584401500e-01
    1.5970000000e+01  1.4439181200e+00  1.3614043480e+00  1.4104894800e+00  3.6352511000e-01  3.8529029000e-01  3.7653897500e-01
    1.5980000000e+01  1.4435128740e+00  1.3597313430e+00  1.4096785230e+00  3.6408014700e-01  3.8425327100e-01  3.7704036400e-01
    1.5990000000e+01  1.4431425590e+00  1.3581960910e+00  1.4089558700e+00  3.6448739100e-01  3.8297939300e-01  3.7735663200e-01
    1.6000000000e+01  1.4428235620e+00  1.3568269510e+00  1.4083432120e+00  3.6474951000e-01  3.8147985900e-01  3.7749881900e-01
    1.6010000000e+01  1.4425715230e+00  1.3556510940e+00  1.4078608870e+00  3.6487107700e-01  3.7976992600e-01  3.7748042500e-01
    1.6020000000e+01  1.4424011860e+00  1.3546938440e+00  1.4075277120e+00  3.6485836500e-01  3.7786874200e-01  3.7731736600e-01
    1.6030000000e+01  1.4423262890e+00  1.3539780480e+00  1.4073607240e+00  3.6471916700e-01  3.7579906400e-01  3.7702795800e-01
    1.6040000000e+01  1.4423594640e+00  1.3535235160e+00  1.4073748270e+00  3.6446262200e-01  3.7358685400e-01  3.7663285200e-01
    1.6050000000e+01  1.4425121640e+00  1.3533465480e+00  1.4075823630e+00  3.6409906200e-01  3.7126079200e-01  3.7615488100e-01
    1.6060000000e+01  1.4427945930e+00  1.3534595510e+00  1.4079926560e+00  3.6363985200e-01  3.6885172800e-01  3.7561877100e-01
    1.6070000000e+01  1.4432156470e+00  1.3538707490e+00  1.4086116010e+00  3.6309724200e-01  3.6639208700e-01  3.7505069200e-01
    1.6080000000e+01  1.4437828770e+00  1.3545839780e+00  1.4094413490e+00  3.6248421100e-01  3.6391524500e-01  3.7447769700e-01
    1.6090000000e+01  1.4445024730e+00  1.3555985700e+00  1.4104801380e+00  3.6181431400e-01  3.6145486900e-01  3.7392707400e-01
    1.6100000000e+01  1.4453792710e+00  1.3569093430e+00  1.4117222750e+00  3.6110153400e-01  3.5904423700e-01  3.7342566800e-01
    1.6110000000e+01  1.4464167950e+00  1.3585066970e+00  1.4131582580e+00  3.6036017500e-01  3.5671554600e-01  3.7299923200e-01
    1.6120000000e+01  1.4476173020e+00  1.3603768430e+00  1.4147750320e+00  3.5960478800e-01  3.5449924200e-01  3.7267182400e-01
    1.6130000000e+01  1.4489818020e+00  1.3625021450e+00  1.4165563290e+00  3.5885014800e-01  3.5242339400e-01  3.7246528100e-01
    1.6140000000e+01  1.4505100310e+00  1.3648615780e+00  1.4184830940e+00  3.5811126700e-01  3.5051313300e-01  3.7239876200e-01
    1.6150000000e+01  1.4522003470e+00  1.3674312710e+00  1.4205339670e+00  3.5740339700e-01  3.4879019700e-01  3.7248838500e-01
    1.6160000000e+01  1.4540495490e+00  1.3701851380e+00  1.4226858250e+00  3.5674198200e-01  3.4727257600e-01  3.7274694700e-01
    1.6170000000e+01  1.4560526700e+00  1.3730955520e+00  1.4249143530e+00  3.5614251100e-01  3.4597429000e-01  3.7318376000e-01
    1.6180000000e+01  1.4582027750e+00  1.3761340610e+00  1.4271946340e+00  3.5562026200e-01  3.4490530700e-01  3.7380459300e-01
    1.6190000000e+01  1.4604908260e+00  1.3792720870e+00  1.4295017140e+00  3.5518994500e-01  3.4407163200e-01  3.7461173700e-01
    1.6200000000e+01  1.4629056510e+00  1.3824815690e+00  1.4318111210e+00  3.5486526100e-01  3.4347555900e-01  3.7560417200e-01
    1.6210000000e+01  1.4654340430e+00  1.3857354770e+00  1.4340993180e+00  3.5465844200e-01  3.4311604300e-01  3.7677781600e-01
    1.6220000000e+01  1.4680610040e+00  1.3890081730e+00  1.4363440790e+00  3.5457978100e-01  3.4298916800e-01  3.7812583100e-01
    1.6230000000e+01  1.4707701280e+00  1.3922756040e+00  1.4385247850e+00  3.5463722600e-01  3.4308861000e-01  3.7963898100e-01
    1.6240000000e+01  1.4735441280e+00  1.3955153600e+00  1.4406226400e+00  3.5483607700e-01  3.4340605100e-01  3.8130601600e-01
    1.6250000000e+01  1.4763654670e+00  1.3987066330e+00  1.4426207910e+00  3.5517885900e-01  3.4393150800e-01  3.8311409200e-01
    1.6260000000e+01  1.4792170210e+00  1.4018301380e+00  1.4445043270e+00  3.5566541400e-01  3.4465356800e-01  3.8504918300e-01
    1.6270000000e+01  1.4820826650e+00  1.4048680180e+00  1.4462601400e+00  3.5629323500e-01  3.4555953600e-01  3.8709646500e-01
    1.6280000000e+01  1.4849476850e+00  1.4078037710e+00  1.4478766590e+00  3.5705799800e-01  3.4663550900e-01  3.8924056900e-01
    1.6290000000e+01  1.4877989140e+00  1.4106221910e+00  1.4493435080e+00  3.5795418000e-01  3.4786639500e-01  3.9146565700e-01
    1.6300000000e+01  1.4906245910e+00  1.4133093670e+00  1.4506512080e+00  3.5897564700e-01  3.4923586800e-01  3.9375526300e-01
    1.6310000000e+01  1.4934139790e+00  1.4158527430e+00  1.4517910300e+00  3.6011604800e-01  3.5072629300e-01  3.9609194100e-01
    1.6320000000e+01  1.4961568710e+00  1.4182412820e+00  1.4527551170e+00  3.6136894900e-01  3.5231863100e-01  3.9845681600e-01
    1.6330000000e+01  1.4988431230e+00  1.4204657110e+00  1.4535369080e+00  3.6272767700e-01  3.5399238200e-01  4.0082918200e-01
    1.6340000000e+01  1.5014623440e+00  1.4225188790e+00  1.4541318100e+00  3.6418493600e-01  3.5572560200e-01  4.0318630100e-01
    1.6350000000e+01  1.5040038130e+00  1.4243961500e+00  1.4545380070e+00  3.6573227700e-01  3.5749503700e-01  4.0550352600e-01
    1.6360000000e+01  1.5064566700e+00  1.4260958280e+00  1.4547572410e+00  3.6735955700e-01  3.5927639100e-01  4.0775475400e-01
    1.6370000000e+01  1.5088103380e+00  1.4276195450e+00  1.4547954240e+00  3.6905446600e-01  3.6104473500e-01  4.0991318700e-01
    1.6380000000e+01  1.5110551580e+00  1.4289725740e+00  1.4546629910e+00  3.7080221300e-01  3.6277505800e-01  4.1195228500e-01
    1.6390000000e+01  1.5131831540e+00  1.4301640330e+00  1.4543749390e+00  3.7258542700e-01  3.6444292700e-01  4.1384680300e-01
    1.6400000000e+01  1.5151888760e+00  1.4312069420e+00  1.4539505940e+00  3.7438432100e-01  3.6602525300e-01  4.1557380500e-01
    1.6410000000e+01  1.5170702180e+00  1.4321180840e+00  1.4534131110e+00  3.7617713600e-01  3.6750111500e-01  4.1711358700e-01
    1.6420000000e+01  1.5188291270e+00  1.4329176390e+00  1.4527887750e+00  3.7794086900e-01  3.6885258600e-01  4.1845045600e-01
    1.6430000000e+01  1.5204720970e+00  1.4336285930e+00  1.4521061230e+00  3.7965223000e-01  3.7006549500e-01  4.1957333000e-01
    1.6440000000e+01  1.5220103820e+00  1.4342759230e+00  1.4513949370e+00  3.8128877800e-01  3.7113003300e-01  4.2047610900e-01
    1.6450000000e+01  1.5234598690e+00  1.4348856170e+00  1.4506851720e+00  3.8283010800e-01  3.7204114500e-01  4.2115780100e-01
    1.6460000000e+01  1.5248406120e+00  1.4354836100e+00  1.4500058700e+00  3.8425900700e-01  3.7279864100e-01  4.2162235700e-01
    1.6470000000e+01  1.5261760420e+00  1.4360947290e+00  1.4493841840e+00  3.8556246500e-01  3.7340703600e-01  4.2187824500e-01
    1.6480000000e+01  1.5274919070e+00  1.4367417140e+00  1.4488445530e+00  3.8673244800e-01  3.7387513100e-01  4.2193779200e-01
    1.6490000000e+01  1.5288150070e+00  1.4374444030e+00  1.4484081090e+00  3.8776636900e-01  3.7421537400e-01  4.2181637500e-01
    1.6500000000e+01  1.5301718390e+00  1.4382190850e+00  1.4480923250e+00  3.8866718600e-01  3.7444308300e-01  4.2153152500e-01
    1.6510000000e+01  1.5315872420e+00  1.4390780690e+00  1.4479109140e+00  3.8944311200e-01  3.7457554800e-01  4.2110203300e-01
    1.6520000000e+01  1.5330831900e+00  1.4400294520e+00  1.4478739390e+00  3.9010695200e-01  3.7463109400e-01  4.2054711400e-01
    1.6530000000e+01  1.5346778410e+00  1.4410770990e+00  1.4479881170e+00  3.9067512100e-01  3.7462811300e-01  4.1988568100e-01
    1.6540000000e+01  1.5363849220e+00  1.4422208250e+00  1.4482572550e+00  3.9116645700e-01  3.7458412800e-01  4.1913577800e-01
    1.6550000000e+01  1.5382135070e+00  1.4434567750e+00  1.4486827630e+00  3.9160094900e-01  3.7451490600e-01  4.1831419000e-01
    1.6560000000e+01  1.5401681750e+00  1.4447780000e+00  1.4492641630e+00  3.9199850900e-01  3.7443367000e-01  4.1743622700e-01
    1.6570000000e+01  1.5422494840e+00  1.4461752160e+00  1.4499995640e+00  3.9237790700e-01  3.7435043700e-01  4.1651564900e-01
    1.6580000000e+01  1.5444547070e+00  1.4476377240e+00  1.4508860300e+00  3.9275594400e-01  3.7427155600e-01  4.1556467600e-01
    1.6590000000e+01  1.5467787010e+00  1.4491544560e+00  1.4519198930e+00  3.9314691700e-01  3.7419946900e-01  4.1459402500e-01
    1.6600000000e+01  1.5492148340e+00  1.4507150820e+00  1.4530970190e+00  3.9356238400e-01  3.7413276900e-01  4.1361292700e-01
    1.6610000000e+01  1.5517558610e+00  1.4523111000e+00  1.4544130970e+00  3.9401121000e-01  3.7406657200e-01  4.1262914600e-01
    1.6620000000e+01  1.5543946830e+00  1.4539367950e+00  1.4558639750e+00  3.9449985200e-01  3.7399319900e-01  4.1164903300e-01
    1.6630000000e+01  1.5571249230e+00  1.4555899710e+00  1.4574460460e+00  3.9503281600e-01  3.7390315000e-01  4.1067767300e-01
    1.6640000000e+01  1.5599412990e+00  1.4572723560e+00  1.4591566110e+00  3.9561321500e-01  3.7378624600e-01  4.0971919200e-01
    1.6650000000e+01  1.5628397880e+00  1.4589896340e+00  1.4609941450e+00  3.9624335800e-01  3.7363285500e-01  4.0877720800e-01
    1.6660000000e+01  1.5658176030e+00  1.4607511150e+00  1.4629583850e+00  3.9692529700e-01  3.7343504700e-01  4.0785539200e-01
    1.6670000000e+01  1.5688730190e+00  1.4625690870e+00  1.4650501970e+00  3.9766130200e-01  3.7318757200e-01  4.0695803600e-01
    1.6680000000e+01  1.5720050850e+00  1.4644579400e+00  1.4672712250e+00  3.9845422800e-01  3.7288859300e-01  4.0609054100e-01
    1.6690000000e+01  1.5752132610e+00  1.4664331720e+00  1.4696234100e+00  3.9930775700e-01  3.7254011600e-01  4.0525973900e-01
    1.6700000000e+01  1.5784970150e+00  1.4685103490e+00  1.4721084210e+00  4.0022651700e-01  3.7214815900e-01  4.0447402900e-01
    1.6710000000e+01  1.5818554150e+00  1.4707041060e+00  1.4747271000e+00  4.0121606500e-01  3.7172264200e-01  4.0374333200e-01
    1.6720000000e+01  1.5852867390e+00  1.4730272110e+00  1.4774789500e+00  4.0228274900e-01  3.7127706800e-01  4.0307888600e-01
    1.6730000000e+01  1.5887881470e+00  1.4754897670e+00  1.4803616810e+00  4.0343343800e-01  3.7082798400e-01  4.0249292400e-01
    1.6740000000e+01  1.5923554550e+00  1.4780985600e+00  1.4833708620e+00  4.0467514700e-01  3.7039428900e-01  4.0199822200e-01
    1.6750000000e+01  1.5959830460e+00  1.4808566140e+00  1.4864996740e+00  4.0601459200e-01  3.6999641400e-01  4.0160754800e-01
    1.6760000000e+01  1.5996639590e+00  1.4837629650e+00  1.4897388390e+00  4.0745772000e-01  3.6965543900e-01  4.0133303900e-01
    1.6770000000e+01  1.6033901390e+00  1.4868126500e+00  1.4930767270e+00  4.0900930100e-01  3.6939221900e-01  4.0118554400e-01
    1.6780000000e+01  1.6071528340e+00  1.4899968980e+00  1.4964996660e+00  4.1067263800e-01  3.6922656500e-01  4.0117402500e-01
    1.6790000000e+01  1.6109430600e+00  1.4933034710e+00  1.4999924220e+00  4.1244945100e-01  3.6917652800e-01  4.0130507300e-01
    1.6800000000e+01  1.6147520610e+00  1.4967171180e+00  1.5035387760e+00  4.1433994000e-01  3.6925779900e-01  4.0158257900e-01
    1.6810000000e+01  1.6185716900e+00  1.5002201100e+00  1.5071221510e+00  4.1634300400e-01  3.6948322700e-01  4.0200758500e-01
    1.6820000000e+01  1.6223946530e+00  1.5037928300e+00  1.5107262320e+00  4.1845655800e-01  3.6986245600e-01  4.0257826900e-01
    1.6830000000e+01  1.6262146130e+00  1.5074144140e+00  1.5143355710e+00  4.2067787500e-01  3.7040168000e-01  4.0329007200e-01
    1.6840000000e+01  1.6300261620e+00  1.5110633970e+00  1.5179361580e+00  4.2300388200e-01  3.7110353200e-01  4.0413594600e-01
    1.6850000000e+01  1.6338247260e+00  1.5147183540e+00  1.5215159490e+00  4.2543139000e-01  3.7196710200e-01  4.0510673600e-01
    1.6860000000e+01  1.6376064420e+00  1.5183584920e+00  1.5250652930e+00  4.2795723000e-01  3.7298807000e-01  4.0619172700e-01
    1.6870000000e+01  1.6413680620e+00  1.5219641650e+00  1.5285771960e+00  4.3057834400e-01  3.7415892200e-01  4.0737930300e-01
    1.6880000000e+01  1.6451068830e+00  1.5255173350e+00  1.5320473610e+00  4.3329185300e-01  3.7546921000e-01  4.0865769900e-01
    1.6890000000e+01  1.6488206870e+00  1.5290019690e+00  1.5354739620e+00  4.3609516200e-01  3.7690584300e-01  4.1001569400e-01
    1.6900000000e+01  1.6525076530e+00  1.5324044270e+00  1.5388571980e+00  4.3898607800e-01  3.7845339800e-01  4.1144318200e-01
    1.6910000000e+01  1.6561661850e+00  1.5357138560e+00  1.5421986990e+00  4.4196294800e-01  3.8009448800e-01  4.1293148900e-01
    1.6920000000e+01  1.6597946630e+00  1.5389225580e+00  1.5455009240e+00  4.4502472600e-01  3.8181022600e-01  4.1447343400e-01
    1.6930000000e+01  1.6633911290e+00  1.5420263140e+00  1.5487666590e+00  4.4817093600e-01  3.8358082400e-01  4.1606316000e-01
    1.6940000000e+01  1.6669529830e+00  1.5450245600e+00  1.5519987020e+00  4.5140147600e-01  3.8538631200e-01  4.1769581900e-01
    1.6950000000e+01  1.6704767730e+00  1.5479203690e+00  1.5551997570e+00  4.5471627100e-01  3.8720734400e-01  4.1936723700e-01
    1.6960000000e+01  1.6739581450e+00  1.5507201940e+00  1.5583725060e+00  4.5811484100e-01  3.8902598300e-01  4.2107365500e-01
    1.6970000000e+01  1.6773920020e+00  1.5534333790e+00  1.5615197700e+00  4.6159583900e-01  3.9082639200e-01  4.2281160300e-01
    1.6980000000e+01  1.6807728730e+00  1.5560715100e+00  1.5646446850e+00  4.6515669400e-01  3.9259532900e-01  4.2457792500e-01
    1.6990000000e+01  1.6840954200e+00  1.5586476740e+00  1.5677508010e+00  4.6879342000e-01  3.9432242200e-01  4.2636992800e-01
    1.7000000000e+01  1.6873550230e+00  1.5611757330e+00  1.5708420680e+00  4.7250068400e-01  3.9600021500e-01  4.2818559000e-01
    1.7010000000e+01  1.6905482830e+00  1.5636696630e+00  1.5739226960e+00  4.7627212000e-01  3.9762402500e-01  4.3002375800e-01
    1.7020000000e+01  1.6936733540e+00  1.5661430160e+00  1.5769968960e+00  4.8010086500e-01  3.9919165100e-01  4.3188426800e-01
    1.7030000000e+01  1.6967299820e+00  1.5686085130e+00  1.5800685720e+00  4.8398018500e-01  4.0070300500e-01  4.3376794700e-01
    1.7040000000e+01  1.6997192640e+00  1.5710777840e+00  1.5831410140e+00  4.8790405700e-01  4.0215968900e-01  4.3567645700e-01
    1.7050000000e+01  1.7026431490e+00  1.5735612340e+00  1.5862166900e+00  4.9186755500e-01  4.0356455900e-01  4.3761201100e-01
    1.7060000000e+01  1.7055038350e+00  1.5760680580e+00  1.5892971860e+00  4.9586694900e-01  4.0492132700e-01  4.3957702200e-01
    1.7070000000e+01  1.7083032080e+00  1.5786063580e+00  1.5923833240e+00  4.9989948300e-01  4.0623422900e-01  4.4157376700e-01
    1.7080000000e+01  1.7110424770e+00  1.5811833490e+00  1.5954754170e+00  5.0396291600e-01  4.0750781000e-01  4.4360417400e-01
    1.7090000000e+01  1.7137220940e+00  1.5838055860e+00  1.5985735860e+00  5.0805493600e-01  4.0874684300e-01  4.4566976900e-01
    1.7100000000e+01  1.7163419890e+00  1.5864791360e+00  1.6016780230e+00  5.1217261000e-01  4.0995638900e-01  4.4777181500e-01
    1.7110000000e+01  1.7189020580e+00  1.5892096390e+00  1.6047891190e+00  5.1631200000e-01  4.1114193100e-01  4.4991156300e-01
    1.7120000000e+01  1.7214028140e+00  1.5920022260e+00  1.6079074120e+00  5.2046805700e-01  4.1230951800e-01  4.5209052000e-01
    1.7130000000e+01  1.7238460520e+00  1.5948613080e+00  1.6110333720e+00  5.2463482200e-01  4.1346582400e-01  4.5431065200e-01
    1.7140000000e+01  1.7262353980e+00  1.5977903050e+00  1.6141670910e+00  5.2880593500e-01  4.1461806400e-01  4.5657441600e-01
    1.7150000000e+01  1.7285766280e+00  1.6007914130e+00  1.6173079720e+00  5.3297535800e-01  4.1577374000e-01  4.5888461900e-01
    1.7160000000e+01  1.7308776780e+00  1.6038654810e+00  1.6204545050e+00  5.3713821700e-01  4.1694024400e-01  4.6124409500e-01
    1.7170000000e+01  1.7331483250e+00  1.6070120940e+00  1.6236042290e+00  5.4129162200e-01  4.1812440200e-01  4.6365527700e-01
    1.7180000000e+01  1.7353995730e+00  1.6102298610e+00  1.6267539080e+00  5.4543534600e-01  4.1933205600e-01  4.6611975300e-01
    1.7190000000e+01  1.7376428220e+00  1.6135168880e+00  1.6298999320e+00  5.4957226200e-01  4.2056777800e-01  4.6863790000e-01
    1.7200000000e+01  1.7398889230e+00  1.6168713660e+00  1.6330389030e+00  5.5370848500e-01  4.2183481200e-01  4.7120874500e-01
    1.7210000000e+01  1.7421472220e+00  1.6202921610e+00  1.6361682770e+00  5.5785320900e-01  4.2313527400e-01  4.7383009500e-01
    1.7220000000e+01  1.7444246950e+00  1.6237792870e+00  1.6392869300e+00  5.6201825000e-01  4.2447060300e-01  4.7649899200e-01
    1.7230000000e+01  1.7467252610e+00  1.6273341630e+00  1.6423954910e+00  5.6621734200e-01  4.2584220200e-01  4.7921242300e-01
    1.7240000000e+01  1.7490493390e+00  1.6309595680e+00  1.6454963220e+00  5.7046527100e-01  4.2725214400e-01  4.8196816500e-01
    1.7250000000e+01  1.7513936950e+00  1.6346593080e+00  1.6485931120e+00  5.7477692000e-01  4.2870382700e-01  4.8476557600e-01
    1.7260000000e+01  1.7537515830e+00  1.6384376170e+00  1.6516901320e+00  5.7916635600e-01  4.3020243600e-01  4.8760616000e-01
    1.7270000000e+01  1.7561131280e+00  1.6422984270e+00  1.6547913020e+00  5.8364604500e-01  4.3175513700e-01  4.9049377200e-01
    1.7280000000e+01  1.7584658730e+00  1.6462446180e+00  1.6578992390e+00  5.8822627600e-01  4.3337095500e-01  4.9343442100e-01
    1.7290000000e+01  1.7607953680e+00  1.6502773760e+00  1.6610144690e+00  5.9291481600e-01  4.3506040000e-01  4.9643570400e-01
    1.7300000000e+01  1.7630857100e+00  1.6543957540e+00  1.6641349220e+00  5.9771673600e-01  4.3683489400e-01  4.9950600800e-01
    1.7310000000e+01  1.7653199850e+00  1.6585964540e+00  1.6672557630e+00  6.0263434500e-01  4.3870611000e-01  5.0265361600e-01
    1.7320000000e+01  1.7674806000e+00  1.6628738410e+00  1.6703695240e+00  6.0766713900e-01  4.4068531800e-01  5.0588585700e-01
    1.7330000000e+01  1.7695495580e+00  1.6672201450e+00  1.6734664720e+00  6.1281169600e-01  4.4278279100e-01  5.0920837900e-01
    1.7340000000e+01  1.7715087430e+00  1.6716257910e+00  1.6765351280e+00  6.1806148200e-01  4.4500733000e-01  5.1262461000e-01
    1.7350000000e+01  1.7733402980e+00  1.6760798300e+00  1.6795628570e+00  6.2340657100e-01  4.4736591000e-01  5.1613536600e-01
    1.7360000000e+01  1.7750271720e+00  1.6805704150e+00  1.6825365100e+00  6.2883332000e-01  4.4986345300e-01  5.1973861900e-01
    1.7370000000e+01  1.7765539070e+00  1.6850852940e+00  1.6854430870e+00  6.3432409200e-01  4.5250272800e-01  5.2342938800e-01
    1.7380000000e+01  1.7779076950e+00  1.6896123070e+00  1.6882704290e+00  6.3985715200e-01  4.5528436600e-01  5.2719977500e-01
    1.7390000000e+01  1.7790796510e+00  1.6941398570e+00  1.6910079140e+00  6.4540690300e-01  4.5820699200e-01  5.3103915700e-01
    1.7400000000e+01  1.7800661680e+00  1.6986573340e+00  1.6936471010e+00  6.5094462300e-01  4.6126746600e-01  5.3493457000e-01
    1.7410000000e+01  1.7808701130e+00  1.7031554540e+00  1.6961822710e+00  6.5643974100e-01  4.6446123700e-01  5.3887125900e-01
    1.7420000000e+01  1.7815016060e+00  1.7076264940e+00  1.6986107910e+00  6.6186163500e-01  4.6778276500e-01  5.4283335700e-01
    1.7430000000e+01  1.7819781580e+00  1.7120643730e+00  1.7009332850e+00  6.6718171300e-01  4.7122599300e-01  5.4680462300e-01
    1.7440000000e+01  1.7823240780e+00  1.7164645940e+00  1.7031536070e+00  6.7237551100e-01  4.7478479800e-01  5.5076917000e-01
    1.7450000000e+01  1.7825691920e+00  1.7208240510e+00  1.7052786760e+00  6.7742450300e-01  4.7845338100e-01  5.5471213700e-01
    1.7460000000e+01  1.7827470770e+00  1.7251407480e+00  1.7073181700e+00  6.8231738500e-01  4.8222654000e-01  5.5862029600e-01
    1.7470000000e+01  1.7828930310e+00  1.7294134750e+00  1.7092841240e+00  6.8705072600e-01  4.8609982500e-01  5.6248259600e-01
    1.7480000000e+01  1.7830420530e+00  1.7336415090e+00  1.7111903870e+00  6.9162899600e-01  4.9006958000e-01  5.6629061300e-01
    1.7490000000e+01  1.7832269900e+00  1.7378243410e+00  1.7130519660e+00  6.9606405500e-01  4.9413289300e-01  5.7003886000e-01
    1.7500000000e+01  1.7834769940e+00  1.7419614740e+00  1.7148842970e+00  7.0037422500e-01  4.9828749500e-01  5.7372487400e-01
    1.7510000000e+01  1.7838163400e+00  1.7460522740e+00  1.7167025560e+00  7.0458308700e-01  5.0253162000e-01  5.7734906400e-01
    1.7520000000e+01  1.7842636380e+00  1.7500958850e+00  1.7185211250e+00  7.0871811500e-01  5.0686384200e-01  5.8091435300e-01
    1.7530000000e+01  1.7848314470e+00  1.7540912160e+00  1.7203533050e+00  7.1280926400e-01  5.1128292300e-01  5.8442573900e-01
    1.7540000000e+01  1.7855262370e+00  1.7580369820e+00  1.7222112640e+00  7.1688764800e-01  5.1578768000e-01  5.8788992800e-01
    1.7550000000e+01  1.7863486500e+00  1.7619318010e+00  1.7241061050e+00  7.2098437900e-01  5.2037691400e-01  5.9131516700e-01
    1.7560000000e+01  1.7872939150e+00  1.7657742950e+00  1.7260478810e+00  7.2512965600e-01  5.2504941800e-01  5.9471131600e-01
    1.7570000000e+01  1.7883523260e+00  1.7695631570e+00  1.7280454000e+00  7.2935207400e-01  5.2980405900e-01  5.9809004600e-01
    1.7580000000e+01  1.7895096540e+00  1.7732971320e+00  1.7301057370e+00  7.3367810100e-01  5.3463990300e-01  6.0146501300e-01
    1.7590000000e+01  1.7907474670e+00  1.7769748960e+00  1.7322334950e+00  7.3813159900e-01  5.3955633500e-01  6.0485179600e-01
    1.7600000000e+01  1.7920434020e+00  1.7805948430e+00  1.7344299690e+00  7.4273330600e-01  5.4455309300e-01  6.0826744200e-01
    1.7610000000e+01  1.7933714550e+00  1.7841548310e+00  1.7366924420e+00  7.4750018000e-01  5.4963018600e-01  6.1172959100e-01
    1.7620000000e+01  1.7947024510e+00  1.7876519600e+00  1.7390138080e+00  7.5244465100e-01  5.5478765900e-01  6.1525525400e-01
    1.7630000000e+01  1.7960047550e+00  1.7910824510e+00  1.7413826990e+00  7.5757383200e-01  5.6002523700e-01  6.1885942700e-01
    1.7640000000e+01  1.7972453130e+00  1.7944416890e+00  1.7437841340e+00  7.6288884500e-01  5.6534189400e-01  6.2255376200e-01
    1.7650000000e+01  1.7983909530e+00  1.7977244670e+00  1.7462006360e+00  7.6838442600e-01  5.7073543700e-01  6.2634552800e-01
    1.7660000000e+01  1.7994098390e+00  1.8009254060e+00  1.7486136740e+00  7.7404893000e-01  5.7620217600e-01  6.3023701600e-01
    1.7670000000e+01  1.8002728830e+00  1.8040395140e+00  1.7510052110e+00  7.7986477800e-01  5.8173678600e-01  6.3422547500e-01
    1.7680000000e+01  1.8009549290e+00  1.8070627850e+00  1.7533591660e+00  7.8580930700e-01  5.8733237700e-01  6.3830356400e-01
    1.7690000000e+01  1.8014355950e+00  1.8099927610e+00  1.7556626150e+00  7.9185584700e-01  5.9298078000e-01  6.4246024100e-01
    1.7700000000e+01  1.8016997430e+00  1.8128289790e+00  1.7579066050e+00  7.9797487300e-01  5.9867302700e-01  6.4668194200e-01
    1.7710000000e+01  1.8017376440e+00  1.8155732520e+00  1.7600865510e+00  8.0413508200e-01  6.0439995300e-01  6.5095390200e-01
    1.7720000000e+01  1.8015449710e+00  1.8182297570e+00  1.7622022060e+00  8.1030433200e-01  6.1015287800e-01  6.5526147600e-01
    1.7730000000e+01  1.8011227010e+00  1.8208049230e+00  1.7642572460e+00  8.1645047100e-01  6.1592430800e-01  6.5959133900e-01
    1.7740000000e+01  1.8004769740e+00  1.8233071100e+00  1.7662585410e+00  8.2254211200e-01  6.2170859900e-01  6.6393245600e-01
    1.7750000000e+01  1.7996188950e+00  1.8257460790e+00  1.7682152030e+00  8.2854940500e-01  6.2750252400e-01  6.6827676600e-01
    1.7760000000e+01  1.7985642210e+00  1.8281323070e+00  1.7701374980e+00  8.3444481900e-01  6.3330567800e-01  6.7261950700e-01
    1.7770000000e+01  1.7973329000e+00  1.8304761660e+00  1.7720357490e+00  8.4020390000e-01  6.3912065100e-01  6.7695917500e-01
    1.7780000000e+01  1.7959484310e+00  1.8327870910e+00  1.7739193630e+00  8.4580593300e-01  6.4495295800e-01  6.8129712500e-01
    1.7790000000e+01  1.7944371040e+00  1.8350727870e+00  1.7757960790e+00  8.5123444900e-01  6.5081070400e-01  6.8563687900e-01
    1.7800000000e+01  1.7928271470e+00  1.8373385920e+00  1.7776715390e+00  8.5647752400e-01  6.5670403600e-01  6.8998323400e-01
    1.7810000000e+01  1.7911478980e+00  1.8395870210e+00  1.7795492470e+00  8.6152786800e-01  6.6264444200e-01  6.9434131500e-01
    1.7820000000e+01  1.7894290550e+00  1.8418175500e+00  1.7814308880e+00  8.6638272500e-01  6.6864396100e-01  6.9871570100e-01
    1.7830000000e+01  1.7877000850e+00  1.8440266320e+00  1.7833169860e+00  8.7104366800e-01  6.7471438700e-01  7.0310977900e-01
    1.7840000000e+01  1.7859897830e+00  1.8462079550e+00  1.7852077640e+00  8.7551639900e-01  6.8086653700e-01  7.0752545400e-01
    1.7850000000e+01  1.7843259130e+00  1.8483528800e+00  1.7871040600e+00  8.7981063800e-01  6.8710967100e-01  7.1196326900e-01
    1.7860000000e+01  1.7827348100e+00  1.8504510170e+00  1.7890080940e+00  8.8394012600e-01  6.9345112000e-01  7.1642293000e-01
    1.7870000000e+01  1.7812408200e+00  1.8524907970e+00  1.7909239410e+00  8.8792269700e-01  6.9989616500e-01  7.2090414400e-01
    1.7880000000e+01  1.7798655090e+00  1.8544599440e+00  1.7928575830e+00  8.9178023800e-01  7.0644810700e-01  7.2540759900e-01
    1.7890000000e+01  1.7786266950e+00  1.8563457660e+00  1.7948165430e+00  8.9553839600e-01  7.1310844200e-01  7.2993589500e-01
    1.7900000000e+01  1.7775374580e+00  1.8581352650e+00  1.7968091550e+00  8.9922588600e-01  7.1987700900e-01  7.3449426400e-01
    1.7910000000e+01  1.7766053510e+00  1.8598151280e+00  1.7988436140e+00  9.0287339800e-01  7.2675201600e-01  7.3909095700e-01
    1.7920000000e+01  1.7758319870e+00  1.8613717270e+00  1.8009269370e+00  9.0651222100e-01  7.3372989300e-01  7.4373725700e-01
    1.7930000000e+01  1.7752131140e+00  1.8627912210e+00  1.8030639920e+00  9.1017278400e-01  7.4080502600e-01  7.4844714300e-01
    1.7940000000e+01  1.7747391470e+00  1.8640598280e+00  1.8052566780e+00  9.1388331700e-01  7.4796943800e-01  7.5323665400e-01
    1.7950000000e+01  1.7743960460e+00  1.8651642810e+00  1.8075033570e+00  9.1766879200e-01  7.5521250700e-01  7.5812301300e-01
    1.7960000000e+01  1.7741664040e+00  1.8660924420e+00  1.8097985840e+00  9.2155020800e-01  7.6252081300e-01  7.6312362300e-01
    1.7970000000e+01  1.7740306060e+00  1.8668340350e+00  1.8121331820e+00  9.2554423700e-01  7.6987815100e-01  7.6825501900e-01
    1.7980000000e+01  1.7739679630e+00  1.8673814350e+00  1.8144946550e+00  9.2966318800e-01  7.7726577700e-01  7.7353192600e-01
    1.7990000000e+01  1.7739577560e+00  1.8677304550e+00  1.8168678700e+00  9.3391526900e-01  7.8466291200e-01  7.7896653300e-01
    1.8000000000e+01  1.7739801140e+00  1.8678810130e+00  1.8192358990e+00  9.3830509800e-01  7.9204752300e-01  7.8456807500e-01
    1.8010000000e+01  1.7740166720e+00  1.8678375880e+00  1.8215808670e+00  9.4283441500e-01  7.9939735400e-01  7.9034274000e-01
    1.8020000000e+01  1.7740509460e+00  1.8676093610e+00  1.8238846820e+00  9.4750292600e-01  8.0669112200e-01  7.9629385400e-01
    1.8030000000e+01  1.7740684010e+00  1.8672099630e+00  1.8261295620e+00  9.5230917600e-01  8.1390976300e-01  8.0242222400e-01
    1.8040000000e+01  1.7740561980e+00  1.8666568550e+00  1.8282983470e+00  9.5725134700e-01  8.2103757100e-01  8.0872653100e-01
    1.8050000000e+01  1.7740026820e+00  1.8659703730e+00  1.8303746570e+00  9.6232786900e-01  8.2806310400e-01  8.1520367400e-01
    1.8060000000e+01  1.7738966740e+00  1.8651725750e+00  1.8323429660e+00  9.6753774500e-01  8.3497977000e-01  8.2184904700e-01
    1.8070000000e+01  1.7737266970e+00  1.8642860210e+00  1.8341886490e+00  9.7288054300e-01  8.4178603900e-01  8.2865674800e-01
    1.8080000000e+01  1.7734802830e+00  1.8633325920e+00  1.8358980370e+00  9.7835602000e-01  8.4848535600e-01  8.3561979100e-01
    1.8090000000e+01  1.7731435030e+00  1.8623324570e+00  1.8374584210e+00  9.8396345500e-01  8.5508579900e-01  8.4273032400e-01
    1.8100000000e+01  1.7727008390e+00  1.8613031750e+00  1.8388580010e+00  9.8970078500e-01  8.6159959700e-01  8.4997986500e-01
    1.8110000000e+01  1.7721354720e+00  1.8602589120e+00  1.8400857180e+00  9.9556371800e-01  8.6804254900e-01  8.5735949100e-01
    1.8120000000e+01  1.7714299610e+00  1.8592097070e+00  1.8411310150e+00  1.0015450180e+00  8.7443336100e-01  8.6485992100e-01
    1.8130000000e+01  1.7705672080e+00  1.8581607690e+00  1.8419835790e+00  1.0076341000e+00  8.8079282100e-01  8.7247145000e-01
    1.8140000000e+01  1.7695315530e+00  1.8571118660e+00  1.8426331530e+00  1.0138170760e+00  8.8714273100e-01  8.8018372300e-01
    1.8150000000e+01  1.7683097870e+00  1.8560569110e+00  1.8430694890e+00  1.0200772340e+00  8.9350457200e-01  8.8798541400e-01
    1.8160000000e+01  1.7668918950e+00  1.8549839370e+00  1.8432824700e+00  1.0263959160e+00  8.9989790200e-01  8.9586388400e-01
    1.8170000000e+01  1.7652713760e+00  1.8538756020e+00  1.8432623860e+00  1.0327536020e+00  9.0633868500e-01  9.0380488600e-01
    1.8180000000e+01  1.7634450850e+00  1.8527102950e+00  1.8430003420e+00  1.0391310170e+00  9.1283774100e-01  9.1179237500e-01
    1.8190000000e+01  1.7614126420e+00  1.8514637770e+00  1.8424887280e+00  1.0455100170e+00  9.1939962700e-01  9.1980843900e-01
    1.8200000000e+01  1.7591755630e+00  1.8501111630e+00  1.8417217540e+00  1.0518740980e+00  9.2602213500e-01  9.2783337700e-01
    1.8210000000e+01  1.7567363330e+00  1.8486289500e+00  1.8406960020e+00  1.0582084320e+00  9.3269654400e-01  9.3584594100e-01
    1.8220000000e+01  1.7540976490e+00  1.8469967720e+00  1.8394109370e+00  1.0644994870e+00  9.3940856200e-01  9.4382378100e-01
    1.8230000000e+01  1.7512619930e+00  1.8451986040e+00  1.8378693000e+00  1.0707343860e+00  9.4613977200e-01  9.5174410200e-01
    1.8240000000e+01  1.7482316180e+00  1.8432233060e+00  1.8360772630e+00  1.0769001950e+00  9.5286928000e-01  9.5958447900e-01
    1.8250000000e+01  1.7450088650e+00  1.8410644930e+00  1.8340442790e+00  1.0829833460e+00  9.5957525100e-01  9.6732373300e-01
    1.8260000000e+01  1.7415967140e+00  1.8387199420e+00  1.8317825960e+00  1.0889693070e+00  9.6623607000e-01  9.7494269600e-01
    1.8270000000e+01  1.7379994080e+00  1.8361907770e+00  1.8293065190e+00  1.0948425420e+00  9.7283101000e-01  9.8242474100e-01
    1.8280000000e+01  1.7342230460e+00  1.8334807050e+00  1.8266315580e+00  1.1005867330e+00  9.7934044300e-01  9.8975594900e-01
    1.8290000000e+01  1.7302760560e+00  1.8305954930e+00  1.8237736360e+00  1.1061852200e+00  9.8574573600e-01  9.9692494100e-01
    1.8300000000e+01  1.7261694990e+00  1.8275427500e+00  1.8207485040e+00  1.1116215910e+00  9.9202904000e-01  1.0039224210e+00
    1.8310000000e+01  1.7219171680e+00  1.8243319670e+00  1.8175714600e+00  1.1168803830e+00  9.9817315600e-01  1.0107405870e+00
    1.8320000000e+01  1.7175354370e+00  1.8209747000e+00  1.8142573690e+00  1.1219478000e+00  1.0041615620e+00  1.0173725440e+00
    1.8330000000e+01  1.7130428500e+00  1.8174847500e+00  1.8108209390e+00  1.1268123720e+00  1.0099786350e+00  1.0238118500e+00
    1.8340000000e+01  1.7084594840e+00  1.8138782940e+00  1.8072771740e+00  1.1314654110e+00  1.0156099960e+00  1.0300522760e+00
    1.8350000000e+01  1.7038061980e+00  1.8101739000e+00  1.8036418880e+00  1.1359011820e+00  1.0210429280e+00  1.0360878070e+00
    1.8360000000e+01  1.6991039350e+00  1.8063924860e+00  1.7999322160e+00  1.1401167370e+00  1.0262668350e+00  1.0419129080e+00
    1.8370000000e+01  1.6943732510e+00  1.8025571930e+00  1.7961670050e+00  1.1441115030e+00  1.0312737550e+00  1.0475230250e+00
    1.8380000000e+01  1.6896341930e+00  1.7986931730e+00  1.7923670180e+00  1.1478867970e+00  1.0360589450e+00  1.0529153090e+00
    1.8390000000e+01  1.6849064850e+00  1.7948271910e+00  1.7885548290e+00  1.1514455000e+00  1.0406215660e+00  1.0580894830e+00
    1.8400000000e+01  1.6802098730e+00  1.7909869480e+00  1.7847543580e+00  1.1547920630e+00  1.0449653790e+00  1.0630487220e+00
    1.8410000000e+01  1.6755643700e+00  1.7872000680e+00  1.7809900090e+00  1.1579328910e+00  1.0490993200e+00  1.0678004060e+00
    1.8420000000e+01  1.6709901700e+00  1.7834927760e+00  1.7772854800e+00  1.1608769800e+00  1.0530377760e+00  1.0723565430e+00
    1.8430000000e+01  1.6665071060e+00  1.7798883920e+00  1.7736623850e+00  1.1636365780e+00  1.0568003890e+00  1.0767337380e+00
    1.8440000000e+01  1.6621336900e+00  1.7764058800e+00  1.7701388910e+00  1.1662275850e+00  1.0604113230e+00  1.0809526260e+00
    1.8450000000e+01  1.6578859150e+00  1.7730586660e+00  1.7667286170e+00  1.1686694910e+00  1.0638980190e+00  1.0850368050e+00
    1.8460000000e+01  1.6537760980e+00  1.7698539270e+00  1.7634399720e+00  1.1709847630e+00  1.0672896040e+00  1.0890113980e+00
    1.8470000000e+01  1.6498120130e+00  1.7667924450e+00  1.7602760840e+00  1.1731977930e+00  1.0706151650e+00  1.0929014560e+00
    1.8480000000e+01  1.6459964940e+00  1.7638690090e+00  1.7572353420e+00  1.1753335660e+00  1.0739021040e+00  1.0967304750e+00
    1.8490000000e+01  1.6423275510e+00  1.7610732740e+00  1.7543124470e+00  1.1774163100e+00  1.0771747600e+00  1.1005192610e+00
    1.8500000000e+01  1.6387989280e+00  1.7583909370e+00  1.7514997890e+00  1.1794683430e+00  1.0804534230e+00  1.1042853670e+00
    1.8510000000e+01  1.6354009520e+00  1.7558050560e+00  1.7487888490e+00  1.1815092430e+00  1.0837537610e+00  1.1080431590e+00
    1.8520000000e+01  1.6321214920e+00  1.7532973760e+00  1.7461713490e+00  1.1835553920e+00  1.0870866850e+00  1.1118044860e+00
    1.8530000000e+01  1.6289468750e+00  1.7508495380e+00  1.7436399040e+00  1.1856198470e+00  1.0904585610e+00  1.1155797430e+00
    1.8540000000e+01  1.6258626830e+00  1.7484440790e+00  1.7411880440e+00  1.1877124550e+00  1.0938717090e+00  1.1193790770e+00
    1.8550000000e+01  1.6228543760e+00  1.7460651940e+00  1.7388096290e+00  1.1898401080e+00  1.0973250870e+00  1.1232134240e+00
    1.8560000000e+01  1.6199077630e+00  1.7436992210e+00  1.7364977790e+00  1.1920070800e+00  1.1008150900e+00  1.1270951130e+00
    1.8570000000e+01  1.6170093320e+00  1.7413348670e+00  1.7342435760e+00  1.1942153940e+00  1.1043363610e+00  1.1310378860e+00
    1.8580000000e+01  1.6141464490e+00  1.7389631660e+00  1.7320348010e+00  1.1964651940e+00  1.1078825600e+00  1.1350562660e+00
    1.8590000000e+01  1.6113074230e+00  1.7365772260e+00  1.7298549790e+00  1.1987550820e+00  1.1114469980e+00  1.1391643460e+00
    1.8600000000e+01  1.6084814710e+00  1.7341718170e+00  1.7276829510e+00  1.2010823610e+00  1.1150230720e+00  1.1433741740e+00
    1.8610000000e+01  1.6056586270e+00  1.7317428900e+00  1.7254930860e+00  1.2034431410e+00  1.1186044590e+00  1.1476939440e+00
    1.8620000000e+01  1.6028296990e+00  1.7292871530e+00  1.7232561920e+00  1.2058322960e+00  1.1221850630e+00  1.1521262600e+00
    1.8630000000e+01  1.5999863570e+00  1.7268017830e+00  1.7209410410e+00  1.2082432910e+00  1.1257587790e+00  1.1566667080e+00
    1.8640000000e+01  1.5971214600e+00  1.7242843700e+00  1.7185164150e+00  1.2106680040e+00  1.1293191450e+00  1.1613029350e+00
    1.8650000000e+01  1.5942296010e+00  1.7217330950e+00  1.7159534660e+00  1.2130966820e+00  1.1328590150e+00  1.1660144020e+00
    1.8660000000e+01  1.5913078090e+00  1.7191471410e+00  1.7132281900e+00  1.2155181760e+00  1.1363703570e+00  1.1707729020e+00
    1.8670000000e+01  1.5883562440e+00  1.7165272470e+00  1.7103237600e+00  1.2179205700e+00  1.1398442970e+00  1.1755438870e+00
    1.8680000000e+01  1.5853786490e+00  1.7138762960e+00  1.7072324480e+00  1.2202921820e+00  1.1432714740e+00  1.1802885780e+00
    1.8690000000e+01  1.5823823860e+00  1.7111997530e+00  1.7039568490e+00  1.2226228110e+00  1.1466427210e+00  1.1849667280e+00
    1.8700000000e+01  1.5793779230e+00  1.7085058020e+00  1.7005101480e+00  1.2249050220e+00  1.1499500070e+00  1.1895397870e+00
    1.8710000000e+01  1.5763778020e+00  1.7058050270e+00  1.6969152790e+00  1.2271351800e+00  1.1531874710e+00  1.1939741120e+00
    1.8720000000e+01  1.5733952220e+00  1.7031096020e+00  1.6932029780e+00  1.2293140260e+00  1.1563523000e+00  1.1982437670e+00
    1.8730000000e+01  1.5704425030e+00  1.7004320940e+00  1.6894089190e+00  1.2314466480e+00  1.1594451910e+00  1.2023324780e+00
    1.8740000000e+01  1.5675296920e+00  1.6977841200e+00  1.6855703510e+00  1.2335418790e+00  1.1624702220e+00  1.2062344290e+00
    1.8750000000e+01  1.5646635400e+00  1.6951752060e+00  1.6817227560e+00  1.2356112490e+00  1.1654340960e+00  1.2099537650e+00
    1.8760000000e+01  1.5618469680e+00  1.6926121450e+00  1.6778970600e+00  1.2376677110e+00  1.1683449400e+00  1.2135029750e+00
    1.8770000000e+01  1.5590790230e+00  1.6900990270e+00  1.6741177630e+00  1.2397243710e+00  1.1712109840e+00  1.2169005160e+00
    1.8780000000e+01  1.5563552300e+00  1.6876379060e+00  1.6704021600e+00  1.2417933950e+00  1.1740394880e+00  1.2201681650e+00
    1.8790000000e+01  1.5536681890e+00  1.6852298710e+00  1.6667605500e+00  1.2438851810e+00  1.1768361950e+00  1.2233285480e+00
    1.8800000000e+01  1.5510082820e+00  1.6828761830e+00  1.6631971840e+00  1.2460078130e+00  1.1796054430e+00  1.2264032020e+00
    1.8810000000e+01  1.5483644000e+00  1.6805791430e+00  1.6597116250e+00  1.2481667420e+00  1.1823508380e+00  1.2294112750e+00
    1.8820000000e+01  1.5457246350e+00  1.6783424720e+00  1.6563002060e+00  1.2503646420e+00  1.1850762680e+00  1.2323689100e+00
    1.8830000000e+01  1.5430769580e+00  1.6761711010e+00  1.6529573710e+00  1.2526014070e+00  1.1877869810e+00  1.2352891860e+00
    1.8840000000e+01  1.5404098610e+00  1.6740704510e+00  1.6496767180e+00  1.2548742760e+00  1.1904904350e+00  1.2381824860e+00
    1.8850000000e+01  1.5377129510e+00  1.6720453600e+00  1.6464516470e+00  1.2571781170e+00  1.1931967230e+00  1.2410571250e+00
    1.8860000000e+01  1.5349774400e+00  1.6700988880e+00  1.6432755700e+00  1.2595058610e+00  1.1959184680e+00  1.2439200240e+00
    1.8870000000e+01  1.5321964760e+00  1.6682312730e+00  1.6401417080e+00  1.2618490450e+00  1.1986701970e+00  1.2467772300e+00
    1.8880000000e+01  1.5293652570e+00  1.6664392240e+00  1.6370426530e+00  1.2641984070e+00  1.2014673120e+00  1.2496340750e+00
    1.8890000000e+01  1.5264809570e+00  1.6647157190e+00  1.6339699050e+00  1.2665444110e+00  1.2043248800e+00  1.2524948990e+00
    1.8900000000e+01  1.5235425030e+00  1.6630502920e+00  1.6309136900e+00  1.2688776460e+00  1.2072564830e+00  1.2553623870e+00
    1.8910000000e+01  1.5205503180e+00  1.6614297150e+00  1.6278632370e+00  1.2711890550e+00  1.2102733440e+00  1.2582367260e+00
    1.8920000000e+01  1.5175061080e+00  1.6598388600e+00  1.6248075910e+00  1.2734700370e+00  1.2133838540e+00  1.2611148900e+00
    1.8930000000e+01  1.5144127430e+00  1.6582615210e+00  1.6217368200e+00  1.2757124760e+00  1.2165934750e+00  1.2639903430e+00
    1.8940000000e+01  1.5112742420e+00  1.6566810320e+00  1.6186433890e+00  1.2779087960e+00  1.2199049000e+00  1.2668533250e+00
    1.8950000000e+01  1.5080958060e+00  1.6550806490e+00  1.6155233510e+00  1.2800520920e+00  1.2233182760e+00  1.2696917590e+00
    1.8960000000e+01  1.5048838490e+00  1.6534437550e+00  1.6123771190e+00  1.2821363760e+00  1.2268313600e+00  1.2724926370e+00
    1.8970000000e+01  1.5016459270e+00  1.6517540240e+00  1.6092096220e+00  1.2841569230e+00  1.2304395420e+00  1.2752436410e+00
    1.8980000000e+01  1.4983905210e+00  1.6499956480e+00  1.6060298210e+00  1.2861106730e+00  1.2341357860e+00  1.2779347380e+00
    1.8990000000e+01  1.4951266150e+00  1.6481536610e+00  1.6028496400e+00  1.2879966220e+00  1.2379105800e+00  1.2805594850e+00
    1.9000000000e+01  1.4918630580e+00  1.6462143190e+00  1.5996824670e+00  1.2898160710e+00  1.2417519410e+00  1.2831158470e+00
    1.9010000000e+01  1.4886077540e+00  1.6441655000e+00  1.5965414550e+00  1.2915726350e+00  1.2456454960e+00  1.2856063930e+00
    1.9020000000e+01  1.4853668180e+00  1.6419970980e+00  1.5934378550e+00  1.2932718920e+00  1.2495745780e+00  1.2880378300e+00
    1.9030000000e+01  1.4821438610e+00  1.6397014760e+00  1.5903796690e+00  1.2949206340e+00  1.2535203460e+00  1.2904199340e+00
    1.9040000000e+01  1.4789396300e+00  1.6372740290e+00  1.5873708190e+00  1.2965258210e+00  1.2574619490e+00  1.2927640470e+00
    1.9050000000e+01  1.4757521290e+00  1.6347138990e+00  1.5844109710e+00  1.2980934000e+00  1.2613768750e+00  1.2950814030e+00
    1.9060000000e+01  1.4725772530e+00  1.6320247370e+00  1.5814960240e+00  1.2996272580e+00  1.2652416190e+00  1.2973815450e+00
    1.9070000000e+01  1.4694098350e+00  1.6292153460e+00  1.5786191310e+00  1.3011285270e+00  1.2690327350e+00  1.2996710990e+00
    1.9080000000e+01  1.4662448870e+00  1.6262999980e+00  1.5757720700e+00  1.3025953990e+00  1.2727282390e+00  1.3019530510e+00
    1.9090000000e+01  1.4630788100e+00  1.6232982390e+00  1.5729467230e+00  1.3040234730e+00  1.2763092050e+00  1.3042266140e+00
    1.9100000000e+01  1.4599103410e+00  1.6202341180e+00  1.5701364430e+00  1.3054065710e+00  1.2797613270e+00  1.3064876310e+00
    1.9110000000e+01  1.4567410750e+00  1.6171348690e+00  1.5673371180e+00  1.3067378650e+00  1.2830762030e+00  1.3087294340e+00
    1.9120000000e+01  1.4535754690e+00  1.6140291850e+00  1.5645477930e+00  1.3080111090e+00  1.2862521480e+00  1.3109439780e+00
    1.9130000000e+01  1.4504203320e+00  1.6109452700e+00  1.5617707900e+00  1.3092217480e+00  1.2892943930e+00  1.3131230370e+00
    1.9140000000e+01  1.4472839110e+00  1.6079089230e+00  1.5590113880e+00  1.3103676920e+00  1.2922146220e+00  1.3152592510e+00
    1.9150000000e+01  1.4441747490e+00  1.6049419040e+00  1.5562771910e+00  1.3114496110e+00  1.2950299040e+00  1.3173468420e+00
    1.9160000000e+01  1.4411005830e+00  1.6020608000e+00  1.5535774240e+00  1.3124707220e+00  1.2977611580e+00  1.3193819430e+00
    1.9170000000e+01  1.4380674780e+00  1.5992765160e+00  1.5509223430e+00  1.3134361490e+00  1.3004314120e+00  1.3213626010e+00
    1.9180000000e+01  1.4350793360e+00  1.5965944260e+00  1.5483229000e+00  1.3143520470e+00  1.3030641380e+00  1.3232886050e+00
    1.9190000000e+01  1.4321378200e+00  1.5940150040e+00  1.5457906890e+00  1.3152246460e+00  1.3056819020e+00  1.3251613490e+00
    1.9200000000e+01  1.4292426390e+00  1.5915347630e+00  1.5433380530e+00  1.3160594270e+00  1.3083054650e+00  1.3269838770e+00
    1.9210000000e+01  1.4263920920e+00  1.5891472290e+00  1.5409782200e+00  1.3168604830e+00  1.3109533580e+00  1.3287612020e+00
    1.9220000000e+01  1.4235837830e+00  1.5868437790e+00  1.5387252680e+00  1.3176301680e+00  1.3136418170e+00  1.3305008770e+00
    1.9230000000e+01  1.4208153860e+00  1.5846142420e+00  1.5365937750e+00  1.3183690230e+00  1.3163849240e+00  1.3322137100e+00
    1.9240000000e+01  1.4180853770e+00  1.5824472770e+00  1.5345980910e+00  1.3190760060e+00  1.3191948200e+00  1.3339144500e+00
    1.9250000000e+01  1.4153936250e+00  1.5803305810e+00  1.5327512180e+00  1.3197489770e+00  1.3220818550e+00  1.3356222520e+00
    1.9260000000e+01  1.4127417320e+00  1.5782510180e+00  1.5310634240e+00  1.3203853890e+00  1.3250546730e+00  1.3373607320e+00
    1.9270000000e+01  1.4101330710e+00  1.5761947530e+00  1.5295407720e+00  1.3209830670e+00  1.3281202260e+00  1.3391574860e+00
    1.9280000000e+01  1.4075724860e+00  1.5741474120e+00  1.5281838060e+00  1.3215409320e+00  1.3312837850e+00  1.3410430650e+00
    1.9290000000e+01  1.4050656970e+00  1.5720942430e+00  1.5269866370e+00  1.3220595460e+00  1.3345490020e+00  1.3430494890e+00
    1.9300000000e+01  1.4026185140e+00  1.5700202170e+00  1.5259365660e+00  1.3225413200e+00  1.3379180120e+00  1.3452085200e+00
    1.9310000000e+01  1.4002360200e+00  1.5679100250e+00  1.5250143110e+00  1.3229903450e+00  1.3413915510e+00  1.3475499250e+00
    1.9320000000e+01  1.3979219330e+00  1.5657479360e+00  1.5241947340e+00  1.3234118100e+00  1.3449689810e+00  1.3500999760e+00
    1.9330000000e+01  1.3956783400e+00  1.5635176010e+00  1.5234479210e+00  1.3238111670e+00  1.3486481330e+00  1.3528803280e+00
    1.9340000000e+01  1.3935059360e+00  1.5612019050e+00  1.5227404090e+00  1.3241932350e+00  1.3524249010e+00  1.3559073260e+00
    1.9350000000e+01  1.3914047440e+00  1.5587830510e+00  1.5220363850e+00  1.3245615540e+00  1.3562926300e+00  1.3591917040e+00
    1.9360000000e+01  1.3893751470e+00  1.5562429900e+00  1.5212987520e+00  1.3249182450e+00  1.3602414190e+00  1.3627385700e+00
    1.9370000000e+01  1.3874188970e+00  1.5535642610e+00  1.5204900150e+00  1.3252644890e+00  1.3642575480e+00  1.3665475740e+00
    1.9380000000e+01  1.3855397520e+00  1.5507311640e+00  1.5195729870e+00  1.3256015800e+00  1.3683232440e+00  1.3706131580e+00
    1.9390000000e+01  1.3837434650e+00  1.5477310690e+00  1.5185113400e+00  1.3259322570e+00  1.3724169440e+00  1.3749248130e+00
    1.9400000000e+01  1.3820370290e+00  1.5445556330e+00  1.5172700560e+00  1.3262619500e+00  1.3765140990e+00  1.3794673140e+00
    1.9410000000e+01  1.3804273160e+00  1.5412016500e+00  1.5158158220e+00  1.3265995320e+00  1.3805884200e+00  1.3842208780e+00
    1.9420000000e+01  1.3789194240e+00  1.5376714070e+00  1.5141174150e+00  1.3269573450e+00  1.3846133650e+00  1.3891612650e+00
    1.9430000000e+01  1.3775151310e+00  1.5339725000e+00  1.5121461390e+00  1.3273504270e+00  1.3885636190e+00  1.3942598100e+00
    1.9440000000e+01  1.3762118260e+00  1.5301171890e+00  1.5098763620e+00  1.3277950820e+00  1.3924163780e+00  1.3994834080e+00
    1.9450000000e+01  1.3750021530e+00  1.5261214600e+00  1.5072862270e+00  1.3283071070e+00  1.3961522840e+00  1.4047945180e+00
    1.9460000000e+01  1.3738744440e+00  1.5220039430e+00  1.5043585520e+00  1.3289000080e+00  1.3997560020e+00  1.4101512630e+00
    1.9470000000e+01  1.3728138520e+00  1.5177848320e+00  1.5010819410e+00  1.3295835650e+00  1.4032164700e+00  1.4155077580e+00
    1.9480000000e+01  1.3718039620e+00  1.5134848640e+00  1.4974520250e+00  1.3303629980e+00  1.4065268690e+00  1.4208148060e+00
    1.9490000000e+01  1.3708285690e+00  1.5091244180e+00  1.4934726730e+00  1.3312388730e+00  1.4096844070e+00  1.4260210620e+00
    1.9500000000e+01  1.3698733000e+00  1.5047227150e+00  1.4891569850e+00  1.3322077260e+00  1.4126899240e+00  1.4310746860e+00
    1.9510000000e+01  1.3689267820e+00  1.5002971730e+00  1.4845278410e+00  1.3332632610e+00  1.4155473750e+00  1.4359254350e+00
    1.9520000000e+01  1.3679811850e+00  1.4958628980e+00  1.4796178310e+00  1.3343978580e+00  1.4182631980e+00  1.4405269970e+00
    1.9530000000e+01  1.3670321020e+00  1.4914323640e+00  1.4744685000e+00  1.3356040770e+00  1.4208456180e+00  1.4448393660e+00
    1.9540000000e+01  1.3660778680e+00  1.4870152540e+00  1.4691288810e+00  1.3368759070e+00  1.4233039350e+00  1.4488309890e+00
    1.9550000000e+01  1.3651185010e+00  1.4826184770e+00  1.4636534600e+00  1.3382095630e+00  1.4256478220e+00  1.4524804800e+00
    1.9560000000e+01  1.3641545160e+00  1.4782463210e+00  1.4580997090e+00  1.3396038050e+00  1.4278866710e+00  1.4557777350e+00
    1.9570000000e+01  1.3631857720e+00  1.4739007480e+00  1.4525254080e+00  1.3410597850e+00  1.4300289990e+00  1.4587243620e+00
    1.9580000000e+01  1.3622105090e+00  1.4695818180e+00  1.4469859550e+00  1.3425805310e+00  1.4320819460e+00  1.4613334030e+00
    1.9590000000e+01  1.3612246370e+00  1.4652882330e+00  1.4415318620e+00  1.3441701730e+00  1.4340508920e+00  1.4636283970e+00
    1.9600000000e+01  1.3602213190e+00  1.4610179710e+00  1.4362065890e+00  1.3458329910e+00  1.4359392420e+00  1.4656418700e+00
    1.9610000000e+01  1.3591908620e+00  1.4567689550e+00  1.4310448520e+00  1.3475723880e+00  1.4377484250e+00  1.4674133800e+00
    1.9620000000e+01  1.3581209330e+00  1.4525396820e+00  1.4260714740e+00  1.3493898650e+00  1.4394781000e+00  1.4689872610e+00
    1.9630000000e+01  1.3569970640e+00  1.4483297170e+00  1.4213008270e+00  1.3512840820e+00  1.4411265620e+00  1.4704102170e+00
    1.9640000000e+01  1.3558034250e+00  1.4441399940e+00  1.4167368440e+00  1.3532500840e+00  1.4426912740e+00  1.4717289310e+00
    1.9650000000e+01  1.3545237960e+00  1.4399728880e+00  1.4123735760e+00  1.3552787400e+00  1.4441694250e+00  1.4729877840e+00
    1.9660000000e+01  1.3531427000e+00  1.4358320590e+00  1.4081962310e+00  1.3573564400e+00  1.4455584260e+00  1.4742268380e+00
    1.9670000000e+01  1.3516466360e+00  1.4317221370e+00  1.4041826200e+00  1.3594650710e+00  1.4468562220e+00  1.4754801540e+00
    1.9680000000e+01  1.3500253790e+00  1.4276483710e+00  1.4003049070e+00  1.3615823210e+00  1.4480613810e+00  1.4767745420e+00
    1.9690000000e+01  1.3482732680e+00  1.4236163890e+00  1.3965315420e+00  1.3636823720e+00  1.4491729750e+00  1.4781288070e+00
    1.9700000000e+01  1.3463903340e+00  1.4196321630e+00  1.3928292280e+00  1.3657370430e+00  1.4501903640e+00  1.4795535120e+00
    1.9710000000e+01  1.3443830950e+00  1.4157022190e+00  1.3891647500e+00  1.3677173320e+00  1.4511130720e+00  1.4810512350e+00
    1.9720000000e+01  1.3422647990e+00  1.4118339830e+00  1.3855065280e+00  1.3695952660e+00  1.4519408950e+00  1.4826172000e+00
    1.9730000000e+01  1.3400550080e+00  1.4080360620e+00  1.3818258140e+00  1.3713457780e+00  1.4526743240e+00  1.4842401460e+00
    1.9740000000e+01  1.3377785270e+00  1.4043182460e+00  1.3780975400e+00  1.3729483290e+00  1.4533152140e+00  1.4859032280e+00
    1.9750000000e+01  1.3354638620e+00  1.4006910920e+00  1.3743009250e+00  1.3743880070e+00  1.4538674690e+00  1.4875848310e+00
    1.9760000000e+01  1.3331414840e+00  1.3971651120e+00  1.3704199960e+00  1.3756559510e+00  1.4543374820e+00  1.4892592350e+00
    1.9770000000e+01  1.3308422340e+00  1.3937497520e+00  1.3664441860e+00  1.3767491290e+00  1.4547341210e+00  1.4908972120e+00
    1.9780000000e+01  1.3285961160e+00  1.3904524600e+00  1.3623690790e+00  1.3776696500e+00  1.4550681590e+00  1.4924666790e+00
    1.9790000000e+01  1.3264315960e+00  1.3872781430e+00  1.3581972690e+00  1.3784238630e+00  1.4553512890e+00  1.4939336030e+00
    1.9800000000e+01  1.3243753880e+00  1.3842291950e+00  1.3539392140e+00  1.3790215330e+00  1.4555949870e+00  1.4952632790e+00
    1.9810000000e+01  1.3224525770e+00  1.3813060960e+00  1.3496138710e+00  1.3794752930e+00  1.4558095440e+00  1.4964220370e+00
    1.9820000000e+01  1.3206868400e+00  1.3785084190e+00  1.3452489000e+00  1.3798004690e+00  1.4560035390e+00  1.4973793250e+00
    1.9830000000e+01  1.3191005550e+00  1.3758359570e+00  1.3408802760e+00  1.3800152480e+00  1.4561839000e+00  1.4981099980e+00
    1.9840000000e+01  1.3177146150e+00  1.3732896870e+00  1.3365511950e+00  1.3801410580e+00  1.4563565230e+00  1.4985966260e+00
    1.9850000000e+01  1.3165478740e+00  1.3708723300e+00  1.3323102710e+00  1.3802029490e+00  1.4565273140e+00  1.4988315490e+00
    1.9860000000e+01  1.3156162360e+00  1.3685883640e+00  1.3282090850e+00  1.3802297990e+00  1.4567034290e+00  1.4988184630e+00
    1.9870000000e+01  1.3149315170e+00  1.3664434340e+00  1.3242992380e+00  1.3802541410e+00  1.4568944740e+00  1.4985733200e+00
    1.9880000000e+01  1.3145002380e+00  1.3644432340e+00  1.3206291230e+00  1.3803115440e+00  1.4571133930e+00  1.4981243690e+00
    1.9890000000e+01  1.3143225620e+00  1.3625919950e+00  1.3172406720e+00  1.3804394990e+00  1.4573768350e+00  1.4975112530e+00
    1.9900000000e+01  1.3143915740e+00  1.3608908460e+00  1.3141664130e+00  1.3806758920e+00  1.4577048590e+00  1.4967831500e+00
    1.9910000000e+01  1.3146930490e+00  1.3593363360e+00  1.3114271210e+00  1.3810572180e+00  1.4581199420e+00  1.4959960690e+00
    1.9920000000e+01  1.3152057860e+00  1.3579194060e+00  1.3090303540e+00  1.3816167070e+00  1.4586454320e+00  1.4952095230e+00
    1.9930000000e+01  1.3159025270e+00  1.3566250130e+00  1.3069700310e+00  1.3823825770e+00  1.4593036520e+00  1.4944828800e+00
    1.9940000000e+01  1.3167513730e+00  1.3554324850e+00  1.3052271210e+00  1.3833765900e+00  1.4601139630e+00  1.4938717700e+00
    1.9950000000e+01  1.3177176110e+00  1.3543165560e+00  1.3037713770e+00  1.3846130610e+00  1.4610910740e+00  1.4934248750e+00
    1.9960000000e+01  1.3187657780e+00  1.3532489360e+00  1.3025639270e+00  1.3860984420e+00  1.4622438350e+00  1.4931814740e+00
    1.9970000000e+01  1.3198617960e+00  1.3522001660e+00  1.3015604140e+00  1.3878315460e+00  1.4635746690e+00  1.4931699510e+00
    1.9980000000e+01  1.3209749390e+00  1.3511414980e+00  1.3007143110e+00  1.3898044190e+00  1.4650796890e+00  1.4934074110e+00
    1.9990000000e+01  1.3220794100e+00  1.3500465400e+00  1.2999799760e+00  1.3920037880e+00  1.4667494170e+00  1.4939003630e+00
    2.0000000000e+01  1.3231553490e+00  1.3488924710e+00  1.2993151120e+00  1.3944129080e+00  1.4685699690e+00  1.4946462340e+00
