# Dielectric function: real and imaginary components
#        Energy (eV)          Re_eps_x          Re_eps_y          Re_eps_z          Im_eps_x          Im_eps_y          Im_eps_z
    0.0000000000e+00  6.5055000290e+00  7.0866508590e+00  7.5107028370e+00  0.0000000000e+00  0.0000000000e+00  0.0000000000e+00
    1.0000000000e-02  6.5055427780e+00  7.0867049090e+00  7.5107609040e+00  1.3007490000e-03  1.6467720000e-03  1.7682000000e-03
    2.0000000000e-02  6.5056710310e+00  7.0868670700e+00  7.5109351160e+00  2.6017400000e-03  3.2938770000e-03  3.5367450000e-03
    3.0000000000e-02  6.5058848120e+00  7.0871373740e+00  7.5112255060e+00  3.9032130000e-03  4.9416480000e-03  5.3059800000e-03
    4.0000000000e-02  6.5061841600e+00  7.0875158720e+00  7.5116321280e+00  5.2054100000e-03  6.5904180000e-03  7.0762520000e-03
    5.0000000000e-02  6.5065691260e+00  7.0880026390e+00  7.5121550590e+00  6.5085730000e-03  8.2405230000e-03  8.8479060000e-03
    6.0000000000e-02  6.5070397810e+00  7.0885977680e+00  7.5127943970e+00  7.8129460000e-03  9.8922960000e-03  1.0621291000e-02
    7.0000000000e-02  6.5075962080e+00  7.0893013770e+00  7.5135502620e+00  9.1187710000e-03  1.1546075000e-02  1.2396755000e-02
    8.0000000000e-02  6.5082385070e+00  7.0901136010e+00  7.5144227970e+00  1.0426294000e-02  1.3202197000e-02  1.4174648000e-02
    9.0000000000e-02  6.5089667930e+00  7.0910345990e+00  7.5154121650e+00  1.1735759000e-02  1.4861002000e-02  1.5955322000e-02
    1.0000000000e-01  6.5097811970e+00  7.0920645500e+00  7.5165185540e+00  1.3047414000e-02  1.6522831000e-02  1.7739131000e-02
    1.1000000000e-01  6.5106818660e+00  7.0932036570e+00  7.5177421720e+00  1.4361507000e-02  1.8188028000e-02  1.9526430000e-02
    1.2000000000e-01  6.5116689610e+00  7.0944521410e+00  7.5190832510e+00  1.5678289000e-02  1.9856940000e-02  2.1317579000e-02
    1.3000000000e-01  6.5127426600e+00  7.0958102480e+00  7.5205420450e+00  1.6998010000e-02  2.1529914000e-02  2.3112938000e-02
    1.4000000000e-01  6.5139031570e+00  7.0972782430e+00  7.5221188310e+00  1.8320926000e-02  2.3207303000e-02  2.4912870000e-02
    1.5000000000e-01  6.5151506620e+00  7.0988564170e+00  7.5238139090e+00  1.9647292000e-02  2.4889461000e-02  2.6717744000e-02
    1.6000000000e-01  6.5164854010e+00  7.1005450800e+00  7.5256276020e+00  2.0977365000e-02  2.6576747000e-02  2.8527931000e-02
    1.7000000000e-01  6.5179076170e+00  7.1023445660e+00  7.5275602560e+00  2.2311408000e-02  2.8269524000e-02  3.0343804000e-02
    1.8000000000e-01  6.5194175690e+00  7.1042552320e+00  7.5296122410e+00  2.3649684000e-02  2.9968157000e-02  3.2165742000e-02
    1.9000000000e-01  6.5210155320e+00  7.1062774570e+00  7.5317839520e+00  2.4992459000e-02  3.1673017000e-02  3.3994128000e-02
    2.0000000000e-01  6.5227017990e+00  7.1084116440e+00  7.5340758070e+00  2.6340002000e-02  3.3384480000e-02  3.5829351000e-02
    2.1000000000e-01  6.5244766800e+00  7.1106582200e+00  7.5364882470e+00  2.7692588000e-02  3.5102926000e-02  3.7671801000e-02
    2.2000000000e-01  6.5263405000e+00  7.1130176350e+00  7.5390217400e+00  2.9050491000e-02  3.6828740000e-02  3.9521879000e-02
    2.3000000000e-01  6.5282936050e+00  7.1154903640e+00  7.5416767790e+00  3.0413992000e-02  3.8562313000e-02  4.1379985000e-02
    2.4000000000e-01  6.5303363550e+00  7.1180769050e+00  7.5444538800e+00  3.1783375000e-02  4.0304043000e-02  4.3246531000e-02
    2.5000000000e-01  6.5324691320e+00  7.1207777830e+00  7.5473535870e+00  3.3158929000e-02  4.2054333000e-02  4.5121932000e-02
    2.6000000000e-01  6.5346923320e+00  7.1235935460e+00  7.5503764700e+00  3.4540946000e-02  4.3813593000e-02  4.7006610000e-02
    2.7000000000e-01  6.5370063730e+00  7.1265247700e+00  7.5535231230e+00  3.5929723000e-02  4.5582240000e-02  4.8900995000e-02
    2.8000000000e-01  6.5394116880e+00  7.1295720550e+00  7.5567941690e+00  3.7325562000e-02  4.7360698000e-02  5.0805523000e-02
    2.9000000000e-01  6.5419087320e+00  7.1327360280e+00  7.5601902590e+00  3.8728772000e-02  4.9149400000e-02  5.2720639000e-02
    3.0000000000e-01  6.5444979780e+00  7.1360173440e+00  7.5637120690e+00  4.0139664000e-02  5.0948786000e-02  5.4646795000e-02
    3.1000000000e-01  6.5471799190e+00  7.1394166850e+00  7.5673603060e+00  4.1558556000e-02  5.2759305000e-02  5.6584453000e-02
    3.2000000000e-01  6.5499550680e+00  7.1429347580e+00  7.5711357040e+00  4.2985774000e-02  5.4581416000e-02  5.8534084000e-02
    3.3000000000e-01  6.5528239580e+00  7.1465723040e+00  7.5750390270e+00  4.4421648000e-02  5.6415586000e-02  6.0496167000e-02
    3.4000000000e-01  6.5557871410e+00  7.1503300880e+00  7.5790710680e+00  4.5866515000e-02  5.8262292000e-02  6.2471192000e-02
    3.5000000000e-01  6.5588451940e+00  7.1542089060e+00  7.5832326520e+00  4.7320720000e-02  6.0122023000e-02  6.4459660000e-02
    3.6000000000e-01  6.5619987120e+00  7.1582095860e+00  7.5875246320e+00  4.8784613000e-02  6.1995279000e-02  6.6462082000e-02
    3.7000000000e-01  6.5652483140e+00  7.1623329840e+00  7.5919478970e+00  5.0258553000e-02  6.3882569000e-02  6.8478981000e-02
    3.8000000000e-01  6.5685946380e+00  7.1665799890e+00  7.5965033630e+00  5.1742907000e-02  6.5784418000e-02  7.0510893000e-02
    3.9000000000e-01  6.5720383500e+00  7.1709515220e+00  7.6011919840e+00  5.3238051000e-02  6.7701360000e-02  7.2558364000e-02
    4.0000000000e-01  6.5755801340e+00  7.1754485370e+00  7.6060147440e+00  5.4744367000e-02  6.9633945000e-02  7.4621956000e-02
    4.1000000000e-01  6.5792207010e+00  7.1800720200e+00  7.6109726630e+00  5.6262250000e-02  7.1582735000e-02  7.6702245000e-02
    4.2000000000e-01  6.5829607850e+00  7.1848229940e+00  7.6160667960e+00  5.7792100000e-02  7.3548309000e-02  7.8799819000e-02
    4.3000000000e-01  6.5868011450e+00  7.1897025150e+00  7.6212982350e+00  5.9334330000e-02  7.5531260000e-02  8.0915285000e-02
    4.4000000000e-01  6.5907425660e+00  7.1947116770e+00  7.6266681060e+00  6.0889364000e-02  7.7532196000e-02  8.3049263000e-02
    4.5000000000e-01  6.5947858580e+00  7.1998516090e+00  7.6321775760e+00  6.2457633000e-02  7.9551745000e-02  8.5202391000e-02
    4.6000000000e-01  6.5989318580e+00  7.2051234780e+00  7.6378278490e+00  6.4039584000e-02  8.1590549000e-02  8.7375325000e-02
    4.7000000000e-01  6.6031814300e+00  7.2105284920e+00  7.6436201680e+00  6.5635672000e-02  8.3649272000e-02  8.9568739000e-02
    4.8000000000e-01  6.6075354660e+00  7.2160678960e+00  7.6495558190e+00  6.7246368000e-02  8.5728596000e-02  9.1783327000e-02
    4.9000000000e-01  6.6119948880e+00  7.2217429790e+00  7.6556361280e+00  6.8872153000e-02  8.7829222000e-02  9.4019803000e-02
    5.0000000000e-01  6.6165606440e+00  7.2275550700e+00  7.6618624650e+00  7.0513523000e-02  8.9951876000e-02  9.6278902000e-02
    5.1000000000e-01  6.6212337160e+00  7.2335055420e+00  7.6682362420e+00  7.2170988000e-02  9.2097302000e-02  9.8561382000e-02
    5.2000000000e-01  6.6260151140e+00  7.2395958110e+00  7.6747589180e+00  7.3845075000e-02  9.4266273000e-02  1.0086802500e-01
    5.3000000000e-01  6.6309058810e+00  7.2458273410e+00  7.6814319980e+00  7.5536322000e-02  9.6459582000e-02  1.0319963700e-01
    5.4000000000e-01  6.6359070920e+00  7.2522016420e+00  7.6882570350e+00  7.7245288000e-02  9.8678051000e-02  1.0555705000e-01
    5.5000000000e-01  6.6410198550e+00  7.2587202720e+00  7.6952356310e+00  7.8972546000e-02  1.0092252800e-01  1.0794112400e-01
    5.6000000000e-01  6.6462453150e+00  7.2653848400e+00  7.7023694380e+00  8.0718690000e-02  1.0319389000e-01  1.1035274600e-01
    5.7000000000e-01  6.6515846500e+00  7.2721970050e+00  7.7096601610e+00  8.2484329000e-02  1.0549304400e-01  1.1279283500e-01
    5.8000000000e-01  6.6570390740e+00  7.2791584790e+00  7.7171095590e+00  8.4270097000e-02  1.0782093100e-01  1.1526234100e-01
    5.9000000000e-01  6.6626098410e+00  7.2862710300e+00  7.7247194440e+00  8.6076643000e-02  1.1017852300e-01  1.1776224700e-01
    6.0000000000e-01  6.6682982400e+00  7.2935364820e+00  7.7324916880e+00  8.7904641000e-02  1.1256682700e-01  1.2029357100e-01
    6.1000000000e-01  6.6741056040e+00  7.3009567150e+00  7.7404282200e+00  8.9754789000e-02  1.1498688900e-01  1.2285736900e-01
    6.2000000000e-01  6.6800333030e+00  7.3085336720e+00  7.7485310300e+00  9.1627805000e-02  1.1743979300e-01  1.2545473600e-01
    6.3000000000e-01  6.6860827520e+00  7.3162693560e+00  7.7568021690e+00  9.3524436000e-02  1.1992666300e-01  1.2808680600e-01
    6.4000000000e-01  6.6922554090e+00  7.3241658350e+00  7.7652437560e+00  9.5445453000e-02  1.2244867000e-01  1.3075475800e-01
    6.5000000000e-01  6.6985527750e+00  7.3322252420e+00  7.7738579730e+00  9.7391656000e-02  1.2500702600e-01  1.3345981700e-01
    6.6000000000e-01  6.7049764000e+00  7.3404497780e+00  7.7826470740e+00  9.9363875000e-02  1.2760299400e-01  1.3620325400e-01
    6.7000000000e-01  6.7115278800e+00  7.3488417180e+00  7.7916133820e+00  1.0136296800e-01  1.3023788800e-01  1.3898639300e-01
    6.8000000000e-01  6.7182088610e+00  7.3574034060e+00  7.8007592940e+00  1.0338982700e-01  1.3291307600e-01  1.4181061000e-01
    6.9000000000e-01  6.7250210410e+00  7.3661372640e+00  7.8100872830e+00  1.0544538000e-01  1.3562998000e-01  1.4467734100e-01
    7.0000000000e-01  6.7319661680e+00  7.3750457930e+00  7.8195999020e+00  1.0753058700e-01  1.3839008600e-01  1.4758807800e-01
    7.1000000000e-01  6.7390460480e+00  7.3841315720e+00  7.8292997840e+00  1.0964644900e-01  1.4119494200e-01  1.5054438000e-01
    7.2000000000e-01  6.7462625420e+00  7.3933972670e+00  7.8391896460e+00  1.1179400600e-01  1.4404616200e-01  1.5354787200e-01
    7.3000000000e-01  6.7536175670e+00  7.4028456300e+00  7.8492722940e+00  1.1397433800e-01  1.4694543400e-01  1.5660025000e-01
    7.4000000000e-01  6.7611131040e+00  7.4124795040e+00  7.8595506220e+00  1.1618857300e-01  1.4989452000e-01  1.5970328600e-01
    7.5000000000e-01  6.7687511930e+00  7.4223018240e+00  7.8700276190e+00  1.1843788300e-01  1.5289526100e-01  1.6285883500e-01
    7.6000000000e-01  6.7765339430e+00  7.4323156230e+00  7.8807063710e+00  1.2072349200e-01  1.5594958700e-01  1.6606883400e-01
    7.7000000000e-01  6.7844635250e+00  7.4425240360e+00  7.8915900640e+00  1.2304667400e-01  1.5905951500e-01  1.6933531300e-01
    7.8000000000e-01  6.7925421820e+00  7.4529302990e+00  7.9026819880e+00  1.2540876000e-01  1.6222715900e-01  1.7266039800e-01
    7.9000000000e-01  6.8007722300e+00  7.4635377610e+00  7.9139855400e+00  1.2781113900e-01  1.6545473600e-01  1.7604631800e-01
    8.0000000000e-01  6.8091560560e+00  7.4743498790e+00  7.9255042300e+00  1.3025526400e-01  1.6874457100e-01  1.7949541400e-01
    8.1000000000e-01  6.8176961260e+00  7.4853702290e+00  7.9372416840e+00  1.3274265200e-01  1.7209910600e-01  1.8301014000e-01
    8.2000000000e-01  6.8263949880e+00  7.4966025090e+00  7.9492016470e+00  1.3527489000e-01  1.7552090500e-01  1.8659307800e-01
    8.3000000000e-01  6.8352552700e+00  7.5080505410e+00  7.9613879880e+00  1.3785364100e-01  1.7901266600e-01  1.9024694300e-01
    8.4000000000e-01  6.8442796860e+00  7.5197182780e+00  7.9738047070e+00  1.4048064700e-01  1.8257722600e-01  1.9397459200e-01
    8.5000000000e-01  6.8534710420e+00  7.5316098100e+00  7.9864559360e+00  1.4315773100e-01  1.8621757300e-01  1.9777903600e-01
    8.6000000000e-01  6.8628322330e+00  7.5437293660e+00  7.9993459450e+00  1.4588680900e-01  1.8993685600e-01  2.0166344800e-01
    8.7000000000e-01  6.8723662530e+00  7.5560813230e+00  8.0124791490e+00  1.4866989100e-01  1.9373839800e-01  2.0563117800e-01
    8.8000000000e-01  6.8820761950e+00  7.5686702080e+00  8.0258601090e+00  1.5150908800e-01  1.9762570300e-01  2.0968576400e-01
    8.9000000000e-01  6.8919652530e+00  7.5815007060e+00  8.0394935410e+00  1.5440662000e-01  2.0160247600e-01  2.1383094700e-01
    9.0000000000e-01  6.9020367310e+00  7.5945776670e+00  8.0533843180e+00  1.5736482200e-01  2.0567263400e-01  2.1807068400e-01
    9.1000000000e-01  6.9122940430e+00  7.6079061060e+00  8.0675374780e+00  1.6038615200e-01  2.0984032000e-01  2.2240916700e-01
    9.2000000000e-01  6.9227407180e+00  7.6214912180e+00  8.0819582270e+00  1.6347320100e-01  2.1410992700e-01  2.2685084100e-01
    9.3000000000e-01  6.9333804050e+00  7.6353383770e+00  8.0966519440e+00  1.6662870200e-01  2.1848610700e-01  2.3140042400e-01
    9.4000000000e-01  6.9442168750e+00  7.6494531450e+00  8.1116241870e+00  1.6985553900e-01  2.2297380100e-01  2.3606292600e-01
    9.5000000000e-01  6.9552540310e+00  7.6638412770e+00  8.1268806950e+00  1.7315675700e-01  2.2757825400e-01  2.4084367600e-01
    9.6000000000e-01  6.9664959030e+00  7.6785087310e+00  8.1424273980e+00  1.7653557900e-01  2.3230504500e-01  2.4574834800e-01
    9.7000000000e-01  6.9779466630e+00  7.6934616680e+00  8.1582704130e+00  1.7999541100e-01  2.3716011000e-01  2.5078298800e-01
    9.8000000000e-01  6.9896106210e+00  7.7087064620e+00  8.1744160530e+00  1.8353986300e-01  2.4214977300e-01  2.5595404400e-01
    9.9000000000e-01  7.0014922350e+00  7.7242497040e+00  8.1908708260e+00  1.8717276300e-01  2.4728077800e-01  2.6126840500e-01
    1.0000000000e+00  7.0135961120e+00  7.7400982080e+00  8.2076414360e+00  1.9089817200e-01  2.5256032200e-01  2.6673343600e-01
    1.0100000000e+00  7.0259270130e+00  7.7562590120e+00  8.2247347860e+00  1.9472040100e-01  2.5799610000e-01  2.7235702200e-01
    1.0200000000e+00  7.0384898590e+00  7.7727393870e+00  8.2421579700e+00  1.9864403800e-01  2.6359633900e-01  2.7814760800e-01
    1.0300000000e+00  7.0512897310e+00  7.7895468320e+00  8.2599182720e+00  2.0267396200e-01  2.6936985200e-01  2.8411426000e-01
    1.0400000000e+00  7.0643318750e+00  7.8066890810e+00  8.2780231610e+00  2.0681537300e-01  2.7532608500e-01  2.9026671100e-01
    1.0500000000e+00  7.0776217060e+00  7.8241740980e+00  8.2964802720e+00  2.1107381400e-01  2.8147517900e-01  2.9661542700e-01
    1.0600000000e+00  7.0911648060e+00  7.8420100720e+00  8.3152973980e+00  2.1545520300e-01  2.8782802700e-01  3.0317167600e-01
    1.0700000000e+00  7.1049669250e+00  7.8602054160e+00  8.3344824670e+00  2.1996586500e-01  2.9439634500e-01  3.0994759900e-01
    1.0800000000e+00  7.1190339850e+00  7.8787687490e+00  8.3540435130e+00  2.2461256500e-01  3.0119275200e-01  3.1695629500e-01
    1.0900000000e+00  7.1333720700e+00  7.8977088870e+00  8.3739886410e+00  2.2940254800e-01  3.0823084800e-01  3.2421190800e-01
    1.1000000000e+00  7.1479874270e+00  7.9170348160e+00  8.3943259810e+00  2.3434358000e-01  3.1552531300e-01  3.3172972900e-01
    1.1100000000e+00  7.1628864550e+00  7.9367556710e+00  8.4150636330e+00  2.3944399200e-01  3.2309200400e-01  3.3952629900e-01
    1.1200000000e+00  7.1780756940e+00  7.9568806910e+00  8.4362095900e+00  2.4471273700e-01  3.3094807100e-01  3.4761953000e-01
    1.1300000000e+00  7.1935618130e+00  7.9774191790e+00  8.4577716480e+00  2.5015943800e-01  3.3911208200e-01  3.5602883000e-01
    1.1400000000e+00  7.2093515860e+00  7.9983804350e+00  8.4797572980e+00  2.5579445000e-01  3.4760415700e-01  3.6477523500e-01
    1.1500000000e+00  7.2254518680e+00  8.0197736840e+00  8.5021735790e+00  2.6162892800e-01  3.5644611800e-01  3.7388156000e-01
    1.1600000000e+00  7.2418695580e+00  8.0416079760e+00  8.5250269140e+00  2.6767489500e-01  3.6566165300e-01  3.8337254600e-01
    1.1700000000e+00  7.2586115570e+00  8.0638920710e+00  8.5483228970e+00  2.7394532000e-01  3.7527649500e-01  3.9327501900e-01
    1.1800000000e+00  7.2756847150e+00  8.0866342870e+00  8.5720660410e+00  2.8045419700e-01  3.8531861400e-01  4.0361804400e-01
    1.1900000000e+00  7.2930957580e+00  8.1098423190e+00  8.5962594700e+00  2.8721663500e-01  3.9581842100e-01  4.1443308400e-01
    1.2000000000e+00  7.3108512060e+00  8.1335230130e+00  8.6209045450e+00  2.9424894300e-01  4.0680899400e-01  4.2575413900e-01
    1.2100000000e+00  7.3289572690e+00  8.1576820940e+00  8.6460004270e+00  3.0156872900e-01  4.1832630400e-01  4.3761786000e-01
    1.2200000000e+00  7.3474197180e+00  8.1823238310e+00  8.6715435520e+00  3.0919498900e-01  4.3040946000e-01  4.5006363000e-01
    1.2300000000e+00  7.3662437340e+00  8.2074506300e+00  8.6975270120e+00  3.1714819700e-01  4.4310094400e-01  4.6313358200e-01
    1.2400000000e+00  7.3854337240e+00  8.2330625470e+00  8.7239398510e+00  3.2545039200e-01  4.5644685200e-01  4.7687252600e-01
    1.2500000000e+00  7.4049931000e+00  8.2591567040e+00  8.7507662510e+00  3.3412524000e-01  4.7049710700e-01  4.9132775700e-01
    1.2600000000e+00  7.4249240270e+00  8.2857265870e+00  8.7779846330e+00  3.4319808700e-01  4.8530564200e-01  5.0654869900e-01
    1.2700000000e+00  7.4452271290e+00  8.3127612270e+00  8.8055666830e+00  3.5269597000e-01  5.0093052100e-01  5.2258632700e-01
    1.2800000000e+00  7.4659011520e+00  8.3402442300e+00  8.8334763430e+00  3.6264758300e-01  5.1743397800e-01  5.3949232500e-01
    1.2900000000e+00  7.4869426010e+00  8.3681526650e+00  8.8616688190e+00  3.7308318400e-01  5.3488232100e-01  5.5731790500e-01
    1.3000000000e+00  7.5083453400e+00  8.3964557940e+00  8.8900897130e+00  3.8403441900e-01  5.5334566300e-01  5.7611225000e-01
    1.3100000000e+00  7.5301001920e+00  8.4251136540e+00  8.9186743890e+00  3.9553404700e-01  5.7289741700e-01  5.9592054300e-01
    1.3200000000e+00  7.5521945460e+00  8.4540755090e+00  8.9473477350e+00  4.0761555000e-01  5.9361348700e-01  6.1678158100e-01
    1.3300000000e+00  7.5746120150e+00  8.4832782190e+00  8.9760245180e+00  4.2031260600e-01  6.1557106900e-01  6.3872505600e-01
    1.3400000000e+00  7.5973321930e+00  8.5126445850e+00  9.0046104990e+00  4.3365844300e-01  6.3884699400e-01  6.6176862700e-01
    1.3500000000e+00  7.6203305550e+00  8.5420817820e+00  9.0330044930e+00  4.4768506900e-01  6.6351551900e-01  6.8591504800e-01
    1.3600000000e+00  7.6435785500e+00  8.5714800110e+00  9.0611014100e+00  4.6242241800e-01  6.8964551800e-01  7.1114966300e-01
    1.3700000000e+00  7.6670439520e+00  8.6007115570e+00  9.0887962560e+00  4.7789748600e-01  7.1729702300e-01  7.3743867600e-01
    1.3800000000e+00  7.6906914600e+00  8.6296304580e+00  9.1159888110e+00  4.9413352400e-01  7.4651713900e-01  7.6472859400e-01
    1.3900000000e+00  7.7144835560e+00  8.6580730440e+00  9.1425885920e+00  5.1114940400e-01  7.7733539000e-01  7.9294713400e-01
    1.4000000000e+00  7.7383815530e+00  8.6858595870e+00  9.1685195010e+00  5.2895922900e-01  8.0975867000e-01  8.2200571200e-01
    1.4100000000e+00  7.7623467310e+00  8.7127973280e+00  9.1937235530e+00  5.4757227700e-01  8.4376603300e-01  8.5180337500e-01
    1.4200000000e+00  7.7863414410e+00  8.7386850500e+00  9.2181631350e+00  5.6699326800e-01  8.7930371400e-01  8.8223173500e-01
    1.4300000000e+00  7.8103300700e+00  8.7633193250e+00  9.2418214860e+00  5.8722292700e-01  9.1628082100e-01  9.1318025100e-01
    1.4400000000e+00  7.8342797750e+00  8.7865023590e+00  9.2647013960e+00  6.0825873000e-01  9.5456629200e-01  9.4454107900e-01
    1.4500000000e+00  7.8581609980e+00  8.8080511930e+00  9.2868225040e+00  6.3009575700e-01  9.9398767900e-01  9.7621277400e-01
    1.4600000000e+00  7.8819477870e+00  8.8278077670e+00  9.3082179130e+00  6.5272754900e-01  1.0343323000e+00  1.0081023580e+00
    1.4700000000e+00  7.9056180040e+00  8.8456491410e+00  9.3289309960e+00  6.7614697400e-01  1.0753511340e+00  1.0401256760e+00
    1.4800000000e+00  7.9291534410e+00  8.8614970510e+00  9.3490132560e+00  7.0034713700e-01  1.1167655640e+00  1.0722064380e+00
    1.4900000000e+00  7.9525398180e+00  8.8753259380e+00  9.3685237760e+00  7.2532237900e-01  1.1582768130e+00  1.1042747620e+00
    1.5000000000e+00  7.9757665870e+00  8.8871686920e+00  9.3875303120e+00  7.5106940900e-01  1.1995776300e+00  1.1362662440e+00
    1.5100000000e+00  7.9988264250e+00  8.8971194930e+00  9.4061114930e+00  7.7758847200e-01  1.2403656560e+00  1.1681225010e+00
    1.5200000000e+00  8.0217143720e+00  8.9053332870e+00  9.4243591280e+00  8.0488445800e-01  1.2803577050e+00  1.1997937570e+00
    1.5300000000e+00  8.0444266640e+00  8.9120215340e+00  9.4423794290e+00  8.3296776300e-01  1.3193041210e+00  1.2312434060e+00
    1.5400000000e+00  8.0669593890e+00  8.9174440790e+00  9.4602920600e+00  8.6185483100e-01  1.3570021650e+00  1.2624539140e+00
    1.5500000000e+00  8.0893071470e+00  8.9218972920e+00  9.4782264240e+00  8.9156839100e-01  1.3933072070e+00  1.2934328620e+00
    1.5600000000e+00  8.1114618040e+00  8.9256991170e+00  9.4963151800e+00  9.2213752600e-01  1.4281404640e+00  1.3242178010e+00
    1.5700000000e+00  8.1334113000e+00  8.9291722170e+00  9.5146856970e+00  9.5359775500e-01  1.4614922280e+00  1.3548787050e+00
    1.5800000000e+00  8.1551383050e+00  8.9326268390e+00  9.5334505770e+00  9.8599123600e-01  1.4934200670e+00  1.3855172820e+00
    1.5900000000e+00  8.1766184390e+00  8.9363451450e+00  9.5526985930e+00  1.0193669980e+00  1.5240421710e+00  1.4162630110e+00
    1.6000000000e+00  8.1978178630e+00  8.9405685310e+00  9.5724872120e+00  1.0537808760e+00  1.5535267320e+00  1.4472663310e+00
    1.6100000000e+00  8.2186902600e+00  8.9454888880e+00  9.5928375450e+00  1.0892947020e+00  1.5820786930e+00  1.4786898110e+00
    1.6200000000e+00  8.2391735300e+00  8.9512441990e+00  9.6137321070e+00  1.1259743130e+00  1.6099253480e+00  1.5106982410e+00
    1.6300000000e+00  8.2591867680e+00  8.9579183140e+00  9.6351154570e+00  1.1638861230e+00  1.6373021540e+00  1.5434485400e+00
    1.6400000000e+00  8.2786281960e+00  8.9655443780e+00  9.6568975670e+00  1.2030923820e+00  1.6644398850e+00  1.5770802410e+00
    1.6500000000e+00  8.2973746090e+00  8.9741112180e+00  9.6789596540e+00  1.2436455010e+00  1.6915539560e+00  1.6117072130e+00
    1.6600000000e+00  8.3152826800e+00  8.9835718100e+00  9.7011621360e+00  1.2855821120e+00  1.7188365180e+00  1.6474112420e+00
    1.6700000000e+00  8.3321921210e+00  8.9938529120e+00  9.7233541940e+00  1.3289175830e+00  1.7464516920e+00  1.6842380740e+00
    1.6800000000e+00  8.3479304180e+00  9.0048648050e+00  9.7453841690e+00  1.3736416250e+00  1.7745339980e+00  1.7221964360e+00
    1.6900000000e+00  8.3623186540e+00  9.0165101600e+00  9.7671098060e+00  1.4197154890e+00  1.8031897650e+00  1.7612603030e+00
    1.7000000000e+00  8.3751777630e+00  9.0286910980e+00  9.7884071720e+00  1.4670709940e+00  1.8325008920e+00  1.8013742270e+00
    1.7100000000e+00  8.3863345260e+00  9.0413138500e+00  9.8091772350e+00  1.5156113770e+00  1.8625300730e+00  1.8424611030e+00
    1.7200000000e+00  8.3956266750e+00  9.0542908240e+00  9.8293494110e+00  1.5652136850e+00  1.8933263740e+00  1.8844312960e+00
    1.7300000000e+00  8.4029065930e+00  9.0675403790e+00  9.8488819350e+00  1.6157321530e+00  1.9249301370e+00  1.9271919170e+00
    1.7400000000e+00  8.4080434490e+00  9.0809850260e+00  9.8677594200e+00  1.6670018180e+00  1.9573764630e+00  1.9706551330e+00
    1.7500000000e+00  8.4109239400e+00  9.0945489510e+00  9.8859883670e+00  1.7188416040e+00  1.9906969790e+00  2.0147447670e+00
    1.7600000000e+00  8.4114522670e+00  9.1081556750e+00  9.9035914770e+00  1.7710562770e+00  2.0249200680e+00  2.0594008830e+00
    1.7700000000e+00  8.4095501740e+00  9.1217264110e+00  9.9206014940e+00  1.8234371160e+00  2.0600700150e+00  2.1045824160e+00
    1.7800000000e+00  8.4051578840e+00  9.1351792630e+00  9.9370550920e+00  1.8757616120e+00  2.0961656350e+00  2.1502681140e+00
    1.7900000000e+00  8.3982364470e+00  9.1484292020e+00  9.9529870350e+00  1.9277929340e+00  2.1332187830e+00  2.1964560760e+00
    1.8000000000e+00  8.3887715610e+00  9.1613886260e+00  9.9684247430e+00  1.9792800960e+00  2.1712329600e+00  2.2431620430e+00
    1.8100000000e+00  8.3767784050e+00  9.1739683810e+00  9.9833833780e+00  2.0299596210e+00  2.2102020670e+00  2.2904164980e+00
    1.8200000000e+00  8.3623067430e+00  9.1860792660e+00  9.9978616810e+00  2.0795591950e+00  2.2501093270e+00  2.3382605850e+00
    1.8300000000e+00  8.3454453850e+00  9.1976340940e+00  1.0011838879e+01  2.1278034050e+00  2.2909265760e+00  2.3867409580e+00
    1.8400000000e+00  8.3263252070e+00  9.2085502710e+00  1.0025273012e+01  2.1744212770e+00  2.3326142080e+00  2.4359037780e+00
    1.8500000000e+00  8.3051200500e+00  9.2187526260e+00  1.0038100938e+01  2.2191550790e+00  2.3751221550e+00  2.4857882820e+00
    1.8600000000e+00  8.2820450710e+00  9.2281759590e+00  1.0050240152e+01  2.2617696110e+00  2.4183921110e+00  2.5364204060e+00
    1.8700000000e+00  8.2573523500e+00  9.2367666340e+00  1.0061592368e+01  2.3020610910e+00  2.4623608840e+00  2.5878069990e+00
    1.8800000000e+00  8.2313239620e+00  9.2444826370e+00  1.0072048639e+01  2.3398645930e+00  2.5069643650e+00  2.6399311200e+00
    1.8900000000e+00  8.2042631480e+00  9.2512918190e+00  1.0081495659e+01  2.3750591330e+00  2.5521413060e+00  2.6927488210e+00
    1.9000000000e+00  8.1764846670e+00  9.2571685300e+00  1.0089822788e+01  2.4075697980e+00  2.5978360310e+00  2.7461876780e+00
    1.9100000000e+00  8.1483056170e+00  9.2620892500e+00  1.0096929263e+01  2.4373669200e+00  2.6439993540e+00  2.8001472170e+00
    1.9200000000e+00  8.1200378540e+00  9.2660281350e+00  1.0102731053e+01  2.4644629590e+00  2.6905874130e+00  2.8545011810e+00
    1.9300000000e+00  8.0919825980e+00  9.2689533630e+00  1.0107166828e+01  2.4889082320e+00  2.7375585660e+00  2.9091014160e+00
    1.9400000000e+00  8.0644271010e+00  9.2708249930e+00  1.0110202606e+01  2.5107866760e+00  2.7848688160e+00  2.9637829320e+00
    1.9500000000e+00  8.0376426620e+00  9.2715947340e+00  1.0111834917e+01  2.5302124730e+00  2.8324664500e+00  3.0183695290e+00
    1.9600000000e+00  8.0118830540e+00  9.2712077890e+00  1.0112092658e+01  2.5473277430e+00  2.8802865290e+00  3.0726793560e+00
    1.9700000000e+00  7.9873826070e+00  9.2696067860e+00  1.0111038193e+01  2.5623009720e+00  2.9282458630e+00  3.1265300370e+00
    1.9800000000e+00  7.9643536340e+00  9.2667377210e+00  1.0108768361e+01  2.5753255240e+00  2.9762390850e+00  3.1797434650e+00
    1.9900000000e+00  7.9429833110e+00  9.2625577270e+00  1.0105415872e+01  2.5866176680e+00  3.0241365630e+00  3.2321508870e+00
    2.0000000000e+00  7.9234303770e+00  9.2570441480e+00  1.0101150946e+01  2.5964137520e+00  3.0717849370e+00  3.2835992440e+00
    2.0100000000e+00  7.9058220900e+00  9.2502040130e+00  1.0096182317e+01  2.6049664500e+00  3.1190109850e+00  3.3339595550e+00
    2.0200000000e+00  7.8902518060e+00  9.2420825790e+00  1.0090756169e+01  2.6125401510e+00  3.1656291040e+00  3.3831375080e+00
    2.0300000000e+00  7.8767774710e+00  9.2327694840e+00  1.0085151462e+01  2.6194057010e+00  3.2114521090e+00  3.4310854630e+00
    2.0400000000e+00  7.8654212660e+00  9.2224011970e+00  1.0079670661e+01  2.6258347460e+00  3.2563043640e+00  3.4778141880e+00
    2.0500000000e+00  7.8561705790e+00  9.2111590040e+00  1.0074625859e+01  2.6320940630e+00  3.3000357540e+00  3.5234022170e+00
    2.0600000000e+00  7.8489803280e+00  9.1992624140e+00  1.0070321312e+01  2.6384403510e+00  3.3425348290e+00  3.5680008600e+00
    2.0700000000e+00  7.8437764100e+00  9.1869585610e+00  1.0067034290e+01  2.6451160240e+00  3.3837395900e+00  3.6118335760e+00
    2.0800000000e+00  7.8404597700e+00  9.1745085750e+00  1.0064996457e+01  2.6523464050e+00  3.4236447680e+00  3.6551894060e+00
    2.0900000000e+00  7.8389103500e+00  9.1621721840e+00  1.0064377853e+01  2.6603384040e+00  3.4623048660e+00  3.6984111000e+00
    2.1000000000e+00  7.8389902530e+00  9.1501918460e+00  1.0065275033e+01  2.6692803360e+00  3.4998326350e+00  3.7418793150e+00
    2.1100000000e+00  7.8405457190e+00  9.1387777560e+00  1.0067704115e+01  2.6793421750e+00  3.5363929550e+00  3.7859946390e+00
    2.1200000000e+00  7.8434080410e+00  9.1280951030e+00  1.0071598743e+01  2.6906754370e+00  3.5721924850e+00  3.8311591250e+00
    2.1300000000e+00  7.8473939700e+00  9.1182549220e+00  1.0076812412e+01  2.7034121270e+00  3.6074658180e+00  3.8777586780e+00
    2.1400000000e+00  7.8523064070e+00  9.1093096310e+00  1.0083124285e+01  2.7176626390e+00  3.6424594720e+00  3.9261471060e+00
    2.1500000000e+00  7.8579360190e+00  9.1012538920e+00  1.0090247788e+01  2.7335129980e+00  3.6774154620e+00  3.9766321830e+00
    2.1600000000e+00  7.8640640460e+00  9.0940305950e+00  1.0097841426e+01  2.7510220970e+00  3.7125564840e+00  4.0294638440e+00
    2.1700000000e+00  7.8704661170e+00  9.0875408910e+00  1.0105521613e+01  2.7702195320e+00  3.7480744870e+00  4.0848246520e+00
    2.1800000000e+00  7.8769166410e+00  9.0816565060e+00  1.0112877306e+01  2.7911043130e+00  3.7841237720e+00  4.1428228780e+00
    2.1900000000e+00  7.8831934110e+00  9.0762322570e+00  1.0119486164e+01  2.8136444240e+00  3.8208187790e+00  4.2034887830e+00
    2.2000000000e+00  7.8890823180e+00  9.0711170130e+00  1.0124931564e+01  2.8377770510e+00  3.8582357260e+00  4.2667747540e+00
    2.2100000000e+00  7.8943822800e+00  9.0661620550e+00  1.0128819392e+01  2.8634094410e+00  3.8964166640e+00  4.3325598440e+00
    2.2200000000e+00  7.8989105020e+00  9.0612267750e+00  1.0130793138e+01  2.8904206690e+00  3.9353743120e+00  4.4006588410e+00
    2.2300000000e+00  7.9025078900e+00  9.0561824540e+00  1.0130545646e+01  2.9186647680e+00  3.9750965410e+00  4.4708353240e+00
    2.2400000000e+00  7.9050440160e+00  9.0509152330e+00  1.0127826063e+01  2.9479756090e+00  4.0155501300e+00  4.5428173920e+00
    2.2500000000e+00  7.9064207330e+00  9.0453291930e+00  1.0122441124e+01  2.9781734860e+00  4.0566842710e+00  4.6163140670e+00
    2.2600000000e+00  7.9065735830e+00  9.0393497830e+00  1.0114250931e+01  3.0090728060e+00  4.0984347890e+00  4.6910300180e+00
    2.2700000000e+00  7.9054705530e+00  9.0329269550e+00  1.0103160477e+01  3.0404897780e+00  4.1407299840e+00  4.7666764690e+00
    2.2800000000e+00  7.9031084000e+00  9.0260367810e+00  1.0089109081e+01  3.0722488670e+00  4.1834983530e+00  4.8429770050e+00
    2.2900000000e+00  7.8995074440e+00  9.0186801770e+00  1.0072060250e+01  3.1041870370e+00  4.2266775760e+00  4.9196681390e+00
    2.3000000000e+00  7.8947060990e+00  9.0108778690e+00  1.0051994164e+01  3.1361554500e+00  4.2702232710e+00  4.9964957490e+00
    2.3100000000e+00  7.8887563920e+00  9.0026616150e+00  1.0028904090e+01  3.1680190160e+00  4.3141155810e+00  5.0732092860e+00
    2.3200000000e+00  7.8817212590e+00  8.9940628160e+00  1.0002796925e+01  3.1996547920e+00  4.3583617810e+00  5.1495558890e+00
    2.3300000000e+00  7.8736737420e+00  8.9851004880e+00  9.9736971290e+00  3.2309504230e+00  4.4029937770e+00  5.2252761860e+00
    2.3400000000e+00  7.8646975160e+00  8.9757710180e+00  9.9416527180e+00  3.2618036530e+00  4.4480604710e+00  5.3001028650e+00
    2.3500000000e+00  7.8548877650e+00  8.9660419410e+00  9.9067419010e+00  3.2921234050e+00  4.4936161350e+00  5.3737623410e+00
    2.3600000000e+00  7.8443513600e+00  8.9558512120e+00  9.8690791600e+00  3.3218322760e+00  4.5397068860e+00  5.4459792450e+00
    2.3700000000e+00  7.8332055640e+00  8.9451123570e+00  9.8288200300e+00  3.3508697680e+00  4.5863578140e+00  5.5164832020e+00
    2.3800000000e+00  7.8215750610e+00  8.9337247160e+00  9.7861641890e+00  3.3791952690e+00  4.6335632160e+00  5.5850173880e+00
    2.3900000000e+00  7.8095876490e+00  8.9215870750e+00  9.7413565200e+00  3.4067898870e+00  4.6812818000e+00  5.6513485760e+00
    2.4000000000e+00  7.7973693610e+00  8.9086123080e+00  9.6946856750e+00  3.4336565950e+00  4.7294378400e+00  5.7152784970e+00
    2.4100000000e+00  7.7850399260e+00  8.8947405450e+00  9.6464792710e+00  3.4598186770e+00  4.7779281940e+00  5.7766560610e+00
    2.4200000000e+00  7.7727092790e+00  8.8799485530e+00  9.5970948040e+00  3.4853168870e+00  4.8266340660e+00  5.8353893690e+00
    2.4300000000e+00  7.7604754770e+00  8.8642537540e+00  9.5469057810e+00  3.5102060520e+00  4.8754355030e+00  5.8914556620e+00
    2.4400000000e+00  7.7484239510e+00  8.8477123480e+00  9.4962836350e+00  3.5345518280e+00  4.9242261220e+00  5.9449068760e+00
    2.4500000000e+00  7.7366276830e+00  8.8304121680e+00  9.4455773070e+00  3.5584281350e+00  4.9729256450e+00  5.9958687130e+00
    2.4600000000e+00  7.7251477410e+00  8.8124619240e+00  9.3950935120e+00  3.5819154800e+00  5.0214884690e+00  6.0445322300e+00
    2.4700000000e+00  7.7140336300e+00  8.7939789760e+00  9.3450810640e+00  3.6051000220e+00  5.0699075100e+00  6.0911386190e+00
    2.4800000000e+00  7.7033231420e+00  8.7750776740e+00  9.2957219770e+00  3.6280729970e+00  5.1182137170e+00  6.1359595240e+00
    2.4900000000e+00  7.6930416680e+00  8.7558597040e+00  9.2471306120e+00  3.6509300460e+00  5.1664723780e+00  6.1792763470e+00
    2.5000000000e+00  7.6832012290e+00  8.7364069930e+00  9.1993602560e+00  3.6737701110e+00  5.2147777720e+00  6.2213622010e+00
    2.5100000000e+00  7.6737995600e+00  8.7167769040e+00  9.1524148680e+00  3.6966938050e+00  5.2632474620e+00  6.2624693430e+00
    2.5200000000e+00  7.6648195450e+00  8.6969988580e+00  9.1062626690e+00  3.7198013830e+00  5.3120170720e+00  6.3028234210e+00
    2.5300000000e+00  7.6562291020e+00  8.6770713950e+00  9.0608481400e+00  3.7431905720e+00  5.3612355520e+00  6.3426240510e+00
    2.5400000000e+00  7.6479814140e+00  8.6569589740e+00  9.0160997700e+00  3.7669544300e+00  5.4110603190e+00  6.3820495870e+00
    2.5500000000e+00  7.6400153800e+00  8.6365885400e+00  8.9719324810e+00  3.7911792520e+00  5.4616512440e+00  6.4212629870e+00
    2.5600000000e+00  7.6322562320e+00  8.6158467280e+00  8.9282454600e+00  3.8159423840e+00  5.5131626960e+00  6.4604156140e+00
    2.5700000000e+00  7.6246164370e+00  8.5945791040e+00  8.8849177380e+00  3.8413098180e+00  5.5657335750e+00  6.4996468970e+00
    2.5800000000e+00  7.6169971920e+00  8.5725928390e+00  8.8418045580e+00  3.8673335500e+00  5.6194762970e+00  6.5390794020e+00
    2.5900000000e+00  7.6092908000e+00  8.5496634060e+00  8.7987371770e+00  3.8940489430e+00  5.6744665590e+00  6.5788107840e+00
    2.6000000000e+00  7.6013840650e+00  8.5255447520e+00  8.7555274180e+00  3.9214725490e+00  5.7307358640e+00  6.6189052320e+00
    2.6100000000e+00  7.5931625650e+00  8.4999812640e+00  8.7119764440e+00  3.9496009210e+00  5.7882682250e+00  6.6593872690e+00
    2.6200000000e+00  7.5845153390e+00  8.4727193560e+00  8.6678857720e+00  3.9784108360e+00  5.8470013030e+00  6.7002398470e+00
    2.6300000000e+00  7.5753393790e+00  8.4435167320e+00  8.6230678650e+00  4.0078610580e+00  5.9068309920e+00  6.7414071460e+00
    2.6400000000e+00  7.5655432750e+00  8.4121483450e+00  8.5773540220e+00  4.0378954850e+00  5.9676176950e+00  6.7828009670e+00
    2.6500000000e+00  7.5550495510e+00  8.3784091550e+00  8.5305983720e+00  4.0684472380e+00  6.0291924180e+00  6.8243086280e+00
    2.6600000000e+00  7.5437954060e+00  8.3421146960e+00  8.4826781460e+00  4.0994431060e+00  6.0913613480e+00  6.8658001370e+00
    2.6700000000e+00  7.5317318710e+00  8.3031008240e+00  8.4334914550e+00  4.1308077270e+00  6.1539083940e+00  6.9071329880e+00
    2.6800000000e+00  7.5188215940e+00  8.2612239080e+00  8.3829543830e+00  4.1624668660e+00  6.2165959410e+00  6.9481538520e+00
    2.6900000000e+00  7.5050357610e+00  8.2163623000e+00  8.3309992510e+00  4.1943492950e+00  6.2791645350e+00  6.9886974290e+00
    2.7000000000e+00  7.4903508780e+00  8.1684194840e+00  8.2775755070e+00  4.2263870410e+00  6.3413324200e+00  7.0285835900e+00
    2.7100000000e+00  7.4747462330e+00  8.1173288800e+00  8.2226540420e+00  4.2585141330e+00  6.4027958940e+00  7.0676145580e+00
    2.7200000000e+00  7.4582026490e+00  8.0630598870e+00  8.1662347660e+00  4.2906644780e+00  6.4632313940e+00  7.1055741400e+00
    2.7300000000e+00  7.4407027190e+00  8.0056243150e+00  8.1083562590e+00  4.3227697060e+00  6.5223000250e+00  7.1422308700e+00
    2.7400000000e+00  7.4222321470e+00  7.9450820020e+00  8.0491053980e+00  4.3547577690e+00  6.5796547900e+00  7.1773461940e+00
    2.7500000000e+00  7.4027814440e+00  7.8815442740e+00  7.9886243590e+00  4.3865526620e+00  6.6349501350e+00  7.2106877160e+00
    2.7600000000e+00  7.3823472360e+00  7.8151742860e+00  7.9271125520e+00  4.4180750420e+00  6.6878526940e+00  7.2420461550e+00
    2.7700000000e+00  7.3609328310e+00  7.7461839190e+00  7.8648218800e+00  4.4492431050e+00  6.7380517120e+00  7.2712535510e+00
    2.7800000000e+00  7.3385482450e+00  7.6748278550e+00  7.8020450610e+00  4.4799731090e+00  6.7852676840e+00  7.2981997130e+00
    2.7900000000e+00  7.3152102830e+00  7.6013960580e+00  7.7390981660e+00  4.5101792400e+00  6.8292583640e+00  7.3228440480e+00
    2.8000000000e+00  7.2909432690e+00  7.5262060750e+00  7.6762996990e+00  4.5397731050e+00  6.8698221050e+00  7.3452207870e+00
    2.8100000000e+00  7.2657806870e+00  7.4495962450e+00  7.6139490480e+00  4.5686634800e+00  6.9067992930e+00  7.3654368940e+00
    2.8200000000e+00  7.2397674300e+00  7.3719201110e+00  7.5523070340e+00  4.5967569730e+00  6.9400729510e+00  7.3836631580e+00
    2.8300000000e+00  7.2129619980e+00  7.2935416290e+00  7.4915806040e+00  4.6239599220e+00  6.9695694430e+00  7.4001199330e+00
    2.8400000000e+00  7.1854379120e+00  7.2148303280e+00  7.4319129170e+00  4.6501813220e+00  6.9952595850e+00  7.4150593940e+00
    2.8500000000e+00  7.1572839480e+00  7.1361556120e+00  7.3733793120e+00  4.6753361610e+00  7.0171597430e+00  7.4287462300e+00
    2.8600000000e+00  7.1286032350e+00  7.0578799740e+00  7.3159891070e+00  4.6993484990e+00  7.0353320520e+00  7.4414385600e+00
    2.8700000000e+00  7.0995116970e+00  6.9803515310e+00  7.2596928240e+00  4.7221537930e+00  7.0498828320e+00  7.4533706950e+00
    2.8800000000e+00  7.0701364300e+00  6.9038969140e+00  7.2043940370e+00  4.7437004510e+00  7.0609587130e+00  7.4647392710e+00
    2.8900000000e+00  7.0406145060e+00  6.8288157250e+00  7.1499645820e+00  4.7639509160e+00  7.0687406740e+00  7.4756940600e+00
    2.9000000000e+00  7.0110923470e+00  6.7553775550e+00  7.0962614290e+00  4.7828828720e+00  7.0734369310e+00  7.4863343580e+00
    2.9100000000e+00  6.9817254420e+00  6.6838219360e+00  7.0431431740e+00  4.8004911250e+00  7.0752760950e+00  7.4967112270e+00
    2.9200000000e+00  6.9526778500e+00  6.6143607290e+00  6.9904840730e+00  4.8167905380e+00  7.0745021550e+00  7.5068350480e+00
    2.9300000000e+00  6.9241206980e+00  6.5471816270e+00  6.9381838690e+00  4.8318200430e+00  7.0713723950e+00  7.5166870800e+00
    2.9400000000e+00  6.8962289070e+00  6.4824508730e+00  6.8861722700e+00  4.8456473070e+00  7.0661585300e+00  7.5262330970e+00
    2.9500000000e+00  6.8691755560e+00  6.4203133260e+00  6.8344078020e+00  4.8583731660e+00  7.0591501850e+00  7.5354368690e+00
    2.9600000000e+00  6.8431238480e+00  6.3608886910e+00  6.7828716770e+00  4.8701346470e+00  7.0506588580e+00  7.5442713260e+00
    2.9700000000e+00  6.8182171630e+00  6.3042638900e+00  6.7315581400e+00  4.8811053760e+00  7.0410200120e+00  7.5527257020e+00
    2.9800000000e+00  6.7945683530e+00  6.2504828960e+00  6.6804632850e+00  4.8914924390e+00  7.0305911980e+00  7.5608077580e+00
    2.9900000000e+00  6.7722497930e+00  6.1995363010e+00  6.6295744730e+00  4.9015293390e+00  7.0197450430e+00  7.5685410700e+00
    3.0000000000e+00  6.7512858550e+00  6.1513532340e+00  6.5788622000e+00  4.9114654320e+00  7.0088572760e+00  7.5759582240e+00
    3.0100000000e+00  6.7316491730e+00  6.1057978490e+00  6.5282757000e+00  4.9215529690e+00  6.9982911950e+00  7.5830913970e+00
    3.0200000000e+00  6.7132614760e+00  6.0626716450e+00  6.4777428200e+00  4.9320334630e+00  6.9883809190e+00  7.5899620370e+00
    3.0300000000e+00  6.6959989180e+00  6.0217216350e+00  6.4271739750e+00  4.9431252660e+00  6.9794159980e+00  7.5965713600e+00
    3.0400000000e+00  6.6797009350e+00  5.9826532720e+00  6.3764694420e+00  4.9550140720e+00  6.9716296430e+00  7.6028930450e+00
    3.0500000000e+00  6.6641810430e+00  5.9451461780e+00  6.3255287980e+00  4.9678473660e+00  6.9651920420e+00  7.6088690680e+00
    3.0600000000e+00  6.6492377310e+00  5.9088704470e+00  6.2742612240e+00  4.9817330160e+00  6.9602092060e+00  7.6144090710e+00
    3.0700000000e+00  6.6346637960e+00  5.8735014290e+00  6.2225953460e+00  4.9967413370e+00  6.9567268720e+00  7.6193931830e+00
    3.0800000000e+00  6.6202530500e+00  5.8387313860e+00  6.1704875240e+00  5.0129093650e+00  6.9547382360e+00  7.6236777680e+00
    3.0900000000e+00  6.6058040420e+00  5.8042770610e+00  6.1179277750e+00  5.0302457940e+00  6.9541938690e+00  7.6271032270e+00
    3.1000000000e+00  6.5911211770e+00  5.7698829420e+00  6.0649429960e+00  5.0487351610e+00  6.9550120110e+00  7.6295027830e+00
    3.1100000000e+00  6.5760142020e+00  5.7353207100e+00  6.0115976410e+00  5.0683402190e+00  6.9570874910e+00  7.6307112140e+00
    3.1200000000e+00  6.5602973880e+00  5.7003860700e+00  5.9579924350e+00  5.0890020980e+00  6.9602979170e+00  7.6305728380e+00
    3.1300000000e+00  6.5437897320e+00  5.6648946550e+00  5.9042618620e+00  5.1106385080e+00  6.9645064390e+00  7.6289485260e+00
    3.1400000000e+00  6.5263172280e+00  5.6286788430e+00  5.8505708930e+00  5.1331409610e+00  6.9695612820e+00  7.6257220510e+00
    3.1500000000e+00  6.5077175730e+00  5.5915869900e+00  5.7971109570e+00  5.1563723490e+00  6.9752931550e+00  7.6208061810e+00
    3.1600000000e+00  6.4878469060e+00  5.5534857760e+00  5.7440946140e+00  5.1801663080e+00  6.9815122280e+00  7.6141487160e+00
    3.1700000000e+00  6.4665874650e+00  5.5142653730e+00  5.6917482410e+00  5.2043293370e+00  6.9880064560e+00  7.6057379690e+00
    3.1800000000e+00  6.4438546740e+00  5.4738462700e+00  5.6403024530e+00  5.2286459360e+00  6.9945425010e+00  7.5956065690e+00
    3.1900000000e+00  6.4196022420e+00  5.4321862500e+00  5.5899808050e+00  5.2528861690e+00  7.0008696670e+00  7.5838322040e+00
    3.2000000000e+00  6.3938244480e+00  5.3892862090e+00  5.5409882890e+00  5.2768144310e+00  7.0067264050e+00  7.5705343170e+00
    3.2100000000e+00  6.3665555370e+00  5.3451941100e+00  5.4935015880e+00  5.3001979680e+00  7.0118485290e+00  7.5558667960e+00
    3.2200000000e+00  6.3378669720e+00  5.3000069800e+00  5.4476628900e+00  5.3228139990e+00  7.0159783470e+00  7.5400078140e+00
    3.2300000000e+00  6.3078636900e+00  5.2538711320e+00  5.4035781140e+00  5.3444549240e+00  7.0188743270e+00  7.5231488210e+00
    3.2400000000e+00  6.2766805260e+00  5.2069806150e+00  5.3613192460e+00  5.3649319100e+00  7.0203212920e+00  7.5054848230e+00
    3.2500000000e+00  6.2444794540e+00  5.1595734500e+00  5.3209294180e+00  5.3840777040e+00  7.0201411310e+00  7.4872075160e+00
    3.2600000000e+00  6.2114475940e+00  5.1119249070e+00  5.2824288810e+00  5.4017497170e+00  7.0182035750e+00  7.4685018260e+00
    3.2700000000e+00  6.1777952780e+00  5.0643372470e+00  5.2458201640e+00  5.4178341070e+00  7.0144358610e+00  7.4495454170e+00
    3.2800000000e+00  6.1437531280e+00  5.0171260460e+00  5.2110913390e+00  5.4322509900e+00  7.0088296330e+00  7.4305099450e+00
    3.2900000000e+00  6.1095671780e+00  4.9706042620e+00  5.1782171730e+00  5.4449602420e+00  7.0014434720e+00  7.4115626540e+00
    3.3000000000e+00  6.0754914970e+00  4.9250660750e+00  5.1471587570e+00  5.4559668460e+00  6.9924001910e+00  7.3928671920e+00
    3.3100000000e+00  6.0417783260e+00  4.8807728110e+00  5.1178625640e+00  5.4653245670e+00  6.9818792570e+00  7.3745831090e+00
    3.3200000000e+00  6.0086663330e+00  4.8379427940e+00  5.0902599400e+00  5.4731367640e+00  6.9701059070e+00  7.3568642450e+00
    3.3300000000e+00  5.9763681110e+00  4.7967457560e+00  5.0642675650e+00  5.4795535070e+00  6.9573392680e+00  7.3398566830e+00
    3.3400000000e+00  5.9450583570e+00  4.7573011060e+00  5.0397888660e+00  5.4847646160e+00  6.9438616850e+00  7.3236971120e+00
    3.3500000000e+00  5.9148643410e+00  4.7196782510e+00  5.0167157870e+00  5.4889889200e+00  6.9299705570e+00  7.3085121680e+00
    3.3600000000e+00  5.8858600840e+00  4.6838968520e+00  4.9949300920e+00  5.4924607250e+00  6.9159726240e+00  7.2944187890e+00
    3.3700000000e+00  5.8580651100e+00  4.6499254540e+00  4.9743034840e+00  5.4954150640e+00  6.9021794050e+00  7.2815250350e+00
    3.3800000000e+00  5.8314479090e+00  4.6176780730e+00  4.9546963620e+00  5.4980735440e+00  6.8889017130e+00  7.2699304100e+00
    3.3900000000e+00  5.8059333850e+00  4.5870097530e+00  4.9359556530e+00  5.5006324390e+00  6.8764413490e+00  7.2597247520e+00
    3.4000000000e+00  5.7814130440e+00  4.5577131860e+00  4.9179127200e+00  5.5032541280e+00  6.8650788960e+00  7.2509851400e+00
    3.4100000000e+00  5.7577564770e+00  4.5295189130e+00  4.9003825650e+00  5.5060623000e+00  6.8550579910e+00  7.2437709180e+00
    3.4200000000e+00  5.7348228140e+00  4.5021012300e+00  4.8831653250e+00  5.5091407690e+00  6.8465678180e+00  7.2381176420e+00
    3.4300000000e+00  5.7124711880e+00  4.4750907910e+00  4.8660505570e+00  5.5125353910e+00  6.8397266550e+00  7.2340311890e+00
    3.4400000000e+00  5.6905695040e+00  4.4480933390e+00  4.8488240540e+00  5.5162584400e+00  6.8345695360e+00  7.2314834000e+00
    3.4500000000e+00  5.6690010750e+00  4.4207125750e+00  4.8312763100e+00  5.5202947320e+00  6.8310425770e+00  7.2304103270e+00
    3.4600000000e+00  5.6476688220e+00  4.3925741240e+00  4.8132113080e+00  5.5246087670e+00  6.8290053610e+00  7.2307135810e+00
    3.4700000000e+00  5.6264969600e+00  4.3633472660e+00  4.7944542800e+00  5.5291520250e+00  6.8282412110e+00  7.2322645430e+00
    3.4800000000e+00  5.6054304060e+00  4.3327614860e+00  4.7748574270e+00  5.5338696000e+00  6.8284738000e+00  7.2349106330e+00
    3.4900000000e+00  5.5844324190e+00  4.3006159120e+00  4.7543031480e+00  5.5387054420e+00  6.8293874230e+00  7.2384824850e+00
    3.5000000000e+00  5.5634813010e+00  4.2667810230e+00  4.7327049790e+00  5.5436057860e+00  6.8306477270e+00  7.2428009400e+00
    3.5100000000e+00  5.5425670180e+00  4.2311934710e+00  4.7100068490e+00  5.5485207640e+00  6.8319198170e+00  7.2476831550e+00
    3.5200000000e+00  5.5216884720e+00  4.1938460690e+00  4.6861814190e+00  5.5534045730e+00  6.8328813770e+00  7.2529475830e+00
    3.5300000000e+00  5.5008518780e+00  4.1547757830e+00  4.6612281020e+00  5.5582148250e+00  6.8332296460e+00  7.2584180250e+00
    3.5400000000e+00  5.4800702800e+00  4.1140526560e+00  4.6351710330e+00  5.5629117440e+00  6.8326825180e+00  7.2639271580e+00
    3.5500000000e+00  5.4593640210e+00  4.0717720870e+00  4.6080569380e+00  5.5674577570e+00  6.8309752970e+00  7.2693199180e+00
    3.5600000000e+00  5.4387618090e+00  4.0280517990e+00  4.5799525820e+00  5.5718178150e+00  6.8278554990e+00  7.2744569480e+00
    3.5700000000e+00  5.4183020350e+00  3.9830335620e+00  4.5509414200e+00  5.5759606280e+00  6.8230783480e+00  7.2792180280e+00
    3.5800000000e+00  5.3980339600e+00  3.9368885220e+00  4.5211191180e+00  5.5798609440e+00  6.8164052610e+00  7.2835051400e+00
    3.5900000000e+00  5.3780183170e+00  3.8898241000e+00  4.4905878030e+00  5.5835029560e+00  6.8076067840e+00  7.2872446190e+00
    3.6000000000e+00  5.3583267310e+00  3.8420899750e+00  4.4594491670e+00  5.5868847350e+00  6.7964703280e+00  7.2903876760e+00
    3.6100000000e+00  5.3390392390e+00  3.7939807750e+00  4.4277969520e+00  5.5900232850e+00  6.7828118740e+00  7.2929085700e+00
    3.6200000000e+00  5.3202393650e+00  3.7458337660e+00  4.3957097440e+00  5.5929593270e+00  6.7664897330e+00  7.2947998610e+00
    3.6300000000e+00  5.3020066910e+00  3.6980208810e+00  4.3632454230e+00  5.5957605290e+00  6.7474178840e+00  7.2960645960e+00
    3.6400000000e+00  5.2844075720e+00  3.6509357150e+00  4.3304388170e+00  5.5985218590e+00  6.7255763350e+00  7.2967059860e+00
    3.6500000000e+00  5.2674854150e+00  3.6049772420e+00  4.2973038650e+00  5.6013620960e+00  6.7010166110e+00  7.2967159720e+00
    3.6600000000e+00  5.2512523810e+00  3.5605326290e+00  4.2638409150e+00  5.6044163620e+00  6.6738615260e+00  7.2960647890e+00
    3.6700000000e+00  5.2356843150e+00  3.5179615460e+00  4.2300486290e+00  5.6078255440e+00  6.6442996400e+00  7.2946939700e+00
    3.6800000000e+00  5.2207201130e+00  3.4775837380e+00  4.1959387940e+00  5.6117242850e+00  6.6125758140e+00  7.2925148400e+00
    3.6900000000e+00  5.2062657600e+00  3.4396706490e+00  4.1615513540e+00  5.6162297000e+00  6.5789797500e+00  7.2894135710e+00
    3.7000000000e+00  5.1922021900e+00  3.4044408700e+00  4.1269667290e+00  5.6214327730e+00  6.5438343220e+00  7.2852624980e+00
    3.7100000000e+00  5.1783953120e+00  3.3720584640e+00  4.0923129270e+00  5.6273937880e+00  6.5074848960e+00  7.2799360260e+00
    3.7200000000e+00  5.1647060890e+00  3.3426330040e+00  4.0577659800e+00  5.6341421240e+00  6.4702900720e+00  7.2733285340e+00
    3.7300000000e+00  5.1509987570e+00  3.3162203700e+00  4.0235435940e+00  5.6416797250e+00  6.4326135940e+00  7.2653714180e+00
    3.7400000000e+00  5.1371458460e+00  3.2928239230e+00  3.9898930400e+00  5.6499867180e+00  6.3948167910e+00  7.2560467460e+00
    3.7500000000e+00  5.1230296320e+00  3.2723961990e+00  3.9570751950e+00  5.6590272760e+00  6.3572510170e+00  7.2453958040e+00
    3.7600000000e+00  5.1085406140e+00  3.2548416740e+00  3.9253469440e+00  5.6687538910e+00  6.3202498870e+00  7.2335217310e+00
    3.7700000000e+00  5.0935744490e+00  3.2400211650e+00  3.8949441750e+00  5.6791088310e+00  6.2841216360e+00  7.2205863760e+00
    3.7800000000e+00  5.0780291570e+00  3.2277581420e+00  3.8660672210e+00  5.6900223900e+00  6.2491423360e+00  7.2068022340e+00
    3.7900000000e+00  5.0618044250e+00  3.2178467440e+00  3.8388700770e+00  5.7014085170e+00  6.2155508400e+00  7.1924208910e+00
    3.8000000000e+00  5.0448043170e+00  3.2100608160e+00  3.8134540270e+00  5.7131592770e+00  6.1835461660e+00  7.1777196490e+00
    3.8100000000e+00  5.0269438860e+00  3.2041629530e+00  3.7898655940e+00  5.7251401050e+00  6.1532876180e+00  7.1629879990e+00
    3.8200000000e+00  5.0081591220e+00  3.1999125320e+00  3.7680982190e+00  5.7371879210e+00  6.1248974710e+00  7.1485152780e+00
    3.8300000000e+00  4.9884187210e+00  3.1970718330e+00  3.7480966990e+00  5.7491137550e+00  6.0984655920e+00  7.1345803870e+00
    3.8400000000e+00  4.9677354270e+00  3.1954097500e+00  3.7297633480e+00  5.7607106630e+00  6.0740550800e+00  7.1214440380e+00
    3.8500000000e+00  4.9461744830e+00  3.1947029620e+00  3.7129649030e+00  5.7717665740e+00  6.0517078980e+00  7.1093435890e+00
    3.8600000000e+00  4.9238570960e+00  3.1947349010e+00  3.6975392650e+00  5.7820805630e+00  6.0314495040e+00  7.0984902610e+00
    3.8700000000e+00  4.9009577000e+00  3.1952931620e+00  3.6833013590e+00  5.7914801430e+00  6.0132917140e+00  7.0890682590e+00
    3.8800000000e+00  4.8776951050e+00  3.1961663240e+00  3.6700476070e+00  5.7998368860e+00  5.9972333620e+00  7.0812351150e+00
    3.8900000000e+00  4.8543188370e+00  3.1971411580e+00  3.6575588730e+00  5.8070780630e+00  5.9832587610e+00  7.0751224090e+00
    3.9000000000e+00  4.8310928410e+00  3.1980011900e+00  3.6456020760e+00  5.8131929320e+00  5.9713343600e+00  7.0708361030e+00
    3.9100000000e+00  4.8082789130e+00  3.1985272510e+00  3.6339310280e+00  5.8182335910e+00  5.9614043520e+00  7.0684559030e+00
    3.9200000000e+00  4.7861217070e+00  3.1985003580e+00  3.6222872060e+00  5.8223113010e+00  5.9533861750e+00  7.0680333740e+00
    3.9300000000e+00  4.7648362740e+00  3.1977068150e+00  3.6104012130e+00  5.8255896980e+00  5.9471668920e+00  7.0695889220e+00
    3.9400000000e+00  4.7445982570e+00  3.1959450770e+00  3.5979955730e+00  5.8282762150e+00  5.9426013330e+00  7.0731080570e+00
    3.9500000000e+00  4.7255363390e+00  3.1930335810e+00  3.5847892300e+00  5.8306124810e+00  5.9395126100e+00  7.0785375820e+00
    3.9600000000e+00  4.7077265660e+00  3.1888185790e+00  3.5705038770e+00  5.8328639670e+00  5.9376952880e+00  7.0857825350e+00
    3.9700000000e+00  4.6911884560e+00  3.1831809830e+00  3.5548718370e+00  5.8353088070e+00  5.9369210540e+00  7.0947046540e+00
    3.9800000000e+00  4.6758831540e+00  3.1760413470e+00  3.5376449260e+00  5.8382257740e+00  5.9369463720e+00  7.1051230750e+00
    3.9900000000e+00  4.6617141090e+00  3.1673624200e+00  3.5186033950e+00  5.8418816440e+00  5.9375213200e+00  7.1168176540e+00
    4.0000000000e+00  4.6485307170e+00  3.1571490590e+00  3.4975639500e+00  5.8465185560e+00  5.9383986060e+00  7.1295349110e+00
    4.0100000000e+00  4.6361351280e+00  3.1454457400e+00  3.4743858270e+00  5.8523422160e+00  5.9393418350e+00  7.1429961120e+00
    4.0200000000e+00  4.6242920730e+00  3.1323323100e+00  3.4489743070e+00  5.8595119370e+00  5.9401322590e+00  7.1569065670e+00
    4.0300000000e+00  4.6127411940e+00  3.1179188420e+00  3.4212815020e+00  5.8681334700e+00  5.9405737390e+00  7.1709650450e+00
    4.0400000000e+00  4.6012110210e+00  3.1023404330e+00  3.3913048730e+00  5.8782553930e+00  5.9404960730e+00  7.1848723320e+00
    4.0500000000e+00  4.5894334680e+00  3.0857524700e+00  3.3590842330e+00  5.8898695440e+00  5.9397573200e+00  7.1983384090e+00
    4.0600000000e+00  4.5771575480e+00  3.0683263400e+00  3.3246980260e+00  5.9029155920e+00  5.9382457950e+00  7.2110882480e+00
    4.0700000000e+00  4.5641609690e+00  3.0502451200e+00  3.2882593340e+00  5.9172893850e+00  5.9358822180e+00  7.2228665800e+00
    4.0800000000e+00  4.5502584120e+00  3.0316985760e+00  3.2499116660e+00  5.9328541880e+00  5.9326219600e+00  7.2334420040e+00
    4.0900000000e+00  4.5353056990e+00  3.0128769460e+00  3.2098243310e+00  5.9494535120e+00  5.9284568660e+00  7.2426105580e+00
    4.1000000000e+00  4.5191995840e+00  2.9939634830e+00  3.1681872390e+00  5.9669239970e+00  5.9234157880e+00  7.2501985490e+00
    4.1100000000e+00  4.5018735310e+00  2.9751262160e+00  3.1252052740e+00  5.9851068090e+00  5.9175630640e+00  7.2560642690e+00
    4.1200000000e+00  4.4832903790e+00  2.9565098480e+00  3.0810927240e+00  6.0038562990e+00  5.9109944560e+00  7.2600984220e+00
    4.1300000000e+00  4.4634331810e+00  2.9382288530e+00  3.0360683130e+00  6.0230451210e+00  5.9038306130e+00  7.2622234410e+00
    4.1400000000e+00  4.4422956900e+00  2.9203627020e+00  2.9903511890e+00  6.0425655510e+00  5.8962086090e+00  7.2623922690e+00
    4.1500000000e+00  4.4198739100e+00  2.9029538280e+00  2.9441576640e+00  6.0623273360e+00  5.8882724610e+00  7.2605873100e+00
    4.1600000000e+00  4.3961598670e+00  2.8860084460e+00  2.8976981140e+00  6.0822529300e+00  5.8801636970e+00  7.2568198920e+00
    4.1700000000e+00  4.3711383150e+00  2.8694999220e+00  2.8511732400e+00  6.1022713360e+00  5.8720129100e+00  7.2511301120e+00
    4.1800000000e+00  4.3447864600e+00  2.8533740870e+00  2.8047692290e+00  6.1223119650e+00  5.8639329600e+00  7.2435863170e+00
    4.1900000000e+00  4.3170761720e+00  2.8375558030e+00  2.7586518910e+00  6.1422997730e+00  5.8560142090e+00  7.2342833130e+00
    4.2000000000e+00  4.2879776340e+00  2.8219560960e+00  2.7129604380e+00  6.1621525240e+00  5.8483218600e+00  7.2233385630e+00
    4.2100000000e+00  4.2574631250e+00  2.8064792640e+00  2.6678018920e+00  6.1817803770e+00  5.8408953810e+00  7.2108860950e+00
    4.2200000000e+00  4.2255097510e+00  2.7910294090e+00  2.6232470900e+00  6.2010873040e+00  5.8337498210e+00  7.1970683890e+00
    4.2300000000e+00  4.1921004400e+00  2.7755158820e+00  2.5793290460e+00  6.2199733190e+00  5.8268787320e+00  7.1820268380e+00
    4.2400000000e+00  4.1572231690e+00  2.7598572450e+00  2.5360441290e+00  6.2383363190e+00  5.8202582330e+00  7.1658916100e+00
    4.2500000000e+00  4.1208690940e+00  2.7439835030e+00  2.4933562480e+00  6.2560725870e+00  5.8138516100e+00  7.1487718340e+00
    4.2600000000e+00  4.0830305770e+00  2.7278366140e+00  2.4512039410e+00  6.2730755440e+00  5.8076138290e+00  7.1307470640e+00
    4.2700000000e+00  4.0437001770e+00  2.7113695530e+00  2.4095099250e+00  6.2892329520e+00  5.8014953420e+00  7.1118609890e+00
    4.2800000000e+00  4.0028713430e+00  2.6945443810e+00  2.3681923650e+00  6.3044232720e+00  5.7954448200e+00  7.0921181550e+00
    4.2900000000e+00  3.9605410970e+00  2.6773298670e+00  2.3271767810e+00  6.3185121080e+00  5.7894106490e+00  7.0714842240e+00
    4.3000000000e+00  3.9167145310e+00  2.6596991100e+00  2.2864074070e+00  6.3313496730e+00  5.7833412740e+00  7.0498898380e+00
    4.3100000000e+00  3.8714105600e+00  2.6416275010e+00  2.2458568040e+00  6.3427700070e+00  5.7771845820e+00  7.0272377460e+00
    4.3200000000e+00  3.8246681450e+00  2.6230911780e+00  2.2055327640e+00  6.3525923520e+00  5.7708865220e+00  7.0034124010e+00
    4.3300000000e+00  3.7765521170e+00  2.6040661330e+00  2.1654818470e+00  6.3606247590e+00  5.7643890960e+00  6.9782909720e+00
    4.3400000000e+00  3.7271578010e+00  2.5845281310e+00  2.1257893630e+00  6.3666696460e+00  5.7576278320e+00  6.9517545160e+00
    4.3500000000e+00  3.6766137940e+00  2.5644536860e+00  2.0865760490e+00  6.3705307690e+00  5.7505289240e+00  6.9236980930e+00
    4.3600000000e+00  3.6250825000e+00  2.5438223220e+00  2.0479921790e+00  6.3720208650e+00  5.7430063540e+00  6.8940387860e+00
    4.3700000000e+00  3.5727582920e+00  2.5226202450e+00  2.0102101620e+00  6.3709691180e+00  5.7349594700e+00  6.8627209660e+00
    4.3800000000e+00  3.5198635390e+00  2.5008453820e+00  1.9734168960e+00  6.3672275510e+00  5.7262715480e+00  6.8297186800e+00
    4.3900000000e+00  3.4666430950e+00  2.4785135620e+00  1.9378070070e+00  6.3606755800e+00  5.7168099050e+00  6.7950355930e+00
    4.4000000000e+00  3.4133582050e+00  2.4556654130e+00  1.9035777370e+00  6.3512222820e+00  5.7064280730e+00  6.7587033790e+00
    4.4100000000e+00  3.3602809490e+00  2.4323733600e+00  1.8709257410e+00  6.3388064290e+00  5.6949705160e+00  6.7207796610e+00
    4.4200000000e+00  3.3076902220e+00  2.4087478170e+00  1.8400454250e+00  6.3233949430e+00  5.6822802210e+00  6.6813465370e+00
    4.4300000000e+00  3.2558697560e+00  2.3849413770e+00  1.8111280440e+00  6.3049808850e+00  5.6682091650e+00  6.6405103820e+00
    4.4400000000e+00  3.2051080530e+00  2.3611496370e+00  1.7843605150e+00  6.2835822330e+00  5.6526311190e+00  6.5984031070e+00
    4.4500000000e+00  3.1556994390e+00  2.3376074440e+00  1.7599229390e+00  6.2592424490e+00  5.6354555090e+00  6.5551844620e+00
    4.4600000000e+00  3.1079449780e+00  2.3145799410e+00  1.7379841630e+00  6.2320333250e+00  5.6166403950e+00  6.5110444700e+00
    4.4700000000e+00  3.0621519480e+00  2.2923487730e+00  1.7186953030e+00  6.2020598750e+00  5.5962022880e+00  6.4662047820e+00
    4.4800000000e+00  3.0186307510e+00  2.2711949520e+00  1.7021817850e+00  6.1694664290e+00  5.5742208020e+00  6.4209178320e+00
    4.4900000000e+00  2.9776886740e+00  2.2513807610e+00  1.6885350610e+00  6.1344426180e+00  5.5508370130e+00  6.3754630740e+00
    4.5000000000e+00  2.9396205570e+00  2.2331333920e+00  1.6778053520e+00  6.0972277400e+00  5.5262456390e+00  6.3301402690e+00
    4.5100000000e+00  2.9046970930e+00  2.2166326000e+00  1.6699966070e+00  6.0581121590e+00  5.5006824420e+00  6.2852604760e+00
    4.5200000000e+00  2.8731520620e+00  2.2020036560e+00  1.6650643810e+00  6.0174347400e+00  5.4744090210e+00  6.2411358620e+00
    4.5300000000e+00  2.8451701610e+00  2.1893156970e+00  1.6629166640e+00  5.9755760010e+00  5.4476973250e+00  6.1980695250e+00
    4.5400000000e+00  2.8208771120e+00  2.1785846230e+00  1.6634172480e+00  5.9329473960e+00  5.4208157270e+00  6.1563462770e+00
    4.5500000000e+00  2.8003334450e+00  2.1697792010e+00  1.6663909330e+00  5.8899778750e+00  5.3940177440e+00  6.1162249400e+00
    4.5600000000e+00  2.7835326560e+00  2.1628290730e+00  1.6716299380e+00  5.8470993710e+00  5.3675337460e+00  6.0779323630e+00
    4.5700000000e+00  2.7704036590e+00  2.1576336140e+00  1.6789009760e+00  5.8047329910e+00  5.3415655540e+00  6.0416591260e+00
    4.5800000000e+00  2.7608166300e+00  2.1540709320e+00  1.6879526030e+00  5.7632773600e+00  5.3162836360e+00  6.0075568380e+00
    4.5900000000e+00  2.7545908960e+00  2.1520064990e+00  1.6985225500e+00  5.7230999200e+00  5.2918266370e+00  5.9757368540e+00
    4.6000000000e+00  2.7515034120e+00  2.1513009760e+00  1.7103448530e+00  5.6845312240e+00  5.2683029370e+00  5.9462702140e+00
    4.6100000000e+00  2.7512967600e+00  2.1518168350e+00  1.7231567330e+00  5.6478615980e+00  5.2457939600e+00  5.9191886520e+00
    4.6200000000e+00  2.7536861320e+00  2.1534234050e+00  1.7367052520e+00  5.6133392430e+00  5.2243588230e+00  5.8944866040e+00
    4.6300000000e+00  2.7583654070e+00  2.1560000580e+00  1.7507537440e+00  5.5811688960e+00  5.2040398370e+00  5.8721243740e+00
    4.6400000000e+00  2.7650128150e+00  2.1594373660e+00  1.7650878170e+00  5.5515105390e+00  5.1848682480e+00  5.8520326870e+00
    4.6500000000e+00  2.7732968050e+00  2.1636362730e+00  1.7795204150e+00  5.5244780790e+00  5.1668695340e+00  5.8341187770e+00
    4.6600000000e+00  2.7828825620e+00  2.1685056050e+00  1.7938952930e+00  5.5001383750e+00  5.1500675820e+00  5.8182738750e+00
    4.6700000000e+00  2.7934393020e+00  2.1739585140e+00  1.8080882920e+00  5.4785111230e+00  5.1344871990e+00  5.8043815120e+00
    4.6800000000e+00  2.8046481430e+00  2.1799086860e+00  1.8220061330e+00  5.4595701610e+00  5.1201547870e+00  5.7923257790e+00
    4.6900000000e+00  2.8162100930e+00  2.1862671410e+00  1.8355829540e+00  5.4432466030e+00  5.1070973900e+00  5.7819986020e+00
    4.7000000000e+00  2.8278535170e+00  2.1929401430e+00  1.8487751910e+00  5.4294339690e+00  5.0953407670e+00  5.7733053450e+00
    4.7100000000e+00  2.8393404020e+00  2.1998283330e+00  1.8615556470e+00  5.4179952670e+00  5.0849072480e+00  5.7661684750e+00
    4.7200000000e+00  2.8504707070e+00  2.2068266650e+00  1.8739074570e+00  5.4087716650e+00  5.0758139500e+00  5.7605294330e+00
    4.7300000000e+00  2.8610842560e+00  2.2138245810e+00  1.8858183850e+00  5.4015921760e+00  5.0680715200e+00  5.7563491250e+00
    4.7400000000e+00  2.8710598230e+00  2.2207059390e+00  1.8972755800e+00  5.3962834920e+00  5.0616830650e+00  5.7536074310e+00
    4.7500000000e+00  2.8803113870e+00  2.2273486550e+00  1.9082606570e+00  5.3926790080e+00  5.0566427530e+00  5.7523019700e+00
    4.7600000000e+00  2.8887819480e+00  2.2336244700e+00  1.9187450170e+00  5.3906260670e+00  5.0529336490e+00  5.7524461280e+00
    4.7700000000e+00  2.8964356510e+00  2.2393994600e+00  1.9286853660e+00  5.3899906100e+00  5.0505247960e+00  5.7540662050e+00
    4.7800000000e+00  2.9032493020e+00  2.2445358310e+00  1.9380196160e+00  5.3906587970e+00  5.0493679920e+00  5.7571975040e+00
    4.7900000000e+00  2.9092044770e+00  2.2488951170e+00  1.9466634980e+00  5.3925356290e+00  5.0493949530e+00  5.7618792570e+00
    4.8000000000e+00  2.9142813010e+00  2.2523424890e+00  1.9545083130e+00  5.3955411320e+00  5.0505155260e+00  5.7681484220e+00
    4.8100000000e+00  2.9184546030e+00  2.2547516040e+00  1.9614203170e+00  5.3996050710e+00  5.0526172450e+00  5.7760326200e+00
    4.8200000000e+00  2.9216926700e+00  2.2560094500e+00  1.9672421510e+00  5.4046613270e+00  5.0555662200e+00  5.7855426980e+00
    4.8300000000e+00  2.9239582640e+00  2.2560208540e+00  1.9717965320e+00  5.4106429870e+00  5.0592090790e+00  5.7966656640e+00
    4.8400000000e+00  2.9252112220e+00  2.2547125710e+00  1.9748920780e+00  5.4174788720e+00  5.0633757500e+00  5.8093588470e+00
    4.8500000000e+00  2.9254117950e+00  2.2520370200e+00  1.9763307100e+00  5.4250918220e+00  5.0678829980e+00  5.8235460840e+00
    4.8600000000e+00  2.9245239090e+00  2.2479756040e+00  1.9759157360e+00  5.4333986460e+00  5.0725388640e+00  5.8391164080e+00
    4.8700000000e+00  2.9225177680e+00  2.2425413760e+00  1.9734595280e+00  5.4423113880e+00  5.0771481670e+00  5.8559252410e+00
    4.8800000000e+00  2.9193714330e+00  2.2357805710e+00  1.9687898550e+00  5.4517394170e+00  5.0815191160e+00  5.8737975380e+00
    4.8900000000e+00  2.9150712120e+00  2.2277724460e+00  1.9617543370e+00  5.4615918280e+00  5.0854707810e+00  5.8925319430e+00
    4.9000000000e+00  2.9096108970e+00  2.2186269410e+00  1.9522230840e+00  5.4717796420e+00  5.0888408880e+00  5.9119048870e+00
    4.9100000000e+00  2.9029900400e+00  2.2084799340e+00  1.9400901720e+00  5.4822172880e+00  5.0914931210e+00  5.9316737900e+00
    4.9200000000e+00  2.8952116780e+00  2.1974861760e+00  1.9252749530e+00  5.4928229550e+00  5.0933230320e+00  5.9515790970e+00
    4.9300000000e+00  2.8862801660e+00  2.1858104440e+00  1.9077241900e+00  5.5035175960e+00  5.0942616770e+00  5.9713455560e+00
    4.9400000000e+00  2.8761998560e+00  2.1736177480e+00  1.8874155480e+00  5.5142227140e+00  5.0942763520e+00  5.9906837140e+00
    4.9500000000e+00  2.8649752480e+00  2.1610637150e+00  1.8643622500e+00  5.5248575220e+00  5.0933681660e+00  6.0092928130e+00
    4.9600000000e+00  2.8526128700e+00  2.1482862850e+00  1.8386179510e+00  5.5353363220e+00  5.0915666720e+00  6.0268659870e+00
    4.9700000000e+00  2.8391246110e+00  2.1353996960e+00  1.8102804220e+00  5.5455670780e+00  5.0889222220e+00  6.0430979730e+00
    4.9800000000e+00  2.8245317440e+00  2.1224913570e+00  1.7794926970e+00  5.5554518120e+00  5.0854970280e+00  6.0576946410e+00
    4.9900000000e+00  2.8088686330e+00  2.1096217960e+00  1.7464408910e+00  5.5648890400e+00  5.0813559960e+00  6.0703829810e+00
    5.0000000000e+00  2.7921851440e+00  2.0968274970e+00  1.7113487760e+00  5.5737778580e+00  5.0765583440e+00  6.0809199390e+00
    5.0100000000e+00  2.7745471050e+00  2.0841261600e+00  1.6744700460e+00  5.5820228920e+00  5.0711508610e+00  6.0890988290e+00
    5.0200000000e+00  2.7560346590e+00  2.0715236880e+00  1.6360797000e+00  5.5895390840e+00  5.0651634600e+00  6.0947527600e+00
    5.0300000000e+00  2.7367388390e+00  2.0590220710e+00  1.5964658860e+00  5.5962554050e+00  5.0586074880e+00  6.0977553730e+00
    5.0400000000e+00  2.7167571070e+00  2.0466271360e+00  1.5559231100e+00  5.6021168750e+00  5.0514769330e+00  6.0980197960e+00
    5.0500000000e+00  2.6961887120e+00  2.0343551000e+00  1.5147469780e+00  5.6070846910e+00  5.0437523430e+00  6.0954968940e+00
    5.0600000000e+00  2.6751306890e+00  2.0222369350e+00  1.4732300120e+00  5.6111347390e+00  5.0354067590e+00  6.0901736670e+00
    5.0700000000e+00  2.6536750180e+00  2.0103199380e+00  1.4316577960e+00  5.6142550330e+00  5.0264125990e+00  6.0820720880e+00
    5.0800000000e+00  2.6319070990e+00  1.9986664210e+00  1.3903047460e+00  5.6164427520e+00  5.0167481950e+00  6.0712481490e+00
    5.0900000000e+00  2.6099054040e+00  1.9873500590e+00  1.3494291790e+00  5.6177014460e+00  5.0064028190e+00  6.0577904960e+00
    5.1000000000e+00  2.5877419350e+00  1.9764509070e+00  1.3092677990e+00  5.6180387720e+00  4.9953794140e+00  6.0418179700e+00
    5.1100000000e+00  2.5654830970e+00  1.9660503150e+00  1.2700300890e+00  5.6174648750e+00  4.9836948350e+00  6.0234755550e+00
    5.1200000000e+00  2.5431906470e+00  1.9562268650e+00  1.2318933030e+00  5.6159913130e+00  4.9713780180e+00  6.0029285170e+00
    5.1300000000e+00  2.5209225470e+00  1.9470540770e+00  1.1949987830e+00  5.6136303170e+00  4.9584669360e+00  5.9803548390e+00
    5.1400000000e+00  2.4987337400e+00  1.9386001030e+00  1.1594502680e+00  5.6103941600e+00  4.9450054130e+00  5.9559363050e+00
    5.1500000000e+00  2.4766769950e+00  1.9309290810e+00  1.1253147990e+00  5.6062944940e+00  4.9310408080e+00  5.9298488240e+00
    5.1600000000e+00  2.4548040680e+00  1.9241033740e+00  1.0926266020e+00  5.6013417300e+00  4.9166232160e+00  5.9022528530e+00
    5.1700000000e+00  2.4331672910e+00  1.9181857460e+00  1.0613940860e+00  5.5955446690e+00  4.9018063690e+00  5.8732849810e+00
    5.1800000000e+00  2.4118215660e+00  1.9132405940e+00  1.0316096020e+00  5.5889107660e+00  4.8866498940e+00  5.8430518690e+00
    5.1900000000e+00  2.3908264470e+00  1.9093337270e+00  1.0032611340e+00  5.5814472730e+00  4.8712221960e+00  5.8116275840e+00
    5.2000000000e+00  2.3702478790e+00  1.9065306050e+00  9.7634462200e-01  5.5731634030e+00  4.8556031700e+00  5.7790550370e+00
    5.2100000000e+00  2.3501591040e+00  1.9048934010e+00  9.5087543000e-01  5.5640733240e+00  4.8398860600e+00  5.7453516620e+00
    5.2200000000e+00  2.3306403950e+00  1.9044774310e+00  9.2689742400e-01  5.5541996050e+00  4.8241781220e+00  5.7105188830e+00
    5.2300000000e+00  2.3117774940e+00  1.9053274990e+00  9.0448845200e-01  5.5435766230e+00  4.8086000520e+00  5.6745543930e+00
    5.2400000000e+00  2.2936588590e+00  1.9074745970e+00  8.8376136900e-01  5.5322534490e+00  4.7932843790e+00  5.6374658740e+00
    5.2500000000e+00  2.2763719670e+00  1.9109331790e+00  8.6486031400e-01  5.5202958570e+00  4.7783730530e+00  5.5992845780e+00
    5.2600000000e+00  2.2599990170e+00  1.9156991640e+00  8.4795247400e-01  5.5077872100e+00  4.7640145040e+00  5.5600771210e+00
    5.2700000000e+00  2.2446123740e+00  1.9217487370e+00  8.3321617200e-01  5.4948281380e+00  4.7503603870e+00  5.5199540030e+00
    5.2800000000e+00  2.2302700910e+00  1.9290379750e+00  8.2082663200e-01  5.4815349870e+00  4.7375623100e+00  5.4790737440e+00
    5.2900000000e+00  2.2170118210e+00  1.9375032160e+00  8.1094113300e-01  5.4680370950e+00  4.7257688230e+00  5.4376421070e+00
    5.3000000000e+00  2.2048553860e+00  1.9470619150e+00  8.0368531100e-01  5.4544730330e+00  4.7151229370e+00  5.3959065880e+00
    5.3100000000e+00  2.1937942730e+00  1.9576136180e+00  7.9914215000e-01  5.4409859720e+00  4.7057602610e+00  5.3541470320e+00
    5.3200000000e+00  2.1837962460e+00  1.9690406410e+00  7.9734464500e-01  5.4277184220e+00  4.6978075900e+00  5.3126637130e+00
    5.3300000000e+00  2.1748032510e+00  1.9812082070e+00  7.9827250700e-01  5.4148066500e+00  4.6913815610e+00  5.2717644160e+00
    5.3400000000e+00  2.1667326340e+00  1.9939640780e+00  8.0185258700e-01  5.4023751280e+00  4.6865868310e+00  5.2317518970e+00
    5.3500000000e+00  2.1594796230e+00  2.0071380510e+00  8.0796231100e-01  5.3905313390e+00  4.6835133500e+00  5.1929127250e+00
    5.3600000000e+00  2.1529208750e+00  2.0205419250e+00  8.1643522100e-01  5.3793612300e+00  4.6822325110e+00  5.1555080140e+00
    5.3700000000e+00  2.1469188790e+00  2.0339706330e+00  8.2706782500e-01  5.3689254420e+00  4.6827923790e+00  5.1197661260e+00
    5.3800000000e+00  2.1413270390e+00  2.0472050650e+00  8.3962718900e-01  5.3592563780e+00  4.6852124950e+00  5.0858771790e+00
    5.3900000000e+00  2.1359953860e+00  2.0600168280e+00  8.5385900700e-01  5.3503561280e+00  4.6894790360e+00  5.0539891560e+00
    5.4000000000e+00  2.1307769290e+00  2.0721748100e+00  8.6949599200e-01  5.3421953990e+00  4.6955411250e+00  5.0242055130e+00
    5.4100000000e+00  2.1255345950e+00  2.0834530690e+00  8.8626652000e-01  5.3347137450e+00  4.7033089860e+00  4.9965843040e+00
    5.4200000000e+00  2.1201485200e+00  2.0936393020e+00  9.0390333700e-01  5.3278215060e+00  4.7126543440e+00  4.9711389760e+00
    5.4300000000e+00  2.1145231400e+00  2.1025431150e+00  9.2215201100e-01  5.3214037840e+00  4.7234131460e+00  4.9478409560e+00
    5.4400000000e+00  2.1085933220e+00  2.1100033300e+00  9.4077869600e-01  5.3153265170e+00  4.7353903510e+00  4.9266240950e+00
    5.4500000000e+00  2.1023287360e+00  2.1158938290e+00  9.5957663900e-01  5.3094443610e+00  4.7483662920e+00  4.9073908300e+00
    5.4600000000e+00  2.0957358570e+00  2.1201276730e+00  9.7837092600e-01  5.3036096700e+00  4.7621040320e+00  4.8900197120e+00
    5.4700000000e+00  2.0888573180e+00  2.1226595000e+00  9.9702109400e-01  5.2976817180e+00  4.7763571900e+00  4.8743737110e+00
    5.4800000000e+00  2.0817687490e+00  2.1234863500e+00  1.0154214680e+00  5.2915352320e+00  4.7908778560e+00  4.8603085860e+00
    5.4900000000e+00  2.0745735410e+00  2.1226470800e+00  1.0334994250e+00  5.2850675480e+00  4.8054243920e+00  4.8476806350e+00
    5.5000000000e+00  2.0673961650e+00  2.1202204660e+00  1.0512119740e+00  5.2782039000e+00  4.8197690420e+00  4.8363532950e+00
    5.5100000000e+00  2.0603747010e+00  2.1163219410e+00  1.0685411680e+00  5.2709006630e+00  4.8337052290e+00  4.8262023060e+00
    5.5200000000e+00  2.0536531880e+00  2.1110988550e+00  1.0854887900e+00  5.2631465670e+00  4.8470543540e+00  4.8171193490e+00
    5.5300000000e+00  2.0473743170e+00  2.1047242070e+00  1.1020707010e+00  5.2549620170e+00  4.8596717180e+00  4.8090141570e+00
    5.5400000000e+00  2.0416729230e+00  2.0973888810e+00  1.1183111470e+00  5.2463967980e+00  4.8714510990e+00  4.8018150700e+00
    5.5500000000e+00  2.0366706230e+00  2.0892926500e+00  1.1342374030e+00  5.2375265260e+00  4.8823274370e+00  4.7954680410e+00
    5.5600000000e+00  2.0324718260e+00  2.0806344540e+00  1.1498752480e+00  5.2284483130e+00  4.8922771290e+00  4.7899341260e+00
    5.5700000000e+00  2.0291611280e+00  2.0716026960e+00  1.1652458310e+00  5.2192761780e+00  4.9013155340e+00  4.7851857950e+00
    5.5800000000e+00  2.0268018830e+00  2.0623665620e+00  1.1803643820e+00  5.2101366310e+00  4.9094916040e+00  4.7812026590e+00
    5.5900000000e+00  2.0254356050e+00  2.0530695090e+00  1.1952409160e+00  5.2011647080e+00  4.9168799690e+00  4.7779675100e+00
    5.6000000000e+00  2.0250817920e+00  2.0438259490e+00  1.2098825690e+00  5.1925004690e+00  4.9235713990e+00  4.7754635800e+00
    5.6100000000e+00  2.0257379370e+00  2.0347217270e+00  1.2242967730e+00  5.1842857890e+00  4.9296631260e+00  4.7736736950e+00
    5.6200000000e+00  2.0273796340e+00  2.0258181550e+00  1.2384941680e+00  5.1766611810e+00  4.9352507430e+00  4.7725814790e+00
    5.6300000000e+00  2.0299609340e+00  2.0171585030e+00  1.2524902280e+00  5.1697624430e+00  4.9404232180e+00  4.7721741620e+00
    5.6400000000e+00  2.0334151860e+00  2.0087750870e+00  1.2663049450e+00  5.1637170790e+00  4.9452617730e+00  4.7724460830e+00
    5.6500000000e+00  2.0376566130e+00  2.0006949260e+00  1.2799605020e+00  5.1586406190e+00  4.9498423170e+00  4.7734017540e+00
    5.6600000000e+00  2.0425827640e+00  1.9929424310e+00  1.2934774690e+00  5.1546331140e+00  4.9542400570e+00  4.7750575370e+00
    5.6700000000e+00  2.0480778500e+00  1.9855385500e+00  1.3068703940e+00  5.1517761030e+00  4.9585343370e+00  4.7774413910e+00
    5.6800000000e+00  2.0540168130e+00  1.9784969460e+00  1.3201438160e+00  5.1501303470e+00  4.9628118030e+00  4.7805906870e+00
    5.6900000000e+00  2.0602699070e+00  1.9718186180e+00  1.3332894840e+00  5.1497345260e+00  4.9671666620e+00  4.7845485510e+00
    5.7000000000e+00  2.0667075320e+00  1.9654867340e+00  1.3462852750e+00  5.1506049890e+00  4.9716977550e+00  4.7893594270e+00
    5.7100000000e+00  2.0732051050e+00  1.9594632150e+00  1.3590958960e+00  5.1527365860e+00  4.9765030450e+00  4.7950646810e+00
    5.7200000000e+00  2.0796477730e+00  1.9536880310e+00  1.3716751810e+00  5.1561045920e+00  4.9816727460e+00  4.8016989190e+00
    5.7300000000e+00  2.0859347690e+00  1.9480814720e+00  1.3839695540e+00  5.1606677620e+00  4.9872825000e+00  4.8092876100e+00
    5.7400000000e+00  2.0919831640e+00  1.9425489600e+00  1.3959220220e+00  5.1663725540e+00  4.9933878950e+00  4.8178463900e+00
    5.7500000000e+00  2.0977306430e+00  1.9369875340e+00  1.4074759620e+00  5.1731585250e+00  5.0000212290e+00  4.8273821640e+00
    5.7600000000e+00  2.1031368450e+00  1.9312928480e+00  1.4185778850e+00  5.1809647630e+00  5.0071909020e+00  4.8378957970e+00
    5.7700000000e+00  2.1081827720e+00  1.9253655530e+00  1.4291785130e+00  5.1897369780e+00  5.0148832620e+00  4.8493858020e+00
    5.7800000000e+00  2.1128678710e+00  1.9191162040e+00  1.4392318180e+00  5.1994346320e+00  5.0230662950e+00  4.8618521230e+00
    5.7900000000e+00  2.1172046620e+00  1.9124682350e+00  1.4486921930e+00  5.2100372430e+00  5.0316942530e+00  4.8752990360e+00
    5.8000000000e+00  2.1212111430e+00  1.9053590280e+00  1.4575103480e+00  5.2215489030e+00  5.0407123500e+00  4.8897363710e+00
    5.8100000000e+00  2.1249016470e+00  1.8977394310e+00  1.4656288450e+00  5.2340002020e+00  5.0500608170e+00  4.9051786910e+00
    5.8200000000e+00  2.1282771330e+00  1.8895722680e+00  1.4729781830e+00  5.2474470130e+00  5.0596779030e+00  4.9216425080e+00
    5.8300000000e+00  2.1313160370e+00  1.8808304520e+00  1.4794741230e+00  5.2619660390e+00  5.0695016750e+00  4.9391419890e+00
    5.8400000000e+00  2.1339668020e+00  1.8714952280e+00  1.4850166720e+00  5.2776474860e+00  5.0794707130e+00  4.9576837410e+00
    5.8500000000e+00  2.1361429440e+00  1.8615550480e+00  1.4894909020e+00  5.2945855590e+00  5.0895240030e+00  4.9772613160e+00
    5.8600000000e+00  2.1377211990e+00  1.8510053560e+00  1.4927696020e+00  5.3128677680e+00  5.0996005310e+00  4.9978500640e+00
    5.8700000000e+00  2.1385428850e+00  1.8398492730e+00  1.4947175500e+00  5.3325640780e+00  5.1096392320e+00  5.0194029400e+00
    5.8800000000e+00  2.1384182650e+00  1.8280987910e+00  1.4951969920e+00  5.3537168550e+00  5.1195798740e+00  5.0418478560e+00
    5.8900000000e+00  2.1371334190e+00  1.8157757240e+00  1.4940736000e+00  5.3763323610e+00  5.1293651420e+00  5.0650869160e+00
    5.9000000000e+00  2.1344590590e+00  1.8029115780e+00  1.4912220640e+00  5.4003742760e+00  5.1389436760e+00  5.0889975230e+00
    5.9100000000e+00  2.1301606560e+00  1.7895457530e+00  1.4865305820e+00  5.4257595430e+00  5.1482732940e+00  5.1134348740e+00
    5.9200000000e+00  2.1240093720e+00  1.7757220620e+00  1.4799038720e+00  5.4523566760e+00  5.1573233430e+00  5.1382350050e+00
    5.9300000000e+00  2.1157932650e+00  1.7614841830e+00  1.4712648920e+00  5.4799866470e+00  5.1660752300e+00  5.1632174950e+00
    5.9400000000e+00  2.1053282380e+00  1.7468711630e+00  1.4605559660e+00  5.5084264180e+00  5.1745206870e+00  5.1881872150e+00
    5.9500000000e+00  2.0924680950e+00  1.7319142150e+00  1.4477402440e+00  5.5374150760e+00  5.1826580020e+00  5.2129350370e+00
    5.9600000000e+00  2.0771130680e+00  1.7166357550e+00  1.4328043860e+00  5.5666624240e+00  5.1904871160e+00  5.2372380060e+00
    5.9700000000e+00  2.0592161280e+00  1.7010510080e+00  1.4157629010e+00  5.5958595760e+00  5.1980048950e+00  5.2608599970e+00
    5.9800000000e+00  2.0387865920e+00  1.6851718030e+00  1.3966639760e+00  5.6246909970e+00  5.2052018700e+00  5.2835540330e+00
    5.9900000000e+00  2.0158906560e+00  1.6690115190e+00  1.3755959270e+00  5.6528471890e+00  5.2120613900e+00  5.3050673080e+00
    6.0000000000e+00  1.9906487910e+00  1.6525898300e+00  1.3526928880e+00  5.6800372080e+00  5.2185614800e+00  5.3251494320e+00
    6.0100000000e+00  1.9632301360e+00  1.6359358750e+00  1.3281381170e+00  5.7060001700e+00  5.2246789530e+00  5.3435636260e+00
    6.0200000000e+00  1.9338442920e+00  1.6190889100e+00  1.3021635710e+00  5.7305150190e+00  5.2303946860e+00  5.3600998370e+00
    6.0300000000e+00  1.9027310600e+00  1.6020961850e+00  1.2750449520e+00  5.7534079720e+00  5.2356986210e+00  5.3745881200e+00
    6.0400000000e+00  1.8701488180e+00  1.5850085740e+00  1.2470923250e+00  5.7745572630e+00  5.2405931000e+00  5.3869104380e+00
    6.0500000000e+00  1.8363622050e+00  1.5678751290e+00  1.2186371670e+00  5.7938950110e+00  5.2450936500e+00  5.3970092610e+00
    6.0600000000e+00  1.8016297800e+00  1.5507380420e+00  1.1900173270e+00  5.8114061610e+00  5.2492270810e+00  5.4048919600e+00
    6.0700000000e+00  1.7661922560e+00  1.5336292780e+00  1.1615614970e+00  5.8271245780e+00  5.2530275650e+00  5.4106306950e+00
    6.0800000000e+00  1.7302619440e+00  1.5165695590e+00  1.1335746530e+00  5.8411263890e+00  5.2565319420e+00  5.4143581810e+00
    6.0900000000e+00  1.6940140600e+00  1.4995695690e+00  1.1063254650e+00  5.8535208070e+00  5.2597755330e+00  5.4162600580e+00
    6.1000000000e+00  1.6575806220e+00  1.4826326180e+00  1.0800363080e+00  5.8644388410e+00  5.2627894380e+00  5.4165647580e+00
    6.1100000000e+00  1.6210476180e+00  1.4657576660e+00  1.0548761640e+00  5.8740206000e+00  5.2655995850e+00  5.4155316600e+00
    6.1200000000e+00  1.5844559380e+00  1.4489418190e+00  1.0309565660e+00  5.8824021900e+00  5.2682271970e+00  5.4134382570e+00
    6.1300000000e+00  1.5478061650e+00  1.4321818130e+00  1.0083306710e+00  5.8897034690e+00  5.2706899710e+00  5.4105670410e+00
    6.1400000000e+00  1.5110668340e+00  1.4154745630e+00  9.8699541100e-01  5.8960179420e+00  5.2730032550e+00  5.4071928120e+00
    6.1500000000e+00  1.4741852550e+00  1.3988171790e+00  9.6689653700e-01  5.9014059230e+00  5.2751808090e+00  5.4035711960e+00
    6.1600000000e+00  1.4370995790e+00  1.3822069150e+00  9.4793610600e-01  5.9058916190e+00  5.2772351020e+00  5.3999290580e+00
    6.1700000000e+00  1.3997506240e+00  1.3656414030e+00  9.2998177000e-01  5.9094642500e+00  5.2791774120e+00  5.3964574080e+00
    6.1800000000e+00  1.3620921030e+00  1.3491191860e+00  9.1287704500e-01  5.9120827240e+00  5.2810181040e+00  5.3933071120e+00
    6.1900000000e+00  1.3240982020e+00  1.3326403260e+00  8.9645171200e-01  5.9136828850e+00  5.2827673800e+00  5.3905874850e+00
    6.2000000000e+00  1.2857679800e+00  1.3162066820e+00  8.8053150100e-01  5.9141861210e+00  5.2844366050e+00  5.3883675190e+00
    6.2100000000e+00  1.2471265730e+00  1.2998214260e+00  8.6494640300e-01  5.9135080390e+00  5.2860399780e+00  5.3866793000e+00
    6.2200000000e+00  1.2082236970e+00  1.2834875370e+00  8.4953712900e-01  5.9115661560e+00  5.2875961010e+00  5.3855229680e+00
    6.2300000000e+00  1.1691302090e+00  1.2672053020e+00  8.3415948500e-01  5.9082858330e+00  5.2891288180e+00  5.3848725050e+00
    6.2400000000e+00  1.1299336660e+00  1.2509692140e+00  8.1868666200e-01  5.9036041380e+00  5.2906667550e+00  5.3846816110e+00
    6.2500000000e+00  1.0907337880e+00  1.2347649830e+00  8.0300970100e-01  5.8974716550e+00  5.2922412110e+00  5.3848889790e+00
    6.2600000000e+00  1.0516385890e+00  1.2185675170e+00  7.8703662000e-01  5.8898526060e+00  5.2938824640e+00  5.3854223820e+00
    6.2700000000e+00  1.0127617190e+00  1.2023407300e+00  7.7069092000e-01  5.8807238760e+00  5.2956150070e+00  5.3862012430e+00
    6.2800000000e+00  9.7422129000e-01  1.1860396760e+00  7.5391033100e-01  5.8700737300e+00  5.2974526820e+00  5.3871376830e+00
    6.2900000000e+00  9.3614004400e-01  1.1696150180e+00  7.3664654900e-01  5.8579010510e+00  5.2993949210e+00  5.3881365120e+00
    6.3000000000e+00  8.9864635000e-01  1.1530191490e+00  7.1886644000e-01  5.8442158460e+00  5.3014252570e+00  5.3890949730e+00
    6.3100000000e+00  8.6187507700e-01  1.1362127280e+00  7.0055466500e-01  5.8290413880e+00  5.3035128210e+00  5.3899032220e+00
    6.3200000000e+00  8.2596731000e-01  1.1191700360e+00  6.8171714900e-01  5.8124178220e+00  5.3056168320e+00  5.3904463760e+00
    6.3300000000e+00  7.9106800700e-01  1.1018817390e+00  6.6238447800e-01  5.7944064360e+00  5.3076932020e+00  5.3906085790e+00
    6.3400000000e+00  7.5732130600e-01  1.0843542540e+00  6.4261418000e-01  5.7750933530e+00  5.3097017010e+00  5.3902790190e+00
    6.3500000000e+00  7.2486393200e-01  1.0666058490e+00  6.2249097700e-01  5.7545913840e+00  5.3116118530e+00  5.3893593620e+00
    6.3600000000e+00  6.9381781400e-01  1.0486606320e+00  6.0212440900e-01  5.7330391770e+00  5.3134061010e+00  5.3877717660e+00
    6.3700000000e+00  6.6428334200e-01  1.0305421500e+00  5.8164355200e-01  5.7105976140e+00  5.3150795870e+00  5.3854663880e+00
    6.3800000000e+00  6.3633445000e-01  1.0122684490e+00  5.6118903500e-01  5.6874441390e+00  5.3166369810e+00  5.3824272420e+00
    6.3900000000e+00  6.1001609800e-01  9.9384982500e-01  5.4090295600e-01  5.6637662400e+00  5.3180876820e+00  5.3786753430e+00
    6.4000000000e+00  5.8534392500e-01  9.7528960200e-01  5.2091781700e-01  5.6397552800e+00  5.3194411930e+00  5.3742682980e+00
    6.4100000000e+00  5.6230531100e-01  9.5658718300e-01  5.0134592300e-01  5.6156014570e+00  5.3207042610e+00  5.3692960210e+00
    6.4200000000e+00  5.4086085600e-01  9.3774192200e-01  4.8227081700e-01  5.5914900040e+00  5.3218807360e+00  5.3638729560e+00
    6.4300000000e+00  5.2094556800e-01  9.1875609200e-01  4.6374203200e-01  5.5675981900e+00  5.3229740830e+00  5.3581278380e+00
    6.4400000000e+00  5.0246952500e-01  8.9963552500e-01  4.4577386000e-01  5.5440923790e+00  5.3239916030e+00  5.3521926040e+00
    6.4500000000e+00  4.8531826600e-01  8.8038725300e-01  4.2834799200e-01  5.5211244830e+00  5.3249487520e+00  5.3461921320e+00
    6.4600000000e+00  4.6935354900e-01  8.6101440000e-01  4.1141915400e-01  5.4988274500e+00  5.3258718450e+00  5.3402362110e+00
    6.4700000000e+00  4.5441522100e-01  8.4150948200e-01  3.9492238800e-01  5.4773097890e+00  5.3267977570e+00  5.3344144850e+00
    6.4800000000e+00  4.4032492400e-01  8.2184781200e-01  3.7878059200e-01  5.4566495920e+00  5.3277699860e+00  5.3287943880e+00
    6.4900000000e+00  4.2689212900e-01  8.0198287700e-01  3.6291124700e-01  5.4368888410e+00  5.3288313720e+00  5.3234214820e+00
    6.5000000000e+00  4.1392260900e-01  7.8184520300e-01  3.4723181900e-01  5.4180290760e+00  5.3300146660e+00  5.3183213730e+00
    6.5100000000e+00  4.0122893400e-01  7.6134551500e-01  3.3166377100e-01  5.4000295850e+00  5.3313327160e+00  5.3135024280e+00
    6.5200000000e+00  3.8864200400e-01  7.4038208100e-01  3.1613545200e-01  5.3828090840e+00  5.3327702970e+00  5.3089588260e+00
    6.5300000000e+00  3.7602216400e-01  7.1885121200e-01  3.0058409700e-01  5.3662513550e+00  5.3342793050e+00  5.3046737990e+00
    6.5400000000e+00  3.6326827800e-01  6.9665923500e-01  2.8495698000e-01  5.3502146360e+00  5.3357784630e+00  5.3006230640e+00
    6.5500000000e+00  3.5032335200e-01  6.7373389000e-01  2.6921158700e-01  5.3345437780e+00  5.3371577970e+00  5.2967783860e+00
    6.5600000000e+00  3.3717583700e-01  6.5003322100e-01  2.5331458100e-01  5.3190836680e+00  5.3382872390e+00  5.2931109750e+00
    6.5700000000e+00  3.2385647900e-01  6.2555048800e-01  2.3723953400e-01  5.3036922090e+00  5.3390279500e+00  5.2895941500e+00
    6.5800000000e+00  3.1043129700e-01  6.0031436800e-01  2.2096378200e-01  5.2882513050e+00  5.3392444960e+00  5.2862046750e+00
    6.5900000000e+00  2.9699177200e-01  5.7438459500e-01  2.0446515400e-01  5.2726747080e+00  5.3388158790e+00  5.2829223460e+00
    6.6000000000e+00  2.8364359300e-01  5.4784400700e-01  1.8771951500e-01  5.2569121820e+00  5.3376437130e+00  5.2797279800e+00
    6.6100000000e+00  2.7049530000e-01  5.2078855500e-01  1.7069987600e-01  5.2409499170e+00  5.3356564440e+00  5.2766004490e+00
    6.6200000000e+00  2.5764798200e-01  4.9331715400e-01  1.5337731700e-01  5.2248076230e+00  5.3328093140e+00  5.2735137820e+00
    6.6300000000e+00  2.4518691600e-01  4.6552308000e-01  1.3572330700e-01  5.2085329900e+00  5.3290806090e+00  5.2704353120e+00
    6.6400000000e+00  2.3317571100e-01  4.3748816400e-01  1.1771254500e-01  5.1921944090e+00  5.3244653730e+00  5.2673253560e+00
    6.6500000000e+00  2.2165315900e-01  4.0928029300e-01  9.9325346000e-02  5.1758728990e+00  5.3189681280e+00  5.2641383070e+00
    6.6600000000e+00  2.1063272400e-01  3.8095400100e-01  8.0548973000e-02  5.1596541370e+00  5.3125960170e+00  5.2608244530e+00
    6.6700000000e+00  2.0010429000e-01  3.5255341500e-01  6.1377893000e-02  5.1436213870e+00  5.3053534450e+00  5.2573316740e+00
    6.6800000000e+00  1.9003760300e-01  3.2411655500e-01  4.1813500000e-02  5.1278498610e+00  5.2972387410e+00  5.2536064300e+00
    6.6900000000e+00  1.8038671200e-01  2.9568008200e-01  2.1864053000e-02  5.1124028440e+00  5.2882428760e+00  5.2495940120e+00
    6.7000000000e+00  1.7109474300e-01  2.6728378900e-01  1.5454110000e-03  5.0973295990e+00  5.2783499870e+00  5.2452385500e+00
    6.7100000000e+00  1.6209839100e-01  2.3897442400e-01 -1.9117415000e-02  5.0826648630e+00  5.2675393480e+00  5.2404835820e+00
    6.7200000000e+00  1.5333169400e-01  2.1080856700e-01 -4.0088386000e-02  5.0684295810e+00  5.2557884560e+00  5.2352738220e+00
    6.7300000000e+00  1.4472881900e-01  1.8285439000e-01 -6.1319127000e-02  5.0546324090e+00  5.2430769470e+00  5.2295583190e+00
    6.7400000000e+00  1.3622578800e-01  1.5519207900e-01 -8.2749017000e-02  5.0412715070e+00  5.2293910610e+00  5.2232946110e+00
    6.7500000000e+00  1.2776126300e-01  1.2791276500e-01 -1.0430718100e-01  5.0283361570e+00  5.2147282910e+00  5.2164530350e+00
    6.7600000000e+00  1.1927667100e-01  1.0111583300e-01 -1.2591633100e-01  5.0158078420e+00  5.1991017420e+00  5.2090202110e+00
    6.7700000000e+00  1.1071609300e-01  7.4904671000e-02 -1.4749792300e-01  5.0036605900e+00  5.1825436590e+00  5.2010008620e+00
    6.7800000000e+00  1.0202638400e-01  4.9381110000e-02 -1.6897774000e-01  4.9918605920e+00  5.1651075200e+00  5.1924175540e+00
    6.7900000000e+00  9.3157971000e-02  2.4639078000e-02 -1.9029095000e-01  4.9803653420e+00  5.1468681940e+00  5.1833083750e+00
    6.8000000000e+00  8.4066593000e-02  7.5820900000e-04 -2.1138586500e-01  4.9691227820e+00  5.1279198400e+00  5.1737230470e+00
    6.8100000000e+00  7.4715965000e-02 -2.2201685000e-02 -2.3222592300e-01  4.9580710300e+00  5.1083715780e+00  5.1637181910e+00
    6.8200000000e+00  6.5081030000e-02 -4.4204414000e-02 -2.5278985400e-01  4.9471392460e+00  5.0883413250e+00  5.1533526040e+00
    6.8300000000e+00  5.5151179000e-02 -6.5238831000e-02 -2.7307035900e-01  4.9362499240e+00  5.0679486360e+00  5.1426832390e+00
    6.8400000000e+00  4.4932723000e-02 -8.5317655000e-02 -2.9307189600e-01  4.9253225480e+00  5.0473075750e+00  5.1317623140e+00
    6.8500000000e+00  3.4450031000e-02 -1.0447399100e-01 -3.1280824700e-01  4.9142781920e+00  5.0265206620e+00  5.1206355770e+00
    6.8600000000e+00  2.3745034000e-02 -1.2275630100e-01 -3.3230035500e-01  4.9030444010e+00  5.0056746440e+00  5.1093414210e+00
    6.8700000000e+00  1.2875159000e-02 -1.4022273200e-01 -3.5157460400e-01  4.8915596630e+00  4.9848383610e+00  5.0979103400e+00
    6.8800000000e+00  1.9100610000e-03 -1.5693567300e-01 -3.7066134900e-01  4.8797769610e+00  4.9640624980e+00  5.0863643100e+00
    6.8900000000e+00 -9.0723710000e-03 -1.7295703900e-01 -3.8959323000e-01  4.8676661310e+00  4.9433807360e+00  5.0747159610e+00
    6.9000000000e+00 -1.9990266000e-02 -1.8834441800e-01 -4.0840287700e-01  4.8552150410e+00  4.9228117630e+00  5.0629678200e+00
    6.9100000000e+00 -3.0761964000e-02 -2.0314798600e-01 -4.2711985600e-01  4.8424297390e+00  4.9023618380e+00  5.0511121850e+00
    6.9200000000e+00 -4.1310018000e-02 -2.1740805100e-01 -4.4576719400e-01  4.8293337340e+00  4.8820278150e+00  5.0391322480e+00
    6.9300000000e+00 -5.1564946000e-02 -2.3115327400e-01 -4.6435819600e-01  4.8159665110e+00  4.8618007010e+00  5.0270047970e+00
    6.9400000000e+00 -6.1468685000e-02 -2.4439981100e-01 -4.8289443000e-01  4.8023812520e+00  4.8416697580e+00  5.0147043500e+00
    6.9500000000e+00 -7.0977558000e-02 -2.5715172300e-01 -5.0136561600e-01  4.7886416740e+00  4.8216269140e+00  5.0022080760e+00
    6.9600000000e+00 -8.0064428000e-02 -2.6940287000e-01 -5.1975166800e-01  4.7748180140e+00  4.8016710410e+00  4.9895004940e+00
    6.9700000000e+00 -8.8719643000e-02 -2.8114029300e-01 -5.3802662600e-01  4.7609823740e+00  4.7818114890e+00  4.9765769410e+00
    6.9800000000e+00 -9.6950508000e-02 -2.9234877300e-01 -5.5616372100e-01  4.7472038750e+00  4.7620702890e+00  4.9634450670e+00
    6.9900000000e+00 -1.0477923100e-01 -3.0301601100e-01 -5.7414055800e-01  4.7335442010e+00  4.7424826380e+00  4.9501240580e+00
    7.0000000000e+00 -1.1223958500e-01 -3.1313776600e-01 -5.9194343200e-01  4.7200540810e+00  4.7230954930e+00  4.9366418270e+00
    7.0100000000e+00 -1.1937273000e-01 -3.2272226100e-01 -6.0957002400e-01  4.7067710920e+00  4.7039644140e+00  4.9230307870e+00
    7.0200000000e+00 -1.2622273900e-01 -3.3179328800e-01 -6.2703011000e-01  4.6937189200e+00  4.6851490290e+00  4.9093230740e+00
    7.0300000000e+00 -1.3283229400e-01 -3.4039164400e-01 -6.4434436300e-01  4.6809080170e+00  4.6667076610e+00  4.8955461060e+00
    7.0400000000e+00 -1.3923896400e-01 -3.4857474600e-01 -6.6154164500e-01  4.6683374460e+00  4.6486917160e+00  4.8817191730e+00
    7.0500000000e+00 -1.4547230300e-01 -3.5641449300e-01 -6.7865547100e-01  4.6559976340e+00  4.6311404160e+00  4.8678514750e+00
    7.0600000000e+00 -1.5155194400e-01 -3.6399357300e-01 -6.9572028700e-01  4.6438737460e+00  4.6140763570e+00  4.8539416660e+00
    7.0700000000e+00 -1.5748678500e-01 -3.7140053000e-01 -7.1276816500e-01  4.6319493890e+00  4.5975022780e+00  4.8399786930e+00
    7.0800000000e+00 -1.6327527800e-01 -3.7872393700e-01 -7.2982624700e-01  4.6202103550e+00  4.5813993590e+00  4.8259435380e+00
    7.0900000000e+00 -1.6890681300e-01 -3.8604610500e-01 -7.4691508900e-01  4.6086480860e+00  4.5657272780e+00  4.8118114590e+00
    7.1000000000e+00 -1.7436407200e-01 -3.9343685200e-01 -7.6404784600e-01  4.5972625930e+00  4.5504262020e+00  4.7975543770e+00
    7.1100000000e+00 -1.7962615800e-01 -4.0094792700e-01 -7.8123020000e-01  4.5860645520e+00  4.5354207180e+00  4.7831431890e+00
    7.1200000000e+00 -1.8467224700e-01 -4.0860877000e-01 -7.9846088000e-01  4.5750763950e+00  4.5206254980e+00  4.7685498600e+00
    7.1300000000e+00 -1.8948544800e-01 -4.1642420900e-01 -8.1573271100e-01  4.5643322820e+00  4.5059522460e+00  4.7537492370e+00
    7.1400000000e+00 -1.9405655000e-01 -4.2437453300e-01 -8.3303413600e-01  4.5538769360e+00  4.4913171690e+00  4.7387204830e+00
    7.1500000000e+00 -1.9838733200e-01 -4.3241804700e-01 -8.5035116500e-01  4.5437633910e+00  4.4766480820e+00  4.7234479840e+00
    7.1600000000e+00 -2.0249312800e-01 -4.4049582100e-01 -8.6766963500e-01  4.5340498220e+00  4.4618902190e+00  4.7079215510e+00
    7.1700000000e+00 -2.0640438300e-01 -4.4853796000e-01 -8.8497753000e-01  4.5247957010e+00  4.4470100520e+00  4.6921356970e+00
    7.1800000000e+00 -2.1016701800e-01 -4.5647049200e-01 -9.0226694700e-01  4.5160576230e+00  4.4319967750e+00  4.6760879240e+00
    7.1900000000e+00 -2.1384156200e-01 -4.6422198100e-01 -9.1953524300e-01  4.5078851910e+00  4.4168615400e+00  4.6597761260e+00
    7.2000000000e+00 -2.1750114700e-01 -4.7172915000e-01 -9.3678488900e-01  4.5003173820e+00  4.4016349000e+00  4.6431955210e+00
    7.2100000000e+00 -2.2122861200e-01 -4.7894114500e-01 -9.5402184200e-01  4.4933796870e+00  4.3863630780e+00  4.6263357620e+00
    7.2200000000e+00 -2.2511306600e-01 -4.8582239100e-01 -9.7125255100e-01  4.4870822550e+00  4.3711036530e+00  4.6091789710e+00
    7.2300000000e+00 -2.2924627300e-01 -4.9235420800e-01 -9.8848017400e-01  4.4814190660e+00  4.3559210920e+00  4.5916993500e+00
    7.2400000000e+00 -2.3371919000e-01 -4.9853539100e-01 -1.0057008500e+00  4.4763680240e+00  4.3408823340e+00  4.5738646470e+00
    7.2500000000e+00 -2.3861887800e-01 -5.0438189200e-01 -1.0229009700e+00  4.4718917840e+00  4.3260524860e+00  4.5556392680e+00
    7.2600000000e+00 -2.4402587200e-01 -5.0992559400e-01 -1.0400561550e+00  4.4679390640e+00  4.3114906960e+00  4.5369883580e+00
    7.2700000000e+00 -2.5001200900e-01 -5.1521209200e-01 -1.0571321960e+00  4.4644462710e+00  4.2972463560e+00  4.5178818700e+00
    7.2800000000e+00 -2.5663863100e-01 -5.2029747100e-01 -1.0740876660e+00  4.4613392950e+00  4.2833559560e+00  4.4982976790e+00
    7.2900000000e+00 -2.6395510000e-01 -5.2524424500e-01 -1.0908774760e+00  4.4585354560e+00  4.2698409790e+00  4.4782230840e+00
    7.3000000000e+00 -2.7199756900e-01 -5.3011685300e-01 -1.1074564410e+00  4.4559456000e+00  4.2567071490e+00  4.4576545460e+00
    7.3100000000e+00 -2.8078803400e-01 -5.3497725100e-01 -1.1237820440e+00  4.4534763910e+00  4.2439451300e+00  4.4365959870e+00
    7.3200000000e+00 -2.9033372200e-01 -5.3988114300e-01 -1.1398158940e+00  4.4510328040e+00  4.2315325090e+00  4.4150562940e+00
    7.3300000000e+00 -3.0062691100e-01 -5.4487520300e-01 -1.1555237840e+00  4.4485208080e+00  4.2194366390e+00  4.3930467870e+00
    7.3400000000e+00 -3.1164525900e-01 -5.4999540900e-01 -1.1708745920e+00  4.4458501400e+00  4.2076179040e+00  4.3705792900e+00
    7.3500000000e+00 -3.2335273100e-01 -5.5526639900e-01 -1.1858385650e+00  4.4429370810e+00  4.1960330000e+00  4.3476652310e+00
    7.3600000000e+00 -3.3570112500e-01 -5.6070165800e-01 -1.2003855550e+00  4.4397070490e+00  4.1846380300e+00  4.3243158700e+00
    7.3700000000e+00 -3.4863218000e-01 -5.6630440600e-01 -1.2144838140e+00  4.4360968670e+00  4.1733912730e+00  4.3005434570e+00
    7.3800000000e+00 -3.6208016600e-01 -5.7206907800e-01 -1.2280996950e+00  4.4320565620e+00  4.1622555680e+00  4.2763628860e+00
    7.3900000000e+00 -3.7597484600e-01 -5.7798333600e-01 -1.2411983840e+00  4.4275505880e+00  4.1512001800e+00  4.2517932510e+00
    7.4000000000e+00 -3.9024467200e-01 -5.8403047100e-01 -1.2537454040e+00  4.4225584160e+00  4.1402019930e+00  4.2268587810e+00
    7.4100000000e+00 -4.0482011900e-01 -5.9019198100e-01 -1.2657084240e+00  4.4170744880e+00  4.1292459390e+00  4.2015888170e+00
    7.4200000000e+00 -4.1963705700e-01 -5.9645006500e-01 -1.2770587750e+00  4.4111074780e+00  4.1183246340e+00  4.1760168630e+00
    7.4300000000e+00 -4.3464011800e-01 -6.0278977200e-01 -1.2877722100e+00  4.4046788050e+00  4.1074373240e+00  4.1501790290e+00
    7.4400000000e+00 -4.4978586400e-01 -6.0920065200e-01 -1.2978287210e+00  4.3978202750e+00  4.0965883300e+00  4.1241124060e+00
    7.4500000000e+00 -4.6504553900e-01 -6.1567779400e-01 -1.3072115410e+00  4.3905707560e+00  4.0857851980e+00  4.0978539140e+00
    7.4600000000e+00 -4.8040699200e-01 -6.2222228300e-01 -1.3159057390e+00  4.3829719020e+00  4.0750367710e+00  4.0714399840e+00
    7.4700000000e+00 -4.9587536600e-01 -6.2884112900e-01 -1.3238969410e+00  4.3750631140e+00  4.0643513480e+00  4.0449071590e+00
    7.4800000000e+00 -5.1147218800e-01 -6.3554679700e-01 -1.3311706580e+00  4.3668761940e+00  4.0537350300e+00  4.0182934010e+00
    7.4900000000e+00 -5.2723272500e-01 -6.4235644300e-01 -1.3377125140e+00  4.3584302930e+00  4.0431902800e+00  3.9916396730e+00
    7.5000000000e+00 -5.4320174800e-01 -6.4929093500e-01 -1.3435093810e+00  4.3497278160e+00  4.0327146590e+00  3.9649912600e+00
    7.5100000000e+00 -5.5942817600e-01 -6.5637361600e-01 -1.3485511480e+00  4.3407518040e+00  4.0222997050e+00  3.9383984320e+00
    7.5200000000e+00 -5.7595919900e-01 -6.6362875000e-01 -1.3528327120e+00  4.3314650760e+00  4.0119299730e+00  3.9119162220e+00
    7.5300000000e+00 -5.9283452000e-01 -6.7107956300e-01 -1.3563557400e+00  4.3218110620e+00  4.0015823950e+00  3.8856033770e+00
    7.5400000000e+00 -6.1008116600e-01 -6.7874591400e-01 -1.3591298780e+00  4.3117160700e+00  3.9912261830e+00  3.8595207250e+00
    7.5500000000e+00 -6.2770910000e-01 -6.8664177900e-01 -1.3611732900e+00  4.3010926120e+00  3.9808234940e+00  3.8337292900e+00
    7.5600000000e+00 -6.4570767500e-01 -6.9477286000e-01 -1.3625125580e+00  4.2898435560e+00  3.9703310050e+00  3.8082884740e+00
    7.5700000000e+00 -6.6404291200e-01 -7.0313469700e-01 -1.3631821200e+00  4.2778669630e+00  3.9597023470e+00  3.7832544750e+00
    7.5800000000e+00 -6.8265571300e-01 -7.1171161000e-01 -1.3632234120e+00  4.2650616320e+00  3.9488911930e+00  3.7586790640e+00
    7.5900000000e+00 -7.0146124500e-01 -7.2047667200e-01 -1.3626838620e+00  4.2513333210e+00  3.9378546910e+00  3.7346086910e+00
    7.6000000000e+00 -7.2034987700e-01 -7.2939280900e-01 -1.3616158730e+00  4.2366014800e+00  3.9265568620e+00  3.7110839230e+00
    7.6100000000e+00 -7.3919004400e-01 -7.3841498000e-01 -1.3600758740e+00  4.2208060430e+00  3.9149716480e+00  3.6881391620e+00
    7.6200000000e+00 -7.5783320800e-01 -7.4749336000e-01 -1.3581235600e+00  4.2039136220e+00  3.9030852490e+00  3.6658025640e+00
    7.6300000000e+00 -7.7612079700e-01 -7.5657730100e-01 -1.3558213970e+00  4.1859222970e+00  3.8908974120e+00  3.6440960230e+00
    7.6400000000e+00 -7.9389263200e-01 -7.6561977200e-01 -1.3532343670e+00  4.1668642850e+00  3.8784213630e+00  3.6230350210e+00
    7.6500000000e+00 -8.1099606200e-01 -7.7458175700e-01 -1.3504298350e+00  4.1468059810e+00  3.8656821490e+00  3.6026281520e+00
    7.6600000000e+00 -8.2729488400e-01 -7.8343598800e-01 -1.3474772350e+00  4.1258452110e+00  3.8527133910e+00  3.5828762200e+00
    7.6700000000e+00 -8.4267710700e-01 -7.9216937900e-01 -1.3444472600e+00  4.1041059000e+00  3.8395527160e+00  3.5637710280e+00
    7.6800000000e+00 -8.5706078900e-01 -8.0078364400e-01 -1.3414102980e+00  4.0817306660e+00  3.8262364580e+00  3.5452941810e+00
    7.6900000000e+00 -8.7039738700e-01 -8.0929390800e-01 -1.3384341090e+00  4.0588720760e+00  3.8127943750e+00  3.5274163720e+00
    7.7000000000e+00 -8.8267234600e-01 -8.1772543900e-01 -1.3355810090e+00  4.0356834250e+00  3.7992452150e+00  3.5100975860e+00
    7.7100000000e+00 -8.9390296200e-01 -8.2610898800e-01 -1.3329050910e+00  4.0123099610e+00  3.7855937550e+00  3.4932884680e+00
    7.7200000000e+00 -9.0413383500e-01 -8.3447541300e-01 -1.3304500610e+00  3.9888813690e+00  3.7718297380e+00  3.4769327480e+00
    7.7300000000e+00 -9.1343051400e-01 -8.4285036100e-01 -1.3282481570e+00  3.9655061900e+00  3.7579287650e+00  3.4609703300e+00
    7.7400000000e+00 -9.2187209500e-01 -8.5124967600e-01 -1.3263203350e+00  3.9422685960e+00  3.7438549050e+00  3.4453404580e+00
    7.7500000000e+00 -9.2954363700e-01 -8.5967604400e-01 -1.3246775750e+00  3.9192276150e+00  3.7295646190e+00  3.4299843620e+00
    7.7600000000e+00 -9.3652917300e-01 -8.6811714600e-01 -1.3233228870e+00  3.8964186140e+00  3.7150114350e+00  3.4148469820e+00
    7.7700000000e+00 -9.4290596600e-01 -8.7654541600e-01 -1.3222534830e+00  3.8738565780e+00  3.7001508680e+00  3.3998776330e+00
    7.7800000000e+00 -9.4874041600e-01 -8.8491932000e-01 -1.3214626450e+00  3.8515406010e+00  3.6849450650e+00  3.3850297650e+00
    7.7900000000e+00 -9.5408575500e-01 -8.9318599800e-01 -1.3209409570e+00  3.8294589010e+00  3.6693667750e+00  3.3702601520e+00
    7.8000000000e+00 -9.5898146600e-01 -9.0128496600e-01 -1.3206768520e+00  3.8075937580e+00  3.6534022470e+00  3.3555278970e+00
    7.8100000000e+00 -9.6345413800e-01 -9.0915251800e-01 -1.3206565500e+00  3.7859258500e+00  3.6370527910e+00  3.3407935890e+00
    7.8200000000e+00 -9.6751935900e-01 -9.1672634500e-01 -1.3208636440e+00  3.7644376280e+00  3.6203348010e+00  3.3260187650e+00
    7.8300000000e+00 -9.7118414600e-01 -9.2394983200e-01 -1.3212784800e+00  3.7431155790e+00  3.6032782500e+00  3.3111657050e+00
    7.8400000000e+00 -9.7444945600e-01 -9.3077547000e-01 -1.3218774550e+00  3.7219514120e+00  3.5859238240e+00  3.2961975280e+00
    7.8500000000e+00 -9.7731240600e-01 -9.3716691700e-01 -1.3226322460e+00  3.7009423980e+00  3.5683191500e+00  3.2810785750e+00
    7.8600000000e+00 -9.7976800600e-01 -9.4309943600e-01 -1.3235089770e+00  3.6800911860e+00  3.5505147130e+00  3.2657751650e+00
    7.8700000000e+00 -9.8181038500e-01 -9.4855873400e-01 -1.3244674550e+00  3.6594054410e+00  3.5325602050e+00  3.2502568720e+00
    7.8800000000e+00 -9.8343367500e-01 -9.5353857500e-01 -1.3254607400e+00  3.6388975540e+00  3.5145019230e+00  3.2344984200e+00
    7.8900000000e+00 -9.8463279300e-01 -9.5803779700e-01 -1.3264354480e+00  3.6185845360e+00  3.4963816500e+00  3.2184821150e+00
    7.9000000000e+00 -9.8540435100e-01 -9.6205749300e-01 -1.3273331240e+00  3.5984880410e+00  3.4782370560e+00  3.2022004900e+00
    7.9100000000e+00 -9.8574785800e-01 -9.6559902800e-01 -1.3280928890e+00  3.5786342890e+00  3.4601033100e+00  3.1856586100e+00
    7.9200000000e+00 -9.8566718200e-01 -9.6866332400e-01 -1.3286552080e+00  3.5590536690e+00  3.4420153000e+00  3.1688753880e+00
    7.9300000000e+00 -9.8517210700e-01 -9.7125148300e-01 -1.3289662730e+00  3.5397797530e+00  3.4240097790e+00  3.1518833570e+00
    7.9400000000e+00 -9.8427965600e-01 -9.7336646700e-01 -1.3289822650e+00  3.5208476570e+00  3.4061268190e+00  3.1347266530e+00
    7.9500000000e+00 -9.8301486800e-01 -9.7501536900e-01 -1.3286726390e+00  3.5022918200e+00  3.3884102060e+00  3.1174573710e+00
    7.9600000000e+00 -9.8141072400e-01 -9.7621169400e-01 -1.3280217740e+00  3.4841434640e+00  3.3709067030e+00  3.1001308520e+00
    7.9700000000e+00 -9.7950713700e-01 -9.7697717200e-01 -1.3270286860e+00  3.4664281380e+00  3.3536643440e+00  3.0828007510e+00
    7.9800000000e+00 -9.7734905800e-01 -9.7734281200e-01 -1.3257049160e+00  3.4491637110e+00  3.3367300980e+00  3.0655147300e+00
    7.9900000000e+00 -9.7498397000e-01 -9.7734906400e-01 -1.3240711190e+00  3.4323591930e+00  3.3201472910e+00  3.0483114820e+00
    8.0000000000e+00 -9.7245912800e-01 -9.7704515700e-01 -1.3221530950e+00  3.4160145330e+00  3.3039530950e+00  3.0312194110e+00
    8.0100000000e+00 -9.6981898000e-01 -9.7648773200e-01 -1.3199780440e+00  3.4001214240e+00  3.2881763400e+00  3.0142569100e+00
    8.0200000000e+00 -9.6710313300e-01 -9.7573895500e-01 -1.3175716430e+00  3.3846649510e+00  3.2728357970e+00  2.9974338590e+00
    8.0300000000e+00 -9.6434514700e-01 -9.7486428900e-01 -1.3149562700e+00  3.3696257520e+00  3.2579390040e+00  2.9807537260e+00
    8.0400000000e+00 -9.6157224500e-01 -9.7393006500e-01 -1.3121503450e+00  3.3549823350e+00  3.2434816690e+00  2.9642156550e+00
    8.0500000000e+00 -9.5880589600e-01 -9.7300101600e-01 -1.3091684630e+00  3.3407131590e+00  3.2294476590e+00  2.9478160710e+00
    8.0600000000e+00 -9.5606304600e-01 -9.7213787800e-01 -1.3060218250e+00  3.3267981780e+00  3.2158095320e+00  2.9315495820e+00
    8.0700000000e+00 -9.5335771000e-01 -9.7139519600e-01 -1.3027184880e+00  3.3132196890e+00  3.2025296000e+00  2.9154093220e+00
    8.0800000000e+00 -9.5070260400e-01 -9.7081944300e-01 -1.2992631350e+00  3.2999624370e+00  3.1895614460e+00  2.8993870710e+00
    8.0900000000e+00 -9.4811053700e-01 -9.7044756800e-01 -1.2956563650e+00  3.2870130920e+00  3.1768518210e+00  2.8834736550e+00
    8.1000000000e+00 -9.4559536200e-01 -9.7030606600e-01 -1.2918938160e+00  3.2743592580e+00  3.1643427580e+00  2.8676599580e+00
    8.1100000000e+00 -9.4317239100e-01 -9.7041060600e-01 -1.2879656020e+00  3.2619882670e+00  3.1519737540e+00  2.8519386640e+00
    8.1200000000e+00 -9.4085825900e-01 -9.7076614300e-01 -1.2838565230e+00  3.2498859740e+00  3.1396838070e+00  2.8363065140e+00
    8.1300000000e+00 -9.3867034300e-01 -9.7136741600e-01 -1.2795473320e+00  3.2380357640e+00  3.1274132150e+00  2.8207665890e+00
    8.1400000000e+00 -9.3662587000e-01 -9.7219964600e-01 -1.2750170200e+00  3.2264178760e+00  3.1151050820e+00  2.8053300930e+00
    8.1500000000e+00 -9.3474088600e-01 -9.7323932600e-01 -1.2702458000e+00  3.2150091030e+00  3.1027065950e+00  2.7900171600e+00
    8.1600000000e+00 -9.3302923100e-01 -9.7445506800e-01 -1.2652182880e+00  3.2037828260e+00  3.0901701670e+00  2.7748564800e+00
    8.1700000000e+00 -9.3150158200e-01 -9.7580851600e-01 -1.2599263790e+00  3.1927092910e+00  3.0774544970e+00  2.7598837880e+00
    8.1800000000e+00 -9.3016457600e-01 -9.7725542300e-01 -1.2543714260e+00  3.1817560700e+00  3.0645255750e+00  2.7451394850e+00
    8.1900000000e+00 -9.2901997400e-01 -9.7874691200e-01 -1.2485655320e+00  3.1708886910e+00  3.0513575620e+00  2.7306657370e+00
    8.2000000000e+00 -9.2806384700e-01 -9.8023093600e-01 -1.2425319210e+00  3.1600715010e+00  3.0379334640e+00  2.7165034200e+00
    8.2100000000e+00 -9.2728587300e-01 -9.8165388100e-01 -1.2363045020e+00  3.1492688620e+00  3.0242455460e+00  2.7026891290e+00
    8.2200000000e+00 -9.2666892400e-01 -9.8296226200e-01 -1.2299267280e+00  3.1384467250e+00  3.0102954460e+00  2.6892524370e+00
    8.2300000000e+00 -9.2618916100e-01 -9.8410446800e-01 -1.2234498600e+00  3.1275744740e+00  2.9960939640e+00  2.6762134630e+00
    8.2400000000e+00 -9.2581681800e-01 -9.8503249700e-01 -1.2169306700e+00  3.1166268300e+00  2.9816604770e+00  2.6635808210e+00
    8.2500000000e+00 -9.2551767100e-01 -9.8570360000e-01 -1.2104286050e+00  3.1055854690e+00  2.9670219480e+00  2.6513500700e+00
    8.2600000000e+00 -9.2525505700e-01 -9.8608169200e-01 -1.2040024370e+00  3.0944400810e+00  2.9522114700e+00  2.6395028230e+00
    8.2700000000e+00 -9.2499215000e-01 -9.8613832200e-01 -1.1977065440e+00  3.0831886770e+00  2.9372664210e+00  2.6280067650e+00
    8.2800000000e+00 -9.2469418100e-01 -9.8585302600e-01 -1.1915870600e+00  3.0718371130e+00  2.9222263810e+00  2.6168167770e+00
    8.2900000000e+00 -9.2433032400e-01 -9.8521299000e-01 -1.1856783260e+00  3.0603979420e+00  2.9071310930e+00  2.6058773210e+00
    8.3000000000e+00 -9.2387503900e-01 -9.8421206500e-01 -1.1800001190e+00  3.0488887680e+00  2.8920187550e+00  2.5951259810e+00
    8.3100000000e+00 -9.2330874700e-01 -9.8284936900e-01 -1.1745561670e+00  3.0373303510e+00  2.8769248860e+00  2.5844978790e+00
    8.3200000000e+00 -9.2261783900e-01 -9.8112776700e-01 -1.1693342260e+00  3.0257447240e+00  2.8618818610e+00  2.5739303780e+00
    8.3300000000e+00 -9.2179405900e-01 -9.7905253000e-01 -1.1643077780e+00  3.0141535480e+00  2.8469190380e+00  2.5633674190e+00
    8.3400000000e+00 -9.2083344700e-01 -9.7663038500e-01 -1.1594390000e+00  3.0025769290e+00  2.8320632840e+00  2.5527628670e+00
    8.3500000000e+00 -9.1973506600e-01 -9.7386901500e-01 -1.1546824740e+00  2.9910327920e+00  2.8173396420e+00  2.5420824740e+00
    8.3600000000e+00 -9.1849974600e-01 -9.7077694100e-01 -1.1499889500e+00  2.9795368130e+00  2.8027719240e+00  2.5313043850e+00
    8.3700000000e+00 -9.1712908000e-01 -9.6736363800e-01 -1.1453086040e+00  2.9681028330e+00  2.7883830930e+00  2.5204184400e+00
    8.3800000000e+00 -9.1562478500e-01 -9.6363970700e-01 -1.1405934470e+00  2.9567435570e+00  2.7741954480e+00  2.5094247340e+00
    8.3900000000e+00 -9.1398849200e-01 -9.5961701200e-01 -1.1357988130e+00  2.9454713730e+00  2.7602306660e+00  2.4983319140e+00
    8.4000000000e+00 -9.1222192800e-01 -9.5530877700e-01 -1.1308841200e+00  2.9342991320e+00  2.7465098220e+00  2.4871556390e+00
    8.4100000000e+00 -9.1032744800e-01 -9.5072968500e-01 -1.1258131810e+00  2.9232407570e+00  2.7330534100e+00  2.4759174010e+00
    8.4200000000e+00 -9.0830884300e-01 -9.4589606200e-01 -1.1205543960e+00  2.9123115830e+00  2.7198813550e+00  2.4646437370e+00
    8.4300000000e+00 -9.0617233800e-01 -9.4082614900e-01 -1.1150810430e+00  2.9015283380e+00  2.7070129160e+00  2.4533656950e+00
    8.4400000000e+00 -9.0392764900e-01 -9.3554039800e-01 -1.1093717590e+00  2.8909086550e+00  2.6944663970e+00  2.4421183650e+00
    8.4500000000e+00 -9.0158891300e-01 -9.3006165800e-01 -1.1034111940e+00  2.8804700840e+00  2.6822586590e+00  2.4309402940e+00
    8.4600000000e+00 -8.9917526000e-01 -9.2441512400e-01 -1.0971907220e+00  2.8702286290e+00  2.6704045070e+00  2.4198726490e+00
    8.4700000000e+00 -8.9671080400e-01 -9.1862801000e-01 -1.0907090680e+00  2.8601969410e+00  2.6589160980e+00  2.4089580980e+00
    8.4800000000e+00 -8.9422389400e-01 -9.1272899300e-01 -1.0839727090e+00  2.8503824530e+00  2.6478025480e+00  2.3982394220e+00
    8.4900000000e+00 -8.9174558500e-01 -9.0674757900e-01 -1.0769959210e+00  2.8407857510e+00  2.6370698240e+00  2.3877579620e+00
    8.5000000000e+00 -8.8930746400e-01 -9.0071357800e-01 -1.0698004350e+00  2.8313995600e+00  2.6267209130e+00  2.3775520260e+00
    8.5100000000e+00 -8.8693912400e-01 -8.9465684200e-01 -1.0624146680e+00  2.8222085740e+00  2.6167561370e+00  2.3676553870e+00
    8.5200000000e+00 -8.8466564900e-01 -8.8860729400e-01 -1.0548726100e+00  2.8131902420e+00  2.6071734320e+00  2.3580960240e+00
    8.5300000000e+00 -8.8250551900e-01 -8.8259518800e-01 -1.0472124370e+00  2.8043164240e+00  2.5979683720e+00  2.3488951830e+00
    8.5400000000e+00 -8.8046922900e-01 -8.7665139700e-01 -1.0394749910e+00  2.7955556900e+00  2.5891338490e+00  2.3400668110e+00
    8.5500000000e+00 -8.7855879600e-01 -8.7080751800e-01 -1.0317022270e+00  2.7868759140e+00  2.5806593800e+00  2.3316173510e+00
    8.5600000000e+00 -8.7676817200e-01 -8.6509557700e-01 -1.0239357140e+00  2.7782468250e+00  2.5725301690e+00  2.3235458640e+00
    8.5700000000e+00 -8.7508445900e-01 -8.5954719600e-01 -1.0162152240e+00  2.7696421870e+00  2.5647261200e+00  2.3158444200e+00
    8.5800000000e+00 -8.7348971700e-01 -8.5419217900e-01 -1.0085774280e+00  2.7610413630e+00  2.5572210860e+00  2.3084987410e+00
    8.5900000000e+00 -8.7196306200e-01 -8.4905661400e-01 -1.0010547260e+00  2.7524301250e+00  2.5499826180e+00  2.3014890920e+00
    8.6000000000e+00 -8.7048276600e-01 -8.4416069700e-01 -9.9367423600e-01  2.7438006860e+00  2.5429724710e+00  2.2947914570e+00
    8.6100000000e+00 -8.6902804300e-01 -8.3951660900e-01 -9.8645709200e-01  2.7351510700e+00  2.5361479960e+00  2.2883790120e+00
    8.6200000000e+00 -8.6758035200e-01 -8.3512682500e-01 -9.7941816700e-01  2.7264840520e+00  2.5294644190e+00  2.2822238160e+00
    8.6300000000e+00 -8.6612414800e-01 -8.3098324000e-01 -9.7256638900e-01  2.7178059460e+00  2.5228778320e+00  2.2762985750e+00
    8.6400000000e+00 -8.6464716800e-01 -8.2706739100e-01 -9.6590568100e-01  2.7091254610e+00  2.5163485560e+00  2.2705782010e+00
    8.6500000000e+00 -8.6314043500e-01 -8.2335192800e-01 -9.5943642300e-01  2.7004527810e+00  2.5098444300e+00  2.2650408800e+00
    8.6600000000e+00 -8.6159815300e-01 -8.1980327000e-01 -9.5315718100e-01  2.6917988360e+00  2.5033435410e+00  2.2596684370e+00
    8.6700000000e+00 -8.6001760400e-01 -8.1638521000e-01 -9.4706633700e-01  2.6831747050e+00  2.4968359450e+00  2.2544459240e+00
    8.6800000000e+00 -8.5839905500e-01 -8.1306304900e-01 -9.4116327900e-01  2.6745909880e+00  2.4903240460e+00  2.2493605860e+00
    8.6900000000e+00 -8.5674556800e-01 -8.0980775500e-01 -9.3544891700e-01  2.6660570920e+00  2.4838214730e+00  2.2444004880e+00
    8.7000000000e+00 -8.5506257700e-01 -8.0659955500e-01 -9.2992548200e-01  2.6575804570e+00  2.4773504930e+00  2.2395531660e+00
    8.7100000000e+00 -8.5335712500e-01 -8.0343043800e-01 -9.2459575100e-01  2.6491658570e+00  2.4709382340e+00  2.2348046170e+00
    8.7200000000e+00 -8.5163677400e-01 -8.0030515700e-01 -9.1946193500e-01  2.6408150040e+00  2.4646121840e+00  2.2301388030e+00
    8.7300000000e+00 -8.4990835300e-01 -7.9724053300e-01 -9.1452450700e-01  2.6325266360e+00  2.4583955930e+00  2.2255377120e+00
    8.7400000000e+00 -8.4817680500e-01 -7.9426313800e-01 -9.0978118300e-01  2.6242971710e+00  2.4523034280e+00  2.2209819090e+00
    8.7500000000e+00 -8.4644441900e-01 -7.9140569200e-01 -9.0522619600e-01  2.6161218290e+00  2.4463394730e+00  2.2164514460e+00
    8.7600000000e+00 -8.4471063800e-01 -7.8870272900e-01 -9.0084996700e-01  2.6079960050e+00  2.4404949570e+00  2.2119269890e+00
    8.7700000000e+00 -8.4297250500e-01 -7.8618618200e-01 -8.9663918200e-01  2.5999165720e+00  2.4347488250e+00  2.2073910220e+00
    8.7800000000e+00 -8.4122562800e-01 -7.8388150100e-01 -8.9257730500e-01  2.5918828490e+00  2.4290695030e+00  2.2028289920e+00
    8.7900000000e+00 -8.3946543600e-01 -7.8180477700e-01 -8.8864546400e-01  2.5838970360e+00  2.4234177800e+00  2.1982302390e+00
    8.8000000000e+00 -8.3768847000e-01 -7.7996114400e-01 -8.8482365300e-01  2.5759640970e+00  2.4177503010e+00  2.1935885960e+00
    8.8100000000e+00 -8.3589347300e-01 -7.7834449500e-01 -8.8109207400e-01  2.5680911550e+00  2.4120231500e+00  2.1889025520e+00
    8.8200000000e+00 -8.3408216000e-01 -7.7693833500e-01 -8.7743249700e-01  2.5602865690e+00  2.4061950530e+00  2.1841749470e+00
    8.8300000000e+00 -8.3225959500e-01 -7.7571748400e-01 -8.7382944900e-01  2.5525588370e+00  2.4002298700e+00  2.1794122230e+00
    8.8400000000e+00 -8.3043421800e-01 -7.7465023500e-01 -8.7027107900e-01  2.5449154630e+00  2.3940982190e+00  2.1746232950e+00
    8.8500000000e+00 -8.2861751700e-01 -7.7370058400e-01 -8.6674958600e-01  2.5373618790e+00  2.3877782510e+00  2.1698181810e+00
    8.8600000000e+00 -8.2682341700e-01 -7.7283024600e-01 -8.6326110900e-01  2.5299005080e+00  2.3812557270e+00  2.1650065690e+00
    8.8700000000e+00 -8.2506740200e-01 -7.7200029300e-01 -8.5980509700e-01  2.5225300230e+00  2.3745236620e+00  2.1601965290e+00
    8.8800000000e+00 -8.2336546300e-01 -7.7117241100e-01 -8.5638322800e-01  2.5152448910e+00  2.3675817650e+00  2.1553935920e+00
    8.8900000000e+00 -8.2173295200e-01 -7.7030986500e-01 -8.5299809300e-01  2.5080352250e+00  2.3604358510e+00  2.1506003510e+00
    8.9000000000e+00 -8.2018345800e-01 -7.6937833000e-01 -8.4965187400e-01  2.5008869380e+00  2.3530972800e+00  2.1458166440e+00
    8.9100000000e+00 -8.1872774900e-01 -7.6834666700e-01 -8.4634528700e-01  2.4937821480e+00  2.3455823560e+00  2.1410402300e+00
    8.9200000000e+00 -8.1737283000e-01 -7.6718766700e-01 -8.4307692900e-01  2.4866998110e+00  2.3379116220e+00  2.1362677900e+00
    8.9300000000e+00 -8.1612109600e-01 -7.6587869200e-01 -8.3984311400e-01  2.4796165490e+00  2.3301089810e+00  2.1314960370e+00
    8.9400000000e+00 -8.1496963600e-01 -7.6440212100e-01 -8.3663814200e-01  2.4725077180e+00  2.3222006490e+00  2.1267227420e+00
    8.9500000000e+00 -8.1390976300e-01 -7.6274551700e-01 -8.3345492400e-01  2.4653487250e+00  2.3142140220e+00  2.1219475530e+00
    8.9600000000e+00 -8.1292691800e-01 -7.6090149100e-01 -8.3028585600e-01  2.4581165730e+00  2.3061765600e+00  2.1171725110e+00
    8.9700000000e+00 -8.1200106100e-01 -7.5886729900e-01 -8.2712384000e-01  2.4507914830e+00  2.2981147980e+00  2.1124022090e+00
    8.9800000000e+00 -8.1110762800e-01 -7.5664424000e-01 -8.2396333300e-01  2.4433583890e+00  2.2900535460e+00  2.1076435470e+00
    8.9900000000e+00 -8.1021896700e-01 -7.5423693800e-01 -8.2080127200e-01  2.4358080720e+00  2.2820153170e+00  2.1029050600e+00
    9.0000000000e+00 -8.0930609500e-01 -7.5165259800e-01 -8.1763770000e-01  2.4281377340e+00  2.2740199780e+00  2.0981958770e+00
    9.0100000000e+00 -8.0834049500e-01 -7.4890029300e-01 -8.1447591600e-01  2.4203509370e+00  2.2660845960e+00  2.0935244290e+00
    9.0200000000e+00 -8.0729571500e-01 -7.4599033400e-01 -8.1132207300e-01  2.4124569690e+00  2.2582233980e+00  2.0888971380e+00
    9.0300000000e+00 -8.0614856100e-01 -7.4293371500e-01 -8.0818420400e-01  2.4044697860e+00  2.2504478050e+00  2.0843173400e+00
    9.0400000000e+00 -8.0487980800e-01 -7.3974157800e-01 -8.0507085100e-01  2.3964067530e+00  2.2427664650e+00  2.0797846850e+00
    9.0500000000e+00 -8.0347444500e-01 -7.3642462100e-01 -8.0198950500e-01  2.3882873760e+00  2.2351853190e+00  2.0752951700e+00
    9.0600000000e+00 -8.0192152100e-01 -7.3299239800e-01 -7.9894518800e-01  2.3801321840e+00  2.2277077800e+00  2.0708418240e+00
    9.0700000000e+00 -8.0021371800e-01 -7.2945253600e-01 -7.9593942100e-01  2.3719618390e+00  2.2203351700e+00  2.0664159250e+00
    9.0800000000e+00 -7.9834674400e-01 -7.2581001600e-01 -7.9296978500e-01  2.3637965570e+00  2.2130675240e+00  2.0620085530e+00
    9.0900000000e+00 -7.9631867200e-01 -7.2206676400e-01 -7.9003014800e-01  2.3556558350e+00  2.2059047680e+00  2.0576121650e+00
    9.1000000000e+00 -7.9412935300e-01 -7.1822174700e-01 -7.8711150400e-01  2.3475584900e+00  2.1988481040e+00  2.0532219430e+00
    9.1100000000e+00 -7.9178000600e-01 -7.1427170100e-01 -7.8420327300e-01  2.3395229680e+00  2.1919013430e+00  2.0488366560e+00
    9.1200000000e+00 -7.8927311600e-01 -7.1021242100e-01 -7.8129479600e-01  2.3315678090e+00  2.1850718420e+00  2.0444589190e+00
    9.1300000000e+00 -7.8661269800e-01 -7.0604037100e-01 -7.7837676700e-01  2.3237121090e+00  2.1783708220e+00  2.0400948060e+00
    9.1400000000e+00 -7.8380490500e-01 -7.0175427300e-01 -7.7544231200e-01  2.3159758220e+00  2.1718129830e+00  2.0357529310e+00
    9.1500000000e+00 -7.8085890400e-01 -6.9735637900e-01 -7.7248752800e-01  2.3083796950e+00  2.1654155110e+00  2.0314432150e+00
    9.1600000000e+00 -7.7778783000e-01 -6.9285320200e-01 -7.6951139900e-01  2.3009447180e+00  2.1591967400e+00  2.0271756130e+00
    9.1700000000e+00 -7.7460956500e-01 -6.8825567000e-01 -7.6651515500e-01  2.2936910680e+00  2.1531747220e+00  2.0229591250e+00
    9.1800000000e+00 -7.7134712600e-01 -6.8357877400e-01 -7.6350128000e-01  2.2866366100e+00  2.1473659810e+00  2.0188012960e+00
    9.1900000000e+00 -7.6802844700e-01 -6.7884090200e-01 -7.6047247800e-01  2.2797951680e+00  2.1417845720e+00  2.0147083520e+00
    9.2000000000e+00 -7.6468549200e-01 -6.7406303100e-01 -7.5743092200e-01  2.2731748330e+00  2.1364415130e+00  2.0106858850e+00
    9.2100000000e+00 -7.6135274600e-01 -6.6926796700e-01 -7.5437805600e-01  2.2667765850e+00  2.1313445160e+00  2.0067398680e+00
    9.2200000000e+00 -7.5806525200e-01 -6.6447970300e-01 -7.5131506200e-01  2.2605934280e+00  2.1264979190e+00  2.0028776670e+00
    9.2300000000e+00 -7.5485640100e-01 -6.5972293900e-01 -7.4824390800e-01  2.2546101950e+00  2.1219026990e+00  1.9991086650e+00
    9.2400000000e+00 -7.5175571500e-01 -6.5502271600e-01 -7.4516869200e-01  2.2488040250e+00  2.1175564450e+00  1.9954442470e+00
    9.2500000000e+00 -7.4878684300e-01 -6.5040406700e-01 -7.4209692300e-01  2.2431454840e+00  2.1134532700e+00  1.9918970440e+00
    9.2600000000e+00 -7.4596592300e-01 -6.4589161300e-01 -7.3904032900e-01  2.2376002370e+00  2.1095836360e+00  1.9884795800e+00
    9.2700000000e+00 -7.4330048900e-01 -6.4150902400e-01 -7.3601499000e-01  2.2321311320e+00  2.1059341680e+00  1.9852026340e+00
    9.2800000000e+00 -7.4078899400e-01 -6.3727829600e-01 -7.3304073600e-01  2.2267005070e+00  2.1024875360e+00  1.9820736880e+00
    9.2900000000e+00 -7.3842099700e-01 -6.3321888400e-01 -7.3013999800e-01  2.2212725280e+00  2.0992224990e+00  1.9790957980e+00
    9.3000000000e+00 -7.3617794200e-01 -6.2934670800e-01 -7.2733639300e-01  2.2158153680e+00  2.0961142130e+00  1.9762670340e+00
    9.3100000000e+00 -7.3403447800e-01 -6.2567318100e-01 -7.2465335900e-01  2.2103030890e+00  2.0931348750e+00  1.9735804880e+00
    9.3200000000e+00 -7.3196017200e-01 -6.2220435600e-01 -7.2211305500e-01  2.2047171390e+00  2.0902547140e+00  1.9710246670e+00
    9.3300000000e+00 -7.2992158200e-01 -6.1894037200e-01 -7.1973559900e-01  2.1990473840e+00  2.0874432770e+00  1.9685840490e+00
    9.3400000000e+00 -7.2788456700e-01 -6.1587528700e-01 -7.1753858100e-01  2.1932926120e+00  2.0846709220e+00  1.9662395960e+00
    9.3500000000e+00 -7.2581674800e-01 -6.1299740000e-01 -7.1553667000e-01  2.1874603740e+00  2.0819103300e+00  1.9639691080e+00
    9.3600000000e+00 -7.2368990400e-01 -6.1029000500e-01 -7.1374113600e-01  2.1815660900e+00  2.0791378670e+00  1.9617474770e+00
    9.3700000000e+00 -7.2148204300e-01 -6.0773253100e-01 -7.1215917700e-01  2.1756313990e+00  2.0763346490e+00  1.9595469810e+00
    9.3800000000e+00 -7.1917885200e-01 -6.0530188000e-01 -7.1079306400e-01  2.1696818730e+00  2.0734871970e+00  1.9573378280e+00
    9.3900000000e+00 -7.1677428300e-01 -6.0297383000e-01 -7.0963927600e-01  2.1637443540e+00  2.0705876820e+00  1.9550891230e+00
    9.4000000000e+00 -7.1427020600e-01 -6.0072433600e-01 -7.0868786500e-01  2.1578442740e+00  2.0676338000e+00  1.9527703000e+00
    9.4100000000e+00 -7.1167515700e-01 -5.9853068100e-01 -7.0792233600e-01  2.1520033000e+00  2.0646284060e+00  1.9503529030e+00
    9.4200000000e+00 -7.0900241700e-01 -5.9637245400e-01 -7.0732018300e-01  2.1462375980e+00  2.0615789850e+00  1.9478124490e+00
    9.4300000000e+00 -7.0626766100e-01 -5.9423241800e-01 -7.0685411800e-01  2.1405569010e+00  2.0584970260e+00  1.9451300730e+00
    9.4400000000e+00 -7.0348648400e-01 -5.9209732800e-01 -7.0649381200e-01  2.1349644280e+00  2.0553972520e+00  1.9422936470e+00
    9.4500000000e+00 -7.0067209200e-01 -5.8995865900e-01 -7.0620787200e-01  2.1294576840e+00  2.0522966610e+00  1.9392982340e+00
    9.4600000000e+00 -6.9783343300e-01 -5.8781318400e-01 -7.0596576700e-01  2.1240300070e+00  2.0492132840e+00  1.9361458840e+00
    9.4700000000e+00 -6.9497404100e-01 -5.8566323500e-01 -7.0573946000e-01  2.1186727230e+00  2.0461646740e+00  1.9328449080e+00
    9.4800000000e+00 -6.9209178200e-01 -5.8351647800e-01 -7.0550466600e-01  2.1133775860e+00  2.0431662310e+00  1.9294088470e+00
    9.4900000000e+00 -6.8917961500e-01 -5.8138512100e-01 -7.0524174700e-01  2.1081391450e+00  2.0402295370e+00  1.9258553040e+00
    9.5000000000e+00 -6.8622725200e-01 -5.7928451400e-01 -7.0493634100e-01  2.1029566000e+00  2.0373609540e+00  1.9222047370e+00
    9.5100000000e+00 -6.8322343600e-01 -5.7723126100e-01 -7.0457979400e-01  2.0978347890e+00  2.0345607100e+00  1.9184791800e+00
    9.5200000000e+00 -6.8015840000e-01 -5.7524101700e-01 -7.0416937900e-01  2.0927841340e+00  2.0318226670e+00  1.9147008710e+00
    9.5300000000e+00 -6.7702603000e-01 -5.7332623600e-01 -7.0370823000e-01  2.0878195750e+00  2.0291348800e+00  1.9108907430e+00
    9.5400000000e+00 -6.7382533100e-01 -5.7149415600e-01 -7.0320486100e-01  2.0829587600e+00  2.0264809620e+00  1.9070668610e+00
    9.5500000000e+00 -6.7056099400e-01 -5.6974532400e-01 -7.0267219600e-01  2.0782198790e+00  2.0238421520e+00  1.9032429480e+00
    9.5600000000e+00 -6.6724305900e-01 -5.6807292200e-01 -7.0212613200e-01  2.0736195730e+00  2.0211998820e+00  1.8994272070e+00
    9.5700000000e+00 -6.6388583100e-01 -5.6646307000e-01 -7.0158373400e-01  2.0691712570e+00  2.0185385040e+00  1.8956216070e+00
    9.5800000000e+00 -6.6050635200e-01 -5.6489612400e-01 -7.0106123900e-01  2.0648840610e+00  2.0158478100e+00  1.8918217520e+00
    9.5900000000e+00 -6.5712269900e-01 -5.6334884900e-01 -7.0057206200e-01  2.0607624790e+00  2.0131249550e+00  1.8880173700e+00
    9.6000000000e+00 -6.5375240400e-01 -5.6179718600e-01 -7.0012498400e-01  2.0568066500e+00  2.0103754950e+00  1.8841934270e+00
    9.6100000000e+00 -6.5041119300e-01 -5.6021923200e-01 -6.9972272200e-01  2.0530131660e+00  2.0076133780e+00  1.8803317900e+00
    9.6200000000e+00 -6.4711219400e-01 -5.5859805400e-01 -6.9936105800e-01  2.0493762180e+00  2.0048598800e+00  1.8764133460e+00
    9.6300000000e+00 -6.4386569400e-01 -5.5692396500e-01 -6.9902870300e-01  2.0458888570e+00  2.0021416440e+00  1.8724203820e+00
    9.6400000000e+00 -6.4067940400e-01 -5.5519600000e-01 -6.9870799400e-01  2.0425441500e+00  1.9994880510e+00  1.8683389500e+00
    9.6500000000e+00 -6.3755914600e-01 -5.5342242600e-01 -6.9837640000e-01  2.0393360440e+00  1.9969282520e+00  1.8641609030e+00
    9.6600000000e+00 -6.3450977400e-01 -5.5162021900e-01 -6.9800867100e-01  2.0362597790e+00  1.9944882070e+00  1.8598852850e+00
    9.6700000000e+00 -6.3153609100e-01 -5.4981359300e-01 -6.9757934000e-01  2.0333118430e+00  1.9921880820e+00  1.8555188850e+00
    9.6800000000e+00 -6.2864358300e-01 -5.4803175500e-01 -6.9706521900e-01  2.0304895220e+00  1.9900403010e+00  1.8510758850e+00
    9.6900000000e+00 -6.2583880500e-01 -5.4630617300e-01 -6.9644756600e-01  2.0277902060e+00  1.9880484890e+00  1.8465767050e+00
    9.7000000000e+00 -6.2312938800e-01 -5.4466769900e-01 -6.9571367200e-01  2.0252106480e+00  1.9862073750e+00  1.8420462530e+00
    9.7100000000e+00 -6.2052370900e-01 -5.4314387700e-01 -6.9485773900e-01  2.0227463390e+00  1.9845036610e+00  1.8375118510e+00
    9.7200000000e+00 -6.1803034700e-01 -5.4175674900e-01 -6.9388103700e-01  2.0203911270e+00  1.9829177020e+00  1.8330011160e+00
    9.7300000000e+00 -6.1565746500e-01 -5.4052140500e-01 -6.9279140300e-01  2.0181371220e+00  1.9814257660e+00  1.8285400220e+00
    9.7400000000e+00 -6.1341224800e-01 -5.3944540200e-01 -6.9160226100e-01  2.0159748560e+00  1.9800025940e+00  1.8241513510e+00
    9.7500000000e+00 -6.1130050200e-01 -5.3852912100e-01 -6.9033132500e-01  2.0138936240e+00  1.9786239200e+00  1.8198536100e+00
    9.7600000000e+00 -6.0932645400e-01 -5.3776696000e-01 -6.8899922100e-01  2.0118819020e+00  1.9772686150e+00  1.8156604510e+00
    9.7700000000e+00 -6.0749274000e-01 -5.3714917400e-01 -6.8762819200e-01  2.0099277160e+00  1.9759201580e+00  1.8115804980e+00
    9.7800000000e+00 -6.0580052600e-01 -5.3666400300e-01 -6.8624099000e-01  2.0080188820e+00  1.9745672530e+00  1.8076174710e+00
    9.7900000000e+00 -6.0424961800e-01 -5.3629972900e-01 -6.8485998400e-01  2.0061430510e+00  1.9732035560e+00  1.8037704270e+00
    9.8000000000e+00 -6.0283843500e-01 -5.3604628500e-01 -6.8350639300e-01  2.0042876200e+00  1.9718266850e+00  1.8000340330e+00
    9.8100000000e+00 -6.0156374800e-01 -5.3589619200e-01 -6.8219954900e-01  2.0024396190e+00  1.9704368070e+00  1.7963988430e+00
    9.8200000000e+00 -6.0042014900e-01 -5.3584477900e-01 -6.8095609500e-01  2.0005857700e+00  1.9690351740e+00  1.7928516360e+00
    9.8300000000e+00 -5.9939941400e-01 -5.3588982200e-01 -6.7978914000e-01  1.9987129120e+00  1.9676229040e+00  1.7893759550e+00
    9.8400000000e+00 -5.9848993900e-01 -5.3603084900e-01 -6.7870742700e-01  1.9968088550e+00  1.9662001980e+00  1.7859529270e+00
    9.8500000000e+00 -5.9767654600e-01 -5.3626836200e-01 -6.7771470200e-01  1.9948636280e+00  1.9647659690e+00  1.7825623990e+00
    9.8600000000e+00 -5.9694083200e-01 -5.3660317000e-01 -6.7680942600e-01  1.9928709200e+00  1.9633178030e+00  1.7791843280e+00
    9.8700000000e+00 -5.9626214500e-01 -5.3703586000e-01 -6.7598493600e-01  1.9908294370e+00  1.9618520640e+00  1.7758002730e+00
    9.8800000000e+00 -5.9561911300e-01 -5.3756638500e-01 -6.7523010500e-01  1.9887438980e+00  1.9603640710e+00  1.7723948050e+00
    9.8900000000e+00 -5.9499155500e-01 -5.3819366900e-01 -6.7453044200e-01  1.9866254850e+00  1.9588483040e+00  1.7689566500e+00
    9.9000000000e+00 -5.9436255300e-01 -5.3891521200e-01 -6.7386950200e-01  1.9844916180e+00  1.9572987270e+00  1.7654794060e+00
    9.9100000000e+00 -5.9372043700e-01 -5.3972671500e-01 -6.7323042700e-01  1.9823650260e+00  1.9557092850e+00  1.7619617500e+00
    9.9200000000e+00 -5.9306046300e-01 -5.4062187200e-01 -6.7259742500e-01  1.9802721700e+00  1.9540746260e+00  1.7584071350e+00
    9.9300000000e+00 -5.9238594900e-01 -5.4159244400e-01 -6.7195698500e-01  1.9782411120e+00  1.9523909860e+00  1.7548230450e+00
    9.9400000000e+00 -5.9170868500e-01 -5.4262873700e-01 -6.7129871000e-01  1.9762990470e+00  1.9506571010e+00  1.7512199690e+00
    9.9500000000e+00 -5.9104851200e-01 -5.4372047400e-01 -6.7061571500e-01  1.9744697530e+00  1.9488749350e+00  1.7476102850e+00
    9.9600000000e+00 -5.9043205400e-01 -5.4485800900e-01 -6.6990463700e-01  1.9727712890e+00  1.9470500720e+00  1.7440072390e+00
    9.9700000000e+00 -5.8989076600e-01 -5.4603368300e-01 -6.6916538600e-01  1.9712142460e+00  1.9451916160e+00  1.7404241350e+00
    9.9800000000e+00 -5.8945856100e-01 -5.4724315300e-01 -6.6840080200e-01  1.9698007680e+00  1.9433115630e+00  1.7368737900e+00
    9.9900000000e+00 -5.8916936300e-01 -5.4848646000e-01 -6.6761635300e-01  1.9685243950e+00  1.9414236880e+00  1.7333681890e+00
    1.0000000000e+01 -5.8905487000e-01 -5.4976867200e-01 -6.6681995000e-01  1.9673706430e+00  1.9395420550e+00  1.7299182220e+00
    1.0010000000e+01 -5.8914274500e-01 -5.5109998300e-01 -6.6602186100e-01  1.9663181010e+00  1.9376793380e+00  1.7265333790e+00
    1.0020000000e+01 -5.8945526600e-01 -5.5249521900e-01 -6.6523464500e-01  1.9653398510e+00  1.9358451590e+00  1.7232213280e+00
    1.0030000000e+01 -5.9000843900e-01 -5.5397279700e-01 -6.6447296700e-01  1.9644050110e+00  1.9340446560e+00  1.7199873560e+00
    1.0040000000e+01 -5.9081146900e-01 -5.5555324800e-01 -6.6375322900e-01  1.9634803430e+00  1.9322774680e+00  1.7168337510e+00
    1.0050000000e+01 -5.9186658100e-01 -5.5725747700e-01 -6.6309293500e-01  1.9625318750e+00  1.9305372430e+00  1.7137592250e+00
    1.0060000000e+01 -5.9316918100e-01 -5.5910495200e-01 -6.6250984100e-01  1.9615265250e+00  1.9288117550e+00  1.7107585010e+00
    1.0070000000e+01 -5.9470840200e-01 -5.6111203300e-01 -6.6202093000e-01  1.9604336780e+00  1.9270835990e+00  1.7078221560e+00
    1.0080000000e+01 -5.9646807000e-01 -5.6329064300e-01 -6.6164134100e-01  1.9592265940e+00  1.9253313960e+00  1.7049367800e+00
    1.0090000000e+01 -5.9842805500e-01 -5.6564744700e-01 -6.6138334100e-01  1.9578835110e+00  1.9235313590e+00  1.7020854450e+00
    1.0100000000e+01 -6.0056592300e-01 -5.6818364100e-01 -6.6125545200e-01  1.9563882910e+00  1.9216589860e+00  1.6992484690e+00
    1.0110000000e+01 -6.0285870800e-01 -5.7089536000e-01 -6.6126181200e-01  1.9547304950e+00  1.9196906450e+00  1.6964044050e+00
    1.0120000000e+01 -6.0528460100e-01 -5.7377459400e-01 -6.6140182300e-01  1.9529048680e+00  1.9176047990e+00  1.6935311910e+00
    1.0130000000e+01 -6.0782434000e-01 -5.7681040900e-01 -6.6167013400e-01  1.9509102640e+00  1.9153826860e+00  1.6906073640e+00
    1.0140000000e+01 -6.1046208800e-01 -5.7999019500e-01 -6.6205697000e-01  1.9487481630e+00  1.9130084010e+00  1.6876132340e+00
    1.0150000000e+01 -6.1318568200e-01 -5.8330063700e-01 -6.6254878500e-01  1.9464209870e+00  1.9104684440e+00  1.6845319180e+00
    1.0160000000e+01 -6.1598617900e-01 -5.8672821100e-01 -6.6312917600e-01  1.9439304790e+00  1.9077509430e+00  1.6813501190e+00
    1.0170000000e+01 -6.1885677500e-01 -5.9025909100e-01 -6.6377995500e-01  1.9412764290e+00  1.9048448820e+00  1.6780585890e+00
    1.0180000000e+01 -6.2179128100e-01 -5.9387857600e-01 -6.6448226900e-01  1.9384560120e+00  1.9017396290e+00  1.6746522420e+00
    1.0190000000e+01 -6.2478246700e-01 -5.9757028800e-01 -6.6521763100e-01  1.9354638830e+00  1.8984250290e+00  1.6711299310e+00
    1.0200000000e+01 -6.2782061600e-01 -6.0131550000e-01 -6.6596875600e-01  1.9322930170e+00  1.8948920910e+00  1.6674939730e+00
    1.0210000000e+01 -6.3089262800e-01 -6.0509294800e-01 -6.6672015500e-01  1.9289361280e+00  1.8911341230e+00  1.6637495150e+00
    1.0220000000e+01 -6.3398184300e-01 -6.0887931200e-01 -6.6745845000e-01  1.9253873580e+00  1.8871479900e+00  1.6599038710e+00
    1.0230000000e+01 -6.3706863900e-01 -6.1265037100e-01 -6.6817249900e-01  1.9216438700e+00  1.8829350930e+00  1.6559659350e+00
    1.0240000000e+01 -6.4013165800e-01 -6.1638261000e-01 -6.6885339800e-01  1.9177070510e+00  1.8785017470e+00  1.6519457210e+00
    1.0250000000e+01 -6.4314942300e-01 -6.2005491200e-01 -6.6949448800e-01  1.9135830750e+00  1.8738587830e+00  1.6478540070e+00
    1.0260000000e+01 -6.4610202500e-01 -6.2364994200e-01 -6.7009139600e-01  1.9092827620e+00  1.8690204280e+00  1.6437020140e+00
    1.0270000000e+01 -6.4897258000e-01 -6.2715491900e-01 -6.7064211400e-01  1.9048207700e+00  1.8640027090e+00  1.6395010270e+00
    1.0280000000e+01 -6.5174820200e-01 -6.3056163700e-01 -6.7114701100e-01  1.9002143220e+00  1.8588217120e+00  1.6352619150e+00
    1.0290000000e+01 -6.5442035700e-01 -6.3386578800e-01 -6.7160872200e-01  1.8954817210e+00  1.8534920770e+00  1.6309945840e+00
    1.0300000000e+01 -6.5698461000e-01 -6.3706579100e-01 -6.7203183600e-01  1.8906409700e+00  1.8480259710e+00  1.6267074420e+00
    1.0310000000e+01 -6.5943991900e-01 -6.4016143000e-01 -6.7242240400e-01  1.8857087200e+00  1.8424326840e+00  1.6224069810e+00
    1.0320000000e+01 -6.6178770600e-01 -6.4315258200e-01 -6.7278736100e-01  1.8806996910e+00  1.8367187900e+00  1.6180975390e+00
    1.0330000000e+01 -6.6403096100e-01 -6.4603824300e-01 -6.7313392500e-01  1.8756265290e+00  1.8308887280e+00  1.6137812670e+00
    1.0340000000e+01 -6.6617354700e-01 -6.4881594700e-01 -6.7346906400e-01  1.8704999820e+00  1.8249455920e+00  1.6094582430e+00
    1.0350000000e+01 -6.6821978600e-01 -6.5148154000e-01 -6.7379905600e-01  1.8653292050e+00  1.8188919260e+00  1.6051266870e+00
    1.0360000000e+01 -6.7017427200e-01 -6.5402920400e-01 -6.7412910400e-01  1.8601220400e+00  1.8127304000e+00  1.6007832340e+00
    1.0370000000e+01 -6.7204181100e-01 -6.5645159900e-01 -6.7446301300e-01  1.8548851620e+00  1.8064643570e+00  1.5964232680e+00
    1.0380000000e+01 -6.7382735200e-01 -6.5874001900e-01 -6.7480290900e-01  1.8496241050e+00  1.8000982680e+00  1.5920413450e+00
    1.0390000000e+01 -6.7553583400e-01 -6.6088456900e-01 -6.7514907200e-01  1.8443432340e+00  1.7936382050e+00  1.5876317450e+00
    1.0400000000e+01 -6.7717192800e-01 -6.6287441700e-01 -6.7549997000e-01  1.8390457510e+00  1.7870924020e+00  1.5831891030e+00
    1.0410000000e+01 -6.7873972200e-01 -6.6469828300e-01 -6.7585257300e-01  1.8337338350e+00  1.7804718950e+00  1.5787090460e+00
    1.0420000000e+01 -6.8024244200e-01 -6.6634525500e-01 -6.7620294900e-01  1.8284089330e+00  1.7737911090e+00  1.5741886500e+00
    1.0430000000e+01 -6.8168230800e-01 -6.6780597900e-01 -6.7654705800e-01  1.8230721950e+00  1.7670681840e+00  1.5696265830e+00
    1.0440000000e+01 -6.8306059900e-01 -6.6907408700e-01 -6.7688153900e-01  1.8177249540e+00  1.7603248350e+00  1.5650228270e+00
    1.0450000000e+01 -6.8437793100e-01 -6.7014763800e-01 -6.7720428600e-01  1.8123691500e+00  1.7535855920e+00  1.5603780180e+00
    1.0460000000e+01 -6.8563470900e-01 -6.7103027800e-01 -6.7751462000e-01  1.8070075880e+00  1.7468764470e+00  1.5556925430e+00
    1.0470000000e+01 -6.8683166100e-01 -6.7173185900e-01 -6.7781296300e-01  1.8016439680e+00  1.7402230500e+00  1.5509656270e+00
    1.0480000000e+01 -6.8797032800e-01 -6.7226836600e-01 -6.7810006800e-01  1.7962826740e+00  1.7336487210e+00  1.5461946520e+00
    1.0490000000e+01 -6.8905342700e-01 -6.7266112900e-01 -6.7837594000e-01  1.7909283650e+00  1.7271725500e+00  1.5413749150e+00
    1.0500000000e+01 -6.9008500400e-01 -6.7293541900e-01 -6.7863869700e-01  1.7855854530e+00  1.7208078730e+00  1.5364999350e+00
    1.0510000000e+01 -6.9107037200e-01 -6.7311861600e-01 -6.7888363400e-01  1.7802575560e+00  1.7145612840e+00  1.5315622990e+00
    1.0520000000e+01 -6.9201584900e-01 -6.7323816500e-01 -6.7910273800e-01  1.7749470250e+00  1.7084322840e+00  1.5265548960e+00
    1.0530000000e+01 -6.9292835000e-01 -6.7331954700e-01 -6.7928479300e-01  1.7696545810e+00  1.7024135890e+00  1.5214723000e+00
    1.0540000000e+01 -6.9381489200e-01 -6.7338446300e-01 -6.7941607900e-01  1.7643791150e+00  1.6964920120e+00  1.5163119940e+00
    1.0550000000e+01 -6.9468206700e-01 -6.7344938600e-01 -6.7948153500e-01  1.7591176310e+00  1.6906498270e+00  1.5110751970e+00
    1.0560000000e+01 -6.9553551900e-01 -6.7352456700e-01 -6.7946612700e-01  1.7538653190e+00  1.6848664560e+00  1.5057671160e+00
    1.0570000000e+01 -6.9637942500e-01 -6.7361357500e-01 -6.7935613800e-01  1.7486157550e+00  1.6791203500e+00  1.5003966420e+00
    1.0580000000e+01 -6.9721600600e-01 -6.7371335600e-01 -6.7914015800e-01  1.7433612130e+00  1.6733909100e+00  1.4949756010e+00
    1.0590000000e+01 -6.9804506300e-01 -6.7381483900e-01 -6.7880963800e-01  1.7380931420e+00  1.6676603250e+00  1.4895177900e+00
    1.0600000000e+01 -6.9886360500e-01 -6.7390403300e-01 -6.7835901900e-01  1.7328028040e+00  1.6619151820e+00  1.4840380200e+00
    1.0610000000e+01 -6.9966564200e-01 -6.7396358000e-01 -6.7778555700e-01  1.7274820950e+00  1.6561476990e+00  1.4785513320e+00
    1.0620000000e+01 -7.0044223900e-01 -6.7397463700e-01 -6.7708900100e-01  1.7221244920e+00  1.6503564520e+00  1.4730724440e+00
    1.0630000000e+01 -7.0118188800e-01 -6.7391890700e-01 -6.7627124600e-01  1.7167260210e+00  1.6445464600e+00  1.4676153810e+00
    1.0640000000e+01 -7.0187123300e-01 -6.7378060500e-01 -6.7533601900e-01  1.7112861410e+00  1.6387286130e+00  1.4621932190e+00
    1.0650000000e+01 -7.0249608800e-01 -6.7354810300e-01 -6.7428857300e-01  1.7058083760e+00  1.6329184750e+00  1.4568178670e+00
    1.0660000000e+01 -7.0304268000e-01 -6.7321504000e-01 -6.7313532900e-01  1.7003006210e+00  1.6271346330e+00  1.4514998790e+00
    1.0670000000e+01 -7.0349896000e-01 -6.7278078400e-01 -6.7188345500e-01  1.6947750340e+00  1.6213968320e+00  1.4462483740e+00
    1.0680000000e+01 -7.0385586400e-01 -6.7225021200e-01 -6.7054039900e-01  1.6892475190e+00  1.6157241670e+00  1.4410711170e+00
    1.0690000000e+01 -7.0410836800e-01 -6.7163293400e-01 -6.6911349600e-01  1.6837368220e+00  1.6101335670e+00  1.4359748190e+00
    1.0700000000e+01 -7.0425622700e-01 -6.7094214700e-01 -6.6760977000e-01  1.6782633510e+00  1.6046387600e+00  1.4309656070e+00
    1.0710000000e+01 -7.0430433200e-01 -6.7019335200e-01 -6.6603602800e-01  1.6728478310e+00  1.5992497570e+00  1.4260495430e+00
    1.0720000000e+01 -7.0426267100e-01 -6.6940316000e-01 -6.6439925000e-01  1.6675099390e+00  1.5939728070e+00  1.4212330280e+00
    1.0730000000e+01 -7.0414591800e-01 -6.6858833000e-01 -6.6270718200e-01  1.6622670220e+00  1.5888106990e+00  1.4165229350e+00
    1.0740000000e+01 -7.0397274500e-01 -6.6776510200e-01 -6.6096897300e-01  1.6571330050e+00  1.5837632360e+00  1.4119263840e+00
    1.0750000000e+01 -7.0376489800e-01 -6.6694880900e-01 -6.5919565900e-01  1.6521175000e+00  1.5788277310e+00  1.4074501810e+00
    1.0760000000e+01 -7.0354610700e-01 -6.6615367900e-01 -6.5740035500e-01  1.6472251570e+00  1.5739994400e+00  1.4031000330e+00
    1.0770000000e+01 -7.0334086500e-01 -6.6539274900e-01 -6.5559807100e-01  1.6424552720e+00  1.5692718800e+00  1.3988796920e+00
    1.0780000000e+01 -7.0317310800e-01 -6.6467779700e-01 -6.5380517100e-01  1.6378016840e+00  1.5646370460e+00  1.3947902100e+00
    1.0790000000e+01 -7.0306485900e-01 -6.6401925200e-01 -6.5203854200e-01  1.6332530170e+00  1.5600855840e+00  1.3908294360e+00
    1.0800000000e+01 -7.0303494100e-01 -6.6342608300e-01 -6.5031461600e-01  1.6287932960e+00  1.5556069530e+00  1.3869918480e+00
    1.0810000000e+01 -7.0309787700e-01 -6.6290567900e-01 -6.4864835400e-01  1.6244029340e+00  1.5511896090e+00  1.3832687640e+00
    1.0820000000e+01 -7.0326310900e-01 -6.6246374800e-01 -6.4705236700e-01  1.6200600400e+00  1.5468212060e+00  1.3796489070e+00
    1.0830000000e+01 -7.0353465600e-01 -6.6210424100e-01 -6.4553627800e-01  1.6157419220e+00  1.5424887960e+00  1.3761192580e+00
    1.0840000000e+01 -7.0391127300e-01 -6.6182928100e-01 -6.4410644500e-01  1.6114266320e+00  1.5381790200e+00  1.3726661050e+00
    1.0850000000e+01 -7.0438710500e-01 -6.6163906700e-01 -6.4276608700e-01  1.6070943640e+00  1.5338782860e+00  1.3692761200e+00
    1.0860000000e+01 -7.0495274900e-01 -6.6153172700e-01 -6.4151582200e-01  1.6027285190e+00  1.5295729950e+00  1.3659372900e+00
    1.0870000000e+01 -7.0559658400e-01 -6.6150315500e-01 -6.4035451800e-01  1.5983163300e+00  1.5252498740e+00  1.3626395620e+00
    1.0880000000e+01 -7.0630617700e-01 -6.6154689300e-01 -6.3928031100e-01  1.5938489510e+00  1.5208964480e+00  1.3593750710e+00
    1.0890000000e+01 -7.0706955500e-01 -6.6165416900e-01 -6.3829159500e-01  1.5893210750e+00  1.5165016520e+00  1.3561379300e+00
    1.0900000000e+01 -7.0787619100e-01 -6.6181417100e-01 -6.3738782300e-01  1.5847301260e+00  1.5120565110e+00  1.3529236280e+00
    1.0910000000e+01 -7.0871758600e-01 -6.6201461100e-01 -6.3656994100e-01  1.5800752180e+00  1.5075547450e+00  1.3497281620e+00
    1.0920000000e+01 -7.0958737200e-01 -6.6224253900e-01 -6.3584041600e-01  1.5753560140e+00  1.5029931790e+00  1.3465470810e+00
    1.0930000000e+01 -7.1048098300e-01 -6.6248530200e-01 -6.3520284800e-01  1.5705716930e+00  1.4983718260e+00  1.3433746190e+00
    1.0940000000e+01 -7.1139494900e-01 -6.6273149900e-01 -6.3466125300e-01  1.5657201630e+00  1.4936936160e+00  1.3402030660e+00
    1.0950000000e+01 -7.1232595200e-01 -6.6297178400e-01 -6.3421914900e-01  1.5607976410e+00  1.4889637700e+00  1.3370224870e+00
    1.0960000000e+01 -7.1326978700e-01 -6.6319937200e-01 -6.3387859700e-01  1.5557986430e+00  1.4841889470e+00  1.3338208240e+00
    1.0970000000e+01 -7.1422039500e-01 -6.6341019700e-01 -6.3363933500e-01  1.5507163850e+00  1.4793762700e+00  1.3305843480e+00
    1.0980000000e+01 -7.1516907700e-01 -6.6360270100e-01 -6.3349812300e-01  1.5455435490e+00  1.4745324030e+00  1.3272983950e+00
    1.0990000000e+01 -7.1610402200e-01 -6.6377731400e-01 -6.3344836600e-01  1.5402733330e+00  1.4696628100e+00  1.3239482990e+00
    1.1000000000e+01 -7.1701022500e-01 -6.6393573500e-01 -6.3348005400e-01  1.5349006880e+00  1.4647712880e+00  1.3205204020e+00
    1.1010000000e+01 -7.1786988200e-01 -6.6408014100e-01 -6.3358001200e-01  1.5294236050e+00  1.4598598290e+00  1.3170030620e+00
    1.1020000000e+01 -7.1866329000e-01 -6.6421246200e-01 -6.3373245500e-01  1.5238442580e+00  1.4549287830e+00  1.3133875660e+00
    1.1030000000e+01 -7.1937019800e-01 -6.6433381500e-01 -6.3391980800e-01  1.5181698030e+00  1.4499772670e+00  1.3096688690e+00
    1.1040000000e+01 -7.1997145700e-01 -6.6444419300e-01 -6.3412376300e-01  1.5124126310e+00  1.4450037200e+00  1.3058460780e+00
    1.1050000000e+01 -7.2045070500e-01 -6.6454240300e-01 -6.3432647900e-01  1.5065899500e+00  1.4400064860e+00  1.3019225990e+00
    1.1060000000e+01 -7.2079580100e-01 -6.6462624400e-01 -6.3451182500e-01  1.5007227470e+00  1.4349843280e+00  1.2979058740e+00
    1.1070000000e+01 -7.2099971900e-01 -6.6469287000e-01 -6.3466649100e-01  1.4948342770e+00  1.4299367850e+00  1.2938066980e+00
    1.1080000000e+01 -7.2106079100e-01 -6.6473923500e-01 -6.3478079900e-01  1.4889483890e+00  1.4248643190e+00  1.2896381690e+00
    1.1090000000e+01 -7.2098229400e-01 -6.6476254000e-01 -6.3484907100e-01  1.4830879910e+00  1.4197682360e+00  1.2854144280e+00
    1.1100000000e+01 -7.2077156600e-01 -6.6476056700e-01 -6.3486950500e-01  1.4772739120e+00  1.4146504060e+00  1.2811494000e+00
    1.1110000000e+01 -7.2043889100e-01 -6.6473181200e-01 -6.3484360400e-01  1.4715242910e+00  1.4095128560e+00  1.2768557450e+00
    1.1120000000e+01 -7.1999642300e-01 -6.6467537700e-01 -6.3477532800e-01  1.4658544850e+00  1.4043573520e+00  1.2725441970e+00
    1.1130000000e+01 -7.1945736300e-01 -6.6459063100e-01 -6.3467018800e-01  1.4602773600e+00  1.3991851110e+00  1.2682233420e+00
    1.1140000000e+01 -7.1883548100e-01 -6.6447674800e-01 -6.3453449000e-01  1.4548038000e+00  1.3939967490e+00  1.2638997770e+00
    1.1150000000e+01 -7.1814502300e-01 -6.6433226800e-01 -6.3437488400e-01  1.4494432120e+00  1.3887925180e+00  1.2595784860e+00
    1.1160000000e+01 -7.1740089800e-01 -6.6415484600e-01 -6.3419823700e-01  1.4442038700e+00  1.3835727720e+00  1.2552632360e+00
    1.1170000000e+01 -7.1661903500e-01 -6.6394128900e-01 -6.3401176300e-01  1.4390929970e+00  1.3783385230e+00  1.2509568050e+00
    1.1180000000e+01 -7.1581674200e-01 -6.6368788700e-01 -6.3382324800e-01  1.4341165410e+00  1.3730919270e+00  1.2466609600e+00
    1.1190000000e+01 -7.1501292300e-01 -6.6339095200e-01 -6.3364119300e-01  1.4292786940e+00  1.3678365320e+00  1.2423761750e+00
    1.1200000000e+01 -7.1422804900e-01 -6.6304739300e-01 -6.3347474800e-01  1.4245812490e+00  1.3625772510e+00  1.2381011840e+00
    1.1210000000e+01 -7.1348381900e-01 -6.6265518800e-01 -6.3333335800e-01  1.4200229190e+00  1.3573200840e+00  1.2338325290e+00
    1.1220000000e+01 -7.1280253100e-01 -6.6221366000e-01 -6.3322616500e-01  1.4155987680e+00  1.3520717130e+00  1.2295642420e+00
    1.1230000000e+01 -7.1220622600e-01 -6.6172354800e-01 -6.3316125100e-01  1.4112998700e+00  1.3468390930e+00  1.2252877850e+00
    1.1240000000e+01 -7.1171572000e-01 -6.6118695300e-01 -6.3314485400e-01  1.4071132600e+00  1.3416291390e+00  1.2209922900e+00
    1.1250000000e+01 -7.1134964800e-01 -6.6060724100e-01 -6.3318071000e-01  1.4030221930e+00  1.3364485120e+00  1.2166650770e+00
    1.1260000000e+01 -7.1112362700e-01 -6.5998898700e-01 -6.3326959700e-01  1.3990066790e+00  1.3313034950e+00  1.2122923600e+00
    1.1270000000e+01 -7.1104960000e-01 -6.5933798500e-01 -6.3340912300e-01  1.3950442160e+00  1.3261998560e+00  1.2078600640e+00
    1.1280000000e+01 -7.1113540800e-01 -6.5866129000e-01 -6.3359377900e-01  1.3911106510e+00  1.3211426590e+00  1.2033546250e+00
    1.1290000000e+01 -7.1138458500e-01 -6.5796724100e-01 -6.3381519600e-01  1.3871811050e+00  1.3161359810e+00  1.1987637410e+00
    1.1300000000e+01 -7.1179639600e-01 -6.5726540300e-01 -6.3406259900e-01  1.3832309100e+00  1.3111825560e+00  1.1940769890e+00
    1.1310000000e+01 -7.1236609400e-01 -6.5656637100e-01 -6.3432339300e-01  1.3792364990e+00  1.3062833740e+00  1.1892862770e+00
    1.1320000000e+01 -7.1308541000e-01 -6.5588143400e-01 -6.3458383900e-01  1.3751761950e+00  1.3014373130e+00  1.1843860870e+00
    1.1330000000e+01 -7.1394323200e-01 -6.5522209600e-01 -6.3482972100e-01  1.3710308190e+00  1.2966408490e+00  1.1793735010e+00
    1.1340000000e+01 -7.1492641400e-01 -6.5459947600e-01 -6.3504692900e-01  1.3667840600e+00  1.2918879050e+00  1.1742480190e+00
    1.1350000000e+01 -7.1602063500e-01 -6.5402366500e-01 -6.3522188300e-01  1.3624225700e+00  1.2871698800e+00  1.1690112370e+00
    1.1360000000e+01 -7.1721118300e-01 -6.5350306900e-01 -6.3534177000e-01  1.3579357660e+00  1.2824758700e+00  1.1636665000e+00
    1.1370000000e+01 -7.1848356600e-01 -6.5304382600e-01 -6.3539461700e-01  1.3533154080e+00  1.2777930870e+00  1.1582185920e+00
    1.1380000000e+01 -7.1982389000e-01 -6.5264935700e-01 -6.3536928400e-01  1.3485550360e+00  1.2731074500e+00  1.1526735570e+00
    1.1390000000e+01 -7.2121895300e-01 -6.5232010200e-01 -6.3525546600e-01  1.3436493790e+00  1.2684042900e+00  1.1470386360e+00
    1.1400000000e+01 -7.2265611800e-01 -6.5205348700e-01 -6.3504378100e-01  1.3385938400e+00  1.2636691020e+00  1.1413222780e+00
    1.1410000000e+01 -7.2412299300e-01 -6.5184410200e-01 -6.3472598000e-01  1.3333841300e+00  1.2588882550e+00  1.1355341470e+00
    1.1420000000e+01 -7.2560700300e-01 -6.5168407700e-01 -6.3429524300e-01  1.3280161050e+00  1.2540495950e+00  1.1296850140e+00
    1.1430000000e+01 -7.2709494300e-01 -6.5156357300e-01 -6.3374650200e-01  1.3224858230e+00  1.2491428940e+00  1.1237865130e+00
    1.1440000000e+01 -7.2857257700e-01 -6.5147134100e-01 -6.3307668000e-01  1.3167898100e+00  1.2441601130e+00  1.1178507250e+00
    1.1450000000e+01 -7.3002438100e-01 -6.5139528500e-01 -6.3228478700e-01  1.3109255320e+00  1.2390955120e+00  1.1118896510e+00
    1.1460000000e+01 -7.3143350400e-01 -6.5132297900e-01 -6.3137181100e-01  1.3048919690e+00  1.2339456050e+00  1.1059146550e+00
    1.1470000000e+01 -7.3278197200e-01 -6.5124211100e-01 -6.3034039700e-01  1.2986902160e+00  1.2287090070e+00  1.0999359530e+00
    1.1480000000e+01 -7.3405114000e-01 -6.5114083900e-01 -6.2919435600e-01  1.2923240020e+00  1.2233861880e+00  1.0939622400e+00
    1.1490000000e+01 -7.3522231500e-01 -6.5100801600e-01 -6.2793805100e-01  1.2858000190e+00  1.2179791920e+00  1.0880005260e+00
    1.1500000000e+01 -7.3627746100e-01 -6.5083331400e-01 -6.2657575400e-01  1.2791280390e+00  1.2124913420e+00  1.0820562170e+00
    1.1510000000e+01 -7.3719989700e-01 -6.5060723100e-01 -6.2511107000e-01  1.2723208250e+00  1.2069270080e+00  1.0761334520e+00
    1.1520000000e+01 -7.3797494100e-01 -6.5032103900e-01 -6.2354655700e-01  1.2653938770e+00  1.2012914670e+00  1.0702356750e+00
    1.1530000000e+01 -7.3859047000e-01 -6.4996674000e-01 -6.2188362200e-01  1.2583650620e+00  1.1955908760e+00  1.0643663240e+00
    1.1540000000e+01 -7.3903743700e-01 -6.4953711200e-01 -6.2012276100e-01  1.2512541470e+00  1.1898323400e+00  1.0585295200e+00
    1.1550000000e+01 -7.3931032200e-01 -6.4902588700e-01 -6.1826410400e-01  1.2440822120e+00  1.1840240050e+00  1.0527305650e+00
    1.1560000000e+01 -7.3940750000e-01 -6.4842809700e-01 -6.1630815700e-01  1.2368709090e+00  1.1781750600e+00  1.0469761340e+00
    1.1570000000e+01 -7.3933146000e-01 -6.4774051100e-01 -6.1425655200e-01  1.2296415560e+00  1.1722955510e+00  1.0412740710e+00
    1.1580000000e+01 -7.3908875000e-01 -6.4696206000e-01 -6.1211261600e-01  1.2224140850e+00  1.1663959480e+00  1.0356328500e+00
    1.1590000000e+01 -7.3868957400e-01 -6.4609409400e-01 -6.0988160700e-01  1.2152059540e+00  1.1604864440e+00  1.0300608360e+00
    1.1600000000e+01 -7.3814698100e-01 -6.4514033800e-01 -6.0757058100e-01  1.2080311690e+00  1.1545761060e+00  1.0245655340e+00
    1.1610000000e+01 -7.3747570400e-01 -6.4410646200e-01 -6.0518793500e-01  1.2008996220e+00  1.1486720220e+00  1.0191530250e+00
    1.1620000000e+01 -7.3669079100e-01 -6.4299927700e-01 -6.0274279300e-01  1.1938168930e+00  1.1427786370e+00  1.0138276990e+00
    1.1630000000e+01 -7.3580625200e-01 -6.4182567500e-01 -6.0024440300e-01  1.1867845790e+00  1.1368974540e+00  1.0085923020e+00
    1.1640000000e+01 -7.3483396500e-01 -6.4059150000e-01 -5.9770169100e-01  1.1798011100e+00  1.1310271830e+00  1.0034482320e+00
    1.1650000000e+01 -7.3378302000e-01 -6.3930054800e-01 -5.9512306900e-01  1.1728628690e+00  1.1251643380e+00  9.9839593300e-01
    1.1660000000e+01 -7.3265956600e-01 -6.3795386900e-01 -5.9251645900e-01  1.1659653840e+00  1.1193041610e+00  9.9343525400e-01
    1.1670000000e+01 -7.3146710500e-01 -6.3654948000e-01 -5.8988948900e-01  1.1591043830e+00  1.1134417280e+00  9.8856566400e-01
    1.1680000000e+01 -7.3020709300e-01 -6.3508246500e-01 -5.8724971500e-01  1.1522765450e+00  1.1075730480e+00  9.8378628700e-01
    1.1690000000e+01 -7.2887966000e-01 -6.3354542500e-01 -5.8460479400e-01  1.1454799130e+00  1.1016960290e+00  9.7909577100e-01
    1.1700000000e+01 -7.2748431600e-01 -6.3192917600e-01 -5.8196251100e-01  1.1387140040e+00  1.0958112400e+00  9.7449207500e-01
    1.1710000000e+01 -7.2602053600e-01 -6.3022360400e-01 -5.7933066400e-01  1.1319796890e+00  1.0899224260e+00  9.6997225800e-01
    1.1720000000e+01 -7.2448819800e-01 -6.2841861200e-01 -5.7671683400e-01  1.1252789570e+00  1.0840367880e+00  9.6553235700e-01
    1.1730000000e+01 -7.2288789700e-01 -6.2650513200e-01 -5.7412809700e-01  1.1186146110e+00  1.0781650150e+00  9.6116738500e-01
    1.1740000000e+01 -7.2122115400e-01 -6.2447613900e-01 -5.7157077400e-01  1.1119899500e+00  1.0723210610e+00  9.5687146800e-01
    1.1750000000e+01 -7.1949055400e-01 -6.2232762400e-01 -5.6905026600e-01  1.1054084100e+00  1.0665216410e+00  9.5263807600e-01
    1.1760000000e+01 -7.1769979800e-01 -6.2005945100e-01 -5.6657100500e-01  1.0988731850e+00  1.0607854380e+00  9.4846027600e-01
    1.1770000000e+01 -7.1585364400e-01 -6.1767598800e-01 -5.6413653300e-01  1.0923867960e+00  1.0551320440e+00  9.4433095600e-01
    1.1780000000e+01 -7.1395770100e-01 -6.1518642000e-01 -5.6174962600e-01  1.0859506630e+00  1.0495806980e+00  9.4024295300e-01
    1.1790000000e+01 -7.1201803700e-01 -6.1260467100e-01 -5.5941244700e-01  1.0795647310e+00  1.0441489240e+00  9.3618908400e-01
    1.1800000000e+01 -7.1004062300e-01 -6.0994889200e-01 -5.5712663300e-01  1.0732272440e+00  1.0388512110e+00  9.3216209800e-01
    1.1810000000e+01 -7.0803066000e-01 -6.0724055200e-01 -5.5489331700e-01  1.0669347440e+00  1.0336979020e+00  9.2815459100e-01
    1.1820000000e+01 -7.0599190700e-01 -6.0450322000e-01 -5.5271307100e-01  1.0606823760e+00  1.0286943990e+00  9.2415893500e-01
    1.1830000000e+01 -7.0392615600e-01 -6.0176116700e-01 -5.5058580200e-01  1.0544644760e+00  1.0238407930e+00  9.2016725300e-01
    1.1840000000e+01 -7.0183296700e-01 -5.9903795100e-01 -5.4851063100e-01  1.0482753700e+00  1.0191319280e+00  9.1617144700e-01
    1.1850000000e+01 -6.9970978000e-01 -5.9635512300e-01 -5.4648578400e-01  1.0421102450e+00  1.0145578750e+00  9.1216326900e-01
    1.1860000000e+01 -6.9755236800e-01 -5.9373116200e-01 -5.4450849200e-01  1.0359659230e+00  1.0101047430e+00  9.0813442300e-01
    1.1870000000e+01 -6.9535558200e-01 -5.9118074400e-01 -5.4257489900e-01  1.0298413800e+00  1.0057557080e+00  9.0407669100e-01
    1.1880000000e+01 -6.9311424500e-01 -5.8871434600e-01 -5.4067998500e-01  1.0237379300e+00  1.0014921580e+00  8.9998208700e-01
    1.1890000000e+01 -6.9082403200e-01 -5.8633821300e-01 -5.3881750300e-01  1.0176590330e+00  9.9729483500e-01  8.9584306000e-01
    1.1900000000e+01 -6.8848219300e-01 -5.8405464400e-01 -5.3697995900e-01  1.0116097880e+00  9.9314485800e-01  8.9165273900e-01
    1.1910000000e+01 -6.8608801700e-01 -5.8186253300e-01 -5.3515865900e-01  1.0055961730e+00  9.8902455700e-01  8.8740520600e-01
    1.1920000000e+01 -6.8364293300e-01 -5.7975806200e-01 -5.3334383800e-01  9.9962419700e-01  9.8491802500e-01  8.8309578000e-01
    1.1930000000e+01 -6.8115026300e-01 -5.7773546300e-01 -5.3152487300e-01  9.9369909600e-01  9.8081139100e-01  8.7872128400e-01
    1.1940000000e+01 -6.7861467500e-01 -5.7578769000e-01 -5.2969057900e-01  9.8782473400e-01  9.7669281300e-01  8.7428024000e-01
    1.1950000000e+01 -6.7604144600e-01 -5.7390694600e-01 -5.2782955200e-01  9.8200333100e-01  9.7255227400e-01  8.6977300200e-01
    1.1960000000e+01 -6.7343574400e-01 -5.7208497600e-01 -5.2593054300e-01  9.7623555400e-01  9.6838129400e-01  8.6520179000e-01
    1.1970000000e+01 -6.7080207600e-01 -5.7031317000e-01 -5.2398283100e-01  9.7052091800e-01  9.6417266800e-01  8.6057062900e-01
    1.1980000000e+01 -6.6814404700e-01 -5.6858252800e-01 -5.2197656200e-01  9.6485836200e-01  9.5992033900e-01  8.5588521300e-01
    1.1990000000e+01 -6.6546445200e-01 -5.6688361700e-01 -5.1990304800e-01  9.5924680900e-01  9.5561942000e-01  8.5115269300e-01
    1.2000000000e+01 -6.6276563500e-01 -5.6520660900e-01 -5.1775501600e-01  9.5368554400e-01  9.5126633200e-01  8.4638141500e-01
    1.2010000000e+01 -6.6004996600e-01 -5.6354145300e-01 -5.1552678900e-01  9.4817431200e-01  9.4685896000e-01  8.4158062600e-01
    1.2020000000e+01 -6.5732027100e-01 -5.6187816500e-01 -5.1321441200e-01  9.4271312200e-01  9.4239673600e-01  8.3676014000e-01
    1.2030000000e+01 -6.5458007600e-01 -5.6020715600e-01 -5.1081572500e-01  9.3730185200e-01  9.3788059800e-01  8.3192999700e-01
    1.2040000000e+01 -6.5183359100e-01 -5.5851952100e-01 -5.0833036500e-01  9.3193978100e-01  9.3331280600e-01  8.2710009300e-01
    1.2050000000e+01 -6.4908546200e-01 -5.5680722300e-01 -5.0575968900e-01  9.2662517600e-01  9.2869669800e-01  8.2227980100e-01
    1.2060000000e+01 -6.4634035200e-01 -5.5506316700e-01 -5.0310662300e-01  9.2135505100e-01  9.2403643200e-01  8.1747759400e-01
    1.2070000000e+01 -6.4360245500e-01 -5.5328119200e-01 -5.0037538000e-01  9.1612512200e-01  9.1933678400e-01  8.1270068700e-01
    1.2080000000e+01 -6.4087502600e-01 -5.5145604400e-01 -4.9757108600e-01  9.1092997000e-01  9.1460302000e-01  8.0795475100e-01
    1.2090000000e+01 -6.3816001400e-01 -5.4958337900e-01 -4.9469929700e-01  9.0576336000e-01  9.0984081700e-01  8.0324374300e-01
    1.2100000000e+01 -6.3545782400e-01 -5.4765982400e-01 -4.9176545800e-01  9.0061868300e-01  9.0505618400e-01  7.9856989600e-01
    1.2110000000e+01 -6.3276725700e-01 -5.4568308100e-01 -4.8877438800e-01  8.9548944700e-01  9.0025533500e-01  7.9393389700e-01
    1.2120000000e+01 -6.3008561600e-01 -5.4365202600e-01 -4.8572983700e-01  8.9036977600e-01  8.9544445900e-01  7.8933523600e-01
    1.2130000000e+01 -6.2740900000e-01 -5.4156674500e-01 -4.8263421100e-01  8.8525484000e-01  8.9062940100e-01  7.8477268800e-01
    1.2140000000e+01 -6.2473273200e-01 -5.3942841800e-01 -4.7948847300e-01  8.8014114100e-01  8.8581526400e-01  7.8024484000e-01
    1.2150000000e+01 -6.2205187100e-01 -5.3723901600e-01 -4.7629224500e-01  8.7502661800e-01  8.8100604000e-01  7.7575060300e-01
    1.2160000000e+01 -6.1936170800e-01 -5.3500080900e-01 -4.7304404400e-01  8.6991053600e-01  8.7620435400e-01  7.7128963600e-01
    1.2170000000e+01 -6.1665814900e-01 -5.3271574000e-01 -4.6974163900e-01  8.6479318200e-01  8.7141143500e-01  7.6686264500e-01
    1.2180000000e+01 -6.1393792900e-01 -5.3038478700e-01 -4.6638244300e-01  8.5967546000e-01  8.6662738900e-01  7.6247154400e-01
    1.2190000000e+01 -6.1119861000e-01 -5.2800745900e-01 -4.6296390500e-01  8.5455846100e-01  8.6185175700e-01  7.5811949900e-01
    1.2200000000e+01 -6.0843840700e-01 -5.2558157000e-01 -4.5948388600e-01  8.4944312200e-01  8.5708429800e-01  7.5381085400e-01
    1.2210000000e+01 -6.0565590500e-01 -5.2310337000e-01 -4.5594096600e-01  8.4433003100e-01  8.5232585500e-01  7.4955097900e-01
    1.2220000000e+01 -6.0284976600e-01 -5.2056805900e-01 -4.5233470500e-01  8.3921938800e-01  8.4757912700e-01  7.4534604800e-01
    1.2230000000e+01 -6.0001848100e-01 -5.1797062600e-01 -4.4866581000e-01  8.3411110400e-01  8.4284919500e-01  7.4120277000e-01
    1.2240000000e+01 -5.9716022500e-01 -5.1530686600e-01 -4.4493624100e-01  8.2900496800e-01  8.3814366800e-01  7.3712810700e-01
    1.2250000000e+01 -5.9427281400e-01 -5.1257442700e-01 -4.4114922200e-01  8.2390083600e-01  8.3347241000e-01  7.3312899500e-01
    1.2260000000e+01 -5.9135373400e-01 -5.0977369700e-01 -4.3730921100e-01  8.1879878600e-01  8.2884687100e-01  7.2921209400e-01
    1.2270000000e+01 -5.8840020400e-01 -5.0690840000e-01 -4.3342182000e-01  8.1369923600e-01  8.2427910000e-01  7.2538357400e-01
    1.2280000000e+01 -5.8540926700e-01 -5.0398579600e-01 -4.2949373000e-01  8.0860302300e-01  8.1978059600e-01  7.2164893500e-01
    1.2290000000e+01 -5.8237788200e-01 -5.0101647000e-01 -4.2553260300e-01  8.0351146000e-01  8.1536114600e-01  7.1801283700e-01
    1.2300000000e+01 -5.7930302800e-01 -4.9801373000e-01 -4.2154698100e-01  7.9842637400e-01  8.1102779700e-01  7.1447892500e-01
    1.2310000000e+01 -5.7618183000e-01 -4.9499270500e-01 -4.1754616400e-01  7.9335010600e-01  8.0678408500e-01  7.1104964000e-01
    1.2320000000e+01 -5.7301167600e-01 -4.9196925400e-01 -4.1354002400e-01  7.8828547000e-01  8.0262960100e-01  7.0772601000e-01
    1.2330000000e+01 -5.6979031400e-01 -4.8895880000e-01 -4.0953874800e-01  7.8323565400e-01  7.9855991800e-01  7.0450747700e-01
    1.2340000000e+01 -5.6651587600e-01 -4.8597521600e-01 -4.0555250300e-01  7.7820409200e-01  7.9456686500e-01  7.0139176500e-01
    1.2350000000e+01 -5.6318682900e-01 -4.8302986000e-01 -4.0159104900e-01  7.7319434900e-01  7.9063912800e-01  6.9837485900e-01
    1.2360000000e+01 -5.5980185100e-01 -4.8013084900e-01 -3.9766334200e-01  7.6821007400e-01  7.8676308200e-01  6.9545109300e-01
    1.2370000000e+01 -5.5635969000e-01 -4.7728261900e-01 -3.9377716500e-01  7.6325506600e-01  7.8292378500e-01  6.9261336400e-01
    1.2380000000e+01 -5.5285909900e-01 -4.7448580300e-01 -3.8993886000e-01  7.5833346400e-01  7.7910602100e-01  6.8985343400e-01
    1.2390000000e+01 -5.4929889900e-01 -4.7173741500e-01 -3.8615315000e-01  7.5344999900e-01  7.7529530000e-01  6.8716227800e-01
    1.2400000000e+01 -5.4567823700e-01 -4.6903129800e-01 -3.8242307400e-01  7.4861023000e-01  7.7147871500e-01  6.8453043800e-01
    1.2410000000e+01 -5.4199699700e-01 -4.6635876300e-01 -3.7874999100e-01  7.4382062800e-01  7.6764559400e-01  6.8194834000e-01
    1.2420000000e+01 -5.3825627700e-01 -4.6370933100e-01 -3.7513362900e-01  7.3908844600e-01  7.6378792000e-01  6.7940656800e-01
    1.2430000000e+01 -5.3445879500e-01 -4.6107151100e-01 -3.7157214900e-01  7.3442134600e-01  7.5990051000e-01  6.7689611800e-01
    1.2440000000e+01 -5.3060911700e-01 -4.5843351900e-01 -3.6806222000e-01  7.2982684000e-01  7.5598098400e-01  6.7440865500e-01
    1.2450000000e+01 -5.2671362500e-01 -4.5578392200e-01 -3.6459913900e-01  7.2531167500e-01  7.5202956700e-01  6.7193677500e-01
    1.2460000000e+01 -5.2278024300e-01 -4.5311215100e-01 -3.6117700500e-01  7.2088127400e-01  7.4804875900e-01  6.6947427500e-01
    1.2470000000e+01 -5.1881798300e-01 -4.5040887600e-01 -3.5778897800e-01  7.1653933900e-01  7.4404293400e-01  6.6701640000e-01
    1.2480000000e+01 -5.1483642900e-01 -4.4766623500e-01 -3.5442760700e-01  7.1228765700e-01  7.4001790500e-01  6.6456001800e-01
    1.2490000000e+01 -5.1084522000e-01 -4.4487794900e-01 -3.5108519800e-01  7.0812608000e-01  7.3598051100e-01  6.6210370700e-01
    1.2500000000e+01 -5.0685361300e-01 -4.4203933100e-01 -3.4775419400e-01  7.0405263100e-01  7.3193824500e-01  6.5964774800e-01
    1.2510000000e+01 -5.0287011400e-01 -4.3914724700e-01 -3.4442752900e-01  7.0006368800e-01  7.2789895000e-01  6.5719402400e-01
    1.2520000000e+01 -4.9890216400e-01 -4.3620005300e-01 -3.4109894000e-01  6.9615420500e-01  7.2387056100e-01  6.5474584800e-01
    1.2530000000e+01 -4.9495587200e-01 -4.3319753200e-01 -3.3776322800e-01  6.9231798700e-01  7.1986085700e-01  6.5230773500e-01
    1.2540000000e+01 -4.9103578000e-01 -4.3014079700e-01 -3.3441646300e-01  6.8854802400e-01  7.1587723400e-01  6.4988513100e-01
    1.2550000000e+01 -4.8714471500e-01 -4.2703217400e-01 -3.3105613000e-01  6.8483689400e-01  7.1192644700e-01  6.4748411000e-01
    1.2560000000e+01 -4.8328374600e-01 -4.2387499600e-01 -3.2768120200e-01  6.8117723300e-01  7.0801437600e-01  6.4511103200e-01
    1.2570000000e+01 -4.7945230100e-01 -4.2067332400e-01 -3.2429212700e-01  6.7756220600e-01  7.0414582900e-01  6.4277220800e-01
    1.2580000000e+01 -4.7564843100e-01 -4.1743158500e-01 -3.2089073800e-01  6.7398593300e-01  7.0032444100e-01  6.4047356300e-01
    1.2590000000e+01 -4.7186921500e-01 -4.1415418900e-01 -3.1748007000e-01  6.7044379400e-01  6.9655270600e-01  6.3822034600e-01
    1.2600000000e+01 -4.6811122400e-01 -4.1084516500e-01 -3.1406411500e-01  6.6693257100e-01  6.9283216300e-01  6.3601690900e-01
    1.2610000000e+01 -4.6437099400e-01 -4.0750789900e-01 -3.1064752500e-01  6.6345041700e-01  6.8916371300e-01  6.3386656500e-01
    1.2620000000e+01 -4.6064542300e-01 -4.0414502000e-01 -3.0723531400e-01  6.5999666500e-01  6.8554801700e-01  6.3177154600e-01
    1.2630000000e+01 -4.5693205100e-01 -4.0075847700e-01 -3.0383257200e-01  6.5657154000e-01  6.8198591800e-01  6.2973305000e-01
    1.2640000000e+01 -4.5322918900e-01 -3.9734977300e-01 -3.0044423200e-01  6.5317581400e-01  6.7847879100e-01  6.2775136100e-01
    1.2650000000e+01 -4.4953591400e-01 -3.9392035200e-01 -2.9707490100e-01  6.4981049100e-01  6.7502876200e-01  6.2582601400e-01
    1.2660000000e+01 -4.4585195200e-01 -3.9047204700e-01 -2.9372875100e-01  6.4647656600e-01  6.7163875000e-01  6.2395598200e-01
    1.2670000000e+01 -4.4217751500e-01 -3.8700752700e-01 -2.9040948000e-01  6.4317489100e-01  6.6831230900e-01  6.2213987600e-01
    1.2680000000e+01 -4.3851315500e-01 -3.8353065100e-01 -2.8712032700e-01  6.3990615100e-01  6.6505329200e-01  6.2037613000e-01
    1.2690000000e+01 -4.3485967800e-01 -3.8004667600e-01 -2.8386414900e-01  6.3667089700e-01  6.6186538100e-01  6.1866317300e-01
    1.2700000000e+01 -4.3121814800e-01 -3.7656227100e-01 -2.8064356000e-01  6.3346959700e-01  6.5875155000e-01  6.1699956000e-01
    1.2710000000e+01 -4.2758994600e-01 -3.7308531700e-01 -2.7746111500e-01  6.3030262600e-01  6.5571354000e-01  6.1538404000e-01
    1.2720000000e+01 -4.2397685200e-01 -3.6962451800e-01 -2.7431952100e-01  6.2717019000e-01  6.5275143300e-01  6.1381553400e-01
    1.2730000000e+01 -4.2038107200e-01 -3.6618887000e-01 -2.7122182500e-01  6.2407215700e-01  6.4986338900e-01  6.1229301200e-01
    1.2740000000e+01 -4.1680517700e-01 -3.6278706600e-01 -2.6817154600e-01  6.2100786300e-01  6.4704558600e-01  6.1081528200e-01
    1.2750000000e+01 -4.1325193500e-01 -3.5942691100e-01 -2.6517268200e-01  6.1797593700e-01  6.4429238500e-01  6.0938072100e-01
    1.2760000000e+01 -4.0972406500e-01 -3.5611484200e-01 -2.6222960600e-01  6.1497420400e-01  6.4159668000e-01  6.0798701900e-01
    1.2770000000e+01 -4.0622395600e-01 -3.5285561400e-01 -2.5934684700e-01  6.1199970200e-01  6.3895040200e-01  6.0663097700e-01
    1.2780000000e+01 -4.0275341300e-01 -3.4965220200e-01 -2.5652879900e-01  6.0904881400e-01  6.3634507000e-01  6.0530843300e-01
    1.2790000000e+01 -3.9931347400e-01 -3.4650591300e-01 -2.5377944400e-01  6.0611749000e-01  6.3377230800e-01  6.0401429800e-01
    1.2800000000e+01 -3.9590434100e-01 -3.4341666300e-01 -2.5110212300e-01  6.0320151300e-01  6.3122424700e-01  6.0274270200e-01
    1.2810000000e+01 -3.9252541400e-01 -3.4038335400e-01 -2.4849941300e-01  6.0029675400e-01  6.2869373400e-01  6.0148718700e-01
    1.2820000000e+01 -3.8917540800e-01 -3.3740424000e-01 -2.4597309800e-01  5.9739937700e-01  6.2617437000e-01  6.0024088400e-01
    1.2830000000e+01 -3.8585253200e-01 -3.3447720500e-01 -2.4352419400e-01  5.9450596600e-01  6.2366038400e-01  5.9899663200e-01
    1.2840000000e+01 -3.8255466200e-01 -3.3159990300e-01 -2.4115298200e-01  5.9161356200e-01  6.2114643900e-01  5.9774701300e-01
    1.2850000000e+01 -3.7927949400e-01 -3.2876974800e-01 -2.3885897700e-01  5.8871963900e-01  6.1862745100e-01  5.9648434300e-01
    1.2860000000e+01 -3.7602464600e-01 -3.2598380000e-01 -2.3664083100e-01  5.8582202900e-01  6.1609847500e-01  5.9520066500e-01
    1.2870000000e+01 -3.7278770600e-01 -3.2323861700e-01 -2.3449616100e-01  5.8291884300e-01  6.1355472800e-01  5.9388779700e-01
    1.2880000000e+01 -3.6956624000e-01 -3.2053013400e-01 -2.3242136100e-01  5.8000840500e-01  6.1099170700e-01  5.9253747400e-01
    1.2890000000e+01 -3.6635776800e-01 -3.1785363500e-01 -2.3041144500e-01  5.7708919800e-01  6.0840537900e-01  5.9114159000e-01
    1.2900000000e+01 -3.6315973600e-01 -3.1520382900e-01 -2.2845996000e-01  5.7415985300e-01  6.0579238500e-01  5.8969252900e-01
    1.2910000000e+01 -3.5996948700e-01 -3.1257501500e-01 -2.2655901600e-01  5.7121915400e-01  6.0315018000e-01  5.8818352100e-01
    1.2920000000e+01 -3.5678424700e-01 -3.0996129200e-01 -2.2469943000e-01  5.6826606100e-01  6.0047708500e-01  5.8660901600e-01
    1.2930000000e+01 -3.5360113600e-01 -3.0735675200e-01 -2.2287097300e-01  5.6529974900e-01  5.9777225100e-01  5.8496499500e-01
    1.2940000000e+01 -3.5041719200e-01 -3.0475560800e-01 -2.2106271700e-01  5.6231961700e-01  5.9503553900e-01  5.8324921200e-01
    1.2950000000e+01 -3.4722940900e-01 -3.0215222900e-01 -2.1926341600e-01  5.5932530100e-01  5.9226739600e-01  5.8146132700e-01
    1.2960000000e+01 -3.4403476400e-01 -2.9954109400e-01 -2.1746190700e-01  5.5631664200e-01  5.8946876700e-01  5.7960293500e-01
    1.2970000000e+01 -3.4083021900e-01 -2.9691669200e-01 -2.1564748100e-01  5.5329365000e-01  5.8664109600e-01  5.7767749700e-01
    1.2980000000e+01 -3.3761268500e-01 -2.9427344500e-01 -2.1381019800e-01  5.5025647200e-01  5.8378643600e-01  5.7569021200e-01
    1.2990000000e+01 -3.3437896400e-01 -2.9160571300e-01 -2.1194116300e-01  5.4720538700e-01  5.8090765000e-01  5.7364785400e-01
    1.3000000000e+01 -3.3112566800e-01 -2.8890792700e-01 -2.1003275500e-01  5.4414085600e-01  5.7800865300e-01  5.7155859600e-01
    1.3010000000e+01 -3.2784917700e-01 -2.8617487800e-01 -2.0807885500e-01  5.4106361900e-01  5.7509461000e-01  5.6943183500e-01
    1.3020000000e+01 -3.2454564700e-01 -2.8340214200e-01 -2.0607508100e-01  5.3797483100e-01  5.7217202700e-01  5.6727799000e-01
    1.3030000000e+01 -3.2121108100e-01 -2.8058655900e-01 -2.0401905200e-01  5.3487619200e-01  5.6924865200e-01  5.6510824700e-01
    1.3040000000e+01 -3.1784147300e-01 -2.7772671300e-01 -2.0191063900e-01  5.3177004000e-01  5.6633317700e-01  5.6293420700e-01
    1.3050000000e+01 -3.1443297000e-01 -2.7482329200e-01 -1.9975217800e-01  5.2865937000e-01  5.6343474800e-01  5.6076741100e-01
    1.3060000000e+01 -3.1098202400e-01 -2.7187927200e-01 -1.9754857200e-01  5.2554778700e-01  5.6056233200e-01  5.5861874900e-01
    1.3070000000e+01 -3.0748548900e-01 -2.6889986100e-01 -1.9530720000e-01  5.2243940500e-01  5.5772402900e-01  5.5649777900e-01
    1.3080000000e+01 -3.0394064400e-01 -2.6589220300e-01 -1.9303761300e-01  5.1933875300e-01  5.5492642500e-01  5.5441203600e-01
    1.3090000000e+01 -3.0034517900e-01 -2.6286487200e-01 -1.9075097300e-01  5.1625071600e-01  5.5217407800e-01  5.5236642300e-01
    1.3100000000e+01 -2.9669715800e-01 -2.5982721300e-01 -1.8845929800e-01  5.1318055800e-01  5.4946922000e-01  5.5036279800e-01
    1.3110000000e+01 -2.9299505400e-01 -2.5678864800e-01 -1.8617457500e-01  5.1013399500e-01  5.4681169700e-01  5.4839981400e-01
    1.3120000000e+01 -2.8923785900e-01 -2.5375803400e-01 -1.8390786500e-01  5.0711729400e-01  5.4419916600e-01  5.4647306400e-01
    1.3130000000e+01 -2.8542530100e-01 -2.5074318300e-01 -1.8166850600e-01  5.0413731500e-01  5.4162746000e-01  5.4457550000e-01
    1.3140000000e+01 -2.8155812200e-01 -2.4775057700e-01 -1.7946350700e-01  5.0120144900e-01  5.3909105100e-01  5.4269808100e-01
    1.3150000000e+01 -2.7763836200e-01 -2.4478529100e-01 -1.7729719800e-01  4.9831741700e-01  5.3658349300e-01  5.4083054300e-01
    1.3160000000e+01 -2.7366954800e-01 -2.4185105700e-01 -1.7517114500e-01  4.9549293000e-01  5.3409776000e-01  5.3896219200e-01
    1.3170000000e+01 -2.6965677100e-01 -2.3895038800e-01 -1.7308430900e-01  4.9273528300e-01  5.3162645400e-01  5.3708263500e-01
    1.3180000000e+01 -2.6560659500e-01 -2.3608467700e-01 -1.7103338500e-01  4.9005092500e-01  5.2916187800e-01  5.3518237200e-01
    1.3190000000e+01 -2.6152683700e-01 -2.3325420000e-01 -1.6901326300e-01  4.8744508500e-01  5.2669605000e-01  5.3325320800e-01
    1.3200000000e+01 -2.5742624900e-01 -2.3045802600e-01 -1.6701752300e-01  4.8492150100e-01  5.2422071400e-01  5.3128848600e-01
    1.3210000000e+01 -2.5331415500e-01 -2.2769383900e-01 -1.6503890900e-01  4.8248223700e-01  5.2172743600e-01  5.2928314000e-01
    1.3220000000e+01 -2.4920007900e-01 -2.2495775000e-01 -1.6306972600e-01  4.8012761300e-01  5.1920780300e-01  5.2723363000e-01
    1.3230000000e+01 -2.4509337400e-01 -2.2224415100e-01 -1.6110213300e-01  4.7785620600e-01  5.1665374700e-01  5.2513778800e-01
    1.3240000000e+01 -2.4100287100e-01 -2.1954566600e-01 -1.5912833200e-01  4.7566491500e-01  5.1405794600e-01  5.2299463900e-01
    1.3250000000e+01 -2.3693653900e-01 -2.1685324700e-01 -1.5714065500e-01  4.7354910000e-01  5.1141426700e-01  5.2080422800e-01
    1.3260000000e+01 -2.3290116200e-01 -2.1415640800e-01 -1.5513158600e-01  4.7150277900e-01  5.0871817800e-01  5.1856750200e-01
    1.3270000000e+01 -2.2890205500e-01 -2.1144357100e-01 -1.5309374800e-01  4.6951891800e-01  5.0596708900e-01  5.1628624600e-01
    1.3280000000e+01 -2.2494283800e-01 -2.0870249700e-01 -1.5101988400e-01  4.6758978500e-01  5.0316057800e-01  5.1396308500e-01
    1.3290000000e+01 -2.2102530900e-01 -2.0592073800e-01 -1.4890287500e-01  4.6570738600e-01  5.0030050100e-01  5.1160154900e-01
    1.3300000000e+01 -2.1714943600e-01 -2.0308609800e-01 -1.4673580200e-01  4.6386392900e-01  4.9739099700e-01  5.0920616300e-01
    1.3310000000e+01 -2.1331348100e-01 -2.0018704800e-01 -1.4451208700e-01  4.6205229600e-01  4.9443840600e-01  5.0678254400e-01
    1.3320000000e+01 -2.0951426300e-01 -1.9721312900e-01 -1.4222570500e-01  4.6026645200e-01  4.9145112700e-01  5.0433747100e-01
    1.3330000000e+01 -2.0574754500e-01 -1.9415531300e-01 -1.3987144900e-01  4.5850178100e-01  4.8843940600e-01  5.0187889200e-01
    1.3340000000e+01 -2.0200849100e-01 -1.9100634700e-01 -1.3744522800e-01  4.5675527800e-01  4.8541508000e-01  4.9941582800e-01
    1.3350000000e+01 -1.9829217800e-01 -1.8776105500e-01 -1.3494436000e-01  4.5502559100e-01  4.8239123300e-01  4.9695817600e-01
    1.3360000000e+01 -1.9459408300e-01 -1.8441659100e-01 -1.3236779000e-01  4.5331288900e-01  4.7938177900e-01  4.9451641200e-01
    1.3370000000e+01 -1.9091048400e-01 -1.8097259000e-01 -1.2971621600e-01  4.5161858300e-01  4.7640096800e-01  4.9210120900e-01
    1.3380000000e+01 -1.8723873200e-01 -1.7743119200e-01 -1.2699207600e-01  4.4994493100e-01  4.7346283100e-01  4.8972305500e-01
    1.3390000000e+01 -1.8357733800e-01 -1.7379690300e-01 -1.2419941500e-01  4.4829459800e-01  4.7058063700e-01  4.8739189200e-01
    1.3400000000e+01 -1.7992590600e-01 -1.7007629900e-01 -1.2134365400e-01  4.4667025800e-01  4.6776639600e-01  4.8511686100e-01
    1.3410000000e+01 -1.7628493300e-01 -1.6627759100e-01 -1.1843133300e-01  4.4507428700e-01  4.6503049500e-01  4.8290616500e-01
    1.3420000000e+01 -1.7265554700e-01 -1.6241012600e-01 -1.1546988900e-01  4.4350859000e-01  4.6238149300e-01  4.8076703200e-01
    1.3430000000e+01 -1.6903925700e-01 -1.5848387800e-01 -1.1246750900e-01  4.4197455400e-01  4.5982609900e-01  4.7870575800e-01
    1.3440000000e+01 -1.6543774500e-01 -1.5450901100e-01 -1.0943309000e-01  4.4047309300e-01  4.5736930600e-01  4.7672773500e-01
    1.3450000000e+01 -1.6185274900e-01 -1.5049556100e-01 -1.0637627000e-01  4.3900474000e-01  4.5501463300e-01  4.7483741800e-01
    1.3460000000e+01 -1.5828600100e-01 -1.4645325400e-01 -1.0330747200e-01  4.3756973500e-01  4.5276440700e-01  4.7303819000e-01
    1.3470000000e+01 -1.5473920400e-01 -1.4239145300e-01 -1.0023788600e-01  4.3616809400e-01  4.5062003300e-01  4.7133211000e-01
    1.3480000000e+01 -1.5121403200e-01 -1.3831920200e-01 -9.7179325000e-02  4.3479964600e-01  4.4858220700e-01  4.6971961600e-01
    1.3490000000e+01 -1.4771211600e-01 -1.3424531900e-01 -9.4143928000e-02  4.3346407100e-01  4.4665104100e-01  4.6819923100e-01
    1.3500000000e+01 -1.4423502900e-01 -1.3017851800e-01 -9.1143721000e-02  4.3216092300e-01  4.4482611400e-01  4.6676737600e-01
    1.3510000000e+01 -1.4078428200e-01 -1.2612750400e-01 -8.8190089000e-02  4.3088968700e-01  4.4310643900e-01  4.6541832700e-01
    1.3520000000e+01 -1.3736134400e-01 -1.2210103400e-01 -8.5293237000e-02  4.2964982800e-01  4.4149037300e-01  4.6414436700e-01
    1.3530000000e+01 -1.3396768600e-01 -1.1810790900e-01 -8.2461702000e-02  4.2844084000e-01  4.3997548900e-01  4.6293610900e-01
    1.3540000000e+01 -1.3060486100e-01 -1.1415689800e-01 -7.9701997000e-02  4.2726226300e-01  4.3855843700e-01  4.6178297000e-01
    1.3550000000e+01 -1.2727458000e-01 -1.1025658200e-01 -7.7018411000e-02  4.2611367100e-01  4.3723483300e-01  4.6067372500e-01
    1.3560000000e+01 -1.2397879500e-01 -1.0641514200e-01 -7.4412993000e-02  4.2499461600e-01  4.3599921200e-01  4.5959709600e-01
    1.3570000000e+01 -1.2071975100e-01 -1.0264013300e-01 -7.1885711000e-02  4.2390455000e-01  4.3484505300e-01  4.5854229500e-01
    1.3580000000e+01 -1.1750002200e-01 -9.8938251000e-02 -6.9434749000e-02  4.2284272900e-01  4.3376489800e-01  4.5749948500e-01
    1.3590000000e+01 -1.1432251700e-01 -9.5315178000e-02 -6.7056919000e-02  4.2180809500e-01  4.3275054000e-01  4.5646011700e-01
    1.3600000000e+01 -1.1119047200e-01 -9.1775483000e-02 -6.4748126000e-02  4.2079916000e-01  4.3179324400e-01  4.5541712400e-01
    1.3610000000e+01 -1.0810739900e-01 -8.8322626000e-02 -6.2503847000e-02  4.1981386100e-01  4.3088397000e-01  4.5436497200e-01
    1.3620000000e+01 -1.0507700600e-01 -8.4959020000e-02 -6.0319601000e-02  4.1884941700e-01  4.3001354400e-01  4.5329956900e-01
    1.3630000000e+01 -1.0210305000e-01 -8.1686120000e-02 -5.8191350000e-02  4.1790218200e-01  4.2917276400e-01  4.5221804100e-01
    1.3640000000e+01 -9.9189126000e-02 -7.8504499000e-02 -5.6115807000e-02  4.1696752200e-01  4.2835243200e-01  4.5111839700e-01
    1.3650000000e+01 -9.6338392000e-02 -7.5413868000e-02 -5.4090608000e-02  4.1603974800e-01  4.2754335700e-01  4.4999910500e-01
    1.3660000000e+01 -9.3553240000e-02 -7.2413030000e-02 -5.2114320000e-02  4.1511215200e-01  4.2673635700e-01  4.4885864400e-01
    1.3670000000e+01 -9.0834964000e-02 -6.9499784000e-02 -5.0186281000e-02  4.1417714600e-01  4.2592230900e-01  4.4769509300e-01
    1.3680000000e+01 -8.8183465000e-02 -6.6670814000e-02 -4.8306289000e-02  4.1322654200e-01  4.2509228500e-01  4.4650581900e-01
    1.3690000000e+01 -8.5597050000e-02 -6.3921614000e-02 -4.6474215000e-02  4.1225193000e-01  4.2423776200e-01  4.4528731400e-01
    1.3700000000e+01 -8.3072371000e-02 -6.1246487000e-02 -4.4689581000e-02  4.1124513000e-01  4.2335089900e-01  4.4403521400e-01
    1.3710000000e+01 -8.0604524000e-02 -5.8638645000e-02 -4.2951207000e-02  4.1019865100e-01  4.2242483700e-01  4.4274446900e-01
    1.3720000000e+01 -7.8187306000e-02 -5.6090433000e-02 -4.1256967000e-02  4.0910609200e-01  4.2145396900e-01  4.4140963800e-01
    1.3730000000e+01 -7.5813586000e-02 -5.3593640000e-02 -3.9603690000e-02  4.0796243100e-01  4.2043414700e-01  4.4002522300e-01
    1.3740000000e+01 -7.3475756000e-02 -5.1139886000e-02 -3.7987205000e-02  4.0676415900e-01  4.1936277800e-01  4.3858599000e-01
    1.3750000000e+01 -7.1166170000e-02 -4.8721025000e-02 -3.6402482000e-02  4.0550924500e-01  4.1823878000e-01  4.3708720900e-01
    1.3760000000e+01 -6.8877521000e-02 -4.6329525000e-02 -3.4843821000e-02  4.0419696400e-01  4.1706241700e-01  4.3552479400e-01
    1.3770000000e+01 -6.6603112000e-02 -4.3958761000e-02 -3.3305025000e-02  4.0282762000e-01  4.1583501400e-01  4.3389535300e-01
    1.3780000000e+01 -6.4336984000e-02 -4.1603203000e-02 -3.1779529000e-02  4.0140222400e-01  4.1455859200e-01  4.3219618400e-01
    1.3790000000e+01 -6.2073931000e-02 -3.9258465000e-02 -3.0260470000e-02  3.9992219400e-01  4.1323548800e-01  4.3042526000e-01
    1.3800000000e+01 -5.9809403000e-02 -3.6921238000e-02 -2.8740726000e-02  3.9838909800e-01  4.1186798500e-01  4.2858123600e-01
    1.3810000000e+01 -5.7539364000e-02 -3.4589112000e-02 -2.7212942000e-02  3.9680448800e-01  4.1045800400e-01  4.2666350000e-01
    1.3820000000e+01 -5.5260111000e-02 -3.2260335000e-02 -2.5669600000e-02  3.9516980200e-01  4.0900686900e-01  4.2467225300e-01
    1.3830000000e+01 -5.2968109000e-02 -2.9933523000e-02 -2.4103129000e-02  3.9348635200e-01  4.0751516900e-01  4.2260859600e-01
    1.3840000000e+01 -5.0659845000e-02 -2.7607350000e-02 -2.2506072000e-02  3.9175536700e-01  4.0598270100e-01  4.2047457400e-01
    1.3850000000e+01 -4.8331725000e-02 -2.5280241000e-02 -2.0871285000e-02  3.8997808100e-01  4.0440849500e-01  4.1827317700e-01
    1.3860000000e+01 -4.5980025000e-02 -2.2950074000e-02 -1.9192129000e-02  3.8815585300e-01  4.0279092800e-01  4.1600824500e-01
    1.3870000000e+01 -4.3600888000e-02 -2.0613915000e-02 -1.7462615000e-02  3.8629029300e-01  4.0112792100e-01  4.1368433300e-01
    1.3880000000e+01 -4.1190384000e-02 -1.8267808000e-02 -1.5677487000e-02  3.8438337200e-01  3.9941722500e-01  4.1130652300e-01
    1.3890000000e+01 -3.8744615000e-02 -1.5906653000e-02 -1.3832234000e-02  3.8243750900e-01  3.9765677500e-01  4.0888024800e-01
    1.3900000000e+01 -3.6259843000e-02 -1.3524215000e-02 -1.1923039000e-02  3.8045559000e-01  3.9584509900e-01  4.0641115700e-01
    1.3910000000e+01 -3.3732624000e-02 -1.1113269000e-02 -9.9467150000e-03  3.7844094800e-01  3.9398170900e-01  4.0390502300e-01
    1.3920000000e+01 -3.1159911000e-02 -8.6658880000e-03 -7.9006380000e-03  3.7639727200e-01  3.9206743000e-01  4.0136770500e-01
    1.3930000000e+01 -2.8539117000e-02 -6.1738170000e-03 -5.7827210000e-03  3.7432850100e-01  3.9010460500e-01  3.9880513200e-01
    1.3940000000e+01 -2.5868118000e-02 -3.6288820000e-03 -3.5914100000e-03  3.7223869800e-01  3.8809716400e-01  3.9622328400e-01
    1.3950000000e+01 -2.3145203000e-02 -1.0233770000e-03 -1.3256860000e-03  3.7013195500e-01  3.8605056200e-01  3.9362814400e-01
    1.3960000000e+01 -2.0369000000e-02  1.6496200000e-03  1.0149480000e-03  3.6801234200e-01  3.8397162400e-01  3.9102564600e-01
    1.3970000000e+01 -1.7538403000e-02  4.3960070000e-03  3.4305100000e-03  3.6588390200e-01  3.8186834900e-01  3.8842161500e-01
    1.3980000000e+01 -1.4652519000e-02  7.2204740000e-03  5.9206000000e-03  3.6375069600e-01  3.7974968600e-01  3.8582174300e-01
    1.3990000000e+01 -1.1710662000e-02  1.0126375000e-02  8.4844660000e-03  3.6161686000e-01  3.7762532500e-01  3.8323160700e-01
    1.4000000000e+01 -8.7123990000e-03  1.3115610000e-02  1.1121031000e-02  3.5948666100e-01  3.7550546600e-01  3.8065672300e-01
    1.4010000000e+01 -5.6576230000e-03  1.6188544000e-02  1.3828871000e-02  3.5736451600e-01  3.7340058500e-01  3.7810262000e-01
    1.4020000000e+01 -2.5466500000e-03  1.9343958000e-02  1.6606129000e-02  3.5525497500e-01  3.7132115600e-01  3.7557488000e-01
    1.4030000000e+01  6.1970100000e-04  2.2579056000e-02  1.9450394000e-02  3.5316264500e-01  3.6927736300e-01  3.7307914400e-01
    1.4040000000e+01  3.8400530000e-03  2.5889545000e-02  2.2358563000e-02  3.5109209500e-01  3.6727881000e-01  3.7062103200e-01
    1.4050000000e+01  7.1124540000e-03  2.9269791000e-02  2.5326737000e-02  3.4904773100e-01  3.6533425500e-01  3.6820600700e-01
    1.4060000000e+01  1.0434409000e-02  3.2713028000e-02  2.8350157000e-02  3.4703367900e-01  3.6345140400e-01  3.6583918800e-01
    1.4070000000e+01  1.3802932000e-02  3.6211597000e-02  3.1423204000e-02  3.4505369100e-01  3.6163677600e-01  3.6352513300e-01
    1.4080000000e+01  1.7214624000e-02  3.9757175000e-02  3.4539474000e-02  3.4311106400e-01  3.5989563000e-01  3.6126762400e-01
    1.4090000000e+01  2.0665752000e-02  4.3340990000e-02  3.7691906000e-02  3.4120859100e-01  3.5823192900e-01  3.5906946400e-01
    1.4100000000e+01  2.4152327000e-02  4.6954006000e-02  4.0872968000e-02  3.3934853000e-01  3.5664834000e-01  3.5693231300e-01
    1.4110000000e+01  2.7670180000e-02  5.0587102000e-02  4.4074887000e-02  3.3753257300e-01  3.5514622100e-01  3.5485656500e-01
    1.4120000000e+01  3.1215029000e-02  5.4231261000e-02  4.7289915000e-02  3.3576182300e-01  3.5372561700e-01  3.5284128300e-01
    1.4130000000e+01  3.4782568000e-02  5.7877783000e-02  5.0510604000e-02  3.3403677600e-01  3.5238527400e-01  3.5088420600e-01
    1.4140000000e+01  3.8368560000e-02  6.1518534000e-02  5.3730086000e-02  3.3235730400e-01  3.5112269400e-01  3.4898181600e-01
    1.4150000000e+01  4.1968939000e-02  6.5146216000e-02  5.6942327000e-02  3.3072267300e-01  3.4993426800e-01  3.4712948900e-01
    1.4160000000e+01  4.5579918000e-02  6.8754611000e-02  6.0142333000e-02  3.2913156900e-01  3.4881550400e-01  3.4532169000e-01
    1.4170000000e+01  4.9198083000e-02  7.2338771000e-02  6.3326309000e-02  3.2758216300e-01  3.4776135200e-01  3.4355222000e-01
    1.4180000000e+01  5.2820474000e-02  7.5895086000e-02  6.6491751000e-02  3.2607218400e-01  3.4676660700e-01  3.4181447800e-01
    1.4190000000e+01  5.6444650000e-02  7.9421214000e-02  6.9637479000e-02  3.2459900500e-01  3.4582633700e-01  3.4010174900e-01
    1.4200000000e+01  6.0068737000e-02  8.2915847000e-02  7.2763605000e-02  3.2315974600e-01  3.4493628000e-01  3.3840748700e-01
    1.4210000000e+01  6.3691462000e-02  8.6378324000e-02  7.5871434000e-02  3.2175137700e-01  3.4409314000e-01  3.3672559100e-01
    1.4220000000e+01  6.7312160000e-02  8.9808151000e-02  7.8963288000e-02  3.2037083800e-01  3.4329472100e-01  3.3505064700e-01
    1.4230000000e+01  7.0930757000e-02  9.3204491000e-02  8.2042261000e-02  3.1901515600e-01  3.4253986700e-01  3.3337812200e-01
    1.4240000000e+01  7.4547718000e-02  9.6565694000e-02  8.5111927000e-02  3.1768155700e-01  3.4182820800e-01  3.3170446100e-01
    1.4250000000e+01  7.8163971000e-02  9.9888961000e-02  8.8176033000e-02  3.1636755000e-01  3.4115972900e-01  3.3002708500e-01
    1.4260000000e+01  8.1780820000e-02  1.0317018400e-01  9.1238226000e-02  3.1507098800e-01  3.4053424500e-01  3.2834427100e-01
    1.4270000000e+01  8.5399849000e-02  1.0640399100e-01  9.4301857000e-02  3.1379009500e-01  3.3995084000e-01  3.2665496200e-01
    1.4280000000e+01  8.9022851000e-02  1.0958400000e-01  9.7369892000e-02  3.1252345700e-01  3.3940735700e-01  3.2495852200e-01
    1.4290000000e+01  9.2651777000e-02  1.1270322100e-01  1.0044493400e-01  3.1127001300e-01  3.3890000700e-01  3.2325451400e-01
    1.4300000000e+01  9.6288710000e-02  1.1575457700e-01  1.0352932300e-01  3.1002903800e-01  3.3842314300e-01  3.2154252600e-01
    1.4310000000e+01  9.9935874000e-02  1.1873146000e-01  1.0662529200e-01  3.0880015700e-01  3.3796921300e-01  3.1982208200e-01
    1.4320000000e+01  1.0359563100e-01  1.2162825200e-01  1.0973512000e-01  3.0758339500e-01  3.3752889700e-01  3.1809264300e-01
    1.4330000000e+01  1.0727045700e-01  1.2444076800e-01  1.1286125100e-01  3.0637927500e-01  3.3709138600e-01  3.1635367200e-01
    1.4340000000e+01  1.1096285700e-01  1.2716657700e-01  1.1600636600e-01  3.0518894000e-01  3.3664476200e-01  3.1460475300e-01
    1.4350000000e+01  1.1467518600e-01  1.2980517300e-01  1.1917338000e-01  3.0401427300e-01  3.3617643200e-01  3.1284571000e-01
    1.4360000000e+01  1.1840938500e-01  1.3235801700e-01  1.2236538500e-01  3.0285795200e-01  3.3567354800e-01  3.1107673500e-01
    1.4370000000e+01  1.2216665900e-01  1.3482846500e-01  1.2558554200e-01  3.0172339200e-01  3.3512337500e-01  3.0929845200e-01
    1.4380000000e+01  1.2594713800e-01  1.3722161100e-01  1.2883695200e-01  3.0061454200e-01  3.3451358000e-01  3.0751195500e-01
    1.4390000000e+01  1.2974961200e-01  1.3954411400e-01  1.3212251700e-01  2.9953552500e-01  3.3383241100e-01  3.0571876500e-01
    1.4400000000e+01  1.3357139300e-01  1.4180403600e-01  1.3544483200e-01  2.9849016000e-01  3.3306879900e-01  3.0392074900e-01
    1.4410000000e+01  1.3740836900e-01  1.4401074700e-01  1.3880612100e-01  2.9748141000e-01  3.3221238800e-01  3.0211999100e-01
    1.4420000000e+01  1.4125525500e-01  1.4617490800e-01  1.4220823200e-01  2.9651084800e-01  3.3125356400e-01  3.0031865600e-01
    1.4430000000e+01  1.4510604500e-01  1.4830853500e-01  1.4565268800e-01  2.9557821200e-01  3.3018352100e-01  2.9851885900e-01
    1.4440000000e+01  1.4895462700e-01  1.5042509300e-01  1.4914079300e-01  2.9468112100e-01  3.2899441900e-01  2.9672257900e-01
    1.4450000000e+01  1.5279547300e-01  1.5253959000e-01  1.5267375400e-01  2.9381500900e-01  3.2767965700e-01  2.9493163000e-01
    1.4460000000e+01  1.5662434900e-01  1.5466858200e-01  1.5625281100e-01  2.9297329100e-01  3.2623425700e-01  2.9314769100e-01
    1.4470000000e+01  1.6043894200e-01  1.5683004500e-01  1.5987931200e-01  2.9214776100e-01  3.2465532000e-01  2.9137239800e-01
    1.4480000000e+01  1.6423933400e-01  1.5904306000e-01  1.6355475000e-01  2.9132917000e-01  3.2294250300e-01  2.8960744500e-01
    1.4490000000e+01  1.6802827300e-01  1.6132730200e-01  1.6728072400e-01  2.9050792200e-01  3.2109840800e-01  2.8785469400e-01
    1.4500000000e+01  1.7181122000e-01  1.6370237700e-01  1.7105886900e-01  2.8967479900e-01  3.1912882400e-01  2.8611623600e-01
    1.4510000000e+01  1.7559618600e-01  1.6618706400e-01  1.7489076300e-01  2.8882164700e-01  3.1704272200e-01  2.8439439300e-01
    1.4520000000e+01  1.7939340900e-01  1.6879857500e-01  1.7877786200e-01  2.8794195800e-01  3.1485200000e-01  2.8269168700e-01
    1.4530000000e+01  1.8321492600e-01  1.7155194800e-01  1.8272147800e-01  2.8703130800e-01  3.1257097900e-01  2.8101076500e-01
    1.4540000000e+01  1.8707409700e-01  1.7445966700e-01  1.8672280400e-01  2.8608766100e-01  3.1021574300e-01  2.7935434200e-01
    1.4550000000e+01  1.9098514400e-01  1.7753154700e-01  1.9078298100e-01  2.8511155900e-01  3.0780343000e-01  2.7772516900e-01
    1.4560000000e+01  1.9496270600e-01  1.8077486700e-01  1.9490318200e-01  2.8410624100e-01  3.0535159300e-01  2.7612605400e-01
    1.4570000000e+01  1.9902141300e-01  1.8419469400e-01  1.9908468500e-01  2.8307772400e-01  3.0287773600e-01  2.7455994500e-01
    1.4580000000e+01  2.0317545600e-01  1.8779428200e-01  2.0332889600e-01  2.8203485500e-01  3.0039905400e-01  2.7303005300e-01
    1.4590000000e+01  2.0743810000e-01  1.9157544500e-01  2.0763731500e-01  2.8098934600e-01  2.9793239700e-01  2.7154000300e-01
    1.4600000000e+01  2.1182115900e-01  1.9553881700e-01  2.1201142700e-01  2.7995572800e-01  2.9549439000e-01  2.7009397400e-01
    1.4610000000e+01  2.1633440700e-01  1.9968393900e-01  2.1645251500e-01  2.7895120300e-01  2.9310162800e-01  2.6869680000e-01
    1.4620000000e+01  2.2098498100e-01  2.0400917300e-01  2.2096143800e-01  2.7799534600e-01  2.9077085700e-01  2.6735399100e-01
    1.4630000000e+01  2.2577682500e-01  2.0851147900e-01  2.2553839500e-01  2.7710963800e-01  2.8851905800e-01  2.6607167100e-01
    1.4640000000e+01  2.3071024500e-01  2.1318611800e-01  2.3018271600e-01  2.7631684300e-01  2.8636336400e-01  2.6485641800e-01
    1.4650000000e+01  2.3578161800e-01  2.1802637900e-01  2.3489271300e-01  2.7564026900e-01  2.8432081800e-01  2.6371504400e-01
    1.4660000000e+01  2.4098330500e-01  2.2302339800e-01  2.3966562600e-01  2.7510296900e-01  2.8240797700e-01  2.6265433100e-01
    1.4670000000e+01  2.4630375400e-01  2.2816613600e-01  2.4449765000e-01  2.7472695300e-01  2.8064044300e-01  2.6168076400e-01
    1.4680000000e+01  2.5172778900e-01  2.3344153500e-01  2.4938405400e-01  2.7453247600e-01  2.7903237800e-01  2.6080030300e-01
    1.4690000000e+01  2.5723703000e-01  2.3883482600e-01  2.5431934400e-01  2.7453743900e-01  2.7759610100e-01  2.6001821300e-01
    1.4700000000e+01  2.6281038200e-01  2.4432995300e-01  2.5929746700e-01  2.7475692400e-01  2.7634181100e-01  2.5933895500e-01
    1.4710000000e+01  2.6842456600e-01  2.4991002600e-01  2.6431201400e-01  2.7520286300e-01  2.7527745700e-01  2.5876616000e-01
    1.4720000000e+01  2.7405462400e-01  2.5555776300e-01  2.6935639400e-01  2.7588380000e-01  2.7440876100e-01  2.5830264800e-01
    1.4730000000e+01  2.7967441200e-01  2.6125584200e-01  2.7442398500e-01  2.7680472100e-01  2.7373933400e-01  2.5795049700e-01
    1.4740000000e+01  2.8525707300e-01  2.6698716400e-01  2.7950823000e-01  2.7796691000e-01  2.7327086200e-01  2.5771113900e-01
    1.4750000000e+01  2.9077552700e-01  2.7273501400e-01  2.8460269200e-01  2.7936781400e-01  2.7300327400e-01  2.5758545400e-01
    1.4760000000e+01  2.9620301800e-01  2.7848316100e-01  2.8970106800e-01  2.8100092400e-01  2.7293488000e-01  2.5757385600e-01
    1.4770000000e+01  3.0151374200e-01  2.8421593400e-01  2.9479717000e-01  2.8285570000e-01  2.7306244700e-01  2.5767635500e-01
    1.4780000000e+01  3.0668358700e-01  2.8991832200e-01  2.9988489800e-01  2.8491759900e-01  2.7338122300e-01  2.5789258100e-01
    1.4790000000e+01  3.1169095800e-01  2.9557613100e-01  3.0495822200e-01  2.8716826800e-01  2.7388493700e-01  2.5822177200e-01
    1.4800000000e+01  3.1651762700e-01  3.0117621400e-01  3.1001118000e-01  2.8958598200e-01  2.7456583000e-01  2.5866273800e-01
    1.4810000000e+01  3.2114953200e-01  3.0670674800e-01  3.1503792800e-01  2.9214634500e-01  2.7541475300e-01  2.5921381900e-01
    1.4820000000e+01  3.2557739100e-01  3.1215753600e-01  3.2003281000e-01  2.9482326400e-01  2.7642137000e-01  2.5987285500e-01
    1.4830000000e+01  3.2979704400e-01  3.1752027000e-01  3.2499047000e-01  2.9759012300e-01  2.7757447900e-01  2.6063719200e-01
    1.4840000000e+01  3.3380943000e-01  3.2278871200e-01  3.2990596100e-01  3.0042105000e-01  2.7886243300e-01  2.6150373600e-01
    1.4850000000e+01  3.3762020400e-01  3.2795874200e-01  3.3477484500e-01  3.0329215200e-01  2.8027363300e-01  2.6246904900e-01
    1.4860000000e+01  3.4123899900e-01  3.3302825600e-01  3.3959325100e-01  3.0618259000e-01  2.8179702100e-01  2.6352949500e-01
    1.4870000000e+01  3.4467843300e-01  3.3799692800e-01  3.4435788500e-01  3.0907540600e-01  2.8342255000e-01  2.6468139000e-01
    1.4880000000e+01  3.4795293300e-01  3.4286583800e-01  3.4906599000e-01  3.1195804000e-01  2.8514154500e-01  2.6592116300e-01
    1.4890000000e+01  3.5107747700e-01  3.4763703200e-01  3.5371524900e-01  3.1482251100e-01  2.8694696200e-01  2.6724549100e-01
    1.4900000000e+01  3.5406633800e-01  3.5231303900e-01  3.5830366300e-01  3.1766526500e-01  2.8883351300e-01  2.6865140900e-01
    1.4910000000e+01  3.5693191200e-01  3.5689638400e-01  3.6282939200e-01  3.2048669200e-01  2.9079767500e-01  2.7013637400e-01
    1.4920000000e+01  3.5968371600e-01  3.6138913100e-01  3.6729059500e-01  3.2329033400e-01  2.9283758700e-01  2.7169829300e-01
    1.4930000000e+01  3.6232764300e-01  3.6579245700e-01  3.7168524400e-01  3.2608184900e-01  2.9495286000e-01  2.7333551700e-01
    1.4940000000e+01  3.6486554400e-01  3.7010628000e-01  3.7601094900e-01  3.2886780400e-01  2.9714431800e-01  2.7504679300e-01
    1.4950000000e+01  3.6729516100e-01  3.7432893500e-01  3.8026476300e-01  3.3165441500e-01  2.9941366500e-01  2.7683117400e-01
    1.4960000000e+01  3.6961041300e-01  3.7845690100e-01  3.8444299100e-01  3.3444633300e-01  3.0176309900e-01  2.7868787100e-01
    1.4970000000e+01  3.7180197900e-01  3.8248458000e-01  3.8854100800e-01  3.3724558200e-01  3.0419486600e-01  2.8061603000e-01
    1.4980000000e+01  3.7385809300e-01  3.8640413100e-01  3.9255312300e-01  3.4005070300e-01  3.0671073700e-01  2.8261443200e-01
    1.4990000000e+01  3.7576549800e-01  3.9020540400e-01  3.9647251600e-01  3.4285610100e-01  3.0931141100e-01  2.8468110700e-01
    1.5000000000e+01  3.7751050200e-01  3.9387597200e-01  4.0029130400e-01  3.4565160400e-01  3.1199583400e-01  2.8681288900e-01
    1.5010000000e+01  3.7908012900e-01  3.9740135100e-01  4.0400074400e-01  3.4842222900e-01  3.1476045500e-01  2.8900496800e-01
    1.5020000000e+01  3.8046336500e-01  4.0076540700e-01  4.0759159600e-01  3.5114816900e-01  3.1759846300e-01  2.9125047400e-01
    1.5030000000e+01  3.8165246700e-01  4.0395102600e-01  4.1105462700e-01  3.5380507000e-01  3.2049905300e-01  2.9354015500e-01
    1.5040000000e+01  3.8264428500e-01  4.0694101800e-01  4.1438121400e-01  3.5636465200e-01  3.2344683100e-01  2.9586219500e-01
    1.5050000000e+01  3.8344148700e-01  4.0971925800e-01  4.1756401200e-01  3.5879572500e-01  3.2642140500e-01  2.9820219300e-01
    1.5060000000e+01  3.8405352200e-01  4.1227199800e-01  4.2059763800e-01  3.6106560900e-01  3.2939728500e-01  3.0054331000e-01
    1.5070000000e+01  3.8449719300e-01  4.1458927700e-01  4.2347933900e-01  3.6314185900e-01  3.3234411600e-01  3.0286658100e-01
    1.5080000000e+01  3.8479669500e-01  4.1666633300e-01  4.2620959700e-01  3.6499418400e-01  3.3522731700e-01  3.0515140400e-01
    1.5090000000e+01  3.8498306700e-01  4.1850488300e-01  4.2879264900e-01  3.6659632500e-01  3.3800911400e-01  3.0737619500e-01
    1.5100000000e+01  3.8509310600e-01  4.2011416900e-01  4.3123684700e-01  3.6792770900e-01  3.4064995700e-01  3.0951918800e-01
    1.5110000000e+01  3.8516785400e-01  4.2151164300e-01  4.3355482300e-01  3.6897467300e-01  3.4311022900e-01  3.1155935700e-01
    1.5120000000e+01  3.8525086600e-01  4.2272320700e-01  4.3576341300e-01  3.6973117000e-01  3.4535216500e-01  3.1347738800e-01
    1.5130000000e+01  3.8538646200e-01  4.2378296000e-01  4.3788332100e-01  3.7019893500e-01  3.4734183000e-01  3.1525662000e-01
    1.5140000000e+01  3.8561815800e-01  4.2473244900e-01  4.3993856100e-01  3.7038719500e-01  3.4905102100e-01  3.1688388800e-01
    1.5150000000e+01  3.8598738600e-01  4.2561945400e-01  4.4195569700e-01  3.7031208900e-01  3.5045896700e-01  3.1835019700e-01
    1.5160000000e+01  3.8653252600e-01  4.2649639400e-01  4.4396296600e-01  3.6999594400e-01  3.5155371400e-01  3.1965119700e-01
    1.5170000000e+01  3.8728818300e-01  4.2741843700e-01  4.4598932600e-01  3.6946656200e-01  3.5233311500e-01  3.2078744200e-01
    1.5180000000e+01  3.8828461700e-01  4.2844140900e-01  4.4806348800e-01  3.6875656700e-01  3.5280537500e-01  3.2176443500e-01
    1.5190000000e+01  3.8954720200e-01  4.2961962500e-01  4.5021298300e-01  3.6790281900e-01  3.5298911400e-01  3.2259245800e-01
    1.5200000000e+01  3.9109586000e-01  4.3100373100e-01  4.5246329800e-01  3.6694581200e-01  3.5291294500e-01  3.2328622400e-01
    1.5210000000e+01  3.9294445700e-01  4.3263869500e-01  4.5483714200e-01  3.6592897300e-01  3.5261456400e-01  3.2386435900e-01
    1.5220000000e+01  3.9510022900e-01  4.3456204600e-01  4.5735386100e-01  3.6489779700e-01  3.5213941000e-01  3.2434876000e-01
    1.5230000000e+01  3.9756331000e-01  4.3680247700e-01  4.6002901900e-01  3.6389878900e-01  3.5153896300e-01  3.2476389900e-01
    1.5240000000e+01  4.0032645200e-01  4.3937888300e-01  4.6287415800e-01  3.6297823100e-01  3.5086879300e-01  3.2513609300e-01
    1.5250000000e+01  4.0337500300e-01  4.4229988100e-01  4.6589669200e-01  3.6218084300e-01  3.5018647800e-01  3.2549282100e-01
    1.5260000000e+01  4.0668718900e-01  4.4556380200e-01  4.6909992000e-01  3.6154839300e-01  3.4954954200e-01  3.2586208700e-01
    1.5270000000e+01  4.1023470200e-01  4.4915911800e-01  4.7248310000e-01  3.6111835800e-01  3.4901350000e-01  3.2627185200e-01
    1.5280000000e+01  4.1398360700e-01  4.5306522300e-01  4.7604157400e-01  3.6092270000e-01  3.4863012200e-01  3.2674952000e-01
    1.5290000000e+01  4.1789551700e-01  4.5725349800e-01  4.7976690300e-01  3.6098685300e-01  3.4844593700e-01  3.2732147300e-01
    1.5300000000e+01  4.2192900700e-01  4.6168857300e-01  4.8364702200e-01  3.6132898700e-01  3.4850103500e-01  3.2801260500e-01
    1.5310000000e+01  4.2604118000e-01  4.6632973000e-01  4.8766640200e-01  3.6195962000e-01  3.4882812700e-01  3.2884584700e-01
    1.5320000000e+01  4.3018929600e-01  4.7113239700e-01  4.9180627600e-01  3.6288161200e-01  3.4945188700e-01  3.2984166400e-01
    1.5330000000e+01  4.3433236100e-01  4.7604970400e-01  4.9604494600e-01  3.6409056700e-01  3.5038855400e-01  3.3101749800e-01
    1.5340000000e+01  4.3843254600e-01  4.8103408100e-01  5.0035824200e-01  3.6557562600e-01  3.5164580100e-01  3.3238723000e-01
    1.5350000000e+01  4.4245634500e-01  4.8603885500e-01  5.0472013600e-01  3.6732058200e-01  3.5322290700e-01  3.3396069100e-01
    1.5360000000e+01  4.4637535500e-01  4.9101979700e-01  5.0910351700e-01  3.6930524900e-01  3.5511122500e-01  3.3574331400e-01
    1.5370000000e+01  4.5016663800e-01  4.9593654100e-01  5.1348105000e-01  3.7150694900e-01  3.5729496800e-01  3.3773599700e-01
    1.5380000000e+01  4.5381262600e-01  5.0075379600e-01  5.1782603900e-01  3.7390196500e-01  3.5975226700e-01  3.3993519000e-01
    1.5390000000e+01  4.5730060300e-01  5.0544228000e-01  5.2211319600e-01  3.7646682900e-01  3.6245643900e-01  3.4233318400e-01
    1.5400000000e+01  4.6062187800e-01  5.0997935000e-01  5.2631926600e-01  3.7917929700e-01  3.6537738000e-01  3.4491852800e-01
    1.5410000000e+01  4.6377075700e-01  5.1434933000e-01  5.3042348700e-01  3.8201891700e-01  3.6848299900e-01  3.4767647400e-01
    1.5420000000e+01  4.6674351100e-01  5.1854357500e-01  5.3440796700e-01  3.8496718400e-01  3.7174062800e-01  3.5058938000e-01
    1.5430000000e+01  4.6953748500e-01  5.2256031100e-01  5.3825804700e-01  3.8800729900e-01  3.7511839600e-01  3.5363706300e-01
    1.5440000000e+01  4.7215050100e-01  5.2640425900e-01  5.4196274200e-01  3.9112366900e-01  3.7858656300e-01  3.5679714000e-01
    1.5450000000e+01  4.7458060100e-01  5.3008603900e-01  5.4551529900e-01  3.9430130100e-01  3.8211883200e-01  3.6004547400e-01
    1.5460000000e+01  4.7682613200e-01  5.3362127500e-01  5.4891382400e-01  3.9752526000e-01  3.8569358900e-01  3.6335684900e-01
    1.5470000000e+01  4.7888605400e-01  5.3702937700e-01  5.5216185700e-01  4.0078033900e-01  3.8929500400e-01  3.6670597500e-01
    1.5480000000e+01  4.8076033300e-01  5.4033197300e-01  5.5526871100e-01  4.0405099200e-01  3.9291384700e-01  3.7006883100e-01
    1.5490000000e+01  4.8245024800e-01  5.4355108200e-01  5.5824937500e-01  4.0732150700e-01  3.9654786500e-01  3.7342428700e-01
    1.5500000000e+01  4.8395853300e-01  5.4670717100e-01  5.6112383400e-01  4.1057630900e-01  4.0020160100e-01  3.7675579300e-01
    1.5510000000e+01  4.8528930100e-01  5.4981732100e-01  5.6391575100e-01  4.1380025300e-01  4.0388560300e-01  3.8005288400e-01
    1.5520000000e+01  4.8644783500e-01  5.5289372600e-01  5.6665060900e-01  4.1697879600e-01  4.0761510400e-01  3.8331221200e-01
    1.5530000000e+01  4.8744037100e-01  5.5594270700e-01  5.6935352600e-01  4.2009796100e-01  4.1140830800e-01  3.8653790000e-01
    1.5540000000e+01  4.8827399100e-01  5.5896432900e-01  5.7204705200e-01  4.2314417100e-01  4.1528452200e-01  3.8974112800e-01
    1.5550000000e+01  4.8895673600e-01  5.6195262400e-01  5.7474925000e-01  4.2610402200e-01  4.1926235500e-01  3.9293899800e-01
    1.5560000000e+01  4.8949792100e-01  5.6489630000e-01  5.7747230200e-01  4.2896417700e-01  4.2335818600e-01  3.9615289500e-01
    1.5570000000e+01  4.8990857400e-01  5.6777979100e-01  5.8022174800e-01  4.3171149600e-01  4.2758501500e-01  3.9940657400e-01
    1.5580000000e+01  4.9020183200e-01  5.7058446000e-01  5.8299635700e-01  4.3433344500e-01  4.3195174800e-01  4.0272423700e-01
    1.5590000000e+01  4.9039314500e-01  5.7328980300e-01  5.8578851700e-01  4.3681876100e-01  4.3646285800e-01  4.0612879200e-01
    1.5600000000e+01  4.9050015300e-01  5.7587456100e-01  5.8858502000e-01  4.3915821600e-01  4.4111836700e-01  4.0964039700e-01
    1.5610000000e+01  4.9054223500e-01  5.7831768300e-01  5.9136809200e-01  4.4134533000e-01  4.4591404500e-01  4.1327533900e-01
    1.5620000000e+01  4.9053978500e-01  5.8059913200e-01  5.9411658500e-01  4.4337686100e-01  4.5084174500e-01  4.1704523700e-01
    1.5630000000e+01  4.9051335700e-01  5.8270057100e-01  5.9680723300e-01  4.4525296900e-01  4.5588983600e-01  4.2095656300e-01
    1.5640000000e+01  4.9048285000e-01  5.8460592100e-01  5.9941594800e-01  4.4697706400e-01  4.6104371400e-01  4.2501046300e-01
    1.5650000000e+01  4.9046688200e-01  5.8630183200e-01  6.0191907200e-01  4.4855540200e-01  4.6628637900e-01  4.2920288300e-01
    1.5660000000e+01  4.9048239900e-01  5.8777802000e-01  6.0429454100e-01  4.4999657700e-01  4.7159910100e-01  4.3352498500e-01
    1.5670000000e+01  4.9054452500e-01  5.8902745800e-01  6.0652288300e-01  4.5131104800e-01  4.7696215900e-01  4.3796383600e-01
    1.5680000000e+01  4.9066653800e-01  5.9004635400e-01  6.0858796200e-01  4.5251079200e-01  4.8235560600e-01  4.4250331700e-01
    1.5690000000e+01  4.9085986500e-01  5.9083391200e-01  6.1047741200e-01  4.5360911400e-01  4.8776001300e-01  4.4712517300e-01
    1.5700000000e+01  4.9113398900e-01  5.9139184800e-01  6.1218272900e-01  4.5462054400e-01  4.9315706000e-01  4.5181008100e-01
    1.5710000000e+01  4.9149622400e-01  5.9172376500e-01  6.1369902500e-01  4.5556072600e-01  4.9852990100e-01  4.5653861900e-01
    1.5720000000e+01  4.9195138400e-01  5.9183446800e-01  6.1502452300e-01  4.5644618900e-01  5.0386323000e-01  4.6129201700e-01
    1.5730000000e+01  4.9250144700e-01  5.9172939800e-01  6.1615991200e-01  4.5729392400e-01  5.0914305000e-01  4.6605260800e-01
    1.5740000000e+01  4.9314532500e-01  5.9141428800e-01  6.1710769100e-01  4.5812077000e-01  5.1435624800e-01  4.7080396200e-01
    1.5750000000e+01  4.9387883800e-01  5.9089514500e-01  6.1787165500e-01  4.5894265800e-01  5.1949009500e-01  4.7553075700e-01
    1.5760000000e+01  4.9469495700e-01  5.9017850600e-01  6.1845661400e-01  4.5977382500e-01  5.2453186900e-01  4.8021849100e-01
    1.5770000000e+01  4.9558432800e-01  5.8927189900e-01  6.1886837300e-01  4.6062610500e-01  5.2946871300e-01  4.8485318000e-01
    1.5780000000e+01  4.9653601700e-01  5.8818431900e-01  6.1911394000e-01  4.6150840900e-01  5.3428780300e-01  4.8942117500e-01
    1.5790000000e+01  4.9753840700e-01  5.8692659800e-01  6.1920184700e-01  4.6242647900e-01  5.3897676300e-01  4.9390919100e-01
    1.5800000000e+01  4.9858013000e-01  5.8551152600e-01  6.1914247000e-01  4.6338293700e-01  5.4352425900e-01  4.9830458800e-01
    1.5810000000e+01  4.9965092600e-01  5.8395372600e-01  6.1894821500e-01  4.6437764900e-01  5.4792059600e-01  5.0259585500e-01
    1.5820000000e+01  5.0074233000e-01  5.8226931900e-01  6.1863348300e-01  4.6540834500e-01  5.5215823600e-01  5.0677321400e-01
    1.5830000000e+01  5.0184809200e-01  5.8047545200e-01  6.1821438600e-01  4.6647141900e-01  5.5623217800e-01  5.1082923600e-01
    1.5840000000e+01  5.0296428400e-01  5.7858976500e-01  6.1770823200e-01  4.6756281300e-01  5.6014019200e-01  5.1475935100e-01
    1.5850000000e+01  5.0408909300e-01  5.7662984500e-01  6.1713286100e-01  4.6867884700e-01  5.6388294000e-01  5.1856218700e-01
    1.5860000000e+01  5.0522232500e-01  5.7461264300e-01  6.1650589200e-01  4.6981688800e-01  5.6746401500e-01  5.2223970000e-01
    1.5870000000e+01  5.0636473500e-01  5.7255386200e-01  6.1584396700e-01  4.7097575700e-01  5.7088986900e-01  5.2579710700e-01
    1.5880000000e+01  5.0751729200e-01  5.7046730300e-01  6.1516203700e-01  4.7215582900e-01  5.7416962600e-01  5.2924264000e-01
    1.5890000000e+01  5.0868050500e-01  5.6836420200e-01  6.1447269700e-01  4.7335886000e-01  5.7731469700e-01  5.3258716700e-01
    1.5900000000e+01  5.0985392600e-01  5.6625261700e-01  6.1378559800e-01  4.7458758400e-01  5.8033819900e-01  5.3584366000e-01
    1.5910000000e+01  5.1103586300e-01  5.6413696700e-01  6.1310692600e-01  4.7584521400e-01  5.8325415800e-01  5.3902652800e-01
    1.5920000000e+01  5.1222331000e-01  5.6201779800e-01  6.1243901700e-01  4.7713491500e-01  5.8607654800e-01  5.4215076400e-01
    1.5930000000e+01  5.1341204200e-01  5.5989184000e-01  6.1178017800e-01  4.7845936900e-01  5.8881828500e-01  5.4523094800e-01
    1.5940000000e+01  5.1459680300e-01  5.5775234700e-01  6.1112478800e-01  4.7982042800e-01  5.9149023800e-01  5.4828012600e-01
    1.5950000000e+01  5.1577150600e-01  5.5558969200e-01  6.1046377200e-01  4.8121885600e-01  5.9410039300e-01  5.5130870200e-01
    1.5960000000e+01  5.1692944900e-01  5.5339213700e-01  6.0978542300e-01  4.8265410100e-01  5.9665318900e-01  5.5432347000e-01
    1.5970000000e+01  5.1806353400e-01  5.5114671900e-01  6.0907653100e-01  4.8412406400e-01  5.9914905500e-01  5.5732693900e-01
    1.5980000000e+01  5.1916657300e-01  5.4884020600e-01  6.0832367400e-01  4.8562482900e-01  6.0158413900e-01  5.6031702400e-01
    1.5990000000e+01  5.2023173100e-01  5.4646009700e-01  6.0751452700e-01  4.8715041100e-01  6.0395022500e-01  5.6328715600e-01
    1.6000000000e+01  5.2125314000e-01  5.4399565800e-01  6.0663905700e-01  4.8869261000e-01  6.0623483800e-01  5.6622674300e-01
    1.6010000000e+01  5.2222664000e-01  5.4143896400e-01  6.0569051400e-01  4.9024105300e-01  6.0842156700e-01  5.6912190200e-01
    1.6020000000e+01  5.2315058800e-01  5.3878591400e-01  6.0466618100e-01  4.9178352700e-01  6.1049061300e-01  5.7195637600e-01
    1.6030000000e+01  5.2402657600e-01  5.3603718400e-01  6.0356790900e-01  4.9330662000e-01  6.1241960100e-01  5.7471255100e-01
    1.6040000000e+01  5.2485995200e-01  5.3319902900e-01  6.0240243700e-01  4.9479664000e-01  6.1418463700e-01  5.7737255500e-01
    1.6050000000e+01  5.2566002400e-01  5.3028388300e-01  6.0118151800e-01  4.9624072000e-01  6.1576164500e-01  5.7991943500e-01
    1.6060000000e+01  5.2643989200e-01  5.2731064500e-01  5.9992180800e-01  4.9762797100e-01  6.1712791500e-01  5.8233839500e-01
    1.6070000000e+01  5.2721593400e-01  5.2430455900e-01  5.9864445800e-01  4.9895056800e-01  6.1826383000e-01  5.8461809000e-01
    1.6080000000e+01  5.2800697900e-01  5.2129658500e-01  5.9737435700e-01  5.0020463100e-01  6.1915462900e-01  5.8675189300e-01
    1.6090000000e+01  5.2883326500e-01  5.1832222500e-01  5.9613897500e-01  5.0139086200e-01  6.1979203600e-01  5.8873900100e-01
    1.6100000000e+01  5.2971525600e-01  5.1541982600e-01  5.9496683300e-01  5.0251486600e-01  6.2017555900e-01  5.9058525800e-01
    1.6110000000e+01  5.3067241600e-01  5.1262848500e-01  5.9388568700e-01  5.0358716300e-01  6.2031324500e-01  5.9230350200e-01
    1.6120000000e+01  5.3172199800e-01  5.0998576400e-01  5.9292059400e-01  5.0462287400e-01  6.2022177400e-01  5.9391334500e-01
    1.6130000000e+01  5.3287795900e-01  5.0752546100e-01  5.9209209600e-01  5.0564109000e-01  6.1992584200e-01  5.9544034000e-01
    1.6140000000e+01  5.3415006500e-01  5.0527570100e-01  5.9141472100e-01  5.0666396700e-01  6.1945690600e-01  5.9691460500e-01
    1.6150000000e+01  5.3554330600e-01  5.0325752700e-01  5.9089599900e-01  5.0771559600e-01  6.1885145800e-01  5.9836904800e-01
    1.6160000000e+01  5.3705765800e-01  5.0148410900e-01  5.9053609700e-01  5.0882078200e-01  6.1814905500e-01  5.9983742300e-01
    1.6170000000e+01  5.3868822500e-01  4.9996056900e-01  5.9032804800e-01  5.1000385100e-01  6.1739034900e-01  6.0135244900e-01
    1.6180000000e+01  5.4042569500e-01  4.9868431200e-01  5.9025850500e-01  5.1128762800e-01  6.1661530600e-01  6.0294418300e-01
    1.6190000000e+01  5.4225701700e-01  4.9764572300e-01  5.9030883500e-01  5.1269267700e-01  6.1586174600e-01  6.0463879400e-01
    1.6200000000e+01  5.4416615100e-01  4.9682902800e-01  5.9045638700e-01  5.1423684200e-01  6.1516422500e-01  6.0645777900e-01
    1.6210000000e+01  5.4613477700e-01  4.9621321300e-01  5.9067574100e-01  5.1593505000e-01  6.1455320400e-01  6.0841758000e-01
    1.6220000000e+01  5.4814286200e-01  4.9577290500e-01  5.9093984900e-01  5.1779930300e-01  6.1405440400e-01  6.1052952000e-01
    1.6230000000e+01  5.5016905000e-01  4.9547923700e-01  5.9122098500e-01  5.1983873100e-01  6.1368826100e-01  6.1279992100e-01
    1.6240000000e+01  5.5219090900e-01  4.9530076500e-01  5.9149155900e-01  5.2205961100e-01  6.1346940900e-01  6.1523030500e-01
    1.6250000000e+01  5.5418511600e-01  4.9520451800e-01  5.9172483600e-01  5.2446527500e-01  6.1340623200e-01  6.1781761900e-01
    1.6260000000e+01  5.5612768400e-01  4.9515723200e-01  5.9189566600e-01  5.2705588400e-01  6.1350056200e-01  6.2055449000e-01
    1.6270000000e+01  5.5799433300e-01  4.9512676800e-01  5.9198124700e-01  5.2982814500e-01  6.1374765100e-01  6.2342958600e-01
    1.6280000000e+01  5.5976104600e-01  4.9508360200e-01  5.9196190600e-01  5.3277506200e-01  6.1413655000e-01  6.2642818800e-01
    1.6290000000e+01  5.6140477700e-01  4.9500220800e-01  5.9182176700e-01  5.3588583600e-01  6.1465093800e-01  6.2953303200e-01
    1.6300000000e+01  5.6290423200e-01  4.9486214900e-01  5.9154915800e-01  5.3914598400e-01  6.1527036200e-01  6.3272540400e-01
    1.6310000000e+01  5.6424061400e-01  4.9464870200e-01  5.9113660700e-01  5.4253770100e-01  6.1597172800e-01  6.3598635600e-01
    1.6320000000e+01  5.6539822900e-01  4.9435298000e-01  5.9058037000e-01  5.4604041400e-01  6.1673082600e-01  6.3929783600e-01
    1.6330000000e+01  5.6636491100e-01  4.9397160200e-01  5.8987958600e-01  5.4963143700e-01  6.1752368300e-01  6.4264350500e-01
    1.6340000000e+01  5.6713225700e-01  4.9350607800e-01  5.8903523400e-01  5.5328666500e-01  6.1832760000e-01  6.4600908400e-01
    1.6350000000e+01  5.6769573400e-01  4.9296210200e-01  5.8804917000e-01  5.5698122000e-01  6.1912184400e-01  6.4938220300e-01
    1.6360000000e+01  5.6805468200e-01  4.9234891500e-01  5.8692345900e-01  5.6069004700e-01  6.1988807600e-01  6.5275189100e-01
    1.6370000000e+01  5.6821230100e-01  4.9167880900e-01  5.8566015600e-01  5.6438847200e-01  6.2061066200e-01  6.5610789900e-01
    1.6380000000e+01  5.6817560000e-01  4.9096674200e-01  5.8426149600e-01  5.6805277300e-01  6.2127700600e-01  6.5944015800e-01
    1.6390000000e+01  5.6795530700e-01  4.9022996700e-01  5.8273034600e-01  5.7166079000e-01  6.2187799600e-01  6.6273853300e-01
    1.6400000000e+01  5.6756568900e-01  4.8948751200e-01  5.8107069900e-01  5.7519260600e-01  6.2240855600e-01  6.6599297300e-01
    1.6410000000e+01  5.6702421900e-01  4.8875942000e-01  5.7928796800e-01  5.7863127400e-01  6.2286821900e-01  6.6919397700e-01
    1.6420000000e+01  5.6635103200e-01  4.8806568900e-01  5.7738894900e-01  5.8196355100e-01  6.2326156700e-01  6.7233322400e-01
    1.6430000000e+01  5.6556814500e-01  4.8742494500e-01  5.7538142600e-01  5.8518055600e-01  6.2359837000e-01  6.7540414300e-01
    1.6440000000e+01  5.6469843500e-01  4.8685299900e-01  5.7327348000e-01  5.8827825600e-01  6.2389329000e-01  6.7840225100e-01
    1.6450000000e+01  5.6376440900e-01  4.8636145300e-01  5.7107267700e-01  5.9125766500e-01  6.2416508300e-01  6.8132513800e-01
    1.6460000000e+01  5.6278687900e-01  4.8595657400e-01  5.6878531100e-01  5.9412465700e-01  6.2443533200e-01  6.8417208000e-01
    1.6470000000e+01  5.6178368900e-01  4.8563862600e-01  5.6641586300e-01  5.9688933800e-01  6.2472682400e-01  6.8694335000e-01
    1.6480000000e+01  5.6076867200e-01  4.8540174700e-01  5.6396679600e-01  5.9956498600e-01  6.2506178000e-01  6.8963934100e-01
    1.6490000000e+01  5.5975103100e-01  4.8523443400e-01  5.6143872600e-01  6.0216668600e-01  6.2546014100e-01  6.9225967800e-01
    1.6500000000e+01  5.5873523800e-01  4.8512051800e-01  5.5883094000e-01  6.0470982500e-01  6.2593814900e-01  6.9480248000e-01
    1.6510000000e+01  5.5772147200e-01  4.8504049400e-01  5.5614215700e-01  6.0720870500e-01  6.2650737200e-01  6.9726388200e-01
    1.6520000000e+01  5.5670648500e-01  4.8497297100e-01  5.5337140500e-01  6.0967546400e-01  6.2717423300e-01  6.9963790200e-01
    1.6530000000e+01  5.5568473100e-01  4.8489606100e-01  5.5051885200e-01  6.1211944900e-01  6.2794001400e-01  7.0191664500e-01
    1.6540000000e+01  5.5464950700e-01  4.8478852700e-01  5.4758648000e-01  6.1454707400e-01  6.2880119900e-01  7.0409076800e-01
    1.6550000000e+01  5.5359395700e-01  4.8463066200e-01  5.4457853600e-01  6.1696209000e-01  6.2974999100e-01  7.0615013200e-01
    1.6560000000e+01  5.5251176400e-01  4.8440491000e-01  5.4150172900e-01  6.1936612800e-01  6.3077486300e-01  7.0808450500e-01
    1.6570000000e+01  5.5139752100e-01  4.8409636000e-01  5.3836522800e-01  6.2175936500e-01  6.3186103000e-01  7.0988426100e-01
    1.6580000000e+01  5.5024679100e-01  4.8369322100e-01  5.3518046800e-01  6.2414115400e-01  6.3299086200e-01  7.1154101500e-01
    1.6590000000e+01  5.4905590700e-01  4.8318739600e-01  5.3196083300e-01  6.2651052700e-01  6.3414432300e-01  7.1304819000e-01
    1.6600000000e+01  5.4782164000e-01  4.8257513700e-01  5.2872119200e-01  6.2886649500e-01  6.3529957200e-01  7.1440148700e-01
    1.6610000000e+01  5.4654079200e-01  4.8185770300e-01  5.2547731800e-01  6.3120811600e-01  6.3643387500e-01  7.1559923300e-01
    1.6620000000e+01  5.4520985000e-01  4.8104181500e-01  5.2224519600e-01  6.3353435000e-01  6.3752486000e-01  7.1664255800e-01
    1.6630000000e+01  5.4382475800e-01  4.8013970900e-01  5.1904029100e-01  6.3584373000e-01  6.3855206500e-01  7.1753532000e-01
    1.6640000000e+01  5.4238090000e-01  4.7916861300e-01  5.1587688500e-01  6.3813394000e-01  6.3949857600e-01  7.1828378900e-01
    1.6650000000e+01  5.4087329400e-01  4.7814961700e-01  5.1276760300e-01  6.4040139000e-01  6.4035248000e-01  7.1889610200e-01
    1.6660000000e+01  5.3929700400e-01  4.7710603300e-01  5.0972320500e-01  6.4264090500e-01  6.4110786600e-01  7.1938162200e-01
    1.6670000000e+01  5.3764766200e-01  4.7606148100e-01  5.0675268000e-01  6.4484559600e-01  6.4176517800e-01  7.1975034300e-01
    1.6680000000e+01  5.3592202500e-01  4.7503801400e-01  5.0386355200e-01  6.4700696400e-01  6.4233088300e-01  7.2001248100e-01
    1.6690000000e+01  5.3411844900e-01  4.7405451800e-01  5.0106227000e-01  6.4911519900e-01  6.4281653000e-01  7.2017832400e-01
    1.6700000000e+01  5.3223719800e-01  4.7312561800e-01  4.9835451400e-01  6.5115961400e-01  6.4323742000e-01  7.2025835200e-01
    1.6710000000e+01  5.3028058800e-01  4.7226111500e-01  4.9574529500e-01  6.5312910100e-01  6.4361110800e-01  7.2026349200e-01
    1.6720000000e+01  5.2825298000e-01  4.7146592200e-01  4.9323880600e-01  6.5501254000e-01  6.4395596500e-01  7.2020538600e-01
    1.6730000000e+01  5.2616071500e-01  4.7074038100e-01  4.9083806600e-01  6.5679910800e-01  6.4428992900e-01  7.2009649200e-01
    1.6740000000e+01  5.2401206600e-01  4.7008082400e-01  4.8854450500e-01  6.5847850400e-01  6.4462951000e-01  7.1994995300e-01
    1.6750000000e+01  5.2181725200e-01  4.6948025500e-01  4.8635763400e-01  6.6004116100e-01  6.4498903000e-01  7.1977921800e-01
    1.6760000000e+01  5.1958852700e-01  4.6892912500e-01  4.8427492700e-01  6.6147852000e-01  6.4538008200e-01  7.1959751900e-01
    1.6770000000e+01  5.1734025500e-01  4.6841613500e-01  4.8229196000e-01  6.6278345200e-01  6.4581117100e-01  7.1941735900e-01
    1.6780000000e+01  5.1508888500e-01  4.6792907100e-01  4.8040275300e-01  6.6395082100e-01  6.4628754300e-01  7.1925012800e-01
    1.6790000000e+01  5.1285270800e-01  4.6745563800e-01  4.7860018600e-01  6.6497815300e-01  6.4681119100e-01  7.1910594600e-01
    1.6800000000e+01  5.1065135200e-01  4.6698426800e-01  4.7687637600e-01  6.6586628900e-01  6.4738106500e-01  7.1899372800e-01
    1.6810000000e+01  5.0850500300e-01  4.6650484200e-01  4.7522287700e-01  6.6661989400e-01  6.4799345100e-01  7.1892136700e-01
    1.6820000000e+01  5.0643344500e-01  4.6600930700e-01  4.7363069200e-01  6.6724769900e-01  6.4864254100e-01  7.1889595100e-01
    1.6830000000e+01  5.0445502800e-01  4.6549213200e-01  4.7209011600e-01  6.6776244000e-01  6.4932113800e-01  7.1892385600e-01
    1.6840000000e+01  5.0258568900e-01  4.6495056500e-01  4.7059050300e-01  6.6818045800e-01  6.5002149900e-01  7.1901067800e-01
    1.6850000000e+01  5.0083814700e-01  4.6438461900e-01  4.6912006700e-01  6.6852104000e-01  6.5073624700e-01  7.1916095400e-01
    1.6860000000e+01  4.9922132800e-01  4.6379677100e-01  4.6766581200e-01  6.6880556300e-01  6.5145926800e-01  7.1937772400e-01
    1.6870000000e+01  4.9774007000e-01  4.6319134400e-01  4.6621368800e-01  6.6905655500e-01  6.5218649400e-01  7.1966200400e-01
    1.6880000000e+01  4.9639509700e-01  4.6257362800e-01  4.6474896300e-01  6.6929673900e-01  6.5291642000e-01  7.2001228500e-01
    1.6890000000e+01  4.9518323900e-01  4.6194884600e-01  4.6325683800e-01  6.6954816000e-01  6.5365029100e-01  7.2042414700e-01
    1.6900000000e+01  4.9409785500e-01  4.6132111700e-01  4.6172319800e-01  6.6983144900e-01  6.5439187100e-01  7.2089008800e-01
    1.6910000000e+01  4.9312939600e-01  4.6069256500e-01  4.6013544200e-01  6.7016527300e-01  6.5514685200e-01  7.2139959800e-01
    1.6920000000e+01  4.9226603400e-01  4.6006273100e-01  4.5848328500e-01  6.7056598900e-01  6.5592196400e-01  7.2193950800e-01
    1.6930000000e+01  4.9149428100e-01  4.5942835700e-01  4.5675944500e-01  6.7104749600e-01  6.5672396000e-01  7.2249456800e-01
    1.6940000000e+01  4.9079956000e-01  4.5878356100e-01  4.5496015100e-01  6.7162125400e-01  6.5755861700e-01  7.2304822700e-01
    1.6950000000e+01  4.9016666800e-01  4.5812033000e-01  4.5308542700e-01  6.7229642300e-01  6.5842991300e-01  7.2358354300e-01
    1.6960000000e+01  4.8958013400e-01  4.5742922100e-01  4.5113910000e-01  6.7308009300e-01  6.5933945300e-01  7.2408417000e-01
    1.6970000000e+01  4.8902444300e-01  4.5670014700e-01  4.4912851500e-01  6.7397755000e-01  6.6028617400e-01  7.2453532000e-01
    1.6980000000e+01  4.8848413200e-01  4.5592314900e-01  4.4706396600e-01  6.7499254600e-01  6.6126629400e-01  7.2492461800e-01
    1.6990000000e+01  4.8794376100e-01  4.5508910200e-01  4.4495787100e-01  6.7612751800e-01  6.6227342700e-01  7.2524273400e-01
    1.7000000000e+01  4.8738778600e-01  4.5419035400e-01  4.4282380200e-01  6.7738370100e-01  6.6329884800e-01  7.2548370500e-01
    1.7010000000e+01  4.8680040200e-01  4.5322130800e-01  4.4067547900e-01  6.7876110300e-01  6.6433185600e-01  7.2564489900e-01
    1.7020000000e+01  4.8616541700e-01  4.5217894500e-01  4.3852590300e-01  6.8025831800e-01  6.6536027100e-01  7.2572664800e-01
    1.7030000000e+01  4.8546625800e-01  4.5106327200e-01  4.3638673000e-01  6.8187222100e-01  6.6637108600e-01  7.2573162800e-01
    1.7040000000e+01  4.8468616500e-01  4.4987761400e-01  4.3426797300e-01  6.8359762100e-01  6.6735128800e-01  7.2566412000e-01
    1.7050000000e+01  4.8380856600e-01  4.4862868100e-01  4.3217804600e-01  6.8542697600e-01  6.6828882300e-01  7.2552932700e-01
    1.7060000000e+01  4.8281759800e-01  4.4732631100e-01  4.3012405400e-01  6.8735025600e-01  6.6917362000e-01  7.2533287400e-01
    1.7070000000e+01  4.8169867800e-01  4.4598285300e-01  4.2811221400e-01  6.8935502000e-01  6.6999857100e-01  7.2508059400e-01
    1.7080000000e+01  4.8043902000e-01  4.4461219100e-01  4.2614823600e-01  6.9142668400e-01  6.7076028300e-01  7.2477860800e-01
    1.7090000000e+01  4.7902800300e-01  4.4322849900e-01  4.2423751100e-01  6.9354894200e-01  6.7145947600e-01  7.2443362300e-01
    1.7100000000e+01  4.7745738600e-01  4.4184489100e-01  4.2238501400e-01  6.9570421500e-01  6.7210089300e-01  7.2405332300e-01
    1.7110000000e+01  4.7572136600e-01  4.4047217000e-01  4.2059491800e-01  6.9787407600e-01  6.7269271400e-01  7.2364664200e-01
    1.7120000000e+01  4.7381658700e-01  4.3911789800e-01  4.1887002100e-01  7.0003957300e-01  6.7324554200e-01  7.2322379100e-01
    1.7130000000e+01  4.7174216500e-01  4.3778592200e-01  4.1721115300e-01  7.0218149000e-01  6.7377112700e-01  7.2279595400e-01
    1.7140000000e+01  4.6949978400e-01  4.3647645600e-01  4.1561676500e-01  7.0428060900e-01  6.7428107500e-01  7.2237468300e-01
    1.7150000000e+01  4.6709383900e-01  4.3518661700e-01  4.1408282000e-01  7.0631809000e-01  6.7478575800e-01  7.2197113700e-01
    1.7160000000e+01  4.6453152400e-01  4.3391128700e-01  4.1260303200e-01  7.0827601400e-01  6.7529362200e-01  7.2159535100e-01
    1.7170000000e+01  4.6182273400e-01  4.3264406700e-01  4.1116938200e-01  7.1013808500e-01  6.7581094600e-01  7.2125570500e-01
    1.7180000000e+01  4.5897964800e-01  4.3137808800e-01  4.0977274000e-01  7.1189038100e-01  6.7634203200e-01  7.2095869400e-01
    1.7190000000e+01  4.5601597000e-01  4.3010653300e-01  4.0840342300e-01  7.1352197100e-01  6.7688966300e-01  7.2070898400e-01
    1.7200000000e+01  4.5294588800e-01  4.2882277100e-01  4.0705156500e-01  7.1502520300e-01  6.7745562900e-01  7.2050964300e-01
    1.7210000000e+01  4.4978293000e-01  4.2752017600e-01  4.0570726400e-01  7.1639553300e-01  6.7804112900e-01  7.2036239300e-01
    1.7220000000e+01  4.4653896900e-01  4.2619175600e-01  4.0436056600e-01  7.1763085400e-01  6.7864688100e-01  7.2026776700e-01
    1.7230000000e+01  4.4322359100e-01  4.2482979300e-01  4.0300140100e-01  7.1873045300e-01  6.7927291900e-01  7.2022509600e-01
    1.7240000000e+01  4.3984397700e-01  4.2342565000e-01  4.0161958700e-01  7.1969377200e-01  6.7991812900e-01  7.2023235100e-01
    1.7250000000e+01  4.3640533900e-01  4.2196987800e-01  4.0020498900e-01  7.2051925800e-01  6.8057965300e-01  7.2028593200e-01
    1.7260000000e+01  4.3291181400e-01  4.2045262300e-01  3.9874782400e-01  7.2120351400e-01  6.8125232500e-01  7.2038048000e-01
    1.7270000000e+01  4.2936762900e-01  4.1886431900e-01  3.9723910500e-01  7.2174093100e-01  6.8192827600e-01  7.2050883400e-01
    1.7280000000e+01  4.2577829500e-01  4.1719654600e-01  3.9567111400e-01  7.2212385100e-01  6.8259680600e-01  7.2066214900e-01
    1.7290000000e+01  4.2215161600e-01  4.1544295100e-01  3.9403784200e-01  7.2234322100e-01  6.8324459000e-01  7.2083021500e-01
    1.7300000000e+01  4.1849831700e-01  4.1360010600e-01  3.9233528900e-01  7.2238958700e-01  6.8385622500e-01  7.2100192400e-01
    1.7310000000e+01  4.1483220500e-01  4.1166815100e-01  3.9056158500e-01  7.2225423100e-01  6.8441506600e-01  7.2116582100e-01
    1.7320000000e+01  4.1116988000e-01  4.0965112900e-01  3.8871689500e-01  7.2193022600e-01  6.8490428600e-01  7.2131065800e-01
    1.7330000000e+01  4.0753008400e-01  4.0755694000e-01  3.8680313200e-01  7.2141323800e-01  6.8530800600e-01  7.2142583700e-01
    1.7340000000e+01  4.0393288500e-01  4.0539688700e-01  3.8482354300e-01  7.2070196900e-01  6.8561233100e-01  7.2150168300e-01
    1.7350000000e+01  4.0039887700e-01  4.0318491300e-01  3.8278226800e-01  7.1979824500e-01  6.8580614600e-01  7.2152948600e-01
    1.7360000000e+01  3.9694855300e-01  4.0093664200e-01  3.8068399400e-01  7.1870684000e-01  6.8588155000e-01  7.2150134600e-01
    1.7370000000e+01  3.9360192800e-01  3.9866842000e-01  3.7853379100e-01  7.1743521300e-01  6.8583390300e-01  7.2140986600e-01
    1.7380000000e+01  3.9037836800e-01  3.9639650900e-01  3.7633719400e-01  7.1599331200e-01  6.8566153700e-01  7.2124785200e-01
    1.7390000000e+01  3.8729651000e-01  3.9413658100e-01  3.7410050500e-01  7.1439355600e-01  6.8536526100e-01  7.2100812600e-01
    1.7400000000e+01  3.8437409300e-01  3.9190353200e-01  3.7183121700e-01  7.1265100600e-01  6.8494785300e-01  7.2068358600e-01
    1.7410000000e+01  3.8162758300e-01  3.8971156800e-01  3.6953840700e-01  7.1078363200e-01  6.8441370800e-01  7.2026755800e-01
    1.7420000000e+01  3.7907151500e-01  3.8757438900e-01  3.6723293600e-01  7.0881249700e-01  6.8376876100e-01  7.1975439800e-01
    1.7430000000e+01  3.7671761600e-01  3.8550529700e-01  3.6492734000e-01  7.0676169700e-01  6.8302068900e-01  7.1914020200e-01
    1.7440000000e+01  3.7457385700e-01  3.8351703000e-01  3.6263537400e-01  7.0465792900e-01  6.8217928600e-01  7.1842346700e-01
    1.7450000000e+01  3.7264363200e-01  3.8162126200e-01  3.6037129500e-01  7.0252965500e-01  6.8125680900e-01  7.1760552400e-01
    1.7460000000e+01  3.7092525800e-01  3.7982781500e-01  3.5814901400e-01  7.0040596200e-01  6.8026808500e-01  7.1669064500e-01
    1.7470000000e+01  3.6941191000e-01  3.7814374500e-01  3.5598129000e-01  6.9831530600e-01  6.7923022200e-01  7.1568583800e-01
    1.7480000000e+01  3.6809197700e-01  3.7657252900e-01  3.5387908400e-01  6.9628433200e-01  6.7816189500e-01  7.1460038700e-01
    1.7490000000e+01  3.6694974700e-01  3.7511357500e-01  3.5185114900e-01  6.9433696300e-01  6.7708230000e-01  7.1344526800e-01
    1.7500000000e+01  3.6596622200e-01  3.7376215400e-01  3.4990380900e-01  6.9249381700e-01  6.7600996200e-01  7.1223255000e-01
    1.7510000000e+01  3.6511990400e-01  3.7250978900e-01  3.4804089600e-01  6.9077193400e-01  6.7496161100e-01  7.1097482900e-01
    1.7520000000e+01  3.6438744400e-01  3.7134499000e-01  3.4626377200e-01  6.8918468200e-01  6.7395129400e-01  7.0968470300e-01
    1.7530000000e+01  3.6374412600e-01  3.7025420600e-01  3.4457142700e-01  6.8774172400e-01  6.7298985200e-01  7.0837426100e-01
    1.7540000000e+01  3.6316426500e-01  3.6922280500e-01  3.4296067200e-01  6.8644891200e-01  6.7208475900e-01  7.0705457200e-01
    1.7550000000e+01  3.6262162100e-01  3.6823593900e-01  3.4142647700e-01  6.8530810800e-01  6.7124028800e-01  7.0573518600e-01
    1.7560000000e+01  3.6208993500e-01  3.6727921300e-01  3.3996247300e-01  6.8431694500e-01  6.7045789700e-01  7.0442371400e-01
    1.7570000000e+01  3.6154363000e-01  3.6633908800e-01  3.3856161000e-01  6.8346864200e-01  6.6973670900e-01  7.0312559200e-01
    1.7580000000e+01  3.6095867300e-01  3.6540307400e-01  3.3721688400e-01  6.8275196100e-01  6.6907397600e-01  7.0184407600e-01
    1.7590000000e+01  3.6031353800e-01  3.6445975000e-01  3.3592203300e-01  6.8215140100e-01  6.6846543400e-01  7.0058053400e-01
    1.7600000000e+01  3.5959017600e-01  3.6349871000e-01  3.3467205600e-01  6.8164769100e-01  6.6790552700e-01  6.9933497400e-01
    1.7610000000e+01  3.5877486600e-01  3.6251052600e-01  3.3346346400e-01  6.8121856000e-01  6.6738749900e-01  6.9810673000e-01
    1.7620000000e+01  3.5785885600e-01  3.6148676900e-01  3.3229424000e-01  6.8083977700e-01  6.6690339700e-01  6.9689516000e-01
    1.7630000000e+01  3.5683870300e-01  3.6042013800e-01  3.3116350700e-01  6.8048634300e-01  6.6644406300e-01  6.9570023400e-01
    1.7640000000e+01  3.5571626400e-01  3.5930465300e-01  3.3007102400e-01  6.8013375600e-01  6.6599916200e-01  6.9452290200e-01
    1.7650000000e+01  3.5449833500e-01  3.5813589900e-01  3.2901660500e-01  6.7975920600e-01  6.6555728400e-01  6.9336520200e-01
    1.7660000000e+01  3.5319599300e-01  3.5691126200e-01  3.2799957400e-01  6.7934260100e-01  6.6510612400e-01  6.9223013700e-01
    1.7670000000e+01  3.5182372600e-01  3.5563013300e-01  3.2701835000e-01  6.7886733200e-01  6.6463271200e-01  6.9112133800e-01
    1.7680000000e+01  3.5039845200e-01  3.5429409200e-01  3.2607019700e-01  6.7832075600e-01  6.6412368900e-01  6.9004261000e-01
    1.7690000000e+01  3.4893854700e-01  3.5290706900e-01  3.2515119300e-01  6.7769440500e-01  6.6356559800e-01  6.8899742700e-01
    1.7700000000e+01  3.4746292900e-01  3.5147551100e-01  3.2425639200e-01  6.7698398600e-01  6.6294524700e-01  6.8798844600e-01
    1.7710000000e+01  3.4599023800e-01  3.5000853600e-01  3.2338017800e-01  6.7618922600e-01  6.6225015100e-01  6.8701713100e-01
    1.7720000000e+01  3.4453808100e-01  3.4851800800e-01  3.2251675100e-01  6.7531361200e-01  6.6146911800e-01  6.8608355300e-01
    1.7730000000e+01  3.4312234700e-01  3.4701846300e-01  3.2166064100e-01  6.7436402600e-01  6.6059295400e-01  6.8518640600e-01
    1.7740000000e+01  3.4175656200e-01  3.4552678800e-01  3.2080717400e-01  6.7335025200e-01  6.5961523000e-01  6.8432323400e-01
    1.7750000000e+01  3.4045134600e-01  3.4406159400e-01  3.1995278400e-01  6.7228433700e-01  6.5853300500e-01  6.8349082400e-01
    1.7760000000e+01  3.3921403300e-01  3.4264232800e-01  3.1909512300e-01  6.7117981200e-01  6.5734734000e-01  6.8268565000e-01
    1.7770000000e+01  3.3804849800e-01  3.4128819200e-01  3.1823299700e-01  6.7005081300e-01  6.5606350600e-01  6.8190428700e-01
    1.7780000000e+01  3.3695524500e-01  3.4001704100e-01  3.1736616800e-01  6.6891121000e-01  6.5469080300e-01  6.8114372000e-01
    1.7790000000e+01  3.3593171900e-01  3.3884441400e-01  3.1649512400e-01  6.6777379900e-01  6.5324203900e-01  6.8040151800e-01
    1.7800000000e+01  3.3497280800e-01  3.3778281300e-01  3.1562087300e-01  6.6664964500e-01  6.5173274900e-01  6.7967591900e-01
    1.7810000000e+01  3.3407145800e-01  3.3684128900e-01  3.1474478800e-01  6.6554759000e-01  6.5018030300e-01  6.7896587600e-01
    1.7820000000e+01  3.3321936600e-01  3.3602530900e-01  3.1386848000e-01  6.6447393100e-01  6.4860300600e-01  6.7827113600e-01
    1.7830000000e+01  3.3240771200e-01  3.3533684600e-01  3.1299363900e-01  6.6343225600e-01  6.4701928800e-01  6.7759233200e-01
    1.7840000000e+01  3.3162793300e-01  3.3477463200e-01  3.1212179700e-01  6.6242344900e-01  6.4544700000e-01  6.7693109800e-01
    1.7850000000e+01  3.3087250600e-01  3.3433451800e-01  3.1125399400e-01  6.6144589100e-01  6.4390281600e-01  6.7629009500e-01
    1.7860000000e+01  3.3013570500e-01  3.3400993800e-01  3.1039038900e-01  6.6049589600e-01  6.4240175400e-01  6.7567292200e-01
    1.7870000000e+01  3.2941423400e-01  3.3379245900e-01  3.0952988700e-01  6.5956838800e-01  6.4095680900e-01  6.7508384100e-01
    1.7880000000e+01  3.2870765200e-01  3.3367241100e-01  3.0866987400e-01  6.5865781900e-01  6.3957875300e-01  6.7452734700e-01
    1.7890000000e+01  3.2801848200e-01  3.3363955400e-01  3.0780614200e-01  6.5775923700e-01  6.3827613000e-01  6.7400764700e-01
    1.7900000000e+01  3.2735193000e-01  3.3368368800e-01  3.0693301600e-01  6.5686940500e-01  6.3705548000e-01  6.7352814200e-01
    1.7910000000e+01  3.2671521200e-01  3.3379513800e-01  3.0604366500e-01  6.5598781100e-01  6.3592177400e-01  6.7309101100e-01
    1.7920000000e+01  3.2611650000e-01  3.3396499200e-01  3.0513051500e-01  6.5511743000e-01  6.3487898700e-01  6.7269695400e-01
    1.7930000000e+01  3.2556361800e-01  3.3418505800e-01  3.0418566000e-01  6.5426509000e-01  6.3393069900e-01  6.7234511300e-01
    1.7940000000e+01  3.2506260700e-01  3.3444755400e-01  3.0320123000e-01  6.5344135200e-01  6.3308057900e-01  6.7203310100e-01
    1.7950000000e+01  3.2461637600e-01  3.3474458800e-01  3.0216966000e-01  6.5265986900e-01  6.3233265000e-01  6.7175709400e-01
    1.7960000000e+01  3.2422362400e-01  3.3506759200e-01  3.0108391600e-01  6.5193626800e-01  6.3169124200e-01  6.7151192300e-01
    1.7970000000e+01  3.2387820600e-01  3.3540682600e-01  2.9993770900e-01  6.5128667600e-01  6.3116066800e-01  6.7129115200e-01
    1.7980000000e+01  3.2356907100e-01  3.3575110100e-01  2.9872574300e-01  6.5072610200e-01  6.3074468100e-01  6.7108717000e-01
    1.7990000000e+01  3.2328078100e-01  3.3608777400e-01  2.9744398600e-01  6.5026687900e-01  6.3044584300e-01  6.7089135200e-01
    1.8000000000e+01  3.2299454000e-01  3.3640302100e-01  2.9608995500e-01  6.4991743100e-01  6.3026495200e-01  6.7069432100e-01
    1.8010000000e+01  3.2268955000e-01  3.3668231500e-01  2.9466292500e-01  6.4968150400e-01  6.3020062800e-01  6.7048633900e-01
    1.8020000000e+01  3.2234445100e-01  3.3691100200e-01  2.9316400900e-01  6.4955794600e-01  6.3024913200e-01  6.7025780200e-01
    1.8030000000e+01  3.2193863200e-01  3.3707484900e-01  2.9159604800e-01  6.4954096600e-01  6.3040439300e-01  6.6999977300e-01
    1.8040000000e+01  3.2145323200e-01  3.3716050000e-01  2.8996326500e-01  6.4962072100e-01  6.3065818300e-01  6.6970446700e-01
    1.8050000000e+01  3.2087181500e-01  3.3715580400e-01  2.8827074100e-01  6.4978403800e-01  6.3100037100e-01  6.6936555900e-01
    1.8060000000e+01  3.2018075600e-01  3.3705003900e-01  2.8652377900e-01  6.5001509000e-01  6.3141916500e-01  6.6897823600e-01
    1.8070000000e+01  3.1936949500e-01  3.3683408000e-01  2.8472730900e-01  6.5029597000e-01  6.3190132100e-01  6.6853895200e-01
    1.8080000000e+01  3.1843078400e-01  3.3650056900e-01  2.8288548200e-01  6.5060716900e-01  6.3243232900e-01  6.6804490700e-01
    1.8090000000e+01  3.1736097900e-01  3.3604410500e-01  2.8100157500e-01  6.5092808500e-01  6.3299659800e-01  6.6749341000e-01
    1.8100000000e+01  3.1616036800e-01  3.3546144700e-01  2.7907823300e-01  6.5123766600e-01  6.3357769000e-01  6.6688125300e-01
    1.8110000000e+01  3.1483339700e-01  3.3475170700e-01  2.7711800500e-01  6.5151526200e-01  6.3415861800e-01  6.6620431100e-01
    1.8120000000e+01  3.1338864500e-01  3.3391649400e-01  2.7512401900e-01  6.5174167900e-01  6.3472220500e-01  6.6545743600e-01
    1.8130000000e+01  3.1183841900e-01  3.3295997900e-01  2.7310064600e-01  6.5190027300e-01  6.3525148600e-01  6.6463470600e-01
    1.8140000000e+01  3.1019794600e-01  3.3188888000e-01  2.7105398300e-01  6.5197792200e-01  6.3573012100e-01  6.6372994500e-01
    1.8150000000e+01  3.0848422400e-01  3.3071238100e-01  2.6899208200e-01  6.5196566800e-01  6.3614278600e-01  6.6273741600e-01
    1.8160000000e+01  3.0671472300e-01  3.2944200000e-01  2.6692488900e-01  6.5185890200e-01  6.3647554700e-01  6.6165255300e-01
    1.8170000000e+01  3.0490614100e-01  3.2809142500e-01  2.6486391600e-01  6.5165708200e-01  6.3671621000e-01  6.6047262100e-01
    1.8180000000e+01  3.0307339400e-01  3.2667632100e-01  2.6282171300e-01  6.5136306300e-01  6.3685468000e-01  6.5919724100e-01
    1.8190000000e+01  3.0122897600e-01  3.2521409000e-01  2.6081117900e-01  6.5098218700e-01  6.3688334600e-01  6.5782871400e-01
    1.8200000000e+01  2.9938269300e-01  3.2372353600e-01  2.5884481300e-01  6.5052131100e-01  6.3679748200e-01  6.5637212200e-01
    1.8210000000e+01  2.9754173700e-01  3.2222439500e-01  2.5693393400e-01  6.4998792900e-01  6.3659564000e-01  6.5483520000e-01
    1.8220000000e+01  2.9571101700e-01  3.2073671700e-01  2.5508797300e-01  6.4938947600e-01  6.3627996900e-01  6.5322796000e-01
    1.8230000000e+01  2.9389360300e-01  3.1928010600e-01  2.5331390300e-01  6.4873287200e-01  6.3585638800e-01  6.5156211500e-01
    1.8240000000e+01  2.9209121000e-01  3.1787287800e-01  2.5161586800e-01  6.4802429400e-01  6.3533454200e-01  6.4985033800e-01
    1.8250000000e+01  2.9030460500e-01  3.1653121400e-01  2.4999506700e-01  6.4726914600e-01  6.3472752400e-01  6.4810544900e-01
    1.8260000000e+01  2.8853390600e-01  3.1526840100e-01  2.4844990400e-01  6.4647215000e-01  6.3405134500e-01  6.4633961200e-01
    1.8270000000e+01  2.8677872600e-01  3.1409424700e-01  2.4697636700e-01  6.4563748100e-01  6.3332421600e-01  6.4456364700e-01
    1.8280000000e+01  2.8503820100e-01  3.1301470800e-01  2.4556857100e-01  6.4476888100e-01  6.3256570400e-01  6.4278650700e-01
    1.8290000000e+01  2.8331092600e-01  3.1203176000e-01  2.4421940600e-01  6.4386968600e-01  6.3179583400e-01  6.4101496800e-01
    1.8300000000e+01  2.8159486900e-01  3.1114350600e-01  2.4292120300e-01  6.4294273100e-01  6.3103422900e-01  6.3925350100e-01
    1.8310000000e+01  2.7988733800e-01  3.1034447100e-01  2.4166638100e-01  6.4199015100e-01  6.3029933700e-01  6.3750433400e-01
    1.8320000000e+01  2.7818506300e-01  3.0962605800e-01  2.4044804400e-01  6.4101309100e-01  6.2960778700e-01  6.3576766600e-01
    1.8330000000e+01  2.7648443600e-01  3.0897709900e-01  2.3926050800e-01  6.4001141900e-01  6.2897390500e-01  6.3404203100e-01
    1.8340000000e+01  2.7478192600e-01  3.0838446300e-01  2.3809971400e-01  6.3898349700e-01  6.2840937300e-01  6.3232480900e-01
    1.8350000000e+01  2.7307462600e-01  3.0783369800e-01  2.3696349000e-01  6.3792612900e-01  6.2792305200e-01  6.3061286500e-01
    1.8360000000e+01  2.7136085500e-01  3.0730965400e-01  2.3585158800e-01  6.3683475600e-01  6.2752095800e-01  6.2890328000e-01
    1.8370000000e+01  2.6964068300e-01  3.0679705300e-01  2.3476544700e-01  6.3570389900e-01  6.2720638500e-01  6.2719409600e-01
    1.8380000000e+01  2.6791626400e-01  3.0628096700e-01  2.3370768200e-01  6.3452784100e-01  6.2698015100e-01  6.2548495300e-01
    1.8390000000e+01  2.6619187200e-01  3.0574716800e-01  2.3268131600e-01  6.3330140900e-01  6.2684091100e-01  6.2377751000e-01
    1.8400000000e+01  2.6447361600e-01  3.0518234400e-01  2.3168887600e-01  6.3202073100e-01  6.2678548800e-01  6.2207553800e-01
    1.8410000000e+01  2.6276889400e-01  3.0457422400e-01  2.3073147900e-01  6.3068382300e-01  6.2680917700e-01  6.2038462800e-01
    1.8420000000e+01  2.6108567400e-01  3.0391163700e-01  2.2980810100e-01  6.2929093200e-01  6.2690599200e-01  6.1871156000e-01
    1.8430000000e+01  2.5943172700e-01  3.0318455500e-01  2.2891512700e-01  6.2784458400e-01  6.2706887100e-01  6.1706339400e-01
    1.8440000000e+01  2.5781392900e-01  3.0238413500e-01  2.2804630100e-01  6.2634939900e-01  6.2728987800e-01  6.1544647600e-01
    1.8450000000e+01  2.5623767800e-01  3.0150273700e-01  2.2719303600e-01  6.2481170500e-01  6.2756040700e-01  6.1386547700e-01
    1.8460000000e+01  2.5470647200e-01  3.0053389500e-01  2.2634504900e-01  6.2323904200e-01  6.2787140300e-01  6.1232263000e-01
    1.8470000000e+01  2.5322163100e-01  2.9947222400e-01  2.2549120500e-01  6.2163959400e-01  6.2821357900e-01  6.1081723300e-01
    1.8480000000e+01  2.5178215000e-01  2.9831323600e-01  2.2462046100e-01  6.2002158600e-01  6.2857756600e-01  6.0934547200e-01
    1.8490000000e+01  2.5038467700e-01  2.9705311100e-01  2.2372279000e-01  6.1839263100e-01  6.2895398300e-01  6.0790054000e-01
    1.8500000000e+01  2.4902364500e-01  2.9568844300e-01  2.2279001100e-01  6.1675903700e-01  6.2933336300e-01  6.0647304400e-01
    1.8510000000e+01  2.4769161600e-01  2.9421604300e-01  2.2181642800e-01  6.1512509400e-01  6.2970594800e-01  6.0505162100e-01
    1.8520000000e+01  2.4637987200e-01  2.9263284300e-01  2.2079923300e-01  6.1349241100e-01  6.3006134700e-01  6.0362369400e-01
    1.8530000000e+01  2.4507929400e-01  2.9093599000e-01  2.1973866200e-01  6.1185941600e-01  6.3038811300e-01  6.0217627100e-01
    1.8540000000e+01  2.4378146100e-01  2.8912315500e-01  2.1863790900e-01  6.1022117300e-01  6.3067329800e-01  6.0069668900e-01
    1.8550000000e+01  2.4247984000e-01  2.8719312100e-01  2.1750287300e-01  6.0856961300e-01  6.3090209100e-01  5.9917324700e-01
    1.8560000000e+01  2.4117087800e-01  2.8514659700e-01  2.1634181400e-01  6.0689424400e-01  6.3105767400e-01  5.9759569100e-01
    1.8570000000e+01  2.3985477800e-01  2.8298721700e-01  2.1516498700e-01  6.0518325300e-01  6.3112141300e-01  5.9595557600e-01
    1.8580000000e+01  2.3853581100e-01  2.8072254700e-01  2.1398428000e-01  6.0342485300e-01  6.3107348700e-01  5.9424657500e-01
    1.8590000000e+01  2.3722209600e-01  2.7836491600e-01  2.1281284700e-01  6.0160864700e-01  6.3089400100e-01  5.9246475600e-01
    1.8600000000e+01  2.3592490200e-01  2.7593182800e-01  2.1166466400e-01  5.9972678200e-01  6.3056447700e-01  5.9060886200e-01
    1.8610000000e+01  2.3465761500e-01  2.7344580700e-01  2.1055399200e-01  5.9777472800e-01  6.3006955800e-01  5.8868053300e-01
    1.8620000000e+01  2.3343457400e-01  2.7093356900e-01  2.0949470800e-01  5.9575160800e-01  6.2939864500e-01  5.8668441000e-01
    1.8630000000e+01  2.3226996900e-01  2.6842461700e-01  2.0849958100e-01  5.9366009100e-01  6.2854719900e-01  5.8462803300e-01
    1.8640000000e+01  2.3117694800e-01  2.6594942600e-01  2.0757957000e-01  5.9150596200e-01  6.2751747200e-01  5.8252149200e-01
    1.8650000000e+01  2.3016702000e-01  2.6353748800e-01  2.0674327900e-01  5.8929750000e-01  6.2631859000e-01  5.8037686600e-01
    1.8660000000e+01  2.2924976000e-01  2.6121547600e-01  2.0599664200e-01  5.8704482500e-01  6.2496598700e-01  5.7820752900e-01
    1.8670000000e+01  2.2843275400e-01  2.5900574500e-01  2.0534286600e-01  5.8475932200e-01  6.2348032200e-01  5.7602744400e-01
    1.8680000000e+01  2.2772169100e-01  2.5692527400e-01  2.0478259900e-01  5.8245322600e-01  6.2188606700e-01  5.7385057400e-01
    1.8690000000e+01  2.2712048800e-01  2.5498512000e-01  2.0431421100e-01  5.8013937400e-01  6.2020992600e-01  5.7169047000e-01
    1.8700000000e+01  2.2663136900e-01  2.5319034500e-01  2.0393407100e-01  5.7783108200e-01  6.1847927500e-01  5.6956003700e-01
    1.8710000000e+01  2.2625483400e-01  2.5154035700e-01  2.0363673600e-01  5.7554207900e-01  6.1672074700e-01  5.6747143100e-01
    1.8720000000e+01  2.2598953500e-01  2.5002957800e-01  2.0341502100e-01  5.7328640800e-01  6.1495906400e-01  5.6543595600e-01
    1.8730000000e+01  2.2583208700e-01  2.4864831500e-01  2.0325997200e-01  5.7107823600e-01  6.1321617300e-01  5.6346389100e-01
    1.8740000000e+01  2.2577688500e-01  2.4738372100e-01  2.0316085000e-01  5.6893154800e-01  6.1151072300e-01  5.6156417500e-01
    1.8750000000e+01  2.2581599100e-01  2.4622072200e-01  2.0310521100e-01  5.6685972400e-01  6.0985781900e-01  5.5974397100e-01
    1.8760000000e+01  2.2593913200e-01  2.4514283200e-01  2.0307917700e-01  5.6487504800e-01  6.0826901900e-01  5.5800818100e-01
    1.8770000000e+01  2.2613383900e-01  2.4413281700e-01  2.0306790900e-01  5.6298816600e-01  6.0675244100e-01  5.5635900200e-01
    1.8780000000e+01  2.2638574700e-01  2.4317322700e-01  2.0305625700e-01  5.6120756800e-01  6.0531292900e-01  5.5479564300e-01
    1.8790000000e+01  2.2667905500e-01  2.4224685200e-01  2.0302949600e-01  5.5953911800e-01  6.0395218500e-01  5.5331425600e-01
    1.8800000000e+01  2.2699714300e-01  2.4133718200e-01  2.0297407000e-01  5.5798571500e-01  6.0266891500e-01  5.5190809800e-01
    1.8810000000e+01  2.2732329300e-01  2.4042890100e-01  2.0287822900e-01  5.5654712200e-01  6.0145899400e-01  5.5056790000e-01
    1.8820000000e+01  2.2764148300e-01  2.3950841600e-01  2.0273254600e-01  5.5522004100e-01  6.0031575900e-01  5.4928237800e-01
    1.8830000000e+01  2.2793711800e-01  2.3856434300e-01  2.0253026500e-01  5.5399842500e-01  5.9923045700e-01  5.4803882100e-01
    1.8840000000e+01  2.2819763700e-01  2.3758788300e-01  2.0226751600e-01  5.5287403800e-01  5.9819284400e-01  5.4682373300e-01
    1.8850000000e+01  2.2841288500e-01  2.3657299200e-01  2.0194339700e-01  5.5183716600e-01  5.9719188900e-01  5.4562349500e-01
    1.8860000000e+01  2.2857521000e-01  2.3551633500e-01  2.0155990700e-01  5.5087738900e-01  5.9621646900e-01  5.4442505800e-01
    1.8870000000e+01  2.2867929000e-01  2.3441704900e-01  2.0112170600e-01  5.4998430400e-01  5.9525597900e-01  5.4321662900e-01
    1.8880000000e+01  2.2872172800e-01  2.3327638500e-01  2.0063566800e-01  5.4914808200e-01  5.9430081300e-01  5.4198829400e-01
    1.8890000000e+01  2.2870052700e-01  2.3209728900e-01  2.0011024200e-01  5.4835979100e-01  5.9334268400e-01  5.4073250300e-01
    1.8900000000e+01  2.2861455400e-01  2.3088399800e-01  1.9955467600e-01  5.4761147800e-01  5.9237483600e-01  5.3944430100e-01
    1.8910000000e+01  2.2846309200e-01  2.2964163600e-01  1.9897821100e-01  5.4689604100e-01  5.9139218300e-01  5.3812129500e-01
    1.8920000000e+01  2.2824554600e-01  2.2837581900e-01  1.9838936100e-01  5.4620698000e-01  5.9039138700e-01  5.3676332100e-01
    1.8930000000e+01  2.2796131500e-01  2.2709224500e-01  1.9779540800e-01  5.4553811100e-01  5.8937087500e-01  5.3537191200e-01
    1.8940000000e+01  2.2760979500e-01  2.2579625600e-01  1.9720215000e-01  5.4488331800e-01  5.8833078100e-01  5.3394965200e-01
    1.8950000000e+01  2.2719045600e-01  2.2449242700e-01  1.9661393600e-01  5.4423637000e-01  5.8727276800e-01  5.3249955400e-01
    1.8960000000e+01  2.2670295700e-01  2.2318419400e-01  1.9603391400e-01  5.4359079500e-01  5.8619974300e-01  5.3102456800e-01
    1.8970000000e+01  2.2614727700e-01  2.2187359100e-01  1.9546442500e-01  5.4293981100e-01  5.8511549100e-01  5.2952730000e-01
    1.8980000000e+01  2.2552385100e-01  2.2056107800e-01  1.9490739200e-01  5.4227626500e-01  5.8402426500e-01  5.2800995500e-01
    1.8990000000e+01  2.2483373900e-01  2.1924548300e-01  1.9436464100e-01  5.4159262100e-01  5.8293037100e-01  5.2647446600e-01
    1.9000000000e+01  2.2407883000e-01  2.1792399900e-01  1.9383804100e-01  5.4088097100e-01  5.8183776100e-01  5.2492272600e-01
    1.9010000000e+01  2.2326206400e-01  2.1659225100e-01  1.9332949600e-01  5.4013312600e-01  5.8074961800e-01  5.2335681800e-01
    1.9020000000e+01  2.2238766300e-01  2.1524443400e-01  1.9284080300e-01  5.3934078900e-01  5.7966791500e-01  5.2177916400e-01
    1.9030000000e+01  2.2146133500e-01  2.1387356100e-01  1.9237347100e-01  5.3849582600e-01  5.7859295000e-01  5.2019254500e-01
    1.9040000000e+01  2.2049040200e-01  2.1247188000e-01  1.9192857300e-01  5.3759063700e-01  5.7752288400e-01  5.1860001600e-01
    1.9050000000e+01  2.1948382700e-01  2.1103148500e-01  1.9150669200e-01  5.3661859000e-01  5.7645336500e-01  5.1700476300e-01
    1.9060000000e+01  2.1845209900e-01  2.0954512900e-01  1.9110795200e-01  5.3557451900e-01  5.7537732000e-01  5.1540998400e-01
    1.9070000000e+01  2.1740694800e-01  2.0800716100e-01  1.9073210600e-01  5.3445519700e-01  5.7428504600e-01  5.1381882900e-01
    1.9080000000e+01  2.1636089300e-01  2.0641448200e-01  1.9037860900e-01  5.3325975600e-01  5.7316466900e-01  5.1223444400e-01
    1.9090000000e+01  2.1532661400e-01  2.0476733500e-01  1.9004660600e-01  5.3198996700e-01  5.7200297900e-01  5.1066006800e-01
    1.9100000000e+01  2.1431623900e-01  2.0306975500e-01  1.8973481800e-01  5.3065030000e-01  5.7078657900e-01  5.0909911000e-01
    1.9110000000e+01  2.1334059500e-01  2.0132957000e-01  1.8944133500e-01  5.2924774200e-01  5.6950317200e-01  5.0755515600e-01
    1.9120000000e+01  2.1240856400e-01  1.9955789600e-01  1.8916336700e-01  5.2779136200e-01  5.6814278500e-01  5.0603183000e-01
    1.9130000000e+01  2.1152661900e-01  1.9776821600e-01  1.8889706100e-01  5.2629168400e-01  5.6669870500e-01  5.0453250400e-01
    1.9140000000e+01  2.1069860400e-01  1.9597520700e-01  1.8863743300e-01  5.2475996800e-01  5.6516799800e-01  5.0305988100e-01
    1.9150000000e+01  2.0992574900e-01  1.9419352500e-01  1.8837850000e-01  5.2320749100e-01  5.6355156200e-01  5.0161553900e-01
    1.9160000000e+01  2.0920690200e-01  1.9243673900e-01  1.8811362300e-01  5.2164492300e-01  5.6185378000e-01  5.0019949300e-01
    1.9170000000e+01  2.0853888200e-01  1.9071652300e-01  1.8783604000e-01  5.2008184000e-01  5.6008190700e-01  4.9880992100e-01
    1.9180000000e+01  2.0791692700e-01  1.8904214100e-01  1.8753953000e-01  5.1852638500e-01  5.5824535500e-01  4.9744310600e-01
    1.9190000000e+01  2.0733514400e-01  1.8742016000e-01  1.8721907100e-01  5.1698508200e-01  5.5635497200e-01  4.9609365900e-01
    1.9200000000e+01  2.0678695700e-01  1.8585433600e-01  1.8687139700e-01  5.1546276400e-01  5.5442236900e-01  4.9475501400e-01
    1.9210000000e+01  2.0626551200e-01  1.8434558600e-01  1.8649530400e-01  5.1396261100e-01  5.5245929400e-01  4.9342012500e-01
    1.9220000000e+01  2.0576403500e-01  1.8289205500e-01  1.8609165800e-01  5.1248626100e-01  5.5047700800e-01  4.9208222300e-01
    1.9230000000e+01  2.0527612400e-01  1.8148928600e-01  1.8566309800e-01  5.1103398800e-01  5.4848565700e-01  4.9073551900e-01
    1.9240000000e+01  2.0479597500e-01  1.8013055400e-01  1.8521349800e-01  5.0960492900e-01  5.4649363900e-01  4.8937571000e-01
    1.9250000000e+01  2.0431853500e-01  1.7880738000e-01  1.8474729700e-01  5.0819733400e-01  5.4450705600e-01  4.8800021300e-01
    1.9260000000e+01  2.0383956800e-01  1.7751021900e-01  1.8426884200e-01  5.0680881600e-01  5.4252930800e-01  4.8660813300e-01
    1.9270000000e+01  2.0335567100e-01  1.7622926300e-01  1.8378182400e-01  5.0543659000e-01  5.4056091000e-01  4.8519999600e-01
    1.9280000000e+01  2.0286421600e-01  1.7495526800e-01  1.8328888300e-01  5.0407767300e-01  5.3859957500e-01  4.8377734000e-01
    1.9290000000e+01  2.0236328200e-01  1.7368030900e-01  1.8279139500e-01  5.0272904500e-01  5.3664053500e-01  4.8234222700e-01
    1.9300000000e+01  2.0185155300e-01  1.7239838900e-01  1.8228942800e-01  5.0138776900e-01  5.3467708200e-01  4.8089675300e-01
    1.9310000000e+01  2.0132821900e-01  1.7110584700e-01  1.8178182900e-01  5.0005108900e-01  5.3270123800e-01  4.7944258400e-01
    1.9320000000e+01  2.0079285700e-01  1.6980153600e-01  1.8126645400e-01  4.9871650900e-01  5.3070450000e-01  4.7798053700e-01
    1.9330000000e+01  2.0024528800e-01  1.6848677700e-01  1.8074050900e-01  4.9738183800e-01  5.2867858100e-01  4.7651023700e-01
    1.9340000000e+01  1.9968541100e-01  1.6716510100e-01  1.8020101200e-01  4.9604518600e-01  5.2661607200e-01  4.7502988000e-01
    1.9350000000e+01  1.9911303900e-01  1.6584182600e-01  1.7964535100e-01  4.9470489400e-01  5.2451098600e-01  4.7353615600e-01
    1.9360000000e+01  1.9852776300e-01  1.6452351700e-01  1.7907187500e-01  4.9335936500e-01  5.2235913900e-01  4.7202439500e-01
    1.9370000000e+01  1.9792891200e-01  1.6321736700e-01  1.7848043800e-01  4.9200684700e-01  5.2015835300e-01  4.7048894100e-01
    1.9380000000e+01  1.9731562100e-01  1.6193056100e-01  1.7787276100e-01  4.9064518100e-01  5.1790847900e-01  4.6892375600e-01
    1.9390000000e+01  1.9668702800e-01  1.6066965700e-01  1.7725254800e-01  4.8927159000e-01  5.1561122200e-01  4.6732316300e-01
    1.9400000000e+01  1.9604257600e-01  1.5944003800e-01  1.7662526400e-01  4.8788256400e-01  5.1326976600e-01  4.6568259200e-01
    1.9410000000e+01  1.9538236800e-01  1.5824551600e-01  1.7599761100e-01  4.8647387700e-01  5.1088823100e-01  4.6399920000e-01
    1.9420000000e+01  1.9470752500e-01  1.5708815400e-01  1.7537677800e-01  4.8504076800e-01  5.0847098600e-01  4.6227221000e-01
    1.9430000000e+01  1.9402045800e-01  1.5596836900e-01  1.7476960900e-01  4.8357827500e-01  5.0602192600e-01  4.6050289800e-01
    1.9440000000e+01  1.9332501300e-01  1.5488533300e-01  1.7418186800e-01  4.8208167200e-01  5.0354383300e-01  4.5869422200e-01
    1.9450000000e+01  1.9262642800e-01  1.5383761500e-01  1.7361774100e-01  4.8054697700e-01  5.0103794500e-01  4.5685017500e-01
    1.9460000000e+01  1.9193108900e-01  1.5282397200e-01  1.7307969800e-01  4.7897141200e-01  4.9850383600e-01  4.5497500300e-01
    1.9470000000e+01  1.9124611200e-01  1.5184412900e-01  1.7256870200e-01  4.7735375000e-01  4.9593965000e-01  4.5307247500e-01
    1.9480000000e+01  1.9057882300e-01  1.5089939100e-01  1.7208472300e-01  4.7569446800e-01  4.9334264800e-01  4.5114534000e-01
    1.9490000000e+01  1.8993623100e-01  1.4999297500e-01  1.7162740400e-01  4.7399567200e-01  4.9070998200e-01  4.4919510700e-01
    1.9500000000e+01  1.8932460800e-01  1.4912998300e-01  1.7119674200e-01  4.7226084000e-01  4.8803953100e-01  4.4722214000e-01
    1.9510000000e+01  1.8874924200e-01  1.4831703300e-01  1.7079362300e-01  4.7049444200e-01  4.8533065200e-01  4.4522605900e-01
    1.9520000000e+01  1.8821440100e-01  1.4756162400e-01  1.7042010400e-01  4.6870156600e-01  4.8258470600e-01  4.4320632200e-01
    1.9530000000e+01  1.8772344300e-01  1.4687137300e-01  1.7007939800e-01  4.6688763700e-01  4.7980527500e-01  4.4116286600e-01
    1.9540000000e+01  1.8727899500e-01  1.4625326600e-01  1.6977557200e-01  4.6505831000e-01  4.7699807000e-01  4.3909666100e-01
    1.9550000000e+01  1.8688308600e-01  1.4571303700e-01  1.6951303800e-01  4.6321951300e-01  4.7417058400e-01  4.3701006700e-01
    1.9560000000e+01  1.8653712800e-01  1.4525477800e-01  1.6929594700e-01  4.6137758500e-01  4.7133158600e-01  4.3490693200e-01
    1.9570000000e+01  1.8624173700e-01  1.4488076500e-01  1.6912762100e-01  4.5953938700e-01  4.6849059700e-01  4.3279242300e-01
    1.9580000000e+01  1.8599642100e-01  1.4459146700e-01  1.6901011500e-01  4.5771227600e-01  4.6565741200e-01  4.3067265000e-01
    1.9590000000e+01  1.8579923800e-01  1.4438566500e-01  1.6894399400e-01  4.5590387600e-01  4.6284173700e-01  4.2855417700e-01
    1.9600000000e+01  1.8564655400e-01  1.4426060300e-01  1.6892832100e-01  4.5412164800e-01  4.6005293400e-01  4.2644352100e-01
    1.9610000000e+01  1.8553301200e-01  1.4421212000e-01  1.6896082400e-01  4.5237232100e-01  4.5729984400e-01  4.2434673700e-01
    1.9620000000e+01  1.8545175600e-01  1.4423474800e-01  1.6903815600e-01  4.5066132500e-01  4.5459063100e-01  4.2226914400e-01
    1.9630000000e+01  1.8539489000e-01  1.4432178700e-01  1.6915617300e-01  4.4899234000e-01  4.5193262700e-01  4.2021518700e-01
    1.9640000000e+01  1.8535410000e-01  1.4446538300e-01  1.6931015800e-01  4.4736706600e-01  4.4933212600e-01  4.1818839200e-01
    1.9650000000e+01  1.8532130000e-01  1.4465666000e-01  1.6949497800e-01  4.4578527500e-01  4.4679416600e-01  4.1619135900e-01
    1.9660000000e+01  1.8528919000e-01  1.4488591600e-01  1.6970520600e-01  4.4424510300e-01  4.4432229400e-01  4.1422572600e-01
    1.9670000000e+01  1.8525161700e-01  1.4514290500e-01  1.6993523800e-01  4.4274352500e-01  4.4191838100e-01  4.1229210800e-01
    1.9680000000e+01  1.8520369500e-01  1.4541717800e-01  1.7017946000e-01  4.4127689800e-01  4.3958250100e-01  4.1039000400e-01
    1.9690000000e+01  1.8514167500e-01  1.4569842700e-01  1.7043248100e-01  4.3984145500e-01  4.3731291300e-01  4.0851773700e-01
    1.9700000000e+01  1.8506264200e-01  1.4597682700e-01  1.7068941900e-01  4.3843363700e-01  4.3510611400e-01  4.0667243900e-01
    1.9710000000e+01  1.8496412300e-01  1.4624333000e-01  1.7094622500e-01  4.3705022200e-01  4.3295693700e-01  4.0485013600e-01
    1.9720000000e+01  1.8484372100e-01  1.4648994500e-01  1.7119999400e-01  4.3568822500e-01  4.3085867400e-01  4.0304593300e-01
    1.9730000000e+01  1.8469888800e-01  1.4671002500e-01  1.7144924800e-01  4.3434462400e-01  4.2880320800e-01  4.0125429900e-01
    1.9740000000e+01  1.8452688000e-01  1.4689858900e-01  1.7169413600e-01  4.3301599900e-01  4.2678120800e-01  3.9946944700e-01
    1.9750000000e+01  1.8432494400e-01  1.4705267700e-01  1.7193654500e-01  4.3169817600e-01  4.2478241200e-01  3.9768579900e-01
    1.9760000000e+01  1.8409069800e-01  1.4717168100e-01  1.7218005900e-01  4.3038599100e-01  4.2279607900e-01  3.9589849600e-01
    1.9770000000e+01  1.8382263400e-01  1.4725756700e-01  1.7242976700e-01  4.2907326600e-01  4.2081160100e-01  3.9410392400e-01
    1.9780000000e+01  1.8352064900e-01  1.4731488800e-01  1.7269187100e-01  4.2775303800e-01  4.1881926500e-01  3.9230018800e-01
    1.9790000000e+01  1.8318645200e-01  1.4735051100e-01  1.7297313700e-01  4.2641805100e-01  4.1681103800e-01  3.9048745600e-01
    1.9800000000e+01  1.8282375400e-01  1.4737302800e-01  1.7328022400e-01  4.2506142700e-01  4.1478126800e-01  3.8866809600e-01
    1.9810000000e+01  1.8243815200e-01  1.4739191400e-01  1.7361898300e-01  4.2367741400e-01  4.1272712800e-01  3.8684658300e-01
    1.9820000000e+01  1.8203670400e-01  1.4741655900e-01  1.7399384300e-01  4.2226205900e-01  4.1064872300e-01  3.8502915100e-01
    1.9830000000e+01  1.8162723900e-01  1.4745532500e-01  1.7440734200e-01  4.2081367800e-01  4.0854881400e-01  3.8322327300e-01
    1.9840000000e+01  1.8121751900e-01  1.4751479600e-01  1.7485988900e-01  4.1933302300e-01  4.0643222700e-01  3.8143704500e-01
    1.9850000000e+01  1.8081438800e-01  1.4759933300e-01  1.7534972700e-01  4.1782311600e-01  4.0430504900e-01  3.7967855300e-01
    1.9860000000e+01  1.8042305200e-01  1.4771097000e-01  1.7587307400e-01  4.1628875200e-01  4.0217377600e-01  3.7795531400e-01
    1.9870000000e+01  1.8004660600e-01  1.4784962000e-01  1.7642439000e-01  4.1473578000e-01  4.0004455100e-01  3.7627382000e-01
    1.9880000000e+01  1.7968589400e-01  1.4801350200e-01  1.7699671000e-01  4.1317028200e-01  3.9792259600e-01  3.7463919000e-01
    1.9890000000e+01  1.7933967700e-01  1.4819966700e-01  1.7758201000e-01  4.1159779300e-01  3.9581188900e-01  3.7305492100e-01
    1.9900000000e+01  1.7900505300e-01  1.4840451200e-01  1.7817158200e-01  4.1002269700e-01  3.9371506500e-01  3.7152272200e-01
    1.9910000000e+01  1.7867802300e-01  1.4862421100e-01  1.7875642100e-01  4.0844784500e-01  3.9163346300e-01  3.7004240700e-01
    1.9920000000e+01  1.7835407900e-01  1.4885502900e-01  1.7932762900e-01  4.0687441200e-01  3.8956727000e-01  3.6861184600e-01
    1.9930000000e+01  1.7802874400e-01  1.4909354500e-01  1.7987684000e-01  4.0530195000e-01  3.8751567100e-01  3.6722699000e-01
    1.9940000000e+01  1.7769800300e-01  1.4933683000e-01  1.8039667000e-01  4.0372856700e-01  3.8547699300e-01  3.6588197900e-01
    1.9950000000e+01  1.7735864900e-01  1.4958260900e-01  1.8088115200e-01  4.0215117500e-01  3.8344884400e-01  3.6456938100e-01
    1.9960000000e+01  1.7700852600e-01  1.4982942200e-01  1.8132613000e-01  4.0056578500e-01  3.8142829200e-01  3.6328055800e-01
    1.9970000000e+01  1.7664670400e-01  1.5007676100e-01  1.8172953800e-01  3.9896783300e-01  3.7941209300e-01  3.6200614600e-01
    1.9980000000e+01  1.7627358400e-01  1.5032514300e-01  1.8209153600e-01  3.9735253500e-01  3.7739697500e-01  3.6073661900e-01
    1.9990000000e+01  1.7589089900e-01  1.5057608300e-01  1.8241446000e-01  3.9571525900e-01  3.7537996100e-01  3.5946286400e-01
    2.0000000000e+01  1.7550161300e-01  1.5083195900e-01  1.8270262400e-01  3.9405190200e-01  3.7335866700e-01  3.5817671000e-01
