# Dielectric function: real and imaginary components
#        Energy (eV)          Re_eps_x          Re_eps_y          Re_eps_z          Im_eps_x          Im_eps_y          Im_eps_z
    0.0000000000e+00  8.8284511790e+00  8.0979884940e+00  7.3998195360e+00  0.0000000000e+00  0.0000000000e+00  0.0000000000e+00
    1.0000000000e-02  8.8285584930e+00  8.0980793290e+00  7.3998965060e+00  3.2744680000e-03  2.7705100000e-03  2.3475870000e-03
    2.0000000000e-02  8.8288804580e+00  8.0983518530e+00  7.4001274330e+00  6.5496630000e-03  5.5416200000e-03  4.6956810000e-03
    3.0000000000e-02  8.8294171420e+00  8.0988061240e+00  7.4005123660e+00  9.8263110000e-03  8.3139300000e-03  7.0447910000e-03
    4.0000000000e-02  8.8301686630e+00  8.0994422360e+00  7.4010513840e+00  1.3105139000e-02  1.1088041000e-02  9.3954240000e-03
    5.0000000000e-02  8.8311351800e+00  8.1002603230e+00  7.4017446000e+00  1.6386877000e-02  1.3864554000e-02  1.1748090000e-02
    6.0000000000e-02  8.8323169030e+00  8.1012605560e+00  7.4025921590e+00  1.9672256000e-02  1.6644074000e-02  1.4103300000e-02
    7.0000000000e-02  8.8337140840e+00  8.1024431470e+00  7.4035942400e+00  2.2962009000e-02  1.9427205000e-02  1.6461567000e-02
    8.0000000000e-02  8.8353270260e+00  8.1038083420e+00  7.4047510510e+00  2.6256872000e-02  2.2214555000e-02  1.8823404000e-02
    9.0000000000e-02  8.8371560770e+00  8.1053564300e+00  7.4060628350e+00  2.9557583000e-02  2.5006734000e-02  2.1189328000e-02
    1.0000000000e-01  8.8392016300e+00  8.1070877360e+00  7.4075298680e+00  3.2864885000e-02  2.7804357000e-02  2.3559859000e-02
    1.1000000000e-01  8.8414641290e+00  8.1090026250e+00  7.4091524590e+00  3.6179526000e-02  3.0608038000e-02  2.5935518000e-02
    1.2000000000e-01  8.8439440620e+00  8.1111015010e+00  7.4109309480e+00  3.9502256000e-02  3.3418400000e-02  2.8316832000e-02
    1.3000000000e-01  8.8466419670e+00  8.1133848080e+00  7.4128657110e+00  4.2833832000e-02  3.6236067000e-02  3.0704329000e-02
    1.4000000000e-01  8.8495584290e+00  8.1158530290e+00  7.4149571560e+00  4.6175016000e-02  3.9061667000e-02  3.3098543000e-02
    1.5000000000e-01  8.8526940830e+00  8.1185066870e+00  7.4172057250e+00  4.9526577000e-02  4.1895836000e-02  3.5500012000e-02
    1.6000000000e-01  8.8560496100e+00  8.1213463460e+00  7.4196118950e+00  5.2889289000e-02  4.4739214000e-02  3.7909278000e-02
    1.7000000000e-01  8.8596257430e+00  8.1243726110e+00  7.4221761770e+00  5.6263933000e-02  4.7592446000e-02  4.0326888000e-02
    1.8000000000e-01  8.8634232640e+00  8.1275861250e+00  7.4248991160e+00  5.9651300000e-02  5.0456184000e-02  4.2753396000e-02
    1.9000000000e-01  8.8674430030e+00  8.1309875770e+00  7.4277812930e+00  6.3052187000e-02  5.3331087000e-02  4.5189361000e-02
    2.0000000000e-01  8.8716858450e+00  8.1345776950e+00  7.4308233230e+00  6.6467400000e-02  5.6217821000e-02  4.7635347000e-02
    2.1000000000e-01  8.8761527210e+00  8.1383572480e+00  7.4340258590e+00  6.9897754000e-02  5.9117061000e-02  5.0091928000e-02
    2.2000000000e-01  8.8808446180e+00  8.1423270520e+00  7.4373895890e+00  7.3344076000e-02  6.2029487000e-02  5.2559681000e-02
    2.3000000000e-01  8.8857625740e+00  8.1464879620e+00  7.4409152370e+00  7.6807200000e-02  6.4955790000e-02  5.5039195000e-02
    2.4000000000e-01  8.8909076790e+00  8.1508408790e+00  7.4446035650e+00  8.0287973000e-02  6.7896671000e-02  5.7531063000e-02
    2.5000000000e-01  8.8962810780e+00  8.1553867480e+00  7.4484553730e+00  8.3787254000e-02  7.0852838000e-02  6.0035888000e-02
    2.6000000000e-01  8.9018839690e+00  8.1601265580e+00  7.4524714970e+00  8.7305913000e-02  7.3825010000e-02  6.2554282000e-02
    2.7000000000e-01  8.9077176060e+00  8.1650613460e+00  7.4566528140e+00  9.0844833000e-02  7.6813919000e-02  6.5086868000e-02
    2.8000000000e-01  8.9137833010e+00  8.1701921920e+00  7.4610002400e+00  9.4404911000e-02  7.9820304000e-02  6.7634275000e-02
    2.9000000000e-01  8.9200824180e+00  8.1755202240e+00  7.4655147290e+00  9.7987058000e-02  8.2844920000e-02  7.0197145000e-02
    3.0000000000e-01  8.9266163830e+00  8.1810466190e+00  7.4701972780e+00  1.0159219900e-01  8.5888532000e-02  7.2776132000e-02
    3.1000000000e-01  8.9333866780e+00  8.1867726010e+00  7.4750489210e+00  1.0522127700e-01  8.8951918000e-02  7.5371898000e-02
    3.2000000000e-01  8.9403948450e+00  8.1926994430e+00  7.4800707390e+00  1.0887524800e-01  9.2035871000e-02  7.7985120000e-02
    3.3000000000e-01  8.9476424880e+00  8.1988284680e+00  7.4852638510e+00  1.1255508800e-01  9.5141196000e-02  8.0616485000e-02
    3.4000000000e-01  8.9551312700e+00  8.2051610510e+00  7.4906294220e+00  1.1626178800e-01  9.8268716000e-02  8.3266695000e-02
    3.5000000000e-01  8.9628629180e+00  8.2116986170e+00  7.4961686590e+00  1.1999636100e-01  1.0141926800e-01  8.5936466000e-02
    3.6000000000e-01  8.9708392230e+00  8.2184426440e+00  7.5018828160e+00  1.2375983700e-01  1.0459370400e-01  8.8626527000e-02
    3.7000000000e-01  8.9790620400e+00  8.2253946640e+00  7.5077731910e+00  1.2755326700e-01  1.0779289400e-01  9.1337622000e-02
    3.8000000000e-01  8.9875332900e+00  8.2325562650e+00  7.5138411290e+00  1.3137772400e-01  1.1101772800e-01  9.4070511000e-02
    3.9000000000e-01  8.9962549630e+00  8.2399290880e+00  7.5200880230e+00  1.3523430200e-01  1.1426911100e-01  9.6825973000e-02
    4.0000000000e-01  9.0052291150e+00  8.2475148320e+00  7.5265153130e+00  1.3912411800e-01  1.1754797000e-01  9.9604799000e-02
    4.1000000000e-01  9.0144578740e+00  8.2553152540e+00  7.5331244900e+00  1.4304831600e-01  1.2085525000e-01  1.0240780200e-01
    4.2000000000e-01  9.0239434400e+00  8.2633321700e+00  7.5399170950e+00  1.4700806000e-01  1.2419192000e-01  1.0523581300e-01
    4.3000000000e-01  9.0336880840e+00  8.2715674570e+00  7.5468947210e+00  1.5100454600e-01  1.2755896900e-01  1.0808968200e-01
    4.4000000000e-01  9.0436941540e+00  8.2800230530e+00  7.5540590120e+00  1.5503899300e-01  1.3095741000e-01  1.1097027900e-01
    4.5000000000e-01  9.0539640730e+00  8.2887009590e+00  7.5614116690e+00  1.5911265000e-01  1.3438827800e-01  1.1387849500e-01
    4.6000000000e-01  9.0645003410e+00  8.2976032410e+00  7.5689544450e+00  1.6322679700e-01  1.3785263600e-01  1.1681524600e-01
    4.7000000000e-01  9.0753055390e+00  8.3067320310e+00  7.5766891510e+00  1.6738274300e-01  1.4135157100e-01  1.1978146800e-01
    4.8000000000e-01  9.0863823300e+00  8.3160895270e+00  7.5846176570e+00  1.7158182900e-01  1.4488619900e-01  1.2277812200e-01
    4.9000000000e-01  9.0977334580e+00  8.3256779980e+00  7.5927418900e+00  1.7582543200e-01  1.4845766200e-01  1.2580619700e-01
    5.0000000000e-01  9.1093617560e+00  8.3354997820e+00  7.6010638380e+00  1.8011496200e-01  1.5206713300e-01  1.2886670500e-01
    5.1000000000e-01  9.1212701420e+00  8.3455572910e+00  7.6095855530e+00  1.8445186600e-01  1.5571581600e-01  1.3196068700e-01
    5.2000000000e-01  9.1334616240e+00  8.3558530100e+00  7.6183091490e+00  1.8883762900e-01  1.5940494700e-01  1.3508921300e-01
    5.3000000000e-01  9.1459393030e+00  8.3663895010e+00  7.6272368060e+00  1.9327377500e-01  1.6313579600e-01  1.3825338400e-01
    5.4000000000e-01  9.1587063720e+00  8.3771694040e+00  7.6363707710e+00  1.9776187100e-01  1.6690966800e-01  1.4145433100e-01
    5.5000000000e-01  9.1717661220e+00  8.3881954380e+00  7.6457133610e+00  2.0230352400e-01  1.7072790400e-01  1.4469321800e-01
    5.6000000000e-01  9.1851219430e+00  8.3994704040e+00  7.6552669610e+00  2.0690039000e-01  1.7459188300e-01  1.4797124400e-01
    5.7000000000e-01  9.1987773280e+00  8.4109971900e+00  7.6650340310e+00  2.1155416700e-01  1.7850302500e-01  1.5128964500e-01
    5.8000000000e-01  9.2127358720e+00  8.4227787670e+00  7.6750171060e+00  2.1626660500e-01  1.8246279000e-01  1.5464969300e-01
    5.9000000000e-01  9.2270012790e+00  8.4348181970e+00  7.6852187960e+00  2.2103950400e-01  1.8647268400e-01  1.5805270000e-01
    6.0000000000e-01  9.2415773620e+00  8.4471186330e+00  7.6956417910e+00  2.2587471600e-01  1.9053425700e-01  1.6150001900e-01
    6.1000000000e-01  9.2564680480e+00  8.4596833220e+00  7.7062888620e+00  2.3077414800e-01  1.9464910500e-01  1.6499304600e-01
    6.2000000000e-01  9.2716773800e+00  8.4725156080e+00  7.7171628650e+00  2.3573976700e-01  1.9881887500e-01  1.6853322300e-01
    6.3000000000e-01  9.2872095220e+00  8.4856189340e+00  7.7282667380e+00  2.4077359700e-01  2.0304526700e-01  1.7212203700e-01
    6.4000000000e-01  9.3030687580e+00  8.4989968440e+00  7.7396035130e+00  2.4587772600e-01  2.0733003300e-01  1.7576102800e-01
    6.5000000000e-01  9.3192595020e+00  8.5126529900e+00  7.7511763090e+00  2.5105430800e-01  2.1167498200e-01  1.7945178400e-01
    6.6000000000e-01  9.3357862970e+00  8.5265911290e+00  7.7629883410e+00  2.5630556500e-01  2.1608198300e-01  1.8319595000e-01
    6.7000000000e-01  9.3526538200e+00  8.5408151330e+00  7.7750429210e+00  2.6163378800e-01  2.2055296800e-01  1.8699522700e-01
    6.8000000000e-01  9.3698668870e+00  8.5553289880e+00  7.7873434610e+00  2.6704134600e-01  2.2508993100e-01  1.9085137600e-01
    6.9000000000e-01  9.3874304560e+00  8.5701367960e+00  7.7998934740e+00  2.7253068400e-01  2.2969493600e-01  1.9476622000e-01
    7.0000000000e-01  9.4053496320e+00  8.5852427840e+00  7.8126965820e+00  2.7810432700e-01  2.3437011800e-01  1.9874164900e-01
    7.1000000000e-01  9.4236296710e+00  8.6006513050e+00  7.8257565160e+00  2.8376488700e-01  2.3911768700e-01  2.0277962200e-01
    7.2000000000e-01  9.4422759860e+00  8.6163668410e+00  7.8390771200e+00  2.8951506400e-01  2.4393993000e-01  2.0688216900e-01
    7.3000000000e-01  9.4612941510e+00  8.6323940080e+00  7.8526623560e+00  2.9535765100e-01  2.4883921600e-01  2.1105140000e-01
    7.4000000000e-01  9.4806899050e+00  8.6487375600e+00  7.8665163040e+00  3.0129553800e-01  2.5381800300e-01  2.1528950100e-01
    7.5000000000e-01  9.5004691590e+00  8.6654023970e+00  7.8806431730e+00  3.0733171700e-01  2.5887883500e-01  2.1959874600e-01
    7.6000000000e-01  9.5206380010e+00  8.6823935620e+00  7.8950472990e+00  3.1346928600e-01  2.6402435500e-01  2.2398149700e-01
    7.7000000000e-01  9.5412027030e+00  8.6997162540e+00  7.9097331500e+00  3.1971145400e-01  2.6925730200e-01  2.2844021000e-01
    7.8000000000e-01  9.5621697250e+00  8.7173758280e+00  7.9247053350e+00  3.2606154800e-01  2.7458052300e-01  2.3297744000e-01
    7.9000000000e-01  9.5835457220e+00  8.7353778020e+00  7.9399686040e+00  3.3252301700e-01  2.7999697400e-01  2.3759584600e-01
    8.0000000000e-01  9.6053375520e+00  8.7537278640e+00  7.9555278550e+00  3.3909943800e-01  2.8550972700e-01  2.4229819800e-01
    8.1000000000e-01  9.6275522800e+00  8.7724318730e+00  7.9713881390e+00  3.4579452200e-01  2.9112197700e-01  2.4708738200e-01
    8.2000000000e-01  9.6501971870e+00  8.7914958720e+00  7.9875546640e+00  3.5261212300e-01  2.9683704600e-01  2.5196640700e-01
    8.3000000000e-01  9.6732797800e+00  8.8109260860e+00  8.0040328040e+00  3.5955624100e-01  3.0265839400e-01  2.5693841400e-01
    8.4000000000e-01  9.6968077930e+00  8.8307289360e+00  8.0208281000e+00  3.6663103300e-01  3.0858962200e-01  2.6200667800e-01
    8.5000000000e-01  9.7207892040e+00  8.8509110410e+00  8.0379462690e+00  3.7384081900e-01  3.1463448400e-01  2.6717462500e-01
    8.6000000000e-01  9.7452322330e+00  8.8714792280e+00  8.0553932120e+00  3.8119009100e-01  3.2079689300e-01  2.7244583200e-01
    8.7000000000e-01  9.7701453620e+00  8.8924405360e+00  8.0731750150e+00  3.8868352100e-01  3.2708093100e-01  2.7782404000e-01
    8.8000000000e-01  9.7955373350e+00  8.9138022270e+00  8.0912979610e+00  3.9632597100e-01  3.3349085600e-01  2.8331316800e-01
    8.9000000000e-01  9.8214171740e+00  8.9355717900e+00  8.1097685320e+00  4.0412250400e-01  3.4003112000e-01  2.8891731500e-01
    9.0000000000e-01  9.8477941860e+00  8.9577569550e+00  8.1285934230e+00  4.1207839100e-01  3.4670636900e-01  2.9464078200e-01
    9.1000000000e-01  9.8746779730e+00  8.9803656950e+00  8.1477795410e+00  4.2019912800e-01  3.5352146500e-01  3.0048807600e-01
    9.2000000000e-01  9.9020784450e+00  9.0034062390e+00  8.1673340200e+00  4.2849044100e-01  3.6048149400e-01  3.0646392900e-01
    9.3000000000e-01  9.9300058320e+00  9.0268870800e+00  8.1872642230e+00  4.3695830500e-01  3.6759177900e-01  3.1257330900e-01
    9.4000000000e-01  9.9584706920e+00  9.0508169820e+00  8.2075777560e+00  4.4560895400e-01  3.7485789900e-01  3.1882144100e-01
    9.5000000000e-01  9.9874839290e+00  9.0752049950e+00  8.2282824680e+00  4.5444889700e-01  3.8228570100e-01  3.2521381900e-01
    9.6000000000e-01  1.0017056802e+01  9.1000604590e+00  8.2493864690e+00  4.6348493000e-01  3.8988131800e-01  3.3175622700e-01
    9.7000000000e-01  1.0047200940e+01  9.1253930190e+00  8.2708981280e+00  4.7272415900e-01  3.9765119200e-01  3.3845476000e-01
    9.8000000000e-01  1.0077928357e+01  9.1512126320e+00  8.2928260910e+00  4.8217401100e-01  4.0560208600e-01  3.4531584700e-01
    9.9000000000e-01  1.0109251468e+01  9.1775295800e+00  8.3151792820e+00  4.9184225700e-01  4.1374111300e-01  3.5234627100e-01
    1.0000000000e+00  1.0141183101e+01  9.2043544770e+00  8.3379669130e+00  5.0173702800e-01  4.2207575800e-01  3.5955319800e-01
    1.0100000000e+00  1.0173736517e+01  9.2316982860e+00  8.3611984950e+00  5.1186684100e-01  4.3061390100e-01  3.6694420600e-01
    1.0200000000e+00  1.0206925426e+01  9.2595723230e+00  8.3848838420e+00  5.2224062100e-01  4.3936384600e-01  3.7452731600e-01
    1.0300000000e+00  1.0240764004e+01  9.2879882730e+00  8.4090330760e+00  5.3286772200e-01  4.4833435300e-01  3.8231102300e-01
    1.0400000000e+00  1.0275266913e+01  9.3169581950e+00  8.4336566360e+00  5.4375795700e-01  4.5753466700e-01  3.9030433400e-01
    1.0500000000e+00  1.0310449319e+01  9.3464945380e+00  8.4587652850e+00  5.5492162600e-01  4.6697455700e-01  3.9851681300e-01
    1.0600000000e+00  1.0346326915e+01  9.3766101460e+00  8.4843701040e+00  5.6636954600e-01  4.7666435100e-01  4.0695861700e-01
    1.0700000000e+00  1.0382915939e+01  9.4073182650e+00  8.5104825030e+00  5.7811308300e-01  4.8661498200e-01  4.1564054800e-01
    1.0800000000e+00  1.0420233200e+01  9.4386325560e+00  8.5371142140e+00  5.9016418800e-01  4.9683802700e-01  4.2457410800e-01
    1.0900000000e+00  1.0458296096e+01  9.4705670930e+00  8.5642772890e+00  6.0253543700e-01  5.0734576600e-01  4.3377154800e-01
    1.1000000000e+00  1.0497122643e+01  9.5031363710e+00  8.5919840870e+00  6.1524006800e-01  5.1815122300e-01  4.4324593800e-01
    1.1100000000e+00  1.0536731499e+01  9.5363553070e+00  8.6202472690e+00  6.2829202900e-01  5.2926823600e-01  4.5301122700e-01
    1.1200000000e+00  1.0577141986e+01  9.5702392320e+00  8.6490797720e+00  6.4170602200e-01  5.4071150900e-01  4.6308232200e-01
    1.1300000000e+00  1.0618374123e+01  9.6048038880e+00  8.6784947830e+00  6.5549756000e-01  5.5249668900e-01  4.7347515900e-01
    1.1400000000e+00  1.0660448650e+01  9.6400654140e+00  8.7085057060e+00  6.6968301800e-01  5.6464043000e-01  4.8420679200e-01
    1.1500000000e+00  1.0703387057e+01  9.6760403260e+00  8.7391261170e+00  6.8427969500e-01  5.7716047500e-01  4.9529547800e-01
    1.1600000000e+00  1.0747211618e+01  9.7127454920e+00  8.7703696990e+00  6.9930588100e-01  5.9007573700e-01  5.0676077200e-01
    1.1700000000e+00  1.0791945415e+01  9.7501980920e+00  8.8022501730e+00  7.1478092800e-01  6.0340638400e-01  5.1862362100e-01
    1.1800000000e+00  1.0837612375e+01  9.7884155710e+00  8.8347812020e+00  7.3072532400e-01  6.1717393000e-01  5.3090646900e-01
    1.1900000000e+00  1.0884237300e+01  9.8274155810e+00  8.8679762810e+00  7.4716078200e-01  6.3140132400e-01  5.4363334500e-01
    1.2000000000e+00  1.0931845900e+01  9.8672158980e+00  8.9018485930e+00  7.6411032900e-01  6.4611304300e-01  5.5682996500e-01
    1.2100000000e+00  1.0980464828e+01  9.9078343360e+00  8.9364108490e+00  7.8159840400e-01  6.6133518000e-01  5.7052381400e-01
    1.2200000000e+00  1.1030121707e+01  9.9492886290e+00  8.9716750930e+00  7.9965097000e-01  6.7709552300e-01  5.8474421100e-01
    1.2300000000e+00  1.1080845172e+01  9.9915963000e+00  9.0076524780e+00  8.1829563000e-01  6.9342362900e-01  5.9952235900e-01
    1.2400000000e+00  1.1132664895e+01  1.0034774514e+01  9.0443530110e+00  8.3756175700e-01  7.1035087300e-01  6.1489135800e-01
    1.2500000000e+00  1.1185611621e+01  1.0078839906e+01  9.0817852750e+00  8.5748063600e-01  7.2791047500e-01  6.3088616400e-01
    1.2600000000e+00  1.1239717195e+01  1.0123808401e+01  9.1199561290e+00  8.7808561700e-01  7.4613749900e-01  6.4754350800e-01
    1.2700000000e+00  1.1295014591e+01  1.0169695031e+01  9.1588704090e+00  8.9941228600e-01  7.6506880700e-01  6.6490172700e-01
    1.2800000000e+00  1.1351537935e+01  1.0216513750e+01  9.1985306350e+00  9.2149864900e-01  7.8474297200e-01  6.8300053300e-01
    1.2900000000e+00  1.1409322526e+01  1.0264277286e+01  9.2389367590e+00  9.4438533500e-01  8.0520014200e-01  7.0188068800e-01
    1.3000000000e+00  1.1468404848e+01  1.0312997015e+01  9.2800859830e+00  9.6811581800e-01  8.2648186400e-01  7.2158360800e-01
    1.3100000000e+00  1.1528822578e+01  1.0362682903e+01  9.3219726680e+00  9.9273666300e-01  8.4863087500e-01  7.4215091100e-01
    1.3200000000e+00  1.1590614583e+01  1.0413343515e+01  9.3645883540e+00  1.0182977930e+00  8.7169088500e-01  7.6362393200e-01
    1.3300000000e+00  1.1653820902e+01  1.0464986090e+01  9.4079219140e+00  1.0448527780e+00  8.9570637300e-01  7.8604326400e-01
    1.3400000000e+00  1.1718482720e+01  1.0517616686e+01  9.4519597940e+00  1.0724591630e+00  9.2072243100e-01  8.0944834400e-01
    1.3500000000e+00  1.1784642315e+01  1.0571240347e+01  9.4966863230e+00  1.1011788170e+00  9.4678466200e-01  8.3387713200e-01
    1.3600000000e+00  1.1852342987e+01  1.0625861278e+01  9.5420840340e+00  1.1310783180e+00  9.7393913800e-01  8.5936585800e-01
    1.3700000000e+00  1.1921628959e+01  1.0681482995e+01  9.5881339540e+00  1.1622293740e+00  1.0022323780e+00  8.8594879600e-01
    1.3800000000e+00  1.1992545237e+01  1.0738108458e+01  9.6348158910e+00  1.1947092830e+00  1.0317113100e+00  9.1365797700e-01
    1.3900000000e+00  1.2065137433e+01  1.0795740256e+01  9.6821088000e+00  1.2286014310e+00  1.0624231680e+00  9.4252280000e-01
    1.4000000000e+00  1.2139451537e+01  1.0854380918e+01  9.7299913950e+00  1.2639958310e+00  1.0944153470e+00  9.7256952700e-01
    1.4100000000e+00  1.2215533622e+01  1.0914033459e+01  9.7784431520e+00  1.3009897050e+00  1.1277353070e+00  1.0038208430e+00
    1.4200000000e+00  1.2293429477e+01  1.0974702168e+01  9.8274457480e+00  1.3396881060e+00  1.1624307050e+00  1.0362957340e+00
    1.4300000000e+00  1.2373184153e+01  1.1036393541e+01  9.8769847910e+00  1.3802045790e+00  1.1985499430e+00  1.0700100120e+00
    1.4400000000e+00  1.2454841408e+01  1.1099117111e+01  9.9270514650e+00  1.4226618510e+00  1.2361432670e+00  1.1049776890e+00
    1.4500000000e+00  1.2538443021e+01  1.1162885848e+01  9.9776435930e+00  1.4671925520e+00  1.2752643680e+00  1.1412131550e+00
    1.4600000000e+00  1.2624027985e+01  1.1227715858e+01  1.0028765688e+01  1.5139399420e+00  1.3159722270e+00  1.1787337910e+00
    1.4700000000e+00  1.2711631530e+01  1.1293625298e+01  1.0080427856e+01  1.5630586400e+00  1.3583328190e+00  1.2175624060e+00
    1.4800000000e+00  1.2801283983e+01  1.1360632673e+01  1.0132643813e+01  1.6147153200e+00  1.4024202540e+00  1.2577289020e+00
    1.4900000000e+00  1.2893009441e+01  1.1428754917e+01  1.0185428590e+01  1.6690893630e+00  1.4483171440e+00  1.2992708180e+00
    1.5000000000e+00  1.2986824252e+01  1.1498005698e+01  1.0238796629e+01  1.7263734140e+00  1.4961142500e+00  1.3422328770e+00
    1.5100000000e+00  1.3082735303e+01  1.1568394263e+01  1.0292760703e+01  1.7867738330e+00  1.5459097130e+00  1.3866660040e+00
    1.5200000000e+00  1.3180738107e+01  1.1639924860e+01  1.0347331684e+01  1.8505109890e+00  1.5978083070e+00  1.4326265000e+00
    1.5300000000e+00  1.3280814717e+01  1.1712596495e+01  1.0402518773e+01  1.9178193790e+00  1.6519210260e+00  1.4801758310e+00
    1.5400000000e+00  1.3382931455e+01  1.1786402677e+01  1.0458329568e+01  1.9889475450e+00  1.7083650720e+00  1.5293811200e+00
    1.5500000000e+00  1.3487036461e+01  1.1861330833e+01  1.0514769531e+01  2.0641577830e+00  1.7672640680e+00  1.5803160080e+00
    1.5600000000e+00  1.3593057039e+01  1.1937361346e+01  1.0571840703e+01  2.1437256050e+00  1.8287481780e+00  1.6330613200e+00
    1.5700000000e+00  1.3700896728e+01  1.2014466357e+01  1.0629540000e+01  2.2279389430e+00  1.8929538430e+00  1.6877050520e+00
    1.5800000000e+00  1.3810432041e+01  1.2092608659e+01  1.0687857606e+01  2.3170969720e+00  1.9600230720e+00  1.7443415210e+00
    1.5900000000e+00  1.3921508761e+01  1.2171740938e+01  1.0746775999e+01  2.4115083630e+00  2.0301024340e+00  1.8030699280e+00
    1.6000000000e+00  1.4033937813e+01  1.2251805473e+01  1.0806269833e+01  2.5114886480e+00  2.1033420670e+00  1.8639928540e+00
    1.6100000000e+00  1.4147490876e+01  1.2332734126e+01  1.0866306491e+01  2.6173562660e+00  2.1798949940e+00  1.9272152480e+00
    1.6200000000e+00  1.4261896183e+01  1.2414448283e+01  1.0926846812e+01  2.7294268290e+00  2.2599168470e+00  1.9928442100e+00
    1.6300000000e+00  1.4376835317e+01  1.2496858420e+01  1.0987845371e+01  2.8480053560e+00  2.3435657910e+00  2.0609894320e+00
    1.6400000000e+00  1.4491942076e+01  1.2579863208e+01  1.1049249993e+01  2.9733765650e+00  2.4310022430e+00  2.1317637570e+00
    1.6500000000e+00  1.4606804555e+01  1.2663348426e+01  1.1111000611e+01  3.1057940070e+00  2.5223879210e+00  2.2052831750e+00
    1.6600000000e+00  1.4720971236e+01  1.2747186309e+01  1.1173028104e+01  3.2454694640e+00  2.6178841050e+00  2.2816658320e+00
    1.6700000000e+00  1.4833961136e+01  1.2831236036e+01  1.1235254001e+01  3.3925646330e+00  2.7176494220e+00  2.3610301310e+00
    1.6800000000e+00  1.4945276895e+01  1.2915345782e+01  1.1297591757e+01  3.5471871520e+00  2.8218380540e+00  2.4434926860e+00
    1.6900000000e+00  1.5054418505e+01  1.2999356152e+01  1.1359949742e+01  3.7093924690e+00  2.9305995040e+00  2.5291673260e+00
    1.7000000000e+00  1.5160894480e+01  1.3083104079e+01  1.1422235283e+01  3.8791916730e+00  3.0440809760e+00  2.6181663860e+00
    1.7100000000e+00  1.5264227277e+01  1.3166425596e+01  1.1484358333e+01  4.0565635370e+00  3.1624328560e+00  2.7106050880e+00
    1.7200000000e+00  1.5363950896e+01  1.3249155619e+01  1.1546232899e+01  4.2414671520e+00  3.2858168990e+00  2.8066089370e+00
    1.7300000000e+00  1.5459600844e+01  1.3331123069e+01  1.1607774446e+01  4.4338504630e+00  3.4144156680e+00  2.9063230060e+00
    1.7400000000e+00  1.5550699468e+01  1.3412140375e+01  1.1668892121e+01  4.6336502930e+00  3.5484409230e+00  3.0099210520e+00
    1.7500000000e+00  1.5636742119e+01  1.3491987576e+01  1.1729475758e+01  4.8407815370e+00  3.6881381280e+00  3.1176118440e+00
    1.7600000000e+00  1.5717190704e+01  1.3570392644e+01  1.1789378938e+01  5.0551164880e+00  3.8337843030e+00  3.2296401240e+00
    1.7700000000e+00  1.5791480236e+01  1.3647010987e+01  1.1848400607e+01  5.2764590770e+00  3.9856772510e+00  3.3462803420e+00
    1.7800000000e+00  1.5859040943e+01  1.3721408104e+01  1.1906268609e+01  5.5045216850e+00  4.1441156260e+00  3.4678225950e+00
    1.7900000000e+00  1.5919334115e+01  1.3793049524e+01  1.1962628553e+01  5.7389131620e+00  4.3093712660e+00  3.5945518760e+00
    1.8000000000e+00  1.5971895293e+01  1.3861301333e+01  1.2017040704e+01  5.9791452060e+00  4.4816572240e+00  3.7267233260e+00
    1.8100000000e+00  1.6016375082e+01  1.3925442720e+01  1.2068986024e+01  6.2246604340e+00  4.6610963370e+00  3.8645372790e+00
    1.8200000000e+00  1.6052566795e+01  1.3984689480e+01  1.2117880512e+01  6.4748804000e+00  4.8476955090e+00  4.0081179670e+00
    1.8300000000e+00  1.6080411603e+01  1.4038225026e+01  1.2163095288e+01  6.7292666970e+00  5.0413298170e+00  4.1574988880e+00
    1.8400000000e+00  1.6099975566e+01  1.4085233910e+01  1.2203978770e+01  6.9873842370e+00  5.2417383950e+00  4.3126160750e+00
    1.8500000000e+00  1.6111398146e+01  1.4124932672e+01  1.2239877436e+01  7.2489536860e+00  5.4485313770e+00  4.4733085500e+00
    1.8600000000e+00  1.6114817736e+01  1.4156594014e+01  1.2270152707e+01  7.5138802120e+00  5.6612048400e+00  4.6393237170e+00
    1.8700000000e+00  1.6110285635e+01  1.4179562527e+01  1.2294193183e+01  7.7822485450e+00  5.8791593370e+00  4.8103247330e+00
    1.8800000000e+00  1.6097684357e+01  1.4193262684e+01  1.2311423156e+01  8.0542800860e+00  6.1017176120e+00  4.9858972790e+00
    1.8900000000e+00  1.6076667707e+01  1.4197201975e+01  1.2321309509e+01  8.3302557230e+00  6.3281384010e+00  5.1655543150e+00
    1.9000000000e+00  1.6046637283e+01  1.4190973066e+01  1.2323369370e+01  8.6104166250e+00  6.5576255190e+00  5.3487390440e+00
    1.9100000000e+00  1.6006762591e+01  1.4174258483e+01  1.2317180214e+01  8.8948617460e+00  6.7893339020e+00  5.5348277480e+00
    1.9200000000e+00  1.5956041699e+01  1.4146839448e+01  1.2302392621e+01  9.1834624780e+00  7.0223761780e+00  5.7231350240e+00
    1.9300000000e+00  1.5893389245e+01  1.4108607718e+01  1.2278744124e+01  9.4758106200e+00  7.2558336970e+00  5.9129236940e+00
    1.9400000000e+00  1.5817732583e+01  1.4059576769e+01  1.2246071234e+01  9.7712065120e+00  7.4887743930e+00  6.1034202380e+00
    1.9500000000e+00  1.5728096947e+01  1.3999887676e+01  1.2204316581e+01  1.0068683177e+01  7.7202768650e+00  6.2938345270e+00
    1.9600000000e+00  1.5623666842e+01  1.3929806398e+01  1.2153529520e+01  1.0367053559e+01  7.9494570370e+00  6.4833808330e+00
    1.9700000000e+00  1.5503820548e+01  1.3849712363e+01  1.2093860927e+01  1.0664964673e+01  8.1754923940e+00  6.6712967240e+00
    1.9800000000e+00  1.5368143838e+01  1.3760081566e+01  1.2025554997e+01  1.0960945394e+01  8.3976401430e+00  6.8568579510e+00
    1.9900000000e+00  1.5216434155e+01  1.3661468723e+01  1.1948941182e+01  1.1253441919e+01  8.6152490440e+00  7.0393902380e+00
    2.0000000000e+00  1.5048706162e+01  1.3554491341e+01  1.1864427402e+01  1.1540843141e+01  8.8277680770e+00  7.2182811260e+00
    2.0100000000e+00  1.4865204746e+01  1.3439814609e+01  1.1772492203e+01  1.1821503977e+01  9.0347561050e+00  7.3929951060e+00
    2.0200000000e+00  1.4666424722e+01  1.3318132262e+01  1.1673670697e+01  1.2093776239e+01  9.2358941070e+00  7.5630923290e+00
    2.0300000000e+00  1.4453130496e+01  1.3190137921e+01  1.1568529275e+01  1.2356054114e+01  9.4309963360e+00  7.7282463500e+00
    2.0400000000e+00  1.4226365529e+01  1.3056485220e+01  1.1457628085e+01  1.2606836193e+01  9.6200119350e+00  7.8882523270e+00
    2.0500000000e+00  1.3987441057e+01  1.2917742184e+01  1.1341477014e+01  1.2844799971e+01  9.8030075820e+00  8.0430166510e+00
    2.0600000000e+00  1.3737896105e+01  1.2774352225e+01  1.1220497031e+01  1.3068879191e+01  9.9801264110e+00  8.1925237460e+00
    2.0700000000e+00  1.3479425857e+01  1.2626616469e+01  1.1095000688e+01  1.3278330316e+01  1.0151527615e+01  8.3367842040e+00
    2.0800000000e+00  1.3213782538e+01  1.2474707726e+01  1.0965201300e+01  1.3472772902e+01  1.0317320520e+01  8.4757769690e+00
    2.0900000000e+00  1.2942660700e+01  1.2318716287e+01  1.0831251164e+01  1.3652190867e+01  1.0477511640e+01  8.6094024550e+00
    2.1000000000e+00  1.2667585197e+01  1.2158716540e+01  1.0693299062e+01  1.3816888086e+01  1.0631980539e+01  8.7374610870e+00
    2.1100000000e+00  1.2389822541e+01  1.1994836178e+01  1.0551550741e+01  1.3967401225e+01  1.0780491100e+01  8.8596635950e+00
    2.1200000000e+00  1.2110333563e+01  1.1827309793e+01  1.0406315821e+01  1.4104382750e+01  1.0922733449e+01  8.9756692690e+00
    2.1300000000e+00  1.1829777563e+01  1.1656505172e+01  1.0258030050e+01  1.4228474573e+01  1.1058383248e+01  9.0851405430e+00
    2.1400000000e+00  1.1548567604e+01  1.1482920069e+01  1.0107250127e+01  1.4340195547e+01  1.1187162441e+01  9.1877994420e+00
    2.1500000000e+00  1.1266966107e+01  1.1307155262e+01  9.9546257580e+00  1.4439863389e+01  1.1308888647e+01  9.2834735840e+00
    2.1600000000e+00  1.0985202061e+01  1.1129873679e+01  9.8008578630e+00  1.4527564478e+01  1.1423506450e+01  9.3721245590e+00
    2.1700000000e+00  1.0703587521e+01  1.0951755229e+01  9.6466525080e+00  1.4603175295e+01  1.1531099696e+01  9.4538570010e+00
    2.1800000000e+00  1.0422612170e+01  1.0773454439e+01  9.4926783110e+00  1.4666429287e+01  1.1631887513e+01  9.5289107190e+00
    2.1900000000e+00  1.0143000000e+01  1.0595565138e+01  9.3395323180e+00  1.4717014733e+01  1.1726208099e+01  9.5976403010e+00
    2.2000000000e+00  9.8657203000e+00  1.0418594468e+01  9.1877167860e+00  1.4754684217e+01  1.1814494264e+01  9.6604871450e+00
    2.2100000000e+00  9.5919546180e+00  1.0242947338e+01  9.0376273980e+00  1.4779355650e+01  1.1897244523e+01  9.7179485470e+00
    2.2200000000e+00  9.3230298330e+00  1.0068921512e+01  8.8895520210e+00  1.4791188541e+01  1.1974993521e+01  9.7705478360e+00
    2.2300000000e+00  9.0603329210e+00  9.8967123410e+00  8.7436780650e+00  1.4790626674e+01  1.2048285522e+01  9.8188086670e+00
    2.2400000000e+00  8.8052236110e+00  9.7264247570e+00  8.6001058380e+00  1.4778407064e+01  1.2117654176e+01  9.8632355320e+00
    2.2500000000e+00  8.5589571430e+00  9.5580890920e+00  8.4588650750e+00  1.4755542282e+01  1.2183610555e+01  9.9043014610e+00
    2.2600000000e+00  8.3226225770e+00  9.3916767160e+00  8.3199319740e+00  1.4723286428e+01  1.2246639941e+01  9.9424429830e+00
    2.2700000000e+00  8.0970956610e+00  9.2271116080e+00  8.1832442530e+00  1.4683093641e+01  1.2307206221e+01  9.9780618040e+00
    2.2800000000e+00  7.8830017280e+00  9.0642744380e+00  8.0487118270e+00  1.4636573524e+01  1.2365761233e+01  1.0011532104e+01
    2.2900000000e+00  7.6806845650e+00  8.9029968750e+00  7.9162207330e+00  1.4585442795e+01  1.2422754737e+01  1.0043211338e+01
    2.3000000000e+00  7.4901808420e+00  8.7430458750e+00  7.7856286020e+00  1.4531469598e+01  1.2478639340e+01  1.0073451065e+01
    2.3100000000e+00  7.3112042970e+00  8.5841009350e+00  7.6567518320e+00  1.4476407527e+01  1.2533864308e+01  1.0102603055e+01
    2.3200000000e+00  7.1431467860e+00  8.4257309220e+00  7.5293474230e+00  1.4421920478e+01  1.2588853876e+01  1.0131015948e+01
    2.3300000000e+00  6.9851027620e+00  8.2673796270e+00  7.4030952080e+00  1.4369504757e+01  1.2643969831e+01  1.0159019697e+01
    2.3400000000e+00  6.8359194750e+00  8.1083688400e+00  7.2775874530e+00  1.4320419042e+01  1.2699463591e+01  1.0186898650e+01
    2.3500000000e+00  6.6942690370e+00  7.9479238900e+00  7.1523315150e+00  1.4275633510e+01  1.2755427868e+01  1.0214858102e+01
    2.3600000000e+00  6.5587327860e+00  7.7852202110e+00  7.0267677240e+00  1.4235806410e+01  1.2811759593e+01  1.0242991669e+01
    2.3700000000e+00  6.4278854280e+00  7.6194431680e+00  6.9003003570e+00  1.4201290649e+01  1.2868143368e+01  1.0271256728e+01
    2.3800000000e+00  6.3003668880e+00  7.4498497710e+00  6.7723362850e+00  1.4172166785e+01  1.2924058819e+01  1.0299462621e+01
    2.3900000000e+00  6.1749332230e+00  7.2758214830e+00  6.6423249190e+00  1.4148293922e+01  1.2978808680e+01  1.0327272643e+01
    2.4000000000e+00  6.0504830320e+00  7.0969015770e+00  6.5097943760e+00  1.4129367706e+01  1.3031559832e+01  1.0354217770e+01
    2.4100000000e+00  5.9260608650e+00  6.9128159330e+00  6.3743811170e+00  1.4114974980e+01  1.3081388629e+01  1.0379718791e+01
    2.4200000000e+00  5.8008430170e+00  6.7234804170e+00  6.2358523270e+00  1.4104637254e+01  1.3127324190e+01  1.0403113869e+01
    2.4300000000e+00  5.6741129440e+00  6.5289993190e+00  6.0941210390e+00  1.4097838570e+01  1.3168386992e+01  1.0423689597e+01
    2.4400000000e+00  5.5452336620e+00  6.3296583030e+00  5.9492537870e+00  1.4094036636e+01  1.3203622951e+01  1.0440714237e+01
    2.4500000000e+00  5.4136237670e+00  6.1259132840e+00  5.8014703220e+00  1.4092658341e+01  1.3232134049e+01  1.0453471519e+01
    2.4600000000e+00  5.2787429170e+00  5.9183753790e+00  5.6511352990e+00  1.4093082527e+01  1.3253105910e+01  1.0461292764e+01
    2.4700000000e+00  5.1400919000e+00  5.7077920550e+00  5.4987430470e+00  1.4094614685e+01  1.3265831761e+01  1.0463584889e+01
    2.4800000000e+00  4.9972310300e+00  5.4950254070e+00  5.3448976530e+00  1.4096460584e+01  1.3269731907e+01  1.0459852675e+01
    2.4900000000e+00  4.8498176340e+00  5.2810291890e+00  5.1902910430e+00  1.4097708172e+01  1.3264368588e+01  1.0449715164e+01
    2.5000000000e+00  4.6976586050e+00  5.0668260560e+00  5.0356810010e+00  1.4097327904e+01  1.3249457268e+01  1.0432917546e+01
    2.5100000000e+00  4.5407684610e+00  4.8534853040e+00  4.8818695070e+00  1.4094199646e+01  1.3224876244e+01  1.0409340535e+01
    2.5200000000e+00  4.3794190750e+00  4.6420996430e+00  4.7296801540e+00  1.4087168946e+01  1.3190676272e+01  1.0379008671e+01
    2.5300000000e+00  4.2141664060e+00  4.4337581670e+00  4.5799324080e+00  1.4075127856e+01  1.3147090301e+01  1.0342097363e+01
    2.5400000000e+00  4.0458431380e+00  4.2295126440e+00  4.4334109490e+00  1.4057108106e+01  1.3094540858e+01  1.0298936373e+01
    2.5500000000e+00  3.8755134540e+00  4.0303361830e+00  4.2908301450e+00  1.4032369934e+01  1.3033640319e+01  1.0250006013e+01
    2.5600000000e+00  3.7043948010e+00  3.8370767420e+00  4.1527964460e+00  1.4000470011e+01  1.2965178563e+01  1.0195922252e+01
    2.5700000000e+00  3.5337584480e+00  3.6504115110e+00  4.0197738690e+00  1.3961296389e+01  1.2890094318e+01  1.0137408859e+01
    2.5800000000e+00  3.3648241290e+00  3.4708099440e+00  3.8920585540e+00  1.3915065318e+01  1.2809430397e+01  1.0075257805e+01
    2.5900000000e+00  3.1986637210e+00  3.2985122660e+00  3.7697671290e+00  1.3862281573e+01  1.2724277288e+01  1.0010282322e+01
    2.6000000000e+00  3.0361261640e+00  3.1335269870e+00  3.6528407810e+00  1.3803669101e+01  1.2635712336e+01  9.9432687570e+00
    2.6100000000e+00  2.8777921220e+00  2.9756470400e+00  3.5410638620e+00  1.3740082005e+01  1.2544741990e+01  9.8749331970e+00
    2.6200000000e+00  2.7239629410e+00  2.8244813650e+00  3.4340936790e+00  1.3672407799e+01  1.2452252866e+01  9.8058872380e+00
    2.6300000000e+00  2.5746841650e+00  2.6794976400e+00  3.3314972780e+00  1.3601475762e+01  1.2358975147e+01  9.7366152850e+00
    2.6400000000e+00  2.4297991410e+00  2.5400719060e+00  3.2327911460e+00  1.3527982826e+01  1.2265460198e+01  9.6674641390e+00
    2.6500000000e+00  2.2890234550e+00  2.4055408690e+00  3.1374800370e+00  1.3452446972e+01  1.2172073382e+01  9.5986445360e+00
    2.6600000000e+00  2.1520275410e+00  2.2752524570e+00  3.0450915480e+00  1.3375193470e+01  1.2079002213e+01  9.5302433910e+00
    2.6700000000e+00  2.0185138820e+00  2.1486099880e+00  2.9552035280e+00  1.3296373424e+01  1.1986278644e+01  9.4622445360e+00
    2.6800000000e+00  1.8882773160e+00  2.0251057510e+00  2.8674624300e+00  1.3216008673e+01  1.1893812704e+01  9.3945549100e+00
    2.6900000000e+00  1.7612409120e+00  1.9043409790e+00  2.7815918530e+00  1.3134053704e+01  1.1801433368e+01  9.3270329050e+00
    2.7000000000e+00  1.6374641230e+00  1.7860306510e+00  2.6973916430e+00  1.3050464117e+01  1.1708931884e+01  9.2595158080e+00
    2.7100000000e+00  1.5171233610e+00  1.6699928540e+00  2.6147284300e+00  1.2965261493e+01  1.1616102504e+01  9.1918436950e+00
    2.7200000000e+00  1.4004678190e+00  1.5561237890e+00  2.5335189280e+00  1.2878585042e+01  1.1522775147e+01  9.1238772650e+00
    2.7300000000e+00  1.2877564210e+00  1.4443615500e+00  2.4537081190e+00  1.2790720990e+01  1.1428834206e+01  9.0555069590e+00
    2.7400000000e+00  1.1791856090e+00  1.3346448740e+00  2.3752459300e+00  1.2702102351e+01  1.1334218422e+01  8.9866510600e+00
    2.7500000000e+00  1.0748215730e+00  1.2268761760e+00  2.2980677140e+00  1.2613275787e+01  1.1238899565e+01  8.9172420830e+00
    2.7600000000e+00  9.7455234600e-01  1.1208996520e+00  2.2220844570e+00  1.2524839125e+01  1.1142842812e+01  8.8472037200e+00
    2.7700000000e+00  8.7807286900e-01  1.0165033740e+00  2.1471872610e+00  1.2437361162e+01  1.1045957634e+01  8.7764239670e+00
    2.7800000000e+00  7.8490903900e-01  9.1344890900e-01  2.0732672350e+00  1.2351301627e+01  1.0948052511e+01  8.7047323080e+00
    2.7900000000e+00  6.9447662900e-01  8.1152450600e-01  2.0002475160e+00  1.2266950761e+01  1.0848807607e+01  8.6318888010e+00
    2.8000000000e+00  6.0616108000e-01  7.1061078700e-01  1.9281203050e+00  1.2184403522e+01  1.0747776117e+01  8.5575903360e+00
    2.8100000000e+00  5.1939818700e-01  6.1074356700e-01  1.8569799430e+00  1.2103574012e+01  1.0644418165e+01  8.4814951690e+00
    2.8200000000e+00  4.3373580700e-01  5.1215823600e-01  1.7870435530e+00  1.2024244514e+01  1.0538163012e+01  8.4032622050e+00
    2.8300000000e+00  3.4886288700e-01  4.1530410900e-01  1.7186534870e+00  1.1946134296e+01  1.0428488244e+01  8.3225979240e+00
    2.8400000000e+00  2.6460203800e-01  3.2082395400e-01  1.6522599010e+00  1.1868969112e+01  1.0315000593e+01  8.2393020190e+00
    2.8500000000e+00  1.8087197400e-01  2.2950171000e-01  1.5883860280e+00  1.1792534093e+01  1.0197502817e+01  8.1533032270e+00
    2.8600000000e+00  9.7633216000e-02  1.4218794500e-01  1.5275822080e+00  1.1716699292e+01  1.0076034700e+01  8.0646791660e+00
    2.8700000000e+00  1.4832563000e-02  5.9716423000e-02  1.4703764950e+00  1.1641415664e+01  9.9508821730e+00  7.9736575220e+00
    2.8800000000e+00 -6.7640558000e-02 -1.7174486000e-02  1.4172295520e+00  1.1566686740e+01  9.8225551470e+00  7.8805996810e+00
    2.8900000000e+00 -1.4997806200e-01 -8.7904340000e-02  1.3684997760e+00  1.1492525638e+01  9.6917401100e+00  7.7859707720e+00
    2.9000000000e+00 -2.3245543100e-01 -1.5209011800e-01  1.3244220280e+00  1.1418907973e+01  9.5592367300e+00  7.6903016770e+00
    2.9100000000e+00 -3.1541458900e-01 -2.0956014100e-01  1.2851007710e+00  1.1345729455e+01  9.4258887110e+00  7.5941487620e+00
    2.9200000000e+00 -3.9923227800e-01 -2.6034378200e-01  1.2505163440e+00  1.1272774041e+01  9.2925183980e+00  7.4980563220e+00
    2.9300000000e+00 -4.8427946100e-01 -3.0464122200e-01  1.2205417710e+00  1.1199695666e+01  9.1598729150e+00  7.4025255650e+00
    2.9400000000e+00 -5.7087687400e-01 -3.4277961800e-01  1.1949667190e+00  1.1126014429e+01  9.0285873380e+00  7.3079926540e+00
    2.9500000000e+00 -6.5925104400e-01 -3.7516334400e-01  1.1735247980e+00  1.1051126788e+01  8.8991677390e+00  7.2148170600e+00
    2.9600000000e+00 -7.4949434600e-01 -4.0222639000e-01  1.1559203220e+00  1.0974328564e+01  8.7719938400e+00  7.1232801170e+00
    2.9700000000e+00 -8.4153207100e-01 -4.2439417300e-01  1.1418509280e+00  1.0894849082e+01  8.6473378630e+00  7.0335923550e+00
    2.9800000000e+00 -9.3509903100e-01 -4.4205989500e-01  1.1310232930e+00  1.0811894404e+01  8.5253935070e+00  6.9459068470e+00
    2.9900000000e+00 -1.0297279000e+00 -4.5557741000e-01  1.1231605120e+00  1.0724697188e+01  8.4063074580e+00  6.8603349340e+00
    3.0000000000e+00 -1.1247510160e+00 -4.6526898200e-01  1.1180014520e+00  1.0632570167e+01  8.2902059020e+00  6.7769603640e+00
    3.0100000000e+00 -1.2193167170e+00 -4.7144322000e-01  1.1152941340e+00  1.0534959719e+01  8.1772102740e+00  6.6958484730e+00
    3.0200000000e+00 -1.3124204130e+00 -4.7441651900e-01  1.1147865630e+00  1.0431495626e+01  8.0674393360e+00  6.6170483510e+00
    3.0300000000e+00 -1.4029496110e+00 -4.7453099300e-01  1.1162189610e+00  1.0322032968e+01  7.9609980820e+00  6.5405878010e+00
    3.0400000000e+00 -1.4897410830e+00 -4.7216302000e-01  1.1193210320e+00  1.0206682099e+01  7.8579570160e+00  6.4664628200e+00
    3.0500000000e+00 -1.5716471470e+00 -4.6771880100e-01  1.1238166490e+00  1.0085822765e+01  7.7583275230e+00  6.3946248790e+00
    3.0600000000e+00 -1.6476064530e+00 -4.6161625600e-01  1.1294365760e+00  9.9600989110e+00  7.6620400630e+00  6.3249701040e+00
    3.0700000000e+00 -1.7167128590e+00 -4.5425564200e-01  1.1359378130e+00  9.8303921010e+00  7.5689316370e+00  6.2573344650e+00
    3.0800000000e+00 -1.7782746160e+00 -4.4598406700e-01  1.1431262960e+00  9.6977740870e+00  7.4787474280e+00  6.1914981010e+00
    3.0900000000e+00 -1.8318562090e+00 -4.3706103800e-01  1.1508782950e+00  9.5634426760e+00  7.3911588020e+00  6.1272002010e+00
    3.1000000000e+00 -1.8772974190e+00 -4.2763283900e-01  1.1591554240e+00  9.4286485130e+00  7.3057962930e+00  6.0641634810e+00
    3.1100000000e+00 -1.9147082230e+00 -4.1772232900e-01  1.1680088700e+00  9.2946223280e+00  7.2222924340e+00  6.0021248360e+00
    3.1200000000e+00 -1.9444427270e+00 -4.0723765700e-01  1.1775704430e+00  9.1625116000e+00  7.1403263780e+00  5.9408667020e+00
    3.1300000000e+00 -1.9670588200e+00 -3.9599895500e-01  1.1880310210e+00  9.0333326850e+00  7.0596612880e+00  5.8802428800e+00
    3.1400000000e+00 -1.9832714280e+00 -3.8377759300e-01  1.1996100710e+00  8.9079403600e+00  6.9801670990e+00  5.8201934540e+00
    3.1500000000e+00 -1.9939062380e+00 -3.7033973200e-01  1.2125222120e+00  8.7870130760e+00  6.9018250730e+00  5.7607459890e+00
    3.1600000000e+00 -1.9998582860e+00 -3.5548569900e-01  1.2269472020e+00  8.6710500620e+00  6.8247153380e+00  5.7020035520e+00
    3.1700000000e+00 -2.0020572170e+00 -3.3907919600e-01  1.2430083520e+00  8.5603759550e+00  6.7489922580e+00  5.6441230300e+00
    3.1800000000e+00 -2.0014390550e+00 -3.2106402300e-01  1.2607616960e+00  8.4551493420e+00  6.6748539130e+00  5.5872887360e+00
    3.1900000000e+00 -1.9989233730e+00 -3.0146932000e-01  1.2801956320e+00  8.3553727360e+00  6.6025109090e+00  5.5316860420e+00
    3.2000000000e+00 -1.9953943460e+00 -2.8040578300e-01  1.3012390320e+00  8.2609024850e+00  6.5321574940e+00  5.4774784080e+00
    3.2100000000e+00 -1.9916841750e+00 -2.5805493500e-01  1.3237753720e+00  8.1714577970e+00  6.4639458890e+00  5.4247894950e+00
    3.2200000000e+00 -1.9885571920e+00 -2.3465222900e-01  1.3476608410e+00  8.0866285660e+00  6.3979640960e+00  5.3736910020e+00
    3.2300000000e+00 -1.9866927920e+00 -2.1046376800e-01  1.3727449870e+00  8.0058824510e+00  6.3342181000e+00  5.3241965030e+00
    3.2400000000e+00 -1.9866654200e+00 -1.8575661400e-01  1.3988926420e+00  7.9285726910e+00  6.2726207670e+00  5.2762617020e+00
    3.2500000000e+00 -1.9889205910e+00 -1.6076402700e-01  1.4260056890e+00  7.8539494660e+00  6.2129906060e+00  5.2297916930e+00
    3.2600000000e+00 -1.9937476560e+00 -1.3564908100e-01  1.4540425990e+00  7.7811785440e+00  6.1550634500e+00  5.1846556560e+00
    3.2700000000e+00 -2.0012524310e+00 -1.1047197600e-01  1.4830331230e+00  7.7093707860e+00  6.0985185320e+00  5.1407087550e+00
    3.2800000000e+00 -2.0113351540e+00 -8.5167377000e-02  1.5130852000e+00  7.6376244780e+00  6.0430178190e+00  5.0978198950e+00
    3.2900000000e+00 -2.0236805460e+00 -5.9537633000e-02  1.5443814860e+00  7.5650793360e+00  5.9882543400e+00  5.0559025670e+00
    3.3000000000e+00 -2.0377661860e+00 -3.3265519000e-02  1.5771639820e+00  7.4909773660e+00  5.9340024410e+00  5.0149446720e+00
    3.3100000000e+00 -2.0528928780e+00 -5.9466770000e-03  1.6117071400e+00  7.4147226060e+00  5.8801614920e+00  4.9750324500e+00
    3.3200000000e+00 -2.0682365760e+00  2.2862076000e-02  1.6482819900e+00  7.3359301470e+00  5.8267850020e+00  4.9363638860e+00
    3.3300000000e+00 -2.0829169000e+00  5.3585687000e-02  1.6871158210e+00  7.2544554900e+00  5.7740894920e+00  4.8992482400e+00
    3.3400000000e+00 -2.0960734350e+00  8.6573992000e-02  1.7283531020e+00  7.1703981200e+00  5.7224411570e+00  4.8640905120e+00
    3.3500000000e+00 -2.1069388480e+00  1.2205380600e-01  1.7720234500e+00  7.0840774950e+00  5.6723223050e+00  4.8313620590e+00
    3.3600000000e+00 -2.1148979170e+00  1.6009701000e-01  1.8180215560e+00  6.9959845840e+00  5.6242829020e+00  4.8015608260e+00
    3.3700000000e+00 -2.1195237480e+00  2.0060877800e-01  1.8661022730e+00  6.9067165360e+00  5.5788847510e+00  4.7751662940e+00
    3.3800000000e+00 -2.1205864490e+00  2.4333674200e-01  1.9158919030e+00  6.8169051530e+00  5.5366466290e+00  4.7525951580e+00
    3.3900000000e+00 -2.1180345230e+00  2.8789859200e-01  1.9669143230e+00  6.7271509190e+00  5.4979981560e+00  4.7341637320e+00
    3.4000000000e+00 -2.1119543500e+00  3.3382285200e-01  2.0186283640e+00  6.6379730870e+00  5.4632484260e+00  4.7200621370e+00
    3.4100000000e+00 -2.1025171410e+00  3.8059570200e-01  2.0704711110e+00  6.5497828200e+00  5.4325727290e+00  4.7103435490e+00
    3.4200000000e+00 -2.0899246850e+00  4.2770613100e-01  2.1219009070e+00  6.4628813280e+00  5.4060174120e+00  4.7049293950e+00
    3.4300000000e+00 -2.0743645200e+00  4.7468266400e-01  2.1724340760e+00  6.3774796330e+00  5.3835197640e+00  4.7036287500e+00
    3.4400000000e+00 -2.0559819490e+00  5.2111707100e-01  2.2216707070e+00  6.2937324330e+00  5.3649373690e+00  4.7061679630e+00
    3.4500000000e+00 -2.0348717580e+00  5.6667357000e-01  2.2693070510e+00  6.2117765510e+00  5.3500803060e+00  4.7122250910e+00
    3.4600000000e+00 -2.0110878620e+00  6.1108502800e-01  2.3151345880e+00  6.1317650350e+00  5.3387401010e+00  4.7214634880e+00
    3.4700000000e+00 -1.9846656870e+00  6.5413987400e-01  2.3590280650e+00  6.0538905150e+00  5.3307111080e+00  4.7335597640e+00
    3.4800000000e+00 -1.9556506760e+00  6.9566439300e-01  2.4009263190e+00  5.9783949330e+00  5.3258023690e+00  4.7482229780e+00
    3.4900000000e+00 -1.9241266820e+00  7.3550472000e-01  2.4408101530e+00  5.9055658990e+00  5.3238401470e+00  4.7652038900e+00
    3.5000000000e+00 -1.8902396450e+00  7.7351184800e-01  2.4786813230e+00  5.8357220400e+00  5.3246626990e+00  4.7842947870e+00
    3.5100000000e+00 -1.8542136420e+00  8.0953185600e-01  2.5145458410e+00  5.7691904690e+00  5.3281094590e+00  4.8053216540e+00
    3.5200000000e+00 -1.8163577270e+00  8.4340281200e-01  2.5484039460e+00  5.7062795580e+00  5.3340069680e+00  4.8281312920e+00
    3.5300000000e+00 -1.7770626120e+00  8.7495930500e-01  2.5802480470e+00  5.6472501190e+00  5.3421542070e+00  4.8525766260e+00
    3.5400000000e+00 -1.7367868520e+00  9.0404483100e-01  2.6100687020e+00  5.5922884670e+00  5.3523105650e+00  4.8785038340e+00
    3.5500000000e+00 -1.6960332530e+00  9.3053092100e-01  2.6378671520e+00  5.5414852900e+00  5.3641901020e+00  4.9057449650e+00
    3.5600000000e+00 -1.6553180220e+00  9.5433995200e-01  2.6636711840e+00  5.4948243310e+00  5.3774655130e+00  4.9341189410e+00
    3.5700000000e+00 -1.6151372060e+00  9.7546672000e-01  2.6875497580e+00  5.4521837540e+00  5.3917836100e+00  4.9634420930e+00
    3.5800000000e+00 -1.5759363680e+00  9.9399295000e-01  2.7096215060e+00  5.4133506980e+00  5.4067914600e+00  4.9935469970e+00
    3.5900000000e+00 -1.5380893940e+00  1.0100896860e+00  2.7300531930e+00  5.3780463810e+00  5.4221692500e+00  5.0243058970e+00
    3.6000000000e+00 -1.5018903620e+00  1.0240049200e+00  2.7490464670e+00  5.3459562440e+00  5.4376635920e+00  5.0556533600e+00
    3.6100000000e+00 -1.4675591100e+00  1.0360373010e+00  2.7668140570e+00  5.3167582270e+00  5.4531142300e+00  5.0876024660e+00
    3.6200000000e+00 -1.4352574110e+00  1.0465001260e+00  2.7835492380e+00  5.2901428990e+00  5.4684683610e+00  5.1202500130e+00
    3.6300000000e+00 -1.4051099090e+00  1.0556820120e+00  2.7993941030e+00  5.2658217720e+00  5.4837794700e+00  5.1537685090e+00
    3.6400000000e+00 -1.3772231170e+00  1.0638111890e+00  2.8144125450e+00  5.2435237800e+00  5.4991910080e+00  5.1883855490e+00
    3.6500000000e+00 -1.3516970630e+00  1.0710290890e+00  2.8285728480e+00  5.2229833290e+00  5.5149081740e+00  5.2243537520e+00
    3.6600000000e+00 -1.3286269620e+00  1.0773766440e+00  2.8417427370e+00  5.2039253650e+00  5.5311629260e+00  5.2619160940e+00
    3.6700000000e+00 -1.3080956200e+00  1.0827940400e+00  2.8536973120e+00  5.1860530220e+00  5.5481777570e+00  5.3012719610e+00
    3.6800000000e+00 -1.2901597640e+00  1.0871325380e+00  2.8641381220e+00  5.1690417870e+00  5.5661330080e+00  5.3425485760e+00
    3.6900000000e+00 -1.2748346140e+00  1.0901756150e+00  2.8727201910e+00  5.1525416990e+00  5.5851411150e+00  5.3857810040e+00
    3.7000000000e+00 -1.2620805960e+00  1.0916662450e+00  2.8790833150e+00  5.1361867350e+00  5.6052297000e+00  5.4309022770e+00
    3.7100000000e+00 -1.2517946860e+00  1.0913372300e+00  2.8828841120e+00  5.1196091470e+00  5.6263343190e+00  5.4777438410e+00
    3.7200000000e+00 -1.2438073550e+00  1.0889417450e+00  2.8838258970e+00  5.1024562080e+00  5.6483010030e+00  5.5260455470e+00
    3.7300000000e+00 -1.2378849910e+00  1.0842813360e+00  2.8816839240e+00  5.0844072200e+00  5.6708982160e+00  5.5754739690e+00
    3.7400000000e+00 -1.2337372200e+00  1.0772285410e+00  2.8763239340e+00  5.0651892630e+00  5.6938372160e+00  5.6256474100e+00
    3.7500000000e+00 -1.2310284690e+00  1.0677414580e+00  2.8677122330e+00  5.0445905300e+00  5.7167988220e+00  5.6761654980e+00
    3.7600000000e+00 -1.2293929850e+00  1.0558682680e+00  2.8559159930e+00  5.0224701650e+00  5.7394634380e+00  5.7266406520e+00
    3.7700000000e+00 -1.2284522110e+00  1.0417410400e+00  2.8410933580e+00  4.9987636170e+00  5.7615404080e+00  5.7767280910e+00
    3.7800000000e+00 -1.2278329370e+00  1.0255599760e+00  2.8234742080e+00  4.9734829210e+00  5.7827926380e+00  5.8261508150e+00
    3.7900000000e+00 -1.2271844860e+00  1.0075708830e+00  2.8033339080e+00  4.9467119740e+00  5.8030533520e+00  5.8747163520e+00
    3.8000000000e+00 -1.2261934300e+00  9.8803973900e-01  2.7809637010e+00  4.9185976690e+00  5.8222333820e+00  5.9223231970e+00
    3.8100000000e+00 -1.2245949350e+00  9.6722836600e-01  2.7566420590e+00  4.8893381250e+00  5.8403193750e+00  5.9689566320e+00
    3.8200000000e+00 -1.2221804940e+00  9.4537439500e-01  2.7306111040e+00  4.8591692640e+00  5.8573649740e+00  6.0146756320e+00
    3.8300000000e+00 -1.2188021010e+00  9.2267716100e-01  2.7030608390e+00  4.8283506680e+00  5.8734781520e+00  6.0595943400e+00
    3.8400000000e+00 -1.2143729640e+00  8.9928923700e-01  2.6741217850e+00  4.7971515030e+00  5.8888079430e+00  6.1038623900e+00
    3.8500000000e+00 -1.2088648740e+00  8.7531168900e-01  2.6438642670e+00  4.7658373360e+00  5.9035328600e+00  6.1476478190e+00
    3.8600000000e+00 -1.2023026450e+00  8.5079029200e-01  2.6123009380e+00  4.7346588530e+00  5.9178514450e+00  6.1911244670e+00
    3.8700000000e+00 -1.1947566120e+00  8.2571049300e-01  2.5793889360e+00  4.7038433560e+00  5.9319734020e+00  6.2344631790e+00
    3.8800000000e+00 -1.1863346470e+00  7.9999064300e-01  2.5450295880e+00  4.6735892900e+00  5.9461084150e+00  6.2778240090e+00
    3.8900000000e+00 -1.1771750940e+00  7.7347537000e-01  2.5090661470e+00  4.6440630730e+00  5.9604499200e+00  6.3213459060e+00
    3.9000000000e+00 -1.1674412140e+00  7.4593288000e-01  2.4712825080e+00  4.6153967720e+00  5.9751526890e+00  6.3651315630e+00
    3.9100000000e+00 -1.1573165360e+00  7.1706041800e-01  2.4314070640e+00  4.5876850960e+00  5.9903057980e+00  6.4092275980e+00
    3.9200000000e+00 -1.1469995200e+00  6.8650098100e-01  2.3891251660e+00  4.5609810730e+00  6.0059050000e+00  6.4536030390e+00
    3.9300000000e+00 -1.1366957460e+00  6.5387185600e-01  2.3441014990e+00  4.5352911370e+00  6.0218300170e+00  6.4981308730e+00
    3.9400000000e+00 -1.1266067450e+00  6.1880274600e-01  2.2960108340e+00  4.5105716290e+00  6.0378320870e+00  6.5425776770e+00
    3.9500000000e+00 -1.1169160380e+00  5.8097894500e-01  2.2445732590e+00  4.4867290750e+00  6.0535356500e+00  6.5866050420e+00
    3.9600000000e+00 -1.1077745540e+00  5.4018373400e-01  2.1895886000e+00  4.4636260070e+00  6.0684557770e+00  6.6297842940e+00
    3.9700000000e+00 -1.0992883710e+00  4.9633400100e-01  2.1309646260e+00  4.4410925450e+00  6.0820305090e+00  6.6716235870e+00
    3.9800000000e+00 -1.0915115460e+00  4.4950375400e-01  2.0687344580e+00  4.4189421930e+00  6.0936651090e+00  6.7116043120e+00
    3.9900000000e+00 -1.0844455130e+00  3.9993155100e-01  2.0030601420e+00  4.3969890130e+00  6.1027834100e+00  6.7492221890e+00
    4.0000000000e+00 -1.0780447680e+00  3.4800970300e-01  1.9342212790e+00  4.3750630180e+00  6.1088801570e+00  6.7840275390e+00
    4.0100000000e+00 -1.0722270020e+00  2.9425545900e-01  1.8625898020e+00  4.3530213880e+00  6.1115675160e+00  6.8156590510e+00
    4.0200000000e+00 -1.0668850890e+00  2.3926703400e-01  1.7885941990e+00  4.3307546040e+00  6.1106091260e+00  6.8438659880e+00
    4.0300000000e+00 -1.0618986310e+00  1.8367002600e-01  1.7126784270e+00  4.3081880350e+00  6.1059364060e+00  6.8685154030e+00
    4.0400000000e+00 -1.0571437410e+00  1.2806177200e-01  1.6352619700e+00  4.2852803500e+00  6.0976443930e+00  6.8895833320e+00
    4.0500000000e+00 -1.0525007880e+00  7.2961907000e-02  1.5567074370e+00  4.2620201410e+00  6.0859678230e+00  6.9071318320e+00
    4.0600000000e+00 -1.0478604270e+00  1.8776413000e-02  1.4773007480e+00  4.2384215270e+00  6.0712417190e+00  6.9212763960e+00
    4.0700000000e+00 -1.0431281480e+00 -3.4220143000e-02  1.3972463630e+00  4.2145190250e+00  6.0538534190e+00  6.9321499650e+00
    4.0800000000e+00 -1.0382272720e+00 -8.5883013000e-02  1.3166770180e+00  4.1903617870e+00  6.0341941950e+00  6.9398700350e+00
    4.0900000000e+00 -1.0331001340e+00 -1.3617867900e-01  1.2356747700e+00  4.1660076080e+00  6.0126179460e+00  6.9445141650e+00
    4.1000000000e+00 -1.0277074490e+00 -1.8515432600e-01  1.1542984950e+00  4.1415173860e+00  5.9894124040e+00  6.9461070300e+00
    4.1100000000e+00 -1.0220263270e+00 -2.3290176900e-01  1.0726126290e+00  4.1169507300e+00  5.9647854070e+00  6.9446196980e+00
    4.1200000000e+00 -1.0160477430e+00 -2.7952206000e-01  9.9071273000e-01  4.0923629230e+00  5.9388659920e+00  6.9399798380e+00
    4.1300000000e+00 -1.0097742060e+00 -3.2509589600e-01  9.0874467400e-01  4.0678029180e+00  5.9117178680e+00  6.9320903890e+00
    4.1400000000e+00 -1.0032177990e+00 -3.6966322400e-01  8.2691557800e-01  4.0433116340e+00  5.8833615690e+00  6.9208538910e+00
    4.1500000000e+00 -9.9639822700e-01 -4.1321387400e-01  7.4549529100e-01  4.0189200180e+00  5.8538010830e+00  6.9061996840e+00
    4.1600000000e+00 -9.8934011800e-01 -4.5568955100e-01  6.6480775600e-01  3.9946468220e+00  5.8230507140e+00  6.8881110110e+00
    4.1700000000e+00 -9.8206898000e-01 -4.9699627500e-01  5.8521218300e-01  3.9704967170e+00  5.7911580890e+00  6.8666486480e+00
    4.1800000000e+00 -9.7460575900e-01 -5.3702499000e-01  5.0707514300e-01  3.9464597640e+00  5.7582197510e+00  6.8419671950e+00
    4.1900000000e+00 -9.6696070900e-01 -5.7567681400e-01  4.3073646600e-01  3.9225132480e+00  5.7243866800e+00  6.8143203780e+00
    4.2000000000e+00 -9.5912782900e-01 -6.1288848100e-01  3.5647355200e-01  3.8986263560e+00  5.6898587260e+00  6.7840529740e+00
    4.2100000000e+00 -9.5108143500e-01 -6.4865339600e-01  2.8446971100e-01  3.8747674040e+00  5.6548688550e+00  6.7515791550e+00
    4.2200000000e+00 -9.4277611200e-01 -6.8303458100e-01  2.1479189100e-01  3.8509124260e+00  5.6196600580e+00  6.7173496850e+00
    4.2300000000e+00 -9.3415054700e-01 -7.1616742300e-01  1.4738157000e-01  3.8270533080e+00  5.5844590380e+00  6.6818125230e+00
    4.2400000000e+00 -9.2513470200e-01 -7.4825221300e-01  8.2060232000e-02  3.8032035100e+00  5.5494510790e+00  6.6453725470e+00
    4.2500000000e+00 -9.1565868700e-01 -7.7953828500e-01  1.8548297000e-02  3.7793999290e+00  5.5147598850e+00  6.6083559310e+00
    4.2600000000e+00 -9.0566106500e-01 -8.1030277400e-01 -4.3505693000e-02  3.7557005470e+00  5.4804347270e+00  6.5709834950e+00
    4.2700000000e+00 -8.9509439200e-01 -8.4082736300e-01 -1.0448989600e-01  3.7321789080e+00  5.4464456300e+00  6.5333553690e+00
    4.2800000000e+00 -8.8392676300e-01 -8.7137587600e-01 -1.6479234500e-01  3.7089176620e+00  5.4126859300e+00  6.4954474180e+00
    4.2900000000e+00 -8.7213969500e-01 -9.0217467100e-01 -2.2476603500e-01  3.6860038210e+00  5.3789807470e+00  6.4571183960e+00
    4.3000000000e+00 -8.5972435100e-01 -9.3339682500e-01 -2.8469846300e-01  3.6635277600e+00  5.3450997990e+00  6.4181261390e+00
    4.3100000000e+00 -8.4667914500e-01 -9.6515058200e-01 -3.4478745800e-01  3.6415863870e+00  5.3107732710e+00  6.3781509820e+00
    4.3200000000e+00 -8.3301162800e-01 -9.9747240300e-01 -4.0512476600e-01  3.6202888250e+00  5.2757096710e+00  6.3368244940e+00
    4.3300000000e+00 -8.1874613100e-01 -1.0303250160e+00 -4.6568865400e-01  3.5997612270e+00  5.2396145730e+00  6.2937612820e+00
    4.3400000000e+00 -8.0393627800e-01 -1.0636006300e+00 -5.2634626400e-01  3.5801467580e+00  5.2022087690e+00  6.2485909660e+00
    4.3500000000e+00 -7.8867907000e-01 -1.0971289350e+00 -5.8686531100e-01  3.5615977290e+00  5.1632441470e+00  6.2009870150e+00
    4.3600000000e+00 -7.7312573400e-01 -1.1306886870e+00 -6.4693327500e-01  3.5442591740e+00  5.1225157920e+00  6.1506893580e+00
    4.3700000000e+00 -7.5748461500e-01 -1.1640210430e+00 -7.0618103500e-01  3.5282460190e+00  5.0798694630e+00  6.0975187450e+00
    4.3800000000e+00 -7.4201304300e-01 -1.1968426690e+00 -7.6420732900e-01  3.5136184190e+00  5.0352046190e+00  6.0413823990e+00
    4.3900000000e+00 -7.2699792100e-01 -1.2288570390e+00 -8.2060076400e-01  3.5003609550e+00  4.9884740350e+00  5.9822721490e+00
    4.4000000000e+00 -7.1272769400e-01 -1.2597631410e+00 -8.7495711900e-01  3.4883708840e+00  4.9396816660e+00  5.9202574580e+00
    4.4100000000e+00 -6.9946061700e-01 -1.2892618230e+00 -9.2689120800e-01  3.4774586880e+00  4.8888804440e+00  5.8554763990e+00
    4.4200000000e+00 -6.8739516000e-01 -1.3170609090e+00 -9.7604418600e-01  3.4673614010e+00  4.8361712500e+00  5.7881273560e+00
    4.4300000000e+00 -6.7664781500e-01 -1.3428807760e+00 -1.0220884580e+00  3.4577664470e+00  4.7817033340e+00  5.7184631950e+00
    4.4400000000e+00 -6.6724178900e-01 -1.3664619240e+00 -1.0647328530e+00  3.4483416670e+00  4.7256752790e+00  5.6467879720e+00
    4.4500000000e+00 -6.5910761800e-01 -1.3875752720e+00 -1.1037301290e+00  3.4387663780e+00  4.6683346870e+00  5.5734545710e+00
    4.4600000000e+00 -6.5209438700e-01 -1.4060345610e+00 -1.1388873860e+00  3.4287587750e+00  4.6099744880e+00  5.4988606930e+00
    4.4700000000e+00 -6.4598861400e-01 -1.4217089800e+00 -1.1700781040e+00  3.4180964090e+00  4.5509243920e+00  5.4234406790e+00
    4.4800000000e+00 -6.4053721900e-01 -1.4345334390e+00 -1.1972531650e+00  3.4066282350e+00  4.4915372980e+00  5.3476519190e+00
    4.4900000000e+00 -6.3547126600e-01 -1.4445141300e+00 -1.2204478150e+00  3.3942783000e+00  4.4321719360e+00  5.2719563440e+00
    4.5000000000e+00 -6.3052790000e-01 -1.4517279820e+00 -1.2397822240e+00  3.3810421160e+00  4.3731740860e+00  5.1967991660e+00
    4.5100000000e+00 -6.2546870000e-01 -1.4563159790e+00 -1.2554547790e+00  3.3669772300e+00  4.3148590170e+00  5.1225879170e+00
    4.5200000000e+00 -6.2009329700e-01 -1.4584714970e+00 -1.2677288420e+00  3.3521896250e+00  4.2574973900e+00  5.0496748640e+00
    4.5300000000e+00 -6.1424755400e-01 -1.4584255630e+00 -1.2769150460e+00  3.3368176790e+00  4.2013059610e+00  4.9783450130e+00
    4.5400000000e+00 -6.0782602800e-01 -1.4564310950e+00 -1.2833517900e+00  3.3210154590e+00  4.1464433940e+00  4.9088106850e+00
    4.5500000000e+00 -6.0076897500e-01 -1.4527478190e+00 -1.2873865710e+00  3.3049372250e+00  4.0930107240e+00  4.8412122970e+00
    4.5600000000e+00 -5.9305472200e-01 -1.4476290680e+00 -1.2893600980e+00  3.2887248300e+00  4.0410555280e+00  4.7756240490e+00
    4.5700000000e+00 -5.8468884500e-01 -1.4413111000e+00 -1.2895942270e+00  3.2724993860e+00  3.9905788070e+00  4.7120627430e+00
    4.5800000000e+00 -5.7569197600e-01 -1.4340052630e+00 -1.2883839380e+00  3.2563579400e+00  3.9415436310e+00  4.6504979860e+00
    4.5900000000e+00 -5.6608822800e-01 -1.4258931820e+00 -1.2859929640e+00  3.2403751690e+00  3.8938846930e+00  4.5908623560e+00
    4.6000000000e+00 -5.5589613100e-01 -1.4171249340e+00 -1.2826523220e+00  3.2246093780e+00  3.8475178580e+00  4.5330604810e+00
    4.6100000000e+00 -5.4512353400e-01 -1.4078199540e+00 -1.2785608210e+00  3.2091113440e+00  3.8023487570e+00  4.4769763490e+00
    4.6200000000e+00 -5.3376728100e-01 -1.3980699660e+00 -1.2738864140e+00  3.1939340610e+00  3.7582795900e+00  4.4224785950e+00
    4.6300000000e+00 -5.2181753000e-01 -1.3879428680e+00 -1.2687673060e+00  3.1791412060e+00  3.7152136900e+00  4.3694240270e+00
    4.6400000000e+00 -5.0926560300e-01 -1.3774864510e+00 -1.2633119570e+00  3.1648123690e+00  3.6730580410e+00  4.3176602120e+00
    4.6500000000e+00 -4.9611347100e-01 -1.3667311430e+00 -1.2575977630e+00  3.1510438480e+00  3.6317245040e+00  4.2670283420e+00
    4.6600000000e+00 -4.8238255600e-01 -1.3556916030e+00 -1.2516690210e+00  3.1379448250e+00  3.5911307680e+00  4.2173675400e+00
    4.6700000000e+00 -4.6811984800e-01 -1.3443676880e+00 -1.2455354360e+00  3.1256299410e+00  3.5512018560e+00  4.1685211780e+00
    4.6800000000e+00 -4.5340011800e-01 -1.3327456240e+00 -1.2391726300e+00  3.1142100920e+00  3.5118724100e+00  4.1203448650e+00
    4.6900000000e+00 -4.3832413600e-01 -1.3208001610e+00 -1.2325256730e+00  3.1037835130e+00  3.4730893540e+00  4.0727148900e+00
    4.7000000000e+00 -4.2301388100e-01 -1.3084979560e+00 -1.2255157630e+00  3.0944288610e+00  3.4348141230e+00  4.0255354830e+00
    4.7100000000e+00 -4.0760630200e-01 -1.2958018620e+00 -1.2180492730e+00  3.0862011000e+00  3.3970236900e+00  3.9787434560e+00
    4.7200000000e+00 -3.9224723700e-01 -1.2826753860e+00 -1.2100277600e+00  3.0791300020e+00  3.3597099870e+00  3.9323094540e+00
    4.7300000000e+00 -3.7708654500e-01 -1.2690865350e+00 -1.2013574680e+00  3.0732202660e+00  3.3228778420e+00  3.8862358310e+00
    4.7400000000e+00 -3.6227463400e-01 -1.2550105100e+00 -1.1919571490e+00  3.0684519890e+00  3.2865419130e+00  3.8405518050e+00
    4.7500000000e+00 -3.4795972400e-01 -1.2404310710e+00 -1.1817635010e+00  3.0647804410e+00  3.2507232200e+00  3.7953068370e+00
    4.7600000000e+00 -3.3428467500e-01 -1.2253406810e+00 -1.1707339840e+00  3.0621348660e+00  3.2154458030e+00  3.7505632500e+00
    4.7700000000e+00 -3.2138228800e-01 -1.2097396800e+00 -1.1588471460e+00  3.0604168760e+00  3.1807338100e+00  3.7063890030e+00
    4.7800000000e+00 -3.0936849600e-01 -1.1936347570e+00 -1.1461008200e+00  3.0594996970e+00  3.1466092170e+00  3.6628513520e+00
    4.7900000000e+00 -2.9833382300e-01 -1.1770369410e+00 -1.1325087630e+00  3.0592297390e+00  3.1130902260e+00  3.6200119300e+00
    4.8000000000e+00 -2.8833426800e-01 -1.1599592980e+00 -1.1180964050e+00  3.0594316160e+00  3.0801904140e+00  3.5779234980e+00
    4.8100000000e+00 -2.7938333400e-01 -1.1424145080e+00 -1.1028963040e+00  3.0599169800e+00  3.0479186320e+00  3.5366283120e+00
    4.8200000000e+00 -2.7144691700e-01 -1.1244124780e+00 -1.0869437580e+00  3.0604966560e+00  3.0162796770e+00  3.4961579080e+00
    4.8300000000e+00 -2.6444237700e-01 -1.1059581270e+00 -1.0702727500e+00  3.0609948120e+00  2.9852757450e+00  3.4565340370e+00
    4.8400000000e+00 -2.5824246700e-01 -1.0870495640e+00 -1.0529123180e+00  3.0612634730e+00  2.9549087240e+00  3.4177706410e+00
    4.8500000000e+00 -2.5268406300e-01 -1.0676768960e+00 -1.0348834470e+00  3.0611955430e+00  2.9251833140e+00  3.3798769620e+00
    4.8600000000e+00 -2.4758095800e-01 -1.0478220790e+00 -1.0161968830e+00  3.0607346720e+00  2.8961109330e+00  3.3428619050e+00
    4.8700000000e+00 -2.4273941500e-01 -1.0274602550e+00 -9.9685249800e-01  3.0598806490e+00  2.8677141040e+00  3.3067395910e+00
    4.8800000000e+00 -2.3797469100e-01 -1.0065629460e+00 -9.7684099000e-01  3.0586896050e+00  2.8400307750e+00  3.2715356030e+00
    4.8900000000e+00 -2.3312662500e-01 -9.8510325100e-01 -9.5614848200e-01  3.0572690850e+00  2.8131177810e+00  3.2372929050e+00
    4.9000000000e+00 -2.2807258900e-01 -9.6306280900e-01 -9.3476404700e-01  3.0557688390e+00  2.7870525290e+00  3.2040760060e+00
    4.9100000000e+00 -2.2273670600e-01 -9.4043985500e-01 -9.1268941300e-01  3.0543687800e+00  2.7619320800e+00  3.1719719070e+00
    4.9200000000e+00 -2.1709506400e-01 -9.1725729800e-01 -8.8994931900e-01  3.0532657270e+00  2.7378691030e+00  3.1410867920e+00
    4.9300000000e+00 -2.1117736300e-01 -8.9356953700e-01 -8.6660052300e-01  3.0526602250e+00  2.7149846660e+00  3.1115381920e+00
    4.9400000000e+00 -2.0506575500e-01 -8.6946673200e-01 -8.4273744200e-01  3.0527441870e+00  2.6933983800e+00  3.0834434490e+00
    4.9500000000e+00 -1.9889154600e-01 -8.4507552200e-01 -8.1849293700e-01  3.0536894980e+00  2.6732169830e+00  3.0569061320e+00
    4.9600000000e+00 -1.9283005300e-01 -8.2055570800e-01 -7.9403369900e-01  3.0556374890e+00  2.6545227860e+00  3.0320026890e+00
    4.9700000000e+00 -1.8709349800e-01 -7.9609303100e-01 -7.6955075600e-01  3.0586892650e+00  2.6373635540e+00  3.0087715680e+00
    4.9800000000e+00 -1.8192167400e-01 -7.7188881500e-01 -7.4524655800e-01  3.0628972670e+00  2.6217451720e+00  2.9872065910e+00
    4.9900000000e+00 -1.7757029400e-01 -7.4814771800e-01 -7.2132069900e-01  3.0682587890e+00  2.6076280370e+00  2.9672555190e+00
    5.0000000000e+00 -1.7429733600e-01 -7.2506502600e-01 -6.9795640400e-01  3.0747124680e+00  2.5949275530e+00  2.9488237610e+00
    5.0100000000e+00 -1.7234828900e-01 -7.0281494800e-01 -6.7530968200e-01  3.0821386670e+00  2.5835185090e+00  2.9317823740e+00
    5.0200000000e+00 -1.7194169900e-01 -6.8154108800e-01 -6.5350241800e-01  3.0903643320e+00  2.5732426840e+00  2.9159788480e+00
    5.0300000000e+00 -1.7325679200e-01 -6.6134995700e-01 -6.3262000500e-01  3.0991722130e+00  2.5639186810e+00  2.9012488790e+00
    5.0400000000e+00 -1.7642486100e-01 -6.4230801100e-01 -6.1271336800e-01  3.1083134750e+00  2.5553527960e+00  2.8874272910e+00
    5.0500000000e+00 -1.8152556000e-01 -6.2444226300e-01 -5.9380452000e-01  3.1175219130e+00  2.5473496340e+00  2.8743564700e+00
    5.0600000000e+00 -1.8858829500e-01 -6.0774401600e-01 -5.7589421900e-01  3.1265275640e+00  2.5397211920e+00  2.8618911270e+00
    5.0700000000e+00 -1.9759775700e-01 -5.9217479400e-01 -5.5896981200e-01  3.1350676400e+00  2.5322933740e+00  2.8498989250e+00
    5.0800000000e+00 -2.0850177400e-01 -5.7767304800e-01 -5.4301129000e-01  3.1428934600e+00  2.5249094090e+00  2.8382574340e+00
    5.0900000000e+00 -2.2121929200e-01 -5.6416013500e-01 -5.2799395400e-01  3.1497731750e+00  2.5174303880e+00  2.8268488190e+00
    5.1000000000e+00 -2.3564661900e-01 -5.5154435000e-01 -5.1388696900e-01  3.1554911770e+00  2.5097339460e+00  2.8155543940e+00
    5.1100000000e+00 -2.5166087400e-01 -5.3972256700e-01 -5.0064831100e-01  3.1598457890e+00  2.5017125800e+00  2.8042513130e+00
    5.1200000000e+00 -2.6912056200e-01 -5.2857997700e-01 -4.8821776400e-01  3.1626469620e+00  2.4932731220e+00  2.7928131260e+00
    5.1300000000e+00 -2.8786402700e-01 -5.1798917200e-01 -4.7651030600e-01  3.1637153330e+00  2.4843382550e+00  2.7811148040e+00
    5.1400000000e+00 -3.0770686500e-01 -5.0781009900e-01 -4.6541224500e-01  3.1628833300e+00  2.4748501110e+00  2.7690415570e+00
    5.1500000000e+00 -3.2843943100e-01 -4.9789215000e-01 -4.5478175100e-01  3.1599984230e+00  2.4647751090e+00  2.7564996610e+00
    5.1600000000e+00 -3.4982528500e-01 -4.8807898200e-01 -4.4445435300e-01  3.1549282300e+00  2.4541086590e+00  2.7434269860e+00
    5.1700000000e+00 -3.7160122400e-01 -4.7821588200e-01 -4.3425287200e-01  3.1475670310e+00  2.4428782330e+00  2.7298009510e+00
    5.1800000000e+00 -3.9347938500e-01 -4.6815878700e-01 -4.2400025500e-01  3.1378431530e+00  2.4311435540e+00  2.7156421220e+00
    5.1900000000e+00 -4.1515182600e-01 -4.5778351000e-01 -4.1353319600e-01  3.1257265690e+00  2.4189931760e+00  2.7010125140e+00
    5.2000000000e+00 -4.3629784800e-01 -4.4699348000e-01 -4.0271416100e-01  3.1112358250e+00  2.4065374690e+00  2.6860086900e+00
    5.2100000000e+00 -4.5659396600e-01 -4.3572436800e-01 -3.9143970500e-01  3.0944431820e+00  2.3938988490e+00  2.6707508050e+00
    5.2200000000e+00 -4.7572588100e-01 -4.2394450000e-01 -3.7964365500e-01  3.0754768560e+00  2.3812008650e+00  2.6553696170e+00
    5.2300000000e+00 -4.9340126700e-01 -4.1165084500e-01 -3.6729486200e-01  3.0545195750e+00  2.3685582120e+00  2.6399939820e+00
    5.2400000000e+00 -5.0936185700e-01 -3.9886144200e-01 -3.5439044600e-01  3.0318033070e+00  2.3560696630e+00  2.6247411690e+00
    5.2500000000e+00 -5.2339346800e-01 -3.8560607400e-01 -3.4094647100e-01  3.0076007960e+00  2.3438152680e+00  2.6097116170e+00
    5.2600000000e+00 -5.3533313200e-01 -3.7191746400e-01 -3.2698848700e-01  2.9822150240e+00  2.3318580810e+00  2.5949885540e+00
    5.2700000000e+00 -5.4507322200e-01 -3.5782510300e-01 -3.1254419800e-01  2.9559677800e+00  2.3202494760e+00  2.5806416820e+00
    5.2800000000e+00 -5.5256285200e-01 -3.4335303900e-01 -2.9763977900e-01  2.9291881590e+00  2.3090361740e+00  2.5667331480e+00
    5.2900000000e+00 -5.5780693500e-01 -3.2852176600e-01 -2.8230018300e-01  2.9022014100e+00  2.2982667180e+00  2.5533235720e+00
    5.3000000000e+00 -5.6086302600e-01 -3.1335321100e-01 -2.6655266400e-01  2.8753183620e+00  2.2879954350e+00  2.5404761680e+00
    5.3100000000e+00 -5.6183590200e-01 -2.9787694300e-01 -2.5043185800e-01  2.8488258140e+00  2.2782828030e+00  2.5282577210e+00
    5.3200000000e+00 -5.6086994800e-01 -2.8213557900e-01 -2.3398449700e-01  2.8229785840e+00  2.2691922790e+00  2.5167362790e+00
    5.3300000000e+00 -5.5813983800e-01 -2.6618776600e-01 -2.1727213900e-01  2.7979940550e+00  2.2607846790e+00  2.5059764380e+00
    5.3400000000e+00 -5.5384051200e-01 -2.5010802200e-01 -2.0037107900e-01  2.7740498100e+00  2.2531117830e+00  2.4960337160e+00
    5.3500000000e+00 -5.4817777900e-01 -2.3398370100e-01 -1.8336958900e-01  2.7512844190e+00  2.2462107940e+00  2.4869496160e+00
    5.3600000000e+00 -5.4136073900e-01 -2.1791009700e-01 -1.6636336700e-01  2.7298006920e+00  2.2401008030e+00  2.4787485410e+00
    5.3700000000e+00 -5.3359674800e-01 -2.0198497200e-01 -1.4945049100e-01  2.7096702030e+00  2.2347816050e+00  2.4714369870e+00
    5.3800000000e+00 -5.2508889200e-01 -1.8630365600e-01 -1.3272703700e-01  2.6909377290e+00  2.2302345120e+00  2.4650046920e+00
    5.3900000000e+00 -5.1603526800e-01 -1.7095530700e-01 -1.1628406400e-01  2.6736245000e+00  2.2264243700e+00  2.4594269070e+00
    5.4000000000e+00 -5.0662893300e-01 -1.5602040900e-01 -1.0020604200e-01  2.6577297830e+00  2.2233019620e+00  2.4546668540e+00
    5.4100000000e+00 -4.9705742700e-01 -1.4156908400e-01 -8.4570309000e-02  2.6432310150e+00  2.2208062240e+00  2.4506776530e+00
    5.4200000000e+00 -4.8750112600e-01 -1.2765972900e-01 -6.9446893000e-02  2.6300832200e+00  2.2188661920e+00  2.4474034570e+00
    5.4300000000e+00 -4.7813028700e-01 -1.1433760900e-01 -5.4898114000e-02  2.6182186900e+00  2.2174029120e+00  2.4447799610e+00
    5.4400000000e+00 -4.6910121700e-01 -1.0163343400e-01 -4.0977684000e-02  2.6075476950e+00  2.2163317220e+00  2.4427347220e+00
    5.4500000000e+00 -4.6055225800e-01 -8.9562229000e-02 -2.7729344000e-02  2.5979605850e+00  2.2155651500e+00  2.4411877140e+00
    5.4600000000e+00 -4.5260030600e-01 -7.8122985000e-02 -1.5185307000e-02  2.5893311740e+00  2.2150163550e+00  2.4400523750e+00
    5.4700000000e+00 -4.4533828500e-01 -6.7299408000e-02 -3.3647900000e-03  2.5815210280e+00  2.2146026830e+00  2.4392371570e+00
    5.4800000000e+00 -4.3883374700e-01 -5.7061766000e-02  7.7272010000e-03  2.5743842580e+00  2.2142488120e+00  2.4386474810e+00
    5.4900000000e+00 -4.3312864900e-01 -4.7369541000e-02  1.8100782000e-02  2.5677724780e+00  2.2138890020e+00  2.4381879730e+00
    5.5000000000e+00 -4.2824032600e-01 -3.8174377000e-02  2.7781808000e-02  2.5615396520e+00  2.2134682750e+00  2.4377649700e+00
    5.5100000000e+00 -4.2416368600e-01 -2.9422853000e-02  3.6812108000e-02  2.5555464870e+00  2.2129425640e+00  2.4372893240e+00
    5.5200000000e+00 -4.2087452400e-01 -2.1058735000e-02  4.5249212000e-02  2.5496638420e+00  2.2122781120e+00  2.4366794780e+00
    5.5300000000e+00 -4.1833346100e-01 -1.3024496000e-02  5.3165403000e-02  2.5437747020e+00  2.2114504220e+00  2.4358646970e+00
    5.5400000000e+00 -4.1648977300e-01 -5.2620410000e-03  6.0646025000e-02  2.5377744790e+00  2.2104431610e+00  2.4347882630e+00
    5.5500000000e+00 -4.1528421100e-01  2.2872940000e-03  6.7787060000e-02  2.5315699630e+00  2.2092473970e+00  2.4334104490e+00
    5.5600000000e+00 -4.1465027500e-01  9.6832010000e-03  7.4691998000e-02  2.5250777280e+00  2.2078615600e+00  2.4317111570e+00
    5.5700000000e+00 -4.1451396700e-01  1.6986801000e-02  8.1467982000e-02  2.5182230420e+00  2.2062923670e+00  2.4296921050e+00
    5.5800000000e+00 -4.1479269000e-01  2.4260361000e-02  8.8221137000e-02  2.5109400650e+00  2.2045566350e+00  2.4273783530e+00
    5.5900000000e+00 -4.1539427600e-01  3.1565762000e-02  9.5051125000e-02  2.5031736070e+00  2.2026835020e+00  2.4248187750e+00
    5.6000000000e+00 -4.1621705200e-01  3.8961497000e-02  1.0204516500e-01  2.4948820490e+00  2.2007162950e+00  2.4220849950e+00
    5.6100000000e+00 -4.1715143000e-01  4.6498467000e-02  1.0927215900e-01  2.4860406990e+00  2.1987132140e+00  2.4192684530e+00
    5.6200000000e+00 -4.1808300800e-01  5.4215257000e-02  1.1677770200e-01  2.4766447590e+00  2.1967463030e+00  2.4164755790e+00
    5.6300000000e+00 -4.1889684100e-01  6.2133748000e-02  1.2458074200e-01  2.4667113370e+00  2.1948985830e+00  2.4138215500e+00
    5.6400000000e+00 -4.1948244300e-01  7.0255830000e-02  1.3267230600e-01  2.4562801770e+00  2.1932597340e+00  2.4114234040e+00
    5.6500000000e+00 -4.1973908300e-01  7.8561595000e-02  1.4101623900e-01  2.4454130170e+00  2.1919209180e+00  2.4093933810e+00
    5.6600000000e+00 -4.1958106300e-01  8.7009084000e-02  1.4955150800e-01  2.4341914500e+00  2.1909693710e+00  2.4078331310e+00
    5.6700000000e+00 -4.1894253200e-01  9.5535379000e-02  1.5819543700e-01  2.4227132450e+00  2.1904832260e+00  2.4068290150e+00
    5.6800000000e+00 -4.1778131300e-01  1.0405880500e-01  1.6684739200e-01  2.4110871360e+00  2.1905267880e+00  2.4064484020e+00
    5.6900000000e+00 -4.1608106400e-01  1.1248205300e-01  1.7539269700e-01  2.3994263650e+00  2.1911463840e+00  2.4067366280e+00
    5.7000000000e+00 -4.1385125700e-01  1.2069613300e-01  1.8370686800e-01  2.3878416730e+00  2.1923668660e+00  2.4077144120e+00
    5.7100000000e+00 -4.1112477700e-01  1.2858509500e-01  1.9166040600e-01  2.3764346880e+00  2.1941889260e+00  2.4093757350e+00
    5.7200000000e+00 -4.0795354500e-01  1.3603138300e-01  1.9912428000e-01  2.3652927410e+00  2.1965874230e+00  2.4116864570e+00
    5.7300000000e+00 -4.0440302400e-01  1.4292159600e-01  2.0597601000e-01  2.3544857230e+00  2.1995108870e+00  2.4145840370e+00
    5.7400000000e+00 -4.0054667400e-01  1.4915235900e-01  2.1210604500e-01  2.3440650840e+00  2.2028822990e+00  2.4179786450e+00
    5.7500000000e+00 -3.9646114200e-01  1.5463606100e-01  2.1742403300e-01  2.3340644510e+00  2.2066010800e+00  2.4217557670e+00
    5.7600000000e+00 -3.9222250200e-01  1.5930629100e-01  2.2186464700e-01  2.3245011580e+00  2.2105462610e+00  2.4257802380e+00
    5.7700000000e+00 -3.8790338300e-01  1.6312287300e-01  2.2539274800e-01  2.3153781160e+00  2.2145808580e+00  2.4299016590e+00
    5.7800000000e+00 -3.8357062500e-01  1.6607631600e-01  2.2800765000e-01  2.3066858460e+00  2.2185576090e+00  2.4339612340e+00
    5.7900000000e+00 -3.7928333000e-01  1.6819120900e-01  2.2974603500e-01  2.2984048310e+00  2.2223262870e+00  2.4378001480e+00
    5.8000000000e+00 -3.7509147700e-01  1.6952784900e-01  2.3068278800e-01  2.2905083580e+00  2.2257425390e+00  2.4412693890e+00
    5.8100000000e+00 -3.7103551400e-01  1.7018122300e-01  2.3092888700e-01  2.2829657410e+00  2.2286778170e+00  2.4442404730e+00
    5.8200000000e+00 -3.6714721900e-01  1.7027666000e-01  2.3062565000e-01  2.2757454100e+00  2.2310293650e+00  2.4466159620e+00
    5.8300000000e+00 -3.6345169600e-01  1.6996199400e-01  2.2993526100e-01  2.2688171730e+00  2.2327288850e+00  2.4483382010e+00
    5.8400000000e+00 -3.5996991800e-01  1.6939679800e-01  2.2902828800e-01  2.2621531270e+00  2.2337484070e+00  2.4493947120e+00
    5.8500000000e+00 -3.5672097200e-01  1.6873989300e-01  2.2806965900e-01  2.2557271710e+00  2.2341022660e+00  2.4498190780e+00
    5.8600000000e+00 -3.5372331300e-01  1.6813679800e-01  2.2720496900e-01  2.2495136000e+00  2.2338447140e+00  2.4496869280e+00
    5.8700000000e+00 -3.5099478600e-01  1.6770876200e-01  2.2654901900e-01  2.2434855980e+00  2.2330634390e+00  2.4491075140e+00
    5.8800000000e+00 -3.4855175000e-01  1.6754481500e-01  2.2617804000e-01  2.2376143390e+00  2.2318699490e+00  2.4482120930e+00
    5.8900000000e+00 -3.4640795200e-01  1.6769766100e-01  2.2612641100e-01  2.2318690550e+00  2.2303882190e+00  2.4471407930e+00
    5.9000000000e+00 -3.4457384300e-01  1.6818364800e-01  2.2638791600e-01  2.2262178650e+00  2.2287431840e+00  2.4460297330e+00
    5.9100000000e+00 -3.4305670700e-01  1.6898634400e-01  2.2692087200e-01  2.2206288550e+00  2.2270505410e+00  2.4449999720e+00
    5.9200000000e+00 -3.4186152700e-01  1.7006278400e-01  2.2765597200e-01  2.2150707540e+00  2.2254089550e+00  2.4441493370e+00
    5.9300000000e+00 -3.4099213900e-01  1.7135113600e-01  2.2850547500e-01  2.2095128210e+00  2.2238951850e+00  2.4435475770e+00
    5.9400000000e+00 -3.4045210600e-01  1.7277857000e-01  2.2937245700e-01  2.2039238900e+00  2.2225621090e+00  2.4432347080e+00
    5.9500000000e+00 -3.4024483700e-01  1.7426837200e-01  2.3015918500e-01  2.1982709010e+00  2.2214391390e+00  2.4432219350e+00
    5.9600000000e+00 -3.4037278400e-01  1.7574576400e-01  2.3077412600e-01  2.1925173880e+00  2.2205342570e+00  2.4434944200e+00
    5.9700000000e+00 -3.4083577800e-01  1.7714231200e-01  2.3113747700e-01  2.1866223930e+00  2.2198369460e+00  2.4440151790e+00
    5.9800000000e+00 -3.4162878400e-01  1.7839912500e-01  2.3118533000e-01  2.1805401550e+00  2.2193214480e+00  2.4447296480e+00
    5.9900000000e+00 -3.4273938000e-01  1.7946914100e-01  2.3087266300e-01  2.1742207730e+00  2.2189500860e+00  2.4455706520e+00
    6.0000000000e+00 -3.4414537300e-01  1.8031878000e-01  2.3017522000e-01  2.1676119800e+00  2.2186765920e+00  2.4464636990e+00
    6.0100000000e+00 -3.4581299000e-01  1.8092904800e-01  2.2909023200e-01  2.1606620090e+00  2.2184495570e+00  2.4473324990e+00
    6.0200000000e+00 -3.4769619200e-01  1.8129604100e-01  2.2763587800e-01  2.1533233460e+00  2.2182160400e+00  2.4481045540e+00
    6.0300000000e+00 -3.4973753400e-01  1.8143068200e-01  2.2584935900e-01  2.1455568500e+00  2.2179253230e+00  2.4487165230e+00
    6.0400000000e+00 -3.5187074800e-01  1.8135754600e-01  2.2378360700e-01  2.1373354770e+00  2.2175325790e+00  2.4491189550e+00
    6.0500000000e+00 -3.5402473400e-01  1.8111274600e-01  2.2150281200e-01  2.1286467510e+00  2.2170021690e+00  2.4492799980e+00
    6.0600000000e+00 -3.5612820500e-01  1.8074102300e-01  2.1907711400e-01  2.1194934610e+00  2.2163102390e+00  2.4491877290e+00
    6.0700000000e+00 -3.5811404400e-01  1.8029234600e-01  2.1657690600e-01  2.1098925060e+00  2.2154464170e+00  2.4488509460e+00
    6.0800000000e+00 -3.5992257500e-01  1.7981831400e-01  2.1406721500e-01  2.0998723920e+00  2.2144145770e+00  2.4482984190e+00
    6.0900000000e+00 -3.6150343500e-01  1.7936863600e-01  2.1160253400e-01  2.0894701830e+00  2.2132327760e+00  2.4475767450e+00
    6.1000000000e+00 -3.6281625100e-01  1.7898777600e-01  2.0922239100e-01  2.0787286360e+00  2.2119325060e+00  2.4467470020e+00
    6.1100000000e+00 -3.6383063900e-01  1.7871177200e-01  2.0694785700e-01  2.0676938840e+00  2.2105573220e+00  2.4458803680e+00
    6.1200000000e+00 -3.6452604700e-01  1.7856526200e-01  2.0477923600e-01  2.0564136160e+00  2.2091607950e+00  2.4450529150e+00
    6.1300000000e+00 -3.6489168000e-01  1.7855885700e-01  2.0269521800e-01  2.0449353680e+00  2.2078036670e+00  2.4443397900e+00
    6.1400000000e+00 -3.6492635500e-01  1.7868719500e-01  2.0065375000e-01  2.0333046300e+00  2.2065501660e+00  2.4438092300e+00
    6.1500000000e+00 -3.6463796500e-01  1.7892808600e-01  1.9859477100e-01  2.0215626620e+00  2.2054636520e+00  2.4435170120e+00
    6.1600000000e+00 -3.6404225900e-01  1.7924305900e-01  1.9644461500e-01  2.0097442920e+00  2.2046020230e+00  2.4435020650e+00
    6.1700000000e+00 -3.6316092900e-01  1.7957940200e-01  1.9412152900e-01  1.9978760360e+00  2.2040135040e+00  2.4437838740e+00
    6.1800000000e+00 -3.6201923500e-01  1.7987341700e-01  1.9154148800e-01  1.9859748220e+00  2.2037334030e+00  2.4443619840e+00
    6.1900000000e+00 -3.6064346400e-01  1.8005433800e-01  1.8862337300e-01  1.9740473320e+00  2.2037822260e+00  2.4452174730e+00
    6.2000000000e+00 -3.5905835400e-01  1.8004830000e-01  1.8529281200e-01  1.9620897820e+00  2.2041652110e+00  2.4463158040e+00
    6.2100000000e+00 -3.5728437500e-01  1.7978176800e-01  1.8148438400e-01  1.9500880350e+00  2.2048730250e+00  2.4476102630e+00
    6.2200000000e+00 -3.5533462400e-01  1.7918414800e-01  1.7714231000e-01  1.9380181530e+00  2.2058831730e+00  2.4490451830e+00
    6.2300000000e+00 -3.5321124200e-01  1.7818950600e-01  1.7222009200e-01  1.9258478340e+00  2.2071616380e+00  2.4505584230e+00
    6.2400000000e+00 -3.5090166000e-01  1.7673756500e-01  1.6667966000e-01  1.9135393480e+00  2.2086643630e+00  2.4520828850e+00
    6.2500000000e+00 -3.4837547500e-01  1.7477426000e-01  1.6049053000e-01  1.9010543550e+00  2.2103383390e+00  2.4535471230e+00
    6.2600000000e+00 -3.4558306700e-01  1.7225215900e-01  1.5362930500e-01  1.8883604930e+00  2.2121221980e+00  2.4548752600e+00
    6.2700000000e+00 -3.4245698800e-01  1.6913108100e-01  1.4607975700e-01  1.8754388860e+00  2.2139463640e+00  2.4559864300e+00
    6.2800000000e+00 -3.3891660200e-01  1.6537920300e-01  1.3783366800e-01  1.8622911330e+00  2.2157329180e+00  2.4567939930e+00
    6.2900000000e+00 -3.3487556500e-01  1.6097487900e-01  1.2889258400e-01  1.8489441630e+00  2.2173955010e+00  2.4572048710e+00
    6.3000000000e+00 -3.3025090800e-01  1.5590928600e-01  1.1927057900e-01  1.8354517530e+00  2.2188397110e+00  2.4571194550e+00
    6.3100000000e+00 -3.2497195400e-01  1.5018970400e-01  1.0899784500e-01  1.8218923310e+00  2.2199645760e+00  2.4564327120e+00
    6.3200000000e+00 -3.1898746300e-01  1.4384294800e-01  9.8124587000e-02  1.8083636790e+00  2.2206655820e+00  2.4550370820e+00
    6.3300000000e+00 -3.1226998100e-01  1.3691813100e-01  8.6724295000e-02  1.7949758260e+00  2.2208395140e+00  2.4528274940e+00
    6.3400000000e+00 -3.0481728200e-01  1.2948779500e-01  7.4895267000e-02  1.7818436160e+00  2.2203908800e+00  2.4497082950e+00
    6.3500000000e+00 -2.9665145900e-01  1.2164657400e-01  6.2759380000e-02  1.7690800540e+00  2.2192391950e+00  2.4456012890e+00
    6.3600000000e+00 -2.8781653300e-01  1.1350695700e-01  5.0457553000e-02  1.7567909770e+00  2.2173259530e+00  2.4404535400e+00
    6.3700000000e+00 -2.7837534400e-01  1.0519232500e-01  3.8142112000e-02  1.7450710150e+00  2.2146199800e+00  2.4342434200e+00
    6.3800000000e+00 -2.6840612900e-01  9.6828068000e-02  2.5966945000e-02  1.7340006010e+00  2.2111199790e+00  2.4269835610e+00
    6.3900000000e+00 -2.5799891300e-01  8.8532091000e-02  1.4076954000e-02  1.7236437730e+00  2.2068535850e+00  2.4187199230e+00
    6.4000000000e+00 -2.4725170000e-01  8.0406240000e-02  2.5985090000e-03  1.7140467140e+00  2.2018728470e+00  2.4095269500e+00
    6.4100000000e+00 -2.3626651700e-01  7.2530116000e-02 -8.3675250000e-03  1.7052371230e+00  2.1962467990e+00  2.3994995690e+00
    6.4200000000e+00 -2.2514548300e-01  6.4958283000e-02 -1.8749121000e-02  1.6972245110e+00  2.1900523710e+00  2.3887434060e+00
    6.4300000000e+00 -2.1398722500e-01  5.7721260000e-02 -2.8502445000e-02  1.6900014440e+00  2.1833652330e+00  2.3773649290e+00
    6.4400000000e+00 -2.0288393900e-01  5.0829877000e-02 -3.7607701000e-02  1.6835455440e+00  2.1762521660e+00  2.3654631650e+00
    6.4500000000e+00 -1.9191929700e-01  4.4281960000e-02 -4.6062616000e-02  1.6778219710e+00  2.1687661670e+00  2.3531242210e+00
    6.4600000000e+00 -1.8116726100e-01  3.8069868000e-02 -5.3875096000e-02  1.6727859720e+00  2.1609448590e+00  2.3404191110e+00
    6.4700000000e+00 -1.7069161400e-01  3.2187427000e-02 -6.1056529000e-02  1.6683851610e+00  2.1528120570e+00  2.3274046220e+00
    6.4800000000e+00 -1.6054592100e-01  2.6635102000e-02 -6.7616803000e-02  1.6645613220e+00  2.1443817100e+00  2.3141263310e+00
    6.4900000000e+00 -1.5077354600e-01  2.1422822000e-02 -7.3561449000e-02  1.6612517290e+00  2.1356631330e+00  2.3006226520e+00
    6.5000000000e+00 -1.4140742400e-01  1.6570414000e-02 -7.8890723000e-02  1.6583901780e+00  2.1266664410e+00  2.2869289040e+00
    6.5100000000e+00 -1.3246947800e-01  1.2106036000e-02 -8.3600111000e-02  1.6559081090e+00  2.1174073490e+00  2.2730808350e+00
    6.5200000000e+00 -1.2396981500e-01  8.0631420000e-03 -8.7681759000e-02  1.6537361740e+00  2.1079108550e+00  2.2591174300e+00
    6.5300000000e+00 -1.1590608000e-01  4.4764890000e-03 -9.1126562000e-02  1.6518065010e+00  2.0982135750e+00  2.2450830560e+00
    6.5400000000e+00 -1.0826347600e-01  1.3775860000e-03 -9.3926865000e-02  1.6500556270e+00  2.0883646460e+00  2.2310289410e+00
    6.5500000000e+00 -1.0101590600e-01 -1.2100550000e-03 -9.6079796000e-02  1.6484277280e+00  2.0784250730e+00  2.2170137520e+00
    6.5600000000e+00 -9.4128441000e-02 -3.2754140000e-03 -9.7590994000e-02  1.6468775110e+00  2.0684654450e+00  2.2031028830e+00
    6.5700000000e+00 -8.7560868000e-02 -4.8236440000e-03 -9.8478217000e-02  1.6453720870e+00  2.0585620480e+00  2.1893661540e+00
    6.5800000000e+00 -8.1271739000e-02 -5.8783390000e-03 -9.8774072000e-02  1.6438913190e+00  2.0487916540e+00  2.1758739060e+00
    6.5900000000e+00 -7.5222112000e-02 -6.4818870000e-03 -9.8527141000e-02  1.6424266040e+00  2.0392255630e+00  2.1626919340e+00
    6.6000000000e+00 -6.9378292000e-02 -6.6936870000e-03 -9.7801065000e-02  1.6409784500e+00  2.0299236510e+00  2.1498760000e+00
    6.6100000000e+00 -6.3713218000e-02 -6.5863570000e-03 -9.6671539000e-02  1.6395535270e+00  2.0209292070e+00  2.1374668160e+00
    6.6200000000e+00 -5.8206549000e-02 -6.2403070000e-03 -9.5221557000e-02  1.6381618830e+00  2.0122652380e+00  2.1254862680e+00
    6.6300000000e+00 -5.2843841000e-02 -5.7372550000e-03 -9.3535461000e-02  1.6368148350e+00  2.0039327190e+00  2.1139354520e+00
    6.6400000000e+00 -4.7615313000e-02 -5.1534070000e-03 -9.1692539000e-02  1.6355237190e+00  1.9959110690e+00  2.1027948180e+00
    6.6500000000e+00 -4.2514660000e-02 -4.5530460000e-03 -8.9760895000e-02  1.6342994040e+00  1.9881609100e+00  2.0920264980e+00
    6.6600000000e+00 -3.7538173000e-02 -3.9833520000e-03 -8.7792374000e-02  1.6331523370e+00  1.9806288840e+00  2.0815786020e+00
    6.6700000000e+00 -3.2684267000e-02 -3.4711660000e-03 -8.5819175000e-02  1.6320928500e+00  1.9732540120e+00  2.0713910280e+00
    6.6800000000e+00 -2.7953391000e-02 -3.0221860000e-03 -8.3852624000e-02  1.6311315310e+00  1.9659747710e+00  2.0614020910e+00
    6.6900000000e+00 -2.3348271000e-02 -2.6227280000e-03 -8.1884246000e-02  1.6302795130e+00  1.9587358950e+00  2.0515551270e+00
    6.7000000000e+00 -1.8874428000e-02 -2.2437040000e-03 -7.9888974000e-02  1.6295486020e+00  1.9514939170e+00  2.0418042600e+00
    6.7100000000e+00 -1.4540904000e-02 -1.8460890000e-03 -7.7829978000e-02  1.6289511280e+00  1.9442207320e+00  2.0321186300e+00
    6.7200000000e+00 -1.0361140000e-02 -1.3869490000e-03 -7.5664460000e-02  1.6284994420e+00  1.9369048560e+00  2.0224846880e+00
    6.7300000000e+00 -6.3538380000e-03 -8.2508300000e-04 -7.3349634000e-02  1.6282049270e+00  1.9295505140e+00  2.0129064110e+00
    6.7400000000e+00 -2.5436480000e-03 -1.2554100000e-04 -7.0848190000e-02  1.6280764980e+00  1.9221750210e+00  2.0034035990e+00
    6.7500000000e+00  1.0386070000e-03  7.3736800000e-04 -6.8132646000e-02  1.6281185840e+00  1.9148051510e+00  1.9940086520e+00
    6.7600000000e+00  4.3563800000e-03  1.7786590000e-03 -6.5188247000e-02  1.6283287450e+00  1.9074732200e+00  1.9847623770e+00
    6.7700000000e+00  7.3687730000e-03  3.0026020000e-03 -6.2014311000e-02  1.6286951670e+00  1.9002134410e+00  1.9757094310e+00
    6.7800000000e+00  1.0032915000e-02  4.4035830000e-03 -5.8624145000e-02  1.6291943690e+00  1.8930589290e+00  1.9668938920e+00
    6.7900000000e+00  1.2307384000e-02  5.9674870000e-03 -5.5043806000e-02  1.6297895320e+00  1.8860394180e+00  1.9583553510e+00
    6.8000000000e+00  1.4156498000e-02  7.6732620000e-03 -5.1310009000e-02  1.6304299150e+00  1.8791796090e+00  1.9501256700e+00
    6.8100000000e+00  1.5555116000e-02  9.4945290000e-03 -4.7467417000e-02  1.6310517720e+00  1.8724979360e+00  1.9422265070e+00
    6.8200000000e+00  1.6493358000e-02  1.1401236000e-02 -4.3565496000e-02  1.6315810860e+00  1.8660056010e+00  1.9346676400e+00
    6.8300000000e+00  1.6980490000e-02  1.3361473000e-02 -3.9655108000e-02  1.6319381560e+00  1.8597058260e+00  1.9274461210e+00
    6.8400000000e+00  1.7047155000e-02  1.5343521000e-02 -3.5785004000e-02  1.6320437250e+00  1.8535933830e+00  1.9205463370e+00
    6.8500000000e+00  1.6745323000e-02  1.7318162000e-02 -3.1998435000e-02  1.6318259200e+00  1.8476545770e+00  1.9139409560e+00
    6.8600000000e+00  1.6145674000e-02  1.9261167000e-02 -2.8330112000e-02  1.6312270660e+00  1.8418678450e+00  1.9075927360e+00
    6.8700000000e+00  1.5332586000e-02  2.1155758000e-02 -2.4803691000e-02  1.6302092970e+00  1.8362051170e+00  1.9014570760e+00
    6.8800000000e+00  1.4397344000e-02  2.2994804000e-02 -2.1429948000e-02  1.6287580920e+00  1.8306340260e+00  1.8954851770e+00
    6.8900000000e+00  1.3430544000e-02  2.4782423000e-02 -1.8205769000e-02  1.6268831700e+00  1.8251209320e+00  1.8896276700e+00
    6.9000000000e+00  1.2514769000e-02  2.6534681000e-02 -1.5114091000e-02  1.6246166750e+00  1.8196346440e+00  1.8838385670e+00
    6.9100000000e+00  1.1718585000e-02  2.8279042000e-02 -1.2124936000e-02  1.6220090250e+00  1.8141505850e+00  1.8780793340e+00
    6.9200000000e+00  1.1092581000e-02  3.0052291000e-02 -9.1977120000e-03  1.6191232250e+00  1.8086549710e+00  1.8723227960e+00
    6.9300000000e+00  1.0667743000e-02  3.1896799000e-02 -6.2848570000e-03  1.6160286280e+00  1.8031483930e+00  1.8665564290e+00
    6.9400000000e+00  1.0455996000e-02  3.3855265000e-02 -3.3367010000e-03  1.6127951110e+00  1.7976480400e+00  1.8607844550e+00
    6.9500000000e+00  1.0452316000e-02  3.5964501000e-02 -3.0712800000e-04  1.6094883780e+00  1.7921878370e+00  1.8550281830e+00
    6.9600000000e+00  1.0637676000e-02  3.8249195000e-02  2.8407300000e-03  1.6061666860e+00  1.7868160150e+00  1.8493241950e+00
    6.9700000000e+00  1.0982099000e-02  4.0716885000e-02  6.1297310000e-03  1.6028788820e+00  1.7815901760e+00  1.8437204230e+00
    6.9800000000e+00  1.1447360000e-02  4.3355238000e-02  9.5657970000e-03  1.5996633360e+00  1.7765705380e+00  1.8382706440e+00
    6.9900000000e+00  1.1989244000e-02  4.6132312000e-02  1.3137365000e-02  1.5965472760e+00  1.7718125970e+00  1.8330283760e+00
    7.0000000000e+00  1.2559539000e-02  4.8999736000e-02  1.6817194000e-02  1.5935461160e+00  1.7673606260e+00  1.8280412830e+00
    7.0100000000e+00  1.3108171000e-02  5.1898040000e-02  2.0565950000e-02  1.5906626560e+00  1.7632432480e+00  1.8233470620e+00
    7.0200000000e+00  1.3585839000e-02  5.4762880000e-02  2.4336606000e-02  1.5878863360e+00  1.7594716820e+00  1.8189712900e+00
    7.0300000000e+00  1.3947322000e-02  5.7530799000e-02  2.8078661000e-02  1.5851929770e+00  1.7560405940e+00  1.8149271760e+00
    7.0400000000e+00  1.4155317000e-02  6.0143502000e-02  3.1741418000e-02  1.5825454920e+00  1.7529307920e+00  1.8112166570e+00
    7.0500000000e+00  1.4184365000e-02  6.2550170000e-02  3.5276010000e-02  1.5798959580e+00  1.7501126710e+00  1.8078320610e+00
    7.0600000000e+00  1.4024245000e-02  6.4708039000e-02  3.8636374000e-02  1.5771891480e+00  1.7475493240e+00  1.8047575810e+00
    7.0700000000e+00  1.3682204000e-02  6.6581934000e-02  4.1779682000e-02  1.5743673350e+00  1.7451986190e+00  1.8019701310e+00
    7.0800000000e+00  1.3183502000e-02  6.8143682000e-02  4.4666883000e-02  1.5713758560e+00  1.7430140800e+00  1.7994395600e+00
    7.0900000000e+00  1.2570030000e-02  6.9372150000e-02  4.7263806000e-02  1.5681687910e+00  1.7409449990e+00  1.7971286200e+00
    7.1000000000e+00  1.1897003000e-02  7.0254196000e-02  4.9542920000e-02  1.5647140110e+00  1.7389364970e+00  1.7949932810e+00
    7.1100000000e+00  1.1228045000e-02  7.0786313000e-02  5.1485385000e-02  1.5609968960e+00  1.7369302580e+00  1.7929838900e+00
    7.1200000000e+00  1.0629224000e-02  7.0976360000e-02  5.3082839000e-02  1.5570221960e+00  1.7348663170e+00  1.7910473220e+00
    7.1300000000e+00  1.0162800000e-02  7.0844720000e-02  5.4338323000e-02  1.5528137150e+00  1.7326858320e+00  1.7891299010e+00
    7.1400000000e+00  9.8815300000e-03  7.0424398000e-02  5.5266073000e-02  1.5484118900e+00  1.7303344360e+00  1.7871805500e+00
    7.1500000000e+00  9.8242820000e-03  6.9759915000e-02  5.5890221000e-02  1.5438696430e+00  1.7277655950e+00  1.7851535980e+00
    7.1600000000e+00  1.0013441000e-02  6.8905151000e-02  5.6242764000e-02  1.5392471860e+00  1.7249434860e+00  1.7830108770e+00
    7.1700000000e+00  1.0454283000e-02  6.7920430000e-02  5.6361196000e-02  1.5346065350e+00  1.7218450820e+00  1.7807229690e+00
    7.1800000000e+00  1.1136129000e-02  6.6869212000e-02  5.6286173000e-02  1.5300064650e+00  1.7184613040e+00  1.7782697090e+00
    7.1900000000e+00  1.2034930000e-02  6.5814690000e-02  5.6059356000e-02  1.5254983940e+00  1.7147972380e+00  1.7756401360e+00
    7.2000000000e+00  1.3116779000e-02  6.4816563000e-02  5.5721519000e-02  1.5211235590e+00  1.7108715140e+00  1.7728320490e+00
    7.2100000000e+00  1.4341876000e-02  6.3928157000e-02  5.5310889000e-02  1.5169115980e+00  1.7067149580e+00  1.7698512820e+00
    7.2200000000e+00  1.5668413000e-02  6.3194049000e-02  5.4861727000e-02  1.5128805600e+00  1.7023687210e+00  1.7667107490e+00
    7.2300000000e+00  1.7055922000e-02  6.2648201000e-02  5.4403152000e-02  1.5090381620e+00  1.6978820290e+00  1.7634292980e+00
    7.2400000000e+00  1.8467676000e-02  6.2312626000e-02  5.3958204000e-02  1.5053839560e+00  1.6933096970e+00  1.7600304130e+00
    7.2500000000e+00  1.9871921000e-02  6.2196544000e-02  5.3543183000e-02  1.5019119430e+00  1.6887094750e+00  1.7565408000e+00
    7.2600000000e+00  2.1241912000e-02  6.2296034000e-02  5.3167239000e-02  1.4986130920e+00  1.6841392590e+00  1.7529888770e+00
    7.2700000000e+00  2.2554983000e-02  6.2594254000e-02  5.2832268000e-02  1.4954772900e+00  1.6796542100e+00  1.7494032240e+00
    7.2800000000e+00  2.3791055000e-02  6.3062309000e-02  5.2533103000e-02  1.4924943870e+00  1.6753038890e+00  1.7458110020e+00
    7.2900000000e+00  2.4931087000e-02  6.3660819000e-02  5.2258044000e-02  1.4896542470e+00  1.6711295720e+00  1.7422364350e+00
    7.3000000000e+00  2.5955957000e-02  6.4342182000e-02  5.1989723000e-02  1.4869459390e+00  1.6671619900e+00  1.7386994070e+00
    7.3100000000e+00  2.6846115000e-02  6.5053396000e-02  5.1706288000e-02  1.4843564570e+00  1.6634197140e+00  1.7352142660e+00
    7.3200000000e+00  2.7582109000e-02  6.5739221000e-02  5.1382872000e-02  1.4818693960e+00  1.6599083610e+00  1.7317889350e+00
    7.3300000000e+00  2.8145874000e-02  6.6345409000e-02  5.0993262000e-02  1.4794640700e+00  1.6566206990e+00  1.7284244130e+00
    7.3400000000e+00  2.8522457000e-02  6.6821687000e-02  5.0511643000e-02  1.4771153350e+00  1.6535376200e+00  1.7251147380e+00
    7.3500000000e+00  2.8701778000e-02  6.7124251000e-02  4.9914263000e-02  1.4747942640e+00  1.6506298150e+00  1.7218474180e+00
    7.3600000000e+00  2.8680073000e-02  6.7217595000e-02  4.9180863000e-02  1.4724695560e+00  1.6478599190e+00  1.7186042570e+00
    7.3700000000e+00  2.8460736000e-02  6.7075650000e-02  4.8295789000e-02  1.4701094950e+00  1.6451848550e+00  1.7153624770e+00
    7.3800000000e+00  2.8054404000e-02  6.6682288000e-02  4.7248741000e-02  1.4676841600e+00  1.6425581490e+00  1.7120959730e+00
    7.3900000000e+00  2.7478264000e-02  6.6031355000e-02  4.6035198000e-02  1.4651676060e+00  1.6399320800e+00  1.7087766140e+00
    7.4000000000e+00  2.6754622000e-02  6.5126367000e-02  4.4656580000e-02  1.4625397310e+00  1.6372596420e+00  1.7053755220e+00
    7.4100000000e+00  2.5908900000e-02  6.3979962000e-02  4.3120170000e-02  1.4597876030e+00  1.6344963410e+00  1.7018643210e+00
    7.4200000000e+00  2.4967252000e-02  6.2613115000e-02  4.1438807000e-02  1.4569060600e+00  1.6316019210e+00  1.6982163590e+00
    7.4300000000e+00  2.3954087000e-02  6.1054016000e-02  3.9630278000e-02  1.4538975040e+00  1.6285420100e+00  1.6944078570e+00
    7.4400000000e+00  2.2889762000e-02  5.9336509000e-02  3.7716398000e-02  1.4507708600e+00  1.6252895980e+00  1.6904188880e+00
    7.4500000000e+00  2.1788748000e-02  5.7498049000e-02  3.5721798000e-02  1.4475398440e+00  1.6218261240e+00  1.6862340040e+00
    7.4600000000e+00  2.0658467000e-02  5.5577286000e-02  3.3672583000e-02  1.4442207060e+00  1.6181418940e+00  1.6818423600e+00
    7.4700000000e+00  1.9498937000e-02  5.3611577000e-02  3.1595150000e-02  1.4408297590e+00  1.6142356360e+00  1.6772372760e+00
    7.4800000000e+00  1.8303210000e-02  5.1634852000e-02  2.9515453000e-02  1.4373809420e+00  1.6101131360e+00  1.6724153510e+00
    7.4900000000e+00  1.7058536000e-02  4.9676238000e-02  2.7458949000e-02  1.4338836890e+00  1.6057851990e+00  1.6673754530e+00
    7.5000000000e+00  1.5748072000e-02  4.7759736000e-02  2.5451206000e-02  1.4303412570e+00  1.6012653410e+00  1.6621179830e+00
    7.5100000000e+00  1.4352986000e-02  4.5904947000e-02  2.3518952000e-02  1.4267496350e+00  1.5965677530e+00  1.6566447860e+00
    7.5200000000e+00  1.2854787000e-02  4.4128620000e-02  2.1691148000e-02  1.4230970670e+00  1.5917060310e+00  1.6509599050e+00
    7.5300000000e+00  1.1237740000e-02  4.2446538000e-02  1.9999603000e-02  1.4193642290e+00  1.5866929860e+00  1.6450711340e+00
    7.5400000000e+00  9.4912320000e-03  4.0875162000e-02  1.8478749000e-02  1.4155250940e+00  1.5815416170e+00  1.6389920910e+00
    7.5500000000e+00  7.6118940000e-03  3.9432447000e-02  1.7164320000e-02  1.4115485140e+00  1.5762670110e+00  1.6327443760e+00
    7.5600000000e+00  5.6052520000e-03  3.8137394000e-02  1.6090926000e-02  1.4074004840e+00  1.5708886850e+00  1.6263593170e+00
    7.5700000000e+00  3.4866180000e-03  3.7008155000e-02  1.5288677000e-02  1.4030469760e+00  1.5654326660e+00  1.6198787800e+00
    7.5800000000e+00  1.2809980000e-03  3.6058897000e-02  1.4779276000e-02  1.3984570340e+00  1.5599325570e+00  1.6133546410e+00
    7.5900000000e+00 -9.7809100000e-04  3.5295989000e-02  1.4572144000e-02  1.3936057470e+00  1.5544289650e+00  1.6068466430e+00
    7.6000000000e+00 -3.2507800000e-03  3.4714394000e-02  1.4661278000e-02  1.3884766420e+00  1.5489670130e+00  1.6004186500e+00
    7.6100000000e+00 -5.4936580000e-03  3.4295209000e-02  1.5023542000e-02  1.3830631600e+00  1.5435921140e+00  1.5941336160e+00
    7.6200000000e+00 -7.6627990000e-03  3.4005141000e-02  1.5618924000e-02  1.3773690660e+00  1.5383446600e+00  1.5880479000e+00
    7.6300000000e+00 -9.7165590000e-03  3.3798321000e-02  1.6392990000e-02  1.3714078850e+00  1.5332546080e+00  1.5822057880e+00
    7.6400000000e+00 -1.1617863000e-02  3.3620343000e-02  1.7281363000e-02  1.3652016320e+00  1.5283370440e+00  1.5766351540e+00
    7.6500000000e+00 -1.3335862000e-02  3.3413916000e-02  1.8215636000e-02  1.3587791500e+00  1.5235896510e+00  1.5713450840e+00
    7.6600000000e+00 -1.4847035000e-02  3.3125145000e-02  1.9129775000e-02  1.3521743520e+00  1.5189926350e+00  1.5663259200e+00
    7.6700000000e+00 -1.6135916000e-02  3.2709320000e-02  1.9965927000e-02  1.3454244760e+00  1.5145111340e+00  1.5615517590e+00
    7.6800000000e+00 -1.7195590000e-02  3.2135203000e-02  2.0678654000e-02  1.3385683520e+00  1.5100996370e+00  1.5569848850e+00
    7.6900000000e+00 -1.8028025000e-02  3.1387130000e-02  2.1236938000e-02  1.3316445550e+00  1.5057075390e+00  1.5525812340e+00
    7.7000000000e+00 -1.8644146000e-02  3.0464759000e-02  2.1623816000e-02  1.3246893020e+00  1.5012847680e+00  1.5482958090e+00
    7.7100000000e+00 -1.9063421000e-02  2.9380756000e-02  2.1834025000e-02  1.3177340370e+00  1.4967864890e+00  1.5440870270e+00
    7.7200000000e+00 -1.9312678000e-02  2.8157128000e-02  2.1870453000e-02  1.3108028430e+00  1.4921761850e+00  1.5399193320e+00
    7.7300000000e+00 -1.9423890000e-02  2.6821093000e-02  2.1740338000e-02  1.3039099860e+00  1.4874268150e+00  1.5357638600e+00
    7.7400000000e+00 -1.9430884000e-02  2.5401389000e-02  2.1452139000e-02  1.2970581190e+00  1.4825202120e+00  1.5315974280e+00
    7.7500000000e+00 -1.9365194000e-02  2.3925672000e-02  2.1013663000e-02  1.2902377040e+00  1.4774452240e+00  1.5274004910e+00
    7.7600000000e+00 -1.9251587000e-02  2.2419333000e-02  2.0431656000e-02  1.2834280930e+00  1.4721953480e+00  1.5231548390e+00
    7.7700000000e+00 -1.9104064000e-02  2.0905655000e-02  1.9712651000e-02  1.2766004490e+00  1.4667665880e+00  1.5188417710e+00
    7.7800000000e+00 -1.8923148000e-02  1.9406921000e-02  1.8864594000e-02  1.2697222430e+00  1.4611561030e+00  1.5144412240e+00
    7.7900000000e+00 -1.8695134000e-02  1.7945878000e-02  1.7898641000e-02  1.2627626790e+00  1.4553619510e+00  1.5099320190e+00
    7.8000000000e+00 -1.8393598000e-02  1.6546946000e-02  1.6830575000e-02  1.2556981180e+00  1.4493838540e+00  1.5052931090e+00
    7.8100000000e+00 -1.7982966000e-02  1.5236694000e-02  1.5681444000e-02  1.2485165010e+00  1.4432246920e+00  1.5005054870e+00
    7.8200000000e+00 -1.7423534000e-02  1.4043323000e-02  1.4477223000e-02  1.2412200040e+00  1.4368922260e+00  1.4955543280e+00
    7.8300000000e+00 -1.6677027000e-02  1.2995159000e-02  1.3247504000e-02  1.2338255090e+00  1.4304005090e+00  1.4904308850e+00
    7.8400000000e+00 -1.5711760000e-02  1.2118424000e-02  1.2023404000e-02  1.2263629600e+00  1.4237705290e+00  1.4851337420e+00
    7.8500000000e+00 -1.4506628000e-02  1.1434722000e-02  1.0835051000e-02  1.2188720430e+00  1.4170298000e+00  1.4796691390e+00
    7.8600000000e+00 -1.3053489000e-02  1.0958757000e-02  9.7090760000e-03  1.2113978940e+00  1.4102108540e+00  1.4740502390e+00
    7.8700000000e+00 -1.1357853000e-02  1.0696753000e-02  8.6665690000e-03  1.2039865420e+00  1.4033488410e+00  1.4682954530e+00
    7.8800000000e+00 -9.4380940000e-03  1.0645923000e-02  7.7218710000e-03  1.1966806980e+00  1.3964785970e+00  1.4624260820e+00
    7.8900000000e+00 -7.3235400000e-03  1.0795102000e-02  6.8823920000e-03  1.1895162570e+00  1.3896316790e+00  1.4564637010e+00
    7.9000000000e+00 -5.0518180000e-03  1.1126491000e-02  6.1494920000e-03  1.1825196870e+00  1.3828338420e+00  1.4504277280e+00
    7.9100000000e+00 -2.6657810000e-03  1.1618216000e-02  5.5202300000e-03  1.1757063430e+00  1.3761033690e+00  1.4443336080e+00
    7.9200000000e+00 -2.1023700000e-04  1.2247319000e-02  4.9896510000e-03  1.1690796620e+00  1.3694505110e+00  1.4381919050e+00
    7.9300000000e+00  2.2713280000e-03  1.2992678000e-02  4.5531740000e-03  1.1626312300e+00  1.3628781180e+00  1.4320084340e+00
    7.9400000000e+00  4.7398700000e-03  1.3837403000e-02  4.2086530000e-03  1.1563416720e+00  1.3563833110e+00  1.4257853650e+00
    7.9500000000e+00  7.1635330000e-03  1.4770347000e-02  3.9577420000e-03  1.1501823400e+00  1.3499598780e+00  1.4195230490e+00
    7.9600000000e+00  9.5198500000e-03  1.5786567000e-02  3.8063730000e-03  1.1441176790e+00  1.3436009780e+00  1.4132222210e+00
    7.9700000000e+00  1.1797174000e-02  1.6886744000e-02  3.7643030000e-03  1.1381081060e+00  1.3373017230e+00  1.4068861810e+00
    7.9800000000e+00  1.3995238000e-02  1.8075751000e-02  3.8438480000e-03  1.1321131590e+00  1.3310612950e+00  1.4005226370e+00
    7.9900000000e+00  1.6124803000e-02  1.9360607000e-02  4.0579850000e-03  1.1260946230e+00  1.3248843880e+00  1.3941449690e+00
    8.0000000000e+00  1.8206457000e-02  2.0748098000e-02  4.4180940000e-03  1.1200193770e+00  1.3187818540e+00  1.3877727460e+00
    8.0100000000e+00  2.0268740000e-02  2.2242309000e-02  4.9315440000e-03  1.1138617340e+00  1.3127705340e+00  1.3814314480e+00
    8.0200000000e+00  2.2345768000e-02  2.3842295000e-02  5.5994130000e-03  1.1076051670e+00  1.3068723000e+00  1.3751513630e+00
    8.0300000000e+00  2.4474550000e-02  2.5540095000e-02  6.4145600000e-03  1.1012433440e+00  1.3011123570e+00  1.3689657190e+00
    8.0400000000e+00  2.6692153000e-02  2.7319302000e-02  7.3603040000e-03  1.0947804680e+00  1.2955169250e+00  1.3629081560e+00
    8.0500000000e+00  2.9032828000e-02  2.9154356000e-02  8.4099090000e-03  1.0882308780e+00  1.2901104220e+00  1.3570097340e+00
    8.0600000000e+00  3.1525291000e-02  3.1010747000e-02  9.5270430000e-03  1.0816178930e+00  1.2849123800e+00  1.3512957360e+00
    8.0700000000e+00  3.4190359000e-02  3.2846242000e-02  1.0667283000e-02  1.0749718730e+00  1.2799343550e+00  1.3457825640e+00
    8.0800000000e+00  3.7039203000e-02  3.4613164000e-02  1.1780646000e-02  1.0683276090e+00  1.2751771800e+00  1.3404750860e+00
    8.0900000000e+00  4.0072482000e-02  3.6261675000e-02  1.2815022000e-02  1.0617212170e+00  1.2706289350e+00  1.3353647900e+00
    8.1000000000e+00  4.3280489000e-02  3.7743795000e-02  1.3720248000e-02  1.0551868930e+00  1.2662640360e+00  1.3304290510e+00
    8.1100000000e+00  4.6644351000e-02  3.9017786000e-02  1.4452440000e-02  1.0487538640e+00  1.2620437380e+00  1.3256317760e+00
    8.1200000000e+00  5.0138111000e-02  4.0052325000e-02  1.4978070000e-02  1.0424439160e+00  1.2579182150e+00  1.3209255380e+00
    8.1300000000e+00  5.3731459000e-02  4.0829848000e-02  1.5277249000e-02  1.0362697440e+00  1.2538301130e+00  1.3162550970e+00
    8.1400000000e+00  5.7392779000e-02  4.1348494000e-02  1.5345635000e-02  1.0302342620e+00  1.2497192360e+00  1.3115620050e+00
    8.1500000000e+00  6.1092174000e-02  4.1622211000e-02  1.5194590000e-02  1.0243309000e+00  1.2455277110e+00  1.3067896970e+00
    8.1600000000e+00  6.4804173000e-02  4.1678951000e-02  1.4849450000e-02  1.0185447940e+00  1.2412048740e+00  1.3018883150e+00
    8.1700000000e+00  6.8509888000e-02  4.1557196000e-02  1.4346145000e-02  1.0128546830e+00  1.2367110880e+00  1.2968184930e+00
    8.1800000000e+00  7.2198444000e-02  4.1301428000e-02  1.3726759000e-02  1.0072353210e+00  1.2320198970e+00  1.2915534970e+00
    8.1900000000e+00  7.5867591000e-02  4.0957335000e-02  1.3034866000e-02  1.0016601300e+00  1.2271182720e+00  1.2860794390e+00
    8.2000000000e+00  7.9523480000e-02  4.0567576000e-02  1.2311466000e-02  9.9610386000e-01  1.2220050890e+00  1.2803937620e+00
    8.2100000000e+00  8.3179627000e-02  4.0168744000e-02  1.1592173000e-02  9.9054498200e-01  1.2166883300e+00  1.2745024900e+00
    8.2200000000e+00  8.6855216000e-02  3.9789821000e-02  1.0905923000e-02  9.8496758300e-01  1.2111816820e+00  1.2684170160e+00
    8.2300000000e+00  9.0572924000e-02  3.9452099000e-02  1.0275111000e-02  9.7936253200e-01  1.2055012460e+00  1.2621511220e+00
    8.2400000000e+00  9.4356585000e-02  3.9170243000e-02  9.7167210000e-03  9.7372781400e-01  1.1996628680e+00  1.2557187740e+00
    8.2500000000e+00  9.8229029000e-02  3.8954022000e-02  9.2439250000e-03  9.6806802800e-01  1.1936804050e+00  1.2491328900e+00
    8.2600000000e+00  1.0221040700e-01  3.8810233000e-02  8.8676420000e-03  9.6239321500e-01  1.1875649730e+00  1.2424050300e+00
    8.2700000000e+00  1.0631722600e-01  3.8744423000e-02  8.5977090000e-03  9.5671731200e-01  1.1813250160e+00  1.2355457400e+00
    8.2800000000e+00  1.1056214600e-01  3.8762166000e-02  8.4435150000e-03  9.5105659600e-01  1.1749669670e+00  1.2285652400e+00
    8.2900000000e+00  1.1495439900e-01  3.8869770000e-02  8.4141150000e-03  9.4542846500e-01  1.1684961990e+00  1.2214741270e+00
    8.3000000000e+00  1.1950056100e-01  3.9074438000e-02  8.5179490000e-03  9.3985079100e-01  1.1619180060e+00  1.2142838990e+00
    8.3100000000e+00  1.2420530000e-01  3.9383989000e-02  8.7623570000e-03  9.3434191200e-01  1.1552383950e+00  1.2070071830e+00
    8.3200000000e+00  1.2907178300e-01  3.9806309000e-02  9.1530700000e-03  9.2892111200e-01  1.1484645580e+00  1.1996576610e+00
    8.3300000000e+00  1.3410149000e-01  4.0348734000e-02  9.6938060000e-03  9.2360932700e-01  1.1416050080e+00  1.1922497830e+00
    8.3400000000e+00  1.3929343300e-01  4.1017506000e-02  1.0386013000e-02  9.1842969600e-01  1.1346694250e+00  1.1847983810e+00
    8.3500000000e+00  1.4464290000e-01  4.1817397000e-02  1.1228727000e-02  9.1340763800e-01  1.1276683490e+00  1.1773182800e+00
    8.3600000000e+00  1.5014002800e-01  4.2751477000e-02  1.2218457000e-02  9.0857024500e-01  1.1206128230e+00  1.1698239270e+00
    8.3700000000e+00  1.5576856100e-01  4.3820986000e-02  1.3349037000e-02  9.0394495600e-01  1.1135140380e+00  1.1623289850e+00
    8.3800000000e+00  1.6150511100e-01  4.5025216000e-02  1.4611434000e-02  8.9955763600e-01  1.1063830010e+00  1.1548457820e+00
    8.3900000000e+00  1.6731914500e-01  4.6361397000e-02  1.5993627000e-02  8.9543030500e-01  1.0992301220e+00  1.1473845150e+00
    8.4000000000e+00  1.7317381400e-01  4.7824610000e-02  1.7480728000e-02  8.9157883900e-01  1.0920646780e+00  1.1399521600e+00
    8.4100000000e+00  1.7902758400e-01  4.9407861000e-02  1.9055567000e-02  8.8801096100e-01  1.0848940860e+00  1.1325512090e+00
    8.4200000000e+00  1.8483652100e-01  5.1102441000e-02  2.0699897000e-02  8.8472480100e-01  1.0777230600e+00  1.1251784280e+00
    8.4300000000e+00  1.9055700100e-01  5.2898716000e-02  2.2396263000e-02  8.8170823000e-01  1.0705527830e+00  1.1178239960e+00
    8.4400000000e+00  1.9614853700e-01  5.4787341000e-02  2.4130382000e-02  8.7893907400e-01  1.0633803500e+00  1.1104713620e+00
    8.4500000000e+00  2.0157643600e-01  5.6760800000e-02  2.5893672000e-02  8.7638617800e-01  1.0561986960e+00  1.1030980980e+00
    8.4600000000e+00  2.0681400100e-01  5.8814992000e-02  2.7685465000e-02  8.7401122000e-01  1.0489971980e+00  1.0956778110e+00
    8.4700000000e+00  2.1184408800e-01  6.0950550000e-02  2.9514406000e-02  8.7177105400e-01  1.0417629200e+00  1.0881829050e+00
    8.4800000000e+00  2.1665990900e-01  6.3173600000e-02  3.1398707000e-02  8.6962032600e-01  1.0344823340e+00  1.0805877840e+00
    8.4900000000e+00  2.2126508800e-01  6.5495807000e-02  3.3365186000e-02  8.6751412800e-01  1.0271432230e+00  1.0728719290e+00
    8.5000000000e+00  2.2567304800e-01  6.7933737000e-02  3.5447278000e-02  8.6541048700e-01  1.0197364130e+00  1.0650223830e+00
    8.5100000000e+00  2.2990584200e-01  7.0507703000e-02  3.7682411000e-02  8.6327255200e-01  1.0122571280e+00  1.0570352900e+00
    8.5200000000e+00  2.3399251900e-01  7.3240325000e-02  4.0109185000e-02  8.6107039100e-01  1.0047058270e+00  1.0489164300e+00
    8.5300000000e+00  2.3796712900e-01  7.6155030000e-02  4.2764756000e-02  8.5878233500e-01  9.9708853800e-01  1.0406808510e+00
    8.5400000000e+00  2.4186645700e-01  7.9274629000e-02  4.5682659000e-02  8.5639577400e-01  9.8941676100e-01  1.0323518140e+00
    8.5500000000e+00  2.4572761600e-01  8.2620089000e-02  4.8891203000e-02  8.5390731800e-01  9.8170703600e-01  1.0239593250e+00
    8.5600000000e+00  2.4958570300e-01  8.6209545000e-02  5.2412452000e-02  8.5132228300e-01  9.7398029000e-01  1.0155384900e+00
    8.5700000000e+00  2.5347174300e-01  9.0057560000e-02  5.6261733000e-02  8.4865353100e-01  9.6626104000e-01  1.0071278800e+00
    8.5800000000e+00  2.5741112200e-01  9.4174639000e-02  6.0447560000e-02  8.4591979500e-01  9.5857655900e-01  9.9876808000e-01
    8.5900000000e+00  2.6142265200e-01  9.8566941000e-02  6.4971820000e-02  8.4314371000e-01  9.5095607700e-01  9.9050048500e-01
    8.6000000000e+00  2.6551827500e-01  1.0323612100e-01  6.9830074000e-02  8.4034979000e-01  9.4343005000e-01  9.8236637800e-01
    8.6100000000e+00  2.6970335200e-01  1.0817922800e-01  7.5011803000e-02  8.3756255400e-01  9.3602951200e-01  9.7440620000e-01
    8.6200000000e+00  2.7397738300e-01  1.1338859700e-01  8.0500551000e-02  8.3480493600e-01  9.2878543700e-01  9.6665890700e-01
    8.6300000000e+00  2.7833505500e-01  1.1885173400e-01  8.6273956000e-02  8.3209702500e-01  9.2172804500e-01  9.5916123400e-01
    8.6400000000e+00  2.8276749400e-01  1.2455124800e-01  9.2303790000e-02  8.2945517800e-01  9.1488597100e-01  9.5194677100e-01
    8.6500000000e+00  2.8726368200e-01  1.3046494300e-01  9.8556180000e-02  8.2689149700e-01  9.0828527400e-01  9.4504479600e-01
    8.6600000000e+00  2.9181193900e-01  1.3656620000e-01  1.0499217300e-01  8.2441374500e-01  9.0194835100e-01  9.3847896500e-01
    8.6700000000e+00  2.9640137300e-01  1.4282470600e-01  1.1156877300e-01  8.2202572500e-01  8.9589286800e-01  9.3226601300e-01
    8.6800000000e+00  3.0102312200e-01  1.4920755700e-01  1.1824044800e-01  8.1972814200e-01  8.9013089300e-01  9.2641469400e-01
    8.6900000000e+00  3.0567120400e-01  1.5568063100e-01  1.2496101800e-01  8.1751987500e-01  8.8466838000e-01  9.2092516300e-01
    8.7000000000e+00  3.1034281000e-01  1.6221006900e-01  1.3168573600e-01  8.1539950500e-01  8.7950508600e-01  9.1578894300e-01
    8.7100000000e+00  3.1503794900e-01  1.6876370000e-01  1.3837332900e-01  8.1336683500e-01  8.7463494800e-01  9.1098953300e-01
    8.7200000000e+00  3.1975847600e-01  1.7531224000e-01  1.4498777500e-01  8.1142414500e-01  8.7004683000e-01  9.0650358800e-01
    8.7300000000e+00  3.2450667600e-01  1.8183017200e-01  1.5149963000e-01  8.0957693000e-01  8.6572550900e-01  9.0230256900e-01
    8.7400000000e+00  3.2928364000e-01  1.8829628900e-01  1.5788677000e-01  8.0783396700e-01  8.6165278200e-01  8.9835463300e-01
    8.7500000000e+00  3.3408774900e-01  1.9469392500e-01  1.6413455500e-01  8.0620669100e-01  8.5780856000e-01  8.9462656400e-01
    8.7600000000e+00  3.3891353600e-01  2.0101093900e-01  1.7023543600e-01  8.0470798500e-01  8.5417188300e-01  8.9108553800e-01
    8.7700000000e+00  3.4375112900e-01  2.0723951400e-01  1.7618816800e-01  8.0335061000e-01  8.5072182700e-01  8.8770055900e-01
    8.7800000000e+00  3.4858635800e-01  2.1337583200e-01  1.8199679400e-01  8.0214552000e-01  8.4743829800e-01  8.8444351600e-01
    8.7900000000e+00  3.5340150200e-01  2.1941963700e-01  1.8766955400e-01  8.0110035300e-01  8.4430273600e-01  8.8128984800e-01
    8.8000000000e+00  3.5817655700e-01  2.2537369200e-01  1.9321785700e-01  8.0021832300e-01  8.4129871400e-01  8.7821892200e-01
    8.8100000000e+00  3.6289080300e-01  2.3124312500e-01  1.9865535100e-01  7.9949765900e-01  8.3841244300e-01  8.7521420900e-01
    8.8200000000e+00  3.6752446000e-01  2.3703465700e-01  2.0399707000e-01  7.9893168400e-01  8.3563311900e-01  8.7226336100e-01
    8.8300000000e+00  3.7206013900e-01  2.4275573400e-01  2.0925860900e-01  7.9850948400e-01  8.3295306800e-01  8.6935820300e-01
    8.8400000000e+00  3.7648389800e-01  2.4841362700e-01  2.1445527000e-01  7.9821703300e-01  8.3036763800e-01  8.6649463100e-01
    8.8500000000e+00  3.8078575500e-01  2.5401460900e-01  2.1960118400e-01  7.9803855100e-01  8.2787478600e-01  8.6367231200e-01
    8.8600000000e+00  3.8495963900e-01  2.5956332600e-01  2.2470848800e-01  7.9795785100e-01  8.2547441600e-01  8.6089416100e-01
    8.8700000000e+00  3.8900288200e-01  2.6506247600e-01  2.2978664900e-01  7.9795943100e-01  8.2316754700e-01  8.5816555100e-01
    8.8800000000e+00  3.9291542100e-01  2.7051283900e-01  2.3484208800e-01  7.9802918600e-01  8.2095547100e-01  8.5549333100e-01
    8.8900000000e+00  3.9669893000e-01  2.7591363300e-01  2.3987815900e-01  7.9815467600e-01  8.1883905700e-01  8.5288478200e-01
    8.9000000000e+00  4.0035607400e-01  2.8126308100e-01  2.4489551500e-01  7.9832501900e-01  8.1681832400e-01  8.5034667500e-01
    8.9100000000e+00  4.0389003600e-01  2.8655903600e-01  2.4989276500e-01  7.9853052100e-01  8.1489234500e-01  8.4788458600e-01
    8.9200000000e+00  4.0730437000e-01  2.9179949800e-01  2.5486728800e-01  7.9876223600e-01  8.1305943900e-01  8.4550257000e-01
    8.9300000000e+00  4.1060317200e-01  2.9698292200e-01  2.5981602300e-01  7.9901163100e-01  8.1131757400e-01  8.4320321500e-01
    8.9400000000e+00  4.1379143400e-01  3.0210824600e-01  2.6473607500e-01  7.9927050200e-01  8.0966481500e-01  8.4098801100e-01
    8.9500000000e+00  4.1687541700e-01  3.0717467400e-01  2.6962503000e-01  7.9953122200e-01  8.0809970800e-01  8.3885790000e-01
    8.9600000000e+00  4.1986284000e-01  3.1218127600e-01  2.7448094100e-01  7.9978726200e-01  8.0662149200e-01  8.3681387600e-01
    8.9700000000e+00  4.2276275500e-01  3.1712650000e-01  2.7930200200e-01  8.0003387100e-01  8.0523008900e-01  8.3485745900e-01
    8.9800000000e+00  4.2558503700e-01  3.2200769200e-01  2.8408600200e-01  8.0026869600e-01  8.0392583200e-01  8.3299094600e-01
    8.9900000000e+00  4.2833957200e-01  3.2682071300e-01  2.8882966200e-01  8.0049216800e-01  8.0270896700e-01  8.3121733100e-01
    9.0000000000e+00  4.3103528000e-01  3.3155976700e-01  2.9352802000e-01  8.0070749500e-01  8.0157892200e-01  8.2953986200e-01
    9.0100000000e+00  4.3367918800e-01  3.3621755400e-01  2.9817404600e-01  8.0092023000e-01  8.0053342400e-01  8.2796124800e-01
    9.0200000000e+00  4.3627575600e-01  3.4078586000e-01  3.0275867200e-01  8.0113748200e-01  7.9956761700e-01  8.2648264100e-01
    9.0300000000e+00  4.3882659400e-01  3.4525662400e-01  3.0727134800e-01  8.0136692700e-01  7.9867338800e-01  8.2510262600e-01
    9.0400000000e+00  4.4133061600e-01  3.4962338500e-01  3.1170111600e-01  8.0161584500e-01  7.9783918000e-01  8.2381649200e-01
    9.0500000000e+00  4.4378453800e-01  3.5388287400e-01  3.1603801700e-01  8.0189037300e-01  7.9705051200e-01  8.2261606500e-01
    9.0600000000e+00  4.4618355500e-01  3.5803636000e-01  3.2027450900e-01  8.0219510700e-01  7.9629125300e-01  8.2149025100e-01
    9.0700000000e+00  4.4852197800e-01  3.6209036300e-01  3.2440651300e-01  8.0253306000e-01  7.9554552700e-01  8.2042621200e-01
    9.0800000000e+00  4.5079366600e-01  3.6605646300e-01  3.2843378900e-01  8.0290584400e-01  7.9479986500e-01  8.1941093600e-01
    9.0900000000e+00  4.5299219800e-01  3.6995012800e-01  3.3235952600e-01  8.0331391200e-01  7.9404513900e-01  8.1843277600e-01
    9.1000000000e+00  4.5511083300e-01  3.7378878000e-01  3.3618927600e-01  8.0375666000e-01  7.9327781300e-01  8.1748258500e-01
    9.1100000000e+00  4.5714243700e-01  3.7758951000e-01  3.3992954000e-01  8.0423231200e-01  7.9250022700e-01  8.1655414500e-01
    9.1200000000e+00  4.5907956000e-01  3.8136695900e-01  3.4358642600e-01  8.0473760700e-01  7.9171985700e-01  8.1564386800e-01
    9.1300000000e+00  4.6091477400e-01  3.8513180700e-01  3.4716474900e-01  8.0526744900e-01  7.9094781600e-01  8.1474992300e-01
    9.1400000000e+00  4.6264129600e-01  3.8889013100e-01  3.5066776600e-01  8.0581471800e-01  7.9019697200e-01  8.1387114600e-01
    9.1500000000e+00  4.6425373900e-01  3.9264363100e-01  3.5409751700e-01  8.0637042200e-01  7.8948018000e-01  8.1300611100e-01
    9.1600000000e+00  4.6574877500e-01  3.9639049400e-01  3.5745555100e-01  8.0692423500e-01  7.8880899100e-01  8.1215264800e-01
    9.1700000000e+00  4.6712548000e-01  4.0012653900e-01  3.6074370500e-01  8.0746534000e-01  7.8819300600e-01  8.1130789400e-01
    9.1800000000e+00  4.6838523300e-01  4.0384625200e-01  3.6396460700e-01  8.0798333100e-01  7.8763984900e-01  8.1046878800e-01
    9.1900000000e+00  4.6953120000e-01  4.0754350000e-01  3.6712176200e-01  8.0846892900e-01  7.8715551900e-01  8.0963272600e-01
    9.2000000000e+00  4.7056759600e-01  4.1121181500e-01  3.7021920500e-01  8.0891431700e-01  7.8674486400e-01  8.0879810500e-01
    9.2100000000e+00  4.7149897400e-01  4.1484436700e-01  3.7326092000e-01  8.0931305900e-01  7.8641192700e-01  8.0796455000e-01
    9.2200000000e+00  4.7232975000e-01  4.1843378500e-01  3.7625025100e-01  8.0965972900e-01  7.8616006700e-01  8.0713276800e-01
    9.2300000000e+00  4.7306404600e-01  4.2197201300e-01  3.7918950100e-01  8.0994945800e-01  7.8599187200e-01  8.0630412100e-01
    9.2400000000e+00  4.7370577100e-01  4.2545027700e-01  3.8207982600e-01  8.1017759000e-01  7.8590895800e-01  8.0548009000e-01
    9.2500000000e+00  4.7425879800e-01  4.2885918700e-01  3.8492140400e-01  8.1033951100e-01  7.8591176700e-01  8.0466181100e-01
    9.2600000000e+00  4.7472709200e-01  4.3218891400e-01  3.8771376800e-01  8.1043059900e-01  7.8599943700e-01  8.0384978900e-01
    9.2700000000e+00  4.7511478400e-01  4.3542936500e-01  3.9045617600e-01  8.1044618500e-01  7.8616972900e-01  8.0304382900e-01
    9.2800000000e+00  4.7542624500e-01  4.3857033500e-01  3.9314790700e-01  8.1038144800e-01  7.8641901000e-01  8.0224315900e-01
    9.2900000000e+00  4.7566629700e-01  4.4160160500e-01  3.9578839500e-01  8.1023128100e-01  7.8674221100e-01  8.0144664400e-01
    9.3000000000e+00  4.7584059700e-01  4.4451303500e-01  3.9837718700e-01  8.0999025300e-01  7.8713274100e-01  8.0065299300e-01
    9.3100000000e+00  4.7595612600e-01  4.4729468900e-01  4.0091377100e-01  8.0965283500e-01  7.8758233100e-01  7.9986084800e-01
    9.3200000000e+00  4.7602161500e-01  4.4993705900e-01  4.0339735500e-01  8.0921396500e-01  7.8808083900e-01  7.9906869500e-01
    9.3300000000e+00  4.7604765800e-01  4.5243141000e-01  4.0582673900e-01  8.0866991900e-01  7.8861605600e-01  7.9827458700e-01
    9.3400000000e+00  4.7604635700e-01  4.5477027400e-01  4.0820037300e-01  8.0801929100e-01  7.8917358600e-01  7.9747574000e-01
    9.3500000000e+00  4.7603043100e-01  4.5694804600e-01  4.1051667300e-01  8.0726381000e-01  7.8973687700e-01  7.9666815600e-01
    9.3600000000e+00  4.7601191100e-01  4.5896163600e-01  4.1277456200e-01  8.0640870300e-01  7.9028744700e-01  7.9584637900e-01
    9.3700000000e+00  4.7600068500e-01  4.6081108700e-01  4.1497414600e-01  8.0546240500e-01  7.9080530900e-01  7.9500352000e-01
    9.3800000000e+00  4.7600324800e-01  4.6250011200e-01  4.1711739400e-01  8.0443559300e-01  7.9126959600e-01  7.9413156700e-01
    9.3900000000e+00  4.7602196900e-01  4.6403649500e-01  4.1920869800e-01  8.0333970100e-01  7.9165933800e-01  7.9322198600e-01
    9.4000000000e+00  4.7605509700e-01  4.6543233700e-01  4.2125522300e-01  8.0218522200e-01  7.9195439500e-01  7.9226652900e-01
    9.4100000000e+00  4.7609751000e-01  4.6670408400e-01  4.2326696600e-01  8.0098019300e-01  7.9213652000e-01  7.9125818700e-01
    9.4200000000e+00  4.7614202600e-01  4.6787227500e-01  4.2525649000e-01  7.9972917800e-01  7.9219052400e-01  7.9019218000e-01
    9.4300000000e+00  4.7618094100e-01  4.6896091500e-01  4.2723831900e-01  7.9843294100e-01  7.9210547500e-01  7.8906687500e-01
    9.4400000000e+00  4.7620746800e-01  4.6999642000e-01  4.2922799500e-01  7.9708878700e-01  7.9187576500e-01  7.8788452200e-01
    9.4500000000e+00  4.7621677400e-01  4.7100614000e-01  4.3124087400e-01  7.9569141400e-01  7.9150188000e-01  7.8665167900e-01
    9.4600000000e+00  4.7620648400e-01  4.7201658800e-01  4.3329074700e-01  7.9423396600e-01  7.9099065100e-01  7.8537921900e-01
    9.4700000000e+00  4.7617668600e-01  4.7305156200e-01  4.3538846800e-01  7.9270904000e-01  7.9035487400e-01  7.8408184300e-01
    9.4800000000e+00  4.7612958600e-01  4.7413046900e-01  4.3754075300e-01  7.9110940800e-01  7.8961224500e-01  7.8277710900e-01
    9.4900000000e+00  4.7606903900e-01  4.7526711400e-01  4.3974938900e-01  7.8942839300e-01  7.8878371400e-01  7.8148403100e-01
    9.5000000000e+00  4.7600016400e-01  4.7646921200e-01  4.4201098400e-01  7.8765994700e-01  7.8789151600e-01  7.8022145300e-01
    9.5100000000e+00  4.7592917500e-01  4.7773868800e-01  4.4431736400e-01  7.8579859300e-01  7.8695720200e-01  7.7900643300e-01
    9.5200000000e+00  4.7586340200e-01  4.7907270300e-01  4.4665654200e-01  7.8383939700e-01  7.8600005100e-01  7.7785293000e-01
    9.5300000000e+00  4.7581143600e-01  4.8046512800e-01  4.4901408300e-01  7.8177811000e-01  7.8503612600e-01  7.7677102400e-01
    9.5400000000e+00  4.7578321000e-01  4.8190810500e-01  4.5137456200e-01  7.7961148900e-01  7.8407809800e-01  7.7576677600e-01
    9.5500000000e+00  4.7578993000e-01  4.8339332400e-01  4.5372279800e-01  7.7733774300e-01  7.8313574700e-01  7.7484270100e-01
    9.5600000000e+00  4.7584379200e-01  4.8491273500e-01  4.5604462100e-01  7.7495697900e-01  7.8221688500e-01  7.7399862400e-01
    9.5700000000e+00  4.7595752800e-01  4.8645860400e-01  4.5832705600e-01  7.7247153500e-01  7.8132832800e-01  7.7323262800e-01
    9.5800000000e+00  4.7614385900e-01  4.8802300000e-01  4.6055799300e-01  7.6988616300e-01  7.8047658900e-01  7.7254177400e-01
    9.5900000000e+00  4.7641492000e-01  4.8959698200e-01  4.6272556300e-01  7.6720804800e-01  7.7966804000e-01  7.7192237500e-01
    9.6000000000e+00  4.7678170100e-01  4.9116980500e-01  4.6481752300e-01  7.6444669500e-01  7.7890846700e-01  7.7136973200e-01
    9.6100000000e+00  4.7725351200e-01  4.9272848000e-01  4.6682093800e-01  7.6161370100e-01  7.7820212500e-01  7.7087743600e-01
    9.6200000000e+00  4.7783747300e-01  4.9425788800e-01  4.6872237100e-01  7.5872240200e-01  7.7755054500e-01  7.7043645900e-01
    9.6300000000e+00  4.7853806900e-01  4.9574152400e-01  4.7050860800e-01  7.5578738400e-01  7.7695140400e-01  7.7003432300e-01
    9.6400000000e+00  4.7935680800e-01  4.9716275700e-01  4.7216784800e-01  7.5282384600e-01  7.7639775400e-01  7.6965462700e-01
    9.6500000000e+00  4.8029204700e-01  4.9850637900e-01  4.7369112100e-01  7.4984683900e-01  7.7587780000e-01  7.6927710000e-01
    9.6600000000e+00  4.8133903600e-01  4.9976019400e-01  4.7507368200e-01  7.4687044500e-01  7.7537528700e-01  7.6887823600e-01
    9.6700000000e+00  4.8249021300e-01  5.0091638200e-01  4.7631615000e-01  7.4390694300e-01  7.7487041800e-01  7.6843243800e-01
    9.6800000000e+00  4.8373573400e-01  5.0197251800e-01  4.7742523200e-01  7.4096606500e-01  7.7434117400e-01  7.6791351400e-01
    9.6900000000e+00  4.8506425900e-01  5.0293215900e-01  4.7841396100e-01  7.3805438900e-01  7.7376487300e-01  7.6729636800e-01
    9.7000000000e+00  4.8646393100e-01  5.0380498600e-01  4.7930144500e-01  7.3517498300e-01  7.7311985700e-01  7.6655871900e-01
    9.7100000000e+00  4.8792350400e-01  5.0460649300e-01  4.8011214000e-01  7.3232739000e-01  7.7238721300e-01  7.6568273800e-01
    9.7200000000e+00  4.8943346000e-01  5.0535719300e-01  4.8087467300e-01  7.2950803600e-01  7.7155244500e-01  7.6465650500e-01
    9.7300000000e+00  4.9098692300e-01  5.0608130000e-01  4.8162023500e-01  7.2671106700e-01  7.7060694800e-01  7.6347515000e-01
    9.7400000000e+00  4.9258016400e-01  5.0680487900e-01  4.8238058000e-01  7.2392951500e-01  7.6954911900e-01  7.6214154500e-01
    9.7500000000e+00  4.9421256500e-01  5.0755359600e-01  4.8318578900e-01  7.2115655800e-01  7.6838483400e-01  7.6066637500e-01
    9.7600000000e+00  4.9588601900e-01  5.0835026700e-01  4.8406198300e-01  7.1838660300e-01  7.6712712000e-01  7.5906744800e-01
    9.7700000000e+00  4.9760394600e-01  5.0921257500e-01  4.8502931400e-01  7.1561591100e-01  7.6579491900e-01  7.5736824200e-01
    9.7800000000e+00  4.9937020900e-01  5.1015132100e-01  4.8610052100e-01  7.1284264900e-01  7.6441102500e-01  7.5559577700e-01
    9.7900000000e+00  5.0118823300e-01  5.1116954200e-01  4.8728030300e-01  7.1006637400e-01  7.6299945800e-01  7.5377808300e-01
    9.8000000000e+00  5.0306061200e-01  5.1226267700e-01  4.8856563300e-01  7.0728718300e-01  7.6158265600e-01  7.5194159500e-01
    9.8100000000e+00  5.0498928800e-01  5.1341978700e-01  4.8994696000e-01  7.0450481900e-01  7.6017892600e-01  7.5010884900e-01
    9.8200000000e+00  5.0697625100e-01  5.1462565600e-01  4.9141013800e-01  7.0171805400e-01  7.5880054100e-01  7.4829678600e-01
    9.8300000000e+00  5.0902451800e-01  5.1586344900e-01  4.9293877900e-01  6.9892459900e-01  7.5745280700e-01  7.4651589200e-01
    9.8400000000e+00  5.1113908800e-01  5.1711751100e-01  4.9451670800e-01  6.9612160700e-01  7.5613422900e-01  7.4477026700e-01
    9.8500000000e+00  5.1332756100e-01  5.1837584400e-01  4.9613013200e-01  6.9330669400e-01  7.5483776300e-01  7.4305858100e-01
    9.8600000000e+00  5.1560018300e-01  5.1963185400e-01  4.9776923600e-01  6.9047925400e-01  7.5355294200e-01  7.4137574600e-01
    9.8700000000e+00  5.1796923100e-01  5.2088507000e-01  4.9942894600e-01  6.8764174500e-01  7.5226847900e-01  7.3971499300e-01
    9.8800000000e+00  5.2044780500e-01  5.2214072600e-01  5.0110881100e-01  6.8480062800e-01  7.5097489300e-01  7.3807000400e-01
    9.8900000000e+00  5.2304824900e-01  5.2340832800e-01  5.0281206300e-01  6.8196668300e-01  7.4966667400e-01  7.3643672100e-01
    9.9000000000e+00  5.2578056300e-01  5.2469951000e-01  5.0454408300e-01  6.7915459200e-01  7.4834360900e-01  7.3481456500e-01
    9.9100000000e+00  5.2865115700e-01  5.2602562000e-01  5.0631058800e-01  6.7638186800e-01  7.4701110900e-01  7.3320689000e-01
    9.9200000000e+00  5.3166221200e-01  5.2739545900e-01  5.0811586500e-01  6.7366738800e-01  7.4567953600e-01  7.3162067300e-01
    9.9300000000e+00  5.3481177000e-01  5.2881355400e-01  5.0996132900e-01  6.7102988100e-01  7.4436274900e-01  7.3006555500e-01
    9.9400000000e+00  5.3809441700e-01  5.3027917000e-01  5.1184460600e-01  6.6848673500e-01  7.4307618100e-01  7.2855244800e-01
    9.9500000000e+00  5.4150231500e-01  5.3178612500e-01  5.1375922200e-01  6.6605334400e-01  7.4183476900e-01  7.2709191900e-01
    9.9600000000e+00  5.4502624000e-01  5.3332334500e-01  5.1569490600e-01  6.6374304900e-01  7.4065102200e-01  7.2569260400e-01
    9.9700000000e+00  5.4865633100e-01  5.3487602700e-01  5.1763844500e-01  6.6156755300e-01  7.3953346700e-01  7.2435983700e-01
    9.9800000000e+00  5.5238239400e-01  5.3642723700e-01  5.1957498900e-01  6.5953754300e-01  7.3848558800e-01  7.2309464700e-01
    9.9900000000e+00  5.5619373600e-01  5.3795976400e-01  5.2148965500e-01  6.5766326500e-01  7.3750538200e-01  7.2189327500e-01
    1.0000000000e+01  5.6007867300e-01  5.3945802000e-01  5.2336927500e-01  6.5595481200e-01  7.3658556600e-01  7.2074727500e-01
    1.0010000000e+01  5.6402390300e-01  5.4090978200e-01  5.2520405700e-01  6.5442200800e-01  7.3571444800e-01  7.1964427800e-01
    1.0020000000e+01  5.6801398500e-01  5.4230753700e-01  5.2698891300e-01  6.5307388900e-01  7.3487737800e-01  7.1856936700e-01
    1.0030000000e+01  5.7203109500e-01  5.4364921700e-01  5.2872421400e-01  6.5191787800e-01  7.3405862700e-01  7.1750693900e-01
    1.0040000000e+01  5.7605518500e-01  5.4493818500e-01  5.3041576900e-01  6.5095881800e-01  7.3324344000e-01  7.1644278500e-01
    1.0050000000e+01  5.8006458600e-01  5.4618242600e-01  5.3207396100e-01  6.5019805500e-01  7.3241994500e-01  7.1536607700e-01
    1.0060000000e+01  5.8403699500e-01  5.4739306100e-01  5.3371213300e-01  6.4963277200e-01  7.3158061200e-01  7.1427087100e-01
    1.0070000000e+01  5.8795071500e-01  5.4858240100e-01  5.3534446600e-01  6.4925571500e-01  7.3072301100e-01  7.1315684100e-01
    1.0080000000e+01  5.9178596700e-01  5.4976187500e-01  5.3698373600e-01  6.4905542900e-01  7.2984972600e-01  7.1202909000e-01
    1.0090000000e+01  5.9552604200e-01  5.5094019100e-01  5.3863936600e-01  6.4901696100e-01  7.2896745000e-01  7.1089705100e-01
    1.0100000000e+01  5.9915808000e-01  5.5212205300e-01  5.4031612400e-01  6.4912295000e-01  7.2808543300e-01  7.0977270600e-01
    1.0110000000e+01  6.0267336600e-01  5.5330765400e-01  5.4201370900e-01  6.4935486200e-01  7.2721358100e-01  7.0866848000e-01
    1.0120000000e+01  6.0606713100e-01  5.5449301300e-01  5.4372724500e-01  6.4969413500e-01  7.2636057600e-01  7.0759522600e-01
    1.0130000000e+01  6.0933800800e-01  5.5567103200e-01  5.4544853900e-01  6.5012300500e-01  7.2553238300e-01  7.0656068700e-01
    1.0140000000e+01  6.1248737600e-01  5.5683303200e-01  5.4716778500e-01  6.5062491000e-01  7.2473139900e-01  7.0556869200e-01
    1.0150000000e+01  6.1551886000e-01  5.5797039300e-01  5.4887533100e-01  6.5118453300e-01  7.2395635800e-01  7.0461918100e-01
    1.0160000000e+01  6.1843817400e-01  5.5907599600e-01  5.5056315300e-01  6.5178768500e-01  7.2320292400e-01  7.0370894400e-01
    1.0170000000e+01  6.2125331200e-01  5.6014516600e-01  5.5222576100e-01  6.5242132100e-01  7.2246476300e-01  7.0283283800e-01
    1.0180000000e+01  6.2397491800e-01  5.6117603600e-01  5.5386045300e-01  6.5307391900e-01  7.2173481800e-01  7.0198515800e-01
    1.0190000000e+01  6.2661655100e-01  5.6216933200e-01  5.5546694800e-01  6.5373634500e-01  7.2100648900e-01  7.0116083900e-01
    1.0200000000e+01  6.2919450200e-01  5.6312774300e-01  5.5704661100e-01  6.5440308000e-01  7.2027450400e-01  7.0035627300e-01
    1.0210000000e+01  6.3172696000e-01  5.6405508600e-01  5.5860150900e-01  6.5507354100e-01  7.1953538700e-01  6.9956964300e-01
    1.0220000000e+01  6.3423248900e-01  5.6495546500e-01  5.6013354500e-01  6.5575311500e-01  7.1878751500e-01  6.9880080000e-01
    1.0230000000e+01  6.3672800800e-01  5.6583259600e-01  5.6164383200e-01  6.5645355600e-01  7.1803086300e-01  6.9805083900e-01
    1.0240000000e+01  6.3922660300e-01  5.6668936000e-01  5.6313239200e-01  6.5719255400e-01  7.1726658000e-01  6.9732153100e-01
    1.0250000000e+01  6.4173557800e-01  5.6752760400e-01  5.6459813200e-01  6.5799247200e-01  7.1649651600e-01  6.9661479700e-01
    1.0260000000e+01  6.4425506000e-01  5.6834812900e-01  5.6603902500e-01  6.5887843000e-01  7.1572280100e-01  6.9593232700e-01
    1.0270000000e+01  6.4677735200e-01  5.6915079000e-01  5.6745234500e-01  6.5987605200e-01  7.1494753700e-01  6.9527537900e-01
    1.0280000000e+01  6.4928704400e-01  5.6993463600e-01  5.6883487100e-01  6.6100918700e-01  7.1417259700e-01  6.9464474000e-01
    1.0290000000e+01  6.5176176700e-01  5.7069802100e-01  5.7018296900e-01  6.6229785300e-01  7.1339949500e-01  6.9404074800e-01
    1.0300000000e+01  6.5417341400e-01  5.7143868800e-01  5.7149257500e-01  6.6375654900e-01  7.1262925900e-01  6.9346328300e-01
    1.0310000000e+01  6.5648967600e-01  5.7215385400e-01  5.7275913200e-01  6.6539295900e-01  7.1186229000e-01  6.9291164400e-01
    1.0320000000e+01  6.5867578700e-01  5.7284035200e-01  5.7397759600e-01  6.6720704700e-01  7.1109818300e-01  6.9238431000e-01
    1.0330000000e+01  6.6069645500e-01  5.7349486000e-01  5.7514259300e-01  6.6919054600e-01  7.1033557400e-01  6.9187863400e-01
    1.0340000000e+01  6.6251791800e-01  5.7411423500e-01  5.7624876600e-01  6.7132688800e-01  7.0957207600e-01  6.9139059800e-01
    1.0350000000e+01  6.6411006800e-01  5.7469585100e-01  5.7729125600e-01  6.7359168900e-01  7.0880436500e-01  6.9091473000e-01
    1.0360000000e+01  6.6544844600e-01  5.7523790200e-01  5.7826621500e-01  6.7595383500e-01  7.0802841300e-01  6.9044426200e-01
    1.0370000000e+01  6.6651589900e-01  5.7573954900e-01  5.7917121900e-01  6.7837719400e-01  7.0723982800e-01  6.8997150000e-01
    1.0380000000e+01  6.6730361900e-01  5.7620091500e-01  5.8000547700e-01  6.8082279400e-01  7.0643420000e-01  6.8948833700e-01
    1.0390000000e+01  6.6781143400e-01  5.7662293200e-01  5.8076981400e-01  6.8325122300e-01  7.0560737700e-01  6.8898678900e-01
    1.0400000000e+01  6.6804729600e-01  5.7700713100e-01  5.8146645100e-01  6.8562492900e-01  7.0475561000e-01  6.8845944100e-01
    1.0410000000e+01  6.6802610100e-01  5.7735544700e-01  5.8209866400e-01  6.8791013700e-01  7.0387558400e-01  6.8789975000e-01
    1.0420000000e+01  6.6776806200e-01  5.7767009400e-01  5.8267040300e-01  6.9007817600e-01  7.0296439400e-01  6.8730217400e-01
    1.0430000000e+01  6.6729688600e-01  5.7795350600e-01  5.8318593600e-01  6.9210616200e-01  7.0201951100e-01  6.8666216800e-01
    1.0440000000e+01  6.6663801600e-01  5.7820830000e-01  5.8364954900e-01  6.9397704600e-01  7.0103882100e-01  6.8597608300e-01
    1.0450000000e+01  6.6581710600e-01  5.7843718800e-01  5.8406531700e-01  6.9567913100e-01  7.0002068500e-01  6.8524098900e-01
    1.0460000000e+01  6.6485891500e-01  5.7864280300e-01  5.8443692900e-01  6.9720520600e-01  6.9896399700e-01  6.8445445400e-01
    1.0470000000e+01  6.6378669200e-01  5.7882744300e-01  5.8476759900e-01  6.9855147900e-01  6.9786813400e-01  6.8361426900e-01
    1.0480000000e+01  6.6262208300e-01  5.7899282100e-01  5.8506006200e-01  6.9971655400e-01  6.9673274100e-01  6.8271813500e-01
    1.0490000000e+01  6.6138547200e-01  5.7913991500e-01  5.8531670900e-01  7.0070067000e-01  6.9555735000e-01  6.8176333700e-01
    1.0500000000e+01  6.6009655500e-01  5.7926905600e-01  5.8553987600e-01  7.0150536100e-01  6.9434089600e-01  6.8074645300e-01
    1.0510000000e+01  6.5877489900e-01  5.7938027500e-01  5.8573228300e-01  7.0213360300e-01  6.9308128000e-01  6.7966320500e-01
    1.0520000000e+01  6.5744022400e-01  5.7947390800e-01  5.8589756600e-01  7.0259034600e-01  6.9177512800e-01  6.7850850100e-01
    1.0530000000e+01  6.5611225400e-01  5.7955129600e-01  5.8604080000e-01  7.0288322500e-01  6.9041787000e-01  6.7727675000e-01
    1.0540000000e+01  6.5481008400e-01  5.7961542700e-01  5.8616886400e-01  7.0302320200e-01  6.8900418000e-01  6.7596241500e-01
    1.0550000000e+01  6.5355117200e-01  5.7967133300e-01  5.8629055300e-01  7.0302489000e-01  6.8752869000e-01  6.7456072700e-01
    1.0560000000e+01  6.5235013200e-01  5.7972613400e-01  5.8641637400e-01  7.0290640700e-01  6.8598684200e-01  6.7306840900e-01
    1.0570000000e+01  6.5121757200e-01  5.7978872200e-01  5.8655806200e-01  7.0268871100e-01  6.8437568500e-01  6.7148427800e-01
    1.0580000000e+01  6.5015920200e-01  5.7986915500e-01  5.8672789700e-01  7.0239447400e-01  6.8269449200e-01  6.6980961200e-01
    1.0590000000e+01  6.4917537300e-01  5.7997788600e-01  5.8693796100e-01  7.0204663700e-01  6.8094509900e-01  6.6804824600e-01
    1.0600000000e+01  6.4826115400e-01  5.8012492400e-01  5.8719942600e-01  7.0166682900e-01  6.7913196200e-01  6.6620642300e-01
    1.0610000000e+01  6.4740698500e-01  5.8031903200e-01  5.8752194400e-01  7.0127386700e-01  6.7726194100e-01  6.6429243300e-01
    1.0620000000e+01  6.4659984400e-01  5.8056702400e-01  5.8791318800e-01  7.0088255800e-01  6.7534384400e-01  6.6231612000e-01
    1.0630000000e+01  6.4582480500e-01  5.8087322200e-01  5.8837855000e-01  7.0050300900e-01  6.7338775300e-01  6.6028826700e-01
    1.0640000000e+01  6.4506673500e-01  5.8123915100e-01  5.8892103800e-01  7.0014058600e-01  6.7140418300e-01  6.5821992300e-01
    1.0650000000e+01  6.4431185800e-01  5.8166352900e-01  5.8954139100e-01  6.9979653700e-01  6.6940314700e-01  6.5612172900e-01
    1.0660000000e+01  6.4354889800e-01  5.8214260500e-01  5.9023841300e-01  6.9946918100e-01  6.6739324300e-01  6.5400330900e-01
    1.0670000000e+01  6.4276958900e-01  5.8267082300e-01  5.9100949500e-01  6.9915540500e-01  6.6538090200e-01  6.5187281900e-01
    1.0680000000e+01  6.4196850000e-01  5.8324173400e-01  5.9185126200e-01  6.9885217600e-01  6.6336992600e-01  6.4973672200e-01
    1.0690000000e+01  6.4114225800e-01  5.8384903500e-01  5.9276023300e-01  6.9855776100e-01  6.6136140600e-01  6.4759981400e-01
    1.0700000000e+01  6.4028836500e-01  5.8448755700e-01  5.9373340200e-01  6.9827244600e-01  6.5935404700e-01  6.4546548600e-01
    1.0710000000e+01  6.3940388100e-01  5.8515405300e-01  5.9476866800e-01  6.9799868300e-01  6.5734483400e-01  6.4333616300e-01
    1.0720000000e+01  6.3848418700e-01  5.8584765900e-01  5.9586506000e-01  6.9774068100e-01  6.5532995000e-01  6.4121384800e-01
    1.0730000000e+01  6.3752203500e-01  5.8656997200e-01  5.9702275400e-01  6.9750353900e-01  6.5330577100e-01  6.3910069100e-01
    1.0740000000e+01  6.3650698400e-01  5.8732474000e-01  5.9824289800e-01  6.9729208600e-01  6.5126979100e-01  6.3699951100e-01
    1.0750000000e+01  6.3542531400e-01  5.8811725500e-01  5.9952726800e-01  6.9710956200e-01  6.4922132400e-01  6.3491423300e-01
    1.0760000000e+01  6.3426041100e-01  5.8895357900e-01  6.0087780500e-01  6.9695631000e-01  6.4716190900e-01  6.3285017600e-01
    1.0770000000e+01  6.3299362200e-01  5.8983973600e-01  6.0229607900e-01  6.9682865400e-01  6.4509539500e-01  6.3081418300e-01
    1.0780000000e+01  6.3160548300e-01  5.9078101800e-01  6.0378273000e-01  6.9671810400e-01  6.4302777600e-01  6.2881459000e-01
    1.0790000000e+01  6.3007718500e-01  5.9178142800e-01  6.0533693700e-01  6.9661102800e-01  6.4096687500e-01  6.2686102800e-01
    1.0800000000e+01  6.2839209200e-01  5.9284327200e-01  6.0695592800e-01  6.9648885200e-01  6.3892197500e-01  6.2496408800e-01
    1.0810000000e+01  6.2653707100e-01  5.9396683500e-01  6.0863457000e-01  6.9632876900e-01  6.3690343200e-01  6.2313484500e-01
    1.0820000000e+01  6.2450347400e-01  5.9515006600e-01  6.1036505900e-01  6.9610482700e-01  6.3492225600e-01  6.2138424300e-01
    1.0830000000e+01  6.2228765700e-01  5.9638830500e-01  6.1213676800e-01  6.9578919700e-01  6.3298958700e-01  6.1972234800e-01
    1.0840000000e+01  6.1989103800e-01  5.9767408700e-01  6.1393633100e-01  6.9535340200e-01  6.3111602400e-01  6.1815750300e-01
    1.0850000000e+01  6.1731982200e-01  5.9899714400e-01  6.1574800100e-01  6.9476934200e-01  6.2931080500e-01  6.1669546900e-01
    1.0860000000e+01  6.1458456100e-01  6.0034470500e-01  6.1755432100e-01  6.9401002000e-01  6.2758094000e-01  6.1533867600e-01
    1.0870000000e+01  6.1169972400e-01  6.0170211500e-01  6.1933704000e-01  6.9305000800e-01  6.2593041600e-01  6.1408569800e-01
    1.0880000000e+01  6.0868340300e-01  6.0305374500e-01  6.2107819100e-01  6.9186576000e-01  6.2435964100e-01  6.1293105100e-01
    1.0890000000e+01  6.0555717200e-01  6.0438406100e-01  6.2276117800e-01  6.9043594000e-01  6.2286521900e-01  6.1186534300e-01
    1.0900000000e+01  6.0234604000e-01  6.0567872400e-01  6.2437175500e-01  6.8874187900e-01  6.2144010600e-01  6.1087575900e-01
    1.0910000000e+01  5.9907834500e-01  6.0692555300e-01  6.2589877900e-01  6.8676826700e-01  6.2007411300e-01  6.0994679200e-01
    1.0920000000e+01  5.9578541500e-01  6.0811524900e-01  6.2733469600e-01  6.8450403100e-01  6.1875467700e-01  6.0906111500e-01
    1.0930000000e+01  5.9250084300e-01  6.0924181500e-01  6.2867575600e-01  6.8194327400e-01  6.1746776400e-01  6.0820048800e-01
    1.0940000000e+01  5.8925932700e-01  6.1030266300e-01  6.2992198500e-01  6.7908607200e-01  6.1619878700e-01  6.0734660700e-01
    1.0950000000e+01  5.8609512100e-01  6.1129847500e-01  6.3107700600e-01  6.7593887300e-01  6.1493343300e-01  6.0648183700e-01
    1.0960000000e+01  5.8304029800e-01  6.1223288700e-01  6.3214777200e-01  6.7251432900e-01  6.1365832400e-01  6.0558984300e-01
    1.0970000000e+01  5.8012309300e-01  6.1311210900e-01  6.3314426300e-01  6.6883046800e-01  6.1236152900e-01  6.0465614000e-01
    1.0980000000e+01  5.7736662600e-01  6.1394453300e-01  6.3407915300e-01  6.6490927600e-01  6.1103294000e-01  6.0366861800e-01
    1.0990000000e+01  5.7478824900e-01  6.1474036800e-01  6.3496741100e-01  6.6077490100e-01  6.0966460300e-01  6.0261808600e-01
    1.1000000000e+01  5.7239961900e-01  6.1551125600e-01  6.3582577200e-01  6.5645178300e-01  6.0825105200e-01  6.0149883600e-01
    1.1010000000e+01  5.7020746400e-01  6.1626981500e-01  6.3667200300e-01  6.5196303900e-01  6.0678965300e-01  6.0030916200e-01
    1.1020000000e+01  5.6821483100e-01  6.1702902700e-01  6.3752394400e-01  6.4732937200e-01  6.0528093200e-01  5.9905175600e-01
    1.1030000000e+01  5.6642253800e-01  6.1780145400e-01  6.3839833300e-01  6.4256862300e-01  6.0372877200e-01  5.9773382600e-01
    1.1040000000e+01  5.6483050000e-01  6.1859830200e-01  6.3930953800e-01  6.3769596600e-01  6.0214039100e-01  5.9636685900e-01
    1.1050000000e+01  5.6343870100e-01  6.1942844100e-01  6.4026831000e-01  6.3272457100e-01  6.0052599700e-01  5.9496594900e-01
    1.1060000000e+01  5.6224764700e-01  6.2029750000e-01  6.4128076500e-01  6.2766649700e-01  5.9889809600e-01  5.9354870900e-01
    1.1070000000e+01  5.6125832200e-01  6.2120720800e-01  6.4234771600e-01  6.2253353000e-01  5.9727048300e-01  5.9213386300e-01
    1.1080000000e+01  5.6047177000e-01  6.2215508300e-01  6.4346447900e-01  6.1733776200e-01  5.9565702200e-01  5.9073965200e-01
    1.1090000000e+01  5.5988850400e-01  6.2313453300e-01  6.4462118800e-01  6.1209177600e-01  5.9407036600e-01  5.8938223000e-01
    1.1100000000e+01  5.5950798700e-01  6.2413538400e-01  6.4580359100e-01  6.0680845500e-01  5.9252075500e-01  5.8807422400e-01
    1.1110000000e+01  5.5932834600e-01  6.2514475800e-01  6.4699424600e-01  6.0150052500e-01  5.9101505300e-01  5.8682360400e-01
    1.1120000000e+01  5.5934642500e-01  6.2614820300e-01  6.4817400700e-01  5.9618001600e-01  5.8955612300e-01  5.8563295600e-01
    1.1130000000e+01  5.5955814500e-01  6.2713094400e-01  6.4932362800e-01  5.9085785600e-01  5.8814258300e-01  5.8449924800e-01
    1.1140000000e+01  5.5995903900e-01  6.2807911200e-01  6.5042536000e-01  5.8554371400e-01  5.8676898000e-01  5.8341407200e-01
    1.1150000000e+01  5.6054479400e-01  6.2898081400e-01  6.5146436400e-01  5.8024618300e-01  5.8542630200e-01  5.8236433100e-01
    1.1160000000e+01  5.6131160900e-01  6.2982695400e-01  6.5242983700e-01  5.7497321700e-01  5.8410276800e-01  5.8133328700e-01
    1.1170000000e+01  5.6225626300e-01  6.3061174500e-01  6.5331576000e-01  5.6973270400e-01  5.8278475900e-01  5.8030183400e-01
    1.1180000000e+01  5.6337586300e-01  6.3133290400e-01  6.5412124900e-01  5.6453299400e-01  5.8145778100e-01  5.7924987600e-01
    1.1190000000e+01  5.6466733800e-01  6.3199158600e-01  6.5485052600e-01  5.5938321300e-01  5.8010735000e-01  5.7815767200e-01
    1.1200000000e+01  5.6612683000e-01  6.3259213300e-01  6.5551256700e-01  5.5429327900e-01  5.7871975700e-01  5.7700708200e-01
    1.1210000000e+01  5.6774914600e-01  6.3314170000e-01  6.5612048800e-01  5.4927360100e-01  5.7728267700e-01  5.7578264000e-01
    1.1220000000e+01  5.6952741800e-01  6.3364981200e-01  6.5669072000e-01  5.4433453800e-01  5.7578566800e-01  5.7447242700e-01
    1.1230000000e+01  5.7145304700e-01  6.3412788200e-01  6.5724201800e-01  5.3948576100e-01  5.7422054900e-01  5.7306872200e-01
    1.1240000000e+01  5.7351595200e-01  6.3458868400e-01  6.5779435000e-01  5.3473565900e-01  5.7258167900e-01  5.7156837400e-01
    1.1250000000e+01  5.7570502800e-01  6.3504580100e-01  6.5836774700e-01  5.3009092800e-01  5.7086613900e-01  5.6997288500e-01
    1.1260000000e+01  5.7800871100e-01  6.3551308000e-01  6.5898120200e-01  5.2555641500e-01  5.6907379600e-01  5.6828819600e-01
    1.1270000000e+01  5.8041551900e-01  6.3600409200e-01  6.5965169900e-01  5.2113521100e-01  5.6720729300e-01  5.6652421000e-01
    1.1280000000e+01  5.8291442600e-01  6.3653160800e-01  6.6039343400e-01  5.1682892800e-01  5.6527196400e-01  5.6469414400e-01
    1.1290000000e+01  5.8549505800e-01  6.3710707700e-01  6.6121723000e-01  5.1263807100e-01  5.6327569100e-01  5.6281376000e-01
    1.1300000000e+01  5.8814766300e-01  6.3774006200e-01  6.6213012500e-01  5.0856235600e-01  5.6122867100e-01  5.6090055000e-01
    1.1310000000e+01  5.9086296400e-01  6.3843765700e-01  6.6313510400e-01  5.0460090800e-01  5.5914303400e-01  5.5897285900e-01
    1.1320000000e+01  5.9363197400e-01  6.3920394200e-01  6.6423100800e-01  5.0075227000e-01  5.5703224900e-01  5.5704894200e-01
    1.1330000000e+01  5.9644588700e-01  6.4003958900e-01  6.6541263900e-01  4.9701425800e-01  5.5491028800e-01  5.5514595700e-01
    1.1340000000e+01  5.9929614600e-01  6.4094175800e-01  6.6667117300e-01  4.9338373600e-01  5.5279062400e-01  5.5327895800e-01
    1.1350000000e+01  6.0217469100e-01  6.4190437000e-01  6.6799488400e-01  4.8985642100e-01  5.5068518000e-01  5.5146000200e-01
    1.1360000000e+01  6.0507435900e-01  6.4291876300e-01  6.6937016800e-01  4.8642683600e-01  5.4860342600e-01  5.4969751500e-01
    1.1370000000e+01  6.0798933200e-01  6.4397464600e-01  6.7078273400e-01  4.8308847400e-01  5.4655177400e-01  5.4799606300e-01
    1.1380000000e+01  6.1091551400e-01  6.4506118300e-01  6.7221877800e-01  4.7983418700e-01  5.4453339900e-01  5.4635655600e-01
    1.1390000000e+01  6.1385074300e-01  6.4616801600e-01  6.7366595500e-01  4.7665672700e-01  5.4254845300e-01  5.4477686300e-01
    1.1400000000e+01  6.1679477500e-01  6.4728605100e-01  6.7511398300e-01  4.7354936800e-01  5.4059462600e-01  5.4325267300e-01
    1.1410000000e+01  6.1974903500e-01  6.4840793400e-01  6.7655485600e-01  4.7050649100e-01  5.3866787300e-01  5.4177843400e-01
    1.1420000000e+01  6.2271617500e-01  6.4952817700e-01  6.7798267300e-01  4.6752405600e-01  5.3676316600e-01  5.4034816800e-01
    1.1430000000e+01  6.2569948800e-01  6.5064301100e-01  6.7939322700e-01  4.6459990400e-01  5.3487510900e-01  5.3895604400e-01
    1.1440000000e+01  6.2870225500e-01  6.5175009000e-01  6.8078351400e-01  4.6173384700e-01  5.3299833800e-01  5.3759664800e-01
    1.1450000000e+01  6.3172708000e-01  6.5284816800e-01  6.8215129600e-01  4.5892754600e-01  5.3112771300e-01  5.3626499400e-01
    1.1460000000e+01  6.3477529700e-01  6.5393685800e-01  6.8349483900e-01  4.5618417400e-01  5.2925832700e-01  5.3495637700e-01
    1.1470000000e+01  6.3784651100e-01  6.5501653500e-01  6.8481283800e-01  4.5350789300e-01  5.2738546000e-01  5.3366617900e-01
    1.1480000000e+01  6.4093831800e-01  6.5608834900e-01  6.8610448200e-01  4.5090320000e-01  5.2550455300e-01  5.3238975200e-01
    1.1490000000e+01  6.4404627400e-01  6.5715431800e-01  6.8736961400e-01  4.4837420000e-01  5.2361128100e-01  5.3112241700e-01
    1.1500000000e+01  6.4716409700e-01  6.5821740300e-01  6.8860885200e-01  4.4592390200e-01  5.2170173100e-01  5.2985959800e-01
    1.1510000000e+01  6.5028412100e-01  6.5928151200e-01  6.8982365100e-01  4.4355360900e-01  5.1977268500e-01  5.2859705200e-01
    1.1520000000e+01  6.5339791800e-01  6.6035136600e-01  6.9101623200e-01  4.4126251000e-01  5.1782193200e-01  5.2733112900e-01
    1.1530000000e+01  6.5649703300e-01  6.6143223200e-01  6.9218939700e-01  4.3904749600e-01  5.1584856400e-01  5.2605902000e-01
    1.1540000000e+01  6.5957373200e-01  6.6252951600e-01  6.9334624600e-01  4.3690324500e-01  5.1385317300e-01  5.2477892000e-01
    1.1550000000e+01  6.6262167700e-01  6.6364827600e-01  6.9448982100e-01  4.3482254100e-01  5.1183790800e-01  5.2349008900e-01
    1.1560000000e+01  6.6563645000e-01  6.6479269500e-01  6.9562273900e-01  4.3279681100e-01  5.0980632300e-01  5.2219276400e-01
    1.1570000000e+01  6.6861586500e-01  6.6596563000e-01  6.9674685800e-01  4.3081680300e-01  5.0776304400e-01  5.2088794500e-01
    1.1580000000e+01  6.7156002400e-01  6.6716829900e-01  6.9786304100e-01  4.2887333000e-01  5.0571325700e-01  5.1957703900e-01
    1.1590000000e+01  6.7447108500e-01  6.6840018600e-01  6.9897107500e-01  4.2695799100e-01  5.0366209900e-01  5.1826143900e-01
    1.1600000000e+01  6.7735278300e-01  6.6965918400e-01  7.0006975600e-01  4.2506373800e-01  5.0161406200e-01  5.1694208500e-01
    1.1610000000e+01  6.8020976000e-01  6.7094196300e-01  7.0115715600e-01  4.2318519400e-01  4.9957250700e-01  5.1561909600e-01
    1.1620000000e+01  6.8304683700e-01  6.7224446700e-01  7.0223100800e-01  4.2131865500e-01  4.9753936600e-01  5.1429154600e-01
    1.1630000000e+01  6.8586838900e-01  6.7356245800e-01  7.0328913400e-01  4.1946176600e-01  4.9551507600e-01  5.1295740700e-01
    1.1640000000e+01  6.8867795400e-01  6.7489199800e-01  7.0432985100e-01  4.1761295600e-01  4.9349869500e-01  5.1161367100e-01
    1.1650000000e+01  6.9147818200e-01  6.7622981100e-01  7.0535228700e-01  4.1577077700e-01  4.9148817700e-01  5.1025660000e-01
    1.1660000000e+01  6.9427111500e-01  6.7757349400e-01  7.0635655000e-01  4.1393331600e-01  4.8948069700e-01  5.0888207000e-01
    1.1670000000e+01  6.9705871100e-01  6.7892158300e-01  7.0734376400e-01  4.1209784000e-01  4.8747298200e-01  5.0748592600e-01
    1.1680000000e+01  6.9984349400e-01  6.8027351600e-01  7.0831595700e-01  4.1026073700e-01  4.8546159600e-01  5.0606430700e-01
    1.1690000000e+01  7.0262914100e-01  6.8162951200e-01  7.0927584000e-01  4.0841778100e-01  4.8344313500e-01  5.0461388300e-01
    1.1700000000e+01  7.0542090600e-01  6.8299042700e-01  7.1022652600e-01  4.0656463200e-01  4.8141434100e-01  5.0313195000e-01
    1.1710000000e+01  7.0822578600e-01  6.8435763200e-01  7.1117125300e-01  4.0469746900e-01  4.7937211600e-01  5.0161640400e-01
    1.1720000000e+01  7.1105244000e-01  6.8573294200e-01  7.1211317300e-01  4.0281363800e-01  4.7731348200e-01  5.0006557000e-01
    1.1730000000e+01  7.1391088400e-01  6.8711863100e-01  7.1305527000e-01  4.0091221400e-01  4.7523552200e-01  4.9847797200e-01
    1.1740000000e+01  7.1681203700e-01  6.8851752400e-01  7.1400041200e-01  3.9899443200e-01  4.7313535000e-01  4.9685208800e-01
    1.1750000000e+01  7.1976718600e-01  6.8993314700e-01  7.1495153000e-01  3.9706395800e-01  4.7101015800e-01  4.9518616900e-01
    1.1760000000e+01  7.2278739800e-01  6.9136986600e-01  7.1591188000e-01  3.9512703600e-01  4.6885736800e-01  4.9347816100e-01
    1.1770000000e+01  7.2588291900e-01  6.9283299300e-01  7.1688533800e-01  3.9319248500e-01  4.6667486400e-01  4.9172576400e-01
    1.1780000000e+01  7.2906254600e-01  6.9432878700e-01  7.1787667200e-01  3.9127157300e-01  4.6446129300e-01  4.8992661600e-01
    1.1790000000e+01  7.3233301900e-01  6.9586437200e-01  7.1889174700e-01  3.8937771500e-01  4.6221639100e-01  4.8807860100e-01
    1.1800000000e+01  7.3569847000e-01  6.9744752300e-01  7.1993762600e-01  3.8752598900e-01  4.5994129300e-01  4.8618025800e-01
    1.1810000000e+01  7.3916002700e-01  6.9908636500e-01  7.2102251400e-01  3.8573247700e-01  4.5763880600e-01  4.8423125200e-01
    1.1820000000e+01  7.4271563200e-01  7.0078895600e-01  7.2215551500e-01  3.8401347700e-01  4.5531360300e-01  4.8223286000e-01
    1.1830000000e+01  7.4636013900e-01  7.0256278700e-01  7.2334618900e-01  3.8238470300e-01  4.5297230200e-01  4.8018836800e-01
    1.1840000000e+01  7.5008566900e-01  7.0441423500e-01  7.2460393600e-01  3.8086057700e-01  4.5062337800e-01  4.7810331600e-01
    1.1850000000e+01  7.5388217500e-01  7.0634802900e-01  7.2593730400e-01  3.7945372500e-01  4.4827688300e-01  4.7598548000e-01
    1.1860000000e+01  7.5773808700e-01  7.0836682300e-01  7.2735331800e-01  3.7817474400e-01  4.4594398800e-01  4.7384460200e-01
    1.1870000000e+01  7.6164090900e-01  7.1047094600e-01  7.2885697700e-01  3.7703224400e-01  4.4363638000e-01  4.7169187900e-01
    1.1880000000e+01  7.6557765500e-01  7.1265838000e-01  7.3045097200e-01  3.7603308500e-01  4.4136562500e-01  4.6953933900e-01
    1.1890000000e+01  7.6953504300e-01  7.1492495000e-01  7.3213565500e-01  3.7518271200e-01  4.3914258700e-01  4.6739919600e-01
    1.1900000000e+01  7.7349946100e-01  7.1726468400e-01  7.3390921500e-01  3.7448543400e-01  4.3697699000e-01  4.6528331100e-01
    1.1910000000e+01  7.7745676700e-01  7.1967022800e-01  7.3576795100e-01  3.7394454600e-01  4.3487715600e-01  4.6320280300e-01
    1.1920000000e+01  7.8139203200e-01  7.2213326000e-01  7.3770659000e-01  3.7356222400e-01  4.3284991300e-01  4.6116779400e-01
    1.1930000000e+01  7.8528937000e-01  7.2464481900e-01  7.3971856100e-01  3.7333919900e-01  4.3090062200e-01  4.5918728400e-01
    1.1940000000e+01  7.8913195500e-01  7.2719553900e-01  7.4179622800e-01  3.7327427600e-01  4.2903325600e-01  4.5726906400e-01
    1.1950000000e+01  7.9290229200e-01  7.2977578900e-01  7.4393106000e-01  3.7336381400e-01  4.2725048000e-01  4.5541965900e-01
    1.1960000000e+01  7.9658274300e-01  7.3237575200e-01  7.4611379200e-01  3.7360129000e-01  4.2555368100e-01  4.5364425100e-01
    1.1970000000e+01  8.0015624000e-01  7.3498550200e-01  7.4833457900e-01  3.7397705800e-01  4.2394293000e-01  4.5194658300e-01
    1.1980000000e+01  8.0360709900e-01  7.3759511300e-01  7.5058318100e-01  3.7447836900e-01  4.2241689200e-01  4.5032885000e-01
    1.1990000000e+01  8.0692181100e-01  7.4019485600e-01  7.5284920700e-01  3.7508966600e-01  4.2097269700e-01  4.4879158400e-01
    1.2000000000e+01  8.1008972300e-01  7.4277550200e-01  7.5512242000e-01  3.7579311500e-01  4.1960586000e-01  4.4733357900e-01
    1.2010000000e+01  8.1310352900e-01  7.4532872100e-01  7.5739310800e-01  3.7656932700e-01  4.1831028700e-01  4.4595190000e-01
    1.2020000000e+01  8.1595953900e-01  7.4784750300e-01  7.5965247600e-01  3.7739817100e-01  4.1707844500e-01  4.4464200100e-01
    1.2030000000e+01  8.1865771800e-01  7.5032655200e-01  7.6189300300e-01  3.7825962500e-01  4.1590170500e-01  4.4339798500e-01
    1.2040000000e+01  8.2120151000e-01  7.5276252900e-01  7.6410870800e-01  3.7913458000e-01  4.1477082600e-01  4.4221296700e-01
    1.2050000000e+01  8.2359747900e-01  7.5515410900e-01  7.6629527700e-01  3.8000557000e-01  4.1367651100e-01  4.4107949700e-01
    1.2060000000e+01  8.2585479600e-01  7.5750183300e-01  7.6845005200e-01  3.8085738200e-01  4.1260993500e-01  4.3998999000e-01
    1.2070000000e+01  8.2798460900e-01  7.5980779500e-01  7.7057190600e-01  3.8167752800e-01  4.1156315000e-01  4.3893707900e-01
    1.2080000000e+01  8.2999930900e-01  7.6207524500e-01  7.7266104200e-01  3.8245655800e-01  4.1052933300e-01  4.3791390500e-01
    1.2090000000e+01  8.3191175000e-01  7.6430818600e-01  7.7471877400e-01  3.8318819300e-01  4.0950285300e-01  4.3691430600e-01
    1.2100000000e+01  8.3373443500e-01  7.6651105100e-01  7.7674730000e-01  3.8386925700e-01  4.0847921800e-01  4.3593295500e-01
    1.2110000000e+01  8.3547873300e-01  7.6868847200e-01  7.7874948600e-01  3.8449941000e-01  4.0745494200e-01  4.3496545000e-01
    1.2120000000e+01  8.3715417800e-01  7.7084516600e-01  7.8072864200e-01  3.8508066800e-01  4.0642741000e-01  4.3400837600e-01
    1.2130000000e+01  8.3876788800e-01  7.7298588000e-01  7.8268828700e-01  3.8561673400e-01  4.0539478700e-01  4.3305933100e-01
    1.2140000000e+01  8.4032419400e-01  7.7511536600e-01  7.8463190600e-01  3.8611215000e-01  4.0435598400e-01  4.3211689500e-01
    1.2150000000e+01  8.4182451500e-01  7.7723832200e-01  7.8656269900e-01  3.8657134200e-01  4.0331067700e-01  4.3118053100e-01
    1.2160000000e+01  8.4326754800e-01  7.7935928300e-01  7.8848337300e-01  3.8699761600e-01  4.0225933200e-01  4.3025040900e-01
    1.2170000000e+01  8.4464980000e-01  7.8148245400e-01  7.9039600700e-01  3.8739222200e-01  4.0120318500e-01  4.2932715200e-01
    1.2180000000e+01  8.4596644100e-01  7.8361153300e-01  7.9230202600e-01  3.8775361400e-01  4.0014415200e-01  4.2841154600e-01
    1.2190000000e+01  8.4721241000e-01  7.8574957800e-01  7.9420230300e-01  3.8807704200e-01  3.9908464200e-01  4.2750427200e-01
    1.2200000000e+01  8.4838363100e-01  7.8789895100e-01  7.9609737700e-01  3.8835455500e-01  3.9802733900e-01  4.2660572300e-01
    1.2210000000e+01  8.4947817600e-01  7.9006138500e-01  7.9798771800e-01  3.8857547400e-01  3.9697498100e-01  4.2571596100e-01
    1.2220000000e+01  8.5049716500e-01  7.9223812000e-01  7.9987396100e-01  3.8872725600e-01  3.9593021000e-01  4.2483482500e-01
    1.2230000000e+01  8.5144528000e-01  7.9443007900e-01  8.0175703300e-01  3.8879661700e-01  3.9489552200e-01  4.2396213500e-01
    1.2240000000e+01  8.5233082100e-01  7.9663801600e-01  8.0363812900e-01  3.8877072700e-01  3.9387331300e-01  4.2309793100e-01
    1.2250000000e+01  8.5316535100e-01  7.9886259400e-01  8.0551855700e-01  3.8863827100e-01  3.9286598500e-01  4.2224264100e-01
    1.2260000000e+01  8.5396306100e-01  8.0110437500e-01  8.0739952000e-01  3.8839025000e-01  3.9187605900e-01  4.2139712300e-01
    1.2270000000e+01  8.5473998500e-01  8.0336375000e-01  8.0928190900e-01  3.8802048500e-01  3.9090626300e-01  4.2056256900e-01
    1.2280000000e+01  8.5551322900e-01  8.0564082600e-01  8.1116620700e-01  3.8752582900e-01  3.8995954400e-01  4.1974031000e-01
    1.2290000000e+01  8.5630025900e-01  8.0793532500e-01  8.1305251800e-01  3.8690617400e-01  3.8903903000e-01  4.1893160100e-01
    1.2300000000e+01  8.5711830600e-01  8.1024651900e-01  8.1494072300e-01  3.8616432800e-01  3.8814794700e-01  4.1813746100e-01
    1.2310000000e+01  8.5798387300e-01  8.1257320700e-01  8.1683071300e-01  3.8530580600e-01  3.8728952200e-01  4.1735864200e-01
    1.2320000000e+01  8.5891232600e-01  8.1491373800e-01  8.1872261500e-01  3.8433858600e-01  3.8646690600e-01  4.1659574100e-01
    1.2330000000e+01  8.5991755200e-01  8.1726604400e-01  8.2061692700e-01  3.8327285100e-01  3.8568314300e-01  4.1584945500e-01
    1.2340000000e+01  8.6101165100e-01  8.1962765100e-01  8.2251450500e-01  3.8212071900e-01  3.8494116200e-01  4.1512091400e-01
    1.2350000000e+01  8.6220462600e-01  8.2199563500e-01  8.2441632900e-01  3.8089594500e-01  3.8424379300e-01  4.1441200800e-01
    1.2360000000e+01  8.6350409200e-01  8.2436652800e-01  8.2632309500e-01  3.7961356100e-01  3.8359373900e-01  4.1372558900e-01
    1.2370000000e+01  8.6491500900e-01  8.2673618200e-01  8.2823467600e-01  3.7828940100e-01  3.8299346700e-01  4.1306544900e-01
    1.2380000000e+01  8.6643953400e-01  8.2909967000e-01  8.3014958000e-01  3.7693952100e-01  3.8244498300e-01  4.1243600600e-01
    1.2390000000e+01  8.6807704400e-01  8.3145127500e-01  8.3206458800e-01  3.7557953300e-01  3.8194951100e-01  4.1184171900e-01
    1.2400000000e+01  8.6982440000e-01  8.3378465700e-01  8.3397467500e-01  3.7422396400e-01  3.8150712900e-01  4.1128631800e-01
    1.2410000000e+01  8.7167640200e-01  8.3609319500e-01  8.3587332100e-01  3.7288574000e-01  3.8111646100e-01  4.1077202900e-01
    1.2420000000e+01  8.7362637700e-01  8.3837049100e-01  8.3775316000e-01  3.7157587900e-01  3.8077451200e-01  4.1029899100e-01
    1.2430000000e+01  8.7566677600e-01  8.4061093200e-01  8.3960686200e-01  3.7030340300e-01  3.8047673100e-01  4.0986499800e-01
    1.2440000000e+01  8.7778969500e-01  8.4281022400e-01  8.4142805400e-01  3.6907544500e-01  3.8021730300e-01  4.0946565700e-01
    1.2450000000e+01  8.7998727200e-01  8.4496578100e-01  8.4321208200e-01  3.6789745400e-01  3.7998963200e-01  4.0909493100e-01
    1.2460000000e+01  8.8225197400e-01  8.4707692300e-01  8.4495648600e-01  3.6677344900e-01  3.7978696800e-01  4.0874594200e-01
    1.2470000000e+01  8.8457679400e-01  8.4914482600e-01  8.4666108500e-01  3.6570627700e-01  3.7960306000e-01  4.0841189200e-01
    1.2480000000e+01  8.8695539500e-01  8.5117224700e-01  8.4832768600e-01  3.6469789100e-01  3.7943277500e-01  4.0808691700e-01
    1.2490000000e+01  8.8938218600e-01  8.5316303600e-01  8.4995948500e-01  3.6374964400e-01  3.7927259300e-01  4.0776673700e-01
    1.2500000000e+01  8.9185230200e-01  8.5512148100e-01  8.5156026100e-01  3.6286262500e-01  3.7912091400e-01  4.0744900900e-01
    1.2510000000e+01  8.9436143100e-01  8.5705155900e-01  8.5313351500e-01  3.6203795800e-01  3.7897811100e-01  4.0713331200e-01
    1.2520000000e+01  8.9690550900e-01  8.5895618000e-01  8.5468169400e-01  3.6127700100e-01  3.7884630300e-01  4.0682078700e-01
    1.2530000000e+01  8.9948032600e-01  8.6083655400e-01  8.5620563500e-01  3.6058133000e-01  3.7872882800e-01  4.0651349500e-01
    1.2540000000e+01  9.0208119000e-01  8.6269178900e-01  8.5770433600e-01  3.5995249700e-01  3.7862949800e-01  4.0621360000e-01
    1.2550000000e+01  9.0470277500e-01  8.6451881300e-01  8.5917508700e-01  3.5939157500e-01  3.7855172800e-01  4.0592254500e-01
    1.2560000000e+01  9.0733926300e-01  8.6631264800e-01  8.6061393600e-01  3.5889863600e-01  3.7849769700e-01  4.0564036700e-01
    1.2570000000e+01  9.0998481100e-01  8.6806698500e-01  8.6201637500e-01  3.5847233200e-01  3.7846769500e-01  4.0536529400e-01
    1.2580000000e+01  9.1263423400e-01  8.6977496000e-01  8.6337810400e-01  3.5810973700e-01  3.7845974500e-01  4.0509366700e-01
    1.2590000000e+01  9.1528377600e-01  8.7142996500e-01  8.6469570900e-01  3.5780656600e-01  3.7846956200e-01  4.0482016700e-01
    1.2600000000e+01  9.1793175500e-01  8.7302637500e-01  8.6596714600e-01  3.5755776400e-01  3.7849079000e-01  4.0453826100e-01
    1.2610000000e+01  9.2057891000e-01  8.7456009300e-01  8.6719198300e-01  3.5735839000e-01  3.7851545000e-01  4.0424072700e-01
    1.2620000000e+01  9.2322835900e-01  8.7602887400e-01  8.6837143200e-01  3.5720462000e-01  3.7853447500e-01  4.0392015100e-01
    1.2630000000e+01  9.2588511800e-01  8.7743245100e-01  8.6950823200e-01  3.5709470100e-01  3.7853823800e-01  4.0356931900e-01
    1.2640000000e+01  9.2855527500e-01  8.7877252500e-01  8.7060648600e-01  3.5702966100e-01  3.7851702400e-01  4.0318148300e-01
    1.2650000000e+01  9.3124491100e-01  8.8005266500e-01  8.7167150500e-01  3.5701365900e-01  3.7846140600e-01  4.0275052700e-01
    1.2660000000e+01  9.3395898300e-01  8.8127819800e-01  8.7270970900e-01  3.5705391900e-01  3.7836255100e-01  4.0227109300e-01
    1.2670000000e+01  9.3670028700e-01  8.8245609200e-01  8.7372857200e-01  3.5716025900e-01  3.7821248500e-01  4.0173871800e-01
    1.2680000000e+01  9.3946867900e-01  8.8359485200e-01  8.7473658300e-01  3.5734432100e-01  3.7800437200e-01  4.0115003200e-01
    1.2690000000e+01  9.4226059600e-01  8.8470440100e-01  8.7574316600e-01  3.5761861300e-01  3.7773282000e-01  4.0050302200e-01
    1.2700000000e+01  9.4506890400e-01  8.8579587300e-01  8.7675851300e-01  3.5799549200e-01  3.7739424000e-01  3.9979735100e-01
    1.2710000000e+01  9.4788303400e-01  8.8688129600e-01  8.7779326000e-01  3.5848619600e-01  3.7698722600e-01  3.9903468800e-01
    1.2720000000e+01  9.5068933900e-01  8.8797309800e-01  8.7885802100e-01  3.5909998800e-01  3.7651289100e-01  3.9821897500e-01
    1.2730000000e+01  9.5347163000e-01  8.8908346000e-01  8.7996277000e-01  3.5984341500e-01  3.7597506100e-01  3.9735654300e-01
    1.2740000000e+01  9.5621184100e-01  8.9022354400e-01  8.8111614700e-01  3.6071971700e-01  3.7538026300e-01  3.9645601100e-01
    1.2750000000e+01  9.5889082600e-01  8.9140271500e-01  8.8232478700e-01  3.6172836600e-01  3.7473742000e-01  3.9552792000e-01
    1.2760000000e+01  9.6148928400e-01  8.9262788200e-01  8.8359278700e-01  3.6286477300e-01  3.7405725400e-01  3.9458413500e-01
    1.2770000000e+01  9.6398879100e-01  8.9390307600e-01  8.8492141300e-01  3.6412021900e-01  3.7335146900e-01  3.9363705200e-01
    1.2780000000e+01  9.6637291300e-01  8.9522937100e-01  8.8630911300e-01  3.6548206300e-01  3.7263182800e-01  3.9269876500e-01
    1.2790000000e+01  9.6862830900e-01  8.9660514200e-01  8.8775182900e-01  3.6693432000e-01  3.7190927300e-01  3.9178030000e-01
    1.2800000000e+01  9.7074567000e-01  8.9802663700e-01  8.8924355100e-01  3.6845862200e-01  3.7119324700e-01  3.9089104800e-01
    1.2810000000e+01  9.7272033300e-01  8.9948870000e-01  8.9077698200e-01  3.7003553500e-01  3.7049131900e-01  3.9003848100e-01
    1.2820000000e+01  9.7455240800e-01  9.0098552300e-01  8.9234418900e-01  3.7164610200e-01  3.6980913100e-01  3.8922813800e-01
    1.2830000000e+01  9.7624629600e-01  9.0251127200e-01  8.9393712300e-01  3.7327341500e-01  3.6915063800e-01  3.8846384900e-01
    1.2840000000e+01  9.7780960800e-01  9.0406047700e-01  8.9554791900e-01  3.7490393100e-01  3.6851850700e-01  3.8774805200e-01
    1.2850000000e+01  9.7925159700e-01  9.0562817900e-01  8.9716900000e-01  3.7652829200e-01  3.6791456400e-01  3.8708211400e-01
    1.2860000000e+01  9.8058135400e-01  9.0720987000e-01  8.9879305000e-01  3.7814144000e-01  3.6734015400e-01  3.8646654000e-01
    1.2870000000e+01  9.8180608500e-01  9.0880131800e-01  9.0041293300e-01  3.7974196500e-01  3.6679634000e-01  3.8590104400e-01
    1.2880000000e+01  9.8292980300e-01  9.1039839300e-01  9.0202168600e-01  3.8133076700e-01  3.6628396300e-01  3.8538450900e-01
    1.2890000000e+01  9.8395271800e-01  9.1199696000e-01  9.0361261000e-01  3.8290927900e-01  3.6580358200e-01  3.8491492300e-01
    1.2900000000e+01  9.8487145200e-01  9.1359287200e-01  9.0517946400e-01  3.8447757200e-01  3.6535540000e-01  3.8448936000e-01
    1.2910000000e+01  9.8568006600e-01  9.1518202700e-01  9.0671669100e-01  3.8603273900e-01  3.6493923200e-01  3.8410409500e-01
    1.2920000000e+01  9.8637168700e-01  9.1676043600e-01  9.0821959900e-01  3.8756786900e-01  3.6455453800e-01  3.8375483000e-01
    1.2930000000e+01  9.8694044700e-01  9.1832424400e-01  9.0968440400e-01  3.8907182400e-01  3.6420052000e-01  3.8343701700e-01
    1.2940000000e+01  9.8738332700e-01  9.1986966200e-01  9.1110812100e-01  3.9052986500e-01  3.6387620500e-01  3.8314616400e-01
    1.2950000000e+01  9.8770157300e-01  9.2139283500e-01  9.1248830400e-01  3.9192501100e-01  3.6358047900e-01  3.8287805100e-01
    1.2960000000e+01  9.8790140900e-01  9.2288968200e-01  9.1382271100e-01  3.9323984900e-01  3.6331201200e-01  3.8262878500e-01
    1.2970000000e+01  9.8799393800e-01  9.2435578400e-01  9.1510898800e-01  3.9445847900e-01  3.6306907600e-01  3.8239466500e-01
    1.2980000000e+01  9.8799426000e-01  9.2578636200e-01  9.1634445600e-01  3.9556820100e-01  3.6284928700e-01  3.8217189900e-01
    1.2990000000e+01  9.8792001000e-01  9.2717638000e-01  9.1752606000e-01  3.9656067800e-01  3.6264932300e-01  3.8195623700e-01
    1.3000000000e+01  9.8778960900e-01  9.2852078000e-01  9.1865049600e-01  3.9743236900e-01  3.6246466900e-01  3.8174259400e-01
    1.3010000000e+01  9.8762056900e-01  9.2981481500e-01  9.1971450300e-01  3.9818421300e-01  3.6228943400e-01  3.8152473200e-01
    1.3020000000e+01  9.8742818000e-01  9.3105448200e-01  9.2071527800e-01  3.9882068500e-01  3.6211627200e-01  3.8129505700e-01
    1.3030000000e+01  9.8722478700e-01  9.3223699500e-01  9.2165099700e-01  3.9934848500e-01  3.6193643900e-01  3.8104455700e-01
    1.3040000000e+01  9.8701973300e-01  9.3336130300e-01  9.2252138200e-01  3.9977517900e-01  3.6174000800e-01  3.8076293100e-01
    1.3050000000e+01  9.8681988600e-01  9.3442855900e-01  9.2332826100e-01  4.0010810600e-01  3.6151627500e-01  3.8043892800e-01
    1.3060000000e+01  9.8663049400e-01  9.3544249600e-01  9.2407604600e-01  4.0035378200e-01  3.6125436800e-01  3.8006092100e-01
    1.3070000000e+01  9.8645609700e-01  9.3640959900e-01  9.2477200400e-01  4.0051784200e-01  3.6094402400e-01  3.7961768200e-01
    1.3080000000e+01  9.8630118700e-01  9.3733899800e-01  9.2542626100e-01  4.0060546100e-01  3.6057645300e-01  3.7909928900e-01
    1.3090000000e+01  9.8617045800e-01  9.3824203900e-01  9.2605144600e-01  4.0062200200e-01  3.6014518000e-01  3.7849803400e-01
    1.3100000000e+01  9.8606861500e-01  9.3913154900e-01  9.2666202100e-01  4.0057365900e-01  3.5964671900e-01  3.7780918700e-01
    1.3110000000e+01  9.8599980700e-01  9.4002089300e-01  9.2727335900e-01  4.0046787600e-01  3.5908096200e-01  3.7703148700e-01
    1.3120000000e+01  9.8596689600e-01  9.4092293100e-01  9.2790070700e-01  4.0031339300e-01  3.5845122700e-01  3.7616729800e-01
    1.3130000000e+01  9.8597071100e-01  9.4184902400e-01  9.2855817300e-01  4.0011990900e-01  3.5776395400e-01  3.7522241400e-01
    1.3140000000e+01  9.8600949100e-01  9.4280821000e-01  9.2925784400e-01  3.9989739500e-01  3.5702810900e-01  3.7420557200e-01
    1.3150000000e+01  9.8607861800e-01  9.4380661500e-01  9.3000911100e-01  3.9965516300e-01  3.5625438900e-01  3.7312775300e-01
    1.3160000000e+01  9.8617074200e-01  9.4484713200e-01  9.3081822900e-01  3.9940081300e-01  3.5545430100e-01  3.7200133900e-01
    1.3170000000e+01  9.8627632300e-01  9.4592937200e-01  9.3168812600e-01  3.9913923200e-01  3.5463922300e-01  3.7083920000e-01
    1.3180000000e+01  9.8638457600e-01  9.4704987300e-01  9.3261846700e-01  3.9887178600e-01  3.5381948800e-01  3.6965376800e-01
    1.3190000000e+01  9.8648472100e-01  9.4820255500e-01  9.3360598900e-01  3.9859590400e-01  3.5300355700e-01  3.6845615700e-01
    1.3200000000e+01  9.8656738300e-01  9.4937940300e-01  9.3464508000e-01  3.9830514700e-01  3.5219735000e-01  3.6725541800e-01
    1.3210000000e+01  9.8662590400e-01  9.5057132400e-01  9.3572857500e-01  3.9798981100e-01  3.5140379900e-01  3.6605800500e-01
    1.3220000000e+01  9.8665737100e-01  9.5176913200e-01  9.3684868900e-01  3.9763800900e-01  3.5062268200e-01  3.6486753500e-01
    1.3230000000e+01  9.8666317000e-01  9.5296454000e-01  9.3799797200e-01  3.9723704400e-01  3.4985078200e-01  3.6368487600e-01
    1.3240000000e+01  9.8664900300e-01  9.5415106000e-01  9.3917015000e-01  3.9677487800e-01  3.4908236900e-01  3.6250856000e-01
    1.3250000000e+01  9.8662441400e-01  9.5532468900e-01  9.4036076500e-01  3.9624145600e-01  3.4830995900e-01  3.6133545600e-01
    1.3260000000e+01  9.8660193100e-01  9.5648428900e-01  9.4156749900e-01  3.9562973900e-01  3.4752526700e-01  3.6016160200e-01
    1.3270000000e+01  9.8659601300e-01  9.5763160300e-01  9.4279017200e-01  3.9493636300e-01  3.4672021100e-01  3.5898306700e-01
    1.3280000000e+01  9.8662193200e-01  9.5877091700e-01  9.4403041700e-01  3.9416194100e-01  3.4588783600e-01  3.5779670700e-01
    1.3290000000e+01  9.8669471300e-01  9.5990843500e-01  9.4529113000e-01  3.9331106200e-01  3.4502301400e-01  3.5660070500e-01
    1.3300000000e+01  9.8682815800e-01  9.6105147800e-01  9.4657578800e-01  3.9239206300e-01  3.4412284300e-01  3.5539482400e-01
    1.3310000000e+01  9.8703398300e-01  9.6220767800e-01  9.4788779600e-01  3.9141661600e-01  3.4318671300e-01  3.5418036600e-01
    1.3320000000e+01  9.8732106700e-01  9.6338426500e-01  9.4922997000e-01  3.9039915900e-01  3.4221609100e-01  3.5295990900e-01
    1.3330000000e+01  9.8769482200e-01  9.6458757000e-01  9.5060421500e-01  3.8935616900e-01  3.4121412800e-01  3.5173692000e-01
    1.3340000000e+01  9.8815674000e-01  9.6582273100e-01  9.5201140000e-01  3.8830529200e-01  3.4018520700e-01  3.5051536400e-01
    1.3350000000e+01  9.8870414900e-01  9.6709357200e-01  9.5345137100e-01  3.8726435900e-01  3.3913452200e-01  3.4929938100e-01
    1.3360000000e+01  9.8933023400e-01  9.6840259100e-01  9.5492300500e-01  3.8625034200e-01  3.3806772500e-01  3.4809306000e-01
    1.3370000000e+01  9.9002433000e-01  9.6975097600e-01  9.5642425100e-01  3.8527834000e-01  3.3699063600e-01  3.4690026600e-01
    1.3380000000e+01  9.9077248100e-01  9.7113863700e-01  9.5795215300e-01  3.8436067300e-01  3.3590898700e-01  3.4572446700e-01
    1.3390000000e+01  9.9155820700e-01  9.7256426800e-01  9.5950286700e-01  3.8350615500e-01  3.3482813600e-01  3.4456849900e-01
    1.3400000000e+01  9.9236342400e-01  9.7402546700e-01  9.6107176200e-01  3.8271959700e-01  3.3375278300e-01  3.4343427900e-01
    1.3410000000e+01  9.9316944000e-01  9.7551895100e-01  9.6265364700e-01  3.8200154500e-01  3.3268669300e-01  3.4232250200e-01
    1.3420000000e+01  9.9395797300e-01  9.7704088000e-01  9.6424314800e-01  3.8134826500e-01  3.3163248500e-01  3.4123241100e-01
    1.3430000000e+01  9.9471214400e-01  9.7858724100e-01  9.6583519300e-01  3.8075196400e-01  3.3059155500e-01  3.4016170300e-01
    1.3440000000e+01  9.9541740300e-01  9.8015425000e-01  9.6742553400e-01  3.8020122200e-01  3.2956414800e-01  3.3910665200e-01
    1.3450000000e+01  9.9606235400e-01  9.8173867300e-01  9.6901120300e-01  3.7968166900e-01  3.2854957500e-01  3.3806243200e-01
    1.3460000000e+01  9.9663939400e-01  9.8333802200e-01  9.7059080600e-01  3.7917686200e-01  3.2754653400e-01  3.3702360400e-01
    1.3470000000e+01  9.9714510100e-01  9.8495058000e-01  9.7216459300e-01  3.7866935100e-01  3.2655344700e-01  3.3598467300e-01
    1.3480000000e+01  9.9758029600e-01  9.8657529200e-01  9.7373431400e-01  3.7814184200e-01  3.2556873100e-01  3.3494060000e-01
    1.3490000000e+01  9.9794971400e-01  9.8821156200e-01  9.7530290100e-01  3.7757833200e-01  3.2459094500e-01  3.3388718400e-01
    1.3500000000e+01  9.9826133500e-01  9.8985906100e-01  9.7687407700e-01  3.7696506800e-01  3.2361879400e-01  3.3282125500e-01
    1.3510000000e+01  9.9852543500e-01  9.9151761200e-01  9.7845199300e-01  3.7629118600e-01  3.2265102300e-01  3.3174069900e-01
    1.3520000000e+01  9.9875354300e-01  9.9318719600e-01  9.8004095200e-01  3.7554895100e-01  3.2168629200e-01  3.3064435800e-01
    1.3530000000e+01  9.9895747000e-01  9.9486807000e-01  9.8164525600e-01  3.7473359900e-01  3.2072308200e-01  3.2953190700e-01
    1.3540000000e+01  9.9914858200e-01  9.9656094200e-01  9.8326912500e-01  3.7384288200e-01  3.1975971000e-01  3.2840375000e-01
    1.3550000000e+01  9.9933739800e-01  9.9826713000e-01  9.8491665000e-01  3.7287646200e-01  3.1879446400e-01  3.2726096900e-01
    1.3560000000e+01  9.9953352500e-01  9.9998865400e-01  9.8659172800e-01  3.7183536900e-01  3.1782580800e-01  3.2610531000e-01
    1.3570000000e+01  9.9974580300e-01  1.0017282210e+00  9.8829795800e-01  3.7072163900e-01  3.1685263500e-01  3.2493915900e-01
    1.3580000000e+01  9.9998251400e-01  1.0034891160e+00  9.9003852900e-01  3.6953823300e-01  3.1587448600e-01  3.2376547800e-01
    1.3590000000e+01  1.0002514630e+00  1.0052750290e+00  9.9181612400e-01  3.6828917100e-01  3.1489171700e-01  3.2258768800e-01
    1.3600000000e+01  1.0005598290e+00  1.0070898500e+00  9.9363289600e-01  3.6697977100e-01  3.1390559800e-01  3.2140952500e-01
    1.3610000000e+01  1.0009137470e+00  1.0089374800e+00  9.9549051400e-01  3.6561679800e-01  3.1291835300e-01  3.2023491700e-01
    1.3620000000e+01  1.0013177110e+00  1.0108216460e+00  9.9739026300e-01  3.6420838100e-01  3.1193317500e-01  3.1906792100e-01
    1.3630000000e+01  1.0017739450e+00  1.0127457410e+00  9.9933315100e-01  3.6276358900e-01  3.1095423800e-01  3.1791277500e-01
    1.3640000000e+01  1.0022819380e+00  1.0147126300e+00  1.0013199450e+00  3.6129167800e-01  3.0998671300e-01  3.1677403100e-01
    1.3650000000e+01  1.0028382990e+00  1.0167244120e+00  1.0033510850e+00  3.5980108800e-01  3.0903677600e-01  3.1565674300e-01
    1.3660000000e+01  1.0034370470e+00  1.0187821150e+00  1.0054264350e+00  3.5829836500e-01  3.0811155900e-01  3.1456661300e-01
    1.3670000000e+01  1.0040703490e+00  1.0208853370e+00  1.0075449180e+00  3.5678721000e-01  3.0721899300e-01  3.1351000600e-01
    1.3680000000e+01  1.0047296280e+00  1.0230318820e+00  1.0097040920e+00  3.5526785300e-01  3.0636749600e-01  3.1249376500e-01
    1.3690000000e+01  1.0054068880e+00  1.0252174800e+00  1.0118997780e+00  3.5373687800e-01  3.0556548300e-01  3.1152479600e-01
    1.3700000000e+01  1.0060960270e+00  1.0274356750e+00  1.0141258870e+00  3.5218757100e-01  3.0482073400e-01  3.1060944300e-01
    1.3710000000e+01  1.0067939690e+00  1.0296779600e+00  1.0163745160e+00  3.5061073500e-01  3.0413969700e-01  3.0975278500e-01
    1.3720000000e+01  1.0075014230e+00  1.0319341840e+00  1.0186363650e+00  3.4899585900e-01  3.0352683400e-01  3.0895796000e-01
    1.3730000000e+01  1.0082231940e+00  1.0341931960e+00  1.0209014320e+00  3.4733248800e-01  3.0298414500e-01  3.0822570700e-01
    1.3740000000e+01  1.0089680200e+00  1.0364436500e+00  1.0231598650e+00  3.4561160900e-01  3.0251096200e-01  3.0755421800e-01
    1.3750000000e+01  1.0097479490e+00  1.0386748220e+00  1.0254028170e+00  3.4382691800e-01  3.0210405200e-01  3.0693935000e-01
    1.3760000000e+01  1.0105773290e+00  1.0408773140e+00  1.0276231190e+00  3.4197580900e-01  3.0175801600e-01  3.0637517700e-01
    1.3770000000e+01  1.0114715220e+00  1.0430435340e+00  1.0298156730e+00  3.4005997900e-01  3.0146589500e-01  3.0585472900e-01
    1.3780000000e+01  1.0124454840e+00  1.0451678900e+00  1.0319774780e+00  3.3808557500e-01  3.0121986300e-01  3.0537079600e-01
    1.3790000000e+01  1.0135123750e+00  1.0472467250e+00  1.0341073620e+00  3.3606283600e-01  3.0101187300e-01  3.0491660800e-01
    1.3800000000e+01  1.0146823880e+00  1.0492780330e+00  1.0362054820e+00  3.3400529800e-01  3.0083416700e-01  3.0448628800e-01
    1.3810000000e+01  1.0159619590e+00  1.0512610740e+00  1.0382727700e+00  3.3192865400e-01  3.0067958300e-01  3.0407502400e-01
    1.3820000000e+01  1.0173534270e+00  1.0531959770e+00  1.0403104270e+00  3.2984946500e-01  3.0054167200e-01  3.0367898200e-01
    1.3830000000e+01  1.0188551720e+00  1.0550834100e+00  1.0423195900e+00  3.2778389700e-01  3.0041465500e-01  3.0329505700e-01
    1.3840000000e+01  1.0204621450e+00  1.0569243660e+00  1.0443011930e+00  3.2574667400e-01  3.0029329800e-01  3.0292055600e-01
    1.3850000000e+01  1.0221666450e+00  1.0587200480e+00  1.0462560000e+00  3.2375034500e-01  3.0017276500e-01  3.0255293100e-01
    1.3860000000e+01  1.0239591920e+00  1.0604718320e+00  1.0481847330e+00  3.2180489900e-01  3.0004849300e-01  3.0218961900e-01
    1.3870000000e+01  1.0258293530e+00  1.0621812850e+00  1.0500882420e+00  3.1991769300e-01  2.9991609900e-01  3.0182800000e-01
    1.3880000000e+01  1.0277664480e+00  1.0638501910e+00  1.0519676190e+00  3.1809359100e-01  2.9977131900e-01  3.0146545100e-01
    1.3890000000e+01  1.0297600960e+00  1.0654806080e+00  1.0538242540e+00  3.1633525100e-01  2.9960997100e-01  3.0109944400e-01
    1.3900000000e+01  1.0318006220e+00  1.0670749300e+00  1.0556598340e+00  3.1464347500e-01  2.9942794000e-01  3.0072765000e-01
    1.3910000000e+01  1.0338793420e+00  1.0686359710e+00  1.0574762880e+00  3.1301759800e-01  2.9922119800e-01  3.0034801400e-01
    1.3920000000e+01  1.0359887290e+00  1.0701670510e+00  1.0592757140e+00  3.1145591400e-01  2.9898587200e-01  2.9995880600e-01
    1.3930000000e+01  1.0381224570e+00  1.0716720480e+00  1.0610602980e+00  3.0995610700e-01  2.9871836000e-01  2.9955864200e-01
    1.3940000000e+01  1.0402752900e+00  1.0731554070e+00  1.0628322170e+00  3.0851565700e-01  2.9841547800e-01  2.9914646900e-01
    1.3950000000e+01  1.0424428340e+00  1.0746220810e+00  1.0645935630e+00  3.0713216300e-01  2.9807460700e-01  2.9872150800e-01
    1.3960000000e+01  1.0446211750e+00  1.0760774320e+00  1.0663462940e+00  3.0580350000e-01  2.9769380600e-01  2.9828316300e-01
    1.3970000000e+01  1.0468065030e+00  1.0775271090e+00  1.0680922490e+00  3.0452776600e-01  2.9727187300e-01  2.9783089900e-01
    1.3980000000e+01  1.0489948360e+00  1.0789769540e+00  1.0698332390e+00  3.0330302300e-01  2.9680838300e-01  2.9736414600e-01
    1.3990000000e+01  1.0511819480e+00  1.0804329260e+00  1.0715712140e+00  3.0212689000e-01  2.9630371600e-01  2.9688227900e-01
    1.4000000000e+01  1.0533635760e+00  1.0819010460e+00  1.0733084250e+00  3.0099613700e-01  2.9575913100e-01  2.9638470400e-01
    1.4010000000e+01  1.0555358950e+00  1.0833872940e+00  1.0750475390e+00  2.9990642100e-01  2.9517688300e-01  2.9587107100e-01
    1.4020000000e+01  1.0576961360e+00  1.0848974260e+00  1.0767916130e+00  2.9885232600e-01  2.9456036400e-01  2.9534155000e-01
    1.4030000000e+01  1.0598431870e+00  1.0864366780e+00  1.0785439210e+00  2.9782776000e-01  2.9391421000e-01  2.9479709400e-01
    1.4040000000e+01  1.0619779750e+00  1.0880093680e+00  1.0803076300e+00  2.9682668100e-01  2.9324428900e-01  2.9423961800e-01
    1.4050000000e+01  1.0641034550e+00  1.0896184620e+00  1.0820854020e+00  2.9584400000e-01  2.9255753600e-01  2.9367199900e-01
    1.4060000000e+01  1.0662241510e+00  1.0912651780e+00  1.0838790050e+00  2.9487645500e-01  2.9186159600e-01  2.9309791000e-01
    1.4070000000e+01  1.0683453070e+00  1.0929487200e+00  1.0856890190e+00  2.9392321300e-01  2.9116429500e-01  2.9252148700e-01
    1.4080000000e+01  1.0704718010e+00  1.0946662070e+00  1.0875146870e+00  2.9298605600e-01  2.9047302500e-01  2.9194689200e-01
    1.4090000000e+01  1.0726070730e+00  1.0964128290e+00  1.0893539410e+00  2.9206905300e-01  2.8979409800e-01  2.9137785900e-01
    1.4100000000e+01  1.0747522780e+00  1.0981822230e+00  1.0912035980e+00  2.9117780200e-01  2.8913219400e-01  2.9081726000e-01
    1.4110000000e+01  1.0769058390e+00  1.0999670180e+00  1.0930596790e+00  2.9031839000e-01  2.8848994900e-01  2.9026678100e-01
    1.4120000000e+01  1.0790634870e+00  1.1017594830e+00  1.0949178400e+00  2.8949629000e-01  2.8786775200e-01  2.8972672100e-01
    1.4130000000e+01  1.0812187050e+00  1.1035521990e+00  1.0967738250e+00  2.8871540500e-01  2.8726376100e-01  2.8919594200e-01
    1.4140000000e+01  1.0833634840e+00  1.1053386790e+00  1.0986239230e+00  2.8797740700e-01  2.8667413500e-01  2.8867198700e-01
    1.4150000000e+01  1.0854891820e+00  1.1071138620e+00  1.1004653510e+00  2.8728142100e-01  2.8609343100e-01  2.8815133300e-01
    1.4160000000e+01  1.0875873800e+00  1.1088744350e+00  1.1022965130e+00  2.8662403200e-01  2.8551513100e-01  2.8762978100e-01
    1.4170000000e+01  1.0896506090e+00  1.1106189610e+00  1.1041171100e+00  2.8599953200e-01  2.8493220500e-01  2.8710288500e-01
    1.4180000000e+01  1.0916729420e+00  1.1123478070e+00  1.1059280560e+00  2.8540032400e-01  2.8433764000e-01  2.8656639000e-01
    1.4190000000e+01  1.0936504360e+00  1.1140629270e+00  1.1077312610e+00  2.8481744400e-01  2.8372486000e-01  2.8601657500e-01
    1.4200000000e+01  1.0955814380e+00  1.1157675690e+00  1.1095292980e+00  2.8424116400e-01  2.8308800300e-01  2.8545046000e-01
    1.4210000000e+01  1.0974667240e+00  1.1174659700e+00  1.1113250600e+00  2.8366168500e-01  2.8242205200e-01  2.8486584200e-01
    1.4220000000e+01  1.0993094140e+00  1.1191631250e+00  1.1131214590e+00  2.8306987300e-01  2.8172285400e-01  2.8426118100e-01
    1.4230000000e+01  1.1011146460e+00  1.1208646300e+00  1.1149212600e+00  2.8245796900e-01  2.8098709500e-01  2.8363537900e-01
    1.4240000000e+01  1.1028889670e+00  1.1225766250e+00  1.1167270540e+00  2.8182015900e-01  2.8021229500e-01  2.8298753100e-01
    1.4250000000e+01  1.1046395440e+00  1.1243057670e+00  1.1185413750e+00  2.8115287700e-01  2.7939686500e-01  2.8231672600e-01
    1.4260000000e+01  1.1063732830e+00  1.1260591790e+00  1.1203669180e+00  2.8045476600e-01  2.7854023800e-01  2.8162196200e-01
    1.4270000000e+01  1.1080960540e+00  1.1278443320e+00  1.1222067610e+00  2.7972626500e-01  2.7764305300e-01  2.8090220300e-01
    1.4280000000e+01  1.1098121720e+00  1.1296688150e+00  1.1240645490e+00  2.7896890800e-01  2.7670732000e-01  2.8015657200e-01
    1.4290000000e+01  1.1115242410e+00  1.1315400160e+00  1.1259445450e+00  2.7818448000e-01  2.7573652400e-01  2.7938463000e-01
    1.4300000000e+01  1.1132333980e+00  1.1334647480e+00  1.1278515460e+00  2.7737421600e-01  2.7473561000e-01  2.7858667000e-01
    1.4310000000e+01  1.1149398800e+00  1.1354488800e+00  1.1297906600e+00  2.7653821400e-01  2.7371082600e-01  2.7776395500e-01
    1.4320000000e+01  1.1166437800e+00  1.1374970410e+00  1.1317669950e+00  2.7567518800e-01  2.7266944800e-01  2.7691883600e-01
    1.4330000000e+01  1.1183458150e+00  1.1396124460e+00  1.1337853360e+00  2.7478259400e-01  2.7161941800e-01  2.7605473400e-01
    1.4340000000e+01  1.1200479380e+00  1.1417968660e+00  1.1358498730e+00  2.7385709200e-01  2.7056897500e-01  2.7517599600e-01
    1.4350000000e+01  1.1217536830e+00  1.1440507250e+00  1.1379640330e+00  2.7289523400e-01  2.6952633500e-01  2.7428768900e-01
    1.4360000000e+01  1.1234681450e+00  1.1463732750e+00  1.1401304210e+00  2.7189424300e-01  2.6849948900e-01  2.7339539200e-01
    1.4370000000e+01  1.1251976270e+00  1.1487627620e+00  1.1423508250e+00  2.7085271000e-01  2.6749611400e-01  2.7250504800e-01
    1.4380000000e+01  1.1269489860e+00  1.1512165340e+00  1.1446262300e+00  2.6977107600e-01  2.6652357000e-01  2.7162289700e-01
    1.4390000000e+01  1.1287288270e+00  1.1537310360e+00  1.1469567760e+00  2.6865177400e-01  2.6558892100e-01  2.7075544400e-01
    1.4400000000e+01  1.1305426910e+00  1.1563017220e+00  1.1493416430e+00  2.6749901200e-01  2.6469887900e-01  2.6990942000e-01
    1.4410000000e+01  1.1323944130e+00  1.1589229430e+00  1.1517788820e+00  2.6631819800e-01  2.6385964900e-01  2.6909165800e-01
    1.4420000000e+01  1.1342857910e+00  1.1615878800e+00  1.1542652490e+00  2.6511514400e-01  2.6307664000e-01  2.6830886100e-01
    1.4430000000e+01  1.1362166430e+00  1.1642886240e+00  1.1567961320e+00  2.6389520300e-01  2.6235410000e-01  2.6756724500e-01
    1.4440000000e+01  1.1381852180e+00  1.1670164080e+00  1.1593656080e+00  2.6266252100e-01  2.6169474800e-01  2.6687213800e-01
    1.4450000000e+01  1.1401888970e+00  1.1697620130e+00  1.1619666770e+00  2.6141955400e-01  2.6109949100e-01  2.6622758100e-01
    1.4460000000e+01  1.1422249930e+00  1.1725162750e+00  1.1645916390e+00  2.6016693500e-01  2.6056730300e-01  2.6563603200e-01
    1.4470000000e+01  1.1442915200e+00  1.1752706260e+00  1.1672325810e+00  2.5890369700e-01  2.6009528900e-01  2.6509822300e-01
    1.4480000000e+01  1.1463877640e+00  1.1780175740e+00  1.1698818630e+00  2.5762776900e-01  2.5967894900e-01  2.6461320000e-01
    1.4490000000e+01  1.1485145780e+00  1.1807510570e+00  1.1725325530e+00  2.5633665400e-01  2.5931257700e-01  2.6417853900e-01
    1.4500000000e+01  1.1506743630e+00  1.1834666230e+00  1.1751787410e+00  2.5502811200e-01  2.5898974200e-01  2.6379067400e-01
    1.4510000000e+01  1.1528707870e+00  1.1861614450e+00  1.1778156990e+00  2.5370075300e-01  2.5870375200e-01  2.6344528200e-01
    1.4520000000e+01  1.1551083150e+00  1.1888341940e+00  1.1804399030e+00  2.5235441900e-01  2.5844807800e-01  2.6313766300e-01
    1.4530000000e+01  1.1573916750e+00  1.1914848170e+00  1.1830489410e+00  2.5099034400e-01  2.5821666500e-01  2.6286306000e-01
    1.4540000000e+01  1.1597253490e+00  1.1941142610e+00  1.1856413420e+00  2.4961108700e-01  2.5800415600e-01  2.6261690800e-01
    1.4550000000e+01  1.1621131690e+00  1.1967241840e+00  1.1882163660e+00  2.4822030200e-01  2.5780601100e-01  2.6239498600e-01
    1.4560000000e+01  1.1645580540e+00  1.1993166540e+00  1.1907737730e+00  2.4682241200e-01  2.5761853500e-01  2.6219347600e-01
    1.4570000000e+01  1.1670619060e+00  1.2018938890e+00  1.1933136290e+00  2.4542225000e-01  2.5743880700e-01  2.6200892600e-01
    1.4580000000e+01  1.1696256330e+00  1.2044580570e+00  1.1958361720e+00  2.4402472300e-01  2.5726452900e-01  2.6183814300e-01
    1.4590000000e+01  1.1722492770e+00  1.2070111790e+00  1.1983417770e+00  2.4263455000e-01  2.5709383400e-01  2.6167805600e-01
    1.4600000000e+01  1.1749321930e+00  1.2095551440e+00  1.2008310240e+00  2.4125609700e-01  2.5692509500e-01  2.6152560200e-01
    1.4610000000e+01  1.1776732470e+00  1.2120918190e+00  1.2033048240e+00  2.3989329500e-01  2.5675681900e-01  2.6137770700e-01
    1.4620000000e+01  1.1804709620e+00  1.2146231740e+00  1.2057645530e+00  2.3854963600e-01  2.5658764300e-01  2.6123137300e-01
    1.4630000000e+01  1.1833236450e+00  1.2171513810e+00  1.2082121060e+00  2.3722819900e-01  2.5641644900e-01  2.6108386300e-01
    1.4640000000e+01  1.1862294520e+00  1.2196787870e+00  1.2106498340e+00  2.3593167900e-01  2.5624253400e-01  2.6093291800e-01
    1.4650000000e+01  1.1891864550e+00  1.2222077700e+00  1.2130803560e+00  2.3466240200e-01  2.5606575500e-01  2.6077692600e-01
    1.4660000000e+01  1.1921927150e+00  1.2247404960e+00  1.2155062850e+00  2.3342234000e-01  2.5588659400e-01  2.6061498200e-01
    1.4670000000e+01  1.1952463690e+00  1.2272786440e+00  1.2179299570e+00  2.3221313700e-01  2.5570608000e-01  2.6044680600e-01
    1.4680000000e+01  1.1983457230e+00  1.2298231630e+00  1.2203532190e+00  2.3103618500e-01  2.5552557200e-01  2.6027254400e-01
    1.4690000000e+01  1.2014893230e+00  1.2323741450e+00  1.2227773360e+00  2.2989274000e-01  2.5534643700e-01  2.6009249000e-01
    1.4700000000e+01  1.2046759680e+00  1.2349308290e+00  1.2252030190e+00  2.2878408400e-01  2.5516967700e-01  2.5990681100e-01
    1.4710000000e+01  1.2079046450e+00  1.2374917630e+00  1.2276305600e+00  2.2771170100e-01  2.5499556400e-01  2.5971531200e-01
    1.4720000000e+01  1.2111743720e+00  1.2400551050e+00  1.2300600410e+00  2.2667741300e-01  2.5482333200e-01  2.5951726600e-01
    1.4730000000e+01  1.2144839740e+00  1.2426190470e+00  1.2324915850e+00  2.2568345200e-01  2.5465099600e-01  2.5931133600e-01
    1.4740000000e+01  1.2178318170e+00  1.2451823150e+00  1.2349256210e+00  2.2473241500e-01  2.5447532400e-01  2.5909557700e-01
    1.4750000000e+01  1.2212155590e+00  1.2477446770e+00  1.2373631610e+00  2.2382709800e-01  2.5429199900e-01  2.5886751800e-01
    1.4760000000e+01  1.2246319740e+00  1.2503074100e+00  1.2398060490e+00  2.2297021300e-01  2.5409598100e-01  2.5862434900e-01
    1.4770000000e+01  1.2280768950e+00  1.2528736250e+00  1.2422571710e+00  2.2216401700e-01  2.5388205800e-01  2.5836320900e-01
    1.4780000000e+01  1.2315453220e+00  1.2554483750e+00  1.2447205570e+00  2.2140991800e-01  2.5364552200e-01  2.5808156500e-01
    1.4790000000e+01  1.2350316860e+00  1.2580385040e+00  1.2472013410e+00  2.2070812400e-01  2.5338288500e-01  2.5777766300e-01
    1.4800000000e+01  1.2385302680e+00  1.2606522090e+00  1.2497055370e+00  2.2005739900e-01  2.5309251600e-01  2.5745096400e-01
    1.4810000000e+01  1.2420357020e+00  1.2632983830e+00  1.2522396340e+00  2.1945498900e-01  2.5277509300e-01  2.5710249500e-01
    1.4820000000e+01  1.2455435030e+00  1.2659858160e+00  1.2548100570e+00  2.1889675700e-01  2.5243377400e-01  2.5673504200e-01
    1.4830000000e+01  1.2490505250e+00  1.2687223940e+00  1.2574225720e+00  2.1837751500e-01  2.5207406400e-01  2.5635311900e-01
    1.4840000000e+01  1.2525552670e+00  1.2715144050e+00  1.2600817310e+00  2.1789152400e-01  2.5170341000e-01  2.5596272600e-01
    1.4850000000e+01  1.2560579710e+00  1.2743660680e+00  1.2627904300e+00  2.1743309500e-01  2.5133060400e-01  2.5557091600e-01
    1.4860000000e+01  1.2595604750e+00  1.2772792820e+00  1.2655496480e+00  2.1699718100e-01  2.5096510100e-01  2.5518524800e-01
    1.4870000000e+01  1.2630658510e+00  1.2802536310e+00  1.2683583810e+00  2.1657987400e-01  2.5061635000e-01  2.5481319100e-01
    1.4880000000e+01  1.2665778660e+00  1.2832865490e+00  1.2712137560e+00  2.1617872100e-01  2.5029319800e-01  2.5446155600e-01
    1.4890000000e+01  1.2701003810e+00  1.2863736230e+00  1.2741113080e+00  2.1579278700e-01  2.5000342100e-01  2.5413600000e-01
    1.4900000000e+01  1.2736367750e+00  1.2895089650e+00  1.2770453670e+00  2.1542248300e-01  2.4975336100e-01  2.5384062800e-01
    1.4910000000e+01  1.2771895150e+00  1.2926856230e+00  1.2800095510e+00  2.1506917100e-01  2.4954768000e-01  2.5357773300e-01
    1.4920000000e+01  1.2807599250e+00  1.2958960160e+00  1.2829972950e+00  2.1473465700e-01  2.4938921100e-01  2.5334767600e-01
    1.4930000000e+01  1.2843482010e+00  1.2991323810e+00  1.2860024020e+00  2.1442064500e-01  2.4927891000e-01  2.5314892600e-01
    1.4940000000e+01  1.2879536240e+00  1.3023872100e+00  1.2890195510e+00  2.1412827900e-01  2.4921591500e-01  2.5297826400e-01
    1.4950000000e+01  1.2915749390e+00  1.3056536390e+00  1.2920447150e+00  2.1385782300e-01  2.4919771200e-01  2.5283112500e-01
    1.4960000000e+01  1.2952107900e+00  1.3089257730e+00  1.2950754400e+00  2.1360852800e-01  2.4922037600e-01  2.5270204000e-01
    1.4970000000e+01  1.2988601670e+00  1.3121989110e+00  1.2981109650e+00  2.1337867900e-01  2.4927887900e-01  2.5258511800e-01
    1.4980000000e+01  1.3025227620e+00  1.3154696740e+00  1.3011521920e+00  2.1316579500e-01  2.4936739400e-01  2.5247451000e-01
    1.4990000000e+01  1.3061992310e+00  1.3187360540e+00  1.3042015340e+00  2.1296693000e-01  2.4947958700e-01  2.5236480000e-01
    1.5000000000e+01  1.3098913120e+00  1.3219974140e+00  1.3072626830e+00  2.1277902300e-01  2.4960885900e-01  2.5225130500e-01
    1.5010000000e+01  1.3136018290e+00  1.3252544660e+00  1.3103403490e+00  2.1259926000e-01  2.4974855800e-01  2.5213027500e-01
    1.5020000000e+01  1.3173345710e+00  1.3285092480e+00  1.3134399940e+00  2.1242537600e-01  2.4989216000e-01  2.5199901000e-01
    1.5030000000e+01  1.3210941020e+00  1.3317651110e+00  1.3165675920e+00  2.1225589500e-01  2.5003344400e-01  2.5185590000e-01
    1.5040000000e+01  1.3248855340e+00  1.3350266990e+00  1.3197294150e+00  2.1209028100e-01  2.5016668200e-01  2.5170043200e-01
    1.5050000000e+01  1.3287142960e+00  1.3382999250e+00  1.3229318670e+00  2.1192899300e-01  2.5028685100e-01  2.5153315700e-01
    1.5060000000e+01  1.3325859460e+00  1.3415919200e+00  1.3261813520e+00  2.1177349300e-01  2.5038988200e-01  2.5135566200e-01
    1.5070000000e+01  1.3365060370e+00  1.3449109150e+00  1.3294841530e+00  2.1162622400e-01  2.5047293900e-01  2.5117055200e-01
    1.5080000000e+01  1.3404800300e+00  1.3482660510e+00  1.3328463150e+00  2.1149060300e-01  2.5053470500e-01  2.5098145700e-01
    1.5090000000e+01  1.3445132080e+00  1.3516670730e+00  1.3362734860e+00  2.1137108500e-01  2.5057566300e-01  2.5079303800e-01
    1.5100000000e+01  1.3486105490e+00  1.3551239200e+00  1.3397707170e+00  2.1127326400e-01  2.5059828500e-01  2.5061097000e-01
    1.5110000000e+01  1.3527764990e+00  1.3586462280e+00  1.3433422250e+00  2.1120401000e-01  2.5060710600e-01  2.5044185600e-01
    1.5120000000e+01  1.3570146040e+00  1.3622428110e+00  1.3469911620e+00  2.1117154500e-01  2.5060862100e-01  2.5029304600e-01
    1.5130000000e+01  1.3613270490e+00  1.3659211890e+00  1.3507194510e+00  2.1118539700e-01  2.5061101300e-01  2.5017236400e-01
    1.5140000000e+01  1.3657141420e+00  1.3696872470e+00  1.3545277170e+00  2.1125613900e-01  2.5062373800e-01  2.5008777400e-01
    1.5150000000e+01  1.3701738670e+00  1.3735450610e+00  1.3584153670e+00  2.1139491200e-01  2.5065703500e-01  2.5004704600e-01
    1.5160000000e+01  1.3747016050e+00  1.3774969000e+00  1.3623807740e+00  2.1161274100e-01  2.5072146000e-01  2.5005749400e-01
    1.5170000000e+01  1.3792901080e+00  1.3815433750e+00  1.3664215390e+00  2.1191975500e-01  2.5082748700e-01  2.5012581900e-01
    1.5180000000e+01  1.3839297560e+00  1.3856836610e+00  1.3705347500e+00  2.1232438600e-01  2.5098523800e-01  2.5025809300e-01
    1.5190000000e+01  1.3886090860e+00  1.3899157370e+00  1.3747171830e+00  2.1283270000e-01  2.5120432600e-01  2.5045982600e-01
    1.5200000000e+01  1.3933155180e+00  1.3942365930e+00  1.3789654210e+00  2.1344792500e-01  2.5149380700e-01  2.5073611100e-01
    1.5210000000e+01  1.3980361850e+00  1.3986423800e+00  1.3832758670e+00  2.1417023700e-01  2.5186217100e-01  2.5109174700e-01
    1.5220000000e+01  1.4027587850e+00  1.4031284900e+00  1.3876446950e+00  2.1499680900e-01  2.5231736500e-01  2.5153134100e-01
    1.5230000000e+01  1.4074723480e+00  1.4076895900e+00  1.3920677530e+00  2.1592210600e-01  2.5286680100e-01  2.5205933200e-01
    1.5240000000e+01  1.4121678880e+00  1.4123196160e+00  1.3965404690e+00  2.1693836900e-01  2.5351732200e-01  2.5267996300e-01
    1.5250000000e+01  1.4168388770e+00  1.4170117530e+00  1.4010577710e+00  2.1803623700e-01  2.5427513700e-01  2.5339719000e-01
    1.5260000000e+01  1.4214815310e+00  1.4217584170e+00  1.4056140490e+00  2.1920547500e-01  2.5514569500e-01  2.5421454500e-01
    1.5270000000e+01  1.4260948990e+00  1.4265512770e+00  1.4102031630e+00  2.2043572700e-01  2.5613350300e-01  2.5513499300e-01
    1.5280000000e+01  1.4306807360e+00  1.4313813370e+00  1.4148185000e+00  2.2171728100e-01  2.5724190800e-01  2.5616075400e-01
    1.5290000000e+01  1.4352431770e+00  1.4362390980e+00  1.4194530900e+00  2.2304175300e-01  2.5847285500e-01  2.5729314800e-01
    1.5300000000e+01  1.4397882220e+00  1.4411148450e+00  1.4240997800e+00  2.2440266000e-01  2.5982666300e-01  2.5853245100e-01
    1.5310000000e+01  1.4443230800e+00  1.4459990270e+00  1.4287514560e+00  2.2579581300e-01  2.6130186600e-01  2.5987778400e-01
    1.5320000000e+01  1.4488554230e+00  1.4508827460e+00  1.4334013280e+00  2.2721950500e-01  2.6289516700e-01  2.6132706200e-01
    1.5330000000e+01  1.4533926070e+00  1.4557582890e+00  1.4380432500e+00  2.2867444000e-01  2.6460157000e-01  2.6287702500e-01
    1.5340000000e+01  1.4579409680e+00  1.4606196440e+00  1.4426720600e+00  2.3016343400e-01  2.6641469400e-01  2.6452336200e-01
    1.5350000000e+01  1.4625052400e+00  1.4654629210e+00  1.4472838970e+00  2.3169088900e-01  2.6832729000e-01  2.6626097300e-01
    1.5360000000e+01  1.4670882000e+00  1.4702865900e+00  1.4518764500e+00  2.3326209400e-01  2.7033191900e-01  2.6808434500e-01
    1.5370000000e+01  1.4716905680e+00  1.4750914740e+00  1.4564490750e+00  2.3488245000e-01  2.7242170300e-01  2.6998803500e-01
    1.5380000000e+01  1.4763112060e+00  1.4798804590e+00  1.4610027310e+00  2.3655670100e-01  2.7459106300e-01  2.7196719800e-01
    1.5390000000e+01  1.4809475800e+00  1.4846579660e+00  1.4655397230e+00  2.3828829300e-01  2.7683631800e-01  2.7401807900e-01
    1.5400000000e+01  1.4855964440e+00  1.4894292210e+00  1.4700632680e+00  2.4007895300e-01  2.7915606300e-01  2.7613840000e-01
    1.5410000000e+01  1.4902546270e+00  1.4941994450e+00  1.4745769420e+00  2.4192855400e-01  2.8155126500e-01  2.7832755700e-01
    1.5420000000e+01  1.4949198310e+00  1.4989730680e+00  1.4790840920e+00  2.4383529400e-01  2.8402506700e-01  2.8058660300e-01
    1.5430000000e+01  1.4995912930e+00  1.5037530670e+00  1.4835872920e+00  2.4579617900e-01  2.8658232700e-01  2.8291801500e-01
    1.5440000000e+01  1.5042702250e+00  1.5085405200e+00  1.4880879360e+00  2.4780771700e-01  2.8922895800e-01  2.8532527800e-01
    1.5450000000e+01  1.5089599530e+00  1.5133344260e+00  1.4925860230e+00  2.4986674500e-01  2.9197116200e-01  2.8781235600e-01
    1.5460000000e+01  1.5136657260e+00  1.5181318320e+00  1.4970801590e+00  2.5197124300e-01  2.9481465100e-01  2.9038312100e-01
    1.5470000000e+01  1.5183942390e+00  1.5229282240e+00  1.5015677770e+00  2.5412100700e-01  2.9776397700e-01  2.9304084500e-01
    1.5480000000e+01  1.5231529400e+00  1.5277181630e+00  1.5060455430e+00  2.5631810000e-01  3.0082206200e-01  2.9578781800e-01
    1.5490000000e+01  1.5279492400e+00  1.5324960390e+00  1.5105098780e+00  2.5856698100e-01  3.0399000400e-01  2.9862515500e-01
    1.5500000000e+01  1.5327897610e+00  1.5372568650e+00  1.5149575180e+00  2.6087434200e-01  3.0726720000e-01  3.0155283700e-01
    1.5510000000e+01  1.5376797600e+00  1.5419969650e+00  1.5193860320e+00  2.6324868400e-01  3.1065175800e-01  3.0456997300e-01
    1.5520000000e+01  1.5426227850e+00  1.5467144760e+00  1.5237942010e+00  2.6569975800e-01  3.1414117900e-01  3.0767526300e-01
    1.5530000000e+01  1.5476206140e+00  1.5514095410e+00  1.5281821960e+00  2.6823798000e-01  3.1773319100e-01  3.1086761400e-01
    1.5540000000e+01  1.5526734180e+00  1.5560841760e+00  1.5325514910e+00  2.7087397200e-01  3.2142664400e-01  3.1414679900e-01
    1.5550000000e+01  1.5577800610e+00  1.5607417800e+00  1.5369045080e+00  2.7361829100e-01  3.2522230400e-01  3.1751407600e-01
    1.5560000000e+01  1.5629384100e+00  1.5653863520e+00  1.5412440260e+00  2.7648138100e-01  3.2912343400e-01  3.2097264400e-01
    1.5570000000e+01  1.5681455470e+00  1.5700215170e+00  1.5455724120e+00  2.7947371300e-01  3.3313602900e-01  3.2452785800e-01
    1.5580000000e+01  1.5733978060e+00  1.5746495180e+00  1.5498908010e+00  2.8260602400e-01  3.3726867900e-01  3.2818713300e-01
    1.5590000000e+01  1.5786906170e+00  1.5792703250e+00  1.5541983400e+00  2.8588955900e-01  3.4153205200e-01  3.3195955500e-01
    1.5600000000e+01  1.5840181610e+00  1.5838810020e+00  1.5584916040e+00  2.8933620900e-01  3.4593810600e-01  3.3585521900e-01
    1.5610000000e+01  1.5893729260e+00  1.5884754020e+00  1.5627642800e+00  2.9295848200e-01  3.5049914700e-01  3.3988441000e-01
    1.5620000000e+01  1.5947452310e+00  1.5930442160e+00  1.5670071480e+00  2.9676925100e-01  3.5522688100e-01  3.4405671100e-01
    1.5630000000e+01  1.6001228220e+00  1.5975753120e+00  1.5712083660e+00  3.0078129700e-01  3.6013158900e-01  3.4838018200e-01
    1.5640000000e+01  1.6054906260e+00  1.6020542900e+00  1.5753539930e+00  3.0500667900e-01  3.6522151900e-01  3.5286068700e-01
    1.5650000000e+01  1.6108307080e+00  1.6064651380e+00  1.5794286690e+00  3.0945601700e-01  3.7050251900e-01  3.5750145900e-01
    1.5660000000e+01  1.6161224560e+00  1.6107908820e+00  1.5834163580e+00  3.1413775000e-01  3.7597792000e-01  3.6230290800e-01
    1.5670000000e+01  1.6213429790e+00  1.6150141420e+00  1.5873010370e+00  3.1905746500e-01  3.8164861200e-01  3.6726266700e-01
    1.5680000000e+01  1.6264676820e+00  1.6191175520e+00  1.5910672930e+00  3.2421734900e-01  3.8751322700e-01  3.7237580000e-01
    1.5690000000e+01  1.6314709540e+00  1.6230840410e+00  1.5947007770e+00  3.2961580100e-01  3.9356834900e-01  3.7763511500e-01
    1.5700000000e+01  1.6363269300e+00  1.6268970170e+00  1.5981885440e+00  3.3524723700e-01  3.9980869500e-01  3.8303152100e-01
    1.5710000000e+01  1.6410102460e+00  1.6305405240e+00  1.6015193020e+00  3.4110207200e-01  4.0622724500e-01  3.8855438600e-01
    1.5720000000e+01  1.6454967620e+00  1.6339994090e+00  1.6046836080e+00  3.4716685300e-01  4.1281534000e-01  3.9419191500e-01
    1.5730000000e+01  1.6497642020e+00  1.6372595300e+00  1.6076740050e+00  3.5342451500e-01  4.1956281300e-01  3.9993156300e-01
    1.5740000000e+01  1.6537927280e+00  1.6403079690e+00  1.6104850910e+00  3.5985470800e-01  4.2645817800e-01  4.0576048700e-01
    1.5750000000e+01  1.6575654730e+00  1.6431332010e+00  1.6131134630e+00  3.6643417700e-01  4.3348892200e-01  4.1166604800e-01
    1.5760000000e+01  1.6610690470e+00  1.6457251650e+00  1.6155575200e+00  3.7313721000e-01  4.4064184800e-01  4.1763631600e-01
    1.5770000000e+01  1.6642940410e+00  1.6480751990e+00  1.6178170780e+00  3.7993619400e-01  4.4790345100e-01  4.2366050800e-01
    1.5780000000e+01  1.6672354670e+00  1.6501758280e+00  1.6198928440e+00  3.8680233800e-01  4.5526023700e-01  4.2972930400e-01
    1.5790000000e+01  1.6698930760e+00  1.6520204280e+00  1.6217857780e+00  3.9370657800e-01  4.6269894200e-01  4.3583495600e-01
    1.5800000000e+01  1.6722714140e+00  1.6536028150e+00  1.6234964280e+00  4.0062063400e-01  4.7020658700e-01  4.4197117200e-01
    1.5810000000e+01  1.6743795570e+00  1.6549168100e+00  1.6250243090e+00  4.0751811800e-01  4.7777035600e-01  4.4813275700e-01
    1.5820000000e+01  1.6762304880e+00  1.6559558540e+00  1.6263674250e+00  4.1437554800e-01  4.8537727000e-01  4.5431502900e-01
    1.5830000000e+01  1.6778401640e+00  1.6567127320e+00  1.6275219840e+00  4.2117310600e-01  4.9301366700e-01  4.6051305700e-01
    1.5840000000e+01  1.6792264180e+00  1.6571795070e+00  1.6284823960e+00  4.2789505900e-01  5.0066450400e-01  4.6672076800e-01
    1.5850000000e+01  1.6804078380e+00  1.6573477400e+00  1.6292415860e+00  4.3452977600e-01  5.0831255100e-01  4.7293002300e-01
    1.5860000000e+01  1.6814027730e+00  1.6572090920e+00  1.6297916760e+00  4.4106941600e-01  5.1593758000e-01  4.7912976700e-01
    1.5870000000e+01  1.6822285930e+00  1.6567563290e+00  1.6301250160e+00  4.4750937100e-01  5.2351571100e-01  4.8530538200e-01
    1.5880000000e+01  1.6829012220e+00  1.6559847110e+00  1.6302355180e+00  4.5384760500e-01  5.3101911900e-01  4.9143842500e-01
    1.5890000000e+01  1.6834349310e+00  1.6548936060e+00  1.6301201310e+00  4.6008400300e-01  5.3841630900e-01  4.9750685600e-01
    1.5900000000e+01  1.6838423270e+00  1.6534880760e+00  1.6297802550e+00  4.6621980800e-01  5.4567304700e-01  5.0348585200e-01
    1.5910000000e+01  1.6841344660e+00  1.6517801330e+00  1.6292228500e+00  4.7225719400e-01  5.5275397400e-01  5.0934915100e-01
    1.5920000000e+01  1.6843210260e+00  1.6497893710e+00  1.6284610310e+00  4.7819895300e-01  5.5962471700e-01  5.1507080500e-01
    1.5930000000e+01  1.6844104870e+00  1.6475427660e+00  1.6275139880e+00  4.8404832800e-01  5.6625419900e-01  5.2062708800e-01
    1.5940000000e+01  1.6844102830e+00  1.6450736240e+00  1.6264062330e+00  4.8980893900e-01  5.7261679100e-01  5.2599828700e-01
    1.5950000000e+01  1.6843268600e+00  1.6424198130e+00  1.6251662680e+00  4.9548480500e-01  5.7869394200e-01  5.3117011400e-01
    1.5960000000e+01  1.6841656000e+00  1.6396215520e+00  1.6238248850e+00  5.0108037300e-01  5.8447504300e-01  5.3613455300e-01
    1.5970000000e+01  1.6839306180e+00  1.6367191400e+00  1.6224133430e+00  5.0660046700e-01  5.8995744900e-01  5.4089005500e-01
    1.5980000000e+01  1.6836244800e+00  1.6337509580e+00  1.6209617070e+00  5.1205005700e-01  5.9514571800e-01  5.4544114100e-01
    1.5990000000e+01  1.6832480000e+00  1.6307520280e+00  1.6194975250e+00  5.1743378900e-01  6.0005032500e-01  5.4979753800e-01
    1.6000000000e+01  1.6828002440e+00  1.6277532280e+00  1.6180449630e+00  5.2275532700e-01  6.0468613300e-01  5.5397305900e-01
    1.6010000000e+01  1.6822788940e+00  1.6247811460e+00  1.6166244150e+00  5.2801664400e-01  6.0907093700e-01  5.5798443400e-01
    1.6020000000e+01  1.6816809660e+00  1.6218584250e+00  1.6152525010e+00  5.3321746600e-01  6.1322432900e-01  5.6185028300e-01
    1.6030000000e+01  1.6810038000e+00  1.6190043390e+00  1.6139423230e+00  5.3835506900e-01  6.1716699300e-01  5.6559031500e-01
    1.6040000000e+01  1.6802461070e+00  1.6162353890e+00  1.6127038310e+00  5.4342455100e-01  6.2092044800e-01  5.6922481500e-01
    1.6050000000e+01  1.6794088340e+00  1.6135656960e+00  1.6115441720e+00  5.4841957400e-01  6.2450712800e-01  5.7277436600e-01
    1.6060000000e+01  1.6784956030e+00  1.6110070950e+00  1.6104679290e+00  5.5333344300e-01  6.2795063300e-01  5.7625973300e-01
    1.6070000000e+01  1.6775126170e+00  1.6085689080e+00  1.6094772340e+00  5.5816025600e-01  6.3127594500e-01  5.7970182500e-01
    1.6080000000e+01  1.6764680670e+00  1.6062574870e+00  1.6085717640e+00  5.6289586700e-01  6.3450947100e-01  5.8312165400e-01
    1.6090000000e+01  1.6753712020e+00  1.6040756490e+00  1.6077486460e+00  5.6753842000e-01  6.3767881300e-01  5.8654025000e-01
    1.6100000000e+01  1.6742313460e+00  1.6020221710e+00  1.6070023150e+00  5.7208837400e-01  6.4081228000e-01  5.8997851200e-01
    1.6110000000e+01  1.6730571260e+00  1.6000914320e+00  1.6063243450e+00  5.7654808300e-01  6.4393818700e-01  5.9345699500e-01
    1.6120000000e+01  1.6718561050e+00  1.5982732680e+00  1.6057032540e+00  5.8092113400e-01  6.4708406400e-01  5.9699562200e-01
    1.6130000000e+01  1.6706348470e+00  1.5965530120e+00  1.6051243010e+00  5.8521171700e-01  6.5027584300e-01  6.0061328200e-01
    1.6140000000e+01  1.6693993180e+00  1.5949117130e+00  1.6045693020e+00  5.8942424600e-01  6.5353707600e-01  6.0432730800e-01
    1.6150000000e+01  1.6681554120e+00  1.5933264500e+00  1.6040165330e+00  5.9356338500e-01  6.5688820700e-01  6.0815278200e-01
    1.6160000000e+01  1.6669093430e+00  1.5917707710e+00  1.6034407820e+00  5.9763446600e-01  6.6034588000e-01  6.1210169100e-01
    1.6170000000e+01  1.6656677050e+00  1.5902152140e+00  1.6028136720e+00  6.0164418900e-01  6.6392226900e-01  6.1618196000e-01
    1.6180000000e+01  1.6644370740e+00  1.5886279700e+00  1.6021042820e+00  6.0560138600e-01  6.6762443100e-01  6.2039647400e-01
    1.6190000000e+01  1.6632231510e+00  1.5869757250e+00  1.6012801330e+00  6.0951759600e-01  6.7145370200e-01  6.2474218200e-01
    1.6200000000e+01  1.6620295600e+00  1.5852247110e+00  1.6003085110e+00  6.1340723800e-01  6.7540518700e-01  6.2920943300e-01
    1.6210000000e+01  1.6608565270e+00  1.5833420080e+00  1.5991580730e+00  6.1728723000e-01  6.7946746300e-01  6.3378167400e-01
    1.6220000000e+01  1.6596996960e+00  1.5812970260e+00  1.5978006120e+00  6.2117602200e-01  6.8362261000e-01  6.3843561700e-01
    1.6230000000e+01  1.6585493340e+00  1.5790630840e+00  1.5962128170e+00  6.2509216000e-01  6.8784668400e-01  6.4314196700e-01
    1.6240000000e+01  1.6573900940e+00  1.5766188810e+00  1.5943778430e+00  6.2905256100e-01  6.9211069400e-01  6.4786668700e-01
    1.6250000000e+01  1.6562014040e+00  1.5739496850e+00  1.5922864880e+00  6.3307074500e-01  6.9638205000e-01  6.5257277000e-01
    1.6260000000e+01  1.6549584500e+00  1.5710480450e+00  1.5899378110e+00  6.3715528300e-01  7.0062636600e-01  6.5722234900e-01
    1.6270000000e+01  1.6536335990e+00  1.5679139280e+00  1.5873390810e+00  6.4130864000e-01  7.0480941900e-01  6.6177896600e-01
    1.6280000000e+01  1.6521980910e+00  1.5645542580e+00  1.5845050140e+00  6.4552651600e-01  7.0889907000e-01  6.6620974700e-01
    1.6290000000e+01  1.6506238040e+00  1.5609819030e+00  1.5814563730e+00  6.4979772400e-01  7.1286694700e-01  6.7048726200e-01
    1.6300000000e+01  1.6488849170e+00  1.5572142410e+00  1.5782180530e+00  6.5410454500e-01  7.1668974000e-01  6.7459085200e-01
    1.6310000000e+01  1.6469593630e+00  1.5532714200e+00  1.5748168750e+00  6.5842347100e-01  7.2035000400e-01  6.7850729500e-01
    1.6320000000e+01  1.6448299900e+00  1.5491744990e+00  1.5712793110e+00  6.6272623300e-01  7.2383643200e-01  6.8223076300e-01
    1.6330000000e+01  1.6424854140e+00  1.5449435850e+00  1.5676293770e+00  6.6698099600e-01  7.2714357800e-01  6.8576210900e-01
    1.6340000000e+01  1.6399205930e+00  1.5405961380e+00  1.5638868610e+00  6.7115362200e-01  7.3027105100e-01  6.8910758600e-01
    1.6350000000e+01  1.6371371520e+00  1.5361455610e+00  1.5600660170e+00  6.7520897500e-01  7.3322223300e-01  6.9227713000e-01
    1.6360000000e+01  1.6341435210e+00  1.5316002130e+00  1.5561748180e+00  6.7911224200e-01  7.3600259200e-01  6.9528235200e-01
    1.6370000000e+01  1.6309548620e+00  1.5269629890e+00  1.5522148100e+00  6.8283031400e-01  7.3861771100e-01  6.9813438200e-01
    1.6380000000e+01  1.6275927410e+00  1.5222315350e+00  1.5481816090e+00  6.8633324500e-01  7.4107120100e-01  7.0084172500e-01
    1.6390000000e+01  1.6240844310e+00  1.5173991860e+00  1.5440660500e+00  6.8959575000e-01  7.4336271300e-01  7.0340831000e-01
    1.6400000000e+01  1.6204617400e+00  1.5124565680e+00  1.5398559490e+00  6.9259861100e-01  7.4548629300e-01  7.0583192600e-01
    1.6410000000e+01  1.6167593460e+00  1.5073937590e+00  1.5355383430e+00  6.9532978100e-01  7.4742931500e-01  7.0810327100e-01
    1.6420000000e+01  1.6130127270e+00  1.5022027970e+00  1.5311020140e+00  6.9778494300e-01  7.4917220100e-01  7.1020576500e-01
    1.6430000000e+01  1.6092559150e+00  1.4968802220e+00  1.5265400060e+00  6.9996734100e-01  7.5068900900e-01  7.1211623700e-01
    1.6440000000e+01  1.6055194010e+00  1.4914293750e+00  1.5218518330e+00  7.0188681000e-01  7.5194889000e-01  7.1380644500e-01
    1.6450000000e+01  1.6018285230e+00  1.4858621250e+00  1.5170450630e+00  7.0355812200e-01  7.5291828700e-01  7.1524528900e-01
    1.6460000000e+01  1.5982025630e+00  1.4801998340e+00  1.5121360930e+00  7.0499889800e-01  7.5356365500e-01  7.1640144500e-01
    1.6470000000e+01  1.5946546730e+00  1.4744733700e+00  1.5071499980e+00  7.0622742000e-01  7.5385441400e-01  7.1724612600e-01
    1.6480000000e+01  1.5911925360e+00  1.4687221610e+00  1.5021194710e+00  7.0726064800e-01  7.5376581400e-01  7.1775561600e-01
    1.6490000000e+01  1.5878196220e+00  1.4629923240e+00  1.4970830000e+00  7.0811269200e-01  7.5328136500e-01  7.1791328000e-01
    1.6500000000e+01  1.5845367770e+00  1.4573340920e+00  1.4920825210e+00  7.0879384400e-01  7.5239452300e-01  7.1771081200e-01
    1.6510000000e+01  1.5813439760e+00  1.4517988550e+00  1.4871608930e+00  7.0931020900e-01  7.5110939900e-01  7.1714857500e-01
    1.6520000000e+01  1.5782420320e+00  1.4464362230e+00  1.4823595430e+00  7.0966391800e-01  7.4944044600e-01  7.1623507200e-01
    1.6530000000e+01  1.5752341440e+00  1.4412915160e+00  1.4777166340e+00  7.0985385500e-01  7.4741123100e-01  7.1498572400e-01
    1.6540000000e+01  1.5723271330e+00  1.4364039570e+00  1.4732659220e+00  7.0987686500e-01  7.4505260300e-01  7.1342127400e-01
    1.6550000000e+01  1.5695322520e+00  1.4318056850e+00  1.4690363500e+00  7.0972934100e-01  7.4240062100e-01  7.1156617700e-01
    1.6560000000e+01  1.5668654240e+00  1.4275214850e+00  1.4650521870e+00  7.0940906700e-01  7.3949460900e-01  7.0944727800e-01
    1.6570000000e+01  1.5643468160e+00  1.4235690120e+00  1.4613334630e+00  7.0891712600e-01  7.3637552600e-01  7.0709292600e-01
    1.6580000000e+01  1.5619997320e+00  1.4199592590e+00  1.4578964150e+00  7.0825962400e-01  7.3308474200e-01  7.0453250300e-01
    1.6590000000e+01  1.5598488960e+00  1.4166970680e+00  1.4547537570e+00  7.0744898800e-01  7.2966311500e-01  7.0179623400e-01
    1.6600000000e+01  1.5579183100e+00  1.4137815890e+00  1.4519147100e+00  7.0650460700e-01  7.2615026200e-01  6.9891506800e-01
    1.6610000000e+01  1.5562289510e+00  1.4112067080e+00  1.4493848570e+00  7.0545270500e-01  7.2258388400e-01  6.9592047000e-01
    1.6620000000e+01  1.5547965840e+00  1.4089614970e+00  1.4471659300e+00  7.0432541100e-01  7.1899910400e-01  6.9284403500e-01
    1.6630000000e+01  1.5536299960e+00  1.4070307560e+00  1.4452556760e+00  7.0315912700e-01  7.1542782200e-01  6.8971692400e-01
    1.6640000000e+01  1.5527298580e+00  1.4053956960e+00  1.4436478920e+00  7.0199238400e-01  7.1189811500e-01  6.8656918400e-01
    1.6650000000e+01  1.5520883540e+00  1.4040347560e+00  1.4423326700e+00  7.0086345700e-01  7.0843377200e-01  6.8342904800e-01
    1.6660000000e+01  1.5516896050e+00  1.4029245400e+00  1.4412968600e+00  6.9980801300e-01  7.0505399700e-01  6.8032230900e-01
    1.6670000000e+01  1.5515107980e+00  1.4020408350e+00  1.4405247080e+00  6.9885708300e-01  7.0177335300e-01  6.7727186200e-01
    1.6680000000e+01  1.5515238370e+00  1.4013596290e+00  1.4399985900e+00  6.9803557400e-01  6.9860199700e-01  6.7429747000e-01
    1.6690000000e+01  1.5516972470e+00  1.4008580140e+00  1.4396997440e+00  6.9736142900e-01  6.9554621800e-01  6.7141580700e-01
    1.6700000000e+01  1.5519980680e+00  1.4005148430e+00  1.4396088630e+00  6.9684542500e-01  6.9260926200e-01  6.6864074100e-01
    1.6710000000e+01  1.5523935320e+00  1.4003109970e+00  1.4397064390e+00  6.9649147500e-01  6.8979231800e-01  6.6598378700e-01
    1.6720000000e+01  1.5528524200e+00  1.4002291940e+00  1.4399727950e+00  6.9629723600e-01  6.8709546800e-01  6.6345455000e-01
    1.6730000000e+01  1.5533461390e+00  1.4002533920e+00  1.4403878520e+00  6.9625487500e-01  6.8451836200e-01  6.6106101000e-01
    1.6740000000e+01  1.5538495830e+00  1.4003679700e+00  1.4409307530e+00  6.9635188700e-01  6.8206044300e-01  6.5880948600e-01
    1.6750000000e+01  1.5543418750e+00  1.4005569570e+00  1.4415795620e+00  6.9657200200e-01  6.7972063100e-01  6.5670425900e-01
    1.6760000000e+01  1.5548069860e+00  1.4008035960e+00  1.4423112190e+00  6.9689621800e-01  6.7749659000e-01  6.5474691100e-01
    1.6770000000e+01  1.5552341590e+00  1.4010904260e+00  1.4431018970e+00  6.9730402800e-01  6.7538378300e-01  6.5293557600e-01
    1.6780000000e+01  1.5556180200e+00  1.4013999240e+00  1.4439277700e+00  6.9777480500e-01  6.7337466000e-01  6.5126430700e-01
    1.6790000000e+01  1.5559582650e+00  1.4017155690e+00  1.4447660990e+00  6.9828924000e-01  6.7145822600e-01  6.4972277300e-01
    1.6800000000e+01  1.5562588880e+00  1.4020230690e+00  1.4455964380e+00  6.9883064900e-01  6.6962018200e-01  6.4829639700e-01
    1.6810000000e+01  1.5565270000e+00  1.4023114290e+00  1.4464017700e+00  6.9938597600e-01  6.6784362200e-01  6.4696695600e-01
    1.6820000000e+01  1.5567713830e+00  1.4025736270e+00  1.4471693580e+00  6.9994634000e-01  6.6611014600e-01  6.4571355900e-01
    1.6830000000e+01  1.5570009540e+00  1.4028067430e+00  1.4478912050e+00  7.0050703800e-01  6.6440111600e-01  6.4451383600e-01
    1.6840000000e+01  1.5572233600e+00  1.4030115800e+00  1.4485640890e+00  7.0106703800e-01  6.6269879800e-01  6.4334516200e-01
    1.6850000000e+01  1.5574438630e+00  1.4031919050e+00  1.4491892230e+00  7.0162801800e-01  6.6098717200e-01  6.4218575300e-01
    1.6860000000e+01  1.5576646580e+00  1.4033535330e+00  1.4497716430e+00  7.0219311000e-01  6.5925229500e-01  6.4101551500e-01
    1.6870000000e+01  1.5578846920e+00  1.4035034730e+00  1.4503194600e+00  7.0276550100e-01  6.5748225400e-01  6.3981659700e-01
    1.6880000000e+01  1.5581000070e+00  1.4036493000e+00  1.4508430830e+00  7.0334709300e-01  6.5566679200e-01  6.3857366100e-01
    1.6890000000e+01  1.5583045550e+00  1.4037988530e+00  1.4513545360e+00  7.0393740300e-01  6.5379677300e-01  6.3727389200e-01
    1.6900000000e+01  1.5584913680e+00  1.4039602740e+00  1.4518669160e+00  7.0453287100e-01  6.5186366200e-01  6.3590684000e-01
    1.6910000000e+01  1.5586538840e+00  1.4041423240e+00  1.4523940450e+00  7.0512671900e-01  6.4985914200e-01  6.3446416600e-01
    1.6920000000e+01  1.5587871600e+00  1.4043548880e+00  1.4529503220e+00  7.0570936200e-01  6.4777500300e-01  6.3293939400e-01
    1.6930000000e+01  1.5588887320e+00  1.4046095230e+00  1.4535507220e+00  7.0626926500e-01  6.4560334500e-01  6.3132775500e-01
    1.6940000000e+01  1.5589589410e+00  1.4049199070e+00  1.4542108820e+00  7.0679399600e-01  6.4333709900e-01  6.2962618400e-01
    1.6950000000e+01  1.5590007210e+00  1.4053020400e+00  1.4549471770e+00  7.0727115500e-01  6.4097079900e-01  6.2783349100e-01
    1.6960000000e+01  1.5590190250e+00  1.4057740990e+00  1.4557766750e+00  7.0768890300e-01  6.3850148400e-01  6.2595069200e-01
    1.6970000000e+01  1.5590202270e+00  1.4063558990e+00  1.4567169030e+00  7.0803595200e-01  6.3592957500e-01  6.2398140700e-01
    1.6980000000e+01  1.5590118400e+00  1.4070679940e+00  1.4577853890e+00  7.0830112300e-01  6.3325954200e-01  6.2193223100e-01
    1.6990000000e+01  1.5590027990e+00  1.4079305070e+00  1.4589990060e+00  7.0847275900e-01  6.3050021700e-01  6.1981295600e-01
    1.7000000000e+01  1.5590043290e+00  1.4089618820e+00  1.4603731930e+00  7.0853840500e-01  6.2766466500e-01  6.1763657600e-01
    1.7010000000e+01  1.5590311670e+00  1.4101777190e+00  1.4619211570e+00  7.0848510300e-01  6.2476960800e-01  6.1541901100e-01
    1.7020000000e+01  1.5591027290e+00  1.4115898920e+00  1.4636531660e+00  7.0830049100e-01  6.2183444900e-01  6.1317857900e-01
    1.7030000000e+01  1.5592437780e+00  1.4132060660e+00  1.4655760270e+00  7.0797461300e-01  6.1888007000e-01  6.1093525000e-01
    1.7040000000e+01  1.5594842240e+00  1.4150297000e+00  1.4676928100e+00  7.0750212800e-01  6.1592755800e-01  6.0870978000e-01
    1.7050000000e+01  1.5598579350e+00  1.4170604960e+00  1.4700028550e+00  7.0688445200e-01  6.1299709700e-01  6.0652282400e-01
    1.7060000000e+01  1.5604006720e+00  1.4192951720e+00  1.4725020080e+00  7.0613138400e-01  6.1010716700e-01  6.0439412000e-01
    1.7070000000e+01  1.5611474530e+00  1.4217283940e+00  1.4751830480e+00  7.0526184800e-01  6.0727417100e-01  6.0234183000e-01
    1.7080000000e+01  1.5621298030e+00  1.4243536350e+00  1.4780362170e+00  7.0430364200e-01  6.0451247500e-01  6.0038204100e-01
    1.7090000000e+01  1.5633732930e+00  1.4271638010e+00  1.4810497790e+00  7.0329225200e-01  6.0183474600e-01  5.9852843800e-01
    1.7100000000e+01  1.5648956870e+00  1.4301515320e+00  1.4842105760e+00  7.0226900100e-01  5.9925242800e-01  5.9679209400e-01
    1.7110000000e+01  1.5667058130e+00  1.4333091970e+00  1.4875045750e+00  7.0127887000e-01  5.9677614500e-01  5.9518134900e-01
    1.7120000000e+01  1.5688031210e+00  1.4366287070e+00  1.4909174250e+00  7.0036829300e-01  5.9441592300e-01  5.9370175600e-01
    1.7130000000e+01  1.5711777400e+00  1.4401012860e+00  1.4944350440e+00  6.9958313000e-01  5.9218117900e-01  5.9235612900e-01
    1.7140000000e+01  1.5738108330e+00  1.4437173520e+00  1.4980442300e+00  6.9896685300e-01  5.9008052700e-01  5.9114471900e-01
    1.7150000000e+01  1.5766751250e+00  1.4474665650e+00  1.5017332400e+00  6.9855885700e-01  5.8812153500e-01  5.9006557400e-01
    1.7160000000e+01  1.5797356060e+00  1.4513380200e+00  1.5054922550e+00  6.9839275600e-01  5.8631054100e-01  5.8911509200e-01
    1.7170000000e+01  1.5829505600e+00  1.4553205000e+00  1.5093136390e+00  6.9849460300e-01  5.8465259600e-01  5.8828871200e-01
    1.7180000000e+01  1.5862731230e+00  1.4594026790e+00  1.5131919230e+00  6.9888109300e-01  5.8315153300e-01  5.8758164700e-01
    1.7190000000e+01  1.5896535180e+00  1.4635732130e+00  1.5171235200e+00  6.9955800700e-01  5.8181008300e-01  5.8698953500e-01
    1.7200000000e+01  1.5930419860e+00  1.4678207110e+00  1.5211062260e+00  7.0051924500e-01  5.8062991500e-01  5.8650887200e-01
    1.7210000000e+01  1.5963921720e+00  1.4721336850e+00  1.5251386530e+00  7.0174679900e-01  5.7961154900e-01  5.8613717100e-01
    1.7220000000e+01  1.5996646030e+00  1.4765005960e+00  1.5292197290e+00  7.0321191300e-01  5.7875411900e-01  5.8587284400e-01
    1.7230000000e+01  1.6028297360e+00  1.4809100780e+00  1.5333483900e+00  7.0487746500e-01  5.7805507200e-01  5.8571489600e-01
    1.7240000000e+01  1.6058700750e+00  1.4853514050e+00  1.5375235190e+00  7.0670136800e-01  5.7750993900e-01  5.8566256200e-01
    1.7250000000e+01  1.6087810070e+00  1.4898151230e+00  1.5417441220e+00  7.0864056600e-01  5.7711229800e-01  5.8571502100e-01
    1.7260000000e+01  1.6115701540e+00  1.4942937610e+00  1.5460096480e+00  7.1065508400e-01  5.7685402700e-01  5.8587128400e-01
    1.7270000000e+01  1.6142553630e+00  1.4987824590e+00  1.5503203670e+00  7.1271152700e-01  5.7672585800e-01  5.8613031000e-01
    1.7280000000e+01  1.6168616300e+00  1.5032794050e+00  1.5546776770e+00  7.1478554600e-01  5.7671818400e-01  5.8649134200e-01
    1.7290000000e+01  1.6194175180e+00  1.5077859840e+00  1.5590842670e+00  7.1686293000e-01  5.7682202800e-01  5.8695443200e-01
    1.7300000000e+01  1.6219516410e+00  1.5123066110e+00  1.5635440460e+00  7.1893928900e-01  5.7703007600e-01  5.8752107800e-01
    1.7310000000e+01  1.6244898080e+00  1.5168482070e+00  1.5680618010e+00  7.2101854800e-01  5.7733766600e-01  5.8819489900e-01
    1.7320000000e+01  1.6270531900e+00  1.5214193610e+00  1.5726425480e+00  7.2311067900e-01  5.7774363300e-01  5.8898222500e-01
    1.7330000000e+01  1.6296576620e+00  1.5260291700e+00  1.5772905820e+00  7.2522923700e-01  5.7825088700e-01  5.8989248900e-01
    1.7340000000e+01  1.6323141900e+00  1.5306858630e+00  1.5820083010e+00  7.2738919000e-01  5.7886661000e-01  5.9093825600e-01
    1.7350000000e+01  1.6350299460e+00  1.5353953330e+00  1.5867949510e+00  7.2960545600e-01  5.7960194900e-01  5.9213477500e-01
    1.7360000000e+01  1.6378097140e+00  1.5401597890e+00  1.5916455210e+00  7.3189229400e-01  5.8047117900e-01  5.9349900700e-01
    1.7370000000e+01  1.6406571610e+00  1.5449767620e+00  1.5965500090e+00  7.3426353100e-01  5.8149036400e-01  5.9504820500e-01
    1.7380000000e+01  1.6435756030e+00  1.5498386480e+00  1.6014932710e+00  7.3673340900e-01  5.8267572400e-01  5.9679821800e-01
    1.7390000000e+01  1.6465680920e+00  1.5547328980e+00  1.6064555300e+00  7.3931770800e-01  5.8404193000e-01  5.9876180700e-01
    1.7400000000e+01  1.6496367860e+00  1.5596427980e+00  1.6114134770e+00  7.4203477700e-01  5.8560062200e-01  6.0094724300e-01
    1.7410000000e+01  1.6527817490e+00  1.5645486940e+00  1.6163418120e+00  7.4490616700e-01  5.8735936000e-01  6.0335740800e-01
    1.7420000000e+01  1.6559994590e+00  1.5694294160e+00  1.6212149560e+00  7.4795665500e-01  5.8932110200e-01  6.0598951100e-01
    1.7430000000e+01  1.6592813050e+00  1.5742636750e+00  1.6260086900e+00  7.5121361700e-01  5.9148422500e-01  6.0883541900e-01
    1.7440000000e+01  1.6626123390e+00  1.5790312460e+00  1.6307014980e+00  7.5470586000e-01  5.9384296600e-01  6.1188249300e-01
    1.7450000000e+01  1.6659704170e+00  1.5837138240e+00  1.6352754620e+00  7.5846205400e-01  5.9638812600e-01  6.1511473800e-01
    1.7460000000e+01  1.6693257880e+00  1.5882955360e+00  1.6397166680e+00  7.6250895100e-01  5.9910787900e-01  6.1851406900e-01
    1.7470000000e+01  1.6726411140e+00  1.5927631690e+00  1.6440151680e+00  7.6686948400e-01  6.0198853200e-01  6.2206147200e-01
    1.7480000000e+01  1.6758719150e+00  1.5971062030e+00  1.6481646380e+00  7.7156081000e-01  6.0501517800e-01  6.2573793000e-01
    1.7490000000e+01  1.6789674990e+00  1.6013167670e+00  1.6521618890e+00  7.7659234700e-01  6.0817222800e-01  6.2952507300e-01
    1.7500000000e+01  1.6818724330e+00  1.6053895550e+00  1.6560063740e+00  7.8196388100e-01  6.1144387800e-01  6.3340559600e-01
    1.7510000000e+01  1.6845286450e+00  1.6093217180e+00  1.6596997380e+00  7.8766395500e-01  6.1481457400e-01  6.3736353300e-01
    1.7520000000e+01  1.6868781280e+00  1.6131126590e+00  1.6632454120e+00  7.9366875700e-01  6.1826948600e-01  6.4138448100e-01
    1.7530000000e+01  1.6888660840e+00  1.6167636770e+00  1.6666481760e+00  7.9994180900e-01  6.2179496900e-01  6.4545578100e-01
    1.7540000000e+01  1.6904442400e+00  1.6202774380e+00  1.6699136660e+00  8.0643462900e-01  6.2537889700e-01  6.4956662700e-01
    1.7550000000e+01  1.6915739360e+00  1.6236573210e+00  1.6730478140e+00  8.1308846300e-01  6.2901077200e-01  6.5370803100e-01
    1.7560000000e+01  1.6922285880e+00  1.6269067650e+00  1.6760563220e+00  8.1983695600e-01  6.3268152700e-01  6.5787256000e-01
    1.7570000000e+01  1.6923951860e+00  1.6300287920e+00  1.6789442700e+00  8.2660949200e-01  6.3638306100e-01  6.6205389300e-01
    1.7580000000e+01  1.6920746250e+00  1.6330258200e+00  1.6817159750e+00  8.3333479700e-01  6.4010760900e-01  6.6624626100e-01
    1.7590000000e+01  1.6912808610e+00  1.6358998030e+00  1.6843750960e+00  8.3994431100e-01  6.4384713100e-01  6.7044391300e-01
    1.7600000000e+01  1.6900390950e+00  1.6386526380e+00  1.6869249460e+00  8.4637490100e-01  6.4759287200e-01  6.7464074000e-01
    1.7610000000e+01  1.6883833910e+00  1.6412866890e+00  1.6893688610e+00  8.5257058200e-01  6.5133517900e-01  6.7883008100e-01
    1.7620000000e+01  1.6863542250e+00  1.6438052900e+00  1.6917105420e+00  8.5848315200e-01  6.5506353600e-01  6.8300468300e-01
    1.7630000000e+01  1.6839964900e+00  1.6462131680e+00  1.6939543500e+00  8.6407192600e-01  6.5876675400e-01  6.8715671100e-01
    1.7640000000e+01  1.6813582910e+00  1.6485167930e+00  1.6961055990e+00  8.6930297900e-01  6.6243320600e-01  6.9127774100e-01
    1.7650000000e+01  1.6784906010e+00  1.6507247200e+00  1.6981709630e+00  8.7414845900e-01  6.6605113400e-01  6.9535879900e-01
    1.7660000000e+01  1.6754475060e+00  1.6528479610e+00  1.7001590170e+00  8.7858647300e-01  6.6960905500e-01  6.9939054200e-01
    1.7670000000e+01  1.6722865120e+00  1.6549003120e+00  1.7020808410e+00  8.8260180100e-01  6.7309639500e-01  7.0336374800e-01
    1.7680000000e+01  1.6690683310e+00  1.6568985160e+00  1.7039504740e+00  8.8618733400e-01  6.7650437100e-01  7.0727018900e-01
    1.7690000000e+01  1.6658557150e+00  1.6588620620e+00  1.7057849890e+00  8.8934579500e-01  6.7982704400e-01  7.1110381000e-01
    1.7700000000e+01  1.6627112490e+00  1.6608125340e+00  1.7076040180e+00  8.9209112100e-01  6.8306237600e-01  7.1486198900e-01
    1.7710000000e+01  1.6596943850e+00  1.6627724980e+00  1.7094287060e+00  8.9444894700e-01  6.8621302200e-01  7.1854659200e-01
    1.7720000000e+01  1.6568582620e+00  1.6647640880e+00  1.7112802430e+00  8.9645586000e-01  6.8928667700e-01  7.2216454200e-01
    1.7730000000e+01  1.6542469140e+00  1.6668075340e+00  1.7131782580e+00  8.9815748200e-01  6.9229583200e-01  7.2572774600e-01
    1.7740000000e+01  1.6518933680e+00  1.6689199010e+00  1.7151393870e+00  8.9960568600e-01  6.9525702000e-01  7.2925241700e-01
    1.7750000000e+01  1.6498188340e+00  1.6711142360e+00  1.7171762480e+00  9.0085545200e-01  6.9818968000e-01  7.3275792700e-01
    1.7760000000e+01  1.6480329490e+00  1.6733992270e+00  1.7192969730e+00  9.0196186300e-01  7.0111491100e-01  7.3626547700e-01
    1.7770000000e+01  1.6465348090e+00  1.6757792990e+00  1.7215052390e+00  9.0297757100e-01  7.0405432900e-01  7.3979683200e-01
    1.7780000000e+01  1.6453144660e+00  1.6782550150e+00  1.7238006710e+00  9.0395087800e-01  7.0702919200e-01  7.4337330900e-01
    1.7790000000e+01  1.6443546150e+00  1.6808235780e+00  1.7261794220e+00  9.0492440800e-01  7.1005981500e-01  7.4701508000e-01
    1.7800000000e+01  1.6436323130e+00  1.6834792990e+00  1.7286347750e+00  9.0593424800e-01  7.1316520900e-01  7.5074075900e-01
    1.7810000000e+01  1.6431206980e+00  1.6862139960e+00  1.7311576850e+00  9.0700947700e-01  7.1636284000e-01  7.5456717900e-01
    1.7820000000e+01  1.6427906590e+00  1.6890173380e+00  1.7337372530e+00  9.0817207000e-01  7.1966841200e-01  7.5850928600e-01
    1.7830000000e+01  1.6426124260e+00  1.6918772030e+00  1.7363611340e+00  9.0943719100e-01  7.2309567000e-01  7.6258011800e-01
    1.7840000000e+01  1.6425568920e+00  1.6947800890e+00  1.7390159040e+00  9.1081387200e-01  7.2665626600e-01  7.6679085600e-01
    1.7850000000e+01  1.6425965440e+00  1.6977115530e+00  1.7416873440e+00  9.1230596300e-01  7.3035972900e-01  7.7115094600e-01
    1.7860000000e+01  1.6427058990e+00  1.7006566080e+00  1.7443606260e+00  9.1391310300e-01  7.3421358900e-01  7.7566827000e-01
    1.7870000000e+01  1.6428615370e+00  1.7036000020e+00  1.7470203950e+00  9.1563145600e-01  7.3822360700e-01  7.8034930600e-01
    1.7880000000e+01  1.6430419810e+00  1.7065263430e+00  1.7496507430e+00  9.1745402900e-01  7.4239404400e-01  7.8519923200e-01
    1.7890000000e+01  1.6432277580e+00  1.7094200550e+00  1.7522351650e+00  9.1937059200e-01  7.4672786400e-01  7.9022194600e-01
    1.7900000000e+01  1.6434019050e+00  1.7122652600e+00  1.7547565090e+00  9.2136741100e-01  7.5122682500e-01  7.9541999100e-01
    1.7910000000e+01  1.6435509980e+00  1.7150456400e+00  1.7571969950e+00  9.2342720800e-01  7.5589141300e-01  8.0079444500e-01
    1.7920000000e+01  1.6436665320e+00  1.7177443830e+00  1.7595382830e+00  9.2552967900e-01  7.6072066800e-01  8.0634480900e-01
    1.7930000000e+01  1.6437462480e+00  1.7203442240e+00  1.7617615700e+00  9.2765282400e-01  7.6571196500e-01  8.1206893000e-01
    1.7940000000e+01  1.6437949320e+00  1.7228275970e+00  1.7638476600e+00  9.2977501700e-01  7.7086080800e-01  8.1796297400e-01
    1.7950000000e+01  1.6438242950e+00  1.7251768400e+00  1.7657769590e+00  9.3187749600e-01  7.7616067700e-01  8.2402140900e-01
    1.7960000000e+01  1.6438517610e+00  1.7273744230e+00  1.7675293830e+00  9.3394677100e-01  7.8160292200e-01  8.3023691400e-01
    1.7970000000e+01  1.6438983050e+00  1.7294031840e+00  1.7690842190e+00  9.3597642800e-01  7.8717670300e-01  8.3660014500e-01
    1.7980000000e+01  1.6439856990e+00  1.7312465540e+00  1.7704200330e+00  9.3796796200e-01  7.9286893900e-01  8.4309932300e-01
    1.7990000000e+01  1.6441336480e+00  1.7328887950e+00  1.7715147230e+00  9.3993047600e-01  7.9866427700e-01  8.4971963200e-01
    1.8000000000e+01  1.6443572850e+00  1.7343152320e+00  1.7723458210e+00  9.4187936400e-01  8.0454507600e-01  8.5644252900e-01
    1.8010000000e+01  1.6446653490e+00  1.7355124700e+00  1.7728910700e+00  9.4383424300e-01  8.1049139100e-01  8.6324503200e-01
    1.8020000000e+01  1.6450591970e+00  1.7364686060e+00  1.7731293010e+00  9.4581644900e-01  8.1648091500e-01  8.7009912000e-01
    1.8030000000e+01  1.6455326650e+00  1.7371734640e+00  1.7730415440e+00  9.4784639600e-01  8.2248886100e-01  8.7697132300e-01
    1.8040000000e+01  1.6460727560e+00  1.7376189250e+00  1.7726123290e+00  9.4994102300e-01  8.2848773600e-01  8.8382255700e-01
    1.8050000000e+01  1.6466610970e+00  1.7377994580e+00  1.7718311170e+00  9.5211149200e-01  8.3444705500e-01  8.9060824800e-01
    1.8060000000e+01  1.6472761640e+00  1.7377129470e+00  1.7706938230e+00  9.5436134700e-01  8.4033308100e-01  8.9727874700e-01
    1.8070000000e+01  1.6478962000e+00  1.7373618720e+00  1.7692044180e+00  9.5668543200e-01  8.4610873900e-01  9.0378009000e-01
    1.8080000000e+01  1.6485026160e+00  1.7367548200e+00  1.7673765940e+00  9.5906990000e-01  8.5173394200e-01  9.1005517100e-01
    1.8090000000e+01  1.6490834100e+00  1.7359082000e+00  1.7652354180e+00  9.6149360700e-01  8.5716653000e-01  9.1604548900e-01
    1.8100000000e+01  1.6496359580e+00  1.7348478790e+00  1.7628187720e+00  9.6393094100e-01  8.6236402400e-01  9.2169361500e-01
    1.8110000000e+01  1.6501685060e+00  1.7336103500e+00  1.7601782380e+00  9.6635576900e-01  8.6728623100e-01  9.2694644200e-01
    1.8120000000e+01  1.6506998630e+00  1.7322429930e+00  1.7573789810e+00  9.6874581400e-01  8.7189854700e-01  9.3175912200e-01
    1.8130000000e+01  1.6512572280e+00  1.7308030660e+00  1.7544982190e+00  9.7108656700e-01  8.7617554700e-01  9.3609925000e-01
    1.8140000000e+01  1.6518725640e+00  1.7293552710e+00  1.7516221030e+00  9.7337391700e-01  8.8010429200e-01  9.3995068100e-01
    1.8150000000e+01  1.6525782880e+00  1.7279680780e+00  1.7488411560e+00  9.7561495000e-01  8.8368669100e-01  9.4331624000e-01
    1.8160000000e+01  1.6534031890e+00  1.7267092680e+00  1.7462448390e+00  9.7782689300e-01  8.8694043100e-01  9.4621871600e-01
    1.8170000000e+01  1.6543693730e+00  1.7256413850e+00  1.7439160250e+00  9.8003458300e-01  8.8989824100e-01  9.4869988000e-01
    1.8180000000e+01  1.6554906780e+00  1.7248177900e+00  1.7419262280e+00  9.8226713200e-01  8.9260561900e-01  9.5081767400e-01
    1.8190000000e+01  1.6567726490e+00  1.7242798620e+00  1.7403322510e+00  9.8455456200e-01  8.9511745600e-01  9.5264208900e-01
    1.8200000000e+01  1.6582138000e+00  1.7240556090e+00  1.7391745410e+00  9.8692504700e-01  8.9749414900e-01  9.5425049100e-01
    1.8210000000e+01  1.6598076690e+00  1.7241596360e+00  1.7384771900e+00  9.8940315600e-01  8.9979779800e-01  9.5572312100e-01
    1.8220000000e+01  1.6615451320e+00  1.7245942050e+00  1.7382491880e+00  9.9200921500e-01  9.0208894900e-01  9.5713933500e-01
    1.8230000000e+01  1.6634165060e+00  1.7253509990e+00  1.7384864050e+00  9.9475967400e-01  9.0442410000e-01  9.5857483300e-01
    1.8240000000e+01  1.6654131210e+00  1.7264132320e+00  1.7391738170e+00  9.9766819400e-01  9.0685403300e-01  9.6009987000e-01
    1.8250000000e+01  1.6675282140e+00  1.7277578250e+00  1.7402876430e+00  1.0007471730e+00  9.0942287900e-01  9.6177824500e-01
    1.8260000000e+01  1.6697571200e+00  1.7293575040e+00  1.7417972480e+00  1.0040094140e+00  9.1216779800e-01  9.6366682300e-01
    1.8270000000e+01  1.6720967700e+00  1.7311827010e+00  1.7436667950e+00  1.0074697330e+00  9.1511919600e-01  9.6581541200e-01
    1.8280000000e+01  1.6745445770e+00  1.7332031750e+00  1.7458566760e+00  1.0111462850e+00  9.1830138200e-01  9.6826689700e-01
    1.8290000000e+01  1.6770967760e+00  1.7353892400e+00  1.7483247270e+00  1.0150614040e+00  9.2173361400e-01  9.7105758500e-01
    1.8300000000e+01  1.6797464400e+00  1.7377124820e+00  1.7510271780e+00  1.0192417530e+00  9.2543137700e-01  9.7421774700e-01
    1.8310000000e+01  1.6824814340e+00  1.7401459000e+00  1.7539192770e+00  1.0237176530e+00  9.2940769600e-01  9.7777223300e-01
    1.8320000000e+01  1.6852826890e+00  1.7426635040e+00  1.7569556050e+00  1.0285216020e+00  9.3367423500e-01  9.8174105000e-01
    1.8330000000e+01  1.6881231110e+00  1.7452395160e+00  1.7600901100e+00  1.0336861900e+00  9.3824197700e-01  9.8613974600e-01
    1.8340000000e+01  1.6909673030e+00  1.7478474150e+00  1.7632760440e+00  1.0392417350e+00  9.4312136300e-01  9.9097951300e-01
    1.8350000000e+01  1.6937721100e+00  1.7504591000e+00  1.7664659470e+00  1.0452140050e+00  9.4832189100e-01  9.9626698200e-01
    1.8360000000e+01  1.6964878220e+00  1.7530443790e+00  1.7696118540e+00  1.0516223180e+00  9.5385129800e-01  1.0020038100e+00
    1.8370000000e+01  1.6990597710e+00  1.7555709460e+00  1.7726658310e+00  1.0584781770e+00  9.5971455000e-01  1.0081861830e+00
    1.8380000000e+01  1.7014301020e+00  1.7580048750e+00  1.7755808630e+00  1.0657844390e+00  9.6591285400e-01  1.0148044400e+00
    1.8390000000e+01  1.7035395300e+00  1.7603115490e+00  1.7783120250e+00  1.0735349690e+00  9.7244295300e-01  1.0218429970e+00
    1.8400000000e+01  1.7053290030e+00  1.7624568640e+00  1.7808177950e+00  1.0817146690e+00  9.7929686500e-01  1.0292807040e+00
    1.8410000000e+01  1.7067412030e+00  1.7644084700e+00  1.7830612760e+00  1.0902998100e+00  9.8646215200e-01  1.0370917200e+00
    1.8420000000e+01  1.7077218680e+00  1.7661367870e+00  1.7850111060e+00  1.0992586060e+00  9.9392267400e-01  1.0452468320e+00
    1.8430000000e+01  1.7082209020e+00  1.7676155980e+00  1.7866418620e+00  1.1085519770e+00  1.0016596710e+00  1.0537150670e+00
    1.8440000000e+01  1.7081932430e+00  1.7688221280e+00  1.7879338460e+00  1.1181344350e+00  1.0096529200e+00  1.0624653530e+00
    1.8450000000e+01  1.7075994860e+00  1.7697366400e+00  1.7888723090e+00  1.1279550300e+00  1.0178817180e+00  1.0714679590e+00
    1.8460000000e+01  1.7064062390e+00  1.7703417200e+00  1.7894462390e+00  1.1379582660e+00  1.0263254890e+00  1.0806954950e+00
    1.8470000000e+01  1.7045862810e+00  1.7706214980e+00  1.7896469580e+00  1.1480848860e+00  1.0349639280e+00  1.0901233550e+00
    1.8480000000e+01  1.7021186060e+00  1.7705610230e+00  1.7894667940e+00  1.1582724490e+00  1.0437767520e+00  1.0997295940e+00
    1.8490000000e+01  1.6989884880e+00  1.7701459880e+00  1.7888980170e+00  1.1684556810e+00  1.0527432240e+00  1.1094943630e+00
    1.8500000000e+01  1.6951877320e+00  1.7693628280e+00  1.7879321900e+00  1.1785666330e+00  1.0618416760e+00  1.1193991000e+00
    1.8510000000e+01  1.6907152320e+00  1.7681991050e+00  1.7865599300e+00  1.1885348040e+00  1.0710492460e+00  1.1294256790e+00
    1.8520000000e+01  1.6855778600e+00  1.7666440090e+00  1.7847709950e+00  1.1982874170e+00  1.0803419450e+00  1.1395556850e+00
    1.8530000000e+01  1.6797916540e+00  1.7646887440e+00  1.7825545790e+00  1.2077500760e+00  1.0896950660e+00  1.1497699180e+00
    1.8540000000e+01  1.6733831010e+00  1.7623266210e+00  1.7798996450e+00  1.2168479890e+00  1.0990837960e+00  1.1600481340e+00
    1.8550000000e+01  1.6663902650e+00  1.7595527640e+00  1.7767951970e+00  1.2255078660e+00  1.1084838580e+00  1.1703689720e+00
    1.8560000000e+01  1.6588634140e+00  1.7563634570e+00  1.7732304060e+00  1.2336604890e+00  1.1178719290e+00  1.1807099760e+00
    1.8570000000e+01  1.6508647930e+00  1.7527552710e+00  1.7691945850e+00  1.2412437450e+00  1.1272256720e+00  1.1910475930e+00
    1.8580000000e+01  1.6424673000e+00  1.7487242190e+00  1.7646770490e+00  1.2482057530e+00  1.1365232550e+00  1.2013570510e+00
    1.8590000000e+01  1.6337520230e+00  1.7442651820e+00  1.7596669490e+00  1.2545075580e+00  1.1457424390e+00  1.2116120430e+00
    1.8600000000e+01  1.6248048830e+00  1.7393718460e+00  1.7541532090e+00  1.2601249000e+00  1.1548593680e+00  1.2217841960e+00
    1.8610000000e+01  1.6157128600e+00  1.7340372380e+00  1.7481246990e+00  1.2650487250e+00  1.1638473870e+00  1.2318423800e+00
    1.8620000000e+01  1.6065604020e+00  1.7282547940e+00  1.7415706990e+00  1.2692844140e+00  1.1726761630e+00  1.2417519900e+00
    1.8630000000e+01  1.5974265020e+00  1.7220197200e+00  1.7344816760e+00  1.2728499940e+00  1.1813113480e+00  1.2514743260e+00
    1.8640000000e+01  1.5883827160e+00  1.7153303320e+00  1.7268502700e+00  1.2757737760e+00  1.1897148050e+00  1.2609661910e+00
    1.8650000000e+01  1.5794921220e+00  1.7081891120e+00  1.7186724090e+00  1.2780918780e+00  1.1978452580e+00  1.2701797140e+00
    1.8660000000e+01  1.5708090250e+00  1.7006033760e+00  1.7099484880e+00  1.2798459640e+00  1.2056590820e+00  1.2790623710e+00
    1.8670000000e+01  1.5623791630e+00  1.6925856670e+00  1.7006846350e+00  1.2810813540e+00  1.2131109880e+00  1.2875571620e+00
    1.8680000000e+01  1.5542401670e+00  1.6841541150e+00  1.6908941670e+00  1.2818455120e+00  1.2201544820e+00  1.2956029610e+00
    1.8690000000e+01  1.5464221560e+00  1.6753330480e+00  1.6805992910e+00  1.2821868550e+00  1.2267422320e+00  1.3031352170e+00
    1.8700000000e+01  1.5389483930e+00  1.6661539700e+00  1.6698330320e+00  1.2821538200e+00  1.2328266360e+00  1.3100872510e+00
    1.8710000000e+01  1.5318359750e+00  1.6566567880e+00  1.6586411210e+00  1.2817941500e+00  1.2383609790e+00  1.3163924270e+00
    1.8720000000e+01  1.5250965200e+00  1.6468909080e+00  1.6470834160e+00  1.2811544250e+00  1.2433014270e+00  1.3219873420e+00
    1.8730000000e+01  1.5187367630e+00  1.6369156410e+00  1.6352342670e+00  1.2802797970e+00  1.2476098460e+00  1.3268159160e+00
    1.8740000000e+01  1.5127589550e+00  1.6267994440e+00  1.6231813240e+00  1.2792138860e+00  1.2512571140e+00  1.3308339060e+00
    1.8750000000e+01  1.5071610330e+00  1.6166176900e+00  1.6110225470e+00  1.2779986540e+00  1.2542262700e+00  1.3340130990e+00
    1.8760000000e+01  1.5019366110e+00  1.6064490910e+00  1.5988616090e+00  1.2766741060e+00  1.2565147630e+00  1.3363443220e+00
    1.8770000000e+01  1.4970749880e+00  1.5963712980e+00  1.5868023300e+00  1.2752776970e+00  1.2581351690e+00  1.3378385810e+00
    1.8780000000e+01  1.4925614000e+00  1.5864564650e+00  1.5749430900e+00  1.2738434830e+00  1.2591140940e+00  1.3385260440e+00
    1.8790000000e+01  1.4883776790e+00  1.5767676530e+00  1.5633721850e+00  1.2724011960e+00  1.2594894260e+00  1.3384531230e+00
    1.8800000000e+01  1.4845033760e+00  1.5673567160e+00  1.5521648200e+00  1.2709755100e+00  1.2593065360e+00  1.3376783440e+00
    1.8810000000e+01  1.4809171920e+00  1.5582639240e+00  1.5413819360e+00  1.2695857370e+00  1.2586142370e+00  1.3362679120e+00
    1.8820000000e+01  1.4775984990e+00  1.5495191520e+00  1.5310706340e+00  1.2682460770e+00  1.2574613300e+00  1.3342918080e+00
    1.8830000000e+01  1.4745286780e+00  1.5411440590e+00  1.5212655630e+00  1.2669664170e+00  1.2558942880e+00  1.3318209050e+00
    1.8840000000e+01  1.4716920600e+00  1.5331545640e+00  1.5119906050e+00  1.2657535540e+00  1.2539562800e+00  1.3289251980e+00
    1.8850000000e+01  1.4690763400e+00  1.5255629650e+00  1.5032603070e+00  1.2646126150e+00  1.2516873340e+00  1.3256728880e+00
    1.8860000000e+01  1.4666724480e+00  1.5183792820e+00  1.4950808180e+00  1.2635484570e+00  1.2491251790e+00  1.3221298370e+00
    1.8870000000e+01  1.4644739640e+00  1.5116117770e+00  1.4874504240e+00  1.2625668230e+00  1.2463061990e+00  1.3183589690e+00
    1.8880000000e+01  1.4624762540e+00  1.5052668810e+00  1.4803600010e+00  1.2616751370e+00  1.2432660820e+00  1.3144193480e+00
    1.8890000000e+01  1.4606755090e+00  1.4993489350e+00  1.4737937670e+00  1.2608829110e+00  1.2400399760e+00  1.3103649980e+00
    1.8900000000e+01  1.4590678360e+00  1.4938601150e+00  1.4677306060e+00  1.2602018370e+00  1.2366622880e+00  1.3062437440e+00
    1.8910000000e+01  1.4576484430e+00  1.4888007330e+00  1.4621459360e+00  1.2596456790e+00  1.2331664370e+00  1.3020965140e+00
    1.8920000000e+01  1.4564108830e+00  1.4841697990e+00  1.4570138380e+00  1.2592300110e+00  1.2295849030e+00  1.2979574520e+00
    1.8930000000e+01  1.4553463480e+00  1.4799655570e+00  1.4523089470e+00  1.2589717920e+00  1.2259497520e+00  1.2938549430e+00
    1.8940000000e+01  1.4544430170e+00  1.4761855930e+00  1.4480076100e+00  1.2588887010e+00  1.2222935780e+00  1.2898133490e+00
    1.8950000000e+01  1.4536856150e+00  1.4728262870e+00  1.4440880270e+00  1.2589981960e+00  1.2186505310e+00  1.2858549660e+00
    1.8960000000e+01  1.4530553440e+00  1.4698815580e+00  1.4405293880e+00  1.2593163720e+00  1.2150569990e+00  1.2820016410e+00
    1.8970000000e+01  1.4525302930e+00  1.4673411900e+00  1.4373103460e+00  1.2598568090e+00  1.2115515550e+00  1.2782755830e+00
    1.8980000000e+01  1.4520863270e+00  1.4651891710e+00  1.4344073510e+00  1.2606296710e+00  1.2081739880e+00  1.2746991540e+00
    1.8990000000e+01  1.4516982690e+00  1.4634025450e+00  1.4317933830e+00  1.2616412700e+00  1.2049635220e+00  1.2712937660e+00
    1.9000000000e+01  1.4513411120e+00  1.4619511140e+00  1.4294374360e+00  1.2628941810e+00  1.2019565900e+00  1.2680782570e+00
    1.9010000000e+01  1.4509909930e+00  1.4607980890e+00  1.4273048460e+00  1.2643878320e+00  1.1991846160e+00  1.2650671760e+00
    1.9020000000e+01  1.4506257710e+00  1.4599015230e+00  1.4253583280e+00  1.2661193820e+00  1.1966722420e+00  1.2622693750e+00
    1.9030000000e+01  1.4502251360e+00  1.4592161970e+00  1.4235594540e+00  1.2680846660e+00  1.1944362280e+00  1.2596871100e+00
    1.9040000000e+01  1.4497703480e+00  1.4586956100e+00  1.4218702960e+00  1.2702789970e+00  1.1924850720e+00  1.2573157100e+00
    1.9050000000e+01  1.4492436990e+00  1.4582938010e+00  1.4202550430e+00  1.2726977430e+00  1.1908191990e+00  1.2551437330e+00
    1.9060000000e+01  1.4486278320e+00  1.4579668590e+00  1.4186814550e+00  1.2753366170e+00  1.1894315430e+00  1.2531535340e+00
    1.9070000000e+01  1.4479049870e+00  1.4576741260e+00  1.4171220950e+00  1.2781917000e+00  1.1883082960e+00  1.2513221090e+00
    1.9080000000e+01  1.4470562230e+00  1.4573791550e+00  1.4155553150e+00  1.2812591540e+00  1.1874297170e+00  1.2496221430e+00
    1.9090000000e+01  1.4460606990e+00  1.4570505510e+00  1.4139660280e+00  1.2845345940e+00  1.1867709380e+00  1.2480231570e+00
    1.9100000000e+01  1.4448951620e+00  1.4566627870e+00  1.4123463180e+00  1.2880120580e+00  1.1863028120e+00  1.2464927460e+00
    1.9110000000e+01  1.4435338550e+00  1.4561970510e+00  1.4106959220e+00  1.2916826250e+00  1.1859929320e+00  1.2449979250e+00
    1.9120000000e+01  1.4419490870e+00  1.4556420470e+00  1.4090225980e+00  1.2955328700e+00  1.1858069410e+00  1.2435066860e+00
    1.9130000000e+01  1.4401125490e+00  1.4549945780e+00  1.4073422180e+00  1.2995435030e+00  1.1857102370e+00  1.2419898490e+00
    1.9140000000e+01  1.4379972730e+00  1.4542596810e+00  1.4056784050e+00  1.3036885530e+00  1.1856700520e+00  1.2404231820e+00
    1.9150000000e+01  1.4355799510e+00  1.4534500620e+00  1.4040614640e+00  1.3079354070e+00  1.1856577010e+00  1.2387896590e+00
    1.9160000000e+01  1.4328431570e+00  1.4525847260e+00  1.4025264810e+00  1.3122457830e+00  1.1856507160e+00  1.2370815070e+00
    1.9170000000e+01  1.4297771190e+00  1.4516868400e+00  1.4011106310e+00  1.3165775010e+00  1.1856344700e+00  1.2353016840e+00
    1.9180000000e+01  1.4263807370e+00  1.4507810840e+00  1.3998499490e+00  1.3208867830e+00  1.1856029760e+00  1.2334644000e+00
    1.9190000000e+01  1.4226617820e+00  1.4498908690e+00  1.3987759920e+00  1.3251307360e+00  1.1855586790e+00  1.2315944940e+00
    1.9200000000e+01  1.4186362960e+00  1.4490358820e+00  1.3979128900e+00  1.3292697190e+00  1.1855112750e+00  1.2297256900e+00
    1.9210000000e+01  1.4143273340e+00  1.4482303150e+00  1.3972752030e+00  1.3332693710e+00  1.1854757920e+00  1.2278979810e+00
    1.9220000000e+01  1.4097631920e+00  1.4474820130e+00  1.3968668470e+00  1.3371021270e+00  1.1854703380e+00  1.2261545820e+00
    1.9230000000e+01  1.4049753300e+00  1.4467925180e+00  1.3966811110e+00  1.3407481140e+00  1.1855139340e+00  1.2245389270e+00
    1.9240000000e+01  1.3999962170e+00  1.4461578150e+00  1.3967015320e+00  1.3441953560e+00  1.1856248140e+00  1.2230921260e+00
    1.9250000000e+01  1.3948573530e+00  1.4455694140e+00  1.3969033070e+00  1.3474393550e+00  1.1858193780e+00  1.2218511100e+00
    1.9260000000e+01  1.3895876940e+00  1.4450153970e+00  1.3972548130e+00  1.3504822120e+00  1.1861117890e+00  1.2208474850e+00
    1.9270000000e+01  1.3842125310e+00  1.4444811300e+00  1.3977189750e+00  1.3533315700e+00  1.1865140110e+00  1.2201069290e+00
    1.9280000000e+01  1.3787527410e+00  1.4439495080e+00  1.3982542930e+00  1.3559996400e+00  1.1870359670e+00  1.2196488660e+00
    1.9290000000e+01  1.3732241110e+00  1.4434008050e+00  1.3988155810e+00  1.3585024160e+00  1.1876855050e+00  1.2194861360e+00
    1.9300000000e+01  1.3676364460e+00  1.4428123590e+00  1.3993545680e+00  1.3608589430e+00  1.1884679470e+00  1.2196244610e+00
    1.9310000000e+01  1.3619923640e+00  1.4421583970e+00  1.3998206080e+00  1.3630902740e+00  1.1893851720e+00  1.2200616540e+00
    1.9320000000e+01  1.3562859630e+00  1.4414102950e+00  1.4001617440e+00  1.3652176760e+00  1.1904343730e+00  1.2207866600e+00
    1.9330000000e+01  1.3505019020e+00  1.4405374200e+00  1.4003262670e+00  1.3672598650e+00  1.1916067400e+00  1.2217786500e+00
    1.9340000000e+01  1.3446155820e+00  1.4395085700e+00  1.4002647790e+00  1.3692294190e+00  1.1928863940e+00  1.2230064600e+00
    1.9350000000e+01  1.3385949340e+00  1.4382938360e+00  1.3999325820e+00  1.3711289700e+00  1.1942498120e+00  1.2244286240e+00
    1.9360000000e+01  1.3324039490e+00  1.4368666430e+00  1.3992921550e+00  1.3729480440e+00  1.1956658640e+00  1.2259941090e+00
    1.9370000000e+01  1.3260075500e+00  1.4352057410e+00  1.3983154210e+00  1.3746614040e+00  1.1970964590e+00  1.2276437380e+00
    1.9380000000e+01  1.3193770200e+00  1.4332969820e+00  1.3969856520e+00  1.3762294210e+00  1.1984976820e+00  1.2293121600e+00
    1.9390000000e+01  1.3124950470e+00  1.4311348040e+00  1.3952989020e+00  1.3776005530e+00  1.1998213600e+00  1.2309302220e+00
    1.9400000000e+01  1.3053595600e+00  1.4287233800e+00  1.3932649840e+00  1.3787155770e+00  1.2010169810e+00  1.2324276760e+00
    1.9410000000e+01  1.2979858040e+00  1.4260773300e+00  1.3909078810e+00  1.3795129300e+00  1.2020339560e+00  1.2337361780e+00
    1.9420000000e+01  1.2904064260e+00  1.4232218500e+00  1.3882654850e+00  1.3799344030e+00  1.2028241580e+00  1.2347925410e+00
    1.9430000000e+01  1.2826696300e+00  1.4201920950e+00  1.3853884250e+00  1.3799304730e+00  1.2033445430e+00  1.2355420640e+00
    1.9440000000e+01  1.2748357200e+00  1.4170317580e+00  1.3823379090e+00  1.3794646470e+00  1.2035595760e+00  1.2359415950e+00
    1.9450000000e+01  1.2669724730e+00  1.4137909420e+00  1.3791826250e+00  1.3785163540e+00  1.2034431190e+00  1.2359619100e+00
    1.9460000000e+01  1.2591499470e+00  1.4105235990e+00  1.3759950390e+00  1.3770821380e+00  1.2029795490e+00  1.2355890620e+00
    1.9470000000e+01  1.2514353120e+00  1.4072848900e+00  1.3728475230e+00  1.3751750860e+00  1.2021640410e+00  1.2348245500e+00
    1.9480000000e+01  1.2438883120e+00  1.4041287690e+00  1.3698087790e+00  1.3728226570e+00  1.2010021260e+00  1.2336844080e+00
    1.9490000000e+01  1.2365578420e+00  1.4011059700e+00  1.3669408230e+00  1.3700632540e+00  1.1995087770e+00  1.2321974880e+00
    1.9500000000e+01  1.2294799620e+00  1.3982623870e+00  1.3642966340e+00  1.3669420400e+00  1.1977072230e+00  1.2304032390e+00
    1.9510000000e+01  1.2226775090e+00  1.3956377750e+00  1.3619184390e+00  1.3635065810e+00  1.1956276260e+00  1.2283491780e+00
    1.9520000000e+01  1.2161611650e+00  1.3932646720e+00  1.3598365710e+00  1.3598029240e+00  1.1933056180e+00  1.2260881560e+00
    1.9530000000e+01  1.2099316540e+00  1.3911675790e+00  1.3580689370e+00  1.3558726080e+00  1.1907806470e+00  1.2236754720e+00
    1.9540000000e+01  1.2039825290e+00  1.3893624450e+00  1.3566211670e+00  1.3517509010e+00  1.1880941210e+00  1.2211659140e+00
    1.9550000000e+01  1.1983029500e+00  1.3878566200e+00  1.3554875150e+00  1.3474662930e+00  1.1852873970e+00  1.2186109350e+00
    1.9560000000e+01  1.1928799550e+00  1.3866493260e+00  1.3546524770e+00  1.3430409940e+00  1.1823997840e+00  1.2160561940e+00
    1.9570000000e+01  1.1876998700e+00  1.3857326690e+00  1.3540929520e+00  1.3384919670e+00  1.1794667090e+00  1.2135396990e+00
    1.9580000000e+01  1.1827488640e+00  1.3850931030e+00  1.3537807400e+00  1.3338319590e+00  1.1765182340e+00  1.2110906430e+00
    1.9590000000e+01  1.1780128890e+00  1.3847132700e+00  1.3536851290e+00  1.3290700620e+00  1.1735780110e+00  1.2087289470e+00
    1.9600000000e+01  1.1734774880e+00  1.3845740840e+00  1.3537754660e+00  1.3242115920e+00  1.1706628050e+00  1.2064654730e+00
    1.9610000000e+01  1.1691279850e+00  1.3846569170e+00  1.3540235630e+00  1.3192573630e+00  1.1677826680e+00  1.2043028830e+00
    1.9620000000e+01  1.1649504080e+00  1.3849456640e+00  1.3544058140e+00  1.3142027420e+00  1.1649418600e+00  1.2022371890e+00
    1.9630000000e+01  1.1609332510e+00  1.3854283760e+00  1.3549047490e+00  1.3090370090e+00  1.1621405050e+00  1.2002599720e+00
    1.9640000000e+01  1.1570698190e+00  1.3860981200e+00  1.3555097150e+00  1.3037435270e+00  1.1593767760e+00  1.1983610950e+00
    1.9650000000e+01  1.1533607110e+00  1.3869528340e+00  1.3562164170e+00  1.2983010020e+00  1.1566492460e+00  1.1965315380e+00
    1.9660000000e+01  1.1498158620e+00  1.3879941930e+00  1.3570252870e+00  1.2926858770e+00  1.1539588960e+00  1.1947657920e+00
    1.9670000000e+01  1.1464556660e+00  1.3892257240e+00  1.3579389730e+00  1.2868756060e+00  1.1513103280e+00  1.1930632770e+00
    1.9680000000e+01  1.1433108090e+00  1.3906507030e+00  1.3589594900e+00  1.2808523580e+00  1.1487119330e+00  1.1914284510e+00
    1.9690000000e+01  1.1404207330e+00  1.3922703270e+00  1.3600857280e+00  1.2746066200e+00  1.1461750840e+00  1.1898696040e+00
    1.9700000000e+01  1.1378308220e+00  1.3940826090e+00  1.3613118340e+00  1.2681401660e+00  1.1437126500e+00  1.1883966930e+00
    1.9710000000e+01  1.1355886290e+00  1.3960821360e+00  1.3626268050e+00  1.2614679580e+00  1.1413373110e+00  1.1870187600e+00
    1.9720000000e+01  1.1337395630e+00  1.3982606170e+00  1.3640152380e+00  1.2546186910e+00  1.1390600820e+00  1.1857415130e+00
    1.9730000000e+01  1.1323225350e+00  1.4006079580e+00  1.3654590180e+00  1.2476338730e+00  1.1368893420e+00  1.1845655170e+00
    1.9740000000e+01  1.1313660570e+00  1.4031135820e+00  1.3669395570e+00  1.2405654640e+00  1.1348304930e+00  1.1834852550e+00
    1.9750000000e+01  1.1308852810e+00  1.4057676930e+00  1.3684402240e+00  1.2334723020e+00  1.1328862240e+00  1.1824891930e+00
    1.9760000000e+01  1.1308803820e+00  1.4085622640e+00  1.3699485360e+00  1.2264156720e+00  1.1310573210e+00  1.1815608140e+00
    1.9770000000e+01  1.1313365260e+00  1.4114915430e+00  1.3714577600e+00  1.2194545530e+00  1.1293438550e+00  1.1806804900e+00
    1.9780000000e+01  1.1322254810e+00  1.4145519060e+00  1.3729675640e+00  1.2126411630e+00  1.1277465140e+00  1.1798278730e+00
    1.9790000000e+01  1.1335086150e+00  1.4177410170e+00  1.3744835540e+00  1.2060174130e+00  1.1262677700e+00  1.1789843220e+00
    1.9800000000e+01  1.1351408000e+00  1.4210563990e+00  1.3760157730e+00  1.1996127030e+00  1.1249124890e+00  1.1781348250e+00
    1.9810000000e+01  1.1370745950e+00  1.4244937500e+00  1.3775765470e+00  1.1934432640e+00  1.1236877300e+00  1.1772689470e+00
    1.9820000000e+01  1.1392640670e+00  1.4280454470e+00  1.3791782340e+00  1.1875129050e+00  1.1226016500e+00  1.1763806320e+00
    1.9830000000e+01  1.1416677970e+00  1.4316996710e+00  1.3808314620e+00  1.1818147790e+00  1.1216616720e+00  1.1754669830e+00
    1.9840000000e+01  1.1442508890e+00  1.4354404510e+00  1.3825442470e+00  1.1763336370e+00  1.1208723020e+00  1.1745264340e+00
    1.9850000000e+01  1.1469860670e+00  1.4392486910e+00  1.3843220920e+00  1.1710481040e+00  1.1202330190e+00  1.1735567900e+00
    1.9860000000e+01  1.1498541750e+00  1.4431040650e+00  1.3861689690e+00  1.1659326690e+00  1.1197366560e+00  1.1725535770e+00
    1.9870000000e+01  1.1528444290e+00  1.4469875090e+00  1.3880889310e+00  1.1609593490e+00  1.1193685470e+00  1.1715089720e+00
    1.9880000000e+01  1.1559546640e+00  1.4508840090e+00  1.3900880800e+00  1.1560991980e+00  1.1191066100e+00  1.1704114510e+00
    1.9890000000e+01  1.1591916060e+00  1.4547853430e+00  1.3921766530e+00  1.1513239120e+00  1.1189223940e+00  1.1692462220e+00
    1.9900000000e+01  1.1625710360e+00  1.4586924880e+00  1.3943709910e+00  1.1466077430e+00  1.1187830830e+00  1.1679964530e+00
    1.9910000000e+01  1.1661175410e+00  1.4626173740e+00  1.3966951260e+00  1.1419297470e+00  1.1186542950e+00  1.1666452960e+00
    1.9920000000e+01  1.1698636260e+00  1.4665837330e+00  1.3991817090e+00  1.1372762220e+00  1.1185035030e+00  1.1651786110e+00
    1.9930000000e+01  1.1738480270e+00  1.4706268330e+00  1.4018719470e+00  1.1326430720e+00  1.1183037390e+00  1.1635881830e+00
    1.9940000000e+01  1.1781132290e+00  1.4747920020e+00  1.4048143290e+00  1.1280377490e+00  1.1180372340e+00  1.1618750460e+00
    1.9950000000e+01  1.1827023290e+00  1.4791319760e+00  1.4080620620e+00  1.1234804960e+00  1.1176985550e+00  1.1600524290e+00
    1.9960000000e+01  1.1876554980e+00  1.4837032570e+00  1.4116693800e+00  1.1190046320e+00  1.1172968310e+00  1.1581477690e+00
    1.9970000000e+01  1.1930063860e+00  1.4885618480e+00  1.4156871380e+00  1.1146557760e+00  1.1168567620e+00  1.1562033620e+00
    1.9980000000e+01  1.1987788300e+00  1.4937588020e+00  1.4201582780e+00  1.1104899960e+00  1.1164182200e+00  1.1542754000e+00
    1.9990000000e+01  1.2049842400e+00  1.4993361230e+00  1.4251138240e+00  1.1065710690e+00  1.1160344700e+00  1.1524314610e+00
    2.0000000000e+01  1.2116198880e+00  1.5053234480e+00  1.4305699700e+00  1.1029671300e+00  1.1157692280e+00  1.1507467730e+00
